"gene_id","ensembl_gene_id","gene_symbol","gene_type","baseMean","log2FoldChange","lfcSE","stat","pvalue","padj","status"
"ENSG00000162344.6","ENSG00000162344","FGF19","protein_coding",107.949502929142,-2.91878447567235,0.179483537069799,-16.2621292366066,1.83257154560865e-59,3.79394669128008e-56,"Downregulated"
"ENSG00000078814.21","ENSG00000078814","MYH7B","protein_coding",150.349456442348,-2.469987440255,0.15989970568146,-15.4471043566242,7.89095954352359e-54,7.62371904698293e-51,"Downregulated"
"ENSG00000144354.17","ENSG00000144354","CDCA7","protein_coding",515.671840674109,-1.8954411938444,0.125618470427626,-15.0888733750061,1.91687429832175e-51,1.32282582529899e-48,"Downregulated"
"ENSG00000214039.11","ENSG00000214039","LINC02418","lncRNA",201.213160343503,-2.10322768177799,0.144079784306882,-14.5976598444806,2.90651979583905e-48,1.27640257216059e-45,"Downregulated"
"ENSG00000131711.16","ENSG00000131711","MAP1B","protein_coding",214.339237548561,-2.31870994226571,0.159191720441641,-14.5655184568204,4.65439954699575e-48,1.98386935985478e-45,"Downregulated"
"ENSG00000167703.17","ENSG00000167703","SLC43A2","protein_coding",283.109405488365,-1.64156645139156,0.113335556365276,-14.4841257592706,1.52652525205362e-47,6.32068684364602e-45,"Downregulated"
"ENSG00000101188.6","ENSG00000101188","NTSR1","protein_coding",54.0863827139123,-2.84666504186853,0.197533008970388,-14.411085300155,4.40729907986331e-47,1.59676445663448e-44,"Downregulated"
"ENSG00000198830.15","ENSG00000198830","HMGN2","protein_coding",634.490818518037,-1.4570878401068,0.103897566373146,-14.0242730505708,1.10741059290963e-44,3.4888248505318e-42,"Downregulated"
"ENSG00000198860.16","ENSG00000198860","TSEN15","protein_coding",582.055096667541,-1.2423830529259,0.0938101904592717,-13.2435830994852,4.91469718876318e-40,1.16760314195994e-37,"Downregulated"
"ENSG00000102317.20","ENSG00000102317","RBM3","protein_coding",554.014980794727,-1.43554364216086,0.10991037937046,-13.0610380055397,5.49730691493574e-39,1.22564572017306e-36,"Downregulated"
"ENSG00000110400.12","ENSG00000110400","NECTIN1","protein_coding",584.26707154856,-1.3111347628692,0.102560059102494,-12.7840679338816,2.01261136872948e-37,4.10799492332784e-35,"Downregulated"
"ENSG00000176771.19","ENSG00000176771","NCKAP5","protein_coding",202.391427326555,-1.15350097388768,0.0931941378739077,-12.377398409419,3.46389934332998e-35,5.9760511051831e-33,"Downregulated"
"ENSG00000187498.19","ENSG00000187498","COL4A1","protein_coding",123.192992380765,-1.7773103753148,0.144340956296621,-12.3132783716801,7.68373954940094e-35,1.27991670747033e-32,"Downregulated"
"ENSG00000164649.22","ENSG00000164649","CDCA7L","protein_coding",365.640683238254,-1.15637380117478,0.0951685029980905,-12.1508037296539,5.6804402861594e-34,8.85171404591635e-32,"Downregulated"
"ENSG00000112759.21","ENSG00000112759","SLC29A1","protein_coding",1094.86365083351,-1.09002853483277,0.0901443695324669,-12.0920312659148,1.16373425138296e-33,1.77524597589915e-31,"Downregulated"
"ENSG00000096060.17","ENSG00000096060","FKBP5","protein_coding",321.28217522748,-1.13923773921595,0.0948295247008186,-12.0135342111034,3.01671362019855e-33,4.50703234885747e-31,"Downregulated"
"ENSG00000099622.16","ENSG00000099622","CIRBP","protein_coding",649.001114564199,-1.10716323702322,0.0959903577729483,-11.5341088699977,8.88019647969305e-31,1.02953445906969e-28,"Downregulated"
"ENSG00000241186.12","ENSG00000241186","CRIPTO","protein_coding",484.652539589269,-1.63159605481092,0.141643445425474,-11.5190367610014,1.0578694866436e-30,1.20218493679928e-28,"Downregulated"
"ENSG00000106028.13","ENSG00000106028","SSBP1","protein_coding",549.464221526951,-1.05443868775934,0.0938397251751241,-11.2365918143041,2.69590479420056e-29,2.71312863038573e-27,"Downregulated"
"ENSG00000153132.15","ENSG00000153132","CLGN","protein_coding",71.1114063798095,-2.78553086498797,0.24819408301977,-11.2231961016012,3.1372322596468e-29,3.13550137288286e-27,"Downregulated"
"ENSG00000261824.9","ENSG00000261824","LINC00662","lncRNA",335.946719448129,-1.16800683579947,0.104755174838772,-11.1498724296641,7.17091018235834e-29,6.88217419620775e-27,"Downregulated"
"ENSG00000102710.23","ENSG00000102710","SUPT20H","protein_coding",487.405646024903,-1.10935872570846,0.0998193946299338,-11.1136591222702,1.07655723154915e-28,1.00654628384582e-26,"Downregulated"
"ENSG00000163808.19","ENSG00000163808","KIF15","protein_coding",208.24828348449,-1.09827009150124,0.0990248412659839,-11.0908543498823,1.38954263491593e-28,1.2664938280001e-26,"Downregulated"
"ENSG00000115425.16","ENSG00000115425","PECR","protein_coding",295.34945864863,-1.63322422342614,0.150175188103722,-10.8754598149604,1.50893039840358e-27,1.25674823756693e-25,"Downregulated"
"ENSG00000170961.8","ENSG00000170961","HAS2","protein_coding",79.5235376209798,-2.12970528226323,0.196887516720867,-10.8168629364277,2.86413572903423e-27,2.31882988743934e-25,"Downregulated"
"ENSG00000163328.16","ENSG00000163328","GPR155","protein_coding",155.501493184079,-1.54747313178211,0.144239674749167,-10.7284846175171,7.48129392469166e-27,5.73645034691172e-25,"Downregulated"
"ENSG00000106541.14","ENSG00000106541","AGR2","protein_coding",1291.7001126553,-1.69877764481752,0.162025134805793,-10.4846550311697,1.01615809277631e-25,7.21870739240897e-24,"Downregulated"
"ENSG00000135046.17","ENSG00000135046","ANXA1","protein_coding",3076.78950555687,-1.4373208370208,0.137184981004863,-10.4772463172907,1.09897052894441e-25,7.73120432303996e-24,"Downregulated"
"ENSG00000078081.10","ENSG00000078081","LAMP3","protein_coding",649.769884236458,-1.96111286460961,0.188778207937049,-10.3884494192443,2.79865810857673e-25,1.92218736063952e-23,"Downregulated"
"ENSG00000244405.10","ENSG00000244405","ETV5","protein_coding",356.383893561111,-1.25316345196687,0.121915762366968,-10.2789288902188,8.76967586621374e-25,5.69910953601657e-23,"Downregulated"
"ENSG00000055732.15","ENSG00000055732","MCOLN3","protein_coding",95.6276626211968,-2.15207192698564,0.210853147506874,-10.206496570868,1.85439966851567e-24,1.18387488969731e-22,"Downregulated"
"ENSG00000139292.15","ENSG00000139292","LGR5","protein_coding",132.739204692498,-1.7615393025107,0.172702043874399,-10.1998752475206,1.98527341890836e-24,1.25089488638348e-22,"Downregulated"
"ENSG00000198677.15","ENSG00000198677","SKIC3","protein_coding",954.36221392307,-1.0005154749537,0.0985894683839899,-10.1482997256549,3.37186601715304e-24,2.05315471935218e-22,"Downregulated"
"ENSG00000101361.19","ENSG00000101361","NOP56","protein_coding",853.815566927126,-1.10513996471249,0.110360260136566,-10.0139304070589,1.32386105305521e-23,7.70497766300245e-22,"Downregulated"
"ENSG00000075643.8","ENSG00000075643","MOCOS","protein_coding",493.178046369918,-1.0950991168714,0.109959985231638,-9.95906933385359,2.30207553965878e-23,1.29811979458113e-21,"Downregulated"
"ENSG00000115758.16","ENSG00000115758","ODC1","protein_coding",3306.81859517127,-1.11502282028263,0.112369560622314,-9.92281908114191,3.31265209751323e-23,1.83232649607488e-21,"Downregulated"
"ENSG00000101003.13","ENSG00000101003","GINS1","protein_coding",301.592565496538,-1.10120870416758,0.112736802075629,-9.76796116168735,1.54530445295439e-22,7.96959150612633e-21,"Downregulated"
"ENSG00000174951.13","ENSG00000174951","FUT1","protein_coding",203.526916870389,-1.27243851193611,0.132287139703864,-9.61876199594741,6.66282209307208e-22,3.21858725909335e-20,"Downregulated"
"ENSG00000165512.7","ENSG00000165512","ZNF22","protein_coding",75.5432333867857,-1.58926228473483,0.166028554475993,-9.57222262008329,1.04631697006841e-21,4.92312517215303e-20,"Downregulated"
"ENSG00000130675.16","ENSG00000130675","MNX1","protein_coding",128.901339585893,-1.44630025776527,0.151139646471925,-9.56929761003456,1.07634409758585e-21,5.03173505232714e-20,"Downregulated"
"ENSG00000187866.10","ENSG00000187866","PABIR1","protein_coding",260.809948834838,-1.02358753731376,0.107062936491228,-9.5606151938269,1.1705878161728e-21,5.43723033076162e-20,"Downregulated"
"ENSG00000196843.20","ENSG00000196843","ARID5A","protein_coding",306.755919428667,-1.52913117641109,0.160122336428945,-9.54976807429767,1.299869580781e-21,5.99927068938796e-20,"Downregulated"
"ENSG00000106701.15","ENSG00000106701","FSD1L","protein_coding",98.4444163965547,-1.76411094926631,0.186754230676025,-9.4461632428913,3.51478319672608e-21,1.53422403876369e-19,"Downregulated"
"ENSG00000107281.12","ENSG00000107281","NPDC1","protein_coding",263.607511332301,-1.12542742027628,0.119159172816336,-9.4447401209384,3.56287334427694e-21,1.55054536051836e-19,"Downregulated"
"ENSG00000085982.18","ENSG00000085982","USP40","protein_coding",433.851164661783,-1.46733759121862,0.156539283167487,-9.37360617429598,7.0095757915761e-21,2.96159686214346e-19,"Downregulated"
"ENSG00000182580.5","ENSG00000182580","EPHB3","protein_coding",388.816134243131,-1.1544242472052,0.123709055160628,-9.33176836332845,1.04119024626519e-20,4.25040254897892e-19,"Downregulated"
"ENSG00000169136.15","ENSG00000169136","ATF5","protein_coding",156.044287751976,-1.0364625972484,0.111563778140749,-9.29031460319315,1.53832949020369e-20,6.22722652850053e-19,"Downregulated"
"ENSG00000116990.13","ENSG00000116990","MYCL","protein_coding",283.524920383168,-1.10541779017603,0.119330567062323,-9.26349230871171,1.97852699608904e-20,7.92066663738188e-19,"Downregulated"
"ENSG00000183044.14","ENSG00000183044","ABAT","protein_coding",150.927449997119,-1.52563955482749,0.164739862432677,-9.26090098837471,2.02714327249263e-20,8.09293672313034e-19,"Downregulated"
"ENSG00000143748.20","ENSG00000143748","NVL","protein_coding",200.719782395561,-1.09339920570163,0.118958925445651,-9.19140116309457,3.87757117997106e-20,1.50653516193406e-18,"Downregulated"
"ENSG00000160180.19","ENSG00000160180","TFF3","protein_coding",210.779349532233,-1.40668007642515,0.153506656236905,-9.16364222183457,5.01746101369722e-20,1.9287279843634e-18,"Downregulated"
"ENSG00000187189.11","ENSG00000187189","TSPYL4","protein_coding",175.442781611607,-1.17101036536632,0.127881266236195,-9.15701259325565,5.33538490404864e-20,2.04011604299401e-18,"Downregulated"
"ENSG00000140105.20","ENSG00000140105","WARS1","protein_coding",1548.27028680232,-1.32244797218661,0.144620543650073,-9.14426082774544,6.00390377120672e-20,2.27865591091685e-18,"Downregulated"
"ENSG00000164199.19","ENSG00000164199","ADGRV1","protein_coding",74.6768031551388,-1.77000566373107,0.196104765135107,-9.02581669808795,1.78359933799317e-19,6.54377762182204e-18,"Downregulated"
"ENSG00000136527.21","ENSG00000136527","TRA2B","protein_coding",1231.339554284,-1.10573854431943,0.124471552657432,-8.88346389767166,6.48100187453006e-19,2.20994539213387e-17,"Downregulated"
"ENSG00000113657.15","ENSG00000113657","DPYSL3","protein_coding",80.0193086787273,-1.51925812974851,0.171196051958287,-8.87437597053164,7.03266109271982e-19,2.39242545905389e-17,"Downregulated"
"ENSG00000157303.13","ENSG00000157303","SUSD3","protein_coding",57.9615613142739,-1.46978040492378,0.165752948165959,-8.86729570234957,7.49437029244359e-19,2.54352258262512e-17,"Downregulated"
"ENSG00000276234.7","ENSG00000276234","TADA2A","protein_coding",122.897355441431,-1.27651571712658,0.144659140641738,-8.82430043109405,1.10146165834572e-18,3.62781417107866e-17,"Downregulated"
"ENSG00000012048.28","ENSG00000012048","BRCA1","protein_coding",554.067782711734,-1.14839643705041,0.130504964080098,-8.7996379689096,1.37258228324546e-18,4.46999156152655e-17,"Downregulated"
"ENSG00000170006.15","ENSG00000170006","TMEM154","protein_coding",134.878888780426,-1.90647724027014,0.218758749881016,-8.7149759326522,2.9082043804082e-18,9.00549100018709e-17,"Downregulated"
"ENSG00000128917.10","ENSG00000128917","DLL4","protein_coding",126.076135429771,-1.22268790216516,0.140619318363526,-8.69502082924548,3.4676616750799e-18,1.05796532621596e-16,"Downregulated"
"ENSG00000139410.17","ENSG00000139410","SDSL","protein_coding",55.1802919625884,-1.6432881173224,0.189311846271926,-8.68032376041591,3.94643805480823e-18,1.20150798929161e-16,"Downregulated"
"ENSG00000088305.21","ENSG00000088305","DNMT3B","protein_coding",52.1006256369684,-1.61727879619027,0.186953187274853,-8.6507152927679,5.11776340767192e-18,1.53872670755148e-16,"Downregulated"
"ENSG00000100889.14","ENSG00000100889","PCK2","protein_coding",1070.99980933036,-1.03470669805122,0.120765679070801,-8.56788705212024,1.05401100789098e-17,3.1109424697263e-16,"Downregulated"
"ENSG00000198131.17","ENSG00000198131","ZNF544","protein_coding",151.355455143301,-1.10017308536778,0.128443128574437,-8.56544914140881,1.0765537559654e-17,3.17101972183954e-16,"Downregulated"
"ENSG00000106804.12","ENSG00000106804","C5","protein_coding",149.955928594673,-1.51949027745352,0.177498286722205,-8.56059123450366,1.12290168649928e-17,3.29414802444283e-16,"Downregulated"
"ENSG00000166004.16","ENSG00000166004","CEP295","protein_coding",189.473936035696,-1.09053610214305,0.127724578372942,-8.53818517966689,1.36346290996523e-17,3.95978045916156e-16,"Downregulated"
"ENSG00000147251.18","ENSG00000147251","DOCK11","protein_coding",137.39169705557,-1.8075667552572,0.211755275183257,-8.5361120458175,1.3881375570385e-17,4.02337789532039e-16,"Downregulated"
"ENSG00000156076.12","ENSG00000156076","WIF1","protein_coding",50.1509425701829,-1.73800556414492,0.205026309498883,-8.47698799433537,2.31098784165453e-17,6.51572680958317e-16,"Downregulated"
"ENSG00000168306.15","ENSG00000168306","ACOX2","protein_coding",111.168049816243,-1.89699604128783,0.226004696178111,-8.39361337780715,4.71424614691701e-17,1.31130240232478e-15,"Downregulated"
"ENSG00000157399.19","ENSG00000157399","ARSL","protein_coding",288.074151556258,-1.09224614294048,0.130258177189972,-8.38524050085178,5.0622150967535e-17,1.40003093859068e-15,"Downregulated"
"ENSG00000142765.20","ENSG00000142765","SYTL1","protein_coding",136.398063293263,-1.09893915942143,0.132297790005063,-8.30655719479043,9.85187522620902e-17,2.69383727883436e-15,"Downregulated"
"ENSG00000133134.14","ENSG00000133134","BEX2","protein_coding",52.2593989873013,-2.68611353252894,0.329576739137418,-8.15019148365614,3.63348474477646e-16,9.31972759669035e-15,"Downregulated"
"ENSG00000135842.19","ENSG00000135842","NIBAN1","protein_coding",245.611900733513,-2.49612713354824,0.308363042005714,-8.09476750946695,5.73738252615793e-16,1.43603018254025e-14,"Downregulated"
"ENSG00000162490.9","ENSG00000162490","DRAXIN","protein_coding",17.4430127501082,-2.59256298149992,0.323040333533569,-8.02550862036709,1.01106155768553e-15,2.46671786093919e-14,"Downregulated"
"ENSG00000186141.12","ENSG00000186141","POLR3C","protein_coding",326.824953060943,-1.15533914824972,0.143976971759815,-8.02447178967673,1.01963717202865e-15,2.48345914235954e-14,"Downregulated"
"ENSG00000254166.5","ENSG00000254166","CASC19","lncRNA",364.054009768,-1.08665756297954,0.13659718567983,-7.95519730198953,1.78846266454816e-15,4.22123793723648e-14,"Downregulated"
"ENSG00000132434.12","ENSG00000132434","LANCL2","protein_coding",112.151821761816,-1.18224109177751,0.149729988215666,-7.8958203755059,2.88411807913954e-15,6.61339227893833e-14,"Downregulated"
"ENSG00000011143.21","ENSG00000011143","MKS1","protein_coding",85.221339689252,-1.32374683132898,0.167955002687492,-7.88155642968272,3.23328035867419e-15,7.35583971081732e-14,"Downregulated"
"ENSG00000256537.6","ENSG00000256537","SMIM10L1","protein_coding",219.547328511768,-1.00456315517522,0.127539124312075,-7.8765097423529,3.36652684953028e-15,7.62307923490514e-14,"Downregulated"
"ENSG00000110274.18","ENSG00000110274","CEP164","protein_coding",199.504413831197,-1.19356474310152,0.152836737816913,-7.80940996353453,5.74563256277109e-15,1.26929431554388e-13,"Downregulated"
"ENSG00000271122.2","ENSG00000271122","HERPUD2-AS1","lncRNA",36.9649704226832,-1.71225087323969,0.220271689659722,-7.77335878198778,7.64318556039145e-15,1.67318799306938e-13,"Downregulated"
"ENSG00000096872.19","ENSG00000096872","IFT74","protein_coding",87.3933285903674,-1.10463491082522,0.142451514889778,-7.75446236342188,8.87185307514065e-15,1.92759962166324e-13,"Downregulated"
"ENSG00000006757.14","ENSG00000006757","PNPLA4","protein_coding",139.520559097328,-1.11040934976016,0.144296986625567,-7.6953051877759,1.41156846302414e-14,2.98198982013787e-13,"Downregulated"
"ENSG00000135749.22","ENSG00000135749","PCNX2","protein_coding",82.3686709822808,-1.2161373426752,0.158305359211531,-7.6822247126212,1.5634926577531e-14,3.28378776755913e-13,"Downregulated"
"ENSG00000146243.15","ENSG00000146243","IRAK1BP1","protein_coding",120.304243176374,-1.46282382399235,0.190692428728106,-7.67111643471736,1.70505678595417e-14,3.5604730464046e-13,"Downregulated"
"ENSG00000106462.14","ENSG00000106462","EZH2","protein_coding",349.58361217742,-1.54463000652472,0.201550136945801,-7.66375071697466,1.80580235915677e-14,3.74923893823781e-13,"Downregulated"
"ENSG00000100867.17","ENSG00000100867","DHRS2","protein_coding",44.714549491138,-2.25463396877298,0.295229806721366,-7.63687784038985,2.22552472331809e-14,4.56831505528694e-13,"Downregulated"
"ENSG00000136936.13","ENSG00000136936","XPA","protein_coding",101.606036581657,-1.16102342297917,0.153161678322636,-7.58037804034418,3.44549517793019e-14,6.8871884301468e-13,"Downregulated"
"ENSG00000177788.7","ENSG00000177788","RAB4A-AS1","lncRNA",118.646824953033,-1.14158083335583,0.152158921493097,-7.50255602598771,6.25852496807e-14,1.20609765741051e-12,"Downregulated"
"ENSG00000120860.13","ENSG00000120860","WASHC3","protein_coding",163.723774163135,-1.26370568946327,0.168794480812445,-7.48665290109471,7.06522253171606e-14,1.35435456256123e-12,"Downregulated"
"ENSG00000167552.18","ENSG00000167552","TUBA1A","protein_coding",38.4450922262016,-1.54171285409302,0.206095027915943,-7.48059217965129,7.3988449311155e-14,1.41643409170047e-12,"Downregulated"
"ENSG00000132780.19","ENSG00000132780","NASP","protein_coding",533.044410500274,-1.0048134296551,0.134354590628425,-7.47881724736927,7.49944753414443e-14,1.43379938871796e-12,"Downregulated"
"ENSG00000169247.16","ENSG00000169247","SH3TC2","protein_coding",286.528252677201,-1.03346618537138,0.138395823799664,-7.46746655352395,8.17534967888592e-14,1.54872114439758e-12,"Downregulated"
"ENSG00000035499.15","ENSG00000035499","DEPDC1B","protein_coding",174.090233804459,-1.04520072572266,0.140088996055603,-7.46097663022585,8.58834848210271e-14,1.62060346618011e-12,"Downregulated"
"ENSG00000174371.19","ENSG00000174371","EXO1","protein_coding",141.604501608992,-1.10332279709577,0.148403407894552,-7.43461900739997,1.04869777605082e-13,1.95343549749723e-12,"Downregulated"
"ENSG00000176438.15","ENSG00000176438","SYNE3","protein_coding",248.56909951578,-1.08741170230772,0.146873311088954,-7.40373927873884,1.32402256542482e-13,2.45681626352579e-12,"Downregulated"
"ENSG00000176623.14","ENSG00000176623","RMDN1","protein_coding",227.041866720571,-1.02837151695944,0.13927346408047,-7.38382953098129,1.53800343798292e-13,2.8142355837435e-12,"Downregulated"
"ENSG00000196584.5","ENSG00000196584","XRCC2","protein_coding",102.989718208099,-1.05863669130328,0.143393934749331,-7.38271596461804,1.55092667734682e-13,2.83430383456622e-12,"Downregulated"
"ENSG00000150556.19","ENSG00000150556","LYPD6B","protein_coding",109.130856495514,-1.18613275385186,0.160678108419652,-7.38204330084573,1.55878475241736e-13,2.83884907745334e-12,"Downregulated"
"ENSG00000133111.5","ENSG00000133111","RFXAP","protein_coding",68.6179205608351,-1.37671417848077,0.186994196447984,-7.3623363967006,1.80718849806794e-13,3.26963492059932e-12,"Downregulated"
"ENSG00000186472.22","ENSG00000186472","PCLO","protein_coding",40.2093986397825,-1.50940542794873,0.205873252982233,-7.33172185353768,2.27214298245569e-13,4.06517235824048e-12,"Downregulated"
"ENSG00000132837.17","ENSG00000132837","DMGDH","protein_coding",54.031922303546,-2.07437198500892,0.284357869640539,-7.29493432916476,2.98804787588252e-13,5.27439583645427e-12,"Downregulated"
"ENSG00000197557.7","ENSG00000197557","IFT70A","protein_coding",51.9956273639534,-1.82914678138867,0.2509433259456,-7.28908320034461,3.12071298423497e-13,5.50187014203566e-12,"Downregulated"
"ENSG00000118418.18","ENSG00000118418","HMGN3","protein_coding",101.891727887293,-1.2667781043588,0.174127969432807,-7.27498349911917,3.46462798558544e-13,6.05662108167722e-12,"Downregulated"
"ENSG00000275202.1","ENSG00000275202","ENSG00000275202","lncRNA",40.9752329392746,-1.50383499485845,0.208146640746844,-7.22488236880786,5.01535773831061e-13,8.49095377845763e-12,"Downregulated"
"ENSG00000147852.19","ENSG00000147852","VLDLR","protein_coding",65.5621676564703,-1.20709448632027,0.167234818558083,-7.21796152695933,5.27726405672056e-13,8.90315607799701e-12,"Downregulated"
"ENSG00000005189.22","ENSG00000005189","REXO5","protein_coding",61.2434211979215,-1.20115199900968,0.166690080150425,-7.20589970276413,5.7661835847016e-13,9.68291222589752e-12,"Downregulated"
"ENSG00000101935.14","ENSG00000101935","AMMECR1","protein_coding",217.523438427196,-1.00924587103725,0.140671488831538,-7.17448773323133,7.25784292674521e-13,1.19659453577237e-11,"Downregulated"
"ENSG00000115392.15","ENSG00000115392","FANCL","protein_coding",282.359261469038,-1.04398434341654,0.145744530644366,-7.16311163651133,7.88660723753884e-13,1.29290398287797e-11,"Downregulated"
"ENSG00000245694.13","ENSG00000245694","CRNDE","lncRNA",106.961438668178,-1.08440334259636,0.151721690876739,-7.14731912312619,8.84890012364165e-13,1.44250011914302e-11,"Downregulated"
"ENSG00000108381.13","ENSG00000108381","ASPA","protein_coding",68.0634668720739,-1.42681315444524,0.199935077788348,-7.13638232084351,9.58192648016521e-13,1.54979105525172e-11,"Downregulated"
"ENSG00000289915.2","ENSG00000289915","ENSG00000289915","lncRNA",28.6194732527801,-1.79515626281213,0.25274249173634,-7.10270857298041,1.22335199978845e-12,1.94394925229542e-11,"Downregulated"
"ENSG00000143633.15","ENSG00000143633","FSAF1","protein_coding",104.573329226005,-1.0287245537484,0.144849436573392,-7.10202661525145,1.22940546213097e-12,1.95142869191698e-11,"Downregulated"
"ENSG00000118557.17","ENSG00000118557","PMFBP1","protein_coding",25.3783860971756,-2.05978399448345,0.290186386219741,-7.09814137498408,1.26445804489532e-12,1.9961357283903e-11,"Downregulated"
"ENSG00000102879.19","ENSG00000102879","CORO1A","protein_coding",85.4720324088151,-1.56705362003158,0.221763435301761,-7.06633001919022,1.59084826030637e-12,2.46836969896787e-11,"Downregulated"
"ENSG00000146233.10","ENSG00000146233","CYP39A1","protein_coding",81.0534546872021,-1.18817712730956,0.168867286185571,-7.03615930680532,1.97610996907033e-12,3.02086346748599e-11,"Downregulated"
"ENSG00000163827.16","ENSG00000163827","LRRC2","protein_coding",118.151440082679,-1.00790955053621,0.143475680002088,-7.02495050395673,2.1414214680936e-12,3.25981931886686e-11,"Downregulated"
"ENSG00000122483.20","ENSG00000122483","CCDC18","protein_coding",64.5052920060705,-1.31543670602331,0.187537647100784,-7.0142540783632,2.31178956198918e-12,3.48983899295283e-11,"Downregulated"
"ENSG00000172687.16","ENSG00000172687","ZNF738","protein_coding",61.4723572159411,-1.4251748856786,0.203603673436952,-6.99975035627206,2.5641899264172e-12,3.83490613143839e-11,"Downregulated"
"ENSG00000182600.11","ENSG00000182600","SNORC","protein_coding",126.133499324138,-1.17934291217265,0.169972649191652,-6.93842755161678,3.96488231530606e-12,5.7574222959334e-11,"Downregulated"
"ENSG00000198056.18","ENSG00000198056","PRIM1","protein_coding",112.2437502713,-1.08028288866818,0.155693368673499,-6.93852858263744,3.96204838892098e-12,5.7574222959334e-11,"Downregulated"
"ENSG00000236144.10","ENSG00000236144","TMEM147-AS1","lncRNA",82.8297973182731,-1.70870694337476,0.249041652778205,-6.86112914973512,6.83183620133163e-12,9.61232720676679e-11,"Downregulated"
"ENSG00000234771.3","ENSG00000234771","SLC25A25-AS1","lncRNA",178.033245036561,-1.13960723131454,0.16630986289016,-6.85231297477044,7.26653571278738e-12,1.01549311041191e-10,"Downregulated"
"ENSG00000260852.2","ENSG00000260852","FBXL19-AS1","lncRNA",32.204390652085,-2.20538737116103,0.327226916124743,-6.73962703703844,1.58793705763415e-11,2.14068686876597e-10,"Downregulated"
"ENSG00000234444.11","ENSG00000234444","ZNF736","protein_coding",136.466688090795,-1.11494580200102,0.165695653464414,-6.72887778701134,1.70976581048748e-11,2.2921300763723e-10,"Downregulated"
"ENSG00000298930.1","ENSG00000298930","ENSG00000298930","lncRNA",17.8151207136217,-2.47977658720329,0.368836799671115,-6.72323528838353,1.77733229503054e-11,2.37392623221959e-10,"Downregulated"
"ENSG00000261373.1","ENSG00000261373","VPS9D1-AS1","lncRNA",109.590628533946,-1.05940060092298,0.157625219958366,-6.72100950090853,1.80469825273698e-11,2.40604296951833e-10,"Downregulated"
"ENSG00000105948.15","ENSG00000105948","IFT56","protein_coding",97.2218407025756,-1.38532357407403,0.208065348842776,-6.65811766245061,2.77356703420575e-11,3.60166070427506e-10,"Downregulated"
"ENSG00000274605.5","ENSG00000274605","PCCA-DT","lncRNA",171.174897957453,-1.05466659184066,0.158553136759586,-6.65181789143562,2.89494768502988e-11,3.75059517018153e-10,"Downregulated"
"ENSG00000075213.13","ENSG00000075213","SEMA3A","protein_coding",86.0540106666661,-1.47864019008713,0.222769520877875,-6.63753364580669,3.18975167394175e-11,4.10167535570221e-10,"Downregulated"
"ENSG00000166750.12","ENSG00000166750","SLFN5","protein_coding",412.957278033655,-1.04453130287893,0.157571544404539,-6.62893358585903,3.38120657014779e-11,4.32484074268153e-10,"Downregulated"
"ENSG00000162591.19","ENSG00000162591","MEGF6","protein_coding",247.598856122963,-1.14883892064222,0.173408350164246,-6.62504959855787,3.47131602939456e-11,4.42837252623116e-10,"Downregulated"
"ENSG00000185250.18","ENSG00000185250","PPIL6","protein_coding",66.1830915196948,-1.49566735154858,0.225971644817195,-6.61882756466429,3.62058880573562e-11,4.60259412041409e-10,"Downregulated"
"ENSG00000197859.13","ENSG00000197859","ADAMTSL2","protein_coding",97.6198603202981,-1.22218066841144,0.184774702771113,-6.61443720423894,3.72967935861664e-11,4.72469521547835e-10,"Downregulated"
"ENSG00000119688.23","ENSG00000119688","ABCD4","protein_coding",107.494700076058,-1.14945839925088,0.173834910637912,-6.61235648830711,3.78249754069506e-11,4.78324209072887e-10,"Downregulated"
"ENSG00000103888.19","ENSG00000103888","CEMIP","protein_coding",1349.30485181698,-1.03414577933568,0.156899303464567,-6.59114321415216,4.36452611259797e-11,5.50484877491469e-10,"Downregulated"
"ENSG00000156427.10","ENSG00000156427","FGF18","protein_coding",37.5464427460449,-1.62228509603586,0.247827824086381,-6.5460167840977,5.90919422531203e-11,7.31931989001896e-10,"Downregulated"
"ENSG00000112541.19","ENSG00000112541","PDE10A","protein_coding",33.751710777259,-1.65683678954952,0.253407070561919,-6.5382421487907,6.22460868360261e-11,7.68373330858339e-10,"Downregulated"
"ENSG00000151834.18","ENSG00000151834","GABRA2","protein_coding",22.3418295843016,-1.81907231684972,0.278451245966509,-6.53282160952695,6.45420039678534e-11,7.96036358725218e-10,"Downregulated"
"ENSG00000083099.13","ENSG00000083099","LYRM2","protein_coding",357.406048744406,-1.07957316258744,0.165287139085636,-6.53150129259666,6.51136602955049e-11,8.02404051872838e-10,"Downregulated"
"ENSG00000285967.2","ENSG00000285967","NIPBL-DT","lncRNA",53.7864482727908,-1.28196697539907,0.196299412918704,-6.53067146935374,6.54754791697997e-11,8.06177267738944e-10,"Downregulated"
"ENSG00000102309.17","ENSG00000102309","PIN4","protein_coding",67.2606689230866,-1.00846683708067,0.154455791123178,-6.52916170864983,6.61388137789297e-11,8.13653386489176e-10,"Downregulated"
"ENSG00000196923.16","ENSG00000196923","PDLIM7","protein_coding",93.5455885883603,-1.11576926395707,0.171010799848372,-6.52455438455567,6.82040002632885e-11,8.3763760323354e-10,"Downregulated"
"ENSG00000175894.20","ENSG00000175894","TSPEAR","protein_coding",31.9127321923942,-1.79169447394777,0.275257741556363,-6.50915198176504,7.55762298131256e-11,9.22588422844792e-10,"Downregulated"
"ENSG00000062370.19","ENSG00000062370","ZNF112","protein_coding",22.7761461739158,-2.16909215306957,0.333304376276712,-6.50784180303944,7.62381403340287e-11,9.27660058539667e-10,"Downregulated"
"ENSG00000150051.16","ENSG00000150051","MKX","protein_coding",17.8351336853623,-2.50165336327645,0.384860744686146,-6.50015206231685,8.02388639947308e-11,9.73887451433533e-10,"Downregulated"
"ENSG00000154556.22","ENSG00000154556","SORBS2","protein_coding",30.3302468229557,-1.41105761617847,0.217334580600745,-6.49255913291893,8.43903772398994e-11,1.01830586757754e-09,"Downregulated"
"ENSG00000099284.16","ENSG00000099284","MACROH2A2","protein_coding",83.187579090624,-1.05383028730776,0.162623095573014,-6.48020063567549,9.16007288174365e-11,1.09799649464209e-09,"Downregulated"
"ENSG00000149929.18","ENSG00000149929","HIRIP3","protein_coding",171.282839076202,-1.00095535265643,0.154486071079869,-6.47925955822219,9.21738231760467e-11,1.1030413257368e-09,"Downregulated"
"ENSG00000158234.15","ENSG00000158234","FAIM","protein_coding",42.1120960477291,-1.45928985076871,0.225494076214167,-6.47152189214373,9.70206981858974e-11,1.15531960403453e-09,"Downregulated"
"ENSG00000306493.1","ENSG00000306493","ENSG00000306493","lncRNA",19.5943468496368,-1.87761393872124,0.2909464938299,-6.4534681755573,1.09318967577114e-10,1.2922108304466e-09,"Downregulated"
"ENSG00000183763.11","ENSG00000183763","TRAIP","protein_coding",82.2872089010481,-1.07874419295583,0.167325055855785,-6.44699735756002,1.14087776078955e-10,1.34310320953389e-09,"Downregulated"
"ENSG00000103044.13","ENSG00000103044","HAS3","protein_coding",165.441326502934,-1.06934873132599,0.166439150719969,-6.42486294060194,1.31988385598358e-10,1.53513297278604e-09,"Downregulated"
"ENSG00000153140.11","ENSG00000153140","CETN3","protein_coding",119.046663953043,-1.03241455964242,0.160819886714767,-6.41969460825159,1.36547995272819e-10,1.58561982972251e-09,"Downregulated"
"ENSG00000182405.6","ENSG00000182405","PGBD4","protein_coding",17.8724123924822,-2.23986092944342,0.351907822582463,-6.36490804042456,1.95406774498519e-10,2.21583331457945e-09,"Downregulated"
"ENSG00000148225.19","ENSG00000148225","WDR31","protein_coding",70.9112989812184,-1.18588808964326,0.186893009726345,-6.34527792869127,2.2202425249608e-10,2.49231252298466e-09,"Downregulated"
"ENSG00000144451.21","ENSG00000144451","SPAG16","protein_coding",72.3958682830204,-1.41458692246864,0.22413252249188,-6.31138625818969,2.76547013484915e-10,3.06166487350908e-09,"Downregulated"
"ENSG00000137757.13","ENSG00000137757","CASP5","protein_coding",24.0334870493695,-2.10884542634991,0.335914618712856,-6.2779209622686,3.43130255718992e-10,3.74728234052723e-09,"Downregulated"
"ENSG00000155755.21","ENSG00000155755","TMEM237","protein_coding",105.518020173052,-1.15920910399263,0.186081125359227,-6.2295899261937,4.67657657714391e-10,5.01650242457214e-09,"Downregulated"
"ENSG00000248008.5","ENSG00000248008","NRAV","lncRNA",68.4149694734128,-1.60858511163486,0.25832170190318,-6.22706145005875,4.75264749301753e-10,5.08680705087224e-09,"Downregulated"
"ENSG00000139269.5","ENSG00000139269","INHBE","protein_coding",22.0937926722919,-2.34525900781729,0.376818233882062,-6.22384692921023,4.85110393232668e-10,5.18070730930569e-09,"Downregulated"
"ENSG00000156398.15","ENSG00000156398","SFXN2","protein_coding",28.2219477350186,-1.80962391785739,0.291436673853689,-6.20932120151043,5.32139565918157e-10,5.62082112921715e-09,"Downregulated"
"ENSG00000065029.17","ENSG00000065029","ZNF76","protein_coding",132.140378163212,-1.24657336585681,0.201134252350323,-6.19771794853525,5.72876806622983e-10,6.00733044976865e-09,"Downregulated"
"ENSG00000176155.23","ENSG00000176155","CCDC57","protein_coding",59.944164434297,-1.08930221120953,0.176625516795758,-6.16729808337463,6.94667311920727e-10,7.14994224741135e-09,"Downregulated"
"ENSG00000196793.16","ENSG00000196793","ZNF239","protein_coding",25.9062769561901,-1.59567795725552,0.259315690395916,-6.15341846387809,7.58303707637148e-10,7.76631613503713e-09,"Downregulated"
"ENSG00000120093.13","ENSG00000120093","HOXB3","protein_coding",286.398636605928,-1.01062406155662,0.164986911236335,-6.12548022133072,9.04105022706807e-10,9.20104634063697e-09,"Downregulated"
"ENSG00000180787.8","ENSG00000180787","ZFP3","protein_coding",94.0954244642173,-1.33736379930999,0.218546168625925,-6.11936511044078,9.39489194045591e-10,9.50773561460105e-09,"Downregulated"
"ENSG00000187325.7","ENSG00000187325","TAF9B","protein_coding",49.4308329405008,-1.47612748323186,0.241674961898498,-6.10790406931698,1.00947994999154e-09,1.0159294052276e-08,"Downregulated"
"ENSG00000167380.19","ENSG00000167380","ZNF226","protein_coding",89.3454401232397,-1.00438706353016,0.164626227991252,-6.10101486127427,1.05397107145066e-09,1.05703451677945e-08,"Downregulated"
"ENSG00000188338.17","ENSG00000188338","SLC38A3","protein_coding",27.0863197723204,-1.69809232020979,0.278440874282523,-6.09857415720798,1.07018747822023e-09,1.0708543377812e-08,"Downregulated"
"ENSG00000166401.17","ENSG00000166401","SERPINB8","protein_coding",100.395010074861,-1.02095654504022,0.168270603093997,-6.06734941378861,1.30038445352426e-09,1.28285714775178e-08,"Downregulated"
"ENSG00000066735.18","ENSG00000066735","KIF26A","protein_coding",241.739569458498,-1.05943552386782,0.17485879502079,-6.05880604256628,1.37135629190682e-09,1.34919860029284e-08,"Downregulated"
"ENSG00000203705.13","ENSG00000203705","TATDN3","protein_coding",76.2212398961886,-1.10823298122211,0.183326680867785,-6.04512652482573,1.49292796069501e-09,1.4608718437807e-08,"Downregulated"
"ENSG00000178199.15","ENSG00000178199","ZC3H12D","protein_coding",58.8797951293802,-1.25598266161729,0.208016356927186,-6.03790336572874,1.56129512429552e-09,1.52263048057138e-08,"Downregulated"
"ENSG00000093009.13","ENSG00000093009","CDC45","protein_coding",83.6413734623137,-1.01652275611729,0.168528391902302,-6.0317596616396,1.62183863674773e-09,1.57531404314666e-08,"Downregulated"
"ENSG00000174469.23","ENSG00000174469","CNTNAP2","protein_coding",18.1836360336586,-1.76206395465142,0.292169617819745,-6.03096231497461,1.62986195435754e-09,1.58204684812789e-08,"Downregulated"
"ENSG00000226887.10","ENSG00000226887","ERVMER34-1","protein_coding",40.0160789490935,-1.22212076313318,0.203994649875593,-5.99094517370184,2.08624968930608e-09,1.99300794313933e-08,"Downregulated"
"ENSG00000070669.19","ENSG00000070669","ASNS","protein_coding",88.3885062813921,-1.10340974092622,0.184303301056635,-5.98692337359249,2.13847465794216e-09,2.03618756523638e-08,"Downregulated"
"ENSG00000227403.4","ENSG00000227403","LINC01806","lncRNA",40.9223337085561,-1.44210989384734,0.241346186722405,-5.97527524023426,2.29702030423458e-09,2.17287325384906e-08,"Downregulated"
"ENSG00000305287.1","ENSG00000305287","ENSG00000305287","lncRNA",20.6231338426112,-2.20652887375317,0.37072549557699,-5.95192103073185,2.65013246086017e-09,2.48098963971483e-08,"Downregulated"
"ENSG00000296655.1","ENSG00000296655","ENSG00000296655","lncRNA",16.8613712927302,-2.46085261280284,0.415820710349282,-5.91806168272804,3.25757806157368e-09,3.00114859705812e-08,"Downregulated"
"ENSG00000182141.12","ENSG00000182141","ZNF708","protein_coding",82.1856330905597,-1.01375457949908,0.172890815221868,-5.86355370120815,4.53064227223233e-09,4.0883745538728e-08,"Downregulated"
"ENSG00000113369.10","ENSG00000113369","ARRDC3","protein_coding",200.514743058956,-1.86340211778428,0.317872503012038,-5.86210540429699,4.57034740788289e-09,4.12156033821025e-08,"Downregulated"
"ENSG00000009709.15","ENSG00000009709","PAX7","protein_coding",234.150369184134,-1.25564134322781,0.21424963286361,-5.86064641719664,4.61068791434436e-09,4.15277124019133e-08,"Downregulated"
"ENSG00000293514.2","ENSG00000293514","CUTALP","lncRNA",266.4392780244,-1.26165007223719,0.216455903765073,-5.82867018312652,5.58708012225127e-09,4.97651906156517e-08,"Downregulated"
"ENSG00000277462.4","ENSG00000277462","ZNF670","protein_coding",64.1719929627453,-1.01872219403303,0.174968518014514,-5.82231709791661,5.80372994948992e-09,5.15049935260306e-08,"Downregulated"
"ENSG00000234171.6","ENSG00000234171","RNASEH1-DT","lncRNA",53.8583176331429,-1.15881732526747,0.199264338081831,-5.81547775393498,6.04609540134272e-09,5.35574661101826e-08,"Downregulated"
"ENSG00000187024.17","ENSG00000187024","PTRH1","protein_coding",60.1409114169433,-1.12197677612636,0.193110170413467,-5.81003462284823,6.24599238862919e-09,5.5193244936594e-08,"Downregulated"
"ENSG00000115282.23","ENSG00000115282","TTC31","protein_coding",116.188071233958,-1.00214521989052,0.172710931890664,-5.80244231746101,6.53558807074351e-09,5.75068259388069e-08,"Downregulated"
"ENSG00000263528.10","ENSG00000263528","IKBKE","protein_coding",56.7565249189564,-1.4475929747336,0.249689843427928,-5.7975645098734,6.72849018831027e-09,5.89892799812417e-08,"Downregulated"
"ENSG00000023572.11","ENSG00000023572","GLRX2","protein_coding",135.804323699162,-1.060614065482,0.183355290687385,-5.78447483847255,7.27392090767696e-09,6.33876499062264e-08,"Downregulated"
"ENSG00000163378.15","ENSG00000163378","EOGT","protein_coding",77.5953076043216,-1.14667275683191,0.198261694450494,-5.78363238551981,7.31046062775019e-09,6.36677857075455e-08,"Downregulated"
"ENSG00000168386.20","ENSG00000168386","FILIP1L","protein_coding",82.5075146629299,-1.67190327290391,0.289377130809614,-5.77759295707402,7.57768581465944e-09,6.57579777401465e-08,"Downregulated"
"ENSG00000187122.18","ENSG00000187122","SLIT1","protein_coding",38.1303695067721,-1.35069258211556,0.234015766802806,-5.77180162075886,7.84284182236667e-09,6.7815312464044e-08,"Downregulated"
"ENSG00000175548.10","ENSG00000175548","ALG10B","protein_coding",66.7535354897523,-1.00302081610562,0.174226007341213,-5.7570097106183,8.5616987571012e-09,7.33858135437684e-08,"Downregulated"
"ENSG00000164953.18","ENSG00000164953","TMEM67","protein_coding",44.7444275114849,-1.53941746821894,0.26750817190859,-5.75465585681239,8.68184747448923e-09,7.42285153984059e-08,"Downregulated"
"ENSG00000112494.12","ENSG00000112494","UNC93A","protein_coding",64.0338149233602,-1.09766778396697,0.19238114696981,-5.70569310588019,1.15870607539645e-08,9.70634014141352e-08,"Downregulated"
"ENSG00000186446.14","ENSG00000186446","ZNF501","protein_coding",30.6749207696532,-1.81091214673024,0.317952555982997,-5.69554203183409,1.2298058242102e-08,1.02427275887668e-07,"Downregulated"
"ENSG00000165125.23","ENSG00000165125","TRPV6","protein_coding",29.8066457353954,-3.19586451178039,0.561184408315335,-5.69485620845084,1.23475939335012e-08,1.02662840667986e-07,"Downregulated"
"ENSG00000005206.19","ENSG00000005206","SPPL2B","protein_coding",336.182574190988,-1.07545687922715,0.190824876382281,-5.6358316568364,1.7421550377229e-08,1.410464290876e-07,"Downregulated"
"ENSG00000197852.13","ENSG00000197852","INKA2","protein_coding",32.8706451939866,-1.25176251028708,0.222572571366343,-5.6240645583716,1.86515893081268e-08,1.49833055572823e-07,"Downregulated"
"ENSG00000204228.6","ENSG00000204228","HSD17B8","protein_coding",66.5865350293084,-1.30221374459178,0.232256034455356,-5.60680262902744,2.06098457273562e-08,1.6474235205783e-07,"Downregulated"
"ENSG00000104537.19","ENSG00000104537","ANXA13","protein_coding",18.0341203514339,-1.72172548257301,0.307336816470908,-5.60208016189947,2.11794560166744e-08,1.68829855112016e-07,"Downregulated"
"ENSG00000128000.19","ENSG00000128000","ZNF780B","protein_coding",150.178918971687,-1.44342409868741,0.257700801843603,-5.60116262099726,2.12918866370209e-08,1.69539572056982e-07,"Downregulated"
"ENSG00000161010.17","ENSG00000161010","MRNIP","protein_coding",50.7250629380011,-1.19283307665806,0.213348520168969,-5.59100703259322,2.25756436192638e-08,1.78974960246373e-07,"Downregulated"
"ENSG00000299943.1","ENSG00000299943","ENSG00000299943","lncRNA",43.8291178423185,-1.95732449776468,0.351072787010009,-5.57526692522846,2.47150607898282e-08,1.94446612902384e-07,"Downregulated"
"ENSG00000164266.12","ENSG00000164266","SPINK1","protein_coding",755.952278667718,-1.10175060008685,0.198402569718919,-5.55310650284282,2.80636970734888e-08,2.17719003206103e-07,"Downregulated"
"ENSG00000169288.20","ENSG00000169288","MRPL1","protein_coding",99.4393586422973,-1.01487275876844,0.182780929302397,-5.55239960012137,2.81774557877888e-08,2.18367748276276e-07,"Downregulated"
"ENSG00000038002.11","ENSG00000038002","AGA","protein_coding",61.7393988876859,-1.02540248729822,0.184859337958542,-5.54693367736818,2.90722955212357e-08,2.24821615098051e-07,"Downregulated"
"ENSG00000183317.19","ENSG00000183317","EPHA10","protein_coding",82.8519900222736,-1.3386758783589,0.241974406046295,-5.53230360281483,3.16052234591335e-08,2.42725436337977e-07,"Downregulated"
"ENSG00000182325.13","ENSG00000182325","FBXL6","protein_coding",184.975172753093,-1.11683151475796,0.20358681279183,-5.48577532818854,4.11659833137206e-08,3.09057927061125e-07,"Downregulated"
"ENSG00000172794.22","ENSG00000172794","RAB37","protein_coding",54.7359844773921,-1.01085322914779,0.184369246496167,-5.48276487732353,4.18729376253414e-08,3.13927890360294e-07,"Downregulated"
"ENSG00000135773.15","ENSG00000135773","CAPN9","protein_coding",23.3054484278382,-1.84516529088563,0.336733937267644,-5.47959408504482,4.26302712571494e-08,3.19110480918703e-07,"Downregulated"
"ENSG00000178567.8","ENSG00000178567","EPM2AIP1","protein_coding",144.300130304706,-1.21172991438578,0.221304276376856,-5.47540216675409,4.36519080458385e-08,3.26084253299119e-07,"Downregulated"
"ENSG00000238249.2","ENSG00000238249","HMGN2P17","processed_pseudogene",27.1402677977076,-1.45395015280796,0.265710897106095,-5.47192519630619,4.45172747711321e-08,3.31864375505786e-07,"Downregulated"
"ENSG00000257167.4","ENSG00000257167","TMPO-AS1","lncRNA",49.1230212811527,-1.08605488298863,0.198861063348399,-5.46137521695686,4.72460280102429e-08,3.50404011220287e-07,"Downregulated"
"ENSG00000290994.2","ENSG00000290994","ENSG00000290994","lncRNA",26.702643474829,-1.7232651873204,0.317099331632782,-5.43446489920715,5.4961114443434e-08,4.02677689845423e-07,"Downregulated"
"ENSG00000183060.18","ENSG00000183060","LYSMD4","protein_coding",66.8099719992372,-1.15717224996848,0.214324880572254,-5.39915033139778,6.69572505346738e-08,4.83721074151791e-07,"Downregulated"
"ENSG00000074211.15","ENSG00000074211","PPP2R2C","protein_coding",25.8093150699918,-1.76800158094803,0.327708020244918,-5.39505130093149,6.85039770342698e-08,4.93419301779641e-07,"Downregulated"
"ENSG00000127325.21","ENSG00000127325","BEST3","protein_coding",14.3238144318071,-2.49810863980044,0.463317923332887,-5.39178070606518,6.97628734992726e-08,5.02237239320148e-07,"Downregulated"
"ENSG00000070526.17","ENSG00000070526","ST6GALNAC1","protein_coding",62.803625454123,-1.07778416718513,0.200323750552527,-5.38021160352888,7.43983364757899e-08,5.32434909731924e-07,"Downregulated"
"ENSG00000198890.9","ENSG00000198890","PRMT6","protein_coding",53.6479512550008,-1.37700183775331,0.257258516721754,-5.35259961575016,8.66995452853865e-08,6.15002354515821e-07,"Downregulated"
"ENSG00000161249.23","ENSG00000161249","DMKN","protein_coding",95.1537624205896,-1.74225475393762,0.32561639573097,-5.35063583031951,8.76457384618305e-08,6.21106132904082e-07,"Downregulated"
"ENSG00000298172.1","ENSG00000298172","ENSG00000298172","lncRNA",72.5854408573841,-1.0582556458318,0.197998991934383,-5.34475269542031,9.05405841483894e-08,6.409937203119e-07,"Downregulated"
"ENSG00000097046.15","ENSG00000097046","CDC7","protein_coding",88.8318668502629,-1.22994547212844,0.23092815120634,-5.32609586879451,1.00346182723644e-07,7.04779866295421e-07,"Downregulated"
"ENSG00000174564.15","ENSG00000174564","IL20RB","protein_coding",38.6705818197261,-1.77422694023514,0.333253814212791,-5.32395088838281,1.01537331117471e-07,7.11891147825057e-07,"Downregulated"
"ENSG00000106123.15","ENSG00000106123","EPHB6","protein_coding",22.9021253996732,-1.53027375723531,0.287669245650379,-5.31955980826377,1.04018615689936e-07,7.27527885414362e-07,"Downregulated"
"ENSG00000169231.15","ENSG00000169231","THBS3","protein_coding",51.9271506380449,-1.2934665789499,0.24479570962764,-5.2838613099772,1.26489025341928e-07,8.74560570255351e-07,"Downregulated"
"ENSG00000163376.11","ENSG00000163376","KBTBD8","protein_coding",51.5991140152266,-1.08439457910601,0.205277999899513,-5.28256598192132,1.27386932916605e-07,8.80253697309004e-07,"Downregulated"
"ENSG00000102078.17","ENSG00000102078","SLC25A14","protein_coding",34.9339864100497,-1.21568300002999,0.230786719079981,-5.26756047694705,1.38248623419927e-07,9.47728973794503e-07,"Downregulated"
"ENSG00000287828.2","ENSG00000287828","ENSG00000287828","lncRNA",266.119787832606,-1.57034598984694,0.298159772749462,-5.26679362331843,1.38827123548455e-07,9.51244763340054e-07,"Downregulated"
"ENSG00000198719.11","ENSG00000198719","DLL1","protein_coding",30.7376121225347,-1.75734766698032,0.333752373306971,-5.26542373187555,1.39866376865932e-07,9.57460337052948e-07,"Downregulated"
"ENSG00000130720.15","ENSG00000130720","FIBCD1","protein_coding",29.7444206075398,-1.566492285629,0.297573322190365,-5.26422286143941,1.40783590645618e-07,9.62829540177579e-07,"Downregulated"
"ENSG00000108384.18","ENSG00000108384","RAD51C","protein_coding",56.5464804076464,-1.14642274820784,0.217977634710444,-5.25935951975401,1.44558015555129e-07,9.86315801047515e-07,"Downregulated"
"ENSG00000119397.21","ENSG00000119397","CNTRL","protein_coding",293.356655461313,-1.01294509394108,0.192934908263057,-5.25019087038404,1.51941688699107e-07,1.03328904393592e-06,"Downregulated"
"ENSG00000277969.3","ENSG00000277969","ENSG00000277969","lncRNA",26.8401356101992,-1.32872603169595,0.253362508361536,-5.24436721237351,1.56819597580602e-07,1.06197645240097e-06,"Downregulated"
"ENSG00000100228.16","ENSG00000100228","RAB36","protein_coding",12.8198119327359,-2.19849798639521,0.419990757384403,-5.23463420977857,1.65311917389775e-07,1.11479772303984e-06,"Downregulated"
"ENSG00000148204.14","ENSG00000148204","CRB2","protein_coding",46.6895608598684,-1.66565325626732,0.318256050941099,-5.23368919881304,1.6615975773451e-07,1.11999405073884e-06,"Downregulated"
"ENSG00000186567.16","ENSG00000186567","CEACAM19","protein_coding",58.0480145231607,-1.06284927140715,0.20407657665513,-5.20809045715845,1.90793913269049e-07,1.27712951089841e-06,"Downregulated"
"ENSG00000308505.1","ENSG00000308505","ENSG00000308505","lncRNA",8.91072618620931,-2.21315757592601,0.42565240111355,-5.19944811807983,1.99881107889057e-07,1.33180552438079e-06,"Downregulated"
"ENSG00000103494.18","ENSG00000103494","RPGRIP1L","protein_coding",59.9128283582724,-1.05565090736757,0.203273142113992,-5.19326309609353,2.06639840666995e-07,1.37242189319253e-06,"Downregulated"
"ENSG00000108176.17","ENSG00000108176","DNAJC12","protein_coding",7.59391347333504,-2.76837177231618,0.53506214461091,-5.17392568358448,2.29226027635293e-07,1.51410373404315e-06,"Downregulated"
"ENSG00000267041.7","ENSG00000267041","ZNF850","protein_coding",52.4586422546703,-1.0394914943514,0.201037119891237,-5.17064458003464,2.33287899137831e-07,1.53742984734218e-06,"Downregulated"
"ENSG00000221944.9","ENSG00000221944","TIGD1","protein_coding",23.602774654398,-1.54488784719971,0.298918520784443,-5.16825736707617,2.36286783045301e-07,1.555071780151e-06,"Downregulated"
"ENSG00000060982.17","ENSG00000060982","BCAT1","protein_coding",14.5193181436386,-1.72574657645188,0.335040655819625,-5.15085720635935,2.59298560314085e-07,1.69192018733531e-06,"Downregulated"
"ENSG00000113758.16","ENSG00000113758","DBN1","protein_coding",77.1237950625368,-1.68412537731943,0.327671268105708,-5.13967973773071,2.75207131090839e-07,1.78687354111489e-06,"Downregulated"
"ENSG00000136783.12","ENSG00000136783","NIPSNAP3A","protein_coding",206.350281090635,-1.01842458248608,0.198305430518598,-5.13563637578029,2.81190883488632e-07,1.82164429303409e-06,"Downregulated"
"ENSG00000240583.16","ENSG00000240583","AQP1","protein_coding",48.6573220617014,-1.07355772076595,0.209935163526839,-5.11375847061799,3.15811119095954e-07,2.01707128159479e-06,"Downregulated"
"ENSG00000126500.7","ENSG00000126500","FLRT1","protein_coding",6.52562848257305,-3.35977945047344,0.659764107322689,-5.09239501388969,3.53568503278462e-07,2.24241345711662e-06,"Downregulated"
"ENSG00000294171.1","ENSG00000294171","ENSG00000294171","lncRNA",45.648774228719,-1.12931377385385,0.221788356824751,-5.09185328761956,3.54580434782713e-07,2.24686474021473e-06,"Downregulated"
"ENSG00000144619.17","ENSG00000144619","CNTN4","protein_coding",4.1446759114129,-5.76558356900174,1.13249440888457,-5.09104815332417,3.56089572546064e-07,2.25544147086432e-06,"Downregulated"
"ENSG00000131153.11","ENSG00000131153","GINS2","protein_coding",294.747650549896,-1.10190530796455,0.21711403131961,-5.07523765860371,3.87011975417918e-07,2.43745221545261e-06,"Downregulated"
"ENSG00000132846.8","ENSG00000132846","ZBED3","protein_coding",504.966175881006,-1.10302102197779,0.21744368620137,-5.07267440709364,3.92263338310904e-07,2.46838050317048e-06,"Downregulated"
"ENSG00000166275.18","ENSG00000166275","BORCS7","protein_coding",99.7888771421211,-1.09464803694943,0.216808752721322,-5.04891072528075,4.44336306396019e-07,2.77317904922098e-06,"Downregulated"
"ENSG00000259642.3","ENSG00000259642","ST20-AS1","lncRNA",18.5359726974239,-1.56468214578816,0.311003249900758,-5.0310797275831,4.87725260218618e-07,3.01155282108573e-06,"Downregulated"
"ENSG00000136098.21","ENSG00000136098","NEK3","protein_coding",195.822580318997,-1.00535128540831,0.200522493816789,-5.01365839947544,5.34047640668704e-07,3.27663776823491e-06,"Downregulated"
"ENSG00000172296.15","ENSG00000172296","SPTLC3","protein_coding",43.1485846478863,-1.38104571857704,0.27568854365442,-5.00944181528341,5.45881267358698e-07,3.34075647236582e-06,"Downregulated"
"ENSG00000083817.11","ENSG00000083817","ZNF416","protein_coding",42.0541405584485,-1.02123260972574,0.203935246929905,-5.00763171202449,5.51038427819856e-07,3.36805098944131e-06,"Downregulated"
"ENSG00000225706.4","ENSG00000225706","PTPRD-AS1","lncRNA",20.9836848528295,-1.4596902605942,0.291693788636727,-5.00418698463302,5.60982848602131e-07,3.42305829134404e-06,"Downregulated"
"ENSG00000110900.18","ENSG00000110900","TSPAN11","protein_coding",7.67044059507645,-2.56945711823521,0.514698674855297,-4.99215802130749,5.97083718188576e-07,3.62958777012955e-06,"Downregulated"
"ENSG00000233017.4","ENSG00000233017","ENSG00000233017","lncRNA",5.68171158034709,-3.4489109495021,0.69501005506211,-4.96239000339914,6.96310015220944e-07,4.19406680822191e-06,"Downregulated"
"ENSG00000185621.13","ENSG00000185621","LMLN","protein_coding",23.6701534207185,-2.20335102420433,0.444171022187268,-4.96059156077806,7.02788250096577e-07,4.22781540904923e-06,"Downregulated"
"ENSG00000234912.12","ENSG00000234912","SNHG20","lncRNA",20.1525998809821,-1.69056332999237,0.340881535371206,-4.9593866331053,7.07161009510693e-07,4.252355746817e-06,"Downregulated"
"ENSG00000068885.17","ENSG00000068885","IFT80","protein_coding",66.1491464230161,-1.0435340791491,0.210570308222269,-4.95575130206672,7.20513291832484e-07,4.32074226360364e-06,"Downregulated"
"ENSG00000106605.13","ENSG00000106605","BLVRA","protein_coding",135.853840351657,-1.0362584947864,0.209683796423665,-4.94200559347298,7.73229969241513e-07,4.60948116587742e-06,"Downregulated"
"ENSG00000106477.22","ENSG00000106477","CEP41","protein_coding",30.3129476137841,-1.12938010126842,0.228698116883172,-4.93830083369403,7.88062074761263e-07,4.69018299278859e-06,"Downregulated"
"ENSG00000145920.17","ENSG00000145920","CPLX2","protein_coding",7.89914918407532,-2.46030858561882,0.49846135513261,-4.93580607661005,7.98203902382776e-07,4.73915485623824e-06,"Downregulated"
"ENSG00000196653.14","ENSG00000196653","ZNF502","protein_coding",24.9056910281721,-1.29462841968444,0.262382512574722,-4.93412616176452,8.05103890970463e-07,4.77201046541675e-06,"Downregulated"
"ENSG00000286388.1","ENSG00000286388","ENSG00000286388","lncRNA",33.4968538956635,-1.4825386818304,0.300533923570974,-4.93301609420569,8.09694805478857e-07,4.79529919125443e-06,"Downregulated"
"ENSG00000144824.23","ENSG00000144824","PHLDB2","protein_coding",177.872876243683,-1.20477640657352,0.244237760362272,-4.93280156510814,8.1058493757227e-07,4.79860985102015e-06,"Downregulated"
"ENSG00000264424.1","ENSG00000264424","MYH4","protein_coding",13.5841961452868,-2.40920803387014,0.488913814933834,-4.92767428589879,8.32141857691529e-07,4.91418084827451e-06,"Downregulated"
"ENSG00000122970.18","ENSG00000122970","IFT81","protein_coding",64.6301129515783,-1.47615624113007,0.300455684861249,-4.91305811641328,8.96666837524729e-07,5.25030133713469e-06,"Downregulated"
"ENSG00000224511.3","ENSG00000224511","LINC00365","lncRNA",53.0109068482152,-1.27836895505202,0.260197193358096,-4.91307741852796,8.96578530786033e-07,5.25030133713469e-06,"Downregulated"
"ENSG00000261188.4","ENSG00000261188","TFIP11-DT","lncRNA",20.0873411349013,-1.96130326903564,0.399629993751168,-4.90779796237431,9.21046624765291e-07,5.37668958887751e-06,"Downregulated"
"ENSG00000224417.2","ENSG00000224417","ENSG00000224417","lncRNA",25.5434918237504,-1.3170592555217,0.268416097050737,-4.9067819329507,9.25828702821842e-07,5.40141286686559e-06,"Downregulated"
"ENSG00000206077.15","ENSG00000206077","ZDHHC11B","protein_coding",39.9449169280278,-1.05855263251319,0.216129626505926,-4.89776737056529,9.69316923892513e-07,5.63019673789591e-06,"Downregulated"
"ENSG00000196981.5","ENSG00000196981","WDR5B","protein_coding",65.0508300077044,-1.03948709760649,0.212264612088672,-4.89712857634626,9.72472112760752e-07,5.64399914222219e-06,"Downregulated"
"ENSG00000180525.15","ENSG00000180525","DIP2C-AS1","lncRNA",30.767696823621,-1.54237182648788,0.315389140967829,-4.89037708069095,1.00642990934398e-06,5.82475329321603e-06,"Downregulated"
"ENSG00000173467.11","ENSG00000173467","AGR3","protein_coding",14.3064409336273,-3.29187352688325,0.673717682208312,-4.88613200130527,1.02836265352033e-06,5.94431336638585e-06,"Downregulated"
"ENSG00000273151.1","ENSG00000273151","GET4-AS1","lncRNA",34.0282312336252,-1.11409375414517,0.228534866587686,-4.87493996334127,1.08841551475069e-06,6.25181040022474e-06,"Downregulated"
"ENSG00000178229.10","ENSG00000178229","ZNF543","protein_coding",14.7120746417415,-1.50027702540365,0.308351865589229,-4.86547088838518,1.1418461810595e-06,6.53282070900684e-06,"Downregulated"
"ENSG00000248690.9","ENSG00000248690","HAS2-AS1","lncRNA",17.7389349969574,-1.60357255142124,0.330803688728206,-4.84750504925222,1.25023851460148e-06,7.10527707984494e-06,"Downregulated"
"ENSG00000086730.19","ENSG00000086730","LAT2","protein_coding",16.2265792352866,-1.81356813043619,0.376997665874858,-4.81055532857911,1.5051153130557e-06,8.45759252299462e-06,"Downregulated"
"ENSG00000283526.5","ENSG00000283526","PRRT1B","protein_coding",42.1310068577428,-1.32385945860841,0.275926285925012,-4.79787365734408,1.60358871254162e-06,8.96574368138627e-06,"Downregulated"
"ENSG00000151422.16","ENSG00000151422","FER","protein_coding",74.587102987147,-1.37332025853439,0.286404296024147,-4.79504070853255,1.62641799344743e-06,9.08287073643168e-06,"Downregulated"
"ENSG00000183647.13","ENSG00000183647","ZNF530","protein_coding",34.5823761825503,-1.09395840185874,0.228351216257121,-4.79068349093861,1.66214142142885e-06,9.24673837978768e-06,"Downregulated"
"ENSG00000168010.13","ENSG00000168010","ATG16L2","protein_coding",29.540208354072,-1.28696436205539,0.273507430788185,-4.70540913037229,2.53357338362407e-06,1.35987205464741e-05,"Downregulated"
"ENSG00000177406.6","ENSG00000177406","NINJ2-AS1","lncRNA",55.1694760972976,-1.11232528359969,0.236489298221798,-4.70349099076975,2.55750386500595e-06,1.37119297120482e-05,"Downregulated"
"ENSG00000198088.12","ENSG00000198088","NUP62CL","protein_coding",42.9835126468357,-1.00097986059347,0.213506561396048,-4.68828617747574,2.75502571717981e-06,1.46409360811771e-05,"Downregulated"
"ENSG00000171124.15","ENSG00000171124","FUT3","protein_coding",83.2449334936422,-1.61872356311096,0.346217669662027,-4.67545046066291,2.93309077799834e-06,1.55019516975755e-05,"Downregulated"
"ENSG00000132386.13","ENSG00000132386","SERPINF1","protein_coding",20.1214724491094,-1.25112300791624,0.268757848358887,-4.65520547792728,3.23657762063975e-06,1.6988222701308e-05,"Downregulated"
"ENSG00000223768.5","ENSG00000223768","LINC00205","lncRNA",94.9040969402688,-1.16892753819247,0.251329426519477,-4.65097762080748,3.30365181439485e-06,1.72964313924169e-05,"Downregulated"
"ENSG00000197757.9","ENSG00000197757","HOXC6","protein_coding",22.842000994774,-1.17761292587461,0.253270928797245,-4.64961743326392,3.3255129370979e-06,1.7385762440268e-05,"Downregulated"
"ENSG00000183023.21","ENSG00000183023","SLC8A1","protein_coding",35.6404813701091,-1.09387004623757,0.235293809441721,-4.64895378604727,3.33622945920455e-06,1.74354984936142e-05,"Downregulated"
"ENSG00000174799.14","ENSG00000174799","CEP135","protein_coding",38.7617075208307,-1.19868668731354,0.258870895107249,-4.63044208510549,3.64885834630491e-06,1.89057043813553e-05,"Downregulated"
"ENSG00000229931.4","ENSG00000229931","ATXN1-AS1","lncRNA",43.6911234713477,-1.42929370478414,0.311383333298278,-4.59014196310565,4.42944643607572e-06,2.2514905619709e-05,"Downregulated"
"ENSG00000189057.13","ENSG00000189057","FAM111B","protein_coding",347.430480712497,-1.04066041152675,0.226719756985263,-4.59007377815066,4.43089365356129e-06,2.2514905619709e-05,"Downregulated"
"ENSG00000205885.9","ENSG00000205885","C1RL-AS1","lncRNA",20.6767280094756,-1.94477503882714,0.424875627688698,-4.57728076662485,4.7105904180008e-06,2.38109090818512e-05,"Downregulated"
"ENSG00000183671.14","ENSG00000183671","CMKLR2","protein_coding",5.38417828024931,-3.63345230469639,0.794004185717203,-4.57611228008123,4.73696377156138e-06,2.39191912813476e-05,"Downregulated"
"ENSG00000183621.17","ENSG00000183621","ZNF438","protein_coding",41.8336415708056,-1.03162512930301,0.225981475847561,-4.56508714014641,4.99286900675943e-06,2.5123839460402e-05,"Downregulated"
"ENSG00000134146.14","ENSG00000134146","DPH6","protein_coding",48.407995512576,-1.25369181095027,0.274937038518805,-4.55992331082202,5.11723051054491e-06,2.56782910522219e-05,"Downregulated"
"ENSG00000198556.16","ENSG00000198556","ZNF789","protein_coding",41.7564431734314,-1.27838504071891,0.280568432577667,-4.55641081562169,5.20351178150289e-06,2.60661226192672e-05,"Downregulated"
"ENSG00000114248.12","ENSG00000114248","LRRC31","protein_coding",249.30256820362,-1.04254828357006,0.229216550774765,-4.54831154227818,5.4078039791681e-06,2.69497576568446e-05,"Downregulated"
"ENSG00000170264.15","ENSG00000170264","FAM161A","protein_coding",31.6339694837907,-1.16661945762311,0.256969095857306,-4.53992124512485,5.62752438967011e-06,2.78968922160138e-05,"Downregulated"
"ENSG00000225366.7","ENSG00000225366","CRIPTO3","protein_coding",17.6928332846571,-1.57015338526913,0.346433775418493,-4.53233344056126,5.83356696590021e-06,2.88139238138466e-05,"Downregulated"
"ENSG00000101246.22","ENSG00000101246","ARFRP1","protein_coding",134.588843541485,-1.24258496198872,0.274947872828337,-4.51934742831972,6.20305304971842e-06,3.05141360476983e-05,"Downregulated"
"ENSG00000112562.22","ENSG00000112562","SMOC2","protein_coding",12.7828072256315,-1.93849429587339,0.42908721852989,-4.51771624080283,6.25101771863152e-06,3.07292227877911e-05,"Downregulated"
"ENSG00000174808.14","ENSG00000174808","BTC","protein_coding",74.1847215223261,-1.25693587228097,0.278786132612799,-4.50860256391127,6.52560209060016e-06,3.1970596854962e-05,"Downregulated"
"ENSG00000143248.15","ENSG00000143248","RGS5","protein_coding",16.0872886353918,-1.48762283218714,0.329970299577473,-4.50835373393315,6.53325852361139e-06,3.19972904779237e-05,"Downregulated"
"ENSG00000227398.7","ENSG00000227398","KIF9-AS1","lncRNA",36.3661463350894,-1.17572952248182,0.261870282330723,-4.48974015691084,7.13101085611022e-06,3.45511900122866e-05,"Downregulated"
"ENSG00000278834.3","ENSG00000278834","ENSG00000278834","lncRNA",16.5949114410954,-1.55652099407977,0.347372991323059,-4.48083481721293,7.43516405518936e-06,3.58570374335455e-05,"Downregulated"
"ENSG00000166436.19","ENSG00000166436","TRIM66","protein_coding",29.9787767354445,-1.21990050897043,0.272325412996301,-4.4795691138344,7.47938699481753e-06,3.6046317369104e-05,"Downregulated"
"ENSG00000264247.3","ENSG00000264247","ZNF407-AS1","lncRNA",60.9697679962212,-1.07667275679258,0.24127502369282,-4.46242938997012,8.10356355776305e-06,3.87836337777748e-05,"Downregulated"
"ENSG00000160051.14","ENSG00000160051","IQCC","protein_coding",17.1593080916256,-1.61318881647382,0.361710894820579,-4.45988450879817,8.20038297840403e-06,3.92081656624979e-05,"Downregulated"
"ENSG00000186272.15","ENSG00000186272","ZNF17","protein_coding",24.5419357683637,-1.17229439831129,0.263012488072971,-4.45718150837783,8.3044285592905e-06,3.96794522523039e-05,"Downregulated"
"ENSG00000105664.13","ENSG00000105664","COMP","protein_coding",13.9264931270182,-1.55726286034801,0.349604644646851,-4.45435403731852,8.41461512228993e-06,4.0152980688912e-05,"Downregulated"
"ENSG00000162543.8","ENSG00000162543","UBXN10","protein_coding",64.5692779941339,-1.45501605859752,0.326669152215451,-4.45409690119097,8.42470474394458e-06,4.01878937291787e-05,"Downregulated"
"ENSG00000236081.2","ENSG00000236081","ELFN1-AS1","lncRNA",27.5913469966578,-1.41029577664596,0.317211605509575,-4.44591481569671,8.75186255319426e-06,4.15433973537148e-05,"Downregulated"
"ENSG00000169989.5","ENSG00000169989","TIGD4","protein_coding",10.1266968338326,-2.0260322160828,0.456223427802322,-4.4408771944098,8.95929152983405e-06,4.24168745019128e-05,"Downregulated"
"ENSG00000247240.11","ENSG00000247240","UBL7-DT","lncRNA",33.1128406287877,-1.00145620333066,0.225941655929791,-4.43236639657917,9.32044565441497e-06,4.4026042511011e-05,"Downregulated"
"ENSG00000128408.10","ENSG00000128408","RIBC2","protein_coding",19.7045024990244,-1.45753939013498,0.329169142505278,-4.42793446263454,9.51397982324416e-06,4.483791726779e-05,"Downregulated"
"ENSG00000130701.5","ENSG00000130701","RBBP8NL","protein_coding",72.2449746403015,-1.45706238550425,0.329269479887585,-4.42513647484638,9.63813319302807e-06,4.53935086881257e-05,"Downregulated"
"ENSG00000176410.8","ENSG00000176410","DNAJC30","protein_coding",103.849558252784,-1.01664581569923,0.22996599634788,-4.42085278625847,9.83121367465378e-06,4.61528825957508e-05,"Downregulated"
"ENSG00000239900.16","ENSG00000239900","ADSL","protein_coding",30.8069238195218,-1.26970856273581,0.288061188481626,-4.4077738116282,1.04438527391013e-05,4.87761243619261e-05,"Downregulated"
"ENSG00000140470.17","ENSG00000140470","ADAMTS17","protein_coding",19.6873024248904,-1.35675464915718,0.308120327085986,-4.40332730394173,1.06603148469368e-05,4.97229748187346e-05,"Downregulated"
"ENSG00000157404.19","ENSG00000157404","KIT","protein_coding",28.7503985143559,-1.02987021964696,0.234164476761081,-4.39806342060048,1.09221066663828e-05,5.08132166321734e-05,"Downregulated"
"ENSG00000143156.16","ENSG00000143156","NME7","protein_coding",37.6293212418415,-1.43829921904812,0.327159462026732,-4.39632468563786,1.1009920720754e-05,5.11232845514795e-05,"Downregulated"
"ENSG00000163617.13","ENSG00000163617","CCDC191","protein_coding",30.498336249167,-1.98111365970712,0.45114640065936,-4.39128774342802,1.12681302087492e-05,5.21718028706688e-05,"Downregulated"
"ENSG00000180626.12","ENSG00000180626","ZNF594","protein_coding",39.9245657988733,-1.22989032436501,0.280836707442746,-4.37937880544249,1.19018089956051e-05,5.49127717173858e-05,"Downregulated"
"ENSG00000169962.6","ENSG00000169962","TAS1R3","protein_coding",64.3149239161145,-1.11813691768841,0.255706494144883,-4.3727357078967,1.22699228857647e-05,5.64852993838953e-05,"Downregulated"
"ENSG00000291071.2","ENSG00000291071","FAM86JP","lncRNA",20.5356821798436,-1.43507538400206,0.329109475013357,-4.36048030505294,1.29777263173508e-05,5.94603888052632e-05,"Downregulated"
"ENSG00000169213.9","ENSG00000169213","RAB3B","protein_coding",91.5697878724027,-1.06311601402279,0.244402314600945,-4.34986066215709,1.36224063061853e-05,6.22566736642185e-05,"Downregulated"
"ENSG00000002745.14","ENSG00000002745","WNT16","protein_coding",12.5201315572198,-2.2511497520877,0.517784982124079,-4.34765362033665,1.37601688601841e-05,6.28466331931259e-05,"Downregulated"
"ENSG00000101104.15","ENSG00000101104","PABPC1L","protein_coding",90.340639160661,-1.38603011256243,0.318911068228995,-4.34613361103914,1.38558188248661e-05,6.31441906949557e-05,"Downregulated"
"ENSG00000259943.3","ENSG00000259943","ZMPSTE24-DT","lncRNA",40.8588516448373,-1.03642808750576,0.23847915296903,-4.34599030817738,1.38648691163768e-05,6.31655715921198e-05,"Downregulated"
"ENSG00000296453.1","ENSG00000296453","ENSG00000296453","lncRNA",8.08127528945762,-2.47071940536163,0.56868590740988,-4.34461162685514,1.3952228272405e-05,6.3503672149401e-05,"Downregulated"
"ENSG00000141519.17","ENSG00000141519","CCDC40","protein_coding",15.7621570353854,-1.55195110300169,0.357864308686023,-4.33670267007073,1.44636064305354e-05,6.5543022011044e-05,"Downregulated"
"ENSG00000125459.20","ENSG00000125459","MSTO1","protein_coding",28.0921770208847,-1.33362743750259,0.307551506691584,-4.33627346472395,1.4491863259225e-05,6.56300257352151e-05,"Downregulated"
"ENSG00000166803.16","ENSG00000166803","PCLAF","protein_coding",67.9587912968483,-1.18080698167761,0.272629507414779,-4.33117820911855,1.48313580008333e-05,6.6958267958902e-05,"Downregulated"
"ENSG00000168772.12","ENSG00000168772","CXXC4","protein_coding",16.6334226293969,-1.37929592717169,0.318586008227693,-4.32943033137197,1.49495554192947e-05,6.73869229040183e-05,"Downregulated"
"ENSG00000308820.1","ENSG00000308820","ENSG00000308820","lncRNA",12.535419166247,-1.89451781831654,0.437826907164435,-4.32709316699217,1.51090064324999e-05,6.79577036684633e-05,"Downregulated"
"ENSG00000303501.1","ENSG00000303501","ENSG00000303501","lncRNA",5.6255244672676,-2.30711842648262,0.533455035886277,-4.32486014992734,1.52628658751931e-05,6.85646163246432e-05,"Downregulated"
"ENSG00000273314.1","ENSG00000273314","ENSG00000273314","lncRNA",22.1255743972537,-1.496548076657,0.346154361742139,-4.32335467080383,1.53674382726831e-05,6.90129889828706e-05,"Downregulated"
"ENSG00000138669.13","ENSG00000138669","PRKG2","protein_coding",22.5038004439369,-1.46684803709689,0.339345869339427,-4.32257519430624,1.54218496899188e-05,6.92358877652735e-05,"Downregulated"
"ENSG00000188878.22","ENSG00000188878","FBF1","protein_coding",18.0676608869386,-1.43672610017943,0.333381894967169,-4.3095504641034,1.63586728251283e-05,7.30794964801971e-05,"Downregulated"
"ENSG00000261801.9","ENSG00000261801","LOXL1-AS1","lncRNA",33.9088724985448,-1.08254615643856,0.25212030731328,-4.29376819334669,1.75665885083691e-05,7.82585307910496e-05,"Downregulated"
"ENSG00000111186.15","ENSG00000111186","WNT5B","protein_coding",113.047182532162,-2.05802032645001,0.480220130149372,-4.28557696198588,1.8226553425115e-05,8.09746205508177e-05,"Downregulated"
"ENSG00000164342.16","ENSG00000164342","TLR3","protein_coding",49.954662786169,-1.05463920018657,0.246139699972842,-4.28471798861757,1.82971130387468e-05,8.12134034173104e-05,"Downregulated"
"ENSG00000137285.12","ENSG00000137285","TUBB2B","protein_coding",157.558469234934,-1.05720420291959,0.246753776776042,-4.28444993520455,1.83191852714096e-05,8.12864767156362e-05,"Downregulated"
"ENSG00000296053.1","ENSG00000296053","ENSG00000296053","lncRNA",28.0890763486667,-1.3085997687337,0.305845203918628,-4.27863426323947,1.88043549063413e-05,8.32403673199413e-05,"Downregulated"
"ENSG00000243479.4","ENSG00000243479","MNX1-AS1","lncRNA",37.7850287469456,-1.84937663732024,0.432428738679208,-4.2767200047085,1.89667108929862e-05,8.38771969060593e-05,"Downregulated"
"ENSG00000231770.9","ENSG00000231770","TMEM44-AS1","lncRNA",20.3962427563488,-1.61621417191669,0.378208304202624,-4.27334395875879,1.92563058870305e-05,8.50540642837081e-05,"Downregulated"
"ENSG00000272328.2","ENSG00000272328","ENSG00000272328","lncRNA",21.3052185760187,-1.32588457269534,0.312687281070706,-4.24028942960275,2.23231761557591e-05,9.71202248121468e-05,"Downregulated"
"ENSG00000272189.1","ENSG00000272189","MAP7-AS1","lncRNA",20.6071427919909,-1.34008642904855,0.316885814612356,-4.22892526977854,2.34810319711651e-05,0.000101730079320217,"Downregulated"
"ENSG00000290769.1","ENSG00000290769","ENSG00000290769","lncRNA",19.9228772236386,-1.13292040771817,0.268173708412161,-4.22457672836802,2.39390282093683e-05,0.000103374373304579,"Downregulated"
"ENSG00000163482.14","ENSG00000163482","STK36","protein_coding",77.6189280199102,-1.0553527547849,0.250081601167177,-4.22003358047684,2.44265931088471e-05,0.000105322876326514,"Downregulated"
"ENSG00000143942.7","ENSG00000143942","CHAC2","protein_coding",23.3662608773987,-1.28858024465487,0.306021519095354,-4.21075043501552,2.54523796649758e-05,0.000109420316257736,"Downregulated"
"ENSG00000273142.1","ENSG00000273142","LINC02604","lncRNA",23.2659294338117,-1.74213662998255,0.414093101605029,-4.20711338399507,2.58653384124213e-05,0.000111063847191944,"Downregulated"
"ENSG00000151062.15","ENSG00000151062","CACNA2D4","protein_coding",8.37114863626042,-1.87980611240649,0.447245741633773,-4.20307213108306,2.63316633950216e-05,0.000112705109418469,"Downregulated"
"ENSG00000248049.9","ENSG00000248049","UBA6-DT","lncRNA",50.0980819188446,-1.01780714344631,0.243606067309342,-4.17808618105499,2.93972272002275e-05,0.000124205427576005,"Downregulated"
"ENSG00000128833.15","ENSG00000128833","MYO5C","protein_coding",621.335598834743,-1.48530570347783,0.35573750871811,-4.17528561671802,2.97612414360319e-05,0.000125450817594815,"Downregulated"
"ENSG00000156313.16","ENSG00000156313","RPGR","protein_coding",51.7588973816653,-1.01821063480619,0.244708189933172,-4.16091768356528,3.16971329109786e-05,0.000132992139590591,"Downregulated"
"ENSG00000253669.5","ENSG00000253669","GASAL1","lncRNA",15.6483064760436,-1.29612393507503,0.312525842378689,-4.14725363256364,3.36487238965785e-05,0.000140610526732761,"Downregulated"
"ENSG00000290927.2","ENSG00000290927","ENSG00000290927","lncRNA",42.2403049167323,-1.1748398261734,0.283764053015011,-4.14019962602962,3.47003714375318e-05,0.000144588206691406,"Downregulated"
"ENSG00000119661.17","ENSG00000119661","DNAL1","protein_coding",58.2907188748812,-1.00101505160046,0.242268737959691,-4.13183747944815,3.59874838654901e-05,0.000149478537167865,"Downregulated"
"ENSG00000070985.15","ENSG00000070985","TRPM5","protein_coding",23.9465837339864,-1.34703815102355,0.327134288343027,-4.11769172178939,3.82686133286704e-05,0.000158273043481476,"Downregulated"
"ENSG00000188785.14","ENSG00000188785","ZNF548","protein_coding",21.6428822902484,-1.05164687830064,0.256575234281295,-4.09878561056941,4.15323512098736e-05,0.00017036140213232,"Downregulated"
"ENSG00000151650.10","ENSG00000151650","VENTX","protein_coding",189.620299103789,-1.04695991134461,0.25624105256599,-4.08583987952118,4.39176589983532e-05,0.000179131639235614,"Downregulated"
"ENSG00000273270.2","ENSG00000273270","LINC03072","lncRNA",21.3502450090265,-1.42262573103704,0.348238826942374,-4.08520136461536,4.40386081032577e-05,0.000179520145297558,"Downregulated"
"ENSG00000147180.19","ENSG00000147180","ZNF711","protein_coding",44.6188030473569,-1.59713443974429,0.391661893264032,-4.07783975723064,4.54560766162921e-05,0.000184627091458325,"Downregulated"
"ENSG00000148346.14","ENSG00000148346","LCN2","protein_coding",2059.12878157144,-1.06781968862482,0.263274808011411,-4.05591289455441,4.9938869057349e-05,0.000200641555414223,"Downregulated"
"ENSG00000134072.13","ENSG00000134072","CAMK1","protein_coding",48.7615643700886,-1.17261411629044,0.28922910326042,-4.05427428661849,5.02901815011291e-05,0.000201941066864606,"Downregulated"
"ENSG00000291106.2","ENSG00000291106","SNHG33","lncRNA",20.5899960270095,-1.06164274592993,0.262186071156102,-4.04919582969701,5.13939270742674e-05,0.000205746074906155,"Downregulated"
"ENSG00000230873.11","ENSG00000230873","STMND1","protein_coding",5.06022408878203,-2.53543135183934,0.62826341514904,-4.03561832617274,5.44586848546228e-05,0.000217214305054366,"Downregulated"
"ENSG00000186814.17","ENSG00000186814","ZSCAN30","protein_coding",47.2129623735476,-1.16606629452382,0.28894666529041,-4.03557623117694,5.44684504945877e-05,0.000217214305054366,"Downregulated"
"ENSG00000149403.15","ENSG00000149403","GRIK4","protein_coding",6.50486338388304,-1.98542967100296,0.492241211928947,-4.03344868915516,5.49641867409894e-05,0.000219072525793557,"Downregulated"
"ENSG00000267475.4","ENSG00000267475","NUDT19-DT","lncRNA",11.8447758009805,-1.47261757452983,0.366189726743443,-4.02146064452966,5.78383724132528e-05,0.000229265233318616,"Downregulated"
"ENSG00000177432.8","ENSG00000177432","NAP1L5","protein_coding",20.6885456293113,-1.05837895158567,0.263261922845267,-4.02025078350482,5.81362210095899e-05,0.000230382858865457,"Downregulated"
"ENSG00000215182.8","ENSG00000215182","MUC5AC","protein_coding",6.28241279439912,-3.27867244798531,0.816083486992302,-4.01756989357663,5.8801397490485e-05,0.000232573649681252,"Downregulated"
"ENSG00000134864.13","ENSG00000134864","GGACT","protein_coding",49.158130403464,-1.02987743877914,0.256534948679239,-4.01456972658668,5.95543366822849e-05,0.000235358998418237,"Downregulated"
"ENSG00000165449.14","ENSG00000165449","SLC16A9","protein_coding",73.7113279409026,-1.07735571465738,0.268482462568258,-4.01276010489317,6.00128943476373e-05,0.000237041936463876,"Downregulated"
"ENSG00000179029.17","ENSG00000179029","TMEM107","protein_coding",33.0744259964353,-1.43179412822614,0.357529692812455,-4.00468592402254,6.20999330686382e-05,0.000244685217517864,"Downregulated"
"ENSG00000188001.12","ENSG00000188001","TPRG1","protein_coding",23.2645584216056,-1.2766355593453,0.318969673026877,-4.00237285015408,6.27103706813613e-05,0.000246755007307708,"Downregulated"
"ENSG00000242861.1","ENSG00000242861","ENSG00000242861","lncRNA",26.2646800541773,-1.16162520528586,0.29049471513891,-3.9987825758909,6.36691345722552e-05,0.000250120113369781,"Downregulated"
"ENSG00000301102.1","ENSG00000301102","ENSG00000301102","lncRNA",4.40229636331343,-2.62649704129516,0.659125162094565,-3.98482290214606,6.75304710383252e-05,0.000263503388876523,"Downregulated"
"ENSG00000149292.19","ENSG00000149292","TTC12","protein_coding",54.0049896126717,-1.10003942750224,0.277553810203467,-3.96333751172728,7.390917467406e-05,0.000286158631946695,"Downregulated"
"ENSG00000247081.9","ENSG00000247081","BAALC-AS1","lncRNA",26.31120777548,-1.07379533623132,0.271056828656702,-3.96151368535084,7.44761124922412e-05,0.000287815419263349,"Downregulated"
"ENSG00000266088.7","ENSG00000266088","ENSG00000266088","lncRNA",5.78087279883147,-2.09499070993794,0.529382469172735,-3.95742366235093,7.57624881037031e-05,0.000292185386879768,"Downregulated"
"ENSG00000148824.21","ENSG00000148824","MTG1","protein_coding",30.1764763448458,-1.02071754667207,0.258257608874801,-3.95232322919437,7.73960997194354e-05,0.00029751307085784,"Downregulated"
"ENSG00000291046.2","ENSG00000291046","ENSG00000291046","lncRNA",18.2652383331597,-1.41358252013673,0.3577575575384,-3.95123035237348,7.77504420691176e-05,0.000298558401289256,"Downregulated"
"ENSG00000151136.15","ENSG00000151136","ABTB3","protein_coding",14.0744479545869,-1.35273259544445,0.342375707552126,-3.95101803546764,7.78194590623665e-05,0.00029874426509452,"Downregulated"
"ENSG00000100060.20","ENSG00000100060","MFNG","protein_coding",29.2139409529804,-1.00732450757445,0.255975236102364,-3.93524202931733,8.31128960469055e-05,0.000317227822141635,"Downregulated"
"ENSG00000222033.1","ENSG00000222033","LINC01124","lncRNA",62.0464184266,-1.214914010361,0.308772766946835,-3.9346540252696,8.33166249040297e-05,0.000317860422745527,"Downregulated"
"ENSG00000175279.23","ENSG00000175279","CENPS","protein_coding",17.2969505223427,-1.32306812100007,0.336929025522379,-3.92684518334024,8.60673404828338e-05,0.0003273721517788,"Downregulated"
"ENSG00000259230.2","ENSG00000259230","LINC02323","lncRNA",12.4815825501569,-1.52301806149328,0.388318238492875,-3.92208737710686,8.77851439213275e-05,0.000333293766232088,"Downregulated"
"ENSG00000137877.10","ENSG00000137877","SPTBN5","protein_coding",6.76720744375067,-2.11753472284542,0.54164962881035,-3.90941784174441,9.25188141995653e-05,0.000349708569478378,"Downregulated"
"ENSG00000118762.10","ENSG00000118762","PKD2","protein_coding",38.2841991803989,-1.26784816550108,0.324652073687677,-3.90525201671984,9.41272392317416e-05,0.000355047358393128,"Downregulated"
"ENSG00000255240.7","ENSG00000255240","GLYATL1-AS1","lncRNA",8.56052567332802,-2.1906252425351,0.562238958083773,-3.89625302736261,9.76923283503033e-05,0.000367442829600985,"Downregulated"
"ENSG00000156239.14","ENSG00000156239","HEMK2","protein_coding",33.1190240037757,-1.14943123430417,0.29506198676262,-3.89555851268939,9.79727057681841e-05,0.000368401777891158,"Downregulated"
"ENSG00000184925.14","ENSG00000184925","LCN12","protein_coding",10.440306969163,-1.73311647442434,0.44519692889505,-3.89292100178189,9.90444120379815e-05,0.000372335050390254,"Downregulated"
"ENSG00000279806.1","ENSG00000279806","ENSG00000279806","TEC",73.6355933182148,-1.27362798021976,0.327232677897424,-3.89211734110184,9.93731591167294e-05,0.000373313023641581,"Downregulated"
"ENSG00000173137.14","ENSG00000173137","ADCK5","protein_coding",73.3932198769785,-1.15325626137303,0.297322257956642,-3.87880903804115,0.000104969113943819,0.000392570941748082,"Downregulated"
"ENSG00000078487.20","ENSG00000078487","ZCWPW1","protein_coding",14.8381128348383,-1.57576712309244,0.408129497353447,-3.86094887360665,0.000112947537859491,0.000419271444328829,"Downregulated"
"ENSG00000279453.1","ENSG00000279453","ENSG00000279453","TEC",22.7475611051415,-1.23539479696098,0.320995862550621,-3.84863152797228,0.000118779516160508,0.000439039803539173,"Downregulated"
"ENSG00000167244.23","ENSG00000167244","IGF2","protein_coding",10.4264217218267,-1.47884530417287,0.384420535155274,-3.84694668711061,0.000119598980961446,0.000441586861679817,"Downregulated"
"ENSG00000184154.18","ENSG00000184154","LRRC51","protein_coding",14.2110050291647,-1.83697371278871,0.47865598993855,-3.8377744171227,0.000124154455331607,0.000457009491152057,"Downregulated"
"ENSG00000100479.16","ENSG00000100479","POLE2","protein_coding",31.209127119908,-1.15355339163158,0.301886893569673,-3.82114432988907,0.000132833881133827,0.000484893855262321,"Downregulated"
"ENSG00000116885.20","ENSG00000116885","OSCP1","protein_coding",10.8346154247461,-2.23165569830485,0.585123608984728,-3.81399017923253,0.000136740904128076,0.000497901804679418,"Downregulated"
"ENSG00000187266.16","ENSG00000187266","EPOR","protein_coding",16.7767877322281,-1.63592203983108,0.428920306223694,-3.81404660980983,0.000136709667014247,0.000497901804679418,"Downregulated"
"ENSG00000229404.7","ENSG00000229404","LINC00858","lncRNA",12.739566595316,-1.74469462494996,0.457601334236652,-3.81269566851323,0.00013745932877475,0.000500266346711121,"Downregulated"
"ENSG00000287222.2","ENSG00000287222","ENSG00000287222","lncRNA",22.0637429936931,-1.27988458437257,0.335947981486336,-3.80977012783338,0.0001390960581367,0.000505461402837776,"Downregulated"
"ENSG00000111700.15","ENSG00000111700","SLCO1B3","protein_coding",159.411402668026,-1.14378493288848,0.30056020204771,-3.80551026082594,0.000141512147212278,0.000513340184580809,"Downregulated"
"ENSG00000267259.3","ENSG00000267259","ERVE-1","lncRNA",63.3777156120953,-1.16369543823841,0.306130101251704,-3.80131007529247,0.000143933044061443,0.000521129553702142,"Downregulated"
"ENSG00000251191.9","ENSG00000251191","LINC00589","lncRNA",12.7133526382392,-2.65187404742704,0.697685295044936,-3.8009602126647,0.000144136447296596,0.000521554405548631,"Downregulated"
"ENSG00000066629.21","ENSG00000066629","EML1","protein_coding",6.86783303825113,-1.78146892900011,0.468686201367819,-3.80098437675582,0.000144122390072597,0.000521554405548631,"Downregulated"
"ENSG00000114670.16","ENSG00000114670","NEK11","protein_coding",25.0826578894974,-1.05461188458875,0.27765171150899,-3.79832661162833,0.000145676281737768,0.000526206549088667,"Downregulated"
"ENSG00000299185.1","ENSG00000299185","ENSG00000299185","lncRNA",8.06329755006399,-1.64059215299804,0.435822509434244,-3.76435846585287,0.000166977210005694,0.000596164998128239,"Downregulated"
"ENSG00000227542.2","ENSG00000227542","MYO1B-AS1","lncRNA",15.5093504154834,-1.09468969657229,0.291414018236348,-3.75647576323679,0.000172322951849131,0.000613588259999413,"Downregulated"
"ENSG00000196569.15","ENSG00000196569","LAMA2","protein_coding",292.361084362261,-1.35699377428332,0.362520231051365,-3.74322219300099,0.000181675443634859,0.000644987880734046,"Downregulated"
"ENSG00000112195.10","ENSG00000112195","TREML2","protein_coding",80.2782399121957,-1.08385285468629,0.289848182589057,-3.73938123401297,0.000184473779011396,0.000653641566120573,"Downregulated"
"ENSG00000137078.12","ENSG00000137078","SIT1","protein_coding",4.07211137437187,-2.56014818671133,0.685664530669829,-3.73382036286799,0.000188597032943282,0.000666784142818748,"Downregulated"
"ENSG00000221990.5","ENSG00000221990","EXOC3-AS1","lncRNA",10.3072495576746,-1.95396130781382,0.524345900173087,-3.72647389284214,0.000194177174241416,0.000684841958896714,"Downregulated"
"ENSG00000167555.16","ENSG00000167555","ZNF528","protein_coding",4.46128675678546,-2.19470436771339,0.589455249570032,-3.72327563341623,0.000196654625083976,0.000693073644629616,"Downregulated"
"ENSG00000174498.16","ENSG00000174498","IGDCC3","protein_coding",5.23730063478266,-2.72188970706956,0.733307523051264,-3.71179842222794,0.000205791852068634,0.000721765614757659,"Downregulated"
"ENSG00000268001.1","ENSG00000268001","CARD8-AS1","lncRNA",13.1266943037242,-1.2597674732324,0.340226254715721,-3.70273444736066,0.000213288103537547,0.000744991852606924,"Downregulated"
"ENSG00000104381.16","ENSG00000104381","GDAP1","protein_coding",35.0740339323554,-1.30411318359256,0.352552089859879,-3.6990652476656,0.000216394970402673,0.000755297666444012,"Downregulated"
"ENSG00000134253.10","ENSG00000134253","TRIM45","protein_coding",22.1204939642163,-1.07868632520619,0.291860170088947,-3.69590110523629,0.000219108256159106,0.000763480848342815,"Downregulated"
"ENSG00000231226.2","ENSG00000231226","TRIM31-AS1","lncRNA",9.58776619970044,-1.58737658723603,0.431105109961295,-3.68211034979045,0.000231311242252315,0.000800612018801182,"Downregulated"
"ENSG00000152439.14","ENSG00000152439","ZNF773","protein_coding",18.5598032539064,-1.07458740611206,0.292165923901603,-3.67800389505372,0.000235066371064643,0.00081244499152607,"Downregulated"
"ENSG00000273230.1","ENSG00000273230","ENSG00000273230","lncRNA",28.7738434552953,-1.3596569765407,0.369783272108827,-3.67690233467499,0.000236083375577305,0.000815570984235116,"Downregulated"
"ENSG00000297515.1","ENSG00000297515","ENSG00000297515","lncRNA",6.76077363931597,-1.75971098952388,0.479893207528686,-3.66688038487957,0.000245527575174272,0.000844773413918696,"Downregulated"
"ENSG00000203724.13","ENSG00000203724","C1orf53","protein_coding",16.4947031262568,-1.07903814823938,0.294395702359485,-3.66526460675629,0.000247082983590136,0.000849519952120582,"Downregulated"
"ENSG00000128564.10","ENSG00000128564","VGF","protein_coding",25.9855531609292,-1.08458644877485,0.296060896192223,-3.66338973746355,0.000248899386061476,0.000855562121158187,"Downregulated"
"ENSG00000149050.12","ENSG00000149050","ZNF214","protein_coding",22.9276227276123,-1.05105312736634,0.286989903993516,-3.66233485129876,0.000249926874349368,0.000858140679556023,"Downregulated"
"ENSG00000293313.2","ENSG00000293313","ZNF37BP","lncRNA",34.9266996022536,-1.33054898696186,0.363684783923024,-3.65852256068947,0.000253673413411249,0.000870320811353177,"Downregulated"
"ENSG00000187595.20","ENSG00000187595","ZNF385C","protein_coding",10.037660328428,-1.53358201933628,0.419264805245569,-3.65778858647111,0.000254400748293394,0.000872403133996184,"Downregulated"
"ENSG00000173928.6","ENSG00000173928","SWSAP1","protein_coding",26.0500394936076,-1.04888737603264,0.28699014360725,-3.6547853624829,0.000257397226682881,0.000880179473593278,"Downregulated"
"ENSG00000235106.13","ENSG00000235106","BRD3OS","protein_coding",77.1963831470821,-1.15397638310387,0.316427107649779,-3.6468948304552,0.00026542849744324,0.000904441520091097,"Downregulated"
"ENSG00000249743.9","ENSG00000249743","ENSG00000249743","lncRNA",10.4355099729173,-1.67845547479316,0.460301778495993,-3.64642404875647,0.000265915026199142,0.000905886356294773,"Downregulated"
"ENSG00000129646.17","ENSG00000129646","QRICH2","protein_coding",16.3358876407149,-1.31257695353783,0.360384423799511,-3.64215783717679,0.000270362210776216,0.000918230409788825,"Downregulated"
"ENSG00000163083.7","ENSG00000163083","INHBB","protein_coding",50.7745285480767,-1.28619176971804,0.354304923984701,-3.63018316328445,0.000283220168568616,0.000955406583541989,"Downregulated"
"ENSG00000274425.1","ENSG00000274425","ENSG00000274425","lncRNA",23.0555972618986,-1.13992608480203,0.31421826099065,-3.62781615940503,0.000285828661062093,0.000963085086285016,"Downregulated"
"ENSG00000258744.4","ENSG00000258744","ENSG00000258744","lncRNA",11.9850395664734,-1.50037500049791,0.414298838151837,-3.62148010646374,0.00029292233361007,0.000984072345527646,"Downregulated"
"ENSG00000289858.1","ENSG00000289858","ENSG00000289858","lncRNA",21.074031085498,-1.10910390802213,0.306738370270879,-3.61579774660302,0.00029942409402072,0.00100352774527018,"Downregulated"
"ENSG00000225265.3","ENSG00000225265","TAF1A-AS1","lncRNA",8.49534078619197,-1.66170164754121,0.460061198422919,-3.61191435669317,0.000303944953760323,0.00101562607099253,"Downregulated"
"ENSG00000120833.16","ENSG00000120833","SOCS2","protein_coding",20.7300788192188,-2.18539994892161,0.605322248162145,-3.61030832016638,0.00030583324446401,0.00102099409785128,"Downregulated"
"ENSG00000291068.2","ENSG00000291068","ENSG00000291068","lncRNA",11.0638359041614,-2.00181731671956,0.556042766828366,-3.60011394112328,0.000318077767323585,0.00105967425380538,"Downregulated"
"ENSG00000131171.15","ENSG00000131171","SH3BGRL","protein_coding",41.1956275052464,-1.58476086779495,0.44037709199425,-3.59864510803309,0.000319879352245141,0.00106494178101001,"Downregulated"
"ENSG00000212939.2","ENSG00000212939","ENSG00000212939","lncRNA",11.9011505594495,-1.31201601576882,0.36480248388088,-3.5965106427215,0.000322514394148535,0.00107322126291632,"Downregulated"
"ENSG00000136450.14","ENSG00000136450","SRSF1","protein_coding",665.534642601238,-1.17682771013077,0.327724781641484,-3.59090241585138,0.000329535009246134,0.00109457285216479,"Downregulated"
"ENSG00000197385.8","ENSG00000197385","ZNF860","protein_coding",40.3742295878818,-1.0234668291982,0.285258927883453,-3.5878520500377,0.000333413381702908,0.00110644074367725,"Downregulated"
"ENSG00000236859.9","ENSG00000236859","NIFK-AS1","lncRNA",27.2281948672687,-1.24318487286585,0.346703705503735,-3.58572710106918,0.000336140332923887,0.0011140169222666,"Downregulated"
"ENSG00000197363.13","ENSG00000197363","ZNF517","protein_coding",27.4464375043416,-1.0260380859471,0.286447136122932,-3.5819456945339,0.000341044696621884,0.00112814876590832,"Downregulated"
"ENSG00000162086.18","ENSG00000162086","ZNF75A","protein_coding",34.0874972463991,-1.15379802027466,0.32226486094709,-3.58027870889744,0.000343227914724405,0.00113433499206068,"Downregulated"
"ENSG00000116299.19","ENSG00000116299","ELAPOR1","protein_coding",12.1950058410749,-1.29609589042865,0.362297488234032,-3.57743548470702,0.000346981823099455,0.0011456961905576,"Downregulated"
"ENSG00000188089.14","ENSG00000188089","PLA2G4E","protein_coding",7.38311064191756,-1.57413846855321,0.440869202504385,-3.57053398062559,0.000356254232205173,0.00117257241269983,"Downregulated"
"ENSG00000269044.2","ENSG00000269044","ENSG00000269044","lncRNA",13.8283870665996,-1.46463038058471,0.410540121286599,-3.56756941561444,0.00036030794632155,0.00118430092041096,"Downregulated"
"ENSG00000232931.7","ENSG00000232931","LINC00342","lncRNA",16.4457262604311,-1.36134928997955,0.381716088938288,-3.56639222036993,0.00036192956238657,0.00118909163865477,"Downregulated"
"ENSG00000133943.23","ENSG00000133943","DGLUCY","protein_coding",13.0020294287371,-1.55695828469367,0.436979980399979,-3.56299682943952,0.000366645109401523,0.00120317634133117,"Downregulated"
"ENSG00000288868.3","ENSG00000288868","ENSG00000288868","lncRNA",8.11079530073172,-1.98526359342428,0.558661482473511,-3.55360742722837,0.000379985967631285,0.0012419388008373,"Downregulated"
"ENSG00000261211.3","ENSG00000261211","ENSG00000261211","lncRNA",10.4063813867809,-1.45605347138532,0.4112159810334,-3.54084845566121,0.000398842589267291,0.00129567962422362,"Downregulated"
"ENSG00000196132.16","ENSG00000196132","MYT1","protein_coding",22.5032226416867,-1.27770193468358,0.361794651042759,-3.53156668016236,0.000413105693734952,0.00133483338096029,"Downregulated"
"ENSG00000130635.19","ENSG00000130635","COL5A1","protein_coding",49.9915765577371,-1.1144106127777,0.316125526962821,-3.52521551639441,0.000423138389791904,0.00136451302733962,"Downregulated"
"ENSG00000162076.15","ENSG00000162076","FLYWCH2","protein_coding",45.5524376171605,-1.00538604445683,0.285260679215639,-3.52444664726055,0.000424368264903625,0.00136817461512421,"Downregulated"
"ENSG00000261485.2","ENSG00000261485","PAN3-AS1","lncRNA",12.2568090773001,-1.58103440661473,0.449438779082652,-3.51779703976986,0.000435145038623363,0.00140104907792263,"Downregulated"
"ENSG00000230513.5","ENSG00000230513","THAP7-AS1","lncRNA",9.38611704216704,-1.60130327021332,0.45535265727604,-3.51662221494975,0.000437075389612569,0.00140695169841523,"Downregulated"
"ENSG00000257135.9","ENSG00000257135","ODC1-DT","lncRNA",24.292928271739,-1.26636780332263,0.360838364785344,-3.50951541440437,0.000448924036740043,0.00143933786292847,"Downregulated"
"ENSG00000183401.14","ENSG00000183401","CCDC159","protein_coding",28.4452366131906,-1.04737275609567,0.298737808459548,-3.50599330394933,0.000454906664033766,0.00145626405460069,"Downregulated"
"ENSG00000259877.3","ENSG00000259877","ZNF778-DT","lncRNA",5.81376559884826,-2.17431908994666,0.620452302939405,-3.50440973406944,0.00045762067601834,0.00146365897966404,"Downregulated"
"ENSG00000280409.2","ENSG00000280409","LINC01101","lncRNA",5.93385634784041,-1.87592482905069,0.53554387380164,-3.50284060899464,0.000460324828637566,0.00147133379281332,"Downregulated"
"ENSG00000293508.2","ENSG00000293508","POLR1HASP","lncRNA",41.9243581610751,-1.12469602446839,0.321474190287466,-3.49855776435015,0.000467781749349651,0.0014945090633984,"Downregulated"
"ENSG00000258334.2","ENSG00000258334","TROAP-AS1","lncRNA",16.7878543838862,-3.68987387313352,1.05722172855351,-3.49016083710463,0.000482729924583199,0.00153684579680574,"Downregulated"
"ENSG00000273265.2","ENSG00000273265","CNNM3-DT","lncRNA",14.8458941359506,-1.16992872273642,0.335666712729429,-3.48538797077404,0.000491423953071854,0.00156006920655363,"Downregulated"
"ENSG00000080823.25","ENSG00000080823","MOK","protein_coding",57.8332683998883,-1.59460042987587,0.4584227662027,-3.47844947380033,0.000504323503009679,0.00159752048210192,"Downregulated"
"ENSG00000225680.2","ENSG00000225680","ENSG00000225680","lncRNA",8.18436789952329,-1.58639406224036,0.456307222307467,-3.47659205177214,0.000507829867395489,0.00160652050606755,"Downregulated"
"ENSG00000157890.21","ENSG00000157890","MEGF11","protein_coding",7.20526889993417,-1.87016699671107,0.538003733199795,-3.47612271310497,0.000508719455289951,0.00160828148910602,"Downregulated"
"ENSG00000250584.4","ENSG00000250584","LINC01511","lncRNA",9.98466732376064,-1.23995154468252,0.357180834137095,-3.47149518164402,0.000517568619932345,0.00163411861439206,"Downregulated"
"ENSG00000197808.15","ENSG00000197808","ZNF461","protein_coding",11.7313439448089,-1.15848768878953,0.335406293985576,-3.45398315286043,0.000552371880985686,0.00173417965754865,"Downregulated"
"ENSG00000104883.10","ENSG00000104883","PEX11G","protein_coding",10.2911309295317,-1.36347413118094,0.39546362124412,-3.44778649143878,0.000565200634477303,0.00177061988647753,"Downregulated"
"ENSG00000164236.13","ENSG00000164236","ANKRD33B","protein_coding",10.7282755011174,-1.41212569565227,0.410400311889584,-3.44084946999794,0.000579891046347182,0.00181350475694073,"Downregulated"
"ENSG00000196358.14","ENSG00000196358","NTNG2","protein_coding",8.95132816331668,-1.63887165130705,0.476549025619116,-3.43904102873337,0.000583778751457895,0.0018233020832172,"Downregulated"
"ENSG00000177943.16","ENSG00000177943","MAMDC4","protein_coding",13.4413656367126,-1.39453772214,0.405665370809129,-3.4376553250244,0.0005867740796429,0.00183068459896338,"Downregulated"
"ENSG00000169413.5","ENSG00000169413","RNASE6","protein_coding",9.17589842997414,-1.37706530585796,0.400676074393243,-3.43685434161073,0.000588511999270701,0.00183531652537788,"Downregulated"
"ENSG00000249572.4","ENSG00000249572","TARS1-DT","lncRNA",8.43621975605181,-1.7515892632871,0.509761139311586,-3.43609806281537,0.000590157318862195,0.00184005160605657,"Downregulated"
"ENSG00000268471.7","ENSG00000268471","MIR4453HG","lncRNA",12.3127339975358,-1.33095707925323,0.387378063211822,-3.43580911169316,0.00059078707520275,0.0018416189059665,"Downregulated"
"ENSG00000237380.8","ENSG00000237380","HOXD-AS2","lncRNA",7.62928220470346,-2.28712013170724,0.665779318880086,-3.43525259323829,0.000592001745889328,0.00184500845192003,"Downregulated"
"ENSG00000233930.5","ENSG00000233930","KRTAP5-AS1","lncRNA",35.3004813238554,-1.27906950856951,0.372472967815926,-3.43399285072848,0.000594759882641199,0.00185201122029142,"Downregulated"
"ENSG00000260236.3","ENSG00000260236","PTPN23-DT","lncRNA",6.21975869097438,-2.0918128444819,0.609478887106639,-3.43213339909493,0.000598852914142976,0.00186315509483899,"Downregulated"
"ENSG00000294395.1","ENSG00000294395","ENSG00000294395","lncRNA",4.81584801017922,-2.74841203279646,0.801971553589278,-3.42706922769986,0.000610133502140133,0.00189662263256431,"Downregulated"
"ENSG00000171160.20","ENSG00000171160","MORN4","protein_coding",16.7202748204894,-1.22619333723061,0.357913854427532,-3.42594543927855,0.000612663437454047,0.00190367035497085,"Downregulated"
"ENSG00000260942.2","ENSG00000260942","CAPN10-DT","lncRNA",18.0955567997442,-1.15294115929439,0.336724567959463,-3.42398882944943,0.000617091574653312,0.00191619693590653,"Downregulated"
"ENSG00000262877.6","ENSG00000262877","ENSG00000262877","lncRNA",8.83856193733517,-1.72343855813926,0.506196379886118,-3.40468368921759,0.000662407329692439,0.00204464473309964,"Downregulated"
"ENSG00000135838.16","ENSG00000135838","NPL","protein_coding",18.5890776797383,-1.23891956721666,0.365204471943982,-3.39239977161806,0.000692832742418707,0.00212903564527818,"Downregulated"
"ENSG00000250988.9","ENSG00000250988","SNHG21","lncRNA",17.0886696126852,-1.25131660447062,0.371892580095265,-3.36472592206619,0.000766197279818687,0.0023329901484821,"Downregulated"
"ENSG00000267751.7","ENSG00000267751","BSG-AS1","lncRNA",22.0322868192312,-1.21254575345274,0.360438803521667,-3.36408217318881,0.000767986733264707,0.00233669194593158,"Downregulated"
"ENSG00000141337.14","ENSG00000141337","ARSG","protein_coding",6.745028887101,-1.81757915559852,0.54056171876127,-3.36238970040945,0.000772709892080131,0.0023490899425268,"Downregulated"
"ENSG00000262049.3","ENSG00000262049","ENSG00000262049","lncRNA",12.4999506971544,-1.30751728108172,0.389042721408701,-3.36085784190299,0.000777008062517213,0.00235918727047967,"Downregulated"
"ENSG00000266208.2","ENSG00000266208","GJD3-AS1","lncRNA",18.0980946512714,-1.15289177534949,0.343362758065851,-3.3576494487745,0.000786082360676989,0.00238374253419773,"Downregulated"
"ENSG00000007237.21","ENSG00000007237","GAS7","protein_coding",71.9098488163796,-1.5266295978026,0.455828639601535,-3.34913049591862,0.000810656046338251,0.00245056892439173,"Downregulated"
"ENSG00000078579.10","ENSG00000078579","FGF20","protein_coding",17.9996387998728,-1.28178944378514,0.385033634424433,-3.32903239921163,0.000871482658955845,0.00262186562042518,"Downregulated"
"ENSG00000236908.3","ENSG00000236908","LINC02827","lncRNA",9.37945578952983,-1.60892533033084,0.484627294613104,-3.3199230588432,0.000900422606167164,0.00270220012602496,"Downregulated"
"ENSG00000100206.13","ENSG00000100206","DMC1","protein_coding",5.60689810167781,-1.70042082990893,0.512434004364913,-3.31832160907502,0.000905601480834136,0.00271549279127836,"Downregulated"
"ENSG00000196557.15","ENSG00000196557","CACNA1H","protein_coding",86.1745949275349,-1.32032246732038,0.398351890263402,-3.31446266377032,0.000918194411999369,0.00274870345356225,"Downregulated"
"ENSG00000124256.17","ENSG00000124256","ZBP1","protein_coding",12.0093215210867,-1.34428821050565,0.407014719748225,-3.30279998555633,0.000957246389884872,0.00284854510928369,"Downregulated"
"ENSG00000196335.14","ENSG00000196335","STK31","protein_coding",22.2637722592786,-1.16599441478557,0.353067641914937,-3.30246750583415,0.000958381912201781,0.00285133867206492,"Downregulated"
"ENSG00000248774.2","ENSG00000248774","ENSG00000248774","lncRNA",22.8222149881094,-1.04632277617097,0.317057602592611,-3.30010309677197,0.0009664931625871,0.00287193334267219,"Downregulated"
"ENSG00000255135.6","ENSG00000255135","EMSY-DT","lncRNA",23.7247715634571,-1.00173717184221,0.303898066239072,-3.29629334019571,0.000979696629662913,0.00290639990932957,"Downregulated"
"ENSG00000160602.16","ENSG00000160602","NEK8","protein_coding",20.2145368155379,-1.0711803295533,0.327311773701949,-3.27266055063671,0.00106540345084656,0.00312420615331209,"Downregulated"
"ENSG00000300428.1","ENSG00000300428","ENSG00000300428","lncRNA",7.11870544219176,-1.55307995471743,0.474590810531513,-3.27246107647571,0.00106615551491097,0.00312577902530646,"Downregulated"
"ENSG00000129535.15","ENSG00000129535","NRL","protein_coding",9.69813580579453,-1.87668927271078,0.573840968069369,-3.27039960047592,0.00107395657509549,0.00314737688296943,"Downregulated"
"ENSG00000236756.5","ENSG00000236756","DNAJC9-AS1","lncRNA",11.8555578762642,-1.27234758449625,0.389920887883174,-3.26309162713402,0.00110203883301656,0.00322250741890152,"Downregulated"
"ENSG00000181652.20","ENSG00000181652","ATG9B","protein_coding",24.7901246459194,-1.30888525968687,0.401565863731499,-3.25945349917003,0.00111627077862642,0.0032588630386491,"Downregulated"
"ENSG00000308682.1","ENSG00000308682","ENSG00000308682","lncRNA",18.5016245800503,-1.17957335407328,0.364026265541292,-3.24035231996051,0.00119382093396721,0.00345878708017849,"Downregulated"
"ENSG00000160323.21","ENSG00000160323","ADAMTS13","protein_coding",26.0526997334784,-1.05301330197992,0.325055676993145,-3.23948596043787,0.00119745361481923,0.00346723232486719,"Downregulated"
"ENSG00000230865.1","ENSG00000230865","TSEN15P1","processed_pseudogene",9.18604154663253,-1.83618776500158,0.567201375501262,-3.23727664337707,0.00120676364723444,0.00349092854587585,"Downregulated"
"ENSG00000204261.9","ENSG00000204261","PSMB8-AS1","lncRNA",14.9086634082103,-1.08399881127585,0.335325956905723,-3.23267193890577,0.00122638309776723,0.00354109261861779,"Downregulated"
"ENSG00000163734.4","ENSG00000163734","CXCL3","protein_coding",25.5558392961609,-2.0413590692767,0.631794326647652,-3.23105001608404,0.00123336355656575,0.00355841223606426,"Downregulated"
"ENSG00000204764.16","ENSG00000204764","RANBP17","protein_coding",9.90039083223542,-1.66239993039285,0.515385902148243,-3.2255440505136,0.0012573348525422,0.00362036492808295,"Downregulated"
"ENSG00000161955.18","ENSG00000161955","TNFSF13","protein_coding",28.2325132174232,-1.15584253970491,0.358815451302506,-3.22127304024725,0.00127622499331961,0.00366816093969877,"Downregulated"
"ENSG00000160188.12","ENSG00000160188","RSPH1","protein_coding",11.4097637591465,-1.90036298989064,0.590290289809444,-3.21937023647146,0.0012847249246326,0.0036882396211917,"Downregulated"
"ENSG00000278385.1","ENSG00000278385","ENSG00000278385","lncRNA",12.0217420011124,-1.42367648780108,0.442815403514753,-3.21505637902601,0.00130418904803682,0.00373597700813395,"Downregulated"
"ENSG00000272831.3","ENSG00000272831","ENSG00000272831","lncRNA",21.7532282172107,-1.11816217971298,0.348088871010678,-3.21228936870745,0.00131681668298105,0.00376869458346644,"Downregulated"
"ENSG00000115318.14","ENSG00000115318","LOXL3","protein_coding",17.7047965308792,-1.17799283288116,0.366859243625451,-3.21102126592141,0.00132264146470296,0.00378434750374635,"Downregulated"
"ENSG00000150773.14","ENSG00000150773","PIH1D2","protein_coding",7.20421821410979,-2.4234154547958,0.755605958210988,-3.2072476777891,0.00134011563350973,0.00382905279196039,"Downregulated"
"ENSG00000185156.6","ENSG00000185156","MFSD6L","protein_coding",8.35362499661178,-1.44010973998032,0.449183690518253,-3.20605972652029,0.00134566054517399,0.00384357634432395,"Downregulated"
"ENSG00000170523.3","ENSG00000170523","KRT83","protein_coding",272.225602085103,-1.26856528151498,0.396290425908707,-3.20109999782638,0.001369040113539,0.00390400026080424,"Downregulated"
"ENSG00000234614.2","ENSG00000234614","C2CD4D-AS1","lncRNA",10.8348535876666,-1.37759124812224,0.43056722877697,-3.19948002553584,0.00137675726953571,0.00392369053099539,"Downregulated"
"ENSG00000259319.3","ENSG00000259319","JDP2-AS1","lncRNA",8.86501433969497,-1.36552613236863,0.42705122986019,-3.1975698391401,0.00138590847197692,0.00394899441130348,"Downregulated"
"ENSG00000233611.5","ENSG00000233611","GBX2-AS1","lncRNA",14.4028157778669,-1.03536532564698,0.324473742405473,-3.19090635184019,0.0014182724305414,0.00402932837941698,"Downregulated"
"ENSG00000286873.2","ENSG00000286873","ENSG00000286873","lncRNA",4.65791832374523,-2.0469987064165,0.642062251054809,-3.18816236751747,0.00143180112689096,0.00406378024498704,"Downregulated"
"ENSG00000233942.2","ENSG00000233942","ENSG00000233942","lncRNA",8.50819540157965,-1.31412138178708,0.412511998663888,-3.18565614101766,0.00144426144770612,0.00409433429189302,"Downregulated"
"ENSG00000231856.5","ENSG00000231856","ENSG00000231856","lncRNA",15.1627207937485,-1.11616942787492,0.350819822896944,-3.18160307663915,0.00146462394147454,0.00414557229684553,"Downregulated"
"ENSG00000290555.2","ENSG00000290555","LINC00680","lncRNA",17.1006740905015,-1.24646705166183,0.392264962745556,-3.17761505625564,0.00148491759126402,0.00419727437733532,"Downregulated"
"ENSG00000135406.16","ENSG00000135406","PRPH","protein_coding",44.0073407705618,-2.31474910083057,0.729149717485001,-3.17458684454361,0.00150049981914232,0.00423553630288479,"Downregulated"
"ENSG00000288852.2","ENSG00000288852","ENSG00000288852","lncRNA",8.84996832880015,-1.63132388225546,0.514088065671829,-3.17323818852629,0.00150748794803202,0.00425443336764947,"Downregulated"
"ENSG00000164663.17","ENSG00000164663","USP49","protein_coding",32.0385656917385,-1.03161398299389,0.325267963565152,-3.17158189108671,0.00151611115354835,0.00427627147474166,"Downregulated"
"ENSG00000156968.10","ENSG00000156968","MPV17L","protein_coding",8.44873554750207,-1.5209662173765,0.482810771405524,-3.15023257030652,0.00163140537856677,0.00456856555481926,"Downregulated"
"ENSG00000198440.11","ENSG00000198440","ZNF583","protein_coding",8.93616146256212,-1.68721286491878,0.537613630025129,-3.13833721968678,0.00169909278806749,0.00473251060631828,"Downregulated"
"ENSG00000231720.2","ENSG00000231720","ENSG00000231720","lncRNA",8.84005943297534,-1.34357680005148,0.42915605455474,-3.13074180310814,0.00174365388220503,0.00484359441458987,"Downregulated"
"ENSG00000293303.2","ENSG00000293303","ENSG00000293303","lncRNA",8.60572267832359,-1.94214793708641,0.620967913392525,-3.12761399614981,0.00176231463342773,0.00488887129931751,"Downregulated"
"ENSG00000267152.1","ENSG00000267152","ENSG00000267152","lncRNA",11.8945618545133,-2.29274883423101,0.734516794769471,-3.12143827147015,0.00179969973620763,0.00497828756959744,"Downregulated"
"ENSG00000255121.2","ENSG00000255121","CENATAC-DT","lncRNA",5.30549089641303,-1.96996726140371,0.632174076680715,-3.11617849271391,0.00183211340104934,0.00505925827134281,"Downregulated"
"ENSG00000123405.16","ENSG00000123405","NFE2","protein_coding",12.3132801326014,-1.32240627345463,0.42508346644774,-3.11093321155366,0.0018649711536386,0.00513922075651846,"Downregulated"
"ENSG00000153896.20","ENSG00000153896","ZNF599","protein_coding",10.0873833792735,-1.65184230986914,0.530997946257262,-3.11082617458721,0.00186564726104844,0.00513946900170025,"Downregulated"
"ENSG00000281468.1","ENSG00000281468","ENSG00000281468","lncRNA",6.99535603400651,-1.97567410322186,0.63861477783881,-3.09368679175873,0.00197686064576908,0.00541255705242499,"Downregulated"
"ENSG00000237638.4","ENSG00000237638","LINC02245","lncRNA",20.7156650370975,-1.01539281284636,0.32900952514328,-3.08621099162455,0.00202724914248533,0.0055369194445717,"Downregulated"
"ENSG00000228126.2","ENSG00000228126","FALEC","lncRNA",15.5391577823355,-1.15378359528075,0.373974982351927,-3.08518924989209,0.00203422671048021,0.00555388347556127,"Downregulated"
"ENSG00000140104.15","ENSG00000140104","CLBA1","protein_coding",37.1891246283799,-1.21377515391136,0.394756477562544,-3.07474410909204,0.00210683230690868,0.00572944526022154,"Downregulated"
"ENSG00000253210.5","ENSG00000253210","DENND3-AS1","lncRNA",17.4690095571345,-1.2581969768768,0.40932192767635,-3.07385676604077,0.0021131085966257,0.00574328015421975,"Downregulated"
"ENSG00000229043.4","ENSG00000229043","ZFAND2A-DT","lncRNA",25.2411629114276,-1.04215565339346,0.339202496618701,-3.07237023247783,0.00212366147184941,0.00576871641050453,"Downregulated"
"ENSG00000293106.2","ENSG00000293106","RPL23AP7","lncRNA",22.7296019449836,-1.09578562336584,0.357072902025567,-3.06880084472885,0.00214919812268439,0.00583017250382725,"Downregulated"
"ENSG00000151164.20","ENSG00000151164","RAD9B","protein_coding",9.31622814062742,-1.33665473914275,0.437338673499197,-3.05633784556033,0.00224058636652279,0.00605229778632772,"Downregulated"
"ENSG00000274349.7","ENSG00000274349","ZNF658","protein_coding",5.62895139635545,-1.77755652882132,0.582094139913874,-3.05372689215584,0.0022601773679444,0.00609839702406447,"Downregulated"
"ENSG00000172020.15","ENSG00000172020","GAP43","protein_coding",3.11213280519492,-2.32904786256969,0.763700312099708,-3.04968824245499,0.00229079023588058,0.00617754598034637,"Downregulated"
"ENSG00000287051.1","ENSG00000287051","KRT86-AS1","lncRNA",11.6547148014696,-1.14567570003523,0.376032335658826,-3.04674782297099,0.00231331696530948,0.00623597274205079,"Downregulated"
"ENSG00000072163.22","ENSG00000072163","LIMS2","protein_coding",21.2944143497029,-1.48020189179981,0.485841220459481,-3.04667827567188,0.00231385221899305,0.00623625559933928,"Downregulated"
"ENSG00000286355.2","ENSG00000286355","ENSG00000286355","lncRNA",7.5871082817188,-1.44688958171299,0.475711343667473,-3.04152844150882,0.00235380326860689,0.00633803734088647,"Downregulated"
"ENSG00000183250.14","ENSG00000183250","LINC01547","lncRNA",8.49176206157741,-1.79212273049533,0.589524498940454,-3.03994614933949,0.00236620452354875,0.00636788040023556,"Downregulated"
"ENSG00000170166.7","ENSG00000170166","HOXD4","protein_coding",10.3748216806771,-3.68138275096,1.21686531319762,-3.0253000977456,0.00248386538892852,0.00664258667952613,"Downregulated"
"ENSG00000226889.5","ENSG00000226889","ATF6-DT","lncRNA",13.1957559267512,-1.16080234847742,0.383705953560865,-3.02523934722657,0.00248436439142893,0.00664269534328194,"Downregulated"
"ENSG00000285796.2","ENSG00000285796","ENSG00000285796","lncRNA",10.2765269553242,-1.42253864873319,0.470423535528262,-3.0239529727945,0.00249495217947916,0.00666977439310311,"Downregulated"
"ENSG00000280693.2","ENSG00000280693","SH3PXD2A-AS1","lncRNA",12.4372233975263,-1.23870184509237,0.410193356174647,-3.01979987351373,0.00252941758499081,0.00675567999293896,"Downregulated"
"ENSG00000293664.1","ENSG00000293664","ENSG00000293664","lncRNA",7.07050941142656,-1.92568420131717,0.639840560908394,-3.00963133469256,0.002615649660243,0.0069637031910024,"Downregulated"
"ENSG00000247796.3","ENSG00000247796","MOCS2-DT","lncRNA",17.1710351651157,-1.08106749744902,0.359774914655521,-3.00484401055067,0.00265717085519414,0.0070630447603583,"Downregulated"
"ENSG00000269386.7","ENSG00000269386","RAB11B-AS1","lncRNA",22.6787299583162,-1.00648276175379,0.335075222626154,-3.00375167661002,0.00266672885228618,0.00708561357797513,"Downregulated"
"ENSG00000164989.19","ENSG00000164989","CCDC171","protein_coding",8.06436557766693,-1.42712130389185,0.475385917574883,-3.00202688201645,0.00268188491870395,0.00712090074053821,"Downregulated"
"ENSG00000145934.18","ENSG00000145934","TENM2","protein_coding",4.97000476743623,-1.6026549976911,0.535590075128904,-2.99231646013116,0.00276869094156494,0.00732722226536872,"Downregulated"
"ENSG00000184619.9","ENSG00000184619","KRABD2","protein_coding",11.5410203360975,-1.38513571809295,0.463413298676598,-2.98898568955311,0.00279905241109262,0.00739541796564343,"Downregulated"
"ENSG00000180938.8","ENSG00000180938","ZNF572","protein_coding",20.0754641533262,-1.11533536822504,0.374341545325406,-2.97945921886792,0.00288757664144512,0.00759607200722865,"Downregulated"
"ENSG00000267309.2","ENSG00000267309","ZNF566-AS1","lncRNA",7.59377390358937,-1.95621156429787,0.657064394988264,-2.9771991591978,0.00290894976957054,0.00764044302690943,"Downregulated"
"ENSG00000288649.2","ENSG00000288649","ACTL10","protein_coding",28.1076813929484,-1.11646458704159,0.374999895613399,-2.97723972753473,0.00290856485015436,0.00764044302690943,"Downregulated"
"ENSG00000186765.13","ENSG00000186765","FSCN2","protein_coding",38.2719590374981,-1.14358576407136,0.384669067193258,-2.97290804382983,0.00294992815223588,0.00773762149904114,"Downregulated"
"ENSG00000005448.19","ENSG00000005448","WDR54","protein_coding",11.4817534307331,-1.51735028237692,0.510455384209486,-2.97254241862246,0.00295344396183616,0.00774544153002709,"Downregulated"
"ENSG00000213981.9","ENSG00000213981","ENSG00000213981","lncRNA",7.85716177671656,-1.3690543088037,0.461443834255638,-2.96689262521438,0.00300825996750028,0.00787068125095035,"Downregulated"
"ENSG00000272841.1","ENSG00000272841","MAP3K4-AS1","lncRNA",5.40295689640681,-1.54049753318423,0.519867006827819,-2.96325312618742,0.00304406132063576,0.00794713324782083,"Downregulated"
"ENSG00000291076.2","ENSG00000291076","AADACP1","lncRNA",4.24872692507255,-1.93116146850564,0.652066770140595,-2.96160080061932,0.00306044297029196,0.00798271049774496,"Downregulated"
"ENSG00000161653.13","ENSG00000161653","NAGS","protein_coding",23.7658717114093,-1.22421403111439,0.413417593218747,-2.96120448475118,0.00306438410008725,0.00799155198460759,"Downregulated"
"ENSG00000280161.1","ENSG00000280161","ENSG00000280161","TEC",4.11634528790418,-2.43076509544635,0.823604722498194,-2.9513734307803,0.003163641754723,0.00822376615416066,"Downregulated"
"ENSG00000257956.1","ENSG00000257956","NOP56P3","processed_pseudogene",17.0009960395453,-1.00339762000117,0.34043026616442,-2.94743951913064,0.00320417424473836,0.00831719383033286,"Downregulated"
"ENSG00000143507.20","ENSG00000143507","DUSP10","protein_coding",32.0894684245806,-1.17357521615857,0.398643972417835,-2.94391812584213,0.00324085722014784,0.00840037611060319,"Downregulated"
"ENSG00000291081.2","ENSG00000291081","ENSG00000291081","lncRNA",8.57169281780516,-1.4458330635369,0.492246090624462,-2.93721593949628,0.00331173413614725,0.00856723511264655,"Downregulated"
"ENSG00000127863.18","ENSG00000127863","TNFRSF19","protein_coding",88.7548987287634,-1.41179045182273,0.48076537047822,-2.9365477185231,0.00331887754624776,0.00858265049968283,"Downregulated"
"ENSG00000307433.1","ENSG00000307433","ENSG00000307433","lncRNA",7.9263025355857,-1.34531575033576,0.45854784428126,-2.93386124722589,0.00334773828310938,0.00864340338478909,"Downregulated"
"ENSG00000300175.1","ENSG00000300175","ENSG00000300175","lncRNA",5.19104576834567,-1.57407798083435,0.537116654610443,-2.93060728488486,0.00338300154980057,0.00872512163369102,"Downregulated"
"ENSG00000152977.11","ENSG00000152977","ZIC1","protein_coding",4.77598431675936,-1.59154348349834,0.543133019942544,-2.9303014640257,0.00338633306348122,0.00872917232270951,"Downregulated"
"ENSG00000221817.13","ENSG00000221817","PPP3CB-AS1","lncRNA",17.9813591243221,-1.08965270336945,0.373027351275455,-2.92110672218461,0.00348790325664757,0.00896059102913253,"Downregulated"
"ENSG00000144230.19","ENSG00000144230","GPR17","protein_coding",10.8294450882136,-1.92067124514628,0.658647351864417,-2.91608436549464,0.00354454641090436,0.00908517272494268,"Downregulated"
"ENSG00000289378.2","ENSG00000289378","ENSG00000289378","lncRNA",10.950185897559,-1.24398448417793,0.426641327295184,-2.91576179941247,0.00354821282093374,0.00909135434953532,"Downregulated"
"ENSG00000213742.9","ENSG00000213742","ZNF337-AS1","lncRNA",24.7190635290822,-1.05873609635193,0.363963142600482,-2.90891019565156,0.00362691027695641,0.0092618825962383,"Downregulated"
"ENSG00000286416.2","ENSG00000286416","ENSG00000286416","lncRNA",5.94304006490503,-2.09059060201096,0.719664024840275,-2.90495360314135,0.00367307543827961,0.00935668997214768,"Downregulated"
"ENSG00000205181.9","ENSG00000205181","LINC00654","lncRNA",18.9316960180723,-1.28142044050586,0.442007822592798,-2.89908995951497,0.00374247499905437,0.00950849316054223,"Downregulated"
"ENSG00000214870.12","ENSG00000214870","LINC02981","lncRNA",7.45758643106247,-1.30339825456455,0.451119752674409,-2.88925112863604,0.00386160543573221,0.00978821120397712,"Downregulated"
"ENSG00000177640.17","ENSG00000177640","CASC2","lncRNA",10.9089793054239,-1.62512692045314,0.563760402285441,-2.88265531574229,0.00394338678784804,0.00997339639258182,"Downregulated"
"ENSG00000065717.18","ENSG00000065717","TLE2","protein_coding",28.7739601464493,-1.51982797169234,0.529740837277057,-2.86900284959052,0.0041176808888805,0.0103563747729358,"Downregulated"
"ENSG00000181449.4","ENSG00000181449","SOX2","protein_coding",13.5356690810269,-1.01347548436871,0.353491087654107,-2.86704677929646,0.00414321766001552,0.010414703340679,"Downregulated"
"ENSG00000154240.20","ENSG00000154240","CEP112","protein_coding",17.057650037951,-1.0659133814505,0.372519811201594,-2.86136025359915,0.00421827423813216,0.0105754334471091,"Downregulated"
"ENSG00000197332.10","ENSG00000197332","ZNF833P","lncRNA",6.58606417954202,-1.77423943069278,0.620074536958295,-2.86133250914658,0.00421864344174287,0.0105754334471091,"Downregulated"
"ENSG00000135976.22","ENSG00000135976","ANKRD36","protein_coding",15.9899002645177,-1.14625895990215,0.400839486936386,-2.85964581150177,0.00424114395725324,0.0106245124515143,"Downregulated"
"ENSG00000238058.3","ENSG00000238058","CAMSAP1-DT","lncRNA",14.5441176498487,-1.06358606155521,0.372196873863839,-2.85758999132352,0.00426871571332306,0.010682477658,"Downregulated"
"ENSG00000152454.5","ENSG00000152454","ZNF256","protein_coding",7.78816837372389,-1.23502194916675,0.433322980784014,-2.8501187426806,0.00437029100449783,0.0109102940977059,"Downregulated"
"ENSG00000151651.18","ENSG00000151651","ADAM8","protein_coding",15.1113353971671,-1.48613916097797,0.521464611993283,-2.84993291356291,0.0043728451368467,0.010914790169339,"Downregulated"
"ENSG00000223685.9","ENSG00000223685","LINC00571","lncRNA",6.54468723674187,-1.52430402531077,0.535211493569011,-2.848040529074,0.00439893221201372,0.0109704569981936,"Downregulated"
"ENSG00000234432.4","ENSG00000234432","LINC02983","lncRNA",17.0761068581664,-1.00059323755889,0.351741740940937,-2.84468154072992,0.00444558447962097,0.0110678024381571,"Downregulated"
"ENSG00000238062.7","ENSG00000238062","SPATA3-AS1","lncRNA",5.61301152127666,-1.92892387577119,0.678187292862936,-2.84423476533795,0.00445182331547845,0.0110794819659821,"Downregulated"
"ENSG00000295478.1","ENSG00000295478","ENSG00000295478","lncRNA",9.63526947093124,-1.23625079662091,0.434785120677244,-2.84336040454941,0.00446405597779111,0.0111042051545055,"Downregulated"
"ENSG00000290374.2","ENSG00000290374","FAM86EP","lncRNA",12.5917484228431,-1.06825340296918,0.376072925879365,-2.8405485464589,0.00450360176396472,0.0111910488277395,"Downregulated"
"ENSG00000260565.10","ENSG00000260565","ERVK13-1","lncRNA",23.8111763014625,-1.01891295235797,0.358832850010118,-2.83951971601609,0.00451815029413574,0.0112252758550686,"Downregulated"
"ENSG00000243224.3","ENSG00000243224","TWF2-DT","lncRNA",5.76789643990606,-1.68410671425819,0.596395550523456,-2.82380831443167,0.00474567577296005,0.0117219539213851,"Downregulated"
"ENSG00000259411.1","ENSG00000259411","HNRNPA1P45","processed_pseudogene",10.0804846184502,-1.34769608582438,0.478099954861533,-2.81885842514816,0.00481947699197321,0.0118822491608839,"Downregulated"
"ENSG00000162755.16","ENSG00000162755","KLHDC9","protein_coding",11.5036841936006,-1.28264808610723,0.455045979581803,-2.81872193945325,0.00482152658124265,0.0118852803564158,"Downregulated"
"ENSG00000263843.1","ENSG00000263843","MIF4GD-DT","lncRNA",6.81228719535583,-1.55957041774982,0.553453223801456,-2.81789020404965,0.00483403370842207,0.0119120585788901,"Downregulated"
"ENSG00000272913.3","ENSG00000272913","LINC03052","lncRNA",6.13209118077048,-1.40435048314457,0.499694870963971,-2.81041604536666,0.00494774954667487,0.0121674506075704,"Downregulated"
"ENSG00000138587.8","ENSG00000138587","MNS1","protein_coding",7.97793549675457,-2.39792036143859,0.853484019298895,-2.80956679588259,0.00496082237577987,0.0121933917689623,"Downregulated"
"ENSG00000301356.1","ENSG00000301356","ENSG00000301356","lncRNA",3.30576988083755,-1.85824807439475,0.66188396259105,-2.80751337004805,0.00499256073358563,0.0122589275078148,"Downregulated"
"ENSG00000253716.9","ENSG00000253716","MINCR","lncRNA",19.2011061658665,-1.20650054965446,0.429868993517735,-2.80667032944464,0.00500564409951333,0.0122889420094454,"Downregulated"
"ENSG00000160229.15","ENSG00000160229","ZNF66","protein_coding",9.13323471520944,-2.16702676545425,0.774129916462603,-2.79930631715735,0.00512125295766366,0.0125313447185573,"Downregulated"
"ENSG00000248866.2","ENSG00000248866","USP46-DT","lncRNA",6.40544678528047,-1.75652660378592,0.627580352518529,-2.79888718111847,0.00512790505992489,0.0125381474824416,"Downregulated"
"ENSG00000308240.1","ENSG00000308240","ENSG00000308240","lncRNA",5.35840022950465,-1.79068701820226,0.641279433394621,-2.79236620566987,0.00523241013870932,0.0127592272808641,"Downregulated"
"ENSG00000122481.19","ENSG00000122481","RWDD3","protein_coding",10.5313281188811,-1.32644885530649,0.47542300477166,-2.79003927448478,0.00527016481720997,0.012823241862157,"Downregulated"
"ENSG00000233058.4","ENSG00000233058","ATP13A3-DT","lncRNA",6.62542482168087,-1.34710180085925,0.484143843575138,-2.7824412490958,0.00539516324911601,0.0130834514401254,"Downregulated"
"ENSG00000225032.5","ENSG00000225032","ENSG00000225032","lncRNA",9.05359021894686,-1.36770325792531,0.492892605613345,-2.77485042857027,0.00552271005535001,0.0133592245238078,"Downregulated"
"ENSG00000258404.2","ENSG00000258404","LINC02320","lncRNA",20.04510626262,-1.14400389553535,0.41288105378666,-2.77078321963028,0.00559216435425142,0.0134956945581701,"Downregulated"
"ENSG00000307961.1","ENSG00000307961","ENSG00000307961","lncRNA",5.56068549430875,-1.42060390981749,0.516084485149349,-2.75265765721747,0.00591136758323538,0.0141896419439287,"Downregulated"
"ENSG00000183150.10","ENSG00000183150","GPR19","protein_coding",11.0991176726028,-1.05854325935923,0.384718223398626,-2.75147678217056,0.00593272252220245,0.0142346050979732,"Downregulated"
"ENSG00000277142.1","ENSG00000277142","LINC00235","lncRNA",6.33085822438787,-1.58275783455966,0.576424089217722,-2.74582180753004,0.00603595379237304,0.0144416447678835,"Downregulated"
"ENSG00000291102.2","ENSG00000291102","GUSBP1","lncRNA",7.84895852344945,-1.46118113489791,0.535133369517716,-2.73049900852713,0.00632385233314084,0.0150658010869435,"Downregulated"
"ENSG00000291049.2","ENSG00000291049","FAM86B3P","lncRNA",16.3299504003205,-1.44491879871963,0.529696169955972,-2.72782564925801,0.00637532949100501,0.0151461106530565,"Downregulated"
"ENSG00000137691.15","ENSG00000137691","CFAP300","protein_coding",6.25035735836809,-2.13515134963854,0.782871336485121,-2.72733366280184,0.00638484396778542,0.0151662282873539,"Downregulated"
"ENSG00000184378.5","ENSG00000184378","ACTRT3","protein_coding",8.05710206542824,-1.40524058229989,0.517132451061057,-2.71737072275508,0.00658028562854494,0.0155844908202113,"Downregulated"
"ENSG00000179406.11","ENSG00000179406","LINC00174","lncRNA",18.8684850507064,-1.24769331611134,0.460386972807333,-2.71009691804092,0.00672635502568367,0.0158940709330194,"Downregulated"
"ENSG00000274922.4","ENSG00000274922","ENSG00000274922","lncRNA",5.82138559534763,-1.57426534460245,0.581700979442984,-2.70631372515464,0.00680347389616232,0.0160605870179482,"Downregulated"
"ENSG00000261587.4","ENSG00000261587","CATSPERQ","protein_coding",8.45779702588351,-1.50909016066438,0.5578705519693,-2.705090195812,0.00682858455365391,0.0161119907768727,"Downregulated"
"ENSG00000276122.1","ENSG00000276122","ENSG00000276122","lncRNA",31.0965215997538,-1.6710239885667,0.618046487846416,-2.70371892960574,0.00685682617863393,0.0161707282312063,"Downregulated"
"ENSG00000159915.15","ENSG00000159915","ZNF233","protein_coding",8.51171780025763,-1.44505172505334,0.537059908922225,-2.69067137771143,0.00713083987948929,0.0167430479930856,"Downregulated"
"ENSG00000256628.6","ENSG00000256628","ZBTB11-AS1","lncRNA",22.7812070359597,-1.05007325047124,0.390697737007915,-2.68768705576089,0.00719487914237139,0.0168609619229053,"Downregulated"
"ENSG00000154479.14","ENSG00000154479","CFAP210","protein_coding",6.16305077125836,-2.14929891175332,0.800301985878602,-2.68560986937167,0.00723975676751032,0.0169435052401251,"Downregulated"
"ENSG00000124126.16","ENSG00000124126","PREX1","protein_coding",9.72675981726486,-1.2708435388092,0.473756679544863,-2.68248152201273,0.00730781887764926,0.0170649228448103,"Downregulated"
"ENSG00000293473.2","ENSG00000293473","CENPBD1P","lncRNA",7.71758123475343,-1.23715993082123,0.462121527609946,-2.67713113738655,0.00742555651868273,0.0173026430287162,"Downregulated"
"ENSG00000139160.15","ENSG00000139160","ETFBKMT","protein_coding",11.2434412058858,-1.09406646440184,0.409977112418493,-2.66860376167792,0.00761672478212421,0.0177062252523697,"Downregulated"
"ENSG00000204956.7","ENSG00000204956","PCDHGA1","protein_coding",9.54277678880444,-1.23246564194957,0.461886121174434,-2.66833226946891,0.00762288296246029,0.0177121725015191,"Downregulated"
"ENSG00000182993.7","ENSG00000182993","C12orf60","protein_coding",8.0302926366221,-1.48708294935181,0.55795459872034,-2.66524006211691,0.00769333818195566,0.0178586988519784,"Downregulated"
"ENSG00000204860.5","ENSG00000204860","FAM201A","lncRNA",5.0691141257627,-1.33486957418287,0.501588227782498,-2.66128569261738,0.00778428768938589,0.0180438095320826,"Downregulated"
"ENSG00000285043.4","ENSG00000285043","ENSG00000285043","protein_coding",8.7680161229824,-1.4868160472824,0.559375031111676,-2.65799502049201,0.00786070544640934,0.0182063837828615,"Downregulated"
"ENSG00000287037.2","ENSG00000287037","ENSG00000287037","lncRNA",5.13691727693233,-3.00555776577385,1.13150946224155,-2.65623741212004,0.00790179629432637,0.0182898629447976,"Downregulated"
"ENSG00000258017.4","ENSG00000258017","TUBA1B-AS1","lncRNA",11.9194790753309,-1.05081852651527,0.395710159473935,-2.65552577146932,0.00791848827392061,0.0183255720322034,"Downregulated"
"ENSG00000270175.2","ENSG00000270175","ENSG00000270175","lncRNA",4.01814976983268,-2.35877242039723,0.888757144539781,-2.65401233046476,0.00795409202557231,0.0183991542912361,"Downregulated"
"ENSG00000306779.1","ENSG00000306779","ENSG00000306779","lncRNA",7.08123322447833,-1.26504943042876,0.477187204382716,-2.6510548036702,0.00802408202318976,0.0185462514641254,"Downregulated"
"ENSG00000180549.10","ENSG00000180549","FUT7","protein_coding",7.35550338708228,-1.69837005256064,0.642241543940779,-2.64444128316502,0.00818259019426062,0.018864476152597,"Downregulated"
"ENSG00000229167.3","ENSG00000229167","ENSG00000229167","lncRNA",15.1406328500779,-1.09474029685491,0.415061174820495,-2.63753962853395,0.00835098675442954,0.0192099206420941,"Downregulated"
"ENSG00000006468.17","ENSG00000006468","ETV1","protein_coding",5.22029609121729,-2.54143907494384,0.964828322526697,-2.63408423613469,0.00843645548963197,0.0193849869915564,"Downregulated"
"ENSG00000216895.9","ENSG00000216895","RBM33-DT","lncRNA",11.5552225960861,-1.12290608284032,0.426680750210241,-2.63172426289918,0.0084952779162637,0.0194985061074586,"Downregulated"
"ENSG00000227888.5","ENSG00000227888","FAM66A","lncRNA",22.5524344881817,-1.14968901401359,0.436947634075236,-2.63118260486022,0.00850883040241554,0.0195203372157363,"Downregulated"
"ENSG00000079150.20","ENSG00000079150","FKBP7","protein_coding",13.3943021869454,-1.22836561970081,0.467128588087267,-2.62960917192107,0.00854830798928296,0.0195984938112148,"Downregulated"
"ENSG00000225975.9","ENSG00000225975","ZNF567-DT","lncRNA",5.44490216432888,-1.51390056924568,0.577321672078551,-2.62228258952263,0.00873429752022445,0.0199932774700826,"Downregulated"
"ENSG00000181856.17","ENSG00000181856","SLC2A4","protein_coding",9.95044450961421,-1.63317571209605,0.626511858453706,-2.60677541862798,0.00913992856758508,0.0207969610302156,"Downregulated"
"ENSG00000298775.1","ENSG00000298775","ENSG00000298775","lncRNA",9.50861332468824,-1.26963476555409,0.48961841877545,-2.59311071002902,0.00951121479315542,0.0215436894001889,"Downregulated"
"ENSG00000293268.2","ENSG00000293268","ENSG00000293268","protein_coding",33.44347499759,-1.0676835394603,0.412641385597795,-2.58743688036416,0.00966929092014224,0.0218743933835001,"Downregulated"
"ENSG00000276672.1","ENSG00000276672","ENSG00000276672","lncRNA",9.34772648221167,-1.33261658765909,0.515361499278161,-2.58578995428571,0.00971561169918135,0.0219662439703188,"Downregulated"
"ENSG00000279059.1","ENSG00000279059","ENSG00000279059","TEC",17.5881344309753,-1.00933919232773,0.390684334155323,-2.58351590807952,0.00977989568058695,0.022090125966812,"Downregulated"
"ENSG00000170484.11","ENSG00000170484","KRT74","protein_coding",4.83719719317641,-1.55271067205658,0.601925077333443,-2.5795746522726,0.00989220748609156,0.0223090368640584,"Downregulated"
"ENSG00000160182.4","ENSG00000160182","TFF1","protein_coding",6.53423453867135,-2.26871001009041,0.881290983298236,-2.57430298628468,0.0100442271770101,0.0226061407437848,"Downregulated"
"ENSG00000158806.16","ENSG00000158806","NPM2","protein_coding",17.8845168695884,-1.36556578529316,0.530854220797063,-2.57239319533487,0.0100998113425474,0.0227241835081816,"Downregulated"
"ENSG00000229848.1","ENSG00000229848","ENSG00000229848","lncRNA",5.27816419887424,-1.59291486259212,0.620054178794306,-2.56899302846332,0.0101994509350324,0.0229305682517049,"Downregulated"
"ENSG00000295250.1","ENSG00000295250","ENSG00000295250","lncRNA",5.64631413410574,-1.34522339493937,0.5239295467306,-2.56756543572274,0.0102415457646878,0.0230037943617258,"Downregulated"
"ENSG00000167525.17","ENSG00000167525","PROCA1","protein_coding",6.01005180971669,-1.25717057369265,0.489779003362041,-2.56681189896448,0.0102638272873091,0.0230466974043512,"Downregulated"
"ENSG00000164651.19","ENSG00000164651","SP8","protein_coding",6.64974266274292,-1.53861621621495,0.600023445089161,-2.56426016151139,0.0103396010702135,0.0231973013131039,"Downregulated"
"ENSG00000280202.1","ENSG00000280202","ENSG00000280202","TEC",11.1441348994636,-1.07508111412993,0.419260814308689,-2.56422989566198,0.0103405027934482,0.0231973013131039,"Downregulated"
"ENSG00000162676.15","ENSG00000162676","GFI1","protein_coding",6.57829936118771,-2.0215651322055,0.789860711829879,-2.55939446275548,0.0104854687867467,0.0234934158406823,"Downregulated"
"ENSG00000243943.12","ENSG00000243943","ZNF512","protein_coding",53.8358123235915,-1.01436844379055,0.398103828981107,-2.54799971752769,0.010834255879527,0.0242000672327535,"Downregulated"
"ENSG00000227704.3","ENSG00000227704","ENSG00000227704","lncRNA",12.4937302158013,-1.12107435765141,0.440090816247958,-2.54737048868515,0.0108538132858706,0.0242400157403047,"Downregulated"
"ENSG00000228878.11","ENSG00000228878","SEPTIN7-DT","lncRNA",8.66755245442235,-1.14426298760199,0.449454701041418,-2.54589168819605,0.0108999002785009,0.024339191808326,"Downregulated"
"ENSG00000245573.10","ENSG00000245573","BDNF-AS","lncRNA",11.4144797338132,-1.37640141455292,0.541433961201497,-2.54214089470588,0.0110175751038783,0.0245868029574075,"Downregulated"
"ENSG00000130487.10","ENSG00000130487","KLHDC7B","protein_coding",8.49090735663648,-2.43782415481288,0.959472912009099,-2.54079518483557,0.0110600688152861,0.0246740328311463,"Downregulated"
"ENSG00000267060.9","ENSG00000267060","PTGES3L","protein_coding",11.0779686038651,-1.03946027371786,0.410397172207016,-2.53281538985247,0.0113150527480273,0.0251653996968097,"Downregulated"
"ENSG00000136866.16","ENSG00000136866","ZFP37","protein_coding",10.8381588012642,-1.15150232994381,0.454696080822325,-2.5324659228672,0.0113263378497281,0.0251827689656734,"Downregulated"
"ENSG00000303889.1","ENSG00000303889","ENSG00000303889","lncRNA",61.7542205120384,-1.67144489236936,0.660106348305892,-2.53208425681557,0.0113386741496685,0.025206330077772,"Downregulated"
"ENSG00000257839.2","ENSG00000257839","PHLDA1-DT","lncRNA",6.06827105875249,-1.54886719683531,0.613417633015642,-2.52497990516001,0.0115704905155687,0.0256626183886779,"Downregulated"
"ENSG00000257831.2","ENSG00000257831","ENSG00000257831","lncRNA",6.05401220472695,-1.39400891436392,0.553142359190774,-2.52016301265248,0.0117300496721284,0.0259608857435071,"Downregulated"
"ENSG00000224687.3","ENSG00000224687","RASAL2-AS1","lncRNA",7.82178502718926,-1.36509707222042,0.541998721501079,-2.51863522563254,0.0117810636046343,0.0260460494966095,"Downregulated"
"ENSG00000198513.17","ENSG00000198513","ATL1","protein_coding",4.74881739645893,-1.62726853364986,0.646221779627393,-2.51812703463529,0.0117980760354669,0.0260756013277392,"Downregulated"
"ENSG00000116701.18","ENSG00000116701","NCF2","protein_coding",11.7319440601751,-1.12099331907052,0.445743758469378,-2.51488281724876,0.0119071953475352,0.0262731074059033,"Downregulated"
"ENSG00000272994.3","ENSG00000272994","C2orf49-DT","lncRNA",8.64524883219367,-1.3706237374367,0.545006204042901,-2.51487731198159,0.0119073812753224,0.0262731074059033,"Downregulated"
"ENSG00000099338.24","ENSG00000099338","CATSPERG","protein_coding",8.38277634347252,-1.81389530964939,0.721695797258371,-2.51337934423361,0.011958067448425,0.026368885189071,"Downregulated"
"ENSG00000286536.2","ENSG00000286536","ENSG00000286536","lncRNA",9.77642401715549,-1.0158077027093,0.407460790480682,-2.49301951608877,0.012666188413098,0.0277320444904996,"Downregulated"
"ENSG00000293091.2","ENSG00000293091","ENSG00000293091","lncRNA",11.5184050583491,-1.18341253459657,0.475258046562469,-2.49004207957374,0.0127727971738903,0.0279401323236255,"Downregulated"
"ENSG00000122548.6","ENSG00000122548","KIAA0087","lncRNA",4.97079588951206,-1.30035479198705,0.522668799389842,-2.48791355731407,0.0128494960903149,0.0280824758469074,"Downregulated"
"ENSG00000244355.9","ENSG00000244355","LY6G6D","protein_coding",7.3735736913083,-1.29346477568275,0.520218695950603,-2.48638656348016,0.0129047703706471,0.0281862746362348,"Downregulated"
"ENSG00000016082.17","ENSG00000016082","ISL1","protein_coding",7.22410107657464,-1.15756546090788,0.465868959814445,-2.48474476893446,0.0129644348015851,0.0283032216421327,"Downregulated"
"ENSG00000160298.20","ENSG00000160298","C21orf58","protein_coding",19.0511115848139,-1.00471695643746,0.404793706063673,-2.48204688310894,0.0130630087012989,0.028484670794346,"Downregulated"
"ENSG00000179674.4","ENSG00000179674","ARL14","protein_coding",38.4373812491386,-1.37554307503286,0.55441864091861,-2.48105488075534,0.0130994202846846,0.0285511804430214,"Downregulated"
"ENSG00000154319.18","ENSG00000154319","FAM167A","protein_coding",22.9539567081271,-2.82593680706663,1.13908405468645,-2.48088523005837,0.0131056563164504,0.0285604768929322,"Downregulated"
"ENSG00000237361.6","ENSG00000237361","TUSC8","lncRNA",15.7915494986889,-1.43724874541516,0.579971969992023,-2.47813484061122,0.0132071222447224,0.0287642882497513,"Downregulated"
"ENSG00000162946.25","ENSG00000162946","DISC1","protein_coding",7.35880273594058,-1.10152463615711,0.444899635049761,-2.47589467236561,0.0132902779585963,0.0289280126428323,"Downregulated"
"ENSG00000289294.3","ENSG00000289294","ENSG00000289294","lncRNA",9.57864234883385,-1.11639764709011,0.454091800294177,-2.45852853182301,0.0139507690716243,0.0301978409837161,"Downregulated"
"ENSG00000267288.3","ENSG00000267288","HEXIM2-AS2","lncRNA",9.74757280122661,-1.02179131633142,0.416001844493377,-2.45621823522392,0.0140407861118323,0.0303654786349312,"Downregulated"
"ENSG00000295277.1","ENSG00000295277","ENSG00000295277","lncRNA",5.27420719651276,-1.55148027003774,0.631717734956247,-2.45597073532405,0.0140504598883939,0.0303796515764879,"Downregulated"
"ENSG00000172748.16","ENSG00000172748","ZNF596","protein_coding",5.84338478706155,-1.65028404129123,0.671981277810173,-2.45584824426822,0.0140552497472909,0.0303831562257964,"Downregulated"
"ENSG00000230337.5","ENSG00000230337","EXOSC10-AS1","lncRNA",5.52840297251065,-1.54974099986671,0.631238663819073,-2.4550793363806,0.0140853498546578,0.0304436823405966,"Downregulated"
"ENSG00000289326.3","ENSG00000289326","ENSG00000289326","lncRNA",9.2496434980934,-1.08507754591867,0.442030619809778,-2.45475651977598,0.014098003964192,0.0304664887338309,"Downregulated"
"ENSG00000154016.16","ENSG00000154016","GRAP","protein_coding",7.78750756872137,-1.34601848429025,0.549344324495629,-2.45022734243422,0.0142766042372314,0.030820281335611,"Downregulated"
"ENSG00000150471.19","ENSG00000150471","ADGRL3","protein_coding",9.88567428918889,-1.65704100812819,0.67649587394227,-2.44944732400481,0.0143075635806596,0.0308825158491091,"Downregulated"
"ENSG00000304501.1","ENSG00000304501","ENSG00000304501","lncRNA",8.84138171079866,-1.3109999541391,0.536417404925263,-2.44399220103933,0.0145257405396135,0.031283553559233,"Downregulated"
"ENSG00000163909.10","ENSG00000163909","HEYL","protein_coding",8.25761809133745,-1.16867195459876,0.480541045498776,-2.4319919506267,0.0150160410189881,0.0322007201016832,"Downregulated"
"ENSG00000081041.11","ENSG00000081041","CXCL2","protein_coding",7.64659736854149,-1.71683886619657,0.710089570113474,-2.4177778951495,0.0156156051004177,0.0333249268485593,"Downregulated"
"ENSG00000300168.1","ENSG00000300168","ENSG00000300168","lncRNA",7.61168098674671,-1.0575195163075,0.438742857026248,-2.41034013288616,0.0159376543958115,0.0339210585260831,"Downregulated"
"ENSG00000232347.2","ENSG00000232347","ENSG00000232347","lncRNA",14.7049555520495,-1.00361070753023,0.416524433591371,-2.40948819947215,0.0159749126690221,0.0339853837932279,"Downregulated"
"ENSG00000272549.2","ENSG00000272549","LINC02538","lncRNA",10.2739136904042,-1.28630996602892,0.534314342909659,-2.40740302613664,0.0160664284701641,0.0341650302846102,"Downregulated"
"ENSG00000225528.4","ENSG00000225528","TMA7B","protein_coding",11.0300427256247,-1.87453974097124,0.780779142816699,-2.40085785873934,0.0163566886931984,0.0347109580526917,"Downregulated"
"ENSG00000262468.9","ENSG00000262468","LINC01569","lncRNA",7.45215241255295,-1.1095606477732,0.462171628198516,-2.40075456837998,0.0163613060270822,0.0347156730518998,"Downregulated"
"ENSG00000286532.3","ENSG00000286532","PARTICL","lncRNA",13.0786899025212,-1.0485170286764,0.438766767183065,-2.38969107758092,0.0168625497569791,0.0356435342879435,"Downregulated"
"ENSG00000129437.13","ENSG00000129437","KLK14","protein_coding",6.86324641800254,-1.15614268674438,0.485990388047477,-2.3789414671128,0.0173624327005479,0.0365455881911895,"Downregulated"
"ENSG00000149591.19","ENSG00000149591","TAGLN","protein_coding",46.1308571015324,-1.00971079353886,0.431112205543985,-2.34210671967589,0.0191752310750693,0.0398519215172672,"Downregulated"
"ENSG00000272711.1","ENSG00000272711","HK2-DT","lncRNA",28.7443060861574,-1.31535369283002,0.565762098630024,-2.32492366670569,0.020076042229222,0.0414447299125193,"Downregulated"
"ENSG00000232671.9","ENSG00000232671","ZNF687-AS1","lncRNA",8.20400576656249,-1.29700436262025,0.558934797913631,-2.32049313705579,0.0203142157525437,0.0418767588457842,"Downregulated"
"ENSG00000178460.20","ENSG00000178460","MCMDC2","protein_coding",4.84122740337781,-1.20787366665118,0.522018767550743,-2.31385103703914,0.0206758946876239,0.0425255557497935,"Downregulated"
"ENSG00000008311.18","ENSG00000008311","AASS","protein_coding",19.6027584086993,-2.16142487603508,0.937100199539705,-2.30650348500272,0.0210825156254351,0.0432207973466975,"Downregulated"
"ENSG00000236449.3","ENSG00000236449","ENSG00000236449","lncRNA",7.04764931469148,-1.06166805270723,0.460314455985835,-2.30639737445026,0.0210884385678526,0.0432268248550664,"Downregulated"
"ENSG00000136010.16","ENSG00000136010","ALDH1L2","protein_coding",148.054238145482,-1.26553521088779,0.549909842610299,-2.30135035386997,0.0213718356956905,0.0437273249896862,"Downregulated"
"ENSG00000248456.2","ENSG00000248456","LINC02485","lncRNA",4.06865668421051,-2.63569286528363,1.14921545218597,-2.29347148114844,0.0218208754249637,0.0444640223085734,"Downregulated"
"ENSG00000003436.18","ENSG00000003436","TFPI","protein_coding",58.0940351845656,-1.4001723994818,0.61144986671706,-2.28992183283884,0.0220258483516747,0.0448123816246623,"Downregulated"
"ENSG00000109099.18","ENSG00000109099","PMP22","protein_coding",32.1332805991548,-2.6536253243743,1.16024454523672,-2.28712587813364,0.0221884768116439,0.0450736481573232,"Downregulated"
"ENSG00000168734.16","ENSG00000168734","PKIG","protein_coding",11.0651490849599,-1.18549511491647,0.519874093292086,-2.28035043525512,0.0225869127544453,0.0457995717975965,"Downregulated"
"ENSG00000187187.16","ENSG00000187187","ZNF546","protein_coding",3.97624412984817,-2.80972574508475,1.23668258825901,-2.27198617637227,0.0230873452765923,0.046670638547688,"Downregulated"
"ENSG00000272235.1","ENSG00000272235","ENSG00000272235","lncRNA",120.163176486569,-1.1231906870991,0.496489796029813,-2.26226338603674,0.0236811351418394,0.0477178824354195,"Downregulated"
