"gene_id","ensembl_gene_id","gene_symbol","gene_type","baseMean","log2FoldChange","lfcSE","stat","pvalue","padj","status"
"ENSG00000109107.16","ENSG00000109107","ALDOC","protein_coding",1075.08804940407,3.5233742307548,0.170277876381318,20.6919084594678,4.09673283611375e-95,5.93698522609605e-91,"Upregulated"
"ENSG00000104081.16","ENSG00000104081","BMF","protein_coding",204.481824460357,2.52727479184349,0.134677373964089,18.7653999885488,1.44902786551848e-78,1.04996559135469e-74,"Upregulated"
"ENSG00000151726.18","ENSG00000151726","ACSL1","protein_coding",1210.12537954483,1.69635620394191,0.090542283755855,18.7355137685294,2.54176348673566e-78,1.22784121499244e-74,"Upregulated"
"ENSG00000137819.16","ENSG00000137819","PAQR5","protein_coding",655.095506473035,1.89350749137657,0.109985302567318,17.216004749522,2.01421517753331e-66,7.29750158820318e-63,"Upregulated"
"ENSG00000163817.19","ENSG00000163817","SLC6A20","protein_coding",897.433910145805,2.56893812921429,0.152618694333756,16.8323948807764,1.41270548957121e-63,4.09458559097321e-60,"Upregulated"
"ENSG00000110080.22","ENSG00000110080","ST3GAL4","protein_coding",967.041294816369,1.88167551977601,0.113975925505069,16.5094120660799,3.13926733704313e-61,7.58237704140485e-58,"Upregulated"
"ENSG00000151090.22","ENSG00000151090","THRB","protein_coding",393.596776569517,2.12229249709728,0.131075348372532,16.1913931448457,5.80003873842827e-59,1.05067701746628e-55,"Upregulated"
"ENSG00000180573.11","ENSG00000180573","H2AC6","protein_coding",520.352693818129,1.86976982038159,0.116112598620462,16.1030744518373,2.42737521480426e-58,3.90861351254925e-55,"Upregulated"
"ENSG00000075461.8","ENSG00000075461","CACNG4","protein_coding",461.23620650075,3.44204813226646,0.21457323687587,16.0413674248558,6.56918438941155e-58,9.52006201713522e-55,"Upregulated"
"ENSG00000163131.14","ENSG00000163131","CTSS","protein_coding",250.854213214826,2.00426099586857,0.125229609989287,16.0046892746854,1.18503371582365e-57,1.56122805542875e-54,"Upregulated"
"ENSG00000074416.18","ENSG00000074416","MGLL","protein_coding",1290.09424691004,2.48387214252811,0.155291406472924,15.9949104650629,1.38657506179689e-57,1.67452048296337e-54,"Upregulated"
"ENSG00000116016.16","ENSG00000116016","EPAS1","protein_coding",2291.55917774026,1.53695298418691,0.0984678023150746,15.6086857637892,6.35322342313999e-55,7.08237798831883e-52,"Upregulated"
"ENSG00000261609.11","ENSG00000261609","GAN","protein_coding",755.691819414334,1.90425379872314,0.122406226740614,15.5568376660966,1.4299138345749e-54,1.48016509218996e-51,"Upregulated"
"ENSG00000176387.9","ENSG00000176387","HSD11B2","protein_coding",451.513580613168,1.83088319030509,0.1186334472334,15.4331112599552,9.80283370738125e-54,8.87891663046057e-51,"Upregulated"
"ENSG00000263155.9","ENSG00000263155","MYZAP","protein_coding",396.535936118519,3.13047929567431,0.203415971734701,15.3895452209482,1.92379635021134e-53,1.63997980630957e-50,"Upregulated"
"ENSG00000117139.20","ENSG00000117139","KDM5B","protein_coding",1074.67777936953,1.72912388367263,0.112499342746918,15.3700798729333,2.5984862504871e-53,2.09207015233661e-50,"Upregulated"
"ENSG00000142192.24","ENSG00000142192","APP","protein_coding",8742.38291961826,1.0084295402504,0.0656805763872871,15.3535427932935,3.35360582107088e-53,2.55791871362943e-50,"Upregulated"
"ENSG00000143819.15","ENSG00000143819","EPHX1","protein_coding",968.109898709177,2.16752165621544,0.143167699723129,15.1397393434915,8.85640184159931e-52,6.41734877442286e-49,"Upregulated"
"ENSG00000103811.20","ENSG00000103811","CTSH","protein_coding",1006.37625834311,1.77478417733398,0.117686810448846,15.0805699514256,2.17384272146736e-51,1.43196948725023e-48,"Upregulated"
"ENSG00000204385.15","ENSG00000204385","SLC44A4","protein_coding",427.997488100676,2.12114357346084,0.141418251208097,14.9990793645127,7.44447413092077e-51,4.69066604805669e-48,"Upregulated"
"ENSG00000196139.16","ENSG00000196139","AKR1C3","protein_coding",2014.71308407646,1.51438213442253,0.101431883605113,14.9300405414752,2.10138305776397e-50,1.26888513637981e-47,"Upregulated"
"ENSG00000035862.15","ENSG00000035862","TIMP2","protein_coding",849.523659968999,3.18117445892356,0.215106839456874,14.7888113039816,1.72981807774096e-49,1.00274094330488e-46,"Upregulated"
"ENSG00000173702.9","ENSG00000173702","MUC13","protein_coding",6866.57423586655,1.24083522004243,0.0839844744221478,14.7745786180119,2.13689471773164e-49,1.19107224036027e-46,"Upregulated"
"ENSG00000108828.18","ENSG00000108828","VAT1","protein_coding",4205.96191114588,2.61156431481735,0.177753606223453,14.6920468748992,7.249053824287e-49,3.89086251931731e-46,"Upregulated"
"ENSG00000138449.13","ENSG00000138449","SLC40A1","protein_coding",432.02752748271,1.81129998260388,0.123407105886082,14.6774366808011,8.99261588995835e-49,4.6495991198316e-46,"Upregulated"
"ENSG00000106665.18","ENSG00000106665","CLIP2","protein_coding",2316.32020316918,1.92684845742778,0.131300305648734,14.675125453117,9.30433166402957e-49,4.6495991198316e-46,"Upregulated"
"ENSG00000104419.18","ENSG00000104419","NDRG1","protein_coding",1261.14323640478,2.12661188814795,0.144980727455065,14.6682384995418,1.02983984808836e-48,4.9748130261655e-46,"Upregulated"
"ENSG00000204386.15","ENSG00000204386","NEU1","protein_coding",1298.62372985099,1.64438231162096,0.112453637208423,14.6227578977569,2.01086807167858e-48,9.40048390153742e-46,"Upregulated"
"ENSG00000137747.18","ENSG00000137747","TMPRSS13","protein_coding",410.898439032833,1.27903471708081,0.0875375920696615,14.6112622799011,2.38065896887988e-48,1.07814093053148e-45,"Upregulated"
"ENSG00000153246.15","ENSG00000153246","PLA2R1","protein_coding",521.115185843318,1.58376832341822,0.10945696798336,14.469323905071,1.89323947943172e-47,7.51734746407304e-45,"Upregulated"
"ENSG00000197712.14","ENSG00000197712","FAM114A1","protein_coding",331.214490203488,2.50042911121792,0.17282020351546,14.4683842534315,1.91927861006557e-47,7.51734746407304e-45,"Upregulated"
"ENSG00000119862.15","ENSG00000119862","LGALSL","protein_coding",812.874701867908,1.82572843942828,0.126477863917156,14.4351618764225,3.10914878228037e-47,1.15532779878993e-44,"Upregulated"
"ENSG00000142156.18","ENSG00000142156","COL6A1","protein_coding",557.411336263831,2.77932261747908,0.192891368342562,14.4087454060837,4.55916994331605e-47,1.61149977606186e-44,"Upregulated"
"ENSG00000171940.15","ENSG00000171940","ZNF217","protein_coding",1850.52517691178,1.23304868657204,0.0858547978743718,14.3620242211311,8.95722053398275e-47,3.09066761853519e-44,"Upregulated"
"ENSG00000004799.10","ENSG00000004799","PDK4","protein_coding",264.495746124239,1.98628298962183,0.140500045906842,14.1372408585463,2.23891955125255e-45,7.54567956668651e-43,"Upregulated"
"ENSG00000187867.12","ENSG00000187867","PALM3","protein_coding",108.128126712976,3.94946243240339,0.279607118489838,14.1250425015446,2.66239183725053e-45,8.76895056941698e-43,"Upregulated"
"ENSG00000152484.16","ENSG00000152484","USP12","protein_coding",1506.34233074921,1.13711137932989,0.0809391764989913,14.0489615599692,7.81718861567033e-45,2.51748216485099e-42,"Upregulated"
"ENSG00000130234.15","ENSG00000130234","ACE2","protein_coding",126.779008963732,2.7328808724818,0.195766030702826,13.9599340226208,2.73687089894588e-44,8.43887937606887e-42,"Upregulated"
"ENSG00000162522.13","ENSG00000162522","NHSL3","protein_coding",2214.05568294871,1.16113815637413,0.0838382284133576,13.8497458539944,1.27662971642742e-43,3.85435788551378e-41,"Upregulated"
"ENSG00000079385.25","ENSG00000079385","CEACAM1","protein_coding",2189.73123254249,1.6128602787581,0.117415537612402,13.736344537997,6.1503591508815e-43,1.81900009825663e-40,"Upregulated"
"ENSG00000100196.13","ENSG00000100196","KDELR3","protein_coding",390.787432428904,2.14645748659335,0.157026609641034,13.6693869370306,1.5469296444605e-42,4.48362088150431e-40,"Upregulated"
"ENSG00000141232.7","ENSG00000141232","TOB1","protein_coding",1497.96225066015,1.28862038270471,0.0943276240475096,13.6611135467132,1.7331302324903e-42,4.92480849593127e-40,"Upregulated"
"ENSG00000169710.11","ENSG00000169710","FASN","protein_coding",4707.62520733573,1.2590189592029,0.0921755177440617,13.658930158643,1.78588207714368e-42,4.97711597345504e-40,"Upregulated"
"ENSG00000136943.14","ENSG00000136943","CTSV","protein_coding",322.975527824838,1.3890031975632,0.102235886641525,13.5862586337567,4.83154263436437e-42,1.32110784636242e-39,"Upregulated"
"ENSG00000084764.14","ENSG00000084764","MAPRE3","protein_coding",711.276342230305,1.52855841519464,0.112952102615844,13.5328017787623,1.00133206059384e-41,2.63841894947743e-39,"Upregulated"
"ENSG00000176945.20","ENSG00000176945","MUC20","protein_coding",217.018809776235,1.47806174923014,0.109220171526457,13.5328642005666,1.00048198288353e-41,2.63841894947743e-39,"Upregulated"
"ENSG00000105289.17","ENSG00000105289","TJP3","protein_coding",1702.0408323763,1.57420128209144,0.116422936193043,13.5214016547498,1.16926530101997e-41,3.02589156113953e-39,"Upregulated"
"ENSG00000150961.17","ENSG00000150961","SEC24D","protein_coding",469.124947015263,1.91024328472301,0.14249425802282,13.4057562124158,5.59500613403148e-41,1.42250577007692e-38,"Upregulated"
"ENSG00000197594.16","ENSG00000197594","ENPP1","protein_coding",213.674146371271,2.42423105198601,0.181224571714802,13.376944577919,8.24683334944185e-41,2.06057084310537e-38,"Upregulated"
"ENSG00000102908.25","ENSG00000102908","NFAT5","protein_coding",1332.73770011954,1.74757465155852,0.130666288359225,13.374334524251,8.54147269231386e-41,2.09801732639004e-38,"Upregulated"
"ENSG00000184012.16","ENSG00000184012","TMPRSS2","protein_coding",1403.13830577479,1.2864429523867,0.0966537788492189,13.3098050350785,2.03010795485576e-40,4.90338741362828e-38,"Upregulated"
"ENSG00000110042.9","ENSG00000110042","DTX4","protein_coding",1266.53192545246,1.20763495306201,0.0913833627532565,13.2150417393014,7.18464542360337e-40,1.67935292707839e-37,"Upregulated"
"ENSG00000117984.17","ENSG00000117984","CTSD","protein_coding",1221.05333499249,1.29271233340738,0.09858714338979,13.1123824969378,2.79672464140981e-39,6.43335452433508e-37,"Upregulated"
"ENSG00000142949.20","ENSG00000142949","PTPRF","protein_coding",6732.20162394192,1.34081762130618,0.102612023093264,13.066866638888,5.09200800274115e-39,1.1530215621207e-36,"Upregulated"
"ENSG00000043143.24","ENSG00000043143","JADE2","protein_coding",472.683634360712,1.35631002159428,0.104151196506579,13.0225102263573,9.1125204370654e-39,2.00088857839321e-36,"Upregulated"
"ENSG00000135124.18","ENSG00000135124","P2RX4","protein_coding",416.808985207049,1.47271856121371,0.113196278333753,13.0103090215694,1.06908885188327e-38,2.31242323007349e-36,"Upregulated"
"ENSG00000085552.20","ENSG00000085552","IGSF9","protein_coding",438.968197313474,1.2737931585731,0.0981617870540229,12.9764666761015,1.66380653446476e-38,3.54586533786226e-36,"Upregulated"
"ENSG00000087253.15","ENSG00000087253","LPCAT2","protein_coding",1607.02424013399,1.18287547679114,0.0915791331399458,12.9164301542747,3.63624427006837e-38,7.63716695098998e-36,"Upregulated"
"ENSG00000112511.20","ENSG00000112511","PHF1","protein_coding",915.322853053985,1.92616435570917,0.150694737918511,12.7818952560291,2.06963924711604e-37,4.16572388461189e-35,"Upregulated"
"ENSG00000153071.17","ENSG00000153071","DAB2","protein_coding",244.218639941103,1.4079950684269,0.11070366635226,12.7185947387383,4.66168420369158e-37,9.25440102464361e-35,"Upregulated"
"ENSG00000115828.19","ENSG00000115828","QPCT","protein_coding",1696.97282989712,1.19025815373359,0.0941269671423759,12.6452406772356,1.18860012610242e-36,2.32772878749679e-34,"Upregulated"
"ENSG00000123933.19","ENSG00000123933","MXD4","protein_coding",297.637343650472,1.20201494305102,0.0953778749802755,12.6026601378946,2.04141420534271e-36,3.8926545610298e-34,"Upregulated"
"ENSG00000064787.16","ENSG00000064787","BCAS1","protein_coding",325.023842473564,2.67850374853408,0.212761625634196,12.5892239286575,2.42041299857705e-36,4.5554058669323e-34,"Upregulated"
"ENSG00000083444.19","ENSG00000083444","PLOD1","protein_coding",1284.69573465675,1.01021516974917,0.0804288450032392,12.560359031744,3.48746652425334e-36,6.47953395762557e-34,"Upregulated"
"ENSG00000197746.17","ENSG00000197746","PSAP","protein_coding",9740.16828050384,1.2933475875981,0.103070689620111,12.5481608046381,4.0685023004866e-36,7.4633842200825e-34,"Upregulated"
"ENSG00000154358.24","ENSG00000154358","OBSCN","protein_coding",149.208936822248,1.81506380937754,0.145113235940963,12.5079135449503,6.75759460303695e-36,1.22413826234014e-33,"Upregulated"
"ENSG00000204580.16","ENSG00000204580","DDR1","protein_coding",2751.77917468525,1.1141815865601,0.089110343719038,12.5033923118183,7.1532373041423e-36,1.27981129643988e-33,"Upregulated"
"ENSG00000135549.18","ENSG00000135549","PKIB","protein_coding",200.773355665038,1.63827517008023,0.132111802773843,12.4006722766831,2.59140266652248e-35,4.524651499186e-33,"Upregulated"
"ENSG00000177076.7","ENSG00000177076","ACER2","protein_coding",82.6557261771489,2.62717041619121,0.213174869788746,12.3240155783592,6.72598238804047e-35,1.13340624148235e-32,"Upregulated"
"ENSG00000065989.18","ENSG00000065989","PDE4A","protein_coding",571.199524316504,1.33292476944073,0.108805761589045,12.2504980432482,1.6696737198691e-34,2.74964903958442e-32,"Upregulated"
"ENSG00000148344.12","ENSG00000148344","PTGES","protein_coding",545.893255312037,1.32437249005744,0.108138676209013,12.2469826382714,1.74363289932863e-34,2.83918291877197e-32,"Upregulated"
"ENSG00000187134.16","ENSG00000187134","AKR1C1","protein_coding",775.816057533693,4.77978774891655,0.391005103828037,12.2243615290983,2.30384659005201e-34,3.70970497589263e-32,"Upregulated"
"ENSG00000213445.13","ENSG00000213445","SIPA1","protein_coding",313.536954577769,2.35338825367878,0.192580741707155,12.220267887728,2.42284996872537e-34,3.85845513700748e-32,"Upregulated"
"ENSG00000106211.12","ENSG00000106211","HSPB1","protein_coding",758.996227463093,2.48571768422569,0.203565909326561,12.2108740724268,2.71951719731574e-34,4.28383078516301e-32,"Upregulated"
"ENSG00000104549.14","ENSG00000104549","SQLE","protein_coding",2821.92417428338,1.63343546275965,0.134585752996683,12.136763560701,6.74411657895119e-34,1.03974188789533e-31,"Upregulated"
"ENSG00000067064.14","ENSG00000067064","IDI1","protein_coding",1537.34759340842,1.66536166966714,0.138538459755114,12.020933916913,2.75836062196788e-33,4.16397522224567e-31,"Upregulated"
"ENSG00000134202.14","ENSG00000134202","GSTM3","protein_coding",127.275050368458,1.8725078698681,0.156502586408039,11.9647087811445,5.4388070219778e-33,7.96153448106084e-31,"Upregulated"
"ENSG00000096696.18","ENSG00000096696","DSP","protein_coding",4683.08448641143,1.00080607896828,0.0837595214954953,11.9485649046133,6.60560248360489e-33,9.5728391192402e-31,"Upregulated"
"ENSG00000137801.13","ENSG00000137801","THBS1","protein_coding",1181.24671211593,2.12667771833568,0.179154410510289,11.870641154065,1.68173800063535e-32,2.34343722165456e-30,"Upregulated"
"ENSG00000146648.23","ENSG00000146648","EGFR","protein_coding",1828.89621994995,1.17600907904253,0.0991070281480128,11.8660512883729,1.77656784127666e-32,2.45200201483632e-30,"Upregulated"
"ENSG00000123989.17","ENSG00000123989","CHPF","protein_coding",977.981969702469,1.45843561224866,0.123396902127693,11.8190618005908,3.11139811001334e-32,4.2538095670107e-30,"Upregulated"
"ENSG00000052795.15","ENSG00000052795","FNIP2","protein_coding",617.808228018756,1.32444561817084,0.112239293529115,11.800195604646,3.89405233118625e-32,5.27407536294871e-30,"Upregulated"
"ENSG00000103355.16","ENSG00000103355","PRSS33","protein_coding",57.2063610412751,2.22200790441079,0.188379653528213,11.795371011647,4.12379193912366e-32,5.53351785016482e-30,"Upregulated"
"ENSG00000164120.15","ENSG00000164120","HPGD","protein_coding",257.708049551756,1.3513637627548,0.114890147184348,11.7622250112228,6.11025203434604e-32,8.12383233777457e-30,"Upregulated"
"ENSG00000117115.15","ENSG00000117115","PADI2","protein_coding",462.536865492088,1.419972359818,0.120814370427221,11.7533398948877,6.78817691228846e-32,8.86254592908868e-30,"Upregulated"
"ENSG00000115616.5","ENSG00000115616","SLC9A2","protein_coding",424.490439501366,1.41111840008904,0.120356767391733,11.7244624516724,9.55053685701972e-32,1.23577125117794e-29,"Upregulated"
"ENSG00000138119.19","ENSG00000138119","MYOF","protein_coding",1114.24857345953,1.30301329411222,0.111193371418055,11.7184439818204,1.02538046569043e-31,1.31502776183944e-29,"Upregulated"
"ENSG00000135919.16","ENSG00000135919","SERPINE2","protein_coding",2541.57671598544,1.32862773416424,0.113553260428342,11.7004807184967,1.26733511882436e-31,1.59706265582632e-29,"Upregulated"
"ENSG00000117266.18","ENSG00000117266","CDK18","protein_coding",366.781868602999,1.1828924537454,0.101601069489472,11.6425197066255,2.50503822930465e-31,3.10282171103274e-29,"Upregulated"
"ENSG00000139112.13","ENSG00000139112","GABARAPL1","protein_coding",664.122842399309,1.93400711647566,0.166703900766855,11.6014508813473,4.05150539555713e-31,4.85243109028215e-29,"Upregulated"
"ENSG00000163898.12","ENSG00000163898","LIPH","protein_coding",549.233116671393,1.35368724964361,0.117125125603272,11.5576162046463,6.75582226601508e-31,7.89559486121697e-29,"Upregulated"
"ENSG00000052802.15","ENSG00000052802","MSMO1","protein_coding",3197.0553112632,1.93338273722394,0.167782703876988,11.523134939114,1.00872883867931e-30,1.16019828016988e-28,"Upregulated"
"ENSG00000130962.21","ENSG00000130962","PRRG1","protein_coding",196.079658642559,1.55124011573398,0.135346833298321,11.461222090914,2.06579101638934e-30,2.28530102362704e-28,"Upregulated"
"ENSG00000266524.5","ENSG00000266524","GDF10","protein_coding",49.8847627338155,2.81263181523813,0.245873119763925,11.4393627816602,2.65830762049851e-30,2.91849954820185e-28,"Upregulated"
"ENSG00000112902.14","ENSG00000112902","SEMA5A","protein_coding",1113.14223668498,1.93406525160941,0.169264860381203,11.4262656008676,3.09118961797714e-30,3.36823458223495e-28,"Upregulated"
"ENSG00000149177.16","ENSG00000149177","PTPRJ","protein_coding",1467.94397159417,1.55738566254921,0.136419168228238,11.4161791394564,3.47163550372666e-30,3.7267364237042e-28,"Upregulated"
"ENSG00000189077.13","ENSG00000189077","TMEM120A","protein_coding",567.677081047688,1.77679279035066,0.155663845288408,11.4142933258438,3.54775700971655e-30,3.78044813123619e-28,"Upregulated"
"ENSG00000134531.12","ENSG00000134531","EMP1","protein_coding",1267.82892741918,1.63097298442211,0.143343301221532,11.378090015532,5.37643273365511e-30,5.68724548730875e-28,"Upregulated"
"ENSG00000169908.14","ENSG00000169908","TM4SF1","protein_coding",1649.37312849277,1.62792072139908,0.143656008059507,11.3320754445908,9.10219998594685e-30,9.55862914466245e-28,"Upregulated"
"ENSG00000166923.13","ENSG00000166923","GREM1","protein_coding",383.10700496285,3.30905733644325,0.292820293461229,11.3006421014375,1.30262042904356e-29,1.35809893940282e-27,"Upregulated"
"ENSG00000114455.17","ENSG00000114455","HHLA2","protein_coding",79.0614582014385,2.70021892895971,0.239034377573303,11.2963622905314,1.36766715662984e-29,1.41573088813426e-27,"Upregulated"
"ENSG00000122729.21","ENSG00000122729","ACO1","protein_coding",419.44346565107,1.27968351815576,0.113592103895948,11.2656027511205,1.94019740627661e-29,1.99413764622416e-27,"Upregulated"
"ENSG00000171621.16","ENSG00000171621","SPSB1","protein_coding",278.742602482897,1.54500580087859,0.137311906755088,11.2517977310904,2.269192056705e-29,2.29965953047334e-27,"Upregulated"
"ENSG00000125775.17","ENSG00000125775","SDCBP2","protein_coding",190.468986881797,3.05482235330766,0.272279325488186,11.2194429299047,3.27325813015866e-29,3.24904498782598e-27,"Upregulated"
"ENSG00000030582.21","ENSG00000030582","GRN","protein_coding",1378.30083101663,1.03184572536453,0.0924634018349889,11.1595042458634,6.43494025895664e-29,6.25873518340937e-27,"Upregulated"
"ENSG00000175155.12","ENSG00000175155","YPEL2","protein_coding",304.872008785038,1.8180317009728,0.163035755576829,11.151122614426,7.07085936491206e-29,6.8313929277537e-27,"Upregulated"
"ENSG00000100439.13","ENSG00000100439","ABHD4","protein_coding",342.832450330351,2.25712266125825,0.202604761179267,11.140521319048,7.96517240994229e-29,7.59416306347919e-27,"Upregulated"
"ENSG00000184292.7","ENSG00000184292","TACSTD2","protein_coding",270.196831224201,2.00105044777435,0.179956208159103,11.1196522100821,1.00663631328152e-28,9.53475389024562e-27,"Upregulated"
"ENSG00000107738.22","ENSG00000107738","VSIR","protein_coding",327.768441859916,1.74314993063558,0.157141895834367,11.092840145399,1.35903145360335e-28,1.24652429276075e-26,"Upregulated"
"ENSG00000170275.17","ENSG00000170275","CRTAP","protein_coding",2458.04384003368,1.35866516818798,0.122868060574163,11.0579198681816,2.00698010360382e-28,1.80653140754202e-26,"Upregulated"
"ENSG00000205213.16","ENSG00000205213","LGR4","protein_coding",1201.86400860403,1.46808699721096,0.132841222845747,11.0514414559077,2.15722947516746e-28,1.92978824408191e-26,"Upregulated"
"ENSG00000204388.7","ENSG00000204388","HSPA1B","protein_coding",1341.97614864302,1.71827684150585,0.155532668613284,11.047690860228,2.24926004108243e-28,1.99977156535991e-26,"Upregulated"
"ENSG00000102760.15","ENSG00000102760","RGCC","protein_coding",539.410090863207,1.12850379325337,0.102308424925252,11.0304092168155,2.72621723629784e-28,2.40904513344075e-26,"Upregulated"
"ENSG00000151135.12","ENSG00000151135","TMEM263","protein_coding",605.106390911211,1.54772299789058,0.140837701043467,10.9894082793421,4.29734141476966e-28,3.75163083029168e-26,"Upregulated"
"ENSG00000005001.12","ENSG00000005001","PRSS22","protein_coding",569.741971522961,2.54226320160687,0.231611272838571,10.9764225654888,4.96186198836607e-28,4.30582658295815e-26,"Upregulated"
"ENSG00000116005.14","ENSG00000116005","PCYOX1","protein_coding",1314.97754301164,1.02013874328324,0.0930596091850552,10.9622074734338,5.8065471181776e-28,5.00883814503749e-26,"Upregulated"
"ENSG00000187720.16","ENSG00000187720","THSD4","protein_coding",418.104109442563,2.47727122827208,0.226350298090566,10.9444133679952,7.06737397863478e-28,6.06037773363167e-26,"Upregulated"
"ENSG00000148671.17","ENSG00000148671","ADIRF","protein_coding",816.324553119162,1.08925403417658,0.0996748046020268,10.9280779483407,8.46218016940335e-28,7.21375970676431e-26,"Upregulated"
"ENSG00000132471.13","ENSG00000132471","WBP2","protein_coding",1621.51263132267,1.26061538707669,0.115712594274984,10.8943662958667,1.22617168434026e-27,1.03312093310808e-25,"Upregulated"
"ENSG00000108861.11","ENSG00000108861","DUSP3","protein_coding",1237.74808705222,1.0026687552055,0.0921448392180953,10.8814423435295,1.41309084124537e-27,1.18372904458543e-25,"Upregulated"
"ENSG00000155465.23","ENSG00000155465","SLC7A7","protein_coding",233.800307195095,2.06923236575966,0.190420429875539,10.866651057936,1.6618952509567e-27,1.36841965777639e-25,"Upregulated"
"ENSG00000095203.17","ENSG00000095203","EPB41L4B","protein_coding",3504.69060294772,1.01832183285315,0.0938507857882763,10.8504348077643,1.98478899134273e-27,1.62506000353327e-25,"Upregulated"
"ENSG00000240184.8","ENSG00000240184","PCDHGC3","protein_coding",116.366295571371,1.52911021964157,0.141433769770506,10.8114930551787,3.0368655066048e-27,2.4450141623176e-25,"Upregulated"
"ENSG00000196562.18","ENSG00000196562","SULF2","protein_coding",132.971030616494,2.32427076728236,0.215104415702387,10.8053140596526,3.24843476249049e-27,2.60090146839846e-25,"Upregulated"
"ENSG00000169991.12","ENSG00000169991","IFFO2","protein_coding",512.185073703172,1.79034804487338,0.165754631466433,10.8011946877993,3.39753758130129e-27,2.70533596858343e-25,"Upregulated"
"ENSG00000138798.15","ENSG00000138798","EGF","protein_coding",57.8195060017863,3.07665465813466,0.286724237592376,10.7303612836129,7.33089950195457e-27,5.65103167991093e-25,"Upregulated"
"ENSG00000114812.15","ENSG00000114812","VIPR1","protein_coding",417.354230693248,1.09506162032797,0.102080875500482,10.7273925204805,7.57021761524523e-27,5.77408387790178e-25,"Upregulated"
"ENSG00000113615.15","ENSG00000113615","SEC24A","protein_coding",1196.30944078241,1.40607002151513,0.131080073835932,10.7268021779959,7.61872163211112e-27,5.78065517762065e-25,"Upregulated"
"ENSG00000168679.20","ENSG00000168679","SLC16A4","protein_coding",281.950905778487,2.70485471680674,0.252329773848334,10.7195226134215,8.24276695186522e-27,6.22157180554327e-25,"Upregulated"
"ENSG00000141458.15","ENSG00000141458","NPC1","protein_coding",1235.27717960554,1.18524602460851,0.111044676262247,10.6735961101763,1.35286987991356e-26,1.01584405697965e-24,"Upregulated"
"ENSG00000109929.12","ENSG00000109929","SC5D","protein_coding",1858.08054461256,1.10044768610223,0.103809503299426,10.6006449421892,2.95932304604405e-26,2.21064482387992e-24,"Upregulated"
"ENSG00000268621.7","ENSG00000268621","IGFL2-AS1","lncRNA",201.082190884855,4.43380428238448,0.418842957416538,10.5858394032278,3.46659545049551e-26,2.56315822798882e-24,"Upregulated"
"ENSG00000101955.17","ENSG00000101955","SRPX","protein_coding",75.6569865477263,5.21422613031718,0.493439864339876,10.5670954196065,4.2340542474733e-26,3.09898556335268e-24,"Upregulated"
"ENSG00000156804.9","ENSG00000156804","FBXO32","protein_coding",208.938126085102,2.57817490919626,0.244814396533278,10.5311409202433,6.20774604358103e-26,4.49813278317881e-24,"Upregulated"
"ENSG00000095383.21","ENSG00000095383","TBC1D2","protein_coding",215.69856551163,1.28983295465301,0.12253900817379,10.5258968052337,6.56334327234926e-26,4.7321378459147e-24,"Upregulated"
"ENSG00000057704.15","ENSG00000057704","TMCC3","protein_coding",557.553060295879,1.92340856129868,0.183217669588489,10.49794250532,8.82833717506749e-26,6.33367635351871e-24,"Upregulated"
"ENSG00000176871.11","ENSG00000176871","WSB2","protein_coding",1906.28739211832,1.13855589240302,0.108572619604788,10.4865839706865,9.95631626683837e-26,7.10773080487791e-24,"Upregulated"
"ENSG00000163121.12","ENSG00000163121","NEURL3","protein_coding",118.878194763695,4.37037975247805,0.420047999575566,10.4044770047567,2.36551439917689e-25,1.63243022251769e-23,"Upregulated"
"ENSG00000198944.6","ENSG00000198944","SOWAHA","protein_coding",146.358453715217,1.49513128020672,0.144024612282688,10.3810817922711,3.02329716915908e-25,2.05697758570204e-23,"Upregulated"
"ENSG00000138166.8","ENSG00000138166","DUSP5","protein_coding",1358.08744933765,3.89582280968072,0.375336678774563,10.3795419685606,3.07245701197881e-25,2.08065640269144e-23,"Upregulated"
"ENSG00000083857.17","ENSG00000083857","FAT1","protein_coding",6176.2365079742,1.08750028038917,0.105172047321779,10.3402026306658,4.63556318615138e-25,3.12458519505608e-23,"Upregulated"
"ENSG00000153094.27","ENSG00000153094","BCL2L11","protein_coding",406.266291264061,1.494635961802,0.144799942038073,10.3220756912251,5.59992267418255e-25,3.73981932692413e-23,"Upregulated"
"ENSG00000065833.11","ENSG00000065833","ME1","protein_coding",2222.07316596819,1.01857300695947,0.0987140754920326,10.3184171242294,5.81742801283981e-25,3.86725535605846e-23,"Upregulated"
"ENSG00000182704.10","ENSG00000182704","TSKU","protein_coding",884.478437112599,1.2284603653656,0.119165650130229,10.3088462490918,6.42682107051262e-25,4.25285346821319e-23,"Upregulated"
"ENSG00000172594.15","ENSG00000172594","SMPDL3A","protein_coding",315.754901472495,1.62419912990111,0.157978683777946,10.281128384283,8.57180986413304e-25,5.59561570049622e-23,"Upregulated"
"ENSG00000090339.11","ENSG00000090339","ICAM1","protein_coding",139.539773330186,3.00546619099887,0.294110198025846,10.2188438591128,1.63276575622396e-24,1.04699297961052e-22,"Upregulated"
"ENSG00000153208.21","ENSG00000153208","MERTK","protein_coding",253.235751896059,1.65888344747225,0.162562119265522,10.2046125811309,1.89074209242736e-24,1.19653425342608e-22,"Upregulated"
"ENSG00000198355.7","ENSG00000198355","PIM3","protein_coding",913.07012869048,1.25657731966366,0.123133491332615,10.2050003298398,1.88320515199368e-24,1.19653425342608e-22,"Upregulated"
"ENSG00000170385.11","ENSG00000170385","SLC30A1","protein_coding",2787.04017696901,1.56082322563506,0.153363637857761,10.1772704888669,2.50488968565678e-24,1.55797688088146e-22,"Upregulated"
"ENSG00000124253.13","ENSG00000124253","PCK1","protein_coding",2481.76496864851,3.20936341525931,0.315412880891619,10.1751184231506,2.56088298592537e-24,1.57924749923534e-22,"Upregulated"
"ENSG00000074276.13","ENSG00000074276","CDHR2","protein_coding",135.575447738306,1.26440792288814,0.124357566059411,10.1675190577795,2.76870867225819e-24,1.70017483382906e-22,"Upregulated"
"ENSG00000087510.9","ENSG00000087510","TFAP2C","protein_coding",277.371979301968,2.15645760739071,0.21311157954404,10.118913350483,4.55443850745998e-24,2.73871049170581e-22,"Upregulated"
"ENSG00000148842.20","ENSG00000148842","CNNM2","protein_coding",183.875493680358,1.85995607662548,0.183907350232422,10.1135494273332,4.81090531310854e-24,2.88097685113921e-22,"Upregulated"
"ENSG00000039523.22","ENSG00000039523","RIPOR1","protein_coding",732.043298696748,1.34445089991383,0.133213865024098,10.0924246862038,5.96769115477919e-24,3.54441722192869e-22,"Upregulated"
"ENSG00000105519.19","ENSG00000105519","CAPS","protein_coding",80.5197239209317,2.16435223883819,0.215107191280572,10.0617381778517,8.15457007759557e-24,4.80390364083394e-22,"Upregulated"
"ENSG00000159921.22","ENSG00000159921","GNE","protein_coding",847.974467399787,3.10355454306002,0.309513310883914,10.0272086334408,1.15742439465987e-23,6.76346545460115e-22,"Upregulated"
"ENSG00000154917.13","ENSG00000154917","RAB6B","protein_coding",654.448193833286,2.57364979239477,0.257056460131898,10.0120019978265,1.34992701991667e-23,7.82525694905297e-22,"Upregulated"
"ENSG00000144366.19","ENSG00000144366","GULP1","protein_coding",237.105250511759,2.07919161703637,0.20822938195353,9.98510199439758,1.7711883267946e-23,1.01857385840902e-21,"Upregulated"
"ENSG00000121900.21","ENSG00000121900","TMEM54","protein_coding",1450.45206263024,1.26176313997498,0.126494316169765,9.97486035879744,1.96377491574723e-23,1.12486269086992e-21,"Upregulated"
"ENSG00000068366.23","ENSG00000068366","ACSL4","protein_coding",547.839181731244,1.69266244083503,0.169852717750109,9.96547163481547,2.15846939799444e-23,1.23151726439903e-21,"Upregulated"
"ENSG00000143891.19","ENSG00000143891","GALM","protein_coding",334.045750757984,1.31133344654717,0.13160719298849,9.96399525565332,2.1907772718885e-23,1.2450487931062e-21,"Upregulated"
"ENSG00000167508.14","ENSG00000167508","MVD","protein_coding",459.35031242648,1.50629860069542,0.151595400727607,9.93630805067762,2.89353030326082e-23,1.61903633802532e-21,"Upregulated"
"ENSG00000189143.10","ENSG00000189143","CLDN4","protein_coding",7171.56759190504,1.20151018099911,0.121029652110537,9.92740340938738,3.16387069410657e-23,1.76349284996124e-21,"Upregulated"
"ENSG00000184613.13","ENSG00000184613","NELL2","protein_coding",433.600987091161,1.39624614334549,0.140768165409294,9.91876351649392,3.45003507448253e-23,1.90106115206847e-21,"Upregulated"
"ENSG00000186480.15","ENSG00000186480","INSIG1","protein_coding",8130.96701682592,1.83257955238729,0.184846302913824,9.91407198033949,3.61601131318268e-23,1.98497105873649e-21,"Upregulated"
"ENSG00000114796.18","ENSG00000114796","KLHL24","protein_coding",1142.12365462522,1.53050920195635,0.154425141677508,9.91101050859042,3.72855737433221e-23,2.03902843278575e-21,"Upregulated"
"ENSG00000101000.8","ENSG00000101000","PROCR","protein_coding",243.332392865087,1.72905549358668,0.174482734399215,9.90960795943635,3.78126976804344e-23,2.06008125858968e-21,"Upregulated"
"ENSG00000166557.16","ENSG00000166557","TMED3","protein_coding",1957.27646984203,1.06504292468951,0.107525127161685,9.90506082441555,3.95729185441835e-23,2.14790537656295e-21,"Upregulated"
"ENSG00000167107.15","ENSG00000167107","ACSF2","protein_coding",548.268594568613,1.22217998875103,0.123496884384753,9.89644390495992,4.31340371575926e-23,2.31517950551049e-21,"Upregulated"
"ENSG00000112379.11","ENSG00000112379","ARFGEF3","protein_coding",596.754627588036,1.11024016214473,0.112269322321967,9.8890786831399,4.64280966489605e-23,2.47366167881153e-21,"Upregulated"
"ENSG00000159713.13","ENSG00000159713","TPPP3","protein_coding",183.586630688286,1.26666554007325,0.128167338577491,9.88290428850098,4.93805789265129e-23,2.62133095165943e-21,"Upregulated"
"ENSG00000163501.8","ENSG00000163501","IHH","protein_coding",1147.83451577392,1.02771680557297,0.104063362374954,9.8758754485557,5.29683962878116e-23,2.80152554380644e-21,"Upregulated"
"ENSG00000052344.18","ENSG00000052344","PRSS8","protein_coding",3517.92660873589,1.23579315721091,0.125895115086536,9.81605327864765,9.60298309270244e-23,5.02405888012433e-21,"Upregulated"
"ENSG00000166974.15","ENSG00000166974","MAPRE2","protein_coding",220.221834123094,2.11726781195976,0.215711147574722,9.81529158675653,9.67578500994909e-23,5.04393799871159e-21,"Upregulated"
"ENSG00000007047.18","ENSG00000007047","MARK4","protein_coding",630.038100648197,1.56497729786732,0.159589498922425,9.80626738246756,1.05810269580775e-22,5.49606604575125e-21,"Upregulated"
"ENSG00000159200.19","ENSG00000159200","RCAN1","protein_coding",342.406013387514,1.31175795570759,0.134469370946087,9.75506873036182,1.75481770622104e-22,9.01802063778555e-21,"Upregulated"
"ENSG00000170456.18","ENSG00000170456","DENND5B","protein_coding",91.4721963594203,2.01132371307195,0.206547305636926,9.73783563464877,2.07935813761766e-22,1.06105838487166e-20,"Upregulated"
"ENSG00000007171.21","ENSG00000007171","NOS2","protein_coding",149.723693412196,2.53603356065517,0.26099980455665,9.71661095671329,2.56165765475241e-22,1.29350323110355e-20,"Upregulated"
"ENSG00000108840.19","ENSG00000108840","HDAC5","protein_coding",673.20054924163,1.48959092918219,0.153687125424541,9.6923598841958,3.24932490433975e-22,1.629384654453e-20,"Upregulated"
"ENSG00000103485.21","ENSG00000103485","QPRT","protein_coding",1901.21514979889,1.2481277983778,0.128875537598808,9.68475338014296,3.50052339806181e-22,1.74929603740385e-20,"Upregulated"
"ENSG00000165185.17","ENSG00000165185","KIAA1958","protein_coding",455.778888993436,1.02591636336722,0.106161356533003,9.66374580046268,4.29852723694675e-22,2.14069610714201e-20,"Upregulated"
"ENSG00000135924.19","ENSG00000135924","DNAJB2","protein_coding",534.573574989367,1.17778341195405,0.122308664788486,9.62959912930819,5.99629434289895e-22,2.92586860664281e-20,"Upregulated"
"ENSG00000124466.9","ENSG00000124466","LYPD3","protein_coding",59.9072259506925,2.44312523096849,0.253848949958623,9.62432671620942,6.31189178113426e-22,3.06461348722388e-20,"Upregulated"
"ENSG00000049283.21","ENSG00000049283","EPN3","protein_coding",115.81894520704,1.81277936712219,0.188823351014371,9.60039824197496,7.96361284333743e-22,3.82147938164391e-20,"Upregulated"
"ENSG00000189325.9","ENSG00000189325","BNIP5","protein_coding",201.333862858001,2.31334760000512,0.241343212456109,9.58530209514728,9.21874632151988e-22,4.39467341090349e-20,"Upregulated"
"ENSG00000100292.19","ENSG00000100292","HMOX1","protein_coding",162.812093648112,2.4683618963727,0.257574893763182,9.58308420634406,9.41893811883414e-22,4.46075984373021e-20,"Upregulated"
"ENSG00000110422.14","ENSG00000110422","HIPK3","protein_coding",2063.74254324228,1.02106394810988,0.1065814495347,9.58012817959898,9.69245714553433e-22,4.57534491703855e-20,"Upregulated"
"ENSG00000188211.10","ENSG00000188211","NCR3LG1","protein_coding",598.773941186953,1.29389529837201,0.135232737976533,9.56791467607895,1.09083612048621e-21,5.08308587076723e-20,"Upregulated"
"ENSG00000002933.11","ENSG00000002933","TMEM176A","protein_coding",343.305852735284,1.02861947932324,0.107724042226792,9.54865281751761,1.3139371891878e-21,6.04494531609829e-20,"Upregulated"
"ENSG00000167994.15","ENSG00000167994","RAB3IL1","protein_coding",231.73717453681,1.83284349932938,0.192100591312769,9.54106120550786,1.41378111576907e-21,6.4659171507237e-20,"Upregulated"
"ENSG00000186866.19","ENSG00000186866","POFUT2","protein_coding",481.405453143065,1.63388492958314,0.171248481606778,9.54101849110043,1.41436360528527e-21,6.4659171507237e-20,"Upregulated"
"ENSG00000138771.18","ENSG00000138771","SHROOM3","protein_coding",1597.25692531783,1.00568782221707,0.105615043117626,9.52220244891638,1.69546949689694e-21,7.72664904057561e-20,"Upregulated"
"ENSG00000218980.2","ENSG00000218980","FTH1P15","processed_pseudogene",133.3792121801,2.24049797057586,0.235890921796992,9.49802541576412,2.13907808880653e-21,9.68734989468259e-20,"Upregulated"
"ENSG00000167705.14","ENSG00000167705","RILP","protein_coding",94.726061110981,1.7535213258913,0.184681462337847,9.49484211189261,2.20545343865662e-21,9.95683215981673e-20,"Upregulated"
"ENSG00000140961.16","ENSG00000140961","OSGIN1","protein_coding",156.298188511374,2.54727707241587,0.26858466399189,9.48407490791353,2.44542469677429e-21,1.09379921931028e-19,"Upregulated"
"ENSG00000167074.17","ENSG00000167074","TEF","protein_coding",225.583047726955,1.03961360216296,0.109729739034387,9.4743103493317,2.68528615250117e-21,1.1973897514476e-19,"Upregulated"
"ENSG00000141574.10","ENSG00000141574","SECTM1","protein_coding",106.231820918203,2.91519523875038,0.307989416179736,9.46524486104136,2.92874063577216e-21,1.29796052885658e-19,"Upregulated"
"ENSG00000079459.16","ENSG00000079459","FDFT1","protein_coding",5414.31422503536,1.2135826163034,0.12822401681227,9.46454998426843,2.94827812252072e-21,1.30263556559665e-19,"Upregulated"
"ENSG00000167468.21","ENSG00000167468","GPX4","protein_coding",2220.49096259887,1.13536265994935,0.120081922538439,9.45490075399079,3.23328547419116e-21,1.4242180271118e-19,"Upregulated"
"ENSG00000171431.6","ENSG00000171431","KRT20","protein_coding",5153.54229443062,1.15619093073044,0.122601320090501,9.43049332484329,4.08164697909104e-21,1.77099485092777e-19,"Upregulated"
"ENSG00000131981.18","ENSG00000131981","LGALS3","protein_coding",6357.41005114959,1.06420728172412,0.113038048115085,9.41459357685154,4.74916127312826e-21,2.04835848720758e-19,"Upregulated"
"ENSG00000112769.22","ENSG00000112769","LAMA4","protein_coding",27.4805122793982,2.47484387249693,0.263112655023406,9.40602371359434,5.15261463073194e-21,2.20922163398128e-19,"Upregulated"
"ENSG00000169174.15","ENSG00000169174","PCSK9","protein_coding",1874.14756907732,1.19906611714353,0.127793577097902,9.3828355412959,6.42219023801666e-21,2.73736414498051e-19,"Upregulated"
"ENSG00000165312.7","ENSG00000165312","OTUD1","protein_coding",307.42469369664,1.5678654552892,0.167213455738024,9.37643115124421,6.82435710175292e-21,2.89177143621647e-19,"Upregulated"
"ENSG00000115339.17","ENSG00000115339","GALNT3","protein_coding",4350.38642099213,1.06786434998692,0.113988078226282,9.36821083926917,7.37724089164393e-21,3.0988688406291e-19,"Upregulated"
"ENSG00000187446.14","ENSG00000187446","CHP1","protein_coding",2822.672534443,1.09836645953316,0.117369847955429,9.35816548003248,8.11331034570245e-21,3.38795916563945e-19,"Upregulated"
"ENSG00000260912.1","ENSG00000260912","ENSG00000260912","lncRNA",73.7368734234388,2.29626213074872,0.245410220379768,9.35683170487068,8.21635118952301e-21,3.41178686070394e-19,"Upregulated"
"ENSG00000272398.7","ENSG00000272398","CD24","protein_coding",2222.30975750213,1.46986566458975,0.157191976382834,9.35076775808175,8.70137805501167e-21,3.60286773637797e-19,"Upregulated"
"ENSG00000172183.18","ENSG00000172183","ISG20","protein_coding",229.017164410141,1.6881439257083,0.180792923198455,9.33744471765213,9.8687007189009e-21,4.07456441077812e-19,"Upregulated"
"ENSG00000064393.18","ENSG00000064393","HIPK2","protein_coding",815.277702725796,1.13910771427171,0.122060789866237,9.3322984024602,1.03599531422053e-20,4.24114239934573e-19,"Upregulated"
"ENSG00000138193.19","ENSG00000138193","PLCE1","protein_coding",166.062127113791,1.40078172198518,0.150956396325495,9.27937971548278,1.70468048612118e-20,6.86228600135225e-19,"Upregulated"
"ENSG00000102996.7","ENSG00000102996","MMP15","protein_coding",884.057532945587,1.15237992523469,0.124243559520869,9.27516830392421,1.77338842316366e-20,7.11909834584149e-19,"Upregulated"
"ENSG00000165434.10","ENSG00000165434","PGM2L1","protein_coding",275.087391357537,1.51036582724862,0.163717800545275,9.22542217289894,2.82446044814657e-20,1.11228480474294e-18,"Upregulated"
"ENSG00000172893.20","ENSG00000172893","DHCR7","protein_coding",2358.76402872387,1.13680041074643,0.123352710103709,9.21585273473651,3.08813828414989e-20,1.21282655864228e-18,"Upregulated"
"ENSG00000135750.17","ENSG00000135750","KCNK1","protein_coding",566.008906483232,1.19790632754047,0.130307505422285,9.19291888566543,3.82323303495808e-20,1.49343108201112e-18,"Upregulated"
"ENSG00000214944.12","ENSG00000214944","ARHGEF28","protein_coding",180.967903178628,2.20032638710438,0.239376312512774,9.19191361921814,3.85913917713499e-20,1.50340443427528e-18,"Upregulated"
"ENSG00000286013.2","ENSG00000286013","ENSG00000286013","lncRNA",73.1108054822871,1.53474001336407,0.167024185211042,9.18872923358295,3.97509406151572e-20,1.54029580586861e-18,"Upregulated"
"ENSG00000143839.17","ENSG00000143839","REN","protein_coding",47.9260341985261,3.62350466813701,0.394793379397946,9.17823058143174,4.38232827387216e-20,1.69356536919881e-18,"Upregulated"
"ENSG00000099904.18","ENSG00000099904","ZDHHC8","protein_coding",192.061518789802,1.2836683436788,0.140212544962694,9.15516043175981,5.42770996013467e-20,2.0699571774282e-18,"Upregulated"
"ENSG00000137486.19","ENSG00000137486","ARRB1","protein_coding",434.324466005719,1.25132285690663,0.136843099015973,9.1442160101955,6.00639358246092e-20,2.27865591091685e-18,"Upregulated"
"ENSG00000164951.17","ENSG00000164951","PDP1","protein_coding",1322.3657724615,1.23440443006876,0.135150753838905,9.13353714282739,6.62969910694142e-20,2.50202081921341e-18,"Upregulated"
"ENSG00000124942.15","ENSG00000124942","AHNAK","protein_coding",5275.08803996255,1.26142797522862,0.138142866381728,9.13132909623383,6.76634162189457e-20,2.54695643596094e-18,"Upregulated"
"ENSG00000119950.22","ENSG00000119950","MXI1","protein_coding",622.362246562559,2.07323956367527,0.227741854937109,9.1034630601731,8.74964513358936e-20,3.2849703957507e-18,"Upregulated"
"ENSG00000159840.18","ENSG00000159840","ZYX","protein_coding",2975.9649466452,1.33736171021253,0.147227492471471,9.0836411580648,1.05002034256086e-19,3.92188010422472e-18,"Upregulated"
"ENSG00000112406.7","ENSG00000112406","HECA","protein_coding",1450.82765108713,1.19980252013811,0.13219952739034,9.07569447351737,1.12954846295102e-19,4.2080761761147e-18,"Upregulated"
"ENSG00000112294.16","ENSG00000112294","ALDH5A1","protein_coding",343.348080456114,1.26963707583067,0.140123938683284,9.060814931133,1.29479528956554e-19,4.81132649650865e-18,"Upregulated"
"ENSG00000137491.17","ENSG00000137491","SLCO2B1","protein_coding",125.499476508249,1.8146756147372,0.201232569453288,9.01780273276509,1.91899494959635e-19,7.02274616402786e-18,"Upregulated"
"ENSG00000145685.16","ENSG00000145685","LHFPL2","protein_coding",806.901995234581,1.0130361514866,0.112449114365206,9.00884064054541,2.08246237295428e-19,7.57876889990186e-18,"Upregulated"
"ENSG00000110171.22","ENSG00000110171","TRIM3","protein_coding",96.4424066318163,1.65456369701172,0.183664462068523,9.00862190963442,2.08661937003922e-19,7.57876889990186e-18,"Upregulated"
"ENSG00000158457.8","ENSG00000158457","TSPAN33","protein_coding",231.312822070494,1.52325173815767,0.169395523527886,8.99227858230216,2.4215699728038e-19,8.77334801146817e-18,"Upregulated"
"ENSG00000074181.11","ENSG00000074181","NOTCH3","protein_coding",967.643377397748,1.25617366102367,0.139706392937391,8.99152597538339,2.43821250826119e-19,8.81161488022971e-18,"Upregulated"
"ENSG00000198948.14","ENSG00000198948","MFAP3L","protein_coding",181.619743170099,1.46987893136548,0.16398044995251,8.96374495734805,3.13834346077117e-19,1.12021855747526e-17,"Upregulated"
"ENSG00000170412.20","ENSG00000170412","GPRC5C","protein_coding",740.126209772123,1.22395488647968,0.136832626911721,8.94490527664379,3.72268887700131e-19,1.3126327787227e-17,"Upregulated"
"ENSG00000167996.18","ENSG00000167996","FTH1","protein_coding",34865.817636775,2.10119853822314,0.235277249293485,8.93073403626078,4.23191383566737e-19,1.48496114543563e-17,"Upregulated"
"ENSG00000223617.4","ENSG00000223617","LINC00370","lncRNA",194.754386761094,2.58632464077746,0.290387153053503,8.90647059823937,5.26829283132979e-19,1.83529085845268e-17,"Upregulated"
"ENSG00000204616.13","ENSG00000204616","TRIM31","protein_coding",1513.95279717077,1.8789877038904,0.211017343030228,8.90442310052799,5.366439768831e-19,1.86053696483011e-17,"Upregulated"
"ENSG00000174307.8","ENSG00000174307","PHLDA3","protein_coding",165.096573748683,4.81094952357192,0.54089590610268,8.89440920016622,5.87309075930799e-19,2.02168245329908e-17,"Upregulated"
"ENSG00000177380.16","ENSG00000177380","PPFIA3","protein_coding",184.464680606729,1.04465408092495,0.117513062063078,8.88968479405464,6.12825055019045e-19,2.09954153601324e-17,"Upregulated"
"ENSG00000129422.17","ENSG00000129422","MTUS1","protein_coding",998.361485086294,1.20295571891226,0.1353371879866,8.8885821909597,6.18935936207802e-19,2.11547631781214e-17,"Upregulated"
"ENSG00000069667.17","ENSG00000069667","RORA","protein_coding",1044.96030414219,1.37776391838931,0.155420592232916,8.86474500318828,7.66793587176519e-19,2.59634875358928e-17,"Upregulated"
"ENSG00000180758.14","ENSG00000180758","GPR157","protein_coding",476.641042756559,1.01402228288567,0.114465953593153,8.85872393541421,8.09355217229956e-19,2.72771530420849e-17,"Upregulated"
"ENSG00000168938.8","ENSG00000168938","PPIC","protein_coding",229.776661653934,1.00999406249566,0.114032494579165,8.85707241802461,8.21431743193496e-19,2.75559926443522e-17,"Upregulated"
"ENSG00000113552.18","ENSG00000113552","GNPDA1","protein_coding",976.609597687933,1.10375563638619,0.124655645742768,8.85443759734586,8.41068034767762e-19,2.81495564892711e-17,"Upregulated"
"ENSG00000140832.12","ENSG00000140832","MARVELD3","protein_coding",297.283106224866,1.20460399954231,0.136114560757356,8.84992753780175,8.75761388628667e-19,2.91759403310498e-17,"Upregulated"
"ENSG00000166311.12","ENSG00000166311","SMPD1","protein_coding",245.606000729436,1.34668374986673,0.152351469442311,8.83932235636664,9.63008955033661e-19,3.1862844238237e-17,"Upregulated"
"ENSG00000174938.17","ENSG00000174938","SEZ6L2","protein_coding",435.265724273172,1.08725359323956,0.123090473565024,8.83296295602602,1.01938789962244e-18,3.36514110280829e-17,"Upregulated"
"ENSG00000101384.14","ENSG00000101384","JAG1","protein_coding",2395.12599284208,1.32679742827991,0.15042840357774,8.8201256991618,1.14331303031379e-18,3.75711846605611e-17,"Upregulated"
"ENSG00000123358.22","ENSG00000123358","NR4A1","protein_coding",759.593358834311,2.89162346494564,0.327874264496001,8.81930599033311,1.15171312175172e-18,3.77615985529998e-17,"Upregulated"
"ENSG00000119899.15","ENSG00000119899","SLC17A5","protein_coding",524.046835762248,1.13989711902362,0.12958492176347,8.79652588828398,1.41117022574126e-18,4.58535401601845e-17,"Upregulated"
"ENSG00000146072.8","ENSG00000146072","TNFRSF21","protein_coding",3058.136040902,1.09775354860068,0.124866664674445,8.7914060286848,1.476997356126e-18,4.78851133892126e-17,"Upregulated"
"ENSG00000107968.12","ENSG00000107968","MAP3K8","protein_coding",129.798386601028,1.5872788878501,0.180826620659765,8.77790494595732,1.66547937803561e-18,5.36358381033157e-17,"Upregulated"
"ENSG00000008256.19","ENSG00000008256","CYTH3","protein_coding",590.675724930585,1.22485989228973,0.139614853953663,8.77313450255267,1.73760277045385e-18,5.57109277641974e-17,"Upregulated"
"ENSG00000132510.13","ENSG00000132510","KDM6B","protein_coding",621.494320857196,1.25280007702011,0.14314973834567,8.75167563348885,2.10207872588655e-18,6.66593542572165e-17,"Upregulated"
"ENSG00000090238.14","ENSG00000090238","YPEL3","protein_coding",171.842394308502,1.94285558063203,0.222115040844169,8.74706896591975,2.1896588458325e-18,6.92850130869097e-17,"Upregulated"
"ENSG00000166920.15","ENSG00000166920","COXFA4L3","protein_coding",111.902315515686,1.50603556164497,0.172460525863548,8.73263927559028,2.48797598041614e-18,7.78741855468481e-17,"Upregulated"
"ENSG00000198682.15","ENSG00000198682","PAPSS2","protein_coding",972.129266253081,1.50850145452051,0.17281186976966,8.72915417518012,2.5658425280683e-18,8.01383403378573e-17,"Upregulated"
"ENSG00000059573.11","ENSG00000059573","ALDH18A1","protein_coding",2259.81969460598,1.0207778244134,0.116957712167281,8.72775130000328,2.5978614397692e-18,8.09638881400757e-17,"Upregulated"
"ENSG00000169814.20","ENSG00000169814","BTD","protein_coding",117.900031595161,1.20796163733649,0.138737771773344,8.70679716054494,3.12581750555563e-18,9.61769581539536e-17,"Upregulated"
"ENSG00000125657.6","ENSG00000125657","TNFSF9","protein_coding",85.1655443960351,5.07592685847991,0.583711817468341,8.69594670961963,3.43949854282378e-18,1.05158676967515e-16,"Upregulated"
"ENSG00000141034.12","ENSG00000141034","GID4","protein_coding",458.70988424152,1.26681482445885,0.145967120925019,8.67876831734997,4.00077739866507e-18,1.21549824028206e-16,"Upregulated"
"ENSG00000157110.18","ENSG00000157110","RBPMS","protein_coding",391.117854335408,1.4574575455112,0.168223781319552,8.66380207411141,4.56285300648625e-18,1.38047736471814e-16,"Upregulated"
"ENSG00000172159.18","ENSG00000172159","FRMD3","protein_coding",186.658632961873,1.09245271881565,0.126408993101725,8.64220726714059,5.51372861966112e-18,1.65434689764242e-16,"Upregulated"
"ENSG00000012171.22","ENSG00000012171","SEMA3B","protein_coding",654.352848983133,1.0416699299037,0.121342945911999,8.58451162590977,9.12231235925293e-18,2.70902767848962e-16,"Upregulated"
"ENSG00000099954.21","ENSG00000099954","CECR2","protein_coding",109.470969999283,1.88571489059067,0.219677282185931,8.58402321726935,9.16114707628468e-18,2.71499679814964e-16,"Upregulated"
"ENSG00000198742.12","ENSG00000198742","SMURF1","protein_coding",1161.22638237311,1.14409219255047,0.13331453094985,8.58190164567168,9.33174151450274e-18,2.75991016384028e-16,"Upregulated"
"ENSG00000182352.9","ENSG00000182352","CD300LD-AS1","lncRNA",116.86386105166,1.34185121738574,0.156889719670452,8.55283074126404,1.2010595655283e-17,3.50922484347503e-16,"Upregulated"
"ENSG00000178075.22","ENSG00000178075","GRAMD1C","protein_coding",103.038824225967,1.85701447464748,0.217209380653764,8.54942115786242,1.23707338627157e-17,3.60717656214236e-16,"Upregulated"
"ENSG00000157227.16","ENSG00000157227","MMP14","protein_coding",435.032240417384,1.04635410467395,0.12258527350386,8.53572435551159,1.39280054984598e-17,4.02883544278802e-16,"Upregulated"
"ENSG00000114739.16","ENSG00000114739","ACVR2B","protein_coding",423.985648290784,1.12153068407531,0.131424125477772,8.53367431586977,1.41771581224631e-17,4.09273656395888e-16,"Upregulated"
"ENSG00000105516.12","ENSG00000105516","DBP","protein_coding",208.95495801443,1.99267215730362,0.233758383742143,8.52449493106402,1.53478030864326e-17,4.40436361046695e-16,"Upregulated"
"ENSG00000165914.17","ENSG00000165914","TTC7B","protein_coding",68.0008124662548,2.22010281199439,0.260757680357661,8.51404571842047,1.67967743842044e-17,4.8106492959662e-16,"Upregulated"
"ENSG00000090020.13","ENSG00000090020","SLC9A1","protein_coding",964.123950731975,1.12389628821086,0.132013561703681,8.51349114217191,1.68773393447236e-17,4.82418938429458e-16,"Upregulated"
"ENSG00000250786.5","ENSG00000250786","SNHG18","lncRNA",349.154065637561,1.27029106420831,0.149733992780344,8.48365184565531,2.18234099078183e-17,6.18913613276129e-16,"Upregulated"
"ENSG00000114626.20","ENSG00000114626","ABTB1","protein_coding",184.914746416788,1.2865623219705,0.152715833576044,8.42455095744777,3.6213637399183e-17,1.01510257870205e-15,"Upregulated"
"ENSG00000107242.22","ENSG00000107242","PIP5K1B","protein_coding",1395.77045168288,1.24756183917219,0.14846527716421,8.40305466033195,4.35012080852936e-17,1.21468113212346e-15,"Upregulated"
"ENSG00000185436.14","ENSG00000185436","IFNLR1","protein_coding",234.120587554828,1.32491118259295,0.157710887338174,8.40088598165069,4.43122497287531e-17,1.2349483135944e-15,"Upregulated"
"ENSG00000011638.13","ENSG00000011638","LDAF1","protein_coding",561.007836426145,1.49522252427308,0.178839429807463,8.36069834198658,6.23480814490712e-17,1.71777261665388e-15,"Upregulated"
"ENSG00000137575.14","ENSG00000137575","SDCBP","protein_coding",1609.11782904995,1.05753536531298,0.127011250237249,8.32631253796467,8.33994419722933e-17,2.28906195655772e-15,"Upregulated"
"ENSG00000057252.15","ENSG00000057252","SOAT1","protein_coding",106.052564477264,1.66263812075379,0.200453619495077,8.29437814563691,1.09154705312149e-16,2.97343982966853e-15,"Upregulated"
"ENSG00000198743.8","ENSG00000198743","SLC5A3","protein_coding",813.145589084423,2.56801433035006,0.310101077401127,8.28121705307152,1.21922729431477e-16,3.29032438532768e-15,"Upregulated"
"ENSG00000174738.16","ENSG00000174738","NR1D2","protein_coding",1750.54793525741,1.24995980282235,0.150985319919392,8.27868433493846,1.2454359448967e-16,3.34858213607477e-15,"Upregulated"
"ENSG00000131242.20","ENSG00000131242","RAB11FIP4","protein_coding",896.007939087465,1.03376143232996,0.124960586129678,8.2726999316182,1.30959000204945e-16,3.50805514042526e-15,"Upregulated"
"ENSG00000010438.17","ENSG00000010438","PRSS3","protein_coding",873.387540865553,1.04660150740625,0.126935441385461,8.24514805308051,1.64955848722661e-16,4.3943752935456e-15,"Upregulated"
"ENSG00000067113.19","ENSG00000067113","PLPP1","protein_coding",225.321129602692,1.32263820862393,0.160763312202254,8.22723910390662,1.91577803551721e-16,5.09421197994778e-15,"Upregulated"
"ENSG00000198246.11","ENSG00000198246","SLC29A3","protein_coding",101.637469052203,1.75019788699732,0.212894146439441,8.22097702669892,2.01851934049289e-16,5.34778469514131e-15,"Upregulated"
"ENSG00000113328.23","ENSG00000113328","CCNG1","protein_coding",3627.93639306195,1.07931545791934,0.131498516833952,8.20781468799553,2.25250502249883e-16,5.93514596110054e-15,"Upregulated"
"ENSG00000163995.23","ENSG00000163995","ABLIM2","protein_coding",264.204064522043,1.63098332528891,0.199299583121336,8.18357620093938,2.75541902277594e-16,7.15618861614138e-15,"Upregulated"
"ENSG00000142623.12","ENSG00000142623","PADI1","protein_coding",44.9887189947861,1.73154190167745,0.211883027831279,8.17215951367403,3.02917650517761e-16,7.82510265829481e-15,"Upregulated"
"ENSG00000214274.12","ENSG00000214274","ANG","protein_coding",95.3560626588158,2.27611706375307,0.278927611226931,8.16024291657973,3.34351479532594e-16,8.62174669285827e-15,"Upregulated"
"ENSG00000244242.4","ENSG00000244242","IFITM10","protein_coding",80.9722576896324,2.62843744439691,0.322401591332238,8.15268136095607,3.55942570578336e-16,9.14595697308732e-15,"Upregulated"
"ENSG00000151632.20","ENSG00000151632","AKR1C2","protein_coding",281.621662567389,1.89710037373982,0.233211599362169,8.134674171132,4.13047744494624e-16,1.05757736982616e-14,"Upregulated"
"ENSG00000132613.17","ENSG00000132613","MTSS2","protein_coding",773.709125925252,1.27474012483864,0.156892304931611,8.12493720067595,4.47594096335166e-16,1.13998833815276e-14,"Upregulated"
"ENSG00000106688.14","ENSG00000106688","SLC1A1","protein_coding",218.02623024456,1.38680005978218,0.170913198907558,8.11406063806846,4.89556914947226e-16,1.24032496703063e-14,"Upregulated"
"ENSG00000123836.17","ENSG00000123836","PFKFB2","protein_coding",415.418474017053,1.00428871276253,0.123913377254765,8.10476427171962,5.2847879894132e-16,1.32963797816972e-14,"Upregulated"
"ENSG00000110076.22","ENSG00000110076","NRXN2","protein_coding",39.5527278482964,2.00314082827186,0.247485407994978,8.09397549738573,5.77483108288739e-16,1.44291124229662e-14,"Upregulated"
"ENSG00000116661.13","ENSG00000116661","FBXO2","protein_coding",126.817122177811,3.61489727112371,0.447772803630322,8.07306125297451,6.85571921024849e-16,1.70125141772125e-14,"Upregulated"
"ENSG00000162378.15","ENSG00000162378","ZYG11B","protein_coding",471.981542313423,1.01569144184274,0.126209012737046,8.04769342391509,8.43689675480542e-16,2.07937938385442e-14,"Upregulated"
"ENSG00000119630.16","ENSG00000119630","PGF","protein_coding",73.9669345572799,1.77354460455321,0.220414567149343,8.04640377217688,8.52623692271533e-16,2.09783065337845e-14,"Upregulated"
"ENSG00000162645.15","ENSG00000162645","GBP2","protein_coding",41.3153033500246,2.42904050930066,0.302880644499278,8.01979444185464,1.05922272289356e-15,2.57554625841836e-14,"Upregulated"
"ENSG00000137962.15","ENSG00000137962","ARHGAP29","protein_coding",607.272806951434,1.24670671730444,0.155502845179869,8.01725985053444,1.08130213503549e-15,2.62043988978836e-14,"Upregulated"
"ENSG00000014914.23","ENSG00000014914","MTMR11","protein_coding",196.995055310153,1.56526861362824,0.195264798798092,8.01613308319212,1.09126266263607e-15,2.63576308448698e-14,"Upregulated"
"ENSG00000179094.19","ENSG00000179094","PER1","protein_coding",679.722935486009,2.39093757012741,0.299392643160162,7.98595965782754,1.39433284089029e-15,3.34547541890431e-14,"Upregulated"
"ENSG00000133065.13","ENSG00000133065","SLC41A1","protein_coding",484.909563286395,1.05629207369344,0.132343865999665,7.98142071575962,1.44658485088723e-15,3.45939070281481e-14,"Upregulated"
"ENSG00000179833.6","ENSG00000179833","SERTAD2","protein_coding",1266.64580849156,1.00590066310077,0.126557572947776,7.94816651166225,1.89292115355649e-15,4.44606375321567e-14,"Upregulated"
"ENSG00000155324.12","ENSG00000155324","GRAMD2B","protein_coding",249.611681797974,1.13780879264028,0.143390059090578,7.93506049064067,2.10392755499744e-15,4.90984188840949e-14,"Upregulated"
"ENSG00000150457.11","ENSG00000150457","LATS2","protein_coding",999.126197969898,1.57073087429291,0.197964048103747,7.93442490865686,2.11472922811548e-15,4.92711510833594e-14,"Upregulated"
"ENSG00000113916.19","ENSG00000113916","BCL6","protein_coding",242.361795040638,3.22127432759456,0.407943069278795,7.89638204490022,2.87115718320526e-15,6.60457299984295e-14,"Upregulated"
"ENSG00000166046.14","ENSG00000166046","TCP11L2","protein_coding",184.337858318072,2.27231322324856,0.289277886365307,7.85512246303896,3.99381733485618e-15,8.98732931936891e-14,"Upregulated"
"ENSG00000087086.18","ENSG00000087086","FTL","protein_coding",30370.3240802316,1.52129474761955,0.194351021935412,7.82756237898822,4.97419860580834e-15,1.11243960178047e-13,"Upregulated"
"ENSG00000163931.19","ENSG00000163931","TKT","protein_coding",9587.40389544514,1.45942567335991,0.186482537152142,7.82607152201728,5.0335105044468e-15,1.1222405266222e-13,"Upregulated"
"ENSG00000271447.8","ENSG00000271447","MMP28","protein_coding",56.2019040743267,3.22154213723593,0.411692141140761,7.82512420156804,5.07155964466968e-15,1.12898682596856e-13,"Upregulated"
"ENSG00000114315.6","ENSG00000114315","HES1","protein_coding",691.662537172971,1.72161748496985,0.220306893759584,7.81463283145652,5.51234758833533e-15,1.22148228211247e-13,"Upregulated"
"ENSG00000196712.21","ENSG00000196712","NF1","protein_coding",1149.0336561932,1.01820625606738,0.1303597827743,7.81073912826525,5.68535813228483e-15,1.25789633668812e-13,"Upregulated"
"ENSG00000104142.13","ENSG00000104142","VPS18","protein_coding",257.481457711316,1.09844576954003,0.141460563399847,7.76503177380404,8.16247589200158e-15,1.7814849492001e-13,"Upregulated"
"ENSG00000164626.11","ENSG00000164626","KCNK5","protein_coding",448.300647458727,1.0675880030487,0.138242808134423,7.72255727047016,1.14018661539804e-14,2.45886673070661e-13,"Upregulated"
"ENSG00000155858.7","ENSG00000155858","LSM11","protein_coding",164.299880970421,1.03298311213255,0.133973428535623,7.71035811670588,1.25465170197199e-14,2.6897059859435e-13,"Upregulated"
"ENSG00000120694.22","ENSG00000120694","HSPH1","protein_coding",6304.42626544681,1.04017289419853,0.135007844857586,7.70453669041057,1.31318846461137e-14,2.79863635722764e-13,"Upregulated"
"ENSG00000126705.17","ENSG00000126705","AHDC1","protein_coding",301.469754049659,1.18719097458598,0.154419468764197,7.68809130148517,1.4934622345357e-14,3.14125612523822e-13,"Upregulated"
"ENSG00000158828.10","ENSG00000158828","PINK1","protein_coding",291.097436437585,1.33211717972171,0.173719809043262,7.66819389831339,1.74435060427198e-14,3.6320587582054e-13,"Upregulated"
"ENSG00000158373.11","ENSG00000158373","H2BC5","protein_coding",275.65898547858,2.53596564929804,0.331864406374647,7.64157167983587,2.1458600670049e-14,4.4235852192084e-13,"Upregulated"
"ENSG00000076864.23","ENSG00000076864","RAP1GAP","protein_coding",217.627767029592,1.49219514135408,0.196248234208388,7.60361053628427,2.87981056048336e-14,5.82880092772693e-13,"Upregulated"
"ENSG00000095209.14","ENSG00000095209","TMEM38B","protein_coding",938.966739347755,1.05409460898868,0.138812585824131,7.59365300149492,3.11010565291043e-14,6.26865801418329e-13,"Upregulated"
"ENSG00000154274.17","ENSG00000154274","PGCKA1","protein_coding",101.527954818641,1.44875640476597,0.190790775796509,7.59343002153923,3.11546472223604e-14,6.27073816036732e-13,"Upregulated"
"ENSG00000104140.9","ENSG00000104140","RHOV","protein_coding",70.2112669450313,1.63656508786712,0.215630345157209,7.58967893259158,3.20699132271804e-14,6.43708008986564e-13,"Upregulated"
"ENSG00000101194.20","ENSG00000101194","SLC17A9","protein_coding",130.521308956295,1.1702112968645,0.154676961424146,7.56551774802207,3.86322763751266e-14,7.67982097706907e-13,"Upregulated"
"ENSG00000214049.9","ENSG00000214049","UCA1","lncRNA",4167.34550054327,3.27892142868137,0.434090243404328,7.5535478590042,4.2355876862868e-14,8.32864813428335e-13,"Upregulated"
"ENSG00000113742.15","ENSG00000113742","CPEB4","protein_coding",347.713594638631,1.04982668265224,0.138992475713439,7.55311880922726,4.24957003620961e-14,8.34481964292001e-13,"Upregulated"
"ENSG00000173281.6","ENSG00000173281","PPP1R3B","protein_coding",820.347347269746,1.01074423218186,0.133954709998515,7.54541764297106,4.50840346263645e-14,8.82915986223343e-13,"Upregulated"
"ENSG00000133612.22","ENSG00000133612","AGAP3","protein_coding",1225.3268857487,1.00833794748915,0.133694710255035,7.54209306834694,4.62487477501883e-14,9.04503174623116e-13,"Upregulated"
"ENSG00000116663.13","ENSG00000116663","FBXO6","protein_coding",74.8916969426881,1.63476480863631,0.218076293547332,7.49629765823902,6.56456258560201e-14,1.26171937653242e-12,"Upregulated"
"ENSG00000187239.21","ENSG00000187239","FNBP1","protein_coding",360.519166155489,1.18776636774446,0.158533267743133,7.49222156745655,6.77174775934602e-14,1.29981680170123e-12,"Upregulated"
"ENSG00000090097.24","ENSG00000090097","PCBP4","protein_coding",262.439052656102,1.16640022031894,0.155982568700297,7.47776004740665,7.56000700240217e-14,1.44347327376564e-12,"Upregulated"
"ENSG00000118263.18","ENSG00000118263","KLF7","protein_coding",496.318670194296,1.23562423508035,0.165384779760549,7.47120887949508,7.94614021022228e-14,1.51321240376533e-12,"Upregulated"
"ENSG00000112773.18","ENSG00000112773","TENT5A","protein_coding",144.172432155675,1.39256083003182,0.186404043798329,7.47065783368108,7.97948964110501e-14,1.51756907977551e-12,"Upregulated"
"ENSG00000198643.9","ENSG00000198643","FAM3D","protein_coding",42.8755606463551,1.83392672562373,0.24552637864195,7.46936738841465,8.05812699867266e-14,1.52851278095241e-12,"Upregulated"
"ENSG00000050820.19","ENSG00000050820","BCAR1","protein_coding",884.575210437518,1.07912793083214,0.144993437108395,7.44259845378658,9.87238295405988e-14,1.85084830233164e-12,"Upregulated"
"ENSG00000064042.20","ENSG00000064042","LIMCH1","protein_coding",100.630874821523,1.64712639513134,0.221476622907345,7.43702144952978,1.02980834708203e-13,1.92071847695144e-12,"Upregulated"
"ENSG00000138435.16","ENSG00000138435","CHRNA1","protein_coding",91.2227979580146,5.87019464602053,0.795967478285084,7.37491770225073,1.64446603494381e-13,2.9864162629581e-12,"Upregulated"
"ENSG00000155850.11","ENSG00000155850","SLC26A2","protein_coding",133.38794259951,1.41263270135847,0.191587229317566,7.37331348436045,1.66438488515674e-13,3.01880672787127e-12,"Upregulated"
"ENSG00000118816.14","ENSG00000118816","CCNI","protein_coding",6512.80760215315,1.08366932115479,0.14716069007687,7.363850499673,1.78679796878413e-13,3.23678452045245e-12,"Upregulated"
"ENSG00000164949.10","ENSG00000164949","GEM","protein_coding",111.563662394878,1.58525096100848,0.215494169021441,7.35635199879005,1.89004219827502e-13,3.40677755440319e-12,"Upregulated"
"ENSG00000160862.15","ENSG00000160862","AZGP1","protein_coding",675.335238382996,1.15921813581168,0.157970454866929,7.33819584673718,2.16492226354596e-13,3.88773896447435e-12,"Upregulated"
"ENSG00000140465.17","ENSG00000140465","CYP1A1","protein_coding",67.2953474227271,2.75973909198276,0.376789651973219,7.32434948128277,2.40060334112484e-13,4.28970944754391e-12,"Upregulated"
"ENSG00000232187.1","ENSG00000232187","FTH1P7","processed_pseudogene",97.0628961210389,2.05775560471946,0.281410632091485,7.31228805900446,2.62631328121449e-13,4.6528767813399e-12,"Upregulated"
"ENSG00000162430.19","ENSG00000162430","SELENON","protein_coding",414.424479363011,1.04969711222403,0.144048086221545,7.2871298727954,3.16627657963772e-13,5.57541679126486e-12,"Upregulated"
"ENSG00000066230.13","ENSG00000066230","SLC9A3","protein_coding",43.9412700013515,1.49961180362409,0.205962099780077,7.28100852159376,3.3133375042186e-13,5.80615321779154e-12,"Upregulated"
"ENSG00000197943.15","ENSG00000197943","PLCG2","protein_coding",52.1775000735321,2.21739685716567,0.305240069602543,7.26443569500219,3.74598773057685e-13,6.50141966365505e-12,"Upregulated"
"ENSG00000135114.15","ENSG00000135114","OASL","protein_coding",62.0393577661003,1.66447935788952,0.229221356651275,7.26144972792291,3.82963337361691e-13,6.63068326964341e-12,"Upregulated"
"ENSG00000167972.16","ENSG00000167972","ABCA3","protein_coding",96.2077862610697,1.99405854631554,0.274840844248324,7.25532099047793,4.00710406879478e-13,6.90498836682211e-12,"Upregulated"
"ENSG00000253227.3","ENSG00000253227","LINC03148","lncRNA",17.5575492805121,3.81900016818218,0.527730677296731,7.23664613879334,4.59916054682491e-13,7.8228913902097e-12,"Upregulated"
"ENSG00000121380.14","ENSG00000121380","BCL2L14","protein_coding",500.686784654264,1.48875648285083,0.206637609272406,7.20467338009234,5.81831464657429e-13,9.74786310498898e-12,"Upregulated"
"ENSG00000136383.9","ENSG00000136383","ALPK3","protein_coding",30.2959301902,1.75309164508777,0.243390774570709,7.20278592391129,5.89945593589671e-13,9.87239208117957e-12,"Upregulated"
"ENSG00000186198.6","ENSG00000186198","SLC51B","protein_coding",17.3519402351386,2.47818239920567,0.344156535722886,7.20074193564377,5.98857959139858e-13,1.00099764058302e-11,"Upregulated"
"ENSG00000091138.15","ENSG00000091138","SLC26A3","protein_coding",18633.3117396081,3.76269256938386,0.523198591151996,7.19171005621219,6.39847976586802e-13,1.06216229973608e-11,"Upregulated"
"ENSG00000197903.11","ENSG00000197903","H2BC12","protein_coding",417.09830446225,1.00449165930038,0.140089841680126,7.17033902853558,7.48122649764428e-13,1.23202198186206e-11,"Upregulated"
"ENSG00000172782.15","ENSG00000172782","FADS6","protein_coding",12.1045187493026,3.83581197629819,0.535420069015245,7.16411692104312,7.8289565123876e-13,1.28636324010795e-11,"Upregulated"
"ENSG00000003249.17","ENSG00000003249","DBNDD1","protein_coding",318.390406549252,1.72755190069936,0.242355438103282,7.12817469341517,1.01708641614824e-12,1.63955687906788e-11,"Upregulated"
"ENSG00000162413.18","ENSG00000162413","KLHL21","protein_coding",397.931675987599,1.40413213033662,0.197026363498898,7.12662054661775,1.02863153883938e-12,1.65632536231781e-11,"Upregulated"
"ENSG00000117280.15","ENSG00000117280","RAB29","protein_coding",223.73968929336,1.00610068903146,0.141716300106703,7.09939991570431,1.25299746196321e-12,1.9845288763684e-11,"Upregulated"
"ENSG00000242960.1","ENSG00000242960","FTH1P23","processed_pseudogene",33.2798363998772,2.5642347436033,0.36124257572389,7.09837354709604,1.26233611911742e-12,1.99504244222428e-11,"Upregulated"
"ENSG00000164463.14","ENSG00000164463","CREBRF","protein_coding",467.057555776109,1.29579054826355,0.182659468289633,7.09402343276773,1.30268058780575e-12,2.04313057648077e-11,"Upregulated"
"ENSG00000119655.13","ENSG00000119655","NPC2","protein_coding",752.686600077815,1.09759173640229,0.154780445745366,7.09128166104375,1.32875591260865e-12,2.08176547951617e-11,"Upregulated"
"ENSG00000112972.16","ENSG00000112972","HMGCS1","protein_coding",2978.15713636111,1.12004294278445,0.159110251432081,7.0394140710824,1.93049890596378e-12,2.96050689367483e-11,"Upregulated"
"ENSG00000163283.7","ENSG00000163283","ALPP","protein_coding",42.3319143869097,2.98713724473124,0.424524430478968,7.03643189948107,1.97224974443341e-12,3.01814607141805e-11,"Upregulated"
"ENSG00000226608.3","ENSG00000226608","FTLP3","processed_pseudogene",591.118001222805,1.44020774091021,0.204917033594263,7.02824804580093,2.09142860334986e-12,3.19041929681538e-11,"Upregulated"
"ENSG00000219507.4","ENSG00000219507","FTH1P8","processed_pseudogene",32.8896778403334,2.48636365706613,0.353881319629354,7.02598164737906,2.1256640157077e-12,3.23923479659684e-11,"Upregulated"
"ENSG00000164142.18","ENSG00000164142","FHIP1A","protein_coding",531.920336811526,1.0900477092922,0.155265416987965,7.02054411367531,2.21005867729043e-12,3.35373511531863e-11,"Upregulated"
"ENSG00000147883.14","ENSG00000147883","CDKN2B","protein_coding",157.520837344432,1.56559175464985,0.223046199000451,7.01913667063516,2.23243333114304e-12,3.38414475260721e-11,"Upregulated"
"ENSG00000102359.9","ENSG00000102359","SRPX2","protein_coding",672.121752490561,1.03524446427108,0.147748253078724,7.00681356766685,2.43806784538884e-12,3.66900095694445e-11,"Upregulated"
"ENSG00000162407.11","ENSG00000162407","PLPP3","protein_coding",112.315116102444,1.0912586379388,0.15596428109617,6.99684972911148,2.6178179529375e-12,3.91107399731652e-11,"Upregulated"
"ENSG00000171219.11","ENSG00000171219","CDC42BPG","protein_coding",229.498967606215,1.11516014330081,0.159651107776195,6.98498218292405,2.84892134343353e-12,4.21721839724604e-11,"Upregulated"
"ENSG00000116514.19","ENSG00000116514","RNF19B","protein_coding",548.233960912546,1.14606416410994,0.164082530285894,6.98468119740147,2.85503545799334e-12,4.22195651604485e-11,"Upregulated"
"ENSG00000226564.1","ENSG00000226564","FTH1P20","processed_pseudogene",26.7690516170176,2.28205169377851,0.327418180940892,6.96983804387602,3.17306053896734e-12,4.67317005393442e-11,"Upregulated"
"ENSG00000121671.14","ENSG00000121671","CRY2","protein_coding",628.612779764583,1.16036941052441,0.16695692227001,6.9501126083758,3.64994747527136e-12,5.34293321329621e-11,"Upregulated"
"ENSG00000143217.11","ENSG00000143217","NECTIN4","protein_coding",219.13802596709,1.2555025744712,0.181054594803965,6.93438670159455,4.07987229315117e-12,5.91255092723468e-11,"Upregulated"
"ENSG00000122863.8","ENSG00000122863","CHST3","protein_coding",14.796983510602,2.58502202819668,0.372971662125136,6.93088052177372,4.18229173400699e-12,6.04887942207877e-11,"Upregulated"
"ENSG00000154153.16","ENSG00000154153","RETREG1","protein_coding",220.253603563283,1.26487268509964,0.182544681088238,6.92911279342194,4.23488059631377e-12,6.11883246278955e-11,"Upregulated"
"ENSG00000116954.10","ENSG00000116954","RRAGC","protein_coding",184.444256955515,1.06566589000555,0.153947208531432,6.92228134677716,4.44427458524762e-12,6.40222935282391e-11,"Upregulated"
"ENSG00000114770.19","ENSG00000114770","ABCC5","protein_coding",265.130832186203,1.04438108464549,0.151155067269928,6.90933558172066,4.86928858051755e-12,6.97979526299312e-11,"Upregulated"
"ENSG00000237264.4","ENSG00000237264","FTH1P11","processed_pseudogene",63.4915774248017,1.89381808390848,0.274465127233851,6.90003171985817,5.19909290077027e-12,7.41587148798846e-11,"Upregulated"
"ENSG00000167123.22","ENSG00000167123","CERCAM","protein_coding",51.4112922303499,2.3612986637182,0.344348129298825,6.85730068732005,7.01738288249249e-12,9.84471565663903e-11,"Upregulated"
"ENSG00000126561.20","ENSG00000126561","STAT5A","protein_coding",137.437054675312,1.6179132160293,0.237027487051691,6.82584638665329,8.74084221991238e-12,1.21449938112148e-10,"Upregulated"
"ENSG00000243244.9","ENSG00000243244","STON1","protein_coding",78.0693598698075,1.23027263423095,0.180291531096948,6.82379603049351,8.86657501698468e-12,1.2307893213232e-10,"Upregulated"
"ENSG00000198431.19","ENSG00000198431","TXNRD1","protein_coding",4263.78225060105,1.17954957285795,0.17310911978237,6.81390774986822,9.49826253842707e-12,1.31469742795497e-10,"Upregulated"
"ENSG00000091136.17","ENSG00000091136","LAMB1","protein_coding",3864.0833746869,1.3479856411543,0.198117114771526,6.80398380881347,1.01764981326107e-11,1.40188033210831e-10,"Upregulated"
"ENSG00000144852.21","ENSG00000144852","NR1I2","protein_coding",113.43065637604,1.39625232497584,0.206897452195183,6.74852353260805,1.49357178979185e-11,2.0247747780789e-10,"Upregulated"
"ENSG00000144655.17","ENSG00000144655","CSRNP1","protein_coding",255.226694083154,1.36077463377346,0.202233627429036,6.72872583591946,1.71155195828084e-11,2.29240397221866e-10,"Upregulated"
"ENSG00000130513.8","ENSG00000130513","GDF15","protein_coding",7096.19616168555,1.2567643621422,0.187323643048419,6.70905360204505,1.95890707617569e-11,2.60206061850945e-10,"Upregulated"
"ENSG00000136235.19","ENSG00000136235","GPNMB","protein_coding",33.3323778548783,1.73182657927558,0.258198450737365,6.70734690440558,1.9819471488503e-11,2.62544589407117e-10,"Upregulated"
"ENSG00000162104.12","ENSG00000162104","ADCY9","protein_coding",183.086585920449,1.16569629087538,0.173864918822358,6.70460895027596,2.01946434518528e-11,2.67270112241326e-10,"Upregulated"
"ENSG00000154447.17","ENSG00000154447","SH3RF1","protein_coding",455.806379635093,1.22346254958598,0.182525952341343,6.70295119073248,2.04251704988442e-11,2.70074425975594e-10,"Upregulated"
"ENSG00000099617.4","ENSG00000099617","EFNA2","protein_coding",35.3538929931506,2.80365009877907,0.418415307284579,6.7006394124874,2.07509518456954e-11,2.73882326181983e-10,"Upregulated"
"ENSG00000025039.17","ENSG00000025039","RRAGD","protein_coding",126.120193637179,2.10743870318307,0.315288967720791,6.68414984012175,2.3226905925681e-11,3.05725995163459e-10,"Upregulated"
"ENSG00000167772.14","ENSG00000167772","ANGPTL4","protein_coding",15.5784108470163,3.7651033498029,0.564508142030663,6.66970601390969,2.56316346251633e-11,3.3494467897914e-10,"Upregulated"
"ENSG00000138079.16","ENSG00000138079","SLC3A1","protein_coding",105.893220376869,2.82127841290209,0.423511483080348,6.66163380596422,2.70800089434062e-11,3.53234464093467e-10,"Upregulated"
"ENSG00000169992.11","ENSG00000169992","NLGN2","protein_coding",115.616457764451,2.16411226536084,0.325253280902548,6.65362163098134,2.85967275694151e-11,3.71015018743029e-10,"Upregulated"
"ENSG00000065882.20","ENSG00000065882","TBC1D1","protein_coding",513.768097667042,1.42164478337882,0.213951067350539,6.64471928550646,3.03795505600627e-11,3.9169078889362e-10,"Upregulated"
"ENSG00000126368.7","ENSG00000126368","NR1D1","protein_coding",1051.71826190481,1.89761695782457,0.286748477718279,6.61770542924701,3.64817056605143e-11,4.63359227372632e-10,"Upregulated"
"ENSG00000158246.9","ENSG00000158246","TENT5B","protein_coding",26.8284121703242,2.91156232351529,0.440272585479658,6.61309020715717,3.7637893537969e-11,4.76374107556547e-10,"Upregulated"
"ENSG00000156966.9","ENSG00000156966","B3GNT7","protein_coding",37.2449306772443,3.62342593414018,0.548118206347248,6.61066516707647,3.82596975861603e-11,4.83399771071173e-10,"Upregulated"
"ENSG00000142694.9","ENSG00000142694","EVA1B","protein_coding",41.690751171382,2.52806445271074,0.385286674362661,6.56151541418517,5.32636681306534e-11,6.64283200128597e-10,"Upregulated"
"ENSG00000173868.13","ENSG00000173868","PHOSPHO1","protein_coding",17.8924371260402,3.2710669813725,0.498568040320413,6.5609239197729,5.34754010306747e-11,6.66350397021959e-10,"Upregulated"
"ENSG00000068615.22","ENSG00000068615","REEP1","protein_coding",49.6782324114044,1.51682523127409,0.231603231586838,6.54924035766474,5.78304905412054e-11,7.18148645178363e-10,"Upregulated"
"ENSG00000185432.14","ENSG00000185432","TMT1A","protein_coding",67.4369887359522,1.9608850817463,0.300519362394227,6.52498749539463,6.80072076255526e-11,8.35929137327827e-10,"Upregulated"
"ENSG00000148735.17","ENSG00000148735","PLEKHS1","protein_coding",45.9226951489978,1.3115139689247,0.201488493836368,6.50912587589149,7.55893636256998e-11,9.22588422844792e-10,"Upregulated"
"ENSG00000072954.9","ENSG00000072954","TMEM38A","protein_coding",131.380484238375,1.02172776451691,0.157193404700079,6.49981318533269,8.04198147256953e-11,9.7459559284042e-10,"Upregulated"
"ENSG00000057657.19","ENSG00000057657","PRDM1","protein_coding",185.037562963627,1.07874661578713,0.166091797715245,6.4948819305128,8.30985561946582e-11,1.00439055577397e-09,"Upregulated"
"ENSG00000130775.18","ENSG00000130775","THEMIS2","protein_coding",54.9132485238056,2.29067815340953,0.353312131775991,6.48344041257513,8.96542962643945e-11,1.07733835942256e-09,"Upregulated"
"ENSG00000153233.14","ENSG00000153233","PTPRR","protein_coding",66.0521734435019,2.33747156922668,0.361126628845398,6.47272004476684,9.62541955143402e-11,1.1471347050936e-09,"Upregulated"
"ENSG00000019186.12","ENSG00000019186","CYP24A1","protein_coding",124.635607327225,1.49282583610697,0.230721985495707,6.47023660488891,9.78495784330564e-11,1.16327817116641e-09,"Upregulated"
"ENSG00000049246.17","ENSG00000049246","PER3","protein_coding",53.1893920582892,1.23278577837992,0.190766491783676,6.46227629838611,1.03139553289904e-10,1.22315745194541e-09,"Upregulated"
"ENSG00000214193.13","ENSG00000214193","SH3D21","protein_coding",38.4880417704464,1.49847935342641,0.231906471361982,6.46156765107014,1.03623810163961e-10,1.22697452337459e-09,"Upregulated"
"ENSG00000105388.19","ENSG00000105388","CEACAM5","protein_coding",12659.7730411505,1.28912907209513,0.199574101864723,6.45940059381521,1.05118509466047e-10,1.24357341974037e-09,"Upregulated"
"ENSG00000169116.13","ENSG00000169116","PARM1","protein_coding",741.453589904602,1.12516963946887,0.174780610268637,6.43761134452781,1.21368287322296e-10,1.42188295866994e-09,"Upregulated"
"ENSG00000210082.2","ENSG00000210082","MT-RNR2","Mt_rRNA",39364.9108047497,1.2216851055448,0.19017913815913,6.42386497998834,1.32857056043293e-10,1.54399715812302e-09,"Upregulated"
"ENSG00000171227.9","ENSG00000171227","TMEM37","protein_coding",43.8568716388674,1.90364827259869,0.296810756573018,6.41367683091492,1.42051170655116e-10,1.64556799770898e-09,"Upregulated"
"ENSG00000140297.15","ENSG00000140297","GCNT3","protein_coding",1012.88145196318,1.8394062261659,0.287446569205342,6.39912395284804,1.56270945517156e-10,1.79309464959194e-09,"Upregulated"
"ENSG00000185340.18","ENSG00000185340","GAS2L1","protein_coding",57.0726741672782,1.38609313081761,0.216770040327714,6.39430213106066,1.61282249236593e-10,1.84913161070942e-09,"Upregulated"
"ENSG00000164938.16","ENSG00000164938","TP53INP1","protein_coding",106.290734292936,1.44272433908643,0.226213462437883,6.37771211111093,1.79753000568882e-10,2.0495519152197e-09,"Upregulated"
"ENSG00000126603.11","ENSG00000126603","GLIS2","protein_coding",296.542416366078,1.09985787575522,0.172521119999524,6.37520713845499,1.82715827920437e-10,2.08169636652749e-09,"Upregulated"
"ENSG00000019505.9","ENSG00000019505","SYT13","protein_coding",104.733567160213,1.47219167685193,0.231261210470834,6.36592567276907,1.94115423432173e-10,2.20291363851139e-09,"Upregulated"
"ENSG00000122861.18","ENSG00000122861","PLAU","protein_coding",37.5100872317007,3.4810259490469,0.547514344805335,6.35787168331555,2.04568238521925e-10,2.31248277118544e-09,"Upregulated"
"ENSG00000187837.5","ENSG00000187837","H1-2","protein_coding",308.011489381303,2.52535908660739,0.398045506950542,6.34439792061557,2.23296986583671e-10,2.50294587495936e-09,"Upregulated"
"ENSG00000116604.21","ENSG00000116604","MEF2D","protein_coding",1014.09073468171,1.04716168639867,0.166566767531937,6.28673835672468,3.24205090449448e-10,3.55668445934399e-09,"Upregulated"
"ENSG00000158715.8","ENSG00000158715","SLC45A3","protein_coding",92.6772777544257,1.04501908346139,0.166237364394043,6.28630685568566,3.25107042592741e-10,3.56289746701693e-09,"Upregulated"
"ENSG00000181218.6","ENSG00000181218","H2AC25","protein_coding",180.308594311969,1.39016852983642,0.221150761271612,6.28606712381629,3.25609204317823e-10,3.56399440254826e-09,"Upregulated"
"ENSG00000058668.18","ENSG00000058668","ATP2B4","protein_coding",633.445065824677,1.85787793109512,0.29687698472913,6.25807329857599,3.89762634673216e-10,4.23104127466985e-09,"Upregulated"
"ENSG00000183508.7","ENSG00000183508","TENT5C","protein_coding",59.047320866359,1.58252429464153,0.25334331626616,6.24656027230237,4.19590152090393e-10,4.53107338606109e-09,"Upregulated"
"ENSG00000127578.7","ENSG00000127578","WFIKKN1","protein_coding",19.3153522144219,2.04133195062461,0.327238286699909,6.23805964519242,4.43031745035232e-10,4.77709527459121e-09,"Upregulated"
"ENSG00000111701.7","ENSG00000111701","APOBEC1","protein_coding",17.0234576856057,2.91614986228109,0.468126828054219,6.22940128084975,4.68221083469675e-10,5.01883131778293e-09,"Upregulated"
"ENSG00000006210.8","ENSG00000006210","CX3CL1","protein_coding",105.172236608369,1.62617732164664,0.261425454622186,6.22042457187958,4.95811378651653e-10,5.28330772016158e-09,"Upregulated"
"ENSG00000235899.5","ENSG00000235899","LINC01564","lncRNA",52.3043019461213,3.30929537739515,0.532161199722942,6.21859575466618,5.01623791787792e-10,5.33739500043222e-09,"Upregulated"
"ENSG00000138623.11","ENSG00000138623","SEMA7A","protein_coding",31.3908719487953,3.02595347679292,0.486667480712082,6.2177022232211,5.0448777549742e-10,5.36393018525944e-09,"Upregulated"
"ENSG00000127954.15","ENSG00000127954","STEAP4","protein_coding",29.5968867443063,3.23100583971009,0.520588056525383,6.20645402676953,5.41934645354531e-10,5.70349809766003e-09,"Upregulated"
"ENSG00000148180.24","ENSG00000148180","GSN","protein_coding",813.293784078321,1.22971908735781,0.198234362169531,6.20335987111127,5.52702544231135e-10,5.81260179317678e-09,"Upregulated"
"ENSG00000137193.16","ENSG00000137193","PIM1","protein_coding",1114.47348822394,1.09795099927645,0.177010930666567,6.20272993956882,5.54920193898905e-10,5.83169213196731e-09,"Upregulated"
"ENSG00000141452.13","ENSG00000141452","RMC1","protein_coding",272.449356507432,1.00900257049417,0.162864415904483,6.19535314016003,5.81544942987461e-10,6.08501755507169e-09,"Upregulated"
"ENSG00000169891.20","ENSG00000169891","REPS2","protein_coding",104.532150545324,1.32523846457565,0.214276159134373,6.18472194913943,6.22120264522018e-10,6.46291532147174e-09,"Upregulated"
"ENSG00000010404.20","ENSG00000010404","IDS","protein_coding",34.8347748793621,1.89390229832739,0.307702823135602,6.15497212221793,7.50907031639801e-10,7.70144706477282e-09,"Upregulated"
"ENSG00000180861.9","ENSG00000180861","LINC01559","lncRNA",483.130883077429,3.1832258063651,0.518929641333948,6.13421464648344,8.55809053949892e-10,8.72792738201396e-09,"Upregulated"
"ENSG00000163412.15","ENSG00000163412","EIF4E3","protein_coding",139.667692242725,1.5613768492721,0.254956831775797,6.12408319634728,9.12072332759961e-10,9.26261544944454e-09,"Upregulated"
"ENSG00000298622.1","ENSG00000298622","ENSG00000298622","lncRNA",33.46403619284,2.82776754175425,0.462400942149124,6.11540177364583,9.63139937014678e-10,9.72670659736356e-09,"Upregulated"
"ENSG00000007306.17","ENSG00000007306","CEACAM7","protein_coding",27.9378882342569,2.01185370167863,0.330190123201325,6.09301599385502,1.1080298699253e-09,1.10361298109673e-08,"Upregulated"
"ENSG00000108576.12","ENSG00000108576","SLC6A4","protein_coding",42.2074170072391,1.56100160933186,0.256560842789327,6.08433302744359,1.16977236140521e-09,1.16191508303525e-08,"Upregulated"
"ENSG00000213362.3","ENSG00000213362","FTH1P12","processed_pseudogene",24.1959439573414,2.45174480036289,0.403247138932133,6.08000544493762,1.20178466560059e-09,1.19207825967719e-08,"Upregulated"
"ENSG00000172927.11","ENSG00000172927","MYEOV","protein_coding",233.568496630566,1.02811630077974,0.169443893204749,6.06759135035575,1.29842768099632e-09,1.28179931559937e-08,"Upregulated"
"ENSG00000125845.9","ENSG00000125845","BMP2","protein_coding",75.8718202004535,2.76537899592671,0.455759388358672,6.06762925035003,1.29812140762636e-09,1.28179931559937e-08,"Upregulated"
"ENSG00000173599.17","ENSG00000173599","PC","protein_coding",125.722156351649,1.41639612784821,0.234185159274667,6.04818910060381,1.46482965301653e-09,1.43531516778334e-08,"Upregulated"
"ENSG00000198053.14","ENSG00000198053","SIRPA","protein_coding",20.9250610353018,1.67729403518405,0.277867281252648,6.03631355092501,1.57674740301344e-09,1.53563329062303e-08,"Upregulated"
"ENSG00000185275.6","ENSG00000185275","CD24P4","processed_pseudogene",29.7153265089441,1.85134936127748,0.306930055171077,6.03182819696682,1.6211507977287e-09,1.57531404314666e-08,"Upregulated"
"ENSG00000165886.7","ENSG00000165886","UBTD1","protein_coding",71.5569709973999,2.16445081385448,0.359921665594368,6.01367192019449,1.81367389278329e-09,1.74759056211539e-08,"Upregulated"
"ENSG00000130449.7","ENSG00000130449","ZSWIM6","protein_coding",296.918992650797,1.15813071688749,0.192944511280507,6.00240301836712,1.94418390463381e-09,1.86590153284458e-08,"Upregulated"
"ENSG00000159784.20","ENSG00000159784","FAM131B","protein_coding",84.8937300436903,4.63561441352115,0.774759675932366,5.98329334569786,2.1867042558562e-09,2.07937782650053e-08,"Upregulated"
"ENSG00000100906.14","ENSG00000100906","NFKBIA","protein_coding",426.195239456225,1.06450508770524,0.178549783047644,5.96195116866192,2.49243639599816e-09,2.34547975654581e-08,"Upregulated"
"ENSG00000146411.8","ENSG00000146411","SLC2A12","protein_coding",132.263830556346,1.16678590346265,0.195825509839485,5.95829370963492,2.54885125792225e-09,2.39545735601876e-08,"Upregulated"
"ENSG00000129757.17","ENSG00000129757","CDKN1C","protein_coding",199.854236723909,1.18042023265034,0.198181250422855,5.95626594408756,2.58066261594907e-09,2.42221260559158e-08,"Upregulated"
"ENSG00000124469.14","ENSG00000124469","CEACAM8","protein_coding",41.1982882460112,4.67548080094604,0.787369863989781,5.93809976070753,2.88344577108387e-09,2.68898945396058e-08,"Upregulated"
"ENSG00000185022.15","ENSG00000185022","MAFF","protein_coding",438.26474811593,1.36573158757728,0.230080303634387,5.93589093027067,2.92254050367929e-09,2.72194453594603e-08,"Upregulated"
"ENSG00000109089.9","ENSG00000109089","CDR2L","protein_coding",144.225575071564,1.59118640381918,0.268510089781073,5.92598365713757,3.1043346181455e-09,2.87096472789819e-08,"Upregulated"
"ENSG00000241224.10","ENSG00000241224","C3orf85","protein_coding",35.3676161912899,1.89328128069786,0.319823710382326,5.91976523077225,3.22401508719574e-09,2.97526879336747e-08,"Upregulated"
"ENSG00000213390.13","ENSG00000213390","ARHGAP19","protein_coding",325.911666993662,1.19738961820875,0.20227923204367,5.91948864997789,3.22944124197498e-09,2.97716682434487e-08,"Upregulated"
"ENSG00000281903.5","ENSG00000281903","ASMER1","lncRNA",107.670313685115,1.00901942003692,0.170724789106446,5.91021037611474,3.41671088632713e-09,3.1319492262928e-08,"Upregulated"
"ENSG00000211445.14","ENSG00000211445","GPX3","protein_coding",104.183947260412,1.66793732098653,0.283073116573023,5.89224911633833,3.8097424989967e-09,3.47237662235599e-08,"Upregulated"
"ENSG00000171346.17","ENSG00000171346","KRT15","protein_coding",85.0352260637084,1.1402706599423,0.194411601115195,5.86523979742679,4.48484063902308e-09,4.05707306746083e-08,"Upregulated"
"ENSG00000198892.9","ENSG00000198892","SHISA4","protein_coding",52.0721254900832,2.3056468162924,0.394543398775576,5.84383574392002,5.10123296261121e-09,4.57443339864278e-08,"Upregulated"
"ENSG00000140545.18","ENSG00000140545","MFGE8","protein_coding",186.124485352475,1.05839159932497,0.181359951486759,5.83586172497541,5.35132629832876e-09,4.78417154320668e-08,"Upregulated"
"ENSG00000151623.17","ENSG00000151623","NR3C2","protein_coding",48.0870669577848,2.85844469399939,0.49116312914261,5.81974607700944,5.89370948222837e-09,5.22715041716362e-08,"Upregulated"
"ENSG00000226742.6","ENSG00000226742","HSBP1L1","protein_coding",250.181204458305,1.05210327180749,0.181024923536825,5.81192496177725,6.17585244575464e-09,5.4640081589668e-08,"Upregulated"
"ENSG00000167363.16","ENSG00000167363","FN3K","protein_coding",120.631374718588,1.11083278208146,0.191189422864556,5.8101162995215,6.24294587085083e-09,5.5193244936594e-08,"Upregulated"
"ENSG00000204520.16","ENSG00000204520","MICA","protein_coding",199.047432776197,1.15468199801185,0.199260362922883,5.79484038407945,6.83861900340318e-09,5.98461754814727e-08,"Upregulated"
"ENSG00000260196.1","ENSG00000260196","ENSG00000260196","lncRNA",102.51737311345,1.1277711077843,0.194729660160101,5.79147063090995,6.97727610925404e-09,6.10227431353709e-08,"Upregulated"
"ENSG00000114854.9","ENSG00000114854","TNNC1","protein_coding",54.0623842741202,1.31240749731254,0.226994816253445,5.78166285457025,7.39658292923009e-09,6.43019075047406e-08,"Upregulated"
"ENSG00000040608.15","ENSG00000040608","RTN4R","protein_coding",153.089995071809,1.49507953138979,0.258914613684577,5.77441153326006,7.72224890173339e-09,6.68923078804066e-08,"Upregulated"
"ENSG00000173597.11","ENSG00000173597","SULT1B1","protein_coding",32.6119263832689,1.65010495732752,0.286270642034321,5.76414313951792,8.20737382569553e-09,7.0756253112421e-08,"Upregulated"
"ENSG00000104369.7","ENSG00000104369","JPH1","protein_coding",446.214544303579,1.00498337426356,0.174373870324293,5.76338285314497,8.24444846693053e-09,7.09914124674731e-08,"Upregulated"
"ENSG00000117834.15","ENSG00000117834","SLC5A9","protein_coding",27.8329160016538,1.94686503420135,0.338835746151888,5.74574865937739,9.15151597421905e-09,7.79681184587786e-08,"Upregulated"
"ENSG00000153303.18","ENSG00000153303","FRMD1","protein_coding",53.1270237486136,1.3917564773282,0.242666540706656,5.73526318575005,9.736104117694e-09,8.25120589904219e-08,"Upregulated"
"ENSG00000163947.14","ENSG00000163947","ARHGEF3","protein_coding",160.010330178363,1.27954790276725,0.226191156981623,5.65693159645144,1.54103144299005e-08,1.25817620686264e-07,"Upregulated"
"ENSG00000135917.18","ENSG00000135917","SLC19A3","protein_coding",34.4997259077408,1.87264225028862,0.331950388046244,5.64133171017034,1.68739918330588e-08,1.3722664963226e-07,"Upregulated"
"ENSG00000135828.13","ENSG00000135828","RNASEL","protein_coding",106.996216178101,1.2074904859315,0.214325188585899,5.63391775786332,1.76161054362003e-08,1.42541931871254e-07,"Upregulated"
"ENSG00000010818.13","ENSG00000010818","HIVEP2","protein_coding",197.751725124401,1.35033763073453,0.239847802837356,5.62997707196095,1.80233579065784e-08,1.45431237629251e-07,"Upregulated"
"ENSG00000132879.16","ENSG00000132879","FBXO44","protein_coding",115.998937634655,1.19081081245643,0.211578667117097,5.62821776260355,1.82081129571291e-08,1.4666798808284e-07,"Upregulated"
"ENSG00000135074.18","ENSG00000135074","ADAM19","protein_coding",99.7737974079338,1.12579522054391,0.200262612526851,5.62159459690942,1.89202847590103e-08,1.51823237390685e-07,"Upregulated"
"ENSG00000088002.13","ENSG00000088002","SULT2B1","protein_coding",239.92435492875,1.16152294931794,0.208015525146632,5.5838281709943,2.35281172901628e-08,1.86118709480917e-07,"Upregulated"
"ENSG00000073711.13","ENSG00000073711","PPP2R3A","protein_coding",92.0078085504821,1.96996613608694,0.353234959637891,5.57692856365745,2.44802337976516e-08,1.92808450106287e-07,"Upregulated"
"ENSG00000206538.11","ENSG00000206538","VGLL3","protein_coding",17.0263026770418,2.85733895270383,0.514049912996654,5.5584854319826,2.72125666435149e-08,2.11796195380139e-07,"Upregulated"
"ENSG00000167653.7","ENSG00000167653","PSCA","protein_coding",8.68799741947257,3.07770780414957,0.554173276854265,5.55369219825975,2.79697813945999e-08,2.1710662665803e-07,"Upregulated"
"ENSG00000106560.12","ENSG00000106560","GIMAP2","protein_coding",52.4877283120949,1.29993520449315,0.235015793728951,5.53126742619005,3.17925190251174e-08,2.43905339180519e-07,"Upregulated"
"ENSG00000135083.19","ENSG00000135083","CCNJL","protein_coding",84.0358131104936,1.12716440110173,0.204595916478811,5.50922237599237,3.60422349614893e-08,2.74220153957962e-07,"Upregulated"
"ENSG00000134107.7","ENSG00000134107","BHLHE40","protein_coding",1378.11203014567,1.51560515081331,0.276054712542939,5.49023465983237,4.01400088845392e-08,3.01872863910089e-07,"Upregulated"
"ENSG00000165269.15","ENSG00000165269","AQP7","protein_coding",23.924860558402,1.94329647343622,0.354379607839075,5.48365772310092,4.16620488309731e-08,3.12508494647237e-07,"Upregulated"
"ENSG00000197249.16","ENSG00000197249","SERPINA1","protein_coding",653.511126173827,3.47595496157383,0.63635362516083,5.46230087193316,4.70002608972934e-08,3.48916447840761e-07,"Upregulated"
"ENSG00000158406.6","ENSG00000158406","H4C8","protein_coding",22.6446875627444,2.11711550557584,0.387802947014931,5.45925584597048,4.78134347302074e-08,3.54249640138122e-07,"Upregulated"
"ENSG00000198074.12","ENSG00000198074","AKR1B10","protein_coding",366.711721989848,3.10814917042348,0.569655275067611,5.456193081078,4.86450963436592e-08,3.59859487601995e-07,"Upregulated"
"ENSG00000131061.17","ENSG00000131061","ZNF341","protein_coding",112.410208538881,1.09837779325302,0.201454059878608,5.45224948017863,4.97366119391288e-08,3.67746418480538e-07,"Upregulated"
"ENSG00000159884.13","ENSG00000159884","CCDC107","protein_coding",74.1037019820343,1.04453023163142,0.191649125481276,5.45022174772965,5.03070546202973e-08,3.71774520936945e-07,"Upregulated"
"ENSG00000075651.19","ENSG00000075651","PLD1","protein_coding",262.538804196913,1.11820492699727,0.205355753478336,5.44520865891025,5.17446919486626e-08,3.81620394768457e-07,"Upregulated"
"ENSG00000150782.15","ENSG00000150782","IL18","protein_coding",223.35904764788,1.13542990551397,0.208648477824546,5.44183172267744,5.27354802729992e-08,3.87740570825454e-07,"Upregulated"
"ENSG00000231083.2","ENSG00000231083","ENSG00000231083","lncRNA",6.905334080336,3.16933614736599,0.585739406264861,5.41082965132257,6.27334264346466e-08,4.55249281868252e-07,"Upregulated"
"ENSG00000158825.8","ENSG00000158825","CDA","protein_coding",261.52404145859,1.22995892261785,0.227477379648236,5.40695046039223,6.41068652960424e-08,4.64518345935123e-07,"Upregulated"
"ENSG00000128683.16","ENSG00000128683","GAD1","protein_coding",45.4457663313984,1.85654660684049,0.344041655045296,5.39628437317004,6.80350864846368e-08,4.90325855949342e-07,"Upregulated"
"ENSG00000162383.13","ENSG00000162383","SLC1A7","protein_coding",12.2419704109469,2.41914633412087,0.450253575587693,5.37285313273367,7.75004515236427e-08,5.52996821014589e-07,"Upregulated"
"ENSG00000121104.9","ENSG00000121104","FAM117A","protein_coding",112.087914794249,1.02231506569597,0.191429930519718,5.34041392022897,9.27346024492696e-08,6.55246152459686e-07,"Upregulated"
"ENSG00000092421.19","ENSG00000092421","SEMA6A","protein_coding",19.6174212780918,3.37177811560441,0.633665511606073,5.32106932419027,1.03159079821286e-07,7.22213229357523e-07,"Upregulated"
"ENSG00000180596.11","ENSG00000180596","H2BC4","protein_coding",40.3362831844856,2.24930238414482,0.425212986623648,5.28982522854048,1.22433294062494e-07,8.47732105854593e-07,"Upregulated"
"ENSG00000036672.18","ENSG00000036672","USP2","protein_coding",62.2684221442269,3.03761518282184,0.575668118125382,5.27667780650003,1.3154687240887e-07,9.05642410902304e-07,"Upregulated"
"ENSG00000265763.6","ENSG00000265763","ZNF488","protein_coding",40.4721151251646,1.10558992425097,0.209611511742283,5.27447140217323,1.33139276902458e-07,9.1530094917952e-07,"Upregulated"
"ENSG00000179862.7","ENSG00000179862","CITED4","protein_coding",33.2658277144917,1.61068157394185,0.306247454855643,5.25941211397522,1.44516678642299e-07,9.86315801047515e-07,"Upregulated"
"ENSG00000137507.13","ENSG00000137507","LRRC32","protein_coding",24.0131916440552,3.21430628367704,0.613391390898986,5.24022073242037,1.60384636247576e-07,1.08308208224598e-06,"Upregulated"
"ENSG00000010704.21","ENSG00000010704","HFE","protein_coding",61.9458096031533,1.47710230994223,0.283681380434515,5.20690609894717,1.92015197077983e-07,1.28411824460274e-06,"Upregulated"
"ENSG00000162909.20","ENSG00000162909","CAPN2","protein_coding",1809.06204963951,1.01964868037994,0.1960481608469,5.2010112003867,1.98207155865867e-07,1.32125947691267e-06,"Upregulated"
"ENSG00000273356.1","ENSG00000273356","LINC02019","lncRNA",25.924546150508,2.16071075180004,0.417901172532294,5.17038690919937,2.33609813541121e-07,1.5388515535627e-06,"Upregulated"
"ENSG00000143412.12","ENSG00000143412","ANXA9","protein_coding",76.5881447236291,1.39248925348982,0.269938678392036,5.15853919780807,2.48884007683081e-07,1.63204843409195e-06,"Upregulated"
"ENSG00000011422.14","ENSG00000011422","PLAUR","protein_coding",491.548696267362,1.16023985054169,0.225036463638039,5.15578600811949,2.52569206064773e-07,1.65322174087204e-06,"Upregulated"
"ENSG00000204542.4","ENSG00000204542","C6orf15","protein_coding",38.1098360823992,1.00219304526667,0.19481079377786,5.14444310724109,2.68315548732213e-07,1.74525535557775e-06,"Upregulated"
"ENSG00000124216.5","ENSG00000124216","SNAI1","protein_coding",122.019113002012,1.02062418567054,0.198938119533917,5.13036007408595,2.89188460600273e-07,1.86761103877859e-06,"Upregulated"
"ENSG00000236753.8","ENSG00000236753","MKLN1-AS","lncRNA",63.6112049857221,1.66920213944439,0.325394879590113,5.12977383524601,2.9009049564488e-07,1.87176823815031e-06,"Upregulated"
"ENSG00000130270.17","ENSG00000130270","ATP8B3","protein_coding",10.0693644408883,3.12500041036657,0.609781437180481,5.12478770232169,2.97873185399342e-07,1.91601340559577e-06,"Upregulated"
"ENSG00000010319.9","ENSG00000010319","SEMA3G","protein_coding",10.5178378634917,2.20234928517629,0.430219696709785,5.11912704606349,3.06953138766819e-07,1.96743250199414e-06,"Upregulated"
"ENSG00000303745.1","ENSG00000303745","ENSG00000303745","lncRNA",30.1470654174181,2.20485529208979,0.432630336112845,5.09639548604074,3.46181539797085e-07,2.1994137986582e-06,"Upregulated"
"ENSG00000261087.1","ENSG00000261087","ZNNT1","lncRNA",59.1437160034638,1.44471176341435,0.28360694876353,5.09406334969226,3.50469573085683e-07,2.22470654978437e-06,"Upregulated"
"ENSG00000134824.16","ENSG00000134824","FADS2","protein_coding",81.3326821452729,1.22533231527556,0.240718002338053,5.09032271526898,3.57454636204317e-07,2.26309855302445e-06,"Upregulated"
"ENSG00000148803.15","ENSG00000148803","FUOM","protein_coding",54.5720776427042,1.43862784195059,0.284523197293619,5.05627609852133,4.27522265893378e-07,2.67515227863853e-06,"Upregulated"
"ENSG00000067057.21","ENSG00000067057","PFKP","protein_coding",481.905206890683,1.19177173042644,0.236599194189901,5.03709124837465,4.72659490442294e-07,2.92600655082859e-06,"Upregulated"
"ENSG00000237973.1","ENSG00000237973","MTCO1P12","unprocessed_pseudogene",85.2392131997949,1.04301851035009,0.207660849399831,5.02270174356195,5.09496335456385e-07,3.13796043069865e-06,"Upregulated"
"ENSG00000118322.15","ENSG00000118322","ATP10B","protein_coding",1042.92354948076,1.27580261133417,0.254600991132372,5.01098839269973,5.41511812372466e-07,3.31541579421283e-06,"Upregulated"
"ENSG00000233588.1","ENSG00000233588","CYP51A1P2","processed_pseudogene",63.5146867723833,1.083673750187,0.216515268774918,5.00506849386935,5.58421712934222e-07,3.41030234464507e-06,"Upregulated"
"ENSG00000164849.12","ENSG00000164849","GPR146","protein_coding",38.2307045978849,1.11627267847685,0.223419006107671,4.99631923856507,5.84348969497417e-07,3.55366565923481e-06,"Upregulated"
"ENSG00000142611.18","ENSG00000142611","PRDM16","protein_coding",11.6602573472492,2.10405014445779,0.422014120804984,4.98573398549876,6.17270251648092e-07,3.75072557102061e-06,"Upregulated"
"ENSG00000274512.8","ENSG00000274512","TBC1D3L","protein_coding",16.7504974390464,1.9882585084485,0.400754761271327,4.96128480705029,7.00284234018754e-07,4.21465568812091e-06,"Upregulated"
"ENSG00000108878.7","ENSG00000108878","CACNG1","protein_coding",13.9405161893414,4.50849617408956,0.909322275782459,4.95808394247249,7.11918046005244e-07,4.27209785619379e-06,"Upregulated"
"ENSG00000176928.9","ENSG00000176928","GCNT4","protein_coding",7.51463839795645,3.15453983959452,0.636728646616304,4.95429231330857,7.25940062851445e-07,4.34903819381693e-06,"Upregulated"
"ENSG00000181649.10","ENSG00000181649","PHLDA2","protein_coding",688.363143994341,1.03697878844039,0.210026913035194,4.93736147170162,7.91866167231568e-07,4.70702399324031e-06,"Upregulated"
"ENSG00000109255.13","ENSG00000109255","NMU","protein_coding",117.022297874459,1.19447061596657,0.241931215093747,4.93723232656736,7.92390541525184e-07,4.70820981048912e-06,"Upregulated"
"ENSG00000106351.15","ENSG00000106351","AGFG2","protein_coding",133.496442037163,1.06812345464904,0.217706104156208,4.90626323404623,9.28279236486435e-07,5.4135302596223e-06,"Upregulated"
"ENSG00000140968.14","ENSG00000140968","IRF8","protein_coding",406.296542202711,1.67499218044738,0.341689945694026,4.90208214071155,9.48261676674798e-07,5.52117646378914e-06,"Upregulated"
"ENSG00000173585.20","ENSG00000173585","CCR9","protein_coding",17.6372344276853,3.07498409305039,0.627366582365195,4.90141518449642,9.51487276020932e-07,5.53550927502824e-06,"Upregulated"
"ENSG00000184678.11","ENSG00000184678","H2BC21","protein_coding",325.871700093976,1.67168253653812,0.34296324931095,4.87423226802494,1.09232413001384e-06,6.27177547232986e-06,"Upregulated"
"ENSG00000111291.10","ENSG00000111291","GPRC5D","protein_coding",7.97315948196326,2.54158120218247,0.521828420994401,4.87053042710707,1.11299059696652e-06,6.37780139629847e-06,"Upregulated"
"ENSG00000174827.16","ENSG00000174827","PDZK1","protein_coding",30.9664434841781,1.93968858501339,0.401849153126403,4.82690723601763,1.38669672387235e-06,7.83164806015513e-06,"Upregulated"
"ENSG00000302960.1","ENSG00000302960","ENSG00000302960","lncRNA",26.5001122691896,2.61712042414141,0.542844526133209,4.821123356965,1.42752043354455e-06,8.04652902486486e-06,"Upregulated"
"ENSG00000307857.1","ENSG00000307857","ENSG00000307857","lncRNA",17.7602148624615,2.26093033738024,0.469072005927921,4.82000696866926,1.43553206849843e-06,8.08539865397562e-06,"Upregulated"
"ENSG00000273079.8","ENSG00000273079","GRIN2B","protein_coding",81.5805478731345,1.06931427063606,0.221966344263385,4.81746128758697,1.45396288615933e-06,8.18284665872658e-06,"Upregulated"
"ENSG00000166313.22","ENSG00000166313","APBB1","protein_coding",14.3591810665446,2.11956697664362,0.442781837604031,4.78693296932179,1.69349363445964e-06,9.40310718413376e-06,"Upregulated"
"ENSG00000169583.15","ENSG00000169583","CLIC3","protein_coding",32.6303299907328,1.5938136579331,0.333049525780201,4.78551547010743,1.70549048428964e-06,9.46609272245328e-06,"Upregulated"
"ENSG00000163286.10","ENSG00000163286","ALPG","protein_coding",50.2124398286604,2.88090847068203,0.602046144148964,4.78519545167822,1.7082102049093e-06,9.47755830380764e-06,"Upregulated"
"ENSG00000303582.1","ENSG00000303582","ENSG00000303582","lncRNA",8.19441031347482,2.82402251519316,0.591072041813024,4.77779748561767,1.77225738025365e-06,9.79540577980013e-06,"Upregulated"
"ENSG00000160712.15","ENSG00000160712","IL6R","protein_coding",90.0398743133759,2.689877248039,0.563414970257206,4.77423815489148,1.80388814255176e-06,9.94746840253427e-06,"Upregulated"
"ENSG00000267280.7","ENSG00000267280","TBX2-AS1","lncRNA",25.8283451342693,1.21383739426424,0.254301312458827,4.77322504759297,1.81299006435109e-06,9.99005779945857e-06,"Upregulated"
"ENSG00000142173.19","ENSG00000142173","COL6A2","protein_coding",16.8961267123268,1.87882669722439,0.394393701190339,4.76383545567236,1.89947415854099e-06,1.04269619339303e-05,"Upregulated"
"ENSG00000131480.10","ENSG00000131480","AOC2","protein_coding",35.3519196448083,1.61116875758126,0.339514304420205,4.74551067983036,2.07980939094652e-06,1.13310517645101e-05,"Upregulated"
"ENSG00000168994.15","ENSG00000168994","PXDC1","protein_coding",77.2913907239149,1.94382277525668,0.413066827183428,4.70583122956397,2.52833625287179e-06,1.35806704879978e-05,"Upregulated"
"ENSG00000131471.8","ENSG00000131471","AOC3","protein_coding",15.0209389104904,2.08866901189077,0.445546702572083,4.68787895821729,2.76051203184506e-06,1.46647142102267e-05,"Upregulated"
"ENSG00000100625.10","ENSG00000100625","SIX4","protein_coding",127.471734847722,1.2828093157547,0.273685590654406,4.68716424817029,2.77016641392952e-06,1.47106088936118e-05,"Upregulated"
"ENSG00000223573.8","ENSG00000223573","TINCR","protein_coding",29.1560042003501,2.18556149377237,0.468478749786371,4.66523080239818,3.08270828898261e-06,1.62453121905222e-05,"Upregulated"
"ENSG00000047662.7","ENSG00000047662","FAM184B","protein_coding",10.615968296985,1.95315738285822,0.419503121278876,4.6558828380202,3.22595355634378e-06,1.69385938183095e-05,"Upregulated"
"ENSG00000261578.1","ENSG00000261578","ENSG00000261578","lncRNA",49.5026168546648,1.16664634225894,0.253147940931649,4.6085555267224,4.05476093255616e-06,2.08079303946898e-05,"Upregulated"
"ENSG00000151743.12","ENSG00000151743","AMN1","protein_coding",144.5838674398,1.04750860483552,0.227707760530718,4.60023234339531,4.22019960236648e-06,2.15500819723379e-05,"Upregulated"
"ENSG00000168899.7","ENSG00000168899","VAMP5","protein_coding",49.7874885530168,1.55162556528228,0.338364499795224,4.58566299426008,4.52548062265689e-06,2.29231964989667e-05,"Upregulated"
"ENSG00000119917.16","ENSG00000119917","IFIT3","protein_coding",16.3831659535598,2.27076457060842,0.495392390490379,4.5837695818473,4.56667456377462e-06,2.31237763026631e-05,"Upregulated"
"ENSG00000051128.21","ENSG00000051128","HOMER3","protein_coding",50.5146152388374,1.92365107978275,0.420604331263714,4.57354082399271,4.79550188274512e-06,2.41979154891164e-05,"Upregulated"
"ENSG00000290920.2","ENSG00000290920","ENSG00000290920","lncRNA",21.7243470464917,1.70096834948762,0.372063669314406,4.57171309583105,4.83752992520551e-06,2.43845160612446e-05,"Upregulated"
"ENSG00000167105.10","ENSG00000167105","TMEM92","protein_coding",87.9655840120958,1.3739552708338,0.300764639910497,4.5682074569759,4.91913028710523e-06,2.47699917028245e-05,"Upregulated"
"ENSG00000198838.16","ENSG00000198838","RYR3","protein_coding",6.89125998525562,3.00857851488582,0.659521059612118,4.56176261703493,5.07259783760191e-06,2.55073170931738e-05,"Upregulated"
"ENSG00000100100.16","ENSG00000100100","PIK3IP1","protein_coding",86.1773672562103,1.28941487577107,0.282768649526524,4.55996404810118,5.11623791859818e-06,2.56782910522219e-05,"Upregulated"
"ENSG00000131620.20","ENSG00000131620","ANO1","protein_coding",85.7378684131619,1.28862423228107,0.283013035057385,4.55323279374669,5.28277590649672e-06,2.64084127067784e-05,"Upregulated"
"ENSG00000198853.14","ENSG00000198853","RUSC2","protein_coding",22.3264627663326,1.4523018128358,0.319452514879921,4.54622125414071,5.46176213536083e-06,2.71812695280389e-05,"Upregulated"
"ENSG00000176170.16","ENSG00000176170","SPHK1","protein_coding",56.3927167860325,1.58459177528385,0.349453312696814,4.53448777765242,5.77434454670482e-06,2.85603416965345e-05,"Upregulated"
"ENSG00000259005.1","ENSG00000259005","ENSG00000259005","lncRNA",7.99326210038548,4.23667065611633,0.935305405109749,4.52971899121999,5.90621882514369e-06,2.91529030020376e-05,"Upregulated"
"ENSG00000105520.13","ENSG00000105520","PLPPR2","protein_coding",168.303893924849,1.07183679470085,0.23764169536407,4.51030612729296,6.47341399266415e-06,3.17471118719759e-05,"Upregulated"
"ENSG00000153721.21","ENSG00000153721","CNKSR3","protein_coding",241.372006005324,1.02732233155911,0.228365257141457,4.49859293142281,6.84046937906353e-06,3.33217083164332e-05,"Upregulated"
"ENSG00000179348.15","ENSG00000179348","GATA2","protein_coding",236.935819443956,1.02993924902444,0.229355842682982,4.49057341193629,7.10316872851913e-06,3.44277997370231e-05,"Upregulated"
"ENSG00000179546.7","ENSG00000179546","HTR1D","protein_coding",57.9119570632481,2.50074646399603,0.557274398598549,4.48745980487348,7.20774051289216e-06,3.48763190360044e-05,"Upregulated"
"ENSG00000060566.16","ENSG00000060566","CREB3L3","protein_coding",16.1351210886916,1.86614895427246,0.416782238023567,4.47751555613784,7.55167264124714e-06,3.63825930574979e-05,"Upregulated"
"ENSG00000115963.16","ENSG00000115963","RND3","protein_coding",898.355747135478,1.21785662663702,0.27231910042451,4.47216748563924,7.7430743487351e-06,3.72428255764584e-05,"Upregulated"
"ENSG00000198133.11","ENSG00000198133","TMEM229B","protein_coding",34.6136784712396,1.67635918722663,0.375305603719674,4.46665109876362,7.94535511188292e-06,3.80893437914017e-05,"Upregulated"
"ENSG00000067715.17","ENSG00000067715","SYT1","protein_coding",79.8043281954518,2.71585058819913,0.609833516640911,4.45342952476373,8.45094553584275e-06,4.02998034568717e-05,"Upregulated"
"ENSG00000143178.13","ENSG00000143178","TBX19","protein_coding",34.3023393723128,1.09310809879503,0.246112028943766,4.44150618515598,8.93313787442504e-06,4.23264129033721e-05,"Upregulated"
"ENSG00000147036.13","ENSG00000147036","LANCL3","protein_coding",10.7396018767936,2.48116301260737,0.559040763961271,4.43825061168395,9.06929857563056e-06,4.29096555527385e-05,"Upregulated"
"ENSG00000158156.10","ENSG00000158156","XKR8","protein_coding",52.2241582666986,1.08901275616098,0.245939467511794,4.42797070018361,9.5123819432548e-06,4.483791726779e-05,"Upregulated"
"ENSG00000181045.18","ENSG00000181045","SLC26A11","protein_coding",57.9010276002073,1.09122000330411,0.247454495495021,4.40978047750224,1.03475459400478e-05,4.84138693166607e-05,"Upregulated"
"ENSG00000152669.10","ENSG00000152669","CCNO","protein_coding",93.8767285895963,1.16095075049136,0.263759955256427,4.40154287015513,1.07483825132847e-05,5.00692894190041e-05,"Upregulated"
"ENSG00000130508.13","ENSG00000130508","PXDN","protein_coding",23.3783656414749,2.08874339747806,0.474685476916181,4.40026817556688,1.08117177824997e-05,5.03319672675828e-05,"Upregulated"
"ENSG00000145911.9","ENSG00000145911","N4BP3","protein_coding",160.207226585241,1.15308911495702,0.262254773836043,4.39682793220728,1.09844353970028e-05,5.10212941581294e-05,"Upregulated"
"ENSG00000145287.14","ENSG00000145287","PLAC8","protein_coding",9.34653379913228,3.4202496350157,0.779405943638052,4.3882775887632,1.14251892253162e-05,5.28146227283196e-05,"Upregulated"
"ENSG00000103260.11","ENSG00000103260","METRN","protein_coding",50.2392496542252,1.16769300338519,0.266539826085028,4.3809325628234,1.18172444378117e-05,5.45399701887794e-05,"Upregulated"
"ENSG00000099625.16","ENSG00000099625","CBARP","protein_coding",52.1189421832579,1.65287735586784,0.379011658402485,4.36101982412529,1.29457635495905e-05,5.93327025176047e-05,"Upregulated"
"ENSG00000116833.16","ENSG00000116833","NR5A2","protein_coding",36.5892861378172,1.90268142046048,0.437737200024109,4.34662948535261,1.38245453489729e-05,6.30810173795074e-05,"Upregulated"
"ENSG00000204516.11","ENSG00000204516","MICB","protein_coding",29.0859331437961,2.10611552225667,0.486398777649416,4.33001812306096,1.4909707075051e-05,6.72491362999188e-05,"Upregulated"
"ENSG00000165828.17","ENSG00000165828","PRAP1","protein_coding",12.8884999528982,2.21172864662445,0.511397898293348,4.32486847131263,1.52622897515501e-05,6.85646163246432e-05,"Upregulated"
"ENSG00000187242.7","ENSG00000187242","KRT12","protein_coding",37.4738636710306,3.06126568121066,0.712456346330489,4.29677649301284,1.73299772443629e-05,7.72519317826231e-05,"Upregulated"
"ENSG00000090382.8","ENSG00000090382","LYZ","protein_coding",965.4477366246,1.50019418191493,0.350303206756466,4.282559088755,1.8475604681112e-05,8.19053114220482e-05,"Upregulated"
"ENSG00000123095.8","ENSG00000123095","BHLHE41","protein_coding",317.13358727515,1.40960660752365,0.329453487852148,4.27862098748292,1.88054763045465e-05,8.32403673199413e-05,"Upregulated"
"ENSG00000178026.15","ENSG00000178026","LRRC75B","protein_coding",49.1632608483784,1.08284059698682,0.25312237643561,4.27793311770788,1.88636676440367e-05,8.34724493121768e-05,"Upregulated"
"ENSG00000130584.14","ENSG00000130584","ZBTB46","protein_coding",21.1169307124339,3.01538073960779,0.705936921383564,4.27145917470636,1.94198082493549e-05,8.56717994367281e-05,"Upregulated"
"ENSG00000213199.10","ENSG00000213199","ASIC3","protein_coding",40.4617297209252,1.06748557716922,0.25019587503424,4.26659942744112,1.98475061051539e-05,8.7452130883518e-05,"Upregulated"
"ENSG00000176428.8","ENSG00000176428","VPS37D","protein_coding",66.9147307131421,2.53358560410622,0.593960879361515,4.26557655923355,1.99386625514965e-05,8.78003943167083e-05,"Upregulated"
"ENSG00000197461.15","ENSG00000197461","PDGFA","protein_coding",200.797611418199,1.27454762912673,0.298849601598262,4.2648463384605,2.00039824604253e-05,8.80345319819263e-05,"Upregulated"
"ENSG00000221988.15","ENSG00000221988","PPT2","protein_coding",55.8767257452281,1.05427984062829,0.24789464694867,4.25293508192049,2.10986755902303e-05,9.24310781903317e-05,"Upregulated"
"ENSG00000234975.6","ENSG00000234975","FTH1P2","processed_pseudogene",13.3046464856529,2.29483632934485,0.539620059118895,4.25268907366401,2.11218749291452e-05,9.24768010492966e-05,"Upregulated"
"ENSG00000116741.9","ENSG00000116741","RGS2","protein_coding",13.4096957044086,2.11554155355808,0.498006119069021,4.24802321206996,2.15665053958123e-05,9.41674589322423e-05,"Upregulated"
"ENSG00000232368.1","ENSG00000232368","FTLP2","processed_pseudogene",31.3809702421674,1.29848861196378,0.306187984278348,4.24082158228441,2.22703112838614e-05,9.69193246623784e-05,"Upregulated"
"ENSG00000015520.17","ENSG00000015520","NPC1L1","protein_coding",21.342536656841,1.44266432225906,0.341218590684943,4.22797690877024,2.35801984945957e-05,0.000102073670315302,"Upregulated"
"ENSG00000119121.24","ENSG00000119121","TRPM6","protein_coding",17.789891273625,2.53167166660628,0.599214417641795,4.22498456657579,2.38957153822407e-05,0.000103248869206748,"Upregulated"
"ENSG00000170271.13","ENSG00000170271","FAXDC2","protein_coding",15.8071509998861,1.67835464952836,0.39753621024714,4.22189125484937,2.42260989475218e-05,0.000104551705166017,"Upregulated"
"ENSG00000102575.16","ENSG00000102575","ACP5","protein_coding",7.67129320492242,2.02773829138172,0.482709778217697,4.20074003652612,2.66043934309215e-05,0.000113698280625454,"Upregulated"
"ENSG00000289850.3","ENSG00000289850","ENSG00000289850","lncRNA",8.97092312983039,4.20628896131739,1.00279689827769,4.19455721147693,2.73405140481335e-05,0.000116500655567642,"Upregulated"
"ENSG00000099992.18","ENSG00000099992","TBC1D10A","protein_coding",76.7802929603304,1.02028981092833,0.243771878591189,4.18542867546828,2.84628434050673e-05,0.000120715108758044,"Upregulated"
"ENSG00000182253.16","ENSG00000182253","SYNM","protein_coding",17.9689463976042,1.30808844987946,0.312615000870885,4.1843431896594,2.85991780541979e-05,0.000121186926421472,"Upregulated"
"ENSG00000177614.13","ENSG00000177614","PGBD5","protein_coding",10.1197335795536,1.9137769956657,0.457520871838503,4.18292828472584,2.87778191845791e-05,0.000121801447319778,"Upregulated"
"ENSG00000103710.12","ENSG00000103710","RASL12","protein_coding",8.8612113512984,2.46193866423605,0.593178306206278,4.15041925585848,3.3186682715168e-05,0.000138839897779508,"Upregulated"
"ENSG00000165949.15","ENSG00000165949","IFI27","protein_coding",144.930618935581,1.00790570563901,0.243085455087265,4.14630198782227,3.37888122372252e-05,0.000141056251392092,"Upregulated"
"ENSG00000278828.2","ENSG00000278828","H3C10","protein_coding",16.9696077756514,1.33368200827351,0.322670639201881,4.13326112215338,3.57651994809419e-05,0.000148682525599757,"Upregulated"
"ENSG00000170927.16","ENSG00000170927","PKHD1","protein_coding",16.4311297287163,1.35194779807207,0.328701543220515,4.11299498270107,3.9055887730828e-05,0.000161161140374476,"Upregulated"
"ENSG00000174516.17","ENSG00000174516","PELI3","protein_coding",57.6526698028056,1.00945624511838,0.245812402074126,4.10661234584076,4.01504222020992e-05,0.00016516035156197,"Upregulated"
"ENSG00000101210.17","ENSG00000101210","EEF1A2","protein_coding",18.3104724631623,1.49044139114421,0.365021653020899,4.08315884498741,4.44276326813126e-05,0.000180906224450009,"Upregulated"
"ENSG00000284968.1","ENSG00000284968","ENSG00000284968","lncRNA",24.3393995550767,1.24011291111797,0.304612615915538,4.07111474155694,4.67886942501023e-05,0.000189561575921857,"Upregulated"
"ENSG00000136048.16","ENSG00000136048","DRAM1","protein_coding",132.804297702154,1.1837410761527,0.290789509444914,4.07078329067764,4.68553226341248e-05,0.000189725436047426,"Upregulated"
"ENSG00000185339.12","ENSG00000185339","TCN2","protein_coding",29.7409488836893,1.34454844860716,0.331132705104456,4.06045198157948,4.89778098371943e-05,0.000197217677177166,"Upregulated"
"ENSG00000177679.17","ENSG00000177679","SRRM3","protein_coding",16.4500818519019,4.38047646480024,1.07986675469038,4.05649719817163,4.98141597862286e-05,0.000200259452132358,"Upregulated"
"ENSG00000167680.20","ENSG00000167680","SEMA6B","protein_coding",9.07520239074659,4.48035656888794,1.11282575182171,4.02610791631442,5.67076712225762e-05,0.00022521446186834,"Upregulated"
"ENSG00000139567.16","ENSG00000139567","ACVRL1","protein_coding",53.9354393474779,1.20281650944862,0.299385157188063,4.01762238564502,5.878830437394e-05,0.000232573649681252,"Upregulated"
"ENSG00000274386.6","ENSG00000274386","TMEM269","protein_coding",16.8233667889512,1.62366866485961,0.404187628026085,4.0171161912824,5.89146797684922e-05,0.00023295812802319,"Upregulated"
"ENSG00000266094.10","ENSG00000266094","RASSF5","protein_coding",24.7324988945061,1.41943181693835,0.353849154036625,4.01140373163486,6.03587889527093e-05,0.000238213390387435,"Upregulated"
"ENSG00000077585.16","ENSG00000077585","GPR137B","protein_coding",98.6614660794533,2.18149081941645,0.544682232591546,4.00507064281706,6.19989501227344e-05,0.000244353762626779,"Upregulated"
"ENSG00000178301.6","ENSG00000178301","AQP11","protein_coding",25.4163249729252,1.09536800720667,0.275682078874077,3.97330146261337,7.08832436419538e-05,0.000275473308355912,"Upregulated"
"ENSG00000187775.17","ENSG00000187775","DNAH17","protein_coding",15.4960595749152,2.14183099686778,0.54122098640263,3.95740566363481,7.57681951348445e-05,0.000292185386879768,"Upregulated"
"ENSG00000124635.12","ENSG00000124635","H2BC11","protein_coding",53.1206026234874,1.28858435430591,0.326543356209031,3.94613557374306,7.9422654158019e-05,0.000304254058698919,"Upregulated"
"ENSG00000248319.5","ENSG00000248319","LINC02275","lncRNA",6.30690215831618,2.06373557593958,0.52336100513237,3.94323527297875,8.03897206047885e-05,0.000307633438342909,"Upregulated"
"ENSG00000173706.16","ENSG00000173706","HEG1","protein_coding",29.7035288881957,1.46182670201968,0.370946758746763,3.94079923210121,8.12105759668368e-05,0.000310446759934423,"Upregulated"
"ENSG00000282564.4","ENSG00000282564","ENSG00000282564","lncRNA",29.1518822009727,4.54053275072588,1.15547858420717,3.92956893601049,8.50982781837849e-05,0.00032394122601508,"Upregulated"
"ENSG00000227376.1","ENSG00000227376","FTH1P16","processed_pseudogene",14.371841404128,1.80703799912089,0.460135112572383,3.92718997039512,8.59440975504555e-05,0.000326989199711526,"Upregulated"
"ENSG00000306000.1","ENSG00000306000","ENSG00000306000","lncRNA",10.902124254923,2.70876872471961,0.691404024549744,3.91777980535131,8.93682831045957e-05,0.000338949269497985,"Upregulated"
"ENSG00000118804.10","ENSG00000118804","STBD1","protein_coding",24.0292207408247,1.35867267729561,0.347036054042213,3.91507643505636,9.0375572477787e-05,0.000342411188587736,"Upregulated"
"ENSG00000279415.1","ENSG00000279415","ENSG00000279415","TEC",17.282978108912,1.29075969101907,0.329711815078304,3.91481175981676,9.04747661167268e-05,0.000342607867928823,"Upregulated"
"ENSG00000198721.15","ENSG00000198721","ECI2","protein_coding",148.287719907619,1.67512737967654,0.429460665999821,3.90053737698353,9.59794058627998e-05,0.00036165718922613,"Upregulated"
"ENSG00000206069.9","ENSG00000206069","LHFPL7","protein_coding",17.6415740521425,1.39339450751757,0.358821441281123,3.88325319284891,0.000103068144583604,0.000386358911356851,"Upregulated"
"ENSG00000305635.1","ENSG00000305635","ENSG00000305635","lncRNA",15.4506034852943,2.02537818425963,0.522206147996678,3.87850313909462,0.000105101170760808,0.000392963407292473,"Upregulated"
"ENSG00000150893.12","ENSG00000150893","FREM2","protein_coding",51.2348007635133,1.32910490131467,0.343653925686852,3.867567927991,0.000109926213142322,0.000408893911924674,"Upregulated"
"ENSG00000138646.11","ENSG00000138646","HERC5","protein_coding",11.363336249568,2.04127451805064,0.529492286440887,3.85515440040037,0.000115656611378629,0.000428778616551317,"Upregulated"
"ENSG00000127220.8","ENSG00000127220","ABHD8","protein_coding",50.5007413846654,1.85125331202487,0.481006723250078,3.84870568859469,0.000118743568204883,0.000439039803539173,"Upregulated"
"ENSG00000231412.4","ENSG00000231412","LINC03078","lncRNA",162.664387875128,4.20623215341277,1.09313196281538,3.8478722574167,0.000119148148995044,0.000440146565188932,"Upregulated"
"ENSG00000136167.17","ENSG00000136167","LCP1","protein_coding",14.7663919031068,3.50609129537818,0.911994292253342,3.84442241049051,0.00012083670878397,0.000445589207047656,"Upregulated"
"ENSG00000272275.1","ENSG00000272275","ENSG00000272275","lncRNA",16.5980620913657,1.36916638337594,0.356888221919437,3.83640114546849,0.000124850417236639,0.000459454608073481,"Upregulated"
"ENSG00000189410.14","ENSG00000189410","SH2D5","protein_coding",12.6634341871583,1.58975763251587,0.414978410196572,3.83094058257828,0.000127654332291906,0.000468227431934776,"Upregulated"
"ENSG00000080561.16","ENSG00000080561","MID2","protein_coding",116.575736109575,1.78580375650569,0.466224035132744,3.83035541270891,0.000127958303887221,0.000469223618404254,"Upregulated"
"ENSG00000116774.14","ENSG00000116774","OLFML3","protein_coding",73.7014340111697,1.32416416353397,0.347860245313783,3.80659814213471,0.000140891397705814,0.000511216358425802,"Upregulated"
"ENSG00000254645.3","ENSG00000254645","ENSG00000254645","lncRNA",45.3111982223496,1.51150107614753,0.397628890157853,3.80128585613455,0.000143947115889434,0.000521129553702142,"Upregulated"
"ENSG00000297695.1","ENSG00000297695","ENSG00000297695","lncRNA",11.7226413072453,3.14036078416493,0.826839075001601,3.79803141761152,0.000145849840266831,0.000526570972881642,"Upregulated"
"ENSG00000172602.12","ENSG00000172602","RND1","protein_coding",30.8144817004766,1.09828284079843,0.289729920577831,3.79071253189192,0.000150215732517282,0.00054071693880786,"Upregulated"
"ENSG00000244675.2","ENSG00000244675","ENSG00000244675","lncRNA",19.5285274584723,1.22597365816507,0.324051187415518,3.78327161194151,0.000154780350004971,0.000556021412253867,"Upregulated"
"ENSG00000115844.12","ENSG00000115844","DLX2","protein_coding",11.1196994362467,1.44203349500032,0.384621906782663,3.74922350903733,0.000177382943067788,0.00063083033397261,"Upregulated"
"ENSG00000177181.17","ENSG00000177181","RIMKLA","protein_coding",28.3286190578907,1.31801536294665,0.352706949062299,3.73685680548882,0.000186334967355387,0.000659586169177986,"Upregulated"
"ENSG00000100373.12","ENSG00000100373","UPK3A","protein_coding",25.0761913825202,1.32472197055457,0.35450731448033,3.73679728582321,0.000186379061743296,0.000659586169177986,"Upregulated"
"ENSG00000120162.12","ENSG00000120162","MOB3B","protein_coding",116.115923195404,2.15094790837203,0.575894954122772,3.73496571375322,0.00018774076335112,0.000663918775618455,"Upregulated"
"ENSG00000134762.18","ENSG00000134762","DSC3","protein_coding",249.538086032355,1.14449404750886,0.308908303852389,3.70496368416096,0.000211421021333214,0.000739004689136742,"Upregulated"
"ENSG00000182218.12","ENSG00000182218","HHIPL1","protein_coding",5.84834288329289,1.93033147429515,0.522567935908408,3.69393401632947,0.000220811122328411,0.000768490582320686,"Upregulated"
"ENSG00000303794.1","ENSG00000303794","ENSG00000303794","lncRNA",5.41375581551799,2.22293170668889,0.603935515014699,3.68074347579109,0.000232554878102864,0.00080434016550518,"Upregulated"
"ENSG00000273802.4","ENSG00000273802","H2BC8","protein_coding",23.5628512918343,1.15104736263139,0.313647623281708,3.66987433409485,0.000242669736368758,0.000835932925946291,"Upregulated"
"ENSG00000197696.11","ENSG00000197696","NMB","protein_coding",78.3357186701034,1.02448627498421,0.279486798576356,3.6655980897943,0.000246761205385415,0.000848816375135397,"Upregulated"
"ENSG00000142279.15","ENSG00000142279","WTIP","protein_coding",17.8164341446485,1.29848135789108,0.355992633734138,3.64749501772221,0.000264809444733539,0.000903181565798647,"Upregulated"
"ENSG00000140057.11","ENSG00000140057","AK7","protein_coding",20.0155705440033,1.33342269527912,0.366216363939759,3.64107895380245,0.000271497853588961,0.000921223810398318,"Upregulated"
"ENSG00000278035.1","ENSG00000278035","ENSG00000278035","lncRNA",8.45182879922664,1.44044066998117,0.396794678906008,3.63019149841569,0.00028321102260031,0.000955406583541989,"Upregulated"
"ENSG00000170498.12","ENSG00000170498","KISS1","protein_coding",18.3774446755554,1.44927058284917,0.399373989759907,3.62885570920739,0.00028468029354318,0.000959438793959946,"Upregulated"
"ENSG00000130821.19","ENSG00000130821","SLC6A8","protein_coding",256.7494719932,1.22396011508515,0.337558511692258,3.62591987074821,0.000287934636151819,0.00096973012947064,"Upregulated"
"ENSG00000198794.14","ENSG00000198794","SCAMP5","protein_coding",33.2084021916373,1.15566264392677,0.319548445368909,3.61654910444828,0.000298556701925091,0.00100108369372939,"Upregulated"
"ENSG00000196220.18","ENSG00000196220","SRGAP3","protein_coding",13.2303768472402,1.52298750159038,0.422529665787214,3.6044510596739,0.000312813384553873,0.00104285520334822,"Upregulated"
"ENSG00000113721.16","ENSG00000113721","PDGFRB","protein_coding",12.6168111409015,1.26345770205577,0.351867590149386,3.59071917228685,0.00032976679630146,0.00109509175343739,"Upregulated"
"ENSG00000205978.8","ENSG00000205978","NYNRIN","protein_coding",72.1186605737404,1.66976793325825,0.465701470467828,3.58548993109439,0.00033644598480659,0.00111471769817492,"Upregulated"
"ENSG00000198933.13","ENSG00000198933","TBKBP1","protein_coding",130.296218148755,2.20562015526829,0.615429092470183,3.58387372689104,0.000338535795791579,0.00112112905681252,"Upregulated"
"ENSG00000143494.18","ENSG00000143494","VASH2","protein_coding",23.3249185643616,1.19006044440299,0.332704016007446,3.5769344136091,0.000347647354601432,0.00114763222389156,"Upregulated"
"ENSG00000089356.21","ENSG00000089356","FXYD3","protein_coding",6.8885610805689,1.84813201254075,0.516837853125485,3.57584492189281,0.000349098559613101,0.00115189807056308,"Upregulated"
"ENSG00000134321.14","ENSG00000134321","RSAD2","protein_coding",5.59898250336852,1.9306773712731,0.540206223387811,3.57396358591574,0.000351617850837671,0.00115836460430542,"Upregulated"
"ENSG00000105696.11","ENSG00000105696","TMEM59L","protein_coding",13.1799632787291,2.9317912713653,0.822308059153489,3.56531988070673,0.000363412674506178,0.00119342317673771,"Upregulated"
"ENSG00000197576.16","ENSG00000197576","HOXA4","protein_coding",24.1727993590424,1.52174803687656,0.427103752849111,3.56294700462203,0.000366714732242601,0.00120317634133117,"Upregulated"
"ENSG00000121440.16","ENSG00000121440","PDZRN3","protein_coding",9.65116332114213,4.07242809448503,1.14313322445831,3.56251398118081,0.000367320339447071,0.0012048905294855,"Upregulated"
"ENSG00000134954.16","ENSG00000134954","ETS1","protein_coding",50.7088161405728,1.51186788936116,0.426737822581528,3.54284951874009,0.000395828501236073,0.00128646482168943,"Upregulated"
"ENSG00000135929.11","ENSG00000135929","CYP27A1","protein_coding",59.7493765401197,1.06816907550671,0.302055067827638,3.53633886426378,0.000405713919345274,0.00131329151645113,"Upregulated"
"ENSG00000198832.12","ENSG00000198832","SELENOM","protein_coding",36.7245331071595,1.47079443973448,0.415949855609361,3.53598978314294,0.000406250404695638,0.00131473444949736,"Upregulated"
"ENSG00000239779.9","ENSG00000239779","WBP1","protein_coding",30.9440057816942,1.2369804976513,0.349878488974897,3.53545741344518,0.000407069853192337,0.001316798284032,"Upregulated"
"ENSG00000128849.13","ENSG00000128849","CGNL1","protein_coding",58.5037175437785,1.22679879366347,0.348418276248642,3.52105178543502,0.000429838663293512,0.00138427153521102,"Upregulated"
"ENSG00000185215.13","ENSG00000185215","TNFAIP2","protein_coding",24.2974609707523,2.54792940593903,0.726072454424589,3.50919442049108,0.000449466217888505,0.00144075744959969,"Upregulated"
"ENSG00000267270.9","ENSG00000267270","PARD6G-AS1","lncRNA",8.34377810265117,3.25015986570711,0.929673845839279,3.496021621188,0.000472250432757562,0.00150745666773625,"Upregulated"
"ENSG00000167037.21","ENSG00000167037","SGSM1","protein_coding",11.5426694604687,2.89413555666741,0.827831184793376,3.49604558251786,0.000472208027187229,0.00150745666773625,"Upregulated"
"ENSG00000122691.14","ENSG00000122691","TWIST1","protein_coding",49.0933094664575,1.0793700635684,0.309123327377215,3.49171339712991,0.00047993291939331,0.00152894875090082,"Upregulated"
"ENSG00000259823.8","ENSG00000259823","LYPD8","protein_coding",21.961132370941,1.51569076033944,0.434364055790347,3.48944794150052,0.000484019323995596,0.00154027405431361,"Upregulated"
"ENSG00000184500.18","ENSG00000184500","PROS1","protein_coding",65.4726426486284,1.27043711858727,0.364343136753664,3.48692479816418,0.000488608728569452,0.00155181189884473,"Upregulated"
"ENSG00000166897.18","ENSG00000166897","ELFN2","protein_coding",41.1034602626482,1.7329574082796,0.498518487336373,3.47621492943809,0.000508544553195515,0.00160828148910602,"Upregulated"
"ENSG00000273297.5","ENSG00000273297","LINC03060","lncRNA",7.29993841523895,2.96238742608757,0.853797684830087,3.46965970829156,0.00052111814560768,0.00164460892119915,"Upregulated"
"ENSG00000112183.16","ENSG00000112183","RBM24","protein_coding",40.4447087329317,3.77891383160117,1.09307716575643,3.45713363153651,0.000545954045224084,0.00171663398207581,"Upregulated"
"ENSG00000197208.8","ENSG00000197208","SLC22A4","protein_coding",15.1141520097921,1.15963039914919,0.335563184670783,3.45577361320755,0.000548715968082649,0.00172344859329297,"Upregulated"
"ENSG00000129946.13","ENSG00000129946","SHC2","protein_coding",40.4316544128581,3.77990436856181,1.10113323138534,3.43274025415281,0.000597514229520836,0.00185938935241914,"Upregulated"
"ENSG00000242515.7","ENSG00000242515","UGT1A10","protein_coding",236.508952484933,1.97625874123462,0.575925279527518,3.43144989720874,0.000600364019359748,0.00186745554165303,"Upregulated"
"ENSG00000115594.14","ENSG00000115594","IL1R1","protein_coding",27.6887677083739,1.55588843166191,0.454279220262309,3.42496060190363,0.000614888580956301,0.00190976539117418,"Upregulated"
"ENSG00000179841.9","ENSG00000179841","AKAP5","protein_coding",24.8630274681832,1.04524414836307,0.307252101318946,3.40191049589616,0.000669165493635515,0.00206199156575928,"Upregulated"
"ENSG00000185519.11","ENSG00000185519","FAM131C","protein_coding",30.6542662313904,1.18640119674481,0.350508943292503,3.38479579322672,0.000712312255420962,0.00218241632252866,"Upregulated"
"ENSG00000132329.13","ENSG00000132329","RAMP1","protein_coding",23.8474876060996,3.82279288059113,1.13449150763821,3.3696090758312,0.000752748922194075,0.00229853294994449,"Upregulated"
"ENSG00000196154.14","ENSG00000196154","S100A4","protein_coding",286.679536257782,1.46042994265776,0.433757667288819,3.3669259422804,0.000760110979140799,0.00231759484740342,"Upregulated"
"ENSG00000131015.7","ENSG00000131015","ULBP2","protein_coding",27.7934745115844,1.51682503078037,0.450806292294473,3.36469356507907,0.00076628713129829,0.0023329901484821,"Upregulated"
"ENSG00000187288.14","ENSG00000187288","CIDEC","protein_coding",11.3447700895067,1.6815365092186,0.501313590899763,3.35426076560294,0.000795773314906743,0.00241010384109269,"Upregulated"
"ENSG00000262454.5","ENSG00000262454","MIR193BHG","lncRNA",8.35002171564491,1.84125308720387,0.549720488449094,3.34943507817678,0.000809765301896569,0.00244838697164304,"Upregulated"
"ENSG00000243927.8","ENSG00000243927","MRPS6","protein_coding",11.0189956143159,2.71415452065016,0.812580726004907,3.34016600909849,0.000837283237865174,0.00252789764232127,"Upregulated"
"ENSG00000280033.1","ENSG00000280033","ENSG00000280033","TEC",7.33074835846302,2.89603679278046,0.868010886027584,3.33640607439159,0.000848691007218707,0.00256180588973412,"Upregulated"
"ENSG00000227014.7","ENSG00000227014","FKBP14-AS1","lncRNA",8.25702630131401,2.028777122498,0.608149041233229,3.33598671533538,0.000849972253188116,0.00256460501628194,"Upregulated"
"ENSG00000065923.12","ENSG00000065923","SLC9A7","protein_coding",90.8829689072716,1.4327288990406,0.429928300839224,3.33248333790519,0.000860746244061199,0.00259333359021516,"Upregulated"
"ENSG00000167741.12","ENSG00000167741","GGT6","protein_coding",309.084681561361,1.0571914108951,0.319121819765566,3.31281455988104,0.000923621974292852,0.00276266865871043,"Upregulated"
"ENSG00000287331.2","ENSG00000287331","ENSG00000287331","lncRNA",11.893084969082,1.16821205808,0.35272926459724,3.31192269916678,0.000926571445726823,0.0027709189829701,"Upregulated"
"ENSG00000130813.20","ENSG00000130813","SHFL","protein_coding",58.6921628605066,1.1830297617024,0.357707821258122,3.30725159305008,0.000942162313378234,0.00281116249649524,"Upregulated"
"ENSG00000113303.14","ENSG00000113303","BTNL8","protein_coding",6.70469757712621,1.90135455092441,0.575213147311374,3.30547825586325,0.000948144606194731,0.00282494071401604,"Upregulated"
"ENSG00000085662.16","ENSG00000085662","AKR1B1","protein_coding",8.18797673006648,2.86687709404271,0.867823440373015,3.30352576419282,0.000954771956496486,0.00284234905372783,"Upregulated"
"ENSG00000172548.16","ENSG00000172548","NIPAL4","protein_coding",20.3872441413646,1.12257460515372,0.339976385220373,3.3019193507398,0.000960256757818437,0.00285574408666218,"Upregulated"
"ENSG00000231133.9","ENSG00000231133","HAR1B","lncRNA",19.9876682889125,1.70110681472624,0.515806769836919,3.29795364117472,0.000973922126026644,0.00289222939556929,"Upregulated"
"ENSG00000125434.13","ENSG00000125434","SLC25A35","protein_coding",16.0547929807688,1.52824632312085,0.465492622773289,3.28307313232149,0.00102682023790704,0.00302452822921725,"Upregulated"
"ENSG00000110375.4","ENSG00000110375","UPK2","protein_coding",8.11057462379279,1.7194643188773,0.523865819710575,3.28226094198561,0.0010297826155218,0.0030320214677249,"Upregulated"
"ENSG00000293413.2","ENSG00000293413","ENSG00000293413","lncRNA",14.5338619485916,1.24622201873797,0.380540263071741,3.27487559050492,0.00105708515318831,0.00310483948925923,"Upregulated"
"ENSG00000031081.13","ENSG00000031081","ARHGAP31","protein_coding",22.4541770838452,1.83418180227453,0.560432346879583,3.27279788985597,0.001064885935294,0.00312332057767268,"Upregulated"
"ENSG00000258021.1","ENSG00000258021","ENSG00000258021","processed_pseudogene",11.9159561122157,1.29983144483696,0.398475039614733,3.26201472015339,0.00110623399021665,0.00323412204684682,"Upregulated"
"ENSG00000163295.5","ENSG00000163295","ALPI","protein_coding",20.3859215672013,1.60271021127344,0.491614190677349,3.26009753515295,0.00111373906802523,0.00325278246147151,"Upregulated"
"ENSG00000289337.1","ENSG00000289337","ENSG00000289337","lncRNA",30.5160612407367,2.43555509166289,0.747216746037456,3.25950282107409,0.00111607670584066,0.0032588630386491,"Upregulated"
"ENSG00000102038.18","ENSG00000102038","SMARCA1","protein_coding",34.3797339725643,3.58923605078941,1.1015067779074,3.25847840683114,0.00112011400286655,0.0032674501065906,"Upregulated"
"ENSG00000236935.4","ENSG00000236935","ENSG00000236935","lncRNA",15.5638265023172,1.08290036842295,0.332631937705931,3.25555139380604,0.00113172411882466,0.00329667254874512,"Upregulated"
"ENSG00000151224.15","ENSG00000151224","MAT1A","protein_coding",10.0590461897474,1.42981020160905,0.440689314883468,3.24448574839429,0.00117662905199688,0.00341854615507994,"Upregulated"
"ENSG00000279656.1","ENSG00000279656","ENSG00000279656","TEC",13.3472152422561,1.4342764191166,0.442092313102854,3.2442916934023,0.00117743102619695,0.00342003245174399,"Upregulated"
"ENSG00000204389.11","ENSG00000204389","HSPA1A","protein_coding",62.5183835114626,1.73728827864693,0.535821218281904,3.24229093468433,0.00118572909412342,0.00343809244338468,"Upregulated"
"ENSG00000254966.2","ENSG00000254966","IGSF22-AS1","lncRNA",9.59561753547129,1.44116749285032,0.445436048058685,3.23540831311535,0.00121468889917472,0.0035094241480941,"Upregulated"
"ENSG00000183379.11","ENSG00000183379","SYNDIG1L","protein_coding",5.68926357185741,2.96120161013039,0.917145400778684,3.22871554239518,0.00124347513502251,0.00358687134887464,"Upregulated"
"ENSG00000135744.10","ENSG00000135744","AGT","protein_coding",9.77111780906254,1.79582619084027,0.556887483479039,3.22475588716991,0.00126080125772732,0.00362962491596829,"Upregulated"
"ENSG00000268041.3","ENSG00000268041","ERFL","protein_coding",33.8276276787611,2.03181885933484,0.630546697565583,3.22231306131535,0.00127160113223445,0.00365635785879794,"Upregulated"
"ENSG00000146054.20","ENSG00000146054","TRIM7","protein_coding",36.9305099812692,1.11048527255979,0.345251487328802,3.21645326179932,0.00129785671765696,0.00372004342410695,"Upregulated"
"ENSG00000139055.8","ENSG00000139055","ERP27","protein_coding",290.531111561288,1.0228819305311,0.318750299256371,3.20903833790098,0.00133179732676502,0.00380773493174259,"Upregulated"
"ENSG00000181104.8","ENSG00000181104","F2R","protein_coding",14.8368867904799,1.86873453876965,0.582878437953591,3.20604506375381,0.00134572911751999,0.00384357634432395,"Upregulated"
"ENSG00000310781.1","ENSG00000310781","ENSG00000310781","snoRNA",20.8399957091519,1.13726348464174,0.354735330319178,3.20594930202883,0.00134617703903897,0.00384409805906458,"Upregulated"
"ENSG00000224043.10","ENSG00000224043","CCNT2-AS1","lncRNA",15.3035875657774,1.13075043502211,0.352985491214217,3.2033906864911,0.00135819590856747,0.00387460139900783,"Upregulated"
"ENSG00000115041.16","ENSG00000115041","KCNIP3","protein_coding",51.3444014518328,2.01936894440527,0.63305517163218,3.18987828375023,0.00142332726022897,0.0040428966395998,"Upregulated"
"ENSG00000168961.19","ENSG00000168961","LGALS9","protein_coding",19.1881144254896,1.07106996551757,0.337319841406513,3.17523558961595,0.00149714895579839,0.00422854856118306,"Upregulated"
"ENSG00000196839.16","ENSG00000196839","ADA","protein_coding",69.4877481882358,1.30745899288917,0.413552613190717,3.1615299992947,0.00156942651557745,0.00441205219471356,"Upregulated"
"ENSG00000188293.8","ENSG00000188293","IGFL1","protein_coding",9.87496319990032,2.05391119787305,0.650226651426791,3.15876193841971,0.00158440856160971,0.0044507169751595,"Upregulated"
"ENSG00000235100.7","ENSG00000235100","ENSG00000235100","lncRNA",20.1871277590017,1.19006334321543,0.377815996535458,3.14984901149824,0.00163354862813078,0.00457280021612349,"Upregulated"
"ENSG00000287315.1","ENSG00000287315","ENSG00000287315","lncRNA",19.122529621848,1.26584069204901,0.402247183144318,3.14692245239378,0.00164998716050678,0.00461436007913243,"Upregulated"
"ENSG00000070190.15","ENSG00000070190","DAPP1","protein_coding",34.0567958344672,1.4932550400821,0.482824397711502,3.09274975987099,0.00198311280338855,0.0054265994612362,"Upregulated"
"ENSG00000146122.19","ENSG00000146122","DAAM2","protein_coding",16.0016568097637,4.07816174358616,1.31883793262158,3.09223873738574,0.00198653014175729,0.00543477676891405,"Upregulated"
"ENSG00000214922.10","ENSG00000214922","HLA-F-AS1","lncRNA",24.1233804270094,1.93007928256043,0.624562595025672,3.09028958495521,0.00199961430846253,0.00546659320095056,"Upregulated"
"ENSG00000178828.7","ENSG00000178828","RNF186","protein_coding",10.1923768728813,1.72934561417151,0.56063005484035,3.084646638618,0.00203794120486671,0.00556297682066837,"Upregulated"
"ENSG00000179292.6","ENSG00000179292","TMEM151A","protein_coding",11.1925233196303,1.54058417370282,0.501879284632377,3.06963092694947,0.00214323442581422,0.00581689536860911,"Upregulated"
"ENSG00000251584.3","ENSG00000251584","ENSG00000251584","lncRNA",6.94045693717206,1.73427910642579,0.566844539034941,3.05953217680887,0.00221682972903693,0.00599371202112,"Upregulated"
"ENSG00000260604.4","ENSG00000260604","TGILR","lncRNA",8.80375054131085,1.60575244583523,0.525658528755317,3.05474439773177,0.0022525240389448,0.00608001087211548,"Upregulated"
"ENSG00000133874.4","ENSG00000133874","RNF122","protein_coding",23.3783093331071,1.27549471428132,0.420977921396278,3.02983755074571,0.00244685308927911,0.00655570252723848,"Upregulated"
"ENSG00000099860.12","ENSG00000099860","GADD45B","protein_coding",223.05104857358,1.0473322007475,0.347275485572801,3.01585411080779,0.00256256522685371,0.0068328786140872,"Upregulated"
"ENSG00000104327.9","ENSG00000104327","CALB1","protein_coding",36.1437933417111,3.7840568155611,1.25882755048053,3.00601684012765,0.00264694338110997,0.00703973269940276,"Upregulated"
"ENSG00000154102.12","ENSG00000154102","C16orf74","protein_coding",33.2789105394412,1.11769960617992,0.37289809846088,2.99733254418077,0.00272353440964431,0.00721562352185838,"Upregulated"
"ENSG00000242173.12","ENSG00000242173","ARHGDIG","protein_coding",8.48721420107549,1.7261982604173,0.576111463754508,2.99629215702062,0.00273284465148292,0.00723896631133075,"Upregulated"
"ENSG00000007062.14","ENSG00000007062","PROM1","protein_coding",174.331789198993,1.47507851211859,0.493654374902934,2.98807948862731,0.00280736529388033,0.00741467793674389,"Upregulated"
"ENSG00000115295.23","ENSG00000115295","CLIP4","protein_coding",14.4586629555468,1.71040296161682,0.572542499502082,2.98738165831234,0.0028137820825787,0.00742392790447043,"Upregulated"
"ENSG00000005238.22","ENSG00000005238","ATOSB","protein_coding",32.7966553139059,1.14513424031745,0.383808621483753,2.98360739237829,0.00284872045606362,0.00750611942714071,"Upregulated"
"ENSG00000164879.9","ENSG00000164879","CA3","protein_coding",19.6388919201997,1.43910865129787,0.484586566753883,2.96976587885644,0.00298026786547739,0.00781013416030712,"Upregulated"
"ENSG00000155016.20","ENSG00000155016","CYP2U1","protein_coding",28.3959569433861,1.43743033145639,0.484156165232271,2.96893943458676,0.00298829488872652,0.0078255094917645,"Upregulated"
"ENSG00000258483.5","ENSG00000258483","LINC02251","lncRNA",9.67156057468273,1.83440454739693,0.617855766279309,2.96898507307555,0.00298785110075462,0.0078255094917645,"Upregulated"
"ENSG00000169860.7","ENSG00000169860","P2RY1","protein_coding",43.0994225295426,1.13566877016828,0.384910291543316,2.95047650093938,0.00317284179141588,0.0082432454717101,"Upregulated"
"ENSG00000244541.7","ENSG00000244541","LINC01213","lncRNA",6.76710806320614,1.83674356783305,0.623746637905042,2.94469493896121,0.00323273228158038,0.00838381464292464,"Upregulated"
"ENSG00000249602.1","ENSG00000249602","ENSG00000249602","lncRNA",8.30197293962399,1.6018823812982,0.544957343143732,2.93946379739984,0.00328780677403942,0.00851141403525889,"Upregulated"
"ENSG00000238120.3","ENSG00000238120","LINC01589","lncRNA",11.8697276202001,1.01496856642519,0.348771121612169,2.91012788482479,0.00361280895135671,0.00923238006049399,"Upregulated"
"ENSG00000155367.18","ENSG00000155367","PPM1J","protein_coding",25.0855084654344,2.2162758686459,0.761967988515235,2.90862070592299,0.00363027003938627,0.00926719630276305,"Upregulated"
"ENSG00000297070.1","ENSG00000297070","ENSG00000297070","lncRNA",7.1628274391452,2.36002660784936,0.8188606416307,2.88208577609683,0.00395052175151803,0.00998621336525367,"Upregulated"
"ENSG00000304746.1","ENSG00000304746","ENSG00000304746","lncRNA",9.84561359275979,1.28021492262825,0.444923100927766,2.8773846985214,0.00400986420007489,0.0101080104344208,"Upregulated"
"ENSG00000173567.17","ENSG00000173567","ADGRF3","protein_coding",7.43836629285783,1.72113274580079,0.598365052470856,2.87639249433709,0.00402249191334766,0.0101363159117083,"Upregulated"
"ENSG00000185745.11","ENSG00000185745","IFIT1","protein_coding",13.648262851834,1.74774378714819,0.608191253657817,2.87367464861886,0.00405726684231522,0.0102186150641001,"Upregulated"
"ENSG00000163141.22","ENSG00000163141","BNIPL","protein_coding",11.8836319812753,1.4032293267063,0.488735395425111,2.87114323996473,0.00408990151226805,0.0102918653786749,"Upregulated"
"ENSG00000230438.10","ENSG00000230438","SERPINB9P1","lncRNA",10.4186027795224,1.75503200937812,0.61266205185578,2.86460048253691,0.00417535660510611,0.0104850576886497,"Upregulated"
"ENSG00000229951.7","ENSG00000229951","FOSL2-AS1","lncRNA",7.68196660732162,1.63631307538398,0.5718159029593,2.86160819752585,0.00421497607628334,0.0105698967464091,"Upregulated"
"ENSG00000137709.11","ENSG00000137709","POU2F3","protein_coding",13.4269627286479,1.85968065613846,0.652436298772683,2.85036356750346,0.0043669280688739,0.0109037769769332,"Upregulated"
"ENSG00000184060.14","ENSG00000184060","ADAP2","protein_coding",7.82433021615758,1.7542735121089,0.616596645445247,2.84509091164797,0.00443987492219514,0.0110592415559388,"Upregulated"
"ENSG00000141579.8","ENSG00000141579","ZNF750","protein_coding",5.02417656411876,1.67675375253334,0.592502851977573,2.8299505174311,0.00465552037976549,0.011527046188888,"Upregulated"
"ENSG00000136842.16","ENSG00000136842","TMOD1","protein_coding",21.8822626059212,1.93639151985364,0.690069363635926,2.80608243445402,0.00501478613345251,0.0123030778137792,"Upregulated"
"ENSG00000233028.1","ENSG00000233028","ENSG00000233028","processed_pseudogene",13.4001124400623,1.04590235830962,0.373271938187009,2.80198496407096,0.00507892407094063,0.0124456827250713,"Upregulated"
"ENSG00000162949.18","ENSG00000162949","CAPN13","protein_coding",55.1428585202085,1.31457227049138,0.469997672373891,2.79697612937457,0.00515833441997561,0.012606169041195,"Upregulated"
"ENSG00000267532.7","ENSG00000267532","MIR497HG","lncRNA",22.1311375105814,1.14804493795618,0.410652231033929,2.79566224458508,0.00517934974965402,0.0126511270136501,"Upregulated"
"ENSG00000183111.14","ENSG00000183111","ARHGEF37","protein_coding",53.3916340726551,1.33574299140866,0.478229953030504,2.79309771992357,0.00522059183375537,0.012738982464183,"Upregulated"
"ENSG00000142606.17","ENSG00000142606","MMEL1","protein_coding",9.94286005667265,1.15569685531673,0.413835294418787,2.79264932426766,0.00522783322574925,0.0127502118996227,"Upregulated"
"ENSG00000010310.11","ENSG00000010310","GIPR","protein_coding",15.5526086138225,3.31687194445856,1.18818214130787,2.79155175721423,0.00524559675635658,0.012780630160242,"Upregulated"
"ENSG00000144648.18","ENSG00000144648","ACKR2","protein_coding",8.70247303011644,1.31788044544397,0.472419902686469,2.78963785807858,0.00527670266735814,0.012832485074933,"Upregulated"
"ENSG00000228436.5","ENSG00000228436","RRAGC-DT","lncRNA",7.22160472800851,1.27543902072844,0.460745292839249,2.76820846691414,0.00563653888409929,0.0135824279195821,"Upregulated"
"ENSG00000125740.16","ENSG00000125740","FOSB","protein_coding",28.7012903863755,1.33619323073713,0.48782692737841,2.73907231385905,0.00616128198707586,0.0147220607677994,"Upregulated"
"ENSG00000125531.9","ENSG00000125531","FNDC11","protein_coding",7.83482715630563,2.15800861008705,0.788029206950507,2.73848810558437,0.00617223930761418,0.0147409512270838,"Upregulated"
"ENSG00000115718.20","ENSG00000115718","PROC","protein_coding",34.1383171464112,2.22784298005476,0.814830875383915,2.73411703871075,0.00625478073544599,0.0149110515575067,"Upregulated"
"ENSG00000166825.17","ENSG00000166825","ANPEP","protein_coding",11.5411965170705,1.03409895195409,0.379620864097473,2.72403086804147,0.00644904786734886,0.0153011790592043,"Upregulated"
"ENSG00000225978.4","ENSG00000225978","HAR1A","lncRNA",10.5337323174468,1.37950536035804,0.508261952942355,2.71416216061819,0.00664436329477955,0.0157204454898853,"Upregulated"
"ENSG00000302309.1","ENSG00000302309","ENSG00000302309","lncRNA",13.5992147167921,1.13571370159798,0.418558101798246,2.71339557571248,0.00665975542560369,0.0157469694285933,"Upregulated"
"ENSG00000140519.16","ENSG00000140519","RHCG","protein_coding",23.5722216771833,2.22769425536267,0.826686807460599,2.6947257840072,0.00704465802525142,0.0165705541473695,"Upregulated"
"ENSG00000196549.15","ENSG00000196549","MME","protein_coding",1881.42003821457,1.68398363733651,0.626399058609834,2.68835595167363,0.00718048088155163,0.0168396452608043,"Upregulated"
"ENSG00000235663.1","ENSG00000235663","SAPCD1-AS1","lncRNA",11.5295321008124,1.70808669241494,0.635446283783158,2.68801114430282,0.00718789976969456,0.0168500555584622,"Upregulated"
"ENSG00000235385.4","ENSG00000235385","LINC02154","lncRNA",9.71160239465386,3.29770200942665,1.2272103692825,2.68715298694443,0.00720639379350524,0.0168852156597377,"Upregulated"
"ENSG00000223552.4","ENSG00000223552","CCR5AS","lncRNA",12.1824228789517,2.23804956641701,0.833042781297181,2.6865961948941,0.0072184159704812,0.0169051849134152,"Upregulated"
"ENSG00000143627.20","ENSG00000143627","PKLR","protein_coding",22.5562947996849,1.13579327534647,0.423232249761103,2.68361703529819,0.00728304790955418,0.0170153039344284,"Upregulated"
"ENSG00000074706.16","ENSG00000074706","IPCEF1","protein_coding",7.43484253041116,1.18518216433262,0.442318315667757,2.67947792879294,0.00737370642231796,0.017197751959915,"Upregulated"
"ENSG00000257315.5","ENSG00000257315","ZBED6","protein_coding",8.13459074633343,1.28411589036691,0.481914241467107,2.66461494571656,0.00770765202793484,0.0178833322428485,"Upregulated"
"ENSG00000182747.6","ENSG00000182747","SLC35D3","protein_coding",9.70556849937835,1.22463204503673,0.460035384407748,2.66203880515264,0.00776689238175569,0.0180121306443276,"Upregulated"
"ENSG00000182871.18","ENSG00000182871","COL18A1","protein_coding",6.20830006164363,1.31750688177495,0.494968158414332,2.66180128838122,0.00777237475308359,0.0180190777350324,"Upregulated"
"ENSG00000215126.14","ENSG00000215126","ZNG1F","protein_coding",16.8198452434438,1.01789947982026,0.383558450368198,2.65383145344112,0.00795835674043802,0.0184060813728739,"Upregulated"
"ENSG00000303584.1","ENSG00000303584","ENSG00000303584","lncRNA",9.30616179566816,1.12591391205589,0.428416086317935,2.62808505099021,0.0085867043904584,0.0196802973314128,"Upregulated"
"ENSG00000130203.12","ENSG00000130203","APOE","protein_coding",25.867557653194,1.28188807448958,0.491249217779206,2.60944552804505,0.00906890832230771,0.0206580665524809,"Upregulated"
"ENSG00000223478.3","ENSG00000223478","ZDHHC12-DT","lncRNA",13.0164757748543,1.04925293766326,0.404123043424328,2.59636997873826,0.00942145558820502,0.021370438939469,"Upregulated"
"ENSG00000162366.10","ENSG00000162366","PDZK1IP1","protein_coding",104.59115597155,1.35765806918574,0.527266718749763,2.57489809408978,0.0100269624186668,0.0225707889672755,"Upregulated"
"ENSG00000227471.10","ENSG00000227471","AKR1B15","protein_coding",20.332138692261,3.09698913088144,1.20665352926738,2.56659352147403,0.0102702926068026,0.0230576422087967,"Upregulated"
"ENSG00000244274.11","ENSG00000244274","DBNDD2","protein_coding",13.4134563526637,1.64924393752816,0.645117961198394,2.55649979805935,0.0105731132449737,0.0236641787098315,"Upregulated"
"ENSG00000164520.13","ENSG00000164520","RAET1E","protein_coding",4.33724948680225,1.3901026045827,0.544450313643041,2.55322215774145,0.0106731395138746,0.0238659370213039,"Upregulated"
"ENSG00000203709.15","ENSG00000203709","MIR29B2CHG","lncRNA",6.50627018258572,1.35872061634727,0.53520390661339,2.53869712002822,0.0111266102655782,0.0247995748952261,"Upregulated"
"ENSG00000095585.20","ENSG00000095585","BLNK","protein_coding",10.2020795076744,1.41305484358274,0.559846755836554,2.52400291481778,0.0116026966578476,0.0257143722228975,"Upregulated"
"ENSG00000106333.15","ENSG00000106333","PCOLCE","protein_coding",47.6274742104147,2.75818475442694,1.09484340323085,2.51925046658509,0.0117604966388792,0.0260108836775666,"Upregulated"
"ENSG00000294714.1","ENSG00000294714","ENSG00000294714","lncRNA",6.45727884666229,1.27346495545648,0.506441129951442,2.51453699184856,0.0119188798074421,0.0262944749839322,"Upregulated"
"ENSG00000270504.2","ENSG00000270504","ENSG00000270504","lncRNA",8.05634613351298,1.8084400636656,0.7213520313563,2.5070145851885,0.0121755687529603,0.0267914276295021,"Upregulated"
"ENSG00000197872.13","ENSG00000197872","CYRIA","protein_coding",8.30374868516359,1.56034683581074,0.623480465747239,2.50263949158483,0.0123271037802378,0.0270834555137848,"Upregulated"
"ENSG00000276570.1","ENSG00000276570","ENSG00000276570","lncRNA",6.60959724420081,1.66251398741104,0.6758151847761,2.46001277399803,0.0138932070709368,0.0301182284026949,"Upregulated"
"ENSG00000230002.3","ENSG00000230002","ALMS1-IT1","lncRNA",16.096802873835,1.29401394001054,0.526057145273185,2.45983530807961,0.0139000785136886,0.0301286176817791,"Upregulated"
"ENSG00000258733.8","ENSG00000258733","LINC02328","lncRNA",4.07055721016215,1.40980763856029,0.576160541417928,2.44690071119892,0.0144090526833661,0.0310645628514343,"Upregulated"
"ENSG00000303133.1","ENSG00000303133","ENSG00000303133","lncRNA",5.95962321820127,1.4602148148714,0.599775594335552,2.43460192222237,0.0149081806327271,0.0320073116636268,"Upregulated"
"ENSG00000286743.1","ENSG00000286743","ENSG00000286743","lncRNA",38.9649371950687,1.08516154507573,0.446308866042511,2.43141382042893,0.0150400257723767,0.0322473817862528,"Upregulated"
"ENSG00000301902.1","ENSG00000301902","ENSG00000301902","lncRNA",6.02038132874801,2.76915767562149,1.14437692789966,2.41979509382795,0.0155292549581774,0.0331736383923801,"Upregulated"
"ENSG00000109790.20","ENSG00000109790","KLHL5","protein_coding",30.7843633684634,2.77796342198782,1.15029452021246,2.41500187401981,0.0157351287309796,0.0335384362699477,"Upregulated"
"ENSG00000240694.11","ENSG00000240694","PNMA2","protein_coding",311.249663446698,1.64719086558274,0.686689937001681,2.39874035838493,0.0164515753648617,0.0348663688487241,"Upregulated"
"ENSG00000262152.9","ENSG00000262152","GREP1","protein_coding",6.98273817831822,1.15656302064259,0.482540598055632,2.39682013348283,0.0165380396913039,0.035034245169767,"Upregulated"
"ENSG00000136155.19","ENSG00000136155","SCEL","protein_coding",32.6422455261743,2.77687272826724,1.15924402621264,2.39541689711315,0.0166014770922041,0.0351480797692069,"Upregulated"
"ENSG00000119922.12","ENSG00000119922","IFIT2","protein_coding",13.6772121239729,1.1798634587761,0.49804328615064,2.36899781923621,0.0178363586260696,0.037390122994018,"Upregulated"
"ENSG00000143479.19","ENSG00000143479","DYRK3","protein_coding",17.0104670141245,2.63745310368899,1.11418138610068,2.36716672580515,0.0179248558370425,0.0375469958386061,"Upregulated"
"ENSG00000129514.9","ENSG00000129514","FOXA1","protein_coding",51.4635676412452,1.46135670466731,0.617585581138847,2.36624161783784,0.0179697126258993,0.0376270879026922,"Upregulated"
"ENSG00000310238.1","ENSG00000310238","ENSG00000310238","lncRNA",7.83443320615961,1.01098990572068,0.427758273840981,2.36346078508937,0.0181051426712067,0.0378723625275878,"Upregulated"
"ENSG00000127561.18","ENSG00000127561","SYNGR3","protein_coding",37.923862394,1.56442272438672,0.663073264616045,2.35935123291783,0.0183069194515853,0.0382392442623775,"Upregulated"
"ENSG00000162733.21","ENSG00000162733","DDR2","protein_coding",7.91103753830597,1.61027219317056,0.688451734400209,2.33897615868955,0.0193366674106597,0.0401243724237057,"Upregulated"
"ENSG00000185924.8","ENSG00000185924","RTN4RL1","protein_coding",179.144153978613,2.82320743563676,1.2125095183466,2.32840022525064,0.0198908617108888,0.0411092937698517,"Upregulated"
"ENSG00000259439.4","ENSG00000259439","LINC01833","lncRNA",9.20657698136598,1.0579777978216,0.454828409821785,2.32610315225504,0.0200130484334773,0.0413323497075606,"Upregulated"
"ENSG00000023171.22","ENSG00000023171","GRAMD1B","protein_coding",42.2156078506873,1.19856961141748,0.515836234799376,2.32354675875695,0.0201497987921712,0.0415792231377111,"Upregulated"
"ENSG00000255468.8","ENSG00000255468","B4GAT1-DT","lncRNA",19.7963981646117,1.4678975223543,0.632800394214484,2.31968490502672,0.0203579290093653,0.0419549356091755,"Upregulated"
"ENSG00000138735.18","ENSG00000138735","PDE5A","protein_coding",77.9877309474078,1.34940017515783,0.582678490187686,2.31585719720523,0.0205660670292261,0.0423297036482807,"Upregulated"
"ENSG00000105088.11","ENSG00000105088","OLFM2","protein_coding",4.65526335175054,2.78286244315639,1.20318068311527,2.31292147738859,0.0207269567497067,0.0425943076030558,"Upregulated"
"ENSG00000130208.12","ENSG00000130208","APOC1","protein_coding",8.67663058556971,1.26362210808024,0.546791897031425,2.31097445836439,0.0208342657372428,0.0427844946952136,"Upregulated"
"ENSG00000289189.3","ENSG00000289189","ENSG00000289189","lncRNA",12.2742291967792,1.28305860653348,0.557594387643927,2.30106083376296,0.0213881927591303,0.0437546145490282,"Upregulated"
"ENSG00000262655.6","ENSG00000262655","SPON1","protein_coding",221.865303184994,1.73789789589904,0.755522385931263,2.30025996351768,0.0214334964529383,0.0438163676958643,"Upregulated"
"ENSG00000231683.6","ENSG00000231683","KILH","lncRNA",13.3835627107175,1.98793417615469,0.864705295768808,2.29897305577066,0.0215064693735599,0.043940505973486,"Upregulated"
"ENSG00000213606.3","ENSG00000213606","AKR1B10P1","processed_pseudogene",31.9704332306291,2.82190073758444,1.22801487359763,2.29793693729239,0.0215653786121775,0.0440362782651368,"Upregulated"
"ENSG00000118777.14","ENSG00000118777","ABCG2","protein_coding",15.0488308249405,2.82596248090069,1.22982245402872,2.29786216021935,0.0215696355445819,0.044038765611733,"Upregulated"
"ENSG00000295208.1","ENSG00000295208","ENSG00000295208","lncRNA",9.36672207925225,1.14266176029026,0.497946493676592,2.29474807996619,0.0217475656657359,0.0443458170293857,"Upregulated"
"ENSG00000272851.1","ENSG00000272851","ENSG00000272851","lncRNA",10.0156637811295,1.20763923735975,0.526683295613164,2.29291349738711,0.0218529855906032,0.04451884871827,"Upregulated"
"ENSG00000184163.4","ENSG00000184163","C1QTNF12","protein_coding",15.0559031458051,2.18240460194323,0.956303886611119,2.28212457619207,0.0224819864201789,0.0455931916038668,"Upregulated"
"ENSG00000139890.12","ENSG00000139890","REM2","protein_coding",14.7717443705536,1.10573338078398,0.48679174186362,2.27147111524699,0.0231184736196575,0.0467175811726354,"Upregulated"
"ENSG00000105655.21","ENSG00000105655","ISYNA1","protein_coding",33.4674378690329,1.1192801998627,0.497594415443838,2.24938255961802,0.024488167231144,0.0491458966228693,"Upregulated"
"ENSG00000186188.13","ENSG00000186188","FFAR4","protein_coding",5.45464421859042,2.81978127013265,1.25454119377612,2.24765937071003,0.024597918625124,0.0493280341910482,"Upregulated"
