"gene_id","ensembl_gene_id","gene_symbol","gene_type","baseMean","log2FoldChange","lfcSE","stat","pvalue","padj","status"
"ENSG00000163817.19","ENSG00000163817","SLC6A20","protein_coding",897.433910145805,2.56893812921429,0.152618694333756,16.8323948807764,1.41270548957121e-63,4.09458559097321e-60,"Upregulated"
"ENSG00000151090.22","ENSG00000151090","THRB","protein_coding",393.596776569517,2.12229249709728,0.131075348372532,16.1913931448457,5.80003873842827e-59,1.05067701746628e-55,"Upregulated"
"ENSG00000116016.16","ENSG00000116016","EPAS1","protein_coding",2291.55917774026,1.53695298418691,0.0984678023150746,15.6086857637892,6.35322342313999e-55,7.08237798831883e-52,"Upregulated"
"ENSG00000176387.9","ENSG00000176387","HSD11B2","protein_coding",451.513580613168,1.83088319030509,0.1186334472334,15.4331112599552,9.80283370738125e-54,8.87891663046057e-51,"Upregulated"
"ENSG00000142192.24","ENSG00000142192","APP","protein_coding",8742.38291961826,1.0084295402504,0.0656805763872871,15.3535427932935,3.35360582107088e-53,2.55791871362943e-50,"Upregulated"
"ENSG00000144354.17","ENSG00000144354","CDCA7","protein_coding",515.671840674109,-1.8954411938444,0.125618470427626,-15.0888733750061,1.91687429832175e-51,1.32282582529899e-48,"Downregulated"
"ENSG00000173702.9","ENSG00000173702","MUC13","protein_coding",6866.57423586655,1.24083522004243,0.0839844744221478,14.7745786180119,2.13689471773164e-49,1.19107224036027e-46,"Upregulated"
"ENSG00000137747.18","ENSG00000137747","TMPRSS13","protein_coding",410.898439032833,1.27903471708081,0.0875375920696615,14.6112622799011,2.38065896887988e-48,1.07814093053148e-45,"Upregulated"
"ENSG00000153246.15","ENSG00000153246","PLA2R1","protein_coding",521.115185843318,1.58376832341822,0.10945696798336,14.469323905071,1.89323947943172e-47,7.51734746407304e-45,"Upregulated"
"ENSG00000101188.6","ENSG00000101188","NTSR1","protein_coding",54.0863827139123,-2.84666504186853,0.197533008970388,-14.411085300155,4.40729907986331e-47,1.59676445663448e-44,"Downregulated"
"ENSG00000171940.15","ENSG00000171940","ZNF217","protein_coding",1850.52517691178,1.23304868657204,0.0858547978743718,14.3620242211311,8.95722053398275e-47,3.09066761853519e-44,"Upregulated"
"ENSG00000152484.16","ENSG00000152484","USP12","protein_coding",1506.34233074921,1.13711137932989,0.0809391764989913,14.0489615599692,7.81718861567033e-45,2.51748216485099e-42,"Upregulated"
"ENSG00000162522.13","ENSG00000162522","NHSL3","protein_coding",2214.05568294871,1.16113815637413,0.0838382284133576,13.8497458539944,1.27662971642742e-43,3.85435788551378e-41,"Upregulated"
"ENSG00000141232.7","ENSG00000141232","TOB1","protein_coding",1497.96225066015,1.28862038270471,0.0943276240475096,13.6611135467132,1.7331302324903e-42,4.92480849593127e-40,"Upregulated"
"ENSG00000176945.20","ENSG00000176945","MUC20","protein_coding",217.018809776235,1.47806174923014,0.109220171526457,13.5328642005666,1.00048198288353e-41,2.63841894947743e-39,"Upregulated"
"ENSG00000197594.16","ENSG00000197594","ENPP1","protein_coding",213.674146371271,2.42423105198601,0.181224571714802,13.376944577919,8.24683334944185e-41,2.06057084310537e-38,"Upregulated"
"ENSG00000102908.25","ENSG00000102908","NFAT5","protein_coding",1332.73770011954,1.74757465155852,0.130666288359225,13.374334524251,8.54147269231386e-41,2.09801732639004e-38,"Upregulated"
"ENSG00000198860.16","ENSG00000198860","TSEN15","protein_coding",582.055096667541,-1.2423830529259,0.0938101904592717,-13.2435830994852,4.91469718876318e-40,1.16760314195994e-37,"Downregulated"
"ENSG00000110042.9","ENSG00000110042","DTX4","protein_coding",1266.53192545246,1.20763495306201,0.0913833627532565,13.2150417393014,7.18464542360337e-40,1.67935292707839e-37,"Upregulated"
"ENSG00000117984.17","ENSG00000117984","CTSD","protein_coding",1221.05333499249,1.29271233340738,0.09858714338979,13.1123824969378,2.79672464140981e-39,6.43335452433508e-37,"Upregulated"
"ENSG00000142949.20","ENSG00000142949","PTPRF","protein_coding",6732.20162394192,1.34081762130618,0.102612023093264,13.066866638888,5.09200800274115e-39,1.1530215621207e-36,"Upregulated"
"ENSG00000043143.24","ENSG00000043143","JADE2","protein_coding",472.683634360712,1.35631002159428,0.104151196506579,13.0225102263573,9.1125204370654e-39,2.00088857839321e-36,"Upregulated"
"ENSG00000135124.18","ENSG00000135124","P2RX4","protein_coding",416.808985207049,1.47271856121371,0.113196278333753,13.0103090215694,1.06908885188327e-38,2.31242323007349e-36,"Upregulated"
"ENSG00000085552.20","ENSG00000085552","IGSF9","protein_coding",438.968197313474,1.2737931585731,0.0981617870540229,12.9764666761015,1.66380653446476e-38,3.54586533786226e-36,"Upregulated"
"ENSG00000087253.15","ENSG00000087253","LPCAT2","protein_coding",1607.02424013399,1.18287547679114,0.0915791331399458,12.9164301542747,3.63624427006837e-38,7.63716695098998e-36,"Upregulated"
"ENSG00000110400.12","ENSG00000110400","NECTIN1","protein_coding",584.26707154856,-1.3111347628692,0.102560059102494,-12.7840679338816,2.01261136872948e-37,4.10799492332784e-35,"Downregulated"
"ENSG00000153071.17","ENSG00000153071","DAB2","protein_coding",244.218639941103,1.4079950684269,0.11070366635226,12.7185947387383,4.66168420369158e-37,9.25440102464361e-35,"Upregulated"
"ENSG00000123933.19","ENSG00000123933","MXD4","protein_coding",297.637343650472,1.20201494305102,0.0953778749802755,12.6026601378946,2.04141420534271e-36,3.8926545610298e-34,"Upregulated"
"ENSG00000064787.16","ENSG00000064787","BCAS1","protein_coding",325.023842473564,2.67850374853408,0.212761625634196,12.5892239286575,2.42041299857705e-36,4.5554058669323e-34,"Upregulated"
"ENSG00000083444.19","ENSG00000083444","PLOD1","protein_coding",1284.69573465675,1.01021516974917,0.0804288450032392,12.560359031744,3.48746652425334e-36,6.47953395762557e-34,"Upregulated"
"ENSG00000154358.24","ENSG00000154358","OBSCN","protein_coding",149.208936822248,1.81506380937754,0.145113235940963,12.5079135449503,6.75759460303695e-36,1.22413826234014e-33,"Upregulated"
"ENSG00000204580.16","ENSG00000204580","DDR1","protein_coding",2751.77917468525,1.1141815865601,0.089110343719038,12.5033923118183,7.1532373041423e-36,1.27981129643988e-33,"Upregulated"
"ENSG00000135549.18","ENSG00000135549","PKIB","protein_coding",200.773355665038,1.63827517008023,0.132111802773843,12.4006722766831,2.59140266652248e-35,4.524651499186e-33,"Upregulated"
"ENSG00000176771.19","ENSG00000176771","NCKAP5","protein_coding",202.391427326555,-1.15350097388768,0.0931941378739077,-12.377398409419,3.46389934332998e-35,5.9760511051831e-33,"Downregulated"
"ENSG00000177076.7","ENSG00000177076","ACER2","protein_coding",82.6557261771489,2.62717041619121,0.213174869788746,12.3240155783592,6.72598238804047e-35,1.13340624148235e-32,"Upregulated"
"ENSG00000187498.19","ENSG00000187498","COL4A1","protein_coding",123.192992380765,-1.7773103753148,0.144340956296621,-12.3132783716801,7.68373954940094e-35,1.27991670747033e-32,"Downregulated"
"ENSG00000065989.18","ENSG00000065989","PDE4A","protein_coding",571.199524316504,1.33292476944073,0.108805761589045,12.2504980432482,1.6696737198691e-34,2.74964903958442e-32,"Upregulated"
"ENSG00000164649.22","ENSG00000164649","CDCA7L","protein_coding",365.640683238254,-1.15637380117478,0.0951685029980905,-12.1508037296539,5.6804402861594e-34,8.85171404591635e-32,"Downregulated"
"ENSG00000112759.21","ENSG00000112759","SLC29A1","protein_coding",1094.86365083351,-1.09002853483277,0.0901443695324669,-12.0920312659148,1.16373425138296e-33,1.77524597589915e-31,"Downregulated"
"ENSG00000096060.17","ENSG00000096060","FKBP5","protein_coding",321.28217522748,-1.13923773921595,0.0948295247008186,-12.0135342111034,3.01671362019855e-33,4.50703234885747e-31,"Downregulated"
"ENSG00000096696.18","ENSG00000096696","DSP","protein_coding",4683.08448641143,1.00080607896828,0.0837595214954953,11.9485649046133,6.60560248360489e-33,9.5728391192402e-31,"Upregulated"
"ENSG00000137801.13","ENSG00000137801","THBS1","protein_coding",1181.24671211593,2.12667771833568,0.179154410510289,11.870641154065,1.68173800063535e-32,2.34343722165456e-30,"Upregulated"
"ENSG00000146648.23","ENSG00000146648","EGFR","protein_coding",1828.89621994995,1.17600907904253,0.0991070281480128,11.8660512883729,1.77656784127666e-32,2.45200201483632e-30,"Upregulated"
"ENSG00000123989.17","ENSG00000123989","CHPF","protein_coding",977.981969702469,1.45843561224866,0.123396902127693,11.8190618005908,3.11139811001334e-32,4.2538095670107e-30,"Upregulated"
"ENSG00000052795.15","ENSG00000052795","FNIP2","protein_coding",617.808228018756,1.32444561817084,0.112239293529115,11.800195604646,3.89405233118625e-32,5.27407536294871e-30,"Upregulated"
"ENSG00000164120.15","ENSG00000164120","HPGD","protein_coding",257.708049551756,1.3513637627548,0.114890147184348,11.7622250112228,6.11025203434604e-32,8.12383233777457e-30,"Upregulated"
"ENSG00000117115.15","ENSG00000117115","PADI2","protein_coding",462.536865492088,1.419972359818,0.120814370427221,11.7533398948877,6.78817691228846e-32,8.86254592908868e-30,"Upregulated"
"ENSG00000115616.5","ENSG00000115616","SLC9A2","protein_coding",424.490439501366,1.41111840008904,0.120356767391733,11.7244624516724,9.55053685701972e-32,1.23577125117794e-29,"Upregulated"
"ENSG00000138119.19","ENSG00000138119","MYOF","protein_coding",1114.24857345953,1.30301329411222,0.111193371418055,11.7184439818204,1.02538046569043e-31,1.31502776183944e-29,"Upregulated"
"ENSG00000135919.16","ENSG00000135919","SERPINE2","protein_coding",2541.57671598544,1.32862773416424,0.113553260428342,11.7004807184967,1.26733511882436e-31,1.59706265582632e-29,"Upregulated"
"ENSG00000163898.12","ENSG00000163898","LIPH","protein_coding",549.233116671393,1.35368724964361,0.117125125603272,11.5576162046463,6.75582226601508e-31,7.89559486121697e-29,"Upregulated"
"ENSG00000099622.16","ENSG00000099622","CIRBP","protein_coding",649.001114564199,-1.10716323702322,0.0959903577729483,-11.5341088699977,8.88019647969305e-31,1.02953445906969e-28,"Downregulated"
"ENSG00000130962.21","ENSG00000130962","PRRG1","protein_coding",196.079658642559,1.55124011573398,0.135346833298321,11.461222090914,2.06579101638934e-30,2.28530102362704e-28,"Upregulated"
"ENSG00000266524.5","ENSG00000266524","GDF10","protein_coding",49.8847627338155,2.81263181523813,0.245873119763925,11.4393627816602,2.65830762049851e-30,2.91849954820185e-28,"Upregulated"
"ENSG00000112902.14","ENSG00000112902","SEMA5A","protein_coding",1113.14223668498,1.93406525160941,0.169264860381203,11.4262656008676,3.09118961797714e-30,3.36823458223495e-28,"Upregulated"
"ENSG00000166923.13","ENSG00000166923","GREM1","protein_coding",383.10700496285,3.30905733644325,0.292820293461229,11.3006421014375,1.30262042904356e-29,1.35809893940282e-27,"Upregulated"
"ENSG00000114455.17","ENSG00000114455","HHLA2","protein_coding",79.0614582014385,2.70021892895971,0.239034377573303,11.2963622905314,1.36766715662984e-29,1.41573088813426e-27,"Upregulated"
"ENSG00000122729.21","ENSG00000122729","ACO1","protein_coding",419.44346565107,1.27968351815576,0.113592103895948,11.2656027511205,1.94019740627661e-29,1.99413764622416e-27,"Upregulated"
"ENSG00000030582.21","ENSG00000030582","GRN","protein_coding",1378.30083101663,1.03184572536453,0.0924634018349889,11.1595042458634,6.43494025895664e-29,6.25873518340937e-27,"Upregulated"
"ENSG00000261824.9","ENSG00000261824","LINC00662","lncRNA",335.946719448129,-1.16800683579947,0.104755174838772,-11.1498724296641,7.17091018235834e-29,6.88217419620775e-27,"Downregulated"
"ENSG00000102710.23","ENSG00000102710","SUPT20H","protein_coding",487.405646024903,-1.10935872570846,0.0998193946299338,-11.1136591222702,1.07655723154915e-28,1.00654628384582e-26,"Downregulated"
"ENSG00000107738.22","ENSG00000107738","VSIR","protein_coding",327.768441859916,1.74314993063558,0.157141895834367,11.092840145399,1.35903145360335e-28,1.24652429276075e-26,"Upregulated"
"ENSG00000205213.16","ENSG00000205213","LGR4","protein_coding",1201.86400860403,1.46808699721096,0.132841222845747,11.0514414559077,2.15722947516746e-28,1.92978824408191e-26,"Upregulated"
"ENSG00000187720.16","ENSG00000187720","THSD4","protein_coding",418.104109442563,2.47727122827208,0.226350298090566,10.9444133679952,7.06737397863478e-28,6.06037773363167e-26,"Upregulated"
"ENSG00000148671.17","ENSG00000148671","ADIRF","protein_coding",816.324553119162,1.08925403417658,0.0996748046020268,10.9280779483407,8.46218016940335e-28,7.21375970676431e-26,"Upregulated"
"ENSG00000108861.11","ENSG00000108861","DUSP3","protein_coding",1237.74808705222,1.0026687552055,0.0921448392180953,10.8814423435295,1.41309084124537e-27,1.18372904458543e-25,"Upregulated"
"ENSG00000095203.17","ENSG00000095203","EPB41L4B","protein_coding",3504.69060294772,1.01832183285315,0.0938507857882763,10.8504348077643,1.98478899134273e-27,1.62506000353327e-25,"Upregulated"
"ENSG00000170961.8","ENSG00000170961","HAS2","protein_coding",79.5235376209798,-2.12970528226323,0.196887516720867,-10.8168629364277,2.86413572903423e-27,2.31882988743934e-25,"Downregulated"
"ENSG00000240184.8","ENSG00000240184","PCDHGC3","protein_coding",116.366295571371,1.52911021964157,0.141433769770506,10.8114930551787,3.0368655066048e-27,2.4450141623176e-25,"Upregulated"
"ENSG00000163328.16","ENSG00000163328","GPR155","protein_coding",155.501493184079,-1.54747313178211,0.144239674749167,-10.7284846175171,7.48129392469166e-27,5.73645034691172e-25,"Downregulated"
"ENSG00000114812.15","ENSG00000114812","VIPR1","protein_coding",417.354230693248,1.09506162032797,0.102080875500482,10.7273925204805,7.57021761524523e-27,5.77408387790178e-25,"Upregulated"
"ENSG00000095383.21","ENSG00000095383","TBC1D2","protein_coding",215.69856551163,1.28983295465301,0.12253900817379,10.5258968052337,6.56334327234926e-26,4.7321378459147e-24,"Upregulated"
"ENSG00000176871.11","ENSG00000176871","WSB2","protein_coding",1906.28739211832,1.13855589240302,0.108572619604788,10.4865839706865,9.95631626683837e-26,7.10773080487791e-24,"Upregulated"
"ENSG00000135046.17","ENSG00000135046","ANXA1","protein_coding",3076.78950555687,-1.4373208370208,0.137184981004863,-10.4772463172907,1.09897052894441e-25,7.73120432303996e-24,"Downregulated"
"ENSG00000198944.6","ENSG00000198944","SOWAHA","protein_coding",146.358453715217,1.49513128020672,0.144024612282688,10.3810817922711,3.02329716915908e-25,2.05697758570204e-23,"Upregulated"
"ENSG00000083857.17","ENSG00000083857","FAT1","protein_coding",6176.2365079742,1.08750028038917,0.105172047321779,10.3402026306658,4.63556318615138e-25,3.12458519505608e-23,"Upregulated"
"ENSG00000182704.10","ENSG00000182704","TSKU","protein_coding",884.478437112599,1.2284603653656,0.119165650130229,10.3088462490918,6.42682107051262e-25,4.25285346821319e-23,"Upregulated"
"ENSG00000172594.15","ENSG00000172594","SMPDL3A","protein_coding",315.754901472495,1.62419912990111,0.157978683777946,10.281128384283,8.57180986413304e-25,5.59561570049622e-23,"Upregulated"
"ENSG00000244405.10","ENSG00000244405","ETV5","protein_coding",356.383893561111,-1.25316345196687,0.121915762366968,-10.2789288902188,8.76967586621374e-25,5.69910953601657e-23,"Downregulated"
"ENSG00000074276.13","ENSG00000074276","CDHR2","protein_coding",135.575447738306,1.26440792288814,0.124357566059411,10.1675190577795,2.76870867225819e-24,1.70017483382906e-22,"Upregulated"
"ENSG00000144366.19","ENSG00000144366","GULP1","protein_coding",237.105250511759,2.07919161703637,0.20822938195353,9.98510199439758,1.7711883267946e-23,1.01857385840902e-21,"Upregulated"
"ENSG00000115758.16","ENSG00000115758","ODC1","protein_coding",3306.81859517127,-1.11502282028263,0.112369560622314,-9.92281908114191,3.31265209751323e-23,1.83232649607488e-21,"Downregulated"
"ENSG00000101000.8","ENSG00000101000","PROCR","protein_coding",243.332392865087,1.72905549358668,0.174482734399215,9.90960795943635,3.78126976804344e-23,2.06008125858968e-21,"Upregulated"
"ENSG00000167107.15","ENSG00000167107","ACSF2","protein_coding",548.268594568613,1.22217998875103,0.123496884384753,9.89644390495992,4.31340371575926e-23,2.31517950551049e-21,"Upregulated"
"ENSG00000112379.11","ENSG00000112379","ARFGEF3","protein_coding",596.754627588036,1.11024016214473,0.112269322321967,9.8890786831399,4.64280966489605e-23,2.47366167881153e-21,"Upregulated"
"ENSG00000163501.8","ENSG00000163501","IHH","protein_coding",1147.83451577392,1.02771680557297,0.104063362374954,9.8758754485557,5.29683962878116e-23,2.80152554380644e-21,"Upregulated"
"ENSG00000159200.19","ENSG00000159200","RCAN1","protein_coding",342.406013387514,1.31175795570759,0.134469370946087,9.75506873036182,1.75481770622104e-22,9.01802063778555e-21,"Upregulated"
"ENSG00000170456.18","ENSG00000170456","DENND5B","protein_coding",91.4721963594203,2.01132371307195,0.206547305636926,9.73783563464877,2.07935813761766e-22,1.06105838487166e-20,"Upregulated"
"ENSG00000165185.17","ENSG00000165185","KIAA1958","protein_coding",455.778888993436,1.02591636336722,0.106161356533003,9.66374580046268,4.29852723694675e-22,2.14069610714201e-20,"Upregulated"
"ENSG00000174951.13","ENSG00000174951","FUT1","protein_coding",203.526916870389,-1.27243851193611,0.132287139703864,-9.61876199594741,6.66282209307208e-22,3.21858725909335e-20,"Downregulated"
"ENSG00000049283.21","ENSG00000049283","EPN3","protein_coding",115.81894520704,1.81277936712219,0.188823351014371,9.60039824197496,7.96361284333743e-22,3.82147938164391e-20,"Upregulated"
"ENSG00000110422.14","ENSG00000110422","HIPK3","protein_coding",2063.74254324228,1.02106394810988,0.1065814495347,9.58012817959898,9.69245714553433e-22,4.57534491703855e-20,"Upregulated"
"ENSG00000130675.16","ENSG00000130675","MNX1","protein_coding",128.901339585893,-1.44630025776527,0.151139646471925,-9.56929761003456,1.07634409758585e-21,5.03173505232714e-20,"Downregulated"
"ENSG00000196843.20","ENSG00000196843","ARID5A","protein_coding",306.755919428667,-1.52913117641109,0.160122336428945,-9.54976807429767,1.299869580781e-21,5.99927068938796e-20,"Downregulated"
"ENSG00000138771.18","ENSG00000138771","SHROOM3","protein_coding",1597.25692531783,1.00568782221707,0.105615043117626,9.52220244891638,1.69546949689694e-21,7.72664904057561e-20,"Upregulated"
"ENSG00000167074.17","ENSG00000167074","TEF","protein_coding",225.583047726955,1.03961360216296,0.109729739034387,9.4743103493317,2.68528615250117e-21,1.1973897514476e-19,"Upregulated"
"ENSG00000106701.15","ENSG00000106701","FSD1L","protein_coding",98.4444163965547,-1.76411094926631,0.186754230676025,-9.4461632428913,3.51478319672608e-21,1.53422403876369e-19,"Downregulated"
"ENSG00000107281.12","ENSG00000107281","NPDC1","protein_coding",263.607511332301,-1.12542742027628,0.119159172816336,-9.4447401209384,3.56287334427694e-21,1.55054536051836e-19,"Downregulated"
"ENSG00000171431.6","ENSG00000171431","KRT20","protein_coding",5153.54229443062,1.15619093073044,0.122601320090501,9.43049332484329,4.08164697909104e-21,1.77099485092777e-19,"Upregulated"
"ENSG00000131981.18","ENSG00000131981","LGALS3","protein_coding",6357.41005114959,1.06420728172412,0.113038048115085,9.41459357685154,4.74916127312826e-21,2.04835848720758e-19,"Upregulated"
"ENSG00000112769.22","ENSG00000112769","LAMA4","protein_coding",27.4805122793982,2.47484387249693,0.263112655023406,9.40602371359434,5.15261463073194e-21,2.20922163398128e-19,"Upregulated"
"ENSG00000260912.1","ENSG00000260912","ENSG00000260912","lncRNA",73.7368734234388,2.29626213074872,0.245410220379768,9.35683170487068,8.21635118952301e-21,3.41178686070394e-19,"Upregulated"
"ENSG00000064393.18","ENSG00000064393","HIPK2","protein_coding",815.277702725796,1.13910771427171,0.122060789866237,9.3322984024602,1.03599531422053e-20,4.24114239934573e-19,"Upregulated"
"ENSG00000182580.5","ENSG00000182580","EPHB3","protein_coding",388.816134243131,-1.1544242472052,0.123709055160628,-9.33176836332845,1.04119024626519e-20,4.25040254897892e-19,"Downregulated"
"ENSG00000169136.15","ENSG00000169136","ATF5","protein_coding",156.044287751976,-1.0364625972484,0.111563778140749,-9.29031460319315,1.53832949020369e-20,6.22722652850053e-19,"Downregulated"
"ENSG00000138193.19","ENSG00000138193","PLCE1","protein_coding",166.062127113791,1.40078172198518,0.150956396325495,9.27937971548278,1.70468048612118e-20,6.86228600135225e-19,"Upregulated"
"ENSG00000116990.13","ENSG00000116990","MYCL","protein_coding",283.524920383168,-1.10541779017603,0.119330567062323,-9.26349230871171,1.97852699608904e-20,7.92066663738188e-19,"Downregulated"
"ENSG00000183044.14","ENSG00000183044","ABAT","protein_coding",150.927449997119,-1.52563955482749,0.164739862432677,-9.26090098837471,2.02714327249263e-20,8.09293672313034e-19,"Downregulated"
"ENSG00000214944.12","ENSG00000214944","ARHGEF28","protein_coding",180.967903178628,2.20032638710438,0.239376312512774,9.19191361921814,3.85913917713499e-20,1.50340443427528e-18,"Upregulated"
"ENSG00000286013.2","ENSG00000286013","ENSG00000286013","lncRNA",73.1108054822871,1.53474001336407,0.167024185211042,9.18872923358295,3.97509406151572e-20,1.54029580586861e-18,"Upregulated"
"ENSG00000099904.18","ENSG00000099904","ZDHHC8","protein_coding",192.061518789802,1.2836683436788,0.140212544962694,9.15516043175981,5.42770996013467e-20,2.0699571774282e-18,"Upregulated"
"ENSG00000124942.15","ENSG00000124942","AHNAK","protein_coding",5275.08803996255,1.26142797522862,0.138142866381728,9.13132909623383,6.76634162189457e-20,2.54695643596094e-18,"Upregulated"
"ENSG00000112294.16","ENSG00000112294","ALDH5A1","protein_coding",343.348080456114,1.26963707583067,0.140123938683284,9.060814931133,1.29479528956554e-19,4.81132649650865e-18,"Upregulated"
"ENSG00000137491.17","ENSG00000137491","SLCO2B1","protein_coding",125.499476508249,1.8146756147372,0.201232569453288,9.01780273276509,1.91899494959635e-19,7.02274616402786e-18,"Upregulated"
"ENSG00000145685.16","ENSG00000145685","LHFPL2","protein_coding",806.901995234581,1.0130361514866,0.112449114365206,9.00884064054541,2.08246237295428e-19,7.57876889990186e-18,"Upregulated"
"ENSG00000158457.8","ENSG00000158457","TSPAN33","protein_coding",231.312822070494,1.52325173815767,0.169395523527886,8.99227858230216,2.4215699728038e-19,8.77334801146817e-18,"Upregulated"
"ENSG00000204616.13","ENSG00000204616","TRIM31","protein_coding",1513.95279717077,1.8789877038904,0.211017343030228,8.90442310052799,5.366439768831e-19,1.86053696483011e-17,"Upregulated"
"ENSG00000129422.17","ENSG00000129422","MTUS1","protein_coding",998.361485086294,1.20295571891226,0.1353371879866,8.8885821909597,6.18935936207802e-19,2.11547631781214e-17,"Upregulated"
"ENSG00000136527.21","ENSG00000136527","TRA2B","protein_coding",1231.339554284,-1.10573854431943,0.124471552657432,-8.88346389767166,6.48100187453006e-19,2.20994539213387e-17,"Downregulated"
"ENSG00000113657.15","ENSG00000113657","DPYSL3","protein_coding",80.0193086787273,-1.51925812974851,0.171196051958287,-8.87437597053164,7.03266109271982e-19,2.39242545905389e-17,"Downregulated"
"ENSG00000180758.14","ENSG00000180758","GPR157","protein_coding",476.641042756559,1.01402228288567,0.114465953593153,8.85872393541421,8.09355217229956e-19,2.72771530420849e-17,"Upregulated"
"ENSG00000168938.8","ENSG00000168938","PPIC","protein_coding",229.776661653934,1.00999406249566,0.114032494579165,8.85707241802461,8.21431743193496e-19,2.75559926443522e-17,"Upregulated"
"ENSG00000166311.12","ENSG00000166311","SMPD1","protein_coding",245.606000729436,1.34668374986673,0.152351469442311,8.83932235636664,9.63008955033661e-19,3.1862844238237e-17,"Upregulated"
"ENSG00000166920.15","ENSG00000166920","COXFA4L3","protein_coding",111.902315515686,1.50603556164497,0.172460525863548,8.73263927559028,2.48797598041614e-18,7.78741855468481e-17,"Upregulated"
"ENSG00000198682.15","ENSG00000198682","PAPSS2","protein_coding",972.129266253081,1.50850145452051,0.17281186976966,8.72915417518012,2.5658425280683e-18,8.01383403378573e-17,"Upregulated"
"ENSG00000059573.11","ENSG00000059573","ALDH18A1","protein_coding",2259.81969460598,1.0207778244134,0.116957712167281,8.72775130000328,2.5978614397692e-18,8.09638881400757e-17,"Upregulated"
"ENSG00000169814.20","ENSG00000169814","BTD","protein_coding",117.900031595161,1.20796163733649,0.138737771773344,8.70679716054494,3.12581750555563e-18,9.61769581539536e-17,"Upregulated"
"ENSG00000128917.10","ENSG00000128917","DLL4","protein_coding",126.076135429771,-1.22268790216516,0.140619318363526,-8.69502082924548,3.4676616750799e-18,1.05796532621596e-16,"Downregulated"
"ENSG00000088305.21","ENSG00000088305","DNMT3B","protein_coding",52.1006256369684,-1.61727879619027,0.186953187274853,-8.6507152927679,5.11776340767192e-18,1.53872670755148e-16,"Downregulated"
"ENSG00000012171.22","ENSG00000012171","SEMA3B","protein_coding",654.352848983133,1.0416699299037,0.121342945911999,8.58451162590977,9.12231235925293e-18,2.70902767848962e-16,"Upregulated"
"ENSG00000099954.21","ENSG00000099954","CECR2","protein_coding",109.470969999283,1.88571489059067,0.219677282185931,8.58402321726935,9.16114707628468e-18,2.71499679814964e-16,"Upregulated"
"ENSG00000182352.9","ENSG00000182352","CD300LD-AS1","lncRNA",116.86386105166,1.34185121738574,0.156889719670452,8.55283074126404,1.2010595655283e-17,3.50922484347503e-16,"Upregulated"
"ENSG00000178075.22","ENSG00000178075","GRAMD1C","protein_coding",103.038824225967,1.85701447464748,0.217209380653764,8.54942115786242,1.23707338627157e-17,3.60717656214236e-16,"Upregulated"
"ENSG00000090020.13","ENSG00000090020","SLC9A1","protein_coding",964.123950731975,1.12389628821086,0.132013561703681,8.51349114217191,1.68773393447236e-17,4.82418938429458e-16,"Upregulated"
"ENSG00000156076.12","ENSG00000156076","WIF1","protein_coding",50.1509425701829,-1.73800556414492,0.205026309498883,-8.47698799433537,2.31098784165453e-17,6.51572680958317e-16,"Downregulated"
"ENSG00000107242.22","ENSG00000107242","PIP5K1B","protein_coding",1395.77045168288,1.24756183917219,0.14846527716421,8.40305466033195,4.35012080852936e-17,1.21468113212346e-15,"Upregulated"
"ENSG00000157399.19","ENSG00000157399","ARSL","protein_coding",288.074151556258,-1.09224614294048,0.130258177189972,-8.38524050085178,5.0622150967535e-17,1.40003093859068e-15,"Downregulated"
"ENSG00000057252.15","ENSG00000057252","SOAT1","protein_coding",106.052564477264,1.66263812075379,0.200453619495077,8.29437814563691,1.09154705312149e-16,2.97343982966853e-15,"Upregulated"
"ENSG00000198743.8","ENSG00000198743","SLC5A3","protein_coding",813.145589084423,2.56801433035006,0.310101077401127,8.28121705307152,1.21922729431477e-16,3.29032438532768e-15,"Upregulated"
"ENSG00000067113.19","ENSG00000067113","PLPP1","protein_coding",225.321129602692,1.32263820862393,0.160763312202254,8.22723910390662,1.91577803551721e-16,5.09421197994778e-15,"Upregulated"
"ENSG00000198246.11","ENSG00000198246","SLC29A3","protein_coding",101.637469052203,1.75019788699732,0.212894146439441,8.22097702669892,2.01851934049289e-16,5.34778469514131e-15,"Upregulated"
"ENSG00000106688.14","ENSG00000106688","SLC1A1","protein_coding",218.02623024456,1.38680005978218,0.170913198907558,8.11406063806846,4.89556914947226e-16,1.24032496703063e-14,"Upregulated"
"ENSG00000123836.17","ENSG00000123836","PFKFB2","protein_coding",415.418474017053,1.00428871276253,0.123913377254765,8.10476427171962,5.2847879894132e-16,1.32963797816972e-14,"Upregulated"
"ENSG00000162490.9","ENSG00000162490","DRAXIN","protein_coding",17.4430127501082,-2.59256298149992,0.323040333533569,-8.02550862036709,1.01106155768553e-15,2.46671786093919e-14,"Downregulated"
"ENSG00000162645.15","ENSG00000162645","GBP2","protein_coding",41.3153033500246,2.42904050930066,0.302880644499278,8.01979444185464,1.05922272289356e-15,2.57554625841836e-14,"Upregulated"
"ENSG00000137962.15","ENSG00000137962","ARHGAP29","protein_coding",607.272806951434,1.24670671730444,0.155502845179869,8.01725985053444,1.08130213503549e-15,2.62043988978836e-14,"Upregulated"
"ENSG00000014914.23","ENSG00000014914","MTMR11","protein_coding",196.995055310153,1.56526861362824,0.195264798798092,8.01613308319212,1.09126266263607e-15,2.63576308448698e-14,"Upregulated"
"ENSG00000133065.13","ENSG00000133065","SLC41A1","protein_coding",484.909563286395,1.05629207369344,0.132343865999665,7.98142071575962,1.44658485088723e-15,3.45939070281481e-14,"Upregulated"
"ENSG00000179833.6","ENSG00000179833","SERTAD2","protein_coding",1266.64580849156,1.00590066310077,0.126557572947776,7.94816651166225,1.89292115355649e-15,4.44606375321567e-14,"Upregulated"
"ENSG00000114315.6","ENSG00000114315","HES1","protein_coding",691.662537172971,1.72161748496985,0.220306893759584,7.81463283145652,5.51234758833533e-15,1.22148228211247e-13,"Upregulated"
"ENSG00000196712.21","ENSG00000196712","NF1","protein_coding",1149.0336561932,1.01820625606738,0.1303597827743,7.81073912826525,5.68535813228483e-15,1.25789633668812e-13,"Upregulated"
"ENSG00000158828.10","ENSG00000158828","PINK1","protein_coding",291.097436437585,1.33211717972171,0.173719809043262,7.66819389831339,1.74435060427198e-14,3.6320587582054e-13,"Upregulated"
"ENSG00000154274.17","ENSG00000154274","PGCKA1","protein_coding",101.527954818641,1.44875640476597,0.190790775796509,7.59343002153923,3.11546472223604e-14,6.27073816036732e-13,"Upregulated"
"ENSG00000104140.9","ENSG00000104140","RHOV","protein_coding",70.2112669450313,1.63656508786712,0.215630345157209,7.58967893259158,3.20699132271804e-14,6.43708008986564e-13,"Upregulated"
"ENSG00000101194.20","ENSG00000101194","SLC17A9","protein_coding",130.521308956295,1.1702112968645,0.154676961424146,7.56551774802207,3.86322763751266e-14,7.67982097706907e-13,"Upregulated"
"ENSG00000113742.15","ENSG00000113742","CPEB4","protein_coding",347.713594638631,1.04982668265224,0.138992475713439,7.55311880922726,4.24957003620961e-14,8.34481964292001e-13,"Upregulated"
"ENSG00000173281.6","ENSG00000173281","PPP1R3B","protein_coding",820.347347269746,1.01074423218186,0.133954709998515,7.54541764297106,4.50840346263645e-14,8.82915986223343e-13,"Upregulated"
"ENSG00000187239.21","ENSG00000187239","FNBP1","protein_coding",360.519166155489,1.18776636774446,0.158533267743133,7.49222156745655,6.77174775934602e-14,1.29981680170123e-12,"Upregulated"
"ENSG00000120860.13","ENSG00000120860","WASHC3","protein_coding",163.723774163135,-1.26370568946327,0.168794480812445,-7.48665290109471,7.06522253171606e-14,1.35435456256123e-12,"Downregulated"
"ENSG00000167552.18","ENSG00000167552","TUBA1A","protein_coding",38.4450922262016,-1.54171285409302,0.206095027915943,-7.48059217965129,7.3988449311155e-14,1.41643409170047e-12,"Downregulated"
"ENSG00000132780.19","ENSG00000132780","NASP","protein_coding",533.044410500274,-1.0048134296551,0.134354590628425,-7.47881724736927,7.49944753414443e-14,1.43379938871796e-12,"Downregulated"
"ENSG00000090097.24","ENSG00000090097","PCBP4","protein_coding",262.439052656102,1.16640022031894,0.155982568700297,7.47776004740665,7.56000700240217e-14,1.44347327376564e-12,"Upregulated"
"ENSG00000198643.9","ENSG00000198643","FAM3D","protein_coding",42.8755606463551,1.83392672562373,0.24552637864195,7.46936738841465,8.05812699867266e-14,1.52851278095241e-12,"Upregulated"
"ENSG00000169247.16","ENSG00000169247","SH3TC2","protein_coding",286.528252677201,-1.03346618537138,0.138395823799664,-7.46746655352395,8.17534967888592e-14,1.54872114439758e-12,"Downregulated"
"ENSG00000035499.15","ENSG00000035499","DEPDC1B","protein_coding",174.090233804459,-1.04520072572266,0.140088996055603,-7.46097663022585,8.58834848210271e-14,1.62060346618011e-12,"Downregulated"
"ENSG00000064042.20","ENSG00000064042","LIMCH1","protein_coding",100.630874821523,1.64712639513134,0.221476622907345,7.43702144952978,1.02980834708203e-13,1.92071847695144e-12,"Upregulated"
"ENSG00000176438.15","ENSG00000176438","SYNE3","protein_coding",248.56909951578,-1.08741170230772,0.146873311088954,-7.40373927873884,1.32402256542482e-13,2.45681626352579e-12,"Downregulated"
"ENSG00000138435.16","ENSG00000138435","CHRNA1","protein_coding",91.2227979580146,5.87019464602053,0.795967478285084,7.37491770225073,1.64446603494381e-13,2.9864162629581e-12,"Upregulated"
"ENSG00000162430.19","ENSG00000162430","SELENON","protein_coding",414.424479363011,1.04969711222403,0.144048086221545,7.2871298727954,3.16627657963772e-13,5.57541679126486e-12,"Upregulated"
"ENSG00000066230.13","ENSG00000066230","SLC9A3","protein_coding",43.9412700013515,1.49961180362409,0.205962099780077,7.28100852159376,3.3133375042186e-13,5.80615321779154e-12,"Upregulated"
"ENSG00000118418.18","ENSG00000118418","HMGN3","protein_coding",101.891727887293,-1.2667781043588,0.174127969432807,-7.27498349911917,3.46462798558544e-13,6.05662108167722e-12,"Downregulated"
"ENSG00000167972.16","ENSG00000167972","ABCA3","protein_coding",96.2077862610697,1.99405854631554,0.274840844248324,7.25532099047793,4.00710406879478e-13,6.90498836682211e-12,"Upregulated"
"ENSG00000147852.19","ENSG00000147852","VLDLR","protein_coding",65.5621676564703,-1.20709448632027,0.167234818558083,-7.21796152695933,5.27726405672056e-13,8.90315607799701e-12,"Downregulated"
"ENSG00000186198.6","ENSG00000186198","SLC51B","protein_coding",17.3519402351386,2.47818239920567,0.344156535722886,7.20074193564377,5.98857959139858e-13,1.00099764058302e-11,"Upregulated"
"ENSG00000091138.15","ENSG00000091138","SLC26A3","protein_coding",18633.3117396081,3.76269256938386,0.523198591151996,7.19171005621219,6.39847976586802e-13,1.06216229973608e-11,"Upregulated"
"ENSG00000172782.15","ENSG00000172782","FADS6","protein_coding",12.1045187493026,3.83581197629819,0.535420069015245,7.16411692104312,7.8289565123876e-13,1.28636324010795e-11,"Upregulated"
"ENSG00000245694.13","ENSG00000245694","CRNDE","lncRNA",106.961438668178,-1.08440334259636,0.151721690876739,-7.14731912312619,8.84890012364165e-13,1.44250011914302e-11,"Downregulated"
"ENSG00000108381.13","ENSG00000108381","ASPA","protein_coding",68.0634668720739,-1.42681315444524,0.199935077788348,-7.13638232084351,9.58192648016521e-13,1.54979105525172e-11,"Downregulated"
"ENSG00000117280.15","ENSG00000117280","RAB29","protein_coding",223.73968929336,1.00610068903146,0.141716300106703,7.09939991570431,1.25299746196321e-12,1.9845288763684e-11,"Upregulated"
"ENSG00000147883.14","ENSG00000147883","CDKN2B","protein_coding",157.520837344432,1.56559175464985,0.223046199000451,7.01913667063516,2.23243333114304e-12,3.38414475260721e-11,"Upregulated"
"ENSG00000102359.9","ENSG00000102359","SRPX2","protein_coding",672.121752490561,1.03524446427108,0.147748253078724,7.00681356766685,2.43806784538884e-12,3.66900095694445e-11,"Upregulated"
"ENSG00000172687.16","ENSG00000172687","ZNF738","protein_coding",61.4723572159411,-1.4251748856786,0.203603673436952,-6.99975035627206,2.5641899264172e-12,3.83490613143839e-11,"Downregulated"
"ENSG00000182600.11","ENSG00000182600","SNORC","protein_coding",126.133499324138,-1.17934291217265,0.169972649191652,-6.93842755161678,3.96488231530606e-12,5.7574222959334e-11,"Downregulated"
"ENSG00000122863.8","ENSG00000122863","CHST3","protein_coding",14.796983510602,2.58502202819668,0.372971662125136,6.93088052177372,4.18229173400699e-12,6.04887942207877e-11,"Upregulated"
"ENSG00000114770.19","ENSG00000114770","ABCC5","protein_coding",265.130832186203,1.04438108464549,0.151155067269928,6.90933558172066,4.86928858051755e-12,6.97979526299312e-11,"Upregulated"
"ENSG00000234444.11","ENSG00000234444","ZNF736","protein_coding",136.466688090795,-1.11494580200102,0.165695653464414,-6.72887778701134,1.70976581048748e-11,2.2921300763723e-10,"Downregulated"
"ENSG00000298930.1","ENSG00000298930","ENSG00000298930","lncRNA",17.8151207136217,-2.47977658720329,0.368836799671115,-6.72323528838353,1.77733229503054e-11,2.37392623221959e-10,"Downregulated"
"ENSG00000136235.19","ENSG00000136235","GPNMB","protein_coding",33.3323778548783,1.73182657927558,0.258198450737365,6.70734690440558,1.9819471488503e-11,2.62544589407117e-10,"Upregulated"
"ENSG00000162104.12","ENSG00000162104","ADCY9","protein_coding",183.086585920449,1.16569629087538,0.173864918822358,6.70460895027596,2.01946434518528e-11,2.67270112241326e-10,"Upregulated"
"ENSG00000138079.16","ENSG00000138079","SLC3A1","protein_coding",105.893220376869,2.82127841290209,0.423511483080348,6.66163380596422,2.70800089434062e-11,3.53234464093467e-10,"Upregulated"
"ENSG00000169992.11","ENSG00000169992","NLGN2","protein_coding",115.616457764451,2.16411226536084,0.325253280902548,6.65362163098134,2.85967275694151e-11,3.71015018743029e-10,"Upregulated"
"ENSG00000075213.13","ENSG00000075213","SEMA3A","protein_coding",86.0540106666661,-1.47864019008713,0.222769520877875,-6.63753364580669,3.18975167394175e-11,4.10167535570221e-10,"Downregulated"
"ENSG00000166750.12","ENSG00000166750","SLFN5","protein_coding",412.957278033655,-1.04453130287893,0.157571544404539,-6.62893358585903,3.38120657014779e-11,4.32484074268153e-10,"Downregulated"
"ENSG00000185250.18","ENSG00000185250","PPIL6","protein_coding",66.1830915196948,-1.49566735154858,0.225971644817195,-6.61882756466429,3.62058880573562e-11,4.60259412041409e-10,"Downregulated"
"ENSG00000197859.13","ENSG00000197859","ADAMTSL2","protein_coding",97.6198603202981,-1.22218066841144,0.184774702771113,-6.61443720423894,3.72967935861664e-11,4.72469521547835e-10,"Downregulated"
"ENSG00000119688.23","ENSG00000119688","ABCD4","protein_coding",107.494700076058,-1.14945839925088,0.173834910637912,-6.61235648830711,3.78249754069506e-11,4.78324209072887e-10,"Downregulated"
"ENSG00000068615.22","ENSG00000068615","REEP1","protein_coding",49.6782324114044,1.51682523127409,0.231603231586838,6.54924035766474,5.78304905412054e-11,7.18148645178363e-10,"Upregulated"
"ENSG00000112541.19","ENSG00000112541","PDE10A","protein_coding",33.751710777259,-1.65683678954952,0.253407070561919,-6.5382421487907,6.22460868360261e-11,7.68373330858339e-10,"Downregulated"
"ENSG00000102309.17","ENSG00000102309","PIN4","protein_coding",67.2606689230866,-1.00846683708067,0.154455791123178,-6.52916170864983,6.61388137789297e-11,8.13653386489176e-10,"Downregulated"
"ENSG00000185432.14","ENSG00000185432","TMT1A","protein_coding",67.4369887359522,1.9608850817463,0.300519362394227,6.52498749539463,6.80072076255526e-11,8.35929137327827e-10,"Upregulated"
"ENSG00000196923.16","ENSG00000196923","PDLIM7","protein_coding",93.5455885883603,-1.11576926395707,0.171010799848372,-6.52455438455567,6.82040002632885e-11,8.3763760323354e-10,"Downregulated"
"ENSG00000175894.20","ENSG00000175894","TSPEAR","protein_coding",31.9127321923942,-1.79169447394777,0.275257741556363,-6.50915198176504,7.55762298131256e-11,9.22588422844792e-10,"Downregulated"
"ENSG00000057657.19","ENSG00000057657","PRDM1","protein_coding",185.037562963627,1.07874661578713,0.166091797715245,6.4948819305128,8.30985561946582e-11,1.00439055577397e-09,"Upregulated"
"ENSG00000153233.14","ENSG00000153233","PTPRR","protein_coding",66.0521734435019,2.33747156922668,0.361126628845398,6.47272004476684,9.62541955143402e-11,1.1471347050936e-09,"Upregulated"
"ENSG00000214193.13","ENSG00000214193","SH3D21","protein_coding",38.4880417704464,1.49847935342641,0.231906471361982,6.46156765107014,1.03623810163961e-10,1.22697452337459e-09,"Upregulated"
"ENSG00000306493.1","ENSG00000306493","ENSG00000306493","lncRNA",19.5943468496368,-1.87761393872124,0.2909464938299,-6.4534681755573,1.09318967577114e-10,1.2922108304466e-09,"Downregulated"
"ENSG00000183763.11","ENSG00000183763","TRAIP","protein_coding",82.2872089010481,-1.07874419295583,0.167325055855785,-6.44699735756002,1.14087776078955e-10,1.34310320953389e-09,"Downregulated"
"ENSG00000169116.13","ENSG00000169116","PARM1","protein_coding",741.453589904602,1.12516963946887,0.174780610268637,6.43761134452781,1.21368287322296e-10,1.42188295866994e-09,"Upregulated"
"ENSG00000103044.13","ENSG00000103044","HAS3","protein_coding",165.441326502934,-1.06934873132599,0.166439150719969,-6.42486294060194,1.31988385598358e-10,1.53513297278604e-09,"Downregulated"
"ENSG00000185340.18","ENSG00000185340","GAS2L1","protein_coding",57.0726741672782,1.38609313081761,0.216770040327714,6.39430213106066,1.61282249236593e-10,1.84913161070942e-09,"Upregulated"
"ENSG00000164938.16","ENSG00000164938","TP53INP1","protein_coding",106.290734292936,1.44272433908643,0.226213462437883,6.37771211111093,1.79753000568882e-10,2.0495519152197e-09,"Upregulated"
"ENSG00000158715.8","ENSG00000158715","SLC45A3","protein_coding",92.6772777544257,1.04501908346139,0.166237364394043,6.28630685568566,3.25107042592741e-10,3.56289746701693e-09,"Upregulated"
"ENSG00000155755.21","ENSG00000155755","TMEM237","protein_coding",105.518020173052,-1.15920910399263,0.186081125359227,-6.2295899261937,4.67657657714391e-10,5.01650242457214e-09,"Downregulated"
"ENSG00000065029.17","ENSG00000065029","ZNF76","protein_coding",132.140378163212,-1.24657336585681,0.201134252350323,-6.19771794853525,5.72876806622983e-10,6.00733044976865e-09,"Downregulated"
"ENSG00000169891.20","ENSG00000169891","REPS2","protein_coding",104.532150545324,1.32523846457565,0.214276159134373,6.18472194913943,6.22120264522018e-10,6.46291532147174e-09,"Upregulated"
"ENSG00000180861.9","ENSG00000180861","LINC01559","lncRNA",483.130883077429,3.1832258063651,0.518929641333948,6.13421464648344,8.55809053949892e-10,8.72792738201396e-09,"Upregulated"
"ENSG00000163412.15","ENSG00000163412","EIF4E3","protein_coding",139.667692242725,1.5613768492721,0.254956831775797,6.12408319634728,9.12072332759961e-10,9.26261544944454e-09,"Upregulated"
"ENSG00000180787.8","ENSG00000180787","ZFP3","protein_coding",94.0954244642173,-1.33736379930999,0.218546168625925,-6.11936511044078,9.39489194045591e-10,9.50773561460105e-09,"Downregulated"
"ENSG00000188338.17","ENSG00000188338","SLC38A3","protein_coding",27.0863197723204,-1.69809232020979,0.278440874282523,-6.09857415720798,1.07018747822023e-09,1.0708543377812e-08,"Downregulated"
"ENSG00000007306.17","ENSG00000007306","CEACAM7","protein_coding",27.9378882342569,2.01185370167863,0.330190123201325,6.09301599385502,1.1080298699253e-09,1.10361298109673e-08,"Upregulated"
"ENSG00000172927.11","ENSG00000172927","MYEOV","protein_coding",233.568496630566,1.02811630077974,0.169443893204749,6.06759135035575,1.29842768099632e-09,1.28179931559937e-08,"Upregulated"
"ENSG00000173599.17","ENSG00000173599","PC","protein_coding",125.722156351649,1.41639612784821,0.234185159274667,6.04818910060381,1.46482965301653e-09,1.43531516778334e-08,"Upregulated"
"ENSG00000198053.14","ENSG00000198053","SIRPA","protein_coding",20.9250610353018,1.67729403518405,0.277867281252648,6.03631355092501,1.57674740301344e-09,1.53563329062303e-08,"Upregulated"
"ENSG00000226887.10","ENSG00000226887","ERVMER34-1","protein_coding",40.0160789490935,-1.22212076313318,0.203994649875593,-5.99094517370184,2.08624968930608e-09,1.99300794313933e-08,"Downregulated"
"ENSG00000159784.20","ENSG00000159784","FAM131B","protein_coding",84.8937300436903,4.63561441352115,0.774759675932366,5.98329334569786,2.1867042558562e-09,2.07937782650053e-08,"Upregulated"
"ENSG00000124469.14","ENSG00000124469","CEACAM8","protein_coding",41.1982882460112,4.67548080094604,0.787369863989781,5.93809976070753,2.88344577108387e-09,2.68898945396058e-08,"Upregulated"
"ENSG00000281903.5","ENSG00000281903","ASMER1","lncRNA",107.670313685115,1.00901942003692,0.170724789106446,5.91021037611474,3.41671088632713e-09,3.1319492262928e-08,"Upregulated"
"ENSG00000009709.15","ENSG00000009709","PAX7","protein_coding",234.150369184134,-1.25564134322781,0.21424963286361,-5.86064641719664,4.61068791434436e-09,4.15277124019133e-08,"Downregulated"
"ENSG00000198892.9","ENSG00000198892","SHISA4","protein_coding",52.0721254900832,2.3056468162924,0.394543398775576,5.84383574392002,5.10123296261121e-09,4.57443339864278e-08,"Upregulated"
"ENSG00000140545.18","ENSG00000140545","MFGE8","protein_coding",186.124485352475,1.05839159932497,0.181359951486759,5.83586172497541,5.35132629832876e-09,4.78417154320668e-08,"Upregulated"
"ENSG00000277462.4","ENSG00000277462","ZNF670","protein_coding",64.1719929627453,-1.01872219403303,0.174968518014514,-5.82231709791661,5.80372994948992e-09,5.15049935260306e-08,"Downregulated"
"ENSG00000114854.9","ENSG00000114854","TNNC1","protein_coding",54.0623842741202,1.31240749731254,0.226994816253445,5.78166285457025,7.39658292923009e-09,6.43019075047406e-08,"Upregulated"
"ENSG00000173597.11","ENSG00000173597","SULT1B1","protein_coding",32.6119263832689,1.65010495732752,0.286270642034321,5.76414313951792,8.20737382569553e-09,7.0756253112421e-08,"Upregulated"
"ENSG00000117834.15","ENSG00000117834","SLC5A9","protein_coding",27.8329160016538,1.94686503420135,0.338835746151888,5.74574865937739,9.15151597421905e-09,7.79681184587786e-08,"Upregulated"
"ENSG00000112494.12","ENSG00000112494","UNC93A","protein_coding",64.0338149233602,-1.09766778396697,0.19238114696981,-5.70569310588019,1.15870607539645e-08,9.70634014141352e-08,"Downregulated"
"ENSG00000163947.14","ENSG00000163947","ARHGEF3","protein_coding",160.010330178363,1.27954790276725,0.226191156981623,5.65693159645144,1.54103144299005e-08,1.25817620686264e-07,"Upregulated"
"ENSG00000135917.18","ENSG00000135917","SLC19A3","protein_coding",34.4997259077408,1.87264225028862,0.331950388046244,5.64133171017034,1.68739918330588e-08,1.3722664963226e-07,"Upregulated"
"ENSG00000005206.19","ENSG00000005206","SPPL2B","protein_coding",336.182574190988,-1.07545687922715,0.190824876382281,-5.6358316568364,1.7421550377229e-08,1.410464290876e-07,"Downregulated"
"ENSG00000135828.13","ENSG00000135828","RNASEL","protein_coding",106.996216178101,1.2074904859315,0.214325188585899,5.63391775786332,1.76161054362003e-08,1.42541931871254e-07,"Upregulated"
"ENSG00000010818.13","ENSG00000010818","HIVEP2","protein_coding",197.751725124401,1.35033763073453,0.239847802837356,5.62997707196095,1.80233579065784e-08,1.45431237629251e-07,"Upregulated"
"ENSG00000161010.17","ENSG00000161010","MRNIP","protein_coding",50.7250629380011,-1.19283307665806,0.213348520168969,-5.59100703259322,2.25756436192638e-08,1.78974960246373e-07,"Downregulated"
"ENSG00000073711.13","ENSG00000073711","PPP2R3A","protein_coding",92.0078085504821,1.96996613608694,0.353234959637891,5.57692856365745,2.44802337976516e-08,1.92808450106287e-07,"Upregulated"
"ENSG00000167653.7","ENSG00000167653","PSCA","protein_coding",8.68799741947257,3.07770780414957,0.554173276854265,5.55369219825975,2.79697813945999e-08,2.1710662665803e-07,"Upregulated"
"ENSG00000164266.12","ENSG00000164266","SPINK1","protein_coding",755.952278667718,-1.10175060008685,0.198402569718919,-5.55310650284282,2.80636970734888e-08,2.17719003206103e-07,"Downregulated"
"ENSG00000169288.20","ENSG00000169288","MRPL1","protein_coding",99.4393586422973,-1.01487275876844,0.182780929302397,-5.55239960012137,2.81774557877888e-08,2.18367748276276e-07,"Downregulated"
"ENSG00000182325.13","ENSG00000182325","FBXL6","protein_coding",184.975172753093,-1.11683151475796,0.20358681279183,-5.48577532818854,4.11659833137206e-08,3.09057927061125e-07,"Downregulated"
"ENSG00000165269.15","ENSG00000165269","AQP7","protein_coding",23.924860558402,1.94329647343622,0.354379607839075,5.48365772310092,4.16620488309731e-08,3.12508494647237e-07,"Upregulated"
"ENSG00000158406.6","ENSG00000158406","H4C8","protein_coding",22.6446875627444,2.11711550557584,0.387802947014931,5.45925584597048,4.78134347302074e-08,3.54249640138122e-07,"Upregulated"
"ENSG00000159884.13","ENSG00000159884","CCDC107","protein_coding",74.1037019820343,1.04453023163142,0.191649125481276,5.45022174772965,5.03070546202973e-08,3.71774520936945e-07,"Upregulated"
"ENSG00000075651.19","ENSG00000075651","PLD1","protein_coding",262.538804196913,1.11820492699727,0.205355753478336,5.44520865891025,5.17446919486626e-08,3.81620394768457e-07,"Upregulated"
"ENSG00000231083.2","ENSG00000231083","ENSG00000231083","lncRNA",6.905334080336,3.16933614736599,0.585739406264861,5.41082965132257,6.27334264346466e-08,4.55249281868252e-07,"Upregulated"
"ENSG00000161249.23","ENSG00000161249","DMKN","protein_coding",95.1537624205896,-1.74225475393762,0.32561639573097,-5.35063583031951,8.76457384618305e-08,6.21106132904082e-07,"Downregulated"
"ENSG00000298172.1","ENSG00000298172","ENSG00000298172","lncRNA",72.5854408573841,-1.0582556458318,0.197998991934383,-5.34475269542031,9.05405841483894e-08,6.409937203119e-07,"Downregulated"
"ENSG00000092421.19","ENSG00000092421","SEMA6A","protein_coding",19.6174212780918,3.37177811560441,0.633665511606073,5.32106932419027,1.03159079821286e-07,7.22213229357523e-07,"Upregulated"
"ENSG00000106123.15","ENSG00000106123","EPHB6","protein_coding",22.9021253996732,-1.53027375723531,0.287669245650379,-5.31955980826377,1.04018615689936e-07,7.27527885414362e-07,"Downregulated"
"ENSG00000265763.6","ENSG00000265763","ZNF488","protein_coding",40.4721151251646,1.10558992425097,0.209611511742283,5.27447140217323,1.33139276902458e-07,9.1530094917952e-07,"Upregulated"
"ENSG00000198719.11","ENSG00000198719","DLL1","protein_coding",30.7376121225347,-1.75734766698032,0.333752373306971,-5.26542373187555,1.39866376865932e-07,9.57460337052948e-07,"Downregulated"
"ENSG00000130720.15","ENSG00000130720","FIBCD1","protein_coding",29.7444206075398,-1.566492285629,0.297573322190365,-5.26422286143941,1.40783590645618e-07,9.62829540177579e-07,"Downregulated"
"ENSG00000119397.21","ENSG00000119397","CNTRL","protein_coding",293.356655461313,-1.01294509394108,0.192934908263057,-5.25019087038404,1.51941688699107e-07,1.03328904393592e-06,"Downregulated"
"ENSG00000186567.16","ENSG00000186567","CEACAM19","protein_coding",58.0480145231607,-1.06284927140715,0.20407657665513,-5.20809045715845,1.90793913269049e-07,1.27712951089841e-06,"Downregulated"
"ENSG00000162909.20","ENSG00000162909","CAPN2","protein_coding",1809.06204963951,1.01964868037994,0.1960481608469,5.2010112003867,1.98207155865867e-07,1.32125947691267e-06,"Upregulated"
"ENSG00000308505.1","ENSG00000308505","ENSG00000308505","lncRNA",8.91072618620931,-2.21315757592601,0.42565240111355,-5.19944811807983,1.99881107889057e-07,1.33180552438079e-06,"Downregulated"
"ENSG00000267041.7","ENSG00000267041","ZNF850","protein_coding",52.4586422546703,-1.0394914943514,0.201037119891237,-5.17064458003464,2.33287899137831e-07,1.53742984734218e-06,"Downregulated"
"ENSG00000221944.9","ENSG00000221944","TIGD1","protein_coding",23.602774654398,-1.54488784719971,0.298918520784443,-5.16825736707617,2.36286783045301e-07,1.555071780151e-06,"Downregulated"
"ENSG00000143412.12","ENSG00000143412","ANXA9","protein_coding",76.5881447236291,1.39248925348982,0.269938678392036,5.15853919780807,2.48884007683081e-07,1.63204843409195e-06,"Upregulated"
"ENSG00000060982.17","ENSG00000060982","BCAT1","protein_coding",14.5193181436386,-1.72574657645188,0.335040655819625,-5.15085720635935,2.59298560314085e-07,1.69192018733531e-06,"Downregulated"
"ENSG00000204542.4","ENSG00000204542","C6orf15","protein_coding",38.1098360823992,1.00219304526667,0.19481079377786,5.14444310724109,2.68315548732213e-07,1.74525535557775e-06,"Upregulated"
"ENSG00000113758.16","ENSG00000113758","DBN1","protein_coding",77.1237950625368,-1.68412537731943,0.327671268105708,-5.13967973773071,2.75207131090839e-07,1.78687354111489e-06,"Downregulated"
"ENSG00000136783.12","ENSG00000136783","NIPSNAP3A","protein_coding",206.350281090635,-1.01842458248608,0.198305430518598,-5.13563637578029,2.81190883488632e-07,1.82164429303409e-06,"Downregulated"
"ENSG00000236753.8","ENSG00000236753","MKLN1-AS","lncRNA",63.6112049857221,1.66920213944439,0.325394879590113,5.12977383524601,2.9009049564488e-07,1.87176823815031e-06,"Upregulated"
"ENSG00000130270.17","ENSG00000130270","ATP8B3","protein_coding",10.0693644408883,3.12500041036657,0.609781437180481,5.12478770232169,2.97873185399342e-07,1.91601340559577e-06,"Upregulated"
"ENSG00000010319.9","ENSG00000010319","SEMA3G","protein_coding",10.5178378634917,2.20234928517629,0.430219696709785,5.11912704606349,3.06953138766819e-07,1.96743250199414e-06,"Upregulated"
"ENSG00000240583.16","ENSG00000240583","AQP1","protein_coding",48.6573220617014,-1.07355772076595,0.209935163526839,-5.11375847061799,3.15811119095954e-07,2.01707128159479e-06,"Downregulated"
"ENSG00000126500.7","ENSG00000126500","FLRT1","protein_coding",6.52562848257305,-3.35977945047344,0.659764107322689,-5.09239501388969,3.53568503278462e-07,2.24241345711662e-06,"Downregulated"
"ENSG00000294171.1","ENSG00000294171","ENSG00000294171","lncRNA",45.648774228719,-1.12931377385385,0.221788356824751,-5.09185328761956,3.54580434782713e-07,2.24686474021473e-06,"Downregulated"
"ENSG00000118322.15","ENSG00000118322","ATP10B","protein_coding",1042.92354948076,1.27580261133417,0.254600991132372,5.01098839269973,5.41511812372466e-07,3.31541579421283e-06,"Upregulated"
"ENSG00000225706.4","ENSG00000225706","PTPRD-AS1","lncRNA",20.9836848528295,-1.4596902605942,0.291693788636727,-5.00418698463302,5.60982848602131e-07,3.42305829134404e-06,"Downregulated"
"ENSG00000110900.18","ENSG00000110900","TSPAN11","protein_coding",7.67044059507645,-2.56945711823521,0.514698674855297,-4.99215802130749,5.97083718188576e-07,3.62958777012955e-06,"Downregulated"
"ENSG00000142611.18","ENSG00000142611","PRDM16","protein_coding",11.6602573472492,2.10405014445779,0.422014120804984,4.98573398549876,6.17270251648092e-07,3.75072557102061e-06,"Upregulated"
"ENSG00000106605.13","ENSG00000106605","BLVRA","protein_coding",135.853840351657,-1.0362584947864,0.209683796423665,-4.94200559347298,7.73229969241513e-07,4.60948116587742e-06,"Downregulated"
"ENSG00000144824.23","ENSG00000144824","PHLDB2","protein_coding",177.872876243683,-1.20477640657352,0.244237760362272,-4.93280156510814,8.1058493757227e-07,4.79860985102015e-06,"Downregulated"
"ENSG00000173467.11","ENSG00000173467","AGR3","protein_coding",14.3064409336273,-3.29187352688325,0.673717682208312,-4.88613200130527,1.02836265352033e-06,5.94431336638585e-06,"Downregulated"
"ENSG00000111291.10","ENSG00000111291","GPRC5D","protein_coding",7.97315948196326,2.54158120218247,0.521828420994401,4.87053042710707,1.11299059696652e-06,6.37780139629847e-06,"Upregulated"
"ENSG00000178229.10","ENSG00000178229","ZNF543","protein_coding",14.7120746417415,-1.50027702540365,0.308351865589229,-4.86547088838518,1.1418461810595e-06,6.53282070900684e-06,"Downregulated"
"ENSG00000174827.16","ENSG00000174827","PDZK1","protein_coding",30.9664434841781,1.93968858501339,0.401849153126403,4.82690723601763,1.38669672387235e-06,7.83164806015513e-06,"Upregulated"
"ENSG00000307857.1","ENSG00000307857","ENSG00000307857","lncRNA",17.7602148624615,2.26093033738024,0.469072005927921,4.82000696866926,1.43553206849843e-06,8.08539865397562e-06,"Upregulated"
"ENSG00000273079.8","ENSG00000273079","GRIN2B","protein_coding",81.5805478731345,1.06931427063606,0.221966344263385,4.81746128758697,1.45396288615933e-06,8.18284665872658e-06,"Upregulated"
"ENSG00000283526.5","ENSG00000283526","PRRT1B","protein_coding",42.1310068577428,-1.32385945860841,0.275926285925012,-4.79787365734408,1.60358871254162e-06,8.96574368138627e-06,"Downregulated"
"ENSG00000151422.16","ENSG00000151422","FER","protein_coding",74.587102987147,-1.37332025853439,0.286404296024147,-4.79504070853255,1.62641799344743e-06,9.08287073643168e-06,"Downregulated"
"ENSG00000183647.13","ENSG00000183647","ZNF530","protein_coding",34.5823761825503,-1.09395840185874,0.228351216257121,-4.79068349093861,1.66214142142885e-06,9.24673837978768e-06,"Downregulated"
"ENSG00000303582.1","ENSG00000303582","ENSG00000303582","lncRNA",8.19441031347482,2.82402251519316,0.591072041813024,4.77779748561767,1.77225738025365e-06,9.79540577980013e-06,"Upregulated"
"ENSG00000267280.7","ENSG00000267280","TBX2-AS1","lncRNA",25.8283451342693,1.21383739426424,0.254301312458827,4.77322504759297,1.81299006435109e-06,9.99005779945857e-06,"Upregulated"
"ENSG00000142173.19","ENSG00000142173","COL6A2","protein_coding",16.8961267123268,1.87882669722439,0.394393701190339,4.76383545567236,1.89947415854099e-06,1.04269619339303e-05,"Upregulated"
"ENSG00000168010.13","ENSG00000168010","ATG16L2","protein_coding",29.540208354072,-1.28696436205539,0.273507430788185,-4.70540913037229,2.53357338362407e-06,1.35987205464741e-05,"Downregulated"
"ENSG00000171124.15","ENSG00000171124","FUT3","protein_coding",83.2449334936422,-1.61872356311096,0.346217669662027,-4.67545046066291,2.93309077799834e-06,1.55019516975755e-05,"Downregulated"
"ENSG00000047662.7","ENSG00000047662","FAM184B","protein_coding",10.615968296985,1.95315738285822,0.419503121278876,4.6558828380202,3.22595355634378e-06,1.69385938183095e-05,"Upregulated"
"ENSG00000132386.13","ENSG00000132386","SERPINF1","protein_coding",20.1214724491094,-1.25112300791624,0.268757848358887,-4.65520547792728,3.23657762063975e-06,1.6988222701308e-05,"Downregulated"
"ENSG00000119917.16","ENSG00000119917","IFIT3","protein_coding",16.3831659535598,2.27076457060842,0.495392390490379,4.5837695818473,4.56667456377462e-06,2.31237763026631e-05,"Upregulated"
"ENSG00000183621.17","ENSG00000183621","ZNF438","protein_coding",41.8336415708056,-1.03162512930301,0.225981475847561,-4.56508714014641,4.99286900675943e-06,2.5123839460402e-05,"Downregulated"
"ENSG00000198838.16","ENSG00000198838","RYR3","protein_coding",6.89125998525562,3.00857851488582,0.659521059612118,4.56176261703493,5.07259783760191e-06,2.55073170931738e-05,"Upregulated"
"ENSG00000131620.20","ENSG00000131620","ANO1","protein_coding",85.7378684131619,1.28862423228107,0.283013035057385,4.55323279374669,5.28277590649672e-06,2.64084127067784e-05,"Upregulated"
"ENSG00000153721.21","ENSG00000153721","CNKSR3","protein_coding",241.372006005324,1.02732233155911,0.228365257141457,4.49859293142281,6.84046937906353e-06,3.33217083164332e-05,"Upregulated"
"ENSG00000227398.7","ENSG00000227398","KIF9-AS1","lncRNA",36.3661463350894,-1.17572952248182,0.261870282330723,-4.48974015691084,7.13101085611022e-06,3.45511900122866e-05,"Downregulated"
"ENSG00000198133.11","ENSG00000198133","TMEM229B","protein_coding",34.6136784712396,1.67635918722663,0.375305603719674,4.46665109876362,7.94535511188292e-06,3.80893437914017e-05,"Upregulated"
"ENSG00000105664.13","ENSG00000105664","COMP","protein_coding",13.9264931270182,-1.55726286034801,0.349604644646851,-4.45435403731852,8.41461512228993e-06,4.0152980688912e-05,"Downregulated"
"ENSG00000067715.17","ENSG00000067715","SYT1","protein_coding",79.8043281954518,2.71585058819913,0.609833516640911,4.45342952476373,8.45094553584275e-06,4.02998034568717e-05,"Upregulated"
"ENSG00000247240.11","ENSG00000247240","UBL7-DT","lncRNA",33.1128406287877,-1.00145620333066,0.225941655929791,-4.43236639657917,9.32044565441497e-06,4.4026042511011e-05,"Downregulated"
"ENSG00000130701.5","ENSG00000130701","RBBP8NL","protein_coding",72.2449746403015,-1.45706238550425,0.329269479887585,-4.42513647484638,9.63813319302807e-06,4.53935086881257e-05,"Downregulated"
"ENSG00000181045.18","ENSG00000181045","SLC26A11","protein_coding",57.9010276002073,1.09122000330411,0.247454495495021,4.40978047750224,1.03475459400478e-05,4.84138693166607e-05,"Upregulated"
"ENSG00000140470.17","ENSG00000140470","ADAMTS17","protein_coding",19.6873024248904,-1.35675464915718,0.308120327085986,-4.40332730394173,1.06603148469368e-05,4.97229748187346e-05,"Downregulated"
"ENSG00000157404.19","ENSG00000157404","KIT","protein_coding",28.7503985143559,-1.02987021964696,0.234164476761081,-4.39806342060048,1.09221066663828e-05,5.08132166321734e-05,"Downregulated"
"ENSG00000103260.11","ENSG00000103260","METRN","protein_coding",50.2392496542252,1.16769300338519,0.266539826085028,4.3809325628234,1.18172444378117e-05,5.45399701887794e-05,"Upregulated"
"ENSG00000169962.6","ENSG00000169962","TAS1R3","protein_coding",64.3149239161145,-1.11813691768841,0.255706494144883,-4.3727357078967,1.22699228857647e-05,5.64852993838953e-05,"Downregulated"
"ENSG00000002745.14","ENSG00000002745","WNT16","protein_coding",12.5201315572198,-2.2511497520877,0.517784982124079,-4.34765362033665,1.37601688601841e-05,6.28466331931259e-05,"Downregulated"
"ENSG00000259943.3","ENSG00000259943","ZMPSTE24-DT","lncRNA",40.8588516448373,-1.03642808750576,0.23847915296903,-4.34599030817738,1.38648691163768e-05,6.31655715921198e-05,"Downregulated"
"ENSG00000296453.1","ENSG00000296453","ENSG00000296453","lncRNA",8.08127528945762,-2.47071940536163,0.56868590740988,-4.34461162685514,1.3952228272405e-05,6.3503672149401e-05,"Downregulated"
"ENSG00000168772.12","ENSG00000168772","CXXC4","protein_coding",16.6334226293969,-1.37929592717169,0.318586008227693,-4.32943033137197,1.49495554192947e-05,6.73869229040183e-05,"Downregulated"
"ENSG00000303501.1","ENSG00000303501","ENSG00000303501","lncRNA",5.6255244672676,-2.30711842648262,0.533455035886277,-4.32486014992734,1.52628658751931e-05,6.85646163246432e-05,"Downregulated"
"ENSG00000111186.15","ENSG00000111186","WNT5B","protein_coding",113.047182532162,-2.05802032645001,0.480220130149372,-4.28557696198588,1.8226553425115e-05,8.09746205508177e-05,"Downregulated"
"ENSG00000164342.16","ENSG00000164342","TLR3","protein_coding",49.954662786169,-1.05463920018657,0.246139699972842,-4.28471798861757,1.82971130387468e-05,8.12134034173104e-05,"Downregulated"
"ENSG00000178026.15","ENSG00000178026","LRRC75B","protein_coding",49.1632608483784,1.08284059698682,0.25312237643561,4.27793311770788,1.88636676440367e-05,8.34724493121768e-05,"Upregulated"
"ENSG00000221988.15","ENSG00000221988","PPT2","protein_coding",55.8767257452281,1.05427984062829,0.24789464694867,4.25293508192049,2.10986755902303e-05,9.24310781903317e-05,"Upregulated"
"ENSG00000116741.9","ENSG00000116741","RGS2","protein_coding",13.4096957044086,2.11554155355808,0.498006119069021,4.24802321206996,2.15665053958123e-05,9.41674589322423e-05,"Upregulated"
"ENSG00000119121.24","ENSG00000119121","TRPM6","protein_coding",17.789891273625,2.53167166660628,0.599214417641795,4.22498456657579,2.38957153822407e-05,0.000103248869206748,"Upregulated"
"ENSG00000290769.1","ENSG00000290769","ENSG00000290769","lncRNA",19.9228772236386,-1.13292040771817,0.268173708412161,-4.22457672836802,2.39390282093683e-05,0.000103374373304579,"Downregulated"
"ENSG00000151062.15","ENSG00000151062","CACNA2D4","protein_coding",8.37114863626042,-1.87980611240649,0.447245741633773,-4.20307213108306,2.63316633950216e-05,0.000112705109418469,"Downregulated"
"ENSG00000289850.3","ENSG00000289850","ENSG00000289850","lncRNA",8.97092312983039,4.20628896131739,1.00279689827769,4.19455721147693,2.73405140481335e-05,0.000116500655567642,"Upregulated"
"ENSG00000182253.16","ENSG00000182253","SYNM","protein_coding",17.9689463976042,1.30808844987946,0.312615000870885,4.1843431896594,2.85991780541979e-05,0.000121186926421472,"Upregulated"
"ENSG00000177614.13","ENSG00000177614","PGBD5","protein_coding",10.1197335795536,1.9137769956657,0.457520871838503,4.18292828472584,2.87778191845791e-05,0.000121801447319778,"Upregulated"
"ENSG00000165949.15","ENSG00000165949","IFI27","protein_coding",144.930618935581,1.00790570563901,0.243085455087265,4.14630198782227,3.37888122372252e-05,0.000141056251392092,"Upregulated"
"ENSG00000070985.15","ENSG00000070985","TRPM5","protein_coding",23.9465837339864,-1.34703815102355,0.327134288343027,-4.11769172178939,3.82686133286704e-05,0.000158273043481476,"Downregulated"
"ENSG00000170927.16","ENSG00000170927","PKHD1","protein_coding",16.4311297287163,1.35194779807207,0.328701543220515,4.11299498270107,3.9055887730828e-05,0.000161161140374476,"Upregulated"
"ENSG00000174516.17","ENSG00000174516","PELI3","protein_coding",57.6526698028056,1.00945624511838,0.245812402074126,4.10661234584076,4.01504222020992e-05,0.00016516035156197,"Upregulated"
"ENSG00000188785.14","ENSG00000188785","ZNF548","protein_coding",21.6428822902484,-1.05164687830064,0.256575234281295,-4.09878561056941,4.15323512098736e-05,0.00017036140213232,"Downregulated"
"ENSG00000151650.10","ENSG00000151650","VENTX","protein_coding",189.620299103789,-1.04695991134461,0.25624105256599,-4.08583987952118,4.39176589983532e-05,0.000179131639235614,"Downregulated"
"ENSG00000147180.19","ENSG00000147180","ZNF711","protein_coding",44.6188030473569,-1.59713443974429,0.391661893264032,-4.07783975723064,4.54560766162921e-05,0.000184627091458325,"Downregulated"
"ENSG00000284968.1","ENSG00000284968","ENSG00000284968","lncRNA",24.3393995550767,1.24011291111797,0.304612615915538,4.07111474155694,4.67886942501023e-05,0.000189561575921857,"Upregulated"
"ENSG00000136048.16","ENSG00000136048","DRAM1","protein_coding",132.804297702154,1.1837410761527,0.290789509444914,4.07078329067764,4.68553226341248e-05,0.000189725436047426,"Upregulated"
"ENSG00000185339.12","ENSG00000185339","TCN2","protein_coding",29.7409488836893,1.34454844860716,0.331132705104456,4.06045198157948,4.89778098371943e-05,0.000197217677177166,"Upregulated"
"ENSG00000230873.11","ENSG00000230873","STMND1","protein_coding",5.06022408878203,-2.53543135183934,0.62826341514904,-4.03561832617274,5.44586848546228e-05,0.000217214305054366,"Downregulated"
"ENSG00000149403.15","ENSG00000149403","GRIK4","protein_coding",6.50486338388304,-1.98542967100296,0.492241211928947,-4.03344868915516,5.49641867409894e-05,0.000219072525793557,"Downregulated"
"ENSG00000177432.8","ENSG00000177432","NAP1L5","protein_coding",20.6885456293113,-1.05837895158567,0.263261922845267,-4.02025078350482,5.81362210095899e-05,0.000230382858865457,"Downregulated"
"ENSG00000077585.16","ENSG00000077585","GPR137B","protein_coding",98.6614660794533,2.18149081941645,0.544682232591546,4.00507064281706,6.19989501227344e-05,0.000244353762626779,"Upregulated"
"ENSG00000242861.1","ENSG00000242861","ENSG00000242861","lncRNA",26.2646800541773,-1.16162520528586,0.29049471513891,-3.9987825758909,6.36691345722552e-05,0.000250120113369781,"Downregulated"
"ENSG00000266088.7","ENSG00000266088","ENSG00000266088","lncRNA",5.78087279883147,-2.09499070993794,0.529382469172735,-3.95742366235093,7.57624881037031e-05,0.000292185386879768,"Downregulated"
"ENSG00000248319.5","ENSG00000248319","LINC02275","lncRNA",6.30690215831618,2.06373557593958,0.52336100513237,3.94323527297875,8.03897206047885e-05,0.000307633438342909,"Upregulated"
"ENSG00000198721.15","ENSG00000198721","ECI2","protein_coding",148.287719907619,1.67512737967654,0.429460665999821,3.90053737698353,9.59794058627998e-05,0.00036165718922613,"Upregulated"
"ENSG00000184925.14","ENSG00000184925","LCN12","protein_coding",10.440306969163,-1.73311647442434,0.44519692889505,-3.89292100178189,9.90444120379815e-05,0.000372335050390254,"Downregulated"
"ENSG00000206069.9","ENSG00000206069","LHFPL7","protein_coding",17.6415740521425,1.39339450751757,0.358821441281123,3.88325319284891,0.000103068144583604,0.000386358911356851,"Upregulated"
"ENSG00000150893.12","ENSG00000150893","FREM2","protein_coding",51.2348007635133,1.32910490131467,0.343653925686852,3.867567927991,0.000109926213142322,0.000408893911924674,"Upregulated"
"ENSG00000279453.1","ENSG00000279453","ENSG00000279453","TEC",22.7475611051415,-1.23539479696098,0.320995862550621,-3.84863152797228,0.000118779516160508,0.000439039803539173,"Downregulated"
"ENSG00000127220.8","ENSG00000127220","ABHD8","protein_coding",50.5007413846654,1.85125331202487,0.481006723250078,3.84870568859469,0.000118743568204883,0.000439039803539173,"Upregulated"
"ENSG00000167244.23","ENSG00000167244","IGF2","protein_coding",10.4264217218267,-1.47884530417287,0.384420535155274,-3.84694668711061,0.000119598980961446,0.000441586861679817,"Downregulated"
"ENSG00000080561.16","ENSG00000080561","MID2","protein_coding",116.575736109575,1.78580375650569,0.466224035132744,3.83035541270891,0.000127958303887221,0.000469223618404254,"Upregulated"
"ENSG00000187266.16","ENSG00000187266","EPOR","protein_coding",16.7767877322281,-1.63592203983108,0.428920306223694,-3.81404660980983,0.000136709667014247,0.000497901804679418,"Downregulated"
"ENSG00000116774.14","ENSG00000116774","OLFML3","protein_coding",73.7014340111697,1.32416416353397,0.347860245313783,3.80659814213471,0.000140891397705814,0.000511216358425802,"Upregulated"
"ENSG00000254645.3","ENSG00000254645","ENSG00000254645","lncRNA",45.3111982223496,1.51150107614753,0.397628890157853,3.80128585613455,0.000143947115889434,0.000521129553702142,"Upregulated"
"ENSG00000066629.21","ENSG00000066629","EML1","protein_coding",6.86783303825113,-1.78146892900011,0.468686201367819,-3.80098437675582,0.000144122390072597,0.000521554405548631,"Downregulated"
"ENSG00000227542.2","ENSG00000227542","MYO1B-AS1","lncRNA",15.5093504154834,-1.09468969657229,0.291414018236348,-3.75647576323679,0.000172322951849131,0.000613588259999413,"Downregulated"
"ENSG00000196569.15","ENSG00000196569","LAMA2","protein_coding",292.361084362261,-1.35699377428332,0.362520231051365,-3.74322219300099,0.000181675443634859,0.000644987880734046,"Downregulated"
"ENSG00000177181.17","ENSG00000177181","RIMKLA","protein_coding",28.3286190578907,1.31801536294665,0.352706949062299,3.73685680548882,0.000186334967355387,0.000659586169177986,"Upregulated"
"ENSG00000120162.12","ENSG00000120162","MOB3B","protein_coding",116.115923195404,2.15094790837203,0.575894954122772,3.73496571375322,0.00018774076335112,0.000663918775618455,"Upregulated"
"ENSG00000137078.12","ENSG00000137078","SIT1","protein_coding",4.07211137437187,-2.56014818671133,0.685664530669829,-3.73382036286799,0.000188597032943282,0.000666784142818748,"Downregulated"
"ENSG00000167555.16","ENSG00000167555","ZNF528","protein_coding",4.46128675678546,-2.19470436771339,0.589455249570032,-3.72327563341623,0.000196654625083976,0.000693073644629616,"Downregulated"
"ENSG00000174498.16","ENSG00000174498","IGDCC3","protein_coding",5.23730063478266,-2.72188970706956,0.733307523051264,-3.71179842222794,0.000205791852068634,0.000721765614757659,"Downregulated"
"ENSG00000134762.18","ENSG00000134762","DSC3","protein_coding",249.538086032355,1.14449404750886,0.308908303852389,3.70496368416096,0.000211421021333214,0.000739004689136742,"Upregulated"
"ENSG00000268001.1","ENSG00000268001","CARD8-AS1","lncRNA",13.1266943037242,-1.2597674732324,0.340226254715721,-3.70273444736066,0.000213288103537547,0.000744991852606924,"Downregulated"
"ENSG00000152439.14","ENSG00000152439","ZNF773","protein_coding",18.5598032539064,-1.07458740611206,0.292165923901603,-3.67800389505372,0.000235066371064643,0.00081244499152607,"Downregulated"
"ENSG00000273230.1","ENSG00000273230","ENSG00000273230","lncRNA",28.7738434552953,-1.3596569765407,0.369783272108827,-3.67690233467499,0.000236083375577305,0.000815570984235116,"Downregulated"
"ENSG00000297515.1","ENSG00000297515","ENSG00000297515","lncRNA",6.76077363931597,-1.75971098952388,0.479893207528686,-3.66688038487957,0.000245527575174272,0.000844773413918696,"Downregulated"
"ENSG00000142279.15","ENSG00000142279","WTIP","protein_coding",17.8164341446485,1.29848135789108,0.355992633734138,3.64749501772221,0.000264809444733539,0.000903181565798647,"Upregulated"
"ENSG00000163083.7","ENSG00000163083","INHBB","protein_coding",50.7745285480767,-1.28619176971804,0.354304923984701,-3.63018316328445,0.000283220168568616,0.000955406583541989,"Downregulated"
"ENSG00000278035.1","ENSG00000278035","ENSG00000278035","lncRNA",8.45182879922664,1.44044066998117,0.396794678906008,3.63019149841569,0.00028321102260031,0.000955406583541989,"Upregulated"
"ENSG00000130821.19","ENSG00000130821","SLC6A8","protein_coding",256.7494719932,1.22396011508515,0.337558511692258,3.62591987074821,0.000287934636151819,0.00096973012947064,"Upregulated"
"ENSG00000198794.14","ENSG00000198794","SCAMP5","protein_coding",33.2084021916373,1.15566264392677,0.319548445368909,3.61654910444828,0.000298556701925091,0.00100108369372939,"Upregulated"
"ENSG00000120833.16","ENSG00000120833","SOCS2","protein_coding",20.7300788192188,-2.18539994892161,0.605322248162145,-3.61030832016638,0.00030583324446401,0.00102099409785128,"Downregulated"
"ENSG00000113721.16","ENSG00000113721","PDGFRB","protein_coding",12.6168111409015,1.26345770205577,0.351867590149386,3.59071917228685,0.00032976679630146,0.00109509175343739,"Upregulated"
"ENSG00000197385.8","ENSG00000197385","ZNF860","protein_coding",40.3742295878818,-1.0234668291982,0.285258927883453,-3.5878520500377,0.000333413381702908,0.00110644074367725,"Downregulated"
"ENSG00000205978.8","ENSG00000205978","NYNRIN","protein_coding",72.1186605737404,1.66976793325825,0.465701470467828,3.58548993109439,0.00033644598480659,0.00111471769817492,"Upregulated"
"ENSG00000116299.19","ENSG00000116299","ELAPOR1","protein_coding",12.1950058410749,-1.29609589042865,0.362297488234032,-3.57743548470702,0.000346981823099455,0.0011456961905576,"Downregulated"
"ENSG00000089356.21","ENSG00000089356","FXYD3","protein_coding",6.8885610805689,1.84813201254075,0.516837853125485,3.57584492189281,0.000349098559613101,0.00115189807056308,"Upregulated"
"ENSG00000269044.2","ENSG00000269044","ENSG00000269044","lncRNA",13.8283870665996,-1.46463038058471,0.410540121286599,-3.56756941561444,0.00036030794632155,0.00118430092041096,"Downregulated"
"ENSG00000121440.16","ENSG00000121440","PDZRN3","protein_coding",9.65116332114213,4.07242809448503,1.14313322445831,3.56251398118081,0.000367320339447071,0.0012048905294855,"Upregulated"
"ENSG00000196132.16","ENSG00000196132","MYT1","protein_coding",22.5032226416867,-1.27770193468358,0.361794651042759,-3.53156668016236,0.000413105693734952,0.00133483338096029,"Downregulated"
"ENSG00000130635.19","ENSG00000130635","COL5A1","protein_coding",49.9915765577371,-1.1144106127777,0.316125526962821,-3.52521551639441,0.000423138389791904,0.00136451302733962,"Downregulated"
"ENSG00000162076.15","ENSG00000162076","FLYWCH2","protein_coding",45.5524376171605,-1.00538604445683,0.285260679215639,-3.52444664726055,0.000424368264903625,0.00136817461512421,"Downregulated"
"ENSG00000185215.13","ENSG00000185215","TNFAIP2","protein_coding",24.2974609707523,2.54792940593903,0.726072454424589,3.50919442049108,0.000449466217888505,0.00144075744959969,"Upregulated"
"ENSG00000280409.2","ENSG00000280409","LINC01101","lncRNA",5.93385634784041,-1.87592482905069,0.53554387380164,-3.50284060899464,0.000460324828637566,0.00147133379281332,"Downregulated"
"ENSG00000293508.2","ENSG00000293508","POLR1HASP","lncRNA",41.9243581610751,-1.12469602446839,0.321474190287466,-3.49855776435015,0.000467781749349651,0.0014945090633984,"Downregulated"
"ENSG00000122691.14","ENSG00000122691","TWIST1","protein_coding",49.0933094664575,1.0793700635684,0.309123327377215,3.49171339712991,0.00047993291939331,0.00152894875090082,"Upregulated"
"ENSG00000259823.8","ENSG00000259823","LYPD8","protein_coding",21.961132370941,1.51569076033944,0.434364055790347,3.48944794150052,0.000484019323995596,0.00154027405431361,"Upregulated"
"ENSG00000184500.18","ENSG00000184500","PROS1","protein_coding",65.4726426486284,1.27043711858727,0.364343136753664,3.48692479816418,0.000488608728569452,0.00155181189884473,"Upregulated"
"ENSG00000250584.4","ENSG00000250584","LINC01511","lncRNA",9.98466732376064,-1.23995154468252,0.357180834137095,-3.47149518164402,0.000517568619932345,0.00163411861439206,"Downregulated"
"ENSG00000273297.5","ENSG00000273297","LINC03060","lncRNA",7.29993841523895,2.96238742608757,0.853797684830087,3.46965970829156,0.00052111814560768,0.00164460892119915,"Upregulated"
"ENSG00000197808.15","ENSG00000197808","ZNF461","protein_coding",11.7313439448089,-1.15848768878953,0.335406293985576,-3.45398315286043,0.000552371880985686,0.00173417965754865,"Downregulated"
"ENSG00000164236.13","ENSG00000164236","ANKRD33B","protein_coding",10.7282755011174,-1.41212569565227,0.410400311889584,-3.44084946999794,0.000579891046347182,0.00181350475694073,"Downregulated"
"ENSG00000294395.1","ENSG00000294395","ENSG00000294395","lncRNA",4.81584801017922,-2.74841203279646,0.801971553589278,-3.42706922769986,0.000610133502140133,0.00189662263256431,"Downregulated"
"ENSG00000171160.20","ENSG00000171160","MORN4","protein_coding",16.7202748204894,-1.22619333723061,0.357913854427532,-3.42594543927855,0.000612663437454047,0.00190367035497085,"Downregulated"
"ENSG00000115594.14","ENSG00000115594","IL1R1","protein_coding",27.6887677083739,1.55588843166191,0.454279220262309,3.42496060190363,0.000614888580956301,0.00190976539117418,"Upregulated"
"ENSG00000260942.2","ENSG00000260942","CAPN10-DT","lncRNA",18.0955567997442,-1.15294115929439,0.336724567959463,-3.42398882944943,0.000617091574653312,0.00191619693590653,"Downregulated"
"ENSG00000179841.9","ENSG00000179841","AKAP5","protein_coding",24.8630274681832,1.04524414836307,0.307252101318946,3.40191049589616,0.000669165493635515,0.00206199156575928,"Upregulated"
"ENSG00000185519.11","ENSG00000185519","FAM131C","protein_coding",30.6542662313904,1.18640119674481,0.350508943292503,3.38479579322672,0.000712312255420962,0.00218241632252866,"Upregulated"
"ENSG00000141337.14","ENSG00000141337","ARSG","protein_coding",6.745028887101,-1.81757915559852,0.54056171876127,-3.36238970040945,0.000772709892080131,0.0023490899425268,"Downregulated"
"ENSG00000262049.3","ENSG00000262049","ENSG00000262049","lncRNA",12.4999506971544,-1.30751728108172,0.389042721408701,-3.36085784190299,0.000777008062517213,0.00235918727047967,"Downregulated"
"ENSG00000262454.5","ENSG00000262454","MIR193BHG","lncRNA",8.35002171564491,1.84125308720387,0.549720488449094,3.34943507817678,0.000809765301896569,0.00244838697164304,"Upregulated"
"ENSG00000007237.21","ENSG00000007237","GAS7","protein_coding",71.9098488163796,-1.5266295978026,0.455828639601535,-3.34913049591862,0.000810656046338251,0.00245056892439173,"Downregulated"
"ENSG00000065923.12","ENSG00000065923","SLC9A7","protein_coding",90.8829689072716,1.4327288990406,0.429928300839224,3.33248333790519,0.000860746244061199,0.00259333359021516,"Upregulated"
"ENSG00000196557.15","ENSG00000196557","CACNA1H","protein_coding",86.1745949275349,-1.32032246732038,0.398351890263402,-3.31446266377032,0.000918194411999369,0.00274870345356225,"Downregulated"
"ENSG00000287331.2","ENSG00000287331","ENSG00000287331","lncRNA",11.893084969082,1.16821205808,0.35272926459724,3.31192269916678,0.000926571445726823,0.0027709189829701,"Upregulated"
"ENSG00000130813.20","ENSG00000130813","SHFL","protein_coding",58.6921628605066,1.1830297617024,0.357707821258122,3.30725159305008,0.000942162313378234,0.00281116249649524,"Upregulated"
"ENSG00000124256.17","ENSG00000124256","ZBP1","protein_coding",12.0093215210867,-1.34428821050565,0.407014719748225,-3.30279998555633,0.000957246389884872,0.00284854510928369,"Downregulated"
"ENSG00000172548.16","ENSG00000172548","NIPAL4","protein_coding",20.3872441413646,1.12257460515372,0.339976385220373,3.3019193507398,0.000960256757818437,0.00285574408666218,"Upregulated"
"ENSG00000248774.2","ENSG00000248774","ENSG00000248774","lncRNA",22.8222149881094,-1.04632277617097,0.317057602592611,-3.30010309677197,0.0009664931625871,0.00287193334267219,"Downregulated"
"ENSG00000231133.9","ENSG00000231133","HAR1B","lncRNA",19.9876682889125,1.70110681472624,0.515806769836919,3.29795364117472,0.000973922126026644,0.00289222939556929,"Upregulated"
"ENSG00000125434.13","ENSG00000125434","SLC25A35","protein_coding",16.0547929807688,1.52824632312085,0.465492622773289,3.28307313232149,0.00102682023790704,0.00302452822921725,"Upregulated"
"ENSG00000129535.15","ENSG00000129535","NRL","protein_coding",9.69813580579453,-1.87668927271078,0.573840968069369,-3.27039960047592,0.00107395657509549,0.00314737688296943,"Downregulated"
"ENSG00000258021.1","ENSG00000258021","ENSG00000258021","processed_pseudogene",11.9159561122157,1.29983144483696,0.398475039614733,3.26201472015339,0.00110623399021665,0.00323412204684682,"Upregulated"
"ENSG00000289337.1","ENSG00000289337","ENSG00000289337","lncRNA",30.5160612407367,2.43555509166289,0.747216746037456,3.25950282107409,0.00111607670584066,0.0032588630386491,"Upregulated"
"ENSG00000236935.4","ENSG00000236935","ENSG00000236935","lncRNA",15.5638265023172,1.08290036842295,0.332631937705931,3.25555139380604,0.00113172411882466,0.00329667254874512,"Upregulated"
"ENSG00000308682.1","ENSG00000308682","ENSG00000308682","lncRNA",18.5016245800503,-1.17957335407328,0.364026265541292,-3.24035231996051,0.00119382093396721,0.00345878708017849,"Downregulated"
"ENSG00000163734.4","ENSG00000163734","CXCL3","protein_coding",25.5558392961609,-2.0413590692767,0.631794326647652,-3.23105001608404,0.00123336355656575,0.00355841223606426,"Downregulated"
"ENSG00000135744.10","ENSG00000135744","AGT","protein_coding",9.77111780906254,1.79582619084027,0.556887483479039,3.22475588716991,0.00126080125772732,0.00362962491596829,"Upregulated"
"ENSG00000146054.20","ENSG00000146054","TRIM7","protein_coding",36.9305099812692,1.11048527255979,0.345251487328802,3.21645326179932,0.00129785671765696,0.00372004342410695,"Upregulated"
"ENSG00000181104.8","ENSG00000181104","F2R","protein_coding",14.8368867904799,1.86873453876965,0.582878437953591,3.20604506375381,0.00134572911751999,0.00384357634432395,"Upregulated"
"ENSG00000185156.6","ENSG00000185156","MFSD6L","protein_coding",8.35362499661178,-1.44010973998032,0.449183690518253,-3.20605972652029,0.00134566054517399,0.00384357634432395,"Downregulated"
"ENSG00000224043.10","ENSG00000224043","CCNT2-AS1","lncRNA",15.3035875657774,1.13075043502211,0.352985491214217,3.2033906864911,0.00135819590856747,0.00387460139900783,"Upregulated"
"ENSG00000233611.5","ENSG00000233611","GBX2-AS1","lncRNA",14.4028157778669,-1.03536532564698,0.324473742405473,-3.19090635184019,0.0014182724305414,0.00402932837941698,"Downregulated"
"ENSG00000115041.16","ENSG00000115041","KCNIP3","protein_coding",51.3444014518328,2.01936894440527,0.63305517163218,3.18987828375023,0.00142332726022897,0.0040428966395998,"Upregulated"
"ENSG00000233942.2","ENSG00000233942","ENSG00000233942","lncRNA",8.50819540157965,-1.31412138178708,0.412511998663888,-3.18565614101766,0.00144426144770612,0.00409433429189302,"Downregulated"
"ENSG00000164663.17","ENSG00000164663","USP49","protein_coding",32.0385656917385,-1.03161398299389,0.325267963565152,-3.17158189108671,0.00151611115354835,0.00427627147474166,"Downregulated"
"ENSG00000196839.16","ENSG00000196839","ADA","protein_coding",69.4877481882358,1.30745899288917,0.413552613190717,3.1615299992947,0.00156942651557745,0.00441205219471356,"Upregulated"
"ENSG00000235100.7","ENSG00000235100","ENSG00000235100","lncRNA",20.1871277590017,1.19006334321543,0.377815996535458,3.14984901149824,0.00163354862813078,0.00457280021612349,"Upregulated"
"ENSG00000231720.2","ENSG00000231720","ENSG00000231720","lncRNA",8.84005943297534,-1.34357680005148,0.42915605455474,-3.13074180310814,0.00174365388220503,0.00484359441458987,"Downregulated"
"ENSG00000123405.16","ENSG00000123405","NFE2","protein_coding",12.3132801326014,-1.32240627345463,0.42508346644774,-3.11093321155366,0.0018649711536386,0.00513922075651846,"Downregulated"
"ENSG00000070190.15","ENSG00000070190","DAPP1","protein_coding",34.0567958344672,1.4932550400821,0.482824397711502,3.09274975987099,0.00198311280338855,0.0054265994612362,"Upregulated"
"ENSG00000146122.19","ENSG00000146122","DAAM2","protein_coding",16.0016568097637,4.07816174358616,1.31883793262158,3.09223873738574,0.00198653014175729,0.00543477676891405,"Upregulated"
"ENSG00000228126.2","ENSG00000228126","FALEC","lncRNA",15.5391577823355,-1.15378359528075,0.373974982351927,-3.08518924989209,0.00203422671048021,0.00555388347556127,"Downregulated"
"ENSG00000178828.7","ENSG00000178828","RNF186","protein_coding",10.1923768728813,1.72934561417151,0.56063005484035,3.084646638618,0.00203794120486671,0.00556297682066837,"Upregulated"
"ENSG00000253210.5","ENSG00000253210","DENND3-AS1","lncRNA",17.4690095571345,-1.2581969768768,0.40932192767635,-3.07385676604077,0.0021131085966257,0.00574328015421975,"Downregulated"
"ENSG00000179292.6","ENSG00000179292","TMEM151A","protein_coding",11.1925233196303,1.54058417370282,0.501879284632377,3.06963092694947,0.00214323442581422,0.00581689536860911,"Upregulated"
"ENSG00000293106.2","ENSG00000293106","RPL23AP7","lncRNA",22.7296019449836,-1.09578562336584,0.357072902025567,-3.06880084472885,0.00214919812268439,0.00583017250382725,"Downregulated"
"ENSG00000251584.3","ENSG00000251584","ENSG00000251584","lncRNA",6.94045693717206,1.73427910642579,0.566844539034941,3.05953217680887,0.00221682972903693,0.00599371202112,"Upregulated"
"ENSG00000151164.20","ENSG00000151164","RAD9B","protein_coding",9.31622814062742,-1.33665473914275,0.437338673499197,-3.05633784556033,0.00224058636652279,0.00605229778632772,"Downregulated"
"ENSG00000172020.15","ENSG00000172020","GAP43","protein_coding",3.11213280519492,-2.32904786256969,0.763700312099708,-3.04968824245499,0.00229079023588058,0.00617754598034637,"Downregulated"
"ENSG00000286355.2","ENSG00000286355","ENSG00000286355","lncRNA",7.5871082817188,-1.44688958171299,0.475711343667473,-3.04152844150882,0.00235380326860689,0.00633803734088647,"Downregulated"
"ENSG00000226889.5","ENSG00000226889","ATF6-DT","lncRNA",13.1957559267512,-1.16080234847742,0.383705953560865,-3.02523934722657,0.00248436439142893,0.00664269534328194,"Downregulated"
"ENSG00000104327.9","ENSG00000104327","CALB1","protein_coding",36.1437933417111,3.7840568155611,1.25882755048053,3.00601684012765,0.00264694338110997,0.00703973269940276,"Upregulated"
"ENSG00000154102.12","ENSG00000154102","C16orf74","protein_coding",33.2789105394412,1.11769960617992,0.37289809846088,2.99733254418077,0.00272353440964431,0.00721562352185838,"Upregulated"
"ENSG00000145934.18","ENSG00000145934","TENM2","protein_coding",4.97000476743623,-1.6026549976911,0.535590075128904,-2.99231646013116,0.00276869094156494,0.00732722226536872,"Downregulated"
"ENSG00000007062.14","ENSG00000007062","PROM1","protein_coding",174.331789198993,1.47507851211859,0.493654374902934,2.98807948862731,0.00280736529388033,0.00741467793674389,"Upregulated"
"ENSG00000115295.23","ENSG00000115295","CLIP4","protein_coding",14.4586629555468,1.71040296161682,0.572542499502082,2.98738165831234,0.0028137820825787,0.00742392790447043,"Upregulated"
"ENSG00000005238.22","ENSG00000005238","ATOSB","protein_coding",32.7966553139059,1.14513424031745,0.383808621483753,2.98360739237829,0.00284872045606362,0.00750611942714071,"Upregulated"
"ENSG00000258483.5","ENSG00000258483","LINC02251","lncRNA",9.67156057468273,1.83440454739693,0.617855766279309,2.96898507307555,0.00298785110075462,0.0078255094917645,"Upregulated"
"ENSG00000213981.9","ENSG00000213981","ENSG00000213981","lncRNA",7.85716177671656,-1.3690543088037,0.461443834255638,-2.96689262521438,0.00300825996750028,0.00787068125095035,"Downregulated"
"ENSG00000272841.1","ENSG00000272841","MAP3K4-AS1","lncRNA",5.40295689640681,-1.54049753318423,0.519867006827819,-2.96325312618742,0.00304406132063576,0.00794713324782083,"Downregulated"
"ENSG00000291076.2","ENSG00000291076","AADACP1","lncRNA",4.24872692507255,-1.93116146850564,0.652066770140595,-2.96160080061932,0.00306044297029196,0.00798271049774496,"Downregulated"
"ENSG00000161653.13","ENSG00000161653","NAGS","protein_coding",23.7658717114093,-1.22421403111439,0.413417593218747,-2.96120448475118,0.00306438410008725,0.00799155198460759,"Downregulated"
"ENSG00000169860.7","ENSG00000169860","P2RY1","protein_coding",43.0994225295426,1.13566877016828,0.384910291543316,2.95047650093938,0.00317284179141588,0.0082432454717101,"Upregulated"
"ENSG00000127863.18","ENSG00000127863","TNFRSF19","protein_coding",88.7548987287634,-1.41179045182273,0.48076537047822,-2.9365477185231,0.00331887754624776,0.00858265049968283,"Downregulated"
"ENSG00000300175.1","ENSG00000300175","ENSG00000300175","lncRNA",5.19104576834567,-1.57407798083435,0.537116654610443,-2.93060728488486,0.00338300154980057,0.00872512163369102,"Downregulated"
"ENSG00000152977.11","ENSG00000152977","ZIC1","protein_coding",4.77598431675936,-1.59154348349834,0.543133019942544,-2.9303014640257,0.00338633306348122,0.00872917232270951,"Downregulated"
"ENSG00000144230.19","ENSG00000144230","GPR17","protein_coding",10.8294450882136,-1.92067124514628,0.658647351864417,-2.91608436549464,0.00354454641090436,0.00908517272494268,"Downregulated"
"ENSG00000238120.3","ENSG00000238120","LINC01589","lncRNA",11.8697276202001,1.01496856642519,0.348771121612169,2.91012788482479,0.00361280895135671,0.00923238006049399,"Upregulated"
"ENSG00000213742.9","ENSG00000213742","ZNF337-AS1","lncRNA",24.7190635290822,-1.05873609635193,0.363963142600482,-2.90891019565156,0.00362691027695641,0.0092618825962383,"Downregulated"
"ENSG00000214870.12","ENSG00000214870","LINC02981","lncRNA",7.45758643106247,-1.30339825456455,0.451119752674409,-2.88925112863604,0.00386160543573221,0.00978821120397712,"Downregulated"
"ENSG00000173567.17","ENSG00000173567","ADGRF3","protein_coding",7.43836629285783,1.72113274580079,0.598365052470856,2.87639249433709,0.00402249191334766,0.0101363159117083,"Upregulated"
"ENSG00000230438.10","ENSG00000230438","SERPINB9P1","lncRNA",10.4186027795224,1.75503200937812,0.61266205185578,2.86460048253691,0.00417535660510611,0.0104850576886497,"Upregulated"
"ENSG00000197332.10","ENSG00000197332","ZNF833P","lncRNA",6.58606417954202,-1.77423943069278,0.620074536958295,-2.86133250914658,0.00421864344174287,0.0105754334471091,"Downregulated"
"ENSG00000137709.11","ENSG00000137709","POU2F3","protein_coding",13.4269627286479,1.85968065613846,0.652436298772683,2.85036356750346,0.0043669280688739,0.0109037769769332,"Upregulated"
"ENSG00000152454.5","ENSG00000152454","ZNF256","protein_coding",7.78816837372389,-1.23502194916675,0.433322980784014,-2.8501187426806,0.00437029100449783,0.0109102940977059,"Downregulated"
"ENSG00000184060.14","ENSG00000184060","ADAP2","protein_coding",7.82433021615758,1.7542735121089,0.616596645445247,2.84509091164797,0.00443987492219514,0.0110592415559388,"Upregulated"
"ENSG00000295478.1","ENSG00000295478","ENSG00000295478","lncRNA",9.63526947093124,-1.23625079662091,0.434785120677244,-2.84336040454941,0.00446405597779111,0.0111042051545055,"Downregulated"
"ENSG00000141579.8","ENSG00000141579","ZNF750","protein_coding",5.02417656411876,1.67675375253334,0.592502851977573,2.8299505174311,0.00465552037976549,0.011527046188888,"Upregulated"
"ENSG00000243224.3","ENSG00000243224","TWF2-DT","lncRNA",5.76789643990606,-1.68410671425819,0.596395550523456,-2.82380831443167,0.00474567577296005,0.0117219539213851,"Downregulated"
"ENSG00000259411.1","ENSG00000259411","HNRNPA1P45","processed_pseudogene",10.0804846184502,-1.34769608582438,0.478099954861533,-2.81885842514816,0.00481947699197321,0.0118822491608839,"Downregulated"
"ENSG00000272913.3","ENSG00000272913","LINC03052","lncRNA",6.13209118077048,-1.40435048314457,0.499694870963971,-2.81041604536666,0.00494774954667487,0.0121674506075704,"Downregulated"
"ENSG00000301356.1","ENSG00000301356","ENSG00000301356","lncRNA",3.30576988083755,-1.85824807439475,0.66188396259105,-2.80751337004805,0.00499256073358563,0.0122589275078148,"Downregulated"
"ENSG00000253716.9","ENSG00000253716","MINCR","lncRNA",19.2011061658665,-1.20650054965446,0.429868993517735,-2.80667032944464,0.00500564409951333,0.0122889420094454,"Downregulated"
"ENSG00000136842.16","ENSG00000136842","TMOD1","protein_coding",21.8822626059212,1.93639151985364,0.690069363635926,2.80608243445402,0.00501478613345251,0.0123030778137792,"Upregulated"
"ENSG00000233028.1","ENSG00000233028","ENSG00000233028","processed_pseudogene",13.4001124400623,1.04590235830962,0.373271938187009,2.80198496407096,0.00507892407094063,0.0124456827250713,"Upregulated"
"ENSG00000162949.18","ENSG00000162949","CAPN13","protein_coding",55.1428585202085,1.31457227049138,0.469997672373891,2.79697612937457,0.00515833441997561,0.012606169041195,"Upregulated"
"ENSG00000183111.14","ENSG00000183111","ARHGEF37","protein_coding",53.3916340726551,1.33574299140866,0.478229953030504,2.79309771992357,0.00522059183375537,0.012738982464183,"Upregulated"
"ENSG00000142606.17","ENSG00000142606","MMEL1","protein_coding",9.94286005667265,1.15569685531673,0.413835294418787,2.79264932426766,0.00522783322574925,0.0127502118996227,"Upregulated"
"ENSG00000010310.11","ENSG00000010310","GIPR","protein_coding",15.5526086138225,3.31687194445856,1.18818214130787,2.79155175721423,0.00524559675635658,0.012780630160242,"Upregulated"
"ENSG00000122481.19","ENSG00000122481","RWDD3","protein_coding",10.5313281188811,-1.32644885530649,0.47542300477166,-2.79003927448478,0.00527016481720997,0.012823241862157,"Downregulated"
"ENSG00000144648.18","ENSG00000144648","ACKR2","protein_coding",8.70247303011644,1.31788044544397,0.472419902686469,2.78963785807858,0.00527670266735814,0.012832485074933,"Upregulated"
"ENSG00000233058.4","ENSG00000233058","ATP13A3-DT","lncRNA",6.62542482168087,-1.34710180085925,0.484143843575138,-2.7824412490958,0.00539516324911601,0.0130834514401254,"Downregulated"
"ENSG00000225032.5","ENSG00000225032","ENSG00000225032","lncRNA",9.05359021894686,-1.36770325792531,0.492892605613345,-2.77485042857027,0.00552271005535001,0.0133592245238078,"Downregulated"
"ENSG00000228436.5","ENSG00000228436","RRAGC-DT","lncRNA",7.22160472800851,1.27543902072844,0.460745292839249,2.76820846691414,0.00563653888409929,0.0135824279195821,"Upregulated"
"ENSG00000307961.1","ENSG00000307961","ENSG00000307961","lncRNA",5.56068549430875,-1.42060390981749,0.516084485149349,-2.75265765721747,0.00591136758323538,0.0141896419439287,"Downregulated"
"ENSG00000125531.9","ENSG00000125531","FNDC11","protein_coding",7.83482715630563,2.15800861008705,0.788029206950507,2.73848810558437,0.00617223930761418,0.0147409512270838,"Upregulated"
"ENSG00000225978.4","ENSG00000225978","HAR1A","lncRNA",10.5337323174468,1.37950536035804,0.508261952942355,2.71416216061819,0.00664436329477955,0.0157204454898853,"Upregulated"
"ENSG00000261587.4","ENSG00000261587","CATSPERQ","protein_coding",8.45779702588351,-1.50909016066438,0.5578705519693,-2.705090195812,0.00682858455365391,0.0161119907768727,"Downregulated"
"ENSG00000276122.1","ENSG00000276122","ENSG00000276122","lncRNA",31.0965215997538,-1.6710239885667,0.618046487846416,-2.70371892960574,0.00685682617863393,0.0161707282312063,"Downregulated"
"ENSG00000196549.15","ENSG00000196549","MME","protein_coding",1881.42003821457,1.68398363733651,0.626399058609834,2.68835595167363,0.00718048088155163,0.0168396452608043,"Upregulated"
"ENSG00000235663.1","ENSG00000235663","SAPCD1-AS1","lncRNA",11.5295321008124,1.70808669241494,0.635446283783158,2.68801114430282,0.00718789976969456,0.0168500555584622,"Upregulated"
"ENSG00000223552.4","ENSG00000223552","CCR5AS","lncRNA",12.1824228789517,2.23804956641701,0.833042781297181,2.6865961948941,0.0072184159704812,0.0169051849134152,"Upregulated"
"ENSG00000143627.20","ENSG00000143627","PKLR","protein_coding",22.5562947996849,1.13579327534647,0.423232249761103,2.68361703529819,0.00728304790955418,0.0170153039344284,"Upregulated"
"ENSG00000124126.16","ENSG00000124126","PREX1","protein_coding",9.72675981726486,-1.2708435388092,0.473756679544863,-2.68248152201273,0.00730781887764926,0.0170649228448103,"Downregulated"
"ENSG00000074706.16","ENSG00000074706","IPCEF1","protein_coding",7.43484253041116,1.18518216433262,0.442318315667757,2.67947792879294,0.00737370642231796,0.017197751959915,"Upregulated"
"ENSG00000182993.7","ENSG00000182993","C12orf60","protein_coding",8.0302926366221,-1.48708294935181,0.55795459872034,-2.66524006211691,0.00769333818195566,0.0178586988519784,"Downregulated"
"ENSG00000257315.5","ENSG00000257315","ZBED6","protein_coding",8.13459074633343,1.28411589036691,0.481914241467107,2.66461494571656,0.00770765202793484,0.0178833322428485,"Upregulated"
"ENSG00000182747.6","ENSG00000182747","SLC35D3","protein_coding",9.70556849937835,1.22463204503673,0.460035384407748,2.66203880515264,0.00776689238175569,0.0180121306443276,"Upregulated"
"ENSG00000182871.18","ENSG00000182871","COL18A1","protein_coding",6.20830006164363,1.31750688177495,0.494968158414332,2.66180128838122,0.00777237475308359,0.0180190777350324,"Upregulated"
"ENSG00000204860.5","ENSG00000204860","FAM201A","lncRNA",5.0691141257627,-1.33486957418287,0.501588227782498,-2.66128569261738,0.00778428768938589,0.0180438095320826,"Downregulated"
"ENSG00000285043.4","ENSG00000285043","ENSG00000285043","protein_coding",8.7680161229824,-1.4868160472824,0.559375031111676,-2.65799502049201,0.00786070544640934,0.0182063837828615,"Downregulated"
"ENSG00000258017.4","ENSG00000258017","TUBA1B-AS1","lncRNA",11.9194790753309,-1.05081852651527,0.395710159473935,-2.65552577146932,0.00791848827392061,0.0183255720322034,"Downregulated"
"ENSG00000306779.1","ENSG00000306779","ENSG00000306779","lncRNA",7.08123322447833,-1.26504943042876,0.477187204382716,-2.6510548036702,0.00802408202318976,0.0185462514641254,"Downregulated"
"ENSG00000180549.10","ENSG00000180549","FUT7","protein_coding",7.35550338708228,-1.69837005256064,0.642241543940779,-2.64444128316502,0.00818259019426062,0.018864476152597,"Downregulated"
"ENSG00000006468.17","ENSG00000006468","ETV1","protein_coding",5.22029609121729,-2.54143907494384,0.964828322526697,-2.63408423613469,0.00843645548963197,0.0193849869915564,"Downregulated"
"ENSG00000079150.20","ENSG00000079150","FKBP7","protein_coding",13.3943021869454,-1.22836561970081,0.467128588087267,-2.62960917192107,0.00854830798928296,0.0195984938112148,"Downregulated"
"ENSG00000298775.1","ENSG00000298775","ENSG00000298775","lncRNA",9.50861332468824,-1.26963476555409,0.48961841877545,-2.59311071002902,0.00951121479315542,0.0215436894001889,"Downregulated"
"ENSG00000279059.1","ENSG00000279059","ENSG00000279059","TEC",17.5881344309753,-1.00933919232773,0.390684334155323,-2.58351590807952,0.00977989568058695,0.022090125966812,"Downregulated"
"ENSG00000170484.11","ENSG00000170484","KRT74","protein_coding",4.83719719317641,-1.55271067205658,0.601925077333443,-2.5795746522726,0.00989220748609156,0.0223090368640584,"Downregulated"
"ENSG00000295250.1","ENSG00000295250","ENSG00000295250","lncRNA",5.64631413410574,-1.34522339493937,0.5239295467306,-2.56756543572274,0.0102415457646878,0.0230037943617258,"Downregulated"
"ENSG00000167525.17","ENSG00000167525","PROCA1","protein_coding",6.01005180971669,-1.25717057369265,0.489779003362041,-2.56681189896448,0.0102638272873091,0.0230466974043512,"Downregulated"
"ENSG00000244274.11","ENSG00000244274","DBNDD2","protein_coding",13.4134563526637,1.64924393752816,0.645117961198394,2.55649979805935,0.0105731132449737,0.0236641787098315,"Upregulated"
"ENSG00000164520.13","ENSG00000164520","RAET1E","protein_coding",4.33724948680225,1.3901026045827,0.544450313643041,2.55322215774145,0.0106731395138746,0.0238659370213039,"Upregulated"
"ENSG00000203709.15","ENSG00000203709","MIR29B2CHG","lncRNA",6.50627018258572,1.35872061634727,0.53520390661339,2.53869712002822,0.0111266102655782,0.0247995748952261,"Upregulated"
"ENSG00000136866.16","ENSG00000136866","ZFP37","protein_coding",10.8381588012642,-1.15150232994381,0.454696080822325,-2.5324659228672,0.0113263378497281,0.0251827689656734,"Downregulated"
"ENSG00000303889.1","ENSG00000303889","ENSG00000303889","lncRNA",61.7542205120384,-1.67144489236936,0.660106348305892,-2.53208425681557,0.0113386741496685,0.025206330077772,"Downregulated"
"ENSG00000095585.20","ENSG00000095585","BLNK","protein_coding",10.2020795076744,1.41305484358274,0.559846755836554,2.52400291481778,0.0116026966578476,0.0257143722228975,"Upregulated"
"ENSG00000257831.2","ENSG00000257831","ENSG00000257831","lncRNA",6.05401220472695,-1.39400891436392,0.553142359190774,-2.52016301265248,0.0117300496721284,0.0259608857435071,"Downregulated"
"ENSG00000294714.1","ENSG00000294714","ENSG00000294714","lncRNA",6.45727884666229,1.27346495545648,0.506441129951442,2.51453699184856,0.0119188798074421,0.0262944749839322,"Upregulated"
"ENSG00000099338.24","ENSG00000099338","CATSPERG","protein_coding",8.38277634347252,-1.81389530964939,0.721695797258371,-2.51337934423361,0.011958067448425,0.026368885189071,"Downregulated"
"ENSG00000122548.6","ENSG00000122548","KIAA0087","lncRNA",4.97079588951206,-1.30035479198705,0.522668799389842,-2.48791355731407,0.0128494960903149,0.0280824758469074,"Downregulated"
"ENSG00000016082.17","ENSG00000016082","ISL1","protein_coding",7.22410107657464,-1.15756546090788,0.465868959814445,-2.48474476893446,0.0129644348015851,0.0283032216421327,"Downregulated"
"ENSG00000154319.18","ENSG00000154319","FAM167A","protein_coding",22.9539567081271,-2.82593680706663,1.13908405468645,-2.48088523005837,0.0131056563164504,0.0285604768929322,"Downregulated"
"ENSG00000267288.3","ENSG00000267288","HEXIM2-AS2","lncRNA",9.74757280122661,-1.02179131633142,0.416001844493377,-2.45621823522392,0.0140407861118323,0.0303654786349312,"Downregulated"
"ENSG00000295277.1","ENSG00000295277","ENSG00000295277","lncRNA",5.27420719651276,-1.55148027003774,0.631717734956247,-2.45597073532405,0.0140504598883939,0.0303796515764879,"Downregulated"
"ENSG00000230337.5","ENSG00000230337","EXOSC10-AS1","lncRNA",5.52840297251065,-1.54974099986671,0.631238663819073,-2.4550793363806,0.0140853498546578,0.0304436823405966,"Downregulated"
"ENSG00000289326.3","ENSG00000289326","ENSG00000289326","lncRNA",9.2496434980934,-1.08507754591867,0.442030619809778,-2.45475651977598,0.014098003964192,0.0304664887338309,"Downregulated"
"ENSG00000154016.16","ENSG00000154016","GRAP","protein_coding",7.78750756872137,-1.34601848429025,0.549344324495629,-2.45022734243422,0.0142766042372314,0.030820281335611,"Downregulated"
"ENSG00000258733.8","ENSG00000258733","LINC02328","lncRNA",4.07055721016215,1.40980763856029,0.576160541417928,2.44690071119892,0.0144090526833661,0.0310645628514343,"Upregulated"
"ENSG00000300168.1","ENSG00000300168","ENSG00000300168","lncRNA",7.61168098674671,-1.0575195163075,0.438742857026248,-2.41034013288616,0.0159376543958115,0.0339210585260831,"Downregulated"
"ENSG00000232347.2","ENSG00000232347","ENSG00000232347","lncRNA",14.7049555520495,-1.00361070753023,0.416524433591371,-2.40948819947215,0.0159749126690221,0.0339853837932279,"Downregulated"
"ENSG00000272549.2","ENSG00000272549","LINC02538","lncRNA",10.2739136904042,-1.28630996602892,0.534314342909659,-2.40740302613664,0.0160664284701641,0.0341650302846102,"Downregulated"
"ENSG00000225528.4","ENSG00000225528","TMA7B","protein_coding",11.0300427256247,-1.87453974097124,0.780779142816699,-2.40085785873934,0.0163566886931984,0.0347109580526917,"Downregulated"
"ENSG00000240694.11","ENSG00000240694","PNMA2","protein_coding",311.249663446698,1.64719086558274,0.686689937001681,2.39874035838493,0.0164515753648617,0.0348663688487241,"Upregulated"
"ENSG00000286532.3","ENSG00000286532","PARTICL","lncRNA",13.0786899025212,-1.0485170286764,0.438766767183065,-2.38969107758092,0.0168625497569791,0.0356435342879435,"Downregulated"
"ENSG00000129437.13","ENSG00000129437","KLK14","protein_coding",6.86324641800254,-1.15614268674438,0.485990388047477,-2.3789414671128,0.0173624327005479,0.0365455881911895,"Downregulated"
"ENSG00000119922.12","ENSG00000119922","IFIT2","protein_coding",13.6772121239729,1.1798634587761,0.49804328615064,2.36899781923621,0.0178363586260696,0.037390122994018,"Upregulated"
"ENSG00000143479.19","ENSG00000143479","DYRK3","protein_coding",17.0104670141245,2.63745310368899,1.11418138610068,2.36716672580515,0.0179248558370425,0.0375469958386061,"Upregulated"
"ENSG00000310238.1","ENSG00000310238","ENSG00000310238","lncRNA",7.83443320615961,1.01098990572068,0.427758273840981,2.36346078508937,0.0181051426712067,0.0378723625275878,"Upregulated"
"ENSG00000149591.19","ENSG00000149591","TAGLN","protein_coding",46.1308571015324,-1.00971079353886,0.431112205543985,-2.34210671967589,0.0191752310750693,0.0398519215172672,"Downregulated"
"ENSG00000185924.8","ENSG00000185924","RTN4RL1","protein_coding",179.144153978613,2.82320743563676,1.2125095183466,2.32840022525064,0.0198908617108888,0.0411092937698517,"Upregulated"
"ENSG00000232671.9","ENSG00000232671","ZNF687-AS1","lncRNA",8.20400576656249,-1.29700436262025,0.558934797913631,-2.32049313705579,0.0203142157525437,0.0418767588457842,"Downregulated"
"ENSG00000138735.18","ENSG00000138735","PDE5A","protein_coding",77.9877309474078,1.34940017515783,0.582678490187686,2.31585719720523,0.0205660670292261,0.0423297036482807,"Upregulated"
"ENSG00000178460.20","ENSG00000178460","MCMDC2","protein_coding",4.84122740337781,-1.20787366665118,0.522018767550743,-2.31385103703914,0.0206758946876239,0.0425255557497935,"Downregulated"
"ENSG00000105088.11","ENSG00000105088","OLFM2","protein_coding",4.65526335175054,2.78286244315639,1.20318068311527,2.31292147738859,0.0207269567497067,0.0425943076030558,"Upregulated"
"ENSG00000008311.18","ENSG00000008311","AASS","protein_coding",19.6027584086993,-2.16142487603508,0.937100199539705,-2.30650348500272,0.0210825156254351,0.0432207973466975,"Downregulated"
"ENSG00000236449.3","ENSG00000236449","ENSG00000236449","lncRNA",7.04764931469148,-1.06166805270723,0.460314455985835,-2.30639737445026,0.0210884385678526,0.0432268248550664,"Downregulated"
"ENSG00000289189.3","ENSG00000289189","ENSG00000289189","lncRNA",12.2742291967792,1.28305860653348,0.557594387643927,2.30106083376296,0.0213881927591303,0.0437546145490282,"Upregulated"
"ENSG00000262655.6","ENSG00000262655","SPON1","protein_coding",221.865303184994,1.73789789589904,0.755522385931263,2.30025996351768,0.0214334964529383,0.0438163676958643,"Upregulated"
"ENSG00000118777.14","ENSG00000118777","ABCG2","protein_coding",15.0488308249405,2.82596248090069,1.22982245402872,2.29786216021935,0.0215696355445819,0.044038765611733,"Upregulated"
"ENSG00000272235.1","ENSG00000272235","ENSG00000272235","lncRNA",120.163176486569,-1.1231906870991,0.496489796029813,-2.26226338603674,0.0236811351418394,0.0477178824354195,"Downregulated"
"ENSG00000186188.13","ENSG00000186188","FFAR4","protein_coding",5.45464421859042,2.81978127013265,1.25454119377612,2.24765937071003,0.024597918625124,0.0493280341910482,"Upregulated"
