"gene_id","ensembl_gene_id","gene_symbol","gene_type","HT55_baseMean","HT55_log2FC","HT55_pvalue","HT55_padj","HT55_status","SW948_baseMean","SW948_log2FC","SW948_pvalue","SW948_padj","SW948_status","shared_response","joint_padj"
"ENSG00000102317.20","ENSG00000102317","RBM3","protein_coding",554.014980794727,-1.43554364216086,5.49730691493574e-39,1.22564572017306e-36,"Downregulated",554.014980794727,-2.16521351851445,6.86514260283106e-94,1.77660083214692e-91,"Downregulated","Shared_downregulated",1.22564572017306e-36
"ENSG00000167703.17","ENSG00000167703","SLC43A2","protein_coding",283.109405488365,-1.64156645139156,1.52652525205362e-47,6.32068684364602e-45,"Downregulated",283.109405488365,-1.69711076577322,1.32062071853721e-34,1.93708860860742e-33,"Downregulated","Shared_downregulated",1.93708860860742e-33
"ENSG00000241186.12","ENSG00000241186","CRIPTO","protein_coding",484.652539589269,-1.63159605481092,1.0578694866436e-30,1.20218493679928e-28,"Downregulated",484.652539589269,-2.02020123009468,5.16640458489016e-44,1.30894292385014e-42,"Downregulated","Shared_downregulated",1.20218493679928e-28
"ENSG00000106028.13","ENSG00000106028","SSBP1","protein_coding",549.464221526951,-1.05443868775934,2.69590479420056e-29,2.71312863038573e-27,"Downregulated",549.464221526951,-2.08372175403375,2.62728105082674e-94,6.92264672519656e-92,"Downregulated","Shared_downregulated",2.71312863038573e-27
"ENSG00000153132.15","ENSG00000153132","CLGN","protein_coding",71.1114063798095,-2.78553086498797,3.1372322596468e-29,3.13550137288286e-27,"Downregulated",71.1114063798095,-2.86121102666023,1.20565152329713e-33,1.67039214872103e-32,"Downregulated","Shared_downregulated",3.13550137288286e-27
"ENSG00000163808.19","ENSG00000163808","KIF15","protein_coding",208.24828348449,-1.09827009150124,1.38954263491593e-28,1.2664938280001e-26,"Downregulated",208.24828348449,-1.31507792384159,7.42400543756703e-31,8.69052397425052e-30,"Downregulated","Shared_downregulated",1.2664938280001e-26
"ENSG00000198830.15","ENSG00000198830","HMGN2","protein_coding",634.490818518037,-1.4570878401068,1.10741059290963e-44,3.4888248505318e-42,"Downregulated",634.490818518037,-1.1898236616357,9.52807665201233e-26,8.07018625604691e-25,"Downregulated","Shared_downregulated",8.07018625604691e-25
"ENSG00000106541.14","ENSG00000106541","AGR2","protein_coding",1291.7001126553,-1.69877764481752,1.01615809277631e-25,7.21870739240897e-24,"Downregulated",1291.7001126553,-3.86646045076193,3.42823315841508e-164,4.96819549317513e-161,"Downregulated","Shared_downregulated",7.21870739240897e-24
"ENSG00000078081.10","ENSG00000078081","LAMP3","protein_coding",649.769884236458,-1.96111286460961,2.79865810857673e-25,1.92218736063952e-23,"Downregulated",649.769884236458,-2.91923404548941,6.38850627031534e-54,2.76191284154005e-52,"Downregulated","Shared_downregulated",1.92218736063952e-23
"ENSG00000055732.15","ENSG00000055732","MCOLN3","protein_coding",95.6276626211968,-2.15207192698564,1.85439966851567e-24,1.18387488969731e-22,"Downregulated",95.6276626211968,-2.12016998068011,6.65677898933083e-27,6.0293775695864e-26,"Downregulated","Shared_downregulated",1.18387488969731e-22
"ENSG00000139292.15","ENSG00000139292","LGR5","protein_coding",132.739204692498,-1.7615393025107,1.98527341890836e-24,1.25089488638348e-22,"Downregulated",132.739204692498,-2.65566651914655,3.40239501049222e-38,6.10241441733332e-37,"Downregulated","Shared_downregulated",1.25089488638348e-22
"ENSG00000198677.15","ENSG00000198677","SKIC3","protein_coding",954.36221392307,-1.0005154749537,3.37186601715304e-24,2.05315471935218e-22,"Downregulated",954.36221392307,-1.33940952196876,2.02915536414592e-42,4.60917234125433e-41,"Downregulated","Shared_downregulated",2.05315471935218e-22
"ENSG00000115425.16","ENSG00000115425","PECR","protein_coding",295.34945864863,-1.63322422342614,1.50893039840358e-27,1.25674823756693e-25,"Downregulated",295.34945864863,-1.47756421273364,8.45457037911061e-23,5.95932071663769e-22,"Downregulated","Shared_downregulated",5.95932071663769e-22
"ENSG00000101361.19","ENSG00000101361","NOP56","protein_coding",853.815566927126,-1.10513996471249,1.32386105305521e-23,7.70497766300245e-22,"Downregulated",853.815566927126,-1.65782487154438,1.80253680129407e-52,7.09846829466131e-51,"Downregulated","Shared_downregulated",7.70497766300245e-22
"ENSG00000075643.8","ENSG00000075643","MOCOS","protein_coding",493.178046369918,-1.0950991168714,2.30207553965878e-23,1.29811979458113e-21,"Downregulated",493.178046369918,-1.87822725077846,2.11661654360997e-61,1.44009422300449e-59,"Downregulated","Shared_downregulated",1.29811979458113e-21
"ENSG00000101003.13","ENSG00000101003","GINS1","protein_coding",301.592565496538,-1.10120870416758,1.54530445295439e-22,7.96959150612633e-21,"Downregulated",301.592565496538,-1.14430241258155,8.48296074769922e-25,6.72879404245523e-24,"Downregulated","Shared_downregulated",7.96959150612633e-21
"ENSG00000187866.10","ENSG00000187866","PABIR1","protein_coding",260.809948834838,-1.02358753731376,1.1705878161728e-21,5.43723033076162e-20,"Downregulated",260.809948834838,-1.99044625537463,6.62536665332523e-52,2.54007443227485e-50,"Downregulated","Shared_downregulated",5.43723033076162e-20
"ENSG00000085982.18","ENSG00000085982","USP40","protein_coding",433.851164661783,-1.46733759121862,7.0095757915761e-21,2.96159686214346e-19,"Downregulated",433.851164661783,-3.01455346906507,3.5736414832076e-79,4.93230594044234e-77,"Downregulated","Shared_downregulated",2.96159686214346e-19
"ENSG00000160180.19","ENSG00000160180","TFF3","protein_coding",210.779349532233,-1.40668007642515,5.01746101369722e-20,1.9287279843634e-18,"Downregulated",210.779349532233,-2.870634657393,8.01172102566751e-39,1.48283347514653e-37,"Downregulated","Shared_downregulated",1.9287279843634e-18
"ENSG00000187189.11","ENSG00000187189","TSPYL4","protein_coding",175.442781611607,-1.17101036536632,5.33538490404864e-20,2.04011604299401e-18,"Downregulated",175.442781611607,-2.1334211527269,2.37331097266679e-38,4.31002789672771e-37,"Downregulated","Shared_downregulated",2.04011604299401e-18
"ENSG00000140105.20","ENSG00000140105","WARS1","protein_coding",1548.27028680232,-1.32244797218661,6.00390377120672e-20,2.27865591091685e-18,"Downregulated",1548.27028680232,-1.98775243801502,8.70385088533158e-44,2.1635713041205e-42,"Downregulated","Shared_downregulated",2.27865591091685e-18
"ENSG00000143748.20","ENSG00000143748","NVL","protein_coding",200.719782395561,-1.09339920570163,3.87757117997106e-20,1.50653516193406e-18,"Downregulated",200.719782395561,-1.13474854409094,1.46017140559992e-18,7.88993438104178e-18,"Downregulated","Shared_downregulated",7.88993438104178e-18
"ENSG00000276234.7","ENSG00000276234","TADA2A","protein_coding",122.897355441431,-1.27651571712658,1.10146165834572e-18,3.62781417107866e-17,"Downregulated",122.897355441431,-2.42793361130609,3.35616820160872e-44,8.6236860953393e-43,"Downregulated","Shared_downregulated",3.62781417107866e-17
"ENSG00000012048.28","ENSG00000012048","BRCA1","protein_coding",554.067782711734,-1.14839643705041,1.37258228324546e-18,4.46999156152655e-17,"Downregulated",554.067782711734,-2.93431317997575,4.92090541420442e-98,1.48570335963855e-95,"Downregulated","Shared_downregulated",4.46999156152655e-17
"ENSG00000170006.15","ENSG00000170006","TMEM154","protein_coding",134.878888780426,-1.90647724027014,2.9082043804082e-18,9.00549100018709e-17,"Downregulated",134.878888780426,-3.89188449413677,4.60719509592059e-22,3.10546378279447e-21,"Downregulated","Shared_downregulated",9.00549100018709e-17
"ENSG00000139410.17","ENSG00000139410","SDSL","protein_coding",55.1802919625884,-1.6432881173224,3.94643805480823e-18,1.20150798929161e-16,"Downregulated",55.1802919625884,-4.83723912364848,1.58705471984085e-17,8.03058554466953e-17,"Downregulated","Shared_downregulated",1.20150798929161e-16
"ENSG00000100889.14","ENSG00000100889","PCK2","protein_coding",1070.99980933036,-1.03470669805122,1.05401100789098e-17,3.1109424697263e-16,"Downregulated",1070.99980933036,-1.91240111099005,1.70766191992522e-52,6.74317072031505e-51,"Downregulated","Shared_downregulated",3.1109424697263e-16
"ENSG00000198131.17","ENSG00000198131","ZNF544","protein_coding",151.355455143301,-1.10017308536778,1.0765537559654e-17,3.17101972183954e-16,"Downregulated",151.355455143301,-2.77641811706805,9.04154257577954e-54,3.86519277310316e-52,"Downregulated","Shared_downregulated",3.17101972183954e-16
"ENSG00000106804.12","ENSG00000106804","C5","protein_coding",149.955928594673,-1.51949027745352,1.12290168649928e-17,3.29414802444283e-16,"Downregulated",149.955928594673,-3.24947948100457,1.11323196384936e-40,2.29814211112605e-39,"Downregulated","Shared_downregulated",3.29414802444283e-16
"ENSG00000166004.16","ENSG00000166004","CEP295","protein_coding",189.473936035696,-1.09053610214305,1.36346290996523e-17,3.95978045916156e-16,"Downregulated",189.473936035696,-1.30474707906903,9.79899740332204e-26,8.28996324395464e-25,"Downregulated","Shared_downregulated",3.95978045916156e-16
"ENSG00000214039.11","ENSG00000214039","LINC02418","lncRNA",201.213160343503,-2.10322768177799,2.90651979583905e-48,1.27640257216059e-45,"Downregulated",201.213160343503,-4.58260774275175,7.33291467182513e-16,3.30848690610491e-15,"Downregulated","Shared_downregulated",3.30848690610491e-15
"ENSG00000135842.19","ENSG00000135842","NIBAN1","protein_coding",245.611900733513,-2.49612713354824,5.73738252615793e-16,1.43603018254025e-14,"Downregulated",245.611900733513,-4.86863153503433,2.49613414484798e-31,3.02457993537934e-30,"Downregulated","Shared_downregulated",1.43603018254025e-14
"ENSG00000186141.12","ENSG00000186141","POLR3C","protein_coding",326.824953060943,-1.15533914824972,1.01963717202865e-15,2.48345914235954e-14,"Downregulated",326.824953060943,-1.84070198519049,4.89184817483879e-34,6.9298791544246e-33,"Downregulated","Shared_downregulated",2.48345914235954e-14
"ENSG00000142765.20","ENSG00000142765","SYTL1","protein_coding",136.398063293263,-1.09893915942143,9.85187522620902e-17,2.69383727883436e-15,"Downregulated",136.398063293263,-1.16662781286779,8.7848055311013e-15,3.67627495687901e-14,"Downregulated","Shared_downregulated",3.67627495687901e-14
"ENSG00000254166.5","ENSG00000254166","CASC19","lncRNA",364.054009768,-1.08665756297954,1.78846266454816e-15,4.22123793723648e-14,"Downregulated",364.054009768,-3.0629657999057,6.384506768297e-87,1.34093147950957e-84,"Downregulated","Shared_downregulated",4.22123793723648e-14
"ENSG00000132434.12","ENSG00000132434","LANCL2","protein_coding",112.151821761816,-1.18224109177751,2.88411807913954e-15,6.61339227893833e-14,"Downregulated",112.151821761816,-2.69287106016338,1.73162039196995e-48,5.72937048411608e-47,"Downregulated","Shared_downregulated",6.61339227893833e-14
"ENSG00000011143.21","ENSG00000011143","MKS1","protein_coding",85.221339689252,-1.32374683132898,3.23328035867419e-15,7.35583971081732e-14,"Downregulated",85.221339689252,-2.28233486452921,4.3614245053596e-30,4.86572470605629e-29,"Downregulated","Shared_downregulated",7.35583971081732e-14
"ENSG00000256537.6","ENSG00000256537","SMIM10L1","protein_coding",219.547328511768,-1.00456315517522,3.36652684953028e-15,7.62307923490514e-14,"Downregulated",219.547328511768,-2.13614383448601,4.99671697785058e-38,8.86320960134768e-37,"Downregulated","Shared_downregulated",7.62307923490514e-14
"ENSG00000110274.18","ENSG00000110274","CEP164","protein_coding",199.504413831197,-1.19356474310152,5.74563256277109e-15,1.26929431554388e-13,"Downregulated",199.504413831197,-1.143794569086,1.08566744410501e-19,6.30600905810412e-19,"Downregulated","Shared_downregulated",1.26929431554388e-13
"ENSG00000096872.19","ENSG00000096872","IFT74","protein_coding",87.3933285903674,-1.10463491082522,8.87185307514065e-15,1.92759962166324e-13,"Downregulated",87.3933285903674,-1.65730018952649,2.88785895002312e-22,1.96945185429341e-21,"Downregulated","Shared_downregulated",1.92759962166324e-13
"ENSG00000006757.14","ENSG00000006757","PNPLA4","protein_coding",139.520559097328,-1.11040934976016,1.41156846302414e-14,2.98198982013787e-13,"Downregulated",139.520559097328,-1.15948776038796,4.66163261065185e-14,1.85289028506765e-13,"Downregulated","Shared_downregulated",2.98198982013787e-13
"ENSG00000135749.22","ENSG00000135749","PCNX2","protein_coding",82.3686709822808,-1.2161373426752,1.5634926577531e-14,3.28378776755913e-13,"Downregulated",82.3686709822808,-2.87590330893061,9.54292399639289e-30,1.04532165197072e-28,"Downregulated","Shared_downregulated",3.28378776755913e-13
"ENSG00000146243.15","ENSG00000146243","IRAK1BP1","protein_coding",120.304243176374,-1.46282382399235,1.70505678595417e-14,3.5604730464046e-13,"Downregulated",120.304243176374,-2.03976808763388,1.6696655033901e-25,1.39382445133234e-24,"Downregulated","Shared_downregulated",3.5604730464046e-13
"ENSG00000168306.15","ENSG00000168306","ACOX2","protein_coding",111.168049816243,-1.89699604128783,4.71424614691701e-17,1.31130240232478e-15,"Downregulated",111.168049816243,-3.73038576791299,3.23133034411354e-13,1.20536523415427e-12,"Downregulated","Shared_downregulated",1.20536523415427e-12
"ENSG00000177788.7","ENSG00000177788","RAB4A-AS1","lncRNA",118.646824953033,-1.14158083335583,6.25852496807e-14,1.20609765741051e-12,"Downregulated",118.646824953033,-2.85861888355156,5.3265027913186e-38,9.41361932338892e-37,"Downregulated","Shared_downregulated",1.20609765741051e-12
"ENSG00000174371.19","ENSG00000174371","EXO1","protein_coding",141.604501608992,-1.10332279709577,1.04869777605082e-13,1.95343549749723e-12,"Downregulated",141.604501608992,-2.62006963125494,1.9888717106802e-37,3.39684316812998e-36,"Downregulated","Shared_downregulated",1.95343549749723e-12
"ENSG00000176623.14","ENSG00000176623","RMDN1","protein_coding",227.041866720571,-1.02837151695944,1.53800343798292e-13,2.8142355837435e-12,"Downregulated",227.041866720571,-1.78635014410435,5.70538311934282e-35,8.60378898704642e-34,"Downregulated","Shared_downregulated",2.8142355837435e-12
"ENSG00000196584.5","ENSG00000196584","XRCC2","protein_coding",102.989718208099,-1.05863669130328,1.55092667734682e-13,2.83430383456622e-12,"Downregulated",102.989718208099,-3.9233910960159,6.78681631315527e-44,1.71349376324471e-42,"Downregulated","Shared_downregulated",2.83430383456622e-12
"ENSG00000150556.19","ENSG00000150556","LYPD6B","protein_coding",109.130856495514,-1.18613275385186,1.55878475241736e-13,2.83884907745334e-12,"Downregulated",109.130856495514,-2.63947139267632,2.40097961942837e-36,3.89205779024116e-35,"Downregulated","Shared_downregulated",2.83884907745334e-12
"ENSG00000133111.5","ENSG00000133111","RFXAP","protein_coding",68.6179205608351,-1.37671417848077,1.80718849806794e-13,3.26963492059932e-12,"Downregulated",68.6179205608351,-2.85318798522776,2.78729045688557e-30,3.14835645371674e-29,"Downregulated","Shared_downregulated",3.26963492059932e-12
"ENSG00000271122.2","ENSG00000271122","HERPUD2-AS1","lncRNA",36.9649704226832,-1.71225087323969,7.64318556039145e-15,1.67318799306938e-13,"Downregulated",36.9649704226832,-4.38525529550866,1.21146163060195e-12,4.32745919415418e-12,"Downregulated","Shared_downregulated",4.32745919415418e-12
"ENSG00000132837.17","ENSG00000132837","DMGDH","protein_coding",54.031922303546,-2.07437198500892,2.98804787588252e-13,5.27439583645427e-12,"Downregulated",54.031922303546,-3.39306827939646,1.44246065124569e-31,1.77153726761462e-30,"Downregulated","Shared_downregulated",5.27439583645427e-12
"ENSG00000197557.7","ENSG00000197557","IFT70A","protein_coding",51.9956273639534,-1.82914678138867,3.12071298423497e-13,5.50187014203566e-12,"Downregulated",51.9956273639534,-5.84207229957319,1.241154795306e-27,1.18178812704169e-26,"Downregulated","Shared_downregulated",5.50187014203566e-12
"ENSG00000164199.19","ENSG00000164199","ADGRV1","protein_coding",74.6768031551388,-1.77000566373107,1.78359933799317e-19,6.54377762182204e-18,"Downregulated",74.6768031551388,-2.61004629091561,1.75295355408969e-12,6.20816297797356e-12,"Downregulated","Shared_downregulated",6.20816297797356e-12
"ENSG00000275202.1","ENSG00000275202","ENSG00000275202","lncRNA",40.9752329392746,-1.50383499485845,5.01535773831061e-13,8.49095377845763e-12,"Downregulated",40.9752329392746,-3.01225728867614,2.77113185474684e-20,1.66428689759599e-19,"Downregulated","Shared_downregulated",8.49095377845763e-12
"ENSG00000005189.22","ENSG00000005189","REXO5","protein_coding",61.2434211979215,-1.20115199900968,5.7661835847016e-13,9.68291222589752e-12,"Downregulated",61.2434211979215,-2.12213891011283,5.6435601533739e-18,2.92617079580302e-17,"Downregulated","Shared_downregulated",9.68291222589752e-12
"ENSG00000101935.14","ENSG00000101935","AMMECR1","protein_coding",217.523438427196,-1.00924587103725,7.25784292674521e-13,1.19659453577237e-11,"Downregulated",217.523438427196,-2.15486945716841,3.60587520425544e-36,5.81919192205678e-35,"Downregulated","Shared_downregulated",1.19659453577237e-11
"ENSG00000115392.15","ENSG00000115392","FANCL","protein_coding",282.359261469038,-1.04398434341654,7.88660723753884e-13,1.29290398287797e-11,"Downregulated",282.359261469038,-1.60244841007489,7.54431846771501e-26,6.44267903559965e-25,"Downregulated","Shared_downregulated",1.29290398287797e-11
"ENSG00000143633.15","ENSG00000143633","FSAF1","protein_coding",104.573329226005,-1.0287245537484,1.22940546213097e-12,1.95142869191698e-11,"Downregulated",104.573329226005,-1.05069686922782,4.03388691211694e-14,1.60911338096336e-13,"Downregulated","Shared_downregulated",1.95142869191698e-11
"ENSG00000146233.10","ENSG00000146233","CYP39A1","protein_coding",81.0534546872021,-1.18817712730956,1.97610996907033e-12,3.02086346748599e-11,"Downregulated",81.0534546872021,-2.91649506546192,1.64547980308281e-23,1.21789036293545e-22,"Downregulated","Shared_downregulated",3.02086346748599e-11
"ENSG00000163827.16","ENSG00000163827","LRRC2","protein_coding",118.151440082679,-1.00790955053621,2.1414214680936e-12,3.25981931886686e-11,"Downregulated",118.151440082679,-2.14847152653717,1.2002915071024e-48,4.00797800021383e-47,"Downregulated","Shared_downregulated",3.25981931886686e-11
"ENSG00000147251.18","ENSG00000147251","DOCK11","protein_coding",137.39169705557,-1.8075667552572,1.3881375570385e-17,4.02337789532039e-16,"Downregulated",137.39169705557,-1.26392141933771,1.02056782057165e-11,3.42283472708269e-11,"Downregulated","Shared_downregulated",3.42283472708269e-11
"ENSG00000122483.20","ENSG00000122483","CCDC18","protein_coding",64.5052920060705,-1.31543670602331,2.31178956198918e-12,3.48983899295283e-11,"Downregulated",64.5052920060705,-1.96661545206711,1.36396507492066e-15,6.03375514827542e-15,"Downregulated","Shared_downregulated",3.48983899295283e-11
"ENSG00000198056.18","ENSG00000198056","PRIM1","protein_coding",112.2437502713,-1.08028288866818,3.96204838892098e-12,5.7574222959334e-11,"Downregulated",112.2437502713,-1.88886014685985,1.88553853350778e-20,1.14571171604171e-19,"Downregulated","Shared_downregulated",5.7574222959334e-11
"ENSG00000236144.10","ENSG00000236144","TMEM147-AS1","lncRNA",82.8297973182731,-1.70870694337476,6.83183620133163e-12,9.61232720676679e-11,"Downregulated",82.8297973182731,-1.67058845072331,2.08629938967187e-15,9.12606421826888e-15,"Downregulated","Shared_downregulated",9.61232720676679e-11
"ENSG00000234771.3","ENSG00000234771","SLC25A25-AS1","lncRNA",178.033245036561,-1.13960723131454,7.26653571278738e-12,1.01549311041191e-10,"Downregulated",178.033245036561,-1.54801126202783,6.5192233130699e-17,3.1460734016986e-16,"Downregulated","Shared_downregulated",1.01549311041191e-10
"ENSG00000186472.22","ENSG00000186472","PCLO","protein_coding",40.2093986397825,-1.50940542794873,2.27214298245569e-13,4.06517235824048e-12,"Downregulated",40.2093986397825,-3.56616514785144,6.15010875388618e-11,1.94304286159404e-10,"Downregulated","Shared_downregulated",1.94304286159404e-10
"ENSG00000260852.2","ENSG00000260852","FBXL19-AS1","lncRNA",32.204390652085,-2.20538737116103,1.58793705763415e-11,2.14068686876597e-10,"Downregulated",32.204390652085,-3.80764311090676,1.65846706340025e-21,1.08117429972094e-20,"Downregulated","Shared_downregulated",2.14068686876597e-10
"ENSG00000261373.1","ENSG00000261373","VPS9D1-AS1","lncRNA",109.590628533946,-1.05940060092298,1.80469825273698e-11,2.40604296951833e-10,"Downregulated",109.590628533946,-4.34958481326574,7.64783261586387e-62,5.328480301399e-60,"Downregulated","Shared_downregulated",2.40604296951833e-10
"ENSG00000105948.15","ENSG00000105948","IFT56","protein_coding",97.2218407025756,-1.38532357407403,2.77356703420575e-11,3.60166070427506e-10,"Downregulated",97.2218407025756,-4.42787054661012,1.8468118923356e-42,4.20156953590698e-41,"Downregulated","Shared_downregulated",3.60166070427506e-10
"ENSG00000274605.5","ENSG00000274605","PCCA-DT","lncRNA",171.174897957453,-1.05466659184066,2.89494768502988e-11,3.75059517018153e-10,"Downregulated",171.174897957453,-1.87959084310795,2.92654360313349e-39,5.57312350809599e-38,"Downregulated","Shared_downregulated",3.75059517018153e-10
"ENSG00000133134.14","ENSG00000133134","BEX2","protein_coding",52.2593989873013,-2.68611353252894,3.63348474477646e-16,9.31972759669035e-15,"Downregulated",52.2593989873013,-1.38543449997594,1.2311361762281e-10,3.7993239918862e-10,"Downregulated","Shared_downregulated",3.7993239918862e-10
"ENSG00000162591.19","ENSG00000162591","MEGF6","protein_coding",247.598856122963,-1.14883892064222,3.47131602939456e-11,4.42837252623116e-10,"Downregulated",247.598856122963,-2.29064022659015,2.45874097065445e-34,3.54548001459943e-33,"Downregulated","Shared_downregulated",4.42837252623116e-10
"ENSG00000103888.19","ENSG00000103888","CEMIP","protein_coding",1349.30485181698,-1.03414577933568,4.36452611259797e-11,5.50484877491469e-10,"Downregulated",1349.30485181698,-2.65832721407311,1.03019809246789e-55,5.00994320672638e-54,"Downregulated","Shared_downregulated",5.50484877491469e-10
"ENSG00000136936.13","ENSG00000136936","XPA","protein_coding",101.606036581657,-1.16102342297917,3.44549517793019e-14,6.8871884301468e-13,"Downregulated",101.606036581657,-1.0172035279143,2.30962564994833e-10,7.00525218063022e-10,"Downregulated","Shared_downregulated",7.00525218063022e-10
"ENSG00000083099.13","ENSG00000083099","LYRM2","protein_coding",357.406048744406,-1.07957316258744,6.51136602955049e-11,8.02404051872838e-10,"Downregulated",357.406048744406,-2.16148621242164,1.46265067484924e-35,2.2670303294027e-34,"Downregulated","Shared_downregulated",8.02404051872838e-10
"ENSG00000285967.2","ENSG00000285967","NIPBL-DT","lncRNA",53.7864482727908,-1.28196697539907,6.54754791697997e-11,8.06177267738944e-10,"Downregulated",53.7864482727908,-2.17012001756257,8.10855101926869e-18,4.15667213906055e-17,"Downregulated","Shared_downregulated",8.06177267738944e-10
"ENSG00000149929.18","ENSG00000149929","HIRIP3","protein_coding",171.282839076202,-1.00095535265643,9.21738231760467e-11,1.1030413257368e-09,"Downregulated",171.282839076202,-2.44147169922483,1.22420930081689e-26,1.09042662491938e-25,"Downregulated","Shared_downregulated",1.1030413257368e-09
"ENSG00000158234.15","ENSG00000158234","FAIM","protein_coding",42.1120960477291,-1.45928985076871,9.70206981858974e-11,1.15531960403453e-09,"Downregulated",42.1120960477291,-2.09448914912262,2.73306824531125e-17,1.36061920340263e-16,"Downregulated","Shared_downregulated",1.15531960403453e-09
"ENSG00000153140.11","ENSG00000153140","CETN3","protein_coding",119.046663953043,-1.03241455964242,1.36547995272819e-10,1.58561982972251e-09,"Downregulated",119.046663953043,-1.21925699981626,4.35617616988797e-15,1.86498390115263e-14,"Downregulated","Shared_downregulated",1.58561982972251e-09
"ENSG00000148225.19","ENSG00000148225","WDR31","protein_coding",70.9112989812184,-1.18588808964326,2.2202425249608e-10,2.49231252298466e-09,"Downregulated",70.9112989812184,-3.03509961004943,4.47509257631075e-29,4.68591341155313e-28,"Downregulated","Shared_downregulated",2.49231252298466e-09
"ENSG00000144451.21","ENSG00000144451","SPAG16","protein_coding",72.3958682830204,-1.41458692246864,2.76547013484915e-10,3.06166487350908e-09,"Downregulated",72.3958682830204,-1.85267891260702,1.69096801107696e-12,5.99596486824744e-12,"Downregulated","Shared_downregulated",3.06166487350908e-09
"ENSG00000137757.13","ENSG00000137757","CASP5","protein_coding",24.0334870493695,-2.10884542634991,3.43130255718992e-10,3.74728234052723e-09,"Downregulated",24.0334870493695,-5.66608292157981,6.07922674524959e-11,1.92190562810116e-10,"Downregulated","Shared_downregulated",3.74728234052723e-09
"ENSG00000248008.5","ENSG00000248008","NRAV","lncRNA",68.4149694734128,-1.60858511163486,4.75264749301753e-10,5.08680705087224e-09,"Downregulated",68.4149694734128,-2.95705184248594,1.46066798263553e-42,3.34936715258766e-41,"Downregulated","Shared_downregulated",5.08680705087224e-09
"ENSG00000139269.5","ENSG00000139269","INHBE","protein_coding",22.0937926722919,-2.34525900781729,4.85110393232668e-10,5.18070730930569e-09,"Downregulated",22.0937926722919,-4.29867809303416,2.60023983042887e-14,1.05053458663438e-13,"Downregulated","Shared_downregulated",5.18070730930569e-09
"ENSG00000156398.15","ENSG00000156398","SFXN2","protein_coding",28.2219477350186,-1.80962391785739,5.32139565918157e-10,5.62082112921715e-09,"Downregulated",28.2219477350186,-2.77440305985166,1.65509822475984e-09,4.71880453929168e-09,"Downregulated","Shared_downregulated",5.62082112921715e-09
"ENSG00000176155.23","ENSG00000176155","CCDC57","protein_coding",59.944164434297,-1.08930221120953,6.94667311920727e-10,7.14994224741135e-09,"Downregulated",59.944164434297,-2.5227905461195,5.3739633280486e-24,4.07959541907178e-23,"Downregulated","Shared_downregulated",7.14994224741135e-09
"ENSG00000196793.16","ENSG00000196793","ZNF239","protein_coding",25.9062769561901,-1.59567795725552,7.58303707637148e-10,7.76631613503713e-09,"Downregulated",25.9062769561901,-3.81773886440541,3.12070582636718e-12,1.08610155705363e-11,"Downregulated","Shared_downregulated",7.76631613503713e-09
"ENSG00000120093.13","ENSG00000120093","HOXB3","protein_coding",286.398636605928,-1.01062406155662,9.04105022706807e-10,9.20104634063697e-09,"Downregulated",286.398636605928,-1.19206830978764,5.65295398255974e-15,2.4003108442794e-14,"Downregulated","Shared_downregulated",9.20104634063697e-09
"ENSG00000187325.7","ENSG00000187325","TAF9B","protein_coding",49.4308329405008,-1.47612748323186,1.00947994999154e-09,1.0159294052276e-08,"Downregulated",49.4308329405008,-2.12705549749438,1.78701635601106e-12,6.32570616299762e-12,"Downregulated","Shared_downregulated",1.0159294052276e-08
"ENSG00000167380.19","ENSG00000167380","ZNF226","protein_coding",89.3454401232397,-1.00438706353016,1.05397107145066e-09,1.05703451677945e-08,"Downregulated",89.3454401232397,-1.01340721839661,5.77349745267141e-10,1.70060010333565e-09,"Downregulated","Shared_downregulated",1.05703451677945e-08
"ENSG00000166401.17","ENSG00000166401","SERPINB8","protein_coding",100.395010074861,-1.02095654504022,1.30038445352426e-09,1.28285714775178e-08,"Downregulated",100.395010074861,-2.68702215114569,7.74672927692244e-45,2.09842244263851e-43,"Downregulated","Shared_downregulated",1.28285714775178e-08
"ENSG00000106462.14","ENSG00000106462","EZH2","protein_coding",349.58361217742,-1.54463000652472,1.80580235915677e-14,3.74923893823781e-13,"Downregulated",349.58361217742,-1.13455902245445,4.96362056814441e-09,1.35722243912356e-08,"Downregulated","Shared_downregulated",1.35722243912356e-08
"ENSG00000203705.13","ENSG00000203705","TATDN3","protein_coding",76.2212398961886,-1.10823298122211,1.49292796069501e-09,1.4608718437807e-08,"Downregulated",76.2212398961886,-1.11861805181146,1.76120519604983e-10,5.38922839973693e-10,"Downregulated","Shared_downregulated",1.4608718437807e-08
"ENSG00000178199.15","ENSG00000178199","ZC3H12D","protein_coding",58.8797951293802,-1.25598266161729,1.56129512429552e-09,1.52263048057138e-08,"Downregulated",58.8797951293802,-2.53344631943597,7.77623090889022e-32,9.69820467570026e-31,"Downregulated","Shared_downregulated",1.52263048057138e-08
"ENSG00000093009.13","ENSG00000093009","CDC45","protein_coding",83.6413734623137,-1.01652275611729,1.62183863674773e-09,1.57531404314666e-08,"Downregulated",83.6413734623137,-3.60676406411104,7.0522908873372e-45,1.91748216771652e-43,"Downregulated","Shared_downregulated",1.57531404314666e-08
"ENSG00000227403.4","ENSG00000227403","LINC01806","lncRNA",40.9223337085561,-1.44210989384734,2.29702030423458e-09,2.17287325384906e-08,"Downregulated",40.9223337085561,-2.42265775598056,6.1510986290089e-16,2.7909117511458e-15,"Downregulated","Shared_downregulated",2.17287325384906e-08
"ENSG00000305287.1","ENSG00000305287","ENSG00000305287","lncRNA",20.6231338426112,-2.20652887375317,2.65013246086017e-09,2.48098963971483e-08,"Downregulated",20.6231338426112,-7.57581202958899,5.49753710353805e-13,2.01441991667442e-12,"Downregulated","Shared_downregulated",2.48098963971483e-08
"ENSG00000296655.1","ENSG00000296655","ENSG00000296655","lncRNA",16.8613712927302,-2.46085261280284,3.25757806157368e-09,3.00114859705812e-08,"Downregulated",16.8613712927302,-4.61534879975799,1.82540414870239e-11,6.00675679450387e-11,"Downregulated","Shared_downregulated",3.00114859705812e-08
"ENSG00000182141.12","ENSG00000182141","ZNF708","protein_coding",82.1856330905597,-1.01375457949908,4.53064227223233e-09,4.0883745538728e-08,"Downregulated",82.1856330905597,-1.36934221723201,9.01082906848268e-16,4.04162596287375e-15,"Downregulated","Shared_downregulated",4.0883745538728e-08
"ENSG00000293514.2","ENSG00000293514","CUTALP","lncRNA",266.4392780244,-1.26165007223719,5.58708012225127e-09,4.97651906156517e-08,"Downregulated",266.4392780244,-3.90360387765545,8.74633298743852e-57,4.59245861065069e-55,"Downregulated","Shared_downregulated",4.97651906156517e-08
"ENSG00000234171.6","ENSG00000234171","RNASEH1-DT","lncRNA",53.8583176331429,-1.15881732526747,6.04609540134272e-09,5.35574661101826e-08,"Downregulated",53.8583176331429,-1.83463873673878,6.76367911716233e-18,3.48698818092908e-17,"Downregulated","Shared_downregulated",5.35574661101826e-08
"ENSG00000187024.17","ENSG00000187024","PTRH1","protein_coding",60.1409114169433,-1.12197677612636,6.24599238862919e-09,5.5193244936594e-08,"Downregulated",60.1409114169433,-1.92648671476012,1.22271590815532e-22,8.52723721895426e-22,"Downregulated","Shared_downregulated",5.5193244936594e-08
"ENSG00000115282.23","ENSG00000115282","TTC31","protein_coding",116.188071233958,-1.00214521989052,6.53558807074351e-09,5.75068259388069e-08,"Downregulated",116.188071233958,-2.10543356830723,9.36076571707949e-26,7.93311209192491e-25,"Downregulated","Shared_downregulated",5.75068259388069e-08
"ENSG00000263528.10","ENSG00000263528","IKBKE","protein_coding",56.7565249189564,-1.4475929747336,6.72849018831027e-09,5.89892799812417e-08,"Downregulated",56.7565249189564,-5.54097325311755,1.07059249071191e-23,8.0347107070932e-23,"Downregulated","Shared_downregulated",5.89892799812417e-08
"ENSG00000182405.6","ENSG00000182405","PGBD4","protein_coding",17.8724123924822,-2.23986092944342,1.95406774498519e-10,2.21583331457945e-09,"Downregulated",17.8724123924822,-3.38036400659631,2.28557114283124e-08,5.91895943565232e-08,"Downregulated","Shared_downregulated",5.91895943565232e-08
"ENSG00000163378.15","ENSG00000163378","EOGT","protein_coding",77.5953076043216,-1.14667275683191,7.31046062775019e-09,6.36677857075455e-08,"Downregulated",77.5953076043216,-1.3058688455953,2.39890571685811e-12,8.4135870398615e-12,"Downregulated","Shared_downregulated",6.36677857075455e-08
"ENSG00000168386.20","ENSG00000168386","FILIP1L","protein_coding",82.5075146629299,-1.67190327290391,7.57768581465944e-09,6.57579777401465e-08,"Downregulated",82.5075146629299,-1.00628442827073,1.88040661442765e-12,6.64007131001107e-12,"Downregulated","Shared_downregulated",6.57579777401465e-08
"ENSG00000187122.18","ENSG00000187122","SLIT1","protein_coding",38.1303695067721,-1.35069258211556,7.84284182236667e-09,6.7815312464044e-08,"Downregulated",38.1303695067721,-2.06069493733865,6.08878692282609e-14,2.39974707874886e-13,"Downregulated","Shared_downregulated",6.7815312464044e-08
"ENSG00000175548.10","ENSG00000175548","ALG10B","protein_coding",66.7535354897523,-1.00302081610562,8.5616987571012e-09,7.33858135437684e-08,"Downregulated",66.7535354897523,-1.71516396754336,1.24606284574252e-09,3.58221439406876e-09,"Downregulated","Shared_downregulated",7.33858135437684e-08
"ENSG00000164953.18","ENSG00000164953","TMEM67","protein_coding",44.7444275114849,-1.53941746821894,8.68184747448923e-09,7.42285153984059e-08,"Downregulated",44.7444275114849,-4.10175299726376,1.75410064387985e-24,1.37037339790333e-23,"Downregulated","Shared_downregulated",7.42285153984059e-08
"ENSG00000186446.14","ENSG00000186446","ZNF501","protein_coding",30.6749207696532,-1.81091214673024,1.2298058242102e-08,1.02427275887668e-07,"Downregulated",30.6749207696532,-1.52804744305764,1.5701625216472e-10,4.82297483334279e-10,"Downregulated","Shared_downregulated",1.02427275887668e-07
"ENSG00000165125.23","ENSG00000165125","TRPV6","protein_coding",29.8066457353954,-3.19586451178039,1.23475939335012e-08,1.02662840667986e-07,"Downregulated",29.8066457353954,-5.20510259247353,8.86754759875073e-22,5.88593309750588e-21,"Downregulated","Shared_downregulated",1.02662840667986e-07
"ENSG00000197852.13","ENSG00000197852","INKA2","protein_coding",32.8706451939866,-1.25176251028708,1.86515893081268e-08,1.49833055572823e-07,"Downregulated",32.8706451939866,-2.77489172260541,6.6823900950228e-13,2.4374829412804e-12,"Downregulated","Shared_downregulated",1.49833055572823e-07
"ENSG00000204228.6","ENSG00000204228","HSD17B8","protein_coding",66.5865350293084,-1.30221374459178,2.06098457273562e-08,1.6474235205783e-07,"Downregulated",66.5865350293084,-1.41266851955432,2.40312543517278e-13,9.03400617549258e-13,"Downregulated","Shared_downregulated",1.6474235205783e-07
"ENSG00000023572.11","ENSG00000023572","GLRX2","protein_coding",135.804323699162,-1.060614065482,7.27392090767696e-09,6.33876499062264e-08,"Downregulated",135.804323699162,-1.02747595708504,6.72965124117702e-08,1.67455538782859e-07,"Downregulated","Shared_downregulated",1.67455538782859e-07
"ENSG00000128000.19","ENSG00000128000","ZNF780B","protein_coding",150.178918971687,-1.44342409868741,2.12918866370209e-08,1.69539572056982e-07,"Downregulated",150.178918971687,-4.18575785938407,6.01552591474209e-46,1.75054219992856e-44,"Downregulated","Shared_downregulated",1.69539572056982e-07
"ENSG00000118557.17","ENSG00000118557","PMFBP1","protein_coding",25.3783860971756,-2.05978399448345,1.26445804489532e-12,1.9961357283903e-11,"Downregulated",25.3783860971756,-2.70370408127807,6.85311511641088e-08,1.70469179998329e-07,"Downregulated","Shared_downregulated",1.70469179998329e-07
"ENSG00000038002.11","ENSG00000038002","AGA","protein_coding",61.7393988876859,-1.02540248729822,2.90722955212357e-08,2.24821615098051e-07,"Downregulated",61.7393988876859,-2.5575521513492,2.55825463088712e-20,1.54026697593752e-19,"Downregulated","Shared_downregulated",2.24821615098051e-07
"ENSG00000183317.19","ENSG00000183317","EPHA10","protein_coding",82.8519900222736,-1.3386758783589,3.16052234591335e-08,2.42725436337977e-07,"Downregulated",82.8519900222736,-2.05610400246448,3.51992313302958e-25,2.87708550726817e-24,"Downregulated","Shared_downregulated",2.42725436337977e-07
"ENSG00000102879.19","ENSG00000102879","CORO1A","protein_coding",85.4720324088151,-1.56705362003158,1.59084826030637e-12,2.46836969896787e-11,"Downregulated",85.4720324088151,-3.187203917599,1.16146775346534e-07,2.83796841733597e-07,"Downregulated","Shared_downregulated",2.83796841733597e-07
"ENSG00000172794.22","ENSG00000172794","RAB37","protein_coding",54.7359844773921,-1.01085322914779,4.18729376253414e-08,3.13927890360294e-07,"Downregulated",54.7359844773921,-2.69389349340659,1.7075822011929e-27,1.61003781780661e-26,"Downregulated","Shared_downregulated",3.13927890360294e-07
"ENSG00000178567.8","ENSG00000178567","EPM2AIP1","protein_coding",144.300130304706,-1.21172991438578,4.36519080458385e-08,3.26084253299119e-07,"Downregulated",144.300130304706,-1.18513713656325,9.8383547312677e-08,2.41738617778114e-07,"Downregulated","Shared_downregulated",3.26084253299119e-07
"ENSG00000257167.4","ENSG00000257167","TMPO-AS1","lncRNA",49.1230212811527,-1.08605488298863,4.72460280102429e-08,3.50404011220287e-07,"Downregulated",49.1230212811527,-2.72564815086198,3.29453857104086e-18,1.7418625673668e-17,"Downregulated","Shared_downregulated",3.50404011220287e-07
"ENSG00000290994.2","ENSG00000290994","ENSG00000290994","lncRNA",26.702643474829,-1.7232651873204,5.4961114443434e-08,4.02677689845423e-07,"Downregulated",26.702643474829,-3.89237534807136,1.07418666302783e-20,6.64977066236622e-20,"Downregulated","Shared_downregulated",4.02677689845423e-07
"ENSG00000183060.18","ENSG00000183060","LYSMD4","protein_coding",66.8099719992372,-1.15717224996848,6.69572505346738e-08,4.83721074151791e-07,"Downregulated",66.8099719992372,-1.76475469391744,1.11030392208143e-16,5.28598043324707e-16,"Downregulated","Shared_downregulated",4.83721074151791e-07
"ENSG00000070526.17","ENSG00000070526","ST6GALNAC1","protein_coding",62.803625454123,-1.07778416718513,7.43983364757899e-08,5.32434909731924e-07,"Downregulated",62.803625454123,-3.55000955173595,8.4225959589175e-44,2.09725533739918e-42,"Downregulated","Shared_downregulated",5.32434909731924e-07
"ENSG00000198890.9","ENSG00000198890","PRMT6","protein_coding",53.6479512550008,-1.37700183775331,8.66995452853865e-08,6.15002354515821e-07,"Downregulated",53.6479512550008,-5.52751087462128,7.70545756656106e-08,1.90851975823967e-07,"Downregulated","Shared_downregulated",6.15002354515821e-07
"ENSG00000097046.15","ENSG00000097046","CDC7","protein_coding",88.8318668502629,-1.22994547212844,1.00346182723644e-07,7.04779866295421e-07,"Downregulated",88.8318668502629,-2.94012307836363,9.14268591401021e-26,7.76645980456248e-25,"Downregulated","Shared_downregulated",7.04779866295421e-07
"ENSG00000174564.15","ENSG00000174564","IL20RB","protein_coding",38.6705818197261,-1.77422694023514,1.01537331117471e-07,7.11891147825057e-07,"Downregulated",38.6705818197261,-3.80474948550073,2.60945527412526e-23,1.9070209698751e-22,"Downregulated","Shared_downregulated",7.11891147825057e-07
"ENSG00000169231.15","ENSG00000169231","THBS3","protein_coding",51.9271506380449,-1.2934665789499,1.26489025341928e-07,8.74560570255351e-07,"Downregulated",51.9271506380449,-1.52344193316632,4.80516375520285e-16,2.193273484737e-15,"Downregulated","Shared_downregulated",8.74560570255351e-07
"ENSG00000163376.11","ENSG00000163376","KBTBD8","protein_coding",51.5991140152266,-1.08439457910601,1.27386932916605e-07,8.80253697309004e-07,"Downregulated",51.5991140152266,-2.3562964647363,2.25168021423045e-20,1.35850747979299e-19,"Downregulated","Shared_downregulated",8.80253697309004e-07
"ENSG00000108384.18","ENSG00000108384","RAD51C","protein_coding",56.5464804076464,-1.14642274820784,1.44558015555129e-07,9.86315801047515e-07,"Downregulated",56.5464804076464,-1.57058617899556,1.07214399036196e-14,4.45711724277843e-14,"Downregulated","Shared_downregulated",9.86315801047515e-07
"ENSG00000102078.17","ENSG00000102078","SLC25A14","protein_coding",34.9339864100497,-1.21568300002999,1.38248623419927e-07,9.47728973794503e-07,"Downregulated",34.9339864100497,-1.35226981752476,4.73827095318396e-07,1.0909917803232e-06,"Downregulated","Shared_downregulated",1.0909917803232e-06
"ENSG00000100228.16","ENSG00000100228","RAB36","protein_coding",12.8198119327359,-2.19849798639521,1.65311917389775e-07,1.11479772303984e-06,"Downregulated",12.8198119327359,-5.90267285336972,2.32836438820741e-08,6.02324554613142e-08,"Downregulated","Shared_downregulated",1.11479772303984e-06
"ENSG00000148204.14","ENSG00000148204","CRB2","protein_coding",46.6895608598684,-1.66565325626732,1.6615975773451e-07,1.11999405073884e-06,"Downregulated",46.6895608598684,-4.66982941441353,6.39266821506235e-11,2.01615990800182e-10,"Downregulated","Shared_downregulated",1.11999405073884e-06
"ENSG00000103494.18","ENSG00000103494","RPGRIP1L","protein_coding",59.9128283582724,-1.05565090736757,2.06639840666995e-07,1.37242189319253e-06,"Downregulated",59.9128283582724,-2.799436606139,3.05897049510744e-24,2.34801908978268e-23,"Downregulated","Shared_downregulated",1.37242189319253e-06
"ENSG00000131153.11","ENSG00000131153","GINS2","protein_coding",294.747650549896,-1.10190530796455,3.87011975417918e-07,2.43745221545261e-06,"Downregulated",294.747650549896,-3.23365877589956,3.95483710005758e-29,4.1528464311455e-28,"Downregulated","Shared_downregulated",2.43745221545261e-06
"ENSG00000132846.8","ENSG00000132846","ZBED3","protein_coding",504.966175881006,-1.10302102197779,3.92263338310904e-07,2.46838050317048e-06,"Downregulated",504.966175881006,-3.25504579735179,1.30633478253202e-46,3.95227633996951e-45,"Downregulated","Shared_downregulated",2.46838050317048e-06
"ENSG00000166275.18","ENSG00000166275","BORCS7","protein_coding",99.7888771421211,-1.09464803694943,4.44336306396019e-07,2.77317904922098e-06,"Downregulated",99.7888771421211,-4.77823629146055,1.02688273037817e-37,1.77796708824856e-36,"Downregulated","Shared_downregulated",2.77317904922098e-06
"ENSG00000259642.3","ENSG00000259642","ST20-AS1","lncRNA",18.5359726974239,-1.56468214578816,4.87725260218618e-07,3.01155282108573e-06,"Downregulated",18.5359726974239,-5.26756367515583,2.71616511520221e-07,6.40043330886349e-07,"Downregulated","Shared_downregulated",3.01155282108573e-06
"ENSG00000150051.16","ENSG00000150051","MKX","protein_coding",17.8351336853623,-2.50165336327645,8.02388639947308e-11,9.73887451433533e-10,"Downregulated",17.8351336853623,-2.00825769529987,1.36977685614677e-06,3.03112020144739e-06,"Downregulated","Shared_downregulated",3.03112020144739e-06
"ENSG00000136098.21","ENSG00000136098","NEK3","protein_coding",195.822580318997,-1.00535128540831,5.34047640668704e-07,3.27663776823491e-06,"Downregulated",195.822580318997,-3.17124325218501,1.31696066593585e-52,5.24324010185231e-51,"Downregulated","Shared_downregulated",3.27663776823491e-06
"ENSG00000172296.15","ENSG00000172296","SPTLC3","protein_coding",43.1485846478863,-1.38104571857704,5.45881267358698e-07,3.34075647236582e-06,"Downregulated",43.1485846478863,-2.00522018562585,2.1803626212912e-08,5.65357221466309e-08,"Downregulated","Shared_downregulated",3.34075647236582e-06
"ENSG00000083817.11","ENSG00000083817","ZNF416","protein_coding",42.0541405584485,-1.02123260972574,5.51038427819856e-07,3.36805098944131e-06,"Downregulated",42.0541405584485,-3.15682908462679,1.68404835425131e-16,7.93665975603576e-16,"Downregulated","Shared_downregulated",3.36805098944131e-06
"ENSG00000299943.1","ENSG00000299943","ENSG00000299943","lncRNA",43.8291178423185,-1.95732449776468,2.47150607898282e-08,1.94446612902384e-07,"Downregulated",43.8291178423185,-5.23908698134651,1.68678271563373e-06,3.70208316143632e-06,"Downregulated","Shared_downregulated",3.70208316143632e-06
"ENSG00000185621.13","ENSG00000185621","LMLN","protein_coding",23.6701534207185,-2.20335102420433,7.02788250096577e-07,4.22781540904923e-06,"Downregulated",23.6701534207185,-4.31795410580579,1.37007828219624e-19,7.91358089501311e-19,"Downregulated","Shared_downregulated",4.22781540904923e-06
"ENSG00000068885.17","ENSG00000068885","IFT80","protein_coding",66.1491464230161,-1.0435340791491,7.20513291832484e-07,4.32074226360364e-06,"Downregulated",66.1491464230161,-2.91648262499174,1.99696214122917e-41,4.33882688915939e-40,"Downregulated","Shared_downregulated",4.32074226360364e-06
"ENSG00000106477.22","ENSG00000106477","CEP41","protein_coding",30.3129476137841,-1.12938010126842,7.88062074761263e-07,4.69018299278859e-06,"Downregulated",30.3129476137841,-4.26424817142966,8.55157536363773e-07,1.92826248902813e-06,"Downregulated","Shared_downregulated",4.69018299278859e-06
"ENSG00000286388.1","ENSG00000286388","ENSG00000286388","lncRNA",33.4968538956635,-1.4825386818304,8.09694805478857e-07,4.79529919125443e-06,"Downregulated",33.4968538956635,-5.37348516214431,7.79893530355792e-15,3.2798076151817e-14,"Downregulated","Shared_downregulated",4.79529919125443e-06
"ENSG00000264424.1","ENSG00000264424","MYH4","protein_coding",13.5841961452868,-2.40920803387014,8.32141857691529e-07,4.91418084827451e-06,"Downregulated",13.5841961452868,-5.91573581500911,5.11191722437253e-08,1.28347027747066e-07,"Downregulated","Shared_downregulated",4.91418084827451e-06
"ENSG00000122970.18","ENSG00000122970","IFT81","protein_coding",64.6301129515783,-1.47615624113007,8.96666837524729e-07,5.25030133713469e-06,"Downregulated",64.6301129515783,-1.70580718056642,8.55831929796576e-11,2.668398521216e-10,"Downregulated","Shared_downregulated",5.25030133713469e-06
"ENSG00000224511.3","ENSG00000224511","LINC00365","lncRNA",53.0109068482152,-1.27836895505202,8.96578530786033e-07,5.25030133713469e-06,"Downregulated",53.0109068482152,-3.61324270027293,1.71100674014118e-33,2.3480975073983e-32,"Downregulated","Shared_downregulated",5.25030133713469e-06
"ENSG00000261188.4","ENSG00000261188","TFIP11-DT","lncRNA",20.0873411349013,-1.96130326903564,9.21046624765291e-07,5.37668958887751e-06,"Downregulated",20.0873411349013,-3.12207555525482,1.99549732700002e-12,7.03105938800981e-12,"Downregulated","Shared_downregulated",5.37668958887751e-06
"ENSG00000154556.22","ENSG00000154556","SORBS2","protein_coding",30.3302468229557,-1.41105761617847,8.43903772398994e-11,1.01830586757754e-09,"Downregulated",30.3302468229557,-1.78822806671053,2.6009652940764e-06,5.61830213768894e-06,"Downregulated","Shared_downregulated",5.61830213768894e-06
"ENSG00000196981.5","ENSG00000196981","WDR5B","protein_coding",65.0508300077044,-1.03948709760649,9.72472112760752e-07,5.64399914222219e-06,"Downregulated",65.0508300077044,-3.60423759792953,2.0004309862204e-50,7.22948774371723e-49,"Downregulated","Shared_downregulated",5.64399914222219e-06
"ENSG00000180525.15","ENSG00000180525","DIP2C-AS1","lncRNA",30.767696823621,-1.54237182648788,1.00642990934398e-06,5.82475329321603e-06,"Downregulated",30.767696823621,-4.05023270593284,2.23587320471813e-13,8.41617519033122e-13,"Downregulated","Shared_downregulated",5.82475329321603e-06
"ENSG00000273151.1","ENSG00000273151","GET4-AS1","lncRNA",34.0282312336252,-1.11409375414517,1.08841551475069e-06,6.25181040022474e-06,"Downregulated",34.0282312336252,-2.93838265424683,2.2060537381665e-13,8.31040571185569e-13,"Downregulated","Shared_downregulated",6.25181040022474e-06
"ENSG00000086730.19","ENSG00000086730","LAT2","protein_coding",16.2265792352866,-1.81356813043619,1.5051153130557e-06,8.45759252299462e-06,"Downregulated",16.2265792352866,-2.26934590957836,6.2384440444628e-08,1.55526459818261e-07,"Downregulated","Shared_downregulated",8.45759252299462e-06
"ENSG00000100867.17","ENSG00000100867","DHRS2","protein_coding",44.714549491138,-2.25463396877298,2.22552472331809e-14,4.56831505528694e-13,"Downregulated",44.714549491138,-1.60079252731377,4.02319214496641e-06,8.55651607937383e-06,"Downregulated","Shared_downregulated",8.55651607937383e-06
"ENSG00000062370.19","ENSG00000062370","ZNF112","protein_coding",22.7761461739158,-2.16909215306957,7.62381403340287e-11,9.27660058539667e-10,"Downregulated",22.7761461739158,-1.59894113621073,5.00810762556615e-06,1.05536564940679e-05,"Downregulated","Shared_downregulated",1.05536564940679e-05
"ENSG00000198088.12","ENSG00000198088","NUP62CL","protein_coding",42.9835126468357,-1.00097986059347,2.75502571717981e-06,1.46409360811771e-05,"Downregulated",42.9835126468357,-1.41071582148087,1.45866971119327e-09,4.17272827765751e-09,"Downregulated","Shared_downregulated",1.46409360811771e-05
"ENSG00000223768.5","ENSG00000223768","LINC00205","lncRNA",94.9040969402688,-1.16892753819247,3.30365181439485e-06,1.72964313924169e-05,"Downregulated",94.9040969402688,-4.21035272868133,1.27423578731248e-38,2.34045944610044e-37,"Downregulated","Shared_downregulated",1.72964313924169e-05
"ENSG00000183023.21","ENSG00000183023","SLC8A1","protein_coding",35.6404813701091,-1.09387004623757,3.33622945920455e-06,1.74354984936142e-05,"Downregulated",35.6404813701091,-3.63346095861458,6.55898123570809e-11,2.06501751179408e-10,"Downregulated","Shared_downregulated",1.74354984936142e-05
"ENSG00000196653.14","ENSG00000196653","ZNF502","protein_coding",24.9056910281721,-1.29462841968444,8.05103890970463e-07,4.77201046541675e-06,"Downregulated",24.9056910281721,-2.24878190808065,8.60863100058282e-06,1.77816819356394e-05,"Downregulated","Shared_downregulated",1.77816819356394e-05
"ENSG00000174799.14","ENSG00000174799","CEP135","protein_coding",38.7617075208307,-1.19868668731354,3.64885834630491e-06,1.89057043813553e-05,"Downregulated",38.7617075208307,-1.16830598914334,8.27327347046993e-07,1.86754328869237e-06,"Downregulated","Shared_downregulated",1.89057043813553e-05
"ENSG00000189057.13","ENSG00000189057","FAM111B","protein_coding",347.430480712497,-1.04066041152675,4.43089365356129e-06,2.2514905619709e-05,"Downregulated",347.430480712497,-4.49528089562576,5.48175539867698e-56,2.70436143919288e-54,"Downregulated","Shared_downregulated",2.2514905619709e-05
"ENSG00000229931.4","ENSG00000229931","ATXN1-AS1","lncRNA",43.6911234713477,-1.42929370478414,4.42944643607572e-06,2.2514905619709e-05,"Downregulated",43.6911234713477,-2.20899600234275,1.93629248624776e-22,1.33622622431917e-21,"Downregulated","Shared_downregulated",2.2514905619709e-05
"ENSG00000205885.9","ENSG00000205885","C1RL-AS1","lncRNA",20.6767280094756,-1.94477503882714,4.7105904180008e-06,2.38109090818512e-05,"Downregulated",20.6767280094756,-1.98022346330037,4.18872923473517e-10,1.24519105784168e-09,"Downregulated","Shared_downregulated",2.38109090818512e-05
"ENSG00000134146.14","ENSG00000134146","DPH6","protein_coding",48.407995512576,-1.25369181095027,5.11723051054491e-06,2.56782910522219e-05,"Downregulated",48.407995512576,-1.88825174853019,3.37195414954903e-13,1.25588176651926e-12,"Downregulated","Shared_downregulated",2.56782910522219e-05
"ENSG00000114248.12","ENSG00000114248","LRRC31","protein_coding",249.30256820362,-1.04254828357006,5.4078039791681e-06,2.69497576568446e-05,"Downregulated",249.30256820362,-4.34895459399651,3.98844107643432e-46,1.16768662787245e-44,"Downregulated","Shared_downregulated",2.69497576568446e-05
"ENSG00000170264.15","ENSG00000170264","FAM161A","protein_coding",31.6339694837907,-1.16661945762311,5.62752438967011e-06,2.78968922160138e-05,"Downregulated",31.6339694837907,-2.12258933185782,2.51170722902668e-09,7.04873376511515e-09,"Downregulated","Shared_downregulated",2.78968922160138e-05
"ENSG00000225366.7","ENSG00000225366","CRIPTO3","protein_coding",17.6928332846571,-1.57015338526913,5.83356696590021e-06,2.88139238138466e-05,"Downregulated",17.6928332846571,-1.55104019249723,1.01329625961115e-05,2.07880653939479e-05,"Downregulated","Shared_downregulated",2.88139238138466e-05
"ENSG00000101246.22","ENSG00000101246","ARFRP1","protein_coding",134.588843541485,-1.24258496198872,6.20305304971842e-06,3.05141360476983e-05,"Downregulated",134.588843541485,-4.09314792309147,1.10434946406119e-40,2.28305740844148e-39,"Downregulated","Shared_downregulated",3.05141360476983e-05
"ENSG00000174808.14","ENSG00000174808","BTC","protein_coding",74.1847215223261,-1.25693587228097,6.52560209060016e-06,3.1970596854962e-05,"Downregulated",74.1847215223261,-5.50307245221082,6.45303463100002e-57,3.42554497701291e-55,"Downregulated","Shared_downregulated",3.1970596854962e-05
"ENSG00000277969.3","ENSG00000277969","ENSG00000277969","lncRNA",26.8401356101992,-1.32872603169595,1.56819597580602e-07,1.06197645240097e-06,"Downregulated",26.8401356101992,-1.48871156288391,1.7036886840417e-05,3.41208629203044e-05,"Downregulated","Shared_downregulated",3.41208629203044e-05
"ENSG00000278834.3","ENSG00000278834","ENSG00000278834","lncRNA",16.5949114410954,-1.55652099407977,7.43516405518936e-06,3.58570374335455e-05,"Downregulated",16.5949114410954,-4.89278498914928,2.14722272222685e-08,5.57362559385841e-08,"Downregulated","Shared_downregulated",3.58570374335455e-05
"ENSG00000166436.19","ENSG00000166436","TRIM66","protein_coding",29.9787767354445,-1.21990050897043,7.47938699481753e-06,3.6046317369104e-05,"Downregulated",29.9787767354445,-2.73915731600773,3.8688431745753e-17,1.9005856029134e-16,"Downregulated","Shared_downregulated",3.6046317369104e-05
"ENSG00000144619.17","ENSG00000144619","CNTN4","protein_coding",4.1446759114129,-5.76558356900174,3.56089572546064e-07,2.25544147086432e-06,"Downregulated",4.1446759114129,-4.88294331835351,1.86672795655026e-05,3.72625641133973e-05,"Downregulated","Shared_downregulated",3.72625641133973e-05
"ENSG00000264247.3","ENSG00000264247","ZNF407-AS1","lncRNA",60.9697679962212,-1.07667275679258,8.10356355776305e-06,3.87836337777748e-05,"Downregulated",60.9697679962212,-4.79163694495449,2.82079952735919e-38,5.09078788922657e-37,"Downregulated","Shared_downregulated",3.87836337777748e-05
"ENSG00000160051.14","ENSG00000160051","IQCC","protein_coding",17.1593080916256,-1.61318881647382,8.20038297840403e-06,3.92081656624979e-05,"Downregulated",17.1593080916256,-3.0041951489601,3.85153052171031e-11,1.23460252865795e-10,"Downregulated","Shared_downregulated",3.92081656624979e-05
"ENSG00000186272.15","ENSG00000186272","ZNF17","protein_coding",24.5419357683637,-1.17229439831129,8.3044285592905e-06,3.96794522523039e-05,"Downregulated",24.5419357683637,-2.21309218192255,3.33017402297871e-09,9.25957059497458e-09,"Downregulated","Shared_downregulated",3.96794522523039e-05
"ENSG00000162543.8","ENSG00000162543","UBXN10","protein_coding",64.5692779941339,-1.45501605859752,8.42470474394458e-06,4.01878937291787e-05,"Downregulated",64.5692779941339,-3.53839891402061,1.34284105610801e-09,3.85355496734996e-09,"Downregulated","Shared_downregulated",4.01878937291787e-05
"ENSG00000236081.2","ENSG00000236081","ELFN1-AS1","lncRNA",27.5913469966578,-1.41029577664596,8.75186255319426e-06,4.15433973537148e-05,"Downregulated",27.5913469966578,-3.05296283113475,6.29784144364552e-17,3.04329170394501e-16,"Downregulated","Shared_downregulated",4.15433973537148e-05
"ENSG00000128408.10","ENSG00000128408","RIBC2","protein_coding",19.7045024990244,-1.45753939013498,9.51397982324416e-06,4.483791726779e-05,"Downregulated",19.7045024990244,-5.82757735352114,5.03831708232185e-08,1.26586843198697e-07,"Downregulated","Shared_downregulated",4.483791726779e-05
"ENSG00000176410.8","ENSG00000176410","DNAJC30","protein_coding",103.849558252784,-1.01664581569923,9.83121367465378e-06,4.61528825957508e-05,"Downregulated",103.849558252784,-3.31989632273282,8.75428305021589e-35,1.30521676917416e-33,"Downregulated","Shared_downregulated",4.61528825957508e-05
"ENSG00000234912.12","ENSG00000234912","SNHG20","lncRNA",20.1525998809821,-1.69056332999237,7.07161009510693e-07,4.252355746817e-06,"Downregulated",20.1525998809821,-1.30924382424446,2.4516448766262e-05,4.83128060267431e-05,"Downregulated","Shared_downregulated",4.83128060267431e-05
"ENSG00000239900.16","ENSG00000239900","ADSL","protein_coding",30.8069238195218,-1.26970856273581,1.04438527391013e-05,4.87761243619261e-05,"Downregulated",30.8069238195218,-2.20315543253748,7.05118051800556e-12,2.39928875480011e-11,"Downregulated","Shared_downregulated",4.87761243619261e-05
"ENSG00000143156.16","ENSG00000143156","NME7","protein_coding",37.6293212418415,-1.43829921904812,1.1009920720754e-05,5.11232845514795e-05,"Downregulated",37.6293212418415,-3.16060347550649,1.82060678969852e-13,6.90325316491654e-13,"Downregulated","Shared_downregulated",5.11232845514795e-05
"ENSG00000163617.13","ENSG00000163617","CCDC191","protein_coding",30.498336249167,-1.98111365970712,1.12681302087492e-05,5.21718028706688e-05,"Downregulated",30.498336249167,-2.79580442941616,7.30197133556189e-23,5.16447870155993e-22,"Downregulated","Shared_downregulated",5.21718028706688e-05
"ENSG00000180626.12","ENSG00000180626","ZNF594","protein_coding",39.9245657988733,-1.22989032436501,1.19018089956051e-05,5.49127717173858e-05,"Downregulated",39.9245657988733,-3.69339206931663,3.35139647223434e-13,1.24886700117305e-12,"Downregulated","Shared_downregulated",5.49127717173858e-05
"ENSG00000291071.2","ENSG00000291071","FAM86JP","lncRNA",20.5356821798436,-1.43507538400206,1.29777263173508e-05,5.94603888052632e-05,"Downregulated",20.5356821798436,-4.491452567549,1.59808049115421e-12,5.67631923475656e-12,"Downregulated","Shared_downregulated",5.94603888052632e-05
"ENSG00000198556.16","ENSG00000198556","ZNF789","protein_coding",41.7564431734314,-1.27838504071891,5.20351178150289e-06,2.60661226192672e-05,"Downregulated",41.7564431734314,-1.09785236106128,3.24539330954518e-05,6.30374478513989e-05,"Downregulated","Shared_downregulated",6.30374478513989e-05
"ENSG00000101104.15","ENSG00000101104","PABPC1L","protein_coding",90.340639160661,-1.38603011256243,1.38558188248661e-05,6.31441906949557e-05,"Downregulated",90.340639160661,-1.72603487231642,5.80046864309353e-19,3.22317452360857e-18,"Downregulated","Shared_downregulated",6.31441906949557e-05
"ENSG00000177406.6","ENSG00000177406","NINJ2-AS1","lncRNA",55.1694760972976,-1.11232528359969,2.55750386500595e-06,1.37119297120482e-05,"Downregulated",55.1694760972976,-1.2063148380366,3.27521390642441e-05,6.35825853073042e-05,"Downregulated","Shared_downregulated",6.35825853073042e-05
"ENSG00000141519.17","ENSG00000141519","CCDC40","protein_coding",15.7621570353854,-1.55195110300169,1.44636064305354e-05,6.5543022011044e-05,"Downregulated",15.7621570353854,-2.14331267770709,2.97859090088401e-07,6.9949342627793e-07,"Downregulated","Shared_downregulated",6.5543022011044e-05
"ENSG00000125459.20","ENSG00000125459","MSTO1","protein_coding",28.0921770208847,-1.33362743750259,1.4491863259225e-05,6.56300257352151e-05,"Downregulated",28.0921770208847,-3.01582947842972,9.93884335344044e-17,4.74263147441748e-16,"Downregulated","Shared_downregulated",6.56300257352151e-05
"ENSG00000166803.16","ENSG00000166803","PCLAF","protein_coding",67.9587912968483,-1.18080698167761,1.48313580008333e-05,6.6958267958902e-05,"Downregulated",67.9587912968483,-1.60376695909418,5.73939306930718e-07,1.31025967801512e-06,"Downregulated","Shared_downregulated",6.6958267958902e-05
"ENSG00000308820.1","ENSG00000308820","ENSG00000308820","lncRNA",12.535419166247,-1.89451781831654,1.51090064324999e-05,6.79577036684633e-05,"Downregulated",12.535419166247,-6.30601334219921,2.10331116617759e-09,5.94406891970469e-09,"Downregulated","Shared_downregulated",6.79577036684633e-05
"ENSG00000273314.1","ENSG00000273314","ENSG00000273314","lncRNA",22.1255743972537,-1.496548076657,1.53674382726831e-05,6.90129889828706e-05,"Downregulated",22.1255743972537,-3.19971784842258,1.80351640239716e-14,7.38112389255567e-14,"Downregulated","Shared_downregulated",6.90129889828706e-05
"ENSG00000112562.22","ENSG00000112562","SMOC2","protein_coding",12.7828072256315,-1.93849429587339,6.25101771863152e-06,3.07292227877911e-05,"Downregulated",12.7828072256315,-2.55491995377989,3.66094810215006e-05,7.07392798618115e-05,"Downregulated","Shared_downregulated",7.07392798618115e-05
"ENSG00000188878.22","ENSG00000188878","FBF1","protein_coding",18.0676608869386,-1.43672610017943,1.63586728251283e-05,7.30794964801971e-05,"Downregulated",18.0676608869386,-2.16061729487031,1.246563630239e-08,3.29957993231481e-08,"Downregulated","Shared_downregulated",7.30794964801971e-05
"ENSG00000243479.4","ENSG00000243479","MNX1-AS1","lncRNA",37.7850287469456,-1.84937663732024,1.89667108929862e-05,8.38771969060593e-05,"Downregulated",37.7850287469456,-2.94699012284755,2.43207863332064e-31,2.9494295861157e-30,"Downregulated","Shared_downregulated",8.38771969060593e-05
"ENSG00000231770.9","ENSG00000231770","TMEM44-AS1","lncRNA",20.3962427563488,-1.61621417191669,1.92563058870305e-05,8.50540642837081e-05,"Downregulated",20.3962427563488,-4.98801546151604,1.01231360693636e-12,3.63579895705619e-12,"Downregulated","Shared_downregulated",8.50540642837081e-05
"ENSG00000272328.2","ENSG00000272328","ENSG00000272328","lncRNA",21.3052185760187,-1.32588457269534,2.23231761557591e-05,9.71202248121468e-05,"Downregulated",21.3052185760187,-2.87675432905332,3.27142143879962e-14,1.31400885507439e-13,"Downregulated","Shared_downregulated",9.71202248121468e-05
"ENSG00000104537.19","ENSG00000104537","ANXA13","protein_coding",18.0341203514339,-1.72172548257301,2.11794560166744e-08,1.68829855112016e-07,"Downregulated",18.0341203514339,-3.57476113542754,5.24183119771164e-05,0.000100058769385191,"Downregulated","Shared_downregulated",0.000100058769385191
"ENSG00000272189.1","ENSG00000272189","MAP7-AS1","lncRNA",20.6071427919909,-1.34008642904855,2.34810319711651e-05,0.000101730079320217,"Downregulated",20.6071427919909,-4.53219618074336,5.71043662522692e-13,2.09084506247571e-12,"Downregulated","Shared_downregulated",0.000101730079320217
"ENSG00000163482.14","ENSG00000163482","STK36","protein_coding",77.6189280199102,-1.0553527547849,2.44265931088471e-05,0.000105322876326514,"Downregulated",77.6189280199102,-1.9928967634304,9.48631257996444e-16,4.24438536303935e-15,"Downregulated","Shared_downregulated",0.000105322876326514
"ENSG00000143942.7","ENSG00000143942","CHAC2","protein_coding",23.3662608773987,-1.28858024465487,2.54523796649758e-05,0.000109420316257736,"Downregulated",23.3662608773987,-3.5531622312422,7.08135776642125e-14,2.76835815351974e-13,"Downregulated","Shared_downregulated",0.000109420316257736
"ENSG00000273142.1","ENSG00000273142","LINC02604","lncRNA",23.2659294338117,-1.74213662998255,2.58653384124213e-05,0.000111063847191944,"Downregulated",23.2659294338117,-3.17102837554559,1.39301594633725e-20,8.54681926093116e-20,"Downregulated","Shared_downregulated",0.000111063847191944
"ENSG00000248049.9","ENSG00000248049","UBA6-DT","lncRNA",50.0980819188446,-1.01780714344631,2.93972272002275e-05,0.000124205427576005,"Downregulated",50.0980819188446,-1.57295816507223,3.67100039241626e-14,1.46840015696651e-13,"Downregulated","Shared_downregulated",0.000124205427576005
"ENSG00000128833.15","ENSG00000128833","MYO5C","protein_coding",621.335598834743,-1.48530570347783,2.97612414360319e-05,0.000125450817594815,"Downregulated",621.335598834743,-2.32542923955271,7.67835412259557e-11,2.40178519198478e-10,"Downregulated","Shared_downregulated",0.000125450817594815
"ENSG00000156313.16","ENSG00000156313","RPGR","protein_coding",51.7588973816653,-1.01821063480619,3.16971329109786e-05,0.000132992139590591,"Downregulated",51.7588973816653,-2.02572350240912,5.29351188767881e-18,2.74959047585094e-17,"Downregulated","Shared_downregulated",0.000132992139590591
"ENSG00000253669.5","ENSG00000253669","GASAL1","lncRNA",15.6483064760436,-1.29612393507503,3.36487238965785e-05,0.000140610526732761,"Downregulated",15.6483064760436,-3.81674471680047,1.45741564229199e-05,2.94244462079904e-05,"Downregulated","Shared_downregulated",0.000140610526732761
"ENSG00000290927.2","ENSG00000290927","ENSG00000290927","lncRNA",42.2403049167323,-1.1748398261734,3.47003714375318e-05,0.000144588206691406,"Downregulated",42.2403049167323,-2.02305749053165,3.699091014092e-16,1.70127664158113e-15,"Downregulated","Shared_downregulated",0.000144588206691406
"ENSG00000119661.17","ENSG00000119661","DNAL1","protein_coding",58.2907188748812,-1.00101505160046,3.59874838654901e-05,0.000149478537167865,"Downregulated",58.2907188748812,-1.72179350636232,5.33422486750413e-16,2.42559105051364e-15,"Downregulated","Shared_downregulated",0.000149478537167865
"ENSG00000138669.13","ENSG00000138669","PRKG2","protein_coding",22.5038004439369,-1.46684803709689,1.54218496899188e-05,6.92358877652735e-05,"Downregulated",22.5038004439369,-1.54134279614619,8.15022315017757e-05,0.000152344942464044,"Downregulated","Shared_downregulated",0.000152344942464044
"ENSG00000273270.2","ENSG00000273270","LINC03072","lncRNA",21.3502450090265,-1.42262573103704,4.40386081032577e-05,0.000179520145297558,"Downregulated",21.3502450090265,-6.52678866956822,7.4967030847654e-10,2.1872804732116e-09,"Downregulated","Shared_downregulated",0.000179520145297558
"ENSG00000169989.5","ENSG00000169989","TIGD4","protein_coding",10.1266968338326,-2.0260322160828,8.95929152983405e-06,4.24168745019128e-05,"Downregulated",10.1266968338326,-2.17942854673788,0.000106098053114877,0.000195669761483939,"Downregulated","Shared_downregulated",0.000195669761483939
"ENSG00000148346.14","ENSG00000148346","LCN2","protein_coding",2059.12878157144,-1.06781968862482,4.9938869057349e-05,0.000200641555414223,"Downregulated",2059.12878157144,-3.94933115120834,1.64899129484058e-51,6.27222620599204e-50,"Downregulated","Shared_downregulated",0.000200641555414223
"ENSG00000134072.13","ENSG00000134072","CAMK1","protein_coding",48.7615643700886,-1.17261411629044,5.02901815011291e-05,0.000201941066864606,"Downregulated",48.7615643700886,-2.13076094830917,2.44623165376364e-14,9.89968978674746e-14,"Downregulated","Shared_downregulated",0.000201941066864606
"ENSG00000186814.17","ENSG00000186814","ZSCAN30","protein_coding",47.2129623735476,-1.16606629452382,5.44684504945877e-05,0.000217214305054366,"Downregulated",47.2129623735476,-1.92291532464667,7.73579633320739e-15,3.25608947025389e-14,"Downregulated","Shared_downregulated",0.000217214305054366
"ENSG00000134864.13","ENSG00000134864","GGACT","protein_coding",49.158130403464,-1.02987743877914,5.95543366822849e-05,0.000235358998418237,"Downregulated",49.158130403464,-4.25852194714447,1.64880785589567e-21,1.07536109125293e-20,"Downregulated","Shared_downregulated",0.000235358998418237
"ENSG00000165449.14","ENSG00000165449","SLC16A9","protein_coding",73.7113279409026,-1.07735571465738,6.00128943476373e-05,0.000237041936463876,"Downregulated",73.7113279409026,-1.21882924256282,9.99459072907699e-06,2.05274388953775e-05,"Downregulated","Shared_downregulated",0.000237041936463876
"ENSG00000179029.17","ENSG00000179029","TMEM107","protein_coding",33.0744259964353,-1.43179412822614,6.20999330686382e-05,0.000244685217517864,"Downregulated",33.0744259964353,-1.59552993859135,1.76572753373347e-09,5.0213742972656e-09,"Downregulated","Shared_downregulated",0.000244685217517864
"ENSG00000188001.12","ENSG00000188001","TPRG1","protein_coding",23.2645584216056,-1.2766355593453,6.27103706813613e-05,0.000246755007307708,"Downregulated",23.2645584216056,-1.56208574956846,2.89005405107862e-07,6.79141613559775e-07,"Downregulated","Shared_downregulated",0.000246755007307708
"ENSG00000291106.2","ENSG00000291106","SNHG33","lncRNA",20.5899960270095,-1.06164274592993,5.13939270742674e-05,0.000205746074906155,"Downregulated",20.5899960270095,-1.99841788161763,0.000146755272373062,0.000266780909085602,"Downregulated","Shared_downregulated",0.000266780909085602
"ENSG00000149292.19","ENSG00000149292","TTC12","protein_coding",54.0049896126717,-1.10003942750224,7.390917467406e-05,0.000286158631946695,"Downregulated",54.0049896126717,-2.76862967928268,2.35153673625345e-21,1.51729609892186e-20,"Downregulated","Shared_downregulated",0.000286158631946695
"ENSG00000247081.9","ENSG00000247081","BAALC-AS1","lncRNA",26.31120777548,-1.07379533623132,7.44761124922412e-05,0.000287815419263349,"Downregulated",26.31120777548,-4.07930471912444,1.17845184276016e-10,3.64216764881218e-10,"Downregulated","Shared_downregulated",0.000287815419263349
"ENSG00000148824.21","ENSG00000148824","MTG1","protein_coding",30.1764763448458,-1.02071754667207,7.73960997194354e-05,0.00029751307085784,"Downregulated",30.1764763448458,-2.54079190507456,6.83648427481105e-14,2.68058252463641e-13,"Downregulated","Shared_downregulated",0.00029751307085784
"ENSG00000291046.2","ENSG00000291046","ENSG00000291046","lncRNA",18.2652383331597,-1.41358252013673,7.77504420691176e-05,0.000298558401289256,"Downregulated",18.2652383331597,-1.61067629678018,8.48262228833043e-06,1.75313979182094e-05,"Downregulated","Shared_downregulated",0.000298558401289256
"ENSG00000222033.1","ENSG00000222033","LINC01124","lncRNA",62.0464184266,-1.214914010361,8.33166249040297e-05,0.000317860422745527,"Downregulated",62.0464184266,-6.12551361405951,9.93166926433082e-09,2.64674054760357e-08,"Downregulated","Shared_downregulated",0.000317860422745527
"ENSG00000175279.23","ENSG00000175279","CENPS","protein_coding",17.2969505223427,-1.32306812100007,8.60673404828338e-05,0.0003273721517788,"Downregulated",17.2969505223427,-3.63040069935309,2.68673454500576e-07,6.33520290045939e-07,"Downregulated","Shared_downregulated",0.0003273721517788
"ENSG00000224417.2","ENSG00000224417","ENSG00000224417","lncRNA",25.5434918237504,-1.3170592555217,9.25828702821842e-07,5.40141286686559e-06,"Downregulated",25.5434918237504,-3.8741494885435,0.000197521591983824,0.000353961037594853,"Downregulated","Shared_downregulated",0.000353961037594853
"ENSG00000118762.10","ENSG00000118762","PKD2","protein_coding",38.2841991803989,-1.26784816550108,9.41272392317416e-05,0.000355047358393128,"Downregulated",38.2841991803989,-2.65753546481815,1.62132934173693e-28,1.64080340924941e-27,"Downregulated","Shared_downregulated",0.000355047358393128
"ENSG00000255240.7","ENSG00000255240","GLYATL1-AS1","lncRNA",8.56052567332802,-2.1906252425351,9.76923283503033e-05,0.000367442829600985,"Downregulated",8.56052567332802,-3.94731971067899,6.5981918299697e-07,1.49782261904638e-06,"Downregulated","Shared_downregulated",0.000367442829600985
"ENSG00000156239.14","ENSG00000156239","HEMK2","protein_coding",33.1190240037757,-1.14943123430417,9.79727057681841e-05,0.000368401777891158,"Downregulated",33.1190240037757,-2.65016627416772,8.62731619927184e-21,5.37519631813618e-20,"Downregulated","Shared_downregulated",0.000368401777891158
"ENSG00000279806.1","ENSG00000279806","ENSG00000279806","TEC",73.6355933182148,-1.27362798021976,9.93731591167294e-05,0.000373313023641581,"Downregulated",73.6355933182148,-1.92529399563745,3.62839522526925e-06,7.74642068423718e-06,"Downregulated","Shared_downregulated",0.000373313023641581
"ENSG00000173137.14","ENSG00000173137","ADCK5","protein_coding",73.3932198769785,-1.15325626137303,0.000104969113943819,0.000392570941748082,"Downregulated",73.3932198769785,-2.43477592781855,4.04261104852073e-11,1.29413561553264e-10,"Downregulated","Shared_downregulated",0.000392570941748082
"ENSG00000078487.20","ENSG00000078487","ZCWPW1","protein_coding",14.8381128348383,-1.57576712309244,0.000112947537859491,0.000419271444328829,"Downregulated",14.8381128348383,-1.75817167839986,0.000190555141002146,0.000342178861740038,"Downregulated","Shared_downregulated",0.000419271444328829
"ENSG00000183671.14","ENSG00000183671","CMKLR2","protein_coding",5.38417828024931,-3.63345230469639,4.73696377156138e-06,2.39191912813476e-05,"Downregulated",5.38417828024931,-4.23011919826777,0.000240417107615999,0.000427185473709055,"Downregulated","Shared_downregulated",0.000427185473709055
"ENSG00000184154.18","ENSG00000184154","LRRC51","protein_coding",14.2110050291647,-1.83697371278871,0.000124154455331607,0.000457009491152057,"Downregulated",14.2110050291647,-2.38822024741437,7.02977039156087e-09,1.89678321177547e-08,"Downregulated","Shared_downregulated",0.000457009491152057
"ENSG00000100479.16","ENSG00000100479","POLE2","protein_coding",31.209127119908,-1.15355339163158,0.000132833881133827,0.000484893855262321,"Downregulated",31.209127119908,-2.32808067675459,7.16826034114021e-09,1.93305598927808e-08,"Downregulated","Shared_downregulated",0.000484893855262321
"ENSG00000116885.20","ENSG00000116885","OSCP1","protein_coding",10.8346154247461,-2.23165569830485,0.000136740904128076,0.000497901804679418,"Downregulated",10.8346154247461,-3.65089088656419,3.38260696298047e-10,1.01324390466129e-09,"Downregulated","Shared_downregulated",0.000497901804679418
"ENSG00000229404.7","ENSG00000229404","LINC00858","lncRNA",12.739566595316,-1.74469462494996,0.00013745932877475,0.000500266346711121,"Downregulated",12.739566595316,-3.22692907297108,1.55239879978384e-10,4.76942196448322e-10,"Downregulated","Shared_downregulated",0.000500266346711121
"ENSG00000287222.2","ENSG00000287222","ENSG00000287222","lncRNA",22.0637429936931,-1.27988458437257,0.0001390960581367,0.000505461402837776,"Downregulated",22.0637429936931,-3.52746667634211,4.51711580732368e-11,1.43999213109843e-10,"Downregulated","Shared_downregulated",0.000505461402837776
"ENSG00000111700.15","ENSG00000111700","SLCO1B3","protein_coding",159.411402668026,-1.14378493288848,0.000141512147212278,0.000513340184580809,"Downregulated",159.411402668026,-2.51984912484486,8.10477178199707e-85,1.48676395778103e-82,"Downregulated","Shared_downregulated",0.000513340184580809
"ENSG00000267259.3","ENSG00000267259","ERVE-1","lncRNA",63.3777156120953,-1.16369543823841,0.000143933044061443,0.000521129553702142,"Downregulated",63.3777156120953,-1.0810627270937,9.38510358660268e-08,2.30993412325146e-07,"Downregulated","Shared_downregulated",0.000521129553702142
"ENSG00000251191.9","ENSG00000251191","LINC00589","lncRNA",12.7133526382392,-2.65187404742704,0.000144136447296596,0.000521554405548631,"Downregulated",12.7133526382392,-1.65037740357073,3.0110323860378e-05,5.87451283501075e-05,"Downregulated","Shared_downregulated",0.000521554405548631
"ENSG00000114670.16","ENSG00000114670","NEK11","protein_coding",25.0826578894974,-1.05461188458875,0.000145676281737768,0.000526206549088667,"Downregulated",25.0826578894974,-2.25748598823225,0.000132456508892376,0.00024181906360145,"Downregulated","Shared_downregulated",0.000526206549088667
"ENSG00000174469.23","ENSG00000174469","CNTNAP2","protein_coding",18.1836360336586,-1.76206395465142,1.62986195435754e-09,1.58204684812789e-08,"Downregulated",18.1836360336586,-2.55647142528858,0.000319970794869917,0.000560567790045313,"Downregulated","Shared_downregulated",0.000560567790045313
"ENSG00000267475.4","ENSG00000267475","NUDT19-DT","lncRNA",11.8447758009805,-1.47261757452983,5.78383724132528e-05,0.000229265233318616,"Downregulated",11.8447758009805,-1.95905299285673,0.000339756082963753,0.000594009549319666,"Downregulated","Shared_downregulated",0.000594009549319666
"ENSG00000221990.5","ENSG00000221990","EXOC3-AS1","lncRNA",10.3072495576746,-1.95396130781382,0.000194177174241416,0.000684841958896714,"Downregulated",10.3072495576746,-4.55302965425468,6.46056227387062e-07,1.46795968129403e-06,"Downregulated","Shared_downregulated",0.000684841958896714
"ENSG00000104381.16","ENSG00000104381","GDAP1","protein_coding",35.0740339323554,-1.30411318359256,0.000216394970402673,0.000755297666444012,"Downregulated",35.0740339323554,-3.09624281746209,1.42123115316067e-13,5.43012967877787e-13,"Downregulated","Shared_downregulated",0.000755297666444012
"ENSG00000134253.10","ENSG00000134253","TRIM45","protein_coding",22.1204939642163,-1.07868632520619,0.000219108256159106,0.000763480848342815,"Downregulated",22.1204939642163,-2.65468536709067,6.6534089500212e-09,1.79890303178558e-08,"Downregulated","Shared_downregulated",0.000763480848342815
"ENSG00000248690.9","ENSG00000248690","HAS2-AS1","lncRNA",17.7389349969574,-1.60357255142124,1.25023851460148e-06,7.10527707984494e-06,"Downregulated",17.7389349969574,-1.12847984416041,0.000464269527091244,0.000798693493186883,"Downregulated","Shared_downregulated",0.000798693493186883
"ENSG00000128564.10","ENSG00000128564","VGF","protein_coding",25.9855531609292,-1.08458644877485,0.000248899386061476,0.000855562121158187,"Downregulated",25.9855531609292,-1.36963372964,1.97121582316853e-07,4.71478126908043e-07,"Downregulated","Shared_downregulated",0.000855562121158187
"ENSG00000149050.12","ENSG00000149050","ZNF214","protein_coding",22.9276227276123,-1.05105312736634,0.000249926874349368,0.000858140679556023,"Downregulated",22.9276227276123,-3.67370608144356,2.16552240905856e-06,4.70929633134404e-06,"Downregulated","Shared_downregulated",0.000858140679556023
"ENSG00000293313.2","ENSG00000293313","ZNF37BP","lncRNA",34.9266996022536,-1.33054898696186,0.000253673413411249,0.000870320811353177,"Downregulated",34.9266996022536,-4.3619127844215,8.31854622467225e-16,3.74386248099224e-15,"Downregulated","Shared_downregulated",0.000870320811353177
"ENSG00000173928.6","ENSG00000173928","SWSAP1","protein_coding",26.0500394936076,-1.04888737603264,0.000257397226682881,0.000880179473593278,"Downregulated",26.0500394936076,-2.00957478006467,6.58824784588872e-09,1.78294841797608e-08,"Downregulated","Shared_downregulated",0.000880179473593278
"ENSG00000235106.13","ENSG00000235106","BRD3OS","protein_coding",77.1963831470821,-1.15397638310387,0.00026542849744324,0.000904441520091097,"Downregulated",77.1963831470821,-3.21829276023508,7.87628164290652e-22,5.25520596542363e-21,"Downregulated","Shared_downregulated",0.000904441520091097
"ENSG00000249743.9","ENSG00000249743","ENSG00000249743","lncRNA",10.4355099729173,-1.67845547479316,0.000265915026199142,0.000905886356294773,"Downregulated",10.4355099729173,-3.59893665383457,6.87325710916189e-07,1.5592868194423e-06,"Downregulated","Shared_downregulated",0.000905886356294773
"ENSG00000129646.17","ENSG00000129646","QRICH2","protein_coding",16.3358876407149,-1.31257695353783,0.000270362210776216,0.000918230409788825,"Downregulated",16.3358876407149,-1.73766931749688,1.74997666426944e-05,3.50140298475669e-05,"Downregulated","Shared_downregulated",0.000918230409788825
"ENSG00000287828.2","ENSG00000287828","ENSG00000287828","lncRNA",266.119787832606,-1.57034598984694,1.38827123548455e-07,9.51244763340054e-07,"Downregulated",266.119787832606,-3.80601041659693,0.000553113546324299,0.000944359273483946,"Downregulated","Shared_downregulated",0.000944359273483946
"ENSG00000274425.1","ENSG00000274425","ENSG00000274425","lncRNA",23.0555972618986,-1.13992608480203,0.000285828661062093,0.000963085086285016,"Downregulated",23.0555972618986,-3.96865166962976,5.68329667984276e-11,1.79948296885037e-10,"Downregulated","Shared_downregulated",0.000963085086285016
"ENSG00000258744.4","ENSG00000258744","ENSG00000258744","lncRNA",11.9850395664734,-1.50037500049791,0.00029292233361007,0.000984072345527646,"Downregulated",11.9850395664734,-2.99415361935124,1.08433216397945e-05,2.21544363744398e-05,"Downregulated","Shared_downregulated",0.000984072345527646
"ENSG00000289858.1","ENSG00000289858","ENSG00000289858","lncRNA",21.074031085498,-1.10910390802213,0.00029942409402072,0.00100352774527018,"Downregulated",21.074031085498,-3.1613595401306,1.30107564620851e-11,4.33054392853782e-11,"Downregulated","Shared_downregulated",0.00100352774527018
"ENSG00000197757.9","ENSG00000197757","HOXC6","protein_coding",22.842000994774,-1.17761292587461,3.3255129370979e-06,1.7385762440268e-05,"Downregulated",22.842000994774,-2.68710687691042,0.00059097167825605,0.00100532475188246,"Downregulated","Shared_downregulated",0.00100532475188246
"ENSG00000291068.2","ENSG00000291068","ENSG00000291068","lncRNA",11.0638359041614,-2.00181731671956,0.000318077767323585,0.00105967425380538,"Downregulated",11.0638359041614,-1.7640878958891,2.61206886175637e-05,5.13345564748757e-05,"Downregulated","Shared_downregulated",0.00105967425380538
"ENSG00000131171.15","ENSG00000131171","SH3BGRL","protein_coding",41.1956275052464,-1.58476086779495,0.000319879352245141,0.00106494178101001,"Downregulated",41.1956275052464,-1.14856151648448,5.11461273852735e-09,1.39613802612052e-08,"Downregulated","Shared_downregulated",0.00106494178101001
"ENSG00000136450.14","ENSG00000136450","SRSF1","protein_coding",665.534642601238,-1.17682771013077,0.000329535009246134,0.00109457285216479,"Downregulated",665.534642601238,-2.50288639882478,3.40401959770539e-14,1.36499867210699e-13,"Downregulated","Shared_downregulated",0.00109457285216479
"ENSG00000236859.9","ENSG00000236859","NIFK-AS1","lncRNA",27.2281948672687,-1.24318487286585,0.000336140332923887,0.0011140169222666,"Downregulated",27.2281948672687,-2.11221132169458,2.16091919953439e-09,6.09854742739092e-09,"Downregulated","Shared_downregulated",0.0011140169222666
"ENSG00000197363.13","ENSG00000197363","ZNF517","protein_coding",27.4464375043416,-1.0260380859471,0.000341044696621884,0.00112814876590832,"Downregulated",27.4464375043416,-2.26850684326082,1.05395815990828e-12,3.77694402902838e-12,"Downregulated","Shared_downregulated",0.00112814876590832
"ENSG00000162086.18","ENSG00000162086","ZNF75A","protein_coding",34.0874972463991,-1.15379802027466,0.000343227914724405,0.00113433499206068,"Downregulated",34.0874972463991,-2.62353279502668,2.83914655685166e-10,8.57364282181585e-10,"Downregulated","Shared_downregulated",0.00113433499206068
"ENSG00000232931.7","ENSG00000232931","LINC00342","lncRNA",16.4457262604311,-1.36134928997955,0.00036192956238657,0.00118909163865477,"Downregulated",16.4457262604311,-3.63698888145883,2.98266141278573e-12,1.04055679330984e-11,"Downregulated","Shared_downregulated",0.00118909163865477
"ENSG00000133943.23","ENSG00000133943","DGLUCY","protein_coding",13.0020294287371,-1.55695828469367,0.000366645109401523,0.00120317634133117,"Downregulated",13.0020294287371,-3.42062261915449,3.67201184948426e-11,1.17940593357105e-10,"Downregulated","Shared_downregulated",0.00120317634133117
"ENSG00000261211.3","ENSG00000261211","ENSG00000261211","lncRNA",10.4063813867809,-1.45605347138532,0.000398842589267291,0.00129567962422362,"Downregulated",10.4063813867809,-4.75330290111487,4.86417953191422e-06,1.02682723636564e-05,"Downregulated","Shared_downregulated",0.00129567962422362
"ENSG00000238249.2","ENSG00000238249","HMGN2P17","processed_pseudogene",27.1402677977076,-1.45395015280796,4.45172747711321e-08,3.31864375505786e-07,"Downregulated",27.1402677977076,-1.1862504036715,0.000773337734789425,0.00130044215044887,"Downregulated","Shared_downregulated",0.00130044215044887
"ENSG00000230513.5","ENSG00000230513","THAP7-AS1","lncRNA",9.38611704216704,-1.60130327021332,0.000437075389612569,0.00140695169841523,"Downregulated",9.38611704216704,-2.8384868482235,3.6230619628558e-05,7.00539212350985e-05,"Downregulated","Shared_downregulated",0.00140695169841523
"ENSG00000257135.9","ENSG00000257135","ODC1-DT","lncRNA",24.292928271739,-1.26636780332263,0.000448924036740043,0.00143933786292847,"Downregulated",24.292928271739,-2.26124104005724,8.62752849926702e-16,3.87570189123923e-15,"Downregulated","Shared_downregulated",0.00143933786292847
"ENSG00000183401.14","ENSG00000183401","CCDC159","protein_coding",28.4452366131906,-1.04737275609567,0.000454906664033766,0.00145626405460069,"Downregulated",28.4452366131906,-1.35724343134445,7.79243499538903e-08,1.92973287684856e-07,"Downregulated","Shared_downregulated",0.00145626405460069
"ENSG00000259877.3","ENSG00000259877","ZNF778-DT","lncRNA",5.81376559884826,-2.17431908994666,0.00045762067601834,0.00146365897966404,"Downregulated",5.81376559884826,-4.1591915373407,9.28189830055106e-05,0.000172452910476392,"Downregulated","Shared_downregulated",0.00146365897966404
"ENSG00000258334.2","ENSG00000258334","TROAP-AS1","lncRNA",16.7878543838862,-3.68987387313352,0.000482729924583199,0.00153684579680574,"Downregulated",16.7878543838862,-5.40015338696393,2.96539031809153e-15,1.28665977514319e-14,"Downregulated","Shared_downregulated",0.00153684579680574
"ENSG00000273265.2","ENSG00000273265","CNNM3-DT","lncRNA",14.8458941359506,-1.16992872273642,0.000491423953071854,0.00156006920655363,"Downregulated",14.8458941359506,-3.17563216566517,2.81490406754976e-08,7.23162378070042e-08,"Downregulated","Shared_downregulated",0.00156006920655363
"ENSG00000135773.15","ENSG00000135773","CAPN9","protein_coding",23.3054484278382,-1.84516529088563,4.26302712571494e-08,3.19110480918703e-07,"Downregulated",23.3054484278382,-3.5080701238504,0.000966450191905306,0.00160488096494691,"Downregulated","Shared_downregulated",0.00160488096494691
"ENSG00000215182.8","ENSG00000215182","MUC5AC","protein_coding",6.28241279439912,-3.27867244798531,5.8801397490485e-05,0.000232573649681252,"Downregulated",6.28241279439912,-1.84223834496201,0.00106146118026961,0.00175521399183788,"Downregulated","Shared_downregulated",0.00175521399183788
"ENSG00000104883.10","ENSG00000104883","PEX11G","protein_coding",10.2911309295317,-1.36347413118094,0.000565200634477303,0.00177061988647753,"Downregulated",10.2911309295317,-3.46159014115462,1.06246123519672e-05,2.17320934657316e-05,"Downregulated","Shared_downregulated",0.00177061988647753
"ENSG00000177943.16","ENSG00000177943","MAMDC4","protein_coding",13.4413656367126,-1.39453772214,0.0005867740796429,0.00183068459896338,"Downregulated",13.4413656367126,-2.53819114747981,4.59922521939221e-07,1.06116815601707e-06,"Downregulated","Shared_downregulated",0.00183068459896338
"ENSG00000169413.5","ENSG00000169413","RNASE6","protein_coding",9.17589842997414,-1.37706530585796,0.000588511999270701,0.00183531652537788,"Downregulated",9.17589842997414,-4.15207456281312,0.000132634963033517,0.000242114357511239,"Downregulated","Shared_downregulated",0.00183531652537788
"ENSG00000249572.4","ENSG00000249572","TARS1-DT","lncRNA",8.43621975605181,-1.7515892632871,0.000590157318862195,0.00184005160605657,"Downregulated",8.43621975605181,-3.81175400605029,1.42425189011472e-06,3.14878083776393e-06,"Downregulated","Shared_downregulated",0.00184005160605657
"ENSG00000268471.7","ENSG00000268471","MIR4453HG","lncRNA",12.3127339975358,-1.33095707925323,0.00059078707520275,0.0018416189059665,"Downregulated",12.3127339975358,-1.49104155864917,0.000371768830269688,0.000647090306061532,"Downregulated","Shared_downregulated",0.0018416189059665
"ENSG00000237380.8","ENSG00000237380","HOXD-AS2","lncRNA",7.62928220470346,-2.28712013170724,0.000592001745889328,0.00184500845192003,"Downregulated",7.62928220470346,-2.27177544463487,2.35514717244127e-05,4.65314148916413e-05,"Downregulated","Shared_downregulated",0.00184500845192003
"ENSG00000151834.18","ENSG00000151834","GABRA2","protein_coding",22.3418295843016,-1.81907231684972,6.45420039678534e-11,7.96036358725218e-10,"Downregulated",22.3418295843016,-2.57115588807512,0.00112127139471757,0.00184863083643312,"Downregulated","Shared_downregulated",0.00184863083643312
"ENSG00000233930.5","ENSG00000233930","KRTAP5-AS1","lncRNA",35.3004813238554,-1.27906950856951,0.000594759882641199,0.00185201122029142,"Downregulated",35.3004813238554,-3.04235010807037,1.38465568522521e-18,7.50146923001259e-18,"Downregulated","Shared_downregulated",0.00185201122029142
"ENSG00000260236.3","ENSG00000260236","PTPN23-DT","lncRNA",6.21975869097438,-2.0918128444819,0.000598852914142976,0.00186315509483899,"Downregulated",6.21975869097438,-5.16588537121567,1.65547933896948e-06,3.63613315858529e-06,"Downregulated","Shared_downregulated",0.00186315509483899
"ENSG00000135838.16","ENSG00000135838","NPL","protein_coding",18.5890776797383,-1.23891956721666,0.000692832742418707,0.00212903564527818,"Downregulated",18.5890776797383,-1.98714608765848,2.13603907332021e-09,6.03067957345734e-09,"Downregulated","Shared_downregulated",0.00212903564527818
"ENSG00000259230.2","ENSG00000259230","LINC02323","lncRNA",12.4815825501569,-1.52301806149328,8.77851439213275e-05,0.000333293766232088,"Downregulated",12.4815825501569,-3.56352348624662,0.00133109469956854,0.0021730567067869,"Downregulated","Shared_downregulated",0.0021730567067869
"ENSG00000145920.17","ENSG00000145920","CPLX2","protein_coding",7.89914918407532,-2.46030858561882,7.98203902382776e-07,4.73915485623824e-06,"Downregulated",7.89914918407532,-3.55554036434987,0.00140668546912763,0.00228769900332146,"Downregulated","Shared_downregulated",0.00228769900332146
"ENSG00000266208.2","ENSG00000266208","GJD3-AS1","lncRNA",18.0980946512714,-1.15289177534949,0.000786082360676989,0.00238374253419773,"Downregulated",18.0980946512714,-3.58726304686665,3.22010084566129e-13,1.20148561934406e-12,"Downregulated","Shared_downregulated",0.00238374253419773
"ENSG00000225265.3","ENSG00000225265","TAF1A-AS1","lncRNA",8.49534078619197,-1.66170164754121,0.000303944953760323,0.00101562607099253,"Downregulated",8.49534078619197,-1.80956321825455,0.00149729946284382,0.00242553809697436,"Downregulated","Shared_downregulated",0.00242553809697436
"ENSG00000078579.10","ENSG00000078579","FGF20","protein_coding",17.9996387998728,-1.28178944378514,0.000871482658955845,0.00262186562042518,"Downregulated",17.9996387998728,-2.44594155246353,1.37717387847612e-07,3.34360928913989e-07,"Downregulated","Shared_downregulated",0.00262186562042518
"ENSG00000157890.21","ENSG00000157890","MEGF11","protein_coding",7.20526889993417,-1.87016699671107,0.000508719455289951,0.00160828148910602,"Downregulated",7.20526889993417,-2.66022027121229,0.0016531011292059,0.00266571064475931,"Downregulated","Shared_downregulated",0.00266571064475931
"ENSG00000236908.3","ENSG00000236908","LINC02827","lncRNA",9.37945578952983,-1.60892533033084,0.000900422606167164,0.00270220012602496,"Downregulated",9.37945578952983,-3.03210509442032,2.48381371646004e-07,5.87968447875514e-07,"Downregulated","Shared_downregulated",0.00270220012602496
"ENSG00000196335.14","ENSG00000196335","STK31","protein_coding",22.2637722592786,-1.16599441478557,0.000958381912201781,0.00285133867206492,"Downregulated",22.2637722592786,-2.79544524771702,3.59300753664498e-15,1.5510832654471e-14,"Downregulated","Shared_downregulated",0.00285133867206492
"ENSG00000289915.2","ENSG00000289915","ENSG00000289915","lncRNA",28.6194732527801,-1.79515626281213,1.22335199978845e-12,1.94394925229542e-11,"Downregulated",28.6194732527801,-1.55969430242358,0.00180235654632383,0.00289191220873838,"Downregulated","Shared_downregulated",0.00289191220873838
"ENSG00000255135.6","ENSG00000255135","EMSY-DT","lncRNA",23.7247715634571,-1.00173717184221,0.000979696629662913,0.00290639990932957,"Downregulated",23.7247715634571,-1.28112199665407,0.000699437008549911,0.00118193110166806,"Downregulated","Shared_downregulated",0.00290639990932957
"ENSG00000160602.16","ENSG00000160602","NEK8","protein_coding",20.2145368155379,-1.0711803295533,0.00106540345084656,0.00312420615331209,"Downregulated",20.2145368155379,-2.69679213844108,1.13581176501548e-12,4.06323971824348e-12,"Downregulated","Shared_downregulated",0.00312420615331209
"ENSG00000300428.1","ENSG00000300428","ENSG00000300428","lncRNA",7.11870544219176,-1.55307995471743,0.00106615551491097,0.00312577902530646,"Downregulated",7.11870544219176,-2.61816011480389,0.00136805486333432,0.00222937715950084,"Downregulated","Shared_downregulated",0.00312577902530646
"ENSG00000236756.5","ENSG00000236756","DNAJC9-AS1","lncRNA",11.8555578762642,-1.27234758449625,0.00110203883301656,0.00322250741890152,"Downregulated",11.8555578762642,-1.68658838179531,0.000120519223618376,0.000221112114024245,"Downregulated","Shared_downregulated",0.00322250741890152
"ENSG00000160323.21","ENSG00000160323","ADAMTS13","protein_coding",26.0526997334784,-1.05301330197992,0.00119745361481923,0.00346723232486719,"Downregulated",26.0526997334784,-2.52557718430467,3.81254634112204e-13,1.41525157724233e-12,"Downregulated","Shared_downregulated",0.00346723232486719
"ENSG00000230865.1","ENSG00000230865","TSEN15P1","processed_pseudogene",9.18604154663253,-1.83618776500158,0.00120676364723444,0.00349092854587585,"Downregulated",9.18604154663253,-1.75224196345966,0.00035947889802675,0.000626752669658765,"Downregulated","Shared_downregulated",0.00349092854587585
"ENSG00000112195.10","ENSG00000112195","TREML2","protein_coding",80.2782399121957,-1.08385285468629,0.000184473779011396,0.000653641566120573,"Downregulated",80.2782399121957,-3.39823465424953,0.00221086615678178,0.00351198863795699,"Downregulated","Shared_downregulated",0.00351198863795699
"ENSG00000204261.9","ENSG00000204261","PSMB8-AS1","lncRNA",14.9086634082103,-1.08399881127585,0.00122638309776723,0.00354109261861779,"Downregulated",14.9086634082103,-2.59897155304234,3.20561833673106e-06,6.86911443677458e-06,"Downregulated","Shared_downregulated",0.00354109261861779
"ENSG00000204764.16","ENSG00000204764","RANBP17","protein_coding",9.90039083223542,-1.66239993039285,0.0012573348525422,0.00362036492808295,"Downregulated",9.90039083223542,-1.65027030797503,0.00138259138265531,0.00225179976595198,"Downregulated","Shared_downregulated",0.00362036492808295
"ENSG00000161955.18","ENSG00000161955","TNFSF13","protein_coding",28.2325132174232,-1.15584253970491,0.00127622499331961,0.00366816093969877,"Downregulated",28.2325132174232,-2.10320355629748,1.37307055749586e-12,4.89749902023872e-12,"Downregulated","Shared_downregulated",0.00366816093969877
"ENSG00000160188.12","ENSG00000160188","RSPH1","protein_coding",11.4097637591465,-1.90036298989064,0.0012847249246326,0.0036882396211917,"Downregulated",11.4097637591465,-2.05680662726647,2.73472559513624e-07,6.44312198418378e-07,"Downregulated","Shared_downregulated",0.0036882396211917
"ENSG00000278385.1","ENSG00000278385","ENSG00000278385","lncRNA",12.0217420011124,-1.42367648780108,0.00130418904803682,0.00373597700813395,"Downregulated",12.0217420011124,-5.64123190839972,4.41066464982395e-08,1.11435411620029e-07,"Downregulated","Shared_downregulated",0.00373597700813395
"ENSG00000272831.3","ENSG00000272831","ENSG00000272831","lncRNA",21.7532282172107,-1.11816217971298,0.00131681668298105,0.00376869458346644,"Downregulated",21.7532282172107,-1.02346875296943,0.000752897774258599,0.00126709958710436,"Downregulated","Shared_downregulated",0.00376869458346644
"ENSG00000115318.14","ENSG00000115318","LOXL3","protein_coding",17.7047965308792,-1.17799283288116,0.00132264146470296,0.00378434750374635,"Downregulated",17.7047965308792,-2.33476936999576,1.29774206746011e-07,3.15498708968829e-07,"Downregulated","Shared_downregulated",0.00378434750374635
"ENSG00000150773.14","ENSG00000150773","PIH1D2","protein_coding",7.20421821410979,-2.4234154547958,0.00134011563350973,0.00382905279196039,"Downregulated",7.20421821410979,-2.50027738474356,4.01432875585738e-06,8.53891858650889e-06,"Downregulated","Shared_downregulated",0.00382905279196039
"ENSG00000234614.2","ENSG00000234614","C2CD4D-AS1","lncRNA",10.8348535876666,-1.37759124812224,0.00137675726953571,0.00392369053099539,"Downregulated",10.8348535876666,-3.29070983644326,1.15593801169219e-07,2.82493316449295e-07,"Downregulated","Shared_downregulated",0.00392369053099539
"ENSG00000259319.3","ENSG00000259319","JDP2-AS1","lncRNA",8.86501433969497,-1.36552613236863,0.00138590847197692,0.00394899441130348,"Downregulated",8.86501433969497,-5.31687512291231,5.66294772176455e-07,1.29362292534382e-06,"Downregulated","Shared_downregulated",0.00394899441130348
"ENSG00000286873.2","ENSG00000286873","ENSG00000286873","lncRNA",4.65791832374523,-2.0469987064165,0.00143180112689096,0.00406378024498704,"Downregulated",4.65791832374523,-3.85877230770916,0.000984115814509206,0.0016327196776036,"Downregulated","Shared_downregulated",0.00406378024498704
"ENSG00000231856.5","ENSG00000231856","ENSG00000231856","lncRNA",15.1627207937485,-1.11616942787492,0.00146462394147454,0.00414557229684553,"Downregulated",15.1627207937485,-2.78714210981637,2.0465963410362e-07,4.88862274176637e-07,"Downregulated","Shared_downregulated",0.00414557229684553
"ENSG00000290555.2","ENSG00000290555","LINC00680","lncRNA",17.1006740905015,-1.24646705166183,0.00148491759126402,0.00419727437733532,"Downregulated",17.1006740905015,-1.09799347537285,0.000450838931768507,0.000777064438533445,"Downregulated","Shared_downregulated",0.00419727437733532
"ENSG00000135406.16","ENSG00000135406","PRPH","protein_coding",44.0073407705618,-2.31474910083057,0.00150049981914232,0.00423553630288479,"Downregulated",44.0073407705618,-2.99236461566234,1.22234088690864e-29,1.32491878332685e-28,"Downregulated","Shared_downregulated",0.00423553630288479
"ENSG00000288852.2","ENSG00000288852","ENSG00000288852","lncRNA",8.84996832880015,-1.63132388225546,0.00150748794803202,0.00425443336764947,"Downregulated",8.84996832880015,-2.13871840648408,3.63042872614403e-05,7.01869971975444e-05,"Downregulated","Shared_downregulated",0.00425443336764947
"ENSG00000296053.1","ENSG00000296053","ENSG00000296053","lncRNA",28.0890763486667,-1.3085997687337,1.88043549063413e-05,8.32403673199413e-05,"Downregulated",28.0890763486667,-3.40868359002979,0.00279554752555649,0.00438690576506384,"Downregulated","Shared_downregulated",0.00438690576506384
"ENSG00000188089.14","ENSG00000188089","PLA2G4E","protein_coding",7.38311064191756,-1.57413846855321,0.000356254232205173,0.00117257241269983,"Downregulated",7.38311064191756,-3.41796398479587,0.00290418556903767,0.00454655474413891,"Downregulated","Shared_downregulated",0.00454655474413891
"ENSG00000156968.10","ENSG00000156968","MPV17L","protein_coding",8.44873554750207,-1.5209662173765,0.00163140537856677,0.00456856555481926,"Downregulated",8.44873554750207,-4.12222936445744,0.000293232029229848,0.000516282173198756,"Downregulated","Shared_downregulated",0.00456856555481926
"ENSG00000198440.11","ENSG00000198440","ZNF583","protein_coding",8.93616146256212,-1.68721286491878,0.00169909278806749,0.00473251060631828,"Downregulated",8.93616146256212,-4.29092095346846,3.32313794738381e-08,8.50263332159006e-08,"Downregulated","Shared_downregulated",0.00473251060631828
"ENSG00000293303.2","ENSG00000293303","ENSG00000293303","lncRNA",8.60572267832359,-1.94214793708641,0.00176231463342773,0.00488887129931751,"Downregulated",8.60572267832359,-1.88224478875077,0.000112744251915426,0.000207372724807508,"Downregulated","Shared_downregulated",0.00488887129931751
"ENSG00000143248.15","ENSG00000143248","RGS5","protein_coding",16.0872886353918,-1.48762283218714,6.53325852361139e-06,3.19972904779237e-05,"Downregulated",16.0872886353918,-1.16814391276839,0.00323688078145581,0.00503260125360558,"Downregulated","Shared_downregulated",0.00503260125360558
"ENSG00000255121.2","ENSG00000255121","CENATAC-DT","lncRNA",5.30549089641303,-1.96996726140371,0.00183211340104934,0.00505925827134281,"Downregulated",5.30549089641303,-4.38082745309661,9.38644089986384e-05,0.000174216574693682,"Downregulated","Shared_downregulated",0.00505925827134281
"ENSG00000153896.20","ENSG00000153896","ZNF599","protein_coding",10.0873833792735,-1.65184230986914,0.00186564726104844,0.00513946900170025,"Downregulated",10.0873833792735,-2.89191438771751,9.83554333695142e-08,2.41710520670002e-07,"Downregulated","Shared_downregulated",0.00513946900170025
"ENSG00000281468.1","ENSG00000281468","ENSG00000281468","lncRNA",6.99535603400651,-1.97567410322186,0.00197686064576908,0.00541255705242499,"Downregulated",6.99535603400651,-1.8979367898817,0.00138661267048429,0.00225809538382495,"Downregulated","Shared_downregulated",0.00541255705242499
"ENSG00000237638.4","ENSG00000237638","LINC02245","lncRNA",20.7156650370975,-1.01539281284636,0.00202724914248533,0.0055369194445717,"Downregulated",20.7156650370975,-1.38694253551747,6.53233938191361e-07,1.48357095005002e-06,"Downregulated","Shared_downregulated",0.0055369194445717
"ENSG00000140104.15","ENSG00000140104","CLBA1","protein_coding",37.1891246283799,-1.21377515391136,0.00210683230690868,0.00572944526022154,"Downregulated",37.1891246283799,-3.39420898780775,7.50949166737913e-35,1.12309136474364e-33,"Downregulated","Shared_downregulated",0.00572944526022154
"ENSG00000229043.4","ENSG00000229043","ZFAND2A-DT","lncRNA",25.2411629114276,-1.04215565339346,0.00212366147184941,0.00576871641050453,"Downregulated",25.2411629114276,-1.00388059969819,8.02443215915666e-05,0.000150148574371205,"Downregulated","Shared_downregulated",0.00576871641050453
"ENSG00000274349.7","ENSG00000274349","ZNF658","protein_coding",5.62895139635545,-1.77755652882132,0.0022601773679444,0.00609839702406447,"Downregulated",5.62895139635545,-4.31201795166002,0.000106924872748616,0.000197144434589433,"Downregulated","Shared_downregulated",0.00609839702406447
"ENSG00000099284.16","ENSG00000099284","MACROH2A2","protein_coding",83.187579090624,-1.05383028730776,9.16007288174365e-11,1.09799649464209e-09,"Downregulated",83.187579090624,-1.52010966132497,0.0040367170569132,0.00620493249774991,"Downregulated","Shared_downregulated",0.00620493249774991
"ENSG00000287051.1","ENSG00000287051","KRT86-AS1","lncRNA",11.6547148014696,-1.14567570003523,0.00231331696530948,0.00623597274205079,"Downregulated",11.6547148014696,-1.93998435790617,0.000286131046137026,0.000504638082100253,"Downregulated","Shared_downregulated",0.00623597274205079
"ENSG00000183250.14","ENSG00000183250","LINC01547","lncRNA",8.49176206157741,-1.79212273049533,0.00236620452354875,0.00636788040023556,"Downregulated",8.49176206157741,-4.32109503535965,4.26740905415636e-06,9.05996074023351e-06,"Downregulated","Shared_downregulated",0.00636788040023556
"ENSG00000170166.7","ENSG00000170166","HOXD4","protein_coding",10.3748216806771,-3.68138275096,0.00248386538892852,0.00664258667952613,"Downregulated",10.3748216806771,-3.24117499334736,2.54349459556996e-07,6.0124671508682e-07,"Downregulated","Shared_downregulated",0.00664258667952613
"ENSG00000285796.2","ENSG00000285796","ENSG00000285796","lncRNA",10.2765269553242,-1.42253864873319,0.00249495217947916,0.00666977439310311,"Downregulated",10.2765269553242,-1.85290346835374,2.93282755847579e-05,5.7281047139395e-05,"Downregulated","Shared_downregulated",0.00666977439310311
"ENSG00000137877.10","ENSG00000137877","SPTBN5","protein_coding",6.76720744375067,-2.11753472284542,9.25188141995653e-05,0.000349708569478378,"Downregulated",6.76720744375067,-2.69422701815905,0.00440589617726158,0.00674237036968056,"Downregulated","Shared_downregulated",0.00674237036968056
"ENSG00000280693.2","ENSG00000280693","SH3PXD2A-AS1","lncRNA",12.4372233975263,-1.23870184509237,0.00252941758499081,0.00675567999293896,"Downregulated",12.4372233975263,-3.56260442820605,0.0014756925448015,0.00239347916723708,"Downregulated","Shared_downregulated",0.00675567999293896
"ENSG00000293664.1","ENSG00000293664","ENSG00000293664","lncRNA",7.07050941142656,-1.92568420131717,0.002615649660243,0.0069637031910024,"Downregulated",7.07050941142656,-4.30261751540338,2.31904101938763e-06,5.03106922948585e-06,"Downregulated","Shared_downregulated",0.0069637031910024
"ENSG00000247796.3","ENSG00000247796","MOCS2-DT","lncRNA",17.1710351651157,-1.08106749744902,0.00265717085519414,0.0070630447603583,"Downregulated",17.1710351651157,-6.16302376317396,1.53173724457783e-09,4.37570198076521e-09,"Downregulated","Shared_downregulated",0.0070630447603583
"ENSG00000269386.7","ENSG00000269386","RAB11B-AS1","lncRNA",22.6787299583162,-1.00648276175379,0.00266672885228618,0.00708561357797513,"Downregulated",22.6787299583162,-1.3969786571687,9.13572697648229e-05,0.000169867789765437,"Downregulated","Shared_downregulated",0.00708561357797513
"ENSG00000184619.9","ENSG00000184619","KRABD2","protein_coding",11.5410203360975,-1.38513571809295,0.00279905241109262,0.00739541796564343,"Downregulated",11.5410203360975,-2.03096427075298,1.10513509048692e-06,2.4692595947173e-06,"Downregulated","Shared_downregulated",0.00739541796564343
"ENSG00000180938.8","ENSG00000180938","ZNF572","protein_coding",20.0754641533262,-1.11533536822504,0.00288757664144512,0.00759607200722865,"Downregulated",20.0754641533262,-3.51032923794592,6.28404412276836e-11,1.98362812953951e-10,"Downregulated","Shared_downregulated",0.00759607200722865
"ENSG00000267309.2","ENSG00000267309","ZNF566-AS1","lncRNA",7.59377390358937,-1.95621156429787,0.00290894976957054,0.00764044302690943,"Downregulated",7.59377390358937,-2.63318700207993,5.93234652974532e-06,1.24290249976969e-05,"Downregulated","Shared_downregulated",0.00764044302690943
"ENSG00000288649.2","ENSG00000288649","ACTL10","protein_coding",28.1076813929484,-1.11646458704159,0.00290856485015436,0.00764044302690943,"Downregulated",28.1076813929484,-4.57036602223623,1.69260532927371e-08,4.43246050448765e-08,"Downregulated","Shared_downregulated",0.00764044302690943
"ENSG00000186765.13","ENSG00000186765","FSCN2","protein_coding",38.2719590374981,-1.14358576407136,0.00294992815223588,0.00773762149904114,"Downregulated",38.2719590374981,-4.3855572549078,3.05604718855416e-11,9.87034451894961e-11,"Downregulated","Shared_downregulated",0.00773762149904114
"ENSG00000005448.19","ENSG00000005448","WDR54","protein_coding",11.4817534307331,-1.51735028237692,0.00295344396183616,0.00774544153002709,"Downregulated",11.4817534307331,-2.13191876835385,0.000308642643832303,0.000541769524517653,"Downregulated","Shared_downregulated",0.00774544153002709
"ENSG00000127325.21","ENSG00000127325","BEST3","protein_coding",14.3238144318071,-2.49810863980044,6.97628734992726e-08,5.02237239320148e-07,"Downregulated",14.3238144318071,-3.27664374839858,0.0053912360637221,0.00816659277050911,"Downregulated","Shared_downregulated",0.00816659277050911
"ENSG00000280161.1","ENSG00000280161","ENSG00000280161","TEC",4.11634528790418,-2.43076509544635,0.003163641754723,0.00822376615416066,"Downregulated",4.11634528790418,-3.14261902294811,0.00117524968006672,0.00193410383415022,"Downregulated","Shared_downregulated",0.00822376615416066
"ENSG00000257956.1","ENSG00000257956","NOP56P3","processed_pseudogene",17.0009960395453,-1.00339762000117,0.00320417424473836,0.00831719383033286,"Downregulated",17.0009960395453,-1.23905798355196,0.000465405522760283,0.000800457730339666,"Downregulated","Shared_downregulated",0.00831719383033286
"ENSG00000291081.2","ENSG00000291081","ENSG00000291081","lncRNA",8.57169281780516,-1.4458330635369,0.00331173413614725,0.00856723511264655,"Downregulated",8.57169281780516,-2.63359166055672,5.15649633248148e-06,1.0855308665067e-05,"Downregulated","Shared_downregulated",0.00856723511264655
"ENSG00000307433.1","ENSG00000307433","ENSG00000307433","lncRNA",7.9263025355857,-1.34531575033576,0.00334773828310938,0.00864340338478909,"Downregulated",7.9263025355857,-3.33015972583928,2.7776837225243e-05,5.44416993600516e-05,"Downregulated","Shared_downregulated",0.00864340338478909
"ENSG00000108176.17","ENSG00000108176","DNAJC12","protein_coding",7.59391347333504,-2.76837177231618,2.29226027635293e-07,1.51410373404315e-06,"Downregulated",7.59391347333504,-3.12572514740687,0.00584439832644185,0.0088143428605261,"Downregulated","Shared_downregulated",0.0088143428605261
"ENSG00000262877.6","ENSG00000262877","ENSG00000262877","lncRNA",8.83856193733517,-1.72343855813926,0.000662407329692439,0.00204464473309964,"Downregulated",8.83856193733517,-1.2895723444751,0.00589039609554647,0.00887909509222586,"Downregulated","Shared_downregulated",0.00887909509222586
"ENSG00000221817.13","ENSG00000221817","PPP3CB-AS1","lncRNA",17.9813591243221,-1.08965270336945,0.00348790325664757,0.00896059102913253,"Downregulated",17.9813591243221,-3.65290840763692,5.94585663848425e-07,1.35589857442823e-06,"Downregulated","Shared_downregulated",0.00896059102913253
"ENSG00000231226.2","ENSG00000231226","TRIM31-AS1","lncRNA",9.58776619970044,-1.58737658723603,0.000231311242252315,0.000800612018801182,"Downregulated",9.58776619970044,-1.83085046011604,0.00596525924887983,0.00898820306038329,"Downregulated","Shared_downregulated",0.00898820306038329
"ENSG00000289378.2","ENSG00000289378","ENSG00000289378","lncRNA",10.950185897559,-1.24398448417793,0.00354821282093374,0.00909135434953532,"Downregulated",10.950185897559,-6.05734727661061,1.01672095907807e-08,2.70751931991167e-08,"Downregulated","Shared_downregulated",0.00909135434953532
"ENSG00000286416.2","ENSG00000286416","ENSG00000286416","lncRNA",5.94304006490503,-2.09059060201096,0.00367307543827961,0.00935668997214768,"Downregulated",5.94304006490503,-2.22802651554641,0.000586989742435486,0.000999254710134508,"Downregulated","Shared_downregulated",0.00935668997214768
"ENSG00000205181.9","ENSG00000205181","LINC00654","lncRNA",18.9316960180723,-1.28142044050586,0.00374247499905437,0.00950849316054223,"Downregulated",18.9316960180723,-4.12092214101654,3.86462236928039e-12,1.33698036227289e-11,"Downregulated","Shared_downregulated",0.00950849316054223
"ENSG00000267152.1","ENSG00000267152","ENSG00000267152","lncRNA",11.8945618545133,-2.29274883423101,0.00179969973620763,0.00497828756959744,"Downregulated",11.8945618545133,-1.19432399452336,0.00654429298662001,0.00980865590672223,"Downregulated","Shared_downregulated",0.00980865590672223
"ENSG00000177640.17","ENSG00000177640","CASC2","lncRNA",10.9089793054239,-1.62512692045314,0.00394338678784804,0.00997339639258182,"Downregulated",10.9089793054239,-5.91305645594043,2.11229917167895e-07,5.04140968313098e-07,"Downregulated","Shared_downregulated",0.00997339639258182
"ENSG00000154240.20","ENSG00000154240","CEP112","protein_coding",17.057650037951,-1.0659133814505,0.00421827423813216,0.0105754334471091,"Downregulated",17.057650037951,-2.0452859701006,5.96694678012512e-07,1.36049390713614e-06,"Downregulated","Shared_downregulated",0.0105754334471091
"ENSG00000135976.22","ENSG00000135976","ANKRD36","protein_coding",15.9899002645177,-1.14625895990215,0.00424114395725324,0.0106245124515143,"Downregulated",15.9899002645177,-1.35732081176353,5.45294528229205e-05,0.000103856069169374,"Downregulated","Shared_downregulated",0.0106245124515143
"ENSG00000238058.3","ENSG00000238058","CAMSAP1-DT","lncRNA",14.5441176498487,-1.06358606155521,0.00426871571332306,0.010682477658,"Downregulated",14.5441176498487,-1.95353297550605,1.6086200217113e-05,3.23375244203636e-05,"Downregulated","Shared_downregulated",0.010682477658
"ENSG00000223685.9","ENSG00000223685","LINC00571","lncRNA",6.54468723674187,-1.52430402531077,0.00439893221201372,0.0109704569981936,"Downregulated",6.54468723674187,-4.58923281495657,4.8909586028493e-05,9.36077285690598e-05,"Downregulated","Shared_downregulated",0.0109704569981936
"ENSG00000181449.4","ENSG00000181449","SOX2","protein_coding",13.5356690810269,-1.01347548436871,0.00414321766001552,0.010414703340679,"Downregulated",13.5356690810269,-1.76125743502811,0.00738267650859468,0.0109947331171056,"Downregulated","Shared_downregulated",0.0109947331171056
"ENSG00000234432.4","ENSG00000234432","LINC02983","lncRNA",17.0761068581664,-1.00059323755889,0.00444558447962097,0.0110678024381571,"Downregulated",17.0761068581664,-4.22761572783825,5.80860778236197e-11,1.83835649665843e-10,"Downregulated","Shared_downregulated",0.0110678024381571
"ENSG00000290374.2","ENSG00000290374","FAM86EP","lncRNA",12.5917484228431,-1.06825340296918,0.00450360176396472,0.0111910488277395,"Downregulated",12.5917484228431,-3.68301598170532,1.18857007131158e-08,3.15010195198381e-08,"Downregulated","Shared_downregulated",0.0111910488277395
"ENSG00000260565.10","ENSG00000260565","ERVK13-1","lncRNA",23.8111763014625,-1.01891295235797,0.00451815029413574,0.0112252758550686,"Downregulated",23.8111763014625,-3.18881646619513,1.46523632927147e-11,4.85797412120845e-11,"Downregulated","Shared_downregulated",0.0112252758550686
"ENSG00000164989.19","ENSG00000164989","CCDC171","protein_coding",8.06436557766693,-1.42712130389185,0.00268188491870395,0.00712090074053821,"Downregulated",8.06436557766693,-1.57432578920408,0.00792005271498059,0.0117503484792689,"Downregulated","Shared_downregulated",0.0117503484792689
"ENSG00000162755.16","ENSG00000162755","KLHDC9","protein_coding",11.5036841936006,-1.28264808610723,0.00482152658124265,0.0118852803564158,"Downregulated",11.5036841936006,-3.38553151846587,1.87132737159011e-07,4.48549061678528e-07,"Downregulated","Shared_downregulated",0.0118852803564158
"ENSG00000263843.1","ENSG00000263843","MIF4GD-DT","lncRNA",6.81228719535583,-1.55957041774982,0.00483403370842207,0.0119120585788901,"Downregulated",6.81228719535583,-2.80654646360674,6.06851675928322e-05,0.000115111184392058,"Downregulated","Shared_downregulated",0.0119120585788901
"ENSG00000138587.8","ENSG00000138587","MNS1","protein_coding",7.97793549675457,-2.39792036143859,0.00496082237577987,0.0121933917689623,"Downregulated",7.97793549675457,-1.59316941085666,0.000670778905549666,0.00113522455905941,"Downregulated","Shared_downregulated",0.0121933917689623
"ENSG00000160229.15","ENSG00000160229","ZNF66","protein_coding",9.13323471520944,-2.16702676545425,0.00512125295766366,0.0125313447185573,"Downregulated",9.13323471520944,-1.96929523852983,1.13512435624302e-05,2.3166064175009e-05,"Downregulated","Shared_downregulated",0.0125313447185573
"ENSG00000248866.2","ENSG00000248866","USP46-DT","lncRNA",6.40544678528047,-1.75652660378592,0.00512790505992489,0.0125381474824416,"Downregulated",6.40544678528047,-6.08269090693119,2.70174703168165e-08,6.95249616968565e-08,"Downregulated","Shared_downregulated",0.0125381474824416
"ENSG00000308240.1","ENSG00000308240","ENSG00000308240","lncRNA",5.35840022950465,-1.79068701820226,0.00523241013870932,0.0127592272808641,"Downregulated",5.35840022950465,-4.68884781581021,2.77982063939445e-05,5.44688489806712e-05,"Downregulated","Shared_downregulated",0.0127592272808641
"ENSG00000156427.10","ENSG00000156427","FGF18","protein_coding",37.5464427460449,-1.62228509603586,5.90919422531203e-11,7.31931989001896e-10,"Downregulated",37.5464427460449,-1.23318153389368,0.00885922353724886,0.0130634785817878,"Downregulated","Shared_downregulated",0.0130634785817878
"ENSG00000100206.13","ENSG00000100206","DMC1","protein_coding",5.60689810167781,-1.70042082990893,0.000905601480834136,0.00271549279127836,"Downregulated",5.60689810167781,-2.83965674422205,0.00916588021692363,0.0134827381347602,"Downregulated","Shared_downregulated",0.0134827381347602
"ENSG00000258404.2","ENSG00000258404","LINC02320","lncRNA",20.04510626262,-1.14400389553535,0.00559216435425142,0.0134956945581701,"Downregulated",20.04510626262,-1.06482013938619,0.000460242972592709,0.000792142655441038,"Downregulated","Shared_downregulated",0.0134956945581701
"ENSG00000183150.10","ENSG00000183150","GPR19","protein_coding",11.0991176726028,-1.05854325935923,0.00593272252220245,0.0142346050979732,"Downregulated",11.0991176726028,-3.98664328650517,7.41225569479344e-06,1.54004888213543e-05,"Downregulated","Shared_downregulated",0.0142346050979732
"ENSG00000277142.1","ENSG00000277142","LINC00235","lncRNA",6.33085822438787,-1.58275783455966,0.00603595379237304,0.0144416447678835,"Downregulated",6.33085822438787,-4.3072355536963,0.000197124912273424,0.000353337566934627,"Downregulated","Shared_downregulated",0.0144416447678835
"ENSG00000225680.2","ENSG00000225680","ENSG00000225680","lncRNA",8.18436789952329,-1.58639406224036,0.000507829867395489,0.00160652050606755,"Downregulated",8.18436789952329,-2.94237991740612,0.0101556645289022,0.0148587471330491,"Downregulated","Shared_downregulated",0.0148587471330491
"ENSG00000291102.2","ENSG00000291102","GUSBP1","lncRNA",7.84895852344945,-1.46118113489791,0.00632385233314084,0.0150658010869435,"Downregulated",7.84895852344945,-1.53552444457216,0.00399780677176872,0.0061483832894484,"Downregulated","Shared_downregulated",0.0150658010869435
"ENSG00000291049.2","ENSG00000291049","FAM86B3P","lncRNA",16.3299504003205,-1.44491879871963,0.00637532949100501,0.0151461106530565,"Downregulated",16.3299504003205,-1.47048449374425,1.68120273434506e-05,3.3689145500731e-05,"Downregulated","Shared_downregulated",0.0151461106530565
"ENSG00000137691.15","ENSG00000137691","CFAP300","protein_coding",6.25035735836809,-2.13515134963854,0.00638484396778542,0.0151662282873539,"Downregulated",6.25035735836809,-2.61427117180752,1.50044985255924e-05,3.02511397652873e-05,"Downregulated","Shared_downregulated",0.0151662282873539
"ENSG00000184378.5","ENSG00000184378","ACTRT3","protein_coding",8.05710206542824,-1.40524058229989,0.00658028562854494,0.0155844908202113,"Downregulated",8.05710206542824,-2.57217147527936,0.0010047178317761,0.00166499380424235,"Downregulated","Shared_downregulated",0.0155844908202113
"ENSG00000179406.11","ENSG00000179406","LINC00174","lncRNA",18.8684850507064,-1.24769331611134,0.00672635502568367,0.0158940709330194,"Downregulated",18.8684850507064,-2.84635521467977,9.87005121937595e-13,3.54929980821827e-12,"Downregulated","Shared_downregulated",0.0158940709330194
"ENSG00000274922.4","ENSG00000274922","ENSG00000274922","lncRNA",5.82138559534763,-1.57426534460245,0.00680347389616232,0.0160605870179482,"Downregulated",5.82138559534763,-3.59036128687169,8.853100265431e-05,0.000164845341188007,"Downregulated","Shared_downregulated",0.0160605870179482
"ENSG00000299185.1","ENSG00000299185","ENSG00000299185","lncRNA",8.06329755006399,-1.64059215299804,0.000166977210005694,0.000596164998128239,"Downregulated",8.06329755006399,-2.76200505836555,0.0111347076599558,0.0162012232337429,"Downregulated","Shared_downregulated",0.0162012232337429
"ENSG00000159915.15","ENSG00000159915","ZNF233","protein_coding",8.51171780025763,-1.44505172505334,0.00713083987948929,0.0167430479930856,"Downregulated",8.51171780025763,-4.91130208783031,4.24377487764025e-06,9.01242460825946e-06,"Downregulated","Shared_downregulated",0.0167430479930856
"ENSG00000256628.6","ENSG00000256628","ZBTB11-AS1","lncRNA",22.7812070359597,-1.05007325047124,0.00719487914237139,0.0168609619229053,"Downregulated",22.7812070359597,-4.22103902114714,6.15733323844759e-16,2.7928661437115e-15,"Downregulated","Shared_downregulated",0.0168609619229053
"ENSG00000154479.14","ENSG00000154479","CFAP210","protein_coding",6.16305077125836,-2.14929891175332,0.00723975676751032,0.0169435052401251,"Downregulated",6.16305077125836,-5.67172025625596,2.17431754351892e-07,5.18345284432904e-07,"Downregulated","Shared_downregulated",0.0169435052401251
"ENSG00000293473.2","ENSG00000293473","CENPBD1P","lncRNA",7.71758123475343,-1.23715993082123,0.00742555651868273,0.0173026430287162,"Downregulated",7.71758123475343,-4.87249878567639,6.75727754722323e-06,1.40941949070753e-05,"Downregulated","Shared_downregulated",0.0173026430287162
"ENSG00000139160.15","ENSG00000139160","ETFBKMT","protein_coding",11.2434412058858,-1.09406646440184,0.00761672478212421,0.0177062252523697,"Downregulated",11.2434412058858,-2.20265387083246,2.41684593147258e-05,4.76789153810246e-05,"Downregulated","Shared_downregulated",0.0177062252523697
"ENSG00000204956.7","ENSG00000204956","PCDHGA1","protein_coding",9.54277678880444,-1.23246564194957,0.00762288296246029,0.0177121725015191,"Downregulated",9.54277678880444,-2.5370713484404,2.26859736426235e-05,4.48581157086778e-05,"Downregulated","Shared_downregulated",0.0177121725015191
"ENSG00000203724.13","ENSG00000203724","C1orf53","protein_coding",16.4947031262568,-1.07903814823938,0.000247082983590136,0.000849519952120582,"Downregulated",16.4947031262568,-1.51675712434716,0.0125129104817225,0.0180866844904371,"Downregulated","Shared_downregulated",0.0180866844904371
"ENSG00000287037.2","ENSG00000287037","ENSG00000287037","lncRNA",5.13691727693233,-3.00555776577385,0.00790179629432637,0.0182898629447976,"Downregulated",5.13691727693233,-2.07194048278909,0.00082570851776629,0.00138241310529911,"Downregulated","Shared_downregulated",0.0182898629447976
"ENSG00000270175.2","ENSG00000270175","ENSG00000270175","lncRNA",4.01814976983268,-2.35877242039723,0.00795409202557231,0.0183991542912361,"Downregulated",4.01814976983268,-5.03457256513973,3.23450598427254e-05,6.28343977534554e-05,"Downregulated","Shared_downregulated",0.0183991542912361
"ENSG00000229167.3","ENSG00000229167","ENSG00000229167","lncRNA",15.1406328500779,-1.09474029685491,0.00835098675442954,0.0192099206420941,"Downregulated",15.1406328500779,-2.62357946645582,0.00181970383758544,0.00291780792368756,"Downregulated","Shared_downregulated",0.0192099206420941
"ENSG00000216895.9","ENSG00000216895","RBM33-DT","lncRNA",11.5552225960861,-1.12290608284032,0.0084952779162637,0.0194985061074586,"Downregulated",11.5552225960861,-2.55826475342247,1.0230270202623e-06,2.29180825129715e-06,"Downregulated","Shared_downregulated",0.0194985061074586
"ENSG00000227888.5","ENSG00000227888","FAM66A","lncRNA",22.5524344881817,-1.14968901401359,0.00850883040241554,0.0195203372157363,"Downregulated",22.5524344881817,-1.59031692768136,3.64792903177756e-09,1.01120481118057e-08,"Downregulated","Shared_downregulated",0.0195203372157363
"ENSG00000078814.21","ENSG00000078814","MYH7B","protein_coding",150.349456442348,-2.469987440255,7.89095954352359e-54,7.62371904698293e-51,"Downregulated",150.349456442348,-1.17963417090913,0.0137758256120117,0.0198074476405669,"Downregulated","Shared_downregulated",0.0198074476405669
"ENSG00000225975.9","ENSG00000225975","ZNF567-DT","lncRNA",5.44490216432888,-1.51390056924568,0.00873429752022445,0.0199932774700826,"Downregulated",5.44490216432888,-4.51050144677286,4.6070661988809e-05,8.84195515218938e-05,"Downregulated","Shared_downregulated",0.0199932774700826
"ENSG00000293268.2","ENSG00000293268","ENSG00000293268","protein_coding",33.44347499759,-1.0676835394603,0.00966929092014224,0.0218743933835001,"Downregulated",33.44347499759,-1.32021712779928,1.52968962615816e-05,3.08192159909413e-05,"Downregulated","Shared_downregulated",0.0218743933835001
"ENSG00000261485.2","ENSG00000261485","PAN3-AS1","lncRNA",12.2568090773001,-1.58103440661473,0.000435145038623363,0.00140104907792263,"Downregulated",12.2568090773001,-1.16183484385855,0.0153419398705451,0.0219265673179428,"Downregulated","Shared_downregulated",0.0219265673179428
"ENSG00000276672.1","ENSG00000276672","ENSG00000276672","lncRNA",9.34772648221167,-1.33261658765909,0.00971561169918135,0.0219662439703188,"Downregulated",9.34772648221167,-1.54100228029235,0.000415544984534588,0.000719311743415582,"Downregulated","Shared_downregulated",0.0219662439703188
"ENSG00000160182.4","ENSG00000160182","TFF1","protein_coding",6.53423453867135,-2.26871001009041,0.0100442271770101,0.0226061407437848,"Downregulated",6.53423453867135,-2.80304729760357,1.09260331117767e-05,2.23171348634063e-05,"Downregulated","Shared_downregulated",0.0226061407437848
"ENSG00000158806.16","ENSG00000158806","NPM2","protein_coding",17.8845168695884,-1.36556578529316,0.0100998113425474,0.0227241835081816,"Downregulated",17.8845168695884,-1.36675293920121,2.83894924814219e-06,6.1105083178489e-06,"Downregulated","Shared_downregulated",0.0227241835081816
"ENSG00000229848.1","ENSG00000229848","ENSG00000229848","lncRNA",5.27816419887424,-1.59291486259212,0.0101994509350324,0.0229305682517049,"Downregulated",5.27816419887424,-4.73513798970547,3.64190302554405e-05,7.03900488746123e-05,"Downregulated","Shared_downregulated",0.0229305682517049
"ENSG00000164651.19","ENSG00000164651","SP8","protein_coding",6.64974266274292,-1.53861621621495,0.0103396010702135,0.0231973013131039,"Downregulated",6.64974266274292,-1.36219060755035,0.0136088830807232,0.0195810100879508,"Downregulated","Shared_downregulated",0.0231973013131039
"ENSG00000280202.1","ENSG00000280202","ENSG00000280202","TEC",11.1441348994636,-1.07508111412993,0.0103405027934482,0.0231973013131039,"Downregulated",11.1441348994636,-3.02779887142384,6.95134725301327e-08,1.72823754268748e-07,"Downregulated","Shared_downregulated",0.0231973013131039
"ENSG00000162676.15","ENSG00000162676","GFI1","protein_coding",6.57829936118771,-2.0215651322055,0.0104854687867467,0.0234934158406823,"Downregulated",6.57829936118771,-1.6086304835416,0.00128613986246564,0.00210559634962178,"Downregulated","Shared_downregulated",0.0234934158406823
"ENSG00000238062.7","ENSG00000238062","SPATA3-AS1","lncRNA",5.61301152127666,-1.92892387577119,0.00445182331547845,0.0110794819659821,"Downregulated",5.61301152127666,-1.52949941392001,0.0167808142594213,0.02384893206311,"Downregulated","Shared_downregulated",0.02384893206311
"ENSG00000212939.2","ENSG00000212939","ENSG00000212939","lncRNA",11.9011505594495,-1.31201601576882,0.000322514394148535,0.00107322126291632,"Downregulated",11.9011505594495,-2.59794335365479,0.0169965143594393,0.0241412806132505,"Downregulated","Shared_downregulated",0.0241412806132505
"ENSG00000243943.12","ENSG00000243943","ZNF512","protein_coding",53.8358123235915,-1.01436844379055,0.010834255879527,0.0242000672327535,"Downregulated",53.8358123235915,-2.09604790232274,3.63941470392678e-11,1.16997333383556e-10,"Downregulated","Shared_downregulated",0.0242000672327535
"ENSG00000227704.3","ENSG00000227704","ENSG00000227704","lncRNA",12.4937302158013,-1.12107435765141,0.0108538132858706,0.0242400157403047,"Downregulated",12.4937302158013,-2.1747651762934,5.26753365110123e-06,1.1079404596772e-05,"Downregulated","Shared_downregulated",0.0242400157403047
"ENSG00000228878.11","ENSG00000228878","SEPTIN7-DT","lncRNA",8.66755245442235,-1.14426298760199,0.0108999002785009,0.024339191808326,"Downregulated",8.66755245442235,-1.65949454207272,0.000936484964603521,0.00155797728240549,"Downregulated","Shared_downregulated",0.024339191808326
"ENSG00000245573.10","ENSG00000245573","BDNF-AS","lncRNA",11.4144797338132,-1.37640141455292,0.0110175751038783,0.0245868029574075,"Downregulated",11.4144797338132,-3.57238590114179,1.3893169159703e-09,3.98298333258983e-09,"Downregulated","Shared_downregulated",0.0245868029574075
"ENSG00000130487.10","ENSG00000130487","KLHDC7B","protein_coding",8.49090735663648,-2.43782415481288,0.0110600688152861,0.0246740328311463,"Downregulated",8.49090735663648,-4.31786097905778,4.15401556587218e-09,1.14470419434531e-08,"Downregulated","Shared_downregulated",0.0246740328311463
"ENSG00000267060.9","ENSG00000267060","PTGES3L","protein_coding",11.0779686038651,-1.03946027371786,0.0113150527480273,0.0251653996968097,"Downregulated",11.0779686038651,-2.29120326049983,2.4180754523843e-05,4.76966781760627e-05,"Downregulated","Shared_downregulated",0.0251653996968097
"ENSG00000257839.2","ENSG00000257839","PHLDA1-DT","lncRNA",6.06827105875249,-1.54886719683531,0.0115704905155687,0.0256626183886779,"Downregulated",6.06827105875249,-2.78633310509621,0.00038457340233216,0.000668414217629847,"Downregulated","Shared_downregulated",0.0256626183886779
"ENSG00000288868.3","ENSG00000288868","ENSG00000288868","lncRNA",8.11079530073172,-1.98526359342428,0.000379985967631285,0.0012419388008373,"Downregulated",8.11079530073172,-1.16436996319055,0.0181886175315132,0.0257185525677324,"Downregulated","Shared_downregulated",0.0257185525677324
"ENSG00000224687.3","ENSG00000224687","RASAL2-AS1","lncRNA",7.82178502718926,-1.36509707222042,0.0117810636046343,0.0260460494966095,"Downregulated",7.82178502718926,-2.36439818876469,0.0177190194978071,0.0250986248228151,"Downregulated","Shared_downregulated",0.0260460494966095
"ENSG00000198513.17","ENSG00000198513","ATL1","protein_coding",4.74881739645893,-1.62726853364986,0.0117980760354669,0.0260756013277392,"Downregulated",4.74881739645893,-2.46922101286172,0.00428036496241299,0.00655996711456102,"Downregulated","Shared_downregulated",0.0260756013277392
"ENSG00000116701.18","ENSG00000116701","NCF2","protein_coding",11.7319440601751,-1.12099331907052,0.0119071953475352,0.0262731074059033,"Downregulated",11.7319440601751,-1.7049874531185,0.00295753173414081,0.00462457379058789,"Downregulated","Shared_downregulated",0.0262731074059033
"ENSG00000272994.3","ENSG00000272994","C2orf49-DT","lncRNA",8.64524883219367,-1.3706237374367,0.0119073812753224,0.0262731074059033,"Downregulated",8.64524883219367,-1.3330524653655,0.00246622022166528,0.00389160098566782,"Downregulated","Shared_downregulated",0.0262731074059033
"ENSG00000286536.2","ENSG00000286536","ENSG00000286536","lncRNA",9.77642401715549,-1.0158077027093,0.012666188413098,0.0277320444904996,"Downregulated",9.77642401715549,-3.76060972040424,0.000921752388270541,0.00153487712407407,"Downregulated","Shared_downregulated",0.0277320444904996
"ENSG00000293091.2","ENSG00000293091","ENSG00000293091","lncRNA",11.5184050583491,-1.18341253459657,0.0127727971738903,0.0279401323236255,"Downregulated",11.5184050583491,-1.51527045046705,0.00583214450873773,0.0087976931633837,"Downregulated","Shared_downregulated",0.0279401323236255
"ENSG00000244355.9","ENSG00000244355","LY6G6D","protein_coding",7.3735736913083,-1.29346477568275,0.0129047703706471,0.0281862746362348,"Downregulated",7.3735736913083,-4.02232845423394,0.00050000243277215,0.000858026673266311,"Downregulated","Shared_downregulated",0.0281862746362348
"ENSG00000160298.20","ENSG00000160298","C21orf58","protein_coding",19.0511115848139,-1.00471695643746,0.0130630087012989,0.028484670794346,"Downregulated",19.0511115848139,-3.14630056136904,9.90322146991589e-10,2.86176441758766e-09,"Downregulated","Shared_downregulated",0.028484670794346
"ENSG00000179674.4","ENSG00000179674","ARL14","protein_coding",38.4373812491386,-1.37554307503286,0.0130994202846846,0.0285511804430214,"Downregulated",38.4373812491386,-1.67607983113666,2.93286059494741e-16,1.3614034510563e-15,"Downregulated","Shared_downregulated",0.0285511804430214
"ENSG00000237361.6","ENSG00000237361","TUSC8","lncRNA",15.7915494986889,-1.43724874541516,0.0132071222447224,0.0287642882497513,"Downregulated",15.7915494986889,-4.75053520459411,2.33264137955406e-15,1.01882576469251e-14,"Downregulated","Shared_downregulated",0.0287642882497513
"ENSG00000162946.25","ENSG00000162946","DISC1","protein_coding",7.35880273594058,-1.10152463615711,0.0132902779585963,0.0289280126428323,"Downregulated",7.35880273594058,-4.60409765532044,3.05596179596167e-05,5.95655660350727e-05,"Downregulated","Shared_downregulated",0.0289280126428323
"ENSG00000289294.3","ENSG00000289294","ENSG00000289294","lncRNA",9.57864234883385,-1.11639764709011,0.0139507690716243,0.0301978409837161,"Downregulated",9.57864234883385,-1.49731182226616,0.000653054292015773,0.00110651967729365,"Downregulated","Shared_downregulated",0.0301978409837161
"ENSG00000172748.16","ENSG00000172748","ZNF596","protein_coding",5.84338478706155,-1.65028404129123,0.0140552497472909,0.0303831562257964,"Downregulated",5.84338478706155,-1.34444905575691,0.0119341820076496,0.0172950165654858,"Downregulated","Shared_downregulated",0.0303831562257964
"ENSG00000150471.19","ENSG00000150471","ADGRL3","protein_coding",9.88567428918889,-1.65704100812819,0.0143075635806596,0.0308825158491091,"Downregulated",9.88567428918889,-4.46598187945619,2.78483816548383e-10,8.41314877927697e-10,"Downregulated","Shared_downregulated",0.0308825158491091
"ENSG00000304501.1","ENSG00000304501","ENSG00000304501","lncRNA",8.84138171079866,-1.3109999541391,0.0145257405396135,0.031283553559233,"Downregulated",8.84138171079866,-1.79638182019591,0.000235656657516397,0.000419137982416252,"Downregulated","Shared_downregulated",0.031283553559233
"ENSG00000081041.11","ENSG00000081041","CXCL2","protein_coding",7.64659736854149,-1.71683886619657,0.0156156051004177,0.0333249268485593,"Downregulated",7.64659736854149,-2.11933355289788,6.66016330998545e-05,0.000125675894125403,"Downregulated","Shared_downregulated",0.0333249268485593
"ENSG00000262468.9","ENSG00000262468","LINC01569","lncRNA",7.45215241255295,-1.1095606477732,0.0163613060270822,0.0347156730518998,"Downregulated",7.45215241255295,-1.44729329046263,0.0100510327979095,0.0147145739273972,"Downregulated","Shared_downregulated",0.0347156730518998
"ENSG00000163909.10","ENSG00000163909","HEYL","protein_coding",8.25761809133745,-1.16867195459876,0.0150160410189881,0.0322007201016832,"Downregulated",8.25761809133745,-1.6437582318806,0.0289431359999093,0.0398559413636151,"Downregulated","Shared_downregulated",0.0398559413636151
"ENSG00000301102.1","ENSG00000301102","ENSG00000301102","lncRNA",4.40229636331343,-2.62649704129516,6.75304710383252e-05,0.000263503388876523,"Downregulated",4.40229636331343,-2.56042865697376,0.0295218773023758,0.040598884595372,"Downregulated","Shared_downregulated",0.040598884595372
"ENSG00000272711.1","ENSG00000272711","HK2-DT","lncRNA",28.7443060861574,-1.31535369283002,0.020076042229222,0.0414447299125193,"Downregulated",28.7443060861574,-4.94606431486556,3.76579335662595e-27,3.46280947488726e-26,"Downregulated","Shared_downregulated",0.0414447299125193
"ENSG00000136010.16","ENSG00000136010","ALDH1L2","protein_coding",148.054238145482,-1.26553521088779,0.0213718356956905,0.0437273249896862,"Downregulated",148.054238145482,-1.77101390319157,8.98803541805322e-45,2.41212239404495e-43,"Downregulated","Shared_downregulated",0.0437273249896862
"ENSG00000248456.2","ENSG00000248456","LINC02485","lncRNA",4.06865668421051,-2.63569286528363,0.0218208754249637,0.0444640223085734,"Downregulated",4.06865668421051,-3.34957169722248,7.67676511243531e-05,0.000143847530397482,"Downregulated","Shared_downregulated",0.0444640223085734
"ENSG00000168734.16","ENSG00000168734","PKIG","protein_coding",11.0651490849599,-1.18549511491647,0.0225869127544453,0.0457995717975965,"Downregulated",11.0651490849599,-1.47442721129457,9.29450422697977e-05,0.000172664985588246,"Downregulated","Shared_downregulated",0.0457995717975965
"ENSG00000187187.16","ENSG00000187187","ZNF546","protein_coding",3.97624412984817,-2.80972574508475,0.0230873452765923,0.046670638547688,"Downregulated",3.97624412984817,-4.56173416775908,5.60334817357596e-05,0.000106580550900988,"Downregulated","Shared_downregulated",0.046670638547688
"ENSG00000131711.16","ENSG00000131711","MAP1B","protein_coding",214.339237548561,-2.31870994226571,4.65439954699575e-48,1.98386935985478e-45,"Downregulated",214.339237548561,-1.69178993314497,0.0366964722975022,0.0498972862202479,"Downregulated","Shared_downregulated",0.0498972862202479
