"gene_id","ensembl_gene_id","gene_symbol","gene_type","HT55_baseMean","HT55_log2FC","HT55_pvalue","HT55_padj","HT55_status","SW948_baseMean","SW948_log2FC","SW948_pvalue","SW948_padj","SW948_status","shared_response","joint_padj"
"ENSG00000109107.16","ENSG00000109107","ALDOC","protein_coding",1075.08804940407,3.5233742307548,4.09673283611375e-95,5.93698522609605e-91,"Upregulated",1075.08804940407,4.99410054950983,1.1327699613653e-187,5.47203409336867e-184,"Upregulated","Shared_upregulated",5.93698522609605e-91
"ENSG00000137819.16","ENSG00000137819","PAQR5","protein_coding",655.095506473035,1.89350749137657,2.01421517753331e-66,7.29750158820318e-63,"Upregulated",655.095506473035,1.77251855310868,7.3583136128133e-65,5.79547178678752e-63,"Upregulated","Shared_upregulated",7.29750158820318e-63
"ENSG00000261609.11","ENSG00000261609","GAN","protein_coding",755.691819414334,1.90425379872314,1.4299138345749e-54,1.48016509218996e-51,"Upregulated",755.691819414334,1.92249333304141,5.79473726294097e-54,2.52943772332954e-52,"Upregulated","Shared_upregulated",1.48016509218996e-51
"ENSG00000143819.15","ENSG00000143819","EPHX1","protein_coding",968.109898709177,2.16752165621544,8.85640184159931e-52,6.41734877442286e-49,"Upregulated",968.109898709177,2.52736724710795,1.67981276767955e-75,1.99539726468952e-73,"Upregulated","Shared_upregulated",6.41734877442286e-49
"ENSG00000204385.15","ENSG00000204385","SLC44A4","protein_coding",427.997488100676,2.12114357346084,7.44447413092077e-51,4.69066604805669e-48,"Upregulated",427.997488100676,1.75397444156741,3.06437223348798e-57,1.66325402276059e-55,"Upregulated","Shared_upregulated",4.69066604805669e-48
"ENSG00000196139.16","ENSG00000196139","AKR1C3","protein_coding",2014.71308407646,1.51438213442253,2.10138305776397e-50,1.26888513637981e-47,"Upregulated",2014.71308407646,2.92868224915684,2.24486260893434e-183,8.1331372321691e-180,"Upregulated","Shared_upregulated",1.26888513637981e-47
"ENSG00000035862.15","ENSG00000035862","TIMP2","protein_coding",849.523659968999,3.18117445892356,1.72981807774096e-49,1.00274094330488e-46,"Upregulated",849.523659968999,3.07640360475204,3.93667994870841e-50,1.40865100781931e-48,"Upregulated","Shared_upregulated",1.00274094330488e-46
"ENSG00000108828.18","ENSG00000108828","VAT1","protein_coding",4205.96191114588,2.61156431481735,7.249053824287e-49,3.89086251931731e-46,"Upregulated",4205.96191114588,3.05001424557613,1.22013803656618e-72,1.31957018103859e-70,"Upregulated","Shared_upregulated",3.89086251931731e-46
"ENSG00000106665.18","ENSG00000106665","CLIP2","protein_coding",2316.32020316918,1.92684845742778,9.30433166402957e-49,4.6495991198316e-46,"Upregulated",2316.32020316918,2.18568451353471,1.51165591700727e-62,1.08450086877571e-60,"Upregulated","Shared_upregulated",4.6495991198316e-46
"ENSG00000104419.18","ENSG00000104419","NDRG1","protein_coding",1261.14323640478,2.12661188814795,1.02983984808836e-48,4.9748130261655e-46,"Upregulated",1261.14323640478,2.49728587477354,8.51281201446559e-71,8.50811529059554e-69,"Upregulated","Shared_upregulated",4.9748130261655e-46
"ENSG00000204386.15","ENSG00000204386","NEU1","protein_coding",1298.62372985099,1.64438231162096,2.01086807167858e-48,9.40048390153742e-46,"Upregulated",1298.62372985099,1.88806333987386,8.14756467060884e-68,7.37965670040396e-66,"Upregulated","Shared_upregulated",9.40048390153742e-46
"ENSG00000197712.14","ENSG00000197712","FAM114A1","protein_coding",331.214490203488,2.50042911121792,1.91927861006557e-47,7.51734746407304e-45,"Upregulated",331.214490203488,2.717781239155,3.64542691850636e-79,4.98391763235794e-77,"Upregulated","Shared_upregulated",7.51734746407304e-45
"ENSG00000119862.15","ENSG00000119862","LGALSL","protein_coding",812.874701867908,1.82572843942828,3.10914878228037e-47,1.15532779878993e-44,"Upregulated",812.874701867908,1.71753903962417,5.30050162194916e-51,1.9645746676544e-49,"Upregulated","Shared_upregulated",1.15532779878993e-44
"ENSG00000180573.11","ENSG00000180573","H2AC6","protein_coding",520.352693818129,1.86976982038159,2.42737521480426e-58,3.90861351254925e-55,"Upregulated",520.352693818129,1.83990412543218,1.8544972190419e-45,5.18829608076356e-44,"Upregulated","Shared_upregulated",5.18829608076356e-44
"ENSG00000117139.20","ENSG00000117139","KDM5B","protein_coding",1074.67777936953,1.72912388367263,2.5984862504871e-53,2.09207015233661e-50,"Upregulated",1074.67777936953,1.38965545796291,7.39740683360572e-45,2.00755093319502e-43,"Upregulated","Shared_upregulated",2.00755093319502e-43
"ENSG00000110080.22","ENSG00000110080","ST3GAL4","protein_coding",967.041294816369,1.88167551977601,3.13926733704313e-61,7.58237704140485e-58,"Upregulated",967.041294816369,1.62293208152329,1.5435068999979e-44,4.05961923680028e-43,"Upregulated","Shared_upregulated",4.05961923680028e-43
"ENSG00000004799.10","ENSG00000004799","PDK4","protein_coding",264.495746124239,1.98628298962183,2.23891955125255e-45,7.54567956668651e-43,"Upregulated",264.495746124239,2.14472835008708,1.02479040585738e-53,4.355208962371e-52,"Upregulated","Shared_upregulated",7.54567956668651e-43
"ENSG00000100196.13","ENSG00000100196","KDELR3","protein_coding",390.787432428904,2.14645748659335,1.5469296444605e-42,4.48362088150431e-40,"Upregulated",390.787432428904,1.99871934218307,5.44998576753728e-75,6.21899163331892e-73,"Upregulated","Shared_upregulated",4.48362088150431e-40
"ENSG00000169710.11","ENSG00000169710","FASN","protein_coding",4707.62520733573,1.2590189592029,1.78588207714368e-42,4.97711597345504e-40,"Upregulated",4707.62520733573,1.64963511866404,5.38495808083032e-70,5.06745535762292e-68,"Upregulated","Shared_upregulated",4.97711597345504e-40
"ENSG00000136943.14","ENSG00000136943","CTSV","protein_coding",322.975527824838,1.3890031975632,4.83154263436437e-42,1.32110784636242e-39,"Upregulated",322.975527824838,1.52933416769599,5.92255831160989e-54,2.57746892047599e-52,"Upregulated","Shared_upregulated",1.32110784636242e-39
"ENSG00000105289.17","ENSG00000105289","TJP3","protein_coding",1702.0408323763,1.57420128209144,1.16926530101997e-41,3.02589156113953e-39,"Upregulated",1702.0408323763,1.96736740487218,5.33285591696352e-69,4.89137645244527e-67,"Upregulated","Shared_upregulated",3.02589156113953e-39
"ENSG00000151726.18","ENSG00000151726","ACSL1","protein_coding",1210.12537954483,1.69635620394191,2.54176348673566e-78,1.22784121499244e-74,"Upregulated",1210.12537954483,1.12722664187076,5.12781971834629e-40,1.0264138585397e-38,"Upregulated","Shared_upregulated",1.0264138585397e-38
"ENSG00000150961.17","ENSG00000150961","SEC24D","protein_coding",469.124947015263,1.91024328472301,5.59500613403148e-41,1.42250577007692e-38,"Upregulated",469.124947015263,2.35119659449204,2.42677355006646e-66,2.04469780741646e-64,"Upregulated","Shared_upregulated",1.42250577007692e-38
"ENSG00000102317.20","ENSG00000102317","RBM3","protein_coding",554.014980794727,-1.43554364216086,5.49730691493574e-39,1.22564572017306e-36,"Downregulated",554.014980794727,-2.16521351851445,6.86514260283106e-94,1.77660083214692e-91,"Downregulated","Shared_downregulated",1.22564572017306e-36
"ENSG00000112511.20","ENSG00000112511","PHF1","protein_coding",915.322853053985,1.92616435570917,2.06963924711604e-37,4.16572388461189e-35,"Upregulated",915.322853053985,3.13703692948718,3.04186530830926e-122,1.83677966866741e-119,"Upregulated","Shared_upregulated",4.16572388461189e-35
"ENSG00000115828.19","ENSG00000115828","QPCT","protein_coding",1696.97282989712,1.19025815373359,1.18860012610242e-36,2.32772878749679e-34,"Upregulated",1696.97282989712,1.22686822047814,1.63879492362516e-45,4.60260000642944e-44,"Upregulated","Shared_upregulated",2.32772878749679e-34
"ENSG00000197746.17","ENSG00000197746","PSAP","protein_coding",9740.16828050384,1.2933475875981,4.0685023004866e-36,7.4633842200825e-34,"Upregulated",9740.16828050384,1.40696229543049,1.37837723433082e-42,3.16568032962319e-41,"Upregulated","Shared_upregulated",7.4633842200825e-34
"ENSG00000167703.17","ENSG00000167703","SLC43A2","protein_coding",283.109405488365,-1.64156645139156,1.52652525205362e-47,6.32068684364602e-45,"Downregulated",283.109405488365,-1.69711076577322,1.32062071853721e-34,1.93708860860742e-33,"Downregulated","Shared_downregulated",1.93708860860742e-33
"ENSG00000184012.16","ENSG00000184012","TMPRSS2","protein_coding",1403.13830577479,1.2864429523867,2.03010795485576e-40,4.90338741362828e-38,"Upregulated",1403.13830577479,1.1788627784603,2.02113338441607e-33,2.76584183257391e-32,"Upregulated","Shared_upregulated",2.76584183257391e-32
"ENSG00000187134.16","ENSG00000187134","AKR1C1","protein_coding",775.816057533693,4.77978774891655,2.30384659005201e-34,3.70970497589263e-32,"Upregulated",775.816057533693,5.46554584893034,1.21185995520245e-55,5.85409149026464e-54,"Upregulated","Shared_upregulated",3.70970497589263e-32
"ENSG00000213445.13","ENSG00000213445","SIPA1","protein_coding",313.536954577769,2.35338825367878,2.42284996872537e-34,3.85845513700748e-32,"Upregulated",313.536954577769,1.91772163283891,5.09127795970694e-36,8.12585905199042e-35,"Upregulated","Shared_upregulated",3.85845513700748e-32
"ENSG00000104549.14","ENSG00000104549","SQLE","protein_coding",2821.92417428338,1.63343546275965,6.74411657895119e-34,1.03974188789533e-31,"Upregulated",2821.92417428338,3.91599261576814,1.14762573295023e-188,8.31569606095739e-185,"Upregulated","Shared_upregulated",1.03974188789533e-31
"ENSG00000067064.14","ENSG00000067064","IDI1","protein_coding",1537.34759340842,1.66536166966714,2.75836062196788e-33,4.16397522224567e-31,"Upregulated",1537.34759340842,3.8096929857781,8.00080339330041e-162,1.05406947977918e-158,"Upregulated","Shared_upregulated",4.16397522224567e-31
"ENSG00000134202.14","ENSG00000134202","GSTM3","protein_coding",127.275050368458,1.8725078698681,5.4388070219778e-33,7.96153448106084e-31,"Upregulated",127.275050368458,2.45534870412637,5.30763887077532e-32,6.67693598222881e-31,"Upregulated","Shared_upregulated",7.96153448106084e-31
"ENSG00000162344.6","ENSG00000162344","FGF19","protein_coding",107.949502929142,-2.91878447567235,1.83257154560865e-59,3.79394669128008e-56,"Downregulated",107.949502929142,2.51684895975384,3.6233220649982e-31,4.33960193107057e-30,"Upregulated","Discordant_direction",4.33960193107057e-30
"ENSG00000139112.13","ENSG00000139112","GABARAPL1","protein_coding",664.122842399309,1.93400711647566,4.05150539555713e-31,4.85243109028215e-29,"Upregulated",664.122842399309,3.27752443007936,9.28719825963632e-86,1.84369968737876e-83,"Upregulated","Shared_upregulated",4.85243109028215e-29
"ENSG00000084764.14","ENSG00000084764","MAPRE3","protein_coding",711.276342230305,1.52855841519464,1.00133206059384e-41,2.63841894947743e-39,"Upregulated",711.276342230305,1.28597269532255,4.59041245637642e-30,5.11725056290824e-29,"Upregulated","Shared_upregulated",5.11725056290824e-29
"ENSG00000117266.18","ENSG00000117266","CDK18","protein_coding",366.781868602999,1.1828924537454,2.50503822930465e-31,3.10282171103274e-29,"Upregulated",366.781868602999,1.03212676645791,4.67616526088774e-30,5.200843204972e-29,"Upregulated","Shared_upregulated",5.200843204972e-29
"ENSG00000052802.15","ENSG00000052802","MSMO1","protein_coding",3197.0553112632,1.93338273722394,1.00872883867931e-30,1.16019828016988e-28,"Upregulated",3197.0553112632,4.83422969992455,2.80134398633547e-180,8.11941540999473e-177,"Upregulated","Shared_upregulated",1.16019828016988e-28
"ENSG00000241186.12","ENSG00000241186","CRIPTO","protein_coding",484.652539589269,-1.63159605481092,1.0578694866436e-30,1.20218493679928e-28,"Downregulated",484.652539589269,-2.02020123009468,5.16640458489016e-44,1.30894292385014e-42,"Downregulated","Shared_downregulated",1.20218493679928e-28
"ENSG00000149177.16","ENSG00000149177","PTPRJ","protein_coding",1467.94397159417,1.55738566254921,3.47163550372666e-30,3.7267364237042e-28,"Upregulated",1467.94397159417,1.69129187590636,1.82853531138874e-36,2.97408908334967e-35,"Upregulated","Shared_upregulated",3.7267364237042e-28
"ENSG00000189077.13","ENSG00000189077","TMEM120A","protein_coding",567.677081047688,1.77679279035066,3.54775700971655e-30,3.78044813123619e-28,"Upregulated",567.677081047688,1.57894711098379,1.3918760499293e-30,1.60087839012504e-29,"Upregulated","Shared_upregulated",3.78044813123619e-28
"ENSG00000134531.12","ENSG00000134531","EMP1","protein_coding",1267.82892741918,1.63097298442211,5.37643273365511e-30,5.68724548730875e-28,"Upregulated",1267.82892741918,1.68949620321773,1.19594049892512e-32,1.55440087088994e-31,"Upregulated","Shared_upregulated",5.68724548730875e-28
"ENSG00000171621.16","ENSG00000171621","SPSB1","protein_coding",278.742602482897,1.54500580087859,2.269192056705e-29,2.29965953047334e-27,"Upregulated",278.742602482897,1.88206040451925,2.98133650999494e-54,1.32126999091274e-52,"Upregulated","Shared_upregulated",2.29965953047334e-27
"ENSG00000106028.13","ENSG00000106028","SSBP1","protein_coding",549.464221526951,-1.05443868775934,2.69590479420056e-29,2.71312863038573e-27,"Downregulated",549.464221526951,-2.08372175403375,2.62728105082674e-94,6.92264672519656e-92,"Downregulated","Shared_downregulated",2.71312863038573e-27
"ENSG00000153132.15","ENSG00000153132","CLGN","protein_coding",71.1114063798095,-2.78553086498797,3.1372322596468e-29,3.13550137288286e-27,"Downregulated",71.1114063798095,-2.86121102666023,1.20565152329713e-33,1.67039214872103e-32,"Downregulated","Shared_downregulated",3.13550137288286e-27
"ENSG00000175155.12","ENSG00000175155","YPEL2","protein_coding",304.872008785038,1.8180317009728,7.07085936491206e-29,6.8313929277537e-27,"Upregulated",304.872008785038,2.12268570506529,7.33167342148981e-38,1.28167202924283e-36,"Upregulated","Shared_upregulated",6.8313929277537e-27
"ENSG00000100439.13","ENSG00000100439","ABHD4","protein_coding",342.832450330351,2.25712266125825,7.96517240994229e-29,7.59416306347919e-27,"Upregulated",342.832450330351,2.6469469490448,4.70824439517435e-39,8.8843590852691e-38,"Upregulated","Shared_upregulated",7.59416306347919e-27
"ENSG00000184292.7","ENSG00000184292","TACSTD2","protein_coding",270.196831224201,2.00105044777435,1.00663631328152e-28,9.53475389024562e-27,"Upregulated",270.196831224201,4.12105555232147,2.30988512045555e-37,3.92436754579623e-36,"Upregulated","Shared_upregulated",9.53475389024562e-27
"ENSG00000163808.19","ENSG00000163808","KIF15","protein_coding",208.24828348449,-1.09827009150124,1.38954263491593e-28,1.2664938280001e-26,"Downregulated",208.24828348449,-1.31507792384159,7.42400543756703e-31,8.69052397425052e-30,"Downregulated","Shared_downregulated",1.2664938280001e-26
"ENSG00000104081.16","ENSG00000104081","BMF","protein_coding",204.481824460357,2.52727479184349,1.44902786551848e-78,1.04996559135469e-74,"Upregulated",204.481824460357,1.97494509157672,1.63462709611692e-27,1.54325836331768e-26,"Upregulated","Shared_upregulated",1.54325836331768e-26
"ENSG00000204388.7","ENSG00000204388","HSPA1B","protein_coding",1341.97614864302,1.71827684150585,2.24926004108243e-28,1.99977156535991e-26,"Upregulated",1341.97614864302,2.42746737122044,4.76696295560503e-57,2.56813483838766e-55,"Upregulated","Shared_upregulated",1.99977156535991e-26
"ENSG00000151135.12","ENSG00000151135","TMEM263","protein_coding",605.106390911211,1.54772299789058,4.29734141476966e-28,3.75163083029168e-26,"Upregulated",605.106390911211,1.63356602065118,1.27765261969276e-34,1.87786427632733e-33,"Upregulated","Shared_upregulated",3.75163083029168e-26
"ENSG00000005001.12","ENSG00000005001","PRSS22","protein_coding",569.741971522961,2.54226320160687,4.96186198836607e-28,4.30582658295815e-26,"Upregulated",569.741971522961,3.81180317927953,9.19104643840823e-68,8.27308353946658e-66,"Upregulated","Shared_upregulated",4.30582658295815e-26
"ENSG00000116005.14","ENSG00000116005","PCYOX1","protein_coding",1314.97754301164,1.02013874328324,5.8065471181776e-28,5.00883814503749e-26,"Upregulated",1314.97754301164,1.01841650549034,4.53715634899121e-29,4.74747074437406e-28,"Upregulated","Shared_upregulated",5.00883814503749e-26
"ENSG00000132471.13","ENSG00000132471","WBP2","protein_coding",1621.51263132267,1.26061538707669,1.22617168434026e-27,1.03312093310808e-25,"Upregulated",1621.51263132267,2.17839611979696,1.64148822961072e-80,2.37884474235186e-78,"Upregulated","Shared_upregulated",1.03312093310808e-25
"ENSG00000196562.18","ENSG00000196562","SULF2","protein_coding",132.971030616494,2.32427076728236,3.24843476249049e-27,2.60090146839846e-25,"Upregulated",132.971030616494,2.10236835225086,1.20077841132946e-34,1.77568170785576e-33,"Upregulated","Shared_upregulated",2.60090146839846e-25
"ENSG00000169991.12","ENSG00000169991","IFFO2","protein_coding",512.185073703172,1.79034804487338,3.39753758130129e-27,2.70533596858343e-25,"Upregulated",512.185073703172,1.89253832153228,1.60948142005121e-27,1.52050878353208e-26,"Upregulated","Shared_upregulated",2.70533596858343e-25
"ENSG00000113615.15","ENSG00000113615","SEC24A","protein_coding",1196.30944078241,1.40607002151513,7.61872163211112e-27,5.78065517762065e-25,"Upregulated",1196.30944078241,2.29674991696362,1.23749514967388e-70,1.21174187223472e-68,"Upregulated","Shared_upregulated",5.78065517762065e-25
"ENSG00000148344.12","ENSG00000148344","PTGES","protein_coding",545.893255312037,1.32437249005744,1.74363289932863e-34,2.83918291877197e-32,"Upregulated",545.893255312037,1.51693158554381,7.03966365799375e-26,6.01525977191305e-25,"Upregulated","Shared_upregulated",6.01525977191305e-25
"ENSG00000106211.12","ENSG00000106211","HSPB1","protein_coding",758.996227463093,2.48571768422569,2.71951719731574e-34,4.28383078516301e-32,"Upregulated",758.996227463093,2.01156621402322,8.67012729935103e-26,7.36935394851584e-25,"Upregulated","Shared_upregulated",7.36935394851584e-25
"ENSG00000198830.15","ENSG00000198830","HMGN2","protein_coding",634.490818518037,-1.4570878401068,1.10741059290963e-44,3.4888248505318e-42,"Downregulated",634.490818518037,-1.1898236616357,9.52807665201233e-26,8.07018625604691e-25,"Downregulated","Shared_downregulated",8.07018625604691e-25
"ENSG00000141458.15","ENSG00000141458","NPC1","protein_coding",1235.27717960554,1.18524602460851,1.35286987991356e-26,1.01584405697965e-24,"Upregulated",1235.27717960554,2.51098929883496,3.81717181704232e-116,1.90753289560611e-113,"Upregulated","Shared_upregulated",1.01584405697965e-24
"ENSG00000109929.12","ENSG00000109929","SC5D","protein_coding",1858.08054461256,1.10044768610223,2.95932304604405e-26,2.21064482387992e-24,"Upregulated",1858.08054461256,2.35422555761396,4.11659660078392e-115,1.92444251414711e-112,"Upregulated","Shared_upregulated",2.21064482387992e-24
"ENSG00000101955.17","ENSG00000101955","SRPX","protein_coding",75.6569865477263,5.21422613031718,4.2340542474733e-26,3.09898556335268e-24,"Upregulated",75.6569865477263,2.3922272345985,2.45799335490995e-29,2.61536267983517e-28,"Upregulated","Shared_upregulated",3.09898556335268e-24
"ENSG00000170275.17","ENSG00000170275","CRTAP","protein_coding",2458.04384003368,1.35866516818798,2.00698010360382e-28,1.80653140754202e-26,"Upregulated",2458.04384003368,1.23206215752217,7.19327685122047e-25,5.74986034902852e-24,"Upregulated","Shared_upregulated",5.74986034902852e-24
"ENSG00000057704.15","ENSG00000057704","TMCC3","protein_coding",557.553060295879,1.92340856129868,8.82833717506749e-26,6.33367635351871e-24,"Upregulated",557.553060295879,1.77713490239954,1.23146209393639e-140,1.11539679158288e-137,"Upregulated","Shared_upregulated",6.33367635351871e-24
"ENSG00000263155.9","ENSG00000263155","MYZAP","protein_coding",396.535936118519,3.13047929567431,1.92379635021134e-53,1.63997980630957e-50,"Upregulated",396.535936118519,2.03079863775568,8.6475004012997e-25,6.85555666387502e-24,"Upregulated","Shared_upregulated",6.85555666387502e-24
"ENSG00000106541.14","ENSG00000106541","AGR2","protein_coding",1291.7001126553,-1.69877764481752,1.01615809277631e-25,7.21870739240897e-24,"Downregulated",1291.7001126553,-3.86646045076193,3.42823315841508e-164,4.96819549317513e-161,"Downregulated","Shared_downregulated",7.21870739240897e-24
"ENSG00000163121.12","ENSG00000163121","NEURL3","protein_coding",118.878194763695,4.37037975247805,2.36551439917689e-25,1.63243022251769e-23,"Upregulated",118.878194763695,3.85104526707856,2.5367565157102e-57,1.38727077078008e-55,"Upregulated","Shared_upregulated",1.63243022251769e-23
"ENSG00000156804.9","ENSG00000156804","FBXO32","protein_coding",208.938126085102,2.57817490919626,6.20774604358103e-26,4.49813278317881e-24,"Upregulated",208.938126085102,2.10689948741654,2.46455651948561e-24,1.90385677400775e-23,"Upregulated","Shared_upregulated",1.90385677400775e-23
"ENSG00000078081.10","ENSG00000078081","LAMP3","protein_coding",649.769884236458,-1.96111286460961,2.79865810857673e-25,1.92218736063952e-23,"Downregulated",649.769884236458,-2.91923404548941,6.38850627031534e-54,2.76191284154005e-52,"Downregulated","Shared_downregulated",1.92218736063952e-23
"ENSG00000138166.8","ENSG00000138166","DUSP5","protein_coding",1358.08744933765,3.89582280968072,3.07245701197881e-25,2.08065640269144e-23,"Upregulated",1358.08744933765,4.54828397617908,1.56970843375141e-36,2.56462397090478e-35,"Upregulated","Shared_upregulated",2.08065640269144e-23
"ENSG00000103811.20","ENSG00000103811","CTSH","protein_coding",1006.37625834311,1.77478417733398,2.17384272146736e-51,1.43196948725023e-48,"Upregulated",1006.37625834311,1.17849887703958,3.64786340136669e-24,2.79560213710238e-23,"Upregulated","Shared_upregulated",2.79560213710238e-23
"ENSG00000125775.17","ENSG00000125775","SDCBP2","protein_coding",190.468986881797,3.05482235330766,3.27325813015866e-29,3.24904498782598e-27,"Upregulated",190.468986881797,1.84581526163079,4.44440102927933e-24,3.39329599117899e-23,"Upregulated","Shared_upregulated",3.39329599117899e-23
"ENSG00000153094.27","ENSG00000153094","BCL2L11","protein_coding",406.266291264061,1.494635961802,5.59992267418255e-25,3.73981932692413e-23,"Upregulated",406.266291264061,2.12583579051875,1.30044634863073e-49,4.56321270807664e-48,"Upregulated","Shared_upregulated",3.73981932692413e-23
"ENSG00000065833.11","ENSG00000065833","ME1","protein_coding",2222.07316596819,1.01857300695947,5.81742801283981e-25,3.86725535605846e-23,"Upregulated",2222.07316596819,1.60506282578682,5.83770159882423e-58,3.31764594392787e-56,"Upregulated","Shared_upregulated",3.86725535605846e-23
"ENSG00000090339.11","ENSG00000090339","ICAM1","protein_coding",139.539773330186,3.00546619099887,1.63276575622396e-24,1.04699297961052e-22,"Upregulated",139.539773330186,3.94903476272433,1.36007120713994e-40,2.7957662317549e-39,"Upregulated","Shared_upregulated",1.04699297961052e-22
"ENSG00000055732.15","ENSG00000055732","MCOLN3","protein_coding",95.6276626211968,-2.15207192698564,1.85439966851567e-24,1.18387488969731e-22,"Downregulated",95.6276626211968,-2.12016998068011,6.65677898933083e-27,6.0293775695864e-26,"Downregulated","Shared_downregulated",1.18387488969731e-22
"ENSG00000198355.7","ENSG00000198355","PIM3","protein_coding",913.07012869048,1.25657731966366,1.88320515199368e-24,1.19653425342608e-22,"Upregulated",913.07012869048,2.14234116310949,1.99237045948973e-70,1.91214786085597e-68,"Upregulated","Shared_upregulated",1.19653425342608e-22
"ENSG00000139292.15","ENSG00000139292","LGR5","protein_coding",132.739204692498,-1.7615393025107,1.98527341890836e-24,1.25089488638348e-22,"Downregulated",132.739204692498,-2.65566651914655,3.40239501049222e-38,6.10241441733332e-37,"Downregulated","Shared_downregulated",1.25089488638348e-22
"ENSG00000170385.11","ENSG00000170385","SLC30A1","protein_coding",2787.04017696901,1.56082322563506,2.50488968565678e-24,1.55797688088146e-22,"Upregulated",2787.04017696901,1.91995457116242,1.51741528673615e-35,2.34939982215601e-34,"Upregulated","Shared_upregulated",1.55797688088146e-22
"ENSG00000124253.13","ENSG00000124253","PCK1","protein_coding",2481.76496864851,3.20936341525931,2.56088298592537e-24,1.57924749923534e-22,"Upregulated",2481.76496864851,4.24925526058483,1.27039203928306e-40,2.61513088541052e-39,"Upregulated","Shared_upregulated",1.57924749923534e-22
"ENSG00000198677.15","ENSG00000198677","SKIC3","protein_coding",954.36221392307,-1.0005154749537,3.37186601715304e-24,2.05315471935218e-22,"Downregulated",954.36221392307,-1.33940952196876,2.02915536414592e-42,4.60917234125433e-41,"Downregulated","Shared_downregulated",2.05315471935218e-22
"ENSG00000102760.15","ENSG00000102760","RGCC","protein_coding",539.410090863207,1.12850379325337,2.72621723629784e-28,2.40904513344075e-26,"Upregulated",539.410090863207,1.36212128826206,3.50580497241274e-23,2.53903676462796e-22,"Upregulated","Shared_upregulated",2.53903676462796e-22
"ENSG00000087510.9","ENSG00000087510","TFAP2C","protein_coding",277.371979301968,2.15645760739071,4.55443850745998e-24,2.73871049170581e-22,"Upregulated",277.371979301968,3.682436245564,6.23808108924766e-54,2.70665482471189e-52,"Upregulated","Shared_upregulated",2.73871049170581e-22
"ENSG00000039523.22","ENSG00000039523","RIPOR1","protein_coding",732.043298696748,1.34445089991383,5.96769115477919e-24,3.54441722192869e-22,"Upregulated",732.043298696748,2.32048869709669,1.5875995391805e-90,3.7717200855416e-88,"Upregulated","Shared_upregulated",3.54441722192869e-22
"ENSG00000115425.16","ENSG00000115425","PECR","protein_coding",295.34945864863,-1.63322422342614,1.50893039840358e-27,1.25674823756693e-25,"Downregulated",295.34945864863,-1.47756421273364,8.45457037911061e-23,5.95932071663769e-22,"Downregulated","Shared_downregulated",5.95932071663769e-22
"ENSG00000101361.19","ENSG00000101361","NOP56","protein_coding",853.815566927126,-1.10513996471249,1.32386105305521e-23,7.70497766300245e-22,"Downregulated",853.815566927126,-1.65782487154438,1.80253680129407e-52,7.09846829466131e-51,"Downregulated","Shared_downregulated",7.70497766300245e-22
"ENSG00000154917.13","ENSG00000154917","RAB6B","protein_coding",654.448193833286,2.57364979239477,1.34992701991667e-23,7.82525694905297e-22,"Upregulated",654.448193833286,2.13724863811165,2.81006157561727e-56,1.40911461431991e-54,"Upregulated","Shared_upregulated",7.82525694905297e-22
"ENSG00000187867.12","ENSG00000187867","PALM3","protein_coding",108.128126712976,3.94946243240339,2.66239183725053e-45,8.76895056941698e-43,"Upregulated",108.128126712976,5.26727438446524,1.71368492765794e-22,1.18712820132022e-21,"Upregulated","Shared_upregulated",1.18712820132022e-21
"ENSG00000153208.21","ENSG00000153208","MERTK","protein_coding",253.235751896059,1.65888344747225,1.89074209242736e-24,1.19653425342608e-22,"Upregulated",253.235751896059,1.10224360781937,1.76933556998621e-22,1.225093697097e-21,"Upregulated","Shared_upregulated",1.225093697097e-21
"ENSG00000068366.23","ENSG00000068366","ACSL4","protein_coding",547.839181731244,1.69266244083503,2.15846939799444e-23,1.23151726439903e-21,"Upregulated",547.839181731244,1.99966346879311,1.61133668611974e-60,1.02870005529724e-58,"Upregulated","Shared_upregulated",1.23151726439903e-21
"ENSG00000143891.19","ENSG00000143891","GALM","protein_coding",334.045750757984,1.31133344654717,2.1907772718885e-23,1.2450487931062e-21,"Upregulated",334.045750757984,1.50448934539803,1.71241140004597e-29,1.83688127383169e-28,"Upregulated","Shared_upregulated",1.2450487931062e-21
"ENSG00000075643.8","ENSG00000075643","MOCOS","protein_coding",493.178046369918,-1.0950991168714,2.30207553965878e-23,1.29811979458113e-21,"Downregulated",493.178046369918,-1.87822725077846,2.11661654360997e-61,1.44009422300449e-59,"Downregulated","Shared_downregulated",1.29811979458113e-21
"ENSG00000167508.14","ENSG00000167508","MVD","protein_coding",459.35031242648,1.50629860069542,2.89353030326082e-23,1.61903633802532e-21,"Upregulated",459.35031242648,3.20199472320061,6.08024053341795e-97,1.76229691620586e-94,"Upregulated","Shared_upregulated",1.61903633802532e-21
"ENSG00000189143.10","ENSG00000189143","CLDN4","protein_coding",7171.56759190504,1.20151018099911,3.16387069410657e-23,1.76349284996124e-21,"Upregulated",7171.56759190504,1.88234357164903,4.15344217755207e-55,1.94166722700273e-53,"Upregulated","Shared_upregulated",1.76349284996124e-21
"ENSG00000186480.15","ENSG00000186480","INSIG1","protein_coding",8130.96701682592,1.83257955238729,3.61601131318268e-23,1.98497105873649e-21,"Upregulated",8130.96701682592,6.2361123387199,3.51000156582164e-245,5.08669426918872e-241,"Upregulated","Shared_upregulated",1.98497105873649e-21
"ENSG00000114796.18","ENSG00000114796","KLHL24","protein_coding",1142.12365462522,1.53050920195635,3.72855737433221e-23,2.03902843278575e-21,"Upregulated",1142.12365462522,2.38291783243702,2.28946506542983e-56,1.1601023681192e-54,"Upregulated","Shared_upregulated",2.03902843278575e-21
"ENSG00000166557.16","ENSG00000166557","TMED3","protein_coding",1957.27646984203,1.06504292468951,3.95729185441835e-23,2.14790537656295e-21,"Upregulated",1957.27646984203,1.67227612595662,1.45407724811196e-55,7.00082640519553e-54,"Upregulated","Shared_upregulated",2.14790537656295e-21
"ENSG00000159713.13","ENSG00000159713","TPPP3","protein_coding",183.586630688286,1.26666554007325,4.93805789265129e-23,2.62133095165943e-21,"Upregulated",183.586630688286,2.53346269355289,1.54803847689694e-32,2.00305121492772e-31,"Upregulated","Shared_upregulated",2.62133095165943e-21
"ENSG00000052344.18","ENSG00000052344","PRSS8","protein_coding",3517.92660873589,1.23579315721091,9.60298309270244e-23,5.02405888012433e-21,"Upregulated",3517.92660873589,1.48478439994472,4.75616830632909e-32,6.0040410361778e-31,"Upregulated","Shared_upregulated",5.02405888012433e-21
"ENSG00000007047.18","ENSG00000007047","MARK4","protein_coding",630.038100648197,1.56497729786732,1.05810269580775e-22,5.49606604575125e-21,"Upregulated",630.038100648197,2.40600384928365,5.32585637166215e-59,3.18935167512925e-57,"Upregulated","Shared_upregulated",5.49606604575125e-21
"ENSG00000101003.13","ENSG00000101003","GINS1","protein_coding",301.592565496538,-1.10120870416758,1.54530445295439e-22,7.96959150612633e-21,"Downregulated",301.592565496538,-1.14430241258155,8.48296074769922e-25,6.72879404245523e-24,"Downregulated","Shared_downregulated",7.96959150612633e-21
"ENSG00000138449.13","ENSG00000138449","SLC40A1","protein_coding",432.02752748271,1.81129998260388,8.99261588995835e-49,4.6495991198316e-46,"Upregulated",432.02752748271,1.11423057591614,1.79332510654508e-21,1.16437578154352e-20,"Upregulated","Shared_upregulated",1.16437578154352e-20
"ENSG00000007171.21","ENSG00000007171","NOS2","protein_coding",149.723693412196,2.53603356065517,2.56165765475241e-22,1.29350323110355e-20,"Upregulated",149.723693412196,3.03389503652668,6.40990316010775e-32,8.02178899795177e-31,"Upregulated","Shared_upregulated",1.29350323110355e-20
"ENSG00000108840.19","ENSG00000108840","HDAC5","protein_coding",673.20054924163,1.48959092918219,3.24932490433975e-22,1.629384654453e-20,"Upregulated",673.20054924163,1.75777592433773,1.89686107908216e-32,2.44349428960522e-31,"Upregulated","Shared_upregulated",1.629384654453e-20
"ENSG00000103485.21","ENSG00000103485","QPRT","protein_coding",1901.21514979889,1.2481277983778,3.50052339806181e-22,1.74929603740385e-20,"Upregulated",1901.21514979889,2.895484569001,1.34090150025345e-97,3.96578460034142e-95,"Upregulated","Shared_upregulated",1.74929603740385e-20
"ENSG00000135924.19","ENSG00000135924","DNAJB2","protein_coding",534.573574989367,1.17778341195405,5.99629434289895e-22,2.92586860664281e-20,"Upregulated",534.573574989367,1.72792381484466,5.41492474406548e-65,4.28814696125666e-63,"Upregulated","Shared_upregulated",2.92586860664281e-20
"ENSG00000121900.21","ENSG00000121900","TMEM54","protein_coding",1450.45206263024,1.26176313997498,1.96377491574723e-23,1.12486269086992e-21,"Upregulated",1450.45206263024,1.17093374084456,5.53796524653806e-21,3.48939966751433e-20,"Upregulated","Shared_upregulated",3.48939966751433e-20
"ENSG00000189325.9","ENSG00000189325","BNIP5","protein_coding",201.333862858001,2.31334760000512,9.21874632151988e-22,4.39467341090349e-20,"Upregulated",201.333862858001,2.19561286092679,5.17502642680344e-22,3.47527724639645e-21,"Upregulated","Shared_upregulated",4.39467341090349e-20
"ENSG00000100292.19","ENSG00000100292","HMOX1","protein_coding",162.812093648112,2.4683618963727,9.41893811883414e-22,4.46075984373021e-20,"Upregulated",162.812093648112,3.10128348907521,1.49950155757233e-30,1.71649104046905e-29,"Upregulated","Shared_upregulated",4.46075984373021e-20
"ENSG00000188211.10","ENSG00000188211","NCR3LG1","protein_coding",598.773941186953,1.29389529837201,1.09083612048621e-21,5.08308587076723e-20,"Upregulated",598.773941186953,1.68568451052035,2.07877815501158e-38,3.78462977668692e-37,"Upregulated","Shared_upregulated",5.08308587076723e-20
"ENSG00000187866.10","ENSG00000187866","PABIR1","protein_coding",260.809948834838,-1.02358753731376,1.1705878161728e-21,5.43723033076162e-20,"Downregulated",260.809948834838,-1.99044625537463,6.62536665332523e-52,2.54007443227485e-50,"Downregulated","Shared_downregulated",5.43723033076162e-20
"ENSG00000002933.11","ENSG00000002933","TMEM176A","protein_coding",343.305852735284,1.02861947932324,1.3139371891878e-21,6.04494531609829e-20,"Upregulated",343.305852735284,1.63394115501727,8.71723056761146e-46,2.50158624526387e-44,"Upregulated","Shared_upregulated",6.04494531609829e-20
"ENSG00000167994.15","ENSG00000167994","RAB3IL1","protein_coding",231.73717453681,1.83284349932938,1.41378111576907e-21,6.4659171507237e-20,"Upregulated",231.73717453681,1.7690207747797,1.49238769658015e-31,1.82820646651221e-30,"Upregulated","Shared_upregulated",6.4659171507237e-20
"ENSG00000186866.19","ENSG00000186866","POFUT2","protein_coding",481.405453143065,1.63388492958314,1.41436360528527e-21,6.4659171507237e-20,"Upregulated",481.405453143065,2.30386284947114,7.00789975054889e-53,2.828927108216e-51,"Upregulated","Shared_upregulated",6.4659171507237e-20
"ENSG00000140961.16","ENSG00000140961","OSGIN1","protein_coding",156.298188511374,2.54727707241587,2.44542469677429e-21,1.09379921931028e-19,"Upregulated",156.298188511374,2.53604508871238,3.32030809142372e-25,2.72160095367153e-24,"Upregulated","Shared_upregulated",1.09379921931028e-19
"ENSG00000079459.16","ENSG00000079459","FDFT1","protein_coding",5414.31422503536,1.2135826163034,2.94827812252072e-21,1.30263556559665e-19,"Upregulated",5414.31422503536,2.77508505422428,6.45376344024418e-106,2.59799832711163e-103,"Upregulated","Shared_upregulated",1.30263556559665e-19
"ENSG00000167468.21","ENSG00000167468","GPX4","protein_coding",2220.49096259887,1.13536265994935,3.23328547419116e-21,1.4242180271118e-19,"Upregulated",2220.49096259887,1.19527056736756,7.53938154509494e-24,5.69119428212321e-23,"Upregulated","Shared_upregulated",1.4242180271118e-19
"ENSG00000169174.15","ENSG00000169174","PCSK9","protein_coding",1874.14756907732,1.19906611714353,6.42219023801666e-21,2.73736414498051e-19,"Upregulated",1874.14756907732,2.92708297015847,3.10739441651954e-108,1.32448117306474e-105,"Upregulated","Shared_upregulated",2.73736414498051e-19
"ENSG00000165312.7","ENSG00000165312","OTUD1","protein_coding",307.42469369664,1.5678654552892,6.82435710175292e-21,2.89177143621647e-19,"Upregulated",307.42469369664,2.56660032082373,3.9986024976531e-46,1.1683013587901e-44,"Upregulated","Shared_upregulated",2.89177143621647e-19
"ENSG00000085982.18","ENSG00000085982","USP40","protein_coding",433.851164661783,-1.46733759121862,7.0095757915761e-21,2.96159686214346e-19,"Downregulated",433.851164661783,-3.01455346906507,3.5736414832076e-79,4.93230594044234e-77,"Downregulated","Shared_downregulated",2.96159686214346e-19
"ENSG00000115339.17","ENSG00000115339","GALNT3","protein_coding",4350.38642099213,1.06786434998692,7.37724089164393e-21,3.0988688406291e-19,"Upregulated",4350.38642099213,1.94372128270487,1.81119366239675e-65,1.4745965480592e-63,"Upregulated","Shared_upregulated",3.0988688406291e-19
"ENSG00000187446.14","ENSG00000187446","CHP1","protein_coding",2822.672534443,1.09836645953316,8.11331034570245e-21,3.38795916563945e-19,"Upregulated",2822.672534443,1.67927777849106,1.17444146256251e-46,3.57563144442351e-45,"Upregulated","Shared_upregulated",3.38795916563945e-19
"ENSG00000272398.7","ENSG00000272398","CD24","protein_coding",2222.30975750213,1.46986566458975,8.70137805501167e-21,3.60286773637797e-19,"Upregulated",2222.30975750213,1.65614855278573,5.86700534026431e-25,4.71311759374226e-24,"Upregulated","Shared_upregulated",3.60286773637797e-19
"ENSG00000172183.18","ENSG00000172183","ISG20","protein_coding",229.017164410141,1.6881439257083,9.8687007189009e-21,4.07456441077812e-19,"Upregulated",229.017164410141,1.25002998446385,7.15201911561132e-23,5.06831594246646e-22,"Upregulated","Shared_upregulated",4.07456441077812e-19
"ENSG00000102996.7","ENSG00000102996","MMP15","protein_coding",884.057532945587,1.15237992523469,1.77338842316366e-20,7.11909834584149e-19,"Upregulated",884.057532945587,1.45164078164561,4.54181959442094e-31,5.41283302321943e-30,"Upregulated","Shared_upregulated",7.11909834584149e-19
"ENSG00000165434.10","ENSG00000165434","PGM2L1","protein_coding",275.087391357537,1.51036582724862,2.82446044814657e-20,1.11228480474294e-18,"Upregulated",275.087391357537,2.13826126427891,8.50522652654014e-45,2.29530247341936e-43,"Upregulated","Shared_upregulated",1.11228480474294e-18
"ENSG00000172893.20","ENSG00000172893","DHCR7","protein_coding",2358.76402872387,1.13680041074643,3.08813828414989e-20,1.21282655864228e-18,"Upregulated",2358.76402872387,3.19128954870997,1.42750495130417e-146,1.47767155387857e-143,"Upregulated","Shared_upregulated",1.21282655864228e-18
"ENSG00000079385.25","ENSG00000079385","CEACAM1","protein_coding",2189.73123254249,1.6128602787581,6.1503591508815e-43,1.81900009825663e-40,"Upregulated",2189.73123254249,1.05481871052434,2.28089197363485e-19,1.29983037679576e-18,"Upregulated","Shared_upregulated",1.29983037679576e-18
"ENSG00000135750.17","ENSG00000135750","KCNK1","protein_coding",566.008906483232,1.19790632754047,3.82323303495808e-20,1.49343108201112e-18,"Upregulated",566.008906483232,1.14914220705854,2.83952156143226e-21,1.82161781621409e-20,"Upregulated","Shared_upregulated",1.49343108201112e-18
"ENSG00000160180.19","ENSG00000160180","TFF3","protein_coding",210.779349532233,-1.40668007642515,5.01746101369722e-20,1.9287279843634e-18,"Downregulated",210.779349532233,-2.870634657393,8.01172102566751e-39,1.48283347514653e-37,"Downregulated","Shared_downregulated",1.9287279843634e-18
"ENSG00000187189.11","ENSG00000187189","TSPYL4","protein_coding",175.442781611607,-1.17101036536632,5.33538490404864e-20,2.04011604299401e-18,"Downregulated",175.442781611607,-2.1334211527269,2.37331097266679e-38,4.31002789672771e-37,"Downregulated","Shared_downregulated",2.04011604299401e-18
"ENSG00000163131.14","ENSG00000163131","CTSS","protein_coding",250.854213214826,2.00426099586857,1.18503371582365e-57,1.56122805542875e-54,"Upregulated",250.854213214826,1.46480584159253,3.67795086673337e-19,2.06592495971705e-18,"Upregulated","Shared_upregulated",2.06592495971705e-18
"ENSG00000137486.19","ENSG00000137486","ARRB1","protein_coding",434.324466005719,1.25132285690663,6.00639358246092e-20,2.27865591091685e-18,"Upregulated",434.324466005719,-1.40366819666786,9.89712609003605e-24,7.4392713328217e-23,"Downregulated","Discordant_direction",2.27865591091685e-18
"ENSG00000140105.20","ENSG00000140105","WARS1","protein_coding",1548.27028680232,-1.32244797218661,6.00390377120672e-20,2.27865591091685e-18,"Downregulated",1548.27028680232,-1.98775243801502,8.70385088533158e-44,2.1635713041205e-42,"Downregulated","Shared_downregulated",2.27865591091685e-18
"ENSG00000164951.17","ENSG00000164951","PDP1","protein_coding",1322.3657724615,1.23440443006876,6.62969910694142e-20,2.50202081921341e-18,"Upregulated",1322.3657724615,2.08571780548367,7.13370151847438e-58,4.02263044380275e-56,"Upregulated","Shared_upregulated",2.50202081921341e-18
"ENSG00000142156.18","ENSG00000142156","COL6A1","protein_coding",557.411336263831,2.77932261747908,4.55916994331605e-47,1.61149977606186e-44,"Upregulated",557.411336263831,1.74183860131841,4.58467170120226e-19,2.56529198045649e-18,"Upregulated","Shared_upregulated",2.56529198045649e-18
"ENSG00000124466.9","ENSG00000124466","LYPD3","protein_coding",59.9072259506925,2.44312523096849,6.31189178113426e-22,3.06461348722388e-20,"Upregulated",59.9072259506925,2.66674246329217,5.425279634809e-19,3.02048223079724e-18,"Upregulated","Shared_upregulated",3.02048223079724e-18
"ENSG00000159840.18","ENSG00000159840","ZYX","protein_coding",2975.9649466452,1.33736171021253,1.05002034256086e-19,3.92188010422472e-18,"Upregulated",2975.9649466452,2.16134314970326,4.58765306138583e-51,1.7135120661238e-49,"Upregulated","Shared_upregulated",3.92188010422472e-18
"ENSG00000112406.7","ENSG00000112406","HECA","protein_coding",1450.82765108713,1.19980252013811,1.12954846295102e-19,4.2080761761147e-18,"Upregulated",1450.82765108713,1.83997453646612,4.69271365263425e-44,1.19310186410483e-42,"Upregulated","Shared_upregulated",4.2080761761147e-18
"ENSG00000143748.20","ENSG00000143748","NVL","protein_coding",200.719782395561,-1.09339920570163,3.87757117997106e-20,1.50653516193406e-18,"Downregulated",200.719782395561,-1.13474854409094,1.46017140559992e-18,7.88993438104178e-18,"Downregulated","Shared_downregulated",7.88993438104178e-18
"ENSG00000074181.11","ENSG00000074181","NOTCH3","protein_coding",967.643377397748,1.25617366102367,2.43821250826119e-19,8.81161488022971e-18,"Upregulated",967.643377397748,2.07545178045236,1.0246243155298e-54,4.69900493058793e-53,"Upregulated","Shared_upregulated",8.81161488022971e-18
"ENSG00000110171.22","ENSG00000110171","TRIM3","protein_coding",96.4424066318163,1.65456369701172,2.08661937003922e-19,7.57876889990186e-18,"Upregulated",96.4424066318163,1.35861454530639,2.28613402439623e-18,1.22028192565562e-17,"Upregulated","Shared_upregulated",1.22028192565562e-17
"ENSG00000170412.20","ENSG00000170412","GPRC5C","protein_coding",740.126209772123,1.22395488647968,3.72268887700131e-19,1.3126327787227e-17,"Upregulated",740.126209772123,1.55034435230623,3.26066325693778e-30,3.66250707016907e-29,"Upregulated","Shared_upregulated",1.3126327787227e-17
"ENSG00000174307.8","ENSG00000174307","PHLDA3","protein_coding",165.096573748683,4.81094952357192,5.87309075930799e-19,2.02168245329908e-17,"Upregulated",165.096573748683,2.10739535141465,6.61119793586397e-37,1.09999403543675e-35,"Upregulated","Shared_upregulated",2.02168245329908e-17
"ENSG00000177380.16","ENSG00000177380","PPFIA3","protein_coding",184.464680606729,1.04465408092495,6.12825055019045e-19,2.09954153601324e-17,"Upregulated",184.464680606729,1.07036504578487,3.24217489696406e-22,2.20176188410511e-21,"Upregulated","Shared_upregulated",2.09954153601324e-17
"ENSG00000167705.14","ENSG00000167705","RILP","protein_coding",94.726061110981,1.7535213258913,2.20545343865662e-21,9.95683215981673e-20,"Upregulated",94.726061110981,1.25373145707811,4.59002282912039e-18,2.39620356050478e-17,"Upregulated","Shared_upregulated",2.39620356050478e-17
"ENSG00000223617.4","ENSG00000223617","LINC00370","lncRNA",194.754386761094,2.58632464077746,5.26829283132979e-19,1.83529085845268e-17,"Upregulated",194.754386761094,2.19573670307258,4.93773985659889e-18,2.57124419697561e-17,"Upregulated","Shared_upregulated",2.57124419697561e-17
"ENSG00000113552.18","ENSG00000113552","GNPDA1","protein_coding",976.609597687933,1.10375563638619,8.41068034767762e-19,2.81495564892711e-17,"Upregulated",976.609597687933,1.59267975586941,2.55369302865009e-38,4.62601492139963e-37,"Upregulated","Shared_upregulated",2.81495564892711e-17
"ENSG00000140832.12","ENSG00000140832","MARVELD3","protein_coding",297.283106224866,1.20460399954231,8.75761388628667e-19,2.91759403310498e-17,"Upregulated",297.283106224866,1.35090984438502,3.93669031981629e-23,2.83974694448869e-22,"Upregulated","Shared_upregulated",2.91759403310498e-17
"ENSG00000174938.17","ENSG00000174938","SEZ6L2","protein_coding",435.265724273172,1.08725359323956,1.01938789962244e-18,3.36514110280829e-17,"Upregulated",435.265724273172,1.19197518801894,1.46271696118468e-41,3.20691288978645e-40,"Upregulated","Shared_upregulated",3.36514110280829e-17
"ENSG00000276234.7","ENSG00000276234","TADA2A","protein_coding",122.897355441431,-1.27651571712658,1.10146165834572e-18,3.62781417107866e-17,"Downregulated",122.897355441431,-2.42793361130609,3.35616820160872e-44,8.6236860953393e-43,"Downregulated","Shared_downregulated",3.62781417107866e-17
"ENSG00000123358.22","ENSG00000123358","NR4A1","protein_coding",759.593358834311,2.89162346494564,1.15171312175172e-18,3.77615985529998e-17,"Upregulated",759.593358834311,4.01578155805882,6.40528680360096e-36,1.01448542467525e-34,"Upregulated","Shared_upregulated",3.77615985529998e-17
"ENSG00000169908.14","ENSG00000169908","TM4SF1","protein_coding",1649.37312849277,1.62792072139908,9.10219998594685e-30,9.55862914466245e-28,"Upregulated",1649.37312849277,1.12876070180839,7.68484107181336e-18,3.94924527704678e-17,"Upregulated","Shared_upregulated",3.94924527704678e-17
"ENSG00000012048.28","ENSG00000012048","BRCA1","protein_coding",554.067782711734,-1.14839643705041,1.37258228324546e-18,4.46999156152655e-17,"Downregulated",554.067782711734,-2.93431317997575,4.92090541420442e-98,1.48570335963855e-95,"Downregulated","Shared_downregulated",4.46999156152655e-17
"ENSG00000119899.15","ENSG00000119899","SLC17A5","protein_coding",524.046835762248,1.13989711902362,1.41117022574126e-18,4.58535401601845e-17,"Upregulated",524.046835762248,2.69500204044186,5.85516197744277e-99,1.88562238615779e-96,"Upregulated","Shared_upregulated",4.58535401601845e-17
"ENSG00000146072.8","ENSG00000146072","TNFRSF21","protein_coding",3058.136040902,1.09775354860068,1.476997356126e-18,4.78851133892126e-17,"Upregulated",3058.136040902,1.54636274245178,7.76121150635733e-36,1.22255953424055e-34,"Upregulated","Shared_upregulated",4.78851133892126e-17
"ENSG00000132510.13","ENSG00000132510","KDM6B","protein_coding",621.494320857196,1.25280007702011,2.10207872588655e-18,6.66593542572165e-17,"Upregulated",621.494320857196,1.4218195547827,3.2417010251732e-29,3.41663500049527e-28,"Upregulated","Shared_upregulated",6.66593542572165e-17
"ENSG00000090238.14","ENSG00000090238","YPEL3","protein_coding",171.842394308502,1.94285558063203,2.1896588458325e-18,6.92850130869097e-17,"Upregulated",171.842394308502,2.42301707096862,8.28524481315562e-31,9.65967560999607e-30,"Upregulated","Shared_upregulated",6.92850130869097e-17
"ENSG00000170006.15","ENSG00000170006","TMEM154","protein_coding",134.878888780426,-1.90647724027014,2.9082043804082e-18,9.00549100018709e-17,"Downregulated",134.878888780426,-3.89188449413677,4.60719509592059e-22,3.10546378279447e-21,"Downregulated","Shared_downregulated",9.00549100018709e-17
"ENSG00000125657.6","ENSG00000125657","TNFSF9","protein_coding",85.1655443960351,5.07592685847991,3.43949854282378e-18,1.05158676967515e-16,"Upregulated",85.1655443960351,5.42408252205516,4.77756139618195e-47,1.50187461504271e-45,"Upregulated","Shared_upregulated",1.05158676967515e-16
"ENSG00000139410.17","ENSG00000139410","SDSL","protein_coding",55.1802919625884,-1.6432881173224,3.94643805480823e-18,1.20150798929161e-16,"Downregulated",55.1802919625884,-4.83723912364848,1.58705471984085e-17,8.03058554466953e-17,"Downregulated","Shared_downregulated",1.20150798929161e-16
"ENSG00000141034.12","ENSG00000141034","GID4","protein_coding",458.70988424152,1.26681482445885,4.00077739866507e-18,1.21549824028206e-16,"Upregulated",458.70988424152,1.5388742380432,5.54366915954694e-26,4.76223197748395e-25,"Upregulated","Shared_upregulated",1.21549824028206e-16
"ENSG00000157110.18","ENSG00000157110","RBPMS","protein_coding",391.117854335408,1.4574575455112,4.56285300648625e-18,1.38047736471814e-16,"Upregulated",391.117854335408,1.06272409752918,2.88986994074136e-35,4.42238597478603e-34,"Upregulated","Shared_upregulated",1.38047736471814e-16
"ENSG00000075461.8","ENSG00000075461","CACNG4","protein_coding",461.23620650075,3.44204813226646,6.56918438941155e-58,9.52006201713522e-55,"Upregulated",461.23620650075,1.44788579551726,2.80212762160561e-17,1.39260745858397e-16,"Upregulated","Shared_upregulated",1.39260745858397e-16
"ENSG00000172159.18","ENSG00000172159","FRMD3","protein_coding",186.658632961873,1.09245271881565,5.51372861966112e-18,1.65434689764242e-16,"Upregulated",186.658632961873,-1.77569917606492,7.8217652445235e-56,3.82949398390657e-54,"Downregulated","Discordant_direction",1.65434689764242e-16
"ENSG00000198742.12","ENSG00000198742","SMURF1","protein_coding",1161.22638237311,1.14409219255047,9.33174151450274e-18,2.75991016384028e-16,"Upregulated",1161.22638237311,1.97096562224855,1.53439268982198e-52,6.09216955093154e-51,"Upregulated","Shared_upregulated",2.75991016384028e-16
"ENSG00000100889.14","ENSG00000100889","PCK2","protein_coding",1070.99980933036,-1.03470669805122,1.05401100789098e-17,3.1109424697263e-16,"Downregulated",1070.99980933036,-1.91240111099005,1.70766191992522e-52,6.74317072031505e-51,"Downregulated","Shared_downregulated",3.1109424697263e-16
"ENSG00000198131.17","ENSG00000198131","ZNF544","protein_coding",151.355455143301,-1.10017308536778,1.0765537559654e-17,3.17101972183954e-16,"Downregulated",151.355455143301,-2.77641811706805,9.04154257577954e-54,3.86519277310316e-52,"Downregulated","Shared_downregulated",3.17101972183954e-16
"ENSG00000106804.12","ENSG00000106804","C5","protein_coding",149.955928594673,-1.51949027745352,1.12290168649928e-17,3.29414802444283e-16,"Downregulated",149.955928594673,-3.24947948100457,1.11323196384936e-40,2.29814211112605e-39,"Downregulated","Shared_downregulated",3.29414802444283e-16
"ENSG00000008256.19","ENSG00000008256","CYTH3","protein_coding",590.675724930585,1.22485989228973,1.73760277045385e-18,5.57109277641974e-17,"Upregulated",590.675724930585,1.11982163562828,6.85301244469367e-17,3.30385416994347e-16,"Upregulated","Shared_upregulated",3.30385416994347e-16
"ENSG00000101384.14","ENSG00000101384","JAG1","protein_coding",2395.12599284208,1.32679742827991,1.14331303031379e-18,3.75711846605611e-17,"Upregulated",2395.12599284208,1.23904154768471,8.20178986639924e-17,3.93577280608801e-16,"Upregulated","Shared_upregulated",3.93577280608801e-16
"ENSG00000166004.16","ENSG00000166004","CEP295","protein_coding",189.473936035696,-1.09053610214305,1.36346290996523e-17,3.95978045916156e-16,"Downregulated",189.473936035696,-1.30474707906903,9.79899740332204e-26,8.28996324395464e-25,"Downregulated","Shared_downregulated",3.95978045916156e-16
"ENSG00000157227.16","ENSG00000157227","MMP14","protein_coding",435.032240417384,1.04635410467395,1.39280054984598e-17,4.02883544278802e-16,"Upregulated",435.032240417384,1.66411608225935,1.90134927790344e-45,5.30912403379127e-44,"Upregulated","Shared_upregulated",4.02883544278802e-16
"ENSG00000114739.16","ENSG00000114739","ACVR2B","protein_coding",423.985648290784,1.12153068407531,1.41771581224631e-17,4.09273656395888e-16,"Upregulated",423.985648290784,1.27481060155285,4.55562475771599e-22,3.07213187477059e-21,"Upregulated","Shared_upregulated",4.09273656395888e-16
"ENSG00000105516.12","ENSG00000105516","DBP","protein_coding",208.95495801443,1.99267215730362,1.53478030864326e-17,4.40436361046695e-16,"Upregulated",208.95495801443,2.42702329421536,3.11335908784238e-24,2.38850184759194e-23,"Upregulated","Shared_upregulated",4.40436361046695e-16
"ENSG00000250786.5","ENSG00000250786","SNHG18","lncRNA",349.154065637561,1.27029106420831,2.18234099078183e-17,6.18913613276129e-16,"Upregulated",349.154065637561,3.01312246087296,1.96260948505745e-107,8.12632475927214e-105,"Upregulated","Shared_upregulated",6.18913613276129e-16
"ENSG00000074416.18","ENSG00000074416","MGLL","protein_coding",1290.09424691004,2.48387214252811,1.38657506179689e-57,1.67452048296337e-54,"Upregulated",1290.09424691004,1.2012116550049,1.77024932966576e-16,8.33748888057073e-16,"Upregulated","Shared_upregulated",8.33748888057073e-16
"ENSG00000114626.20","ENSG00000114626","ABTB1","protein_coding",184.914746416788,1.2865623219705,3.6213637399183e-17,1.01510257870205e-15,"Upregulated",184.914746416788,1.53805251786389,5.52410708274432e-38,9.73909487142708e-37,"Upregulated","Shared_upregulated",1.01510257870205e-15
"ENSG00000185436.14","ENSG00000185436","IFNLR1","protein_coding",234.120587554828,1.32491118259295,4.43122497287531e-17,1.2349483135944e-15,"Upregulated",234.120587554828,1.56012314597061,2.57829099164107e-28,2.57509256036268e-27,"Upregulated","Shared_upregulated",1.2349483135944e-15
"ENSG00000218980.2","ENSG00000218980","FTH1P15","processed_pseudogene",133.3792121801,2.24049797057586,2.13907808880653e-21,9.68734989468259e-20,"Upregulated",133.3792121801,1.83234132019457,3.29278052448553e-16,1.52068117784718e-15,"Upregulated","Shared_upregulated",1.52068117784718e-15
"ENSG00000011638.13","ENSG00000011638","LDAF1","protein_coding",561.007836426145,1.49522252427308,6.23480814490712e-17,1.71777261665388e-15,"Upregulated",561.007836426145,2.93126376865176,2.75471888724791e-61,1.85680865646497e-59,"Upregulated","Shared_upregulated",1.71777261665388e-15
"ENSG00000137575.14","ENSG00000137575","SDCBP","protein_coding",1609.11782904995,1.05753536531298,8.33994419722933e-17,2.28906195655772e-15,"Upregulated",1609.11782904995,1.30394193724309,5.08310874872134e-28,4.96390916350874e-27,"Upregulated","Shared_upregulated",2.28906195655772e-15
"ENSG00000214039.11","ENSG00000214039","LINC02418","lncRNA",201.213160343503,-2.10322768177799,2.90651979583905e-48,1.27640257216059e-45,"Downregulated",201.213160343503,-4.58260774275175,7.33291467182513e-16,3.30848690610491e-15,"Downregulated","Shared_downregulated",3.30848690610491e-15
"ENSG00000174738.16","ENSG00000174738","NR1D2","protein_coding",1750.54793525741,1.24995980282235,1.2454359448967e-16,3.34858213607477e-15,"Upregulated",1750.54793525741,1.4336274037786,1.77452780084824e-21,1.15320434483824e-20,"Upregulated","Shared_upregulated",3.34858213607477e-15
"ENSG00000131242.20","ENSG00000131242","RAB11FIP4","protein_coding",896.007939087465,1.03376143232996,1.30959000204945e-16,3.50805514042526e-15,"Upregulated",896.007939087465,1.24439556109011,1.14833163798262e-26,1.02346999370505e-25,"Upregulated","Shared_upregulated",3.50805514042526e-15
"ENSG00000010438.17","ENSG00000010438","PRSS3","protein_coding",873.387540865553,1.04660150740625,1.64955848722661e-16,4.3943752935456e-15,"Upregulated",873.387540865553,1.11370009387,5.97034253610727e-19,3.31502697445466e-18,"Upregulated","Shared_upregulated",4.3943752935456e-15
"ENSG00000113328.23","ENSG00000113328","CCNG1","protein_coding",3627.93639306195,1.07931545791934,2.25250502249883e-16,5.93514596110054e-15,"Upregulated",3627.93639306195,1.98710018118178,6.99728279255756e-53,2.828927108216e-51,"Upregulated","Shared_upregulated",5.93514596110054e-15
"ENSG00000155465.23","ENSG00000155465","SLC7A7","protein_coding",233.800307195095,2.06923236575966,1.6618952509567e-27,1.36841965777639e-25,"Upregulated",233.800307195095,1.68214448138229,1.61719938689828e-15,7.1192143119471e-15,"Upregulated","Shared_upregulated",7.1192143119471e-15
"ENSG00000130234.15","ENSG00000130234","ACE2","protein_coding",126.779008963732,2.7328808724818,2.73687089894588e-44,8.43887937606887e-42,"Upregulated",126.779008963732,2.45783619719225,1.6297258481272e-15,7.17217946889139e-15,"Upregulated","Shared_upregulated",7.17217946889139e-15
"ENSG00000214274.12","ENSG00000214274","ANG","protein_coding",95.3560626588158,2.27611706375307,3.34351479532594e-16,8.62174669285827e-15,"Upregulated",95.3560626588158,2.08840265791116,3.43566777783377e-18,1.81449334680638e-17,"Upregulated","Shared_upregulated",8.62174669285827e-15
"ENSG00000244242.4","ENSG00000244242","IFITM10","protein_coding",80.9722576896324,2.62843744439691,3.55942570578336e-16,9.14595697308732e-15,"Upregulated",80.9722576896324,6.69807750508286,1.42115092090043e-46,4.28177113215989e-45,"Upregulated","Shared_upregulated",9.14595697308732e-15
"ENSG00000151632.20","ENSG00000151632","AKR1C2","protein_coding",281.621662567389,1.89710037373982,4.13047744494624e-16,1.05757736982616e-14,"Upregulated",281.621662567389,3.73293340003864,1.61706702090149e-73,1.80265655899264e-71,"Upregulated","Shared_upregulated",1.05757736982616e-14
"ENSG00000132613.17","ENSG00000132613","MTSS2","protein_coding",773.709125925252,1.27474012483864,4.47594096335166e-16,1.13998833815276e-14,"Upregulated",773.709125925252,2.47074802302306,8.20840328919455e-60,5.12742157185377e-58,"Upregulated","Shared_upregulated",1.13998833815276e-14
"ENSG00000135842.19","ENSG00000135842","NIBAN1","protein_coding",245.611900733513,-2.49612713354824,5.73738252615793e-16,1.43603018254025e-14,"Downregulated",245.611900733513,-4.86863153503433,2.49613414484798e-31,3.02457993537934e-30,"Downregulated","Shared_downregulated",1.43603018254025e-14
"ENSG00000162378.15","ENSG00000162378","ZYG11B","protein_coding",471.981542313423,1.01569144184274,8.43689675480542e-16,2.07937938385442e-14,"Upregulated",471.981542313423,1.1368947357254,2.89521041127392e-21,1.85570054313054e-20,"Upregulated","Shared_upregulated",2.07937938385442e-14
"ENSG00000119630.16","ENSG00000119630","PGF","protein_coding",73.9669345572799,1.77354460455321,8.52623692271533e-16,2.09783065337845e-14,"Upregulated",73.9669345572799,2.82383777876422,1.42402095193688e-21,9.32109829966993e-21,"Upregulated","Shared_upregulated",2.09783065337845e-14
"ENSG00000168679.20","ENSG00000168679","SLC16A4","protein_coding",281.950905778487,2.70485471680674,8.24276695186522e-27,6.22157180554327e-25,"Upregulated",281.950905778487,1.84772575547154,5.00719690542741e-15,2.13675787848805e-14,"Upregulated","Shared_upregulated",2.13675787848805e-14
"ENSG00000186141.12","ENSG00000186141","POLR3C","protein_coding",326.824953060943,-1.15533914824972,1.01963717202865e-15,2.48345914235954e-14,"Downregulated",326.824953060943,-1.84070198519049,4.89184817483879e-34,6.9298791544246e-33,"Downregulated","Shared_downregulated",2.48345914235954e-14
"ENSG00000119950.22","ENSG00000119950","MXI1","protein_coding",622.362246562559,2.07323956367527,8.74964513358936e-20,3.2849703957507e-18,"Upregulated",622.362246562559,1.6781863509484,6.2166528999951e-15,2.63503170010907e-14,"Upregulated","Shared_upregulated",2.63503170010907e-14
"ENSG00000179094.19","ENSG00000179094","PER1","protein_coding",679.722935486009,2.39093757012741,1.39433284089029e-15,3.34547541890431e-14,"Upregulated",679.722935486009,4.27720162389868,8.29440343504369e-47,2.56295297613333e-45,"Upregulated","Shared_upregulated",3.34547541890431e-14
"ENSG00000167996.18","ENSG00000167996","FTH1","protein_coding",34865.817636775,2.10119853822314,4.23191383566737e-19,1.48496114543563e-17,"Upregulated",34865.817636775,1.82699398402411,8.07701088540912e-15,3.39379651352128e-14,"Upregulated","Shared_upregulated",3.39379651352128e-14
"ENSG00000142765.20","ENSG00000142765","SYTL1","protein_coding",136.398063293263,-1.09893915942143,9.85187522620902e-17,2.69383727883436e-15,"Downregulated",136.398063293263,-1.16662781286779,8.7848055311013e-15,3.67627495687901e-14,"Downregulated","Shared_downregulated",3.67627495687901e-14
"ENSG00000254166.5","ENSG00000254166","CASC19","lncRNA",364.054009768,-1.08665756297954,1.78846266454816e-15,4.22123793723648e-14,"Downregulated",364.054009768,-3.0629657999057,6.384506768297e-87,1.34093147950957e-84,"Downregulated","Shared_downregulated",4.22123793723648e-14
"ENSG00000155324.12","ENSG00000155324","GRAMD2B","protein_coding",249.611681797974,1.13780879264028,2.10392755499744e-15,4.90984188840949e-14,"Upregulated",249.611681797974,1.51355061626106,6.16385721333902e-26,5.2793509891081e-25,"Upregulated","Shared_upregulated",4.90984188840949e-14
"ENSG00000150457.11","ENSG00000150457","LATS2","protein_coding",999.126197969898,1.57073087429291,2.11472922811548e-15,4.92711510833594e-14,"Upregulated",999.126197969898,2.26800684383088,9.49426601010925e-31,1.10190243596521e-29,"Upregulated","Shared_upregulated",4.92711510833594e-14
"ENSG00000132434.12","ENSG00000132434","LANCL2","protein_coding",112.151821761816,-1.18224109177751,2.88411807913954e-15,6.61339227893833e-14,"Downregulated",112.151821761816,-2.69287106016338,1.73162039196995e-48,5.72937048411608e-47,"Downregulated","Shared_downregulated",6.61339227893833e-14
"ENSG00000011143.21","ENSG00000011143","MKS1","protein_coding",85.221339689252,-1.32374683132898,3.23328035867419e-15,7.35583971081732e-14,"Downregulated",85.221339689252,-2.28233486452921,4.3614245053596e-30,4.86572470605629e-29,"Downregulated","Shared_downregulated",7.35583971081732e-14
"ENSG00000256537.6","ENSG00000256537","SMIM10L1","protein_coding",219.547328511768,-1.00456315517522,3.36652684953028e-15,7.62307923490514e-14,"Downregulated",219.547328511768,-2.13614383448601,4.99671697785058e-38,8.86320960134768e-37,"Downregulated","Shared_downregulated",7.62307923490514e-14
"ENSG00000087086.18","ENSG00000087086","FTL","protein_coding",30370.3240802316,1.52129474761955,4.97419860580834e-15,1.11243960178047e-13,"Upregulated",30370.3240802316,2.74406326991223,3.2545396794298e-45,9.01812409833589e-44,"Upregulated","Shared_upregulated",1.11243960178047e-13
"ENSG00000163931.19","ENSG00000163931","TKT","protein_coding",9587.40389544514,1.45942567335991,5.0335105044468e-15,1.1222405266222e-13,"Upregulated",9587.40389544514,3.69396837725378,2.76575429375334e-87,5.98228525747363e-85,"Upregulated","Shared_upregulated",1.1222405266222e-13
"ENSG00000110274.18","ENSG00000110274","CEP164","protein_coding",199.504413831197,-1.19356474310152,5.74563256277109e-15,1.26929431554388e-13,"Downregulated",199.504413831197,-1.143794569086,1.08566744410501e-19,6.30600905810412e-19,"Downregulated","Shared_downregulated",1.26929431554388e-13
"ENSG00000104142.13","ENSG00000104142","VPS18","protein_coding",257.481457711316,1.09844576954003,8.16247589200158e-15,1.7814849492001e-13,"Upregulated",257.481457711316,1.12386502711087,1.06115914145405e-15,4.72162059501138e-15,"Upregulated","Shared_upregulated",1.7814849492001e-13
"ENSG00000096872.19","ENSG00000096872","IFT74","protein_coding",87.3933285903674,-1.10463491082522,8.87185307514065e-15,1.92759962166324e-13,"Downregulated",87.3933285903674,-1.65730018952649,2.88785895002312e-22,1.96945185429341e-21,"Downregulated","Shared_downregulated",1.92759962166324e-13
"ENSG00000107968.12","ENSG00000107968","MAP3K8","protein_coding",129.798386601028,1.5872788878501,1.66547937803561e-18,5.36358381033157e-17,"Upregulated",129.798386601028,1.32739968700236,5.44706284045837e-14,2.15503234190343e-13,"Upregulated","Shared_upregulated",2.15503234190343e-13
"ENSG00000164626.11","ENSG00000164626","KCNK5","protein_coding",448.300647458727,1.0675880030487,1.14018661539804e-14,2.45886673070661e-13,"Upregulated",448.300647458727,1.19510101974363,7.08452738388312e-18,3.65002407089389e-17,"Upregulated","Shared_upregulated",2.45886673070661e-13
"ENSG00000155858.7","ENSG00000155858","LSM11","protein_coding",164.299880970421,1.03298311213255,1.25465170197199e-14,2.6897059859435e-13,"Upregulated",164.299880970421,1.72306008040241,1.00523351332612e-40,2.09007805955842e-39,"Upregulated","Shared_upregulated",2.6897059859435e-13
"ENSG00000120694.22","ENSG00000120694","HSPH1","protein_coding",6304.42626544681,1.04017289419853,1.31318846461137e-14,2.79863635722764e-13,"Upregulated",6304.42626544681,1.85250421215278,3.93952689002074e-43,9.35928257216075e-42,"Upregulated","Shared_upregulated",2.79863635722764e-13
"ENSG00000006757.14","ENSG00000006757","PNPLA4","protein_coding",139.520559097328,-1.11040934976016,1.41156846302414e-14,2.98198982013787e-13,"Downregulated",139.520559097328,-1.15948776038796,4.66163261065185e-14,1.85289028506765e-13,"Downregulated","Shared_downregulated",2.98198982013787e-13
"ENSG00000126705.17","ENSG00000126705","AHDC1","protein_coding",301.469754049659,1.18719097458598,1.4934622345357e-14,3.14125612523822e-13,"Upregulated",301.469754049659,1.36833054106526,2.18653937592809e-19,1.2475326234626e-18,"Upregulated","Shared_upregulated",3.14125612523822e-13
"ENSG00000135749.22","ENSG00000135749","PCNX2","protein_coding",82.3686709822808,-1.2161373426752,1.5634926577531e-14,3.28378776755913e-13,"Downregulated",82.3686709822808,-2.87590330893061,9.54292399639289e-30,1.04532165197072e-28,"Downregulated","Shared_downregulated",3.28378776755913e-13
"ENSG00000146243.15","ENSG00000146243","IRAK1BP1","protein_coding",120.304243176374,-1.46282382399235,1.70505678595417e-14,3.5604730464046e-13,"Downregulated",120.304243176374,-2.03976808763388,1.6696655033901e-25,1.39382445133234e-24,"Downregulated","Shared_downregulated",3.5604730464046e-13
"ENSG00000158373.11","ENSG00000158373","H2BC5","protein_coding",275.65898547858,2.53596564929804,2.1458600670049e-14,4.4235852192084e-13,"Upregulated",275.65898547858,2.6927147309687,4.8354538999479e-14,1.91987391556288e-13,"Upregulated","Shared_upregulated",4.4235852192084e-13
"ENSG00000076864.23","ENSG00000076864","RAP1GAP","protein_coding",217.627767029592,1.49219514135408,2.87981056048336e-14,5.82880092772693e-13,"Upregulated",217.627767029592,2.46592663373355,4.41857625239567e-82,6.81212840954447e-80,"Upregulated","Shared_upregulated",5.82880092772693e-13
"ENSG00000095209.14","ENSG00000095209","TMEM38B","protein_coding",938.966739347755,1.05409460898868,3.11010565291043e-14,6.26865801418329e-13,"Upregulated",938.966739347755,1.08337122654514,6.30134313144845e-15,2.66858751200909e-14,"Upregulated","Shared_upregulated",6.26865801418329e-13
"ENSG00000133612.22","ENSG00000133612","AGAP3","protein_coding",1225.3268857487,1.00833794748915,4.62487477501883e-14,9.04503174623116e-13,"Upregulated",1225.3268857487,1.33390109921853,1.16980778221361e-23,8.74760287917419e-23,"Upregulated","Shared_upregulated",9.04503174623116e-13
"ENSG00000168306.15","ENSG00000168306","ACOX2","protein_coding",111.168049816243,-1.89699604128783,4.71424614691701e-17,1.31130240232478e-15,"Downregulated",111.168049816243,-3.73038576791299,3.23133034411354e-13,1.20536523415427e-12,"Downregulated","Shared_downregulated",1.20536523415427e-12
"ENSG00000177788.7","ENSG00000177788","RAB4A-AS1","lncRNA",118.646824953033,-1.14158083335583,6.25852496807e-14,1.20609765741051e-12,"Downregulated",118.646824953033,-2.85861888355156,5.3265027913186e-38,9.41361932338892e-37,"Downregulated","Shared_downregulated",1.20609765741051e-12
"ENSG00000116663.13","ENSG00000116663","FBXO6","protein_coding",74.8916969426881,1.63476480863631,6.56456258560201e-14,1.26171937653242e-12,"Upregulated",74.8916969426881,1.58237233178263,1.40944128818468e-23,1.04908182580239e-22,"Upregulated","Shared_upregulated",1.26171937653242e-12
"ENSG00000118263.18","ENSG00000118263","KLF7","protein_coding",496.318670194296,1.23562423508035,7.94614021022228e-14,1.51321240376533e-12,"Upregulated",496.318670194296,1.72942522419306,6.69439021512923e-29,6.92965021411806e-28,"Upregulated","Shared_upregulated",1.51321240376533e-12
"ENSG00000112773.18","ENSG00000112773","TENT5A","protein_coding",144.172432155675,1.39256083003182,7.97948964110501e-14,1.51756907977551e-12,"Upregulated",144.172432155675,1.27734310552515,2.83839957744054e-17,1.41015038314255e-16,"Upregulated","Shared_upregulated",1.51756907977551e-12
"ENSG00000050820.19","ENSG00000050820","BCAR1","protein_coding",884.575210437518,1.07912793083214,9.87238295405988e-14,1.85084830233164e-12,"Upregulated",884.575210437518,1.28540566022213,2.25476259542785e-18,1.20442386778255e-17,"Upregulated","Shared_upregulated",1.85084830233164e-12
"ENSG00000174371.19","ENSG00000174371","EXO1","protein_coding",141.604501608992,-1.10332279709577,1.04869777605082e-13,1.95343549749723e-12,"Downregulated",141.604501608992,-2.62006963125494,1.9888717106802e-37,3.39684316812998e-36,"Downregulated","Shared_downregulated",1.95343549749723e-12
"ENSG00000176623.14","ENSG00000176623","RMDN1","protein_coding",227.041866720571,-1.02837151695944,1.53800343798292e-13,2.8142355837435e-12,"Downregulated",227.041866720571,-1.78635014410435,5.70538311934282e-35,8.60378898704642e-34,"Downregulated","Shared_downregulated",2.8142355837435e-12
"ENSG00000196584.5","ENSG00000196584","XRCC2","protein_coding",102.989718208099,-1.05863669130328,1.55092667734682e-13,2.83430383456622e-12,"Downregulated",102.989718208099,-3.9233910960159,6.78681631315527e-44,1.71349376324471e-42,"Downregulated","Shared_downregulated",2.83430383456622e-12
"ENSG00000150556.19","ENSG00000150556","LYPD6B","protein_coding",109.130856495514,-1.18613275385186,1.55878475241736e-13,2.83884907745334e-12,"Downregulated",109.130856495514,-2.63947139267632,2.40097961942837e-36,3.89205779024116e-35,"Downregulated","Shared_downregulated",2.83884907745334e-12
"ENSG00000118816.14","ENSG00000118816","CCNI","protein_coding",6512.80760215315,1.08366932115479,1.78679796878413e-13,3.23678452045245e-12,"Upregulated",6512.80760215315,1.38025094492225,5.76024658153894e-21,3.62630293048055e-20,"Upregulated","Shared_upregulated",3.23678452045245e-12
"ENSG00000133111.5","ENSG00000133111","RFXAP","protein_coding",68.6179205608351,-1.37671417848077,1.80718849806794e-13,3.26963492059932e-12,"Downregulated",68.6179205608351,-2.85318798522776,2.78729045688557e-30,3.14835645371674e-29,"Downregulated","Shared_downregulated",3.26963492059932e-12
"ENSG00000164949.10","ENSG00000164949","GEM","protein_coding",111.563662394878,1.58525096100848,1.89004219827502e-13,3.40677755440319e-12,"Upregulated",111.563662394878,1.2623788460539,4.9160411179587e-17,2.39634268017011e-16,"Upregulated","Shared_upregulated",3.40677755440319e-12
"ENSG00000160862.15","ENSG00000160862","AZGP1","protein_coding",675.335238382996,1.15921813581168,2.16492226354596e-13,3.88773896447435e-12,"Upregulated",675.335238382996,2.01551104553521,1.72039214936716e-42,3.92011368374668e-41,"Upregulated","Shared_upregulated",3.88773896447435e-12
"ENSG00000155850.11","ENSG00000155850","SLC26A2","protein_coding",133.38794259951,1.41263270135847,1.66438488515674e-13,3.01880672787127e-12,"Upregulated",133.38794259951,-1.76628482681476,1.09716666821358e-12,3.92830681545203e-12,"Downregulated","Discordant_direction",3.92830681545203e-12
"ENSG00000140465.17","ENSG00000140465","CYP1A1","protein_coding",67.2953474227271,2.75973909198276,2.40060334112484e-13,4.28970944754391e-12,"Upregulated",67.2953474227271,3.17054735294858,5.81801523876475e-14,2.29740263869697e-13,"Upregulated","Shared_upregulated",4.28970944754391e-12
"ENSG00000271122.2","ENSG00000271122","HERPUD2-AS1","lncRNA",36.9649704226832,-1.71225087323969,7.64318556039145e-15,1.67318799306938e-13,"Downregulated",36.9649704226832,-4.38525529550866,1.21146163060195e-12,4.32745919415418e-12,"Downregulated","Shared_downregulated",4.32745919415418e-12
"ENSG00000132837.17","ENSG00000132837","DMGDH","protein_coding",54.031922303546,-2.07437198500892,2.98804787588252e-13,5.27439583645427e-12,"Downregulated",54.031922303546,-3.39306827939646,1.44246065124569e-31,1.77153726761462e-30,"Downregulated","Shared_downregulated",5.27439583645427e-12
"ENSG00000197557.7","ENSG00000197557","IFT70A","protein_coding",51.9956273639534,-1.82914678138867,3.12071298423497e-13,5.50187014203566e-12,"Downregulated",51.9956273639534,-5.84207229957319,1.241154795306e-27,1.18178812704169e-26,"Downregulated","Shared_downregulated",5.50187014203566e-12
"ENSG00000164199.19","ENSG00000164199","ADGRV1","protein_coding",74.6768031551388,-1.77000566373107,1.78359933799317e-19,6.54377762182204e-18,"Downregulated",74.6768031551388,-2.61004629091561,1.75295355408969e-12,6.20816297797356e-12,"Downregulated","Shared_downregulated",6.20816297797356e-12
"ENSG00000135114.15","ENSG00000135114","OASL","protein_coding",62.0393577661003,1.66447935788952,3.82963337361691e-13,6.63068326964341e-12,"Upregulated",62.0393577661003,3.13730352418287,1.37446819493917e-42,3.1617131874696e-41,"Upregulated","Shared_upregulated",6.63068326964341e-12
"ENSG00000275202.1","ENSG00000275202","ENSG00000275202","lncRNA",40.9752329392746,-1.50383499485845,5.01535773831061e-13,8.49095377845763e-12,"Downregulated",40.9752329392746,-3.01225728867614,2.77113185474684e-20,1.66428689759599e-19,"Downregulated","Shared_downregulated",8.49095377845763e-12
"ENSG00000005189.22","ENSG00000005189","REXO5","protein_coding",61.2434211979215,-1.20115199900968,5.7661835847016e-13,9.68291222589752e-12,"Downregulated",61.2434211979215,-2.12213891011283,5.6435601533739e-18,2.92617079580302e-17,"Downregulated","Shared_downregulated",9.68291222589752e-12
"ENSG00000121380.14","ENSG00000121380","BCL2L14","protein_coding",500.686784654264,1.48875648285083,5.81831464657429e-13,9.74786310498898e-12,"Upregulated",500.686784654264,1.33489170129884,3.11301474407516e-12,1.08368507497327e-11,"Upregulated","Shared_upregulated",1.08368507497327e-11
"ENSG00000163995.23","ENSG00000163995","ABLIM2","protein_coding",264.204064522043,1.63098332528891,2.75541902277594e-16,7.15618861614138e-15,"Upregulated",264.204064522043,1.29079674100654,3.39443573770366e-12,1.17938534430116e-11,"Upregulated","Shared_upregulated",1.17938534430116e-11
"ENSG00000101935.14","ENSG00000101935","AMMECR1","protein_coding",217.523438427196,-1.00924587103725,7.25784292674521e-13,1.19659453577237e-11,"Downregulated",217.523438427196,-2.15486945716841,3.60587520425544e-36,5.81919192205678e-35,"Downregulated","Shared_downregulated",1.19659453577237e-11
"ENSG00000197903.11","ENSG00000197903","H2BC12","protein_coding",417.09830446225,1.00449165930038,7.48122649764428e-13,1.23202198186206e-11,"Upregulated",417.09830446225,2.19562589144488,9.79255879374988e-40,1.91258439405692e-38,"Upregulated","Shared_upregulated",1.23202198186206e-11
"ENSG00000115392.15","ENSG00000115392","FANCL","protein_coding",282.359261469038,-1.04398434341654,7.88660723753884e-13,1.29290398287797e-11,"Downregulated",282.359261469038,-1.60244841007489,7.54431846771501e-26,6.44267903559965e-25,"Downregulated","Shared_downregulated",1.29290398287797e-11
"ENSG00000003249.17","ENSG00000003249","DBNDD1","protein_coding",318.390406549252,1.72755190069936,1.01708641614824e-12,1.63955687906788e-11,"Upregulated",318.390406549252,1.32289560674455,1.08139290731488e-18,5.91156017080618e-18,"Upregulated","Shared_upregulated",1.63955687906788e-11
"ENSG00000162413.18","ENSG00000162413","KLHL21","protein_coding",397.931675987599,1.40413213033662,1.02863153883938e-12,1.65632536231781e-11,"Upregulated",397.931675987599,2.54276258659759,1.85003783511838e-41,4.031691474667e-40,"Upregulated","Shared_upregulated",1.65632536231781e-11
"ENSG00000143633.15","ENSG00000143633","FSAF1","protein_coding",104.573329226005,-1.0287245537484,1.22940546213097e-12,1.95142869191698e-11,"Downregulated",104.573329226005,-1.05069686922782,4.03388691211694e-14,1.60911338096336e-13,"Downregulated","Shared_downregulated",1.95142869191698e-11
"ENSG00000164463.14","ENSG00000164463","CREBRF","protein_coding",467.057555776109,1.29579054826355,1.30268058780575e-12,2.04313057648077e-11,"Upregulated",467.057555776109,2.16800146624333,1.46376377689998e-34,2.14271360149843e-33,"Upregulated","Shared_upregulated",2.04313057648077e-11
"ENSG00000119655.13","ENSG00000119655","NPC2","protein_coding",752.686600077815,1.09759173640229,1.32875591260865e-12,2.08176547951617e-11,"Upregulated",752.686600077815,2.12078656969897,1.02917686303868e-42,2.39403388429478e-41,"Upregulated","Shared_upregulated",2.08176547951617e-11
"ENSG00000112972.16","ENSG00000112972","HMGCS1","protein_coding",2978.15713636111,1.12004294278445,1.93049890596378e-12,2.96050689367483e-11,"Upregulated",2978.15713636111,4.00013214996446,1.18931513268899e-141,1.14903699352859e-138,"Upregulated","Shared_upregulated",2.96050689367483e-11
"ENSG00000163283.7","ENSG00000163283","ALPP","protein_coding",42.3319143869097,2.98713724473124,1.97224974443341e-12,3.01814607141805e-11,"Upregulated",42.3319143869097,4.26438170398685,1.34484001410149e-14,5.55887663558436e-14,"Upregulated","Shared_upregulated",3.01814607141805e-11
"ENSG00000146233.10","ENSG00000146233","CYP39A1","protein_coding",81.0534546872021,-1.18817712730956,1.97610996907033e-12,3.02086346748599e-11,"Downregulated",81.0534546872021,-2.91649506546192,1.64547980308281e-23,1.21789036293545e-22,"Downregulated","Shared_downregulated",3.02086346748599e-11
"ENSG00000226608.3","ENSG00000226608","FTLP3","processed_pseudogene",591.118001222805,1.44020774091021,2.09142860334986e-12,3.19041929681538e-11,"Upregulated",591.118001222805,2.68011400175321,3.93223357964311e-37,6.58796867470381e-36,"Upregulated","Shared_upregulated",3.19041929681538e-11
"ENSG00000163827.16","ENSG00000163827","LRRC2","protein_coding",118.151440082679,-1.00790955053621,2.1414214680936e-12,3.25981931886686e-11,"Downregulated",118.151440082679,-2.14847152653717,1.2002915071024e-48,4.00797800021383e-47,"Downregulated","Shared_downregulated",3.25981931886686e-11
"ENSG00000164142.18","ENSG00000164142","FHIP1A","protein_coding",531.920336811526,1.0900477092922,2.21005867729043e-12,3.35373511531863e-11,"Upregulated",531.920336811526,2.14306048869286,6.08891683855988e-46,1.76834835319458e-44,"Upregulated","Shared_upregulated",3.35373511531863e-11
"ENSG00000147251.18","ENSG00000147251","DOCK11","protein_coding",137.39169705557,-1.8075667552572,1.3881375570385e-17,4.02337789532039e-16,"Downregulated",137.39169705557,-1.26392141933771,1.02056782057165e-11,3.42283472708269e-11,"Downregulated","Shared_downregulated",3.42283472708269e-11
"ENSG00000122483.20","ENSG00000122483","CCDC18","protein_coding",64.5052920060705,-1.31543670602331,2.31178956198918e-12,3.48983899295283e-11,"Downregulated",64.5052920060705,-1.96661545206711,1.36396507492066e-15,6.03375514827542e-15,"Downregulated","Shared_downregulated",3.48983899295283e-11
"ENSG00000232187.1","ENSG00000232187","FTH1P7","processed_pseudogene",97.0628961210389,2.05775560471946,2.62631328121449e-13,4.6528767813399e-12,"Upregulated",97.0628961210389,1.85846372314055,1.08288944647271e-11,3.62430343147404e-11,"Upregulated","Shared_upregulated",3.62430343147404e-11
"ENSG00000219507.4","ENSG00000219507","FTH1P8","processed_pseudogene",32.8896778403334,2.48636365706613,2.1256640157077e-12,3.23923479659684e-11,"Upregulated",32.8896778403334,2.26230021341472,1.12261312096621e-11,3.75032488451873e-11,"Upregulated","Shared_upregulated",3.75032488451873e-11
"ENSG00000162407.11","ENSG00000162407","PLPP3","protein_coding",112.315116102444,1.0912586379388,2.6178179529375e-12,3.91107399731652e-11,"Upregulated",112.315116102444,1.71190089663414,8.94957178960268e-23,6.29292549126259e-22,"Upregulated","Shared_upregulated",3.91107399731652e-11
"ENSG00000171219.11","ENSG00000171219","CDC42BPG","protein_coding",229.498967606215,1.11516014330081,2.84892134343353e-12,4.21721839724604e-11,"Upregulated",229.498967606215,-1.18786547376808,5.07485236058998e-14,2.01106809979956e-13,"Downregulated","Discordant_direction",4.21721839724604e-11
"ENSG00000116514.19","ENSG00000116514","RNF19B","protein_coding",548.233960912546,1.14606416410994,2.85503545799334e-12,4.22195651604485e-11,"Upregulated",548.233960912546,1.66245974629382,6.02401369028646e-25,4.83121230767191e-24,"Upregulated","Shared_upregulated",4.22195651604485e-11
"ENSG00000121671.14","ENSG00000121671","CRY2","protein_coding",628.612779764583,1.16036941052441,3.64994747527136e-12,5.34293321329621e-11,"Upregulated",628.612779764583,2.49487218570371,1.2585827714645e-54,5.69986465299652e-53,"Upregulated","Shared_upregulated",5.34293321329621e-11
"ENSG00000198056.18","ENSG00000198056","PRIM1","protein_coding",112.2437502713,-1.08028288866818,3.96204838892098e-12,5.7574222959334e-11,"Downregulated",112.2437502713,-1.88886014685985,1.88553853350778e-20,1.14571171604171e-19,"Downregulated","Shared_downregulated",5.7574222959334e-11
"ENSG00000143217.11","ENSG00000143217","NECTIN4","protein_coding",219.13802596709,1.2555025744712,4.07987229315117e-12,5.91255092723468e-11,"Upregulated",219.13802596709,2.28264214269171,2.01163064495915e-34,2.91817330397878e-33,"Upregulated","Shared_upregulated",5.91255092723468e-11
"ENSG00000154153.16","ENSG00000154153","RETREG1","protein_coding",220.253603563283,1.26487268509964,4.23488059631377e-12,6.11883246278955e-11,"Upregulated",220.253603563283,-1.36699496819008,3.32761844218089e-13,1.240325269138e-12,"Downregulated","Discordant_direction",6.11883246278955e-11
"ENSG00000116954.10","ENSG00000116954","RRAGC","protein_coding",184.444256955515,1.06566589000555,4.44427458524762e-12,6.40222935282391e-11,"Upregulated",184.444256955515,1.16865306854741,2.99237177613605e-14,1.20459588277121e-13,"Upregulated","Shared_upregulated",6.40222935282391e-11
"ENSG00000143839.17","ENSG00000143839","REN","protein_coding",47.9260341985261,3.62350466813701,4.38232827387216e-20,1.69356536919881e-18,"Upregulated",47.9260341985261,3.31572729582313,2.17251132588415e-11,7.1021958345845e-11,"Upregulated","Shared_upregulated",7.1021958345845e-11
"ENSG00000236144.10","ENSG00000236144","TMEM147-AS1","lncRNA",82.8297973182731,-1.70870694337476,6.83183620133163e-12,9.61232720676679e-11,"Downregulated",82.8297973182731,-1.67058845072331,2.08629938967187e-15,9.12606421826888e-15,"Downregulated","Shared_downregulated",9.61232720676679e-11
"ENSG00000167123.22","ENSG00000167123","CERCAM","protein_coding",51.4112922303499,2.3612986637182,7.01738288249249e-12,9.84471565663903e-11,"Upregulated",51.4112922303499,1.70878113096969,3.25806959581258e-17,1.60926873151043e-16,"Upregulated","Shared_upregulated",9.84471565663903e-11
"ENSG00000234771.3","ENSG00000234771","SLC25A25-AS1","lncRNA",178.033245036561,-1.13960723131454,7.26653571278738e-12,1.01549311041191e-10,"Downregulated",178.033245036561,-1.54801126202783,6.5192233130699e-17,3.1460734016986e-16,"Downregulated","Shared_downregulated",1.01549311041191e-10
"ENSG00000126561.20","ENSG00000126561","STAT5A","protein_coding",137.437054675312,1.6179132160293,8.74084221991238e-12,1.21449938112148e-10,"Upregulated",137.437054675312,2.93160898550988,1.10987400807908e-37,1.91707915674398e-36,"Upregulated","Shared_upregulated",1.21449938112148e-10
"ENSG00000198431.19","ENSG00000198431","TXNRD1","protein_coding",4263.78225060105,1.17954957285795,9.49826253842707e-12,1.31469742795497e-10,"Upregulated",4263.78225060105,2.44052275369748,1.75003912407653e-45,4.9055255292296e-44,"Upregulated","Shared_upregulated",1.31469742795497e-10
"ENSG00000091136.17","ENSG00000091136","LAMB1","protein_coding",3864.0833746869,1.3479856411543,1.01764981326107e-11,1.40188033210831e-10,"Upregulated",3864.0833746869,1.81342699528293,2.12937995282227e-20,1.2879371567738e-19,"Upregulated","Shared_upregulated",1.40188033210831e-10
"ENSG00000186472.22","ENSG00000186472","PCLO","protein_coding",40.2093986397825,-1.50940542794873,2.27214298245569e-13,4.06517235824048e-12,"Downregulated",40.2093986397825,-3.56616514785144,6.15010875388618e-11,1.94304286159404e-10,"Downregulated","Shared_downregulated",1.94304286159404e-10
"ENSG00000144852.21","ENSG00000144852","NR1I2","protein_coding",113.43065637604,1.39625232497584,1.49357178979185e-11,2.0247747780789e-10,"Upregulated",113.43065637604,1.63785100342969,8.0634977173497e-18,4.13503923990912e-17,"Upregulated","Shared_upregulated",2.0247747780789e-10
"ENSG00000260852.2","ENSG00000260852","FBXL19-AS1","lncRNA",32.204390652085,-2.20538737116103,1.58793705763415e-11,2.14068686876597e-10,"Downregulated",32.204390652085,-3.80764311090676,1.65846706340025e-21,1.08117429972094e-20,"Downregulated","Shared_downregulated",2.14068686876597e-10
"ENSG00000144655.17","ENSG00000144655","CSRNP1","protein_coding",255.226694083154,1.36077463377346,1.71155195828084e-11,2.29240397221866e-10,"Upregulated",255.226694083154,1.39477188896532,4.8655542048512e-13,1.7960165954331e-12,"Upregulated","Shared_upregulated",2.29240397221866e-10
"ENSG00000261373.1","ENSG00000261373","VPS9D1-AS1","lncRNA",109.590628533946,-1.05940060092298,1.80469825273698e-11,2.40604296951833e-10,"Downregulated",109.590628533946,-4.34958481326574,7.64783261586387e-62,5.328480301399e-60,"Downregulated","Shared_downregulated",2.40604296951833e-10
"ENSG00000226564.1","ENSG00000226564","FTH1P20","processed_pseudogene",26.7690516170176,2.28205169377851,3.17306053896734e-12,4.67317005393442e-11,"Upregulated",26.7690516170176,1.93396267504916,7.69434536010772e-11,2.40626786704102e-10,"Upregulated","Shared_upregulated",2.40626786704102e-10
"ENSG00000130513.8","ENSG00000130513","GDF15","protein_coding",7096.19616168555,1.2567643621422,1.95890707617569e-11,2.60206061850945e-10,"Upregulated",7096.19616168555,2.15609807761431,5.09175300459833e-31,6.03349832728038e-30,"Upregulated","Shared_upregulated",2.60206061850945e-10
"ENSG00000159921.22","ENSG00000159921","GNE","protein_coding",847.974467399787,3.10355454306002,1.15742439465987e-23,6.76346545460115e-22,"Upregulated",847.974467399787,2.00621998436544,8.62231124954315e-11,2.68661652608857e-10,"Upregulated","Shared_upregulated",2.68661652608857e-10
"ENSG00000025039.17","ENSG00000025039","RRAGD","protein_coding",126.120193637179,2.10743870318307,2.3226905925681e-11,3.05725995163459e-10,"Upregulated",126.120193637179,4.26138861735576,8.71969829533626e-45,2.34880794974002e-43,"Upregulated","Shared_upregulated",3.05725995163459e-10
"ENSG00000105948.15","ENSG00000105948","IFT56","protein_coding",97.2218407025756,-1.38532357407403,2.77356703420575e-11,3.60166070427506e-10,"Downregulated",97.2218407025756,-4.42787054661012,1.8468118923356e-42,4.20156953590698e-41,"Downregulated","Shared_downregulated",3.60166070427506e-10
"ENSG00000274605.5","ENSG00000274605","PCCA-DT","lncRNA",171.174897957453,-1.05466659184066,2.89494768502988e-11,3.75059517018153e-10,"Downregulated",171.174897957453,-1.87959084310795,2.92654360313349e-39,5.57312350809599e-38,"Downregulated","Shared_downregulated",3.75059517018153e-10
"ENSG00000133134.14","ENSG00000133134","BEX2","protein_coding",52.2593989873013,-2.68611353252894,3.63348474477646e-16,9.31972759669035e-15,"Downregulated",52.2593989873013,-1.38543449997594,1.2311361762281e-10,3.7993239918862e-10,"Downregulated","Shared_downregulated",3.7993239918862e-10
"ENSG00000065882.20","ENSG00000065882","TBC1D1","protein_coding",513.768097667042,1.42164478337882,3.03795505600627e-11,3.9169078889362e-10,"Upregulated",513.768097667042,1.99199513369347,3.6532784888498e-32,4.65231211427165e-31,"Upregulated","Shared_upregulated",3.9169078889362e-10
"ENSG00000237264.4","ENSG00000237264","FTH1P11","processed_pseudogene",63.4915774248017,1.89381808390848,5.19909290077027e-12,7.41587148798846e-11,"Upregulated",63.4915774248017,1.69785908488949,1.35635213455384e-10,4.1768497947204e-10,"Upregulated","Shared_upregulated",4.1768497947204e-10
"ENSG00000162591.19","ENSG00000162591","MEGF6","protein_coding",247.598856122963,-1.14883892064222,3.47131602939456e-11,4.42837252623116e-10,"Downregulated",247.598856122963,-2.29064022659015,2.45874097065445e-34,3.54548001459943e-33,"Downregulated","Shared_downregulated",4.42837252623116e-10
"ENSG00000126368.7","ENSG00000126368","NR1D1","protein_coding",1051.71826190481,1.89761695782457,3.64817056605143e-11,4.63359227372632e-10,"Upregulated",1051.71826190481,3.09249084727444,1.08889194884559e-26,9.71688554351618e-26,"Upregulated","Shared_upregulated",4.63359227372632e-10
"ENSG00000158246.9","ENSG00000158246","TENT5B","protein_coding",26.8284121703242,2.91156232351529,3.7637893537969e-11,4.76374107556547e-10,"Upregulated",26.8284121703242,4.09145780838752,3.54285830280405e-12,1.22918607910549e-11,"Upregulated","Shared_upregulated",4.76374107556547e-10
"ENSG00000156966.9","ENSG00000156966","B3GNT7","protein_coding",37.2449306772443,3.62342593414018,3.82596975861603e-11,4.83399771071173e-10,"Upregulated",37.2449306772443,4.25497853520331,7.26319583684517e-28,7.0359782130722e-27,"Upregulated","Shared_upregulated",4.83399771071173e-10
"ENSG00000103888.19","ENSG00000103888","CEMIP","protein_coding",1349.30485181698,-1.03414577933568,4.36452611259797e-11,5.50484877491469e-10,"Downregulated",1349.30485181698,-2.65832721407311,1.03019809246789e-55,5.00994320672638e-54,"Downregulated","Shared_downregulated",5.50484877491469e-10
"ENSG00000142694.9","ENSG00000142694","EVA1B","protein_coding",41.690751171382,2.52806445271074,5.32636681306534e-11,6.64283200128597e-10,"Upregulated",41.690751171382,1.60272935095352,1.00776656126259e-11,3.38146631299316e-11,"Upregulated","Shared_upregulated",6.64283200128597e-10
"ENSG00000136936.13","ENSG00000136936","XPA","protein_coding",101.606036581657,-1.16102342297917,3.44549517793019e-14,6.8871884301468e-13,"Downregulated",101.606036581657,-1.0172035279143,2.30962564994833e-10,7.00525218063022e-10,"Downregulated","Shared_downregulated",7.00525218063022e-10
"ENSG00000083099.13","ENSG00000083099","LYRM2","protein_coding",357.406048744406,-1.07957316258744,6.51136602955049e-11,8.02404051872838e-10,"Downregulated",357.406048744406,-2.16148621242164,1.46265067484924e-35,2.2670303294027e-34,"Downregulated","Shared_downregulated",8.02404051872838e-10
"ENSG00000285967.2","ENSG00000285967","NIPBL-DT","lncRNA",53.7864482727908,-1.28196697539907,6.54754791697997e-11,8.06177267738944e-10,"Downregulated",53.7864482727908,-2.17012001756257,8.10855101926869e-18,4.15667213906055e-17,"Downregulated","Shared_downregulated",8.06177267738944e-10
"ENSG00000072954.9","ENSG00000072954","TMEM38A","protein_coding",131.380484238375,1.02172776451691,8.04198147256953e-11,9.7459559284042e-10,"Upregulated",131.380484238375,1.55972936681807,9.28983949401595e-24,6.99731569372553e-23,"Upregulated","Shared_upregulated",9.7459559284042e-10
"ENSG00000130775.18","ENSG00000130775","THEMIS2","protein_coding",54.9132485238056,2.29067815340953,8.96542962643945e-11,1.07733835942256e-09,"Upregulated",54.9132485238056,5.56817414112353,2.07896059708026e-43,5.04661590835631e-42,"Upregulated","Shared_upregulated",1.07733835942256e-09
"ENSG00000149929.18","ENSG00000149929","HIRIP3","protein_coding",171.282839076202,-1.00095535265643,9.21738231760467e-11,1.1030413257368e-09,"Downregulated",171.282839076202,-2.44147169922483,1.22420930081689e-26,1.09042662491938e-25,"Downregulated","Shared_downregulated",1.1030413257368e-09
"ENSG00000158234.15","ENSG00000158234","FAIM","protein_coding",42.1120960477291,-1.45928985076871,9.70206981858974e-11,1.15531960403453e-09,"Downregulated",42.1120960477291,-2.09448914912262,2.73306824531125e-17,1.36061920340263e-16,"Downregulated","Shared_downregulated",1.15531960403453e-09
"ENSG00000049246.17","ENSG00000049246","PER3","protein_coding",53.1893920582892,1.23278577837992,1.03139553289904e-10,1.22315745194541e-09,"Upregulated",53.1893920582892,1.48171202238455,1.18392643092377e-11,3.94969195141512e-11,"Upregulated","Shared_upregulated",1.22315745194541e-09
"ENSG00000105388.19","ENSG00000105388","CEACAM5","protein_coding",12659.7730411505,1.28912907209513,1.05118509466047e-10,1.24357341974037e-09,"Upregulated",12659.7730411505,1.79641652619018,2.57087563759446e-19,1.45991887695999e-18,"Upregulated","Shared_upregulated",1.24357341974037e-09
"ENSG00000210082.2","ENSG00000210082","MT-RNR2","Mt_rRNA",39364.9108047497,1.2216851055448,1.32857056043293e-10,1.54399715812302e-09,"Upregulated",39364.9108047497,2.6125265793192,5.82448441240634e-43,1.36583216997723e-41,"Upregulated","Shared_upregulated",1.54399715812302e-09
"ENSG00000153140.11","ENSG00000153140","CETN3","protein_coding",119.046663953043,-1.03241455964242,1.36547995272819e-10,1.58561982972251e-09,"Downregulated",119.046663953043,-1.21925699981626,4.35617616988797e-15,1.86498390115263e-14,"Downregulated","Shared_downregulated",1.58561982972251e-09
"ENSG00000126603.11","ENSG00000126603","GLIS2","protein_coding",296.542416366078,1.09985787575522,1.82715827920437e-10,2.08169636652749e-09,"Upregulated",296.542416366078,2.1790830514288,4.67809775417057e-35,7.07672157134029e-34,"Upregulated","Shared_upregulated",2.08169636652749e-09
"ENSG00000122861.18","ENSG00000122861","PLAU","protein_coding",37.5100872317007,3.4810259490469,2.04568238521925e-10,2.31248277118544e-09,"Upregulated",37.5100872317007,3.45162017325363,1.42524171104811e-14,5.87780389200603e-14,"Upregulated","Shared_upregulated",2.31248277118544e-09
"ENSG00000148225.19","ENSG00000148225","WDR31","protein_coding",70.9112989812184,-1.18588808964326,2.2202425249608e-10,2.49231252298466e-09,"Downregulated",70.9112989812184,-3.03509961004943,4.47509257631075e-29,4.68591341155313e-28,"Downregulated","Shared_downregulated",2.49231252298466e-09
"ENSG00000187837.5","ENSG00000187837","H1-2","protein_coding",308.011489381303,2.52535908660739,2.23296986583671e-10,2.50294587495936e-09,"Upregulated",308.011489381303,3.95936905554124,2.71307961196586e-22,1.8581261690269e-21,"Upregulated","Shared_upregulated",2.50294587495936e-09
"ENSG00000144451.21","ENSG00000144451","SPAG16","protein_coding",72.3958682830204,-1.41458692246864,2.76547013484915e-10,3.06166487350908e-09,"Downregulated",72.3958682830204,-1.85267891260702,1.69096801107696e-12,5.99596486824744e-12,"Downregulated","Shared_downregulated",3.06166487350908e-09
"ENSG00000154447.17","ENSG00000154447","SH3RF1","protein_coding",455.806379635093,1.22346254958598,2.04251704988442e-11,2.70074425975594e-10,"Upregulated",455.806379635093,1.07172473488119,1.19226912365959e-09,3.43233296386069e-09,"Upregulated","Shared_upregulated",3.43233296386069e-09
"ENSG00000166974.15","ENSG00000166974","MAPRE2","protein_coding",220.221834123094,2.11726781195976,9.67578500994909e-23,5.04393799871159e-21,"Upregulated",220.221834123094,1.17101268745569,1.19320505846289e-09,3.43366316664897e-09,"Upregulated","Shared_upregulated",3.43366316664897e-09
"ENSG00000116604.21","ENSG00000116604","MEF2D","protein_coding",1014.09073468171,1.04716168639867,3.24205090449448e-10,3.55668445934399e-09,"Upregulated",1014.09073468171,1.85337169055315,8.96734284382872e-29,9.21664769452239e-28,"Upregulated","Shared_upregulated",3.55668445934399e-09
"ENSG00000181218.6","ENSG00000181218","H2AC25","protein_coding",180.308594311969,1.39016852983642,3.25609204317823e-10,3.56399440254826e-09,"Upregulated",180.308594311969,3.01336797276714,3.7961236419307e-33,5.10802449571586e-32,"Upregulated","Shared_upregulated",3.56399440254826e-09
"ENSG00000137757.13","ENSG00000137757","CASP5","protein_coding",24.0334870493695,-2.10884542634991,3.43130255718992e-10,3.74728234052723e-09,"Downregulated",24.0334870493695,-5.66608292157981,6.07922674524959e-11,1.92190562810116e-10,"Downregulated","Shared_downregulated",3.74728234052723e-09
"ENSG00000197943.15","ENSG00000197943","PLCG2","protein_coding",52.1775000735321,2.21739685716567,3.74598773057685e-13,6.50141966365505e-12,"Upregulated",52.1775000735321,1.51139385260831,1.58348783627273e-09,4.51908344294297e-09,"Upregulated","Shared_upregulated",4.51908344294297e-09
"ENSG00000183508.7","ENSG00000183508","TENT5C","protein_coding",59.047320866359,1.58252429464153,4.19590152090393e-10,4.53107338606109e-09,"Upregulated",59.047320866359,2.89109035131146,1.31484801644541e-23,9.79680074772593e-23,"Upregulated","Shared_upregulated",4.53107338606109e-09
"ENSG00000248008.5","ENSG00000248008","NRAV","lncRNA",68.4149694734128,-1.60858511163486,4.75264749301753e-10,5.08680705087224e-09,"Downregulated",68.4149694734128,-2.95705184248594,1.46066798263553e-42,3.34936715258766e-41,"Downregulated","Shared_downregulated",5.08680705087224e-09
"ENSG00000139269.5","ENSG00000139269","INHBE","protein_coding",22.0937926722919,-2.34525900781729,4.85110393232668e-10,5.18070730930569e-09,"Downregulated",22.0937926722919,-4.29867809303416,2.60023983042887e-14,1.05053458663438e-13,"Downregulated","Shared_downregulated",5.18070730930569e-09
"ENSG00000235899.5","ENSG00000235899","LINC01564","lncRNA",52.3043019461213,3.30929537739515,5.01623791787792e-10,5.33739500043222e-09,"Upregulated",52.3043019461213,2.81316972142127,4.18652295774154e-15,1.79500268353818e-14,"Upregulated","Shared_upregulated",5.33739500043222e-09
"ENSG00000138623.11","ENSG00000138623","SEMA7A","protein_coding",31.3908719487953,3.02595347679292,5.0448777549742e-10,5.36393018525944e-09,"Upregulated",31.3908719487953,4.20560749249849,2.5700716170561e-16,1.19760379017289e-15,"Upregulated","Shared_upregulated",5.36393018525944e-09
"ENSG00000156398.15","ENSG00000156398","SFXN2","protein_coding",28.2219477350186,-1.80962391785739,5.32139565918157e-10,5.62082112921715e-09,"Downregulated",28.2219477350186,-2.77440305985166,1.65509822475984e-09,4.71880453929168e-09,"Downregulated","Shared_downregulated",5.62082112921715e-09
"ENSG00000127954.15","ENSG00000127954","STEAP4","protein_coding",29.5968867443063,3.23100583971009,5.41934645354531e-10,5.70349809766003e-09,"Upregulated",29.5968867443063,2.81367028768266,1.47145807815144e-22,1.02373357986417e-21,"Upregulated","Shared_upregulated",5.70349809766003e-09
"ENSG00000148180.24","ENSG00000148180","GSN","protein_coding",813.293784078321,1.22971908735781,5.52702544231135e-10,5.81260179317678e-09,"Upregulated",813.293784078321,1.28768658313984,3.16495642238504e-12,1.10123765842026e-11,"Upregulated","Shared_upregulated",5.81260179317678e-09
"ENSG00000137193.16","ENSG00000137193","PIM1","protein_coding",1114.47348822394,1.09795099927645,5.54920193898905e-10,5.83169213196731e-09,"Upregulated",1114.47348822394,2.7635123937668,1.64453323199341e-58,9.60990951534216e-57,"Upregulated","Shared_upregulated",5.83169213196731e-09
"ENSG00000141452.13","ENSG00000141452","RMC1","protein_coding",272.449356507432,1.00900257049417,5.81544942987461e-10,6.08501755507169e-09,"Upregulated",272.449356507432,1.69635190773067,4.65183175400682e-32,5.8774495012264e-31,"Upregulated","Shared_upregulated",6.08501755507169e-09
"ENSG00000268621.7","ENSG00000268621","IGFL2-AS1","lncRNA",201.082190884855,4.43380428238448,3.46659545049551e-26,2.56315822798882e-24,"Upregulated",201.082190884855,3.73009379319616,2.22169666012684e-09,6.26519322797395e-09,"Upregulated","Shared_upregulated",6.26519322797395e-09
"ENSG00000176155.23","ENSG00000176155","CCDC57","protein_coding",59.944164434297,-1.08930221120953,6.94667311920727e-10,7.14994224741135e-09,"Downregulated",59.944164434297,-2.5227905461195,5.3739633280486e-24,4.07959541907178e-23,"Downregulated","Shared_downregulated",7.14994224741135e-09
"ENSG00000010404.20","ENSG00000010404","IDS","protein_coding",34.8347748793621,1.89390229832739,7.50907031639801e-10,7.70144706477282e-09,"Upregulated",34.8347748793621,2.18712963773121,1.93772678466353e-12,6.83415345907614e-12,"Upregulated","Shared_upregulated",7.70144706477282e-09
"ENSG00000196793.16","ENSG00000196793","ZNF239","protein_coding",25.9062769561901,-1.59567795725552,7.58303707637148e-10,7.76631613503713e-09,"Downregulated",25.9062769561901,-3.81773886440541,3.12070582636718e-12,1.08610155705363e-11,"Downregulated","Shared_downregulated",7.76631613503713e-09
"ENSG00000120093.13","ENSG00000120093","HOXB3","protein_coding",286.398636605928,-1.01062406155662,9.04105022706807e-10,9.20104634063697e-09,"Downregulated",286.398636605928,-1.19206830978764,5.65295398255974e-15,2.4003108442794e-14,"Downregulated","Shared_downregulated",9.20104634063697e-09
"ENSG00000298622.1","ENSG00000298622","ENSG00000298622","lncRNA",33.46403619284,2.82776754175425,9.63139937014678e-10,9.72670659736356e-09,"Upregulated",33.46403619284,3.47299560380191,7.51257335528255e-22,5.01946579367242e-21,"Upregulated","Shared_upregulated",9.72670659736356e-09
"ENSG00000187325.7","ENSG00000187325","TAF9B","protein_coding",49.4308329405008,-1.47612748323186,1.00947994999154e-09,1.0159294052276e-08,"Downregulated",49.4308329405008,-2.12705549749438,1.78701635601106e-12,6.32570616299762e-12,"Downregulated","Shared_downregulated",1.0159294052276e-08
"ENSG00000167380.19","ENSG00000167380","ZNF226","protein_coding",89.3454401232397,-1.00438706353016,1.05397107145066e-09,1.05703451677945e-08,"Downregulated",89.3454401232397,-1.01340721839661,5.77349745267141e-10,1.70060010333565e-09,"Downregulated","Shared_downregulated",1.05703451677945e-08
"ENSG00000166401.17","ENSG00000166401","SERPINB8","protein_coding",100.395010074861,-1.02095654504022,1.30038445352426e-09,1.28285714775178e-08,"Downregulated",100.395010074861,-2.68702215114569,7.74672927692244e-45,2.09842244263851e-43,"Downregulated","Shared_downregulated",1.28285714775178e-08
"ENSG00000106462.14","ENSG00000106462","EZH2","protein_coding",349.58361217742,-1.54463000652472,1.80580235915677e-14,3.74923893823781e-13,"Downregulated",349.58361217742,-1.13455902245445,4.96362056814441e-09,1.35722243912356e-08,"Downregulated","Shared_downregulated",1.35722243912356e-08
"ENSG00000271447.8","ENSG00000271447","MMP28","protein_coding",56.2019040743267,3.22154213723593,5.07155964466968e-15,1.12898682596856e-13,"Upregulated",56.2019040743267,1.51554081610459,5.15015806494218e-09,1.4050468877474e-08,"Upregulated","Shared_upregulated",1.4050468877474e-08
"ENSG00000203705.13","ENSG00000203705","TATDN3","protein_coding",76.2212398961886,-1.10823298122211,1.49292796069501e-09,1.4608718437807e-08,"Downregulated",76.2212398961886,-1.11861805181146,1.76120519604983e-10,5.38922839973693e-10,"Downregulated","Shared_downregulated",1.4608718437807e-08
"ENSG00000178199.15","ENSG00000178199","ZC3H12D","protein_coding",58.8797951293802,-1.25598266161729,1.56129512429552e-09,1.52263048057138e-08,"Downregulated",58.8797951293802,-2.53344631943597,7.77623090889022e-32,9.69820467570026e-31,"Downregulated","Shared_downregulated",1.52263048057138e-08
"ENSG00000093009.13","ENSG00000093009","CDC45","protein_coding",83.6413734623137,-1.01652275611729,1.62183863674773e-09,1.57531404314666e-08,"Downregulated",83.6413734623137,-3.60676406411104,7.0522908873372e-45,1.91748216771652e-43,"Downregulated","Shared_downregulated",1.57531404314666e-08
"ENSG00000165886.7","ENSG00000165886","UBTD1","protein_coding",71.5569709973999,2.16445081385448,1.81367389278329e-09,1.74759056211539e-08,"Upregulated",71.5569709973999,2.56036378020767,1.13686118497359e-17,5.79507291334408e-17,"Upregulated","Shared_upregulated",1.74759056211539e-08
"ENSG00000130449.7","ENSG00000130449","ZSWIM6","protein_coding",296.918992650797,1.15813071688749,1.94418390463381e-09,1.86590153284458e-08,"Upregulated",296.918992650797,1.82385972709122,5.24087068566805e-25,4.2241767506508e-24,"Upregulated","Shared_upregulated",1.86590153284458e-08
"ENSG00000070669.19","ENSG00000070669","ASNS","protein_coding",88.3885062813921,-1.10340974092622,2.13847465794216e-09,2.03618756523638e-08,"Downregulated",88.3885062813921,1.25921355999873,1.50157907691592e-16,7.09516921508492e-16,"Upregulated","Discordant_direction",2.03618756523638e-08
"ENSG00000227403.4","ENSG00000227403","LINC01806","lncRNA",40.9223337085561,-1.44210989384734,2.29702030423458e-09,2.17287325384906e-08,"Downregulated",40.9223337085561,-2.42265775598056,6.1510986290089e-16,2.7909117511458e-15,"Downregulated","Shared_downregulated",2.17287325384906e-08
"ENSG00000100906.14","ENSG00000100906","NFKBIA","protein_coding",426.195239456225,1.06450508770524,2.49243639599816e-09,2.34547975654581e-08,"Upregulated",426.195239456225,1.37842387982584,3.73929078982686e-14,1.4940667804293e-13,"Upregulated","Shared_upregulated",2.34547975654581e-08
"ENSG00000146411.8","ENSG00000146411","SLC2A12","protein_coding",132.263830556346,1.16678590346265,2.54885125792225e-09,2.39545735601876e-08,"Upregulated",132.263830556346,1.61747777087149,4.05615363589702e-17,1.99057834376633e-16,"Upregulated","Shared_upregulated",2.39545735601876e-08
"ENSG00000129757.17","ENSG00000129757","CDKN1C","protein_coding",199.854236723909,1.18042023265034,2.58066261594907e-09,2.42221260559158e-08,"Upregulated",199.854236723909,4.60390175226805,3.19448036127147e-95,8.73479422557474e-93,"Upregulated","Shared_upregulated",2.42221260559158e-08
"ENSG00000305287.1","ENSG00000305287","ENSG00000305287","lncRNA",20.6231338426112,-2.20652887375317,2.65013246086017e-09,2.48098963971483e-08,"Downregulated",20.6231338426112,-7.57581202958899,5.49753710353805e-13,2.01441991667442e-12,"Downregulated","Shared_downregulated",2.48098963971483e-08
"ENSG00000185022.15","ENSG00000185022","MAFF","protein_coding",438.26474811593,1.36573158757728,2.92254050367929e-09,2.72194453594603e-08,"Upregulated",438.26474811593,2.72015118478518,5.58219658364639e-36,8.87780969348526e-35,"Upregulated","Shared_upregulated",2.72194453594603e-08
"ENSG00000109089.9","ENSG00000109089","CDR2L","protein_coding",144.225575071564,1.59118640381918,3.1043346181455e-09,2.87096472789819e-08,"Upregulated",144.225575071564,1.58434360977884,7.49379574796445e-14,2.92171342425345e-13,"Upregulated","Shared_upregulated",2.87096472789819e-08
"ENSG00000213390.13","ENSG00000213390","ARHGAP19","protein_coding",325.911666993662,1.19738961820875,3.22944124197498e-09,2.97716682434487e-08,"Upregulated",325.911666993662,1.91376946401669,1.21258388809016e-23,9.05345992076386e-23,"Upregulated","Shared_upregulated",2.97716682434487e-08
"ENSG00000296655.1","ENSG00000296655","ENSG00000296655","lncRNA",16.8613712927302,-2.46085261280284,3.25757806157368e-09,3.00114859705812e-08,"Downregulated",16.8613712927302,-4.61534879975799,1.82540414870239e-11,6.00675679450387e-11,"Downregulated","Shared_downregulated",3.00114859705812e-08
"ENSG00000211445.14","ENSG00000211445","GPX3","protein_coding",104.183947260412,1.66793732098653,3.8097424989967e-09,3.47237662235599e-08,"Upregulated",104.183947260412,2.16570805054081,6.59741163945128e-34,9.26850126131872e-33,"Upregulated","Shared_upregulated",3.47237662235599e-08
"ENSG00000171346.17","ENSG00000171346","KRT15","protein_coding",85.0352260637084,1.1402706599423,4.48484063902308e-09,4.05707306746083e-08,"Upregulated",85.0352260637084,1.96624973790313,8.68734995439452e-23,6.11573508968318e-22,"Upregulated","Shared_upregulated",4.05707306746083e-08
"ENSG00000182141.12","ENSG00000182141","ZNF708","protein_coding",82.1856330905597,-1.01375457949908,4.53064227223233e-09,4.0883745538728e-08,"Downregulated",82.1856330905597,-1.36934221723201,9.01082906848268e-16,4.04162596287375e-15,"Downregulated","Shared_downregulated",4.0883745538728e-08
"ENSG00000113369.10","ENSG00000113369","ARRDC3","protein_coding",200.514743058956,-1.86340211778428,4.57034740788289e-09,4.12156033821025e-08,"Downregulated",200.514743058956,2.5004410498145,2.45867478710262e-14,9.9472682899752e-14,"Upregulated","Discordant_direction",4.12156033821025e-08
"ENSG00000243244.9","ENSG00000243244","STON1","protein_coding",78.0693598698075,1.23027263423095,8.86657501698468e-12,1.2307893213232e-10,"Upregulated",78.0693598698075,2.56230253810417,1.80596321068464e-08,4.71143453631717e-08,"Upregulated","Shared_upregulated",4.71143453631717e-08
"ENSG00000293514.2","ENSG00000293514","CUTALP","lncRNA",266.4392780244,-1.26165007223719,5.58708012225127e-09,4.97651906156517e-08,"Downregulated",266.4392780244,-3.90360387765545,8.74633298743852e-57,4.59245861065069e-55,"Downregulated","Shared_downregulated",4.97651906156517e-08
"ENSG00000151623.17","ENSG00000151623","NR3C2","protein_coding",48.0870669577848,2.85844469399939,5.89370948222837e-09,5.22715041716362e-08,"Upregulated",48.0870669577848,1.14121406112849,4.06165727112934e-09,1.12010536961382e-08,"Upregulated","Shared_upregulated",5.22715041716362e-08
"ENSG00000234171.6","ENSG00000234171","RNASEH1-DT","lncRNA",53.8583176331429,-1.15881732526747,6.04609540134272e-09,5.35574661101826e-08,"Downregulated",53.8583176331429,-1.83463873673878,6.76367911716233e-18,3.48698818092908e-17,"Downregulated","Shared_downregulated",5.35574661101826e-08
"ENSG00000226742.6","ENSG00000226742","HSBP1L1","protein_coding",250.181204458305,1.05210327180749,6.17585244575464e-09,5.4640081589668e-08,"Upregulated",250.181204458305,1.2014870705063,3.40774582505358e-12,1.18372609052437e-11,"Upregulated","Shared_upregulated",5.4640081589668e-08
"ENSG00000167363.16","ENSG00000167363","FN3K","protein_coding",120.631374718588,1.11083278208146,6.24294587085083e-09,5.5193244936594e-08,"Upregulated",120.631374718588,1.67471723267112,4.47770440866408e-23,3.22199067975967e-22,"Upregulated","Shared_upregulated",5.5193244936594e-08
"ENSG00000187024.17","ENSG00000187024","PTRH1","protein_coding",60.1409114169433,-1.12197677612636,6.24599238862919e-09,5.5193244936594e-08,"Downregulated",60.1409114169433,-1.92648671476012,1.22271590815532e-22,8.52723721895426e-22,"Downregulated","Shared_downregulated",5.5193244936594e-08
"ENSG00000115282.23","ENSG00000115282","TTC31","protein_coding",116.188071233958,-1.00214521989052,6.53558807074351e-09,5.75068259388069e-08,"Downregulated",116.188071233958,-2.10543356830723,9.36076571707949e-26,7.93311209192491e-25,"Downregulated","Shared_downregulated",5.75068259388069e-08
"ENSG00000263528.10","ENSG00000263528","IKBKE","protein_coding",56.7565249189564,-1.4475929747336,6.72849018831027e-09,5.89892799812417e-08,"Downregulated",56.7565249189564,-5.54097325311755,1.07059249071191e-23,8.0347107070932e-23,"Downregulated","Shared_downregulated",5.89892799812417e-08
"ENSG00000182405.6","ENSG00000182405","PGBD4","protein_coding",17.8724123924822,-2.23986092944342,1.95406774498519e-10,2.21583331457945e-09,"Downregulated",17.8724123924822,-3.38036400659631,2.28557114283124e-08,5.91895943565232e-08,"Downregulated","Shared_downregulated",5.91895943565232e-08
"ENSG00000204520.16","ENSG00000204520","MICA","protein_coding",199.047432776197,1.15468199801185,6.83861900340318e-09,5.98461754814727e-08,"Upregulated",199.047432776197,3.33903080203513,3.0287949862176e-65,2.43851649668141e-63,"Upregulated","Shared_upregulated",5.98461754814727e-08
"ENSG00000260196.1","ENSG00000260196","ENSG00000260196","lncRNA",102.51737311345,1.1277711077843,6.97727610925404e-09,6.10227431353709e-08,"Upregulated",102.51737311345,1.78123506611047,1.84249233313517e-24,1.4347876889734e-23,"Upregulated","Shared_upregulated",6.10227431353709e-08
"ENSG00000163378.15","ENSG00000163378","EOGT","protein_coding",77.5953076043216,-1.14667275683191,7.31046062775019e-09,6.36677857075455e-08,"Downregulated",77.5953076043216,-1.3058688455953,2.39890571685811e-12,8.4135870398615e-12,"Downregulated","Shared_downregulated",6.36677857075455e-08
"ENSG00000168386.20","ENSG00000168386","FILIP1L","protein_coding",82.5075146629299,-1.67190327290391,7.57768581465944e-09,6.57579777401465e-08,"Downregulated",82.5075146629299,-1.00628442827073,1.88040661442765e-12,6.64007131001107e-12,"Downregulated","Shared_downregulated",6.57579777401465e-08
"ENSG00000040608.15","ENSG00000040608","RTN4R","protein_coding",153.089995071809,1.49507953138979,7.72224890173339e-09,6.68923078804066e-08,"Upregulated",153.089995071809,3.64920884639011,3.33543718362506e-49,1.1427223561488e-47,"Upregulated","Shared_upregulated",6.68923078804066e-08
"ENSG00000187122.18","ENSG00000187122","SLIT1","protein_coding",38.1303695067721,-1.35069258211556,7.84284182236667e-09,6.7815312464044e-08,"Downregulated",38.1303695067721,-2.06069493733865,6.08878692282609e-14,2.39974707874886e-13,"Downregulated","Shared_downregulated",6.7815312464044e-08
"ENSG00000104369.7","ENSG00000104369","JPH1","protein_coding",446.214544303579,1.00498337426356,8.24444846693053e-09,7.09914124674731e-08,"Upregulated",446.214544303579,1.44981039993247,4.28587824959834e-18,2.24470356317959e-17,"Upregulated","Shared_upregulated",7.09914124674731e-08
"ENSG00000175548.10","ENSG00000175548","ALG10B","protein_coding",66.7535354897523,-1.00302081610562,8.5616987571012e-09,7.33858135437684e-08,"Downregulated",66.7535354897523,-1.71516396754336,1.24606284574252e-09,3.58221439406876e-09,"Downregulated","Shared_downregulated",7.33858135437684e-08
"ENSG00000164953.18","ENSG00000164953","TMEM67","protein_coding",44.7444275114849,-1.53941746821894,8.68184747448923e-09,7.42285153984059e-08,"Downregulated",44.7444275114849,-4.10175299726376,1.75410064387985e-24,1.37037339790333e-23,"Downregulated","Shared_downregulated",7.42285153984059e-08
"ENSG00000153303.18","ENSG00000153303","FRMD1","protein_coding",53.1270237486136,1.3917564773282,9.736104117694e-09,8.25120589904219e-08,"Upregulated",53.1270237486136,2.33587429653222,1.03640917450545e-18,5.67421297957424e-18,"Upregulated","Shared_upregulated",8.25120589904219e-08
"ENSG00000148842.20","ENSG00000148842","CNNM2","protein_coding",183.875493680358,1.85995607662548,4.81090531310854e-24,2.88097685113921e-22,"Upregulated",183.875493680358,1.00958227150069,3.53940012414012e-08,9.03363624498744e-08,"Upregulated","Shared_upregulated",9.03363624498744e-08
"ENSG00000186446.14","ENSG00000186446","ZNF501","protein_coding",30.6749207696532,-1.81091214673024,1.2298058242102e-08,1.02427275887668e-07,"Downregulated",30.6749207696532,-1.52804744305764,1.5701625216472e-10,4.82297483334279e-10,"Downregulated","Shared_downregulated",1.02427275887668e-07
"ENSG00000165125.23","ENSG00000165125","TRPV6","protein_coding",29.8066457353954,-3.19586451178039,1.23475939335012e-08,1.02662840667986e-07,"Downregulated",29.8066457353954,-5.20510259247353,8.86754759875073e-22,5.88593309750588e-21,"Downregulated","Shared_downregulated",1.02662840667986e-07
"ENSG00000132879.16","ENSG00000132879","FBXO44","protein_coding",115.998937634655,1.19081081245643,1.82081129571291e-08,1.4666798808284e-07,"Upregulated",115.998937634655,1.0972300072506,4.45580483006146e-08,1.12517030139834e-07,"Upregulated","Shared_upregulated",1.4666798808284e-07
"ENSG00000165914.17","ENSG00000165914","TTC7B","protein_coding",68.0008124662548,2.22010281199439,1.67967743842044e-17,4.8106492959662e-16,"Upregulated",68.0008124662548,1.16868441265719,5.97247561415886e-08,1.49152363605704e-07,"Upregulated","Shared_upregulated",1.49152363605704e-07
"ENSG00000197852.13","ENSG00000197852","INKA2","protein_coding",32.8706451939866,-1.25176251028708,1.86515893081268e-08,1.49833055572823e-07,"Downregulated",32.8706451939866,-2.77489172260541,6.6823900950228e-13,2.4374829412804e-12,"Downregulated","Shared_downregulated",1.49833055572823e-07
"ENSG00000135074.18","ENSG00000135074","ADAM19","protein_coding",99.7737974079338,1.12579522054391,1.89202847590103e-08,1.51823237390685e-07,"Upregulated",99.7737974079338,4.73684225696976,8.15930009886025e-16,3.67675923609088e-15,"Upregulated","Shared_upregulated",1.51823237390685e-07
"ENSG00000204228.6","ENSG00000204228","HSD17B8","protein_coding",66.5865350293084,-1.30221374459178,2.06098457273562e-08,1.6474235205783e-07,"Downregulated",66.5865350293084,-1.41266851955432,2.40312543517278e-13,9.03400617549258e-13,"Downregulated","Shared_downregulated",1.6474235205783e-07
"ENSG00000023572.11","ENSG00000023572","GLRX2","protein_coding",135.804323699162,-1.060614065482,7.27392090767696e-09,6.33876499062264e-08,"Downregulated",135.804323699162,-1.02747595708504,6.72965124117702e-08,1.67455538782859e-07,"Downregulated","Shared_downregulated",1.67455538782859e-07
"ENSG00000128000.19","ENSG00000128000","ZNF780B","protein_coding",150.178918971687,-1.44342409868741,2.12918866370209e-08,1.69539572056982e-07,"Downregulated",150.178918971687,-4.18575785938407,6.01552591474209e-46,1.75054219992856e-44,"Downregulated","Shared_downregulated",1.69539572056982e-07
"ENSG00000118557.17","ENSG00000118557","PMFBP1","protein_coding",25.3783860971756,-2.05978399448345,1.26445804489532e-12,1.9961357283903e-11,"Downregulated",25.3783860971756,-2.70370408127807,6.85311511641088e-08,1.70469179998329e-07,"Downregulated","Shared_downregulated",1.70469179998329e-07
"ENSG00000206538.11","ENSG00000206538","VGLL3","protein_coding",17.0263026770418,2.85733895270383,2.72125666435149e-08,2.11796195380139e-07,"Upregulated",17.0263026770418,2.92371558217008,6.694429370423e-09,1.80898136185288e-08,"Upregulated","Shared_upregulated",2.11796195380139e-07
"ENSG00000038002.11","ENSG00000038002","AGA","protein_coding",61.7393988876859,-1.02540248729822,2.90722955212357e-08,2.24821615098051e-07,"Downregulated",61.7393988876859,-2.5575521513492,2.55825463088712e-20,1.54026697593752e-19,"Downregulated","Shared_downregulated",2.24821615098051e-07
"ENSG00000142623.12","ENSG00000142623","PADI1","protein_coding",44.9887189947861,1.73154190167745,3.02917650517761e-16,7.82510265829481e-15,"Upregulated",44.9887189947861,2.80541686453172,9.28285175255192e-08,2.28632031947625e-07,"Upregulated","Shared_upregulated",2.28632031947625e-07
"ENSG00000113916.19","ENSG00000113916","BCL6","protein_coding",242.361795040638,3.22127432759456,2.87115718320526e-15,6.60457299984295e-14,"Upregulated",242.361795040638,2.17922300827438,9.3735896681948e-08,2.30749212623542e-07,"Upregulated","Shared_upregulated",2.30749212623542e-07
"ENSG00000183317.19","ENSG00000183317","EPHA10","protein_coding",82.8519900222736,-1.3386758783589,3.16052234591335e-08,2.42725436337977e-07,"Downregulated",82.8519900222736,-2.05610400246448,3.51992313302958e-25,2.87708550726817e-24,"Downregulated","Shared_downregulated",2.42725436337977e-07
"ENSG00000106560.12","ENSG00000106560","GIMAP2","protein_coding",52.4877283120949,1.29993520449315,3.17925190251174e-08,2.43905339180519e-07,"Upregulated",52.4877283120949,1.97593681209148,1.02438378665575e-20,6.36048407721299e-20,"Upregulated","Shared_upregulated",2.43905339180519e-07
"ENSG00000135083.19","ENSG00000135083","CCNJL","protein_coding",84.0358131104936,1.12716440110173,3.60422349614893e-08,2.74220153957962e-07,"Upregulated",84.0358131104936,-1.22719182833473,1.04137828626243e-09,3.00570685610739e-09,"Downregulated","Discordant_direction",2.74220153957962e-07
"ENSG00000102879.19","ENSG00000102879","CORO1A","protein_coding",85.4720324088151,-1.56705362003158,1.59084826030637e-12,2.46836969896787e-11,"Downregulated",85.4720324088151,-3.187203917599,1.16146775346534e-07,2.83796841733597e-07,"Downregulated","Shared_downregulated",2.83796841733597e-07
"ENSG00000134107.7","ENSG00000134107","BHLHE40","protein_coding",1378.11203014567,1.51560515081331,4.01400088845392e-08,3.01872863910089e-07,"Upregulated",1378.11203014567,3.42202953823359,3.93330933949031e-35,5.9812716629479e-34,"Upregulated","Shared_upregulated",3.01872863910089e-07
"ENSG00000172794.22","ENSG00000172794","RAB37","protein_coding",54.7359844773921,-1.01085322914779,4.18729376253414e-08,3.13927890360294e-07,"Downregulated",54.7359844773921,-2.69389349340659,1.7075822011929e-27,1.61003781780661e-26,"Downregulated","Shared_downregulated",3.13927890360294e-07
"ENSG00000178567.8","ENSG00000178567","EPM2AIP1","protein_coding",144.300130304706,-1.21172991438578,4.36519080458385e-08,3.26084253299119e-07,"Downregulated",144.300130304706,-1.18513713656325,9.8383547312677e-08,2.41738617778114e-07,"Downregulated","Shared_downregulated",3.26084253299119e-07
"ENSG00000257167.4","ENSG00000257167","TMPO-AS1","lncRNA",49.1230212811527,-1.08605488298863,4.72460280102429e-08,3.50404011220287e-07,"Downregulated",49.1230212811527,-2.72564815086198,3.29453857104086e-18,1.7418625673668e-17,"Downregulated","Shared_downregulated",3.50404011220287e-07
"ENSG00000198074.12","ENSG00000198074","AKR1B10","protein_coding",366.711721989848,3.10814917042348,4.86450963436592e-08,3.59859487601995e-07,"Upregulated",366.711721989848,4.46833724376116,3.09499251262805e-111,1.3591706513032e-108,"Upregulated","Shared_upregulated",3.59859487601995e-07
"ENSG00000131061.17","ENSG00000131061","ZNF341","protein_coding",112.410208538881,1.09837779325302,4.97366119391288e-08,3.67746418480538e-07,"Upregulated",112.410208538881,2.15622499191825,7.50948697922865e-27,6.7805286793135e-26,"Upregulated","Shared_upregulated",3.67746418480538e-07
"ENSG00000150782.15","ENSG00000150782","IL18","protein_coding",223.35904764788,1.13542990551397,5.27354802729992e-08,3.87740570825454e-07,"Upregulated",223.35904764788,1.65483719318657,2.2871159545513e-14,9.28948554186026e-14,"Upregulated","Shared_upregulated",3.87740570825454e-07
"ENSG00000116661.13","ENSG00000116661","FBXO2","protein_coding",126.817122177811,3.61489727112371,6.85571921024849e-16,1.70125141772125e-14,"Upregulated",126.817122177811,2.3046013711181,1.64775896428255e-07,3.967323959193e-07,"Upregulated","Shared_upregulated",3.967323959193e-07
"ENSG00000290994.2","ENSG00000290994","ENSG00000290994","lncRNA",26.702643474829,-1.7232651873204,5.4961114443434e-08,4.02677689845423e-07,"Downregulated",26.702643474829,-3.89237534807136,1.07418666302783e-20,6.64977066236622e-20,"Downregulated","Shared_downregulated",4.02677689845423e-07
"ENSG00000158825.8","ENSG00000158825","CDA","protein_coding",261.52404145859,1.22995892261785,6.41068652960424e-08,4.64518345935123e-07,"Upregulated",261.52404145859,3.75444903828111,7.73990471253508e-44,1.93390860506997e-42,"Upregulated","Shared_upregulated",4.64518345935123e-07
"ENSG00000183060.18","ENSG00000183060","LYSMD4","protein_coding",66.8099719992372,-1.15717224996848,6.69572505346738e-08,4.83721074151791e-07,"Downregulated",66.8099719992372,-1.76475469391744,1.11030392208143e-16,5.28598043324707e-16,"Downregulated","Shared_downregulated",4.83721074151791e-07
"ENSG00000128683.16","ENSG00000128683","GAD1","protein_coding",45.4457663313984,1.85654660684049,6.80350864846368e-08,4.90325855949342e-07,"Upregulated",45.4457663313984,3.50092608843683,1.05919721004502e-15,4.71433844225198e-15,"Upregulated","Shared_upregulated",4.90325855949342e-07
"ENSG00000074211.15","ENSG00000074211","PPP2R2C","protein_coding",25.8093150699918,-1.76800158094803,6.85039770342698e-08,4.93419301779641e-07,"Downregulated",25.8093150699918,3.04548637715625,1.94080733378799e-07,4.64434938594047e-07,"Upregulated","Discordant_direction",4.93419301779641e-07
"ENSG00000070526.17","ENSG00000070526","ST6GALNAC1","protein_coding",62.803625454123,-1.07778416718513,7.43983364757899e-08,5.32434909731924e-07,"Downregulated",62.803625454123,-3.55000955173595,8.4225959589175e-44,2.09725533739918e-42,"Downregulated","Shared_downregulated",5.32434909731924e-07
"ENSG00000198890.9","ENSG00000198890","PRMT6","protein_coding",53.6479512550008,-1.37700183775331,8.66995452853865e-08,6.15002354515821e-07,"Downregulated",53.6479512550008,-5.52751087462128,7.70545756656106e-08,1.90851975823967e-07,"Downregulated","Shared_downregulated",6.15002354515821e-07
"ENSG00000140297.15","ENSG00000140297","GCNT3","protein_coding",1012.88145196318,1.8394062261659,1.56270945517156e-10,1.79309464959194e-09,"Upregulated",1012.88145196318,1.45635702725312,2.63252602579085e-07,6.21547200484866e-07,"Upregulated","Shared_upregulated",6.21547200484866e-07
"ENSG00000121104.9","ENSG00000121104","FAM117A","protein_coding",112.087914794249,1.02231506569597,9.27346024492696e-08,6.55246152459686e-07,"Upregulated",112.087914794249,1.3417199988361,1.27078511705821e-20,7.82337209702957e-20,"Upregulated","Shared_upregulated",6.55246152459686e-07
"ENSG00000097046.15","ENSG00000097046","CDC7","protein_coding",88.8318668502629,-1.22994547212844,1.00346182723644e-07,7.04779866295421e-07,"Downregulated",88.8318668502629,-2.94012307836363,9.14268591401021e-26,7.76645980456248e-25,"Downregulated","Shared_downregulated",7.04779866295421e-07
"ENSG00000174564.15","ENSG00000174564","IL20RB","protein_coding",38.6705818197261,-1.77422694023514,1.01537331117471e-07,7.11891147825057e-07,"Downregulated",38.6705818197261,-3.80474948550073,2.60945527412526e-23,1.9070209698751e-22,"Downregulated","Shared_downregulated",7.11891147825057e-07
"ENSG00000173868.13","ENSG00000173868","PHOSPHO1","protein_coding",17.8924371260402,3.2710669813725,5.34754010306747e-11,6.66350397021959e-10,"Upregulated",17.8924371260402,2.10267102919058,3.38700186977008e-07,7.91812084154026e-07,"Upregulated","Shared_upregulated",7.91812084154026e-07
"ENSG00000242960.1","ENSG00000242960","FTH1P23","processed_pseudogene",33.2798363998772,2.5642347436033,1.26233611911742e-12,1.99504244222428e-11,"Upregulated",33.2798363998772,1.5903973476537,3.59707061177231e-07,8.38487169145959e-07,"Upregulated","Shared_upregulated",8.38487169145959e-07
"ENSG00000180596.11","ENSG00000180596","H2BC4","protein_coding",40.3362831844856,2.24930238414482,1.22433294062494e-07,8.47732105854593e-07,"Upregulated",40.3362831844856,2.26810600702237,2.29024916775905e-07,5.44460153201511e-07,"Upregulated","Shared_upregulated",8.47732105854593e-07
"ENSG00000169231.15","ENSG00000169231","THBS3","protein_coding",51.9271506380449,-1.2934665789499,1.26489025341928e-07,8.74560570255351e-07,"Downregulated",51.9271506380449,-1.52344193316632,4.80516375520285e-16,2.193273484737e-15,"Downregulated","Shared_downregulated",8.74560570255351e-07
"ENSG00000163376.11","ENSG00000163376","KBTBD8","protein_coding",51.5991140152266,-1.08439457910601,1.27386932916605e-07,8.80253697309004e-07,"Downregulated",51.5991140152266,-2.3562964647363,2.25168021423045e-20,1.35850747979299e-19,"Downregulated","Shared_downregulated",8.80253697309004e-07
"ENSG00000036672.18","ENSG00000036672","USP2","protein_coding",62.2684221442269,3.03761518282184,1.3154687240887e-07,9.05642410902304e-07,"Upregulated",62.2684221442269,1.77216273766112,1.78806780222407e-15,7.85232684540339e-15,"Upregulated","Shared_upregulated",9.05642410902304e-07
"ENSG00000108384.18","ENSG00000108384","RAD51C","protein_coding",56.5464804076464,-1.14642274820784,1.44558015555129e-07,9.86315801047515e-07,"Downregulated",56.5464804076464,-1.57058617899556,1.07214399036196e-14,4.45711724277843e-14,"Downregulated","Shared_downregulated",9.86315801047515e-07
"ENSG00000069667.17","ENSG00000069667","RORA","protein_coding",1044.96030414219,1.37776391838931,7.66793587176519e-19,2.59634875358928e-17,"Upregulated",1044.96030414219,2.39851629908914,4.49674998560277e-07,1.03868187426451e-06,"Upregulated","Shared_upregulated",1.03868187426451e-06
"ENSG00000137507.13","ENSG00000137507","LRRC32","protein_coding",24.0131916440552,3.21430628367704,1.60384636247576e-07,1.08308208224598e-06,"Upregulated",24.0131916440552,5.31396972240016,3.35507181596864e-15,1.45096092978268e-14,"Upregulated","Shared_upregulated",1.08308208224598e-06
"ENSG00000102078.17","ENSG00000102078","SLC25A14","protein_coding",34.9339864100497,-1.21568300002999,1.38248623419927e-07,9.47728973794503e-07,"Downregulated",34.9339864100497,-1.35226981752476,4.73827095318396e-07,1.0909917803232e-06,"Downregulated","Shared_downregulated",1.0909917803232e-06
"ENSG00000100228.16","ENSG00000100228","RAB36","protein_coding",12.8198119327359,-2.19849798639521,1.65311917389775e-07,1.11479772303984e-06,"Downregulated",12.8198119327359,-5.90267285336972,2.32836438820741e-08,6.02324554613142e-08,"Downregulated","Shared_downregulated",1.11479772303984e-06
"ENSG00000148204.14","ENSG00000148204","CRB2","protein_coding",46.6895608598684,-1.66565325626732,1.6615975773451e-07,1.11999405073884e-06,"Downregulated",46.6895608598684,-4.66982941441353,6.39266821506235e-11,2.01615990800182e-10,"Downregulated","Shared_downregulated",1.11999405073884e-06
"ENSG00000010704.21","ENSG00000010704","HFE","protein_coding",61.9458096031533,1.47710230994223,1.92015197077983e-07,1.28411824460274e-06,"Upregulated",61.9458096031533,-1.27626744704339,5.02922294619571e-07,1.15468154208283e-06,"Downregulated","Discordant_direction",1.28411824460274e-06
"ENSG00000103494.18","ENSG00000103494","RPGRIP1L","protein_coding",59.9128283582724,-1.05565090736757,2.06639840666995e-07,1.37242189319253e-06,"Downregulated",59.9128283582724,-2.799436606139,3.05897049510744e-24,2.34801908978268e-23,"Downregulated","Shared_downregulated",1.37242189319253e-06
"ENSG00000273356.1","ENSG00000273356","LINC02019","lncRNA",25.924546150508,2.16071075180004,2.33609813541121e-07,1.5388515535627e-06,"Upregulated",25.924546150508,4.48420178076534,8.85133809793384e-25,7.00183360891142e-24,"Upregulated","Shared_upregulated",1.5388515535627e-06
"ENSG00000011422.14","ENSG00000011422","PLAUR","protein_coding",491.548696267362,1.16023985054169,2.52569206064773e-07,1.65322174087204e-06,"Upregulated",491.548696267362,1.88060370469449,1.77842908011671e-19,1.02111704552501e-18,"Upregulated","Shared_upregulated",1.65322174087204e-06
"ENSG00000124216.5","ENSG00000124216","SNAI1","protein_coding",122.019113002012,1.02062418567054,2.89188460600273e-07,1.86761103877859e-06,"Upregulated",122.019113002012,3.53525042765123,4.16571711100135e-61,2.76924643911154e-59,"Upregulated","Shared_upregulated",1.86761103877859e-06
"ENSG00000088002.13","ENSG00000088002","SULT2B1","protein_coding",239.92435492875,1.16152294931794,2.35281172901628e-08,1.86118709480917e-07,"Upregulated",239.92435492875,1.06022653253451,8.5567746566191e-07,1.92913469700877e-06,"Upregulated","Shared_upregulated",1.92913469700877e-06
"ENSG00000213362.3","ENSG00000213362","FTH1P12","processed_pseudogene",24.1959439573414,2.45174480036289,1.20178466560059e-09,1.19207825967719e-08,"Upregulated",24.1959439573414,1.79556350102918,9.91240283667469e-07,2.22369259921191e-06,"Upregulated","Shared_upregulated",2.22369259921191e-06
"ENSG00000261087.1","ENSG00000261087","ZNNT1","lncRNA",59.1437160034638,1.44471176341435,3.50469573085683e-07,2.22470654978437e-06,"Upregulated",59.1437160034638,4.00580977704459,1.07172920459173e-46,3.29057195613205e-45,"Upregulated","Shared_upregulated",2.22470654978437e-06
"ENSG00000134824.16","ENSG00000134824","FADS2","protein_coding",81.3326821452729,1.22533231527556,3.57454636204317e-07,2.26309855302445e-06,"Upregulated",81.3326821452729,2.86757205345988,1.7582226072525e-18,9.46162719060649e-18,"Upregulated","Shared_upregulated",2.26309855302445e-06
"ENSG00000131153.11","ENSG00000131153","GINS2","protein_coding",294.747650549896,-1.10190530796455,3.87011975417918e-07,2.43745221545261e-06,"Downregulated",294.747650549896,-3.23365877589956,3.95483710005758e-29,4.1528464311455e-28,"Downregulated","Shared_downregulated",2.43745221545261e-06
"ENSG00000132846.8","ENSG00000132846","ZBED3","protein_coding",504.966175881006,-1.10302102197779,3.92263338310904e-07,2.46838050317048e-06,"Downregulated",504.966175881006,-3.25504579735179,1.30633478253202e-46,3.95227633996951e-45,"Downregulated","Shared_downregulated",2.46838050317048e-06
"ENSG00000148803.15","ENSG00000148803","FUOM","protein_coding",54.5720776427042,1.43862784195059,4.27522265893378e-07,2.67515227863853e-06,"Upregulated",54.5720776427042,-1.4269683581376,1.75652110697853e-13,6.67072952891324e-13,"Downregulated","Discordant_direction",2.67515227863853e-06
"ENSG00000166275.18","ENSG00000166275","BORCS7","protein_coding",99.7888771421211,-1.09464803694943,4.44336306396019e-07,2.77317904922098e-06,"Downregulated",99.7888771421211,-4.77823629146055,1.02688273037817e-37,1.77796708824856e-36,"Downregulated","Shared_downregulated",2.77317904922098e-06
"ENSG00000067057.21","ENSG00000067057","PFKP","protein_coding",481.905206890683,1.19177173042644,4.72659490442294e-07,2.92600655082859e-06,"Upregulated",481.905206890683,1.11388258862504,1.77536305587123e-08,4.63577682985332e-08,"Upregulated","Shared_upregulated",2.92600655082859e-06
"ENSG00000259642.3","ENSG00000259642","ST20-AS1","lncRNA",18.5359726974239,-1.56468214578816,4.87725260218618e-07,3.01155282108573e-06,"Downregulated",18.5359726974239,-5.26756367515583,2.71616511520221e-07,6.40043330886349e-07,"Downregulated","Shared_downregulated",3.01155282108573e-06
"ENSG00000150051.16","ENSG00000150051","MKX","protein_coding",17.8351336853623,-2.50165336327645,8.02388639947308e-11,9.73887451433533e-10,"Downregulated",17.8351336853623,-2.00825769529987,1.36977685614677e-06,3.03112020144739e-06,"Downregulated","Shared_downregulated",3.03112020144739e-06
"ENSG00000166046.14","ENSG00000166046","TCP11L2","protein_coding",184.337858318072,2.27231322324856,3.99381733485618e-15,8.98732931936891e-14,"Upregulated",184.337858318072,1.17361062302672,1.38793986303247e-06,3.0699507450283e-06,"Upregulated","Shared_upregulated",3.0699507450283e-06
"ENSG00000237973.1","ENSG00000237973","MTCO1P12","unprocessed_pseudogene",85.2392131997949,1.04301851035009,5.09496335456385e-07,3.13796043069865e-06,"Upregulated",85.2392131997949,1.74934623174622,1.1682442188126e-13,4.49076796260801e-13,"Upregulated","Shared_upregulated",3.13796043069865e-06
"ENSG00000138798.15","ENSG00000138798","EGF","protein_coding",57.8195060017863,3.07665465813466,7.33089950195457e-27,5.65103167991093e-25,"Upregulated",57.8195060017863,1.87256884841771,1.46026261941655e-06,3.22396798912014e-06,"Upregulated","Shared_upregulated",3.22396798912014e-06
"ENSG00000136098.21","ENSG00000136098","NEK3","protein_coding",195.822580318997,-1.00535128540831,5.34047640668704e-07,3.27663776823491e-06,"Downregulated",195.822580318997,-3.17124325218501,1.31696066593585e-52,5.24324010185231e-51,"Downregulated","Shared_downregulated",3.27663776823491e-06
"ENSG00000172296.15","ENSG00000172296","SPTLC3","protein_coding",43.1485846478863,-1.38104571857704,5.45881267358698e-07,3.34075647236582e-06,"Downregulated",43.1485846478863,-2.00522018562585,2.1803626212912e-08,5.65357221466309e-08,"Downregulated","Shared_downregulated",3.34075647236582e-06
"ENSG00000083817.11","ENSG00000083817","ZNF416","protein_coding",42.0541405584485,-1.02123260972574,5.51038427819856e-07,3.36805098944131e-06,"Downregulated",42.0541405584485,-3.15682908462679,1.68404835425131e-16,7.93665975603576e-16,"Downregulated","Shared_downregulated",3.36805098944131e-06
"ENSG00000233588.1","ENSG00000233588","CYP51A1P2","processed_pseudogene",63.5146867723833,1.083673750187,5.58421712934222e-07,3.41030234464507e-06,"Upregulated",63.5146867723833,3.03156986808275,3.29383079383918e-40,6.63897021756848e-39,"Upregulated","Shared_upregulated",3.41030234464507e-06
"ENSG00000164849.12","ENSG00000164849","GPR146","protein_coding",38.2307045978849,1.11627267847685,5.84348969497417e-07,3.55366565923481e-06,"Upregulated",38.2307045978849,1.81224307446494,4.54472009061347e-11,1.44847335722829e-10,"Upregulated","Shared_upregulated",3.55366565923481e-06
"ENSG00000299943.1","ENSG00000299943","ENSG00000299943","lncRNA",43.8291178423185,-1.95732449776468,2.47150607898282e-08,1.94446612902384e-07,"Downregulated",43.8291178423185,-5.23908698134651,1.68678271563373e-06,3.70208316143632e-06,"Downregulated","Shared_downregulated",3.70208316143632e-06
"ENSG00000274512.8","ENSG00000274512","TBC1D3L","protein_coding",16.7504974390464,1.9882585084485,7.00284234018754e-07,4.21465568812091e-06,"Upregulated",16.7504974390464,3.45369403684895,4.19268946109133e-15,1.79711492665293e-14,"Upregulated","Shared_upregulated",4.21465568812091e-06
"ENSG00000185621.13","ENSG00000185621","LMLN","protein_coding",23.6701534207185,-2.20335102420433,7.02788250096577e-07,4.22781540904923e-06,"Downregulated",23.6701534207185,-4.31795410580579,1.37007828219624e-19,7.91358089501311e-19,"Downregulated","Shared_downregulated",4.22781540904923e-06
"ENSG00000108878.7","ENSG00000108878","CACNG1","protein_coding",13.9405161893414,4.50849617408956,7.11918046005244e-07,4.27209785619379e-06,"Upregulated",13.9405161893414,7.26363275901735,1.51662800742716e-11,5.0226172494594e-11,"Upregulated","Shared_upregulated",4.27209785619379e-06
"ENSG00000068885.17","ENSG00000068885","IFT80","protein_coding",66.1491464230161,-1.0435340791491,7.20513291832484e-07,4.32074226360364e-06,"Downregulated",66.1491464230161,-2.91648262499174,1.99696214122917e-41,4.33882688915939e-40,"Downregulated","Shared_downregulated",4.32074226360364e-06
"ENSG00000106477.22","ENSG00000106477","CEP41","protein_coding",30.3129476137841,-1.12938010126842,7.88062074761263e-07,4.69018299278859e-06,"Downregulated",30.3129476137841,-4.26424817142966,8.55157536363773e-07,1.92826248902813e-06,"Downregulated","Shared_downregulated",4.69018299278859e-06
"ENSG00000181649.10","ENSG00000181649","PHLDA2","protein_coding",688.363143994341,1.03697878844039,7.91866167231568e-07,4.70702399324031e-06,"Upregulated",688.363143994341,1.03984085725022,1.85080061574242e-07,4.43775687017524e-07,"Upregulated","Shared_upregulated",4.70702399324031e-06
"ENSG00000109255.13","ENSG00000109255","NMU","protein_coding",117.022297874459,1.19447061596657,7.92390541525184e-07,4.70820981048912e-06,"Upregulated",117.022297874459,2.54933567800319,5.51195184681499e-47,1.71783239062458e-45,"Upregulated","Shared_upregulated",4.70820981048912e-06
"ENSG00000286388.1","ENSG00000286388","ENSG00000286388","lncRNA",33.4968538956635,-1.4825386818304,8.09694805478857e-07,4.79529919125443e-06,"Downregulated",33.4968538956635,-5.37348516214431,7.79893530355792e-15,3.2798076151817e-14,"Downregulated","Shared_downregulated",4.79529919125443e-06
"ENSG00000264424.1","ENSG00000264424","MYH4","protein_coding",13.5841961452868,-2.40920803387014,8.32141857691529e-07,4.91418084827451e-06,"Downregulated",13.5841961452868,-5.91573581500911,5.11191722437253e-08,1.28347027747066e-07,"Downregulated","Shared_downregulated",4.91418084827451e-06
"ENSG00000122970.18","ENSG00000122970","IFT81","protein_coding",64.6301129515783,-1.47615624113007,8.96666837524729e-07,5.25030133713469e-06,"Downregulated",64.6301129515783,-1.70580718056642,8.55831929796576e-11,2.668398521216e-10,"Downregulated","Shared_downregulated",5.25030133713469e-06
"ENSG00000224511.3","ENSG00000224511","LINC00365","lncRNA",53.0109068482152,-1.27836895505202,8.96578530786033e-07,5.25030133713469e-06,"Downregulated",53.0109068482152,-3.61324270027293,1.71100674014118e-33,2.3480975073983e-32,"Downregulated","Shared_downregulated",5.25030133713469e-06
"ENSG00000261188.4","ENSG00000261188","TFIP11-DT","lncRNA",20.0873411349013,-1.96130326903564,9.21046624765291e-07,5.37668958887751e-06,"Downregulated",20.0873411349013,-3.12207555525482,1.99549732700002e-12,7.03105938800981e-12,"Downregulated","Shared_downregulated",5.37668958887751e-06
"ENSG00000106351.15","ENSG00000106351","AGFG2","protein_coding",133.496442037163,1.06812345464904,9.28279236486435e-07,5.4135302596223e-06,"Upregulated",133.496442037163,-1.93299982630362,2.90248224944791e-14,1.17003540358829e-13,"Downregulated","Discordant_direction",5.4135302596223e-06
"ENSG00000173585.20","ENSG00000173585","CCR9","protein_coding",17.6372344276853,3.07498409305039,9.51487276020932e-07,5.53550927502824e-06,"Upregulated",17.6372344276853,3.2274124811827,1.1997203406967e-16,5.69484021532151e-16,"Upregulated","Shared_upregulated",5.53550927502824e-06
"ENSG00000154556.22","ENSG00000154556","SORBS2","protein_coding",30.3302468229557,-1.41105761617847,8.43903772398994e-11,1.01830586757754e-09,"Downregulated",30.3302468229557,-1.78822806671053,2.6009652940764e-06,5.61830213768894e-06,"Downregulated","Shared_downregulated",5.61830213768894e-06
"ENSG00000206077.15","ENSG00000206077","ZDHHC11B","protein_coding",39.9449169280278,-1.05855263251319,9.69316923892513e-07,5.63019673789591e-06,"Downregulated",39.9449169280278,1.45078278382391,3.90121029887381e-10,1.16234250927794e-09,"Upregulated","Discordant_direction",5.63019673789591e-06
"ENSG00000196981.5","ENSG00000196981","WDR5B","protein_coding",65.0508300077044,-1.03948709760649,9.72472112760752e-07,5.64399914222219e-06,"Downregulated",65.0508300077044,-3.60423759792953,2.0004309862204e-50,7.22948774371723e-49,"Downregulated","Shared_downregulated",5.64399914222219e-06
"ENSG00000180525.15","ENSG00000180525","DIP2C-AS1","lncRNA",30.767696823621,-1.54237182648788,1.00642990934398e-06,5.82475329321603e-06,"Downregulated",30.767696823621,-4.05023270593284,2.23587320471813e-13,8.41617519033122e-13,"Downregulated","Shared_downregulated",5.82475329321603e-06
"ENSG00000273151.1","ENSG00000273151","GET4-AS1","lncRNA",34.0282312336252,-1.11409375414517,1.08841551475069e-06,6.25181040022474e-06,"Downregulated",34.0282312336252,-2.93838265424683,2.2060537381665e-13,8.31040571185569e-13,"Downregulated","Shared_downregulated",6.25181040022474e-06
"ENSG00000184678.11","ENSG00000184678","H2BC21","protein_coding",325.871700093976,1.67168253653812,1.09232413001384e-06,6.27177547232986e-06,"Upregulated",325.871700093976,3.65490476362275,1.80741844732007e-24,1.41126660229324e-23,"Upregulated","Shared_upregulated",6.27177547232986e-06
"ENSG00000302960.1","ENSG00000302960","ENSG00000302960","lncRNA",26.5001122691896,2.61712042414141,1.42752043354455e-06,8.04652902486486e-06,"Upregulated",26.5001122691896,4.64356531138367,7.45083853249635e-28,7.21292932618151e-27,"Upregulated","Shared_upregulated",8.04652902486486e-06
"ENSG00000086730.19","ENSG00000086730","LAT2","protein_coding",16.2265792352866,-1.81356813043619,1.5051153130557e-06,8.45759252299462e-06,"Downregulated",16.2265792352866,-2.26934590957836,6.2384440444628e-08,1.55526459818261e-07,"Downregulated","Shared_downregulated",8.45759252299462e-06
"ENSG00000100867.17","ENSG00000100867","DHRS2","protein_coding",44.714549491138,-2.25463396877298,2.22552472331809e-14,4.56831505528694e-13,"Downregulated",44.714549491138,-1.60079252731377,4.02319214496641e-06,8.55651607937383e-06,"Downregulated","Shared_downregulated",8.55651607937383e-06
"ENSG00000169583.15","ENSG00000169583","CLIC3","protein_coding",32.6303299907328,1.5938136579331,1.70549048428964e-06,9.46609272245328e-06,"Upregulated",32.6303299907328,2.75575603064898,4.64681931318488e-13,1.71614947723434e-12,"Upregulated","Shared_upregulated",9.46609272245328e-06
"ENSG00000163286.10","ENSG00000163286","ALPG","protein_coding",50.2124398286604,2.88090847068203,1.7082102049093e-06,9.47755830380764e-06,"Upregulated",50.2124398286604,4.49055488291983,1.41528108450147e-09,4.05501254974206e-09,"Upregulated","Shared_upregulated",9.47755830380764e-06
"ENSG00000160712.15","ENSG00000160712","IL6R","protein_coding",90.0398743133759,2.689877248039,1.80388814255176e-06,9.94746840253427e-06,"Upregulated",90.0398743133759,3.50779503346853,4.5603485486766e-10,1.35344196533732e-09,"Upregulated","Shared_upregulated",9.94746840253427e-06
"ENSG00000062370.19","ENSG00000062370","ZNF112","protein_coding",22.7761461739158,-2.16909215306957,7.62381403340287e-11,9.27660058539667e-10,"Downregulated",22.7761461739158,-1.59894113621073,5.00810762556615e-06,1.05536564940679e-05,"Downregulated","Shared_downregulated",1.05536564940679e-05
"ENSG00000131480.10","ENSG00000131480","AOC2","protein_coding",35.3519196448083,1.61116875758126,2.07980939094652e-06,1.13310517645101e-05,"Upregulated",35.3519196448083,5.49194517108613,1.97428105656022e-23,1.45161243387472e-22,"Upregulated","Shared_upregulated",1.13310517645101e-05
"ENSG00000168994.15","ENSG00000168994","PXDC1","protein_coding",77.2913907239149,1.94382277525668,2.52833625287179e-06,1.35806704879978e-05,"Upregulated",77.2913907239149,2.28994467211397,2.02943000849133e-22,1.39983339757527e-21,"Upregulated","Shared_upregulated",1.35806704879978e-05
"ENSG00000214049.9","ENSG00000214049","UCA1","lncRNA",4167.34550054327,3.27892142868137,4.2355876862868e-14,8.32864813428335e-13,"Upregulated",4167.34550054327,2.01888818561855,6.92385671899206e-06,1.44354095197285e-05,"Upregulated","Shared_upregulated",1.44354095197285e-05
"ENSG00000198088.12","ENSG00000198088","NUP62CL","protein_coding",42.9835126468357,-1.00097986059347,2.75502571717981e-06,1.46409360811771e-05,"Downregulated",42.9835126468357,-1.41071582148087,1.45866971119327e-09,4.17272827765751e-09,"Downregulated","Shared_downregulated",1.46409360811771e-05
"ENSG00000131471.8","ENSG00000131471","AOC3","protein_coding",15.0209389104904,2.08866901189077,2.76051203184506e-06,1.46647142102267e-05,"Upregulated",15.0209389104904,5.78356754373312,6.37899013655426e-11,2.01228395861873e-10,"Upregulated","Shared_upregulated",1.46647142102267e-05
"ENSG00000100625.10","ENSG00000100625","SIX4","protein_coding",127.471734847722,1.2828093157547,2.77016641392952e-06,1.47106088936118e-05,"Upregulated",127.471734847722,1.51890589300839,1.21601531910103e-34,1.79455132427821e-33,"Upregulated","Shared_upregulated",1.47106088936118e-05
"ENSG00000223573.8","ENSG00000223573","TINCR","protein_coding",29.1560042003501,2.18556149377237,3.08270828898261e-06,1.62453121905222e-05,"Upregulated",29.1560042003501,5.90449179761874,7.89689600539441e-27,7.11702841481193e-26,"Upregulated","Shared_upregulated",1.62453121905222e-05
"ENSG00000223768.5","ENSG00000223768","LINC00205","lncRNA",94.9040969402688,-1.16892753819247,3.30365181439485e-06,1.72964313924169e-05,"Downregulated",94.9040969402688,-4.21035272868133,1.27423578731248e-38,2.34045944610044e-37,"Downregulated","Shared_downregulated",1.72964313924169e-05
"ENSG00000183023.21","ENSG00000183023","SLC8A1","protein_coding",35.6404813701091,-1.09387004623757,3.33622945920455e-06,1.74354984936142e-05,"Downregulated",35.6404813701091,-3.63346095861458,6.55898123570809e-11,2.06501751179408e-10,"Downregulated","Shared_downregulated",1.74354984936142e-05
"ENSG00000196653.14","ENSG00000196653","ZNF502","protein_coding",24.9056910281721,-1.29462841968444,8.05103890970463e-07,4.77201046541675e-06,"Downregulated",24.9056910281721,-2.24878190808065,8.60863100058282e-06,1.77816819356394e-05,"Downregulated","Shared_downregulated",1.77816819356394e-05
"ENSG00000174799.14","ENSG00000174799","CEP135","protein_coding",38.7617075208307,-1.19868668731354,3.64885834630491e-06,1.89057043813553e-05,"Downregulated",38.7617075208307,-1.16830598914334,8.27327347046993e-07,1.86754328869237e-06,"Downregulated","Shared_downregulated",1.89057043813553e-05
"ENSG00000111701.7","ENSG00000111701","APOBEC1","protein_coding",17.0234576856057,2.91614986228109,4.68221083469675e-10,5.01883131778293e-09,"Upregulated",17.0234576856057,1.68717866396636,1.01054293602525e-05,2.07374514710817e-05,"Upregulated","Shared_upregulated",2.07374514710817e-05
"ENSG00000261578.1","ENSG00000261578","ENSG00000261578","lncRNA",49.5026168546648,1.16664634225894,4.05476093255616e-06,2.08079303946898e-05,"Upregulated",49.5026168546648,2.6867312840819,2.67083530202109e-24,2.05991193171313e-23,"Upregulated","Shared_upregulated",2.08079303946898e-05
"ENSG00000151743.12","ENSG00000151743","AMN1","protein_coding",144.5838674398,1.04750860483552,4.22019960236648e-06,2.15500819723379e-05,"Upregulated",144.5838674398,2.6274480977331,3.66099090156881e-43,8.72616449762092e-42,"Upregulated","Shared_upregulated",2.15500819723379e-05
"ENSG00000189057.13","ENSG00000189057","FAM111B","protein_coding",347.430480712497,-1.04066041152675,4.43089365356129e-06,2.2514905619709e-05,"Downregulated",347.430480712497,-4.49528089562576,5.48175539867698e-56,2.70436143919288e-54,"Downregulated","Shared_downregulated",2.2514905619709e-05
"ENSG00000229931.4","ENSG00000229931","ATXN1-AS1","lncRNA",43.6911234713477,-1.42929370478414,4.42944643607572e-06,2.2514905619709e-05,"Downregulated",43.6911234713477,-2.20899600234275,1.93629248624776e-22,1.33622622431917e-21,"Downregulated","Shared_downregulated",2.2514905619709e-05
"ENSG00000168899.7","ENSG00000168899","VAMP5","protein_coding",49.7874885530168,1.55162556528228,4.52548062265689e-06,2.29231964989667e-05,"Upregulated",49.7874885530168,1.56141480467482,2.83405853830677e-08,7.27825205336554e-08,"Upregulated","Shared_upregulated",2.29231964989667e-05
"ENSG00000205885.9","ENSG00000205885","C1RL-AS1","lncRNA",20.6767280094756,-1.94477503882714,4.7105904180008e-06,2.38109090818512e-05,"Downregulated",20.6767280094756,-1.98022346330037,4.18872923473517e-10,1.24519105784168e-09,"Downregulated","Shared_downregulated",2.38109090818512e-05
"ENSG00000051128.21","ENSG00000051128","HOMER3","protein_coding",50.5146152388374,1.92365107978275,4.79550188274512e-06,2.41979154891164e-05,"Upregulated",50.5146152388374,1.9740808221978,1.92529256693631e-13,7.28684770959544e-13,"Upregulated","Shared_upregulated",2.41979154891164e-05
"ENSG00000290920.2","ENSG00000290920","ENSG00000290920","lncRNA",21.7243470464917,1.70096834948762,4.83752992520551e-06,2.43845160612446e-05,"Upregulated",21.7243470464917,1.3128166088395,3.51128397567611e-06,7.50302674365941e-06,"Upregulated","Shared_upregulated",2.43845160612446e-05
"ENSG00000167105.10","ENSG00000167105","TMEM92","protein_coding",87.9655840120958,1.3739552708338,4.91913028710523e-06,2.47699917028245e-05,"Upregulated",87.9655840120958,-1.0688073508735,1.02109219650711e-14,4.2570966949888e-14,"Downregulated","Discordant_direction",2.47699917028245e-05
"ENSG00000100100.16","ENSG00000100100","PIK3IP1","protein_coding",86.1773672562103,1.28941487577107,5.11623791859818e-06,2.56782910522219e-05,"Upregulated",86.1773672562103,1.749685738302,5.68526756271791e-12,1.94639493311854e-11,"Upregulated","Shared_upregulated",2.56782910522219e-05
"ENSG00000134146.14","ENSG00000134146","DPH6","protein_coding",48.407995512576,-1.25369181095027,5.11723051054491e-06,2.56782910522219e-05,"Downregulated",48.407995512576,-1.88825174853019,3.37195414954903e-13,1.25588176651926e-12,"Downregulated","Shared_downregulated",2.56782910522219e-05
"ENSG00000114248.12","ENSG00000114248","LRRC31","protein_coding",249.30256820362,-1.04254828357006,5.4078039791681e-06,2.69497576568446e-05,"Downregulated",249.30256820362,-4.34895459399651,3.98844107643432e-46,1.16768662787245e-44,"Downregulated","Shared_downregulated",2.69497576568446e-05
"ENSG00000198853.14","ENSG00000198853","RUSC2","protein_coding",22.3264627663326,1.4523018128358,5.46176213536083e-06,2.71812695280389e-05,"Upregulated",22.3264627663326,1.43208431366217,5.96518732317376e-06,1.24957221306745e-05,"Upregulated","Shared_upregulated",2.71812695280389e-05
"ENSG00000170264.15","ENSG00000170264","FAM161A","protein_coding",31.6339694837907,-1.16661945762311,5.62752438967011e-06,2.78968922160138e-05,"Downregulated",31.6339694837907,-2.12258933185782,2.51170722902668e-09,7.04873376511515e-09,"Downregulated","Shared_downregulated",2.78968922160138e-05
"ENSG00000179862.7","ENSG00000179862","CITED4","protein_coding",33.2658277144917,1.61068157394185,1.44516678642299e-07,9.86315801047515e-07,"Upregulated",33.2658277144917,1.10116576450074,1.39788903802171e-05,2.82777888595904e-05,"Upregulated","Shared_upregulated",2.82777888595904e-05
"ENSG00000176170.16","ENSG00000176170","SPHK1","protein_coding",56.3927167860325,1.58459177528385,5.77434454670482e-06,2.85603416965345e-05,"Upregulated",56.3927167860325,2.6464338125058,1.10511130226731e-26,9.85555261074328e-26,"Upregulated","Shared_upregulated",2.85603416965345e-05
"ENSG00000225366.7","ENSG00000225366","CRIPTO3","protein_coding",17.6928332846571,-1.57015338526913,5.83356696590021e-06,2.88139238138466e-05,"Downregulated",17.6928332846571,-1.55104019249723,1.01329625961115e-05,2.07880653939479e-05,"Downregulated","Shared_downregulated",2.88139238138466e-05
"ENSG00000259005.1","ENSG00000259005","ENSG00000259005","lncRNA",7.99326210038548,4.23667065611633,5.90621882514369e-06,2.91529030020376e-05,"Upregulated",7.99326210038548,6.83032515069171,5.78630424688662e-10,1.70402603425891e-09,"Upregulated","Shared_upregulated",2.91529030020376e-05
"ENSG00000101246.22","ENSG00000101246","ARFRP1","protein_coding",134.588843541485,-1.24258496198872,6.20305304971842e-06,3.05141360476983e-05,"Downregulated",134.588843541485,-4.09314792309147,1.10434946406119e-40,2.28305740844148e-39,"Downregulated","Shared_downregulated",3.05141360476983e-05
"ENSG00000105520.13","ENSG00000105520","PLPPR2","protein_coding",168.303893924849,1.07183679470085,6.47341399266415e-06,3.17471118719759e-05,"Upregulated",168.303893924849,1.50873460264615,1.77644958795642e-18,9.54553482709099e-18,"Upregulated","Shared_upregulated",3.17471118719759e-05
"ENSG00000174808.14","ENSG00000174808","BTC","protein_coding",74.1847215223261,-1.25693587228097,6.52560209060016e-06,3.1970596854962e-05,"Downregulated",74.1847215223261,-5.50307245221082,6.45303463100002e-57,3.42554497701291e-55,"Downregulated","Shared_downregulated",3.1970596854962e-05
"ENSG00000058668.18","ENSG00000058668","ATP2B4","protein_coding",633.445065824677,1.85787793109512,3.89762634673216e-10,4.23104127466985e-09,"Upregulated",633.445065824677,1.23706463251521,1.62712725052717e-05,3.26914295225838e-05,"Upregulated","Shared_upregulated",3.26914295225838e-05
"ENSG00000277969.3","ENSG00000277969","ENSG00000277969","lncRNA",26.8401356101992,-1.32872603169595,1.56819597580602e-07,1.06197645240097e-06,"Downregulated",26.8401356101992,-1.48871156288391,1.7036886840417e-05,3.41208629203044e-05,"Downregulated","Shared_downregulated",3.41208629203044e-05
"ENSG00000179348.15","ENSG00000179348","GATA2","protein_coding",236.935819443956,1.02993924902444,7.10316872851913e-06,3.44277997370231e-05,"Upregulated",236.935819443956,1.74485631113543,9.06779951965979e-25,7.16133790947736e-24,"Upregulated","Shared_upregulated",3.44277997370231e-05
"ENSG00000278834.3","ENSG00000278834","ENSG00000278834","lncRNA",16.5949114410954,-1.55652099407977,7.43516405518936e-06,3.58570374335455e-05,"Downregulated",16.5949114410954,-4.89278498914928,2.14722272222685e-08,5.57362559385841e-08,"Downregulated","Shared_downregulated",3.58570374335455e-05
"ENSG00000166436.19","ENSG00000166436","TRIM66","protein_coding",29.9787767354445,-1.21990050897043,7.47938699481753e-06,3.6046317369104e-05,"Downregulated",29.9787767354445,-2.73915731600773,3.8688431745753e-17,1.9005856029134e-16,"Downregulated","Shared_downregulated",3.6046317369104e-05
"ENSG00000115963.16","ENSG00000115963","RND3","protein_coding",898.355747135478,1.21785662663702,7.7430743487351e-06,3.72428255764584e-05,"Upregulated",898.355747135478,1.58360796438868,4.9189865084337e-09,1.34527179619214e-08,"Upregulated","Shared_upregulated",3.72428255764584e-05
"ENSG00000144619.17","ENSG00000144619","CNTN4","protein_coding",4.1446759114129,-5.76558356900174,3.56089572546064e-07,2.25544147086432e-06,"Downregulated",4.1446759114129,-4.88294331835351,1.86672795655026e-05,3.72625641133973e-05,"Downregulated","Shared_downregulated",3.72625641133973e-05
"ENSG00000141574.10","ENSG00000141574","SECTM1","protein_coding",106.231820918203,2.91519523875038,2.92874063577216e-21,1.29796052885658e-19,"Upregulated",106.231820918203,1.24238696579394,1.87178017592537e-05,3.73582678825375e-05,"Upregulated","Shared_upregulated",3.73582678825375e-05
"ENSG00000264247.3","ENSG00000264247","ZNF407-AS1","lncRNA",60.9697679962212,-1.07667275679258,8.10356355776305e-06,3.87836337777748e-05,"Downregulated",60.9697679962212,-4.79163694495449,2.82079952735919e-38,5.09078788922657e-37,"Downregulated","Shared_downregulated",3.87836337777748e-05
"ENSG00000160051.14","ENSG00000160051","IQCC","protein_coding",17.1593080916256,-1.61318881647382,8.20038297840403e-06,3.92081656624979e-05,"Downregulated",17.1593080916256,-3.0041951489601,3.85153052171031e-11,1.23460252865795e-10,"Downregulated","Shared_downregulated",3.92081656624979e-05
"ENSG00000186272.15","ENSG00000186272","ZNF17","protein_coding",24.5419357683637,-1.17229439831129,8.3044285592905e-06,3.96794522523039e-05,"Downregulated",24.5419357683637,-2.21309218192255,3.33017402297871e-09,9.25957059497458e-09,"Downregulated","Shared_downregulated",3.96794522523039e-05
"ENSG00000162543.8","ENSG00000162543","UBXN10","protein_coding",64.5692779941339,-1.45501605859752,8.42470474394458e-06,4.01878937291787e-05,"Downregulated",64.5692779941339,-3.53839891402061,1.34284105610801e-09,3.85355496734996e-09,"Downregulated","Shared_downregulated",4.01878937291787e-05
"ENSG00000236081.2","ENSG00000236081","ELFN1-AS1","lncRNA",27.5913469966578,-1.41029577664596,8.75186255319426e-06,4.15433973537148e-05,"Downregulated",27.5913469966578,-3.05296283113475,6.29784144364552e-17,3.04329170394501e-16,"Downregulated","Shared_downregulated",4.15433973537148e-05
"ENSG00000143178.13","ENSG00000143178","TBX19","protein_coding",34.3023393723128,1.09310809879503,8.93313787442504e-06,4.23264129033721e-05,"Upregulated",34.3023393723128,1.7452633647181,5.18349063949517e-10,1.53210577906514e-09,"Upregulated","Shared_upregulated",4.23264129033721e-05
"ENSG00000128408.10","ENSG00000128408","RIBC2","protein_coding",19.7045024990244,-1.45753939013498,9.51397982324416e-06,4.483791726779e-05,"Downregulated",19.7045024990244,-5.82757735352114,5.03831708232185e-08,1.26586843198697e-07,"Downregulated","Shared_downregulated",4.483791726779e-05
"ENSG00000158156.10","ENSG00000158156","XKR8","protein_coding",52.2241582666986,1.08901275616098,9.5123819432548e-06,4.483791726779e-05,"Upregulated",52.2241582666986,1.21678837226203,2.52267238515255e-11,8.19882668886089e-11,"Upregulated","Shared_upregulated",4.483791726779e-05
"ENSG00000176410.8","ENSG00000176410","DNAJC30","protein_coding",103.849558252784,-1.01664581569923,9.83121367465378e-06,4.61528825957508e-05,"Downregulated",103.849558252784,-3.31989632273282,8.75428305021589e-35,1.30521676917416e-33,"Downregulated","Shared_downregulated",4.61528825957508e-05
"ENSG00000234912.12","ENSG00000234912","SNHG20","lncRNA",20.1525998809821,-1.69056332999237,7.07161009510693e-07,4.252355746817e-06,"Downregulated",20.1525998809821,-1.30924382424446,2.4516448766262e-05,4.83128060267431e-05,"Downregulated","Shared_downregulated",4.83128060267431e-05
"ENSG00000239900.16","ENSG00000239900","ADSL","protein_coding",30.8069238195218,-1.26970856273581,1.04438527391013e-05,4.87761243619261e-05,"Downregulated",30.8069238195218,-2.20315543253748,7.05118051800556e-12,2.39928875480011e-11,"Downregulated","Shared_downregulated",4.87761243619261e-05
"ENSG00000152669.10","ENSG00000152669","CCNO","protein_coding",93.8767285895963,1.16095075049136,1.07483825132847e-05,5.00692894190041e-05,"Upregulated",93.8767285895963,1.82638440469772,3.95741162117853e-29,4.1528464311455e-28,"Upregulated","Shared_upregulated",5.00692894190041e-05
"ENSG00000145911.9","ENSG00000145911","N4BP3","protein_coding",160.207226585241,1.15308911495702,1.09844353970028e-05,5.10212941581294e-05,"Upregulated",160.207226585241,2.96870404500005,6.74486497909471e-45,1.83734179092182e-43,"Upregulated","Shared_upregulated",5.10212941581294e-05
"ENSG00000143156.16","ENSG00000143156","NME7","protein_coding",37.6293212418415,-1.43829921904812,1.1009920720754e-05,5.11232845514795e-05,"Downregulated",37.6293212418415,-3.16060347550649,1.82060678969852e-13,6.90325316491654e-13,"Downregulated","Shared_downregulated",5.11232845514795e-05
"ENSG00000163617.13","ENSG00000163617","CCDC191","protein_coding",30.498336249167,-1.98111365970712,1.12681302087492e-05,5.21718028706688e-05,"Downregulated",30.498336249167,-2.79580442941616,7.30197133556189e-23,5.16447870155993e-22,"Downregulated","Shared_downregulated",5.21718028706688e-05
"ENSG00000253227.3","ENSG00000253227","LINC03148","lncRNA",17.5575492805121,3.81900016818218,4.59916054682491e-13,7.8228913902097e-12,"Upregulated",17.5575492805121,2.33228106264099,2.68699209491124e-05,5.27354949071692e-05,"Upregulated","Shared_upregulated",5.27354949071692e-05
"ENSG00000019505.9","ENSG00000019505","SYT13","protein_coding",104.733567160213,1.47219167685193,1.94115423432173e-10,2.20291363851139e-09,"Upregulated",104.733567160213,4.43099800895175,2.78865522954983e-05,5.46318264318998e-05,"Upregulated","Shared_upregulated",5.46318264318998e-05
"ENSG00000180626.12","ENSG00000180626","ZNF594","protein_coding",39.9245657988733,-1.22989032436501,1.19018089956051e-05,5.49127717173858e-05,"Downregulated",39.9245657988733,-3.69339206931663,3.35139647223434e-13,1.24886700117305e-12,"Downregulated","Shared_downregulated",5.49127717173858e-05
"ENSG00000099625.16","ENSG00000099625","CBARP","protein_coding",52.1189421832579,1.65287735586784,1.29457635495905e-05,5.93327025176047e-05,"Upregulated",52.1189421832579,1.44003444165037,2.53445276472339e-14,1.02424120095849e-13,"Upregulated","Shared_upregulated",5.93327025176047e-05
"ENSG00000291071.2","ENSG00000291071","FAM86JP","lncRNA",20.5356821798436,-1.43507538400206,1.29777263173508e-05,5.94603888052632e-05,"Downregulated",20.5356821798436,-4.491452567549,1.59808049115421e-12,5.67631923475656e-12,"Downregulated","Shared_downregulated",5.94603888052632e-05
"ENSG00000198556.16","ENSG00000198556","ZNF789","protein_coding",41.7564431734314,-1.27838504071891,5.20351178150289e-06,2.60661226192672e-05,"Downregulated",41.7564431734314,-1.09785236106128,3.24539330954518e-05,6.30374478513989e-05,"Downregulated","Shared_downregulated",6.30374478513989e-05
"ENSG00000116833.16","ENSG00000116833","NR5A2","protein_coding",36.5892861378172,1.90268142046048,1.38245453489729e-05,6.30810173795074e-05,"Upregulated",36.5892861378172,-1.84151748232876,8.33786316623288e-09,2.23804987970081e-08,"Downregulated","Discordant_direction",6.30810173795074e-05
"ENSG00000101104.15","ENSG00000101104","PABPC1L","protein_coding",90.340639160661,-1.38603011256243,1.38558188248661e-05,6.31441906949557e-05,"Downregulated",90.340639160661,-1.72603487231642,5.80046864309353e-19,3.22317452360857e-18,"Downregulated","Shared_downregulated",6.31441906949557e-05
"ENSG00000177406.6","ENSG00000177406","NINJ2-AS1","lncRNA",55.1694760972976,-1.11232528359969,2.55750386500595e-06,1.37119297120482e-05,"Downregulated",55.1694760972976,-1.2063148380366,3.27521390642441e-05,6.35825853073042e-05,"Downregulated","Shared_downregulated",6.35825853073042e-05
"ENSG00000141519.17","ENSG00000141519","CCDC40","protein_coding",15.7621570353854,-1.55195110300169,1.44636064305354e-05,6.5543022011044e-05,"Downregulated",15.7621570353854,-2.14331267770709,2.97859090088401e-07,6.9949342627793e-07,"Downregulated","Shared_downregulated",6.5543022011044e-05
"ENSG00000125459.20","ENSG00000125459","MSTO1","protein_coding",28.0921770208847,-1.33362743750259,1.4491863259225e-05,6.56300257352151e-05,"Downregulated",28.0921770208847,-3.01582947842972,9.93884335344044e-17,4.74263147441748e-16,"Downregulated","Shared_downregulated",6.56300257352151e-05
"ENSG00000166803.16","ENSG00000166803","PCLAF","protein_coding",67.9587912968483,-1.18080698167761,1.48313580008333e-05,6.6958267958902e-05,"Downregulated",67.9587912968483,-1.60376695909418,5.73939306930718e-07,1.31025967801512e-06,"Downregulated","Shared_downregulated",6.6958267958902e-05
"ENSG00000204516.11","ENSG00000204516","MICB","protein_coding",29.0859331437961,2.10611552225667,1.4909707075051e-05,6.72491362999188e-05,"Upregulated",29.0859331437961,3.67811290014595,1.0122762189326e-30,1.1707826787527e-29,"Upregulated","Shared_upregulated",6.72491362999188e-05
"ENSG00000167772.14","ENSG00000167772","ANGPTL4","protein_coding",15.5784108470163,3.7651033498029,2.56316346251633e-11,3.3494467897914e-10,"Upregulated",15.5784108470163,3.29020024235798,3.49295222004823e-05,6.7691713791039e-05,"Upregulated","Shared_upregulated",6.7691713791039e-05
"ENSG00000308820.1","ENSG00000308820","ENSG00000308820","lncRNA",12.535419166247,-1.89451781831654,1.51090064324999e-05,6.79577036684633e-05,"Downregulated",12.535419166247,-6.30601334219921,2.10331116617759e-09,5.94406891970469e-09,"Downregulated","Shared_downregulated",6.79577036684633e-05
"ENSG00000273314.1","ENSG00000273314","ENSG00000273314","lncRNA",22.1255743972537,-1.496548076657,1.53674382726831e-05,6.90129889828706e-05,"Downregulated",22.1255743972537,-3.19971784842258,1.80351640239716e-14,7.38112389255567e-14,"Downregulated","Shared_downregulated",6.90129889828706e-05
"ENSG00000112562.22","ENSG00000112562","SMOC2","protein_coding",12.7828072256315,-1.93849429587339,6.25101771863152e-06,3.07292227877911e-05,"Downregulated",12.7828072256315,-2.55491995377989,3.66094810215006e-05,7.07392798618115e-05,"Downregulated","Shared_downregulated",7.07392798618115e-05
"ENSG00000188878.22","ENSG00000188878","FBF1","protein_coding",18.0676608869386,-1.43672610017943,1.63586728251283e-05,7.30794964801971e-05,"Downregulated",18.0676608869386,-2.16061729487031,1.246563630239e-08,3.29957993231481e-08,"Downregulated","Shared_downregulated",7.30794964801971e-05
"ENSG00000187242.7","ENSG00000187242","KRT12","protein_coding",37.4738636710306,3.06126568121066,1.73299772443629e-05,7.72519317826231e-05,"Upregulated",37.4738636710306,5.71971272314398,9.97559090916558e-37,1.6427984483594e-35,"Upregulated","Shared_upregulated",7.72519317826231e-05
"ENSG00000198948.14","ENSG00000198948","MFAP3L","protein_coding",181.619743170099,1.46987893136548,3.13834346077117e-19,1.12021855747526e-17,"Upregulated",181.619743170099,-1.16777766747109,4.20397501028489e-05,8.09083743015254e-05,"Downregulated","Discordant_direction",8.09083743015254e-05
"ENSG00000137285.12","ENSG00000137285","TUBB2B","protein_coding",157.558469234934,-1.05720420291959,1.83191852714096e-05,8.12864767156362e-05,"Downregulated",157.558469234934,2.03739721863986,9.17671124242458e-25,7.24340410268066e-24,"Upregulated","Discordant_direction",8.12864767156362e-05
"ENSG00000090382.8","ENSG00000090382","LYZ","protein_coding",965.4477366246,1.50019418191493,1.8475604681112e-05,8.19053114220482e-05,"Upregulated",965.4477366246,-1.51869303181229,1.18654654880604e-54,5.40736873751481e-53,"Downregulated","Discordant_direction",8.19053114220482e-05
"ENSG00000123095.8","ENSG00000123095","BHLHE41","protein_coding",317.13358727515,1.40960660752365,1.88054763045465e-05,8.32403673199413e-05,"Upregulated",317.13358727515,1.91484656953265,1.34186632914216e-58,7.87300681859438e-57,"Upregulated","Shared_upregulated",8.32403673199413e-05
"ENSG00000243479.4","ENSG00000243479","MNX1-AS1","lncRNA",37.7850287469456,-1.84937663732024,1.89667108929862e-05,8.38771969060593e-05,"Downregulated",37.7850287469456,-2.94699012284755,2.43207863332064e-31,2.9494295861157e-30,"Downregulated","Shared_downregulated",8.38771969060593e-05
"ENSG00000231770.9","ENSG00000231770","TMEM44-AS1","lncRNA",20.3962427563488,-1.61621417191669,1.92563058870305e-05,8.50540642837081e-05,"Downregulated",20.3962427563488,-4.98801546151604,1.01231360693636e-12,3.63579895705619e-12,"Downregulated","Shared_downregulated",8.50540642837081e-05
"ENSG00000130584.14","ENSG00000130584","ZBTB46","protein_coding",21.1169307124339,3.01538073960779,1.94198082493549e-05,8.56717994367281e-05,"Upregulated",21.1169307124339,1.38918916184653,1.30816117396386e-08,3.45505225680412e-08,"Upregulated","Shared_upregulated",8.56717994367281e-05
"ENSG00000213199.10","ENSG00000213199","ASIC3","protein_coding",40.4617297209252,1.06748557716922,1.98475061051539e-05,8.7452130883518e-05,"Upregulated",40.4617297209252,1.83170665053142,5.57568615603173e-12,1.91249334374466e-11,"Upregulated","Shared_upregulated",8.7452130883518e-05
"ENSG00000176428.8","ENSG00000176428","VPS37D","protein_coding",66.9147307131421,2.53358560410622,1.99386625514965e-05,8.78003943167083e-05,"Upregulated",66.9147307131421,2.84840840899987,1.45828385983993e-30,1.67459981749606e-29,"Upregulated","Shared_upregulated",8.78003943167083e-05
"ENSG00000197461.15","ENSG00000197461","PDGFA","protein_coding",200.797611418199,1.27454762912673,2.00039824604253e-05,8.80345319819263e-05,"Upregulated",200.797611418199,2.98327534515091,7.40495929655322e-34,1.03683739251835e-32,"Upregulated","Shared_upregulated",8.80345319819263e-05
"ENSG00000232368.1","ENSG00000232368","FTLP2","processed_pseudogene",31.3809702421674,1.29848861196378,2.22703112838614e-05,9.69193246623784e-05,"Upregulated",31.3809702421674,2.93450880941264,2.26065510131617e-14,9.18458472898065e-14,"Upregulated","Shared_upregulated",9.69193246623784e-05
"ENSG00000272328.2","ENSG00000272328","ENSG00000272328","lncRNA",21.3052185760187,-1.32588457269534,2.23231761557591e-05,9.71202248121468e-05,"Downregulated",21.3052185760187,-2.87675432905332,3.27142143879962e-14,1.31400885507439e-13,"Downregulated","Shared_downregulated",9.71202248121468e-05
"ENSG00000104537.19","ENSG00000104537","ANXA13","protein_coding",18.0341203514339,-1.72172548257301,2.11794560166744e-08,1.68829855112016e-07,"Downregulated",18.0341203514339,-3.57476113542754,5.24183119771164e-05,0.000100058769385191,"Downregulated","Shared_downregulated",0.000100058769385191
"ENSG00000272189.1","ENSG00000272189","MAP7-AS1","lncRNA",20.6071427919909,-1.34008642904855,2.34810319711651e-05,0.000101730079320217,"Downregulated",20.6071427919909,-4.53219618074336,5.71043662522692e-13,2.09084506247571e-12,"Downregulated","Shared_downregulated",0.000101730079320217
"ENSG00000015520.17","ENSG00000015520","NPC1L1","protein_coding",21.342536656841,1.44266432225906,2.35801984945957e-05,0.000102073670315302,"Upregulated",21.342536656841,6.41358632807654,9.15982567347671e-14,3.55311010867303e-13,"Upregulated","Shared_upregulated",0.000102073670315302
"ENSG00000170271.13","ENSG00000170271","FAXDC2","protein_coding",15.8071509998861,1.67835464952836,2.42260989475218e-05,0.000104551705166017,"Upregulated",15.8071509998861,2.8693481442106,2.36281147527104e-08,6.10589584515475e-08,"Upregulated","Shared_upregulated",0.000104551705166017
"ENSG00000163482.14","ENSG00000163482","STK36","protein_coding",77.6189280199102,-1.0553527547849,2.44265931088471e-05,0.000105322876326514,"Downregulated",77.6189280199102,-1.9928967634304,9.48631257996444e-16,4.24438536303935e-15,"Downregulated","Shared_downregulated",0.000105322876326514
"ENSG00000143942.7","ENSG00000143942","CHAC2","protein_coding",23.3662608773987,-1.28858024465487,2.54523796649758e-05,0.000109420316257736,"Downregulated",23.3662608773987,-3.5531622312422,7.08135776642125e-14,2.76835815351974e-13,"Downregulated","Shared_downregulated",0.000109420316257736
"ENSG00000273142.1","ENSG00000273142","LINC02604","lncRNA",23.2659294338117,-1.74213662998255,2.58653384124213e-05,0.000111063847191944,"Downregulated",23.2659294338117,-3.17102837554559,1.39301594633725e-20,8.54681926093116e-20,"Downregulated","Shared_downregulated",0.000111063847191944
"ENSG00000099992.18","ENSG00000099992","TBC1D10A","protein_coding",76.7802929603304,1.02028981092833,2.84628434050673e-05,0.000120715108758044,"Upregulated",76.7802929603304,1.3185577977533,1.92172663148674e-13,7.27715242840499e-13,"Upregulated","Shared_upregulated",0.000120715108758044
"ENSG00000248049.9","ENSG00000248049","UBA6-DT","lncRNA",50.0980819188446,-1.01780714344631,2.93972272002275e-05,0.000124205427576005,"Downregulated",50.0980819188446,-1.57295816507223,3.67100039241626e-14,1.46840015696651e-13,"Downregulated","Shared_downregulated",0.000124205427576005
"ENSG00000128833.15","ENSG00000128833","MYO5C","protein_coding",621.335598834743,-1.48530570347783,2.97612414360319e-05,0.000125450817594815,"Downregulated",621.335598834743,-2.32542923955271,7.67835412259557e-11,2.40178519198478e-10,"Downregulated","Shared_downregulated",0.000125450817594815
"ENSG00000156313.16","ENSG00000156313","RPGR","protein_coding",51.7588973816653,-1.01821063480619,3.16971329109786e-05,0.000132992139590591,"Downregulated",51.7588973816653,-2.02572350240912,5.29351188767881e-18,2.74959047585094e-17,"Downregulated","Shared_downregulated",0.000132992139590591
"ENSG00000099617.4","ENSG00000099617","EFNA2","protein_coding",35.3538929931506,2.80365009877907,2.07509518456954e-11,2.73882326181983e-10,"Upregulated",35.3538929931506,1.41855956588579,7.10680274961378e-05,0.000133651421551262,"Upregulated","Shared_upregulated",0.000133651421551262
"ENSG00000253669.5","ENSG00000253669","GASAL1","lncRNA",15.6483064760436,-1.29612393507503,3.36487238965785e-05,0.000140610526732761,"Downregulated",15.6483064760436,-3.81674471680047,1.45741564229199e-05,2.94244462079904e-05,"Downregulated","Shared_downregulated",0.000140610526732761
"ENSG00000290927.2","ENSG00000290927","ENSG00000290927","lncRNA",42.2403049167323,-1.1748398261734,3.47003714375318e-05,0.000144588206691406,"Downregulated",42.2403049167323,-2.02305749053165,3.699091014092e-16,1.70127664158113e-15,"Downregulated","Shared_downregulated",0.000144588206691406
"ENSG00000278828.2","ENSG00000278828","H3C10","protein_coding",16.9696077756514,1.33368200827351,3.57651994809419e-05,0.000148682525599757,"Upregulated",16.9696077756514,2.03423461473642,1.0463854223165e-06,2.34196409887423e-06,"Upregulated","Shared_upregulated",0.000148682525599757
"ENSG00000119661.17","ENSG00000119661","DNAL1","protein_coding",58.2907188748812,-1.00101505160046,3.59874838654901e-05,0.000149478537167865,"Downregulated",58.2907188748812,-1.72179350636232,5.33422486750413e-16,2.42559105051364e-15,"Downregulated","Shared_downregulated",0.000149478537167865
"ENSG00000138669.13","ENSG00000138669","PRKG2","protein_coding",22.5038004439369,-1.46684803709689,1.54218496899188e-05,6.92358877652735e-05,"Downregulated",22.5038004439369,-1.54134279614619,8.15022315017757e-05,0.000152344942464044,"Downregulated","Shared_downregulated",0.000152344942464044
"ENSG00000179546.7","ENSG00000179546","HTR1D","protein_coding",57.9119570632481,2.50074646399603,7.20774051289216e-06,3.48763190360044e-05,"Upregulated",57.9119570632481,-1.07780658488442,8.22661122255493e-05,0.000153693502432985,"Downregulated","Discordant_direction",0.000153693502432985
"ENSG00000303745.1","ENSG00000303745","ENSG00000303745","lncRNA",30.1470654174181,2.20485529208979,3.46181539797085e-07,2.1994137986582e-06,"Upregulated",30.1470654174181,1.64716936271459,8.527323649625e-05,0.000159045012008192,"Upregulated","Shared_upregulated",0.000159045012008192
"ENSG00000066735.18","ENSG00000066735","KIF26A","protein_coding",241.739569458498,-1.05943552386782,1.37135629190682e-09,1.34919860029284e-08,"Downregulated",241.739569458498,1.75797714212939,8.75994319491891e-05,0.000163215603986584,"Upregulated","Discordant_direction",0.000163215603986584
"ENSG00000273270.2","ENSG00000273270","LINC03072","lncRNA",21.3502450090265,-1.42262573103704,4.40386081032577e-05,0.000179520145297558,"Downregulated",21.3502450090265,-6.52678866956822,7.4967030847654e-10,2.1872804732116e-09,"Downregulated","Shared_downregulated",0.000179520145297558
"ENSG00000101210.17","ENSG00000101210","EEF1A2","protein_coding",18.3104724631623,1.49044139114421,4.44276326813126e-05,0.000180906224450009,"Upregulated",18.3104724631623,5.14649332985809,8.67270357070406e-09,2.32491343223535e-08,"Upregulated","Shared_upregulated",0.000180906224450009
"ENSG00000169989.5","ENSG00000169989","TIGD4","protein_coding",10.1266968338326,-2.0260322160828,8.95929152983405e-06,4.24168745019128e-05,"Downregulated",10.1266968338326,-2.17942854673788,0.000106098053114877,0.000195669761483939,"Downregulated","Shared_downregulated",0.000195669761483939
"ENSG00000148346.14","ENSG00000148346","LCN2","protein_coding",2059.12878157144,-1.06781968862482,4.9938869057349e-05,0.000200641555414223,"Downregulated",2059.12878157144,-3.94933115120834,1.64899129484058e-51,6.27222620599204e-50,"Downregulated","Shared_downregulated",0.000200641555414223
"ENSG00000134072.13","ENSG00000134072","CAMK1","protein_coding",48.7615643700886,-1.17261411629044,5.02901815011291e-05,0.000201941066864606,"Downregulated",48.7615643700886,-2.13076094830917,2.44623165376364e-14,9.89968978674746e-14,"Downregulated","Shared_downregulated",0.000201941066864606
"ENSG00000186814.17","ENSG00000186814","ZSCAN30","protein_coding",47.2129623735476,-1.16606629452382,5.44684504945877e-05,0.000217214305054366,"Downregulated",47.2129623735476,-1.92291532464667,7.73579633320739e-15,3.25608947025389e-14,"Downregulated","Shared_downregulated",0.000217214305054366
"ENSG00000167680.20","ENSG00000167680","SEMA6B","protein_coding",9.07520239074659,4.48035656888794,5.67076712225762e-05,0.00022521446186834,"Upregulated",9.07520239074659,4.30965173280357,6.69979504185642e-11,2.1061481506851e-10,"Upregulated","Shared_upregulated",0.00022521446186834
"ENSG00000139567.16","ENSG00000139567","ACVRL1","protein_coding",53.9354393474779,1.20281650944862,5.878830437394e-05,0.000232573649681252,"Upregulated",53.9354393474779,-1.47845143087868,1.13207361154897e-07,2.76988194809517e-07,"Downregulated","Discordant_direction",0.000232573649681252
"ENSG00000274386.6","ENSG00000274386","TMEM269","protein_coding",16.8233667889512,1.62366866485961,5.89146797684922e-05,0.00023295812802319,"Upregulated",16.8233667889512,5.33788372441971,1.64517085574864e-14,6.75405553583832e-14,"Upregulated","Shared_upregulated",0.00023295812802319
"ENSG00000134864.13","ENSG00000134864","GGACT","protein_coding",49.158130403464,-1.02987743877914,5.95543366822849e-05,0.000235358998418237,"Downregulated",49.158130403464,-4.25852194714447,1.64880785589567e-21,1.07536109125293e-20,"Downregulated","Shared_downregulated",0.000235358998418237
"ENSG00000165449.14","ENSG00000165449","SLC16A9","protein_coding",73.7113279409026,-1.07735571465738,6.00128943476373e-05,0.000237041936463876,"Downregulated",73.7113279409026,-1.21882924256282,9.99459072907699e-06,2.05274388953775e-05,"Downregulated","Shared_downregulated",0.000237041936463876
"ENSG00000266094.10","ENSG00000266094","RASSF5","protein_coding",24.7324988945061,1.41943181693835,6.03587889527093e-05,0.000238213390387435,"Upregulated",24.7324988945061,3.83590270999538,1.1108218430001e-20,6.86483161993922e-20,"Upregulated","Shared_upregulated",0.000238213390387435
"ENSG00000179029.17","ENSG00000179029","TMEM107","protein_coding",33.0744259964353,-1.43179412822614,6.20999330686382e-05,0.000244685217517864,"Downregulated",33.0744259964353,-1.59552993859135,1.76572753373347e-09,5.0213742972656e-09,"Downregulated","Shared_downregulated",0.000244685217517864
"ENSG00000188001.12","ENSG00000188001","TPRG1","protein_coding",23.2645584216056,-1.2766355593453,6.27103706813613e-05,0.000246755007307708,"Downregulated",23.2645584216056,-1.56208574956846,2.89005405107862e-07,6.79141613559775e-07,"Downregulated","Shared_downregulated",0.000246755007307708
"ENSG00000060566.16","ENSG00000060566","CREB3L3","protein_coding",16.1351210886916,1.86614895427246,7.55167264124714e-06,3.63825930574979e-05,"Upregulated",16.1351210886916,4.30751090145868,0.000142486200861772,0.000259378221691847,"Upregulated","Shared_upregulated",0.000259378221691847
"ENSG00000102575.16","ENSG00000102575","ACP5","protein_coding",7.67129320492242,2.02773829138172,2.66043934309215e-05,0.000113698280625454,"Upregulated",7.67129320492242,4.12540984374758,0.000143298137237957,0.000260725248569048,"Upregulated","Shared_upregulated",0.000260725248569048
"ENSG00000291106.2","ENSG00000291106","SNHG33","lncRNA",20.5899960270095,-1.06164274592993,5.13939270742674e-05,0.000205746074906155,"Downregulated",20.5899960270095,-1.99841788161763,0.000146755272373062,0.000266780909085602,"Downregulated","Shared_downregulated",0.000266780909085602
"ENSG00000149292.19","ENSG00000149292","TTC12","protein_coding",54.0049896126717,-1.10003942750224,7.390917467406e-05,0.000286158631946695,"Downregulated",54.0049896126717,-2.76862967928268,2.35153673625345e-21,1.51729609892186e-20,"Downregulated","Shared_downregulated",0.000286158631946695
"ENSG00000247081.9","ENSG00000247081","BAALC-AS1","lncRNA",26.31120777548,-1.07379533623132,7.44761124922412e-05,0.000287815419263349,"Downregulated",26.31120777548,-4.07930471912444,1.17845184276016e-10,3.64216764881218e-10,"Downregulated","Shared_downregulated",0.000287815419263349
"ENSG00000148824.21","ENSG00000148824","MTG1","protein_coding",30.1764763448458,-1.02071754667207,7.73960997194354e-05,0.00029751307085784,"Downregulated",30.1764763448458,-2.54079190507456,6.83648427481105e-14,2.68058252463641e-13,"Downregulated","Shared_downregulated",0.00029751307085784
"ENSG00000291046.2","ENSG00000291046","ENSG00000291046","lncRNA",18.2652383331597,-1.41358252013673,7.77504420691176e-05,0.000298558401289256,"Downregulated",18.2652383331597,-1.61067629678018,8.48262228833043e-06,1.75313979182094e-05,"Downregulated","Shared_downregulated",0.000298558401289256
"ENSG00000151136.15","ENSG00000151136","ABTB3","protein_coding",14.0744479545869,-1.35273259544445,7.78194590623665e-05,0.00029874426509452,"Downregulated",14.0744479545869,4.731152894599,2.39749828757838e-05,4.7316553429914e-05,"Upregulated","Discordant_direction",0.00029874426509452
"ENSG00000124635.12","ENSG00000124635","H2BC11","protein_coding",53.1206026234874,1.28858435430591,7.9422654158019e-05,0.000304254058698919,"Upregulated",53.1206026234874,2.62279670235378,1.51986619016481e-14,6.25913635347214e-14,"Upregulated","Shared_upregulated",0.000304254058698919
"ENSG00000173706.16","ENSG00000173706","HEG1","protein_coding",29.7035288881957,1.46182670201968,8.12105759668368e-05,0.000310446759934423,"Upregulated",29.7035288881957,2.11249806735827,6.13151372165277e-09,1.66462901562743e-08,"Upregulated","Shared_upregulated",0.000310446759934423
"ENSG00000100060.20","ENSG00000100060","MFNG","protein_coding",29.2139409529804,-1.00732450757445,8.31128960469055e-05,0.000317227822141635,"Downregulated",29.2139409529804,2.04910169813264,9.96601198665418e-13,3.58202990353652e-12,"Upregulated","Discordant_direction",0.000317227822141635
"ENSG00000222033.1","ENSG00000222033","LINC01124","lncRNA",62.0464184266,-1.214914010361,8.33166249040297e-05,0.000317860422745527,"Downregulated",62.0464184266,-6.12551361405951,9.93166926433082e-09,2.64674054760357e-08,"Downregulated","Shared_downregulated",0.000317860422745527
"ENSG00000227376.1","ENSG00000227376","FTH1P16","processed_pseudogene",14.371841404128,1.80703799912089,8.59440975504555e-05,0.000326989199711526,"Upregulated",14.371841404128,2.07585293508957,1.75587524961863e-06,3.84847914662329e-06,"Upregulated","Shared_upregulated",0.000326989199711526
"ENSG00000175279.23","ENSG00000175279","CENPS","protein_coding",17.2969505223427,-1.32306812100007,8.60673404828338e-05,0.0003273721517788,"Downregulated",17.2969505223427,-3.63040069935309,2.68673454500576e-07,6.33520290045939e-07,"Downregulated","Shared_downregulated",0.0003273721517788
"ENSG00000306000.1","ENSG00000306000","ENSG00000306000","lncRNA",10.902124254923,2.70876872471961,8.93682831045957e-05,0.000338949269497985,"Upregulated",10.902124254923,1.84289387848266,3.06685592281873e-06,6.58052650777155e-06,"Upregulated","Shared_upregulated",0.000338949269497985
"ENSG00000118804.10","ENSG00000118804","STBD1","protein_coding",24.0292207408247,1.35867267729561,9.0375572477787e-05,0.000342411188587736,"Upregulated",24.0292207408247,2.13685810841771,1.07111515519279e-14,4.45465244760415e-14,"Upregulated","Shared_upregulated",0.000342411188587736
"ENSG00000224417.2","ENSG00000224417","ENSG00000224417","lncRNA",25.5434918237504,-1.3170592555217,9.25828702821842e-07,5.40141286686559e-06,"Downregulated",25.5434918237504,-3.8741494885435,0.000197521591983824,0.000353961037594853,"Downregulated","Shared_downregulated",0.000353961037594853
"ENSG00000118762.10","ENSG00000118762","PKD2","protein_coding",38.2841991803989,-1.26784816550108,9.41272392317416e-05,0.000355047358393128,"Downregulated",38.2841991803989,-2.65753546481815,1.62132934173693e-28,1.64080340924941e-27,"Downregulated","Shared_downregulated",0.000355047358393128
"ENSG00000255240.7","ENSG00000255240","GLYATL1-AS1","lncRNA",8.56052567332802,-2.1906252425351,9.76923283503033e-05,0.000367442829600985,"Downregulated",8.56052567332802,-3.94731971067899,6.5981918299697e-07,1.49782261904638e-06,"Downregulated","Shared_downregulated",0.000367442829600985
"ENSG00000156239.14","ENSG00000156239","HEMK2","protein_coding",33.1190240037757,-1.14943123430417,9.79727057681841e-05,0.000368401777891158,"Downregulated",33.1190240037757,-2.65016627416772,8.62731619927184e-21,5.37519631813618e-20,"Downregulated","Shared_downregulated",0.000368401777891158
"ENSG00000279806.1","ENSG00000279806","ENSG00000279806","TEC",73.6355933182148,-1.27362798021976,9.93731591167294e-05,0.000373313023641581,"Downregulated",73.6355933182148,-1.92529399563745,3.62839522526925e-06,7.74642068423718e-06,"Downregulated","Shared_downregulated",0.000373313023641581
"ENSG00000178301.6","ENSG00000178301","AQP11","protein_coding",25.4163249729252,1.09536800720667,7.08832436419538e-05,0.000275473308355912,"Upregulated",25.4163249729252,1.03475928755078,0.000213623158417702,0.000381729569887712,"Upregulated","Shared_upregulated",0.000381729569887712
"ENSG00000173137.14","ENSG00000173137","ADCK5","protein_coding",73.3932198769785,-1.15325626137303,0.000104969113943819,0.000392570941748082,"Downregulated",73.3932198769785,-2.43477592781855,4.04261104852073e-11,1.29413561553264e-10,"Downregulated","Shared_downregulated",0.000392570941748082
"ENSG00000140968.14","ENSG00000140968","IRF8","protein_coding",406.296542202711,1.67499218044738,9.48261676674798e-07,5.52117646378914e-06,"Upregulated",406.296542202711,1.254996137168,0.000228050377756629,0.000406107898064521,"Upregulated","Shared_upregulated",0.000406107898064521
"ENSG00000078487.20","ENSG00000078487","ZCWPW1","protein_coding",14.8381128348383,-1.57576712309244,0.000112947537859491,0.000419271444328829,"Downregulated",14.8381128348383,-1.75817167839986,0.000190555141002146,0.000342178861740038,"Downregulated","Shared_downregulated",0.000419271444328829
"ENSG00000183671.14","ENSG00000183671","CMKLR2","protein_coding",5.38417828024931,-3.63345230469639,4.73696377156138e-06,2.39191912813476e-05,"Downregulated",5.38417828024931,-4.23011919826777,0.000240417107615999,0.000427185473709055,"Downregulated","Shared_downregulated",0.000427185473709055
"ENSG00000138646.11","ENSG00000138646","HERC5","protein_coding",11.363336249568,2.04127451805064,0.000115656611378629,0.000428778616551317,"Upregulated",11.363336249568,2.22879237314621,2.65406139954867e-06,5.72957810252633e-06,"Upregulated","Shared_upregulated",0.000428778616551317
"ENSG00000231412.4","ENSG00000231412","LINC03078","lncRNA",162.664387875128,4.20623215341277,0.000119148148995044,0.000440146565188932,"Upregulated",162.664387875128,2.30905179196059,4.20181353697536e-11,1.34331969507714e-10,"Upregulated","Shared_upregulated",0.000440146565188932
"ENSG00000136167.17","ENSG00000136167","LCP1","protein_coding",14.7663919031068,3.50609129537818,0.00012083670878397,0.000445589207047656,"Upregulated",14.7663919031068,2.38871140327638,1.63256640742967e-10,5.0072280161843e-10,"Upregulated","Shared_upregulated",0.000445589207047656
"ENSG00000184154.18","ENSG00000184154","LRRC51","protein_coding",14.2110050291647,-1.83697371278871,0.000124154455331607,0.000457009491152057,"Downregulated",14.2110050291647,-2.38822024741437,7.02977039156087e-09,1.89678321177547e-08,"Downregulated","Shared_downregulated",0.000457009491152057
"ENSG00000272275.1","ENSG00000272275","ENSG00000272275","lncRNA",16.5980620913657,1.36916638337594,0.000124850417236639,0.000459454608073481,"Upregulated",16.5980620913657,2.83070608666132,1.09022925612542e-08,2.89502381204075e-08,"Upregulated","Shared_upregulated",0.000459454608073481
"ENSG00000125845.9","ENSG00000125845","BMP2","protein_coding",75.8718202004535,2.76537899592671,1.29812140762636e-09,1.28179931559937e-08,"Upregulated",75.8718202004535,1.04057655654065,0.000268621429483344,0.00047508960772453,"Upregulated","Shared_upregulated",0.00047508960772453
"ENSG00000100479.16","ENSG00000100479","POLE2","protein_coding",31.209127119908,-1.15355339163158,0.000132833881133827,0.000484893855262321,"Downregulated",31.209127119908,-2.32808067675459,7.16826034114021e-09,1.93305598927808e-08,"Downregulated","Shared_downregulated",0.000484893855262321
"ENSG00000116885.20","ENSG00000116885","OSCP1","protein_coding",10.8346154247461,-2.23165569830485,0.000136740904128076,0.000497901804679418,"Downregulated",10.8346154247461,-3.65089088656419,3.38260696298047e-10,1.01324390466129e-09,"Downregulated","Shared_downregulated",0.000497901804679418
"ENSG00000229404.7","ENSG00000229404","LINC00858","lncRNA",12.739566595316,-1.74469462494996,0.00013745932877475,0.000500266346711121,"Downregulated",12.739566595316,-3.22692907297108,1.55239879978384e-10,4.76942196448322e-10,"Downregulated","Shared_downregulated",0.000500266346711121
"ENSG00000136383.9","ENSG00000136383","ALPK3","protein_coding",30.2959301902,1.75309164508777,5.89945593589671e-13,9.87239208117957e-12,"Upregulated",30.2959301902,1.25452654832257,0.000284500310667279,0.000501823089361027,"Upregulated","Shared_upregulated",0.000501823089361027
"ENSG00000287222.2","ENSG00000287222","ENSG00000287222","lncRNA",22.0637429936931,-1.27988458437257,0.0001390960581367,0.000505461402837776,"Downregulated",22.0637429936931,-3.52746667634211,4.51711580732368e-11,1.43999213109843e-10,"Downregulated","Shared_downregulated",0.000505461402837776
"ENSG00000105519.19","ENSG00000105519","CAPS","protein_coding",80.5197239209317,2.16435223883819,8.15457007759557e-24,4.80390364083394e-22,"Upregulated",80.5197239209317,-1.12275996932223,0.000291430143599896,0.000513296747818387,"Downregulated","Discordant_direction",0.000513296747818387
"ENSG00000111700.15","ENSG00000111700","SLCO1B3","protein_coding",159.411402668026,-1.14378493288848,0.000141512147212278,0.000513340184580809,"Downregulated",159.411402668026,-2.51984912484486,8.10477178199707e-85,1.48676395778103e-82,"Downregulated","Shared_downregulated",0.000513340184580809
"ENSG00000267259.3","ENSG00000267259","ERVE-1","lncRNA",63.3777156120953,-1.16369543823841,0.000143933044061443,0.000521129553702142,"Downregulated",63.3777156120953,-1.0810627270937,9.38510358660268e-08,2.30993412325146e-07,"Downregulated","Shared_downregulated",0.000521129553702142
"ENSG00000251191.9","ENSG00000251191","LINC00589","lncRNA",12.7133526382392,-2.65187404742704,0.000144136447296596,0.000521554405548631,"Downregulated",12.7133526382392,-1.65037740357073,3.0110323860378e-05,5.87451283501075e-05,"Downregulated","Shared_downregulated",0.000521554405548631
"ENSG00000114670.16","ENSG00000114670","NEK11","protein_coding",25.0826578894974,-1.05461188458875,0.000145676281737768,0.000526206549088667,"Downregulated",25.0826578894974,-2.25748598823225,0.000132456508892376,0.00024181906360145,"Downregulated","Shared_downregulated",0.000526206549088667
"ENSG00000297695.1","ENSG00000297695","ENSG00000297695","lncRNA",11.7226413072453,3.14036078416493,0.000145849840266831,0.000526570972881642,"Upregulated",11.7226413072453,3.86194124158756,8.21531887613487e-13,2.96898755992385e-12,"Upregulated","Shared_upregulated",0.000526570972881642
"ENSG00000172602.12","ENSG00000172602","RND1","protein_coding",30.8144817004766,1.09828284079843,0.000150215732517282,0.00054071693880786,"Upregulated",30.8144817004766,3.24636423575772,6.34732428065106e-14,2.4941817645118e-13,"Upregulated","Shared_upregulated",0.00054071693880786
"ENSG00000127578.7","ENSG00000127578","WFIKKN1","protein_coding",19.3153522144219,2.04133195062461,4.43031745035232e-10,4.77709527459121e-09,"Upregulated",19.3153522144219,1.54753314913972,0.000309784020141844,0.000543509687638693,"Upregulated","Shared_upregulated",0.000543509687638693
"ENSG00000174469.23","ENSG00000174469","CNTNAP2","protein_coding",18.1836360336586,-1.76206395465142,1.62986195435754e-09,1.58204684812789e-08,"Downregulated",18.1836360336586,-2.55647142528858,0.000319970794869917,0.000560567790045313,"Downregulated","Shared_downregulated",0.000560567790045313
"ENSG00000267475.4","ENSG00000267475","NUDT19-DT","lncRNA",11.8447758009805,-1.47261757452983,5.78383724132528e-05,0.000229265233318616,"Downregulated",11.8447758009805,-1.95905299285673,0.000339756082963753,0.000594009549319666,"Downregulated","Shared_downregulated",0.000594009549319666
"ENSG00000185275.6","ENSG00000185275","CD24P4","processed_pseudogene",29.7153265089441,1.85134936127748,1.6211507977287e-09,1.57531404314666e-08,"Upregulated",29.7153265089441,1.58353663680803,0.000343867291534445,0.000600617667701238,"Upregulated","Shared_upregulated",0.000600617667701238
"ENSG00000115844.12","ENSG00000115844","DLX2","protein_coding",11.1196994362467,1.44203349500032,0.000177382943067788,0.00063083033397261,"Upregulated",11.1196994362467,2.0269033107037,0.000111988370222205,0.000206008563247042,"Upregulated","Shared_upregulated",0.00063083033397261
"ENSG00000100373.12","ENSG00000100373","UPK3A","protein_coding",25.0761913825202,1.32472197055457,0.000186379061743296,0.000659586169177986,"Upregulated",25.0761913825202,2.31214635893159,8.12324939649044e-10,2.36200100830537e-09,"Upregulated","Shared_upregulated",0.000659586169177986
"ENSG00000221990.5","ENSG00000221990","EXOC3-AS1","lncRNA",10.3072495576746,-1.95396130781382,0.000194177174241416,0.000684841958896714,"Downregulated",10.3072495576746,-4.55302965425468,6.46056227387062e-07,1.46795968129403e-06,"Downregulated","Shared_downregulated",0.000684841958896714
"ENSG00000104381.16","ENSG00000104381","GDAP1","protein_coding",35.0740339323554,-1.30411318359256,0.000216394970402673,0.000755297666444012,"Downregulated",35.0740339323554,-3.09624281746209,1.42123115316067e-13,5.43012967877787e-13,"Downregulated","Shared_downregulated",0.000755297666444012
"ENSG00000134253.10","ENSG00000134253","TRIM45","protein_coding",22.1204939642163,-1.07868632520619,0.000219108256159106,0.000763480848342815,"Downregulated",22.1204939642163,-2.65468536709067,6.6534089500212e-09,1.79890303178558e-08,"Downregulated","Shared_downregulated",0.000763480848342815
"ENSG00000176928.9","ENSG00000176928","GCNT4","protein_coding",7.51463839795645,3.15453983959452,7.25940062851445e-07,4.34903819381693e-06,"Upregulated",7.51463839795645,2.3442262270895,0.000443181795351631,0.00076450310418234,"Upregulated","Shared_upregulated",0.00076450310418234
"ENSG00000248690.9","ENSG00000248690","HAS2-AS1","lncRNA",17.7389349969574,-1.60357255142124,1.25023851460148e-06,7.10527707984494e-06,"Downregulated",17.7389349969574,-1.12847984416041,0.000464269527091244,0.000798693493186883,"Downregulated","Shared_downregulated",0.000798693493186883
"ENSG00000177679.17","ENSG00000177679","SRRM3","protein_coding",16.4500818519019,4.38047646480024,4.98141597862286e-05,0.000200259452132358,"Upregulated",16.4500818519019,1.28614726178326,0.000472114983085922,0.000811612139369061,"Upregulated","Shared_upregulated",0.000811612139369061
"ENSG00000273802.4","ENSG00000273802","H2BC8","protein_coding",23.5628512918343,1.15104736263139,0.000242669736368758,0.000835932925946291,"Upregulated",23.5628512918343,1.88496739941217,8.98216147703844e-09,2.4043125992841e-08,"Upregulated","Shared_upregulated",0.000835932925946291
"ENSG00000197696.11","ENSG00000197696","NMB","protein_coding",78.3357186701034,1.02448627498421,0.000246761205385415,0.000848816375135397,"Upregulated",78.3357186701034,1.71001758864074,3.35552099399021e-13,1.25008252557599e-12,"Upregulated","Shared_upregulated",0.000848816375135397
"ENSG00000128564.10","ENSG00000128564","VGF","protein_coding",25.9855531609292,-1.08458644877485,0.000248899386061476,0.000855562121158187,"Downregulated",25.9855531609292,-1.36963372964,1.97121582316853e-07,4.71478126908043e-07,"Downregulated","Shared_downregulated",0.000855562121158187
"ENSG00000149050.12","ENSG00000149050","ZNF214","protein_coding",22.9276227276123,-1.05105312736634,0.000249926874349368,0.000858140679556023,"Downregulated",22.9276227276123,-3.67370608144356,2.16552240905856e-06,4.70929633134404e-06,"Downregulated","Shared_downregulated",0.000858140679556023
"ENSG00000293313.2","ENSG00000293313","ZNF37BP","lncRNA",34.9266996022536,-1.33054898696186,0.000253673413411249,0.000870320811353177,"Downregulated",34.9266996022536,-4.3619127844215,8.31854622467225e-16,3.74386248099224e-15,"Downregulated","Shared_downregulated",0.000870320811353177
"ENSG00000173928.6","ENSG00000173928","SWSAP1","protein_coding",26.0500394936076,-1.04888737603264,0.000257397226682881,0.000880179473593278,"Downregulated",26.0500394936076,-2.00957478006467,6.58824784588872e-09,1.78294841797608e-08,"Downregulated","Shared_downregulated",0.000880179473593278
"ENSG00000235106.13","ENSG00000235106","BRD3OS","protein_coding",77.1963831470821,-1.15397638310387,0.00026542849744324,0.000904441520091097,"Downregulated",77.1963831470821,-3.21829276023508,7.87628164290652e-22,5.25520596542363e-21,"Downregulated","Shared_downregulated",0.000904441520091097
"ENSG00000249743.9","ENSG00000249743","ENSG00000249743","lncRNA",10.4355099729173,-1.67845547479316,0.000265915026199142,0.000905886356294773,"Downregulated",10.4355099729173,-3.59893665383457,6.87325710916189e-07,1.5592868194423e-06,"Downregulated","Shared_downregulated",0.000905886356294773
"ENSG00000129646.17","ENSG00000129646","QRICH2","protein_coding",16.3358876407149,-1.31257695353783,0.000270362210776216,0.000918230409788825,"Downregulated",16.3358876407149,-1.73766931749688,1.74997666426944e-05,3.50140298475669e-05,"Downregulated","Shared_downregulated",0.000918230409788825
"ENSG00000108576.12","ENSG00000108576","SLC6A4","protein_coding",42.2074170072391,1.56100160933186,1.16977236140521e-09,1.16191508303525e-08,"Upregulated",42.2074170072391,1.3738297062947,0.000537514135316221,0.000918808073720532,"Upregulated","Shared_upregulated",0.000918808073720532
"ENSG00000140057.11","ENSG00000140057","AK7","protein_coding",20.0155705440033,1.33342269527912,0.000271497853588961,0.000921223810398318,"Upregulated",20.0155705440033,1.34777528586708,1.05520580110567e-05,2.1598930041841e-05,"Upregulated","Shared_upregulated",0.000921223810398318
"ENSG00000287828.2","ENSG00000287828","ENSG00000287828","lncRNA",266.119787832606,-1.57034598984694,1.38827123548455e-07,9.51244763340054e-07,"Downregulated",266.119787832606,-3.80601041659693,0.000553113546324299,0.000944359273483946,"Downregulated","Shared_downregulated",0.000944359273483946
"ENSG00000170498.12","ENSG00000170498","KISS1","protein_coding",18.3774446755554,1.44927058284917,0.00028468029354318,0.000959438793959946,"Upregulated",18.3774446755554,3.65335533049602,8.78512465395152e-12,2.96354810253877e-11,"Upregulated","Shared_upregulated",0.000959438793959946
"ENSG00000274425.1","ENSG00000274425","ENSG00000274425","lncRNA",23.0555972618986,-1.13992608480203,0.000285828661062093,0.000963085086285016,"Downregulated",23.0555972618986,-3.96865166962976,5.68329667984276e-11,1.79948296885037e-10,"Downregulated","Shared_downregulated",0.000963085086285016
"ENSG00000258744.4","ENSG00000258744","ENSG00000258744","lncRNA",11.9850395664734,-1.50037500049791,0.00029292233361007,0.000984072345527646,"Downregulated",11.9850395664734,-2.99415361935124,1.08433216397945e-05,2.21544363744398e-05,"Downregulated","Shared_downregulated",0.000984072345527646
"ENSG00000289858.1","ENSG00000289858","ENSG00000289858","lncRNA",21.074031085498,-1.10910390802213,0.00029942409402072,0.00100352774527018,"Downregulated",21.074031085498,-3.1613595401306,1.30107564620851e-11,4.33054392853782e-11,"Downregulated","Shared_downregulated",0.00100352774527018
"ENSG00000197757.9","ENSG00000197757","HOXC6","protein_coding",22.842000994774,-1.17761292587461,3.3255129370979e-06,1.7385762440268e-05,"Downregulated",22.842000994774,-2.68710687691042,0.00059097167825605,0.00100532475188246,"Downregulated","Shared_downregulated",0.00100532475188246
"ENSG00000171227.9","ENSG00000171227","TMEM37","protein_coding",43.8568716388674,1.90364827259869,1.42051170655116e-10,1.64556799770898e-09,"Upregulated",43.8568716388674,-1.2606223053186,0.000593043123047088,0.00100873015718291,"Downregulated","Discordant_direction",0.00100873015718291
"ENSG00000196220.18","ENSG00000196220","SRGAP3","protein_coding",13.2303768472402,1.52298750159038,0.000312813384553873,0.00104285520334822,"Upregulated",13.2303768472402,1.73845775574341,0.000250761452615592,0.000444965712171564,"Upregulated","Shared_upregulated",0.00104285520334822
"ENSG00000291068.2","ENSG00000291068","ENSG00000291068","lncRNA",11.0638359041614,-2.00181731671956,0.000318077767323585,0.00105967425380538,"Downregulated",11.0638359041614,-1.7640878958891,2.61206886175637e-05,5.13345564748757e-05,"Downregulated","Shared_downregulated",0.00105967425380538
"ENSG00000131171.15","ENSG00000131171","SH3BGRL","protein_coding",41.1956275052464,-1.58476086779495,0.000319879352245141,0.00106494178101001,"Downregulated",41.1956275052464,-1.14856151648448,5.11461273852735e-09,1.39613802612052e-08,"Downregulated","Shared_downregulated",0.00106494178101001
"ENSG00000162383.13","ENSG00000162383","SLC1A7","protein_coding",12.2419704109469,2.41914633412087,7.75004515236427e-08,5.52996821014589e-07,"Upregulated",12.2419704109469,2.35940850729915,0.000642273499585662,0.00108863480187081,"Upregulated","Shared_upregulated",0.00108863480187081
"ENSG00000136450.14","ENSG00000136450","SRSF1","protein_coding",665.534642601238,-1.17682771013077,0.000329535009246134,0.00109457285216479,"Downregulated",665.534642601238,-2.50288639882478,3.40401959770539e-14,1.36499867210699e-13,"Downregulated","Shared_downregulated",0.00109457285216479
"ENSG00000236859.9","ENSG00000236859","NIFK-AS1","lncRNA",27.2281948672687,-1.24318487286585,0.000336140332923887,0.0011140169222666,"Downregulated",27.2281948672687,-2.11221132169458,2.16091919953439e-09,6.09854742739092e-09,"Downregulated","Shared_downregulated",0.0011140169222666
"ENSG00000198933.13","ENSG00000198933","TBKBP1","protein_coding",130.296218148755,2.20562015526829,0.000338535795791579,0.00112112905681252,"Upregulated",130.296218148755,2.3521886157829,2.1750298632113e-61,1.47292209241393e-59,"Upregulated","Shared_upregulated",0.00112112905681252
"ENSG00000197363.13","ENSG00000197363","ZNF517","protein_coding",27.4464375043416,-1.0260380859471,0.000341044696621884,0.00112814876590832,"Downregulated",27.4464375043416,-2.26850684326082,1.05395815990828e-12,3.77694402902838e-12,"Downregulated","Shared_downregulated",0.00112814876590832
"ENSG00000162086.18","ENSG00000162086","ZNF75A","protein_coding",34.0874972463991,-1.15379802027466,0.000343227914724405,0.00113433499206068,"Downregulated",34.0874972463991,-2.62353279502668,2.83914655685166e-10,8.57364282181585e-10,"Downregulated","Shared_downregulated",0.00113433499206068
"ENSG00000143494.18","ENSG00000143494","VASH2","protein_coding",23.3249185643616,1.19006044440299,0.000347647354601432,0.00114763222389156,"Upregulated",23.3249185643616,1.63117853623245,1.73563133395587e-09,4.94160496889755e-09,"Upregulated","Shared_upregulated",0.00114763222389156
"ENSG00000232931.7","ENSG00000232931","LINC00342","lncRNA",16.4457262604311,-1.36134928997955,0.00036192956238657,0.00118909163865477,"Downregulated",16.4457262604311,-3.63698888145883,2.98266141278573e-12,1.04055679330984e-11,"Downregulated","Shared_downregulated",0.00118909163865477
"ENSG00000105696.11","ENSG00000105696","TMEM59L","protein_coding",13.1799632787291,2.9317912713653,0.000363412674506178,0.00119342317673771,"Upregulated",13.1799632787291,7.50500124593924,1.91500120036767e-12,6.75729179345711e-12,"Upregulated","Shared_upregulated",0.00119342317673771
"ENSG00000133943.23","ENSG00000133943","DGLUCY","protein_coding",13.0020294287371,-1.55695828469367,0.000366645109401523,0.00120317634133117,"Downregulated",13.0020294287371,-3.42062261915449,3.67201184948426e-11,1.17940593357105e-10,"Downregulated","Shared_downregulated",0.00120317634133117
"ENSG00000197576.16","ENSG00000197576","HOXA4","protein_coding",24.1727993590424,1.52174803687656,0.000366714732242601,0.00120317634133117,"Upregulated",24.1727993590424,3.45837467674089,1.508904564954e-13,5.75600025146442e-13,"Upregulated","Shared_upregulated",0.00120317634133117
"ENSG00000134954.16","ENSG00000134954","ETS1","protein_coding",50.7088161405728,1.51186788936116,0.000395828501236073,0.00128646482168943,"Upregulated",50.7088161405728,1.92657125506653,1.28837120625883e-13,4.93813158452869e-13,"Upregulated","Shared_upregulated",0.00128646482168943
"ENSG00000261211.3","ENSG00000261211","ENSG00000261211","lncRNA",10.4063813867809,-1.45605347138532,0.000398842589267291,0.00129567962422362,"Downregulated",10.4063813867809,-4.75330290111487,4.86417953191422e-06,1.02682723636564e-05,"Downregulated","Shared_downregulated",0.00129567962422362
"ENSG00000238249.2","ENSG00000238249","HMGN2P17","processed_pseudogene",27.1402677977076,-1.45395015280796,4.45172747711321e-08,3.31864375505786e-07,"Downregulated",27.1402677977076,-1.1862504036715,0.000773337734789425,0.00130044215044887,"Downregulated","Shared_downregulated",0.00130044215044887
"ENSG00000135929.11","ENSG00000135929","CYP27A1","protein_coding",59.7493765401197,1.06816907550671,0.000405713919345274,0.00131329151645113,"Upregulated",59.7493765401197,1.62167193529797,1.68632540756015e-19,9.6938626760657e-19,"Upregulated","Shared_upregulated",0.00131329151645113
"ENSG00000198832.12","ENSG00000198832","SELENOM","protein_coding",36.7245331071595,1.47079443973448,0.000406250404695638,0.00131473444949736,"Upregulated",36.7245331071595,3.71530744841582,5.47563424426189e-36,8.72009796349927e-35,"Upregulated","Shared_upregulated",0.00131473444949736
"ENSG00000239779.9","ENSG00000239779","WBP1","protein_coding",30.9440057816942,1.2369804976513,0.000407069853192337,0.001316798284032,"Upregulated",30.9440057816942,1.02964894056191,0.000415307216994077,0.000718986045714749,"Upregulated","Shared_upregulated",0.001316798284032
"ENSG00000234975.6","ENSG00000234975","FTH1P2","processed_pseudogene",13.3046464856529,2.29483632934485,2.11218749291452e-05,9.24768010492966e-05,"Upregulated",13.3046464856529,1.67308583043656,0.000801055336659694,0.00134377751347057,"Upregulated","Shared_upregulated",0.00134377751347057
"ENSG00000128849.13","ENSG00000128849","CGNL1","protein_coding",58.5037175437785,1.22679879366347,0.000429838663293512,0.00138427153521102,"Upregulated",58.5037175437785,3.15779478944216,3.04065907007827e-29,3.2211426347642e-28,"Upregulated","Shared_upregulated",0.00138427153521102
"ENSG00000230513.5","ENSG00000230513","THAP7-AS1","lncRNA",9.38611704216704,-1.60130327021332,0.000437075389612569,0.00140695169841523,"Downregulated",9.38611704216704,-2.8384868482235,3.6230619628558e-05,7.00539212350985e-05,"Downregulated","Shared_downregulated",0.00140695169841523
"ENSG00000257135.9","ENSG00000257135","ODC1-DT","lncRNA",24.292928271739,-1.26636780332263,0.000448924036740043,0.00143933786292847,"Downregulated",24.292928271739,-2.26124104005724,8.62752849926702e-16,3.87570189123923e-15,"Downregulated","Shared_downregulated",0.00143933786292847
"ENSG00000183401.14","ENSG00000183401","CCDC159","protein_coding",28.4452366131906,-1.04737275609567,0.000454906664033766,0.00145626405460069,"Downregulated",28.4452366131906,-1.35724343134445,7.79243499538903e-08,1.92973287684856e-07,"Downregulated","Shared_downregulated",0.00145626405460069
"ENSG00000259877.3","ENSG00000259877","ZNF778-DT","lncRNA",5.81376559884826,-2.17431908994666,0.00045762067601834,0.00146365897966404,"Downregulated",5.81376559884826,-4.1591915373407,9.28189830055106e-05,0.000172452910476392,"Downregulated","Shared_downregulated",0.00146365897966404
"ENSG00000167037.21","ENSG00000167037","SGSM1","protein_coding",11.5426694604687,2.89413555666741,0.000472208027187229,0.00150745666773625,"Upregulated",11.5426694604687,1.61376081678414,4.86229587127763e-05,9.30960387984613e-05,"Upregulated","Shared_upregulated",0.00150745666773625
"ENSG00000267270.9","ENSG00000267270","PARD6G-AS1","lncRNA",8.34377810265117,3.25015986570711,0.000472250432757562,0.00150745666773625,"Upregulated",8.34377810265117,1.68042302448432,0.000160659151351506,0.000291034052673254,"Upregulated","Shared_upregulated",0.00150745666773625
"ENSG00000258334.2","ENSG00000258334","TROAP-AS1","lncRNA",16.7878543838862,-3.68987387313352,0.000482729924583199,0.00153684579680574,"Downregulated",16.7878543838862,-5.40015338696393,2.96539031809153e-15,1.28665977514319e-14,"Downregulated","Shared_downregulated",0.00153684579680574
"ENSG00000273265.2","ENSG00000273265","CNNM3-DT","lncRNA",14.8458941359506,-1.16992872273642,0.000491423953071854,0.00156006920655363,"Downregulated",14.8458941359506,-3.17563216566517,2.81490406754976e-08,7.23162378070042e-08,"Downregulated","Shared_downregulated",0.00156006920655363
"ENSG00000080823.25","ENSG00000080823","MOK","protein_coding",57.8332683998883,-1.59460042987587,0.000504323503009679,0.00159752048210192,"Downregulated",57.8332683998883,1.0065542211615,5.2973893617658e-11,1.68096708190738e-10,"Upregulated","Discordant_direction",0.00159752048210192
"ENSG00000135773.15","ENSG00000135773","CAPN9","protein_coding",23.3054484278382,-1.84516529088563,4.26302712571494e-08,3.19110480918703e-07,"Downregulated",23.3054484278382,-3.5080701238504,0.000966450191905306,0.00160488096494691,"Downregulated","Shared_downregulated",0.00160488096494691
"ENSG00000166897.18","ENSG00000166897","ELFN2","protein_coding",41.1034602626482,1.7329574082796,0.000508544553195515,0.00160828148910602,"Upregulated",41.1034602626482,1.14830511564744,8.57110502014562e-10,2.48773190370419e-09,"Upregulated","Shared_upregulated",0.00160828148910602
"ENSG00000112183.16","ENSG00000112183","RBM24","protein_coding",40.4447087329317,3.77891383160117,0.000545954045224084,0.00171663398207581,"Upregulated",40.4447087329317,3.15770807043596,5.59100678472278e-42,1.24845716986444e-40,"Upregulated","Shared_upregulated",0.00171663398207581
"ENSG00000197208.8","ENSG00000197208","SLC22A4","protein_coding",15.1141520097921,1.15963039914919,0.000548715968082649,0.00172344859329297,"Upregulated",15.1141520097921,1.42837457790643,0.00059444027582281,0.00101098796822253,"Upregulated","Shared_upregulated",0.00172344859329297
"ENSG00000215182.8","ENSG00000215182","MUC5AC","protein_coding",6.28241279439912,-3.27867244798531,5.8801397490485e-05,0.000232573649681252,"Downregulated",6.28241279439912,-1.84223834496201,0.00106146118026961,0.00175521399183788,"Downregulated","Shared_downregulated",0.00175521399183788
"ENSG00000104883.10","ENSG00000104883","PEX11G","protein_coding",10.2911309295317,-1.36347413118094,0.000565200634477303,0.00177061988647753,"Downregulated",10.2911309295317,-3.46159014115462,1.06246123519672e-05,2.17320934657316e-05,"Downregulated","Shared_downregulated",0.00177061988647753
"ENSG00000177943.16","ENSG00000177943","MAMDC4","protein_coding",13.4413656367126,-1.39453772214,0.0005867740796429,0.00183068459896338,"Downregulated",13.4413656367126,-2.53819114747981,4.59922521939221e-07,1.06116815601707e-06,"Downregulated","Shared_downregulated",0.00183068459896338
"ENSG00000169413.5","ENSG00000169413","RNASE6","protein_coding",9.17589842997414,-1.37706530585796,0.000588511999270701,0.00183531652537788,"Downregulated",9.17589842997414,-4.15207456281312,0.000132634963033517,0.000242114357511239,"Downregulated","Shared_downregulated",0.00183531652537788
"ENSG00000249572.4","ENSG00000249572","TARS1-DT","lncRNA",8.43621975605181,-1.7515892632871,0.000590157318862195,0.00184005160605657,"Downregulated",8.43621975605181,-3.81175400605029,1.42425189011472e-06,3.14878083776393e-06,"Downregulated","Shared_downregulated",0.00184005160605657
"ENSG00000268471.7","ENSG00000268471","MIR4453HG","lncRNA",12.3127339975358,-1.33095707925323,0.00059078707520275,0.0018416189059665,"Downregulated",12.3127339975358,-1.49104155864917,0.000371768830269688,0.000647090306061532,"Downregulated","Shared_downregulated",0.0018416189059665
"ENSG00000237380.8","ENSG00000237380","HOXD-AS2","lncRNA",7.62928220470346,-2.28712013170724,0.000592001745889328,0.00184500845192003,"Downregulated",7.62928220470346,-2.27177544463487,2.35514717244127e-05,4.65314148916413e-05,"Downregulated","Shared_downregulated",0.00184500845192003
"ENSG00000151834.18","ENSG00000151834","GABRA2","protein_coding",22.3418295843016,-1.81907231684972,6.45420039678534e-11,7.96036358725218e-10,"Downregulated",22.3418295843016,-2.57115588807512,0.00112127139471757,0.00184863083643312,"Downregulated","Shared_downregulated",0.00184863083643312
"ENSG00000233930.5","ENSG00000233930","KRTAP5-AS1","lncRNA",35.3004813238554,-1.27906950856951,0.000594759882641199,0.00185201122029142,"Downregulated",35.3004813238554,-3.04235010807037,1.38465568522521e-18,7.50146923001259e-18,"Downregulated","Shared_downregulated",0.00185201122029142
"ENSG00000129946.13","ENSG00000129946","SHC2","protein_coding",40.4316544128581,3.77990436856181,0.000597514229520836,0.00185938935241914,"Upregulated",40.4316544128581,3.05136243181649,1.16759980084432e-30,1.3482754034929e-29,"Upregulated","Shared_upregulated",0.00185938935241914
"ENSG00000260236.3","ENSG00000260236","PTPN23-DT","lncRNA",6.21975869097438,-2.0918128444819,0.000598852914142976,0.00186315509483899,"Downregulated",6.21975869097438,-5.16588537121567,1.65547933896948e-06,3.63613315858529e-06,"Downregulated","Shared_downregulated",0.00186315509483899
"ENSG00000242515.7","ENSG00000242515","UGT1A10","protein_coding",236.508952484933,1.97625874123462,0.000600364019359748,0.00186745554165303,"Upregulated",236.508952484933,-2.00287412075077,4.9839598855917e-22,3.35007173756934e-21,"Downregulated","Discordant_direction",0.00186745554165303
"ENSG00000135838.16","ENSG00000135838","NPL","protein_coding",18.5890776797383,-1.23891956721666,0.000692832742418707,0.00212903564527818,"Downregulated",18.5890776797383,-1.98714608765848,2.13603907332021e-09,6.03067957345734e-09,"Downregulated","Shared_downregulated",0.00212903564527818
"ENSG00000259230.2","ENSG00000259230","LINC02323","lncRNA",12.4815825501569,-1.52301806149328,8.77851439213275e-05,0.000333293766232088,"Downregulated",12.4815825501569,-3.56352348624662,0.00133109469956854,0.0021730567067869,"Downregulated","Shared_downregulated",0.0021730567067869
"ENSG00000157303.13","ENSG00000157303","SUSD3","protein_coding",57.9615613142739,-1.46978040492378,7.49437029244359e-19,2.54352258262512e-17,"Downregulated",57.9615613142739,1.94163466472667,0.00140391278629279,0.00228370233460042,"Upregulated","Discordant_direction",0.00228370233460042
"ENSG00000145920.17","ENSG00000145920","CPLX2","protein_coding",7.89914918407532,-2.46030858561882,7.98203902382776e-07,4.73915485623824e-06,"Downregulated",7.89914918407532,-3.55554036434987,0.00140668546912763,0.00228769900332146,"Downregulated","Shared_downregulated",0.00228769900332146
"ENSG00000132329.13","ENSG00000132329","RAMP1","protein_coding",23.8474876060996,3.82279288059113,0.000752748922194075,0.00229853294994449,"Upregulated",23.8474876060996,-2.26033842911355,1.10120464273172e-15,4.89529376762824e-15,"Downregulated","Discordant_direction",0.00229853294994449
"ENSG00000196154.14","ENSG00000196154","S100A4","protein_coding",286.679536257782,1.46042994265776,0.000760110979140799,0.00231759484740342,"Upregulated",286.679536257782,1.63673159102756,0.000223901259691888,0.000399111568936636,"Upregulated","Shared_upregulated",0.00231759484740342
"ENSG00000131015.7","ENSG00000131015","ULBP2","protein_coding",27.7934745115844,1.51682503078037,0.00076628713129829,0.0023329901484821,"Upregulated",27.7934745115844,2.36912403011578,5.81910989932337e-17,2.81853411300115e-16,"Upregulated","Shared_upregulated",0.0023329901484821
"ENSG00000250988.9","ENSG00000250988","SNHG21","lncRNA",17.0886696126852,-1.25131660447062,0.000766197279818687,0.0023329901484821,"Downregulated",17.0886696126852,1.01776319476964,0.00130521050303956,0.00213416570123539,"Upregulated","Discordant_direction",0.0023329901484821
"ENSG00000267751.7","ENSG00000267751","BSG-AS1","lncRNA",22.0322868192312,-1.21254575345274,0.000767986733264707,0.00233669194593158,"Downregulated",22.0322868192312,1.12974908806021,0.000309833523677301,0.000543530737820052,"Upregulated","Discordant_direction",0.00233669194593158
"ENSG00000147036.13","ENSG00000147036","LANCL3","protein_coding",10.7396018767936,2.48116301260737,9.06929857563056e-06,4.29096555527385e-05,"Upregulated",10.7396018767936,1.33928657052679,0.00145357986919766,0.0023599909774157,"Upregulated","Shared_upregulated",0.0023599909774157
"ENSG00000266208.2","ENSG00000266208","GJD3-AS1","lncRNA",18.0980946512714,-1.15289177534949,0.000786082360676989,0.00238374253419773,"Downregulated",18.0980946512714,-3.58726304686665,3.22010084566129e-13,1.20148561934406e-12,"Downregulated","Shared_downregulated",0.00238374253419773
"ENSG00000187288.14","ENSG00000187288","CIDEC","protein_coding",11.3447700895067,1.6815365092186,0.000795773314906743,0.00241010384109269,"Upregulated",11.3447700895067,2.06233699616682,9.66072458940951e-05,0.000179009360375556,"Upregulated","Shared_upregulated",0.00241010384109269
"ENSG00000225265.3","ENSG00000225265","TAF1A-AS1","lncRNA",8.49534078619197,-1.66170164754121,0.000303944953760323,0.00101562607099253,"Downregulated",8.49534078619197,-1.80956321825455,0.00149729946284382,0.00242553809697436,"Downregulated","Shared_downregulated",0.00242553809697436
"ENSG00000243927.8","ENSG00000243927","MRPS6","protein_coding",11.0189956143159,2.71415452065016,0.000837283237865174,0.00252789764232127,"Upregulated",11.0189956143159,2.18345980078935,0.000219206828355469,0.000391176623140926,"Upregulated","Shared_upregulated",0.00252789764232127
"ENSG00000279415.1","ENSG00000279415","ENSG00000279415","TEC",17.282978108912,1.29075969101907,9.04747661167268e-05,0.000342607867928823,"Upregulated",17.282978108912,1.05257175363688,0.0015752029833592,0.00254490988125323,"Upregulated","Shared_upregulated",0.00254490988125323
"ENSG00000280033.1","ENSG00000280033","ENSG00000280033","TEC",7.33074835846302,2.89603679278046,0.000848691007218707,0.00256180588973412,"Upregulated",7.33074835846302,4.01318460302458,3.81582867793832e-08,9.70720780781697e-08,"Upregulated","Shared_upregulated",0.00256180588973412
"ENSG00000227014.7","ENSG00000227014","FKBP14-AS1","lncRNA",8.25702630131401,2.028777122498,0.000849972253188116,0.00256460501628194,"Upregulated",8.25702630131401,-2.04960801016625,3.18330142629546e-05,6.18977650206277e-05,"Downregulated","Discordant_direction",0.00256460501628194
"ENSG00000078579.10","ENSG00000078579","FGF20","protein_coding",17.9996387998728,-1.28178944378514,0.000871482658955845,0.00262186562042518,"Downregulated",17.9996387998728,-2.44594155246353,1.37717387847612e-07,3.34360928913989e-07,"Downregulated","Shared_downregulated",0.00262186562042518
"ENSG00000157890.21","ENSG00000157890","MEGF11","protein_coding",7.20526889993417,-1.87016699671107,0.000508719455289951,0.00160828148910602,"Downregulated",7.20526889993417,-2.66022027121229,0.0016531011292059,0.00266571064475931,"Downregulated","Shared_downregulated",0.00266571064475931
"ENSG00000236908.3","ENSG00000236908","LINC02827","lncRNA",9.37945578952983,-1.60892533033084,0.000900422606167164,0.00270220012602496,"Downregulated",9.37945578952983,-3.03210509442032,2.48381371646004e-07,5.87968447875514e-07,"Downregulated","Shared_downregulated",0.00270220012602496
"ENSG00000130508.13","ENSG00000130508","PXDN","protein_coding",23.3783656414749,2.08874339747806,1.08117177824997e-05,5.03319672675828e-05,"Upregulated",23.3783656414749,2.46105132376894,0.00167703042161952,0.00270279413591082,"Upregulated","Shared_upregulated",0.00270279413591082
"ENSG00000167741.12","ENSG00000167741","GGT6","protein_coding",309.084681561361,1.0571914108951,0.000923621974292852,0.00276266865871043,"Upregulated",309.084681561361,-1.50135944231709,6.92562467437433e-06,1.44370185243143e-05,"Downregulated","Discordant_direction",0.00276266865871043
"ENSG00000113303.14","ENSG00000113303","BTNL8","protein_coding",6.70469757712621,1.90135455092441,0.000948144606194731,0.00282494071401604,"Upregulated",6.70469757712621,-3.94876650648647,0.000536927532577802,0.000918021920967143,"Downregulated","Discordant_direction",0.00282494071401604
"ENSG00000085662.16","ENSG00000085662","AKR1B1","protein_coding",8.18797673006648,2.86687709404271,0.000954771956496486,0.00284234905372783,"Upregulated",8.18797673006648,3.84387170014819,1.7093690536207e-05,3.42251676223697e-05,"Upregulated","Shared_upregulated",0.00284234905372783
"ENSG00000196335.14","ENSG00000196335","STK31","protein_coding",22.2637722592786,-1.16599441478557,0.000958381912201781,0.00285133867206492,"Downregulated",22.2637722592786,-2.79544524771702,3.59300753664498e-15,1.5510832654471e-14,"Downregulated","Shared_downregulated",0.00285133867206492
"ENSG00000289915.2","ENSG00000289915","ENSG00000289915","lncRNA",28.6194732527801,-1.79515626281213,1.22335199978845e-12,1.94394925229542e-11,"Downregulated",28.6194732527801,-1.55969430242358,0.00180235654632383,0.00289191220873838,"Downregulated","Shared_downregulated",0.00289191220873838
"ENSG00000255135.6","ENSG00000255135","EMSY-DT","lncRNA",23.7247715634571,-1.00173717184221,0.000979696629662913,0.00290639990932957,"Downregulated",23.7247715634571,-1.28112199665407,0.000699437008549911,0.00118193110166806,"Downregulated","Shared_downregulated",0.00290639990932957
"ENSG00000241224.10","ENSG00000241224","C3orf85","protein_coding",35.3676161912899,1.89328128069786,3.22401508719574e-09,2.97526879336747e-08,"Upregulated",35.3676161912899,1.07358923346615,0.00182062334059466,0.00291895933752603,"Upregulated","Shared_upregulated",0.00291895933752603
"ENSG00000110375.4","ENSG00000110375","UPK2","protein_coding",8.11057462379279,1.7194643188773,0.0010297826155218,0.0030320214677249,"Upregulated",8.11057462379279,4.18819507676463,0.000296171034017396,0.000521076924241847,"Upregulated","Shared_upregulated",0.0030320214677249
"ENSG00000031081.13","ENSG00000031081","ARHGAP31","protein_coding",22.4541770838452,1.83418180227453,0.001064885935294,0.00312332057767268,"Upregulated",22.4541770838452,-1.48308789117191,1.49455351348394e-07,3.61828759061297e-07,"Downregulated","Discordant_direction",0.00312332057767268
"ENSG00000160602.16","ENSG00000160602","NEK8","protein_coding",20.2145368155379,-1.0711803295533,0.00106540345084656,0.00312420615331209,"Downregulated",20.2145368155379,-2.69679213844108,1.13581176501548e-12,4.06323971824348e-12,"Downregulated","Shared_downregulated",0.00312420615331209
"ENSG00000300428.1","ENSG00000300428","ENSG00000300428","lncRNA",7.11870544219176,-1.55307995471743,0.00106615551491097,0.00312577902530646,"Downregulated",7.11870544219176,-2.61816011480389,0.00136805486333432,0.00222937715950084,"Downregulated","Shared_downregulated",0.00312577902530646
"ENSG00000169213.9","ENSG00000169213","RAB3B","protein_coding",91.5697878724027,-1.06311601402279,1.36224063061853e-05,6.22566736642185e-05,"Downregulated",91.5697878724027,3.38043912797138,0.00199628553317063,0.00318473909585082,"Upregulated","Discordant_direction",0.00318473909585082
"ENSG00000236756.5","ENSG00000236756","DNAJC9-AS1","lncRNA",11.8555578762642,-1.27234758449625,0.00110203883301656,0.00322250741890152,"Downregulated",11.8555578762642,-1.68658838179531,0.000120519223618376,0.000221112114024245,"Downregulated","Shared_downregulated",0.00322250741890152
"ENSG00000163295.5","ENSG00000163295","ALPI","protein_coding",20.3859215672013,1.60271021127344,0.00111373906802523,0.00325278246147151,"Upregulated",20.3859215672013,2.15737675099191,7.9564743238177e-12,2.69341803085181e-11,"Upregulated","Shared_upregulated",0.00325278246147151
"ENSG00000196358.14","ENSG00000196358","NTNG2","protein_coding",8.95132816331668,-1.63887165130705,0.000583778751457895,0.0018233020832172,"Downregulated",8.95132816331668,3.7444538099467,0.00204223772709996,0.0032541076570789,"Upregulated","Discordant_direction",0.0032541076570789
"ENSG00000181652.20","ENSG00000181652","ATG9B","protein_coding",24.7901246459194,-1.30888525968687,0.00111627077862642,0.0032588630386491,"Downregulated",24.7901246459194,3.46149020867933,1.78868516026029e-11,5.8924222219818e-11,"Upregulated","Discordant_direction",0.0032588630386491
"ENSG00000102038.18","ENSG00000102038","SMARCA1","protein_coding",34.3797339725643,3.58923605078941,0.00112011400286655,0.0032674501065906,"Upregulated",34.3797339725643,-1.02040916297101,6.17188932130169e-07,1.40557017616498e-06,"Downregulated","Discordant_direction",0.0032674501065906
"ENSG00000279656.1","ENSG00000279656","ENSG00000279656","TEC",13.3472152422561,1.4342764191166,0.00117743102619695,0.00342003245174399,"Upregulated",13.3472152422561,2.83139808527249,1.82780419812603e-11,6.01328908949886e-11,"Upregulated","Shared_upregulated",0.00342003245174399
"ENSG00000204389.11","ENSG00000204389","HSPA1A","protein_coding",62.5183835114626,1.73728827864693,0.00118572909412342,0.00343809244338468,"Upregulated",62.5183835114626,1.98070703123047,1.31107625243503e-13,5.01719489049075e-13,"Upregulated","Shared_upregulated",0.00343809244338468
"ENSG00000160323.21","ENSG00000160323","ADAMTS13","protein_coding",26.0526997334784,-1.05301330197992,0.00119745361481923,0.00346723232486719,"Downregulated",26.0526997334784,-2.52557718430467,3.81254634112204e-13,1.41525157724233e-12,"Downregulated","Shared_downregulated",0.00346723232486719
"ENSG00000230865.1","ENSG00000230865","TSEN15P1","processed_pseudogene",9.18604154663253,-1.83618776500158,0.00120676364723444,0.00349092854587585,"Downregulated",9.18604154663253,-1.75224196345966,0.00035947889802675,0.000626752669658765,"Downregulated","Shared_downregulated",0.00349092854587585
"ENSG00000254966.2","ENSG00000254966","IGSF22-AS1","lncRNA",9.59561753547129,1.44116749285032,0.00121468889917472,0.0035094241480941,"Upregulated",9.59561753547129,2.29762749703599,7.23798638541076e-05,0.000135959687229258,"Upregulated","Shared_upregulated",0.0035094241480941
"ENSG00000112195.10","ENSG00000112195","TREML2","protein_coding",80.2782399121957,-1.08385285468629,0.000184473779011396,0.000653641566120573,"Downregulated",80.2782399121957,-3.39823465424953,0.00221086615678178,0.00351198863795699,"Downregulated","Shared_downregulated",0.00351198863795699
"ENSG00000204261.9","ENSG00000204261","PSMB8-AS1","lncRNA",14.9086634082103,-1.08399881127585,0.00122638309776723,0.00354109261861779,"Downregulated",14.9086634082103,-2.59897155304234,3.20561833673106e-06,6.86911443677458e-06,"Downregulated","Shared_downregulated",0.00354109261861779
"ENSG00000165828.17","ENSG00000165828","PRAP1","protein_coding",12.8884999528982,2.21172864662445,1.52622897515501e-05,6.85646163246432e-05,"Upregulated",12.8884999528982,1.44205024974044,0.00223223142883062,0.00354398530528191,"Upregulated","Shared_upregulated",0.00354398530528191
"ENSG00000183379.11","ENSG00000183379","SYNDIG1L","protein_coding",5.68926357185741,2.96120161013039,0.00124347513502251,0.00358687134887464,"Upregulated",5.68926357185741,6.53167825415969,1.62143689134851e-08,4.25223731983762e-08,"Upregulated","Shared_upregulated",0.00358687134887464
"ENSG00000204764.16","ENSG00000204764","RANBP17","protein_coding",9.90039083223542,-1.66239993039285,0.0012573348525422,0.00362036492808295,"Downregulated",9.90039083223542,-1.65027030797503,0.00138259138265531,0.00225179976595198,"Downregulated","Shared_downregulated",0.00362036492808295
"ENSG00000268041.3","ENSG00000268041","ERFL","protein_coding",33.8276276787611,2.03181885933484,0.00127160113223445,0.00365635785879794,"Upregulated",33.8276276787611,3.61806231786111,8.58683479633383e-26,7.31142243645534e-25,"Upregulated","Shared_upregulated",0.00365635785879794
"ENSG00000161955.18","ENSG00000161955","TNFSF13","protein_coding",28.2325132174232,-1.15584253970491,0.00127622499331961,0.00366816093969877,"Downregulated",28.2325132174232,-2.10320355629748,1.37307055749586e-12,4.89749902023872e-12,"Downregulated","Shared_downregulated",0.00366816093969877
"ENSG00000160188.12","ENSG00000160188","RSPH1","protein_coding",11.4097637591465,-1.90036298989064,0.0012847249246326,0.0036882396211917,"Downregulated",11.4097637591465,-2.05680662726647,2.73472559513624e-07,6.44312198418378e-07,"Downregulated","Shared_downregulated",0.0036882396211917
"ENSG00000278385.1","ENSG00000278385","ENSG00000278385","lncRNA",12.0217420011124,-1.42367648780108,0.00130418904803682,0.00373597700813395,"Downregulated",12.0217420011124,-5.64123190839972,4.41066464982395e-08,1.11435411620029e-07,"Downregulated","Shared_downregulated",0.00373597700813395
"ENSG00000166313.22","ENSG00000166313","APBB1","protein_coding",14.3591810665446,2.11956697664362,1.69349363445964e-06,9.40310718413376e-06,"Upregulated",14.3591810665446,1.46346717891526,0.00237888129306423,0.00376732025998108,"Upregulated","Shared_upregulated",0.00376732025998108
"ENSG00000272831.3","ENSG00000272831","ENSG00000272831","lncRNA",21.7532282172107,-1.11816217971298,0.00131681668298105,0.00376869458346644,"Downregulated",21.7532282172107,-1.02346875296943,0.000752897774258599,0.00126709958710436,"Downregulated","Shared_downregulated",0.00376869458346644
"ENSG00000293413.2","ENSG00000293413","ENSG00000293413","lncRNA",14.5338619485916,1.24622201873797,0.00105708515318831,0.00310483948925923,"Upregulated",14.5338619485916,1.29734430837106,0.00239010668623434,0.00378344359332693,"Upregulated","Shared_upregulated",0.00378344359332693
"ENSG00000115318.14","ENSG00000115318","LOXL3","protein_coding",17.7047965308792,-1.17799283288116,0.00132264146470296,0.00378434750374635,"Downregulated",17.7047965308792,-2.33476936999576,1.29774206746011e-07,3.15498708968829e-07,"Downregulated","Shared_downregulated",0.00378434750374635
"ENSG00000139055.8","ENSG00000139055","ERP27","protein_coding",290.531111561288,1.0228819305311,0.00133179732676502,0.00380773493174259,"Upregulated",290.531111561288,2.5009922575461,2.60211998560313e-06,5.6199586931983e-06,"Upregulated","Shared_upregulated",0.00380773493174259
"ENSG00000150773.14","ENSG00000150773","PIH1D2","protein_coding",7.20421821410979,-2.4234154547958,0.00134011563350973,0.00382905279196039,"Downregulated",7.20421821410979,-2.50027738474356,4.01432875585738e-06,8.53891858650889e-06,"Downregulated","Shared_downregulated",0.00382905279196039
"ENSG00000310781.1","ENSG00000310781","ENSG00000310781","snoRNA",20.8399957091519,1.13726348464174,0.00134617703903897,0.00384409805906458,"Upregulated",20.8399957091519,2.70753510786219,1.73869706916413e-13,6.6065018160269e-13,"Upregulated","Shared_upregulated",0.00384409805906458
"ENSG00000170523.3","ENSG00000170523","KRT83","protein_coding",272.225602085103,-1.26856528151498,0.001369040113539,0.00390400026080424,"Downregulated",272.225602085103,2.85402544993044,3.13945984925678e-07,7.35603106474199e-07,"Upregulated","Discordant_direction",0.00390400026080424
"ENSG00000234614.2","ENSG00000234614","C2CD4D-AS1","lncRNA",10.8348535876666,-1.37759124812224,0.00137675726953571,0.00392369053099539,"Downregulated",10.8348535876666,-3.29070983644326,1.15593801169219e-07,2.82493316449295e-07,"Downregulated","Shared_downregulated",0.00392369053099539
"ENSG00000259319.3","ENSG00000259319","JDP2-AS1","lncRNA",8.86501433969497,-1.36552613236863,0.00138590847197692,0.00394899441130348,"Downregulated",8.86501433969497,-5.31687512291231,5.66294772176455e-07,1.29362292534382e-06,"Downregulated","Shared_downregulated",0.00394899441130348
"ENSG00000286873.2","ENSG00000286873","ENSG00000286873","lncRNA",4.65791832374523,-2.0469987064165,0.00143180112689096,0.00406378024498704,"Downregulated",4.65791832374523,-3.85877230770916,0.000984115814509206,0.0016327196776036,"Downregulated","Shared_downregulated",0.00406378024498704
"ENSG00000231856.5","ENSG00000231856","ENSG00000231856","lncRNA",15.1627207937485,-1.11616942787492,0.00146462394147454,0.00414557229684553,"Downregulated",15.1627207937485,-2.78714210981637,2.0465963410362e-07,4.88862274176637e-07,"Downregulated","Shared_downregulated",0.00414557229684553
"ENSG00000134321.14","ENSG00000134321","RSAD2","protein_coding",5.59898250336852,1.9306773712731,0.000351617850837671,0.00115836460430542,"Upregulated",5.59898250336852,3.52387996632273,0.00263935367174024,0.00415168928805595,"Upregulated","Shared_upregulated",0.00415168928805595
"ENSG00000290555.2","ENSG00000290555","LINC00680","lncRNA",17.1006740905015,-1.24646705166183,0.00148491759126402,0.00419727437733532,"Downregulated",17.1006740905015,-1.09799347537285,0.000450838931768507,0.000777064438533445,"Downregulated","Shared_downregulated",0.00419727437733532
"ENSG00000168961.19","ENSG00000168961","LGALS9","protein_coding",19.1881144254896,1.07106996551757,0.00149714895579839,0.00422854856118306,"Upregulated",19.1881144254896,1.7737879723889,1.641463373192e-08,4.30397814443613e-08,"Upregulated","Shared_upregulated",0.00422854856118306
"ENSG00000135406.16","ENSG00000135406","PRPH","protein_coding",44.0073407705618,-2.31474910083057,0.00150049981914232,0.00423553630288479,"Downregulated",44.0073407705618,-2.99236461566234,1.22234088690864e-29,1.32491878332685e-28,"Downregulated","Shared_downregulated",0.00423553630288479
"ENSG00000288852.2","ENSG00000288852","ENSG00000288852","lncRNA",8.84996832880015,-1.63132388225546,0.00150748794803202,0.00425443336764947,"Downregulated",8.84996832880015,-2.13871840648408,3.63042872614403e-05,7.01869971975444e-05,"Downregulated","Shared_downregulated",0.00425443336764947
"ENSG00000296053.1","ENSG00000296053","ENSG00000296053","lncRNA",28.0890763486667,-1.3085997687337,1.88043549063413e-05,8.32403673199413e-05,"Downregulated",28.0890763486667,-3.40868359002979,0.00279554752555649,0.00438690576506384,"Downregulated","Shared_downregulated",0.00438690576506384
"ENSG00000188293.8","ENSG00000188293","IGFL1","protein_coding",9.87496319990032,2.05391119787305,0.00158440856160971,0.0044507169751595,"Upregulated",9.87496319990032,3.02068200389959,1.45916177058294e-09,4.17331209380067e-09,"Upregulated","Shared_upregulated",0.0044507169751595
"ENSG00000188089.14","ENSG00000188089","PLA2G4E","protein_coding",7.38311064191756,-1.57413846855321,0.000356254232205173,0.00117257241269983,"Downregulated",7.38311064191756,-3.41796398479587,0.00290418556903767,0.00454655474413891,"Downregulated","Shared_downregulated",0.00454655474413891
"ENSG00000156968.10","ENSG00000156968","MPV17L","protein_coding",8.44873554750207,-1.5209662173765,0.00163140537856677,0.00456856555481926,"Downregulated",8.44873554750207,-4.12222936445744,0.000293232029229848,0.000516282173198756,"Downregulated","Shared_downregulated",0.00456856555481926
"ENSG00000287315.1","ENSG00000287315","ENSG00000287315","lncRNA",19.122529621848,1.26584069204901,0.00164998716050678,0.00461436007913243,"Upregulated",19.122529621848,-3.27014622235417,4.30017706962364e-09,1.18250789550258e-08,"Downregulated","Discordant_direction",0.00461436007913243
"ENSG00000305635.1","ENSG00000305635","ENSG00000305635","lncRNA",15.4506034852943,2.02537818425963,0.000105101170760808,0.000392963407292473,"Upregulated",15.4506034852943,1.58234148770833,0.00296387450554147,0.00463299205418045,"Upregulated","Shared_upregulated",0.00463299205418045
"ENSG00000198440.11","ENSG00000198440","ZNF583","protein_coding",8.93616146256212,-1.68721286491878,0.00169909278806749,0.00473251060631828,"Downregulated",8.93616146256212,-4.29092095346846,3.32313794738381e-08,8.50263332159006e-08,"Downregulated","Shared_downregulated",0.00473251060631828
"ENSG00000006210.8","ENSG00000006210","CX3CL1","protein_coding",105.172236608369,1.62617732164664,4.95811378651653e-10,5.28330772016158e-09,"Upregulated",105.172236608369,-1.00597766045534,0.00313272401504244,0.00488113497752876,"Downregulated","Discordant_direction",0.00488113497752876
"ENSG00000293303.2","ENSG00000293303","ENSG00000293303","lncRNA",8.60572267832359,-1.94214793708641,0.00176231463342773,0.00488887129931751,"Downregulated",8.60572267832359,-1.88224478875077,0.000112744251915426,0.000207372724807508,"Downregulated","Shared_downregulated",0.00488887129931751
"ENSG00000151224.15","ENSG00000151224","MAT1A","protein_coding",10.0590461897474,1.42981020160905,0.00117662905199688,0.00341854615507994,"Upregulated",10.0590461897474,-1.38613603883601,0.00319989267312567,0.00498097149505234,"Downregulated","Discordant_direction",0.00498097149505234
"ENSG00000143248.15","ENSG00000143248","RGS5","protein_coding",16.0872886353918,-1.48762283218714,6.53325852361139e-06,3.19972904779237e-05,"Downregulated",16.0872886353918,-1.16814391276839,0.00323688078145581,0.00503260125360558,"Downregulated","Shared_downregulated",0.00503260125360558
"ENSG00000255121.2","ENSG00000255121","CENATAC-DT","lncRNA",5.30549089641303,-1.96996726140371,0.00183211340104934,0.00505925827134281,"Downregulated",5.30549089641303,-4.38082745309661,9.38644089986384e-05,0.000174216574693682,"Downregulated","Shared_downregulated",0.00505925827134281
"ENSG00000153896.20","ENSG00000153896","ZNF599","protein_coding",10.0873833792735,-1.65184230986914,0.00186564726104844,0.00513946900170025,"Downregulated",10.0873833792735,-2.89191438771751,9.83554333695142e-08,2.41710520670002e-07,"Downregulated","Shared_downregulated",0.00513946900170025
"ENSG00000281468.1","ENSG00000281468","ENSG00000281468","lncRNA",6.99535603400651,-1.97567410322186,0.00197686064576908,0.00541255705242499,"Downregulated",6.99535603400651,-1.8979367898817,0.00138661267048429,0.00225809538382495,"Downregulated","Shared_downregulated",0.00541255705242499
"ENSG00000214922.10","ENSG00000214922","HLA-F-AS1","lncRNA",24.1233804270094,1.93007928256043,0.00199961430846253,0.00546659320095056,"Upregulated",24.1233804270094,3.13404878175687,1.43414464625002e-20,8.78057634704489e-20,"Upregulated","Shared_upregulated",0.00546659320095056
"ENSG00000237638.4","ENSG00000237638","LINC02245","lncRNA",20.7156650370975,-1.01539281284636,0.00202724914248533,0.0055369194445717,"Downregulated",20.7156650370975,-1.38694253551747,6.53233938191361e-07,1.48357095005002e-06,"Downregulated","Shared_downregulated",0.0055369194445717
"ENSG00000140104.15","ENSG00000140104","CLBA1","protein_coding",37.1891246283799,-1.21377515391136,0.00210683230690868,0.00572944526022154,"Downregulated",37.1891246283799,-3.39420898780775,7.50949166737913e-35,1.12309136474364e-33,"Downregulated","Shared_downregulated",0.00572944526022154
"ENSG00000229043.4","ENSG00000229043","ZFAND2A-DT","lncRNA",25.2411629114276,-1.04215565339346,0.00212366147184941,0.00576871641050453,"Downregulated",25.2411629114276,-1.00388059969819,8.02443215915666e-05,0.000150148574371205,"Downregulated","Shared_downregulated",0.00576871641050453
"ENSG00000145287.14","ENSG00000145287","PLAC8","protein_coding",9.34653379913228,3.4202496350157,1.14251892253162e-05,5.28146227283196e-05,"Upregulated",9.34653379913228,1.46487402039617,0.003823807698644,0.00589517246476052,"Upregulated","Shared_upregulated",0.00589517246476052
"ENSG00000260604.4","ENSG00000260604","TGILR","lncRNA",8.80375054131085,1.60575244583523,0.0022525240389448,0.00608001087211548,"Upregulated",8.80375054131085,-1.36298464262218,0.00390569982007387,0.00601438760944751,"Downregulated","Discordant_direction",0.00608001087211548
"ENSG00000274349.7","ENSG00000274349","ZNF658","protein_coding",5.62895139635545,-1.77755652882132,0.0022601773679444,0.00609839702406447,"Downregulated",5.62895139635545,-4.31201795166002,0.000106924872748616,0.000197144434589433,"Downregulated","Shared_downregulated",0.00609839702406447
"ENSG00000099284.16","ENSG00000099284","MACROH2A2","protein_coding",83.187579090624,-1.05383028730776,9.16007288174365e-11,1.09799649464209e-09,"Downregulated",83.187579090624,-1.52010966132497,0.0040367170569132,0.00620493249774991,"Downregulated","Shared_downregulated",0.00620493249774991
"ENSG00000287051.1","ENSG00000287051","KRT86-AS1","lncRNA",11.6547148014696,-1.14567570003523,0.00231331696530948,0.00623597274205079,"Downregulated",11.6547148014696,-1.93998435790617,0.000286131046137026,0.000504638082100253,"Downregulated","Shared_downregulated",0.00623597274205079
"ENSG00000072163.22","ENSG00000072163","LIMS2","protein_coding",21.2944143497029,-1.48020189179981,0.00231385221899305,0.00623625559933928,"Downregulated",21.2944143497029,3.14158062335512,4.12411116118265e-06,8.76471901273778e-06,"Upregulated","Discordant_direction",0.00623625559933928
"ENSG00000183250.14","ENSG00000183250","LINC01547","lncRNA",8.49176206157741,-1.79212273049533,0.00236620452354875,0.00636788040023556,"Downregulated",8.49176206157741,-4.32109503535965,4.26740905415636e-06,9.05996074023351e-06,"Downregulated","Shared_downregulated",0.00636788040023556
"ENSG00000133874.4","ENSG00000133874","RNF122","protein_coding",23.3783093331071,1.27549471428132,0.00244685308927911,0.00655570252723848,"Upregulated",23.3783093331071,1.0288025645644,4.75823129946098e-05,9.11758402641657e-05,"Upregulated","Shared_upregulated",0.00655570252723848
"ENSG00000170166.7","ENSG00000170166","HOXD4","protein_coding",10.3748216806771,-3.68138275096,0.00248386538892852,0.00664258667952613,"Downregulated",10.3748216806771,-3.24117499334736,2.54349459556996e-07,6.0124671508682e-07,"Downregulated","Shared_downregulated",0.00664258667952613
"ENSG00000285796.2","ENSG00000285796","ENSG00000285796","lncRNA",10.2765269553242,-1.42253864873319,0.00249495217947916,0.00666977439310311,"Downregulated",10.2765269553242,-1.85290346835374,2.93282755847579e-05,5.7281047139395e-05,"Downregulated","Shared_downregulated",0.00666977439310311
"ENSG00000137877.10","ENSG00000137877","SPTBN5","protein_coding",6.76720744375067,-2.11753472284542,9.25188141995653e-05,0.000349708569478378,"Downregulated",6.76720744375067,-2.69422701815905,0.00440589617726158,0.00674237036968056,"Downregulated","Shared_downregulated",0.00674237036968056
"ENSG00000280693.2","ENSG00000280693","SH3PXD2A-AS1","lncRNA",12.4372233975263,-1.23870184509237,0.00252941758499081,0.00675567999293896,"Downregulated",12.4372233975263,-3.56260442820605,0.0014756925448015,0.00239347916723708,"Downregulated","Shared_downregulated",0.00675567999293896
"ENSG00000099860.12","ENSG00000099860","GADD45B","protein_coding",223.05104857358,1.0473322007475,0.00256256522685371,0.0068328786140872,"Upregulated",223.05104857358,3.16092406888121,1.08369604434864e-19,6.29708222722555e-19,"Upregulated","Shared_upregulated",0.0068328786140872
"ENSG00000293664.1","ENSG00000293664","ENSG00000293664","lncRNA",7.07050941142656,-1.92568420131717,0.002615649660243,0.0069637031910024,"Downregulated",7.07050941142656,-4.30261751540338,2.31904101938763e-06,5.03106922948585e-06,"Downregulated","Shared_downregulated",0.0069637031910024
"ENSG00000247796.3","ENSG00000247796","MOCS2-DT","lncRNA",17.1710351651157,-1.08106749744902,0.00265717085519414,0.0070630447603583,"Downregulated",17.1710351651157,-6.16302376317396,1.53173724457783e-09,4.37570198076521e-09,"Downregulated","Shared_downregulated",0.0070630447603583
"ENSG00000269386.7","ENSG00000269386","RAB11B-AS1","lncRNA",22.6787299583162,-1.00648276175379,0.00266672885228618,0.00708561357797513,"Downregulated",22.6787299583162,-1.3969786571687,9.13572697648229e-05,0.000169867789765437,"Downregulated","Shared_downregulated",0.00708561357797513
"ENSG00000242173.12","ENSG00000242173","ARHGDIG","protein_coding",8.48721420107549,1.7261982604173,0.00273284465148292,0.00723896631133075,"Upregulated",8.48721420107549,1.49884028329678,0.000634513173444233,0.00107611058040419,"Upregulated","Shared_upregulated",0.00723896631133075
"ENSG00000184619.9","ENSG00000184619","KRABD2","protein_coding",11.5410203360975,-1.38513571809295,0.00279905241109262,0.00739541796564343,"Downregulated",11.5410203360975,-2.03096427075298,1.10513509048692e-06,2.4692595947173e-06,"Downregulated","Shared_downregulated",0.00739541796564343
"ENSG00000180938.8","ENSG00000180938","ZNF572","protein_coding",20.0754641533262,-1.11533536822504,0.00288757664144512,0.00759607200722865,"Downregulated",20.0754641533262,-3.51032923794592,6.28404412276836e-11,1.98362812953951e-10,"Downregulated","Shared_downregulated",0.00759607200722865
"ENSG00000267309.2","ENSG00000267309","ZNF566-AS1","lncRNA",7.59377390358937,-1.95621156429787,0.00290894976957054,0.00764044302690943,"Downregulated",7.59377390358937,-2.63318700207993,5.93234652974532e-06,1.24290249976969e-05,"Downregulated","Shared_downregulated",0.00764044302690943
"ENSG00000288649.2","ENSG00000288649","ACTL10","protein_coding",28.1076813929484,-1.11646458704159,0.00290856485015436,0.00764044302690943,"Downregulated",28.1076813929484,-4.57036602223623,1.69260532927371e-08,4.43246050448765e-08,"Downregulated","Shared_downregulated",0.00764044302690943
"ENSG00000186765.13","ENSG00000186765","FSCN2","protein_coding",38.2719590374981,-1.14358576407136,0.00294992815223588,0.00773762149904114,"Downregulated",38.2719590374981,-4.3855572549078,3.05604718855416e-11,9.87034451894961e-11,"Downregulated","Shared_downregulated",0.00773762149904114
"ENSG00000005448.19","ENSG00000005448","WDR54","protein_coding",11.4817534307331,-1.51735028237692,0.00295344396183616,0.00774544153002709,"Downregulated",11.4817534307331,-2.13191876835385,0.000308642643832303,0.000541769524517653,"Downregulated","Shared_downregulated",0.00774544153002709
"ENSG00000164879.9","ENSG00000164879","CA3","protein_coding",19.6388919201997,1.43910865129787,0.00298026786547739,0.00781013416030712,"Upregulated",19.6388919201997,3.34997254514165,3.87425353707204e-18,2.03721633741829e-17,"Upregulated","Shared_upregulated",0.00781013416030712
"ENSG00000155016.20","ENSG00000155016","CYP2U1","protein_coding",28.3959569433861,1.43743033145639,0.00298829488872652,0.0078255094917645,"Upregulated",28.3959569433861,-1.10978015731221,6.97878589468829e-05,0.00013138031330972,"Downregulated","Discordant_direction",0.0078255094917645
"ENSG00000127325.21","ENSG00000127325","BEST3","protein_coding",14.3238144318071,-2.49810863980044,6.97628734992726e-08,5.02237239320148e-07,"Downregulated",14.3238144318071,-3.27664374839858,0.0053912360637221,0.00816659277050911,"Downregulated","Shared_downregulated",0.00816659277050911
"ENSG00000280161.1","ENSG00000280161","ENSG00000280161","TEC",4.11634528790418,-2.43076509544635,0.003163641754723,0.00822376615416066,"Downregulated",4.11634528790418,-3.14261902294811,0.00117524968006672,0.00193410383415022,"Downregulated","Shared_downregulated",0.00822376615416066
"ENSG00000257956.1","ENSG00000257956","NOP56P3","processed_pseudogene",17.0009960395453,-1.00339762000117,0.00320417424473836,0.00831719383033286,"Downregulated",17.0009960395453,-1.23905798355196,0.000465405522760283,0.000800457730339666,"Downregulated","Shared_downregulated",0.00831719383033286
"ENSG00000244541.7","ENSG00000244541","LINC01213","lncRNA",6.76710806320614,1.83674356783305,0.00323273228158038,0.00838381464292464,"Upregulated",6.76710806320614,2.48655130474028,1.89257434312859e-05,3.77472988998342e-05,"Upregulated","Shared_upregulated",0.00838381464292464
"ENSG00000143507.20","ENSG00000143507","DUSP10","protein_coding",32.0894684245806,-1.17357521615857,0.00324085722014784,0.00840037611060319,"Downregulated",32.0894684245806,2.20533799088073,4.54415020801411e-17,2.22029078943157e-16,"Upregulated","Discordant_direction",0.00840037611060319
"ENSG00000249602.1","ENSG00000249602","ENSG00000249602","lncRNA",8.30197293962399,1.6018823812982,0.00328780677403942,0.00851141403525889,"Upregulated",8.30197293962399,1.47408257930285,0.000924957505647394,0.00153968345644866,"Upregulated","Shared_upregulated",0.00851141403525889
"ENSG00000291081.2","ENSG00000291081","ENSG00000291081","lncRNA",8.57169281780516,-1.4458330635369,0.00331173413614725,0.00856723511264655,"Downregulated",8.57169281780516,-2.63359166055672,5.15649633248148e-06,1.0855308665067e-05,"Downregulated","Shared_downregulated",0.00856723511264655
"ENSG00000307433.1","ENSG00000307433","ENSG00000307433","lncRNA",7.9263025355857,-1.34531575033576,0.00334773828310938,0.00864340338478909,"Downregulated",7.9263025355857,-3.33015972583928,2.7776837225243e-05,5.44416993600516e-05,"Downregulated","Shared_downregulated",0.00864340338478909
"ENSG00000108176.17","ENSG00000108176","DNAJC12","protein_coding",7.59391347333504,-2.76837177231618,2.29226027635293e-07,1.51410373404315e-06,"Downregulated",7.59391347333504,-3.12572514740687,0.00584439832644185,0.0088143428605261,"Downregulated","Shared_downregulated",0.0088143428605261
"ENSG00000262877.6","ENSG00000262877","ENSG00000262877","lncRNA",8.83856193733517,-1.72343855813926,0.000662407329692439,0.00204464473309964,"Downregulated",8.83856193733517,-1.2895723444751,0.00589039609554647,0.00887909509222586,"Downregulated","Shared_downregulated",0.00887909509222586
"ENSG00000221817.13","ENSG00000221817","PPP3CB-AS1","lncRNA",17.9813591243221,-1.08965270336945,0.00348790325664757,0.00896059102913253,"Downregulated",17.9813591243221,-3.65290840763692,5.94585663848425e-07,1.35589857442823e-06,"Downregulated","Shared_downregulated",0.00896059102913253
"ENSG00000231226.2","ENSG00000231226","TRIM31-AS1","lncRNA",9.58776619970044,-1.58737658723603,0.000231311242252315,0.000800612018801182,"Downregulated",9.58776619970044,-1.83085046011604,0.00596525924887983,0.00898820306038329,"Downregulated","Shared_downregulated",0.00898820306038329
"ENSG00000261801.9","ENSG00000261801","LOXL1-AS1","lncRNA",33.9088724985448,-1.08254615643856,1.75665885083691e-05,7.82585307910496e-05,"Downregulated",33.9088724985448,1.61566549814472,0.00599008211656072,0.0090229439722447,"Upregulated","Discordant_direction",0.0090229439722447
"ENSG00000289378.2","ENSG00000289378","ENSG00000289378","lncRNA",10.950185897559,-1.24398448417793,0.00354821282093374,0.00909135434953532,"Downregulated",10.950185897559,-6.05734727661061,1.01672095907807e-08,2.70751931991167e-08,"Downregulated","Shared_downregulated",0.00909135434953532
"ENSG00000189410.14","ENSG00000189410","SH2D5","protein_coding",12.6634341871583,1.58975763251587,0.000127654332291906,0.000468227431934776,"Upregulated",12.6634341871583,1.06893434312704,0.0061531820448755,0.00925211809445276,"Upregulated","Shared_upregulated",0.00925211809445276
"ENSG00000155367.18","ENSG00000155367","PPM1J","protein_coding",25.0855084654344,2.2162758686459,0.00363027003938627,0.00926719630276305,"Upregulated",25.0855084654344,2.25048741932898,2.12898223437745e-12,7.48682614428487e-12,"Upregulated","Shared_upregulated",0.00926719630276305
"ENSG00000286416.2","ENSG00000286416","ENSG00000286416","lncRNA",5.94304006490503,-2.09059060201096,0.00367307543827961,0.00935668997214768,"Downregulated",5.94304006490503,-2.22802651554641,0.000586989742435486,0.000999254710134508,"Downregulated","Shared_downregulated",0.00935668997214768
"ENSG00000205181.9","ENSG00000205181","LINC00654","lncRNA",18.9316960180723,-1.28142044050586,0.00374247499905437,0.00950849316054223,"Downregulated",18.9316960180723,-4.12092214101654,3.86462236928039e-12,1.33698036227289e-11,"Downregulated","Shared_downregulated",0.00950849316054223
"ENSG00000267152.1","ENSG00000267152","ENSG00000267152","lncRNA",11.8945618545133,-2.29274883423101,0.00179969973620763,0.00497828756959744,"Downregulated",11.8945618545133,-1.19432399452336,0.00654429298662001,0.00980865590672223,"Downregulated","Shared_downregulated",0.00980865590672223
"ENSG00000177640.17","ENSG00000177640","CASC2","lncRNA",10.9089793054239,-1.62512692045314,0.00394338678784804,0.00997339639258182,"Downregulated",10.9089793054239,-5.91305645594043,2.11229917167895e-07,5.04140968313098e-07,"Downregulated","Shared_downregulated",0.00997339639258182
"ENSG00000297070.1","ENSG00000297070","ENSG00000297070","lncRNA",7.1628274391452,2.36002660784936,0.00395052175151803,0.00998621336525367,"Upregulated",7.1628274391452,2.80655228339633,3.47498022780224e-06,7.42983379482297e-06,"Upregulated","Shared_upregulated",0.00998621336525367
"ENSG00000304746.1","ENSG00000304746","ENSG00000304746","lncRNA",9.84561359275979,1.28021492262825,0.00400986420007489,0.0101080104344208,"Upregulated",9.84561359275979,3.91982032296334,2.66435581652412e-05,5.22983130069993e-05,"Upregulated","Shared_upregulated",0.0101080104344208
"ENSG00000182218.12","ENSG00000182218","HHIPL1","protein_coding",5.84834288329289,1.93033147429515,0.000220811122328411,0.000768490582320686,"Upregulated",5.84834288329289,3.06662404160132,0.00679832905315412,0.0101683749239663,"Upregulated","Shared_upregulated",0.0101683749239663
"ENSG00000185745.11","ENSG00000185745","IFIT1","protein_coding",13.648262851834,1.74774378714819,0.00405726684231522,0.0102186150641001,"Upregulated",13.648262851834,3.8044377178538,0.00139443920849168,0.00226956570187123,"Upregulated","Shared_upregulated",0.0102186150641001
"ENSG00000163141.22","ENSG00000163141","BNIPL","protein_coding",11.8836319812753,1.4032293267063,0.00408990151226805,0.0102918653786749,"Upregulated",11.8836319812753,2.78631934107438,1.26789304316788e-08,3.35297554408556e-08,"Upregulated","Shared_upregulated",0.0102918653786749
"ENSG00000065717.18","ENSG00000065717","TLE2","protein_coding",28.7739601464493,-1.51982797169234,0.0041176808888805,0.0103563747729358,"Downregulated",28.7739601464493,2.41142299808936,2.78437157206316e-17,1.38520812984344e-16,"Upregulated","Discordant_direction",0.0103563747729358
"ENSG00000229951.7","ENSG00000229951","FOSL2-AS1","lncRNA",7.68196660732162,1.63631307538398,0.00421497607628334,0.0105698967464091,"Upregulated",7.68196660732162,1.54983647933927,0.00309527891911887,0.00482538533733549,"Upregulated","Shared_upregulated",0.0105698967464091
"ENSG00000154240.20","ENSG00000154240","CEP112","protein_coding",17.057650037951,-1.0659133814505,0.00421827423813216,0.0105754334471091,"Downregulated",17.057650037951,-2.0452859701006,5.96694678012512e-07,1.36049390713614e-06,"Downregulated","Shared_downregulated",0.0105754334471091
"ENSG00000135976.22","ENSG00000135976","ANKRD36","protein_coding",15.9899002645177,-1.14625895990215,0.00424114395725324,0.0106245124515143,"Downregulated",15.9899002645177,-1.35732081176353,5.45294528229205e-05,0.000103856069169374,"Downregulated","Shared_downregulated",0.0106245124515143
"ENSG00000238058.3","ENSG00000238058","CAMSAP1-DT","lncRNA",14.5441176498487,-1.06358606155521,0.00426871571332306,0.010682477658,"Downregulated",14.5441176498487,-1.95353297550605,1.6086200217113e-05,3.23375244203636e-05,"Downregulated","Shared_downregulated",0.010682477658
"ENSG00000151651.18","ENSG00000151651","ADAM8","protein_coding",15.1113353971671,-1.48613916097797,0.0043728451368467,0.010914790169339,"Downregulated",15.1113353971671,2.83685963811064,4.12325370061693e-16,1.88916195476891e-15,"Upregulated","Discordant_direction",0.010914790169339
"ENSG00000223685.9","ENSG00000223685","LINC00571","lncRNA",6.54468723674187,-1.52430402531077,0.00439893221201372,0.0109704569981936,"Downregulated",6.54468723674187,-4.58923281495657,4.8909586028493e-05,9.36077285690598e-05,"Downregulated","Shared_downregulated",0.0109704569981936
"ENSG00000181449.4","ENSG00000181449","SOX2","protein_coding",13.5356690810269,-1.01347548436871,0.00414321766001552,0.010414703340679,"Downregulated",13.5356690810269,-1.76125743502811,0.00738267650859468,0.0109947331171056,"Downregulated","Shared_downregulated",0.0109947331171056
"ENSG00000234432.4","ENSG00000234432","LINC02983","lncRNA",17.0761068581664,-1.00059323755889,0.00444558447962097,0.0110678024381571,"Downregulated",17.0761068581664,-4.22761572783825,5.80860778236197e-11,1.83835649665843e-10,"Downregulated","Shared_downregulated",0.0110678024381571
"ENSG00000290374.2","ENSG00000290374","FAM86EP","lncRNA",12.5917484228431,-1.06825340296918,0.00450360176396472,0.0111910488277395,"Downregulated",12.5917484228431,-3.68301598170532,1.18857007131158e-08,3.15010195198381e-08,"Downregulated","Shared_downregulated",0.0111910488277395
"ENSG00000260565.10","ENSG00000260565","ERVK13-1","lncRNA",23.8111763014625,-1.01891295235797,0.00451815029413574,0.0112252758550686,"Downregulated",23.8111763014625,-3.18881646619513,1.46523632927147e-11,4.85797412120845e-11,"Downregulated","Shared_downregulated",0.0112252758550686
"ENSG00000164989.19","ENSG00000164989","CCDC171","protein_coding",8.06436557766693,-1.42712130389185,0.00268188491870395,0.00712090074053821,"Downregulated",8.06436557766693,-1.57432578920408,0.00792005271498059,0.0117503484792689,"Downregulated","Shared_downregulated",0.0117503484792689
"ENSG00000162755.16","ENSG00000162755","KLHDC9","protein_coding",11.5036841936006,-1.28264808610723,0.00482152658124265,0.0118852803564158,"Downregulated",11.5036841936006,-3.38553151846587,1.87132737159011e-07,4.48549061678528e-07,"Downregulated","Shared_downregulated",0.0118852803564158
"ENSG00000263843.1","ENSG00000263843","MIF4GD-DT","lncRNA",6.81228719535583,-1.55957041774982,0.00483403370842207,0.0119120585788901,"Downregulated",6.81228719535583,-2.80654646360674,6.06851675928322e-05,0.000115111184392058,"Downregulated","Shared_downregulated",0.0119120585788901
"ENSG00000138587.8","ENSG00000138587","MNS1","protein_coding",7.97793549675457,-2.39792036143859,0.00496082237577987,0.0121933917689623,"Downregulated",7.97793549675457,-1.59316941085666,0.000670778905549666,0.00113522455905941,"Downregulated","Shared_downregulated",0.0121933917689623
"ENSG00000103710.12","ENSG00000103710","RASL12","protein_coding",8.8612113512984,2.46193866423605,3.3186682715168e-05,0.000138839897779508,"Upregulated",8.8612113512984,1.11857921759168,0.00840005713311068,0.0124219290501232,"Upregulated","Shared_upregulated",0.0124219290501232
"ENSG00000160229.15","ENSG00000160229","ZNF66","protein_coding",9.13323471520944,-2.16702676545425,0.00512125295766366,0.0125313447185573,"Downregulated",9.13323471520944,-1.96929523852983,1.13512435624302e-05,2.3166064175009e-05,"Downregulated","Shared_downregulated",0.0125313447185573
"ENSG00000248866.2","ENSG00000248866","USP46-DT","lncRNA",6.40544678528047,-1.75652660378592,0.00512790505992489,0.0125381474824416,"Downregulated",6.40544678528047,-6.08269090693119,2.70174703168165e-08,6.95249616968565e-08,"Downregulated","Shared_downregulated",0.0125381474824416
"ENSG00000267532.7","ENSG00000267532","MIR497HG","lncRNA",22.1311375105814,1.14804493795618,0.00517934974965402,0.0126511270136501,"Upregulated",22.1311375105814,1.57894347603587,1.80144580570644e-07,4.32299265048811e-07,"Upregulated","Shared_upregulated",0.0126511270136501
"ENSG00000308240.1","ENSG00000308240","ENSG00000308240","lncRNA",5.35840022950465,-1.79068701820226,0.00523241013870932,0.0127592272808641,"Downregulated",5.35840022950465,-4.68884781581021,2.77982063939445e-05,5.44688489806712e-05,"Downregulated","Shared_downregulated",0.0127592272808641
"ENSG00000019186.12","ENSG00000019186","CYP24A1","protein_coding",124.635607327225,1.49282583610697,9.78495784330564e-11,1.16327817116641e-09,"Upregulated",124.635607327225,1.55875890154152,0.00883764082052612,0.0130356326484544,"Upregulated","Shared_upregulated",0.0130356326484544
"ENSG00000156427.10","ENSG00000156427","FGF18","protein_coding",37.5464427460449,-1.62228509603586,5.90919422531203e-11,7.31931989001896e-10,"Downregulated",37.5464427460449,-1.23318153389368,0.00885922353724886,0.0130634785817878,"Downregulated","Shared_downregulated",0.0130634785817878
"ENSG00000100206.13","ENSG00000100206","DMC1","protein_coding",5.60689810167781,-1.70042082990893,0.000905601480834136,0.00271549279127836,"Downregulated",5.60689810167781,-2.83965674422205,0.00916588021692363,0.0134827381347602,"Downregulated","Shared_downregulated",0.0134827381347602
"ENSG00000258404.2","ENSG00000258404","LINC02320","lncRNA",20.04510626262,-1.14400389553535,0.00559216435425142,0.0134956945581701,"Downregulated",20.04510626262,-1.06482013938619,0.000460242972592709,0.000792142655441038,"Downregulated","Shared_downregulated",0.0134956945581701
"ENSG00000187595.20","ENSG00000187595","ZNF385C","protein_coding",10.037660328428,-1.53358201933628,0.000254400748293394,0.000872403133996184,"Downregulated",10.037660328428,1.48398569962855,0.00924801705620982,0.0135966585349085,"Upregulated","Discordant_direction",0.0135966585349085
"ENSG00000183150.10","ENSG00000183150","GPR19","protein_coding",11.0991176726028,-1.05854325935923,0.00593272252220245,0.0142346050979732,"Downregulated",11.0991176726028,-3.98664328650517,7.41225569479344e-06,1.54004888213543e-05,"Downregulated","Shared_downregulated",0.0142346050979732
"ENSG00000277142.1","ENSG00000277142","LINC00235","lncRNA",6.33085822438787,-1.58275783455966,0.00603595379237304,0.0144416447678835,"Downregulated",6.33085822438787,-4.3072355536963,0.000197124912273424,0.000353337566934627,"Downregulated","Shared_downregulated",0.0144416447678835
"ENSG00000125740.16","ENSG00000125740","FOSB","protein_coding",28.7012903863755,1.33619323073713,0.00616128198707586,0.0147220607677994,"Upregulated",28.7012903863755,3.26248876623059,4.22042921809892e-27,3.87349336470484e-26,"Upregulated","Shared_upregulated",0.0147220607677994
"ENSG00000225680.2","ENSG00000225680","ENSG00000225680","lncRNA",8.18436789952329,-1.58639406224036,0.000507829867395489,0.00160652050606755,"Downregulated",8.18436789952329,-2.94237991740612,0.0101556645289022,0.0148587471330491,"Downregulated","Shared_downregulated",0.0148587471330491
"ENSG00000115718.20","ENSG00000115718","PROC","protein_coding",34.1383171464112,2.22784298005476,0.00625478073544599,0.0149110515575067,"Upregulated",34.1383171464112,1.6618457253875,1.41082828127646e-14,5.82167524267041e-14,"Upregulated","Shared_upregulated",0.0149110515575067
"ENSG00000291102.2","ENSG00000291102","GUSBP1","lncRNA",7.84895852344945,-1.46118113489791,0.00632385233314084,0.0150658010869435,"Downregulated",7.84895852344945,-1.53552444457216,0.00399780677176872,0.0061483832894484,"Downregulated","Shared_downregulated",0.0150658010869435
"ENSG00000291049.2","ENSG00000291049","FAM86B3P","lncRNA",16.3299504003205,-1.44491879871963,0.00637532949100501,0.0151461106530565,"Downregulated",16.3299504003205,-1.47048449374425,1.68120273434506e-05,3.3689145500731e-05,"Downregulated","Shared_downregulated",0.0151461106530565
"ENSG00000137691.15","ENSG00000137691","CFAP300","protein_coding",6.25035735836809,-2.13515134963854,0.00638484396778542,0.0151662282873539,"Downregulated",6.25035735836809,-2.61427117180752,1.50044985255924e-05,3.02511397652873e-05,"Downregulated","Shared_downregulated",0.0151662282873539
"ENSG00000166825.17","ENSG00000166825","ANPEP","protein_coding",11.5411965170705,1.03409895195409,0.00644904786734886,0.0153011790592043,"Upregulated",11.5411965170705,2.02012896042454,3.9302446528087e-06,8.3686608152371e-06,"Upregulated","Shared_upregulated",0.0153011790592043
"ENSG00000184378.5","ENSG00000184378","ACTRT3","protein_coding",8.05710206542824,-1.40524058229989,0.00658028562854494,0.0155844908202113,"Downregulated",8.05710206542824,-2.57217147527936,0.0010047178317761,0.00166499380424235,"Downregulated","Shared_downregulated",0.0155844908202113
"ENSG00000302309.1","ENSG00000302309","ENSG00000302309","lncRNA",13.5992147167921,1.13571370159798,0.00665975542560369,0.0157469694285933,"Upregulated",13.5992147167921,-1.59327815627469,0.000659617039871195,0.00111698646200203,"Downregulated","Discordant_direction",0.0157469694285933
"ENSG00000179406.11","ENSG00000179406","LINC00174","lncRNA",18.8684850507064,-1.24769331611134,0.00672635502568367,0.0158940709330194,"Downregulated",18.8684850507064,-2.84635521467977,9.87005121937595e-13,3.54929980821827e-12,"Downregulated","Shared_downregulated",0.0158940709330194
"ENSG00000274922.4","ENSG00000274922","ENSG00000274922","lncRNA",5.82138559534763,-1.57426534460245,0.00680347389616232,0.0160605870179482,"Downregulated",5.82138559534763,-3.59036128687169,8.853100265431e-05,0.000164845341188007,"Downregulated","Shared_downregulated",0.0160605870179482
"ENSG00000299185.1","ENSG00000299185","ENSG00000299185","lncRNA",8.06329755006399,-1.64059215299804,0.000166977210005694,0.000596164998128239,"Downregulated",8.06329755006399,-2.76200505836555,0.0111347076599558,0.0162012232337429,"Downregulated","Shared_downregulated",0.0162012232337429
"ENSG00000140519.16","ENSG00000140519","RHCG","protein_coding",23.5722216771833,2.22769425536267,0.00704465802525142,0.0165705541473695,"Upregulated",23.5722216771833,4.57875259308865,1.47072372696322e-28,1.49780240696774e-27,"Upregulated","Shared_upregulated",0.0165705541473695
"ENSG00000159915.15","ENSG00000159915","ZNF233","protein_coding",8.51171780025763,-1.44505172505334,0.00713083987948929,0.0167430479930856,"Downregulated",8.51171780025763,-4.91130208783031,4.24377487764025e-06,9.01242460825946e-06,"Downregulated","Shared_downregulated",0.0167430479930856
"ENSG00000233017.4","ENSG00000233017","ENSG00000233017","lncRNA",5.68171158034709,-3.4489109495021,6.96310015220944e-07,4.19406680822191e-06,"Downregulated",5.68171158034709,2.48675154512123,0.0115877720063779,0.01681822653144,"Upregulated","Discordant_direction",0.01681822653144
"ENSG00000256628.6","ENSG00000256628","ZBTB11-AS1","lncRNA",22.7812070359597,-1.05007325047124,0.00719487914237139,0.0168609619229053,"Downregulated",22.7812070359597,-4.22103902114714,6.15733323844759e-16,2.7928661437115e-15,"Downregulated","Shared_downregulated",0.0168609619229053
"ENSG00000235385.4","ENSG00000235385","LINC02154","lncRNA",9.71160239465386,3.29770200942665,0.00720639379350524,0.0168852156597377,"Upregulated",9.71160239465386,4.46095635833136,1.78551124148585e-11,5.88349907039856e-11,"Upregulated","Shared_upregulated",0.0168852156597377
"ENSG00000154479.14","ENSG00000154479","CFAP210","protein_coding",6.16305077125836,-2.14929891175332,0.00723975676751032,0.0169435052401251,"Downregulated",6.16305077125836,-5.67172025625596,2.17431754351892e-07,5.18345284432904e-07,"Downregulated","Shared_downregulated",0.0169435052401251
"ENSG00000293473.2","ENSG00000293473","CENPBD1P","lncRNA",7.71758123475343,-1.23715993082123,0.00742555651868273,0.0173026430287162,"Downregulated",7.71758123475343,-4.87249878567639,6.75727754722323e-06,1.40941949070753e-05,"Downregulated","Shared_downregulated",0.0173026430287162
"ENSG00000139160.15","ENSG00000139160","ETFBKMT","protein_coding",11.2434412058858,-1.09406646440184,0.00761672478212421,0.0177062252523697,"Downregulated",11.2434412058858,-2.20265387083246,2.41684593147258e-05,4.76789153810246e-05,"Downregulated","Shared_downregulated",0.0177062252523697
"ENSG00000204956.7","ENSG00000204956","PCDHGA1","protein_coding",9.54277678880444,-1.23246564194957,0.00762288296246029,0.0177121725015191,"Downregulated",9.54277678880444,-2.5370713484404,2.26859736426235e-05,4.48581157086778e-05,"Downregulated","Shared_downregulated",0.0177121725015191
"ENSG00000110076.22","ENSG00000110076","NRXN2","protein_coding",39.5527278482964,2.00314082827186,5.77483108288739e-16,1.44291124229662e-14,"Upregulated",39.5527278482964,2.79760657242919,0.0124207841987721,0.0179642719170264,"Upregulated","Shared_upregulated",0.0179642719170264
"ENSG00000203724.13","ENSG00000203724","C1orf53","protein_coding",16.4947031262568,-1.07903814823938,0.000247082983590136,0.000849519952120582,"Downregulated",16.4947031262568,-1.51675712434716,0.0125129104817225,0.0180866844904371,"Downregulated","Shared_downregulated",0.0180866844904371
"ENSG00000287037.2","ENSG00000287037","ENSG00000287037","lncRNA",5.13691727693233,-3.00555776577385,0.00790179629432637,0.0182898629447976,"Downregulated",5.13691727693233,-2.07194048278909,0.00082570851776629,0.00138241310529911,"Downregulated","Shared_downregulated",0.0182898629447976
"ENSG00000270175.2","ENSG00000270175","ENSG00000270175","lncRNA",4.01814976983268,-2.35877242039723,0.00795409202557231,0.0183991542912361,"Downregulated",4.01814976983268,-5.03457256513973,3.23450598427254e-05,6.28343977534554e-05,"Downregulated","Shared_downregulated",0.0183991542912361
"ENSG00000215126.14","ENSG00000215126","ZNG1F","protein_coding",16.8198452434438,1.01789947982026,0.00795835674043802,0.0184060813728739,"Upregulated",16.8198452434438,1.22211477628703,0.000261892989174201,0.000463681503691637,"Upregulated","Shared_upregulated",0.0184060813728739
"ENSG00000229167.3","ENSG00000229167","ENSG00000229167","lncRNA",15.1406328500779,-1.09474029685491,0.00835098675442954,0.0192099206420941,"Downregulated",15.1406328500779,-2.62357946645582,0.00181970383758544,0.00291780792368756,"Downregulated","Shared_downregulated",0.0192099206420941
"ENSG00000216895.9","ENSG00000216895","RBM33-DT","lncRNA",11.5552225960861,-1.12290608284032,0.0084952779162637,0.0194985061074586,"Downregulated",11.5552225960861,-2.55826475342247,1.0230270202623e-06,2.29180825129715e-06,"Downregulated","Shared_downregulated",0.0194985061074586
"ENSG00000227888.5","ENSG00000227888","FAM66A","lncRNA",22.5524344881817,-1.14968901401359,0.00850883040241554,0.0195203372157363,"Downregulated",22.5524344881817,-1.59031692768136,3.64792903177756e-09,1.01120481118057e-08,"Downregulated","Shared_downregulated",0.0195203372157363
"ENSG00000303584.1","ENSG00000303584","ENSG00000303584","lncRNA",9.30616179566816,1.12591391205589,0.0085867043904584,0.0196802973314128,"Upregulated",9.30616179566816,1.21418319567603,0.00525983060474311,0.00797838236591345,"Upregulated","Shared_upregulated",0.0196802973314128
"ENSG00000078814.21","ENSG00000078814","MYH7B","protein_coding",150.349456442348,-2.469987440255,7.89095954352359e-54,7.62371904698293e-51,"Downregulated",150.349456442348,-1.17963417090913,0.0137758256120117,0.0198074476405669,"Downregulated","Shared_downregulated",0.0198074476405669
"ENSG00000225975.9","ENSG00000225975","ZNF567-DT","lncRNA",5.44490216432888,-1.51390056924568,0.00873429752022445,0.0199932774700826,"Downregulated",5.44490216432888,-4.51050144677286,4.6070661988809e-05,8.84195515218938e-05,"Downregulated","Shared_downregulated",0.0199932774700826
"ENSG00000130203.12","ENSG00000130203","APOE","protein_coding",25.867557653194,1.28188807448958,0.00906890832230771,0.0206580665524809,"Upregulated",25.867557653194,2.47653050481491,2.62691513936195e-18,1.39806295261232e-17,"Upregulated","Shared_upregulated",0.0206580665524809
"ENSG00000181856.17","ENSG00000181856","SLC2A4","protein_coding",9.95044450961421,-1.63317571209605,0.00913992856758508,0.0207969610302156,"Downregulated",9.95044450961421,1.24794428394395,0.00180955533055523,0.00290249871061498,"Upregulated","Discordant_direction",0.0207969610302156
"ENSG00000223478.3","ENSG00000223478","ZDHHC12-DT","lncRNA",13.0164757748543,1.04925293766326,0.00942145558820502,0.021370438939469,"Upregulated",13.0164757748543,1.26509672126926,0.00117993308957145,0.00194114999819156,"Upregulated","Shared_upregulated",0.021370438939469
"ENSG00000293268.2","ENSG00000293268","ENSG00000293268","protein_coding",33.44347499759,-1.0676835394603,0.00966929092014224,0.0218743933835001,"Downregulated",33.44347499759,-1.32021712779928,1.52968962615816e-05,3.08192159909413e-05,"Downregulated","Shared_downregulated",0.0218743933835001
"ENSG00000261485.2","ENSG00000261485","PAN3-AS1","lncRNA",12.2568090773001,-1.58103440661473,0.000435145038623363,0.00140104907792263,"Downregulated",12.2568090773001,-1.16183484385855,0.0153419398705451,0.0219265673179428,"Downregulated","Shared_downregulated",0.0219265673179428
"ENSG00000276672.1","ENSG00000276672","ENSG00000276672","lncRNA",9.34772648221167,-1.33261658765909,0.00971561169918135,0.0219662439703188,"Downregulated",9.34772648221167,-1.54100228029235,0.000415544984534588,0.000719311743415582,"Downregulated","Shared_downregulated",0.0219662439703188
"ENSG00000162366.10","ENSG00000162366","PDZK1IP1","protein_coding",104.59115597155,1.35765806918574,0.0100269624186668,0.0225707889672755,"Upregulated",104.59115597155,1.63612327144832,1.9098730656101e-34,2.77890366132747e-33,"Upregulated","Shared_upregulated",0.0225707889672755
"ENSG00000160182.4","ENSG00000160182","TFF1","protein_coding",6.53423453867135,-2.26871001009041,0.0100442271770101,0.0226061407437848,"Downregulated",6.53423453867135,-2.80304729760357,1.09260331117767e-05,2.23171348634063e-05,"Downregulated","Shared_downregulated",0.0226061407437848
"ENSG00000282564.4","ENSG00000282564","ENSG00000282564","lncRNA",29.1518822009727,4.54053275072588,8.50982781837849e-05,0.00032394122601508,"Upregulated",29.1518822009727,3.40990197998812,0.0158736271958605,0.022639563558942,"Upregulated","Shared_upregulated",0.022639563558942
"ENSG00000158806.16","ENSG00000158806","NPM2","protein_coding",17.8845168695884,-1.36556578529316,0.0100998113425474,0.0227241835081816,"Downregulated",17.8845168695884,-1.36675293920121,2.83894924814219e-06,6.1105083178489e-06,"Downregulated","Shared_downregulated",0.0227241835081816
"ENSG00000229848.1","ENSG00000229848","ENSG00000229848","lncRNA",5.27816419887424,-1.59291486259212,0.0101994509350324,0.0229305682517049,"Downregulated",5.27816419887424,-4.73513798970547,3.64190302554405e-05,7.03900488746123e-05,"Downregulated","Shared_downregulated",0.0229305682517049
"ENSG00000227471.10","ENSG00000227471","AKR1B15","protein_coding",20.332138692261,3.09698913088144,0.0102702926068026,0.0230576422087967,"Upregulated",20.332138692261,5.02078822389933,1.65896909748896e-23,1.22724758350229e-22,"Upregulated","Shared_upregulated",0.0230576422087967
"ENSG00000164651.19","ENSG00000164651","SP8","protein_coding",6.64974266274292,-1.53861621621495,0.0103396010702135,0.0231973013131039,"Downregulated",6.64974266274292,-1.36219060755035,0.0136088830807232,0.0195810100879508,"Downregulated","Shared_downregulated",0.0231973013131039
"ENSG00000280202.1","ENSG00000280202","ENSG00000280202","TEC",11.1441348994636,-1.07508111412993,0.0103405027934482,0.0231973013131039,"Downregulated",11.1441348994636,-3.02779887142384,6.95134725301327e-08,1.72823754268748e-07,"Downregulated","Shared_downregulated",0.0231973013131039
"ENSG00000162676.15","ENSG00000162676","GFI1","protein_coding",6.57829936118771,-2.0215651322055,0.0104854687867467,0.0234934158406823,"Downregulated",6.57829936118771,-1.6086304835416,0.00128613986246564,0.00210559634962178,"Downregulated","Shared_downregulated",0.0234934158406823
"ENSG00000238062.7","ENSG00000238062","SPATA3-AS1","lncRNA",5.61301152127666,-1.92892387577119,0.00445182331547845,0.0110794819659821,"Downregulated",5.61301152127666,-1.52949941392001,0.0167808142594213,0.02384893206311,"Downregulated","Shared_downregulated",0.02384893206311
"ENSG00000212939.2","ENSG00000212939","ENSG00000212939","lncRNA",11.9011505594495,-1.31201601576882,0.000322514394148535,0.00107322126291632,"Downregulated",11.9011505594495,-2.59794335365479,0.0169965143594393,0.0241412806132505,"Downregulated","Shared_downregulated",0.0241412806132505
"ENSG00000243943.12","ENSG00000243943","ZNF512","protein_coding",53.8358123235915,-1.01436844379055,0.010834255879527,0.0242000672327535,"Downregulated",53.8358123235915,-2.09604790232274,3.63941470392678e-11,1.16997333383556e-10,"Downregulated","Shared_downregulated",0.0242000672327535
"ENSG00000227704.3","ENSG00000227704","ENSG00000227704","lncRNA",12.4937302158013,-1.12107435765141,0.0108538132858706,0.0242400157403047,"Downregulated",12.4937302158013,-2.1747651762934,5.26753365110123e-06,1.1079404596772e-05,"Downregulated","Shared_downregulated",0.0242400157403047
"ENSG00000228878.11","ENSG00000228878","SEPTIN7-DT","lncRNA",8.66755245442235,-1.14426298760199,0.0108999002785009,0.024339191808326,"Downregulated",8.66755245442235,-1.65949454207272,0.000936484964603521,0.00155797728240549,"Downregulated","Shared_downregulated",0.024339191808326
"ENSG00000245573.10","ENSG00000245573","BDNF-AS","lncRNA",11.4144797338132,-1.37640141455292,0.0110175751038783,0.0245868029574075,"Downregulated",11.4144797338132,-3.57238590114179,1.3893169159703e-09,3.98298333258983e-09,"Downregulated","Shared_downregulated",0.0245868029574075
"ENSG00000130487.10","ENSG00000130487","KLHDC7B","protein_coding",8.49090735663648,-2.43782415481288,0.0110600688152861,0.0246740328311463,"Downregulated",8.49090735663648,-4.31786097905778,4.15401556587218e-09,1.14470419434531e-08,"Downregulated","Shared_downregulated",0.0246740328311463
"ENSG00000267060.9","ENSG00000267060","PTGES3L","protein_coding",11.0779686038651,-1.03946027371786,0.0113150527480273,0.0251653996968097,"Downregulated",11.0779686038651,-2.29120326049983,2.4180754523843e-05,4.76966781760627e-05,"Downregulated","Shared_downregulated",0.0251653996968097
"ENSG00000257839.2","ENSG00000257839","PHLDA1-DT","lncRNA",6.06827105875249,-1.54886719683531,0.0115704905155687,0.0256626183886779,"Downregulated",6.06827105875249,-2.78633310509621,0.00038457340233216,0.000668414217629847,"Downregulated","Shared_downregulated",0.0256626183886779
"ENSG00000288868.3","ENSG00000288868","ENSG00000288868","lncRNA",8.11079530073172,-1.98526359342428,0.000379985967631285,0.0012419388008373,"Downregulated",8.11079530073172,-1.16436996319055,0.0181886175315132,0.0257185525677324,"Downregulated","Shared_downregulated",0.0257185525677324
"ENSG00000106333.15","ENSG00000106333","PCOLCE","protein_coding",47.6274742104147,2.75818475442694,0.0117604966388792,0.0260108836775666,"Upregulated",47.6274742104147,2.33633657578881,4.15539484965616e-34,5.90391981972716e-33,"Upregulated","Shared_upregulated",0.0260108836775666
"ENSG00000224687.3","ENSG00000224687","RASAL2-AS1","lncRNA",7.82178502718926,-1.36509707222042,0.0117810636046343,0.0260460494966095,"Downregulated",7.82178502718926,-2.36439818876469,0.0177190194978071,0.0250986248228151,"Downregulated","Shared_downregulated",0.0260460494966095
"ENSG00000198513.17","ENSG00000198513","ATL1","protein_coding",4.74881739645893,-1.62726853364986,0.0117980760354669,0.0260756013277392,"Downregulated",4.74881739645893,-2.46922101286172,0.00428036496241299,0.00655996711456102,"Downregulated","Shared_downregulated",0.0260756013277392
"ENSG00000116701.18","ENSG00000116701","NCF2","protein_coding",11.7319440601751,-1.12099331907052,0.0119071953475352,0.0262731074059033,"Downregulated",11.7319440601751,-1.7049874531185,0.00295753173414081,0.00462457379058789,"Downregulated","Shared_downregulated",0.0262731074059033
"ENSG00000272994.3","ENSG00000272994","C2orf49-DT","lncRNA",8.64524883219367,-1.3706237374367,0.0119073812753224,0.0262731074059033,"Downregulated",8.64524883219367,-1.3330524653655,0.00246622022166528,0.00389160098566782,"Downregulated","Shared_downregulated",0.0262731074059033
"ENSG00000148735.17","ENSG00000148735","PLEKHS1","protein_coding",45.9226951489978,1.3115139689247,7.55893636256998e-11,9.22588422844792e-10,"Upregulated",45.9226951489978,2.64098235310958,0.0187593260188953,0.0264790252913052,"Upregulated","Shared_upregulated",0.0264790252913052
"ENSG00000270504.2","ENSG00000270504","ENSG00000270504","lncRNA",8.05634613351298,1.8084400636656,0.0121755687529603,0.0267914276295021,"Upregulated",8.05634613351298,1.0351667110957,0.00809791369067483,0.0120031671479247,"Upregulated","Shared_upregulated",0.0267914276295021
"ENSG00000197872.13","ENSG00000197872","CYRIA","protein_coding",8.30374868516359,1.56034683581074,0.0123271037802378,0.0270834555137848,"Upregulated",8.30374868516359,2.10422170393715,0.0109002727053188,0.0158888915289827,"Upregulated","Shared_upregulated",0.0270834555137848
"ENSG00000165512.7","ENSG00000165512","ZNF22","protein_coding",75.5432333867857,-1.58926228473483,1.04631697006841e-21,4.92312517215303e-20,"Downregulated",75.5432333867857,1.57726962907676,0.0192244472682008,0.0271091456466639,"Upregulated","Discordant_direction",0.0271091456466639
"ENSG00000286536.2","ENSG00000286536","ENSG00000286536","lncRNA",9.77642401715549,-1.0158077027093,0.012666188413098,0.0277320444904996,"Downregulated",9.77642401715549,-3.76060972040424,0.000921752388270541,0.00153487712407407,"Downregulated","Shared_downregulated",0.0277320444904996
"ENSG00000293091.2","ENSG00000293091","ENSG00000293091","lncRNA",11.5184050583491,-1.18341253459657,0.0127727971738903,0.0279401323236255,"Downregulated",11.5184050583491,-1.51527045046705,0.00583214450873773,0.0087976931633837,"Downregulated","Shared_downregulated",0.0279401323236255
"ENSG00000244355.9","ENSG00000244355","LY6G6D","protein_coding",7.3735736913083,-1.29346477568275,0.0129047703706471,0.0281862746362348,"Downregulated",7.3735736913083,-4.02232845423394,0.00050000243277215,0.000858026673266311,"Downregulated","Shared_downregulated",0.0281862746362348
"ENSG00000160298.20","ENSG00000160298","C21orf58","protein_coding",19.0511115848139,-1.00471695643746,0.0130630087012989,0.028484670794346,"Downregulated",19.0511115848139,-3.14630056136904,9.90322146991589e-10,2.86176441758766e-09,"Downregulated","Shared_downregulated",0.028484670794346
"ENSG00000179674.4","ENSG00000179674","ARL14","protein_coding",38.4373812491386,-1.37554307503286,0.0130994202846846,0.0285511804430214,"Downregulated",38.4373812491386,-1.67607983113666,2.93286059494741e-16,1.3614034510563e-15,"Downregulated","Shared_downregulated",0.0285511804430214
"ENSG00000237361.6","ENSG00000237361","TUSC8","lncRNA",15.7915494986889,-1.43724874541516,0.0132071222447224,0.0287642882497513,"Downregulated",15.7915494986889,-4.75053520459411,2.33264137955406e-15,1.01882576469251e-14,"Downregulated","Shared_downregulated",0.0287642882497513
"ENSG00000162946.25","ENSG00000162946","DISC1","protein_coding",7.35880273594058,-1.10152463615711,0.0132902779585963,0.0289280126428323,"Downregulated",7.35880273594058,-4.60409765532044,3.05596179596167e-05,5.95655660350727e-05,"Downregulated","Shared_downregulated",0.0289280126428323
"ENSG00000276570.1","ENSG00000276570","ENSG00000276570","lncRNA",6.60959724420081,1.66251398741104,0.0138932070709368,0.0301182284026949,"Upregulated",6.60959724420081,1.41352765953166,0.0083878250939566,0.0124113090934878,"Upregulated","Shared_upregulated",0.0301182284026949
"ENSG00000230002.3","ENSG00000230002","ALMS1-IT1","lncRNA",16.096802873835,1.29401394001054,0.0139000785136886,0.0301286176817791,"Upregulated",16.096802873835,2.13263210436817,3.6473632559207e-08,9.2944589950418e-08,"Upregulated","Shared_upregulated",0.0301286176817791
"ENSG00000289294.3","ENSG00000289294","ENSG00000289294","lncRNA",9.57864234883385,-1.11639764709011,0.0139507690716243,0.0301978409837161,"Downregulated",9.57864234883385,-1.49731182226616,0.000653054292015773,0.00110651967729365,"Downregulated","Shared_downregulated",0.0301978409837161
"ENSG00000172748.16","ENSG00000172748","ZNF596","protein_coding",5.84338478706155,-1.65028404129123,0.0140552497472909,0.0303831562257964,"Downregulated",5.84338478706155,-1.34444905575691,0.0119341820076496,0.0172950165654858,"Downregulated","Shared_downregulated",0.0303831562257964
"ENSG00000150471.19","ENSG00000150471","ADGRL3","protein_coding",9.88567428918889,-1.65704100812819,0.0143075635806596,0.0308825158491091,"Downregulated",9.88567428918889,-4.46598187945619,2.78483816548383e-10,8.41314877927697e-10,"Downregulated","Shared_downregulated",0.0308825158491091
"ENSG00000304501.1","ENSG00000304501","ENSG00000304501","lncRNA",8.84138171079866,-1.3109999541391,0.0145257405396135,0.031283553559233,"Downregulated",8.84138171079866,-1.79638182019591,0.000235656657516397,0.000419137982416252,"Downregulated","Shared_downregulated",0.031283553559233
"ENSG00000303133.1","ENSG00000303133","ENSG00000303133","lncRNA",5.95962321820127,1.4602148148714,0.0149081806327271,0.0320073116636268,"Upregulated",5.95962321820127,2.90636189344558,0.000396010002928456,0.000687302630232238,"Upregulated","Shared_upregulated",0.0320073116636268
"ENSG00000286743.1","ENSG00000286743","ENSG00000286743","lncRNA",38.9649371950687,1.08516154507573,0.0150400257723767,0.0322473817862528,"Upregulated",38.9649371950687,8.43754500406931,3.10231908061338e-16,1.43500823862908e-15,"Upregulated","Shared_upregulated",0.0322473817862528
"ENSG00000301902.1","ENSG00000301902","ENSG00000301902","lncRNA",6.02038132874801,2.76915767562149,0.0155292549581774,0.0331736383923801,"Upregulated",6.02038132874801,5.62303369796468,1.8985761057142e-07,4.54704427764174e-07,"Upregulated","Shared_upregulated",0.0331736383923801
"ENSG00000081041.11","ENSG00000081041","CXCL2","protein_coding",7.64659736854149,-1.71683886619657,0.0156156051004177,0.0333249268485593,"Downregulated",7.64659736854149,-2.11933355289788,6.66016330998545e-05,0.000125675894125403,"Downregulated","Shared_downregulated",0.0333249268485593
"ENSG00000109790.20","ENSG00000109790","KLHL5","protein_coding",30.7843633684634,2.77796342198782,0.0157351287309796,0.0335384362699477,"Upregulated",30.7843633684634,-1.998948982379,4.28030379420661e-19,2.39776430559112e-18,"Downregulated","Discordant_direction",0.0335384362699477
"ENSG00000187775.17","ENSG00000187775","DNAH17","protein_coding",15.4960595749152,2.14183099686778,7.57681951348445e-05,0.000292185386879768,"Upregulated",15.4960595749152,1.68110115642215,0.0243994901890288,0.0339052077686649,"Upregulated","Shared_upregulated",0.0339052077686649
"ENSG00000197249.16","ENSG00000197249","SERPINA1","protein_coding",653.511126173827,3.47595496157383,4.70002608972934e-08,3.48916447840761e-07,"Upregulated",653.511126173827,-1.88132573947534,0.0249212182554627,0.0346003348302515,"Downregulated","Discordant_direction",0.0346003348302515
"ENSG00000262468.9","ENSG00000262468","LINC01569","lncRNA",7.45215241255295,-1.1095606477732,0.0163613060270822,0.0347156730518998,"Downregulated",7.45215241255295,-1.44729329046263,0.0100510327979095,0.0147145739273972,"Downregulated","Shared_downregulated",0.0347156730518998
"ENSG00000262152.9","ENSG00000262152","GREP1","protein_coding",6.98273817831822,1.15656302064259,0.0165380396913039,0.035034245169767,"Upregulated",6.98273817831822,4.72993905940346,2.25391342978137e-05,4.45921002380773e-05,"Upregulated","Shared_upregulated",0.035034245169767
"ENSG00000136155.19","ENSG00000136155","SCEL","protein_coding",32.6422455261743,2.77687272826724,0.0166014770922041,0.0351480797692069,"Upregulated",32.6422455261743,-1.27342830506708,3.39675629292518e-07,7.93836352154034e-07,"Downregulated","Discordant_direction",0.0351480797692069
"ENSG00000129514.9","ENSG00000129514","FOXA1","protein_coding",51.4635676412452,1.46135670466731,0.0179697126258993,0.0376270879026922,"Upregulated",51.4635676412452,1.09346994027055,2.45395532914305e-09,6.89467247575438e-09,"Upregulated","Shared_upregulated",0.0376270879026922
"ENSG00000244675.2","ENSG00000244675","ENSG00000244675","lncRNA",19.5285274584723,1.22597365816507,0.000154780350004971,0.000556021412253867,"Upregulated",19.5285274584723,1.18850231090895,0.0276401787081158,0.0381633830747928,"Upregulated","Shared_upregulated",0.0381633830747928
"ENSG00000127561.18","ENSG00000127561","SYNGR3","protein_coding",37.923862394,1.56442272438672,0.0183069194515853,0.0382392442623775,"Upregulated",37.923862394,1.81548293395202,1.31726727538611e-14,5.44645858912853e-14,"Upregulated","Shared_upregulated",0.0382392442623775
"ENSG00000163909.10","ENSG00000163909","HEYL","protein_coding",8.25761809133745,-1.16867195459876,0.0150160410189881,0.0322007201016832,"Downregulated",8.25761809133745,-1.6437582318806,0.0289431359999093,0.0398559413636151,"Downregulated","Shared_downregulated",0.0398559413636151
"ENSG00000162733.21","ENSG00000162733","DDR2","protein_coding",7.91103753830597,1.61027219317056,0.0193366674106597,0.0401243724237057,"Upregulated",7.91103753830597,2.03408667784149,0.000165773637563625,0.000299849170690471,"Upregulated","Shared_upregulated",0.0401243724237057
"ENSG00000301102.1","ENSG00000301102","ENSG00000301102","lncRNA",4.40229636331343,-2.62649704129516,6.75304710383252e-05,0.000263503388876523,"Downregulated",4.40229636331343,-2.56042865697376,0.0295218773023758,0.040598884595372,"Downregulated","Shared_downregulated",0.040598884595372
"ENSG00000259439.4","ENSG00000259439","LINC01833","lncRNA",9.20657698136598,1.0579777978216,0.0200130484334773,0.0413323497075606,"Upregulated",9.20657698136598,-1.0145782505092,0.017998656172407,0.0254648565118151,"Downregulated","Discordant_direction",0.0413323497075606
"ENSG00000272711.1","ENSG00000272711","HK2-DT","lncRNA",28.7443060861574,-1.31535369283002,0.020076042229222,0.0414447299125193,"Downregulated",28.7443060861574,-4.94606431486556,3.76579335662595e-27,3.46280947488726e-26,"Downregulated","Shared_downregulated",0.0414447299125193
"ENSG00000184613.13","ENSG00000184613","NELL2","protein_coding",433.600987091161,1.39624614334549,3.45003507448253e-23,1.90106115206847e-21,"Upregulated",433.600987091161,-1.4631889289587,0.0302215364378304,0.04151772737293,"Downregulated","Discordant_direction",0.04151772737293
"ENSG00000023171.22","ENSG00000023171","GRAMD1B","protein_coding",42.2156078506873,1.19856961141748,0.0201497987921712,0.0415792231377111,"Upregulated",42.2156078506873,-1.80402431596922,4.28688243490156e-07,9.92103165867029e-07,"Downregulated","Discordant_direction",0.0415792231377111
"ENSG00000255468.8","ENSG00000255468","B4GAT1-DT","lncRNA",19.7963981646117,1.4678975223543,0.0203579290093653,0.0419549356091755,"Upregulated",19.7963981646117,-2.51595264061784,2.91019472662878e-11,9.41185940154079e-11,"Downregulated","Discordant_direction",0.0419549356091755
"ENSG00000130208.12","ENSG00000130208","APOC1","protein_coding",8.67663058556971,1.26362210808024,0.0208342657372428,0.0427844946952136,"Upregulated",8.67663058556971,1.46924661238509,0.00197466289748193,0.00315197871024432,"Upregulated","Shared_upregulated",0.0427844946952136
"ENSG00000136010.16","ENSG00000136010","ALDH1L2","protein_coding",148.054238145482,-1.26553521088779,0.0213718356956905,0.0437273249896862,"Downregulated",148.054238145482,-1.77101390319157,8.98803541805322e-45,2.41212239404495e-43,"Downregulated","Shared_downregulated",0.0437273249896862
"ENSG00000231683.6","ENSG00000231683","KILH","lncRNA",13.3835627107175,1.98793417615469,0.0215064693735599,0.043940505973486,"Upregulated",13.3835627107175,3.46526960400305,3.01088788909147e-14,1.21171305994762e-13,"Upregulated","Shared_upregulated",0.043940505973486
"ENSG00000213606.3","ENSG00000213606","AKR1B10P1","processed_pseudogene",31.9704332306291,2.82190073758444,0.0215653786121775,0.0440362782651368,"Upregulated",31.9704332306291,4.73117526907871,2.75346934068179e-35,4.22256906721276e-34,"Upregulated","Shared_upregulated",0.0440362782651368
"ENSG00000295208.1","ENSG00000295208","ENSG00000295208","lncRNA",9.36672207925225,1.14266176029026,0.0217475656657359,0.0443458170293857,"Upregulated",9.36672207925225,2.59769963237699,9.91680679208132e-08,2.43624960215024e-07,"Upregulated","Shared_upregulated",0.0443458170293857
"ENSG00000248456.2","ENSG00000248456","LINC02485","lncRNA",4.06865668421051,-2.63569286528363,0.0218208754249637,0.0444640223085734,"Downregulated",4.06865668421051,-3.34957169722248,7.67676511243531e-05,0.000143847530397482,"Downregulated","Shared_downregulated",0.0444640223085734
"ENSG00000272851.1","ENSG00000272851","ENSG00000272851","lncRNA",10.0156637811295,1.20763923735975,0.0218529855906032,0.04451884871827,"Upregulated",10.0156637811295,-1.3021584228249,0.0127376008267144,0.0183931159008316,"Downregulated","Discordant_direction",0.04451884871827
"ENSG00000003436.18","ENSG00000003436","TFPI","protein_coding",58.0940351845656,-1.4001723994818,0.0220258483516747,0.0448123816246623,"Downregulated",58.0940351845656,1.89420186899549,2.84921740948266e-27,2.640080479426e-26,"Upregulated","Discordant_direction",0.0448123816246623
"ENSG00000109099.18","ENSG00000109099","PMP22","protein_coding",32.1332805991548,-2.6536253243743,0.0221884768116439,0.0450736481573232,"Downregulated",32.1332805991548,2.57545718247371,2.03382283696545e-21,1.31816460435167e-20,"Upregulated","Discordant_direction",0.0450736481573232
"ENSG00000303794.1","ENSG00000303794","ENSG00000303794","lncRNA",5.41375581551799,2.22293170668889,0.000232554878102864,0.00080434016550518,"Upregulated",5.41375581551799,1.60032517929441,0.0330820333324673,0.0451818704225913,"Upregulated","Shared_upregulated",0.0451818704225913
"ENSG00000184163.4","ENSG00000184163","C1QTNF12","protein_coding",15.0559031458051,2.18240460194323,0.0224819864201789,0.0455931916038668,"Upregulated",15.0559031458051,6.11421715191427,1.7661742648359e-15,7.76088461067372e-15,"Upregulated","Shared_upregulated",0.0455931916038668
"ENSG00000168734.16","ENSG00000168734","PKIG","protein_coding",11.0651490849599,-1.18549511491647,0.0225869127544453,0.0457995717975965,"Downregulated",11.0651490849599,-1.47442721129457,9.29450422697977e-05,0.000172664985588246,"Downregulated","Shared_downregulated",0.0457995717975965
"ENSG00000103355.16","ENSG00000103355","PRSS33","protein_coding",57.2063610412751,2.22200790441079,4.12379193912366e-32,5.53351785016482e-30,"Upregulated",57.2063610412751,1.30941599667987,0.0337362737534392,0.0460406892583897,"Upregulated","Shared_upregulated",0.0460406892583897
"ENSG00000187187.16","ENSG00000187187","ZNF546","protein_coding",3.97624412984817,-2.80972574508475,0.0230873452765923,0.046670638547688,"Downregulated",3.97624412984817,-4.56173416775908,5.60334817357596e-05,0.000106580550900988,"Downregulated","Shared_downregulated",0.046670638547688
"ENSG00000139890.12","ENSG00000139890","REM2","protein_coding",14.7717443705536,1.10573338078398,0.0231184736196575,0.0467175811726354,"Upregulated",14.7717443705536,5.51206168131802,1.13708555284897e-15,5.05169951927876e-15,"Upregulated","Shared_upregulated",0.0467175811726354
"ENSG00000105655.21","ENSG00000105655","ISYNA1","protein_coding",33.4674378690329,1.1192801998627,0.024488167231144,0.0491458966228693,"Upregulated",33.4674378690329,3.01679241768065,5.93913906139209e-33,7.90358156819965e-32,"Upregulated","Shared_upregulated",0.0491458966228693
"ENSG00000131711.16","ENSG00000131711","MAP1B","protein_coding",214.339237548561,-2.31870994226571,4.65439954699575e-48,1.98386935985478e-45,"Downregulated",214.339237548561,-1.69178993314497,0.0366964722975022,0.0498972862202479,"Downregulated","Shared_downregulated",0.0498972862202479
