==============================================
breseq consensus analysis of Ara-3 clones
Started: Tue Aug 11 10:29:36 AM GMT 2026
==============================================

----------------------------------------------
Sample:     Ara3_5000
Generation: 5000
Run:        SRR2589044
----------------------------------------------
================================================================================
breseq 0.39.0     http://barricklab.org/breseq

Active Developers: Barrick JE, Deatherage DE
Contact:           <jeffrey.e.barrick@gmail.com>

breseq is free software; you can redistribute it and/or modify it under the
terms the GNU General Public License as published by the Free Software 
Foundation; either version 2, or (at your option) any later version.

Copyright (c) 2008-2010 Michigan State University
Copyright (c) 2011-2022 The University of Texas at Austin

If you use breseq in your research, please cite:

  Deatherage, D.E., Barrick, J.E. (2014) Identification of mutations
  in laboratory-evolved microbes from next-generation sequencing
  data using breseq. Methods Mol. Biol. 1151: 165–188.

If you use structural variation (junction) predictions, please cite:

  Barrick, J.E., Colburn, G., Deatherage D.E., Traverse, C.C.,
  Strand, M.D., Borges, J.J., Knoester, D.B., Reba, A., Meyer, A.G. 
  (2014) Identifying structural variation in haploid microbial genomes 
  from short-read resequencing data using breseq. BMC Genomics 15:1039.
================================================================================
---> bowtie2  :: version 2.5.4 [/home/reyes/miniconda3/envs/ltee-variant-analysis/bin/bowtie2]
---> bowtie2  :: NOTE :: breseq output may vary slightly depending on your bowtie2 version,
---> bowtie2  :: NOTE :: and occasionally bowtie2 versions may have bugs that cause crashes.
---> bowtie2  :: NOTE :: bowtie2 version 2.4.5 is recommended with this breseq version.
---> R        :: version 4.3.1 [/home/reyes/miniconda3/envs/ltee-variant-analysis/bin/R]
+++   NOW PROCESSING Read and reference sequence file input
  READ FILE::SRR2589044_1.trim
    Converting/filtering FASTQ file...
    Original base quality format: SANGER New format: SANGER
    Original reads: 877521 bases: 124666111
    Filtered reads: none
    Analyzed reads: 877521 bases: 124666111
  READ FILE::SRR2589044_2.trim
    Converting/filtering FASTQ file...
    Original base quality format: SANGER New format: SANGER
    Original reads: 877521 bases: 110505592
    Filtered reads:     23 bases:      3086 (≥90.0% same base)
    Analyzed reads: 877498 bases: 110502506
  READ FILE::SRR2589044_1.unpaired
    Converting/filtering FASTQ file...
    Original base quality format: SANGER New format: SANGER
    Original reads: 224158 bases: 21117246
    Filtered reads: none
    Analyzed reads: 224158 bases: 21117246
  READ FILE::SRR2589044_2.unpaired
    Converting/filtering FASTQ file...
    Original base quality format: SANGER New format: SANGER
    Original reads: 2200 bases: 230844
    Filtered reads: none
    Analyzed reads: 2200 bases: 230844
  ::TOTAL::
    Original reads: 1981400 bases: 256519793
    Analyzed reads: 1981377 bases: 256516707
[samtools] faidx results/breseq_consensus/SRR2589044/data/reference.fasta
  REFERENCE: CP000819
  LENGTH: 4629812
+++   NOW PROCESSING Read alignment to reference genome
[system] bowtie2-build -q "results/breseq_consensus/SRR2589044/data/reference.fasta" "results/breseq_consensus/SRR2589044/02_reference_alignment/reference"
[system] bowtie2 -t --no-unal -p 4 -L 31 --ma 1 --mp 3 --np 0 --rdg 2,3 --rfg 2,3 --ignore-quals --local -i S,1,0.25 --score-min L,1,0.9 -k 2000 --reorder -x "results/breseq_consensus/SRR2589044/02_reference_alignment/reference" -U "results/breseq_consensus/SRR2589044/01_sequence_conversion/SRR2589044_1.trim.converted.fastq" -S "results/breseq_consensus/SRR2589044/02_reference_alignment/SRR2589044_1.trim.stage1.sam" --un "results/breseq_consensus/SRR2589044/02_reference_alignment/SRR2589044_1.trim.stage1.unmatched.fastq"
Time loading reference: 00:00:00
Time loading forward index: 00:00:00
Time loading mirror index: 00:00:00
Multiseed full-index search: 00:00:34
877521 reads; of these:
  877521 (100.00%) were unpaired; of these:
    14410 (1.64%) aligned 0 times
    838333 (95.53%) aligned exactly 1 time
    24778 (2.82%) aligned >1 times
98.36% overall alignment rate
Time searching: 00:00:34
Overall time: 00:00:34
[system] bowtie2 -t --no-unal -p 4 -L 19 --ma 1 --mp 3 --np 0 --rdg 2,3 --rfg 2,3 --ignore-quals --local -i S,1,0.25 --score-min L,6,0.2 -k 2000 --reorder -x "results/breseq_consensus/SRR2589044/02_reference_alignment/reference" -U "results/breseq_consensus/SRR2589044/02_reference_alignment/SRR2589044_1.trim.stage1.unmatched.fastq" -S "results/breseq_consensus/SRR2589044/02_reference_alignment/SRR2589044_1.trim.stage2.matched.sam"
Time loading reference: 00:00:00
Time loading forward index: 00:00:00
Time loading mirror index: 00:00:00
Multiseed full-index search: 00:00:02
14410 reads; of these:
  14410 (100.00%) were unpaired; of these:
    51 (0.35%) aligned 0 times
    4284 (29.73%) aligned exactly 1 time
    10075 (69.92%) aligned >1 times
99.65% overall alignment rate
Time searching: 00:00:02
Overall time: 00:00:02
[system] bowtie2 -t --no-unal -p 4 -L 31 --ma 1 --mp 3 --np 0 --rdg 2,3 --rfg 2,3 --ignore-quals --local -i S,1,0.25 --score-min L,1,0.9 -k 2000 --reorder -x "results/breseq_consensus/SRR2589044/02_reference_alignment/reference" -U "results/breseq_consensus/SRR2589044/01_sequence_conversion/SRR2589044_2.trim.converted.fastq" -S "results/breseq_consensus/SRR2589044/02_reference_alignment/SRR2589044_2.trim.stage1.sam" --un "results/breseq_consensus/SRR2589044/02_reference_alignment/SRR2589044_2.trim.stage1.unmatched.fastq"
Time loading reference: 00:00:00
Time loading forward index: 00:00:00
Time loading mirror index: 00:00:00
Multiseed full-index search: 00:00:33
877498 reads; of these:
  877498 (100.00%) were unpaired; of these:
    16528 (1.88%) aligned 0 times
    835660 (95.23%) aligned exactly 1 time
    25310 (2.88%) aligned >1 times
98.12% overall alignment rate
Time searching: 00:00:33
Overall time: 00:00:33
[system] bowtie2 -t --no-unal -p 4 -L 17 --ma 1 --mp 3 --np 0 --rdg 2,3 --rfg 2,3 --ignore-quals --local -i S,1,0.25 --score-min L,6,0.2 -k 2000 --reorder -x "results/breseq_consensus/SRR2589044/02_reference_alignment/reference" -U "results/breseq_consensus/SRR2589044/02_reference_alignment/SRR2589044_2.trim.stage1.unmatched.fastq" -S "results/breseq_consensus/SRR2589044/02_reference_alignment/SRR2589044_2.trim.stage2.matched.sam"
Time loading reference: 00:00:00
Time loading forward index: 00:00:00
Time loading mirror index: 00:00:00
Multiseed full-index search: 00:00:01
16528 reads; of these:
  16528 (100.00%) were unpaired; of these:
    120 (0.73%) aligned 0 times
    7086 (42.87%) aligned exactly 1 time
    9322 (56.40%) aligned >1 times
99.27% overall alignment rate
Time searching: 00:00:01
Overall time: 00:00:01
[system] bowtie2 -t --no-unal -p 4 -L 31 --ma 1 --mp 3 --np 0 --rdg 2,3 --rfg 2,3 --ignore-quals --local -i S,1,0.25 --score-min L,1,0.9 -k 2000 --reorder -x "results/breseq_consensus/SRR2589044/02_reference_alignment/reference" -U "results/breseq_consensus/SRR2589044/01_sequence_conversion/SRR2589044_1.unpaired.converted.fastq" -S "results/breseq_consensus/SRR2589044/02_reference_alignment/SRR2589044_1.unpaired.stage1.sam" --un "results/breseq_consensus/SRR2589044/02_reference_alignment/SRR2589044_1.unpaired.stage1.unmatched.fastq"
Time loading reference: 00:00:00
Time loading forward index: 00:00:00
Time loading mirror index: 00:00:00
Multiseed full-index search: 00:00:09
224158 reads; of these:
  224158 (100.00%) were unpaired; of these:
    4822 (2.15%) aligned 0 times
    211779 (94.48%) aligned exactly 1 time
    7557 (3.37%) aligned >1 times
97.85% overall alignment rate
Time searching: 00:00:09
Overall time: 00:00:09
[system] bowtie2 -t --no-unal -p 4 -L 14 --ma 1 --mp 3 --np 0 --rdg 2,3 --rfg 2,3 --ignore-quals --local -i S,1,0.25 --score-min L,6,0.2 -k 2000 --reorder -x "results/breseq_consensus/SRR2589044/02_reference_alignment/reference" -U "results/breseq_consensus/SRR2589044/02_reference_alignment/SRR2589044_1.unpaired.stage1.unmatched.fastq" -S "results/breseq_consensus/SRR2589044/02_reference_alignment/SRR2589044_1.unpaired.stage2.matched.sam"
Time loading reference: 00:00:00
Time loading forward index: 00:00:00
Time loading mirror index: 00:00:00
Multiseed full-index search: 00:00:01
4822 reads; of these:
  4822 (100.00%) were unpaired; of these:
    127 (2.63%) aligned 0 times
    1392 (28.87%) aligned exactly 1 time
    3303 (68.50%) aligned >1 times
97.37% overall alignment rate
Time searching: 00:00:01
Overall time: 00:00:01
[system] bowtie2 -t --no-unal -p 4 -L 31 --ma 1 --mp 3 --np 0 --rdg 2,3 --rfg 2,3 --ignore-quals --local -i S,1,0.25 --score-min L,1,0.9 -k 2000 --reorder -x "results/breseq_consensus/SRR2589044/02_reference_alignment/reference" -U "results/breseq_consensus/SRR2589044/01_sequence_conversion/SRR2589044_2.unpaired.converted.fastq" -S "results/breseq_consensus/SRR2589044/02_reference_alignment/SRR2589044_2.unpaired.stage1.sam" --un "results/breseq_consensus/SRR2589044/02_reference_alignment/SRR2589044_2.unpaired.stage1.unmatched.fastq"
Time loading reference: 00:00:00
Time loading forward index: 00:00:00
Time loading mirror index: 00:00:00
Multiseed full-index search: 00:00:00
2200 reads; of these:
  2200 (100.00%) were unpaired; of these:
    66 (3.00%) aligned 0 times
    2078 (94.45%) aligned exactly 1 time
    56 (2.55%) aligned >1 times
97.00% overall alignment rate
Time searching: 00:00:00
Overall time: 00:00:00
[system] bowtie2 -t --no-unal -p 4 -L 15 --ma 1 --mp 3 --np 0 --rdg 2,3 --rfg 2,3 --ignore-quals --local -i S,1,0.25 --score-min L,6,0.2 -k 2000 --reorder -x "results/breseq_consensus/SRR2589044/02_reference_alignment/reference" -U "results/breseq_consensus/SRR2589044/02_reference_alignment/SRR2589044_2.unpaired.stage1.unmatched.fastq" -S "results/breseq_consensus/SRR2589044/02_reference_alignment/SRR2589044_2.unpaired.stage2.matched.sam"
Time loading reference: 00:00:00
Time loading forward index: 00:00:00
Time loading mirror index: 00:00:00
Multiseed full-index search: 00:00:00
66 reads; of these:
  66 (100.00%) were unpaired; of these:
    1 (1.52%) aligned 0 times
    32 (48.48%) aligned exactly 1 time
    33 (50.00%) aligned >1 times
98.48% overall alignment rate
Time searching: 00:00:00
Overall time: 00:00:00
[system] rm -f "results/breseq_consensus/SRR2589044/02_reference_alignment/reference*"
[system] rm -f "results/breseq_consensus/SRR2589044/02_reference_alignment/SRR2589044_1.trim.stage1.unmatched.fastq"
[system] rm -f "results/breseq_consensus/SRR2589044/02_reference_alignment/SRR2589044_1.trim.stage1.sam"
[system] rm -f "results/breseq_consensus/SRR2589044/02_reference_alignment/SRR2589044_1.trim.stage2.matched.sam"
[system] rm -f "results/breseq_consensus/SRR2589044/02_reference_alignment/SRR2589044_2.trim.stage1.unmatched.fastq"
[system] rm -f "results/breseq_consensus/SRR2589044/02_reference_alignment/SRR2589044_2.trim.stage1.sam"
[system] rm -f "results/breseq_consensus/SRR2589044/02_reference_alignment/SRR2589044_2.trim.stage2.matched.sam"
[system] rm -f "results/breseq_consensus/SRR2589044/02_reference_alignment/SRR2589044_1.unpaired.stage1.unmatched.fastq"
[system] rm -f "results/breseq_consensus/SRR2589044/02_reference_alignment/SRR2589044_1.unpaired.stage1.sam"
[system] rm -f "results/breseq_consensus/SRR2589044/02_reference_alignment/SRR2589044_1.unpaired.stage2.matched.sam"
[system] rm -f "results/breseq_consensus/SRR2589044/02_reference_alignment/SRR2589044_2.unpaired.stage1.unmatched.fastq"
[system] rm -f "results/breseq_consensus/SRR2589044/02_reference_alignment/SRR2589044_2.unpaired.stage1.sam"
[system] rm -f "results/breseq_consensus/SRR2589044/02_reference_alignment/SRR2589044_2.unpaired.stage2.matched.sam"
+++   NOW PROCESSING Preprocessing alignments for candidate junction identification
Preprocessing alignments.
  READ FILE::SRR2589044_1.trim
    ALIGNED READ:100000
    ALIGNED READ:200000
    ALIGNED READ:300000
    ALIGNED READ:400000
    ALIGNED READ:500000
    ALIGNED READ:600000
    ALIGNED READ:700000
    ALIGNED READ:800000
  READ FILE::SRR2589044_2.trim
    ALIGNED READ:900000
    ALIGNED READ:1000000
    ALIGNED READ:1100000
    ALIGNED READ:1200000
    ALIGNED READ:1300000
    ALIGNED READ:1400000
    ALIGNED READ:1500000
    ALIGNED READ:1600000
    ALIGNED READ:1700000
  READ FILE::SRR2589044_1.unpaired
    ALIGNED READ:1800000
    ALIGNED READ:1900000
  READ FILE::SRR2589044_2.unpaired
  Summary... 
  Aligned reads:                              1981080
  Read alignments:                            2508496
  Alignments split on indels:                     452
  Reads with alignments split on indels:          166
  Split alignments:                             96501
  Reads with split alignments:                  23132
+++   NOW PROCESSING Preliminary analysis of coverage distribution
[samtools] import results/breseq_consensus/SRR2589044/data/reference.fasta.fai results/breseq_consensus/SRR2589044/03_candidate_junctions/best.sam results/breseq_consensus/SRR2589044/03_candidate_junctions/best.unsorted.bam
[samtools] sort --threads 4 -o results/breseq_consensus/SRR2589044/03_candidate_junctions/best.bam -T results/breseq_consensus/SRR2589044/03_candidate_junctions/best.bam results/breseq_consensus/SRR2589044/03_candidate_junctions/best.unsorted.bam
[samtools] index results/breseq_consensus/SRR2589044/03_candidate_junctions/best.bam results/breseq_consensus/SRR2589044/03_candidate_junctions/best.bam.bai
  REFERENCE: CP000819
  LENGTH: 4629812
    POSITION:10000
    POSITION:20000
    POSITION:30000
    POSITION:40000
    POSITION:50000
    POSITION:60000
    POSITION:70000
    POSITION:80000
    POSITION:90000
    POSITION:100000
    POSITION:110000
    POSITION:120000
    POSITION:130000
    POSITION:140000
    POSITION:150000
    POSITION:160000
    POSITION:170000
    POSITION:180000
    POSITION:190000
    POSITION:200000
    POSITION:210000
    POSITION:220000
    POSITION:230000
    POSITION:240000
    POSITION:250000
    POSITION:260000
    POSITION:270000
    POSITION:280000
    POSITION:290000
    POSITION:300000
    POSITION:310000
    POSITION:320000
    POSITION:330000
    POSITION:340000
    POSITION:350000
    POSITION:360000
    POSITION:370000
    POSITION:380000
    POSITION:390000
    POSITION:400000
    POSITION:410000
    POSITION:420000
    POSITION:430000
    POSITION:440000
    POSITION:450000
    POSITION:460000
    POSITION:470000
    POSITION:480000
    POSITION:490000
    POSITION:500000
    POSITION:510000
    POSITION:520000
    POSITION:530000
    POSITION:540000
    POSITION:550000
    POSITION:560000
    POSITION:570000
    POSITION:580000
    POSITION:590000
    POSITION:600000
    POSITION:610000
    POSITION:620000
    POSITION:630000
    POSITION:640000
    POSITION:650000
    POSITION:660000
    POSITION:670000
    POSITION:680000
    POSITION:690000
    POSITION:700000
    POSITION:710000
    POSITION:720000
    POSITION:730000
    POSITION:740000
    POSITION:750000
    POSITION:760000
    POSITION:770000
    POSITION:780000
    POSITION:790000
    POSITION:800000
    POSITION:810000
    POSITION:820000
    POSITION:830000
    POSITION:840000
    POSITION:850000
    POSITION:860000
    POSITION:870000
    POSITION:880000
    POSITION:890000
    POSITION:900000
    POSITION:910000
    POSITION:920000
    POSITION:930000
    POSITION:940000
    POSITION:950000
    POSITION:960000
    POSITION:970000
    POSITION:980000
    POSITION:990000
    POSITION:1000000
    POSITION:1010000
    POSITION:1020000
    POSITION:1030000
    POSITION:1040000
    POSITION:1050000
    POSITION:1060000
    POSITION:1070000
    POSITION:1080000
    POSITION:1090000
    POSITION:1100000
    POSITION:1110000
    POSITION:1120000
    POSITION:1130000
    POSITION:1140000
    POSITION:1150000
    POSITION:1160000
    POSITION:1170000
    POSITION:1180000
    POSITION:1190000
    POSITION:1200000
    POSITION:1210000
    POSITION:1220000
    POSITION:1230000
    POSITION:1240000
    POSITION:1250000
    POSITION:1260000
    POSITION:1270000
    POSITION:1280000
    POSITION:1290000
    POSITION:1300000
    POSITION:1310000
    POSITION:1320000
    POSITION:1330000
    POSITION:1340000
    POSITION:1350000
    POSITION:1360000
    POSITION:1370000
    POSITION:1380000
    POSITION:1390000
    POSITION:1400000
    POSITION:1410000
    POSITION:1420000
    POSITION:1430000
    POSITION:1440000
    POSITION:1450000
    POSITION:1460000
    POSITION:1470000
    POSITION:1480000
    POSITION:1490000
    POSITION:1500000
    POSITION:1510000
    POSITION:1520000
    POSITION:1530000
    POSITION:1540000
    POSITION:1550000
    POSITION:1560000
    POSITION:1570000
    POSITION:1580000
    POSITION:1590000
    POSITION:1600000
    POSITION:1610000
    POSITION:1620000
    POSITION:1630000
    POSITION:1640000
    POSITION:1650000
    POSITION:1660000
    POSITION:1670000
    POSITION:1680000
    POSITION:1690000
    POSITION:1700000
    POSITION:1710000
    POSITION:1720000
    POSITION:1730000
    POSITION:1740000
    POSITION:1750000
    POSITION:1760000
    POSITION:1770000
    POSITION:1780000
    POSITION:1790000
    POSITION:1800000
    POSITION:1810000
    POSITION:1820000
    POSITION:1830000
    POSITION:1840000
    POSITION:1850000
    POSITION:1860000
    POSITION:1870000
    POSITION:1880000
    POSITION:1890000
    POSITION:1900000
    POSITION:1910000
    POSITION:1920000
    POSITION:1930000
    POSITION:1940000
    POSITION:1950000
    POSITION:1960000
    POSITION:1970000
    POSITION:1980000
    POSITION:1990000
    POSITION:2000000
    POSITION:2010000
    POSITION:2020000
    POSITION:2030000
    POSITION:2040000
    POSITION:2050000
    POSITION:2060000
    POSITION:2070000
    POSITION:2080000
    POSITION:2090000
    POSITION:2100000
    POSITION:2110000
    POSITION:2120000
    POSITION:2130000
    POSITION:2140000
    POSITION:2150000
    POSITION:2160000
    POSITION:2170000
    POSITION:2180000
    POSITION:2190000
    POSITION:2200000
    POSITION:2210000
    POSITION:2220000
    POSITION:2230000
    POSITION:2240000
    POSITION:2250000
    POSITION:2260000
    POSITION:2270000
    POSITION:2280000
    POSITION:2290000
    POSITION:2300000
    POSITION:2310000
    POSITION:2320000
    POSITION:2330000
    POSITION:2340000
    POSITION:2350000
    POSITION:2360000
    POSITION:2370000
    POSITION:2380000
    POSITION:2390000
    POSITION:2400000
    POSITION:2410000
    POSITION:2420000
    POSITION:2430000
    POSITION:2440000
    POSITION:2450000
    POSITION:2460000
    POSITION:2470000
    POSITION:2480000
    POSITION:2490000
    POSITION:2500000
    POSITION:2510000
    POSITION:2520000
    POSITION:2530000
    POSITION:2540000
    POSITION:2550000
    POSITION:2560000
    POSITION:2570000
    POSITION:2580000
    POSITION:2590000
    POSITION:2600000
    POSITION:2610000
    POSITION:2620000
    POSITION:2630000
    POSITION:2640000
    POSITION:2650000
    POSITION:2660000
    POSITION:2670000
    POSITION:2680000
    POSITION:2690000
    POSITION:2700000
    POSITION:2710000
    POSITION:2720000
    POSITION:2730000
    POSITION:2740000
    POSITION:2750000
    POSITION:2760000
    POSITION:2770000
    POSITION:2780000
    POSITION:2790000
    POSITION:2800000
    POSITION:2810000
    POSITION:2820000
    POSITION:2830000
    POSITION:2840000
    POSITION:2850000
    POSITION:2860000
    POSITION:2870000
    POSITION:2880000
    POSITION:2890000
    POSITION:2900000
    POSITION:2910000
    POSITION:2920000
    POSITION:2930000
    POSITION:2940000
    POSITION:2950000
    POSITION:2960000
    POSITION:2970000
    POSITION:2980000
    POSITION:2990000
    POSITION:3000000
    POSITION:3010000
    POSITION:3020000
    POSITION:3030000
    POSITION:3040000
    POSITION:3050000
    POSITION:3060000
    POSITION:3070000
    POSITION:3080000
    POSITION:3090000
    POSITION:3100000
    POSITION:3110000
    POSITION:3120000
    POSITION:3130000
    POSITION:3140000
    POSITION:3150000
    POSITION:3160000
    POSITION:3170000
    POSITION:3180000
    POSITION:3190000
    POSITION:3200000
    POSITION:3210000
    POSITION:3220000
    POSITION:3230000
    POSITION:3240000
    POSITION:3250000
    POSITION:3260000
    POSITION:3270000
    POSITION:3280000
    POSITION:3290000
    POSITION:3300000
    POSITION:3310000
    POSITION:3320000
    POSITION:3330000
    POSITION:3340000
    POSITION:3350000
    POSITION:3360000
    POSITION:3370000
    POSITION:3380000
    POSITION:3390000
    POSITION:3400000
    POSITION:3410000
    POSITION:3420000
    POSITION:3430000
    POSITION:3440000
    POSITION:3450000
    POSITION:3460000
    POSITION:3470000
    POSITION:3480000
    POSITION:3490000
    POSITION:3500000
    POSITION:3510000
    POSITION:3520000
    POSITION:3530000
    POSITION:3540000
    POSITION:3550000
    POSITION:3560000
    POSITION:3570000
    POSITION:3580000
    POSITION:3590000
    POSITION:3600000
    POSITION:3610000
    POSITION:3620000
    POSITION:3630000
    POSITION:3640000
    POSITION:3650000
    POSITION:3660000
    POSITION:3670000
    POSITION:3680000
    POSITION:3690000
    POSITION:3700000
    POSITION:3710000
    POSITION:3720000
    POSITION:3730000
    POSITION:3740000
    POSITION:3750000
    POSITION:3760000
    POSITION:3770000
    POSITION:3780000
    POSITION:3790000
    POSITION:3800000
    POSITION:3810000
    POSITION:3820000
    POSITION:3830000
    POSITION:3840000
    POSITION:3850000
    POSITION:3860000
    POSITION:3870000
    POSITION:3880000
    POSITION:3890000
    POSITION:3900000
    POSITION:3910000
    POSITION:3920000
    POSITION:3930000
    POSITION:3940000
    POSITION:3950000
    POSITION:3960000
    POSITION:3970000
    POSITION:3980000
    POSITION:3990000
    POSITION:4000000
    POSITION:4010000
    POSITION:4020000
    POSITION:4030000
    POSITION:4040000
    POSITION:4050000
    POSITION:4060000
    POSITION:4070000
    POSITION:4080000
    POSITION:4090000
    POSITION:4100000
    POSITION:4110000
    POSITION:4120000
    POSITION:4130000
    POSITION:4140000
    POSITION:4150000
    POSITION:4160000
    POSITION:4170000
    POSITION:4180000
    POSITION:4190000
    POSITION:4200000
    POSITION:4210000
    POSITION:4220000
    POSITION:4230000
    POSITION:4240000
    POSITION:4250000
    POSITION:4260000
    POSITION:4270000
    POSITION:4280000
    POSITION:4290000
    POSITION:4300000
    POSITION:4310000
    POSITION:4320000
    POSITION:4330000
    POSITION:4340000
    POSITION:4350000
    POSITION:4360000
    POSITION:4370000
    POSITION:4380000
    POSITION:4390000
    POSITION:4400000
    POSITION:4410000
    POSITION:4420000
    POSITION:4430000
    POSITION:4440000
    POSITION:4450000
    POSITION:4460000
    POSITION:4470000
    POSITION:4480000
    POSITION:4490000
    POSITION:4500000
    POSITION:4510000
    POSITION:4520000
    POSITION:4530000
    POSITION:4540000
    POSITION:4550000
    POSITION:4560000
    POSITION:4570000
    POSITION:4580000
    POSITION:4590000
    POSITION:4600000
    POSITION:4610000
    POSITION:4620000
[system] R --vanilla < "/home/reyes/miniconda3/envs/ltee-variant-analysis/bin/../share/breseq/coverage_distribution.r" > "results/breseq_consensus/SRR2589044/03_candidate_junctions/0.unique_only_coverage_distribution.tab.r.log" --args distribution_file="results/breseq_consensus/SRR2589044/03_candidate_junctions/0.unique_only_coverage_distribution.tab" plot_file="results/breseq_consensus/SRR2589044/03_candidate_junctions/0.coverage.pdf" deletion_propagation_pr_cutoff=2.32374e-05
[system] rm -f "results/breseq_consensus/SRR2589044/03_candidate_junctions/best.unsorted.bam"
[system] rm -f "results/breseq_consensus/SRR2589044/03_candidate_junctions/best.sam"
[system] rm -f "results/breseq_consensus/SRR2589044/03_candidate_junctions/best.bam"
[system] rm -f "results/breseq_consensus/SRR2589044/03_candidate_junctions/best.bam.bai"
[system] rm -f "results/breseq_consensus/SRR2589044/03_candidate_junctions/0.coverage.pdf"
[system] rm -f "results/breseq_consensus/SRR2589044/03_candidate_junctions/0.unique_only_coverage_distribution.tab"
[system] rm -f "results/breseq_consensus/SRR2589044/03_candidate_junctions/0.unique_only_coverage_distribution.tab.r.log"
+++   NOW PROCESSING Identifying junction candidates
  READ FILE::SRR2589044_1.trim
    ALIGNED READ:10000 CANDIDATE JUNCTIONS:10329
  READ FILE::SRR2589044_2.trim
    ALIGNED READ:20000 CANDIDATE JUNCTIONS:19760
  READ FILE::SRR2589044_1.unpaired
  READ FILE::SRR2589044_2.unpaired
  Passed alignment pairs examined: 36463
  Taking top candidate junctions...
  Minimum number to keep:     100 
  Maximum number to keep:    5000 
  Maximum length to keep:  462981 bases
    Initial: Number = 1077, Cumulative Length = 330574 bases
      Testing Pos Hash Score =   48, Num =      2, Length =    600
      Testing Pos Hash Score =   40, Num =      1, Length =    300
      Testing Pos Hash Score =   28, Num =      1, Length =    302
      Testing Pos Hash Score =   26, Num =      1, Length =    301
      Testing Pos Hash Score =   25, Num =      2, Length =    606
      Testing Pos Hash Score =   22, Num =      6, Length =   1804
      Testing Pos Hash Score =   21, Num =      2, Length =    601
      Testing Pos Hash Score =   18, Num =      2, Length =    600
      Testing Pos Hash Score =   17, Num =      1, Length =    327
      Testing Pos Hash Score =   16, Num =      2, Length =    602
      Testing Pos Hash Score =   13, Num =      1, Length =    300
      Testing Pos Hash Score =   11, Num =      1, Length =    301
      Testing Pos Hash Score =    6, Num =      2, Length =    608
      Testing Pos Hash Score =    5, Num =      6, Length =   1817
      Testing Pos Hash Score =    4, Num =     14, Length =   4297
      Testing Pos Hash Score =    3, Num =     43, Length =  13261
      Testing Pos Hash Score =    2, Num =    987, Length = 303042 [Omitted Similar =      3]
    Accepted: Number = 1074, Pos Hash Score >= 2, Cumulative Length = 329669 bases
[samtools] faidx results/breseq_consensus/SRR2589044/03_candidate_junctions/candidate_junction.fasta
[system] rm -f "results/breseq_consensus/SRR2589044/03_candidate_junctions/SRR2589044_1.trim.split.sam"
[system] rm -f "results/breseq_consensus/SRR2589044/03_candidate_junctions/SRR2589044_2.trim.split.sam"
[system] rm -f "results/breseq_consensus/SRR2589044/03_candidate_junctions/SRR2589044_1.unpaired.split.sam"
[system] rm -f "results/breseq_consensus/SRR2589044/03_candidate_junctions/SRR2589044_2.unpaired.split.sam"
+++   NOW PROCESSING Re-alignment to junction candidates
[system] bowtie2-build -q "results/breseq_consensus/SRR2589044/03_candidate_junctions/candidate_junction.fasta" "results/breseq_consensus/SRR2589044/04_candidate_junction_alignment/candidate_junction"
[system] bowtie2 -t --no-unal -p 4 --local  -L 31 --ma 1 --mp 3 --np 0 --rdg 2,3 --rfg 2,3 --ignore-quals --local -i S,1,0.25 --score-min L,1,0.70 -k 2000 --reorder -x "results/breseq_consensus/SRR2589044/04_candidate_junction_alignment/candidate_junction" -U "results/breseq_consensus/SRR2589044/01_sequence_conversion/SRR2589044_1.trim.converted.fastq" -S "results/breseq_consensus/SRR2589044/04_candidate_junction_alignment/SRR2589044_1.trim.candidate_junction.sam"
Time loading reference: 00:00:00
Time loading forward index: 00:00:00
Time loading mirror index: 00:00:00
Multiseed full-index search: 00:00:12
877521 reads; of these:
  877521 (100.00%) were unpaired; of these:
    837481 (95.44%) aligned 0 times
    31606 (3.60%) aligned exactly 1 time
    8434 (0.96%) aligned >1 times
4.56% overall alignment rate
Time searching: 00:00:12
Overall time: 00:00:12
[system] bowtie2 -t --no-unal -p 4 --local  -L 31 --ma 1 --mp 3 --np 0 --rdg 2,3 --rfg 2,3 --ignore-quals --local -i S,1,0.25 --score-min L,1,0.70 -k 2000 --reorder -x "results/breseq_consensus/SRR2589044/04_candidate_junction_alignment/candidate_junction" -U "results/breseq_consensus/SRR2589044/01_sequence_conversion/SRR2589044_2.trim.converted.fastq" -S "results/breseq_consensus/SRR2589044/04_candidate_junction_alignment/SRR2589044_2.trim.candidate_junction.sam"
Time loading reference: 00:00:00
Time loading forward index: 00:00:00
Time loading mirror index: 00:00:00
Multiseed full-index search: 00:00:11
877498 reads; of these:
  877498 (100.00%) were unpaired; of these:
    834885 (95.14%) aligned 0 times
    33428 (3.81%) aligned exactly 1 time
    9185 (1.05%) aligned >1 times
4.86% overall alignment rate
Time searching: 00:00:11
Overall time: 00:00:11
[system] bowtie2 -t --no-unal -p 4 --local  -L 28 --ma 1 --mp 3 --np 0 --rdg 2,3 --rfg 2,3 --ignore-quals --local -i S,1,0.25 --score-min L,1,0.70 -k 2000 --reorder -x "results/breseq_consensus/SRR2589044/04_candidate_junction_alignment/candidate_junction" -U "results/breseq_consensus/SRR2589044/01_sequence_conversion/SRR2589044_1.unpaired.converted.fastq" -S "results/breseq_consensus/SRR2589044/04_candidate_junction_alignment/SRR2589044_1.unpaired.candidate_junction.sam"
Time loading reference: 00:00:00
Time loading forward index: 00:00:00
Time loading mirror index: 00:00:00
Multiseed full-index search: 00:00:02
224158 reads; of these:
  224158 (100.00%) were unpaired; of these:
    211479 (94.34%) aligned 0 times
    9246 (4.12%) aligned exactly 1 time
    3433 (1.53%) aligned >1 times
5.66% overall alignment rate
Time searching: 00:00:02
Overall time: 00:00:02
[system] bowtie2 -t --no-unal -p 4 --local  -L 31 --ma 1 --mp 3 --np 0 --rdg 2,3 --rfg 2,3 --ignore-quals --local -i S,1,0.25 --score-min L,1,0.70 -k 2000 --reorder -x "results/breseq_consensus/SRR2589044/04_candidate_junction_alignment/candidate_junction" -U "results/breseq_consensus/SRR2589044/01_sequence_conversion/SRR2589044_2.unpaired.converted.fastq" -S "results/breseq_consensus/SRR2589044/04_candidate_junction_alignment/SRR2589044_2.unpaired.candidate_junction.sam"
Time loading reference: 00:00:00
Time loading forward index: 00:00:00
Time loading mirror index: 00:00:00
Multiseed full-index search: 00:00:00
2200 reads; of these:
  2200 (100.00%) were unpaired; of these:
    2096 (95.27%) aligned 0 times
    82 (3.73%) aligned exactly 1 time
    22 (1.00%) aligned >1 times
4.73% overall alignment rate
Time searching: 00:00:00
Overall time: 00:00:00
[system] rm -f "results/breseq_consensus/SRR2589044/04_candidate_junction_alignment/candidate_junction*"
+++   NOW PROCESSING Resolving best read alignments
  READ FILE:SRR2589044_1.trim
    READS:10000
    READS:20000
    READS:30000
    READS:40000
    READS:50000
    READS:60000
    READS:70000
    READS:80000
    READS:90000
    READS:100000
    READS:110000
    READS:120000
    READS:130000
    READS:140000
    READS:150000
    READS:160000
    READS:170000
    READS:180000
    READS:190000
    READS:200000
    READS:210000
    READS:220000
    READS:230000
    READS:240000
    READS:250000
    READS:260000
    READS:270000
    READS:280000
    READS:290000
    READS:300000
    READS:310000
    READS:320000
    READS:330000
    READS:340000
    READS:350000
    READS:360000
    READS:370000
    READS:380000
    READS:390000
    READS:400000
    READS:410000
    READS:420000
    READS:430000
    READS:440000
    READS:450000
    READS:460000
    READS:470000
    READS:480000
    READS:490000
    READS:500000
    READS:510000
    READS:520000
    READS:530000
    READS:540000
    READS:550000
    READS:560000
    READS:570000
    READS:580000
    READS:590000
    READS:600000
    READS:610000
    READS:620000
    READS:630000
    READS:640000
    READS:650000
    READS:660000
    READS:670000
    READS:680000
    READS:690000
    READS:700000
    READS:710000
    READS:720000
    READS:730000
    READS:740000
    READS:750000
    READS:760000
    READS:770000
    READS:780000
    READS:790000
    READS:800000
    READS:810000
    READS:820000
    READS:830000
    READS:840000
    READS:850000
    READS:860000
    READS:870000
  READ FILE:SRR2589044_2.trim
    READS:880000
    READS:890000
    READS:900000
    READS:910000
    READS:920000
    READS:930000
    READS:940000
    READS:950000
    READS:960000
    READS:970000
    READS:980000
    READS:990000
    READS:1000000
    READS:1010000
    READS:1020000
    READS:1030000
    READS:1040000
    READS:1050000
    READS:1060000
    READS:1070000
    READS:1080000
    READS:1090000
    READS:1100000
    READS:1110000
    READS:1120000
    READS:1130000
    READS:1140000
    READS:1150000
    READS:1160000
    READS:1170000
    READS:1180000
    READS:1190000
    READS:1200000
    READS:1210000
    READS:1220000
    READS:1230000
    READS:1240000
    READS:1250000
    READS:1260000
    READS:1270000
    READS:1280000
    READS:1290000
    READS:1300000
    READS:1310000
    READS:1320000
    READS:1330000
    READS:1340000
    READS:1350000
    READS:1360000
    READS:1370000
    READS:1380000
    READS:1390000
    READS:1400000
    READS:1410000
    READS:1420000
    READS:1430000
    READS:1440000
    READS:1450000
    READS:1460000
    READS:1470000
    READS:1480000
    READS:1490000
    READS:1500000
    READS:1510000
    READS:1520000
    READS:1530000
    READS:1540000
    READS:1550000
    READS:1560000
    READS:1570000
    READS:1580000
    READS:1590000
    READS:1600000
    READS:1610000
    READS:1620000
    READS:1630000
    READS:1640000
    READS:1650000
    READS:1660000
    READS:1670000
    READS:1680000
    READS:1690000
    READS:1700000
    READS:1710000
    READS:1720000
    READS:1730000
    READS:1740000
    READS:1750000
  READ FILE:SRR2589044_1.unpaired
    READS:1760000
    READS:1770000
    READS:1780000
    READS:1790000
    READS:1800000
    READS:1810000
    READS:1820000
    READS:1830000
    READS:1840000
    READS:1850000
    READS:1860000
    READS:1870000
    READS:1880000
    READS:1890000
    READS:1900000
    READS:1910000
    READS:1920000
    READS:1930000
    READS:1940000
    READS:1950000
    READS:1960000
    READS:1970000
  READ FILE:SRR2589044_2.unpaired
    READS:1980000
[system] rm -f "results/breseq_consensus/SRR2589044/01_sequence_conversion/SRR2589044_1.trim.converted.fastq"
[system] rm -f "results/breseq_consensus/SRR2589044/01_sequence_conversion/SRR2589044_2.trim.converted.fastq"
[system] rm -f "results/breseq_consensus/SRR2589044/01_sequence_conversion/SRR2589044_1.unpaired.converted.fastq"
[system] rm -f "results/breseq_consensus/SRR2589044/01_sequence_conversion/SRR2589044_2.unpaired.converted.fastq"
[system] rm -f "results/breseq_consensus/SRR2589044/02_reference_alignment/SRR2589044_1.trim.reference.sam"
[system] rm -f "results/breseq_consensus/SRR2589044/02_reference_alignment/SRR2589044_2.trim.reference.sam"
[system] rm -f "results/breseq_consensus/SRR2589044/02_reference_alignment/SRR2589044_1.unpaired.reference.sam"
[system] rm -f "results/breseq_consensus/SRR2589044/02_reference_alignment/SRR2589044_2.unpaired.reference.sam"
[system] rm -f "results/breseq_consensus/SRR2589044/04_candidate_junction_alignment/SRR2589044_1.trim.candidate_junction.sam*"
[system] rm -f "results/breseq_consensus/SRR2589044/04_candidate_junction_alignment/SRR2589044_2.trim.candidate_junction.sam*"
[system] rm -f "results/breseq_consensus/SRR2589044/04_candidate_junction_alignment/SRR2589044_1.unpaired.candidate_junction.sam*"
[system] rm -f "results/breseq_consensus/SRR2589044/04_candidate_junction_alignment/SRR2589044_2.unpaired.candidate_junction.sam*"
+++   NOW PROCESSING Creating BAM files
[samtools] import results/breseq_consensus/SRR2589044/03_candidate_junctions/candidate_junction.fasta.fai results/breseq_consensus/SRR2589044/05_alignment_correction/junction.sam results/breseq_consensus/SRR2589044/06_bam/junction.unsorted.bam
[samtools] sort --threads 4 -o results/breseq_consensus/SRR2589044/06_bam/junction.bam -T results/breseq_consensus/SRR2589044/06_bam/junction.bam results/breseq_consensus/SRR2589044/06_bam/junction.unsorted.bam
[system] rm -f "results/breseq_consensus/SRR2589044/06_bam/junction.unsorted.bam"
[samtools] index results/breseq_consensus/SRR2589044/06_bam/junction.bam results/breseq_consensus/SRR2589044/06_bam/junction.bam.bai
[samtools] import results/breseq_consensus/SRR2589044/data/reference.fasta.fai results/breseq_consensus/SRR2589044/05_alignment_correction/reference.sam results/breseq_consensus/SRR2589044/06_bam/reference.unsorted.bam
[samtools] sort --threads 4 -o results/breseq_consensus/SRR2589044/data/reference.bam -T results/breseq_consensus/SRR2589044/data/reference.bam results/breseq_consensus/SRR2589044/06_bam/reference.unsorted.bam
[system] rm -f "results/breseq_consensus/SRR2589044/06_bam/reference.unsorted.bam"
[samtools] index results/breseq_consensus/SRR2589044/data/reference.bam results/breseq_consensus/SRR2589044/data/reference.bam.bai
[system] rm -f "results/breseq_consensus/SRR2589044/05_alignment_correction/reference.sam"
[system] rm -f "results/breseq_consensus/SRR2589044/05_alignment_correction/junction.sam"
+++   NOW PROCESSING Tabulating error counts
  REFERENCE: CP000819
  LENGTH: 4629812
    POSITION:10000
    POSITION:20000
    POSITION:30000
    POSITION:40000
    POSITION:50000
    POSITION:60000
    POSITION:70000
    POSITION:80000
    POSITION:90000
    POSITION:100000
    POSITION:110000
    POSITION:120000
    POSITION:130000
    POSITION:140000
    POSITION:150000
    POSITION:160000
    POSITION:170000
    POSITION:180000
    POSITION:190000
    POSITION:200000
    POSITION:210000
    POSITION:220000
    POSITION:230000
    POSITION:240000
    POSITION:250000
    POSITION:260000
    POSITION:270000
    POSITION:280000
    POSITION:290000
    POSITION:300000
    POSITION:310000
    POSITION:320000
    POSITION:330000
    POSITION:340000
    POSITION:350000
    POSITION:360000
    POSITION:370000
    POSITION:380000
    POSITION:390000
    POSITION:400000
    POSITION:410000
    POSITION:420000
    POSITION:430000
    POSITION:440000
    POSITION:450000
    POSITION:460000
    POSITION:470000
    POSITION:480000
    POSITION:490000
    POSITION:500000
    POSITION:510000
    POSITION:520000
    POSITION:530000
    POSITION:540000
    POSITION:550000
    POSITION:560000
    POSITION:570000
    POSITION:580000
    POSITION:590000
    POSITION:600000
    POSITION:610000
    POSITION:620000
    POSITION:630000
    POSITION:640000
    POSITION:650000
    POSITION:660000
    POSITION:670000
    POSITION:680000
    POSITION:690000
    POSITION:700000
    POSITION:710000
    POSITION:720000
    POSITION:730000
    POSITION:740000
    POSITION:750000
    POSITION:760000
    POSITION:770000
    POSITION:780000
    POSITION:790000
    POSITION:800000
    POSITION:810000
    POSITION:820000
    POSITION:830000
    POSITION:840000
    POSITION:850000
    POSITION:860000
    POSITION:870000
    POSITION:880000
    POSITION:890000
    POSITION:900000
    POSITION:910000
    POSITION:920000
    POSITION:930000
    POSITION:940000
    POSITION:950000
    POSITION:960000
    POSITION:970000
    POSITION:980000
    POSITION:990000
    POSITION:1000000
    POSITION:1010000
    POSITION:1020000
    POSITION:1030000
    POSITION:1040000
    POSITION:1050000
    POSITION:1060000
    POSITION:1070000
    POSITION:1080000
    POSITION:1090000
    POSITION:1100000
    POSITION:1110000
    POSITION:1120000
    POSITION:1130000
    POSITION:1140000
    POSITION:1150000
    POSITION:1160000
    POSITION:1170000
    POSITION:1180000
    POSITION:1190000
    POSITION:1200000
    POSITION:1210000
    POSITION:1220000
    POSITION:1230000
    POSITION:1240000
    POSITION:1250000
    POSITION:1260000
    POSITION:1270000
    POSITION:1280000
    POSITION:1290000
    POSITION:1300000
    POSITION:1310000
    POSITION:1320000
    POSITION:1330000
    POSITION:1340000
    POSITION:1350000
    POSITION:1360000
    POSITION:1370000
    POSITION:1380000
    POSITION:1390000
    POSITION:1400000
    POSITION:1410000
    POSITION:1420000
    POSITION:1430000
    POSITION:1440000
    POSITION:1450000
    POSITION:1460000
    POSITION:1470000
    POSITION:1480000
    POSITION:1490000
    POSITION:1500000
    POSITION:1510000
    POSITION:1520000
    POSITION:1530000
    POSITION:1540000
    POSITION:1550000
    POSITION:1560000
    POSITION:1570000
    POSITION:1580000
    POSITION:1590000
    POSITION:1600000
    POSITION:1610000
    POSITION:1620000
    POSITION:1630000
    POSITION:1640000
    POSITION:1650000
    POSITION:1660000
    POSITION:1670000
    POSITION:1680000
    POSITION:1690000
    POSITION:1700000
    POSITION:1710000
    POSITION:1720000
    POSITION:1730000
    POSITION:1740000
    POSITION:1750000
    POSITION:1760000
    POSITION:1770000
    POSITION:1780000
    POSITION:1790000
    POSITION:1800000
    POSITION:1810000
    POSITION:1820000
    POSITION:1830000
    POSITION:1840000
    POSITION:1850000
    POSITION:1860000
    POSITION:1870000
    POSITION:1880000
    POSITION:1890000
    POSITION:1900000
    POSITION:1910000
    POSITION:1920000
    POSITION:1930000
    POSITION:1940000
    POSITION:1950000
    POSITION:1960000
    POSITION:1970000
    POSITION:1980000
    POSITION:1990000
    POSITION:2000000
    POSITION:2010000
    POSITION:2020000
    POSITION:2030000
    POSITION:2040000
    POSITION:2050000
    POSITION:2060000
    POSITION:2070000
    POSITION:2080000
    POSITION:2090000
    POSITION:2100000
    POSITION:2110000
    POSITION:2120000
    POSITION:2130000
    POSITION:2140000
    POSITION:2150000
    POSITION:2160000
    POSITION:2170000
    POSITION:2180000
    POSITION:2190000
    POSITION:2200000
    POSITION:2210000
    POSITION:2220000
    POSITION:2230000
    POSITION:2240000
    POSITION:2250000
    POSITION:2260000
    POSITION:2270000
    POSITION:2280000
    POSITION:2290000
    POSITION:2300000
    POSITION:2310000
    POSITION:2320000
    POSITION:2330000
    POSITION:2340000
    POSITION:2350000
    POSITION:2360000
    POSITION:2370000
    POSITION:2380000
    POSITION:2390000
    POSITION:2400000
    POSITION:2410000
    POSITION:2420000
    POSITION:2430000
    POSITION:2440000
    POSITION:2450000
    POSITION:2460000
    POSITION:2470000
    POSITION:2480000
    POSITION:2490000
    POSITION:2500000
    POSITION:2510000
    POSITION:2520000
    POSITION:2530000
    POSITION:2540000
    POSITION:2550000
    POSITION:2560000
    POSITION:2570000
    POSITION:2580000
    POSITION:2590000
    POSITION:2600000
    POSITION:2610000
    POSITION:2620000
    POSITION:2630000
    POSITION:2640000
    POSITION:2650000
    POSITION:2660000
    POSITION:2670000
    POSITION:2680000
    POSITION:2690000
    POSITION:2700000
    POSITION:2710000
    POSITION:2720000
    POSITION:2730000
    POSITION:2740000
    POSITION:2750000
    POSITION:2760000
    POSITION:2770000
    POSITION:2780000
    POSITION:2790000
    POSITION:2800000
    POSITION:2810000
    POSITION:2820000
    POSITION:2830000
    POSITION:2840000
    POSITION:2850000
    POSITION:2860000
    POSITION:2870000
    POSITION:2880000
    POSITION:2890000
    POSITION:2900000
    POSITION:2910000
    POSITION:2920000
    POSITION:2930000
    POSITION:2940000
    POSITION:2950000
    POSITION:2960000
    POSITION:2970000
    POSITION:2980000
    POSITION:2990000
    POSITION:3000000
    POSITION:3010000
    POSITION:3020000
    POSITION:3030000
    POSITION:3040000
    POSITION:3050000
    POSITION:3060000
    POSITION:3070000
    POSITION:3080000
    POSITION:3090000
    POSITION:3100000
    POSITION:3110000
    POSITION:3120000
    POSITION:3130000
    POSITION:3140000
    POSITION:3150000
    POSITION:3160000
    POSITION:3170000
    POSITION:3180000
    POSITION:3190000
    POSITION:3200000
    POSITION:3210000
    POSITION:3220000
    POSITION:3230000
    POSITION:3240000
    POSITION:3250000
    POSITION:3260000
    POSITION:3270000
    POSITION:3280000
    POSITION:3290000
    POSITION:3300000
    POSITION:3310000
    POSITION:3320000
    POSITION:3330000
    POSITION:3340000
    POSITION:3350000
    POSITION:3360000
    POSITION:3370000
    POSITION:3380000
    POSITION:3390000
    POSITION:3400000
    POSITION:3410000
    POSITION:3420000
    POSITION:3430000
    POSITION:3440000
    POSITION:3450000
    POSITION:3460000
    POSITION:3470000
    POSITION:3480000
    POSITION:3490000
    POSITION:3500000
    POSITION:3510000
    POSITION:3520000
    POSITION:3530000
    POSITION:3540000
    POSITION:3550000
    POSITION:3560000
    POSITION:3570000
    POSITION:3580000
    POSITION:3590000
    POSITION:3600000
    POSITION:3610000
    POSITION:3620000
    POSITION:3630000
    POSITION:3640000
    POSITION:3650000
    POSITION:3660000
    POSITION:3670000
    POSITION:3680000
    POSITION:3690000
    POSITION:3700000
    POSITION:3710000
    POSITION:3720000
    POSITION:3730000
    POSITION:3740000
    POSITION:3750000
    POSITION:3760000
    POSITION:3770000
    POSITION:3780000
    POSITION:3790000
    POSITION:3800000
    POSITION:3810000
    POSITION:3820000
    POSITION:3830000
    POSITION:3840000
    POSITION:3850000
    POSITION:3860000
    POSITION:3870000
    POSITION:3880000
    POSITION:3890000
    POSITION:3900000
    POSITION:3910000
    POSITION:3920000
    POSITION:3930000
    POSITION:3940000
    POSITION:3950000
    POSITION:3960000
    POSITION:3970000
    POSITION:3980000
    POSITION:3990000
    POSITION:4000000
    POSITION:4010000
    POSITION:4020000
    POSITION:4030000
    POSITION:4040000
    POSITION:4050000
    POSITION:4060000
    POSITION:4070000
    POSITION:4080000
    POSITION:4090000
    POSITION:4100000
    POSITION:4110000
    POSITION:4120000
    POSITION:4130000
    POSITION:4140000
    POSITION:4150000
    POSITION:4160000
    POSITION:4170000
    POSITION:4180000
    POSITION:4190000
    POSITION:4200000
    POSITION:4210000
    POSITION:4220000
    POSITION:4230000
    POSITION:4240000
    POSITION:4250000
    POSITION:4260000
    POSITION:4270000
    POSITION:4280000
    POSITION:4290000
    POSITION:4300000
    POSITION:4310000
    POSITION:4320000
    POSITION:4330000
    POSITION:4340000
    POSITION:4350000
    POSITION:4360000
    POSITION:4370000
    POSITION:4380000
    POSITION:4390000
    POSITION:4400000
    POSITION:4410000
    POSITION:4420000
    POSITION:4430000
    POSITION:4440000
    POSITION:4450000
    POSITION:4460000
    POSITION:4470000
    POSITION:4480000
    POSITION:4490000
    POSITION:4500000
    POSITION:4510000
    POSITION:4520000
    POSITION:4530000
    POSITION:4540000
    POSITION:4550000
    POSITION:4560000
    POSITION:4570000
    POSITION:4580000
    POSITION:4590000
    POSITION:4600000
    POSITION:4610000
    POSITION:4620000
+++   NOW PROCESSING Re-calibrating base error rates
[system] R --vanilla < "/home/reyes/miniconda3/envs/ltee-variant-analysis/bin/../share/breseq/coverage_distribution.r" > "results/breseq_consensus/SRR2589044/07_error_calibration/0.unique_only_coverage_distribution.tab.r.log" --args distribution_file="results/breseq_consensus/SRR2589044/07_error_calibration/0.unique_only_coverage_distribution.tab" plot_file="results/breseq_consensus/SRR2589044/output/calibration/0.unique_coverage.pdf" deletion_propagation_pr_cutoff=2.32374e-05
[system] R --vanilla < "/home/reyes/miniconda3/envs/ltee-variant-analysis/bin/../share/breseq/plot_error_rate.r" > "results/breseq_consensus/SRR2589044/07_error_calibration/SRR2589044_1.trim.plot_error_rate.log" --args in_file="results/breseq_consensus/SRR2589044/07_error_calibration/base_qual_error_prob.SRR2589044_1.trim.tab" out_file="results/breseq_consensus/SRR2589044/output/calibration/SRR2589044_1.trim.error_rates.pdf" < "/home/reyes/miniconda3/envs/ltee-variant-analysis/bin/../share/breseq/plot_error_rate.r" > "results/breseq_consensus/SRR2589044/07_error_calibration/SRR2589044_1.trim.plot_error_rate.log"
[system] R --vanilla < "/home/reyes/miniconda3/envs/ltee-variant-analysis/bin/../share/breseq/plot_error_rate.r" > "results/breseq_consensus/SRR2589044/07_error_calibration/SRR2589044_2.trim.plot_error_rate.log" --args in_file="results/breseq_consensus/SRR2589044/07_error_calibration/base_qual_error_prob.SRR2589044_2.trim.tab" out_file="results/breseq_consensus/SRR2589044/output/calibration/SRR2589044_2.trim.error_rates.pdf" < "/home/reyes/miniconda3/envs/ltee-variant-analysis/bin/../share/breseq/plot_error_rate.r" > "results/breseq_consensus/SRR2589044/07_error_calibration/SRR2589044_2.trim.plot_error_rate.log"
[system] R --vanilla < "/home/reyes/miniconda3/envs/ltee-variant-analysis/bin/../share/breseq/plot_error_rate.r" > "results/breseq_consensus/SRR2589044/07_error_calibration/SRR2589044_1.unpaired.plot_error_rate.log" --args in_file="results/breseq_consensus/SRR2589044/07_error_calibration/base_qual_error_prob.SRR2589044_1.unpaired.tab" out_file="results/breseq_consensus/SRR2589044/output/calibration/SRR2589044_1.unpaired.error_rates.pdf" < "/home/reyes/miniconda3/envs/ltee-variant-analysis/bin/../share/breseq/plot_error_rate.r" > "results/breseq_consensus/SRR2589044/07_error_calibration/SRR2589044_1.unpaired.plot_error_rate.log"
[system] R --vanilla < "/home/reyes/miniconda3/envs/ltee-variant-analysis/bin/../share/breseq/plot_error_rate.r" > "results/breseq_consensus/SRR2589044/07_error_calibration/SRR2589044_2.unpaired.plot_error_rate.log" --args in_file="results/breseq_consensus/SRR2589044/07_error_calibration/base_qual_error_prob.SRR2589044_2.unpaired.tab" out_file="results/breseq_consensus/SRR2589044/output/calibration/SRR2589044_2.unpaired.error_rates.pdf" < "/home/reyes/miniconda3/envs/ltee-variant-analysis/bin/../share/breseq/plot_error_rate.r" > "results/breseq_consensus/SRR2589044/07_error_calibration/SRR2589044_2.unpaired.plot_error_rate.log"
+++   NOW PROCESSING Examining read alignment evidence
  REFERENCE: CP000819
  LENGTH: 4629812
    POSITION:10000
    POSITION:20000
    POSITION:30000
    POSITION:40000
    POSITION:50000
    POSITION:60000
    POSITION:70000
    POSITION:80000
    POSITION:90000
    POSITION:100000
    POSITION:110000
    POSITION:120000
    POSITION:130000
    POSITION:140000
    POSITION:150000
    POSITION:160000
    POSITION:170000
    POSITION:180000
    POSITION:190000
    POSITION:200000
    POSITION:210000
    POSITION:220000
    POSITION:230000
    POSITION:240000
    POSITION:250000
    POSITION:260000
    POSITION:270000
    POSITION:280000
    POSITION:290000
    POSITION:300000
    POSITION:310000
    POSITION:320000
    POSITION:330000
    POSITION:340000
    POSITION:350000
    POSITION:360000
    POSITION:370000
    POSITION:380000
    POSITION:390000
    POSITION:400000
    POSITION:410000
    POSITION:420000
    POSITION:430000
    POSITION:440000
    POSITION:450000
    POSITION:460000
    POSITION:470000
    POSITION:480000
    POSITION:490000
    POSITION:500000
    POSITION:510000
    POSITION:520000
    POSITION:530000
    POSITION:540000
    POSITION:550000
    POSITION:560000
    POSITION:570000
    POSITION:580000
    POSITION:590000
    POSITION:600000
    POSITION:610000
    POSITION:620000
    POSITION:630000
    POSITION:640000
    POSITION:650000
    POSITION:660000
    POSITION:670000
    POSITION:680000
    POSITION:690000
    POSITION:700000
    POSITION:710000
    POSITION:720000
    POSITION:730000
    POSITION:740000
    POSITION:750000
    POSITION:760000
    POSITION:770000
    POSITION:780000
    POSITION:790000
    POSITION:800000
    POSITION:810000
    POSITION:820000
    POSITION:830000
    POSITION:840000
    POSITION:850000
    POSITION:860000
    POSITION:870000
    POSITION:880000
    POSITION:890000
    POSITION:900000
    POSITION:910000
    POSITION:920000
    POSITION:930000
    POSITION:940000
    POSITION:950000
    POSITION:960000
    POSITION:970000
    POSITION:980000
    POSITION:990000
    POSITION:1000000
    POSITION:1010000
    POSITION:1020000
    POSITION:1030000
    POSITION:1040000
    POSITION:1050000
    POSITION:1060000
    POSITION:1070000
    POSITION:1080000
    POSITION:1090000
    POSITION:1100000
    POSITION:1110000
    POSITION:1120000
    POSITION:1130000
    POSITION:1140000
    POSITION:1150000
    POSITION:1160000
    POSITION:1170000
    POSITION:1180000
    POSITION:1190000
    POSITION:1200000
    POSITION:1210000
    POSITION:1220000
    POSITION:1230000
    POSITION:1240000
    POSITION:1250000
    POSITION:1260000
    POSITION:1270000
    POSITION:1280000
    POSITION:1290000
    POSITION:1300000
    POSITION:1310000
    POSITION:1320000
    POSITION:1330000
    POSITION:1340000
    POSITION:1350000
    POSITION:1360000
    POSITION:1370000
    POSITION:1380000
    POSITION:1390000
    POSITION:1400000
    POSITION:1410000
    POSITION:1420000
    POSITION:1430000
    POSITION:1440000
    POSITION:1450000
    POSITION:1460000
    POSITION:1470000
    POSITION:1480000
    POSITION:1490000
    POSITION:1500000
    POSITION:1510000
    POSITION:1520000
    POSITION:1530000
    POSITION:1540000
    POSITION:1550000
    POSITION:1560000
    POSITION:1570000
    POSITION:1580000
    POSITION:1590000
    POSITION:1600000
    POSITION:1610000
    POSITION:1620000
    POSITION:1630000
    POSITION:1640000
    POSITION:1650000
    POSITION:1660000
    POSITION:1670000
    POSITION:1680000
    POSITION:1690000
    POSITION:1700000
    POSITION:1710000
    POSITION:1720000
    POSITION:1730000
    POSITION:1740000
    POSITION:1750000
    POSITION:1760000
    POSITION:1770000
    POSITION:1780000
    POSITION:1790000
    POSITION:1800000
    POSITION:1810000
    POSITION:1820000
    POSITION:1830000
    POSITION:1840000
    POSITION:1850000
    POSITION:1860000
    POSITION:1870000
    POSITION:1880000
    POSITION:1890000
    POSITION:1900000
    POSITION:1910000
    POSITION:1920000
    POSITION:1930000
    POSITION:1940000
    POSITION:1950000
    POSITION:1960000
    POSITION:1970000
    POSITION:1980000
    POSITION:1990000
    POSITION:2000000
    POSITION:2010000
    POSITION:2020000
    POSITION:2030000
    POSITION:2040000
    POSITION:2050000
    POSITION:2060000
    POSITION:2070000
    POSITION:2080000
    POSITION:2090000
    POSITION:2100000
    POSITION:2110000
    POSITION:2120000
    POSITION:2130000
    POSITION:2140000
    POSITION:2150000
    POSITION:2160000
    POSITION:2170000
    POSITION:2180000
    POSITION:2190000
    POSITION:2200000
    POSITION:2210000
    POSITION:2220000
    POSITION:2230000
    POSITION:2240000
    POSITION:2250000
    POSITION:2260000
    POSITION:2270000
    POSITION:2280000
    POSITION:2290000
    POSITION:2300000
    POSITION:2310000
    POSITION:2320000
    POSITION:2330000
    POSITION:2340000
    POSITION:2350000
    POSITION:2360000
    POSITION:2370000
    POSITION:2380000
    POSITION:2390000
    POSITION:2400000
    POSITION:2410000
    POSITION:2420000
    POSITION:2430000
    POSITION:2440000
    POSITION:2450000
    POSITION:2460000
    POSITION:2470000
    POSITION:2480000
    POSITION:2490000
    POSITION:2500000
    POSITION:2510000
    POSITION:2520000
    POSITION:2530000
    POSITION:2540000
    POSITION:2550000
    POSITION:2560000
    POSITION:2570000
    POSITION:2580000
    POSITION:2590000
    POSITION:2600000
    POSITION:2610000
    POSITION:2620000
    POSITION:2630000
    POSITION:2640000
    POSITION:2650000
    POSITION:2660000
    POSITION:2670000
    POSITION:2680000
    POSITION:2690000
    POSITION:2700000
    POSITION:2710000
    POSITION:2720000
    POSITION:2730000
    POSITION:2740000
    POSITION:2750000
    POSITION:2760000
    POSITION:2770000
    POSITION:2780000
    POSITION:2790000
    POSITION:2800000
    POSITION:2810000
    POSITION:2820000
    POSITION:2830000
    POSITION:2840000
    POSITION:2850000
    POSITION:2860000
    POSITION:2870000
    POSITION:2880000
    POSITION:2890000
    POSITION:2900000
    POSITION:2910000
    POSITION:2920000
    POSITION:2930000
    POSITION:2940000
    POSITION:2950000
    POSITION:2960000
    POSITION:2970000
    POSITION:2980000
    POSITION:2990000
    POSITION:3000000
    POSITION:3010000
    POSITION:3020000
    POSITION:3030000
    POSITION:3040000
    POSITION:3050000
    POSITION:3060000
    POSITION:3070000
    POSITION:3080000
    POSITION:3090000
    POSITION:3100000
    POSITION:3110000
    POSITION:3120000
    POSITION:3130000
    POSITION:3140000
    POSITION:3150000
    POSITION:3160000
    POSITION:3170000
    POSITION:3180000
    POSITION:3190000
    POSITION:3200000
    POSITION:3210000
    POSITION:3220000
    POSITION:3230000
    POSITION:3240000
    POSITION:3250000
    POSITION:3260000
    POSITION:3270000
    POSITION:3280000
    POSITION:3290000
    POSITION:3300000
    POSITION:3310000
    POSITION:3320000
    POSITION:3330000
    POSITION:3340000
    POSITION:3350000
    POSITION:3360000
    POSITION:3370000
    POSITION:3380000
    POSITION:3390000
    POSITION:3400000
    POSITION:3410000
    POSITION:3420000
    POSITION:3430000
    POSITION:3440000
    POSITION:3450000
    POSITION:3460000
    POSITION:3470000
    POSITION:3480000
    POSITION:3490000
    POSITION:3500000
    POSITION:3510000
    POSITION:3520000
    POSITION:3530000
    POSITION:3540000
    POSITION:3550000
    POSITION:3560000
    POSITION:3570000
    POSITION:3580000
    POSITION:3590000
    POSITION:3600000
    POSITION:3610000
    POSITION:3620000
    POSITION:3630000
    POSITION:3640000
    POSITION:3650000
    POSITION:3660000
    POSITION:3670000
    POSITION:3680000
    POSITION:3690000
    POSITION:3700000
    POSITION:3710000
    POSITION:3720000
    POSITION:3730000
    POSITION:3740000
    POSITION:3750000
    POSITION:3760000
    POSITION:3770000
    POSITION:3780000
    POSITION:3790000
    POSITION:3800000
    POSITION:3810000
    POSITION:3820000
    POSITION:3830000
    POSITION:3840000
    POSITION:3850000
    POSITION:3860000
    POSITION:3870000
    POSITION:3880000
    POSITION:3890000
    POSITION:3900000
    POSITION:3910000
    POSITION:3920000
    POSITION:3930000
    POSITION:3940000
    POSITION:3950000
    POSITION:3960000
    POSITION:3970000
    POSITION:3980000
    POSITION:3990000
    POSITION:4000000
    POSITION:4010000
    POSITION:4020000
    POSITION:4030000
    POSITION:4040000
    POSITION:4050000
    POSITION:4060000
    POSITION:4070000
    POSITION:4080000
    POSITION:4090000
    POSITION:4100000
    POSITION:4110000
    POSITION:4120000
    POSITION:4130000
    POSITION:4140000
    POSITION:4150000
    POSITION:4160000
    POSITION:4170000
    POSITION:4180000
    POSITION:4190000
    POSITION:4200000
    POSITION:4210000
    POSITION:4220000
    POSITION:4230000
    POSITION:4240000
    POSITION:4250000
    POSITION:4260000
    POSITION:4270000
    POSITION:4280000
    POSITION:4290000
    POSITION:4300000
    POSITION:4310000
    POSITION:4320000
    POSITION:4330000
    POSITION:4340000
    POSITION:4350000
    POSITION:4360000
    POSITION:4370000
    POSITION:4380000
    POSITION:4390000
    POSITION:4400000
    POSITION:4410000
    POSITION:4420000
    POSITION:4430000
    POSITION:4440000
    POSITION:4450000
    POSITION:4460000
    POSITION:4470000
    POSITION:4480000
    POSITION:4490000
    POSITION:4500000
    POSITION:4510000
    POSITION:4520000
    POSITION:4530000
    POSITION:4540000
    POSITION:4550000
    POSITION:4560000
    POSITION:4570000
    POSITION:4580000
    POSITION:4590000
    POSITION:4600000
    POSITION:4610000
    POSITION:4620000
+++   NOW PROCESSING Polymorphism statistics
[system] R --vanilla < "/home/reyes/miniconda3/envs/ltee-variant-analysis/bin/../share/breseq/polymorphism_statistics.r" > "results/breseq_consensus/SRR2589044/08_mutation_identification/polymorphism_statistics_output.log" --args total_length=4629812 in_file="results/breseq_consensus/SRR2589044/08_mutation_identification/polymorphism_statistics_input.tab" out_file="results/breseq_consensus/SRR2589044/08_mutation_identification/polymorphism_statistics_output.tab" qual_file="results/breseq_consensus/SRR2589044/08_mutation_identification/error_counts.tab"
+++   NOW PROCESSING Output
+++   NOW PROCESSING Output :: Mutation Prediction
Creating merged genome diff evidence file...
Predicting mutations from evidence...
  Preparing junctions...
  Predicting mobile element insertions...
  Predicting large deletions...
  Predicting small indels and substitutions from junctions...
  Predicting small indels and substitutions from alignments...
  Reconciling mutation predictions...
  Making final adjustments to mutations...
  Writing final GD file...
  Writing final VCF file...
+++   NOW PROCESSING Output :: Mutation Annotation
Annotating mutations...
[system] rm -f "results/breseq_consensus/SRR2589044/output/evidence/preannotated.gd"
Drawing coverage plots...
Creating coverage plot for region: CP000819:1-4629812
Creating coverage plot for region: CP000819:762212-762372
Creating coverage plot for region: CP000819:1270134-1270616
Creating coverage plot for region: CP000819:3893680-3901456
Creating coverage plot for region: CP000819:4017724-4017890
Creating evidence file: MC_SIDE_1_30.html
Creating read alignment for region: CP000819:762211-762211
Creating evidence file: MC_SIDE_2_30.html
Creating read alignment for region: CP000819:762373-762373
Creating evidence file: MC_PLOT_30.html
Creating evidence file: MC_SIDE_1_31.html
Creating read alignment for region: CP000819:1270133-1270133
Creating evidence file: MC_SIDE_2_31.html
Creating read alignment for region: CP000819:1270617-1270617
Creating evidence file: MC_PLOT_31.html
Creating evidence file: MC_SIDE_1_32.html
Creating read alignment for region: CP000819:3893679-3893679
Creating evidence file: MC_SIDE_2_32.html
Creating read alignment for region: CP000819:3901457-3901457
Creating evidence file: MC_PLOT_32.html
Creating evidence file: MC_SIDE_1_33.html
Creating read alignment for region: CP000819:4017723-4017723
Creating evidence file: MC_SIDE_2_33.html
Creating read alignment for region: CP000819:4017891-4017891
Creating evidence file: MC_PLOT_33.html
Creating evidence file: SNP_4.html
Creating evidence file: SNP_6.html
Creating read alignment for region: CP000819:648692.0-648692.0
Creating read alignment for region: CP000819:1331794.0-1331794.0
Creating evidence file: SNP_7.html
Creating read alignment for region: CP000819:1733343.0-1733343.0
Creating evidence file: INS_8.html
Creating read alignment for region: CP000819:2103891.1-2103891.4
Creating evidence file: SNP_9.html
Creating read alignment for region: CP000819:3444175.0-3444175.0
Creating evidence file: SNP_10.html
Creating read alignment for region: CP000819:3481820.0-3481820.0
Creating evidence file: SNP_12.html
Creating read alignment for region: CP000819:4100183.0-4100183.0
Creating evidence file: DEL_13.html
Creating read alignment for region: CP000819:4431394.0-4431395.0
Creating evidence file: RA_20.html
Creating read alignment for region: CP000819:3893551.1-3893551.1
Creating evidence file: RA_24.html
Creating read alignment for region: CP000819:4504206.0-4504206.0
Creating evidence file: RA_25.html
Creating read alignment for region: CP000819:4504217.0-4504217.0
Creating evidence file: RA_26.html
Creating read alignment for region: CP000819:4504253.0-4504253.0
Creating evidence file: RA_27.html
Creating read alignment for region: CP000819:4505396.0-4505396.0
Creating evidence file: RA_28.html
Creating read alignment for region: CP000819:4505407.0-4505407.0
Creating evidence file: RA_29.html
Creating read alignment for region: CP000819:4505449.0-4505449.0
Creating evidence file: JC_34.html
Creating read alignment for region: CP000819__1__1__CP000819__4629812__-1__0____150__150__0__0:150-151
Creating evidence file: JC_SIDE_1_34.html
Creating read alignment for region: CP000819:1-1
Creating evidence file: JC_SIDE_2_34.html
Creating read alignment for region: CP000819:4629812-4629812
Creating evidence file: JC_39.html
Creating read alignment for region: CP000819__16989__1__CP000819__666130__-1__0____150__150__0__1:150-151
Creating evidence file: JC_SIDE_1_39.html
Creating read alignment for region: CP000819:16989-16989
Creating evidence file: JC_SIDE_2_39.html
Creating read alignment for region: CP000819:666130-666130
Creating evidence file: JC_40.html
Creating read alignment for region: CP000819__16992__-1__CP000819__2775877__-1__0____150__150__0__1:150-151
Creating evidence file: JC_SIDE_1_40.html
Creating read alignment for region: CP000819:16992-16992
Creating evidence file: JC_SIDE_2_40.html
Creating read alignment for region: CP000819:2775877-2775877
Creating evidence file: JC_57.html
Creating read alignment for region: CP000819__430844__-1__CP000819__592033__1__25____150__150__1__0:150-176
Creating evidence file: JC_SIDE_1_57.html
Creating read alignment for region: CP000819:430844-430844
Creating evidence file: JC_SIDE_2_57.html
Creating read alignment for region: CP000819:592058-592058
Creating evidence file: JC_58.html
Creating read alignment for region: CP000819__471785__1__CP000819__590471__-1__0____150__150__0__0:150-151
Creating evidence file: JC_SIDE_1_58.html
Creating read alignment for region: CP000819:471785-471785
Creating evidence file: JC_SIDE_2_58.html
Creating read alignment for region: CP000819:590471-590471
Creating evidence file: JC_59.html
Creating read alignment for region: CP000819__471787__-1__CP000819__588495__1__0____150__150__0__1:150-151
Creating evidence file: JC_SIDE_1_59.html
Creating read alignment for region: CP000819:471787-471787
Creating evidence file: JC_SIDE_2_59.html
Creating read alignment for region: CP000819:588495-588495
Creating evidence file: JC_62.html
Creating read alignment for region: CP000819__546190__1__CP000819__546932__1__1____150__150__0__1:150-152
Creating evidence file: JC_SIDE_1_62.html
Creating read alignment for region: CP000819:546191-546191
Creating evidence file: JC_SIDE_2_62.html
Creating read alignment for region: CP000819:546932-546932
Creating evidence file: JC_63.html
Creating read alignment for region: CP000819__546199__-1__CP000819__547699__-1__0____150__150__0__1:150-151
Creating evidence file: JC_SIDE_1_63.html
Creating read alignment for region: CP000819:546199-546199
Creating evidence file: JC_SIDE_2_63.html
Creating read alignment for region: CP000819:547699-547699
Creating evidence file: JC_69.html
Creating read alignment for region: CP000819__590471__-1__CP000819__3893549__1__2____150__150__0__0:150-153
Creating evidence file: JC_SIDE_1_69.html
Creating read alignment for region: CP000819:590471-590471
Creating evidence file: JC_SIDE_2_69.html
Creating read alignment for region: CP000819:3893551-3893551
Creating evidence file: JC_70.html
Creating read alignment for region: CP000819__590471__-1__CP000819__3901456__1__1____150__150__0__0:150-152
Creating evidence file: JC_SIDE_1_70.html
Creating evidence file: JC_SIDE_2_70.html
Creating read alignment for region: CP000819:590471-590471
Creating read alignment for region: CP000819:3901457-3901457
Creating evidence file: JC_71.html
Creating read alignment for region: CP000819__590471__-1__CP000819__4613019__1__1____150__150__0__0:150-152
Creating evidence file: JC_SIDE_1_71.html
Creating read alignment for region: CP000819:590471-590471
Creating evidence file: JC_SIDE_2_71.html
Creating read alignment for region: CP000819:4613020-4613020
Creating evidence file: JC_72.html
Creating read alignment for region: CP000819__592066__-1__CP000819__1858406__-1__3____150__150__0__1:150-154
Creating evidence file: JC_SIDE_1_72.html
Creating read alignment for region: CP000819:592066-592066
Creating evidence file: JC_SIDE_2_72.html
Creating read alignment for region: CP000819:1858403-1858403
Creating evidence file: JC_75.html
Creating read alignment for region: CP000819__664688__1__CP000819__666131__-1__-2__CG__150__150__1__1:150-153
Creating evidence file: JC_SIDE_1_75.html
Creating read alignment for region: CP000819:664688-664688
Creating evidence file: JC_SIDE_2_75.html
Creating read alignment for region: CP000819:666131-666131
Creating evidence file: JC_76.html
Creating read alignment for region: CP000819__664688__1__CP000819__969840__-1__2____150__150__1__0:150-153
Creating evidence file: JC_SIDE_1_76.html
Creating read alignment for region: CP000819:664688-664688
Creating evidence file: JC_SIDE_2_76.html
Creating read alignment for region: CP000819:969838-969838
Creating evidence file: JC_89.html
Creating read alignment for region: CP000819__969836__1__CP000819__2774435__1__0____150__150__0__1:150-151
Creating evidence file: JC_SIDE_1_89.html
Creating read alignment for region: CP000819:969836-969836
Creating evidence file: JC_SIDE_2_89.html
Creating read alignment for region: CP000819:2774435-2774435
Creating evidence file: JC_111.html
Creating read alignment for region: CP000819__2103888__1__CP000819__2103918__-1__27____150__150__0__0:150-178
Creating evidence file: JC_SIDE_1_111.html
Creating read alignment for region: CP000819:2103888-2103888
Creating evidence file: JC_SIDE_2_111.html
Creating read alignment for region: CP000819:2103891-2103891
Creating evidence file: JC_122.html
Creating read alignment for region: CP000819__2451100__-1__CP000819__2453831__-1__18____150__150__0__0:150-169
Creating evidence file: JC_SIDE_1_122.html
Creating read alignment for region: CP000819:2451100-2451100
Creating evidence file: JC_SIDE_2_122.html
Creating read alignment for region: CP000819:2453813-2453813
Creating evidence file: JC_127.html
Creating read alignment for region: CP000819__2563919__-1__CP000819__2563943__-1__14____150__150__0__0:150-165
Creating evidence file: JC_SIDE_1_127.html
Creating read alignment for region: CP000819:2563919-2563919
Creating evidence file: JC_SIDE_2_127.html
Creating read alignment for region: CP000819:2563929-2563929
Creating evidence file: JC_133.html
Creating read alignment for region: CP000819__2774458__-1__CP000819__2775860__-1__7____150__150__0__1:150-158
Creating evidence file: JC_SIDE_1_133.html
Creating read alignment for region: CP000819:2774451-2774451
Creating evidence file: JC_SIDE_2_133.html
Creating read alignment for region: CP000819:2775860-2775860
Creating evidence file: JC_158.html
Creating read alignment for region: CP000819__3893554__1__CP000819__4613024__-1__2____150__150__1__0:150-153
Creating evidence file: JC_SIDE_1_158.html
Creating read alignment for region: CP000819:3893554-3893554
Creating evidence file: JC_SIDE_2_158.html
Creating read alignment for region: CP000819:4613022-4613022
Creating evidence file: JC_160.html
Creating read alignment for region: CP000819__3946054__-1__CP000819__3946092__-1__7____150__150__0__0:150-158
Creating evidence file: JC_SIDE_1_160.html
Creating read alignment for region: CP000819:3946054-3946054
Creating evidence file: JC_SIDE_2_160.html
Creating read alignment for region: CP000819:3946085-3946085
Creating evidence file: JC_163.html
Creating read alignment for region: CP000819__4114849__1__CP000819__4115448__1__8____150__150__0__0:150-159
Creating evidence file: JC_SIDE_1_163.html
Creating read alignment for region: CP000819:4114849-4114849
Creating evidence file: JC_SIDE_2_163.html
Creating read alignment for region: CP000819:4115456-4115456
Creating evidence file: JC_168.html
Creating read alignment for region: CP000819__4351972__1__CP000819__4353208__1__36____150__150__0__0:150-187
Creating evidence file: JC_SIDE_1_168.html
Creating read alignment for region: CP000819:4351972-4351972
Creating evidence file: JC_SIDE_2_168.html
Creating read alignment for region: CP000819:4353244-4353244
Creating evidence file: JC_169.html
Creating read alignment for region: CP000819__4387329__1__CP000819__4387375__1__15____150__150__0__0:150-166
Creating evidence file: JC_SIDE_1_169.html
Creating read alignment for region: CP000819:4387329-4387329
Creating evidence file: JC_SIDE_2_169.html
Creating read alignment for region: CP000819:4387390-4387390
Creating index HTML table...
[system] rm -f "results/breseq_consensus/SRR2589044/01_sequence_conversion/*.trims"
[system] rm -f "results/breseq_consensus/SRR2589044/03_candidate_junctions/candidate_junction.fasta"
[system] rm -f "results/breseq_consensus/SRR2589044/03_candidate_junctions/candidate_junction.fasta.fai"
[system] rm -f "results/breseq_consensus/SRR2589044/05_alignment_correction/jc_evidence.gd"
[system] rm -f "results/breseq_consensus/SRR2589044/06_bam/junction.bam"
[system] rm -f "results/breseq_consensus/SRR2589044/06_bam/junction.bam.bai"
+++   SUCCESSFULLY COMPLETED

----------------------------------------------
Sample:     Ara3_15000
Generation: 15000
Run:        SRR2584863
----------------------------------------------
================================================================================
breseq 0.39.0     http://barricklab.org/breseq

Active Developers: Barrick JE, Deatherage DE
Contact:           <jeffrey.e.barrick@gmail.com>

breseq is free software; you can redistribute it and/or modify it under the
terms the GNU General Public License as published by the Free Software 
Foundation; either version 2, or (at your option) any later version.

Copyright (c) 2008-2010 Michigan State University
Copyright (c) 2011-2022 The University of Texas at Austin

If you use breseq in your research, please cite:

  Deatherage, D.E., Barrick, J.E. (2014) Identification of mutations
  in laboratory-evolved microbes from next-generation sequencing
  data using breseq. Methods Mol. Biol. 1151: 165–188.

If you use structural variation (junction) predictions, please cite:

  Barrick, J.E., Colburn, G., Deatherage D.E., Traverse, C.C.,
  Strand, M.D., Borges, J.J., Knoester, D.B., Reba, A., Meyer, A.G. 
  (2014) Identifying structural variation in haploid microbial genomes 
  from short-read resequencing data using breseq. BMC Genomics 15:1039.
================================================================================
---> bowtie2  :: version 2.5.4 [/home/reyes/miniconda3/envs/ltee-variant-analysis/bin/bowtie2]
---> bowtie2  :: NOTE :: breseq output may vary slightly depending on your bowtie2 version,
---> bowtie2  :: NOTE :: and occasionally bowtie2 versions may have bugs that cause crashes.
---> bowtie2  :: NOTE :: bowtie2 version 2.4.5 is recommended with this breseq version.
---> R        :: version 4.3.1 [/home/reyes/miniconda3/envs/ltee-variant-analysis/bin/R]
+++   NOW PROCESSING Read and reference sequence file input
  READ FILE::SRR2584863_1.trim
    Converting/filtering FASTQ file...
    Original base quality format: SANGER New format: SANGER
    Original reads: 1263898 bases: 179443430
    Filtered reads: none
    Analyzed reads: 1263898 bases: 179443430
  READ FILE::SRR2584863_2.trim
    Converting/filtering FASTQ file...
    Original base quality format: SANGER New format: SANGER
    Original reads: 1263898 bases: 157134715
    Filtered reads:      27 bases:      3030 (≥90.0% same base)
    Analyzed reads: 1263871 bases: 157131685
  READ FILE::SRR2584863_1.unpaired
    Converting/filtering FASTQ file...
    Original base quality format: SANGER New format: SANGER
    Original reads: 281499 bases: 27336574
    Filtered reads: none
    Analyzed reads: 281499 bases: 27336574
  READ FILE::SRR2584863_2.unpaired
    Converting/filtering FASTQ file...
    Original base quality format: SANGER New format: SANGER
    Original reads: 3224 bases: 339420
    Filtered reads: none
    Analyzed reads: 3224 bases: 339420
  ::TOTAL::
    Original reads: 2812519 bases: 364254139
    Analyzed reads: 2812492 bases: 364251109
[samtools] faidx results/breseq_consensus/SRR2584863/data/reference.fasta
  REFERENCE: CP000819
  LENGTH: 4629812
+++   NOW PROCESSING Read alignment to reference genome
[system] bowtie2-build -q "results/breseq_consensus/SRR2584863/data/reference.fasta" "results/breseq_consensus/SRR2584863/02_reference_alignment/reference"
[system] bowtie2 -t --no-unal -p 4 -L 31 --ma 1 --mp 3 --np 0 --rdg 2,3 --rfg 2,3 --ignore-quals --local -i S,1,0.25 --score-min L,1,0.9 -k 2000 --reorder -x "results/breseq_consensus/SRR2584863/02_reference_alignment/reference" -U "results/breseq_consensus/SRR2584863/01_sequence_conversion/SRR2584863_1.trim.converted.fastq" -S "results/breseq_consensus/SRR2584863/02_reference_alignment/SRR2584863_1.trim.stage1.sam" --un "results/breseq_consensus/SRR2584863/02_reference_alignment/SRR2584863_1.trim.stage1.unmatched.fastq"
Time loading reference: 00:00:00
Time loading forward index: 00:00:00
Time loading mirror index: 00:00:00
Multiseed full-index search: 00:01:28
1263898 reads; of these:
  1263898 (100.00%) were unpaired; of these:
    10562 (0.84%) aligned 0 times
    1216597 (96.26%) aligned exactly 1 time
    36739 (2.91%) aligned >1 times
99.16% overall alignment rate
Time searching: 00:01:28
Overall time: 00:01:28
[system] bowtie2 -t --no-unal -p 4 -L 19 --ma 1 --mp 3 --np 0 --rdg 2,3 --rfg 2,3 --ignore-quals --local -i S,1,0.25 --score-min L,6,0.2 -k 2000 --reorder -x "results/breseq_consensus/SRR2584863/02_reference_alignment/reference" -U "results/breseq_consensus/SRR2584863/02_reference_alignment/SRR2584863_1.trim.stage1.unmatched.fastq" -S "results/breseq_consensus/SRR2584863/02_reference_alignment/SRR2584863_1.trim.stage2.matched.sam"
Time loading reference: 00:00:00
Time loading forward index: 00:00:00
Time loading mirror index: 00:00:00
Multiseed full-index search: 00:00:05
10562 reads; of these:
  10562 (100.00%) were unpaired; of these:
    45 (0.43%) aligned 0 times
    3471 (32.86%) aligned exactly 1 time
    7046 (66.71%) aligned >1 times
99.57% overall alignment rate
Time searching: 00:00:05
Overall time: 00:00:05
[system] bowtie2 -t --no-unal -p 4 -L 31 --ma 1 --mp 3 --np 0 --rdg 2,3 --rfg 2,3 --ignore-quals --local -i S,1,0.25 --score-min L,1,0.9 -k 2000 --reorder -x "results/breseq_consensus/SRR2584863/02_reference_alignment/reference" -U "results/breseq_consensus/SRR2584863/01_sequence_conversion/SRR2584863_2.trim.converted.fastq" -S "results/breseq_consensus/SRR2584863/02_reference_alignment/SRR2584863_2.trim.stage1.sam" --un "results/breseq_consensus/SRR2584863/02_reference_alignment/SRR2584863_2.trim.stage1.unmatched.fastq"
Time loading reference: 00:00:00
Time loading forward index: 00:00:00
Time loading mirror index: 00:00:00
Multiseed full-index search: 00:01:07
1263871 reads; of these:
  1263871 (100.00%) were unpaired; of these:
    15646 (1.24%) aligned 0 times
    1210989 (95.82%) aligned exactly 1 time
    37236 (2.95%) aligned >1 times
98.76% overall alignment rate
Time searching: 00:01:07
Overall time: 00:01:07
[system] bowtie2 -t --no-unal -p 4 -L 17 --ma 1 --mp 3 --np 0 --rdg 2,3 --rfg 2,3 --ignore-quals --local -i S,1,0.25 --score-min L,6,0.2 -k 2000 --reorder -x "results/breseq_consensus/SRR2584863/02_reference_alignment/reference" -U "results/breseq_consensus/SRR2584863/02_reference_alignment/SRR2584863_2.trim.stage1.unmatched.fastq" -S "results/breseq_consensus/SRR2584863/02_reference_alignment/SRR2584863_2.trim.stage2.matched.sam"
Time loading reference: 00:00:00
Time loading forward index: 00:00:00
Time loading mirror index: 00:00:00
Multiseed full-index search: 00:00:01
15646 reads; of these:
  15646 (100.00%) were unpaired; of these:
    158 (1.01%) aligned 0 times
    8273 (52.88%) aligned exactly 1 time
    7215 (46.11%) aligned >1 times
98.99% overall alignment rate
Time searching: 00:00:01
Overall time: 00:00:01
[system] bowtie2 -t --no-unal -p 4 -L 31 --ma 1 --mp 3 --np 0 --rdg 2,3 --rfg 2,3 --ignore-quals --local -i S,1,0.25 --score-min L,1,0.9 -k 2000 --reorder -x "results/breseq_consensus/SRR2584863/02_reference_alignment/reference" -U "results/breseq_consensus/SRR2584863/01_sequence_conversion/SRR2584863_1.unpaired.converted.fastq" -S "results/breseq_consensus/SRR2584863/02_reference_alignment/SRR2584863_1.unpaired.stage1.sam" --un "results/breseq_consensus/SRR2584863/02_reference_alignment/SRR2584863_1.unpaired.stage1.unmatched.fastq"
Time loading reference: 00:00:00
Time loading forward index: 00:00:00
Time loading mirror index: 00:00:00
Multiseed full-index search: 00:00:10
281499 reads; of these:
  281499 (100.00%) were unpaired; of these:
    3769 (1.34%) aligned 0 times
    268739 (95.47%) aligned exactly 1 time
    8991 (3.19%) aligned >1 times
98.66% overall alignment rate
Time searching: 00:00:10
Overall time: 00:00:10
[system] bowtie2 -t --no-unal -p 4 -L 14 --ma 1 --mp 3 --np 0 --rdg 2,3 --rfg 2,3 --ignore-quals --local -i S,1,0.25 --score-min L,6,0.2 -k 2000 --reorder -x "results/breseq_consensus/SRR2584863/02_reference_alignment/reference" -U "results/breseq_consensus/SRR2584863/02_reference_alignment/SRR2584863_1.unpaired.stage1.unmatched.fastq" -S "results/breseq_consensus/SRR2584863/02_reference_alignment/SRR2584863_1.unpaired.stage2.matched.sam"
Time loading reference: 00:00:00
Time loading forward index: 00:00:00
Time loading mirror index: 00:00:00
Multiseed full-index search: 00:00:01
3769 reads; of these:
  3769 (100.00%) were unpaired; of these:
    142 (3.77%) aligned 0 times
    1607 (42.64%) aligned exactly 1 time
    2020 (53.60%) aligned >1 times
96.23% overall alignment rate
Time searching: 00:00:01
Overall time: 00:00:01
[system] bowtie2 -t --no-unal -p 4 -L 31 --ma 1 --mp 3 --np 0 --rdg 2,3 --rfg 2,3 --ignore-quals --local -i S,1,0.25 --score-min L,1,0.9 -k 2000 --reorder -x "results/breseq_consensus/SRR2584863/02_reference_alignment/reference" -U "results/breseq_consensus/SRR2584863/01_sequence_conversion/SRR2584863_2.unpaired.converted.fastq" -S "results/breseq_consensus/SRR2584863/02_reference_alignment/SRR2584863_2.unpaired.stage1.sam" --un "results/breseq_consensus/SRR2584863/02_reference_alignment/SRR2584863_2.unpaired.stage1.unmatched.fastq"
Time loading reference: 00:00:00
Time loading forward index: 00:00:00
Time loading mirror index: 00:00:00
Multiseed full-index search: 00:00:00
3224 reads; of these:
  3224 (100.00%) were unpaired; of these:
    101 (3.13%) aligned 0 times
    3037 (94.20%) aligned exactly 1 time
    86 (2.67%) aligned >1 times
96.87% overall alignment rate
Time searching: 00:00:00
Overall time: 00:00:00
[system] bowtie2 -t --no-unal -p 4 -L 15 --ma 1 --mp 3 --np 0 --rdg 2,3 --rfg 2,3 --ignore-quals --local -i S,1,0.25 --score-min L,6,0.2 -k 2000 --reorder -x "results/breseq_consensus/SRR2584863/02_reference_alignment/reference" -U "results/breseq_consensus/SRR2584863/02_reference_alignment/SRR2584863_2.unpaired.stage1.unmatched.fastq" -S "results/breseq_consensus/SRR2584863/02_reference_alignment/SRR2584863_2.unpaired.stage2.matched.sam"
Time loading reference: 00:00:00
Time loading forward index: 00:00:00
Time loading mirror index: 00:00:00
Multiseed full-index search: 00:00:00
101 reads; of these:
  101 (100.00%) were unpaired; of these:
    2 (1.98%) aligned 0 times
    61 (60.40%) aligned exactly 1 time
    38 (37.62%) aligned >1 times
98.02% overall alignment rate
Time searching: 00:00:00
Overall time: 00:00:00
[system] rm -f "results/breseq_consensus/SRR2584863/02_reference_alignment/reference*"
[system] rm -f "results/breseq_consensus/SRR2584863/02_reference_alignment/SRR2584863_1.trim.stage1.unmatched.fastq"
[system] rm -f "results/breseq_consensus/SRR2584863/02_reference_alignment/SRR2584863_1.trim.stage1.sam"
[system] rm -f "results/breseq_consensus/SRR2584863/02_reference_alignment/SRR2584863_1.trim.stage2.matched.sam"
[system] rm -f "results/breseq_consensus/SRR2584863/02_reference_alignment/SRR2584863_2.trim.stage1.unmatched.fastq"
[system] rm -f "results/breseq_consensus/SRR2584863/02_reference_alignment/SRR2584863_2.trim.stage1.sam"
[system] rm -f "results/breseq_consensus/SRR2584863/02_reference_alignment/SRR2584863_2.trim.stage2.matched.sam"
[system] rm -f "results/breseq_consensus/SRR2584863/02_reference_alignment/SRR2584863_1.unpaired.stage1.unmatched.fastq"
[system] rm -f "results/breseq_consensus/SRR2584863/02_reference_alignment/SRR2584863_1.unpaired.stage1.sam"
[system] rm -f "results/breseq_consensus/SRR2584863/02_reference_alignment/SRR2584863_1.unpaired.stage2.matched.sam"
[system] rm -f "results/breseq_consensus/SRR2584863/02_reference_alignment/SRR2584863_2.unpaired.stage1.unmatched.fastq"
[system] rm -f "results/breseq_consensus/SRR2584863/02_reference_alignment/SRR2584863_2.unpaired.stage1.sam"
[system] rm -f "results/breseq_consensus/SRR2584863/02_reference_alignment/SRR2584863_2.unpaired.stage2.matched.sam"
+++   NOW PROCESSING Preprocessing alignments for candidate junction identification
Preprocessing alignments.
  READ FILE::SRR2584863_1.trim
    ALIGNED READ:100000
    ALIGNED READ:200000
    ALIGNED READ:300000
    ALIGNED READ:400000
    ALIGNED READ:500000
    ALIGNED READ:600000
    ALIGNED READ:700000
    ALIGNED READ:800000
    ALIGNED READ:900000
    ALIGNED READ:1000000
    ALIGNED READ:1100000
    ALIGNED READ:1200000
  READ FILE::SRR2584863_2.trim
    ALIGNED READ:1300000
    ALIGNED READ:1400000
    ALIGNED READ:1500000
    ALIGNED READ:1600000
    ALIGNED READ:1700000
    ALIGNED READ:1800000
    ALIGNED READ:1900000
    ALIGNED READ:2000000
    ALIGNED READ:2100000
    ALIGNED READ:2200000
    ALIGNED READ:2300000
    ALIGNED READ:2400000
    ALIGNED READ:2500000
  READ FILE::SRR2584863_1.unpaired
    ALIGNED READ:2600000
    ALIGNED READ:2700000
    ALIGNED READ:2800000
  READ FILE::SRR2584863_2.unpaired
  Summary... 
  Aligned reads:                              2812145
  Read alignments:                            3430938
  Alignments split on indels:                     237
  Reads with alignments split on indels:          118
  Split alignments:                             72417
  Reads with split alignments:                  17119
+++   NOW PROCESSING Preliminary analysis of coverage distribution
[samtools] import results/breseq_consensus/SRR2584863/data/reference.fasta.fai results/breseq_consensus/SRR2584863/03_candidate_junctions/best.sam results/breseq_consensus/SRR2584863/03_candidate_junctions/best.unsorted.bam
[samtools] sort --threads 4 -o results/breseq_consensus/SRR2584863/03_candidate_junctions/best.bam -T results/breseq_consensus/SRR2584863/03_candidate_junctions/best.bam results/breseq_consensus/SRR2584863/03_candidate_junctions/best.unsorted.bam
[samtools] index results/breseq_consensus/SRR2584863/03_candidate_junctions/best.bam results/breseq_consensus/SRR2584863/03_candidate_junctions/best.bam.bai
  REFERENCE: CP000819
  LENGTH: 4629812
    POSITION:10000
    POSITION:20000
    POSITION:30000
    POSITION:40000
    POSITION:50000
    POSITION:60000
    POSITION:70000
    POSITION:80000
    POSITION:90000
    POSITION:100000
    POSITION:110000
    POSITION:120000
    POSITION:130000
    POSITION:140000
    POSITION:150000
    POSITION:160000
    POSITION:170000
    POSITION:180000
    POSITION:190000
    POSITION:200000
    POSITION:210000
    POSITION:220000
    POSITION:230000
    POSITION:240000
    POSITION:250000
    POSITION:260000
    POSITION:270000
    POSITION:280000
    POSITION:290000
    POSITION:300000
    POSITION:310000
    POSITION:320000
    POSITION:330000
    POSITION:340000
    POSITION:350000
    POSITION:360000
    POSITION:370000
    POSITION:380000
    POSITION:390000
    POSITION:400000
    POSITION:410000
    POSITION:420000
    POSITION:430000
    POSITION:440000
    POSITION:450000
    POSITION:460000
    POSITION:470000
    POSITION:480000
    POSITION:490000
    POSITION:500000
    POSITION:510000
    POSITION:520000
    POSITION:530000
    POSITION:540000
    POSITION:550000
    POSITION:560000
    POSITION:570000
    POSITION:580000
    POSITION:590000
    POSITION:600000
    POSITION:610000
    POSITION:620000
    POSITION:630000
    POSITION:640000
    POSITION:650000
    POSITION:660000
    POSITION:670000
    POSITION:680000
    POSITION:690000
    POSITION:700000
    POSITION:710000
    POSITION:720000
    POSITION:730000
    POSITION:740000
    POSITION:750000
    POSITION:760000
    POSITION:770000
    POSITION:780000
    POSITION:790000
    POSITION:800000
    POSITION:810000
    POSITION:820000
    POSITION:830000
    POSITION:840000
    POSITION:850000
    POSITION:860000
    POSITION:870000
    POSITION:880000
    POSITION:890000
    POSITION:900000
    POSITION:910000
    POSITION:920000
    POSITION:930000
    POSITION:940000
    POSITION:950000
    POSITION:960000
    POSITION:970000
    POSITION:980000
    POSITION:990000
    POSITION:1000000
    POSITION:1010000
    POSITION:1020000
    POSITION:1030000
    POSITION:1040000
    POSITION:1050000
    POSITION:1060000
    POSITION:1070000
    POSITION:1080000
    POSITION:1090000
    POSITION:1100000
    POSITION:1110000
    POSITION:1120000
    POSITION:1130000
    POSITION:1140000
    POSITION:1150000
    POSITION:1160000
    POSITION:1170000
    POSITION:1180000
    POSITION:1190000
    POSITION:1200000
    POSITION:1210000
    POSITION:1220000
    POSITION:1230000
    POSITION:1240000
    POSITION:1250000
    POSITION:1260000
    POSITION:1270000
    POSITION:1280000
    POSITION:1290000
    POSITION:1300000
    POSITION:1310000
    POSITION:1320000
    POSITION:1330000
    POSITION:1340000
    POSITION:1350000
    POSITION:1360000
    POSITION:1370000
    POSITION:1380000
    POSITION:1390000
    POSITION:1400000
    POSITION:1410000
    POSITION:1420000
    POSITION:1430000
    POSITION:1440000
    POSITION:1450000
    POSITION:1460000
    POSITION:1470000
    POSITION:1480000
    POSITION:1490000
    POSITION:1500000
    POSITION:1510000
    POSITION:1520000
    POSITION:1530000
    POSITION:1540000
    POSITION:1550000
    POSITION:1560000
    POSITION:1570000
    POSITION:1580000
    POSITION:1590000
    POSITION:1600000
    POSITION:1610000
    POSITION:1620000
    POSITION:1630000
    POSITION:1640000
    POSITION:1650000
    POSITION:1660000
    POSITION:1670000
    POSITION:1680000
    POSITION:1690000
    POSITION:1700000
    POSITION:1710000
    POSITION:1720000
    POSITION:1730000
    POSITION:1740000
    POSITION:1750000
    POSITION:1760000
    POSITION:1770000
    POSITION:1780000
    POSITION:1790000
    POSITION:1800000
    POSITION:1810000
    POSITION:1820000
    POSITION:1830000
    POSITION:1840000
    POSITION:1850000
    POSITION:1860000
    POSITION:1870000
    POSITION:1880000
    POSITION:1890000
    POSITION:1900000
    POSITION:1910000
    POSITION:1920000
    POSITION:1930000
    POSITION:1940000
    POSITION:1950000
    POSITION:1960000
    POSITION:1970000
    POSITION:1980000
    POSITION:1990000
    POSITION:2000000
    POSITION:2010000
    POSITION:2020000
    POSITION:2030000
    POSITION:2040000
    POSITION:2050000
    POSITION:2060000
    POSITION:2070000
    POSITION:2080000
    POSITION:2090000
    POSITION:2100000
    POSITION:2110000
    POSITION:2120000
    POSITION:2130000
    POSITION:2140000
    POSITION:2150000
    POSITION:2160000
    POSITION:2170000
    POSITION:2180000
    POSITION:2190000
    POSITION:2200000
    POSITION:2210000
    POSITION:2220000
    POSITION:2230000
    POSITION:2240000
    POSITION:2250000
    POSITION:2260000
    POSITION:2270000
    POSITION:2280000
    POSITION:2290000
    POSITION:2300000
    POSITION:2310000
    POSITION:2320000
    POSITION:2330000
    POSITION:2340000
    POSITION:2350000
    POSITION:2360000
    POSITION:2370000
    POSITION:2380000
    POSITION:2390000
    POSITION:2400000
    POSITION:2410000
    POSITION:2420000
    POSITION:2430000
    POSITION:2440000
    POSITION:2450000
    POSITION:2460000
    POSITION:2470000
    POSITION:2480000
    POSITION:2490000
    POSITION:2500000
    POSITION:2510000
    POSITION:2520000
    POSITION:2530000
    POSITION:2540000
    POSITION:2550000
    POSITION:2560000
    POSITION:2570000
    POSITION:2580000
    POSITION:2590000
    POSITION:2600000
    POSITION:2610000
    POSITION:2620000
    POSITION:2630000
    POSITION:2640000
    POSITION:2650000
    POSITION:2660000
    POSITION:2670000
    POSITION:2680000
    POSITION:2690000
    POSITION:2700000
    POSITION:2710000
    POSITION:2720000
    POSITION:2730000
    POSITION:2740000
    POSITION:2750000
    POSITION:2760000
    POSITION:2770000
    POSITION:2780000
    POSITION:2790000
    POSITION:2800000
    POSITION:2810000
    POSITION:2820000
    POSITION:2830000
    POSITION:2840000
    POSITION:2850000
    POSITION:2860000
    POSITION:2870000
    POSITION:2880000
    POSITION:2890000
    POSITION:2900000
    POSITION:2910000
    POSITION:2920000
    POSITION:2930000
    POSITION:2940000
    POSITION:2950000
    POSITION:2960000
    POSITION:2970000
    POSITION:2980000
    POSITION:2990000
    POSITION:3000000
    POSITION:3010000
    POSITION:3020000
    POSITION:3030000
    POSITION:3040000
    POSITION:3050000
    POSITION:3060000
    POSITION:3070000
    POSITION:3080000
    POSITION:3090000
    POSITION:3100000
    POSITION:3110000
    POSITION:3120000
    POSITION:3130000
    POSITION:3140000
    POSITION:3150000
    POSITION:3160000
    POSITION:3170000
    POSITION:3180000
    POSITION:3190000
    POSITION:3200000
    POSITION:3210000
    POSITION:3220000
    POSITION:3230000
    POSITION:3240000
    POSITION:3250000
    POSITION:3260000
    POSITION:3270000
    POSITION:3280000
    POSITION:3290000
    POSITION:3300000
    POSITION:3310000
    POSITION:3320000
    POSITION:3330000
    POSITION:3340000
    POSITION:3350000
    POSITION:3360000
    POSITION:3370000
    POSITION:3380000
    POSITION:3390000
    POSITION:3400000
    POSITION:3410000
    POSITION:3420000
    POSITION:3430000
    POSITION:3440000
    POSITION:3450000
    POSITION:3460000
    POSITION:3470000
    POSITION:3480000
    POSITION:3490000
    POSITION:3500000
    POSITION:3510000
    POSITION:3520000
    POSITION:3530000
    POSITION:3540000
    POSITION:3550000
    POSITION:3560000
    POSITION:3570000
    POSITION:3580000
    POSITION:3590000
    POSITION:3600000
    POSITION:3610000
    POSITION:3620000
    POSITION:3630000
    POSITION:3640000
    POSITION:3650000
    POSITION:3660000
    POSITION:3670000
    POSITION:3680000
    POSITION:3690000
    POSITION:3700000
    POSITION:3710000
    POSITION:3720000
    POSITION:3730000
    POSITION:3740000
    POSITION:3750000
    POSITION:3760000
    POSITION:3770000
    POSITION:3780000
    POSITION:3790000
    POSITION:3800000
    POSITION:3810000
    POSITION:3820000
    POSITION:3830000
    POSITION:3840000
    POSITION:3850000
    POSITION:3860000
    POSITION:3870000
    POSITION:3880000
    POSITION:3890000
    POSITION:3900000
    POSITION:3910000
    POSITION:3920000
    POSITION:3930000
    POSITION:3940000
    POSITION:3950000
    POSITION:3960000
    POSITION:3970000
    POSITION:3980000
    POSITION:3990000
    POSITION:4000000
    POSITION:4010000
    POSITION:4020000
    POSITION:4030000
    POSITION:4040000
    POSITION:4050000
    POSITION:4060000
    POSITION:4070000
    POSITION:4080000
    POSITION:4090000
    POSITION:4100000
    POSITION:4110000
    POSITION:4120000
    POSITION:4130000
    POSITION:4140000
    POSITION:4150000
    POSITION:4160000
    POSITION:4170000
    POSITION:4180000
    POSITION:4190000
    POSITION:4200000
    POSITION:4210000
    POSITION:4220000
    POSITION:4230000
    POSITION:4240000
    POSITION:4250000
    POSITION:4260000
    POSITION:4270000
    POSITION:4280000
    POSITION:4290000
    POSITION:4300000
    POSITION:4310000
    POSITION:4320000
    POSITION:4330000
    POSITION:4340000
    POSITION:4350000
    POSITION:4360000
    POSITION:4370000
    POSITION:4380000
    POSITION:4390000
    POSITION:4400000
    POSITION:4410000
    POSITION:4420000
    POSITION:4430000
    POSITION:4440000
    POSITION:4450000
    POSITION:4460000
    POSITION:4470000
    POSITION:4480000
    POSITION:4490000
    POSITION:4500000
    POSITION:4510000
    POSITION:4520000
    POSITION:4530000
    POSITION:4540000
    POSITION:4550000
    POSITION:4560000
    POSITION:4570000
    POSITION:4580000
    POSITION:4590000
    POSITION:4600000
    POSITION:4610000
    POSITION:4620000
[system] R --vanilla < "/home/reyes/miniconda3/envs/ltee-variant-analysis/bin/../share/breseq/coverage_distribution.r" > "results/breseq_consensus/SRR2584863/03_candidate_junctions/0.unique_only_coverage_distribution.tab.r.log" --args distribution_file="results/breseq_consensus/SRR2584863/03_candidate_junctions/0.unique_only_coverage_distribution.tab" plot_file="results/breseq_consensus/SRR2584863/03_candidate_junctions/0.coverage.pdf" deletion_propagation_pr_cutoff=2.32374e-05
[system] rm -f "results/breseq_consensus/SRR2584863/03_candidate_junctions/best.unsorted.bam"
[system] rm -f "results/breseq_consensus/SRR2584863/03_candidate_junctions/best.sam"
[system] rm -f "results/breseq_consensus/SRR2584863/03_candidate_junctions/best.bam"
[system] rm -f "results/breseq_consensus/SRR2584863/03_candidate_junctions/best.bam.bai"
[system] rm -f "results/breseq_consensus/SRR2584863/03_candidate_junctions/0.coverage.pdf"
[system] rm -f "results/breseq_consensus/SRR2584863/03_candidate_junctions/0.unique_only_coverage_distribution.tab"
[system] rm -f "results/breseq_consensus/SRR2584863/03_candidate_junctions/0.unique_only_coverage_distribution.tab.r.log"
+++   NOW PROCESSING Identifying junction candidates
  READ FILE::SRR2584863_1.trim
  READ FILE::SRR2584863_2.trim
    ALIGNED READ:10000 CANDIDATE JUNCTIONS:8647
  READ FILE::SRR2584863_1.unpaired
  READ FILE::SRR2584863_2.unpaired
  Passed alignment pairs examined: 30990
  Taking top candidate junctions...
  Minimum number to keep:     100 
  Maximum number to keep:    5000 
  Maximum length to keep:  462981 bases
    Initial: Number = 694, Cumulative Length = 213344 bases
      Testing Pos Hash Score =   45, Num =      1, Length =    300
      Testing Pos Hash Score =   44, Num =      2, Length =    600
      Testing Pos Hash Score =   43, Num =      1, Length =    302
      Testing Pos Hash Score =   40, Num =      1, Length =    300
      Testing Pos Hash Score =   35, Num =      2, Length =    602
      Testing Pos Hash Score =   34, Num =      2, Length =    604
      Testing Pos Hash Score =   33, Num =      1, Length =    300
      Testing Pos Hash Score =   32, Num =      5, Length =   1501
      Testing Pos Hash Score =   31, Num =      4, Length =   1205
      Testing Pos Hash Score =   30, Num =      3, Length =    902
      Testing Pos Hash Score =   29, Num =      1, Length =    302
      Testing Pos Hash Score =   28, Num =      4, Length =   1206
      Testing Pos Hash Score =   27, Num =      4, Length =   1207
      Testing Pos Hash Score =   26, Num =      1, Length =    302
      Testing Pos Hash Score =   24, Num =      3, Length =    902
      Testing Pos Hash Score =   21, Num =      4, Length =   1201
      Testing Pos Hash Score =   20, Num =      3, Length =    906
      Testing Pos Hash Score =   17, Num =      2, Length =    600
      Testing Pos Hash Score =   15, Num =      1, Length =    300
      Testing Pos Hash Score =   14, Num =      3, Length =    902
      Testing Pos Hash Score =   13, Num =      1, Length =    300
      Testing Pos Hash Score =   10, Num =      1, Length =    307
      Testing Pos Hash Score =    8, Num =      1, Length =    312
      Testing Pos Hash Score =    7, Num =      2, Length =    608
      Testing Pos Hash Score =    5, Num =      1, Length =    325
      Testing Pos Hash Score =    4, Num =      7, Length =   2153
      Testing Pos Hash Score =    3, Num =     45, Length =  13895
      Testing Pos Hash Score =    2, Num =    588, Length = 181000
    Accepted: Number = 694, Pos Hash Score >= 2, Cumulative Length = 213344 bases
[samtools] faidx results/breseq_consensus/SRR2584863/03_candidate_junctions/candidate_junction.fasta
[system] rm -f "results/breseq_consensus/SRR2584863/03_candidate_junctions/SRR2584863_1.trim.split.sam"
[system] rm -f "results/breseq_consensus/SRR2584863/03_candidate_junctions/SRR2584863_2.trim.split.sam"
[system] rm -f "results/breseq_consensus/SRR2584863/03_candidate_junctions/SRR2584863_1.unpaired.split.sam"
[system] rm -f "results/breseq_consensus/SRR2584863/03_candidate_junctions/SRR2584863_2.unpaired.split.sam"
+++   NOW PROCESSING Re-alignment to junction candidates
[system] bowtie2-build -q "results/breseq_consensus/SRR2584863/03_candidate_junctions/candidate_junction.fasta" "results/breseq_consensus/SRR2584863/04_candidate_junction_alignment/candidate_junction"
[system] bowtie2 -t --no-unal -p 4 --local  -L 31 --ma 1 --mp 3 --np 0 --rdg 2,3 --rfg 2,3 --ignore-quals --local -i S,1,0.25 --score-min L,1,0.70 -k 2000 --reorder -x "results/breseq_consensus/SRR2584863/04_candidate_junction_alignment/candidate_junction" -U "results/breseq_consensus/SRR2584863/01_sequence_conversion/SRR2584863_1.trim.converted.fastq" -S "results/breseq_consensus/SRR2584863/04_candidate_junction_alignment/SRR2584863_1.trim.candidate_junction.sam"
Time loading reference: 00:00:00
Time loading forward index: 00:00:00
Time loading mirror index: 00:00:00
Multiseed full-index search: 00:00:18
1263898 reads; of these:
  1263898 (100.00%) were unpaired; of these:
    1226901 (97.07%) aligned 0 times
    26153 (2.07%) aligned exactly 1 time
    10844 (0.86%) aligned >1 times
2.93% overall alignment rate
Time searching: 00:00:18
Overall time: 00:00:18
[system] bowtie2 -t --no-unal -p 4 --local  -L 31 --ma 1 --mp 3 --np 0 --rdg 2,3 --rfg 2,3 --ignore-quals --local -i S,1,0.25 --score-min L,1,0.70 -k 2000 --reorder -x "results/breseq_consensus/SRR2584863/04_candidate_junction_alignment/candidate_junction" -U "results/breseq_consensus/SRR2584863/01_sequence_conversion/SRR2584863_2.trim.converted.fastq" -S "results/breseq_consensus/SRR2584863/04_candidate_junction_alignment/SRR2584863_2.trim.candidate_junction.sam"
Time loading reference: 00:00:00
Time loading forward index: 00:00:00
Time loading mirror index: 00:00:00
Multiseed full-index search: 00:00:16
1263871 reads; of these:
  1263871 (100.00%) were unpaired; of these:
    1224301 (96.87%) aligned 0 times
    27854 (2.20%) aligned exactly 1 time
    11716 (0.93%) aligned >1 times
3.13% overall alignment rate
Time searching: 00:00:16
Overall time: 00:00:16
[system] bowtie2 -t --no-unal -p 4 --local  -L 29 --ma 1 --mp 3 --np 0 --rdg 2,3 --rfg 2,3 --ignore-quals --local -i S,1,0.25 --score-min L,1,0.70 -k 2000 --reorder -x "results/breseq_consensus/SRR2584863/04_candidate_junction_alignment/candidate_junction" -U "results/breseq_consensus/SRR2584863/01_sequence_conversion/SRR2584863_1.unpaired.converted.fastq" -S "results/breseq_consensus/SRR2584863/04_candidate_junction_alignment/SRR2584863_1.unpaired.candidate_junction.sam"
Time loading reference: 00:00:00
Time loading forward index: 00:00:00
Time loading mirror index: 00:00:00
Multiseed full-index search: 00:00:03
281499 reads; of these:
  281499 (100.00%) were unpaired; of these:
    271578 (96.48%) aligned 0 times
    6500 (2.31%) aligned exactly 1 time
    3421 (1.22%) aligned >1 times
3.52% overall alignment rate
Time searching: 00:00:03
Overall time: 00:00:03
[system] bowtie2 -t --no-unal -p 4 --local  -L 31 --ma 1 --mp 3 --np 0 --rdg 2,3 --rfg 2,3 --ignore-quals --local -i S,1,0.25 --score-min L,1,0.70 -k 2000 --reorder -x "results/breseq_consensus/SRR2584863/04_candidate_junction_alignment/candidate_junction" -U "results/breseq_consensus/SRR2584863/01_sequence_conversion/SRR2584863_2.unpaired.converted.fastq" -S "results/breseq_consensus/SRR2584863/04_candidate_junction_alignment/SRR2584863_2.unpaired.candidate_junction.sam"
Time loading reference: 00:00:00
Time loading forward index: 00:00:00
Time loading mirror index: 00:00:00
Multiseed full-index search: 00:00:00
3224 reads; of these:
  3224 (100.00%) were unpaired; of these:
    3116 (96.65%) aligned 0 times
    80 (2.48%) aligned exactly 1 time
    28 (0.87%) aligned >1 times
3.35% overall alignment rate
Time searching: 00:00:00
Overall time: 00:00:00
[system] rm -f "results/breseq_consensus/SRR2584863/04_candidate_junction_alignment/candidate_junction*"
+++   NOW PROCESSING Resolving best read alignments
  READ FILE:SRR2584863_1.trim
    READS:10000
    READS:20000
    READS:30000
    READS:40000
    READS:50000
    READS:60000
    READS:70000
    READS:80000
    READS:90000
    READS:100000
    READS:110000
    READS:120000
    READS:130000
    READS:140000
    READS:150000
    READS:160000
    READS:170000
    READS:180000
    READS:190000
    READS:200000
    READS:210000
    READS:220000
    READS:230000
    READS:240000
    READS:250000
    READS:260000
    READS:270000
    READS:280000
    READS:290000
    READS:300000
    READS:310000
    READS:320000
    READS:330000
    READS:340000
    READS:350000
    READS:360000
    READS:370000
    READS:380000
    READS:390000
    READS:400000
    READS:410000
    READS:420000
    READS:430000
    READS:440000
    READS:450000
    READS:460000
    READS:470000
    READS:480000
    READS:490000
    READS:500000
    READS:510000
    READS:520000
    READS:530000
    READS:540000
    READS:550000
    READS:560000
    READS:570000
    READS:580000
    READS:590000
    READS:600000
    READS:610000
    READS:620000
    READS:630000
    READS:640000
    READS:650000
    READS:660000
    READS:670000
    READS:680000
    READS:690000
    READS:700000
    READS:710000
    READS:720000
    READS:730000
    READS:740000
    READS:750000
    READS:760000
    READS:770000
    READS:780000
    READS:790000
    READS:800000
    READS:810000
    READS:820000
    READS:830000
    READS:840000
    READS:850000
    READS:860000
    READS:870000
    READS:880000
    READS:890000
    READS:900000
    READS:910000
    READS:920000
    READS:930000
    READS:940000
    READS:950000
    READS:960000
    READS:970000
    READS:980000
    READS:990000
    READS:1000000
    READS:1010000
    READS:1020000
    READS:1030000
    READS:1040000
    READS:1050000
    READS:1060000
    READS:1070000
    READS:1080000
    READS:1090000
    READS:1100000
    READS:1110000
    READS:1120000
    READS:1130000
    READS:1140000
    READS:1150000
    READS:1160000
    READS:1170000
    READS:1180000
    READS:1190000
    READS:1200000
    READS:1210000
    READS:1220000
    READS:1230000
    READS:1240000
    READS:1250000
    READS:1260000
  READ FILE:SRR2584863_2.trim
    READS:1270000
    READS:1280000
    READS:1290000
    READS:1300000
    READS:1310000
    READS:1320000
    READS:1330000
    READS:1340000
    READS:1350000
    READS:1360000
    READS:1370000
    READS:1380000
    READS:1390000
    READS:1400000
    READS:1410000
    READS:1420000
    READS:1430000
    READS:1440000
    READS:1450000
    READS:1460000
    READS:1470000
    READS:1480000
    READS:1490000
    READS:1500000
    READS:1510000
    READS:1520000
    READS:1530000
    READS:1540000
    READS:1550000
    READS:1560000
    READS:1570000
    READS:1580000
    READS:1590000
    READS:1600000
    READS:1610000
    READS:1620000
    READS:1630000
    READS:1640000
    READS:1650000
    READS:1660000
    READS:1670000
    READS:1680000
    READS:1690000
    READS:1700000
    READS:1710000
    READS:1720000
    READS:1730000
    READS:1740000
    READS:1750000
    READS:1760000
    READS:1770000
    READS:1780000
    READS:1790000
    READS:1800000
    READS:1810000
    READS:1820000
    READS:1830000
    READS:1840000
    READS:1850000
    READS:1860000
    READS:1870000
    READS:1880000
    READS:1890000
    READS:1900000
    READS:1910000
    READS:1920000
    READS:1930000
    READS:1940000
    READS:1950000
    READS:1960000
    READS:1970000
    READS:1980000
    READS:1990000
    READS:2000000
    READS:2010000
    READS:2020000
    READS:2030000
    READS:2040000
    READS:2050000
    READS:2060000
    READS:2070000
    READS:2080000
    READS:2090000
    READS:2100000
    READS:2110000
    READS:2120000
    READS:2130000
    READS:2140000
    READS:2150000
    READS:2160000
    READS:2170000
    READS:2180000
    READS:2190000
    READS:2200000
    READS:2210000
    READS:2220000
    READS:2230000
    READS:2240000
    READS:2250000
    READS:2260000
    READS:2270000
    READS:2280000
    READS:2290000
    READS:2300000
    READS:2310000
    READS:2320000
    READS:2330000
    READS:2340000
    READS:2350000
    READS:2360000
    READS:2370000
    READS:2380000
    READS:2390000
    READS:2400000
    READS:2410000
    READS:2420000
    READS:2430000
    READS:2440000
    READS:2450000
    READS:2460000
    READS:2470000
    READS:2480000
    READS:2490000
    READS:2500000
    READS:2510000
    READS:2520000
  READ FILE:SRR2584863_1.unpaired
    READS:2530000
    READS:2540000
    READS:2550000
    READS:2560000
    READS:2570000
    READS:2580000
    READS:2590000
    READS:2600000
    READS:2610000
    READS:2620000
    READS:2630000
    READS:2640000
    READS:2650000
    READS:2660000
    READS:2670000
    READS:2680000
    READS:2690000
    READS:2700000
    READS:2710000
    READS:2720000
    READS:2730000
    READS:2740000
    READS:2750000
    READS:2760000
    READS:2770000
    READS:2780000
    READS:2790000
    READS:2800000
  READ FILE:SRR2584863_2.unpaired
    READS:2810000
[system] rm -f "results/breseq_consensus/SRR2584863/01_sequence_conversion/SRR2584863_1.trim.converted.fastq"
[system] rm -f "results/breseq_consensus/SRR2584863/01_sequence_conversion/SRR2584863_2.trim.converted.fastq"
[system] rm -f "results/breseq_consensus/SRR2584863/01_sequence_conversion/SRR2584863_1.unpaired.converted.fastq"
[system] rm -f "results/breseq_consensus/SRR2584863/01_sequence_conversion/SRR2584863_2.unpaired.converted.fastq"
[system] rm -f "results/breseq_consensus/SRR2584863/02_reference_alignment/SRR2584863_1.trim.reference.sam"
[system] rm -f "results/breseq_consensus/SRR2584863/02_reference_alignment/SRR2584863_2.trim.reference.sam"
[system] rm -f "results/breseq_consensus/SRR2584863/02_reference_alignment/SRR2584863_1.unpaired.reference.sam"
[system] rm -f "results/breseq_consensus/SRR2584863/02_reference_alignment/SRR2584863_2.unpaired.reference.sam"
[system] rm -f "results/breseq_consensus/SRR2584863/04_candidate_junction_alignment/SRR2584863_1.trim.candidate_junction.sam*"
[system] rm -f "results/breseq_consensus/SRR2584863/04_candidate_junction_alignment/SRR2584863_2.trim.candidate_junction.sam*"
[system] rm -f "results/breseq_consensus/SRR2584863/04_candidate_junction_alignment/SRR2584863_1.unpaired.candidate_junction.sam*"
[system] rm -f "results/breseq_consensus/SRR2584863/04_candidate_junction_alignment/SRR2584863_2.unpaired.candidate_junction.sam*"
+++   NOW PROCESSING Creating BAM files
[samtools] import results/breseq_consensus/SRR2584863/03_candidate_junctions/candidate_junction.fasta.fai results/breseq_consensus/SRR2584863/05_alignment_correction/junction.sam results/breseq_consensus/SRR2584863/06_bam/junction.unsorted.bam
[samtools] sort --threads 4 -o results/breseq_consensus/SRR2584863/06_bam/junction.bam -T results/breseq_consensus/SRR2584863/06_bam/junction.bam results/breseq_consensus/SRR2584863/06_bam/junction.unsorted.bam
[system] rm -f "results/breseq_consensus/SRR2584863/06_bam/junction.unsorted.bam"
[samtools] index results/breseq_consensus/SRR2584863/06_bam/junction.bam results/breseq_consensus/SRR2584863/06_bam/junction.bam.bai
[samtools] import results/breseq_consensus/SRR2584863/data/reference.fasta.fai results/breseq_consensus/SRR2584863/05_alignment_correction/reference.sam results/breseq_consensus/SRR2584863/06_bam/reference.unsorted.bam
[samtools] sort --threads 4 -o results/breseq_consensus/SRR2584863/data/reference.bam -T results/breseq_consensus/SRR2584863/data/reference.bam results/breseq_consensus/SRR2584863/06_bam/reference.unsorted.bam
[system] rm -f "results/breseq_consensus/SRR2584863/06_bam/reference.unsorted.bam"
[samtools] index results/breseq_consensus/SRR2584863/data/reference.bam results/breseq_consensus/SRR2584863/data/reference.bam.bai
[system] rm -f "results/breseq_consensus/SRR2584863/05_alignment_correction/reference.sam"
[system] rm -f "results/breseq_consensus/SRR2584863/05_alignment_correction/junction.sam"
+++   NOW PROCESSING Tabulating error counts
  REFERENCE: CP000819
  LENGTH: 4629812
    POSITION:10000
    POSITION:20000
    POSITION:30000
    POSITION:40000
    POSITION:50000
    POSITION:60000
    POSITION:70000
    POSITION:80000
    POSITION:90000
    POSITION:100000
    POSITION:110000
    POSITION:120000
    POSITION:130000
    POSITION:140000
    POSITION:150000
    POSITION:160000
    POSITION:170000
    POSITION:180000
    POSITION:190000
    POSITION:200000
    POSITION:210000
    POSITION:220000
    POSITION:230000
    POSITION:240000
    POSITION:250000
    POSITION:260000
    POSITION:270000
    POSITION:280000
    POSITION:290000
    POSITION:300000
    POSITION:310000
    POSITION:320000
    POSITION:330000
    POSITION:340000
    POSITION:350000
    POSITION:360000
    POSITION:370000
    POSITION:380000
    POSITION:390000
    POSITION:400000
    POSITION:410000
    POSITION:420000
    POSITION:430000
    POSITION:440000
    POSITION:450000
    POSITION:460000
    POSITION:470000
    POSITION:480000
    POSITION:490000
    POSITION:500000
    POSITION:510000
    POSITION:520000
    POSITION:530000
    POSITION:540000
    POSITION:550000
    POSITION:560000
    POSITION:570000
    POSITION:580000
    POSITION:590000
    POSITION:600000
    POSITION:610000
    POSITION:620000
    POSITION:630000
    POSITION:640000
    POSITION:650000
    POSITION:660000
    POSITION:670000
    POSITION:680000
    POSITION:690000
    POSITION:700000
    POSITION:710000
    POSITION:720000
    POSITION:730000
    POSITION:740000
    POSITION:750000
    POSITION:760000
    POSITION:770000
    POSITION:780000
    POSITION:790000
    POSITION:800000
    POSITION:810000
    POSITION:820000
    POSITION:830000
    POSITION:840000
    POSITION:850000
    POSITION:860000
    POSITION:870000
    POSITION:880000
    POSITION:890000
    POSITION:900000
    POSITION:910000
    POSITION:920000
    POSITION:930000
    POSITION:940000
    POSITION:950000
    POSITION:960000
    POSITION:970000
    POSITION:980000
    POSITION:990000
    POSITION:1000000
    POSITION:1010000
    POSITION:1020000
    POSITION:1030000
    POSITION:1040000
    POSITION:1050000
    POSITION:1060000
    POSITION:1070000
    POSITION:1080000
    POSITION:1090000
    POSITION:1100000
    POSITION:1110000
    POSITION:1120000
    POSITION:1130000
    POSITION:1140000
    POSITION:1150000
    POSITION:1160000
    POSITION:1170000
    POSITION:1180000
    POSITION:1190000
    POSITION:1200000
    POSITION:1210000
    POSITION:1220000
    POSITION:1230000
    POSITION:1240000
    POSITION:1250000
    POSITION:1260000
    POSITION:1270000
    POSITION:1280000
    POSITION:1290000
    POSITION:1300000
    POSITION:1310000
    POSITION:1320000
    POSITION:1330000
    POSITION:1340000
    POSITION:1350000
    POSITION:1360000
    POSITION:1370000
    POSITION:1380000
    POSITION:1390000
    POSITION:1400000
    POSITION:1410000
    POSITION:1420000
    POSITION:1430000
    POSITION:1440000
    POSITION:1450000
    POSITION:1460000
    POSITION:1470000
    POSITION:1480000
    POSITION:1490000
    POSITION:1500000
    POSITION:1510000
    POSITION:1520000
    POSITION:1530000
    POSITION:1540000
    POSITION:1550000
    POSITION:1560000
    POSITION:1570000
    POSITION:1580000
    POSITION:1590000
    POSITION:1600000
    POSITION:1610000
    POSITION:1620000
    POSITION:1630000
    POSITION:1640000
    POSITION:1650000
    POSITION:1660000
    POSITION:1670000
    POSITION:1680000
    POSITION:1690000
    POSITION:1700000
    POSITION:1710000
    POSITION:1720000
    POSITION:1730000
    POSITION:1740000
    POSITION:1750000
    POSITION:1760000
    POSITION:1770000
    POSITION:1780000
    POSITION:1790000
    POSITION:1800000
    POSITION:1810000
    POSITION:1820000
    POSITION:1830000
    POSITION:1840000
    POSITION:1850000
    POSITION:1860000
    POSITION:1870000
    POSITION:1880000
    POSITION:1890000
    POSITION:1900000
    POSITION:1910000
    POSITION:1920000
    POSITION:1930000
    POSITION:1940000
    POSITION:1950000
    POSITION:1960000
    POSITION:1970000
    POSITION:1980000
    POSITION:1990000
    POSITION:2000000
    POSITION:2010000
    POSITION:2020000
    POSITION:2030000
    POSITION:2040000
    POSITION:2050000
    POSITION:2060000
    POSITION:2070000
    POSITION:2080000
    POSITION:2090000
    POSITION:2100000
    POSITION:2110000
    POSITION:2120000
    POSITION:2130000
    POSITION:2140000
    POSITION:2150000
    POSITION:2160000
    POSITION:2170000
    POSITION:2180000
    POSITION:2190000
    POSITION:2200000
    POSITION:2210000
    POSITION:2220000
    POSITION:2230000
    POSITION:2240000
    POSITION:2250000
    POSITION:2260000
    POSITION:2270000
    POSITION:2280000
    POSITION:2290000
    POSITION:2300000
    POSITION:2310000
    POSITION:2320000
    POSITION:2330000
    POSITION:2340000
    POSITION:2350000
    POSITION:2360000
    POSITION:2370000
    POSITION:2380000
    POSITION:2390000
    POSITION:2400000
    POSITION:2410000
    POSITION:2420000
    POSITION:2430000
    POSITION:2440000
    POSITION:2450000
    POSITION:2460000
    POSITION:2470000
    POSITION:2480000
    POSITION:2490000
    POSITION:2500000
    POSITION:2510000
    POSITION:2520000
    POSITION:2530000
    POSITION:2540000
    POSITION:2550000
    POSITION:2560000
    POSITION:2570000
    POSITION:2580000
    POSITION:2590000
    POSITION:2600000
    POSITION:2610000
    POSITION:2620000
    POSITION:2630000
    POSITION:2640000
    POSITION:2650000
    POSITION:2660000
    POSITION:2670000
    POSITION:2680000
    POSITION:2690000
    POSITION:2700000
    POSITION:2710000
    POSITION:2720000
    POSITION:2730000
    POSITION:2740000
    POSITION:2750000
    POSITION:2760000
    POSITION:2770000
    POSITION:2780000
    POSITION:2790000
    POSITION:2800000
    POSITION:2810000
    POSITION:2820000
    POSITION:2830000
    POSITION:2840000
    POSITION:2850000
    POSITION:2860000
    POSITION:2870000
    POSITION:2880000
    POSITION:2890000
    POSITION:2900000
    POSITION:2910000
    POSITION:2920000
    POSITION:2930000
    POSITION:2940000
    POSITION:2950000
    POSITION:2960000
    POSITION:2970000
    POSITION:2980000
    POSITION:2990000
    POSITION:3000000
    POSITION:3010000
    POSITION:3020000
    POSITION:3030000
    POSITION:3040000
    POSITION:3050000
    POSITION:3060000
    POSITION:3070000
    POSITION:3080000
    POSITION:3090000
    POSITION:3100000
    POSITION:3110000
    POSITION:3120000
    POSITION:3130000
    POSITION:3140000
    POSITION:3150000
    POSITION:3160000
    POSITION:3170000
    POSITION:3180000
    POSITION:3190000
    POSITION:3200000
    POSITION:3210000
    POSITION:3220000
    POSITION:3230000
    POSITION:3240000
    POSITION:3250000
    POSITION:3260000
    POSITION:3270000
    POSITION:3280000
    POSITION:3290000
    POSITION:3300000
    POSITION:3310000
    POSITION:3320000
    POSITION:3330000
    POSITION:3340000
    POSITION:3350000
    POSITION:3360000
    POSITION:3370000
    POSITION:3380000
    POSITION:3390000
    POSITION:3400000
    POSITION:3410000
    POSITION:3420000
    POSITION:3430000
    POSITION:3440000
    POSITION:3450000
    POSITION:3460000
    POSITION:3470000
    POSITION:3480000
    POSITION:3490000
    POSITION:3500000
    POSITION:3510000
    POSITION:3520000
    POSITION:3530000
    POSITION:3540000
    POSITION:3550000
    POSITION:3560000
    POSITION:3570000
    POSITION:3580000
    POSITION:3590000
    POSITION:3600000
    POSITION:3610000
    POSITION:3620000
    POSITION:3630000
    POSITION:3640000
    POSITION:3650000
    POSITION:3660000
    POSITION:3670000
    POSITION:3680000
    POSITION:3690000
    POSITION:3700000
    POSITION:3710000
    POSITION:3720000
    POSITION:3730000
    POSITION:3740000
    POSITION:3750000
    POSITION:3760000
    POSITION:3770000
    POSITION:3780000
    POSITION:3790000
    POSITION:3800000
    POSITION:3810000
    POSITION:3820000
    POSITION:3830000
    POSITION:3840000
    POSITION:3850000
    POSITION:3860000
    POSITION:3870000
    POSITION:3880000
    POSITION:3890000
    POSITION:3900000
    POSITION:3910000
    POSITION:3920000
    POSITION:3930000
    POSITION:3940000
    POSITION:3950000
    POSITION:3960000
    POSITION:3970000
    POSITION:3980000
    POSITION:3990000
    POSITION:4000000
    POSITION:4010000
    POSITION:4020000
    POSITION:4030000
    POSITION:4040000
    POSITION:4050000
    POSITION:4060000
    POSITION:4070000
    POSITION:4080000
    POSITION:4090000
    POSITION:4100000
    POSITION:4110000
    POSITION:4120000
    POSITION:4130000
    POSITION:4140000
    POSITION:4150000
    POSITION:4160000
    POSITION:4170000
    POSITION:4180000
    POSITION:4190000
    POSITION:4200000
    POSITION:4210000
    POSITION:4220000
    POSITION:4230000
    POSITION:4240000
    POSITION:4250000
    POSITION:4260000
    POSITION:4270000
    POSITION:4280000
    POSITION:4290000
    POSITION:4300000
    POSITION:4310000
    POSITION:4320000
    POSITION:4330000
    POSITION:4340000
    POSITION:4350000
    POSITION:4360000
    POSITION:4370000
    POSITION:4380000
    POSITION:4390000
    POSITION:4400000
    POSITION:4410000
    POSITION:4420000
    POSITION:4430000
    POSITION:4440000
    POSITION:4450000
    POSITION:4460000
    POSITION:4470000
    POSITION:4480000
    POSITION:4490000
    POSITION:4500000
    POSITION:4510000
    POSITION:4520000
    POSITION:4530000
    POSITION:4540000
    POSITION:4550000
    POSITION:4560000
    POSITION:4570000
    POSITION:4580000
    POSITION:4590000
    POSITION:4600000
    POSITION:4610000
    POSITION:4620000
+++   NOW PROCESSING Re-calibrating base error rates
[system] R --vanilla < "/home/reyes/miniconda3/envs/ltee-variant-analysis/bin/../share/breseq/coverage_distribution.r" > "results/breseq_consensus/SRR2584863/07_error_calibration/0.unique_only_coverage_distribution.tab.r.log" --args distribution_file="results/breseq_consensus/SRR2584863/07_error_calibration/0.unique_only_coverage_distribution.tab" plot_file="results/breseq_consensus/SRR2584863/output/calibration/0.unique_coverage.pdf" deletion_propagation_pr_cutoff=2.32374e-05
[system] R --vanilla < "/home/reyes/miniconda3/envs/ltee-variant-analysis/bin/../share/breseq/plot_error_rate.r" > "results/breseq_consensus/SRR2584863/07_error_calibration/SRR2584863_1.trim.plot_error_rate.log" --args in_file="results/breseq_consensus/SRR2584863/07_error_calibration/base_qual_error_prob.SRR2584863_1.trim.tab" out_file="results/breseq_consensus/SRR2584863/output/calibration/SRR2584863_1.trim.error_rates.pdf" < "/home/reyes/miniconda3/envs/ltee-variant-analysis/bin/../share/breseq/plot_error_rate.r" > "results/breseq_consensus/SRR2584863/07_error_calibration/SRR2584863_1.trim.plot_error_rate.log"
[system] R --vanilla < "/home/reyes/miniconda3/envs/ltee-variant-analysis/bin/../share/breseq/plot_error_rate.r" > "results/breseq_consensus/SRR2584863/07_error_calibration/SRR2584863_2.trim.plot_error_rate.log" --args in_file="results/breseq_consensus/SRR2584863/07_error_calibration/base_qual_error_prob.SRR2584863_2.trim.tab" out_file="results/breseq_consensus/SRR2584863/output/calibration/SRR2584863_2.trim.error_rates.pdf" < "/home/reyes/miniconda3/envs/ltee-variant-analysis/bin/../share/breseq/plot_error_rate.r" > "results/breseq_consensus/SRR2584863/07_error_calibration/SRR2584863_2.trim.plot_error_rate.log"
[system] R --vanilla < "/home/reyes/miniconda3/envs/ltee-variant-analysis/bin/../share/breseq/plot_error_rate.r" > "results/breseq_consensus/SRR2584863/07_error_calibration/SRR2584863_1.unpaired.plot_error_rate.log" --args in_file="results/breseq_consensus/SRR2584863/07_error_calibration/base_qual_error_prob.SRR2584863_1.unpaired.tab" out_file="results/breseq_consensus/SRR2584863/output/calibration/SRR2584863_1.unpaired.error_rates.pdf" < "/home/reyes/miniconda3/envs/ltee-variant-analysis/bin/../share/breseq/plot_error_rate.r" > "results/breseq_consensus/SRR2584863/07_error_calibration/SRR2584863_1.unpaired.plot_error_rate.log"
[system] R --vanilla < "/home/reyes/miniconda3/envs/ltee-variant-analysis/bin/../share/breseq/plot_error_rate.r" > "results/breseq_consensus/SRR2584863/07_error_calibration/SRR2584863_2.unpaired.plot_error_rate.log" --args in_file="results/breseq_consensus/SRR2584863/07_error_calibration/base_qual_error_prob.SRR2584863_2.unpaired.tab" out_file="results/breseq_consensus/SRR2584863/output/calibration/SRR2584863_2.unpaired.error_rates.pdf" < "/home/reyes/miniconda3/envs/ltee-variant-analysis/bin/../share/breseq/plot_error_rate.r" > "results/breseq_consensus/SRR2584863/07_error_calibration/SRR2584863_2.unpaired.plot_error_rate.log"
+++   NOW PROCESSING Examining read alignment evidence
  REFERENCE: CP000819
  LENGTH: 4629812
    POSITION:10000
    POSITION:20000
    POSITION:30000
    POSITION:40000
    POSITION:50000
    POSITION:60000
    POSITION:70000
    POSITION:80000
    POSITION:90000
    POSITION:100000
    POSITION:110000
    POSITION:120000
    POSITION:130000
    POSITION:140000
    POSITION:150000
    POSITION:160000
    POSITION:170000
    POSITION:180000
    POSITION:190000
    POSITION:200000
    POSITION:210000
    POSITION:220000
    POSITION:230000
    POSITION:240000
    POSITION:250000
    POSITION:260000
    POSITION:270000
    POSITION:280000
    POSITION:290000
    POSITION:300000
    POSITION:310000
    POSITION:320000
    POSITION:330000
    POSITION:340000
    POSITION:350000
    POSITION:360000
    POSITION:370000
    POSITION:380000
    POSITION:390000
    POSITION:400000
    POSITION:410000
    POSITION:420000
    POSITION:430000
    POSITION:440000
    POSITION:450000
    POSITION:460000
    POSITION:470000
    POSITION:480000
    POSITION:490000
    POSITION:500000
    POSITION:510000
    POSITION:520000
    POSITION:530000
    POSITION:540000
    POSITION:550000
    POSITION:560000
    POSITION:570000
    POSITION:580000
    POSITION:590000
    POSITION:600000
    POSITION:610000
    POSITION:620000
    POSITION:630000
    POSITION:640000
    POSITION:650000
    POSITION:660000
    POSITION:670000
    POSITION:680000
    POSITION:690000
    POSITION:700000
    POSITION:710000
    POSITION:720000
    POSITION:730000
    POSITION:740000
    POSITION:750000
    POSITION:760000
    POSITION:770000
    POSITION:780000
    POSITION:790000
    POSITION:800000
    POSITION:810000
    POSITION:820000
    POSITION:830000
    POSITION:840000
    POSITION:850000
    POSITION:860000
    POSITION:870000
    POSITION:880000
    POSITION:890000
    POSITION:900000
    POSITION:910000
    POSITION:920000
    POSITION:930000
    POSITION:940000
    POSITION:950000
    POSITION:960000
    POSITION:970000
    POSITION:980000
    POSITION:990000
    POSITION:1000000
    POSITION:1010000
    POSITION:1020000
    POSITION:1030000
    POSITION:1040000
    POSITION:1050000
    POSITION:1060000
    POSITION:1070000
    POSITION:1080000
    POSITION:1090000
    POSITION:1100000
    POSITION:1110000
    POSITION:1120000
    POSITION:1130000
    POSITION:1140000
    POSITION:1150000
    POSITION:1160000
    POSITION:1170000
    POSITION:1180000
    POSITION:1190000
    POSITION:1200000
    POSITION:1210000
    POSITION:1220000
    POSITION:1230000
    POSITION:1240000
    POSITION:1250000
    POSITION:1260000
    POSITION:1270000
    POSITION:1280000
    POSITION:1290000
    POSITION:1300000
    POSITION:1310000
    POSITION:1320000
    POSITION:1330000
    POSITION:1340000
    POSITION:1350000
    POSITION:1360000
    POSITION:1370000
    POSITION:1380000
    POSITION:1390000
    POSITION:1400000
    POSITION:1410000
    POSITION:1420000
    POSITION:1430000
    POSITION:1440000
    POSITION:1450000
    POSITION:1460000
    POSITION:1470000
    POSITION:1480000
    POSITION:1490000
    POSITION:1500000
    POSITION:1510000
    POSITION:1520000
    POSITION:1530000
    POSITION:1540000
    POSITION:1550000
    POSITION:1560000
    POSITION:1570000
    POSITION:1580000
    POSITION:1590000
    POSITION:1600000
    POSITION:1610000
    POSITION:1620000
    POSITION:1630000
    POSITION:1640000
    POSITION:1650000
    POSITION:1660000
    POSITION:1670000
    POSITION:1680000
    POSITION:1690000
    POSITION:1700000
    POSITION:1710000
    POSITION:1720000
    POSITION:1730000
    POSITION:1740000
    POSITION:1750000
    POSITION:1760000
    POSITION:1770000
    POSITION:1780000
    POSITION:1790000
    POSITION:1800000
    POSITION:1810000
    POSITION:1820000
    POSITION:1830000
    POSITION:1840000
    POSITION:1850000
    POSITION:1860000
    POSITION:1870000
    POSITION:1880000
    POSITION:1890000
    POSITION:1900000
    POSITION:1910000
    POSITION:1920000
    POSITION:1930000
    POSITION:1940000
    POSITION:1950000
    POSITION:1960000
    POSITION:1970000
    POSITION:1980000
    POSITION:1990000
    POSITION:2000000
    POSITION:2010000
    POSITION:2020000
    POSITION:2030000
    POSITION:2040000
    POSITION:2050000
    POSITION:2060000
    POSITION:2070000
    POSITION:2080000
    POSITION:2090000
    POSITION:2100000
    POSITION:2110000
    POSITION:2120000
    POSITION:2130000
    POSITION:2140000
    POSITION:2150000
    POSITION:2160000
    POSITION:2170000
    POSITION:2180000
    POSITION:2190000
    POSITION:2200000
    POSITION:2210000
    POSITION:2220000
    POSITION:2230000
    POSITION:2240000
    POSITION:2250000
    POSITION:2260000
    POSITION:2270000
    POSITION:2280000
    POSITION:2290000
    POSITION:2300000
    POSITION:2310000
    POSITION:2320000
    POSITION:2330000
    POSITION:2340000
    POSITION:2350000
    POSITION:2360000
    POSITION:2370000
    POSITION:2380000
    POSITION:2390000
    POSITION:2400000
    POSITION:2410000
    POSITION:2420000
    POSITION:2430000
    POSITION:2440000
    POSITION:2450000
    POSITION:2460000
    POSITION:2470000
    POSITION:2480000
    POSITION:2490000
    POSITION:2500000
    POSITION:2510000
    POSITION:2520000
    POSITION:2530000
    POSITION:2540000
    POSITION:2550000
    POSITION:2560000
    POSITION:2570000
    POSITION:2580000
    POSITION:2590000
    POSITION:2600000
    POSITION:2610000
    POSITION:2620000
    POSITION:2630000
    POSITION:2640000
    POSITION:2650000
    POSITION:2660000
    POSITION:2670000
    POSITION:2680000
    POSITION:2690000
    POSITION:2700000
    POSITION:2710000
    POSITION:2720000
    POSITION:2730000
    POSITION:2740000
    POSITION:2750000
    POSITION:2760000
    POSITION:2770000
    POSITION:2780000
    POSITION:2790000
    POSITION:2800000
    POSITION:2810000
    POSITION:2820000
    POSITION:2830000
    POSITION:2840000
    POSITION:2850000
    POSITION:2860000
    POSITION:2870000
    POSITION:2880000
    POSITION:2890000
    POSITION:2900000
    POSITION:2910000
    POSITION:2920000
    POSITION:2930000
    POSITION:2940000
    POSITION:2950000
    POSITION:2960000
    POSITION:2970000
    POSITION:2980000
    POSITION:2990000
    POSITION:3000000
    POSITION:3010000
    POSITION:3020000
    POSITION:3030000
    POSITION:3040000
    POSITION:3050000
    POSITION:3060000
    POSITION:3070000
    POSITION:3080000
    POSITION:3090000
    POSITION:3100000
    POSITION:3110000
    POSITION:3120000
    POSITION:3130000
    POSITION:3140000
    POSITION:3150000
    POSITION:3160000
    POSITION:3170000
    POSITION:3180000
    POSITION:3190000
    POSITION:3200000
    POSITION:3210000
    POSITION:3220000
    POSITION:3230000
    POSITION:3240000
    POSITION:3250000
    POSITION:3260000
    POSITION:3270000
    POSITION:3280000
    POSITION:3290000
    POSITION:3300000
    POSITION:3310000
    POSITION:3320000
    POSITION:3330000
    POSITION:3340000
    POSITION:3350000
    POSITION:3360000
    POSITION:3370000
    POSITION:3380000
    POSITION:3390000
    POSITION:3400000
    POSITION:3410000
    POSITION:3420000
    POSITION:3430000
    POSITION:3440000
    POSITION:3450000
    POSITION:3460000
    POSITION:3470000
    POSITION:3480000
    POSITION:3490000
    POSITION:3500000
    POSITION:3510000
    POSITION:3520000
    POSITION:3530000
    POSITION:3540000
    POSITION:3550000
    POSITION:3560000
    POSITION:3570000
    POSITION:3580000
    POSITION:3590000
    POSITION:3600000
    POSITION:3610000
    POSITION:3620000
    POSITION:3630000
    POSITION:3640000
    POSITION:3650000
    POSITION:3660000
    POSITION:3670000
    POSITION:3680000
    POSITION:3690000
    POSITION:3700000
    POSITION:3710000
    POSITION:3720000
    POSITION:3730000
    POSITION:3740000
    POSITION:3750000
    POSITION:3760000
    POSITION:3770000
    POSITION:3780000
    POSITION:3790000
    POSITION:3800000
    POSITION:3810000
    POSITION:3820000
    POSITION:3830000
    POSITION:3840000
    POSITION:3850000
    POSITION:3860000
    POSITION:3870000
    POSITION:3880000
    POSITION:3890000
    POSITION:3900000
    POSITION:3910000
    POSITION:3920000
    POSITION:3930000
    POSITION:3940000
    POSITION:3950000
    POSITION:3960000
    POSITION:3970000
    POSITION:3980000
    POSITION:3990000
    POSITION:4000000
    POSITION:4010000
    POSITION:4020000
    POSITION:4030000
    POSITION:4040000
    POSITION:4050000
    POSITION:4060000
    POSITION:4070000
    POSITION:4080000
    POSITION:4090000
    POSITION:4100000
    POSITION:4110000
    POSITION:4120000
    POSITION:4130000
    POSITION:4140000
    POSITION:4150000
    POSITION:4160000
    POSITION:4170000
    POSITION:4180000
    POSITION:4190000
    POSITION:4200000
    POSITION:4210000
    POSITION:4220000
    POSITION:4230000
    POSITION:4240000
    POSITION:4250000
    POSITION:4260000
    POSITION:4270000
    POSITION:4280000
    POSITION:4290000
    POSITION:4300000
    POSITION:4310000
    POSITION:4320000
    POSITION:4330000
    POSITION:4340000
    POSITION:4350000
    POSITION:4360000
    POSITION:4370000
    POSITION:4380000
    POSITION:4390000
    POSITION:4400000
    POSITION:4410000
    POSITION:4420000
    POSITION:4430000
    POSITION:4440000
    POSITION:4450000
    POSITION:4460000
    POSITION:4470000
    POSITION:4480000
    POSITION:4490000
    POSITION:4500000
    POSITION:4510000
    POSITION:4520000
    POSITION:4530000
    POSITION:4540000
    POSITION:4550000
    POSITION:4560000
    POSITION:4570000
    POSITION:4580000
    POSITION:4590000
    POSITION:4600000
    POSITION:4610000
    POSITION:4620000
+++   NOW PROCESSING Polymorphism statistics
[system] R --vanilla < "/home/reyes/miniconda3/envs/ltee-variant-analysis/bin/../share/breseq/polymorphism_statistics.r" > "results/breseq_consensus/SRR2584863/08_mutation_identification/polymorphism_statistics_output.log" --args total_length=4629812 in_file="results/breseq_consensus/SRR2584863/08_mutation_identification/polymorphism_statistics_input.tab" out_file="results/breseq_consensus/SRR2584863/08_mutation_identification/polymorphism_statistics_output.tab" qual_file="results/breseq_consensus/SRR2584863/08_mutation_identification/error_counts.tab"
+++   NOW PROCESSING Output
+++   NOW PROCESSING Output :: Mutation Prediction
Creating merged genome diff evidence file...
Predicting mutations from evidence...
  Preparing junctions...
  Predicting mobile element insertions...
  Predicting large deletions...
  Predicting small indels and substitutions from junctions...
  Predicting small indels and substitutions from alignments...
  Reconciling mutation predictions...
  Making final adjustments to mutations...
  Writing final GD file...
  Writing final VCF file...
Warning: MOB with negative target site insertion not handled. Ignoring:
MOB	26	59,89,95	CP000819	4006278	IS150	1	-2	ins_end=CTGTCCAACTTTTTGGGGTCAGTACAC	ins_start=CTT	repeat_size=1443
Warning: MOB with negative target site insertion not handled. Ignoring:
MOB	26	59,89,95	CP000819	4006278	IS150	1	-2	ins_end=CTGTCCAACTTTTTGGGGTCAGTACAC	ins_start=CTT	repeat_size=1443
+++   NOW PROCESSING Output :: Mutation Annotation
Annotating mutations...
[system] rm -f "results/breseq_consensus/SRR2584863/output/evidence/preannotated.gd"
Drawing coverage plots...
Creating coverage plot for region: CP000819:1-4629812
Creating coverage plot for region: CP000819:1270129-1270659
Creating coverage plot for region: CP000819:3741302-3742142
Creating coverage plot for region: CP000819:3893663-3901456
Creating coverage plot for region: CP000819:4006278-4006279
Creating coverage plot for region: CP000819:4017732-4017901
Creating evidence file: MC_SIDE_1_56.html
Creating read alignment for region: CP000819:1270128-1270128
Creating evidence file: MC_SIDE_2_56.html
Creating read alignment for region: CP000819:1270660-1270660
Creating evidence file: MC_PLOT_56.html
Creating evidence file: MC_SIDE_1_57.html
Creating evidence file: MC_SIDE_2_57.html
Creating read alignment for region: CP000819:3741301-3741301
Creating read alignment for region: CP000819:3742143-3742143
Creating evidence file: MC_PLOT_57.html
Creating evidence file: MC_SIDE_1_58.html
Creating read alignment for region: CP000819:3893662-3893662
Creating evidence file: MC_SIDE_2_58.html
Creating read alignment for region: CP000819:3901457-3901457
Creating evidence file: MC_PLOT_58.html
Creating evidence file: MC_SIDE_1_59.html
Creating read alignment for region: CP000819:4006277-4006277
Creating evidence file: MC_SIDE_2_59.html
Creating read alignment for region: CP000819:4006280-4006280
Creating evidence file: MC_PLOT_59.html
Creating evidence file: MC_SIDE_1_60.html
Creating read alignment for region: CP000819:4017731-4017731
Creating evidence file: MC_SIDE_2_60.html
Creating read alignment for region: CP000819:4017902-4017902
Creating evidence file: MC_PLOT_60.html
Creating evidence file: SNP_1.html
Creating read alignment for region: CP000819:9972.0-9972.0
Creating evidence file: SNP_3.html
Creating read alignment for region: CP000819:281923.0-281923.0
Creating evidence file: INS_4.html
Creating read alignment for region: CP000819:433366.1-433366.1
Creating evidence file: INS_5.html
Creating read alignment for region: CP000819:473901.1-473901.2
Creating evidence file: SNP_7.html
Creating read alignment for region: CP000819:648692.0-648692.0
Creating evidence file: SNP_8.html
Creating read alignment for region: CP000819:1331794.0-1331794.0
Creating evidence file: SNP_10.html
Creating read alignment for region: CP000819:1733343.0-1733343.0
Creating evidence file: INS_11.html
Creating read alignment for region: CP000819:2103911.1-2103911.24
Creating evidence file: INS_13.html
Creating read alignment for region: CP000819:2333539.1-2333539.1
Creating evidence file: SNP_14.html
Creating read alignment for region: CP000819:2446984.0-2446984.0
Creating evidence file: SNP_15.html
Creating read alignment for region: CP000819:2665639.0-2665639.0
Creating evidence file: SNP_16.html
Creating read alignment for region: CP000819:2999330.0-2999330.0
Creating evidence file: SNP_19.html
Creating read alignment for region: CP000819:3339313.0-3339313.0
Creating evidence file: SNP_20.html
Creating read alignment for region: CP000819:3401754.0-3401754.0
Creating evidence file: SNP_21.html
Creating read alignment for region: CP000819:3481820.0-3481820.0
Creating evidence file: SNP_22.html
Creating read alignment for region: CP000819:3488669.0-3488669.0
Creating evidence file: SNP_25.html
Creating read alignment for region: CP000819:3909807.0-3909807.0
Creating evidence file: SNP_27.html
Creating read alignment for region: CP000819:4100183.0-4100183.0
Creating evidence file: SNP_29.html
Creating read alignment for region: CP000819:4201958.0-4201958.0
Creating evidence file: DEL_30.html
Creating read alignment for region: CP000819:4431394.0-4431395.0
Creating evidence file: SNP_32.html
Creating read alignment for region: CP000819:4616538.0-4616538.0
Creating evidence file: JC_61.html
Creating read alignment for region: CP000819__1__1__CP000819__4629812__-1__0____150__150__0__0:150-151
Creating evidence file: JC_SIDE_1_61.html
Creating read alignment for region: CP000819:1-1
Creating evidence file: JC_SIDE_2_61.html
Creating read alignment for region: CP000819:4629812-4629812
Creating evidence file: JC_63.html
Creating read alignment for region: CP000819__280__-1__CP000819__315__1__4____150__150__0__0:150-155
Creating evidence file: JC_SIDE_1_63.html
Creating read alignment for region: CP000819:280-280
Creating evidence file: JC_SIDE_2_63.html
Creating read alignment for region: CP000819:319-319
Creating evidence file: JC_66.html
Creating read alignment for region: CP000819__16990__1__CP000819__666130__-1__0____150__150__0__1:150-151
Creating evidence file: JC_SIDE_1_66.html
Creating read alignment for region: CP000819:16990-16990
Creating evidence file: JC_SIDE_2_66.html
Creating read alignment for region: CP000819:666130-666130
Creating evidence file: JC_67.html
Creating read alignment for region: CP000819__16992__-1__CP000819__2775877__-1__0____150__150__0__1:150-151
Creating evidence file: JC_SIDE_1_67.html
Creating read alignment for region: CP000819:16992-16992
Creating evidence file: JC_SIDE_2_67.html
Creating read alignment for region: CP000819:2775877-2775877
Creating evidence file: JC_76.html
Creating read alignment for region: CP000819__430844__-1__CP000819__592033__1__25____150__150__1__0:150-176
Creating evidence file: JC_SIDE_1_76.html
Creating read alignment for region: CP000819:430844-430844
Creating evidence file: JC_SIDE_2_76.html
Creating read alignment for region: CP000819:592058-592058
Creating evidence file: JC_77.html
Creating read alignment for region: CP000819__497299__-1__CP000819__497322__-1__7____150__150__1__0:150-158
Creating evidence file: JC_SIDE_1_77.html
Creating read alignment for region: CP000819:497292-497292
Creating evidence file: JC_SIDE_2_77.html
Creating read alignment for region: CP000819:497322-497322
Creating evidence file: JC_80.html
Creating read alignment for region: CP000819__546190__1__CP000819__546932__1__1____150__150__0__1:150-152
Creating evidence file: JC_SIDE_1_80.html
Creating read alignment for region: CP000819:546191-546191
Creating evidence file: JC_SIDE_2_80.html
Creating read alignment for region: CP000819:546932-546932
Creating evidence file: JC_81.html
Creating read alignment for region: CP000819__546199__-1__CP000819__547699__-1__0____150__150__0__1:150-151
Creating evidence file: JC_SIDE_1_81.html
Creating read alignment for region: CP000819:546199-546199
Creating evidence file: JC_SIDE_2_81.html
Creating read alignment for region: CP000819:547699-547699
Creating evidence file: JC_82.html
Creating read alignment for region: CP000819__590471__-1__CP000819__2122429__-1__1____150__150__0__0:150-152
Creating evidence file: JC_SIDE_1_82.html
Creating read alignment for region: CP000819:590471-590471
Creating evidence file: JC_SIDE_2_82.html
Creating read alignment for region: CP000819:2122428-2122428
Creating evidence file: JC_84.html
Creating read alignment for region: CP000819__590471__-1__CP000819__3015774__-1__1____150__150__0__0:150-152
Creating evidence file: JC_SIDE_1_84.html
Creating read alignment for region: CP000819:590471-590471
Creating evidence file: JC_SIDE_2_84.html
Creating read alignment for region: CP000819:3015773-3015773
Creating evidence file: JC_86.html
Creating read alignment for region: CP000819__590471__-1__CP000819__3901456__1__1____150__150__0__0:150-152
Creating evidence file: JC_SIDE_1_86.html
Creating read alignment for region: CP000819:590471-590471
Creating evidence file: JC_SIDE_2_86.html
Creating evidence file: JC_87.html
Creating read alignment for region: CP000819__590471__-1__CP000819__4613019__1__1____150__150__0__0:150-152
Creating read alignment for region: CP000819:3901457-3901457
Creating evidence file: JC_SIDE_1_87.html
Creating read alignment for region: CP000819:590471-590471
Creating evidence file: JC_SIDE_2_87.html
Creating read alignment for region: CP000819:4613020-4613020
Creating evidence file: JC_88.html
Creating read alignment for region: CP000819__590472__-1__CP000819__3268052__1__1____150__150__0__0:150-152
Creating evidence file: JC_SIDE_1_88.html
Creating read alignment for region: CP000819:590472-590472
Creating evidence file: JC_SIDE_2_88.html
Creating read alignment for region: CP000819:3268053-3268053
Creating evidence file: JC_89.html
Creating read alignment for region: CP000819__590472__-1__CP000819__4006279__1__1____150__150__0__0:150-152
Creating evidence file: JC_SIDE_1_89.html
Creating read alignment for region: CP000819:590472-590472
Creating evidence file: JC_SIDE_2_89.html
Creating read alignment for region: CP000819:4006280-4006280
Creating evidence file: JC_90.html
Creating read alignment for region: CP000819__590472__-1__CP000819__4110239__-1__-1__A__150__150__1__0:150-152
Creating evidence file: JC_SIDE_1_90.html
Creating read alignment for region: CP000819:590472-590472
Creating evidence file: JC_SIDE_2_90.html
Creating read alignment for region: CP000819:4110239-4110239
Creating evidence file: JC_91.html
Creating read alignment for region: CP000819__590473__-1__CP000819__1269593__-1__2____150__150__0__0:150-153
Creating evidence file: JC_SIDE_1_91.html
Creating read alignment for region: CP000819:590473-590473
Creating evidence file: JC_SIDE_2_91.html
Creating read alignment for region: CP000819:1269591-1269591
Creating evidence file: JC_95.html
Creating read alignment for region: CP000819__664686__1__CP000819__4006277__-1__-1__G__150__150__1__0:150-152
Creating evidence file: JC_SIDE_1_95.html
Creating read alignment for region: CP000819:664686-664686
Creating evidence file: JC_SIDE_2_95.html
Creating read alignment for region: CP000819:4006277-4006277
Creating evidence file: JC_96.html
Creating read alignment for region: CP000819__664686__1__CP000819__4613019__-1__0____150__150__1__0:150-151
Creating evidence file: JC_SIDE_1_96.html
Creating read alignment for region: CP000819:664686-664686
Creating evidence file: JC_SIDE_2_96.html
Creating read alignment for region: CP000819:4613019-4613019
Creating evidence file: JC_97.html
Creating read alignment for region: CP000819__664688__1__CP000819__1270658__1__2____150__150__1__0:150-153
Creating evidence file: JC_SIDE_1_97.html
Creating read alignment for region: CP000819:664688-664688
Creating evidence file: JC_SIDE_2_97.html
Creating read alignment for region: CP000819:1270660-1270660
Creating evidence file: JC_98.html
Creating read alignment for region: CP000819__664688__1__CP000819__1462318__1__2____150__150__1__0:150-153
Creating evidence file: JC_SIDE_1_98.html
Creating read alignment for region: CP000819:664688-664688
Creating evidence file: JC_SIDE_2_98.html
Creating read alignment for region: CP000819:1462320-1462320
Creating evidence file: JC_99.html
Creating read alignment for region: CP000819__666130__-1__CP000819__1269593__-1__0____150__150__1__0:150-151
Creating evidence file: JC_SIDE_1_99.html
Creating read alignment for region: CP000819:666130-666130
Creating evidence file: JC_SIDE_2_99.html
Creating read alignment for region: CP000819:1269593-1269593
Creating evidence file: JC_100.html
Creating read alignment for region: CP000819__666130__-1__CP000819__1270128__-1__0____150__150__1__0:150-151
Creating evidence file: JC_SIDE_1_100.html
Creating read alignment for region: CP000819:666130-666130
Creating evidence file: JC_SIDE_2_100.html
Creating read alignment for region: CP000819:1270128-1270128
Creating evidence file: JC_101.html
Creating read alignment for region: CP000819__666130__-1__CP000819__1462322__-1__0____150__150__1__0:150-151
Creating evidence file: JC_SIDE_1_101.html
Creating read alignment for region: CP000819:666130-666130
Creating evidence file: JC_SIDE_2_101.html
Creating read alignment for region: CP000819:1462322-1462322
Creating evidence file: JC_136.html
Creating read alignment for region: CP000819__2103888__1__CP000819__2103918__-1__7____150__150__0__0:150-158
Creating evidence file: JC_SIDE_1_136.html
Creating read alignment for region: CP000819:2103888-2103888
Creating evidence file: JC_SIDE_2_136.html
Creating read alignment for region: CP000819:2103911-2103911
Creating evidence file: JC_137.html
Creating evidence file: JC_SIDE_1_137.html
Creating read alignment for region: CP000819__2122426__1__CP000819__2775877__-1__0____150__150__0__1:150-151
Creating read alignment for region: CP000819:2122426-2122426
Creating evidence file: JC_SIDE_2_137.html
Creating read alignment for region: CP000819:2775877-2775877
Creating evidence file: JC_138.html
Creating read alignment for region: CP000819__2148971__-1__CP000819__2148992__-1__11____150__150__0__0:150-162
Creating evidence file: JC_SIDE_1_138.html
Creating read alignment for region: CP000819:2148971-2148971
Creating evidence file: JC_SIDE_2_138.html
Creating read alignment for region: CP000819:2148981-2148981
Creating evidence file: JC_139.html
Creating read alignment for region: CP000819__2256054__1__CP000819__2256076__1__7____150__150__0__0:150-158
Creating evidence file: JC_SIDE_1_139.html
Creating read alignment for region: CP000819:2256054-2256054
Creating evidence file: JC_SIDE_2_139.html
Creating read alignment for region: CP000819:2256083-2256083
Creating evidence file: JC_153.html
Creating read alignment for region: CP000819__2775877__-1__CP000819__3015769__1__2____150__150__1__0:150-153
Creating evidence file: JC_SIDE_1_153.html
Creating read alignment for region: CP000819:2775877-2775877
Creating evidence file: JC_SIDE_2_153.html
Creating read alignment for region: CP000819:3015771-3015771
Creating evidence file: JC_154.html
Creating read alignment for region: CP000819__2775877__-1__CP000819__3268054__-1__0____150__150__1__0:150-151
Creating evidence file: JC_SIDE_1_154.html
Creating read alignment for region: CP000819:2775877-2775877
Creating evidence file: JC_SIDE_2_154.html
Creating read alignment for region: CP000819:3268054-3268054
Creating evidence file: JC_176.html
Creating read alignment for region: CP000819__3651091__1__CP000819__3894999__-1__0____150__150__1__0:150-151
Creating evidence file: JC_SIDE_1_176.html
Creating read alignment for region: CP000819:3651091-3651091
Creating evidence file: JC_SIDE_2_176.html
Creating read alignment for region: CP000819:3894999-3894999
Creating evidence file: JC_177.html
Creating read alignment for region: CP000819__3651091__1__CP000819__3652537__-1__1____150__150__1__0:150-152
Creating evidence file: JC_SIDE_1_177.html
Creating read alignment for region: CP000819:3651092-3651092
Creating evidence file: JC_SIDE_2_177.html
Creating read alignment for region: CP000819:3652537-3652537
Creating evidence file: JC_178.html
Creating read alignment for region: CP000819__3652533__-1__CP000819__3893549__1__2____150__150__1__0:150-153
Creating evidence file: JC_SIDE_1_178.html
Creating read alignment for region: CP000819:3652531-3652531
Creating evidence file: JC_SIDE_2_178.html
Creating read alignment for region: CP000819:3893549-3893549
Creating evidence file: JC_180.html
Creating read alignment for region: CP000819__3741965__-1__CP000819__3742143__1__0____150__150__1__0:150-151
Creating evidence file: JC_SIDE_1_180.html
Creating read alignment for region: CP000819:3741965-3741965
Creating evidence file: JC_SIDE_2_180.html
Creating read alignment for region: CP000819:3742143-3742143
Creating evidence file: JC_185.html
Creating read alignment for region: CP000819__3887779__1__CP000819__3887806__1__12____150__150__0__0:150-163
Creating evidence file: JC_SIDE_1_185.html
Creating read alignment for region: CP000819:3887779-3887779
Creating evidence file: JC_SIDE_2_185.html
Creating read alignment for region: CP000819:3887818-3887818
Creating evidence file: JC_186.html
Creating read alignment for region: CP000819__3893554__1__CP000819__4110235__1__2____150__150__1__0:150-153
Creating evidence file: JC_SIDE_1_186.html
Creating read alignment for region: CP000819:3893554-3893554
Creating evidence file: JC_SIDE_2_186.html
Creating read alignment for region: CP000819:4110237-4110237
Creating index HTML table...
[system] rm -f "results/breseq_consensus/SRR2584863/01_sequence_conversion/*.trims"
[system] rm -f "results/breseq_consensus/SRR2584863/03_candidate_junctions/candidate_junction.fasta"
[system] rm -f "results/breseq_consensus/SRR2584863/03_candidate_junctions/candidate_junction.fasta.fai"
[system] rm -f "results/breseq_consensus/SRR2584863/05_alignment_correction/jc_evidence.gd"
[system] rm -f "results/breseq_consensus/SRR2584863/06_bam/junction.bam"
[system] rm -f "results/breseq_consensus/SRR2584863/06_bam/junction.bam.bai"
+++   SUCCESSFULLY COMPLETED

----------------------------------------------
Sample:     Ara3_50000
Generation: 50000
Run:        SRR2584866
----------------------------------------------
================================================================================
breseq 0.39.0     http://barricklab.org/breseq

Active Developers: Barrick JE, Deatherage DE
Contact:           <jeffrey.e.barrick@gmail.com>

breseq is free software; you can redistribute it and/or modify it under the
terms the GNU General Public License as published by the Free Software 
Foundation; either version 2, or (at your option) any later version.

Copyright (c) 2008-2010 Michigan State University
Copyright (c) 2011-2022 The University of Texas at Austin

If you use breseq in your research, please cite:

  Deatherage, D.E., Barrick, J.E. (2014) Identification of mutations
  in laboratory-evolved microbes from next-generation sequencing
  data using breseq. Methods Mol. Biol. 1151: 165–188.

If you use structural variation (junction) predictions, please cite:

  Barrick, J.E., Colburn, G., Deatherage D.E., Traverse, C.C.,
  Strand, M.D., Borges, J.J., Knoester, D.B., Reba, A., Meyer, A.G. 
  (2014) Identifying structural variation in haploid microbial genomes 
  from short-read resequencing data using breseq. BMC Genomics 15:1039.
================================================================================
---> bowtie2  :: version 2.5.4 [/home/reyes/miniconda3/envs/ltee-variant-analysis/bin/bowtie2]
---> bowtie2  :: NOTE :: breseq output may vary slightly depending on your bowtie2 version,
---> bowtie2  :: NOTE :: and occasionally bowtie2 versions may have bugs that cause crashes.
---> bowtie2  :: NOTE :: bowtie2 version 2.4.5 is recommended with this breseq version.
---> R        :: version 4.3.1 [/home/reyes/miniconda3/envs/ltee-variant-analysis/bin/R]
+++   NOW PROCESSING Read and reference sequence file input
  READ FILE::SRR2584866_1.trim
    Converting/filtering FASTQ file...
    Original base quality format: SANGER New format: SANGER
    Original reads: 2021085 bases: 264242420
    Filtered reads:      42 bases:      5806 (≥90.0% same base)
    Analyzed reads: 2021043 bases: 264236614
  READ FILE::SRR2584866_2.trim
    Converting/filtering FASTQ file...
    Original base quality format: SANGER New format: SANGER
    Original reads: 2021085 bases: 287818024
    Filtered reads: none
    Analyzed reads: 2021085 bases: 287818024
  READ FILE::SRR2584866_1.unpaired
    Converting/filtering FASTQ file...
    Original base quality format: SANGER New format: SANGER
    Original reads: 611486 bases: 52007279
    Filtered reads: none
    Analyzed reads: 611486 bases: 52007279
  READ FILE::SRR2584866_2.unpaired
    Converting/filtering FASTQ file...
    Original base quality format: SANGER New format: SANGER
    Original reads: 123583 bases: 13560814
    Filtered reads: none
    Analyzed reads: 123583 bases: 13560814
  ::TOTAL::
    Original reads: 4777239 bases: 617628537
    Analyzed reads: 4777197 bases: 617622731
[samtools] faidx results/breseq_consensus/SRR2584866/data/reference.fasta
  REFERENCE: CP000819
  LENGTH: 4629812
+++   NOW PROCESSING Read alignment to reference genome
[system] bowtie2-build -q "results/breseq_consensus/SRR2584866/data/reference.fasta" "results/breseq_consensus/SRR2584866/02_reference_alignment/reference"
[system] bowtie2 -t --no-unal -p 4 -L 31 --ma 1 --mp 3 --np 0 --rdg 2,3 --rfg 2,3 --ignore-quals --local -i S,1,0.25 --score-min L,1,0.9 -k 2000 --reorder -x "results/breseq_consensus/SRR2584866/02_reference_alignment/reference" -U "results/breseq_consensus/SRR2584866/01_sequence_conversion/SRR2584866_1.trim.converted.fastq" -S "results/breseq_consensus/SRR2584866/02_reference_alignment/SRR2584866_1.trim.stage1.sam" --un "results/breseq_consensus/SRR2584866/02_reference_alignment/SRR2584866_1.trim.stage1.unmatched.fastq"
Time loading reference: 00:00:00
Time loading forward index: 00:00:00
Time loading mirror index: 00:00:00
Multiseed full-index search: 00:01:16
2021043 reads; of these:
  2021043 (100.00%) were unpaired; of these:
    18060 (0.89%) aligned 0 times
    1935682 (95.78%) aligned exactly 1 time
    67301 (3.33%) aligned >1 times
99.11% overall alignment rate
Time searching: 00:01:16
Overall time: 00:01:16
[system] bowtie2 -t --no-unal -p 4 -L 18 --ma 1 --mp 3 --np 0 --rdg 2,3 --rfg 2,3 --ignore-quals --local -i S,1,0.25 --score-min L,6,0.2 -k 2000 --reorder -x "results/breseq_consensus/SRR2584866/02_reference_alignment/reference" -U "results/breseq_consensus/SRR2584866/02_reference_alignment/SRR2584866_1.trim.stage1.unmatched.fastq" -S "results/breseq_consensus/SRR2584866/02_reference_alignment/SRR2584866_1.trim.stage2.matched.sam"
Time loading reference: 00:00:00
Time loading forward index: 00:00:00
Time loading mirror index: 00:00:00
Multiseed full-index search: 00:00:01
18060 reads; of these:
  18060 (100.00%) were unpaired; of these:
    233 (1.29%) aligned 0 times
    9998 (55.36%) aligned exactly 1 time
    7829 (43.35%) aligned >1 times
98.71% overall alignment rate
Time searching: 00:00:01
Overall time: 00:00:01
[system] bowtie2 -t --no-unal -p 4 -L 31 --ma 1 --mp 3 --np 0 --rdg 2,3 --rfg 2,3 --ignore-quals --local -i S,1,0.25 --score-min L,1,0.9 -k 2000 --reorder -x "results/breseq_consensus/SRR2584866/02_reference_alignment/reference" -U "results/breseq_consensus/SRR2584866/01_sequence_conversion/SRR2584866_2.trim.converted.fastq" -S "results/breseq_consensus/SRR2584866/02_reference_alignment/SRR2584866_2.trim.stage1.sam" --un "results/breseq_consensus/SRR2584866/02_reference_alignment/SRR2584866_2.trim.stage1.unmatched.fastq"
Time loading reference: 00:00:00
Time loading forward index: 00:00:00
Time loading mirror index: 00:00:00
Multiseed full-index search: 00:01:04
2021085 reads; of these:
  2021085 (100.00%) were unpaired; of these:
    12050 (0.60%) aligned 0 times
    1942164 (96.10%) aligned exactly 1 time
    66871 (3.31%) aligned >1 times
99.40% overall alignment rate
Time searching: 00:01:04
Overall time: 00:01:04
[system] bowtie2 -t --no-unal -p 4 -L 19 --ma 1 --mp 3 --np 0 --rdg 2,3 --rfg 2,3 --ignore-quals --local -i S,1,0.25 --score-min L,6,0.2 -k 2000 --reorder -x "results/breseq_consensus/SRR2584866/02_reference_alignment/reference" -U "results/breseq_consensus/SRR2584866/02_reference_alignment/SRR2584866_2.trim.stage1.unmatched.fastq" -S "results/breseq_consensus/SRR2584866/02_reference_alignment/SRR2584866_2.trim.stage2.matched.sam"
Time loading reference: 00:00:00
Time loading forward index: 00:00:00
Time loading mirror index: 00:00:00
Multiseed full-index search: 00:00:01
12050 reads; of these:
  12050 (100.00%) were unpaired; of these:
    83 (0.69%) aligned 0 times
    4512 (37.44%) aligned exactly 1 time
    7455 (61.87%) aligned >1 times
99.31% overall alignment rate
Time searching: 00:00:01
Overall time: 00:00:01
[system] bowtie2 -t --no-unal -p 4 -L 31 --ma 1 --mp 3 --np 0 --rdg 2,3 --rfg 2,3 --ignore-quals --local -i S,1,0.25 --score-min L,1,0.9 -k 2000 --reorder -x "results/breseq_consensus/SRR2584866/02_reference_alignment/reference" -U "results/breseq_consensus/SRR2584866/01_sequence_conversion/SRR2584866_1.unpaired.converted.fastq" -S "results/breseq_consensus/SRR2584866/02_reference_alignment/SRR2584866_1.unpaired.stage1.sam" --un "results/breseq_consensus/SRR2584866/02_reference_alignment/SRR2584866_1.unpaired.stage1.unmatched.fastq"
Time loading reference: 00:00:00
Time loading forward index: 00:00:00
Time loading mirror index: 00:00:00
Multiseed full-index search: 00:00:13
611486 reads; of these:
  611486 (100.00%) were unpaired; of these:
    4828 (0.79%) aligned 0 times
    582495 (95.26%) aligned exactly 1 time
    24163 (3.95%) aligned >1 times
99.21% overall alignment rate
Time searching: 00:00:13
Overall time: 00:00:13
[system] bowtie2 -t --no-unal -p 4 -L 13 --ma 1 --mp 3 --np 0 --rdg 2,3 --rfg 2,3 --ignore-quals --local -i S,1,0.25 --score-min L,6,0.2 -k 2000 --reorder -x "results/breseq_consensus/SRR2584866/02_reference_alignment/reference" -U "results/breseq_consensus/SRR2584866/02_reference_alignment/SRR2584866_1.unpaired.stage1.unmatched.fastq" -S "results/breseq_consensus/SRR2584866/02_reference_alignment/SRR2584866_1.unpaired.stage2.matched.sam"
Time loading reference: 00:00:00
Time loading forward index: 00:00:00
Time loading mirror index: 00:00:00
Multiseed full-index search: 00:00:00
4828 reads; of these:
  4828 (100.00%) were unpaired; of these:
    47 (0.97%) aligned 0 times
    1334 (27.63%) aligned exactly 1 time
    3447 (71.40%) aligned >1 times
99.03% overall alignment rate
Time searching: 00:00:00
Overall time: 00:00:00
[system] bowtie2 -t --no-unal -p 4 -L 31 --ma 1 --mp 3 --np 0 --rdg 2,3 --rfg 2,3 --ignore-quals --local -i S,1,0.25 --score-min L,1,0.9 -k 2000 --reorder -x "results/breseq_consensus/SRR2584866/02_reference_alignment/reference" -U "results/breseq_consensus/SRR2584866/01_sequence_conversion/SRR2584866_2.unpaired.converted.fastq" -S "results/breseq_consensus/SRR2584866/02_reference_alignment/SRR2584866_2.unpaired.stage1.sam" --un "results/breseq_consensus/SRR2584866/02_reference_alignment/SRR2584866_2.unpaired.stage1.unmatched.fastq"
Time loading reference: 00:00:00
Time loading forward index: 00:00:00
Time loading mirror index: 00:00:00
Multiseed full-index search: 00:00:03
123583 reads; of these:
  123583 (100.00%) were unpaired; of these:
    1721 (1.39%) aligned 0 times
    118105 (95.57%) aligned exactly 1 time
    3757 (3.04%) aligned >1 times
98.61% overall alignment rate
Time searching: 00:00:03
Overall time: 00:00:03
[system] bowtie2 -t --no-unal -p 4 -L 15 --ma 1 --mp 3 --np 0 --rdg 2,3 --rfg 2,3 --ignore-quals --local -i S,1,0.25 --score-min L,6,0.2 -k 2000 --reorder -x "results/breseq_consensus/SRR2584866/02_reference_alignment/reference" -U "results/breseq_consensus/SRR2584866/02_reference_alignment/SRR2584866_2.unpaired.stage1.unmatched.fastq" -S "results/breseq_consensus/SRR2584866/02_reference_alignment/SRR2584866_2.unpaired.stage2.matched.sam"
Time loading reference: 00:00:00
Time loading forward index: 00:00:00
Time loading mirror index: 00:00:00
Multiseed full-index search: 00:00:01
1721 reads; of these:
  1721 (100.00%) were unpaired; of these:
    88 (5.11%) aligned 0 times
    1078 (62.64%) aligned exactly 1 time
    555 (32.25%) aligned >1 times
94.89% overall alignment rate
Time searching: 00:00:01
Overall time: 00:00:01
[system] rm -f "results/breseq_consensus/SRR2584866/02_reference_alignment/reference*"
[system] rm -f "results/breseq_consensus/SRR2584866/02_reference_alignment/SRR2584866_1.trim.stage1.unmatched.fastq"
[system] rm -f "results/breseq_consensus/SRR2584866/02_reference_alignment/SRR2584866_1.trim.stage1.sam"
[system] rm -f "results/breseq_consensus/SRR2584866/02_reference_alignment/SRR2584866_1.trim.stage2.matched.sam"
[system] rm -f "results/breseq_consensus/SRR2584866/02_reference_alignment/SRR2584866_2.trim.stage1.unmatched.fastq"
[system] rm -f "results/breseq_consensus/SRR2584866/02_reference_alignment/SRR2584866_2.trim.stage1.sam"
[system] rm -f "results/breseq_consensus/SRR2584866/02_reference_alignment/SRR2584866_2.trim.stage2.matched.sam"
[system] rm -f "results/breseq_consensus/SRR2584866/02_reference_alignment/SRR2584866_1.unpaired.stage1.unmatched.fastq"
[system] rm -f "results/breseq_consensus/SRR2584866/02_reference_alignment/SRR2584866_1.unpaired.stage1.sam"
[system] rm -f "results/breseq_consensus/SRR2584866/02_reference_alignment/SRR2584866_1.unpaired.stage2.matched.sam"
[system] rm -f "results/breseq_consensus/SRR2584866/02_reference_alignment/SRR2584866_2.unpaired.stage1.unmatched.fastq"
[system] rm -f "results/breseq_consensus/SRR2584866/02_reference_alignment/SRR2584866_2.unpaired.stage1.sam"
[system] rm -f "results/breseq_consensus/SRR2584866/02_reference_alignment/SRR2584866_2.unpaired.stage2.matched.sam"
+++   NOW PROCESSING Preprocessing alignments for candidate junction identification
Preprocessing alignments.
  READ FILE::SRR2584866_1.trim
    ALIGNED READ:100000
    ALIGNED READ:200000
    ALIGNED READ:300000
    ALIGNED READ:400000
    ALIGNED READ:500000
    ALIGNED READ:600000
    ALIGNED READ:700000
    ALIGNED READ:800000
    ALIGNED READ:900000
    ALIGNED READ:1000000
    ALIGNED READ:1100000
    ALIGNED READ:1200000
    ALIGNED READ:1300000
    ALIGNED READ:1400000
    ALIGNED READ:1500000
    ALIGNED READ:1600000
    ALIGNED READ:1700000
    ALIGNED READ:1800000
    ALIGNED READ:1900000
    ALIGNED READ:2000000
  READ FILE::SRR2584866_2.trim
    ALIGNED READ:2100000
    ALIGNED READ:2200000
    ALIGNED READ:2300000
    ALIGNED READ:2400000
    ALIGNED READ:2500000
    ALIGNED READ:2600000
    ALIGNED READ:2700000
    ALIGNED READ:2800000
    ALIGNED READ:2900000
    ALIGNED READ:3000000
    ALIGNED READ:3100000
    ALIGNED READ:3200000
    ALIGNED READ:3300000
    ALIGNED READ:3400000
    ALIGNED READ:3500000
    ALIGNED READ:3600000
    ALIGNED READ:3700000
    ALIGNED READ:3800000
    ALIGNED READ:3900000
    ALIGNED READ:4000000
  READ FILE::SRR2584866_1.unpaired
    ALIGNED READ:4100000
    ALIGNED READ:4200000
    ALIGNED READ:4300000
    ALIGNED READ:4400000
    ALIGNED READ:4500000
    ALIGNED READ:4600000
  READ FILE::SRR2584866_2.unpaired
    ALIGNED READ:4700000
  Summary... 
  Aligned reads:                              4776746
  Read alignments:                            5801029
  Alignments split on indels:                    1028
  Reads with alignments split on indels:          886
  Split alignments:                            119850
  Reads with split alignments:                  22651
+++   NOW PROCESSING Preliminary analysis of coverage distribution
[samtools] import results/breseq_consensus/SRR2584866/data/reference.fasta.fai results/breseq_consensus/SRR2584866/03_candidate_junctions/best.sam results/breseq_consensus/SRR2584866/03_candidate_junctions/best.unsorted.bam
[samtools] sort --threads 4 -o results/breseq_consensus/SRR2584866/03_candidate_junctions/best.bam -T results/breseq_consensus/SRR2584866/03_candidate_junctions/best.bam results/breseq_consensus/SRR2584866/03_candidate_junctions/best.unsorted.bam
[samtools] index results/breseq_consensus/SRR2584866/03_candidate_junctions/best.bam results/breseq_consensus/SRR2584866/03_candidate_junctions/best.bam.bai
  REFERENCE: CP000819
  LENGTH: 4629812
    POSITION:10000
    POSITION:20000
    POSITION:30000
    POSITION:40000
    POSITION:50000
    POSITION:60000
    POSITION:70000
    POSITION:80000
    POSITION:90000
    POSITION:100000
    POSITION:110000
    POSITION:120000
    POSITION:130000
    POSITION:140000
    POSITION:150000
    POSITION:160000
    POSITION:170000
    POSITION:180000
    POSITION:190000
    POSITION:200000
    POSITION:210000
    POSITION:220000
    POSITION:230000
    POSITION:240000
    POSITION:250000
    POSITION:260000
    POSITION:270000
    POSITION:280000
    POSITION:290000
    POSITION:300000
    POSITION:310000
    POSITION:320000
    POSITION:330000
    POSITION:340000
    POSITION:350000
    POSITION:360000
    POSITION:370000
    POSITION:380000
    POSITION:390000
    POSITION:400000
    POSITION:410000
    POSITION:420000
    POSITION:430000
    POSITION:440000
    POSITION:450000
    POSITION:460000
    POSITION:470000
    POSITION:480000
    POSITION:490000
    POSITION:500000
    POSITION:510000
    POSITION:520000
    POSITION:530000
    POSITION:540000
    POSITION:550000
    POSITION:560000
    POSITION:570000
    POSITION:580000
    POSITION:590000
    POSITION:600000
    POSITION:610000
    POSITION:620000
    POSITION:630000
    POSITION:640000
    POSITION:650000
    POSITION:660000
    POSITION:670000
    POSITION:680000
    POSITION:690000
    POSITION:700000
    POSITION:710000
    POSITION:720000
    POSITION:730000
    POSITION:740000
    POSITION:750000
    POSITION:760000
    POSITION:770000
    POSITION:780000
    POSITION:790000
    POSITION:800000
    POSITION:810000
    POSITION:820000
    POSITION:830000
    POSITION:840000
    POSITION:850000
    POSITION:860000
    POSITION:870000
    POSITION:880000
    POSITION:890000
    POSITION:900000
    POSITION:910000
    POSITION:920000
    POSITION:930000
    POSITION:940000
    POSITION:950000
    POSITION:960000
    POSITION:970000
    POSITION:980000
    POSITION:990000
    POSITION:1000000
    POSITION:1010000
    POSITION:1020000
    POSITION:1030000
    POSITION:1040000
    POSITION:1050000
    POSITION:1060000
    POSITION:1070000
    POSITION:1080000
    POSITION:1090000
    POSITION:1100000
    POSITION:1110000
    POSITION:1120000
    POSITION:1130000
    POSITION:1140000
    POSITION:1150000
    POSITION:1160000
    POSITION:1170000
    POSITION:1180000
    POSITION:1190000
    POSITION:1200000
    POSITION:1210000
    POSITION:1220000
    POSITION:1230000
    POSITION:1240000
    POSITION:1250000
    POSITION:1260000
    POSITION:1270000
    POSITION:1280000
    POSITION:1290000
    POSITION:1300000
    POSITION:1310000
    POSITION:1320000
    POSITION:1330000
    POSITION:1340000
    POSITION:1350000
    POSITION:1360000
    POSITION:1370000
    POSITION:1380000
    POSITION:1390000
    POSITION:1400000
    POSITION:1410000
    POSITION:1420000
    POSITION:1430000
    POSITION:1440000
    POSITION:1450000
    POSITION:1460000
    POSITION:1470000
    POSITION:1480000
    POSITION:1490000
    POSITION:1500000
    POSITION:1510000
    POSITION:1520000
    POSITION:1530000
    POSITION:1540000
    POSITION:1550000
    POSITION:1560000
    POSITION:1570000
    POSITION:1580000
    POSITION:1590000
    POSITION:1600000
    POSITION:1610000
    POSITION:1620000
    POSITION:1630000
    POSITION:1640000
    POSITION:1650000
    POSITION:1660000
    POSITION:1670000
    POSITION:1680000
    POSITION:1690000
    POSITION:1700000
    POSITION:1710000
    POSITION:1720000
    POSITION:1730000
    POSITION:1740000
    POSITION:1750000
    POSITION:1760000
    POSITION:1770000
    POSITION:1780000
    POSITION:1790000
    POSITION:1800000
    POSITION:1810000
    POSITION:1820000
    POSITION:1830000
    POSITION:1840000
    POSITION:1850000
    POSITION:1860000
    POSITION:1870000
    POSITION:1880000
    POSITION:1890000
    POSITION:1900000
    POSITION:1910000
    POSITION:1920000
    POSITION:1930000
    POSITION:1940000
    POSITION:1950000
    POSITION:1960000
    POSITION:1970000
    POSITION:1980000
    POSITION:1990000
    POSITION:2000000
    POSITION:2010000
    POSITION:2020000
    POSITION:2030000
    POSITION:2040000
    POSITION:2050000
    POSITION:2060000
    POSITION:2070000
    POSITION:2080000
    POSITION:2090000
    POSITION:2100000
    POSITION:2110000
    POSITION:2120000
    POSITION:2130000
    POSITION:2140000
    POSITION:2150000
    POSITION:2160000
    POSITION:2170000
    POSITION:2180000
    POSITION:2190000
    POSITION:2200000
    POSITION:2210000
    POSITION:2220000
    POSITION:2230000
    POSITION:2240000
    POSITION:2250000
    POSITION:2260000
    POSITION:2270000
    POSITION:2280000
    POSITION:2290000
    POSITION:2300000
    POSITION:2310000
    POSITION:2320000
    POSITION:2330000
    POSITION:2340000
    POSITION:2350000
    POSITION:2360000
    POSITION:2370000
    POSITION:2380000
    POSITION:2390000
    POSITION:2400000
    POSITION:2410000
    POSITION:2420000
    POSITION:2430000
    POSITION:2440000
    POSITION:2450000
    POSITION:2460000
    POSITION:2470000
    POSITION:2480000
    POSITION:2490000
    POSITION:2500000
    POSITION:2510000
    POSITION:2520000
    POSITION:2530000
    POSITION:2540000
    POSITION:2550000
    POSITION:2560000
    POSITION:2570000
    POSITION:2580000
    POSITION:2590000
    POSITION:2600000
    POSITION:2610000
    POSITION:2620000
    POSITION:2630000
    POSITION:2640000
    POSITION:2650000
    POSITION:2660000
    POSITION:2670000
    POSITION:2680000
    POSITION:2690000
    POSITION:2700000
    POSITION:2710000
    POSITION:2720000
    POSITION:2730000
    POSITION:2740000
    POSITION:2750000
    POSITION:2760000
    POSITION:2770000
    POSITION:2780000
    POSITION:2790000
    POSITION:2800000
    POSITION:2810000
    POSITION:2820000
    POSITION:2830000
    POSITION:2840000
    POSITION:2850000
    POSITION:2860000
    POSITION:2870000
    POSITION:2880000
    POSITION:2890000
    POSITION:2900000
    POSITION:2910000
    POSITION:2920000
    POSITION:2930000
    POSITION:2940000
    POSITION:2950000
    POSITION:2960000
    POSITION:2970000
    POSITION:2980000
    POSITION:2990000
    POSITION:3000000
    POSITION:3010000
    POSITION:3020000
    POSITION:3030000
    POSITION:3040000
    POSITION:3050000
    POSITION:3060000
    POSITION:3070000
    POSITION:3080000
    POSITION:3090000
    POSITION:3100000
    POSITION:3110000
    POSITION:3120000
    POSITION:3130000
    POSITION:3140000
    POSITION:3150000
    POSITION:3160000
    POSITION:3170000
    POSITION:3180000
    POSITION:3190000
    POSITION:3200000
    POSITION:3210000
    POSITION:3220000
    POSITION:3230000
    POSITION:3240000
    POSITION:3250000
    POSITION:3260000
    POSITION:3270000
    POSITION:3280000
    POSITION:3290000
    POSITION:3300000
    POSITION:3310000
    POSITION:3320000
    POSITION:3330000
    POSITION:3340000
    POSITION:3350000
    POSITION:3360000
    POSITION:3370000
    POSITION:3380000
    POSITION:3390000
    POSITION:3400000
    POSITION:3410000
    POSITION:3420000
    POSITION:3430000
    POSITION:3440000
    POSITION:3450000
    POSITION:3460000
    POSITION:3470000
    POSITION:3480000
    POSITION:3490000
    POSITION:3500000
    POSITION:3510000
    POSITION:3520000
    POSITION:3530000
    POSITION:3540000
    POSITION:3550000
    POSITION:3560000
    POSITION:3570000
    POSITION:3580000
    POSITION:3590000
    POSITION:3600000
    POSITION:3610000
    POSITION:3620000
    POSITION:3630000
    POSITION:3640000
    POSITION:3650000
    POSITION:3660000
    POSITION:3670000
    POSITION:3680000
    POSITION:3690000
    POSITION:3700000
    POSITION:3710000
    POSITION:3720000
    POSITION:3730000
    POSITION:3740000
    POSITION:3750000
    POSITION:3760000
    POSITION:3770000
    POSITION:3780000
    POSITION:3790000
    POSITION:3800000
    POSITION:3810000
    POSITION:3820000
    POSITION:3830000
    POSITION:3840000
    POSITION:3850000
    POSITION:3860000
    POSITION:3870000
    POSITION:3880000
    POSITION:3890000
    POSITION:3900000
    POSITION:3910000
    POSITION:3920000
    POSITION:3930000
    POSITION:3940000
    POSITION:3950000
    POSITION:3960000
    POSITION:3970000
    POSITION:3980000
    POSITION:3990000
    POSITION:4000000
    POSITION:4010000
    POSITION:4020000
    POSITION:4030000
    POSITION:4040000
    POSITION:4050000
    POSITION:4060000
    POSITION:4070000
    POSITION:4080000
    POSITION:4090000
    POSITION:4100000
    POSITION:4110000
    POSITION:4120000
    POSITION:4130000
    POSITION:4140000
    POSITION:4150000
    POSITION:4160000
    POSITION:4170000
    POSITION:4180000
    POSITION:4190000
    POSITION:4200000
    POSITION:4210000
    POSITION:4220000
    POSITION:4230000
    POSITION:4240000
    POSITION:4250000
    POSITION:4260000
    POSITION:4270000
    POSITION:4280000
    POSITION:4290000
    POSITION:4300000
    POSITION:4310000
    POSITION:4320000
    POSITION:4330000
    POSITION:4340000
    POSITION:4350000
    POSITION:4360000
    POSITION:4370000
    POSITION:4380000
    POSITION:4390000
    POSITION:4400000
    POSITION:4410000
    POSITION:4420000
    POSITION:4430000
    POSITION:4440000
    POSITION:4450000
    POSITION:4460000
    POSITION:4470000
    POSITION:4480000
    POSITION:4490000
    POSITION:4500000
    POSITION:4510000
    POSITION:4520000
    POSITION:4530000
    POSITION:4540000
    POSITION:4550000
    POSITION:4560000
    POSITION:4570000
    POSITION:4580000
    POSITION:4590000
    POSITION:4600000
    POSITION:4610000
    POSITION:4620000
[system] R --vanilla < "/home/reyes/miniconda3/envs/ltee-variant-analysis/bin/../share/breseq/coverage_distribution.r" > "results/breseq_consensus/SRR2584866/03_candidate_junctions/0.unique_only_coverage_distribution.tab.r.log" --args distribution_file="results/breseq_consensus/SRR2584866/03_candidate_junctions/0.unique_only_coverage_distribution.tab" plot_file="results/breseq_consensus/SRR2584866/03_candidate_junctions/0.coverage.pdf" deletion_propagation_pr_cutoff=2.32374e-05
[system] rm -f "results/breseq_consensus/SRR2584866/03_candidate_junctions/best.unsorted.bam"
[system] rm -f "results/breseq_consensus/SRR2584866/03_candidate_junctions/best.sam"
[system] rm -f "results/breseq_consensus/SRR2584866/03_candidate_junctions/best.bam"
[system] rm -f "results/breseq_consensus/SRR2584866/03_candidate_junctions/best.bam.bai"
[system] rm -f "results/breseq_consensus/SRR2584866/03_candidate_junctions/0.coverage.pdf"
[system] rm -f "results/breseq_consensus/SRR2584866/03_candidate_junctions/0.unique_only_coverage_distribution.tab"
[system] rm -f "results/breseq_consensus/SRR2584866/03_candidate_junctions/0.unique_only_coverage_distribution.tab.r.log"
+++   NOW PROCESSING Identifying junction candidates
  READ FILE::SRR2584866_1.trim
  READ FILE::SRR2584866_2.trim
    ALIGNED READ:10000 CANDIDATE JUNCTIONS:5646
  READ FILE::SRR2584866_1.unpaired
    ALIGNED READ:20000 CANDIDATE JUNCTIONS:9861
  READ FILE::SRR2584866_2.unpaired
  Passed alignment pairs examined: 53053
  Taking top candidate junctions...
  Minimum number to keep:     100 
  Maximum number to keep:    5000 
  Maximum length to keep:  462981 bases
    Initial: Number = 931, Cumulative Length = 285227 bases
      Testing Pos Hash Score =   57, Num =      1, Length =    301
      Testing Pos Hash Score =   51, Num =      1, Length =    300
      Testing Pos Hash Score =   49, Num =      3, Length =    903
      Testing Pos Hash Score =   48, Num =      5, Length =   1511
      Testing Pos Hash Score =   47, Num =      3, Length =    904
      Testing Pos Hash Score =   46, Num =      5, Length =   1506
      Testing Pos Hash Score =   45, Num =      2, Length =    602
      Testing Pos Hash Score =   44, Num =      4, Length =   1207
      Testing Pos Hash Score =   43, Num =      4, Length =   1207
      Testing Pos Hash Score =   42, Num =      7, Length =   2111
      Testing Pos Hash Score =   41, Num =      3, Length =    904
      Testing Pos Hash Score =   40, Num =      7, Length =   2118
      Testing Pos Hash Score =   39, Num =      8, Length =   2414
      Testing Pos Hash Score =   38, Num =      8, Length =   2409
      Testing Pos Hash Score =   37, Num =      4, Length =   1203
      Testing Pos Hash Score =   36, Num =      7, Length =   2112
      Testing Pos Hash Score =   35, Num =      7, Length =   2101
      Testing Pos Hash Score =   34, Num =      2, Length =    601
      Testing Pos Hash Score =   33, Num =      4, Length =   1204
      Testing Pos Hash Score =   32, Num =      5, Length =   1502
      Testing Pos Hash Score =   31, Num =      1, Length =    304
      Testing Pos Hash Score =   30, Num =      5, Length =   1503
      Testing Pos Hash Score =   29, Num =      2, Length =    600
      Testing Pos Hash Score =   28, Num =      5, Length =   1504
      Testing Pos Hash Score =   26, Num =      1, Length =    303
      Testing Pos Hash Score =   25, Num =      5, Length =   1513
      Testing Pos Hash Score =   24, Num =      1, Length =    301
      Testing Pos Hash Score =   23, Num =      2, Length =    604
      Testing Pos Hash Score =   22, Num =      4, Length =   1203
      Testing Pos Hash Score =   20, Num =      2, Length =    600
      Testing Pos Hash Score =   18, Num =      3, Length =    902
      Testing Pos Hash Score =   15, Num =      1, Length =    300
      Testing Pos Hash Score =   13, Num =      2, Length =    611
      Testing Pos Hash Score =   12, Num =      1, Length =    304
      Testing Pos Hash Score =   11, Num =      4, Length =   1213
      Testing Pos Hash Score =   10, Num =      4, Length =   1211
      Testing Pos Hash Score =    8, Num =      3, Length =    915
      Testing Pos Hash Score =    7, Num =      5, Length =   1588
      Testing Pos Hash Score =    6, Num =     10, Length =   3052
      Testing Pos Hash Score =    5, Num =      6, Length =   1846
      Testing Pos Hash Score =    4, Num =     19, Length =   5875 [Omitted Similar =      2]
      Testing Pos Hash Score =    3, Num =     63, Length =  19512
      Testing Pos Hash Score =    2, Num =    686, Length = 210533 [Omitted Similar =      4]
    Accepted: Number = 925, Pos Hash Score >= 2, Cumulative Length = 283417 bases
[samtools] faidx results/breseq_consensus/SRR2584866/03_candidate_junctions/candidate_junction.fasta
[system] rm -f "results/breseq_consensus/SRR2584866/03_candidate_junctions/SRR2584866_1.trim.split.sam"
[system] rm -f "results/breseq_consensus/SRR2584866/03_candidate_junctions/SRR2584866_2.trim.split.sam"
[system] rm -f "results/breseq_consensus/SRR2584866/03_candidate_junctions/SRR2584866_1.unpaired.split.sam"
[system] rm -f "results/breseq_consensus/SRR2584866/03_candidate_junctions/SRR2584866_2.unpaired.split.sam"
+++   NOW PROCESSING Re-alignment to junction candidates
[system] bowtie2-build -q "results/breseq_consensus/SRR2584866/03_candidate_junctions/candidate_junction.fasta" "results/breseq_consensus/SRR2584866/04_candidate_junction_alignment/candidate_junction"
[system] bowtie2 -t --no-unal -p 4 --local  -L 31 --ma 1 --mp 3 --np 0 --rdg 2,3 --rfg 2,3 --ignore-quals --local -i S,1,0.25 --score-min L,1,0.70 -k 2000 --reorder -x "results/breseq_consensus/SRR2584866/04_candidate_junction_alignment/candidate_junction" -U "results/breseq_consensus/SRR2584866/01_sequence_conversion/SRR2584866_1.trim.converted.fastq" -S "results/breseq_consensus/SRR2584866/04_candidate_junction_alignment/SRR2584866_1.trim.candidate_junction.sam"
Time loading reference: 00:00:00
Time loading forward index: 00:00:00
Time loading mirror index: 00:00:00
Multiseed full-index search: 00:00:20
2021043 reads; of these:
  2021043 (100.00%) were unpaired; of these:
    1939185 (95.95%) aligned 0 times
    55480 (2.75%) aligned exactly 1 time
    26378 (1.31%) aligned >1 times
4.05% overall alignment rate
Time searching: 00:00:20
Overall time: 00:00:20
[system] bowtie2 -t --no-unal -p 4 --local  -L 31 --ma 1 --mp 3 --np 0 --rdg 2,3 --rfg 2,3 --ignore-quals --local -i S,1,0.25 --score-min L,1,0.70 -k 2000 --reorder -x "results/breseq_consensus/SRR2584866/04_candidate_junction_alignment/candidate_junction" -U "results/breseq_consensus/SRR2584866/01_sequence_conversion/SRR2584866_2.trim.converted.fastq" -S "results/breseq_consensus/SRR2584866/04_candidate_junction_alignment/SRR2584866_2.trim.candidate_junction.sam"
Time loading reference: 00:00:00
Time loading forward index: 00:00:00
Time loading mirror index: 00:00:00
Multiseed full-index search: 00:00:23
2021085 reads; of these:
  2021085 (100.00%) were unpaired; of these:
    1942196 (96.10%) aligned 0 times
    53803 (2.66%) aligned exactly 1 time
    25086 (1.24%) aligned >1 times
3.90% overall alignment rate
Time searching: 00:00:23
Overall time: 00:00:23
[system] bowtie2 -t --no-unal -p 4 --local  -L 25 --ma 1 --mp 3 --np 0 --rdg 2,3 --rfg 2,3 --ignore-quals --local -i S,1,0.25 --score-min L,1,0.70 -k 2000 --reorder -x "results/breseq_consensus/SRR2584866/04_candidate_junction_alignment/candidate_junction" -U "results/breseq_consensus/SRR2584866/01_sequence_conversion/SRR2584866_1.unpaired.converted.fastq" -S "results/breseq_consensus/SRR2584866/04_candidate_junction_alignment/SRR2584866_1.unpaired.candidate_junction.sam"
Time loading reference: 00:00:00
Time loading forward index: 00:00:00
Time loading mirror index: 00:00:00
Multiseed full-index search: 00:00:05
611486 reads; of these:
  611486 (100.00%) were unpaired; of these:
    582688 (95.29%) aligned 0 times
    17781 (2.91%) aligned exactly 1 time
    11017 (1.80%) aligned >1 times
4.71% overall alignment rate
Time searching: 00:00:05
Overall time: 00:00:05
[system] bowtie2 -t --no-unal -p 4 --local  -L 31 --ma 1 --mp 3 --np 0 --rdg 2,3 --rfg 2,3 --ignore-quals --local -i S,1,0.25 --score-min L,1,0.70 -k 2000 --reorder -x "results/breseq_consensus/SRR2584866/04_candidate_junction_alignment/candidate_junction" -U "results/breseq_consensus/SRR2584866/01_sequence_conversion/SRR2584866_2.unpaired.converted.fastq" -S "results/breseq_consensus/SRR2584866/04_candidate_junction_alignment/SRR2584866_2.unpaired.candidate_junction.sam"
Time loading reference: 00:00:00
Time loading forward index: 00:00:00
Time loading mirror index: 00:00:00
Multiseed full-index search: 00:00:01
123583 reads; of these:
  123583 (100.00%) were unpaired; of these:
    118363 (95.78%) aligned 0 times
    3542 (2.87%) aligned exactly 1 time
    1678 (1.36%) aligned >1 times
4.22% overall alignment rate
Time searching: 00:00:01
Overall time: 00:00:01
[system] rm -f "results/breseq_consensus/SRR2584866/04_candidate_junction_alignment/candidate_junction*"
+++   NOW PROCESSING Resolving best read alignments
  READ FILE:SRR2584866_1.trim
    READS:10000
    READS:20000
    READS:30000
    READS:40000
    READS:50000
    READS:60000
    READS:70000
    READS:80000
    READS:90000
    READS:100000
    READS:110000
    READS:120000
    READS:130000
    READS:140000
    READS:150000
    READS:160000
    READS:170000
    READS:180000
    READS:190000
    READS:200000
    READS:210000
    READS:220000
    READS:230000
    READS:240000
    READS:250000
    READS:260000
    READS:270000
    READS:280000
    READS:290000
    READS:300000
    READS:310000
    READS:320000
    READS:330000
    READS:340000
    READS:350000
    READS:360000
    READS:370000
    READS:380000
    READS:390000
    READS:400000
    READS:410000
    READS:420000
    READS:430000
    READS:440000
    READS:450000
    READS:460000
    READS:470000
    READS:480000
    READS:490000
    READS:500000
    READS:510000
    READS:520000
    READS:530000
    READS:540000
    READS:550000
    READS:560000
    READS:570000
    READS:580000
    READS:590000
    READS:600000
    READS:610000
    READS:620000
    READS:630000
    READS:640000
    READS:650000
    READS:660000
    READS:670000
    READS:680000
    READS:690000
    READS:700000
    READS:710000
    READS:720000
    READS:730000
    READS:740000
    READS:750000
    READS:760000
    READS:770000
    READS:780000
    READS:790000
    READS:800000
    READS:810000
    READS:820000
    READS:830000
    READS:840000
    READS:850000
    READS:860000
    READS:870000
    READS:880000
    READS:890000
    READS:900000
    READS:910000
    READS:920000
    READS:930000
    READS:940000
    READS:950000
    READS:960000
    READS:970000
    READS:980000
    READS:990000
    READS:1000000
    READS:1010000
    READS:1020000
    READS:1030000
    READS:1040000
    READS:1050000
    READS:1060000
    READS:1070000
    READS:1080000
    READS:1090000
    READS:1100000
    READS:1110000
    READS:1120000
    READS:1130000
    READS:1140000
    READS:1150000
    READS:1160000
    READS:1170000
    READS:1180000
    READS:1190000
    READS:1200000
    READS:1210000
    READS:1220000
    READS:1230000
    READS:1240000
    READS:1250000
    READS:1260000
    READS:1270000
    READS:1280000
    READS:1290000
    READS:1300000
    READS:1310000
    READS:1320000
    READS:1330000
    READS:1340000
    READS:1350000
    READS:1360000
    READS:1370000
    READS:1380000
    READS:1390000
    READS:1400000
    READS:1410000
    READS:1420000
    READS:1430000
    READS:1440000
    READS:1450000
    READS:1460000
    READS:1470000
    READS:1480000
    READS:1490000
    READS:1500000
    READS:1510000
    READS:1520000
    READS:1530000
    READS:1540000
    READS:1550000
    READS:1560000
    READS:1570000
    READS:1580000
    READS:1590000
    READS:1600000
    READS:1610000
    READS:1620000
    READS:1630000
    READS:1640000
    READS:1650000
    READS:1660000
    READS:1670000
    READS:1680000
    READS:1690000
    READS:1700000
    READS:1710000
    READS:1720000
    READS:1730000
    READS:1740000
    READS:1750000
    READS:1760000
    READS:1770000
    READS:1780000
    READS:1790000
    READS:1800000
    READS:1810000
    READS:1820000
    READS:1830000
    READS:1840000
    READS:1850000
    READS:1860000
    READS:1870000
    READS:1880000
    READS:1890000
    READS:1900000
    READS:1910000
    READS:1920000
    READS:1930000
    READS:1940000
    READS:1950000
    READS:1960000
    READS:1970000
    READS:1980000
    READS:1990000
    READS:2000000
    READS:2010000
    READS:2020000
  READ FILE:SRR2584866_2.trim
    READS:2030000
    READS:2040000
    READS:2050000
    READS:2060000
    READS:2070000
    READS:2080000
    READS:2090000
    READS:2100000
    READS:2110000
    READS:2120000
    READS:2130000
    READS:2140000
    READS:2150000
    READS:2160000
    READS:2170000
    READS:2180000
    READS:2190000
    READS:2200000
    READS:2210000
    READS:2220000
    READS:2230000
    READS:2240000
    READS:2250000
    READS:2260000
    READS:2270000
    READS:2280000
    READS:2290000
    READS:2300000
    READS:2310000
    READS:2320000
    READS:2330000
    READS:2340000
    READS:2350000
    READS:2360000
    READS:2370000
    READS:2380000
    READS:2390000
    READS:2400000
    READS:2410000
    READS:2420000
    READS:2430000
    READS:2440000
    READS:2450000
    READS:2460000
    READS:2470000
    READS:2480000
    READS:2490000
    READS:2500000
    READS:2510000
    READS:2520000
    READS:2530000
    READS:2540000
    READS:2550000
    READS:2560000
    READS:2570000
    READS:2580000
    READS:2590000
    READS:2600000
    READS:2610000
    READS:2620000
    READS:2630000
    READS:2640000
    READS:2650000
    READS:2660000
    READS:2670000
    READS:2680000
    READS:2690000
    READS:2700000
    READS:2710000
    READS:2720000
    READS:2730000
    READS:2740000
    READS:2750000
    READS:2760000
    READS:2770000
    READS:2780000
    READS:2790000
    READS:2800000
    READS:2810000
    READS:2820000
    READS:2830000
    READS:2840000
    READS:2850000
    READS:2860000
    READS:2870000
    READS:2880000
    READS:2890000
    READS:2900000
    READS:2910000
    READS:2920000
    READS:2930000
    READS:2940000
    READS:2950000
    READS:2960000
    READS:2970000
    READS:2980000
    READS:2990000
    READS:3000000
    READS:3010000
    READS:3020000
    READS:3030000
    READS:3040000
    READS:3050000
    READS:3060000
    READS:3070000
    READS:3080000
    READS:3090000
    READS:3100000
    READS:3110000
    READS:3120000
    READS:3130000
    READS:3140000
    READS:3150000
    READS:3160000
    READS:3170000
    READS:3180000
    READS:3190000
    READS:3200000
    READS:3210000
    READS:3220000
    READS:3230000
    READS:3240000
    READS:3250000
    READS:3260000
    READS:3270000
    READS:3280000
    READS:3290000
    READS:3300000
    READS:3310000
    READS:3320000
    READS:3330000
    READS:3340000
    READS:3350000
    READS:3360000
    READS:3370000
    READS:3380000
    READS:3390000
    READS:3400000
    READS:3410000
    READS:3420000
    READS:3430000
    READS:3440000
    READS:3450000
    READS:3460000
    READS:3470000
    READS:3480000
    READS:3490000
    READS:3500000
    READS:3510000
    READS:3520000
    READS:3530000
    READS:3540000
    READS:3550000
    READS:3560000
    READS:3570000
    READS:3580000
    READS:3590000
    READS:3600000
    READS:3610000
    READS:3620000
    READS:3630000
    READS:3640000
    READS:3650000
    READS:3660000
    READS:3670000
    READS:3680000
    READS:3690000
    READS:3700000
    READS:3710000
    READS:3720000
    READS:3730000
    READS:3740000
    READS:3750000
    READS:3760000
    READS:3770000
    READS:3780000
    READS:3790000
    READS:3800000
    READS:3810000
    READS:3820000
    READS:3830000
    READS:3840000
    READS:3850000
    READS:3860000
    READS:3870000
    READS:3880000
    READS:3890000
    READS:3900000
    READS:3910000
    READS:3920000
    READS:3930000
    READS:3940000
    READS:3950000
    READS:3960000
    READS:3970000
    READS:3980000
    READS:3990000
    READS:4000000
    READS:4010000
    READS:4020000
    READS:4030000
    READS:4040000
  READ FILE:SRR2584866_1.unpaired
    READS:4050000
    READS:4060000
    READS:4070000
    READS:4080000
    READS:4090000
    READS:4100000
    READS:4110000
    READS:4120000
    READS:4130000
    READS:4140000
    READS:4150000
    READS:4160000
    READS:4170000
    READS:4180000
    READS:4190000
    READS:4200000
    READS:4210000
    READS:4220000
    READS:4230000
    READS:4240000
    READS:4250000
    READS:4260000
    READS:4270000
    READS:4280000
    READS:4290000
    READS:4300000
    READS:4310000
    READS:4320000
    READS:4330000
    READS:4340000
    READS:4350000
    READS:4360000
    READS:4370000
    READS:4380000
    READS:4390000
    READS:4400000
    READS:4410000
    READS:4420000
    READS:4430000
    READS:4440000
    READS:4450000
    READS:4460000
    READS:4470000
    READS:4480000
    READS:4490000
    READS:4500000
    READS:4510000
    READS:4520000
    READS:4530000
    READS:4540000
    READS:4550000
    READS:4560000
    READS:4570000
    READS:4580000
    READS:4590000
    READS:4600000
    READS:4610000
    READS:4620000
    READS:4630000
    READS:4640000
    READS:4650000
  READ FILE:SRR2584866_2.unpaired
    READS:4660000
    READS:4670000
    READS:4680000
    READS:4690000
    READS:4700000
    READS:4710000
    READS:4720000
    READS:4730000
    READS:4740000
    READS:4750000
    READS:4760000
    READS:4770000
[system] rm -f "results/breseq_consensus/SRR2584866/01_sequence_conversion/SRR2584866_1.trim.converted.fastq"
[system] rm -f "results/breseq_consensus/SRR2584866/01_sequence_conversion/SRR2584866_2.trim.converted.fastq"
[system] rm -f "results/breseq_consensus/SRR2584866/01_sequence_conversion/SRR2584866_1.unpaired.converted.fastq"
[system] rm -f "results/breseq_consensus/SRR2584866/01_sequence_conversion/SRR2584866_2.unpaired.converted.fastq"
[system] rm -f "results/breseq_consensus/SRR2584866/02_reference_alignment/SRR2584866_1.trim.reference.sam"
[system] rm -f "results/breseq_consensus/SRR2584866/02_reference_alignment/SRR2584866_2.trim.reference.sam"
[system] rm -f "results/breseq_consensus/SRR2584866/02_reference_alignment/SRR2584866_1.unpaired.reference.sam"
[system] rm -f "results/breseq_consensus/SRR2584866/02_reference_alignment/SRR2584866_2.unpaired.reference.sam"
[system] rm -f "results/breseq_consensus/SRR2584866/04_candidate_junction_alignment/SRR2584866_1.trim.candidate_junction.sam*"
[system] rm -f "results/breseq_consensus/SRR2584866/04_candidate_junction_alignment/SRR2584866_2.trim.candidate_junction.sam*"
[system] rm -f "results/breseq_consensus/SRR2584866/04_candidate_junction_alignment/SRR2584866_1.unpaired.candidate_junction.sam*"
[system] rm -f "results/breseq_consensus/SRR2584866/04_candidate_junction_alignment/SRR2584866_2.unpaired.candidate_junction.sam*"
+++   NOW PROCESSING Creating BAM files
[samtools] import results/breseq_consensus/SRR2584866/03_candidate_junctions/candidate_junction.fasta.fai results/breseq_consensus/SRR2584866/05_alignment_correction/junction.sam results/breseq_consensus/SRR2584866/06_bam/junction.unsorted.bam
[samtools] sort --threads 4 -o results/breseq_consensus/SRR2584866/06_bam/junction.bam -T results/breseq_consensus/SRR2584866/06_bam/junction.bam results/breseq_consensus/SRR2584866/06_bam/junction.unsorted.bam
[system] rm -f "results/breseq_consensus/SRR2584866/06_bam/junction.unsorted.bam"
[samtools] index results/breseq_consensus/SRR2584866/06_bam/junction.bam results/breseq_consensus/SRR2584866/06_bam/junction.bam.bai
[samtools] import results/breseq_consensus/SRR2584866/data/reference.fasta.fai results/breseq_consensus/SRR2584866/05_alignment_correction/reference.sam results/breseq_consensus/SRR2584866/06_bam/reference.unsorted.bam
[samtools] sort --threads 4 -o results/breseq_consensus/SRR2584866/data/reference.bam -T results/breseq_consensus/SRR2584866/data/reference.bam results/breseq_consensus/SRR2584866/06_bam/reference.unsorted.bam
[system] rm -f "results/breseq_consensus/SRR2584866/06_bam/reference.unsorted.bam"
[samtools] index results/breseq_consensus/SRR2584866/data/reference.bam results/breseq_consensus/SRR2584866/data/reference.bam.bai
[system] rm -f "results/breseq_consensus/SRR2584866/05_alignment_correction/reference.sam"
[system] rm -f "results/breseq_consensus/SRR2584866/05_alignment_correction/junction.sam"
+++   NOW PROCESSING Tabulating error counts
  REFERENCE: CP000819
  LENGTH: 4629812
    POSITION:10000
    POSITION:20000
    POSITION:30000
    POSITION:40000
    POSITION:50000
    POSITION:60000
    POSITION:70000
    POSITION:80000
    POSITION:90000
    POSITION:100000
    POSITION:110000
    POSITION:120000
    POSITION:130000
    POSITION:140000
    POSITION:150000
    POSITION:160000
    POSITION:170000
    POSITION:180000
    POSITION:190000
    POSITION:200000
    POSITION:210000
    POSITION:220000
    POSITION:230000
    POSITION:240000
    POSITION:250000
    POSITION:260000
    POSITION:270000
    POSITION:280000
    POSITION:290000
    POSITION:300000
    POSITION:310000
    POSITION:320000
    POSITION:330000
    POSITION:340000
    POSITION:350000
    POSITION:360000
    POSITION:370000
    POSITION:380000
    POSITION:390000
    POSITION:400000
    POSITION:410000
    POSITION:420000
    POSITION:430000
    POSITION:440000
    POSITION:450000
    POSITION:460000
    POSITION:470000
    POSITION:480000
    POSITION:490000
    POSITION:500000
    POSITION:510000
    POSITION:520000
    POSITION:530000
    POSITION:540000
    POSITION:550000
    POSITION:560000
    POSITION:570000
    POSITION:580000
    POSITION:590000
    POSITION:600000
    POSITION:610000
    POSITION:620000
    POSITION:630000
    POSITION:640000
    POSITION:650000
    POSITION:660000
    POSITION:670000
    POSITION:680000
    POSITION:690000
    POSITION:700000
    POSITION:710000
    POSITION:720000
    POSITION:730000
    POSITION:740000
    POSITION:750000
    POSITION:760000
    POSITION:770000
    POSITION:780000
    POSITION:790000
    POSITION:800000
    POSITION:810000
    POSITION:820000
    POSITION:830000
    POSITION:840000
    POSITION:850000
    POSITION:860000
    POSITION:870000
    POSITION:880000
    POSITION:890000
    POSITION:900000
    POSITION:910000
    POSITION:920000
    POSITION:930000
    POSITION:940000
    POSITION:950000
    POSITION:960000
    POSITION:970000
    POSITION:980000
    POSITION:990000
    POSITION:1000000
    POSITION:1010000
    POSITION:1020000
    POSITION:1030000
    POSITION:1040000
    POSITION:1050000
    POSITION:1060000
    POSITION:1070000
    POSITION:1080000
    POSITION:1090000
    POSITION:1100000
    POSITION:1110000
    POSITION:1120000
    POSITION:1130000
    POSITION:1140000
    POSITION:1150000
    POSITION:1160000
    POSITION:1170000
    POSITION:1180000
    POSITION:1190000
    POSITION:1200000
    POSITION:1210000
    POSITION:1220000
    POSITION:1230000
    POSITION:1240000
    POSITION:1250000
    POSITION:1260000
    POSITION:1270000
    POSITION:1280000
    POSITION:1290000
    POSITION:1300000
    POSITION:1310000
    POSITION:1320000
    POSITION:1330000
    POSITION:1340000
    POSITION:1350000
    POSITION:1360000
    POSITION:1370000
    POSITION:1380000
    POSITION:1390000
    POSITION:1400000
    POSITION:1410000
    POSITION:1420000
    POSITION:1430000
    POSITION:1440000
    POSITION:1450000
    POSITION:1460000
    POSITION:1470000
    POSITION:1480000
    POSITION:1490000
    POSITION:1500000
    POSITION:1510000
    POSITION:1520000
    POSITION:1530000
    POSITION:1540000
    POSITION:1550000
    POSITION:1560000
    POSITION:1570000
    POSITION:1580000
    POSITION:1590000
    POSITION:1600000
    POSITION:1610000
    POSITION:1620000
    POSITION:1630000
    POSITION:1640000
    POSITION:1650000
    POSITION:1660000
    POSITION:1670000
    POSITION:1680000
    POSITION:1690000
    POSITION:1700000
    POSITION:1710000
    POSITION:1720000
    POSITION:1730000
    POSITION:1740000
    POSITION:1750000
    POSITION:1760000
    POSITION:1770000
    POSITION:1780000
    POSITION:1790000
    POSITION:1800000
    POSITION:1810000
    POSITION:1820000
    POSITION:1830000
    POSITION:1840000
    POSITION:1850000
    POSITION:1860000
    POSITION:1870000
    POSITION:1880000
    POSITION:1890000
    POSITION:1900000
    POSITION:1910000
    POSITION:1920000
    POSITION:1930000
    POSITION:1940000
    POSITION:1950000
    POSITION:1960000
    POSITION:1970000
    POSITION:1980000
    POSITION:1990000
    POSITION:2000000
    POSITION:2010000
    POSITION:2020000
    POSITION:2030000
    POSITION:2040000
    POSITION:2050000
    POSITION:2060000
    POSITION:2070000
    POSITION:2080000
    POSITION:2090000
    POSITION:2100000
    POSITION:2110000
    POSITION:2120000
    POSITION:2130000
    POSITION:2140000
    POSITION:2150000
    POSITION:2160000
    POSITION:2170000
    POSITION:2180000
    POSITION:2190000
    POSITION:2200000
    POSITION:2210000
    POSITION:2220000
    POSITION:2230000
    POSITION:2240000
    POSITION:2250000
    POSITION:2260000
    POSITION:2270000
    POSITION:2280000
    POSITION:2290000
    POSITION:2300000
    POSITION:2310000
    POSITION:2320000
    POSITION:2330000
    POSITION:2340000
    POSITION:2350000
    POSITION:2360000
    POSITION:2370000
    POSITION:2380000
    POSITION:2390000
    POSITION:2400000
    POSITION:2410000
    POSITION:2420000
    POSITION:2430000
    POSITION:2440000
    POSITION:2450000
    POSITION:2460000
    POSITION:2470000
    POSITION:2480000
    POSITION:2490000
    POSITION:2500000
    POSITION:2510000
    POSITION:2520000
    POSITION:2530000
    POSITION:2540000
    POSITION:2550000
    POSITION:2560000
    POSITION:2570000
    POSITION:2580000
    POSITION:2590000
    POSITION:2600000
    POSITION:2610000
    POSITION:2620000
    POSITION:2630000
    POSITION:2640000
    POSITION:2650000
    POSITION:2660000
    POSITION:2670000
    POSITION:2680000
    POSITION:2690000
    POSITION:2700000
    POSITION:2710000
    POSITION:2720000
    POSITION:2730000
    POSITION:2740000
    POSITION:2750000
    POSITION:2760000
    POSITION:2770000
    POSITION:2780000
    POSITION:2790000
    POSITION:2800000
    POSITION:2810000
    POSITION:2820000
    POSITION:2830000
    POSITION:2840000
    POSITION:2850000
    POSITION:2860000
    POSITION:2870000
    POSITION:2880000
    POSITION:2890000
    POSITION:2900000
    POSITION:2910000
    POSITION:2920000
    POSITION:2930000
    POSITION:2940000
    POSITION:2950000
    POSITION:2960000
    POSITION:2970000
    POSITION:2980000
    POSITION:2990000
    POSITION:3000000
    POSITION:3010000
    POSITION:3020000
    POSITION:3030000
    POSITION:3040000
    POSITION:3050000
    POSITION:3060000
    POSITION:3070000
    POSITION:3080000
    POSITION:3090000
    POSITION:3100000
    POSITION:3110000
    POSITION:3120000
    POSITION:3130000
    POSITION:3140000
    POSITION:3150000
    POSITION:3160000
    POSITION:3170000
    POSITION:3180000
    POSITION:3190000
    POSITION:3200000
    POSITION:3210000
    POSITION:3220000
    POSITION:3230000
    POSITION:3240000
    POSITION:3250000
    POSITION:3260000
    POSITION:3270000
    POSITION:3280000
    POSITION:3290000
    POSITION:3300000
    POSITION:3310000
    POSITION:3320000
    POSITION:3330000
    POSITION:3340000
    POSITION:3350000
    POSITION:3360000
    POSITION:3370000
    POSITION:3380000
    POSITION:3390000
    POSITION:3400000
    POSITION:3410000
    POSITION:3420000
    POSITION:3430000
    POSITION:3440000
    POSITION:3450000
    POSITION:3460000
    POSITION:3470000
    POSITION:3480000
    POSITION:3490000
    POSITION:3500000
    POSITION:3510000
    POSITION:3520000
    POSITION:3530000
    POSITION:3540000
    POSITION:3550000
    POSITION:3560000
    POSITION:3570000
    POSITION:3580000
    POSITION:3590000
    POSITION:3600000
    POSITION:3610000
    POSITION:3620000
    POSITION:3630000
    POSITION:3640000
    POSITION:3650000
    POSITION:3660000
    POSITION:3670000
    POSITION:3680000
    POSITION:3690000
    POSITION:3700000
    POSITION:3710000
    POSITION:3720000
    POSITION:3730000
    POSITION:3740000
    POSITION:3750000
    POSITION:3760000
    POSITION:3770000
    POSITION:3780000
    POSITION:3790000
    POSITION:3800000
    POSITION:3810000
    POSITION:3820000
    POSITION:3830000
    POSITION:3840000
    POSITION:3850000
    POSITION:3860000
    POSITION:3870000
    POSITION:3880000
    POSITION:3890000
    POSITION:3900000
    POSITION:3910000
    POSITION:3920000
    POSITION:3930000
    POSITION:3940000
    POSITION:3950000
    POSITION:3960000
    POSITION:3970000
    POSITION:3980000
    POSITION:3990000
    POSITION:4000000
    POSITION:4010000
    POSITION:4020000
    POSITION:4030000
    POSITION:4040000
    POSITION:4050000
    POSITION:4060000
    POSITION:4070000
    POSITION:4080000
    POSITION:4090000
    POSITION:4100000
    POSITION:4110000
    POSITION:4120000
    POSITION:4130000
    POSITION:4140000
    POSITION:4150000
    POSITION:4160000
    POSITION:4170000
    POSITION:4180000
    POSITION:4190000
    POSITION:4200000
    POSITION:4210000
    POSITION:4220000
    POSITION:4230000
    POSITION:4240000
    POSITION:4250000
    POSITION:4260000
    POSITION:4270000
    POSITION:4280000
    POSITION:4290000
    POSITION:4300000
    POSITION:4310000
    POSITION:4320000
    POSITION:4330000
    POSITION:4340000
    POSITION:4350000
    POSITION:4360000
    POSITION:4370000
    POSITION:4380000
    POSITION:4390000
    POSITION:4400000
    POSITION:4410000
    POSITION:4420000
    POSITION:4430000
    POSITION:4440000
    POSITION:4450000
    POSITION:4460000
    POSITION:4470000
    POSITION:4480000
    POSITION:4490000
    POSITION:4500000
    POSITION:4510000
    POSITION:4520000
    POSITION:4530000
    POSITION:4540000
    POSITION:4550000
    POSITION:4560000
    POSITION:4570000
    POSITION:4580000
    POSITION:4590000
    POSITION:4600000
    POSITION:4610000
    POSITION:4620000
+++   NOW PROCESSING Re-calibrating base error rates
[system] R --vanilla < "/home/reyes/miniconda3/envs/ltee-variant-analysis/bin/../share/breseq/coverage_distribution.r" > "results/breseq_consensus/SRR2584866/07_error_calibration/0.unique_only_coverage_distribution.tab.r.log" --args distribution_file="results/breseq_consensus/SRR2584866/07_error_calibration/0.unique_only_coverage_distribution.tab" plot_file="results/breseq_consensus/SRR2584866/output/calibration/0.unique_coverage.pdf" deletion_propagation_pr_cutoff=2.32374e-05
[system] R --vanilla < "/home/reyes/miniconda3/envs/ltee-variant-analysis/bin/../share/breseq/plot_error_rate.r" > "results/breseq_consensus/SRR2584866/07_error_calibration/SRR2584866_1.trim.plot_error_rate.log" --args in_file="results/breseq_consensus/SRR2584866/07_error_calibration/base_qual_error_prob.SRR2584866_1.trim.tab" out_file="results/breseq_consensus/SRR2584866/output/calibration/SRR2584866_1.trim.error_rates.pdf" < "/home/reyes/miniconda3/envs/ltee-variant-analysis/bin/../share/breseq/plot_error_rate.r" > "results/breseq_consensus/SRR2584866/07_error_calibration/SRR2584866_1.trim.plot_error_rate.log"
[system] R --vanilla < "/home/reyes/miniconda3/envs/ltee-variant-analysis/bin/../share/breseq/plot_error_rate.r" > "results/breseq_consensus/SRR2584866/07_error_calibration/SRR2584866_2.trim.plot_error_rate.log" --args in_file="results/breseq_consensus/SRR2584866/07_error_calibration/base_qual_error_prob.SRR2584866_2.trim.tab" out_file="results/breseq_consensus/SRR2584866/output/calibration/SRR2584866_2.trim.error_rates.pdf" < "/home/reyes/miniconda3/envs/ltee-variant-analysis/bin/../share/breseq/plot_error_rate.r" > "results/breseq_consensus/SRR2584866/07_error_calibration/SRR2584866_2.trim.plot_error_rate.log"
[system] R --vanilla < "/home/reyes/miniconda3/envs/ltee-variant-analysis/bin/../share/breseq/plot_error_rate.r" > "results/breseq_consensus/SRR2584866/07_error_calibration/SRR2584866_1.unpaired.plot_error_rate.log" --args in_file="results/breseq_consensus/SRR2584866/07_error_calibration/base_qual_error_prob.SRR2584866_1.unpaired.tab" out_file="results/breseq_consensus/SRR2584866/output/calibration/SRR2584866_1.unpaired.error_rates.pdf" < "/home/reyes/miniconda3/envs/ltee-variant-analysis/bin/../share/breseq/plot_error_rate.r" > "results/breseq_consensus/SRR2584866/07_error_calibration/SRR2584866_1.unpaired.plot_error_rate.log"
[system] R --vanilla < "/home/reyes/miniconda3/envs/ltee-variant-analysis/bin/../share/breseq/plot_error_rate.r" > "results/breseq_consensus/SRR2584866/07_error_calibration/SRR2584866_2.unpaired.plot_error_rate.log" --args in_file="results/breseq_consensus/SRR2584866/07_error_calibration/base_qual_error_prob.SRR2584866_2.unpaired.tab" out_file="results/breseq_consensus/SRR2584866/output/calibration/SRR2584866_2.unpaired.error_rates.pdf" < "/home/reyes/miniconda3/envs/ltee-variant-analysis/bin/../share/breseq/plot_error_rate.r" > "results/breseq_consensus/SRR2584866/07_error_calibration/SRR2584866_2.unpaired.plot_error_rate.log"
+++   NOW PROCESSING Examining read alignment evidence
  REFERENCE: CP000819
  LENGTH: 4629812
    POSITION:10000
    POSITION:20000
    POSITION:30000
    POSITION:40000
    POSITION:50000
    POSITION:60000
    POSITION:70000
    POSITION:80000
    POSITION:90000
    POSITION:100000
    POSITION:110000
    POSITION:120000
    POSITION:130000
    POSITION:140000
    POSITION:150000
    POSITION:160000
    POSITION:170000
    POSITION:180000
    POSITION:190000
    POSITION:200000
    POSITION:210000
    POSITION:220000
    POSITION:230000
    POSITION:240000
    POSITION:250000
    POSITION:260000
    POSITION:270000
    POSITION:280000
    POSITION:290000
    POSITION:300000
    POSITION:310000
    POSITION:320000
    POSITION:330000
    POSITION:340000
    POSITION:350000
    POSITION:360000
    POSITION:370000
    POSITION:380000
    POSITION:390000
    POSITION:400000
    POSITION:410000
    POSITION:420000
    POSITION:430000
    POSITION:440000
    POSITION:450000
    POSITION:460000
    POSITION:470000
    POSITION:480000
    POSITION:490000
    POSITION:500000
    POSITION:510000
    POSITION:520000
    POSITION:530000
    POSITION:540000
    POSITION:550000
    POSITION:560000
    POSITION:570000
    POSITION:580000
    POSITION:590000
    POSITION:600000
    POSITION:610000
    POSITION:620000
    POSITION:630000
    POSITION:640000
    POSITION:650000
    POSITION:660000
    POSITION:670000
    POSITION:680000
    POSITION:690000
    POSITION:700000
    POSITION:710000
    POSITION:720000
    POSITION:730000
    POSITION:740000
    POSITION:750000
    POSITION:760000
    POSITION:770000
    POSITION:780000
    POSITION:790000
    POSITION:800000
    POSITION:810000
    POSITION:820000
    POSITION:830000
    POSITION:840000
    POSITION:850000
    POSITION:860000
    POSITION:870000
    POSITION:880000
    POSITION:890000
    POSITION:900000
    POSITION:910000
    POSITION:920000
    POSITION:930000
    POSITION:940000
    POSITION:950000
    POSITION:960000
    POSITION:970000
    POSITION:980000
    POSITION:990000
    POSITION:1000000
    POSITION:1010000
    POSITION:1020000
    POSITION:1030000
    POSITION:1040000
    POSITION:1050000
    POSITION:1060000
    POSITION:1070000
    POSITION:1080000
    POSITION:1090000
    POSITION:1100000
    POSITION:1110000
    POSITION:1120000
    POSITION:1130000
    POSITION:1140000
    POSITION:1150000
    POSITION:1160000
    POSITION:1170000
    POSITION:1180000
    POSITION:1190000
    POSITION:1200000
    POSITION:1210000
    POSITION:1220000
    POSITION:1230000
    POSITION:1240000
    POSITION:1250000
    POSITION:1260000
    POSITION:1270000
    POSITION:1280000
    POSITION:1290000
    POSITION:1300000
    POSITION:1310000
    POSITION:1320000
    POSITION:1330000
    POSITION:1340000
    POSITION:1350000
    POSITION:1360000
    POSITION:1370000
    POSITION:1380000
    POSITION:1390000
    POSITION:1400000
    POSITION:1410000
    POSITION:1420000
    POSITION:1430000
    POSITION:1440000
    POSITION:1450000
    POSITION:1460000
    POSITION:1470000
    POSITION:1480000
    POSITION:1490000
    POSITION:1500000
    POSITION:1510000
    POSITION:1520000
    POSITION:1530000
    POSITION:1540000
    POSITION:1550000
    POSITION:1560000
    POSITION:1570000
    POSITION:1580000
    POSITION:1590000
    POSITION:1600000
    POSITION:1610000
    POSITION:1620000
    POSITION:1630000
    POSITION:1640000
    POSITION:1650000
    POSITION:1660000
    POSITION:1670000
    POSITION:1680000
    POSITION:1690000
    POSITION:1700000
    POSITION:1710000
    POSITION:1720000
    POSITION:1730000
    POSITION:1740000
    POSITION:1750000
    POSITION:1760000
    POSITION:1770000
    POSITION:1780000
    POSITION:1790000
    POSITION:1800000
    POSITION:1810000
    POSITION:1820000
    POSITION:1830000
    POSITION:1840000
    POSITION:1850000
    POSITION:1860000
    POSITION:1870000
    POSITION:1880000
    POSITION:1890000
    POSITION:1900000
    POSITION:1910000
    POSITION:1920000
    POSITION:1930000
    POSITION:1940000
    POSITION:1950000
    POSITION:1960000
    POSITION:1970000
    POSITION:1980000
    POSITION:1990000
    POSITION:2000000
    POSITION:2010000
    POSITION:2020000
    POSITION:2030000
    POSITION:2040000
    POSITION:2050000
    POSITION:2060000
    POSITION:2070000
    POSITION:2080000
    POSITION:2090000
    POSITION:2100000
    POSITION:2110000
    POSITION:2120000
    POSITION:2130000
    POSITION:2140000
    POSITION:2150000
    POSITION:2160000
    POSITION:2170000
    POSITION:2180000
    POSITION:2190000
    POSITION:2200000
    POSITION:2210000
    POSITION:2220000
    POSITION:2230000
    POSITION:2240000
    POSITION:2250000
    POSITION:2260000
    POSITION:2270000
    POSITION:2280000
    POSITION:2290000
    POSITION:2300000
    POSITION:2310000
    POSITION:2320000
    POSITION:2330000
    POSITION:2340000
    POSITION:2350000
    POSITION:2360000
    POSITION:2370000
    POSITION:2380000
    POSITION:2390000
    POSITION:2400000
    POSITION:2410000
    POSITION:2420000
    POSITION:2430000
    POSITION:2440000
    POSITION:2450000
    POSITION:2460000
    POSITION:2470000
    POSITION:2480000
    POSITION:2490000
    POSITION:2500000
    POSITION:2510000
    POSITION:2520000
    POSITION:2530000
    POSITION:2540000
    POSITION:2550000
    POSITION:2560000
    POSITION:2570000
    POSITION:2580000
    POSITION:2590000
    POSITION:2600000
    POSITION:2610000
    POSITION:2620000
    POSITION:2630000
    POSITION:2640000
    POSITION:2650000
    POSITION:2660000
    POSITION:2670000
    POSITION:2680000
    POSITION:2690000
    POSITION:2700000
    POSITION:2710000
    POSITION:2720000
    POSITION:2730000
    POSITION:2740000
    POSITION:2750000
    POSITION:2760000
    POSITION:2770000
    POSITION:2780000
    POSITION:2790000
    POSITION:2800000
    POSITION:2810000
    POSITION:2820000
    POSITION:2830000
    POSITION:2840000
    POSITION:2850000
    POSITION:2860000
    POSITION:2870000
    POSITION:2880000
    POSITION:2890000
    POSITION:2900000
    POSITION:2910000
    POSITION:2920000
    POSITION:2930000
    POSITION:2940000
    POSITION:2950000
    POSITION:2960000
    POSITION:2970000
    POSITION:2980000
    POSITION:2990000
    POSITION:3000000
    POSITION:3010000
    POSITION:3020000
    POSITION:3030000
    POSITION:3040000
    POSITION:3050000
    POSITION:3060000
    POSITION:3070000
    POSITION:3080000
    POSITION:3090000
    POSITION:3100000
    POSITION:3110000
    POSITION:3120000
    POSITION:3130000
    POSITION:3140000
    POSITION:3150000
    POSITION:3160000
    POSITION:3170000
    POSITION:3180000
    POSITION:3190000
    POSITION:3200000
    POSITION:3210000
    POSITION:3220000
    POSITION:3230000
    POSITION:3240000
    POSITION:3250000
    POSITION:3260000
    POSITION:3270000
    POSITION:3280000
    POSITION:3290000
    POSITION:3300000
    POSITION:3310000
    POSITION:3320000
    POSITION:3330000
    POSITION:3340000
    POSITION:3350000
    POSITION:3360000
    POSITION:3370000
    POSITION:3380000
    POSITION:3390000
    POSITION:3400000
    POSITION:3410000
    POSITION:3420000
    POSITION:3430000
    POSITION:3440000
    POSITION:3450000
    POSITION:3460000
    POSITION:3470000
    POSITION:3480000
    POSITION:3490000
    POSITION:3500000
    POSITION:3510000
    POSITION:3520000
    POSITION:3530000
    POSITION:3540000
    POSITION:3550000
    POSITION:3560000
    POSITION:3570000
    POSITION:3580000
    POSITION:3590000
    POSITION:3600000
    POSITION:3610000
    POSITION:3620000
    POSITION:3630000
    POSITION:3640000
    POSITION:3650000
    POSITION:3660000
    POSITION:3670000
    POSITION:3680000
    POSITION:3690000
    POSITION:3700000
    POSITION:3710000
    POSITION:3720000
    POSITION:3730000
    POSITION:3740000
    POSITION:3750000
    POSITION:3760000
    POSITION:3770000
    POSITION:3780000
    POSITION:3790000
    POSITION:3800000
    POSITION:3810000
    POSITION:3820000
    POSITION:3830000
    POSITION:3840000
    POSITION:3850000
    POSITION:3860000
    POSITION:3870000
    POSITION:3880000
    POSITION:3890000
    POSITION:3900000
    POSITION:3910000
    POSITION:3920000
    POSITION:3930000
    POSITION:3940000
    POSITION:3950000
    POSITION:3960000
    POSITION:3970000
    POSITION:3980000
    POSITION:3990000
    POSITION:4000000
    POSITION:4010000
    POSITION:4020000
    POSITION:4030000
    POSITION:4040000
    POSITION:4050000
    POSITION:4060000
    POSITION:4070000
    POSITION:4080000
    POSITION:4090000
    POSITION:4100000
    POSITION:4110000
    POSITION:4120000
    POSITION:4130000
    POSITION:4140000
    POSITION:4150000
    POSITION:4160000
    POSITION:4170000
    POSITION:4180000
    POSITION:4190000
    POSITION:4200000
    POSITION:4210000
    POSITION:4220000
    POSITION:4230000
    POSITION:4240000
    POSITION:4250000
    POSITION:4260000
    POSITION:4270000
    POSITION:4280000
    POSITION:4290000
    POSITION:4300000
    POSITION:4310000
    POSITION:4320000
    POSITION:4330000
    POSITION:4340000
    POSITION:4350000
    POSITION:4360000
    POSITION:4370000
    POSITION:4380000
    POSITION:4390000
    POSITION:4400000
    POSITION:4410000
    POSITION:4420000
    POSITION:4430000
    POSITION:4440000
    POSITION:4450000
    POSITION:4460000
    POSITION:4470000
    POSITION:4480000
    POSITION:4490000
    POSITION:4500000
    POSITION:4510000
    POSITION:4520000
    POSITION:4530000
    POSITION:4540000
    POSITION:4550000
    POSITION:4560000
    POSITION:4570000
    POSITION:4580000
    POSITION:4590000
    POSITION:4600000
    POSITION:4610000
    POSITION:4620000
+++   NOW PROCESSING Polymorphism statistics
[system] R --vanilla < "/home/reyes/miniconda3/envs/ltee-variant-analysis/bin/../share/breseq/polymorphism_statistics.r" > "results/breseq_consensus/SRR2584866/08_mutation_identification/polymorphism_statistics_output.log" --args total_length=4629812 in_file="results/breseq_consensus/SRR2584866/08_mutation_identification/polymorphism_statistics_input.tab" out_file="results/breseq_consensus/SRR2584866/08_mutation_identification/polymorphism_statistics_output.tab" qual_file="results/breseq_consensus/SRR2584866/08_mutation_identification/error_counts.tab"
+++   NOW PROCESSING Output
+++   NOW PROCESSING Output :: Mutation Prediction
Creating merged genome diff evidence file...
Predicting mutations from evidence...
  Preparing junctions...
  Predicting mobile element insertions...
  Predicting large deletions...
  Predicting small indels and substitutions from junctions...
  Predicting small indels and substitutions from alignments...
  Reconciling mutation predictions...
  Making final adjustments to mutations...
  Writing final GD file...
  Writing final VCF file...
+++   NOW PROCESSING Output :: Mutation Annotation
Annotating mutations...
[system] rm -f "results/breseq_consensus/SRR2584866/output/evidence/preannotated.gd"
Drawing coverage plots...
Creating coverage plot for region: CP000819:1-4629812
Creating coverage plot for region: CP000819:547039-590325
Creating coverage plot for region: CP000819:590475-619788
Creating coverage plot for region: CP000819:1270129-1270659
Creating coverage plot for region: CP000819:1442732-1451829
Creating coverage plot for region: CP000819:1451973-1462319
Creating coverage plot for region: CP000819:1607978-1616682
Creating coverage plot for region: CP000819:1729054-1731496
Creating coverage plot for region: CP000819:2032624-2055930
Creating coverage plot for region: CP000819:2086540-2122425
Creating coverage plot for region: CP000819:2877316-2910195
Creating coverage plot for region: CP000819:3015774-3035122
Creating coverage plot for region: CP000819:3192748-3198582
Creating coverage plot for region: CP000819:3549946-3553435
Creating coverage plot for region: CP000819:3741264-3742142
Creating coverage plot for region: CP000819:3893663-3901456
Creating coverage plot for region: CP000819:4017709-4017942
Creating coverage plot for region: CP000819:4289283-4333227
Creating coverage plot for region: CP000819:4446816-4448792
Creating coverage plot for region: CP000819:4521643-4561282
Creating coverage plot for region: CP000819:4565815-4588155
Creating evidence file: MC_SIDE_1_1558.html
Creating read alignment for region: CP000819:547038-547038
Creating evidence file: MC_SIDE_2_1558.html
Creating read alignment for region: CP000819:590326-590326
Creating evidence file: MC_PLOT_1558.html
Creating evidence file: MC_SIDE_1_1559.html
Creating read alignment for region: CP000819:590474-590474
Creating evidence file: MC_SIDE_2_1559.html
Creating read alignment for region: CP000819:619789-619789
Creating evidence file: MC_PLOT_1559.html
Creating evidence file: MC_SIDE_1_1560.html
Creating read alignment for region: CP000819:1270128-1270128
Creating evidence file: MC_SIDE_2_1560.html
Creating read alignment for region: CP000819:1270660-1270660
Creating evidence file: MC_PLOT_1560.html
Creating evidence file: MC_SIDE_1_1561.html
Creating read alignment for region: CP000819:1442731-1442731
Creating evidence file: MC_SIDE_2_1561.html
Creating read alignment for region: CP000819:1451830-1451830
Creating evidence file: MC_PLOT_1561.html
Creating evidence file: MC_SIDE_1_1562.html
Creating read alignment for region: CP000819:1451972-1451972
Creating evidence file: MC_SIDE_2_1562.html
Creating read alignment for region: CP000819:1462320-1462320
Creating evidence file: MC_PLOT_1562.html
Creating evidence file: MC_SIDE_1_1563.html
Creating read alignment for region: CP000819:1607977-1607977
Creating evidence file: MC_SIDE_2_1563.html
Creating read alignment for region: CP000819:1616683-1616683
Creating evidence file: MC_PLOT_1563.html
Creating evidence file: MC_SIDE_2_1564.html
Creating read alignment for region: CP000819:1731497-1731497
Creating evidence file: MC_SIDE_1_1564.html
Creating read alignment for region: CP000819:1729053-1729053
Creating evidence file: MC_PLOT_1564.html
Creating evidence file: MC_SIDE_1_1565.html
Creating read alignment for region: CP000819:2032623-2032623
Creating evidence file: MC_SIDE_2_1565.html
Creating read alignment for region: CP000819:2055931-2055931
Creating evidence file: MC_PLOT_1565.html
Creating evidence file: MC_SIDE_1_1566.html
Creating read alignment for region: CP000819:2086539-2086539
Creating evidence file: MC_SIDE_2_1566.html
Creating read alignment for region: CP000819:2122426-2122426
Creating evidence file: MC_PLOT_1566.html
Creating evidence file: MC_SIDE_1_1567.html
Creating read alignment for region: CP000819:2877315-2877315
Creating evidence file: MC_SIDE_2_1567.html
Creating read alignment for region: CP000819:2910196-2910196
Creating evidence file: MC_PLOT_1567.html
Creating evidence file: MC_SIDE_1_1568.html
Creating read alignment for region: CP000819:3015773-3015773
Creating evidence file: MC_SIDE_2_1568.html
Creating read alignment for region: CP000819:3035123-3035123
Creating evidence file: MC_PLOT_1568.html
Creating evidence file: MC_SIDE_1_1569.html
Creating read alignment for region: CP000819:3192747-3192747
Creating evidence file: MC_SIDE_2_1569.html
Creating read alignment for region: CP000819:3198583-3198583
Creating evidence file: MC_PLOT_1569.html
Creating evidence file: MC_SIDE_2_1570.html
Creating evidence file: MC_SIDE_1_1570.html
Creating read alignment for region: CP000819:3553436-3553436
Creating read alignment for region: CP000819:3549945-3549945
Creating evidence file: MC_PLOT_1570.html
Creating evidence file: MC_SIDE_1_1571.html
Creating read alignment for region: CP000819:3741263-3741263
Creating evidence file: MC_SIDE_2_1571.html
Creating read alignment for region: CP000819:3742143-3742143
Creating evidence file: MC_PLOT_1571.html
Creating evidence file: MC_SIDE_1_1572.html
Creating read alignment for region: CP000819:3893662-3893662
Creating evidence file: MC_SIDE_2_1572.html
Creating evidence file: MC_PLOT_1572.html
Creating read alignment for region: CP000819:3901457-3901457
Creating evidence file: MC_SIDE_1_1573.html
Creating read alignment for region: CP000819:4017708-4017708
Creating evidence file: MC_SIDE_2_1573.html
Creating read alignment for region: CP000819:4017943-4017943
Creating evidence file: MC_PLOT_1573.html
Creating evidence file: MC_SIDE_1_1574.html
Creating read alignment for region: CP000819:4289282-4289282
Creating evidence file: MC_SIDE_2_1574.html
Creating read alignment for region: CP000819:4333228-4333228
Creating evidence file: MC_PLOT_1574.html
Creating evidence file: MC_SIDE_1_1575.html
Creating read alignment for region: CP000819:4446815-4446815
Creating evidence file: MC_SIDE_2_1575.html
Creating read alignment for region: CP000819:4448793-4448793
Creating evidence file: MC_PLOT_1575.html
Creating evidence file: MC_SIDE_1_1576.html
Creating read alignment for region: CP000819:4521642-4521642
Creating evidence file: MC_SIDE_2_1576.html
Creating read alignment for region: CP000819:4561283-4561283
Creating evidence file: MC_PLOT_1576.html
Creating evidence file: MC_SIDE_1_1577.html
Creating read alignment for region: CP000819:4565814-4565814
Creating evidence file: MC_SIDE_2_1577.html
Creating read alignment for region: CP000819:4588156-4588156
Creating evidence file: MC_PLOT_1577.html
Creating evidence file: SNP_1.html
Creating read alignment for region: CP000819:1521.0-1521.0
Creating evidence file: SNP_2.html
Creating read alignment for region: CP000819:1612.0-1612.0
Creating evidence file: SNP_3.html
Creating evidence file: SNP_4.html
Creating read alignment for region: CP000819:9092.0-9092.0
Creating read alignment for region: CP000819:9972.0-9972.0
Creating evidence file: SNP_5.html
Creating read alignment for region: CP000819:10563.0-10563.0
Creating evidence file: SNP_7.html
Creating read alignment for region: CP000819:22257.0-22257.0
Creating evidence file: SNP_8.html
Creating read alignment for region: CP000819:38971.0-38971.0
Creating evidence file: SNP_9.html
Creating read alignment for region: CP000819:42306.0-42306.0
Creating evidence file: SNP_10.html
Creating evidence file: SNP_11.html
Creating read alignment for region: CP000819:45277.0-45277.0
Creating read alignment for region: CP000819:56613.0-56613.0
Creating evidence file: SNP_12.html
Creating read alignment for region: CP000819:62118.0-62118.0
Creating evidence file: SNP_13.html
Creating read alignment for region: CP000819:64042.0-64042.0
Creating evidence file: SNP_14.html
Creating read alignment for region: CP000819:78808.0-78808.0
Creating evidence file: SNP_15.html
Creating read alignment for region: CP000819:80113.0-80113.0
Creating evidence file: SNP_16.html
Creating read alignment for region: CP000819:81158.0-81158.0
Creating evidence file: SNP_17.html
Creating read alignment for region: CP000819:87462.0-87462.0
Creating evidence file: SNP_18.html
Creating read alignment for region: CP000819:94370.0-94370.0
Creating evidence file: SNP_19.html
Creating read alignment for region: CP000819:98286.0-98286.0
Creating evidence file: SNP_20.html
Creating read alignment for region: CP000819:98404.0-98404.0
Creating evidence file: SNP_21.html
Creating read alignment for region: CP000819:105581.0-105581.0
Creating evidence file: SNP_22.html
Creating read alignment for region: CP000819:124045.0-124045.0
Creating evidence file: SNP_23.html
Creating read alignment for region: CP000819:125741.0-125741.0
Creating evidence file: SNP_24.html
Creating read alignment for region: CP000819:140180.0-140180.0
Creating evidence file: SNP_25.html
Creating read alignment for region: CP000819:146944.0-146944.0
Creating evidence file: INS_26.html
Creating read alignment for region: CP000819:148138.1-148138.1
Creating evidence file: DEL_27.html
Creating read alignment for region: CP000819:158007.0-158007.0
Creating evidence file: SNP_28.html
Creating read alignment for region: CP000819:159875.0-159875.0
Creating evidence file: SNP_29.html
Creating read alignment for region: CP000819:166078.0-166078.0
Creating evidence file: SNP_30.html
Creating read alignment for region: CP000819:171422.0-171422.0
Creating evidence file: DEL_31.html
Creating read alignment for region: CP000819:172555.0-172555.0
Creating evidence file: DEL_32.html
Creating read alignment for region: CP000819:175215.0-175215.0
Creating evidence file: SNP_33.html
Creating read alignment for region: CP000819:180502.0-180502.0
Creating evidence file: SNP_34.html
Creating read alignment for region: CP000819:184752.0-184752.0
Creating evidence file: SNP_35.html
Creating read alignment for region: CP000819:189171.0-189171.0
Creating evidence file: SNP_36.html
Creating read alignment for region: CP000819:191724.0-191724.0
Creating evidence file: INS_37.html
Creating read alignment for region: CP000819:197689.1-197689.1
Creating evidence file: SNP_38.html
Creating read alignment for region: CP000819:213751.0-213751.0
Creating evidence file: SNP_39.html
Creating evidence file: INS_40.html
Creating read alignment for region: CP000819:216480.0-216480.0
Creating read alignment for region: CP000819:233691.1-233691.1
Creating evidence file: SNP_41.html
Creating read alignment for region: CP000819:235408.0-235408.0
Creating evidence file: SNP_42.html
Creating read alignment for region: CP000819:235496.0-235496.0
Creating evidence file: SNP_43.html
Creating read alignment for region: CP000819:241950.0-241950.0
Creating evidence file: SNP_44.html
Creating read alignment for region: CP000819:247796.0-247796.0
Creating evidence file: SNP_45.html
Creating read alignment for region: CP000819:276145.0-276145.0
Creating evidence file: SNP_46.html
Creating read alignment for region: CP000819:281923.0-281923.0
Creating evidence file: INS_47.html
Creating read alignment for region: CP000819:294209.1-294209.3
Creating evidence file: DEL_48.html
Creating read alignment for region: CP000819:294213.0-294213.0
Creating evidence file: SNP_49.html
Creating evidence file: SNP_50.html
Creating read alignment for region: CP000819:299195.0-299195.0
Creating read alignment for region: CP000819:306404.0-306404.0
Creating evidence file: SNP_51.html
Creating read alignment for region: CP000819:326689.0-326689.0
Creating evidence file: SNP_52.html
Creating read alignment for region: CP000819:337563.0-337563.0
Creating evidence file: SNP_53.html
Creating read alignment for region: CP000819:338770.0-338770.0
Creating evidence file: INS_54.html
Creating read alignment for region: CP000819:352377.1-352377.1
Creating evidence file: SNP_55.html
Creating read alignment for region: CP000819:357611.0-357611.0
Creating evidence file: INS_56.html
Creating read alignment for region: CP000819:360610.1-360610.1
Creating evidence file: SNP_57.html
Creating read alignment for region: CP000819:365047.0-365047.0
Creating evidence file: SNP_58.html
Creating read alignment for region: CP000819:369026.0-369026.0
Creating evidence file: SNP_59.html
Creating read alignment for region: CP000819:371056.0-371056.0
Creating evidence file: SNP_60.html
Creating read alignment for region: CP000819:373014.0-373014.0
Creating evidence file: SNP_61.html
Creating read alignment for region: CP000819:376267.0-376267.0
Creating evidence file: SNP_62.html
Creating read alignment for region: CP000819:388160.0-388160.0
Creating evidence file: SNP_63.html
Creating read alignment for region: CP000819:398061.0-398061.0
Creating evidence file: SNP_64.html
Creating read alignment for region: CP000819:412637.0-412637.0
Creating evidence file: SNP_65.html
Creating read alignment for region: CP000819:417363.0-417363.0
Creating evidence file: SNP_66.html
Creating read alignment for region: CP000819:426451.0-426451.0
Creating evidence file: SNP_67.html
Creating read alignment for region: CP000819:430835.0-430835.0
Creating evidence file: INS_68.html
Creating read alignment for region: CP000819:433366.1-433366.1
Creating evidence file: SNP_69.html
Creating read alignment for region: CP000819:433561.0-433561.0
Creating evidence file: SNP_70.html
Creating read alignment for region: CP000819:447290.0-447290.0
Creating evidence file: SNP_71.html
Creating read alignment for region: CP000819:448431.0-448431.0
Creating evidence file: SNP_72.html
Creating read alignment for region: CP000819:449902.0-449902.0
Creating evidence file: INS_73.html
Creating read alignment for region: CP000819:451184.1-451184.1
Creating evidence file: SNP_74.html
Creating read alignment for region: CP000819:461169.0-461169.0
Creating evidence file: SNP_75.html
Creating read alignment for region: CP000819:462346.0-462346.0
Creating evidence file: SNP_76.html
Creating read alignment for region: CP000819:466727.0-466727.0
Creating evidence file: INS_77.html
Creating evidence file: SNP_78.html
Creating read alignment for region: CP000819:480856.0-480856.0
Creating read alignment for region: CP000819:473901.1-473901.2
Creating evidence file: SNP_79.html
Creating read alignment for region: CP000819:488116.0-488116.0
Creating evidence file: SNP_80.html
Creating read alignment for region: CP000819:491445.0-491445.0
Creating evidence file: SNP_81.html
Creating read alignment for region: CP000819:500697.0-500697.0
Creating evidence file: SNP_82.html
Creating read alignment for region: CP000819:511535.0-511535.0
Creating evidence file: SNP_83.html
Creating read alignment for region: CP000819:511618.0-511618.0
Creating evidence file: SNP_84.html
Creating read alignment for region: CP000819:522180.0-522180.0
Creating evidence file: SNP_86.html
Creating read alignment for region: CP000819:621324.0-621324.0
Creating evidence file: SNP_87.html
Creating read alignment for region: CP000819:622005.0-622005.0
Creating evidence file: SNP_88.html
Creating read alignment for region: CP000819:627610.0-627610.0
Creating evidence file: SNP_90.html
Creating evidence file: SNP_89.html
Creating evidence file: SNP_91.html
Creating read alignment for region: CP000819:631472.0-631472.0
Creating read alignment for region: CP000819:630279.0-630279.0
Creating read alignment for region: CP000819:635244.0-635244.0
Creating evidence file: INS_92.html
Creating read alignment for region: CP000819:636299.1-636299.2
Creating evidence file: SNP_93.html
Creating read alignment for region: CP000819:642275.0-642275.0
Creating evidence file: SNP_95.html
Creating read alignment for region: CP000819:648692.0-648692.0
Creating evidence file: DEL_96.html
Creating read alignment for region: CP000819:664688.0-664688.0
Creating evidence file: SNP_97.html
Creating read alignment for region: CP000819:668391.0-668391.0
Creating evidence file: SNP_98.html
Creating read alignment for region: CP000819:670500.0-670500.0
Creating evidence file: SNP_99.html
Creating read alignment for region: CP000819:679395.0-679395.0
Creating evidence file: SNP_100.html
Creating read alignment for region: CP000819:680606.0-680606.0
Creating evidence file: SNP_101.html
Creating read alignment for region: CP000819:683034.0-683034.0
Creating evidence file: SNP_102.html
Creating read alignment for region: CP000819:690853.0-690853.0
Creating evidence file: SNP_103.html
Creating read alignment for region: CP000819:692880.0-692880.0
Creating evidence file: SNP_104.html
Creating read alignment for region: CP000819:698396.0-698396.0
Creating evidence file: SNP_105.html
Creating read alignment for region: CP000819:703284.0-703284.0
Creating evidence file: SNP_106.html
Creating read alignment for region: CP000819:703730.0-703730.0
Creating evidence file: SNP_107.html
Creating read alignment for region: CP000819:706523.0-706523.0
Creating evidence file: DEL_108.html
Creating read alignment for region: CP000819:708831.0-708831.0
Creating evidence file: SNP_109.html
Creating read alignment for region: CP000819:710344.0-710344.0
Creating evidence file: SNP_110.html
Creating read alignment for region: CP000819:712463.0-712463.0
Creating evidence file: SNP_111.html
Creating read alignment for region: CP000819:713294.0-713294.0
Creating evidence file: SNP_112.html
Creating read alignment for region: CP000819:721872.0-721872.0
Creating evidence file: SNP_113.html
Creating read alignment for region: CP000819:722645.0-722645.0
Creating evidence file: SNP_114.html
Creating read alignment for region: CP000819:723042.0-723042.0
Creating evidence file: SNP_115.html
Creating read alignment for region: CP000819:723449.0-723449.0
Creating evidence file: SNP_116.html
Creating read alignment for region: CP000819:730596.0-730596.0
Creating evidence file: SNP_117.html
Creating read alignment for region: CP000819:731936.0-731936.0
Creating evidence file: SNP_118.html
Creating read alignment for region: CP000819:734488.0-734488.0
Creating evidence file: SNP_119.html
Creating read alignment for region: CP000819:734890.0-734890.0
Creating evidence file: SNP_120.html
Creating read alignment for region: CP000819:735775.0-735775.0
Creating evidence file: SNP_121.html
Creating read alignment for region: CP000819:746323.0-746323.0
Creating evidence file: SNP_122.html
Creating read alignment for region: CP000819:764493.0-764493.0
Creating evidence file: SNP_123.html
Creating read alignment for region: CP000819:765234.0-765234.0
Creating evidence file: SNP_124.html
Creating read alignment for region: CP000819:767233.0-767233.0
Creating evidence file: SNP_125.html
Creating read alignment for region: CP000819:767369.0-767369.0
Creating evidence file: SNP_126.html
Creating read alignment for region: CP000819:768258.0-768258.0
Creating evidence file: SNP_127.html
Creating read alignment for region: CP000819:771216.0-771216.0
Creating evidence file: SNP_128.html
Creating read alignment for region: CP000819:788390.0-788390.0
Creating evidence file: SNP_129.html
Creating read alignment for region: CP000819:804446.0-804446.0
Creating evidence file: SNP_130.html
Creating read alignment for region: CP000819:817224.0-817224.0
Creating evidence file: SNP_131.html
Creating read alignment for region: CP000819:817276.0-817276.0
Creating evidence file: SNP_132.html
Creating read alignment for region: CP000819:819594.0-819594.0
Creating evidence file: SNP_133.html
Creating read alignment for region: CP000819:821131.0-821131.0
Creating evidence file: SNP_134.html
Creating read alignment for region: CP000819:822389.0-822389.0
Creating evidence file: SNP_135.html
Creating read alignment for region: CP000819:828156.0-828156.0
Creating evidence file: SNP_136.html
Creating read alignment for region: CP000819:829428.0-829428.0
Creating evidence file: SNP_137.html
Creating read alignment for region: CP000819:830245.0-830245.0
Creating evidence file: INS_138.html
Creating read alignment for region: CP000819:830951.1-830951.1
Creating evidence file: SNP_139.html
Creating read alignment for region: CP000819:831556.0-831556.0
Creating evidence file: SNP_140.html
Creating read alignment for region: CP000819:845650.0-845650.0
Creating evidence file: SNP_141.html
Creating read alignment for region: CP000819:849483.0-849483.0
Creating evidence file: SNP_142.html
Creating read alignment for region: CP000819:863736.0-863736.0
Creating evidence file: SNP_143.html
Creating read alignment for region: CP000819:865093.0-865093.0
Creating evidence file: SNP_144.html
Creating read alignment for region: CP000819:878314.0-878314.0
Creating evidence file: SNP_145.html
Creating read alignment for region: CP000819:879705.0-879705.0
Creating evidence file: SNP_146.html
Creating read alignment for region: CP000819:887754.0-887754.0
Creating evidence file: SNP_147.html
Creating read alignment for region: CP000819:888061.0-888061.0
Creating evidence file: SNP_148.html
Creating read alignment for region: CP000819:890217.0-890217.0
Creating evidence file: SNP_149.html
Creating read alignment for region: CP000819:894198.0-894198.0
Creating evidence file: INS_150.html
Creating read alignment for region: CP000819:901828.1-901828.2
Creating evidence file: SNP_151.html
Creating read alignment for region: CP000819:904606.0-904606.0
Creating evidence file: SNP_152.html
Creating read alignment for region: CP000819:906793.0-906793.0
Creating evidence file: SNP_153.html
Creating read alignment for region: CP000819:914244.0-914244.0
Creating evidence file: INS_154.html
Creating read alignment for region: CP000819:917189.1-917189.1
Creating evidence file: SNP_155.html
Creating read alignment for region: CP000819:918446.0-918446.0
Creating evidence file: SNP_156.html
Creating read alignment for region: CP000819:920378.0-920378.0
Creating evidence file: SNP_157.html
Creating evidence file: SNP_159.html
Creating read alignment for region: CP000819:934305.0-934305.0
Creating read alignment for region: CP000819:942624.0-942624.0
Creating evidence file: INS_160.html
Creating read alignment for region: CP000819:942709.1-942709.1
Creating evidence file: INS_161.html
Creating read alignment for region: CP000819:942781.1-942781.1
Creating evidence file: SNP_162.html
Creating read alignment for region: CP000819:943475.0-943475.0
Creating evidence file: SNP_163.html
Creating read alignment for region: CP000819:946481.0-946481.0
Creating evidence file: SNP_164.html
Creating read alignment for region: CP000819:958894.0-958894.0
Creating evidence file: SNP_165.html
Creating read alignment for region: CP000819:976463.0-976463.0
Creating evidence file: SNP_166.html
Creating read alignment for region: CP000819:981097.0-981097.0
Creating evidence file: SNP_167.html
Creating read alignment for region: CP000819:983049.0-983049.0
Creating evidence file: SNP_168.html
Creating read alignment for region: CP000819:983164.0-983164.0
Creating evidence file: SNP_169.html
Creating read alignment for region: CP000819:993982.0-993982.0
Creating evidence file: SNP_170.html
Creating read alignment for region: CP000819:997800.0-997800.0
Creating evidence file: INS_171.html
Creating read alignment for region: CP000819:998942.1-998942.1
Creating evidence file: SNP_172.html
Creating read alignment for region: CP000819:1001295.0-1001295.0
Creating evidence file: SNP_173.html
Creating read alignment for region: CP000819:1004451.0-1004451.0
Creating evidence file: SNP_174.html
Creating read alignment for region: CP000819:1007295.0-1007295.0
Creating evidence file: SNP_175.html
Creating read alignment for region: CP000819:1012717.0-1012717.0
Creating evidence file: DEL_176.html
Creating read alignment for region: CP000819:1018114.0-1018114.0
Creating evidence file: SNP_177.html
Creating read alignment for region: CP000819:1019279.0-1019279.0
Creating evidence file: DEL_178.html
Creating read alignment for region: CP000819:1019315.0-1019315.0
Creating evidence file: INS_179.html
Creating evidence file: SNP_180.html
Creating read alignment for region: CP000819:1021779.1-1021779.2
Creating read alignment for region: CP000819:1026088.0-1026088.0
Creating evidence file: SNP_181.html
Creating read alignment for region: CP000819:1032324.0-1032324.0
Creating evidence file: SNP_182.html
Creating read alignment for region: CP000819:1040240.0-1040240.0
Creating evidence file: DEL_183.html
Creating read alignment for region: CP000819:1046830.0-1046830.0
Creating evidence file: SNP_184.html
Creating read alignment for region: CP000819:1060067.0-1060067.0
Creating evidence file: INS_185.html
Creating read alignment for region: CP000819:1062292.1-1062292.1
Creating evidence file: SNP_186.html
Creating read alignment for region: CP000819:1062372.0-1062372.0
Creating evidence file: SNP_187.html
Creating read alignment for region: CP000819:1063259.0-1063259.0
Creating evidence file: SNP_188.html
Creating read alignment for region: CP000819:1065382.0-1065382.0
Creating evidence file: SNP_189.html
Creating read alignment for region: CP000819:1074239.0-1074239.0
Creating evidence file: SNP_190.html
Creating read alignment for region: CP000819:1082646.0-1082646.0
Creating evidence file: SNP_191.html
Creating read alignment for region: CP000819:1082799.0-1082799.0
Creating evidence file: SNP_192.html
Creating read alignment for region: CP000819:1085185.0-1085185.0
Creating evidence file: SNP_193.html
Creating read alignment for region: CP000819:1096751.0-1096751.0
Creating evidence file: SNP_194.html
Creating read alignment for region: CP000819:1102367.0-1102367.0
Creating evidence file: SNP_195.html
Creating read alignment for region: CP000819:1107611.0-1107611.0
Creating evidence file: INS_196.html
Creating read alignment for region: CP000819:1112074.1-1112074.1
Creating evidence file: SNP_197.html
Creating read alignment for region: CP000819:1113198.0-1113198.0
Creating evidence file: SNP_198.html
Creating read alignment for region: CP000819:1115003.0-1115003.0
Creating evidence file: SNP_199.html
Creating read alignment for region: CP000819:1115942.0-1115942.0
Creating evidence file: SNP_200.html
Creating read alignment for region: CP000819:1115970.0-1115970.0
Creating evidence file: SNP_201.html
Creating read alignment for region: CP000819:1116271.0-1116271.0
Creating evidence file: SNP_202.html
Creating read alignment for region: CP000819:1118258.0-1118258.0
Creating evidence file: SNP_203.html
Creating read alignment for region: CP000819:1122642.0-1122642.0
Creating evidence file: SNP_204.html
Creating read alignment for region: CP000819:1123337.0-1123337.0
Creating evidence file: SNP_205.html
Creating read alignment for region: CP000819:1133570.0-1133570.0
Creating evidence file: SNP_206.html
Creating read alignment for region: CP000819:1141641.0-1141641.0
Creating evidence file: SNP_207.html
Creating read alignment for region: CP000819:1148998.0-1148998.0
Creating evidence file: SNP_208.html
Creating read alignment for region: CP000819:1149234.0-1149234.0
Creating evidence file: SNP_209.html
Creating read alignment for region: CP000819:1149407.0-1149407.0
Creating evidence file: SNP_210.html
Creating read alignment for region: CP000819:1149750.0-1149750.0
Creating evidence file: SNP_211.html
Creating read alignment for region: CP000819:1152346.0-1152346.0
Creating evidence file: SNP_212.html
Creating read alignment for region: CP000819:1152376.0-1152376.0
Creating evidence file: SNP_214.html
Creating read alignment for region: CP000819:1157397.0-1157397.0
Creating evidence file: INS_215.html
Creating read alignment for region: CP000819:1166061.1-1166061.1
Creating evidence file: SNP_216.html
Creating read alignment for region: CP000819:1166938.0-1166938.0
Creating evidence file: SNP_217.html
Creating read alignment for region: CP000819:1169251.0-1169251.0
Creating evidence file: SNP_218.html
Creating read alignment for region: CP000819:1170638.0-1170638.0
Creating evidence file: SNP_219.html
Creating read alignment for region: CP000819:1171113.0-1171113.0
Creating evidence file: INS_220.html
Creating read alignment for region: CP000819:1172380.1-1172380.3
Creating evidence file: SNP_221.html
Creating read alignment for region: CP000819:1174705.0-1174705.0
Creating evidence file: SNP_222.html
Creating read alignment for region: CP000819:1186699.0-1186699.0
Creating evidence file: SNP_223.html
Creating read alignment for region: CP000819:1187366.0-1187366.0
Creating evidence file: SNP_224.html
Creating read alignment for region: CP000819:1192913.0-1192913.0
Creating evidence file: SNP_225.html
Creating read alignment for region: CP000819:1193219.0-1193219.0
Creating evidence file: SNP_226.html
Creating read alignment for region: CP000819:1218136.0-1218136.0
Creating evidence file: SNP_227.html
Creating read alignment for region: CP000819:1227598.0-1227598.0
Creating evidence file: SNP_228.html
Creating read alignment for region: CP000819:1238938.0-1238938.0
Creating evidence file: SNP_229.html
Creating read alignment for region: CP000819:1248603.0-1248603.0
Creating evidence file: INS_230.html
Creating read alignment for region: CP000819:1256288.1-1256288.1
Creating evidence file: SNP_231.html
Creating read alignment for region: CP000819:1272099.0-1272099.0
Creating evidence file: SNP_232.html
Creating read alignment for region: CP000819:1276684.0-1276684.0
Creating evidence file: SNP_233.html
Creating read alignment for region: CP000819:1294860.0-1294860.0
Creating evidence file: SNP_234.html
Creating read alignment for region: CP000819:1295877.0-1295877.0
Creating evidence file: SNP_235.html
Creating read alignment for region: CP000819:1305452.0-1305452.0
Creating evidence file: SNP_236.html
Creating read alignment for region: CP000819:1307171.0-1307171.0
Creating evidence file: SNP_237.html
Creating read alignment for region: CP000819:1322001.0-1322001.0
Creating evidence file: SNP_238.html
Creating read alignment for region: CP000819:1324501.0-1324501.0
Creating evidence file: SNP_239.html
Creating read alignment for region: CP000819:1328687.0-1328687.0
Creating evidence file: SNP_240.html
Creating read alignment for region: CP000819:1329354.0-1329354.0
Creating evidence file: SNP_241.html
Creating read alignment for region: CP000819:1330360.0-1330360.0
Creating evidence file: SNP_242.html
Creating read alignment for region: CP000819:1331794.0-1331794.0
Creating evidence file: SNP_243.html
Creating read alignment for region: CP000819:1336067.0-1336067.0
Creating evidence file: SNP_244.html
Creating read alignment for region: CP000819:1339424.0-1339424.0
Creating evidence file: DEL_245.html
Creating read alignment for region: CP000819:1349559.0-1349559.0
Creating evidence file: SNP_247.html
Creating read alignment for region: CP000819:1357824.0-1357824.0
Creating evidence file: SNP_248.html
Creating read alignment for region: CP000819:1364103.0-1364103.0
Creating evidence file: SNP_249.html
Creating read alignment for region: CP000819:1373806.0-1373806.0
Creating evidence file: SNP_250.html
Creating read alignment for region: CP000819:1374685.0-1374685.0
Creating evidence file: SNP_251.html
Creating read alignment for region: CP000819:1392780.0-1392780.0
Creating evidence file: SNP_252.html
Creating read alignment for region: CP000819:1404452.0-1404452.0
Creating evidence file: SNP_253.html
Creating read alignment for region: CP000819:1407377.0-1407377.0
Creating evidence file: SNP_254.html
Creating read alignment for region: CP000819:1414361.0-1414361.0
Creating evidence file: INS_256.html
Creating read alignment for region: CP000819:1424981.1-1424981.1
Creating evidence file: SNP_257.html
Creating read alignment for region: CP000819:1426142.0-1426142.0
Creating evidence file: DEL_258.html
Creating read alignment for region: CP000819:1426410.0-1426410.0
Creating evidence file: DEL_260.html
Creating read alignment for region: CP000819:1428837.0-1428837.0
Creating evidence file: INS_261.html
Creating read alignment for region: CP000819:1439581.1-1439581.1
Creating evidence file: SNP_263.html
Creating read alignment for region: CP000819:1465314.0-1465314.0
Creating evidence file: DEL_264.html
Creating read alignment for region: CP000819:1470498.0-1470498.0
Creating evidence file: SNP_265.html
Creating read alignment for region: CP000819:1494411.0-1494411.0
Creating evidence file: SNP_266.html
Creating read alignment for region: CP000819:1499286.0-1499286.0
Creating evidence file: SNP_267.html
Creating read alignment for region: CP000819:1506624.0-1506624.0
Creating evidence file: SNP_268.html
Creating read alignment for region: CP000819:1511178.0-1511178.0
Creating evidence file: SNP_269.html
Creating read alignment for region: CP000819:1514507.0-1514507.0
Creating evidence file: SNP_270.html
Creating read alignment for region: CP000819:1522006.0-1522006.0
Creating evidence file: SNP_271.html
Creating read alignment for region: CP000819:1532269.0-1532269.0
Creating evidence file: SNP_272.html
Creating read alignment for region: CP000819:1533135.0-1533135.0
Creating evidence file: SNP_273.html
Creating read alignment for region: CP000819:1538688.0-1538688.0
Creating evidence file: SNP_274.html
Creating read alignment for region: CP000819:1545254.0-1545254.0
Creating evidence file: SNP_275.html
Creating read alignment for region: CP000819:1554433.0-1554433.0
Creating evidence file: SNP_276.html
Creating read alignment for region: CP000819:1561513.0-1561513.0
Creating evidence file: SNP_277.html
Creating read alignment for region: CP000819:1566509.0-1566509.0
Creating evidence file: SNP_278.html
Creating read alignment for region: CP000819:1583771.0-1583771.0
Creating evidence file: SNP_279.html
Creating read alignment for region: CP000819:1587505.0-1587505.0
Creating evidence file: SNP_280.html
Creating read alignment for region: CP000819:1588307.0-1588307.0
Creating evidence file: SNP_281.html
Creating read alignment for region: CP000819:1588640.0-1588640.0
Creating evidence file: SNP_282.html
Creating read alignment for region: CP000819:1591928.0-1591928.0
Creating evidence file: SNP_283.html
Creating read alignment for region: CP000819:1592323.0-1592323.0
Creating evidence file: SNP_284.html
Creating read alignment for region: CP000819:1596202.0-1596202.0
Creating evidence file: INS_285.html
Creating read alignment for region: CP000819:1606068.1-1606068.1
Creating evidence file: DEL_286.html
Creating read alignment for region: CP000819:1607917.0-1607917.0
Creating evidence file: SNP_288.html
Creating read alignment for region: CP000819:1616943.0-1616943.0
Creating evidence file: SNP_289.html
Creating read alignment for region: CP000819:1619798.0-1619798.0
Creating evidence file: SNP_291.html
Creating read alignment for region: CP000819:1621317.0-1621317.0
Creating evidence file: SNP_292.html
Creating read alignment for region: CP000819:1633588.0-1633588.0
Creating evidence file: SNP_293.html
Creating read alignment for region: CP000819:1644789.0-1644789.0
Creating evidence file: INS_294.html
Creating read alignment for region: CP000819:1651850.1-1651850.1
Creating evidence file: SNP_295.html
Creating read alignment for region: CP000819:1653956.0-1653956.0
Creating evidence file: SNP_296.html
Creating read alignment for region: CP000819:1655572.0-1655572.0
Creating evidence file: SNP_297.html
Creating read alignment for region: CP000819:1678399.0-1678399.0
Creating evidence file: SNP_298.html
Creating read alignment for region: CP000819:1684715.0-1684715.0
Creating evidence file: SNP_299.html
Creating read alignment for region: CP000819:1690648.0-1690648.0
Creating evidence file: SNP_300.html
Creating read alignment for region: CP000819:1695028.0-1695028.0
Creating evidence file: SNP_301.html
Creating read alignment for region: CP000819:1695658.0-1695658.0
Creating evidence file: SNP_303.html
Creating read alignment for region: CP000819:1700108.0-1700108.0
Creating evidence file: INS_304.html
Creating read alignment for region: CP000819:1704688.1-1704688.1
Creating evidence file: SNP_305.html
Creating read alignment for region: CP000819:1706889.0-1706889.0
Creating evidence file: SNP_306.html
Creating read alignment for region: CP000819:1707832.0-1707832.0
Creating evidence file: SNP_307.html
Creating read alignment for region: CP000819:1707992.0-1707992.0
Creating evidence file: SNP_308.html
Creating read alignment for region: CP000819:1714708.0-1714708.0
Creating evidence file: SNP_309.html
Creating read alignment for region: CP000819:1717659.0-1717659.0
Creating evidence file: DEL_310.html
Creating read alignment for region: CP000819:1719009.0-1719009.0
Creating evidence file: SNP_311.html
Creating read alignment for region: CP000819:1722253.0-1722253.0
Creating evidence file: SNP_312.html
Creating read alignment for region: CP000819:1728925.0-1728925.0
Creating evidence file: DEL_313.html
Creating read alignment for region: CP000819:1731501.0-1731501.0
Creating evidence file: SNP_315.html
Creating evidence file: SNP_314.html
Creating read alignment for region: CP000819:1733601.0-1733601.0
Creating read alignment for region: CP000819:1733343.0-1733343.0
Creating evidence file: SNP_316.html
Creating read alignment for region: CP000819:1735484.0-1735484.0
Creating evidence file: SNP_317.html
Creating read alignment for region: CP000819:1736604.0-1736604.0
Creating evidence file: SNP_318.html
Creating read alignment for region: CP000819:1742530.0-1742530.0
Creating evidence file: INS_319.html
Creating read alignment for region: CP000819:1746745.1-1746745.1
Creating evidence file: SNP_320.html
Creating read alignment for region: CP000819:1748882.0-1748882.0
Creating evidence file: SNP_321.html
Creating read alignment for region: CP000819:1750039.0-1750039.0
Creating evidence file: SNP_322.html
Creating read alignment for region: CP000819:1750149.0-1750149.0
Creating evidence file: SNP_323.html
Creating read alignment for region: CP000819:1766706.0-1766706.0
Creating evidence file: SNP_325.html
Creating read alignment for region: CP000819:1780813.0-1780813.0
Creating evidence file: INS_326.html
Creating read alignment for region: CP000819:1791613.1-1791613.1
Creating evidence file: SNP_327.html
Creating read alignment for region: CP000819:1798872.0-1798872.0
Creating evidence file: SNP_328.html
Creating read alignment for region: CP000819:1805276.0-1805276.0
Creating evidence file: SNP_329.html
Creating read alignment for region: CP000819:1817707.0-1817707.0
Creating evidence file: SNP_330.html
Creating read alignment for region: CP000819:1818501.0-1818501.0
Creating evidence file: DEL_331.html
Creating read alignment for region: CP000819:1822155.0-1822155.0
Creating evidence file: SNP_332.html
Creating read alignment for region: CP000819:1822930.0-1822930.0
Creating evidence file: INS_334.html
Creating evidence file: SNP_333.html
Creating read alignment for region: CP000819:1851422.1-1851422.1
Creating read alignment for region: CP000819:1838393.0-1838393.0
Creating evidence file: SNP_335.html
Creating read alignment for region: CP000819:1854798.0-1854798.0
Creating evidence file: DEL_336.html
Creating read alignment for region: CP000819:1866601.0-1866601.0
Creating evidence file: SNP_337.html
Creating read alignment for region: CP000819:1876656.0-1876656.0
Creating evidence file: SNP_338.html
Creating read alignment for region: CP000819:1882713.0-1882713.0
Creating evidence file: SNP_339.html
Creating read alignment for region: CP000819:1885487.0-1885487.0
Creating evidence file: SNP_340.html
Creating read alignment for region: CP000819:1885847.0-1885847.0
Creating evidence file: DEL_341.html
Creating read alignment for region: CP000819:1886292.0-1886292.0
Creating evidence file: SNP_342.html
Creating read alignment for region: CP000819:1889404.0-1889404.0
Creating evidence file: SNP_343.html
Creating read alignment for region: CP000819:1895196.0-1895196.0
Creating evidence file: SNP_344.html
Creating read alignment for region: CP000819:1900282.0-1900282.0
Creating evidence file: SNP_345.html
Creating read alignment for region: CP000819:1902731.0-1902731.0
Creating evidence file: SNP_346.html
Creating read alignment for region: CP000819:1910193.0-1910193.0
Creating evidence file: SNP_347.html
Creating read alignment for region: CP000819:1917089.0-1917089.0
Creating evidence file: SNP_348.html
Creating read alignment for region: CP000819:1936045.0-1936045.0
Creating evidence file: INS_349.html
Creating read alignment for region: CP000819:1937938.1-1937938.1
Creating evidence file: SNP_350.html
Creating read alignment for region: CP000819:1947570.0-1947570.0
Creating evidence file: SNP_351.html
Creating read alignment for region: CP000819:1948732.0-1948732.0
Creating evidence file: SNP_352.html
Creating read alignment for region: CP000819:1953772.0-1953772.0
Creating evidence file: SNP_353.html
Creating read alignment for region: CP000819:1953970.0-1953970.0
Creating evidence file: SNP_354.html
Creating read alignment for region: CP000819:1960058.0-1960058.0
Creating evidence file: SNP_355.html
Creating read alignment for region: CP000819:1960359.0-1960359.0
Creating evidence file: INS_356.html
Creating read alignment for region: CP000819:1969748.1-1969748.1
Creating evidence file: SNP_357.html
Creating read alignment for region: CP000819:1976788.0-1976788.0
Creating evidence file: INS_358.html
Creating read alignment for region: CP000819:1993266.1-1993266.1
Creating evidence file: DEL_359.html
Creating read alignment for region: CP000819:1995676.0-1995676.0
Creating evidence file: DEL_360.html
Creating read alignment for region: CP000819:2007567.0-2007567.0
Creating evidence file: SNP_361.html
Creating read alignment for region: CP000819:2007865.0-2007865.0
Creating evidence file: SNP_362.html
Creating read alignment for region: CP000819:2009215.0-2009215.0
Creating evidence file: SNP_363.html
Creating read alignment for region: CP000819:2012737.0-2012737.0
Creating evidence file: INS_364.html
Creating read alignment for region: CP000819:2017730.1-2017730.1
Creating evidence file: SNP_365.html
Creating read alignment for region: CP000819:2018664.0-2018664.0
Creating evidence file: SNP_366.html
Creating read alignment for region: CP000819:2021697.0-2021697.0
Creating evidence file: SNP_367.html
Creating read alignment for region: CP000819:2075053.0-2075053.0
Creating evidence file: SNP_368.html
Creating read alignment for region: CP000819:2084671.0-2084671.0
Creating evidence file: DEL_369.html
Creating read alignment for region: CP000819:2131466.0-2131466.0
Creating evidence file: SNP_370.html
Creating read alignment for region: CP000819:2131844.0-2131844.0
Creating evidence file: SNP_371.html
Creating read alignment for region: CP000819:2132237.0-2132237.0
Creating evidence file: SNP_372.html
Creating read alignment for region: CP000819:2135132.0-2135132.0
Creating evidence file: SNP_373.html
Creating read alignment for region: CP000819:2162780.0-2162780.0
Creating evidence file: SNP_374.html
Creating read alignment for region: CP000819:2166182.0-2166182.0
Creating evidence file: SNP_375.html
Creating read alignment for region: CP000819:2167011.0-2167011.0
Creating evidence file: SNP_376.html
Creating read alignment for region: CP000819:2188152.0-2188152.0
Creating evidence file: INS_377.html
Creating read alignment for region: CP000819:2190393.1-2190393.1
Creating evidence file: SNP_378.html
Creating read alignment for region: CP000819:2191094.0-2191094.0
Creating evidence file: SNP_379.html
Creating read alignment for region: CP000819:2196365.0-2196365.0
Creating evidence file: SNP_380.html
Creating read alignment for region: CP000819:2197386.0-2197386.0
Creating evidence file: SNP_381.html
Creating read alignment for region: CP000819:2198299.0-2198299.0
Creating evidence file: SNP_382.html
Creating read alignment for region: CP000819:2200070.0-2200070.0
Creating evidence file: SNP_383.html
Creating read alignment for region: CP000819:2207851.0-2207851.0
Creating evidence file: SNP_384.html
Creating read alignment for region: CP000819:2216447.0-2216447.0
Creating evidence file: SNP_385.html
Creating read alignment for region: CP000819:2221597.0-2221597.0
Creating evidence file: SNP_386.html
Creating read alignment for region: CP000819:2222769.0-2222769.0
Creating evidence file: SNP_387.html
Creating read alignment for region: CP000819:2230442.0-2230442.0
Creating evidence file: SNP_388.html
Creating read alignment for region: CP000819:2235030.0-2235030.0
Creating evidence file: SNP_389.html
Creating read alignment for region: CP000819:2244525.0-2244525.0
Creating evidence file: INS_390.html
Creating read alignment for region: CP000819:2247099.1-2247099.3
Creating evidence file: SNP_391.html
Creating read alignment for region: CP000819:2248449.0-2248449.0
Creating evidence file: SNP_392.html
Creating read alignment for region: CP000819:2265986.0-2265986.0
Creating evidence file: DEL_393.html
Creating evidence file: SNP_394.html
Creating read alignment for region: CP000819:2269447.0-2269447.0
Creating read alignment for region: CP000819:2271283.0-2271283.0
Creating evidence file: SNP_395.html
Creating read alignment for region: CP000819:2275388.0-2275388.0
Creating evidence file: SNP_396.html
Creating read alignment for region: CP000819:2277269.0-2277269.0
Creating evidence file: SNP_397.html
Creating read alignment for region: CP000819:2283856.0-2283856.0
Creating evidence file: SNP_398.html
Creating read alignment for region: CP000819:2288549.0-2288549.0
Creating evidence file: INS_399.html
Creating read alignment for region: CP000819:2288872.1-2288872.1
Creating evidence file: SNP_400.html
Creating read alignment for region: CP000819:2290361.0-2290361.0
Creating evidence file: SNP_401.html
Creating read alignment for region: CP000819:2293568.0-2293568.0
Creating evidence file: INS_402.html
Creating read alignment for region: CP000819:2299915.1-2299915.1
Creating evidence file: SNP_403.html
Creating read alignment for region: CP000819:2304987.0-2304987.0
Creating evidence file: SNP_404.html
Creating read alignment for region: CP000819:2316485.0-2316485.0
Creating evidence file: SNP_405.html
Creating read alignment for region: CP000819:2319260.0-2319260.0
Creating evidence file: SNP_406.html
Creating read alignment for region: CP000819:2321769.0-2321769.0
Creating evidence file: INS_408.html
Creating read alignment for region: CP000819:2333539.1-2333539.1
Creating evidence file: SNP_409.html
Creating read alignment for region: CP000819:2346387.0-2346387.0
Creating evidence file: SNP_410.html
Creating read alignment for region: CP000819:2348395.0-2348395.0
Creating evidence file: SNP_411.html
Creating read alignment for region: CP000819:2351655.0-2351655.0
Creating evidence file: SNP_412.html
Creating read alignment for region: CP000819:2358817.0-2358817.0
Creating evidence file: SNP_413.html
Creating read alignment for region: CP000819:2363952.0-2363952.0
Creating evidence file: INS_414.html
Creating read alignment for region: CP000819:2373914.1-2373914.1
Creating evidence file: SNP_415.html
Creating read alignment for region: CP000819:2374708.0-2374708.0
Creating evidence file: SNP_416.html
Creating read alignment for region: CP000819:2379466.0-2379466.0
Creating evidence file: SNP_417.html
Creating read alignment for region: CP000819:2389645.0-2389645.0
Creating evidence file: SNP_418.html
Creating read alignment for region: CP000819:2389878.0-2389878.0
Creating evidence file: SNP_419.html
Creating evidence file: INS_420.html
Creating read alignment for region: CP000819:2393070.0-2393070.0
Creating read alignment for region: CP000819:2401044.1-2401044.1
Creating evidence file: SNP_421.html
Creating read alignment for region: CP000819:2406239.0-2406239.0
Creating evidence file: INS_422.html
Creating read alignment for region: CP000819:2406553.1-2406553.1
Creating evidence file: SNP_423.html
Creating read alignment for region: CP000819:2412327.0-2412327.0
Creating evidence file: SNP_424.html
Creating read alignment for region: CP000819:2412783.0-2412783.0
Creating evidence file: SNP_425.html
Creating read alignment for region: CP000819:2424819.0-2424819.0
Creating evidence file: SNP_426.html
Creating read alignment for region: CP000819:2427998.0-2427998.0
Creating evidence file: SNP_427.html
Creating read alignment for region: CP000819:2430565.0-2430565.0
Creating evidence file: SNP_428.html
Creating read alignment for region: CP000819:2433061.0-2433061.0
Creating evidence file: SNP_429.html
Creating read alignment for region: CP000819:2440555.0-2440555.0
Creating evidence file: DEL_430.html
Creating read alignment for region: CP000819:2445097.0-2445097.0
Creating evidence file: SNP_431.html
Creating read alignment for region: CP000819:2446984.0-2446984.0
Creating evidence file: SNP_433.html
Creating read alignment for region: CP000819:2450517.0-2450517.0
Creating evidence file: SNP_434.html
Creating read alignment for region: CP000819:2452375.0-2452375.0
Creating evidence file: SNP_435.html
Creating read alignment for region: CP000819:2457654.0-2457654.0
Creating evidence file: SNP_436.html
Creating read alignment for region: CP000819:2483043.0-2483043.0
Creating evidence file: SNP_437.html
Creating read alignment for region: CP000819:2484358.0-2484358.0
Creating evidence file: SNP_438.html
Creating read alignment for region: CP000819:2484978.0-2484978.0
Creating evidence file: SNP_439.html
Creating read alignment for region: CP000819:2491484.0-2491484.0
Creating evidence file: SNP_440.html
Creating read alignment for region: CP000819:2493004.0-2493004.0
Creating evidence file: INS_441.html
Creating read alignment for region: CP000819:2493251.1-2493251.1
Creating evidence file: SNP_442.html
Creating read alignment for region: CP000819:2493463.0-2493463.0
Creating evidence file: SNP_443.html
Creating read alignment for region: CP000819:2499317.0-2499317.0
Creating evidence file: SNP_444.html
Creating read alignment for region: CP000819:2517303.0-2517303.0
Creating evidence file: SNP_445.html
Creating read alignment for region: CP000819:2523314.0-2523314.0
Creating evidence file: SNP_446.html
Creating read alignment for region: CP000819:2524481.0-2524481.0
Creating evidence file: SNP_447.html
Creating read alignment for region: CP000819:2540524.0-2540524.0
Creating evidence file: SNP_448.html
Creating read alignment for region: CP000819:2542070.0-2542070.0
Creating evidence file: SNP_449.html
Creating read alignment for region: CP000819:2545772.0-2545772.0
Creating evidence file: SNP_450.html
Creating read alignment for region: CP000819:2558409.0-2558409.0
Creating evidence file: SNP_451.html
Creating read alignment for region: CP000819:2567577.0-2567577.0
Creating evidence file: SNP_452.html
Creating read alignment for region: CP000819:2569859.0-2569859.0
Creating evidence file: SNP_453.html
Creating read alignment for region: CP000819:2570083.0-2570083.0
Creating evidence file: SNP_454.html
Creating read alignment for region: CP000819:2576255.0-2576255.0
Creating evidence file: SNP_455.html
Creating read alignment for region: CP000819:2578814.0-2578814.0
Creating evidence file: SNP_456.html
Creating read alignment for region: CP000819:2583071.0-2583071.0
Creating evidence file: SNP_457.html
Creating read alignment for region: CP000819:2585563.0-2585563.0
Creating evidence file: SNP_458.html
Creating read alignment for region: CP000819:2590715.0-2590715.0
Creating evidence file: SNP_459.html
Creating read alignment for region: CP000819:2594448.0-2594448.0
Creating evidence file: SNP_460.html
Creating read alignment for region: CP000819:2597401.0-2597401.0
Creating evidence file: SNP_461.html
Creating read alignment for region: CP000819:2598446.0-2598446.0
Creating evidence file: SNP_462.html
Creating read alignment for region: CP000819:2598869.0-2598869.0
Creating evidence file: SNP_463.html
Creating read alignment for region: CP000819:2603140.0-2603140.0
Creating evidence file: SNP_464.html
Creating read alignment for region: CP000819:2607090.0-2607090.0
Creating evidence file: DEL_465.html
Creating read alignment for region: CP000819:2611313.0-2611313.0
Creating evidence file: INS_466.html
Creating read alignment for region: CP000819:2616302.1-2616302.1
Creating evidence file: SNP_467.html
Creating read alignment for region: CP000819:2616662.0-2616662.0
Creating evidence file: SNP_468.html
Creating read alignment for region: CP000819:2616778.0-2616778.0
Creating evidence file: SNP_469.html
Creating read alignment for region: CP000819:2629794.0-2629794.0
Creating evidence file: SNP_470.html
Creating read alignment for region: CP000819:2639449.0-2639449.0
Creating evidence file: INS_471.html
Creating read alignment for region: CP000819:2647165.1-2647165.1
Creating evidence file: SNP_472.html
Creating read alignment for region: CP000819:2654896.0-2654896.0
Creating evidence file: SNP_473.html
Creating read alignment for region: CP000819:2655111.0-2655111.0
Creating evidence file: SNP_475.html
Creating read alignment for region: CP000819:2658918.0-2658918.0
Creating evidence file: SNP_476.html
Creating read alignment for region: CP000819:2659827.0-2659827.0
Creating evidence file: SNP_477.html
Creating read alignment for region: CP000819:2663511.0-2663511.0
Creating evidence file: SNP_478.html
Creating read alignment for region: CP000819:2664660.0-2664660.0
Creating evidence file: SNP_479.html
Creating read alignment for region: CP000819:2665639.0-2665639.0
Creating evidence file: SNP_480.html
Creating read alignment for region: CP000819:2667428.0-2667428.0
Creating evidence file: SNP_481.html
Creating read alignment for region: CP000819:2674244.0-2674244.0
Creating evidence file: SNP_483.html
Creating read alignment for region: CP000819:2697224.0-2697224.0
Creating evidence file: SNP_484.html
Creating read alignment for region: CP000819:2701601.0-2701601.0
Creating evidence file: SNP_485.html
Creating read alignment for region: CP000819:2703592.0-2703592.0
Creating evidence file: SNP_486.html
Creating read alignment for region: CP000819:2706032.0-2706032.0
Creating evidence file: SNP_487.html
Creating read alignment for region: CP000819:2709839.0-2709839.0
Creating evidence file: SNP_488.html
Creating read alignment for region: CP000819:2716283.0-2716283.0
Creating evidence file: SNP_489.html
Creating read alignment for region: CP000819:2723460.0-2723460.0
Creating evidence file: SNP_490.html
Creating read alignment for region: CP000819:2724782.0-2724782.0
Creating evidence file: SNP_491.html
Creating read alignment for region: CP000819:2726933.0-2726933.0
Creating evidence file: SNP_492.html
Creating read alignment for region: CP000819:2729399.0-2729399.0
Creating evidence file: SNP_493.html
Creating read alignment for region: CP000819:2740297.0-2740297.0
Creating evidence file: SNP_494.html
Creating read alignment for region: CP000819:2747391.0-2747391.0
Creating evidence file: SNP_495.html
Creating read alignment for region: CP000819:2749219.0-2749219.0
Creating evidence file: SNP_496.html
Creating read alignment for region: CP000819:2753451.0-2753451.0
Creating evidence file: SNP_497.html
Creating read alignment for region: CP000819:2753768.0-2753768.0
Creating evidence file: SNP_498.html
Creating read alignment for region: CP000819:2769294.0-2769294.0
Creating evidence file: SNP_499.html
Creating read alignment for region: CP000819:2769581.0-2769581.0
Creating evidence file: SNP_500.html
Creating read alignment for region: CP000819:2771282.0-2771282.0
Creating evidence file: SNP_501.html
Creating read alignment for region: CP000819:2780858.0-2780858.0
Creating evidence file: SNP_502.html
Creating read alignment for region: CP000819:2781436.0-2781436.0
Creating evidence file: SNP_503.html
Creating read alignment for region: CP000819:2781587.0-2781587.0
Creating evidence file: SNP_504.html
Creating read alignment for region: CP000819:2787379.0-2787379.0
Creating evidence file: INS_505.html
Creating read alignment for region: CP000819:2788806.1-2788806.1
Creating evidence file: SNP_506.html
Creating read alignment for region: CP000819:2789588.0-2789588.0
Creating evidence file: SNP_507.html
Creating read alignment for region: CP000819:2790151.0-2790151.0
Creating evidence file: SNP_508.html
Creating read alignment for region: CP000819:2790343.0-2790343.0
Creating evidence file: SNP_509.html
Creating read alignment for region: CP000819:2812552.0-2812552.0
Creating evidence file: SNP_510.html
Creating read alignment for region: CP000819:2812878.0-2812878.0
Creating evidence file: SNP_511.html
Creating read alignment for region: CP000819:2820506.0-2820506.0
Creating evidence file: INS_512.html
Creating read alignment for region: CP000819:2824741.1-2824741.1
Creating evidence file: SNP_513.html
Creating read alignment for region: CP000819:2828591.0-2828591.0
Creating evidence file: SNP_514.html
Creating read alignment for region: CP000819:2830053.0-2830053.0
Creating evidence file: SNP_515.html
Creating read alignment for region: CP000819:2843036.0-2843036.0
Creating evidence file: SNP_516.html
Creating read alignment for region: CP000819:2853806.0-2853806.0
Creating evidence file: INS_517.html
Creating read alignment for region: CP000819:2867529.1-2867529.1
Creating evidence file: SNP_518.html
Creating read alignment for region: CP000819:2870212.0-2870212.0
Creating evidence file: SNP_519.html
Creating read alignment for region: CP000819:2923043.0-2923043.0
Creating evidence file: SNP_520.html
Creating read alignment for region: CP000819:2932058.0-2932058.0
Creating evidence file: SNP_521.html
Creating read alignment for region: CP000819:2935321.0-2935321.0
Creating evidence file: SNP_522.html
Creating read alignment for region: CP000819:2937844.0-2937844.0
Creating evidence file: SNP_523.html
Creating read alignment for region: CP000819:2937968.0-2937968.0
Creating evidence file: SNP_524.html
Creating read alignment for region: CP000819:2938800.0-2938800.0
Creating evidence file: SNP_525.html
Creating read alignment for region: CP000819:2957538.0-2957538.0
Creating evidence file: SNP_526.html
Creating read alignment for region: CP000819:2959717.0-2959717.0
Creating evidence file: SNP_527.html
Creating read alignment for region: CP000819:2977018.0-2977018.0
Creating evidence file: DEL_528.html
Creating read alignment for region: CP000819:2989624.0-2989624.0
Creating evidence file: SNP_529.html
Creating read alignment for region: CP000819:2999330.0-2999330.0
Creating evidence file: SNP_530.html
Creating read alignment for region: CP000819:3001543.0-3001543.0
Creating evidence file: SNP_531.html
Creating read alignment for region: CP000819:3003744.0-3003744.0
Creating evidence file: SNP_532.html
Creating read alignment for region: CP000819:3036875.0-3036875.0
Creating evidence file: SNP_533.html
Creating read alignment for region: CP000819:3037295.0-3037295.0
Creating evidence file: SNP_534.html
Creating read alignment for region: CP000819:3038245.0-3038245.0
Creating evidence file: SNP_535.html
Creating read alignment for region: CP000819:3045831.0-3045831.0
Creating evidence file: SNP_536.html
Creating read alignment for region: CP000819:3050407.0-3050407.0
Creating evidence file: SNP_537.html
Creating read alignment for region: CP000819:3051321.0-3051321.0
Creating evidence file: DEL_538.html
Creating read alignment for region: CP000819:3052306.0-3052307.0
Creating evidence file: SNP_539.html
Creating read alignment for region: CP000819:3054123.0-3054123.0
Creating evidence file: SNP_540.html
Creating read alignment for region: CP000819:3055043.0-3055043.0
Creating evidence file: SNP_541.html
Creating read alignment for region: CP000819:3058629.0-3058629.0
Creating evidence file: SNP_542.html
Creating read alignment for region: CP000819:3061822.0-3061822.0
Creating evidence file: SNP_543.html
Creating read alignment for region: CP000819:3061923.0-3061923.0
Creating evidence file: SNP_544.html
Creating read alignment for region: CP000819:3069644.0-3069644.0
Creating evidence file: SNP_545.html
Creating read alignment for region: CP000819:3072845.0-3072845.0
Creating evidence file: SNP_546.html
Creating read alignment for region: CP000819:3079331.0-3079331.0
Creating evidence file: SNP_547.html
Creating read alignment for region: CP000819:3088148.0-3088148.0
Creating evidence file: SNP_548.html
Creating read alignment for region: CP000819:3088253.0-3088253.0
Creating evidence file: DEL_549.html
Creating read alignment for region: CP000819:3088379.0-3088379.0
Creating evidence file: SNP_550.html
Creating read alignment for region: CP000819:3091899.0-3091899.0
Creating evidence file: SNP_551.html
Creating read alignment for region: CP000819:3098931.0-3098931.0
Creating evidence file: SNP_552.html
Creating read alignment for region: CP000819:3104029.0-3104029.0
Creating evidence file: SNP_553.html
Creating read alignment for region: CP000819:3105821.0-3105821.0
Creating evidence file: INS_554.html
Creating read alignment for region: CP000819:3111681.1-3111681.1
Creating evidence file: SNP_555.html
Creating read alignment for region: CP000819:3112821.0-3112821.0
Creating evidence file: SNP_556.html
Creating read alignment for region: CP000819:3115240.0-3115240.0
Creating evidence file: SNP_557.html
Creating read alignment for region: CP000819:3115913.0-3115913.0
Creating evidence file: SNP_558.html
Creating read alignment for region: CP000819:3117097.0-3117097.0
Creating evidence file: SNP_559.html
Creating read alignment for region: CP000819:3117473.0-3117473.0
Creating evidence file: SNP_560.html
Creating read alignment for region: CP000819:3127663.0-3127663.0
Creating evidence file: SNP_561.html
Creating read alignment for region: CP000819:3130508.0-3130508.0
Creating evidence file: SNP_562.html
Creating read alignment for region: CP000819:3132910.0-3132910.0
Creating evidence file: SNP_563.html
Creating read alignment for region: CP000819:3135301.0-3135301.0
Creating evidence file: SNP_564.html
Creating read alignment for region: CP000819:3136451.0-3136451.0
Creating evidence file: SNP_565.html
Creating read alignment for region: CP000819:3139252.0-3139252.0
Creating evidence file: SNP_566.html
Creating read alignment for region: CP000819:3145072.0-3145072.0
Creating evidence file: SNP_567.html
Creating read alignment for region: CP000819:3150088.0-3150088.0
Creating evidence file: SNP_568.html
Creating read alignment for region: CP000819:3153250.0-3153250.0
Creating evidence file: SNP_569.html
Creating read alignment for region: CP000819:3153751.0-3153751.0
Creating evidence file: SNP_570.html
Creating read alignment for region: CP000819:3153996.0-3153996.0
Creating evidence file: SNP_571.html
Creating read alignment for region: CP000819:3174372.0-3174372.0
Creating evidence file: SNP_572.html
Creating read alignment for region: CP000819:3199162.0-3199162.0
Creating evidence file: SNP_573.html
Creating read alignment for region: CP000819:3206530.0-3206530.0
Creating evidence file: SNP_574.html
Creating read alignment for region: CP000819:3215725.0-3215725.0
Creating evidence file: SNP_575.html
Creating read alignment for region: CP000819:3216436.0-3216436.0
Creating evidence file: SNP_576.html
Creating read alignment for region: CP000819:3240003.0-3240003.0
Creating evidence file: DEL_577.html
Creating read alignment for region: CP000819:3240047.0-3240047.0
Creating evidence file: SNP_578.html
Creating read alignment for region: CP000819:3247026.0-3247026.0
Creating evidence file: DEL_579.html
Creating read alignment for region: CP000819:3248434.0-3248434.0
Creating evidence file: SNP_580.html
Creating read alignment for region: CP000819:3259432.0-3259432.0
Creating evidence file: SNP_582.html
Creating read alignment for region: CP000819:3264188.0-3264188.0
Creating evidence file: SNP_583.html
Creating read alignment for region: CP000819:3267036.0-3267036.0
Creating evidence file: SNP_585.html
Creating read alignment for region: CP000819:3269750.0-3269750.0
Creating evidence file: SNP_586.html
Creating read alignment for region: CP000819:3272579.0-3272579.0
Creating evidence file: SNP_587.html
Creating read alignment for region: CP000819:3272938.0-3272938.0
Creating evidence file: SNP_588.html
Creating read alignment for region: CP000819:3282260.0-3282260.0
Creating evidence file: SNP_589.html
Creating read alignment for region: CP000819:3286879.0-3286879.0
Creating evidence file: SNP_590.html
Creating read alignment for region: CP000819:3288025.0-3288025.0
Creating evidence file: SNP_591.html
Creating read alignment for region: CP000819:3289930.0-3289930.0
Creating evidence file: SNP_592.html
Creating read alignment for region: CP000819:3290802.0-3290802.0
Creating evidence file: SNP_593.html
Creating read alignment for region: CP000819:3297368.0-3297368.0
Creating evidence file: SNP_594.html
Creating read alignment for region: CP000819:3298558.0-3298558.0
Creating evidence file: SNP_595.html
Creating read alignment for region: CP000819:3313854.0-3313854.0
Creating evidence file: SNP_596.html
Creating read alignment for region: CP000819:3316561.0-3316561.0
Creating evidence file: SNP_597.html
Creating read alignment for region: CP000819:3317082.0-3317082.0
Creating evidence file: SNP_598.html
Creating read alignment for region: CP000819:3322942.0-3322942.0
Creating evidence file: SNP_599.html
Creating read alignment for region: CP000819:3333272.0-3333272.0
Creating evidence file: SNP_600.html
Creating read alignment for region: CP000819:3339313.0-3339313.0
Creating evidence file: SNP_601.html
Creating read alignment for region: CP000819:3339654.0-3339654.0
Creating evidence file: SNP_602.html
Creating read alignment for region: CP000819:3344290.0-3344290.0
Creating evidence file: SNP_603.html
Creating read alignment for region: CP000819:3345160.0-3345160.0
Creating evidence file: SNP_604.html
Creating read alignment for region: CP000819:3351577.0-3351577.0
Creating evidence file: SNP_605.html
Creating read alignment for region: CP000819:3360621.0-3360621.0
Creating evidence file: INS_606.html
Creating read alignment for region: CP000819:3360899.1-3360899.1
Creating evidence file: SNP_607.html
Creating read alignment for region: CP000819:3373583.0-3373583.0
Creating evidence file: SNP_608.html
Creating read alignment for region: CP000819:3379886.0-3379886.0
Creating evidence file: INS_609.html
Creating read alignment for region: CP000819:3384705.1-3384705.3
Creating evidence file: SNP_610.html
Creating read alignment for region: CP000819:3387944.0-3387944.0
Creating evidence file: SNP_611.html
Creating read alignment for region: CP000819:3395533.0-3395533.0
Creating evidence file: SNP_612.html
Creating read alignment for region: CP000819:3401754.0-3401754.0
Creating evidence file: SNP_613.html
Creating read alignment for region: CP000819:3402257.0-3402257.0
Creating evidence file: DEL_614.html
Creating read alignment for region: CP000819:3404354.0-3404354.0
Creating evidence file: SNP_615.html
Creating read alignment for region: CP000819:3410836.0-3410836.0
Creating evidence file: SNP_616.html
Creating read alignment for region: CP000819:3411327.0-3411327.0
Creating evidence file: INS_617.html
Creating read alignment for region: CP000819:3411993.1-3411993.1
Creating evidence file: SNP_618.html
Creating read alignment for region: CP000819:3430620.0-3430620.0
Creating evidence file: SNP_619.html
Creating read alignment for region: CP000819:3431058.0-3431058.0
Creating evidence file: SNP_620.html
Creating read alignment for region: CP000819:3436387.0-3436387.0
Creating evidence file: SNP_621.html
Creating read alignment for region: CP000819:3441172.0-3441172.0
Creating evidence file: SNP_622.html
Creating read alignment for region: CP000819:3442743.0-3442743.0
Creating evidence file: SNP_623.html
Creating read alignment for region: CP000819:3453758.0-3453758.0
Creating evidence file: SNP_624.html
Creating read alignment for region: CP000819:3459613.0-3459613.0
Creating evidence file: SNP_625.html
Creating read alignment for region: CP000819:3463900.0-3463900.0
Creating evidence file: SNP_626.html
Creating read alignment for region: CP000819:3465205.0-3465205.0
Creating evidence file: SNP_627.html
Creating read alignment for region: CP000819:3474014.0-3474014.0
Creating evidence file: SNP_628.html
Creating read alignment for region: CP000819:3480466.0-3480466.0
Creating evidence file: SNP_629.html
Creating read alignment for region: CP000819:3481820.0-3481820.0
Creating evidence file: SNP_630.html
Creating read alignment for region: CP000819:3483302.0-3483302.0
Creating evidence file: SNP_631.html
Creating read alignment for region: CP000819:3484278.0-3484278.0
Creating evidence file: SNP_632.html
Creating read alignment for region: CP000819:3485103.0-3485103.0
Creating evidence file: SNP_633.html
Creating read alignment for region: CP000819:3488669.0-3488669.0
Creating evidence file: SNP_634.html
Creating read alignment for region: CP000819:3491881.0-3491881.0
Creating evidence file: SNP_635.html
Creating read alignment for region: CP000819:3499794.0-3499794.0
Creating evidence file: SNP_636.html
Creating read alignment for region: CP000819:3500884.0-3500884.0
Creating evidence file: SNP_637.html
Creating read alignment for region: CP000819:3507565.0-3507565.0
Creating evidence file: SNP_638.html
Creating read alignment for region: CP000819:3516348.0-3516348.0
Creating evidence file: SNP_640.html
Creating read alignment for region: CP000819:3536603.0-3536603.0
Creating evidence file: SNP_641.html
Creating read alignment for region: CP000819:3541351.0-3541351.0
Creating evidence file: SNP_642.html
Creating read alignment for region: CP000819:3559835.0-3559835.0
Creating evidence file: SNP_643.html
Creating read alignment for region: CP000819:3573006.0-3573006.0
Creating evidence file: SNP_644.html
Creating read alignment for region: CP000819:3573640.0-3573640.0
Creating evidence file: SNP_645.html
Creating read alignment for region: CP000819:3575602.0-3575602.0
Creating evidence file: SNP_646.html
Creating read alignment for region: CP000819:3602703.0-3602703.0
Creating evidence file: SNP_647.html
Creating read alignment for region: CP000819:3612959.0-3612959.0
Creating evidence file: SNP_648.html
Creating read alignment for region: CP000819:3613010.0-3613010.0
Creating evidence file: SNP_649.html
Creating read alignment for region: CP000819:3616490.0-3616490.0
Creating evidence file: SNP_650.html
Creating read alignment for region: CP000819:3635762.0-3635762.0
Creating evidence file: SNP_651.html
Creating read alignment for region: CP000819:3651129.0-3651129.0
Creating evidence file: SNP_652.html
Creating read alignment for region: CP000819:3660304.0-3660304.0
Creating evidence file: SNP_653.html
Creating read alignment for region: CP000819:3675292.0-3675292.0
Creating evidence file: SNP_655.html
Creating read alignment for region: CP000819:3686883.0-3686883.0
Creating evidence file: SNP_656.html
Creating read alignment for region: CP000819:3688320.0-3688320.0
Creating evidence file: SNP_657.html
Creating read alignment for region: CP000819:3693509.0-3693509.0
Creating evidence file: INS_658.html
Creating read alignment for region: CP000819:3715593.1-3715593.1
Creating evidence file: DEL_660.html
Creating read alignment for region: CP000819:3754163.0-3754163.0
Creating evidence file: SNP_661.html
Creating read alignment for region: CP000819:3758443.0-3758443.0
Creating evidence file: SNP_662.html
Creating read alignment for region: CP000819:3771026.0-3771026.0
Creating evidence file: SNP_663.html
Creating read alignment for region: CP000819:3790391.0-3790391.0
Creating evidence file: SNP_664.html
Creating read alignment for region: CP000819:3793199.0-3793199.0
Creating evidence file: SNP_665.html
Creating read alignment for region: CP000819:3800073.0-3800073.0
Creating evidence file: SNP_666.html
Creating read alignment for region: CP000819:3814755.0-3814755.0
Creating evidence file: SNP_667.html
Creating read alignment for region: CP000819:3817441.0-3817441.0
Creating evidence file: SNP_668.html
Creating read alignment for region: CP000819:3818588.0-3818588.0
Creating evidence file: SNP_669.html
Creating evidence file: SNP_670.html
Creating read alignment for region: CP000819:3819257.0-3819257.0
Creating read alignment for region: CP000819:3822371.0-3822371.0
Creating evidence file: SNP_671.html
Creating read alignment for region: CP000819:3827368.0-3827368.0
Creating evidence file: SNP_672.html
Creating read alignment for region: CP000819:3837268.0-3837268.0
Creating evidence file: SNP_673.html
Creating read alignment for region: CP000819:3841457.0-3841457.0
Creating evidence file: SNP_674.html
Creating read alignment for region: CP000819:3845230.0-3845230.0
Creating evidence file: DEL_675.html
Creating evidence file: SNP_676.html
Creating read alignment for region: CP000819:3850178.0-3850178.0
Creating read alignment for region: CP000819:3862134.0-3862134.0
Creating evidence file: SNP_677.html
Creating read alignment for region: CP000819:3864940.0-3864940.0
Creating evidence file: SNP_678.html
Creating read alignment for region: CP000819:3865084.0-3865084.0
Creating evidence file: SNP_679.html
Creating read alignment for region: CP000819:3866570.0-3866570.0
Creating evidence file: SNP_680.html
Creating read alignment for region: CP000819:3867544.0-3867544.0
Creating evidence file: SNP_681.html
Creating read alignment for region: CP000819:3869813.0-3869813.0
Creating evidence file: SNP_682.html
Creating read alignment for region: CP000819:3872302.0-3872302.0
Creating evidence file: SNP_683.html
Creating read alignment for region: CP000819:3874844.0-3874844.0
Creating evidence file: SNP_684.html
Creating read alignment for region: CP000819:3876298.0-3876298.0
Creating evidence file: SNP_685.html
Creating read alignment for region: CP000819:3876316.0-3876316.0
Creating evidence file: SNP_686.html
Creating read alignment for region: CP000819:3881184.0-3881184.0
Creating evidence file: SNP_687.html
Creating read alignment for region: CP000819:3882675.0-3882675.0
Creating evidence file: SNP_688.html
Creating read alignment for region: CP000819:3887330.0-3887330.0
Creating evidence file: SNP_689.html
Creating read alignment for region: CP000819:3887630.0-3887630.0
Creating evidence file: SNP_690.html
Creating read alignment for region: CP000819:3889768.0-3889768.0
Creating evidence file: DEL_691.html
Creating read alignment for region: CP000819:3891543.0-3891544.0
Creating evidence file: SNP_692.html
Creating read alignment for region: CP000819:3892335.0-3892335.0
Creating evidence file: DEL_693.html
Creating read alignment for region: CP000819:3893549.0-3893550.0
Creating evidence file: SNP_695.html
Creating read alignment for region: CP000819:3909807.0-3909807.0
Creating evidence file: DEL_696.html
Creating read alignment for region: CP000819:3911972.0-3911972.0
Creating evidence file: SNP_697.html
Creating read alignment for region: CP000819:3920984.0-3920984.0
Creating evidence file: SNP_698.html
Creating read alignment for region: CP000819:3945856.0-3945856.0
Creating evidence file: SNP_699.html
Creating read alignment for region: CP000819:3947416.0-3947416.0
Creating evidence file: DEL_700.html
Creating read alignment for region: CP000819:3948304.0-3948304.0
Creating evidence file: SNP_701.html
Creating read alignment for region: CP000819:3952766.0-3952766.0
Creating evidence file: SNP_702.html
Creating read alignment for region: CP000819:4004862.0-4004862.0
Creating evidence file: INS_703.html
Creating read alignment for region: CP000819:4022388.1-4022388.1
Creating evidence file: DEL_704.html
Creating evidence file: SNP_705.html
Creating read alignment for region: CP000819:4038538.0-4038538.0
Creating read alignment for region: CP000819:4046586.0-4046586.0
Creating evidence file: SNP_706.html
Creating read alignment for region: CP000819:4048980.0-4048980.0
Creating evidence file: SNP_707.html
Creating read alignment for region: CP000819:4100183.0-4100183.0
Creating evidence file: SNP_708.html
Creating read alignment for region: CP000819:4107018.0-4107018.0
Creating evidence file: SNP_710.html
Creating read alignment for region: CP000819:4134227.0-4134227.0
Creating evidence file: SNP_711.html
Creating read alignment for region: CP000819:4154522.0-4154522.0
Creating evidence file: SNP_712.html
Creating read alignment for region: CP000819:4163775.0-4163775.0
Creating evidence file: SNP_713.html
Creating read alignment for region: CP000819:4164379.0-4164379.0
Creating evidence file: SNP_714.html
Creating read alignment for region: CP000819:4165619.0-4165619.0
Creating evidence file: SNP_715.html
Creating read alignment for region: CP000819:4180200.0-4180200.0
Creating evidence file: SNP_716.html
Creating read alignment for region: CP000819:4196682.0-4196682.0
Creating evidence file: SNP_717.html
Creating read alignment for region: CP000819:4199326.0-4199326.0
Creating evidence file: SNP_718.html
Creating read alignment for region: CP000819:4201958.0-4201958.0
Creating evidence file: SNP_719.html
Creating read alignment for region: CP000819:4207843.0-4207843.0
Creating evidence file: SNP_720.html
Creating read alignment for region: CP000819:4211840.0-4211840.0
Creating evidence file: SNP_721.html
Creating read alignment for region: CP000819:4212514.0-4212514.0
Creating evidence file: SNP_722.html
Creating read alignment for region: CP000819:4212600.0-4212600.0
Creating evidence file: SNP_723.html
Creating read alignment for region: CP000819:4216922.0-4216922.0
Creating evidence file: SNP_724.html
Creating read alignment for region: CP000819:4221712.0-4221712.0
Creating evidence file: SNP_725.html
Creating read alignment for region: CP000819:4227623.0-4227623.0
Creating evidence file: SNP_726.html
Creating read alignment for region: CP000819:4234851.0-4234851.0
Creating evidence file: SNP_727.html
Creating read alignment for region: CP000819:4245184.0-4245184.0
Creating evidence file: SNP_728.html
Creating evidence file: SNP_729.html
Creating read alignment for region: CP000819:4248049.0-4248049.0
Creating read alignment for region: CP000819:4250292.0-4250292.0
Creating evidence file: SNP_730.html
Creating read alignment for region: CP000819:4265633.0-4265633.0
Creating evidence file: SNP_731.html
Creating read alignment for region: CP000819:4286515.0-4286515.0
Creating evidence file: SNP_732.html
Creating read alignment for region: CP000819:4342010.0-4342010.0
Creating evidence file: SNP_733.html
Creating read alignment for region: CP000819:4347725.0-4347725.0
Creating evidence file: SNP_734.html
Creating read alignment for region: CP000819:4347803.0-4347803.0
Creating evidence file: DEL_735.html
Creating read alignment for region: CP000819:4349289.0-4349289.0
Creating evidence file: SNP_736.html
Creating read alignment for region: CP000819:4356652.0-4356652.0
Creating evidence file: SNP_737.html
Creating read alignment for region: CP000819:4363338.0-4363338.0
Creating evidence file: SNP_738.html
Creating read alignment for region: CP000819:4377265.0-4377265.0
Creating evidence file: SNP_739.html
Creating read alignment for region: CP000819:4380317.0-4380317.0
Creating evidence file: SNP_740.html
Creating read alignment for region: CP000819:4380609.0-4380609.0
Creating evidence file: SNP_741.html
Creating read alignment for region: CP000819:4382294.0-4382294.0
Creating evidence file: SNP_742.html
Creating read alignment for region: CP000819:4384556.0-4384556.0
Creating evidence file: INS_743.html
Creating read alignment for region: CP000819:4392687.1-4392687.1
Creating evidence file: SNP_745.html
Creating read alignment for region: CP000819:4423016.0-4423016.0
Creating evidence file: SNP_746.html
Creating read alignment for region: CP000819:4423593.0-4423593.0
Creating evidence file: SNP_747.html
Creating read alignment for region: CP000819:4424649.0-4424649.0
Creating evidence file: SNP_748.html
Creating read alignment for region: CP000819:4429654.0-4429654.0
Creating evidence file: DEL_749.html
Creating read alignment for region: CP000819:4431394.0-4431395.0
Creating evidence file: SNP_750.html
Creating read alignment for region: CP000819:4433347.0-4433347.0
Creating evidence file: SNP_751.html
Creating read alignment for region: CP000819:4439519.0-4439519.0
Creating evidence file: SNP_752.html
Creating read alignment for region: CP000819:4461084.0-4461084.0
Creating evidence file: SNP_753.html
Creating read alignment for region: CP000819:4462040.0-4462040.0
Creating evidence file: INS_754.html
Creating read alignment for region: CP000819:4471806.1-4471806.1
Creating evidence file: SNP_755.html
Creating read alignment for region: CP000819:4472216.0-4472216.0
Creating evidence file: INS_756.html
Creating read alignment for region: CP000819:4475811.1-4475811.1
Creating evidence file: SNP_757.html
Creating read alignment for region: CP000819:4486277.0-4486277.0
Creating evidence file: SNP_758.html
Creating read alignment for region: CP000819:4491013.0-4491013.0
Creating evidence file: SNP_759.html
Creating read alignment for region: CP000819:4498157.0-4498157.0
Creating evidence file: SNP_760.html
Creating read alignment for region: CP000819:4498856.0-4498856.0
Creating evidence file: SNP_761.html
Creating evidence file: SNP_762.html
Creating read alignment for region: CP000819:4503582.0-4503582.0
Creating read alignment for region: CP000819:4509290.0-4509290.0
Creating evidence file: SNP_764.html
Creating read alignment for region: CP000819:4588672.0-4588672.0
Creating evidence file: SNP_765.html
Creating read alignment for region: CP000819:4593186.0-4593186.0
Creating evidence file: SNP_766.html
Creating read alignment for region: CP000819:4603391.0-4603391.0
Creating evidence file: SNP_767.html
Creating read alignment for region: CP000819:4603678.0-4603678.0
Creating evidence file: SNP_768.html
Creating read alignment for region: CP000819:4603681.0-4603681.0
Creating evidence file: SNP_769.html
Creating read alignment for region: CP000819:4603730.0-4603730.0
Creating evidence file: SNP_770.html
Creating read alignment for region: CP000819:4603737.0-4603737.0
Creating evidence file: SNP_772.htmlCreating evidence file: SNP_771.html

Creating read alignment for region: CP000819:4604220.0-4604220.0
Creating read alignment for region: CP000819:4604577.0-4604577.0
Creating evidence file: SNP_774.html
Creating read alignment for region: CP000819:4613668.0-4613668.0
Creating evidence file: SNP_775.html
Creating read alignment for region: CP000819:4616538.0-4616538.0
Creating evidence file: SNP_776.html
Creating read alignment for region: CP000819:4626487.0-4626487.0
Creating evidence file: SNP_777.html
Creating read alignment for region: CP000819:4629225.0-4629225.0
Creating evidence file: RA_863.html
Creating read alignment for region: CP000819:626937.0-626937.0
Creating evidence file: RA_1031.html
Creating read alignment for region: CP000819:1424342.0-1424342.0
Creating evidence file: RA_1032.html
Creating read alignment for region: CP000819:1424345.0-1424345.0
Creating evidence file: RA_1033.html
Creating read alignment for region: CP000819:1424348.0-1424348.0
Creating evidence file: RA_1062.html
Creating read alignment for region: CP000819:1602373.0-1602373.0
Creating evidence file: RA_1153.html
Creating read alignment for region: CP000819:2195257.1-2195257.1
Creating evidence file: RA_1407.html
Creating read alignment for region: CP000819:3519323.0-3519323.0
Creating evidence file: RA_1408.html
Creating read alignment for region: CP000819:3523524.0-3523524.0
Creating evidence file: RA_1410.html
Creating read alignment for region: CP000819:3538863.0-3538863.0
Creating evidence file: RA_1412.html
Creating read alignment for region: CP000819:3546377.0-3546377.0
Creating evidence file: RA_1413.html
Creating read alignment for region: CP000819:3547183.0-3547183.0
Creating evidence file: RA_1416.html
Creating read alignment for region: CP000819:3557410.0-3557410.0
Creating evidence file: RA_1418.html
Creating read alignment for region: CP000819:3567031.0-3567031.0
Creating evidence file: RA_1419.html
Creating read alignment for region: CP000819:3567657.0-3567657.0
Creating evidence file: RA_1423.html
Creating read alignment for region: CP000819:3581299.0-3581299.0
Creating evidence file: RA_1424.html
Creating read alignment for region: CP000819:3598035.1-3598035.1
Creating evidence file: RA_1426.html
Creating read alignment for region: CP000819:3605955.0-3605955.0
Creating evidence file: RA_1427.html
Creating read alignment for region: CP000819:3611197.0-3611197.0
Creating evidence file: RA_1431.html
Creating read alignment for region: CP000819:3624178.1-3624178.1
Creating evidence file: RA_1432.html
Creating read alignment for region: CP000819:3624178.2-3624178.2
Creating evidence file: JC_1578.html
Creating read alignment for region: CP000819__1__1__CP000819__4629812__-1__0____150__150__0__0:150-151
Creating evidence file: JC_SIDE_1_1578.html
Creating read alignment for region: CP000819:1-1
Creating evidence file: JC_SIDE_2_1578.html
Creating read alignment for region: CP000819:4629812-4629812
Creating evidence file: JC_1579.html
Creating read alignment for region: CP000819__253__-1__CP000819__288__-1__10____150__150__0__0:150-161
Creating evidence file: JC_SIDE_1_1579.html
Creating read alignment for region: CP000819:253-253
Creating evidence file: JC_SIDE_2_1579.html
Creating read alignment for region: CP000819:278-278
Creating evidence file: JC_1581.html
Creating read alignment for region: CP000819__16519__1__CP000819__16525__-1__4____150__150__1__1:150-155
Creating evidence file: JC_SIDE_1_1581.html
Creating read alignment for region: CP000819:16519-16519
Creating evidence file: JC_SIDE_2_1581.html
Creating read alignment for region: CP000819:16521-16521
Creating evidence file: JC_1582.html
Creating read alignment for region: CP000819__16990__1__CP000819__666130__-1__0____150__150__0__1:150-151
Creating evidence file: JC_SIDE_1_1582.html
Creating read alignment for region: CP000819:16990-16990
Creating evidence file: JC_SIDE_2_1582.html
Creating read alignment for region: CP000819:666130-666130
Creating evidence file: JC_1583.html
Creating read alignment for region: CP000819__16992__-1__CP000819__2775877__-1__0____150__150__0__1:150-151
Creating evidence file: JC_SIDE_1_1583.html
Creating read alignment for region: CP000819:16992-16992
Creating evidence file: JC_SIDE_2_1583.html
Creating read alignment for region: CP000819:2775877-2775877
Creating evidence file: JC_1594.html
Creating read alignment for region: CP000819__228294__1__CP000819__228306__1__9____150__150__1__1:150-160
Creating evidence file: JC_SIDE_1_1594.html
Creating read alignment for region: CP000819:228294-228294
Creating evidence file: JC_SIDE_2_1594.html
Creating read alignment for region: CP000819:228315-228315
Creating evidence file: JC_1600.html
Creating read alignment for region: CP000819__294207__1__CP000819__294213__-1__4____150__150__0__0:150-155
Creating evidence file: JC_SIDE_1_1600.html
Creating read alignment for region: CP000819:294207-294207
Creating evidence file: JC_SIDE_2_1600.html
Creating read alignment for region: CP000819:294209-294209
Creating evidence file: JC_1615.html
Creating read alignment for region: CP000819__546190__1__CP000819__546932__1__1____150__150__0__1:150-152
Creating evidence file: JC_SIDE_1_1615.html
Creating read alignment for region: CP000819:546191-546191
Creating evidence file: JC_SIDE_2_1615.html
Creating read alignment for region: CP000819:546932-546932
Creating evidence file: JC_1616.html
Creating read alignment for region: CP000819__546199__-1__CP000819__547699__-1__0____150__150__0__1:150-151
Creating evidence file: JC_SIDE_1_1616.html
Creating read alignment for region: CP000819:546199-546199
Creating evidence file: JC_SIDE_2_1616.html
Creating read alignment for region: CP000819:547699-547699
Creating evidence file: JC_1619.html
Creating read alignment for region: CP000819__590471__-1__CP000819__2086539__-1__0____150__150__0__0:150-151
Creating evidence file: JC_SIDE_1_1619.html
Creating read alignment for region: CP000819:590471-590471
Creating evidence file: JC_SIDE_2_1619.html
Creating read alignment for region: CP000819:2086539-2086539
Creating evidence file: JC_1620.html
Creating read alignment for region: CP000819__590471__-1__CP000819__2655784__-1__1____150__150__0__0:150-152
Creating evidence file: JC_SIDE_1_1620.html
Creating read alignment for region: CP000819:590471-590471
Creating evidence file: JC_SIDE_2_1620.html
Creating read alignment for region: CP000819:2655783-2655783
Creating evidence file: JC_1621.html
Creating read alignment for region: CP000819__590471__-1__CP000819__3015774__-1__1____150__150__0__0:150-152
Creating evidence file: JC_SIDE_1_1621.html
Creating read alignment for region: CP000819:590471-590471
Creating evidence file: JC_SIDE_2_1621.html
Creating read alignment for region: CP000819:3015773-3015773
Creating evidence file: JC_1622.html
Creating read alignment for region: CP000819__590471__-1__CP000819__3680780__1__0____150__150__0__0:150-151
Creating evidence file: JC_SIDE_1_1622.html
Creating read alignment for region: CP000819:590471-590471
Creating evidence file: JC_SIDE_2_1622.html
Creating read alignment for region: CP000819:3680780-3680780
Creating evidence file: JC_1623.html
Creating read alignment for region: CP000819__590471__-1__CP000819__3901456__1__1____150__150__0__0:150-152
Creating evidence file: JC_SIDE_1_1623.html
Creating evidence file: JC_SIDE_2_1623.html
Creating read alignment for region: CP000819:590471-590471
Creating read alignment for region: CP000819:3901457-3901457
Creating evidence file: JC_1624.html
Creating read alignment for region: CP000819__590471__-1__CP000819__4110239__-1__0____150__150__0__0:150-151
Creating evidence file: JC_SIDE_1_1624.html
Creating read alignment for region: CP000819:590471-590471
Creating evidence file: JC_SIDE_2_1624.html
Creating read alignment for region: CP000819:4110239-4110239
Creating evidence file: JC_1625.html
Creating read alignment for region: CP000819__590471__-1__CP000819__4333228__1__0____150__150__0__0:150-151
Creating evidence file: JC_SIDE_1_1625.html
Creating read alignment for region: CP000819:590471-590471
Creating evidence file: JC_SIDE_2_1625.html
Creating read alignment for region: CP000819:4333228-4333228
Creating evidence file: JC_1626.html
Creating read alignment for region: CP000819__590471__-1__CP000819__4588156__1__0____150__150__0__0:150-151
Creating evidence file: JC_SIDE_1_1626.html
Creating read alignment for region: CP000819:590471-590471
Creating evidence file: JC_SIDE_2_1626.html
Creating read alignment for region: CP000819:4588156-4588156
Creating evidence file: JC_1627.html
Creating read alignment for region: CP000819__590471__-1__CP000819__4613019__1__1____150__150__0__0:150-152
Creating evidence file: JC_SIDE_1_1627.html
Creating read alignment for region: CP000819:590471-590471
Creating evidence file: JC_SIDE_2_1627.html
Creating read alignment for region: CP000819:4613020-4613020
Creating evidence file: JC_1628.html
Creating read alignment for region: CP000819__590472__-1__CP000819__1729054__-1__1____150__150__0__0:150-152
Creating evidence file: JC_SIDE_1_1628.html
Creating read alignment for region: CP000819:590472-590472
Creating evidence file: JC_SIDE_2_1628.html
Creating read alignment for region: CP000819:1729053-1729053
Creating evidence file: JC_1629.html
Creating read alignment for region: CP000819__590472__-1__CP000819__1776437__-1__1____150__150__0__0:150-152
Creating evidence file: JC_SIDE_1_1629.html
Creating read alignment for region: CP000819:590472-590472
Creating evidence file: JC_SIDE_2_1629.html
Creating read alignment for region: CP000819:1776436-1776436
Creating evidence file: JC_1630.html
Creating read alignment for region: CP000819__590472__-1__CP000819__3198582__1__1____150__150__0__0:150-152
Creating evidence file: JC_SIDE_1_1630.html
Creating read alignment for region: CP000819:590472-590472
Creating evidence file: JC_SIDE_2_1630.html
Creating read alignment for region: CP000819:3198583-3198583
Creating evidence file: JC_1631.html
Creating read alignment for region: CP000819__590472__-1__CP000819__3268052__1__1____150__150__0__0:150-152
Creating evidence file: JC_SIDE_1_1631.html
Creating read alignment for region: CP000819:590472-590472
Creating evidence file: JC_SIDE_2_1631.html
Creating read alignment for region: CP000819:3268053-3268053
Creating evidence file: JC_1632.html
Creating read alignment for region: CP000819__590472__-1__CP000819__4415713__-1__2____150__150__0__0:150-153
Creating evidence file: JC_SIDE_1_1632.html
Creating read alignment for region: CP000819:590472-590472
Creating evidence file: JC_SIDE_2_1632.html
Creating read alignment for region: CP000819:4415711-4415711
Creating evidence file: JC_1633.html
Creating read alignment for region: CP000819__590472__-1__CP000819__4446816__-1__1____150__150__0__0:150-152
Creating evidence file: JC_SIDE_1_1633.html
Creating read alignment for region: CP000819:590472-590472
Creating evidence file: JC_SIDE_2_1633.html
Creating read alignment for region: CP000819:4446815-4446815
Creating evidence file: JC_1635.html
Creating read alignment for region: CP000819__590474__-1__CP000819__2910192__1__4____150__150__0__0:150-155
Creating evidence file: JC_SIDE_1_1635.html
Creating read alignment for region: CP000819:590474-590474
Creating evidence file: JC_SIDE_2_1635.html
Creating read alignment for region: CP000819:2910196-2910196
Creating evidence file: JC_1636.html
Creating read alignment for region: CP000819__590715__1__CP000819__3517316__-1__3____150__150__1__0:150-154
Creating evidence file: JC_SIDE_1_1636.html
Creating read alignment for region: CP000819:590715-590715
Creating evidence file: JC_SIDE_2_1636.html
Creating evidence file: JC_1637.html
Creating read alignment for region: CP000819:3517313-3517313
Creating read alignment for region: CP000819__625889__1__CP000819__628822__-1__1____150__150__0__0:150-152
Creating evidence file: JC_SIDE_1_1637.html
Creating read alignment for region: CP000819:625889-625889
Creating evidence file: JC_SIDE_2_1637.html
Creating read alignment for region: CP000819:628821-628821
Creating evidence file: JC_1639.html
Creating read alignment for region: CP000819__643361__1__CP000819__666130__-1__1____150__150__0__1:150-152
Creating evidence file: JC_SIDE_1_1639.html
Creating read alignment for region: CP000819:643362-643362
Creating evidence file: JC_SIDE_2_1639.html
Creating read alignment for region: CP000819:666130-666130
Creating evidence file: JC_1640.html
Creating read alignment for region: CP000819__643365__-1__CP000819__664688__1__1____150__150__0__1:150-152
Creating evidence file: JC_SIDE_1_1640.html
Creating read alignment for region: CP000819:643364-643364
Creating evidence file: JC_SIDE_2_1640.html
Creating read alignment for region: CP000819:664688-664688
Creating evidence file: JC_1642.html
Creating read alignment for region: CP000819__664687__1__CP000819__4613019__-1__0____150__150__1__0:150-151
Creating evidence file: JC_SIDE_1_1642.html
Creating read alignment for region: CP000819:664687-664687
Creating evidence file: JC_SIDE_2_1642.html
Creating read alignment for region: CP000819:4613019-4613019
Creating evidence file: JC_1643.html
Creating read alignment for region: CP000819__664688__1__CP000819__1270658__1__2____150__150__1__0:150-153
Creating evidence file: JC_SIDE_1_1643.html
Creating read alignment for region: CP000819:664688-664688
Creating evidence file: JC_SIDE_2_1643.html
Creating read alignment for region: CP000819:1270660-1270660
Creating evidence file: JC_1644.html
Creating read alignment for region: CP000819__664688__1__CP000819__1462318__1__2____150__150__1__0:150-153
Creating evidence file: JC_SIDE_1_1644.html
Creating read alignment for region: CP000819:664688-664688
Creating evidence file: JC_SIDE_2_1644.html
Creating read alignment for region: CP000819:1462320-1462320
Creating evidence file: JC_1645.html
Creating read alignment for region: CP000819__666130__-1__CP000819__1153894__1__0____150__150__1__0:150-151
Creating evidence file: JC_SIDE_1_1645.html
Creating read alignment for region: CP000819:666130-666130
Creating evidence file: JC_SIDE_2_1645.html
Creating read alignment for region: CP000819:1153894-1153894
Creating evidence file: JC_1647.html
Creating read alignment for region: CP000819__666130__-1__CP000819__1270128__-1__0____150__150__1__0:150-151
Creating evidence file: JC_SIDE_1_1647.html
Creating read alignment for region: CP000819:666130-666130
Creating evidence file: JC_SIDE_2_1647.html
Creating read alignment for region: CP000819:1270128-1270128
Creating evidence file: JC_1648.html
Creating read alignment for region: CP000819__666130__-1__CP000819__1451972__-1__-3__CTC__150__150__1__0:150-154
Creating evidence file: JC_SIDE_1_1648.html
Creating read alignment for region: CP000819:666130-666130
Creating evidence file: JC_SIDE_2_1648.html
Creating read alignment for region: CP000819:1451972-1451972
Creating evidence file: JC_1649.html
Creating read alignment for region: CP000819__666130__-1__CP000819__1619928__-1__0____150__150__1__0:150-151
Creating evidence file: JC_SIDE_1_1649.html
Creating read alignment for region: CP000819:666130-666130
Creating evidence file: JC_SIDE_2_1649.html
Creating read alignment for region: CP000819:1619928-1619928
Creating evidence file: JC_1667.html
Creating read alignment for region: CP000819__939018__1__CP000819__4485407__-1__0____150__150__0__0:150-151
Creating evidence file: JC_SIDE_1_1667.html
Creating read alignment for region: CP000819:939018-939018
Creating evidence file: JC_SIDE_2_1667.html
Creating read alignment for region: CP000819:4485407-4485407
Creating evidence file: JC_1668.html
Creating read alignment for region: CP000819__939032__-1__CP000819__4483979__1__3____150__150__0__0:150-154
Creating evidence file: JC_SIDE_1_1668.html
Creating read alignment for region: CP000819:939032-939032
Creating evidence file: JC_SIDE_2_1668.html
Creating read alignment for region: CP000819:4483982-4483982
Creating evidence file: JC_1672.html
Creating read alignment for region: CP000819__1153898__-1__CP000819__2775877__-1__2____150__150__0__1:150-153
Creating evidence file: JC_SIDE_1_1672.html
Creating read alignment for region: CP000819:1153896-1153896
Creating evidence file: JC_SIDE_2_1672.html
Creating read alignment for region: CP000819:2775877-2775877
Creating evidence file: JC_1673.html
Creating read alignment for region: CP000819__1172378__1__CP000819__1172383__-1__3____150__150__0__0:150-154
Creating evidence file: JC_SIDE_1_1673.html
Creating read alignment for region: CP000819:1172378-1172378
Creating evidence file: JC_SIDE_2_1673.html
Creating read alignment for region: CP000819:1172380-1172380
Creating evidence file: JC_1681.html
Creating read alignment for region: CP000819__1323488__-1__CP000819__1428800__-1__0____150__150__1__0:150-151
Creating evidence file: JC_SIDE_1_1681.html
Creating read alignment for region: CP000819:1323488-1323488
Creating evidence file: JC_SIDE_2_1681.html
Creating read alignment for region: CP000819:1428800-1428800
Creating evidence file: JC_1683.html
Creating read alignment for region: CP000819__1349563__1__CP000819__1857064__1__3____150__150__0__1:150-154
Creating evidence file: JC_SIDE_1_1683.html
Creating read alignment for region: CP000819:1349566-1349566
Creating evidence file: JC_SIDE_2_1683.html
Creating read alignment for region: CP000819:1857064-1857064
Creating evidence file: JC_1684.html
Creating read alignment for region: CP000819__1349575__-1__CP000819__1858406__-1__3____150__150__0__1:150-154
Creating evidence file: JC_SIDE_1_1684.html
Creating read alignment for region: CP000819:1349572-1349572
Creating evidence file: JC_SIDE_2_1684.html
Creating evidence file: JC_1688.html
Creating read alignment for region: CP000819:1858406-1858406
Creating read alignment for region: CP000819__1420707__1__CP000819__1616728__-1__2____150__150__0__1:150-153
Creating evidence file: JC_SIDE_1_1688.html
Creating read alignment for region: CP000819:1420709-1420709
Creating evidence file: JC_SIDE_2_1688.html
Creating read alignment for region: CP000819:1616728-1616728
Creating evidence file: JC_1689.html
Creating read alignment for region: CP000819__1420712__-1__CP000819__1607917__1__1____150__150__0__1:150-152
Creating evidence file: JC_SIDE_1_1689.html
Creating read alignment for region: CP000819:1420712-1420712
Creating evidence file: JC_SIDE_2_1689.html
Creating read alignment for region: CP000819:1607918-1607918
Creating evidence file: JC_1691.html
Creating read alignment for region: CP000819__1428790__1__CP000819__1460160__1__2____150__150__0__1:150-153
Creating evidence file: JC_SIDE_1_1691.html
Creating read alignment for region: CP000819:1428792-1428792
Creating evidence file: JC_SIDE_2_1691.html
Creating read alignment for region: CP000819:1460160-1460160
Creating evidence file: JC_1692.html
Creating read alignment for region: CP000819__1443893__-1__CP000819__1451829__1__1____150__150__1__0:150-152
Creating evidence file: JC_SIDE_1_1692.html
Creating read alignment for region: CP000819:1443893-1443893
Creating evidence file: JC_SIDE_2_1692.html
Creating read alignment for region: CP000819:1451830-1451830
Creating evidence file: JC_1699.html
Creating read alignment for region: CP000819__1619924__1__CP000819__2775877__-1__2____150__150__0__1:150-153
Creating evidence file: JC_SIDE_1_1699.html
Creating read alignment for region: CP000819:1619926-1619926
Creating evidence file: JC_SIDE_2_1699.html
Creating read alignment for region: CP000819:2775877-2775877
Creating evidence file: JC_1700.html
Creating read alignment for region: CP000819__1699810__1__CP000819__1699817__-1__11____150__150__0__0:150-162
Creating evidence file: JC_SIDE_1_1700.html
Creating read alignment for region: CP000819:1699810-1699810
Creating evidence file: JC_SIDE_2_1700.html
Creating read alignment for region: CP000819:1699806-1699806
Creating evidence file: JC_1701.html
Creating read alignment for region: CP000819__1731495__1__CP000819__2775877__-1__2____150__150__0__1:150-153
Creating evidence file: JC_SIDE_1_1701.html
Creating read alignment for region: CP000819:1731497-1731497
Creating evidence file: JC_SIDE_2_1701.html
Creating read alignment for region: CP000819:2775877-2775877
Creating evidence file: JC_1702.html
Creating read alignment for region: CP000819__1776434__1__CP000819__2775877__-1__0____150__150__0__1:150-151
Creating evidence file: JC_SIDE_1_1702.html
Creating read alignment for region: CP000819:1776434-1776434
Creating evidence file: JC_SIDE_2_1702.html
Creating read alignment for region: CP000819:2775877-2775877
Creating evidence file: JC_1711.html
Creating read alignment for region: CP000819__2122426__1__CP000819__2775877__-1__0____150__150__0__1:150-151
Creating evidence file: JC_SIDE_1_1711.html
Creating read alignment for region: CP000819:2122426-2122426
Creating evidence file: JC_SIDE_2_1711.html
Creating read alignment for region: CP000819:2775877-2775877
Creating evidence file: JC_1715.html
Creating read alignment for region: CP000819__2227020__1__CP000819__2227048__1__8____150__150__0__0:150-159
Creating evidence file: JC_SIDE_1_1715.html
Creating read alignment for region: CP000819:2227020-2227020
Creating evidence file: JC_SIDE_2_1715.html
Creating read alignment for region: CP000819:2227056-2227056
Creating evidence file: JC_1718.html
Creating read alignment for region: CP000819__2247097__1__CP000819__2247103__-1__4____150__150__0__0:150-155
Creating evidence file: JC_SIDE_1_1718.html
Creating read alignment for region: CP000819:2247097-2247097
Creating evidence file: JC_SIDE_2_1718.html
Creating read alignment for region: CP000819:2247099-2247099
Creating evidence file: JC_1723.html
Creating read alignment for region: CP000819__2322337__1__CP000819__2774196__-1__3____150__150__0__1:150-154
Creating evidence file: JC_SIDE_1_1723.html
Creating read alignment for region: CP000819:2322340-2322340
Creating evidence file: JC_SIDE_2_1723.html
Creating read alignment for region: CP000819:2774196-2774196
Creating evidence file: JC_1724.html
Creating read alignment for region: CP000819__2322348__-1__CP000819__2772854__1__3____150__150__0__1:150-154
Creating evidence file: JC_SIDE_1_1724.html
Creating read alignment for region: CP000819:2322345-2322345
Creating evidence file: JC_SIDE_2_1724.html
Creating read alignment for region: CP000819:2772854-2772854
Creating evidence file: JC_1728.html
Creating read alignment for region: CP000819__2448490__1__CP000819__2774196__-1__3____150__150__0__1:150-154
Creating evidence file: JC_SIDE_1_1728.html
Creating read alignment for region: CP000819:2448493-2448493
Creating evidence file: JC_SIDE_2_1728.html
Creating read alignment for region: CP000819:2774196-2774196
Creating evidence file: JC_1729.html
Creating read alignment for region: CP000819__2448501__-1__CP000819__2772854__1__3____150__150__0__1:150-154
Creating evidence file: JC_SIDE_1_1729.html
Creating read alignment for region: CP000819:2448498-2448498
Creating evidence file: JC_SIDE_2_1729.html
Creating read alignment for region: CP000819:2772854-2772854
Creating evidence file: JC_1741.html
Creating read alignment for region: CP000819__2627387__-1__CP000819__2627449__-1__9____150__150__0__0:150-160
Creating evidence file: JC_SIDE_1_1741.html
Creating read alignment for region: CP000819:2627387-2627387
Creating evidence file: JC_SIDE_2_1741.html
Creating read alignment for region: CP000819:2627440-2627440
Creating evidence file: JC_1743.html
Creating read alignment for region: CP000819__2641524__1__CP000819__2641543__1__9____150__150__0__0:150-160
Creating evidence file: JC_SIDE_1_1743.html
Creating read alignment for region: CP000819:2641524-2641524
Creating evidence file: JC_SIDE_2_1743.html
Creating read alignment for region: CP000819:2641552-2641552
Creating evidence file: JC_1744.html
Creating read alignment for region: CP000819__2655779__1__CP000819__2775877__-1__2____150__150__0__1:150-153
Creating evidence file: JC_SIDE_1_1744.html
Creating read alignment for region: CP000819:2655781-2655781
Creating evidence file: JC_SIDE_2_1744.html
Creating read alignment for region: CP000819:2775877-2775877
Creating evidence file: JC_1747.html
Creating read alignment for region: CP000819__2693117__1__CP000819__2693122__-1__9____150__150__0__0:150-160
Creating evidence file: JC_SIDE_1_1747.html
Creating read alignment for region: CP000819:2693117-2693117
Creating evidence file: JC_SIDE_2_1747.html
Creating read alignment for region: CP000819:2693113-2693113
Creating evidence file: JC_1749.html
Creating read alignment for region: CP000819__2772854__1__CP000819__3625448__-1__3____150__150__1__0:150-154
Creating evidence file: JC_SIDE_1_1749.html
Creating read alignment for region: CP000819:2772854-2772854
Creating evidence file: JC_SIDE_2_1749.html
Creating read alignment for region: CP000819:3625445-3625445
Creating evidence file: JC_1750.html
Creating read alignment for region: CP000819__2774194__-1__CP000819__3517305__1__1____150__150__1__0:150-152
Creating evidence file: JC_SIDE_1_1750.html
Creating read alignment for region: CP000819:2774194-2774194
Creating evidence file: JC_SIDE_2_1750.html
Creating read alignment for region: CP000819:3517306-3517306
Creating evidence file: JC_SIDE_1_1751.html
Creating evidence file: JC_1751.html
Creating read alignment for region: CP000819:2775877-2775877
Creating read alignment for region: CP000819__2775877__-1__CP000819__3035121__1__2____150__150__1__0:150-153
Creating evidence file: JC_SIDE_2_1751.html
Creating read alignment for region: CP000819:3035123-3035123
Creating evidence file: JC_1752.html
Creating read alignment for region: CP000819__2775877__-1__CP000819__3192747__-1__0____150__150__1__0:150-151
Creating evidence file: JC_SIDE_1_1752.html
Creating read alignment for region: CP000819:2775877-2775877
Creating evidence file: JC_SIDE_2_1752.html
Creating read alignment for region: CP000819:3192747-3192747
Creating evidence file: JC_1753.html
Creating read alignment for region: CP000819__2775877__-1__CP000819__3268054__-1__0____150__150__1__0:150-151
Creating evidence file: JC_SIDE_1_1753.html
Creating read alignment for region: CP000819:2775877-2775877
Creating evidence file: JC_SIDE_2_1753.html
Creating read alignment for region: CP000819:3268054-3268054
Creating evidence file: JC_1757.html
Creating read alignment for region: CP000819__2877315__-1__CP000819__3651091__1__0____150__150__0__1:150-151
Creating evidence file: JC_SIDE_1_1757.html
Creating read alignment for region: CP000819:2877315-2877315
Creating evidence file: JC_SIDE_2_1757.html
Creating read alignment for region: CP000819:3651091-3651091
Creating evidence file: JC_1772.html
Creating read alignment for region: CP000819__3260571__-1__CP000819__3260571__1__7____150__150__0__0:150-158
Creating evidence file: JC_SIDE_1_1772.html
Creating read alignment for region: CP000819:3260571-3260571
Creating evidence file: JC_SIDE_2_1772.html
Creating read alignment for region: CP000819:3260578-3260578
Creating evidence file: JC_1774.html
Creating read alignment for region: CP000819__3309737__1__CP000819__3309758__1__9____150__150__0__0:150-160
Creating evidence file: JC_SIDE_1_1774.html
Creating read alignment for region: CP000819:3309737-3309737
Creating evidence file: JC_SIDE_2_1774.html
Creating evidence file: JC_1777.html
Creating read alignment for region: CP000819:3309767-3309767
Creating read alignment for region: CP000819__3384703__1__CP000819__3384708__-1__3____150__150__0__0:150-154
Creating evidence file: JC_SIDE_1_1777.html
Creating read alignment for region: CP000819:3384703-3384703
Creating evidence file: JC_SIDE_2_1777.html
Creating evidence file: JC_1795.html
Creating read alignment for region: CP000819__3550557__1__CP000819__3550580__1__9____150__150__1__0:150-160
Creating read alignment for region: CP000819:3384705-3384705
Creating evidence file: JC_SIDE_1_1795.html
Creating read alignment for region: CP000819:3550566-3550566
Creating evidence file: JC_SIDE_2_1795.html
Creating read alignment for region: CP000819:3550580-3550580
Creating evidence file: JC_1804.html
Creating read alignment for region: CP000819__3651091__1__CP000819__3680784__-1__2____150__150__1__0:150-153
Creating evidence file: JC_SIDE_1_1804.html
Creating read alignment for region: CP000819:3651091-3651091
Creating evidence file: JC_SIDE_2_1804.html
Creating read alignment for region: CP000819:3680782-3680782
Creating evidence file: JC_1810.html
Creating read alignment for region: CP000819__3741965__-1__CP000819__3742143__1__0____150__150__1__0:150-151
Creating evidence file: JC_SIDE_1_1810.html
Creating read alignment for region: CP000819:3741965-3741965
Creating evidence file: JC_SIDE_2_1810.html
Creating read alignment for region: CP000819:3742143-3742143
Creating evidence file: JC_1814.html
Creating read alignment for region: CP000819__3818125__1__CP000819__3818161__1__13____150__150__0__0:150-164
Creating evidence file: JC_SIDE_1_1814.html
Creating read alignment for region: CP000819:3818125-3818125
Creating evidence file: JC_SIDE_2_1814.html
Creating read alignment for region: CP000819:3818174-3818174
Creating evidence file: JC_1817.html
Creating read alignment for region: CP000819__3887779__1__CP000819__3887806__1__12____150__150__0__0:150-163
Creating evidence file: JC_SIDE_1_1817.html
Creating read alignment for region: CP000819:3887779-3887779
Creating evidence file: JC_SIDE_2_1817.html
Creating read alignment for region: CP000819:3887818-3887818
Creating evidence file: JC_1819.html
Creating read alignment for region: CP000819__3893554__1__CP000819__4110235__1__2____150__150__1__0:150-153
Creating evidence file: JC_SIDE_1_1819.html
Creating read alignment for region: CP000819:3893554-3893554
Creating evidence file: JC_SIDE_2_1819.html
Creating read alignment for region: CP000819:4110237-4110237
Creating evidence file: JC_1820.html
Creating read alignment for region: CP000819__3893554__1__CP000819__4289282__-1__-3__CTC__150__150__1__0:150-154
Creating evidence file: JC_SIDE_1_1820.html
Creating read alignment for region: CP000819:3893554-3893554
Creating evidence file: JC_SIDE_2_1820.html
Creating read alignment for region: CP000819:4289282-4289282
Creating evidence file: JC_1821.html
Creating read alignment for region: CP000819__3893554__1__CP000819__4415710__1__0____150__150__1__0:150-151
Creating evidence file: JC_SIDE_1_1821.html
Creating read alignment for region: CP000819:3893554-3893554
Creating evidence file: JC_SIDE_2_1821.html
Creating read alignment for region: CP000819:4415710-4415710
Creating evidence file: JC_1822.html
Creating read alignment for region: CP000819__3893554__1__CP000819__4448793__1__0____150__150__1__0:150-151
Creating evidence file: JC_SIDE_1_1822.html
Creating read alignment for region: CP000819:3893554-3893554
Creating evidence file: JC_SIDE_2_1822.html
Creating read alignment for region: CP000819:4448793-4448793
Creating evidence file: JC_1823.html
Creating read alignment for region: CP000819__3893554__1__CP000819__4565814__-1__0____150__150__1__0:150-151
Creating evidence file: JC_SIDE_1_1823.html
Creating read alignment for region: CP000819:3893554-3893554
Creating evidence file: JC_SIDE_2_1823.html
Creating read alignment for region: CP000819:4565814-4565814
Creating evidence file: JC_1839.html
Creating read alignment for region: CP000819__4387329__1__CP000819__4387375__1__15____150__150__0__0:150-166
Creating evidence file: JC_SIDE_1_1839.html
Creating read alignment for region: CP000819:4387329-4387329
Creating evidence file: JC_SIDE_2_1839.html
Creating read alignment for region: CP000819:4387390-4387390
Creating evidence file: JC_1844.html
Creating read alignment for region: CP000819__4550679__1__CP000819__4561283__1__0____150__150__1__0:150-151
Creating evidence file: JC_SIDE_1_1844.html
Creating read alignment for region: CP000819:4550679-4550679
Creating evidence file: JC_SIDE_2_1844.html
Creating read alignment for region: CP000819:4561283-4561283
Creating index HTML table...
[system] rm -f "results/breseq_consensus/SRR2584866/01_sequence_conversion/*.trims"
[system] rm -f "results/breseq_consensus/SRR2584866/03_candidate_junctions/candidate_junction.fasta"
[system] rm -f "results/breseq_consensus/SRR2584866/03_candidate_junctions/candidate_junction.fasta.fai"
[system] rm -f "results/breseq_consensus/SRR2584866/05_alignment_correction/jc_evidence.gd"
[system] rm -f "results/breseq_consensus/SRR2584866/06_bam/junction.bam"
[system] rm -f "results/breseq_consensus/SRR2584866/06_bam/junction.bam.bai"
+++   SUCCESSFULLY COMPLETED

breseq consensus analysis complete.
