"gene_id","ensembl_gene_id","gene_symbol","gene_type","HT55_log2FC","HT55_padj","SW948_log2FC","SW948_padj","observed_LFC_difference","baseMean","log2FoldChange","lfcSE","stat","pvalue","padj","interaction_status"
"ENSG00000162344.6","ENSG00000162344","FGF19","protein_coding",-2.91878447567235,3.79394669128008e-56,2.51684895975384,4.33960193107057e-30,5.43563343542619,107.949502929142,5.43563299900022,0.281426714587015,19.314559411948,4.05174107037738e-83,2.93589157959545e-79,"Positive_interaction"
"ENSG00000186480.15","ENSG00000186480","INSIG1","protein_coding",1.83257955238729,1.98497105873649e-21,6.2361123387199,5.08669426918872e-241,4.40353278633261,8130.96701682592,4.40353248078986,0.262571667852032,16.7707830658691,3.99212846316623e-63,7.23174071102562e-60,"Positive_interaction"
"ENSG00000101161.10","ENSG00000101161","PRPF6","protein_coding",-0.453919643274234,3.19231275112612e-16,0.73259890781347,7.84741371296967e-46,1.1865185510877,1317.63447761544,1.18651854468005,0.0733420575859762,16.1778737021271,7.2246651539291e-59,9.51816794643095e-56,"Positive_interaction"
"ENSG00000101670.14","ENSG00000101670","LIPG","protein_coding",0.335859451349506,0.00132512637897331,2.40792715786203,1.019498540058e-164,2.07206770651252,771.624590999648,2.07206766884987,0.128964421309688,16.0669714003844,4.34817586365341e-58,4.84721266277425e-55,"Positive_interaction"
"ENSG00000164211.15","ENSG00000164211","STARD4","protein_coding",0.735677927284171,4.0234791993143e-12,2.860507397597,4.37649554279915e-163,2.12482947031283,662.582994098221,2.12482942469883,0.144555724654314,14.6990333989199,6.53863936374291e-49,4.73789808296812e-46,"Positive_interaction"
"ENSG00000006704.13","ENSG00000006704","GTF2IRD1","protein_coding",-0.0797531302109035,0.522091193178756,1.95559617492231,2.79264777157607e-86,2.03534930513321,1359.01552244496,2.03534926589932,0.138520734578587,14.6934628385515,7.09912152704513e-49,4.89906996047324e-46,"Positive_interaction"
"ENSG00000131069.22","ENSG00000131069","ACSS2","protein_coding",0.621952665306262,4.95561443901727e-08,2.83176624824475,2.38848024530791e-145,2.20981358293849,3288.14444613718,2.20981353144557,0.152623642577242,14.4788415092844,1.64852236846486e-47,9.55615446551708e-45,"Positive_interaction"
"ENSG00000168394.15","ENSG00000168394","TAP1","protein_coding",0.304298951352256,1.06647621949855e-06,1.52530520131833,4.62533209623016e-130,1.22100624996607,739.331956158443,1.22100624108513,0.0850449665853336,14.3571840887254,9.60511941847287e-47,5.1554589115744e-44,"Positive_interaction"
"ENSG00000171368.14","ENSG00000171368","TPPP","protein_coding",-0.699416384610488,5.24591551455534e-05,2.59368794671799,1.21021993084746e-52,3.29310433132848,176.294754563527,3.29310415503957,0.230932597257122,14.260023029027,3.88326335293089e-46,2.00986616109552e-43,"Positive_interaction"
"ENSG00000132481.9","ENSG00000132481","TRIM47","protein_coding",-0.391407681297716,0.00760758427383866,2.53683789529818,3.92675206965396e-55,2.9282455765959,248.145514300712,2.92824545079089,0.206771461066499,14.1617486073146,1.58012818148322e-45,7.89628193312233e-43,"Positive_interaction"
"ENSG00000103275.24","ENSG00000103275","UBE2I","protein_coding",-0.222815443225019,0.0200130607385296,1.43350604553276,3.90222669839758e-60,1.65632148875778,1432.81137143821,1.65632146445565,0.12111443893911,13.6756730160667,1.41888382002274e-42,5.5574227891269e-40,"Positive_interaction"
"ENSG00000113161.19","ENSG00000113161","HMGCR","protein_coding",0.943726807499237,1.23510530171833e-18,2.92363074157281,2.19036033055866e-175,1.97990393407357,3091.53450848178,1.97990389194303,0.14494187993933,13.6599849040994,1.76020238234287e-42,6.71285603287181e-40,"Positive_interaction"
"ENSG00000117602.15","ENSG00000117602","RCAN3","protein_coding",-0.627173400174701,8.11803580650249e-13,0.880293073461184,2.89024030221888e-32,1.50746647363589,542.370864909691,1.50746645468542,0.110590298994497,13.6310912294435,2.6163855896274e-42,9.47916499122008e-40,"Positive_interaction"
"ENSG00000102316.19","ENSG00000102316","MAGED2","protein_coding",-0.587183211341783,1.20826156855425e-08,1.28235157958032,9.10097411651567e-37,1.8695347909221,609.670748641822,1.86953475494578,0.138677555028823,13.4811632246993,2.01898421005758e-41,6.80444631910567e-39,"Positive_interaction"
"ENSG00000072210.21","ENSG00000072210","ALDH3A2","protein_coding",-0.317407314880707,2.29241719877276e-06,0.808589842675493,1.60019056583078e-45,1.1259971575562,2191.33840316216,1.12599714903012,0.0839357368077729,13.4149909425212,4.93993456570054e-41,1.5562941679594e-38,"Positive_interaction"
"ENSG00000214357.11","ENSG00000214357","NEURL1B","protein_coding",0.211312580286449,0.00154195906568868,1.36081670992215,2.53845225607119e-96,1.1495041296357,1532.17738088597,1.14950412062265,0.088475328981766,12.9923689897729,1.35177044993453e-38,3.84114850204925e-36,"Positive_interaction"
"ENSG00000008394.15","ENSG00000008394","MGST1","protein_coding",-0.633366284332711,2.12933900604031e-09,1.04324427622119,8.33166438627984e-35,1.6766105605539,1112.75310936127,1.67661052939268,0.129675105961928,12.9293168257362,3.07539371741863e-38,8.57088572169824e-36,"Positive_interaction"
"ENSG00000112972.16","ENSG00000112972","HMGCS1","protein_coding",1.12004294278445,2.96050689367483e-11,4.00013214996446,1.14903699352859e-138,2.88008920718001,2978.15713636111,2.8800890597014,0.224136993190726,12.8496818784868,8.63646711661737e-38,2.27563057189125e-35,"Positive_interaction"
"ENSG00000178999.15","ENSG00000178999","AURKB","protein_coding",-0.732139065136021,3.37999994674697e-13,0.949122466548021,1.36355197376604e-24,1.68126153168404,348.621023638471,1.68126150246828,0.131746656175513,12.7613220044728,2.69586608270928e-37,6.85412127554788e-35,"Positive_interaction"
"ENSG00000160752.17","ENSG00000160752","FDPS","protein_coding",0.321647045995217,0.0120673302410796,2.38185585717764,2.55590569078105e-91,2.06020881118242,2190.33756904704,2.06020875650079,0.162851546117011,12.6508394032716,1.10685875396002e-36,2.6296060758014e-34,"Positive_interaction"
"ENSG00000133226.21","ENSG00000133226","SRRM1","protein_coding",-0.449839609314665,5.85780327090483e-06,1.15290281679967,2.05124500442829e-38,1.60274242611434,736.37398706223,1.60274239993174,0.126923542440807,12.6276210788807,1.48706219854928e-36,3.47588796473809e-34,"Positive_interaction"
"ENSG00000118971.11","ENSG00000118971","CCND2","protein_coding",0.0085714434217128,0.947324814236444,1.51647283827582,8.77286949568401e-65,1.50790139485411,1523.87358501558,1.50790137240656,0.121882377572033,12.3717751691821,3.7151864860729e-35,7.80296848640124e-33,"Positive_interaction"
"ENSG00000071967.14","ENSG00000071967","CYBRD1","protein_coding",0.468034142225019,4.90325855949342e-07,1.94211879591624,1.36461883296029e-121,1.47408465369122,748.608197406729,1.474084631042,0.119266642530828,12.3595717944436,4.3245417995726e-35,8.9530371084866e-33,"Positive_interaction"
"ENSG00000179820.19","ENSG00000179820","MYADM","protein_coding",-0.686213511596916,6.40457904307924e-05,2.03598046806549,4.49330660353232e-38,2.72219397966241,562.750986851638,2.72219384544455,0.221432688302903,12.2935500910362,9.81012014168973e-35,1.92119271747794e-32,"Positive_interaction"
"ENSG00000011260.16","ENSG00000011260","UTP18","protein_coding",-0.58116542354309,1.95826423132595e-11,0.750672608742413,1.35890621045688e-24,1.3318380322855,465.611812218474,1.33183801608562,0.108937747753991,12.2256797441162,2.26677591092503e-34,4.2115533975802e-32,"Positive_interaction"
"ENSG00000052802.15","ENSG00000052802","MSMO1","protein_coding",1.93338273722394,1.16019828016988e-28,4.83422969992455,8.11941540999473e-177,2.90084696270061,3197.0553112632,2.90084679564624,0.238035559719682,12.1866111057624,3.6634127051558e-34,6.63627211538973e-32,"Positive_interaction"
"ENSG00000125977.9","ENSG00000125977","EIF2S2","protein_coding",-0.232051694098655,0.00336954590039405,0.989086101280795,1.38146922439612e-42,1.22113779537945,2538.38860512639,1.22113778295977,0.100783592219025,12.116434392475,8.64385382451426e-34,1.50923770632362e-31,"Positive_interaction"
"ENSG00000142798.21","ENSG00000142798","HSPG2","protein_coding",0.25974041593155,0.0311534760823153,2.15786876417515,8.92599098627621e-76,1.8981283482436,1273.27047826555,1.89812830116851,0.15690543174999,12.0972759196314,1.09174119538233e-33,1.86135451805656e-31,"Positive_interaction"
"ENSG00000161800.15","ENSG00000161800","RACGAP1","protein_coding",-0.259369257804375,0.000673284672903593,0.94454007561495,1.05214978384075e-38,1.20390933341932,1462.10849693381,1.20390932144764,0.0996145852296101,12.0856731840287,1.25736078842911e-33,2.09444512022007e-31,"Positive_interaction"
"ENSG00000087842.13","ENSG00000087842","PIR","protein_coding",0.686877531019023,6.29319673197536e-08,2.84980610727482,8.09603353423536e-98,2.1629285762558,437.469896638979,2.16292850678844,0.179025617003548,12.0816704502439,1.32010264569557e-33,2.17396903879775e-31,"Positive_interaction"
"ENSG00000254682.3","ENSG00000254682","DHCR7-DT","lncRNA",0.420164084661986,0.01923217517205,3.1839080180739,1.72561933074126e-80,2.76374393341191,111.581530822207,2.76374377574212,0.229564479040119,12.0390741080598,2.214268707451e-33,3.60552607959325e-31,"Positive_interaction"
"ENSG00000104549.14","ENSG00000104549","SQLE","protein_coding",1.63343546275965,1.03974188789533e-31,3.91599261576814,8.31569606095739e-185,2.28255715300849,2821.92417428338,2.28255706816918,0.189684707516895,12.0334269327741,2.37110461072755e-33,3.81800533540707e-31,"Positive_interaction"
"ENSG00000130726.14","ENSG00000130726","TRIM28","protein_coding",-0.149657346158529,0.0307672700083656,0.90774434141539,7.10782995119616e-45,1.05740168757392,3237.9966613194,1.05740167925036,0.0880997557029531,12.002322490151,3.45464169417133e-33,5.44181167738379e-31,"Positive_interaction"
"ENSG00000013810.23","ENSG00000013810","TACC3","protein_coding",-0.459465880659086,8.71383661726954e-09,0.807117424380568,2.75814529312712e-26,1.26658330503965,653.330050578917,1.2665832908839,0.105741065135837,11.9781589986523,4.62479933101312e-33,7.1300629686215e-31,"Positive_interaction"
"ENSG00000172893.20","ENSG00000172893","DHCR7","protein_coding",1.13680041074643,1.21282655864228e-18,3.19128954870997,1.47767155387857e-143,2.05448913796354,2358.76402872387,2.05448907436538,0.174750774352518,11.7566808042918,6.52492687099925e-32,9.18050875869138e-30,"Positive_interaction"
"ENSG00000184203.10","ENSG00000184203","PPP1R2","protein_coding",-0.103496209651236,0.354552683489649,1.41042002624955,9.43450385275187e-52,1.51391623590079,1106.70898242705,1.51391621063971,0.12909459200475,11.7271853695003,9.24830192513135e-32,1.28625520295914e-29,"Positive_interaction"
"ENSG00000012660.16","ENSG00000012660","ELOVL5","protein_coding",0.764142097420482,7.43406563117729e-12,2.52746014693224,1.14129573507273e-118,1.76331804951176,1479.02547468799,1.76331800914368,0.150868288596551,11.687797518928,1.47153302386553e-31,1.97457931313512e-29,"Positive_interaction"
"ENSG00000143614.13","ENSG00000143614","GATAD2B","protein_coding",0.198048418676089,0.0114397526629213,1.3524046821123,2.6300395075741e-80,1.15435626343621,842.289287690939,1.15435625196064,0.0991362271315225,11.6441414542554,2.45784303245425e-31,3.26780378223184e-29,"Positive_interaction"
"ENSG00000047634.17","ENSG00000047634","SCML1","protein_coding",-0.161583275429223,0.343619872357021,2.16892740915948,2.13652556150103e-47,2.3305106845887,327.928603709971,2.3305105887625,0.202702763972936,11.4971820960155,1.36292654325796e-30,1.76352959507985e-28,"Positive_interaction"
"ENSG00000129757.17","ENSG00000129757","CDKN1C","protein_coding",1.18042023265034,2.42221260559158e-08,4.60390175226805,8.73479422557474e-93,3.42348151961771,199.854236723909,3.42348119978835,0.297865209687762,11.4933905956222,1.42410515967796e-30,1.8103624538643e-28,"Positive_interaction"
"ENSG00000139289.16","ENSG00000139289","PHLDA1","protein_coding",-0.209784412008526,0.106110434213663,1.58204270029743,3.57178552305565e-45,1.79182711230596,3270.51158937769,1.79182706793078,0.156875525069505,11.4219669839314,3.24798441812018e-30,3.98896527011845e-28,"Positive_interaction"
"ENSG00000178719.19","ENSG00000178719","GRINA","protein_coding",0.386039990433641,5.14008518368521e-05,1.77192642439337,4.4718904974266e-96,1.38588643395973,1744.73023213229,1.38588641236653,0.121600469984697,11.3970481573052,4.32537080847552e-30,5.22360614636894e-28,"Positive_interaction"
"ENSG00000116874.14","ENSG00000116874","WARS2","protein_coding",-0.20394010477153,0.0414021113069722,1.18509484698402,4.86451180636122e-43,1.38903495175555,417.782023191819,1.38903493083282,0.12194121978143,11.3910204713595,4.63528970983228e-30,5.5516213615611e-28,"Positive_interaction"
"ENSG00000001630.20","ENSG00000001630","CYP51A1","protein_coding",0.658380526586411,2.04791439383577e-05,2.99445034232801,9.98958703121553e-88,2.3360698157416,179.097806003244,2.3360697099677,0.206185602834899,11.3299361247754,9.32727362178881e-30,1.09008749457229e-27,"Positive_interaction"
"ENSG00000130707.20","ENSG00000130707","ASS1","protein_coding",0.261096377543193,0.00243139073035637,1.51132273781931,2.21296044723867e-76,1.25022636027612,5141.86070174822,1.25022634443474,0.112072122843633,11.1555515565552,6.72743260105063e-29,7.16867303341366e-27,"Positive_interaction"
"ENSG00000099194.8","ENSG00000099194","SCD","protein_coding",0.856078525472956,6.29489802061845e-17,2.39394149927851,5.3458459969615e-129,1.53786297380555,13519.9056196374,1.53786294432204,0.138393791115829,11.1122249916177,1.09399119135224e-28,1.13243716750547e-26,"Positive_interaction"
"ENSG00000152229.20","ENSG00000152229","PSTPIP2","protein_coding",-0.393579051301793,0.000267473605594103,1.36961056509851,9.39852327339791e-27,1.7631896164003,219.423493561611,1.76318956948968,0.159752241645261,11.0370255298511,2.53279216514267e-28,2.58487493360898e-26,"Positive_interaction"
"ENSG00000105514.10","ENSG00000105514","RAB3D","protein_coding",-0.857163313533932,3.192786697123e-25,0.341026064979534,8.73388510238947e-06,1.19818937851347,1001.63574075683,1.19818936428516,0.10862065669329,11.0309530503802,2.70978052089378e-28,2.74616358802745e-26,"Positive_interaction"
"ENSG00000142546.16","ENSG00000142546","NOSIP","protein_coding",-0.473885494307984,4.06240068153549e-06,1.11266605600934,8.3975042870716e-24,1.58655155031732,371.381399772884,1.58655151622995,0.144413595127135,10.9861645285766,4.45456187361818e-28,4.39153133826358e-26,"Positive_interaction"
"ENSG00000067064.14","ENSG00000067064","IDI1","protein_coding",1.66536166966714,4.16397522224567e-31,3.8096929857781,1.05406947977918e-158,2.14433131611096,1537.34759340842,2.14433123055282,0.197342923381135,10.8660153291203,1.67351174973897e-27,1.54474727880364e-25,"Positive_interaction"
"ENSG00000105939.16","ENSG00000105939","ZC3HAV1","protein_coding",0.15649029708667,0.121766015886899,1.47919983633513,2.96807242331394e-64,1.32270953924846,1109.34812746635,1.32270951935177,0.122049719442664,10.83746464467,2.28721964006963e-27,2.09787259644867e-25,"Positive_interaction"
"ENSG00000117519.18","ENSG00000117519","CNN3","protein_coding",-0.184929072226257,0.198794330122642,1.67365432420108,7.89071560370928e-41,1.85858339642734,1550.54042323014,1.85858334117073,0.172396866037643,10.7808418092989,4.23987683920205e-27,3.8164158480569e-25,"Positive_interaction"
"ENSG00000197989.16","ENSG00000197989","SNHG12","lncRNA",-0.170042572113873,0.518241889991374,2.70376206868268,1.29044113014057e-53,2.87380464079655,160.680392211338,2.87380440786505,0.269535843898396,10.6620491222991,1.53184603553444e-26,1.31358063591509e-24,"Positive_interaction"
"ENSG00000125733.20","ENSG00000125733","TRIP10","protein_coding",0.578358193922014,6.78636966870127e-05,2.59438436534313,5.79617048573788e-80,2.01602617142112,898.129348714084,2.01602609792717,0.190049174206919,10.6079182208505,2.73781033896283e-26,2.26721985327139e-24,"Positive_interaction"
"ENSG00000116350.20","ENSG00000116350","SRSF4","protein_coding",-0.0487110636490017,0.644066652858504,1.16361403314213,3.06892967677185e-44,1.21232509679113,1337.48939603712,1.21232508089453,0.11444377680043,10.5931935731954,3.20468326751611e-26,2.6238570572228e-24,"Positive_interaction"
"ENSG00000197183.16","ENSG00000197183","NOL4L","protein_coding",0.559161445772667,1.411685467069e-06,2.18481305032159,5.28298100562419e-86,1.62565160454892,1487.8832520134,1.62565156600029,0.153748433283125,10.5734512624703,3.95660369911131e-26,3.22129779817534e-24,"Positive_interaction"
"ENSG00000137312.17","ENSG00000137312","FLOT1","protein_coding",-0.104456880473971,0.371685883302644,1.27637094470456,1.08585915354624e-43,1.38082782517853,1499.95146499179,1.38082780077684,0.130951848376466,10.5445460900039,5.383216929673e-26,4.31014252733818e-24,"Positive_interaction"
"ENSG00000107438.11","ENSG00000107438","PDLIM1","protein_coding",-0.0765963928716706,0.557648180659214,1.45132794867282,2.48278597502072e-43,1.52792434154449,1279.02767156373,1.52792430938038,0.145083935888991,10.5313127881329,6.19642093235786e-26,4.93398528306209e-24,"Positive_interaction"
"ENSG00000156232.9","ENSG00000156232","WHAMM","protein_coding",0.261648775181605,0.0238005610206258,1.80782716413107,4.68549272674028e-64,1.54617838894946,251.575658639525,1.54617835474691,0.146958858348358,10.5211647132001,6.90151067027238e-26,5.43568981704279e-24,"Positive_interaction"
"ENSG00000163961.5","ENSG00000163961","RNF168","protein_coding",0.315208980721578,0.00181111795256603,1.64080070871848,5.019517498347e-77,1.3255917279969,478.149932262158,1.32559170550853,0.126396806358984,10.4875411309339,9.85599273328487e-26,7.63813083907831e-24,"Positive_interaction"
"ENSG00000090861.19","ENSG00000090861","AARS1","protein_coding",-0.0334036955918067,0.807048287693632,1.43980909671298,2.59838870379429e-45,1.47321279230479,5334.3077981711,1.47321276274219,0.141633930928981,10.4015524604828,2.43926248828087e-25,1.82215422578177e-23,"Positive_interaction"
"ENSG00000023330.17","ENSG00000023330","ALAS1","protein_coding",0.103983897672331,0.380573237120279,1.45541160610483,3.42386195316236e-57,1.3514277084325,869.696106002741,1.35142768382175,0.131354333913097,10.2884133592109,7.94751318198585e-25,5.7017505462049e-23,"Positive_interaction"
"ENSG00000119326.17","ENSG00000119326","CTNNAL1","protein_coding",-0.108216091478821,0.318550306885033,1.17770809839021,2.1120049407719e-39,1.28592418986903,1197.01809841017,1.28592416964477,0.12514879070992,10.2751625672947,9.11905669384947e-25,6.51001820725451e-23,"Positive_interaction"
"ENSG00000103510.21","ENSG00000103510","KAT8","protein_coding",-0.107213974327708,0.193769819872429,0.958825285861899,3.70841045618389e-34,1.06603926018961,456.048660601192,1.06603924853704,0.103845474098225,10.2656303300103,1.00661421694878e-24,7.15090844706946e-23,"Positive_interaction"
"ENSG00000184731.7","ENSG00000184731","FAM110C","protein_coding",0.0897845745608554,0.490554896590047,1.64552156870479,5.09641406779636e-48,1.55573699414393,402.706852389394,1.555736958329,0.151668589868486,10.2574762492221,1.09531958127688e-24,7.7055200834294e-23,"Positive_interaction"
"ENSG00000002834.21","ENSG00000002834","LASP1","protein_coding",0.0322633545566235,0.735675818142597,1.06331691403175,1.22173568220494e-48,1.03105355947513,4333.18445877948,1.03105354901771,0.100704758996909,10.2383795888868,1.33452701449732e-24,9.29806033369957e-23,"Positive_interaction"
"ENSG00000175866.18","ENSG00000175866","BAIAP2","protein_coding",-0.105667173093088,0.449279058085101,1.50504826174541,1.05581177043307e-39,1.6107154348385,387.546986773376,1.61071539439193,0.158089595492385,10.1886236685925,2.22897420521128e-24,1.50243228753125e-22,"Positive_interaction"
"ENSG00000154640.17","ENSG00000154640","BTG3","protein_coding",-0.0626039133947452,0.752000882350714,1.86190805590477,3.49055997719491e-53,1.92451196929952,424.556300284775,1.92451188731746,0.189647028422029,10.1478620747738,3.38701820528666e-24,2.25159026747772e-22,"Positive_interaction"
"ENSG00000235823.6","ENSG00000235823","OLMALINC","lncRNA",0.582497928032288,5.05498816756239e-06,2.27595483804403,6.29116440973552e-78,1.69345691001174,357.699106944062,1.69345686022761,0.168619961081761,10.0430390883941,9.8588948435588e-24,6.23908751409843e-22,"Positive_interaction"
"ENSG00000141854.11","ENSG00000141854","MISP3","protein_coding",-0.562268807879629,0.00884525350986182,2.32144728086352,3.33977377261178e-26,2.88371608874315,163.250625021247,2.88371584854249,0.288401274949669,9.99897052828822,1.539895174092e-23,9.53682088159883e-22,"Positive_interaction"
"ENSG00000164111.17","ENSG00000164111","ANXA5","protein_coding",-0.22295901508916,0.0277213264841455,1.01842957342291,4.43232230039601e-31,1.24138858851207,1318.52767735196,1.24138856902426,0.124233032093358,9.99241947255527,1.64516318701185e-23,1.01024173331253e-21,"Positive_interaction"
"ENSG00000220205.12","ENSG00000220205","VAMP2","protein_coding",-0.166781785568115,0.249084433687283,1.41880319602239,2.68103389491147e-41,1.5855849815905,257.215881979811,1.58558493823291,0.158676770943651,9.99254603432771,1.64306350629623e-23,1.01024173331253e-21,"Positive_interaction"
"ENSG00000164615.8","ENSG00000164615","CAMLG","protein_coding",0.658528506718153,1.7282694014022e-09,2.09702292417439,2.70047918339945e-92,1.43849441745624,802.282619729294,1.43849438627493,0.144509290489434,9.95433844705028,2.41423187959106e-23,1.45174474684787e-21,"Positive_interaction"
"ENSG00000159388.7","ENSG00000159388","BTG2","protein_coding",-0.359620762662852,0.00294837172622124,1.17508998305533,4.77736895762519e-26,1.53471074571818,367.892923725476,1.53471070904,0.154478856440179,9.93476223481953,2.93876199849954e-23,1.75985697860559e-21,"Positive_interaction"
"ENSG00000233016.10","ENSG00000233016","SNHG7","lncRNA",0.502306506576497,5.76419102599539e-08,1.75989964429973,8.85298920857509e-79,1.25759313772323,1106.54592867375,1.25759311755108,0.126593333928607,9.93411800229787,2.95781875444412e-23,1.76397981026355e-21,"Positive_interaction"
"ENSG00000196756.16","ENSG00000196756","SNHG17","lncRNA",-0.355521994037454,0.0133825768127551,1.41935424224698,8.0593280590345e-29,1.77487623628443,312.087161334375,1.77487617889297,0.179053024801013,9.91257299822465,3.67069031696634e-23,2.16242455583237e-21,"Positive_interaction"
"ENSG00000105011.11","ENSG00000105011","ASF1B","protein_coding",-0.3466167841196,0.000912130766506282,1.00740824606667,1.12115818796181e-23,1.35402503018627,708.235667467327,1.35402500471042,0.136894394342211,9.89101862948168,4.55370514433969e-23,2.63425544603118e-21,"Positive_interaction"
"ENSG00000156261.15","ENSG00000156261","CCT8","protein_coding",-0.0230716378272648,0.820562477419813,0.99329878677851,1.07927986154669e-42,1.01637042460577,1760.69234382639,1.01637041359834,0.102758907685414,9.89082539403645,4.56250425720277e-23,2.63425544603118e-21,"Positive_interaction"
"ENSG00000145386.13","ENSG00000145386","CCNA2","protein_coding",-0.189417573462238,0.178245743263313,1.48502301085958,1.48412999383268e-33,1.67444058432182,573.819197694271,1.67444053622375,0.1694503848143,9.88159771993884,5.00287920792486e-23,2.87705259846218e-21,"Positive_interaction"
"ENSG00000112514.20","ENSG00000112514","CUTA","protein_coding",-0.179599095243622,0.0722835242565767,0.993140666339554,2.32730571620384e-33,1.17273976158318,508.187233847242,1.17273974459479,0.118689040811743,9.8807753148407,5.04411154498807e-23,2.88929899248882e-21,"Positive_interaction"
"ENSG00000070669.19","ENSG00000070669","ASNS","protein_coding",-1.10340974092622,2.03618756523638e-08,1.25921355999873,7.09516921508492e-16,2.36262330092495,88.3885062813921,2.36262316311963,0.239224213958391,9.87618738097546,5.28038347977828e-23,2.98778078159425e-21,"Positive_interaction"
"ENSG00000196139.16","ENSG00000196139","AKR1C3","protein_coding",1.51438213442253,1.26888513637981e-47,2.92868224915684,8.1331372321691e-180,1.41430011473431,2014.71308407646,1.41430008443812,0.14343446875309,9.86025253715487,6.18935235047117e-23,3.47659280089256e-21,"Positive_interaction"
"ENSG00000014164.9","ENSG00000014164","ZC3H3","protein_coding",0.114016750208447,0.404121313984773,1.58171193974358,5.10603088185236e-54,1.46769518953513,348.032728953348,1.46769515454779,0.14899985609503,9.85031256413906,6.83311410789321e-23,3.80867267890724e-21,"Positive_interaction"
"ENSG00000115112.10","ENSG00000115112","TFCP2L1","protein_coding",-0.636836362024581,5.99857793203239e-06,1.57654839053515,3.83015519672641e-17,2.21338475255973,683.210131609309,2.21338462022777,0.224829326831453,9.84473267531989,7.22309910433328e-23,4.01061885900375e-21,"Positive_interaction"
"ENSG00000188895.14","ENSG00000188895","MSL1","protein_coding",0.698685644035854,4.48487868256441e-12,2.0276283823617,2.6703177638438e-97,1.32894273832585,2162.30657043708,1.3289427138011,0.13511023601539,9.83598839727975,7.87900864819525e-23,4.3415434726101e-21,"Positive_interaction"
"ENSG00000143590.16","ENSG00000143590","EFNA3","protein_coding",-0.422219879769992,0.0134134286283687,1.77903366595529,2.74890234394456e-26,2.20125354572528,255.128175146733,2.20125343478384,0.224154084775321,9.82026911082283,9.2097357392652e-23,5.03650906918609e-21,"Positive_interaction"
"ENSG00000126878.15","ENSG00000126878","AIF1L","protein_coding",-0.961172576846007,9.14738855024605e-07,1.08628408612443,2.36546577955762e-25,2.04745666297044,285.344532617151,2.04745654798255,0.209020776162939,9.79546907043579,1.17749602297246e-22,6.36726580780481e-21,"Positive_interaction"
"ENSG00000137285.12","ENSG00000137285","TUBB2B","protein_coding",-1.05720420291959,8.12864767156362e-05,2.03739721863986,7.24340410268066e-24,3.09460142155945,157.558469234934,3.09460109206886,0.316557231952328,9.77580285556357,1.43018864456574e-22,7.70494194685753e-21,"Positive_interaction"
"ENSG00000185838.16","ENSG00000185838","GNB1L","protein_coding",-0.0602335828049156,0.757611461700724,1.87196952388308,1.06086741744265e-40,1.932203106688,143.80567574738,1.93220302624057,0.200039799160844,9.65909301222085,4.49828754258952e-22,2.33652985903969e-20,"Positive_interaction"
"ENSG00000118194.24","ENSG00000118194","TNNT2","protein_coding",0.067698206200936,0.878655410075804,5.19345975451323,1.12892592627851e-32,5.12576154831229,44.0216636115446,5.12576006002468,0.531786383891468,9.63875762014771,5.48477443932381e-22,2.82866018415233e-20,"Positive_interaction"
"ENSG00000123983.17","ENSG00000123983","ACSL3","protein_coding",0.135966195423085,0.211849056646292,1.37601317942124,4.79315563126038e-50,1.24004698399815,2928.81142425253,1.24004696335876,0.128826064754844,9.62574589015483,6.22536089298553e-22,3.17668767820938e-20,"Positive_interaction"
"ENSG00000135334.11","ENSG00000135334","AKIRIN2","protein_coding",-0.223665916736743,0.00784678076249224,0.809809917462277,3.55035761190411e-25,1.03347583419902,1017.17279340565,1.0334758222507,0.107466519081839,9.61672371153731,6.79613728798151e-22,3.41977852699403e-20,"Positive_interaction"
"ENSG00000156515.27","ENSG00000156515","HK1","protein_coding",0.816694044666951,2.82915415073489e-20,1.99527989145839,7.50928923062307e-110,1.17858584679144,1239.81829590529,1.17858582902123,0.122567672528786,9.61579676520681,6.85763462485483e-22,3.43878342503101e-20,"Positive_interaction"
"ENSG00000164136.19","ENSG00000164136","IL15","protein_coding",-0.431137753240544,0.00527066594783773,1.8679426774281,5.88593309750588e-21,2.29908043066864,140.672979590605,2.29908029185201,0.239282392900407,9.60823010830105,7.38066989308072e-22,3.67562433300776e-20,"Positive_interaction"
"ENSG00000090621.17","ENSG00000090621","PABPC4","protein_coding",0.197765628080605,0.0812587073200131,1.54238705287923,1.14526830086142e-51,1.34462142479863,2616.78694131016,1.34462139826,0.140372115587583,9.57897793754521,9.80099941720689e-22,4.78235971562836e-20,"Positive_interaction"
"ENSG00000117650.15","ENSG00000117650","NEK2","protein_coding",-0.103147093248662,0.545029170099448,1.70267928280768,7.37465413715847e-36,1.80582637605634,902.377812574585,1.80582631165624,0.188724799630827,9.56856923514399,1.08395296837297e-21,5.2362154725537e-20,"Positive_interaction"
"ENSG00000183762.15","ENSG00000183762","KREMEN1","protein_coding",-0.232622136714499,0.0452636002095944,1.20386510985574,1.11995778613468e-26,1.43648724657024,568.999867060183,1.43648721365157,0.150213766187659,9.56295318404436,1.14443519460083e-21,5.49177312587921e-20,"Positive_interaction"
"ENSG00000113369.10","ENSG00000113369","ARRDC3","protein_coding",-1.86340211778428,4.12156033821025e-08,2.5004410498145,9.9472682899752e-14,4.36384316759878,200.514743058956,4.36384225614642,0.456734048775823,9.55444917637026,1.24243066976951e-21,5.91894069866574e-20,"Positive_interaction"
"ENSG00000183742.15","ENSG00000183742","MACC1","protein_coding",-0.232212783401136,0.00944948050390757,0.859005005538162,4.76094669874463e-25,1.0912177889393,1100.47194296195,1.09121777468632,0.11421774397395,9.55383758004541,1.24979012820295e-21,5.91894069866574e-20,"Positive_interaction"
"ENSG00000152795.20","ENSG00000152795","HNRNPDL","protein_coding",-0.719522223195439,9.2427378838535e-08,0.965572677310835,2.95551369673936e-14,1.68509490050627,1669.036146225,1.68509484773977,0.176740321705633,9.5342977283155,1.50903439134117e-21,7.05449238687622e-20,"Positive_interaction"
"ENSG00000135046.17","ENSG00000135046","ANXA1","protein_coding",-1.4373208370208,7.73120432303996e-24,0.390430706040955,0.00580461071412995,1.82775154306175,3076.78950555687,1.8277514753428,0.192293967082988,9.50498605374345,2.00074819788567e-21,9.23402639610161e-20,"Positive_interaction"
"ENSG00000171735.22","ENSG00000171735","CAMTA1","protein_coding",0.0224770208519875,0.912371312071561,1.70610480012311,2.94620232662453e-53,1.68362777927112,305.768023192413,1.68362771451168,0.177176244647372,9.50255897940801,2.04794650638731e-21,9.3920382185332e-20,"Positive_interaction"
"ENSG00000179335.22","ENSG00000179335","CLK3","protein_coding",0.362053309854637,0.0167509550572733,2.16374782148979,4.16094793126021e-57,1.80169451163515,691.324153845509,1.80169444574091,0.189720057782131,9.49659443921279,2.1686673765587e-21,9.88312189342413e-20,"Positive_interaction"
"ENSG00000186174.15","ENSG00000186174","BCL9L","protein_coding",0.551654333305247,1.00301468671857e-07,1.83742472304526,3.6450932150429e-81,1.28577038974001,1878.18712641987,1.28577036540468,0.135595838287117,9.48237336519228,2.4856409667326e-21,1.12217784703704e-19,"Positive_interaction"
"ENSG00000036257.16","ENSG00000036257","CUL3","protein_coding",0.059402742354754,0.540488360437165,1.06984177316921,2.280945150478e-44,1.01043903081446,2517.59166134005,1.01043901920732,0.106886695841981,9.45336565273872,3.28107389204694e-21,1.46757169270198e-19,"Positive_interaction"
"ENSG00000255717.10","ENSG00000255717","SNHG1","lncRNA",-0.35720337608876,0.0239208659278822,1.46802267463095,6.42080227565796e-27,1.82522605071971,1644.30332192963,1.82522598016441,0.1938017619581,9.418005087895,4.59739420964149e-21,2.03747513413225e-19,"Positive_interaction"
"ENSG00000169174.15","ENSG00000169174","PCSK9","protein_coding",1.19906611714353,2.73736414498051e-19,2.92708297015847,1.32448117306474e-105,1.72801685301494,1874.14756907732,1.72801679444046,0.184044115432579,9.38914450146323,6.04895586315801e-21,2.64040567376162e-19,"Positive_interaction"
"ENSG00000132823.13","ENSG00000132823","OSER1","protein_coding",0.615787717907026,3.76419707785292e-05,2.43054259158042,1.68455858228547e-69,1.81475487367339,1065.30787164541,1.81475480405571,0.19352883532773,9.3771804133608,6.77604955032451e-21,2.94007515219469e-19,"Positive_interaction"
"ENSG00000204590.15","ENSG00000204590","GNL1","protein_coding",-0.0631620643475948,0.689857508932933,1.45281541466443,4.85865696119927e-39,1.51597747901202,765.533888612572,1.51597743651685,0.161697140786048,9.3754127571293,6.89056303597989e-21,2.98083700052002e-19,"Positive_interaction"
"ENSG00000131149.21","ENSG00000131149","GSE1","protein_coding",-0.252448153018518,0.00930597899888765,0.927493432193537,2.18541867900849e-23,1.17994158521205,2216.5465520635,1.17994156595358,0.125963621534839,9.36732011652455,7.43974681778535e-21,3.20883365724242e-19,"Positive_interaction"
"ENSG00000196843.20","ENSG00000196843","ARID5A","protein_coding",-1.52913117641109,5.99927068938796e-20,0.702025961815155,0.000132544388672519,2.23115713822625,306.755919428667,2.23115700391763,0.238399268943185,9.35890874920996,8.05644465891229e-21,3.45426023659636e-19,"Positive_interaction"
"ENSG00000185049.18","ENSG00000185049","NELFA","protein_coding",0.261601205531343,0.0378813413488636,1.69940586914558,1.00522964732569e-54,1.43780466361424,513.421132591811,1.43780462823228,0.154205461298368,9.32395400348572,1.12083651993621e-20,4.72184966480104e-19,"Positive_interaction"
"ENSG00000140464.22","ENSG00000140464","PML","protein_coding",0.407186265298013,0.0101673641192973,2.26702670889801,1.81386177045862e-55,1.8598404436,479.379837436487,1.8598403675013,0.200702804372421,9.26663866664368,1.9210449976075e-20,7.93156242317033e-19,"Positive_interaction"
"ENSG00000173530.8","ENSG00000173530","TNFRSF10D","protein_coding",0.744235105262101,1.19490108933411e-12,2.00131656563039,4.68692571473934e-101,1.25708146036829,659.486933842055,1.25708143424037,0.135669748992651,9.2657460014057,1.93718352626455e-20,7.97547263142781e-19,"Positive_interaction"
"ENSG00000165417.14","ENSG00000165417","GTF2A1","protein_coding",-0.330205276576099,0.00131279231723293,0.886733633670446,1.02203853450189e-20,1.21693891024655,641.701696245208,1.21693888909268,0.131811292014867,9.23243274905017,2.64553813236635e-20,1.06794257978421e-18,"Positive_interaction"
"ENSG00000242247.13","ENSG00000242247","ARFGAP3","protein_coding",0.0700382757233122,0.711022046955516,1.63373014784133,1.79887673367608e-65,1.56369187211802,387.690743812905,1.56369180468439,0.170248286642897,9.1847726371796,4.12397585985732e-20,1.63738789482335e-18,"Positive_interaction"
"ENSG00000143376.16","ENSG00000143376","SNX27","protein_coding",0.469432122041069,1.01687701370512e-05,1.74492214537226,1.11456904077354e-68,1.27549002333119,725.019537895703,1.2754899981296,0.139020581303943,9.17482854816273,4.52293635870292e-20,1.78600527821043e-18,"Positive_interaction"
"ENSG00000130254.15","ENSG00000130254","SAFB2","protein_coding",0.0463572718227835,0.6832783145594,1.12633172189973,3.53723846223897e-42,1.07997445007695,428.690225535208,1.07997443458906,0.117913715492471,9.15902302016784,5.23692725638563e-20,2.05673576692522e-18,"Positive_interaction"
"ENSG00000106615.12","ENSG00000106615","RHEB","protein_coding",0.281490636967462,0.0138552773319267,1.5943002145667,1.2484529459667e-54,1.31280957759924,1247.85616434943,1.3128095502318,0.143368038873304,9.15691921678549,5.34000207585016e-20,2.09154892116812e-18,"Positive_interaction"
"ENSG00000156976.19","ENSG00000156976","EIF4A2","protein_coding",0.771116487715455,1.96307605517045e-09,2.32330012938541,1.88385469565815e-80,1.55218364166996,7975.56318897111,1.55218359627679,0.170698317155135,9.09313941780769,9.62197493101227e-20,3.69871779045702e-18,"Positive_interaction"
"ENSG00000125148.9","ENSG00000125148","MT2A","protein_coding",-0.735906758168591,0.142862426357068,5.2674742847526,1.59011108906801e-24,6.00338104292119,129.34108305229,6.00337841649434,0.661576349881279,9.07435463430889,1.14353151160542e-19,4.3382352529282e-18,"Positive_interaction"
"ENSG00000070404.12","ENSG00000070404","FSTL3","protein_coding",-0.210885327935616,0.0999108615759995,1.19011382321535,1.52050878353208e-26,1.40099915115097,435.1207147384,1.40099911716797,0.155439694994087,9.01313604109472,2.00246638855059e-19,7.46008814983938e-18,"Positive_interaction"
"ENSG00000166889.16","ENSG00000166889","PATL1","protein_coding",0.335421936598818,0.00236417163094443,1.58200546435326,6.6205996457826e-59,1.24658352775444,1954.68148881294,1.24658350266978,0.138659200294327,8.99026894734507,2.4662617703672e-19,9.00278729878123e-18,"Positive_interaction"
"ENSG00000204610.16","ENSG00000204610","TRIM15","protein_coding",0.0898549513910466,0.562428515426236,1.50948786124961,3.96155615336301e-47,1.41963290985856,395.549570639198,1.41963286863839,0.15864787170963,8.94832595823735,3.60913944403705e-19,1.29464477284616e-17,"Positive_interaction"
"ENSG00000121690.13","ENSG00000121690","DEPDC7","protein_coding",-0.356408753481561,0.0031784635383104,1.05757764014551,1.35627522290294e-19,1.41398639362707,184.496622307528,1.41398635830922,0.158026870256199,8.94775904893141,3.62771856103208e-19,1.29809623176486e-17,"Positive_interaction"
"ENSG00000047849.24","ENSG00000047849","MAP4","protein_coding",-0.158658656653144,0.0986094821892456,0.876002638385933,2.5038361907756e-26,1.03466129503908,3327.85694773055,1.03466128098609,0.115723042247537,8.9408406562014,3.86220939853525e-19,1.3785994729944e-17,"Positive_interaction"
"ENSG00000103089.11","ENSG00000103089","FA2H","protein_coding",0.504546553536245,0.00159578604656635,2.34296728593474,9.71343966735013e-56,1.8384207323985,358.628973106078,1.83842065257275,0.206230344088169,8.91440423426134,4.904459828963e-19,1.71679787056357e-17,"Positive_interaction"
"ENSG00000076924.14","ENSG00000076924","XAB2","protein_coding",0.557518367332783,4.1696008000694e-07,1.86182270138217,2.71824710012602e-69,1.30430433404939,785.684423606402,1.30430430579807,0.146368808346739,8.91108099143806,5.05373809576073e-19,1.76054741547511e-17,"Positive_interaction"
"ENSG00000148400.15","ENSG00000148400","NOTCH1","protein_coding",0.0231855451773984,0.901252511281334,1.69275925089353,2.09072142803058e-34,1.66957370571613,2708.27882328783,1.66957364575526,0.187860912427853,8.8872859403174,6.26197068503598e-19,2.16067807541765e-17,"Positive_interaction"
"ENSG00000147155.13","ENSG00000147155","EBP","protein_coding",0.775936770501026,4.24262074076303e-09,2.36209315553927,3.13367229370459e-73,1.58615638503824,515.940933287159,1.58615633375113,0.178677680146204,8.8771934606116,6.85684818101576e-19,2.34915942882459e-17,"Positive_interaction"
"ENSG00000137075.19","ENSG00000137075","RNF38","protein_coding",0.422910327992291,0.000708989331303835,1.84286611263598,1.81689047594261e-58,1.41995578464369,902.91391697275,1.41995574754944,0.160030091494042,8.87305465048933,7.1166387377321e-19,2.43241341007579e-17,"Positive_interaction"
"ENSG00000147383.13","ENSG00000147383","NSDHL","protein_coding",0.606538133238407,9.61427854731302e-07,2.12188212064529,5.20614795817351e-61,1.51534398740688,292.254175537827,1.51534394267503,0.17131069153703,8.84558884841978,9.10469059725131e-19,3.07564513136051e-17,"Positive_interaction"
"ENSG00000128245.17","ENSG00000128245","YWHAH","protein_coding",-0.189238611714063,0.111015033666309,1.0589458740198,2.39321112960699e-26,1.24818448573386,1266.13377116345,1.24818446019732,0.14126041005049,8.83605293054995,9.91598114278122e-19,3.33416238332217e-17,"Positive_interaction"
"ENSG00000157193.20","ENSG00000157193","LRP8","protein_coding",0.135776862327024,0.174430752244294,1.21374421339664,3.77501090025448e-41,1.07796735106962,339.411656319986,1.07796733484776,0.122558349809057,8.79554380853861,1.42356836121463e-18,4.72090450588614e-17,"Positive_interaction"
"ENSG00000178980.17","ENSG00000178980","SELENOW","protein_coding",0.445004064542581,0.000167001786711542,1.80844323228418,4.3227378746497e-58,1.3634391677416,450.578266604417,1.36343913453886,0.15502831077487,8.79477514606237,1.43334722956756e-18,4.74248129015823e-17,"Positive_interaction"
"ENSG00000165233.20","ENSG00000165233","CARD19","protein_coding",-0.0914304618355586,0.523399834245937,1.30710881955335,9.55838777057532e-30,1.39853928138891,325.640636711131,1.39853924559073,0.159673237602124,8.75875798971164,1.97413450754655e-18,6.48733725246363e-17,"Positive_interaction"
"ENSG00000135916.17","ENSG00000135916","ITM2C","protein_coding",-0.230149079333517,0.0150759605649639,0.792738604544189,7.75737315073578e-22,1.02288768387771,3012.31974105922,1.02288766942261,0.116825331544797,8.75570097595129,2.02838837233441e-18,6.65054395743671e-17,"Positive_interaction"
"ENSG00000234745.16","ENSG00000234745","HLA-B","protein_coding",0.972933400030393,1.0458234053753e-13,2.51901687031578,3.4014456544202e-86,1.54608347028539,3197.88605660189,1.54608342179015,0.177089622229629,8.73051397549075,2.53517873797029e-18,8.25613713947537e-17,"Positive_interaction"
"ENSG00000103485.21","ENSG00000103485","QPRT","protein_coding",1.2481277983778,1.74929603740385e-20,2.895484569001,3.96578460034142e-95,1.6473567706232,1901.21514979889,1.64735671173086,0.188895673846641,8.72098697754353,2.75787158022337e-18,8.94118007619622e-17,"Positive_interaction"
"ENSG00000130479.13","ENSG00000130479","MAP1S","protein_coding",-0.0163225291572355,0.912529865134747,1.2127107726026,5.69359853617002e-34,1.22903330175984,648.709580222102,1.22903327678012,0.141087623637242,8.71113457790002,3.00848230191323e-18,9.68865011540588e-17,"Positive_interaction"
"ENSG00000266028.10","ENSG00000266028","SRGAP2","protein_coding",-0.00861829016399147,0.968882610503374,1.61897000502569,9.56907157230183e-34,1.62758829518968,251.596882697687,1.62758823736871,0.186949743957388,8.70602014699572,3.147309250146e-18,1.00908862064416e-16,"Positive_interaction"
"ENSG00000141738.16","ENSG00000141738","GRB7","protein_coding",0.314274038576972,0.0106245124515143,1.66073320552141,1.33681958826949e-50,1.34645916694444,835.688493030237,1.34645913417551,0.154959096997154,8.68912610016202,3.65238077184916e-18,1.16330334386018e-16,"Positive_interaction"
"ENSG00000129484.16","ENSG00000129484","PARP2","protein_coding",-0.562114800296007,9.77247746313395e-06,0.83002710349156,1.22378180062138e-13,1.39214190378757,224.923849837506,1.39214186760466,0.160553453192455,8.67089333753474,4.28743195641625e-18,1.35367023774258e-16,"Positive_interaction"
"ENSG00000186591.15","ENSG00000186591","UBE2H","protein_coding",0.238553694789058,0.01771187930616,1.31171329150229,2.67481464083745e-51,1.07315959671323,2464.97282827031,1.07315957932415,0.123826457747392,8.6666419991874,4.45051565448078e-18,1.40210593184208e-16,"Positive_interaction"
"ENSG00000079459.16","ENSG00000079459","FDFT1","protein_coding",1.2135826163034,1.30263556559665e-19,2.77508505422428,2.59799832711163e-103,1.56150243792088,5414.31422503536,1.56150238590601,0.180442321926384,8.6537480189546,4.98351736443834e-18,1.55648994925518e-16,"Positive_interaction"
"ENSG00000151849.18","ENSG00000151849","CPAP","protein_coding",-0.0916777944748051,0.482747362105111,1.08830370452377,2.90489067404479e-33,1.17998149899858,305.773783360945,1.17998147475804,0.136584086366608,8.63923101254142,5.65926404732882e-18,1.75243706354464e-16,"Positive_interaction"
"ENSG00000103044.13","ENSG00000103044","HAS3","protein_coding",-1.06934873132599,1.53513297278604e-09,0.833328300808796,2.08248412689996e-08,1.90267703213479,165.441326502934,1.90267693820867,0.220300630481428,8.6367294276494,5.78451669294348e-18,1.78740332439524e-16,"Positive_interaction"
"ENSG00000117707.19","ENSG00000117707","PROX1","protein_coding",-0.861744776648304,1.11391691204667e-06,1.77487069125703,1.9876382120449e-11,2.63661546790533,443.447942176215,2.63661516957143,0.305890932843936,8.61946166582394,6.72696164517307e-18,2.0610386503562e-16,"Positive_interaction"
"ENSG00000204392.13","ENSG00000204392","LSM2","protein_coding",-0.0143627419238027,0.932373242722522,1.23504372800906,5.26345654640631e-39,1.24940646993286,348.337938513422,1.24940643957037,0.144997754282018,8.61672958837901,6.88935788587345e-18,2.10634123379911e-16,"Positive_interaction"
"ENSG00000145506.16","ENSG00000145506","NKD2","protein_coding",-0.378957905044014,4.27775145355065e-05,0.698333164278164,9.86313671801494e-14,1.07729106932218,526.721589440262,1.07729105200866,0.125201487023576,8.60445892152859,7.66776062026448e-18,2.32471102319818e-16,"Positive_interaction"
"ENSG00000124216.5","ENSG00000124216","SNAI1","protein_coding",1.02062418567054,1.86761103877859e-06,3.53525042765123,2.76924643911154e-59,2.51462624198069,122.019113002012,2.51462601293974,0.292447240498293,8.59856297038447,8.07204422579056e-18,2.4370846858366e-16,"Positive_interaction"
"ENSG00000250786.5","ENSG00000250786","SNHG18","lncRNA",1.27029106420831,6.18913613276129e-16,3.01312246087296,8.12632475927214e-105,1.74283139666465,349.154065637561,1.74283130891858,0.202851482131513,8.59166169556834,8.57204671662425e-18,2.57730500035931e-16,"Positive_interaction"
"ENSG00000165806.23","ENSG00000165806","CASP7","protein_coding",0.330502271532576,0.000334755386075267,1.39009481431329,3.90211003193233e-52,1.05959254278071,446.885860160528,1.05959252664842,0.123342341284963,8.59066331650381,8.64686666148247e-18,2.5944180467537e-16,"Positive_interaction"
"ENSG00000109929.12","ENSG00000109929","SC5D","protein_coding",1.10044768610223,2.21064482387992e-24,2.35422555761396,1.92444251414711e-112,1.25377787151173,1858.08054461256,1.2537778438223,0.146402528941977,8.56390837564839,1.09104552458141e-17,3.21370563866541e-16,"Positive_interaction"
"ENSG00000119899.15","ENSG00000119899","SLC17A5","protein_coding",1.13989711902362,4.58535401601845e-17,2.69500204044186,1.88562238615779e-96,1.55510492141824,524.046835762248,1.55510486592779,0.181889014309404,8.54974596367028,1.23359719155103e-17,3.59704034204376e-16,"Positive_interaction"
"ENSG00000171530.17","ENSG00000171530","TBCA","protein_coding",-0.20281480888952,0.0478241257539008,0.860151812690166,1.30831359627163e-22,1.06296662157969,511.614055677969,1.06296660494274,0.124361855924382,8.54736845990046,1.25926680929384e-17,3.65717326659046e-16,"Positive_interaction"
"ENSG00000181222.19","ENSG00000181222","POLR2A","protein_coding",0.411748369607347,0.000977186219337558,1.77991031578411,2.16500236555671e-54,1.36816194617676,2263.18400661667,1.3681619107392,0.160113478756953,8.54495150165354,1.28590264138831e-17,3.72706021579989e-16,"Positive_interaction"
"ENSG00000006634.10","ENSG00000006634","DBF4","protein_coding",0.124464208272721,0.351894573088928,1.41545551469452,5.13149075412154e-40,1.2909913064218,559.346203334066,1.2909912760484,0.151203491331176,8.53810493846858,1.36440984624103e-17,3.94671207419661e-16,"Positive_interaction"
"ENSG00000118418.18","ENSG00000118418","HMGN3","protein_coding",-1.2667781043588,6.05662108167722e-12,0.716150811279678,7.04875897057291e-06,1.98292891563848,101.891727887293,1.98292880862555,0.232428614450271,8.53134547704239,1.44655337137087e-17,4.16768418646255e-16,"Positive_interaction"
"ENSG00000168288.15","ENSG00000168288","MMADHC","protein_coding",0.247877535715494,0.0608109351449203,1.62925787303602,8.18110634472739e-45,1.38138033732053,1682.23501407573,1.38138030064223,0.162097045363022,8.5219338671385,1.56910983222911e-17,4.51181343029051e-16,"Positive_interaction"
"ENSG00000176597.14","ENSG00000176597","B3GNT5","protein_coding",0.274163161485173,0.0493280341910482,1.7063906842709,2.02348047578398e-47,1.43222752278573,1108.12958512898,1.43222747985021,0.168357166226637,8.50707761332948,1.7837213587009e-17,5.10863437357577e-16,"Positive_interaction"
"ENSG00000105287.15","ENSG00000105287","PRKD2","protein_coding",0.301372575396546,0.0121138809966788,1.59621962280173,8.97507616427961e-48,1.29484704740518,805.702968147973,1.29484701722428,0.152245040647291,8.50501935379344,1.81565302403678e-17,5.18983108961362e-16,"Positive_interaction"
"ENSG00000141458.15","ENSG00000141458","NPC1","protein_coding",1.18524602460851,1.01584405697965e-24,2.51098929883496,1.90753289560611e-113,1.32574327422645,1235.27717960554,1.32574324022321,0.156029146269554,8.49676661008498,1.94944851242047e-17,5.5503748216105e-16,"Positive_interaction"
"ENSG00000105339.13","ENSG00000105339","DENND3","protein_coding",0.240505602567871,0.045892426315495,1.47604106258298,1.77848397442874e-47,1.23553546001511,247.525004018965,1.23553543227803,0.145587389502458,8.48655530194234,2.12852392162707e-17,6.02472044379286e-16,"Positive_interaction"
"ENSG00000163931.19","ENSG00000163931","TKT","protein_coding",1.45942567335991,1.1222405266222e-13,3.69396837725378,5.98228525747363e-85,2.23454270389387,9587.40389544514,2.2345425480289,0.263759071351145,8.47190785356547,2.41406074543306e-17,6.80633624957509e-16,"Positive_interaction"
"ENSG00000196976.9","ENSG00000196976","LAGE3","protein_coding",-0.664048453137232,1.41495875195582e-05,1.30307181875283,5.82187757523004e-12,1.96712027189006,121.784095357904,1.96712015773127,0.232470579627039,8.46180261126892,2.63275869183264e-17,7.37987213965931e-16,"Positive_interaction"
"ENSG00000144645.18","ENSG00000144645","OSBPL10","protein_coding",0.295678027153313,0.0186096756449576,1.61921846078731,1.07968035887758e-47,1.323540433634,724.227588847782,1.32354040050495,0.15654161029023,8.45487917270746,2.79376496735673e-17,7.81606986620342e-16,"Positive_interaction"
"ENSG00000124225.17","ENSG00000124225","PMEPA1","protein_coding",-0.164743872615729,0.155092178616715,1.18831943690153,3.27669709527549e-20,1.35306330951726,2463.98346481708,1.35306326413307,0.160043851204084,8.45432832285241,2.80698457098195e-17,7.83792300629487e-16,"Positive_interaction"
"ENSG00000108602.20","ENSG00000108602","ALDH3A1","protein_coding",-0.774570885272761,8.04281434327676e-05,1.18833242969074,1.84194240765766e-15,1.9629033149635,369.033575449622,1.96290319696108,0.232298512644117,8.44991719756839,2.91509493366509e-17,8.10855197287418e-16,"Positive_interaction"
"ENSG00000115310.21","ENSG00000115310","RTN4","protein_coding",-0.0912318749209326,0.471158797348031,1.10974551906368,2.89059290007859e-27,1.20097739398461,3988.8874799225,1.2009773696512,0.142324611310161,8.43829720380521,3.21994032235551e-17,8.88826193363353e-16,"Positive_interaction"
"ENSG00000135643.6","ENSG00000135643","KCNMB4","protein_coding",0.12620633384768,0.601162529453848,2.36213164106636,2.25646083745443e-34,2.23592530721868,112.165953678591,2.23592514675909,0.265059399114298,8.43556257288172,3.29613416139158e-17,9.06405621762557e-16,"Positive_interaction"
"ENSG00000137814.14","ENSG00000137814","HAUS2","protein_coding",-0.224696161711936,0.0695584142499981,1.04112378701927,2.36183636440091e-22,1.26581994873121,500.322993929754,1.2658199199337,0.150237493229192,8.42545953560776,3.5933715211507e-17,9.84407184962495e-16,"Positive_interaction"
"ENSG00000054967.15","ENSG00000054967","RELT","protein_coding",0.0958046291324996,0.693168754833238,2.08296674104052,5.44850949551587e-43,1.98716211190802,111.552668291436,1.98716198236701,0.235991779044423,8.4204712147746,3.74973045757738e-17,1.02337276442959e-15,"Positive_interaction"
"ENSG00000196235.16","ENSG00000196235","SUPT5H","protein_coding",0.526291791456854,9.79128667672706e-08,1.61634005878437,7.87432113647069e-69,1.09004826732752,1941.7875463769,1.090048248589,0.129475614756486,8.41894630613746,3.79885450566917e-17,1.03483081759695e-15,"Positive_interaction"
"ENSG00000131375.12","ENSG00000131375","CAPN7","protein_coding",-0.204099564500596,0.058541941540593,0.913765501858094,1.95778313527837e-21,1.11786506635869,819.915514901509,1.11786504655329,0.133083411260096,8.39973243824167,4.47497096955963e-17,1.20541411321298e-15,"Positive_interaction"
"ENSG00000180263.16","ENSG00000180263","FGD6","protein_coding",0.377302957829131,0.000152957662314951,1.45124973568055,3.12622822149881e-57,1.07394677785142,410.81687147003,1.0739467594852,0.128020215127779,8.38888419624415,4.90777835829159e-17,1.30982548744681e-15,"Positive_interaction"
"ENSG00000119953.16","ENSG00000119953","SMNDC1","protein_coding",0.182579371399938,0.300704250420007,1.89077562637912,1.8495620684582e-38,1.70819625497918,630.836870873632,1.70819618294848,0.203893016622489,8.37790431102028,5.38784195860154e-17,1.43004772278486e-15,"Positive_interaction"
"ENSG00000151746.17","ENSG00000151746","BICD1","protein_coding",-0.0851732319559333,0.605565099248025,1.42222884484949,2.47726136923205e-27,1.50740207680542,238.574319332649,1.50740202760143,0.180353417569661,8.35804526420578,6.37659818193551e-17,1.67408805892408e-15,"Positive_interaction"
"ENSG00000185885.19","ENSG00000185885","IFITM1","protein_coding",0.706370995283218,2.7770784007747e-08,2.0264028930164,2.53265995999761e-82,1.32003189773318,259.717263318699,1.32003185692607,0.158089897672376,8.34988115218906,6.83316889184504e-17,1.78747804297145e-15,"Positive_interaction"
"ENSG00000158195.13","ENSG00000158195","WASF2","protein_coding",0.11973409999995,0.357170945734274,1.37364331128264,1.2521833918226e-36,1.25390921128269,2549.90169551676,1.25390918298285,0.150208212209693,8.34780711744557,6.95420200977329e-17,1.81586118064206e-15,"Positive_interaction"
"ENSG00000248275.5","ENSG00000248275","TRIM52-AS1","lncRNA",0.26755781199001,0.142152928003147,1.89292926439443,3.36503366064855e-55,1.62537145240442,119.62875416174,1.62537137356626,0.195443567181119,8.31632064953062,9.07361305651122e-17,2.33146809246384e-15,"Positive_interaction"
"ENSG00000055118.20","ENSG00000055118","KCNH2","protein_coding",-0.223838793704963,0.467073726423426,2.37883955108234,4.52105001733317e-33,2.6026783447873,282.063816393726,2.60267804533682,0.31297967792234,8.31580523890317,9.11313725780994e-17,2.33747938301206e-15,"Positive_interaction"
"ENSG00000182827.11","ENSG00000182827","ACBD3","protein_coding",0.617750948264523,2.24686474021473e-06,2.0480540174562,2.14572366094574e-61,1.43030306919168,1322.06577434962,1.4303030265542,0.172036151852397,8.31396779777641,9.25542762636548e-17,2.36978192864467e-15,"Positive_interaction"
"ENSG00000164823.13","ENSG00000164823","OSGIN2","protein_coding",0.516522117410254,0.00227978362912317,2.25217382709386,1.9258623783223e-54,1.73565170968361,646.807519244191,1.73565162637649,0.209329476746366,8.29148218088506,1.11845890485687e-16,2.82874458100973e-15,"Positive_interaction"
"ENSG00000154359.15","ENSG00000154359","LONRF1","protein_coding",0.135602390957872,0.281492238689099,1.27272797500309,7.42905275617649e-44,1.13712558404522,407.321975223959,1.13712555945653,0.137515968235938,8.26904376301629,1.35037698116994e-16,3.35671753192364e-15,"Positive_interaction"
"ENSG00000147316.17","ENSG00000147316","MCPH1","protein_coding",-0.448507164849228,0.00101979462132922,0.870709681431861,3.40048546045195e-17,1.31921684628109,290.16077192213,1.31921680883698,0.16009004726672,8.24046735796814,1.71539261991084e-16,4.20634007576106e-15,"Positive_interaction"
"ENSG00000099917.19","ENSG00000099917","MED15","protein_coding",0.538191080974746,7.58228587847543e-05,1.9765315102367,1.73666620450096e-57,1.43834042926195,724.589404259652,1.43834038358828,0.174581987310134,8.23876738803047,1.73993843881303e-16,4.25932227285108e-15,"Positive_interaction"
"ENSG00000138468.18","ENSG00000138468","SENP7","protein_coding",-0.43492639662151,0.0548289672781052,1.37999163282487,4.6671961138685e-43,1.81491802944638,222.413824509365,1.81491789258787,0.220969960096804,8.21341458265539,2.14985674597639e-16,5.1926206604483e-15,"Positive_interaction"
"ENSG00000110330.12","ENSG00000110330","BIRC2","protein_coding",-0.0398728977438786,0.753182064972813,1.00518312190332,7.64535974504003e-31,1.0450560196472,655.774267647376,1.04505600133139,0.12729627975947,8.20963506008231,2.21861779424847e-16,5.34978520370197e-15,"Positive_interaction"
"ENSG00000100941.11","ENSG00000100941","PNN","protein_coding",-0.0872668353246478,0.488992206610957,1.05277639864688,1.13867212068237e-26,1.14004323397153,993.735034064261,1.14004321151184,0.138980524460362,8.20289904602414,2.34658249481772e-16,5.63024395942027e-15,"Positive_interaction"
"ENSG00000122550.20","ENSG00000122550","KLHL7","protein_coding",0.235781081201969,0.0655650659615443,1.49524722514458,1.81715117878061e-43,1.25946614394261,297.856625604237,1.2594661125636,0.153991460929946,8.17880488280167,2.86672867081601e-16,6.82177863669386e-15,"Positive_interaction"
"ENSG00000143369.17","ENSG00000143369","ECM1","protein_coding",0.0778810425084941,0.782307577188961,2.33834176020908,6.14712641864631e-36,2.26046071770059,142.676728810092,2.26046052556217,0.277607027183368,8.14266320451992,3.86676760977399e-16,9.05285883697005e-15,"Positive_interaction"
"ENSG00000119718.13","ENSG00000119718","EIF2B2","protein_coding",-0.0936980628174649,0.45572911030807,1.05509360140788,2.91455093234877e-25,1.14879166422534,337.002721042223,1.1487916411937,0.14123963763253,8.13363486659861,4.16606122691048e-16,9.72215125610091e-15,"Positive_interaction"
"ENSG00000175550.9","ENSG00000175550","DRAP1","protein_coding",-0.299582797116186,0.029071442163281,1.03720863223905,6.55504966986161e-20,1.33679142935524,578.802651010357,1.33679139139683,0.164390022984604,8.13182799738419,4.22864552115218e-16,9.8523361563565e-15,"Positive_interaction"
"ENSG00000115267.11","ENSG00000115267","IFIH1","protein_coding",-0.159775811118876,0.225076253657352,1.05414540916728,1.81952817211603e-24,1.21392122028616,270.384991749016,1.21392119220635,0.149412219461521,8.12464466816238,4.48674886004304e-16,1.04201866153436e-14,"Positive_interaction"
"ENSG00000180628.17","ENSG00000180628","PCGF5","protein_coding",0.0740824278650294,0.561379793852221,1.20989128593596,3.60953868690738e-33,1.13580885807093,1163.15721719855,1.13580883564917,0.140214375843249,8.10051629027635,5.47264346126736e-16,1.25489792785896e-14,"Positive_interaction"
"ENSG00000196705.10","ENSG00000196705","ZNF431","protein_coding",-0.529464269526331,4.10099537176704e-05,0.750375344095234,2.59275147456333e-12,1.27983961362157,209.971579710736,1.27983958061435,0.158407705003471,8.07940232822835,6.5084965939083e-16,1.48537216754203e-14,"Positive_interaction"
"ENSG00000182481.12","ENSG00000182481","KPNA2","protein_coding",-0.0228546734181939,0.884959039359947,1.24922007503312,4.90667127822117e-28,1.27207474845131,1877.90406764383,1.27207471685414,0.157580475362735,8.07254016670495,6.88505110683181e-16,1.56637614819791e-14,"Positive_interaction"
"ENSG00000171345.15","ENSG00000171345","KRT19","protein_coding",-0.181861274179258,0.278385714221959,1.39821421315834,3.92796438383148e-23,1.5800754873376,5811.11905054823,1.58007542675327,0.195760019620781,8.07149197172198,6.94442894028875e-16,1.57740852982233e-14,"Positive_interaction"
"ENSG00000167757.16","ENSG00000167757","KLK11","protein_coding",-0.918782050586165,2.80663869349694e-08,0.916930762607726,1.0957093499318e-07,1.83571281319389,184.971766696288,1.83571271541916,0.2281127673019,8.04739137195969,8.45773822613658e-16,1.90621372275539e-14,"Positive_interaction"
"ENSG00000067606.19","ENSG00000067606","PRKCZ","protein_coding",0.330388661818925,0.0231181647177772,1.79721380658822,1.06661221338736e-42,1.46682514476929,490.671668206813,1.46682509539532,0.182287862201901,8.04675131781773,8.50206948736588e-16,1.9132296740824e-14,"Positive_interaction"
"ENSG00000135250.19","ENSG00000135250","SRPK2","protein_coding",0.356444317088134,0.00131279231723293,1.4601036186929,8.38108746929093e-54,1.10365930160477,891.077889647121,1.10365927854251,0.137175790538138,8.04558351158664,8.5835444443816e-16,1.92856939671284e-14,"Positive_interaction"
"ENSG00000107341.7","ENSG00000107341","UBE2R2","protein_coding",0.379255766743713,0.00226366892332548,1.65433952734414,9.92892753515626e-48,1.27508376060043,1956.69009428413,1.27508372826123,0.158762129684963,8.0314098254503,9.63588850973011e-16,2.15166866383681e-14,"Positive_interaction"
"ENSG00000146757.15","ENSG00000146757","ZNF92","protein_coding",0.0612098720332438,0.696613907260659,1.32801441068295,1.26324726304012e-35,1.26680453864971,368.473041701745,1.26680450369786,0.157882107600769,8.02373697025371,1.02575820228648e-15,2.27646062289979e-14,"Positive_interaction"
"ENSG00000129355.8","ENSG00000129355","CDKN2D","protein_coding",0.367143489552684,0.0332318816711292,2.22078894852124,8.64858467999785e-36,1.85364545896856,127.29238580735,1.85364535928879,0.231442533105989,8.00909553837244,1.15555116348454e-15,2.53731022139667e-14,"Positive_interaction"
"ENSG00000110492.19","ENSG00000110492","MDK","protein_coding",-0.48790447959785,0.00299010684076192,1.11347818609186,6.2089203495171e-16,1.60138266568971,786.103649746682,1.60138259709131,0.200386433025716,7.99147214165844,1.33336850572491e-15,2.90574080976924e-14,"Positive_interaction"
"ENSG00000165905.20","ENSG00000165905","LARGE2","protein_coding",-0.350643581662875,0.00877123885472808,0.913351835862865,6.91170183187405e-18,1.26399541752574,497.415098697205,1.26399538275845,0.158389490651633,7.98029829856911,1.45980065853562e-15,3.16698071010452e-14,"Positive_interaction"
"ENSG00000001617.14","ENSG00000001617","SEMA3F","protein_coding",0.0236720075559249,0.877283765851394,1.34780191876119,5.79602264104491e-26,1.32412991120527,435.751368704203,1.32412987333113,0.166269502146667,7.96375676979602,1.66893162856621e-15,3.58845061738597e-14,"Positive_interaction"
"ENSG00000114737.18","ENSG00000114737","CISH","protein_coding",-0.596816391176219,0.00123568771218919,1.37845793804372,1.90210818411264e-13,1.97527432921994,108.374930475975,1.97527420664998,0.248240838616621,7.95708803457823,1.76135394013778e-15,3.77596764799951e-14,"Positive_interaction"
"ENSG00000069966.19","ENSG00000069966","GNB5","protein_coding",-0.32260139615869,0.0405885318594712,1.14744724952772,6.45945580440286e-20,1.47004864568641,136.965773112289,1.47004859337509,0.185009550679492,7.94579840865501,1.92943982477956e-15,4.11197675598608e-14,"Positive_interaction"
"ENSG00000184205.16","ENSG00000184205","TSPYL2","protein_coding",0.472543640014055,0.00452972504428639,2.16336143435369,5.41123206136414e-45,1.69081779433963,126.997940960974,1.69081771341834,0.212850222307521,7.94369719274003,1.96242320634796e-15,4.17612879682742e-14,"Positive_interaction"
"ENSG00000100060.20","ENSG00000100060","MFNG","protein_coding",-1.00732450757445,0.000317227822141635,2.04910169813264,3.58202990353652e-12,3.05642620570709,29.2139409529804,3.0564257532656,0.384830578736603,7.94226322476719,1.98525076391942e-15,4.21851232708509e-14,"Positive_interaction"
"ENSG00000006652.16","ENSG00000006652","IFRD1","protein_coding",-0.272980298679001,0.0903004924448647,1.20684339587389,1.62287982672106e-21,1.47982369455289,437.452708760926,1.47982363923471,0.186357529240654,7.94077730727871,2.00918119948404e-15,4.26311185108679e-14,"Positive_interaction"
"ENSG00000168488.21","ENSG00000168488","ATXN2L","protein_coding",0.434448522065024,0.000102466106789884,1.59423247560105,1.86399561701831e-51,1.15978395353603,2425.44985831039,1.15978392873935,0.146196718754764,7.93303665511685,2.13851278531354e-15,4.51768619311426e-14,"Positive_interaction"
"ENSG00000138175.11","ENSG00000138175","ARL3","protein_coding",-0.402416545077072,0.00151648778187034,0.966296323853003,2.17082879728107e-13,1.36871286893007,143.740080172247,1.36871282751558,0.172556156782623,7.93198488559184,2.15670690309927e-15,4.54949002033691e-14,"Positive_interaction"
"ENSG00000183077.18","ENSG00000183077","AFMID","protein_coding",-0.0103751522089474,0.947324814236444,1.12700154346899,6.15043287547951e-28,1.13737669567794,271.182083347536,1.13737667197538,0.143577966709521,7.92166582409163,2.3434944925236e-15,4.92089923951855e-14,"Positive_interaction"
"ENSG00000206077.15","ENSG00000206077","ZDHHC11B","protein_coding",-1.05855263251319,5.63019673789591e-06,1.45078278382391,1.16234250927794e-09,2.5093354163371,39.9449169280278,2.50933516312356,0.316950551898588,7.91711876850257,2.43077533017702e-15,5.08323175828648e-14,"Positive_interaction"
"ENSG00000112655.18","ENSG00000112655","PTK7","protein_coding",-0.602607519646855,6.13232422330227e-11,0.397811494953964,2.98345120848407e-05,1.00041901460082,2660.27406091531,1.00041899744953,0.126483323301541,7.90949329394588,2.58438622047857e-15,5.38891008736338e-14,"Positive_interaction"
"ENSG00000169155.12","ENSG00000169155","ZBTB43","protein_coding",0.288372251063164,0.0670719475324075,1.82585956768768,4.74679698890578e-38,1.53748731662452,362.3663363855,1.53748725754238,0.195198948103473,7.87651405133277,3.36641080588199e-15,6.93969066839855e-14,"Positive_interaction"
"ENSG00000167508.14","ENSG00000167508","MVD","protein_coding",1.50629860069542,1.61903633802532e-21,3.20199472320061,1.76229691620586e-94,1.69569612250519,459.35031242648,1.69569603835993,0.215561406563953,7.86641758090794,3.64940964751413e-15,7.4911111348123e-14,"Positive_interaction"
"ENSG00000117625.16","ENSG00000117625","RCOR3","protein_coding",-0.00680127166065468,0.974272825182796,1.33259255691522,5.73532184601376e-28,1.33939382857587,357.069371730201,1.33939378899827,0.170559396048168,7.85294636374068,4.06375488437231e-15,8.30633791034183e-14,"Positive_interaction"
"ENSG00000130956.16","ENSG00000130956","HABP4","protein_coding",0.934115310568647,1.76765510894878e-08,2.65509103027956,1.41210474679098e-63,1.72097571971091,524.02977318904,1.7209756339434,0.219722713746849,7.83248852426883,4.78306866277274e-15,9.6945777707556e-14,"Positive_interaction"
"ENSG00000204520.16","ENSG00000204520","MICA","protein_coding",1.15468199801185,5.98461754814727e-08,3.33903080203513,2.43851649668141e-63,2.18434880402328,199.047432776197,2.18434861615337,0.279319535544638,7.82025006555365,5.27185048123838e-15,1.05963463486972e-13,"Positive_interaction"
"ENSG00000099622.16","ENSG00000099622","CIRBP","protein_coding",-1.10716323702322,1.02953445906969e-28,-0.0588789225886574,0.580580257689798,1.04828431443456,649.001114564199,1.04828429545739,0.134100431865661,7.81715823635484,5.40291694909003e-15,1.08447468734367e-13,"Positive_interaction"
"ENSG00000125534.13","ENSG00000125534","PPDPF","protein_coding",-0.349164076366306,0.00649991388679933,0.91165741915802,4.76861763258404e-15,1.26082149552433,2833.11856163251,1.26082146233876,0.161801416075967,7.79240066568265,6.57478558359643e-15,1.30702047568559e-13,"Positive_interaction"
"ENSG00000102886.16","ENSG00000102886","GDPD3","protein_coding",-0.22523422450069,0.134586721568652,1.93211922391138,1.57923584722313e-14,2.15735344841207,283.910494711589,2.15735324098817,0.27713282157478,7.78454615634924,6.99638987009871e-15,1.38702711350849e-13,"Positive_interaction"
"ENSG00000184254.20","ENSG00000184254","ALDH1A3","protein_coding",-0.826281023704794,0.00841194219085776,2.49799243917026,3.55967629231828e-14,3.32427346287505,30.9162688765006,3.32427285659479,0.427111929375483,7.78314214134805,7.07450713234898e-15,1.39868700357437e-13,"Positive_interaction"
"ENSG00000011426.13","ENSG00000011426","ANLN","protein_coding",0.246413935626794,0.0301499196488644,1.34639333816985,4.0850376825031e-40,1.09997940254306,1722.36714127909,1.09997938040662,0.141437233209776,7.77715567141471,7.4173311828825e-15,1.45850696746721e-13,"Positive_interaction"
"ENSG00000104881.18","ENSG00000104881","PPP1R13L","protein_coding",0.534654513482985,4.4112685214288e-06,1.68237756743262,2.21576742514221e-60,1.14772305394964,791.783923886764,1.14772302625154,0.147895574223639,7.76036086459229,8.46880669837992e-15,1.65627458398005e-13,"Positive_interaction"
"ENSG00000134590.14","ENSG00000134590","RTL8C","protein_coding",0.272302427062528,0.0443458170293857,1.56439973992903,5.3145426484486e-39,1.2920973128665,208.518954788472,1.29209727557517,0.167138920607352,7.73067859287307,1.06974797867329e-14,2.0697980917134e-13,"Positive_interaction"
"ENSG00000161011.22","ENSG00000161011","SQSTM1","protein_coding",0.872348151181363,7.7374425709145e-11,2.25345253844652,2.78232732979515e-69,1.38110438726516,10149.188587378,1.38110434291238,0.178732675230859,7.72720679712589,1.09931985611131e-14,2.12417911396868e-13,"Positive_interaction"
"ENSG00000142227.14","ENSG00000142227","EMP3","protein_coding",0.151406458865863,0.601980616412277,2.37491496500244,2.6766940151154e-37,2.22350850613658,58.6588873409073,2.22350828985782,0.28794488872882,7.7219925648754,1.14525075889656e-14,2.20704441461821e-13,"Positive_interaction"
"ENSG00000178177.19","ENSG00000178177","LCORL","protein_coding",0.484697809151155,9.44534782115811e-05,1.72009210096913,2.19391871376145e-51,1.23539429181797,254.763756532743,1.23539425837795,0.160080218383624,7.71734490902171,1.18777919577606e-14,2.28596229816556e-13,"Positive_interaction"
"ENSG00000163516.16","ENSG00000163516","ANKZF1","protein_coding",0.101198511837687,0.426991215556986,1.17465068637583,6.41265268460796e-34,1.07345217453814,430.41206788425,1.07345215242218,0.139477951132739,7.69621394424265,1.40157065201651e-14,2.67609511054324e-13,"Positive_interaction"
"ENSG00000178764.10","ENSG00000178764","ZHX2","protein_coding",0.229820458780635,0.0383985133703463,1.28926016928196,1.45355539777232e-38,1.05943971050133,279.375655249665,1.05943968990718,0.137923353511975,7.68136550432122,1.57401677805432e-14,2.98960041252467e-13,"Positive_interaction"
"ENSG00000272734.2","ENSG00000272734","ADIRF-AS1","lncRNA",-0.469188199035254,0.041299593089647,1.83194727628744,6.51587371053521e-16,2.30113547532269,67.9294151104873,2.30113526876518,0.299635582547003,7.6797797150951,1.59362385239686e-14,3.02287917132661e-13,"Positive_interaction"
"ENSG00000105612.12","ENSG00000105612","DNASE2","protein_coding",0.247440175802233,0.0220373346233296,1.25178604819112,2.15796004028706e-43,1.00434587238889,580.61039212519,1.00434585386931,0.13079048595894,7.67904367435872,1.60280589289039e-14,3.03632196075392e-13,"Positive_interaction"
"ENSG00000213085.11","ENSG00000213085","CFAP45","protein_coding",0.236229484181621,0.700683585956714,5.75336245677333,1.38906023875143e-24,5.51713297259171,24.8312269345582,5.51712977175251,0.719713924583307,7.6657260382266,1.7782239501642e-14,3.35547154762755e-13,"Positive_interaction"
"ENSG00000159147.20","ENSG00000159147","DONSON","protein_coding",-0.404516473077941,0.0601944746663982,1.56691485161999,3.41359053126509e-18,1.97143132469793,180.8698349797,1.97143119120686,0.257363816846162,7.66009462932885,1.85796133017793e-14,3.49229255472614e-13,"Positive_interaction"
"ENSG00000124813.25","ENSG00000124813","RUNX2","protein_coding",0.0776995873882887,0.518941293082217,1.08478232865878,7.20014915045761e-31,1.00708274127049,363.970861946902,1.00708272331414,0.132185360328656,7.61871602732862,2.56211416147004e-14,4.71793626785564e-13,"Positive_interaction"
"ENSG00000105245.11","ENSG00000105245","NUMBL","protein_coding",-0.397524801801846,0.0420815625633683,1.14145527591314,1.89506968363505e-25,1.53898007771499,147.368518973713,1.5389799949646,0.202316014097002,7.60681254933546,2.80938314469672e-14,5.12120509848364e-13,"Positive_interaction"
"ENSG00000176058.15","ENSG00000176058","TPRN","protein_coding",0.258970081663019,0.0147734387988093,1.30969552677333,2.38337004885892e-37,1.05072544511031,1119.99080717028,1.05072542477425,0.13822292244728,7.60167276288785,2.92327175196924e-14,5.31543967748284e-13,"Positive_interaction"
"ENSG00000065911.14","ENSG00000065911","MTHFD2","protein_coding",-0.258096554099165,0.0804754846691026,1.11226325165142,1.2001518354e-17,1.37035980575059,4405.92185159769,1.37035976112537,0.180285987747003,7.60103310440525,2.9377594059968e-14,5.33508888617864e-13,"Positive_interaction"
"ENSG00000103187.9","ENSG00000103187","COTL1","protein_coding",-0.904380851923716,1.28971868019224e-11,0.457011889740774,0.000598242371360919,1.36139274166449,1406.79358439939,1.36139269746428,0.179515368276262,7.58371113591339,3.3580836212551e-14,6.0006594129752e-13,"Positive_interaction"
"ENSG00000234741.11","ENSG00000234741","GAS5","lncRNA",-0.242177990770986,0.0395554257318688,0.862779767099731,2.8246985253403e-16,1.10495775787072,3667.48858422641,1.1049577343369,0.145915602530995,7.57258110284801,3.65880645480764e-14,6.48208106883525e-13,"Positive_interaction"
"ENSG00000204842.20","ENSG00000204842","ATXN2","protein_coding",0.426584251856982,0.000903242967782911,1.66680490244813,2.71185629829223e-46,1.24022065059115,703.035197300833,1.24022061632504,0.16384841260296,7.56931725258984,3.75190855855322e-14,6.63565089256554e-13,"Positive_interaction"
"ENSG00000260708.3","ENSG00000260708","TBC1D22A-DT","lncRNA",-0.659782813464438,0.138855681475092,3.21037977789547,4.56592161959643e-20,3.87016259135991,21.3681618516418,3.87016151695216,0.511302386433219,7.56922247899119,3.75464651663245e-14,6.63565089256554e-13,"Positive_interaction"
"ENSG00000164109.16","ENSG00000164109","MAD2L1","protein_coding",-0.15195615864717,0.22333569933043,0.953597754424089,8.25614212677223e-20,1.10555391307126,415.290509395931,1.10555388934729,0.146088558900368,7.56769659218332,3.79900000197389e-14,6.70585968679727e-13,"Positive_interaction"
"ENSG00000133935.9","ENSG00000133935","ERG28","protein_coding",0.593841210119428,1.0980352536019e-08,1.64759419229578,1.43170558035173e-59,1.05375298217635,429.214040237711,1.05375296120945,0.139377902269198,7.56040192923984,4.01825752685083e-14,7.07564861228703e-13,"Positive_interaction"
"ENSG00000167748.12","ENSG00000167748","KLK1","protein_coding",0.329785202417042,0.0110261786137334,1.62623361080679,2.24472133708346e-36,1.29644840838975,521.866173946246,1.29644836981146,0.171824323615499,7.54519699267137,4.51604342454608e-14,7.9041668247007e-13,"Positive_interaction"
"ENSG00000168005.11","ENSG00000168005","SPINDOC","protein_coding",0.57786919779857,2.23448212415906e-06,1.73688441630196,3.5720781207666e-61,1.15901521850339,639.277704538032,1.15901518702026,0.153666044635991,7.54242871133808,4.61298304340691e-14,8.05437955000638e-13,"Positive_interaction"
"ENSG00000145780.10","ENSG00000145780","FEM1C","protein_coding",0.311879987690447,0.0502767769433423,1.77637343863355,4.67888115542709e-38,1.4644934509431,695.566072618105,1.46449339394693,0.19422781241686,7.54008077279773,4.69680449553015e-14,8.17119936965462e-13,"Positive_interaction"
"ENSG00000168216.15","ENSG00000168216","LMBRD1","protein_coding",0.215558782886116,0.0538069715135571,1.24082868374501,9.03028352980125e-38,1.02526990085889,774.390315015771,1.02526988132613,0.13614872799878,7.53051384611777,5.0541031165827e-14,8.76125147912877e-13,"Positive_interaction"
"ENSG00000187609.18","ENSG00000187609","EXD3","protein_coding",0.237282875223178,0.110793458658606,1.57457633585196,4.69850594816549e-36,1.33729346062878,136.608460874183,1.337293416125,0.177600166993651,7.52979819085869,5.08188042926341e-14,8.78837842254001e-13,"Positive_interaction"
"ENSG00000155330.11","ENSG00000155330","C16orf87","protein_coding",-0.0230684915495183,0.901593778362032,1.37662377166863,6.63500067062184e-24,1.39969226321815,120.99517175906,1.39969221436945,0.186164904593797,7.5185611242007,5.53823524290512e-14,9.54341321524151e-13,"Positive_interaction"
"ENSG00000131876.20","ENSG00000131876","SNRPA1","protein_coding",0.141881383047583,0.226114678403979,1.19942206727836,2.49917212633037e-31,1.05754068423078,443.140822093419,1.05754066328632,0.140683352455012,7.51716990554733,5.59746556265861e-14,9.62987519616469e-13,"Positive_interaction"
"ENSG00000204899.7","ENSG00000204899","MZT1","protein_coding",0.118893261757869,0.326901263746826,1.14896152616787,8.69262951564114e-33,1.03006826441,982.670366942313,1.03006824417691,0.137066716752454,7.51508658398261,5.68732814268621e-14,9.76549282509579e-13,"Positive_interaction"
"ENSG00000120437.11","ENSG00000120437","ACAT2","protein_coding",0.731498820352435,1.7177714402461e-05,2.41166975014631,2.40028936260625e-50,1.68017092979387,595.957976655802,1.68017084482594,0.223646641501706,7.51261379801729,5.79583215677343e-14,9.94002362319059e-13,"Positive_interaction"
"ENSG00000204160.14","ENSG00000204160","ZDHHC18","protein_coding",0.43972384036053,0.00458092840121739,1.91669893143712,4.61176246361673e-42,1.47697509107659,499.059095593611,1.47697503273596,0.196793867173982,7.50518831681982,6.13403543501586e-14,1.04581695910882e-12,"Positive_interaction"
"ENSG00000106089.14","ENSG00000106089","STX1A","protein_coding",-0.426280210322545,0.0387662544128087,1.28312741823688,1.00815850787803e-19,1.70940762855942,111.944496368915,1.70940752819374,0.227831999406787,7.50292993365542,6.24069148483526e-14,1.0615035328431e-12,"Positive_interaction"
"ENSG00000169692.16","ENSG00000169692","AGPAT2","protein_coding",0.272201104491195,0.020016252988373,1.37616362040584,3.53984593504834e-38,1.10396251591465,1964.70699521305,1.10396249190146,0.147453216209123,7.48686614156854,7.05375773456302e-14,1.19141092178656e-12,"Positive_interaction"
"ENSG00000128272.21","ENSG00000128272","ATF4","protein_coding",-0.220423133715663,0.10351157939966,1.0065800148217,1.59021057893916e-17,1.22700314853736,2897.47038064745,1.22700311541553,0.164032884127212,7.48022643108535,7.41946633186148e-14,1.24736549978349e-12,"Positive_interaction"
"ENSG00000126524.14","ENSG00000126524","SBDS","protein_coding",0.0383392901088737,0.805560667115394,1.23046363563867,4.82967195602007e-27,1.1921243455298,1542.88037684815,1.19212431464654,0.159914250183277,7.4547722500043,9.00232013564354e-14,1.50128450409374e-12,"Positive_interaction"
"ENSG00000182934.14","ENSG00000182934","SRPRA","protein_coding",0.401260258240248,0.00060000253561021,1.52013154093843,3.34603266232205e-45,1.11887128269818,2832.78881862013,1.11887125718372,0.150322493483625,7.44313928843661,9.83203218672748e-14,1.62840926228634e-12,"Positive_interaction"
"ENSG00000116473.17","ENSG00000116473","RAP1A","protein_coding",0.0618472410107951,0.651216223479621,1.15978805319624,3.99285458875727e-27,1.09794081218544,466.071331642934,1.09794078822015,0.147653912797033,7.43590716576129,1.03852755853809e-13,1.71221176090262e-12,"Positive_interaction"
"ENSG00000077150.23","ENSG00000077150","NFKB2","protein_coding",0.523657488265134,1.54427660146299e-05,1.55985316479169,2.07576499253747e-76,1.03619567652656,470.555781791396,1.03619564467225,0.139468507767264,7.4296030068765,1.08924095732093e-13,1.79378181289716e-12,"Positive_interaction"
"ENSG00000198039.14","ENSG00000198039","ZNF273","protein_coding",-0.357405529440354,0.0423297036482807,1.05370568297313,1.2425793840409e-20,1.41111121241348,144.882436882191,1.41111115139919,0.189986475446006,7.42742949510755,1.10728368783665e-13,1.81936000046812e-12,"Positive_interaction"
"ENSG00000143367.19","ENSG00000143367","TUFT1","protein_coding",0.0806363916440692,0.576718156309948,1.28244048043863,6.33231472652861e-27,1.20180408879456,597.587707892751,1.20180405721049,0.161842624666761,7.42575733484946,1.1213642129923e-13,1.83832694283761e-12,"Positive_interaction"
"ENSG00000131115.18","ENSG00000131115","ZNF227","protein_coding",-0.529015690530498,2.76443173448342e-06,0.583786206297984,1.50972479608376e-07,1.11280189682848,170.808438902621,1.1128018714545,0.150293988913366,7.40416752193568,1.31975736888248e-13,2.14656832658192e-12,"Positive_interaction"
"ENSG00000105722.13","ENSG00000105722","ERF","protein_coding",0.216434747855035,0.225205491004821,1.76471512186238,5.58286245967852e-32,1.54828037400734,1066.63064539862,1.54828030537459,0.209376808518796,7.39470773447959,1.41719637235139e-13,2.30246746951977e-12,"Positive_interaction"
"ENSG00000132424.19","ENSG00000132424","PNISR","protein_coding",-0.465006217503969,0.000123125935613298,0.665483989585655,7.67145438315176e-10,1.13049020708962,595.755827772327,1.13049018016529,0.15311300572526,7.38337135248852,1.54330786169044e-13,2.4878328733724e-12,"Positive_interaction"
"ENSG00000160360.14","ENSG00000160360","GPSM1","protein_coding",0.135736558271058,0.544661224636282,1.75202420182274,5.8027585679078e-39,1.61628764355168,161.319742790298,1.6162875438617,0.219030902930262,7.37926713645662,1.59163195417342e-13,2.56003665703454e-12,"Positive_interaction"
"ENSG00000184271.19","ENSG00000184271","POU6F1","protein_coding",-0.146053730269069,0.490554896590047,1.79991364217408,7.71527006341101e-18,1.94596737244315,72.9820919473873,1.94596723562019,0.26465534114299,7.35283568136571,1.94045429632104e-13,3.10387016140006e-12,"Positive_interaction"
"ENSG00000131013.6","ENSG00000131013","PPIL4","protein_coding",-0.283260505880872,0.0135254825096092,0.756778109292086,4.42527622733583e-14,1.04003861517296,541.319723832474,1.04003859406214,0.1415633562656,7.34680655713491,2.02998321447399e-13,3.23636047790507e-12,"Positive_interaction"
"ENSG00000164611.15","ENSG00000164611","PTTG1","protein_coding",0.121976536695738,0.53599501325798,1.71560232546672,2.84236217543999e-28,1.59362578877098,696.459896881863,1.59362571290126,0.217080777550366,7.34116456963361,2.11743253951503e-13,3.3720694904013e-12,"Positive_interaction"
"ENSG00000064932.18","ENSG00000064932","SBNO2","protein_coding",0.7235279412197,5.08680705087224e-09,1.92707188126441,8.71593735098731e-60,1.20354394004471,962.306638709385,1.20354390694934,0.164422952835693,7.31980472429562,2.48332056450851e-13,3.90752243440362e-12,"Positive_interaction"
"ENSG00000171877.22","ENSG00000171877","FRMD5","protein_coding",-0.500244214227324,0.0143419061194623,1.19593257989274,4.37855054273413e-16,1.69617679412006,102.995759773871,1.69617669417615,0.231968874077452,7.31208745536185,2.63023820055586e-13,4.11635118817015e-12,"Positive_interaction"
"ENSG00000181652.20","ENSG00000181652","ATG9B","protein_coding",-1.30888525968687,0.0032588630386491,3.46149020867933,5.8924222219818e-11,4.7703754683662,24.7901246459194,4.77037343225971,0.652995644416496,7.30536791944826,2.76509080413289e-13,4.30878450897783e-12,"Positive_interaction"
"ENSG00000128692.8","ENSG00000128692","EIF2S2P4","processed_pseudogene",-0.151663925728948,0.242539298743028,0.945813664132685,1.86708030004672e-18,1.09747758986163,191.752384806788,1.09747756464842,0.150963671052092,7.26981237936194,3.59987137333045e-13,5.52641270575263e-12,"Positive_interaction"
"ENSG00000114784.5","ENSG00000114784","EIF1B","protein_coding",0.281012560134811,0.0700617339424327,1.61725602186574,5.61588885924595e-37,1.33624346173093,403.24174972457,1.33624341287551,0.183834142082426,7.26874452013586,3.62843884312106e-13,5.55849214741124e-12,"Positive_interaction"
"ENSG00000176531.14","ENSG00000176531","PHLDB3","protein_coding",0.723596565027313,1.17282853184106e-06,2.14404757408049,3.54126989918039e-52,1.42045100905318,118.435461996081,1.42045094843998,0.196099883707097,7.24350734731501,4.37227545518164e-13,6.63487077450182e-12,"Positive_interaction"
"ENSG00000169715.16","ENSG00000169715","MT1E","protein_coding",-0.592541082939139,0.221696348307099,7.85211243249611,2.84740881377713e-12,8.44465351543525,36.6956070887421,8.44464196718206,1.16843349762346,7.22731929917967,4.92620954299681e-13,7.42106327412784e-12,"Positive_interaction"
"ENSG00000171763.22","ENSG00000171763","AFG2B","protein_coding",0.0116281778242107,0.948552955683409,1.23188962176927,3.68832097659665e-23,1.22026144394506,138.839107086933,1.2202614089291,0.169002529342105,7.22037364576349,5.18449228017298e-13,7.76174195498623e-12,"Positive_interaction"
"ENSG00000152503.12","ENSG00000152503","TRIM36","protein_coding",-0.145394358778881,0.646856832571611,1.84915636012159,3.78223275847427e-40,1.99455071890047,165.843862509627,1.99455048775435,0.276397776197098,7.21623203774277,5.34478274038911e-13,7.98521561584731e-12,"Positive_interaction"
"ENSG00000168477.22","ENSG00000168477","TNXB","protein_coding",0.924194580123452,0.0121361648507359,3.95192145626597,8.06388130254478e-50,3.02772687614252,52.2434530626833,3.0277261434757,0.420398930852572,7.20203102642401,5.93221890298386e-13,8.81453803825258e-12,"Positive_interaction"
"ENSG00000106460.22","ENSG00000106460","TMEM106B","protein_coding",0.57217350455166,2.17879589051472e-07,1.61017601038761,1.00661816526501e-55,1.03800250583595,1838.52114599943,1.03800248346184,0.144128264204238,7.20193564525921,5.93637118778258e-13,8.81453803825258e-12,"Positive_interaction"
"ENSG00000074211.15","ENSG00000074211","PPP2R2C","protein_coding",-1.76800158094803,4.93419301779641e-07,3.04548637715625,4.64434938594047e-07,4.81348795810428,25.8093150699918,4.8134857269486,0.670636790502525,7.17748533202559,7.10052732819716e-13,1.04256172279872e-11,"Positive_interaction"
"ENSG00000244242.4","ENSG00000244242","IFITM10","protein_coding",2.62843744439691,9.14595697308732e-15,6.69807750508286,4.28177113215989e-45,4.06964006068595,80.9722576896324,4.06963851658386,0.56782083526858,7.16711727328378,7.65934183782554e-13,1.11859194176256e-11,"Positive_interaction"
"ENSG00000023909.12","ENSG00000023909","GCLM","protein_coding",0.490931631954843,0.00232955054845209,1.99399004777362,1.13013497208626e-38,1.50305841581878,810.93301746537,1.50305834966322,0.209734210964629,7.16649106862548,7.69444168005648e-13,1.12180934433982e-11,"Positive_interaction"
"ENSG00000142677.6","ENSG00000142677","IL22RA1","protein_coding",0.496250649941631,0.000300095682374567,1.82626177276443,1.91730354289211e-39,1.3300111228228,254.354098826112,1.33001107690486,0.185596590969348,7.16613958240492,7.71421221455843e-13,1.12356144134051e-11,"Positive_interaction"
"ENSG00000118482.14","ENSG00000118482","PHF3","protein_coding",0.468971237450524,5.31544721495799e-05,1.54671062046034,8.77143978648943e-47,1.07773938300982,1759.26815949641,1.07773935823324,0.150486802084662,7.16168689415643,7.96902726724647e-13,1.15487143156936e-11,"Positive_interaction"
"ENSG00000158825.8","ENSG00000158825","CDA","protein_coding",1.22995892261785,4.64518345935123e-07,3.75444903828111,1.93390860506997e-42,2.52449011566326,261.52404145859,2.52448980004722,0.35334563317896,7.14453374542946,9.03018727042805e-13,1.29441616145443e-11,"Positive_interaction"
"ENSG00000104856.16","ENSG00000104856","RELB","protein_coding",0.858103741327761,5.53818821462083e-08,2.13568088434496,1.04980261309202e-96,1.2775771430172,399.071877905158,1.2775770673086,0.178945456790585,7.13947752696347,9.36863333293696e-13,1.34027871925886e-11,"Positive_interaction"
"ENSG00000152465.20","ENSG00000152465","NMT2","protein_coding",-0.0779645413425154,0.654170632007733,1.18312776112255,1.11467926230141e-22,1.26109230246507,181.461365117319,1.26109226068743,0.176696871395695,7.1370378588274,9.53635868292658e-13,1.36292810683404e-11,"Positive_interaction"
"ENSG00000218283.2","ENSG00000218283","MORF4L1P1","processed_pseudogene",0.155070831715787,0.201924503771682,1.19200027472795,1.72471896058362e-29,1.03692944301216,342.870363627208,1.03692942094804,0.145466673318612,7.12829541840746,1.01619494109383e-12,1.44663036211511e-11,"Positive_interaction"
"ENSG00000089289.18","ENSG00000089289","IGBP1","protein_coding",0.759900040968808,2.37493263051024e-08,2.06371343373217,1.31646596252928e-53,1.30381339276336,1029.22409190014,1.30381334891389,0.183361423289065,7.11061970138866,1.15523057963449e-12,1.63972591185731e-11,"Positive_interaction"
"ENSG00000174010.11","ENSG00000174010","KLHL15","protein_coding",-0.071397657177074,0.67801147108857,1.25539289590218,8.0644462024817e-20,1.32679055307925,183.696572154514,1.32679050675349,0.186751558764281,7.10457527387057,1.206931257663e-12,1.70976029189172e-11,"Positive_interaction"
"ENSG00000183044.14","ENSG00000183044","ABAT","protein_coding",-1.52563955482749,8.09293672313034e-19,0.4088909545782,0.0795983057047716,1.93453050940569,150.927449997119,1.93453032809159,0.273250514410713,7.07969510053281,1.44471970772267e-12,2.02680329180222e-11,"Positive_interaction"
"ENSG00000143507.20","ENSG00000143507","DUSP10","protein_coding",-1.17357521615857,0.00840037611060319,2.20533799088073,2.22029078943157e-16,3.3789132070393,32.0894684245806,3.3789123629008,0.47736594409047,7.07824344138891,1.45993100274382e-12,2.04616248469665e-11,"Positive_interaction"
"ENSG00000143751.12","ENSG00000143751","SDE2","protein_coding",0.221301835653889,0.0779716434276631,1.2898006936646,1.19743777392177e-33,1.06849885801071,568.240576651472,1.06849883274167,0.150996022556222,7.07633760580566,1.48014018672146e-12,2.07248227883744e-11,"Positive_interaction"
"ENSG00000177105.12","ENSG00000177105","RHOG","protein_coding",0.293429467211643,0.100694254540101,1.81093766979371,2.34004036830029e-32,1.51750820258207,696.77359628214,1.51750813062301,0.214973417407164,7.0590501324581,1.67644587787642e-12,2.32488551791245e-11,"Positive_interaction"
"ENSG00000247596.12","ENSG00000247596","TWF2","protein_coding",-0.616210551971548,6.73466655237899e-06,0.627294564933785,6.79194374624155e-07,1.24350511690533,257.39582604015,1.24350507831507,0.17616424206974,7.05878255260674,1.67967671959107e-12,2.32713910328048e-11,"Positive_interaction"
"ENSG00000153551.16","ENSG00000153551","CMTM7","protein_coding",0.183138663662478,0.286231818354705,1.41435255733639,2.22731732304863e-42,1.23121389367391,384.728981623866,1.23121383781286,0.174434408956044,7.05831977292461,1.68527888808361e-12,2.33267064432738e-11,"Positive_interaction"
"ENSG00000137936.20","ENSG00000137936","BCAR3","protein_coding",0.500065641928255,0.0147859105828748,2.35071993656682,1.2052118341535e-34,1.85065429463856,462.402475904962,1.85065416715905,0.262204112089854,7.05806690981586,1.68834765634232e-12,2.33468838127031e-11,"Positive_interaction"
"ENSG00000291152.2","ENSG00000291152","SBDSP1","lncRNA",-0.206916290468884,0.193917481793422,1.07979130793061,1.50386487852993e-17,1.28670759839949,199.015737367582,1.28670755417546,0.182408334664752,7.05399540289807,1.73852124684271e-12,2.3994904675471e-11,"Positive_interaction"
"ENSG00000120647.12","ENSG00000120647","CCDC77","protein_coding",-0.186395534390811,0.321043128246287,1.41810589316249,1.62021936221913e-16,1.6045014275533,90.7286010484455,1.60450134433806,0.227818117761804,7.04290492828869,1.88272697719884e-12,2.58866028022444e-11,"Positive_interaction"
"ENSG00000179119.16","ENSG00000179119","SPTY2D1","protein_coding",0.487669164740335,1.56926977149683e-05,1.50626203218096,1.63681353379338e-49,1.01859286744063,949.087789851167,1.01859284479021,0.144669814610632,7.04081115698998,1.9112389238761e-12,2.62040439780629e-11,"Positive_interaction"
"ENSG00000112893.12","ENSG00000112893","MAN2A1","protein_coding",0.766116331845207,3.23098124908082e-07,2.16410858162905,1.37979743549687e-51,1.39799224978384,1343.63205320104,1.39799219438834,0.198570472391629,7.0402823619776,1.91850652719911e-12,2.62540100020486e-11,"Positive_interaction"
"ENSG00000104695.15","ENSG00000104695","PPP2CB","protein_coding",0.257308541264157,0.0610396331625811,1.4138243105102,5.74926185364456e-35,1.15651576924604,1153.81613600023,1.15651573541017,0.164301982455777,7.03896397428716,1.93674431416381e-12,2.64536273335173e-11,"Positive_interaction"
"ENSG00000144824.23","ENSG00000144824","PHLDB2","protein_coding",-1.20477640657352,4.79860985102015e-06,0.714062713774612,1.31729630823472e-08,1.91883912034813,177.872876243683,1.91883893407266,0.273007368324943,7.02852434293564,2.08729212307402e-12,2.84028520634636e-11,"Positive_interaction"
"ENSG00000131370.18","ENSG00000131370","SH3BP5","protein_coding",0.507275853695857,0.000320518891402198,1.8559094386673,1.79498573719502e-37,1.34863358497144,208.341070088134,1.34863353501236,0.1922712312737,7.01422426058412,2.31228258656908e-12,3.12007441755671e-11,"Positive_interaction"
"ENSG00000075914.15","ENSG00000075914","EXOSC7","protein_coding",-0.0567582736267769,0.682442189900374,0.966000233601845,1.96625927115905e-20,1.02275850722862,292.095251813399,1.0227584852544,0.145873639464006,7.01126323448429,2.36175898681235e-12,3.18091182498927e-11,"Positive_interaction"
"ENSG00000099804.11","ENSG00000099804","CDC34","protein_coding",-0.151984192261697,0.269391381310226,0.969562510684361,3.68414263966706e-17,1.12154670294606,984.978203252495,1.12154667407621,0.160121658672198,7.00434084543329,2.48151327574435e-12,3.33600096401551e-11,"Positive_interaction"
"ENSG00000137171.17","ENSG00000137171","KLC4","protein_coding",-0.105044012453025,0.41068502286475,0.910226312812583,4.07078833751552e-18,1.01527032526561,303.471697296243,1.01527030383114,0.145161328242505,6.99408248824402,2.67000439687381e-12,3.58275034439771e-11,"Positive_interaction"
"ENSG00000146112.14","ENSG00000146112","PPP1R18","protein_coding",0.0898675358272375,0.721528051739241,1.8805748397588,2.41595249259974e-26,1.79070730393156,360.624253325583,1.79070717726698,0.256423212561094,6.9834051269455,2.88110034176343e-12,3.85886378492011e-11,"Positive_interaction"
"ENSG00000134317.19","ENSG00000134317","GRHL1","protein_coding",-0.401197623767258,0.152627317453141,1.3799989187136,3.07386727345428e-47,1.78119654248086,266.971892441195,1.78119632715953,0.255862165344481,6.96154636525262,3.36557752374589e-12,4.46647888957192e-11,"Positive_interaction"
"ENSG00000198563.16","ENSG00000198563","DDX39B","protein_coding",-0.414642043022271,0.0122379124394207,0.836050992220111,1.87329477641346e-15,1.25069303524238,285.073462254007,1.25069298215658,0.179891345819058,6.95249110768554,3.58891464603692e-12,4.74116235646008e-11,"Positive_interaction"
"ENSG00000111912.22","ENSG00000111912","NCOA7","protein_coding",0.168987585162789,0.297452459284013,1.47316107735888,8.09096766858049e-28,1.30417349219609,991.919291476184,1.30417344578219,0.187818359107688,6.94380172406056,3.81686120089761e-12,5.03311669912722e-11,"Positive_interaction"
"ENSG00000162433.17","ENSG00000162433","AK4","protein_coding",-0.481154821764533,0.0141896419439287,1.08308050490833,1.79750581373891e-13,1.56423532667286,89.5295213266198,1.56423524147088,0.226187443652597,6.91565904902042,4.65693221778856e-12,6.08002357659385e-11,"Positive_interaction"
"ENSG00000023445.19","ENSG00000023445","BIRC3","protein_coding",0.302331143325859,0.0722225342018522,1.50495410735652,7.46638702066305e-55,1.20262296403066,525.637548811886,1.20262289773836,0.174107869982647,6.9073436936436,4.93812563512328e-12,6.42399611348354e-11,"Positive_interaction"
"ENSG00000166012.19","ENSG00000166012","TAF1D","protein_coding",0.871588289439061,5.16233557160117e-05,2.79699136388784,8.4047427155946e-45,1.92540307444878,1918.98997025979,1.92540292164285,0.278752865094272,6.9072040604558,4.9429867957086e-12,6.42455288281695e-11,"Positive_interaction"
"ENSG00000240065.11","ENSG00000240065","PSMB9","protein_coding",-0.371840758213148,0.0819675842069623,1.40017976140469,1.6588253292433e-14,1.77202051961784,75.9527305545962,1.77202040145386,0.256752043865315,6.90167982609483,5.13911616598198e-12,6.66750863718987e-11,"Positive_interaction"
"ENSG00000137440.7","ENSG00000137440","FGFBP1","protein_coding",0.849222618702248,0.00092382392380347,3.23272494126937,1.35448903765427e-35,2.38350232256712,179.315529701849,2.38350203645119,0.345656439985346,6.89558116305381,5.36450345100373e-12,6.94128428678089e-11,"Positive_interaction"
"ENSG00000164221.15","ENSG00000164221","CCDC112","protein_coding",-0.758582186878636,7.83499182407176e-06,0.595719890862957,1.0054210230426e-06,1.35430207774159,210.039342252602,1.3543020186247,0.196466910817319,6.89328301132586,5.45192556789925e-12,7.04182756951835e-11,"Positive_interaction"
"ENSG00000151651.18","ENSG00000151651","ADAM8","protein_coding",-1.48613916097797,0.010914790169339,2.83685963811064,1.88916195476891e-15,4.32299879908861,15.1113353971671,4.32299699407461,0.627324385903535,6.89116682089156,5.53365987265197e-12,7.12833767773088e-11,"Positive_interaction"
"ENSG00000165424.9","ENSG00000165424","ZCCHC24","protein_coding",0.0209260640574546,0.942451190081904,2.26819663927,7.41514584528129e-17,2.24727057521255,38.570728845297,2.24727033431356,0.327357621067396,6.8648786210812,6.65478119442003e-12,8.50450520895371e-11,"Positive_interaction"
"ENSG00000226549.3","ENSG00000226549","SCDP1","processed_pseudogene",0.735328611066069,2.60395102987538e-05,2.37444541852484,5.53081607003439e-40,1.63911680745877,103.084958990042,1.63911671000923,0.239052356549803,6.85672684288197,7.04561653376622e-12,8.96444906122388e-11,"Positive_interaction"
"ENSG00000175455.18","ENSG00000175455","CCDC14","protein_coding",-0.450063839974928,0.000243151737263591,0.609530385579285,2.77606278159459e-08,1.05959422555421,395.858983753415,1.05959419993926,0.154793928820811,6.84519223726048,7.63732424995716e-12,9.68329860283282e-11,"Positive_interaction"
"ENSG00000070540.15","ENSG00000070540","WIPI1","protein_coding",0.25071717568395,0.122560539412597,1.5722763931269,1.66504628403808e-30,1.32155921744295,453.500005548467,1.32155916637618,0.193303202609494,6.83671635304439,8.10289496479989e-12,1.02073170353367e-10,"Positive_interaction"
"ENSG00000120063.12","ENSG00000120063","GNA13","protein_coding",0.436910307115206,0.0126198256274156,1.94339856682209,1.31773419209937e-34,1.50648825970688,1872.71690276727,1.50648818599054,0.220491586825549,6.83240665859268,8.35017381771108e-12,1.05044026880442e-10,"Positive_interaction"
"ENSG00000136003.18","ENSG00000136003","ISCU","protein_coding",-0.3738604679319,0.00559645375596704,0.797576668283043,1.73077212202873e-10,1.17143713621494,749.533165160216,1.17143710164033,0.171757676667063,6.82028963346458,9.08571438583157e-12,1.13411001618838e-10,"Positive_interaction"
"ENSG00000118620.15","ENSG00000118620","ZNF430","protein_coding",-0.0532256349576645,0.802073504462743,1.35750566579047,2.75426745453803e-22,1.41073130074813,181.532693429054,1.41073123466783,0.207214443376782,6.80807385662144,9.89140845857276e-12,1.22727989196607e-10,"Positive_interaction"
"ENSG00000170191.6","ENSG00000170191","NANP","protein_coding",0.408790296691306,0.00126259719202824,1.45051579542258,1.68417151523581e-45,1.04172549873127,211.413085933175,1.04172546991115,0.153039201851391,6.80691912470066,9.9710946457876e-12,1.23610867071646e-10,"Positive_interaction"
"ENSG00000180667.11","ENSG00000180667","YOD1","protein_coding",0.514131586850273,1.63619791478681e-05,1.5367751320771,3.00249639891452e-49,1.02264354522683,443.804255873853,1.02264351938794,0.150530874072749,6.79357989307709,1.09384616174047e-11,1.34796076326046e-10,"Positive_interaction"
"ENSG00000173812.13","ENSG00000173812","EIF1","protein_coding",0.318920307519254,0.0951884282554827,1.89940723990998,9.25249225189799e-30,1.58048693239073,9994.34083073514,1.58048684668669,0.232764250197637,6.79007556076471,1.12074830160424e-11,1.37993920024202e-10,"Positive_interaction"
"ENSG00000105866.17","ENSG00000105866","SP4","protein_coding",-0.551910584647626,0.000346238595843016,0.74835349996384,2.51454590395922e-08,1.30026408461147,163.408141907246,1.30026403613633,0.192082284243123,6.76930744165119,1.29400308446833e-11,1.58384228886107e-10,"Positive_interaction"
"ENSG00000143878.10","ENSG00000143878","RHOB","protein_coding",-0.220304842802129,0.240311838351199,1.25108326533107,6.60295968463014e-16,1.4713881081332,2081.39706796941,1.47138803664421,0.217396776356007,6.76821460422524,1.3038126841407e-11,1.59450239819131e-10,"Positive_interaction"
"ENSG00000157456.10","ENSG00000157456","CCNB2","protein_coding",-0.349335088375568,0.00568725126018537,0.750924643849193,3.50651107675807e-10,1.10025973222476,1071.67315228486,1.10025970284556,0.162634294429362,6.76523796353074,1.3309026741114e-11,1.62488976859498e-10,"Positive_interaction"
"ENSG00000184545.13","ENSG00000184545","DUSP8","protein_coding",0.24855999866456,0.174979967331486,1.65427812826399,1.22392016853183e-31,1.40571812959943,624.725891024243,1.40571805983764,0.207880481318975,6.76214549301855,1.35963060621062e-11,1.65577871808439e-10,"Positive_interaction"
"ENSG00000137193.16","ENSG00000137193","PIM1","protein_coding",1.09795099927645,5.83169213196731e-09,2.7635123937668,9.60990951534216e-57,1.66556139449035,1114.47348822394,1.6655612866796,0.246366334304055,6.76050683379504,1.37509843476903e-11,1.67040456971272e-10,"Positive_interaction"
"ENSG00000116212.18","ENSG00000116212","LRRC42","protein_coding",0.189315612748998,0.276166442911313,1.53114979856564,9.52672160772439e-28,1.34183418581664,704.32371433013,1.34183413046976,0.19886119757943,6.74759152012952,1.50319422157866e-11,1.81384601657935e-10,"Positive_interaction"
"ENSG00000164867.13","ENSG00000164867","NOS3","protein_coding",-0.0784928449271116,0.837794130590928,3.34566326151223,1.99972864480316e-14,3.42415610643934,53.2086667999018,3.4241552060216,0.509277109622969,6.72356000558633,1.7733740281063e-11,2.11708334239229e-10,"Positive_interaction"
"ENSG00000088899.18","ENSG00000088899","LZTS3","protein_coding",0.952855101989491,5.55924545161911e-15,1.99671091341353,3.84306191027725e-81,1.04385581142404,260.61847800195,1.04385577875557,0.155253650483137,6.72355062510399,1.77348825397753e-11,2.11708334239229e-10,"Positive_interaction"
"ENSG00000075618.20","ENSG00000075618","FSCN1","protein_coding",0.838180420126238,0.132870550674682,4.29880333391176,1.0736009134544e-100,3.46062291378552,319.277713682907,3.46062100076205,0.515640407223472,6.71130685703275,1.92888987891131e-11,2.29126820698219e-10,"Positive_interaction"
"ENSG00000111674.11","ENSG00000111674","ENO2","protein_coding",-0.466419854866251,0.269601853308676,2.21484197150499,1.64847687137702e-28,2.68126182637124,43.3382256215092,2.68126126920005,0.400905967175778,6.68800538961408,2.2623280751028e-11,2.66433584966143e-10,"Positive_interaction"
"ENSG00000068028.20","ENSG00000068028","RASSF1","protein_coding",0.14118397834658,0.439442454475885,1.43709487585836,4.8900657341343e-28,1.29591089751178,321.985484601017,1.29591084190618,0.194411648722802,6.66580860982218,2.63212087499249e-11,3.06629386819865e-10,"Positive_interaction"
"ENSG00000066379.17","ENSG00000066379","POLR1H","protein_coding",-0.352027880181297,0.0112665376008469,0.771886743686488,6.48165586505245e-11,1.12391462386779,275.113927649363,1.12391459097246,0.169193869391838,6.64276190982771,3.07858931909163e-11,3.54367882543892e-10,"Positive_interaction"
"ENSG00000108474.18","ENSG00000108474","PIGL","protein_coding",0.267740246057401,0.147569372578737,1.69012451604752,4.45286834053444e-30,1.42238426999012,190.176222846554,1.42238419955695,0.214146793985522,6.64209896905167,3.09247189842165e-11,3.5568335517402e-10,"Positive_interaction"
"ENSG00000144354.17","ENSG00000144354","CDCA7","protein_coding",-1.8954411938444,1.32282582529899e-48,-0.785452484248655,5.18838567708612e-12,1.10998870959575,515.671840674109,1.1099886746937,0.16761001752895,6.62244829430903,3.53297659894058e-11,4.02198718553393e-10,"Positive_interaction"
"ENSG00000278311.7","ENSG00000278311","GGNBP2","protein_coding",0.190783679152824,0.156335652295815,1.25021806370677,9.06737471175128e-28,1.05943438455395,1098.00013204051,1.05943435699646,0.16009339693092,6.61760183309501,3.65072727229281e-11,4.14951683373078e-10,"Positive_interaction"
"ENSG00000139182.17","ENSG00000139182","CLSTN3","protein_coding",-0.31453523575092,0.143803450829664,1.19350759827636,9.53256277681862e-18,1.50804283402728,178.791802179412,1.50804273784402,0.227974878288354,6.61495138923409,3.7167385903846e-11,4.2146303326959e-10,"Positive_interaction"
"ENSG00000127423.12","ENSG00000127423","AUNIP","protein_coding",-0.484361177678907,0.00929125107384455,1.1530633295936,9.49942156894152e-10,1.63742450727251,115.288629193217,1.63742440533354,0.247687520761559,6.61084741087879,3.82126212456074e-11,4.32976784277828e-10,"Positive_interaction"
"ENSG00000166595.13","ENSG00000166595","CIAO2B","protein_coding",0.305201842037104,0.0145458737630575,1.33647859390847,3.78316394317506e-33,1.03127675187137,483.014937323845,1.03127672615526,0.156048219953241,6.60870547875699,3.87695146688291e-11,4.3894359889115e-10,"Positive_interaction"
"ENSG00000171425.12","ENSG00000171425","ZNF581","protein_coding",0.777977273941495,4.88748386820038e-06,2.27267917012823,5.55466767385302e-43,1.49470189618673,265.162115191841,1.49470181776267,0.226608878797373,6.59595434077933,4.2252895776235e-11,4.75780082042888e-10,"Positive_interaction"
"ENSG00000133247.16","ENSG00000133247","KMT5C","protein_coding",-0.276998448044681,0.126645788193161,1.07010653888037,5.11200354266167e-15,1.34710498692505,131.333528500699,1.34710492686096,0.204583639273617,6.58461708689861,4.56059207996948e-11,5.11548764883264e-10,"Positive_interaction"
"ENSG00000167920.13","ENSG00000167920","KRT10-AS1","lncRNA",-0.584346076447982,0.0316023196179641,1.66974357120128,3.72305809257168e-11,2.25408964764926,43.5220149693738,2.25408938170764,0.343244817765296,6.5670019328564,5.13383807594698e-11,5.7230447228172e-10,"Positive_interaction"
"ENSG00000196878.17","ENSG00000196878","LAMB3","protein_coding",0.299576052200757,0.0708714169174948,1.63639627921345,1.24185540699999e-28,1.33682022701269,5743.54901272191,1.33682017131376,0.204096839304859,6.54993078710521,5.75637561128726e-11,6.38754941491385e-10,"Positive_interaction"
"ENSG00000105229.9","ENSG00000105229","PIAS4","protein_coding",0.379445901176786,0.00294786328434588,1.44838292118248,7.32878283480218e-35,1.06893702000569,344.962958584823,1.06893699096851,0.163202646574935,6.54975279753017,5.76324036852194e-11,6.39027386538791e-10,"Positive_interaction"
"ENSG00000286743.1","ENSG00000286743","ENSG00000286743","lncRNA",1.08516154507573,0.0322473817862528,8.43754500406931,1.43500823862908e-15,7.35238345899358,38.9649371950687,7.35237371715944,1.1251399024617,6.53463067221518,6.37666996150365e-11,7.04349855808772e-10,"Positive_interaction"
"ENSG00000065717.18","ENSG00000065717","TLE2","protein_coding",-1.51982797169234,0.0103563747729358,2.41142299808936,1.38520812984344e-16,3.9312509697817,28.7739601464493,3.93124937997132,0.601633333039989,6.53429450144847,6.39100788763442e-11,7.05395935320625e-10,"Positive_interaction"
"ENSG00000143320.11","ENSG00000143320","CRABP2","protein_coding",-0.561020511066947,0.277854288801436,4.02458902548978,1.85371681317101e-12,4.58560953655673,12.387641827467,4.58560723410505,0.70180033874147,6.53406244050603,6.4009238454467e-11,7.05952727307561e-10,"Positive_interaction"
"ENSG00000168564.8","ENSG00000168564","CDKN2AIP","protein_coding",-0.0434549429875988,0.785937432958451,1.04231311233629,3.27193873458091e-18,1.08576805532389,306.440059524212,1.08576802516189,0.166205038872822,6.53270221243233,6.45934966798885e-11,7.11313794745398e-10,"Positive_interaction"
"ENSG00000120539.17","ENSG00000120539","MASTL","protein_coding",-0.247232687287877,0.228593211120149,1.29074651268003,6.584527820442e-15,1.53797919996791,213.187230339156,1.53797911244624,0.23557175995273,6.52870748495002,6.63396663506789e-11,7.27777778012141e-10,"Positive_interaction"
"ENSG00000011105.16","ENSG00000011105","TSPAN9","protein_coding",-0.260724019108461,0.168845198746651,1.0840143946014,2.73035340996222e-16,1.34473841370986,102.99688440817,1.34473835056291,0.20601029437922,6.52752987230599,6.68631755657101e-11,7.32412048600356e-10,"Positive_interaction"
"ENSG00000196408.14","ENSG00000196408","NOXO1","protein_coding",-0.765727886542661,0.00131279231723293,1.4082187752177,7.40531500188841e-08,2.17394666176036,53.3082535296691,2.17394641562748,0.3336189439726,6.51625591083347,7.20839553132073e-11,7.83676429406601e-10,"Positive_interaction"
"ENSG00000181378.16","ENSG00000181378","CFAP65","protein_coding",0.983402011756995,0.00900894077076937,5.15272058792671,1.81157974427716e-20,4.16931857616972,26.8241588095206,4.16931680407283,0.64000576037369,6.5144988720702,7.29327299365498e-11,7.91716196434816e-10,"Positive_interaction"
"ENSG00000164070.14","ENSG00000164070","HSPA4L","protein_coding",-0.485201248953956,0.00999748811580218,0.855720054988774,1.95594588311763e-12,1.34092130394273,260.756049819377,1.34092123043452,0.205940499226316,6.51120704995928,7.45493014921214e-11,8.07450281931108e-10,"Positive_interaction"
"ENSG00000109321.13","ENSG00000109321","AREG","protein_coding",-0.773448466067607,0.000179409801032747,0.952413251370265,6.70067846147787e-07,1.72586171743787,4209.51040342626,1.72586159442362,0.265081513636918,6.5106825849332,7.48100750655166e-11,8.09065378992139e-10,"Positive_interaction"
"ENSG00000135451.15","ENSG00000135451","TROAP","protein_coding",-0.314440014185655,0.0127735126100123,0.712450943091473,3.40816673504923e-10,1.02689095727713,297.164158599814,1.02689093168941,0.157722901553203,6.5107281287431,7.4787394530152e-11,8.09065378992139e-10,"Positive_interaction"
"ENSG00000006047.15","ENSG00000006047","YBX2","protein_coding",-0.620307599486845,9.23032485830883e-05,0.613604938925852,1.13781608189297e-06,1.2339125384127,136.243273470842,1.23391249207421,0.190163923297881,6.48867813976131,8.65927300406682e-11,9.2749581947477e-10,"Positive_interaction"
"ENSG00000134248.16","ENSG00000134248","LAMTOR5","protein_coding",0.390008769513925,0.00233664856858884,1.46559917590229,6.01847355085511e-34,1.07559040638837,628.138625074655,1.07559037676297,0.165786719167912,6.48779577858464,8.71012313893992e-11,9.32253356938828e-10,"Positive_interaction"
"ENSG00000108479.15","ENSG00000108479","GALK1","protein_coding",0.238415445138543,0.0991450935132969,1.37880591232961,1.7236504894076e-27,1.14039046719107,227.563042083069,1.14039043123259,0.176067588617184,6.47700374719212,9.35618703968245e-11,9.94789894197198e-10,"Positive_interaction"
"ENSG00000105127.12","ENSG00000105127","AKAP8","protein_coding",-0.455549221891733,0.000849480295813644,0.652155293611939,7.80387476765944e-08,1.10770451550367,306.544708633894,1.10770448276783,0.171201562569182,6.47017741044393,9.7887919165139e-11,1.0362247805268e-09,"Positive_interaction"
"ENSG00000102098.21","ENSG00000102098","SCML2","protein_coding",0.0923631972677981,0.692342425697058,1.73132698889332,1.49411782106712e-20,1.63896379162552,122.983359962748,1.63896368579835,0.253394069013651,6.46804280849233,9.9280375904308e-11,1.04866706093676e-09,"Positive_interaction"
"ENSG00000085231.15","ENSG00000085231","AK6","protein_coding",-0.183674959951919,0.263730322891218,0.967200099285401,1.91993051438339e-16,1.15087505923732,181.611223340138,1.15087501899412,0.17808327580154,6.46256653699856,1.02941856849761e-10,1.08418124234501e-09,"Positive_interaction"
"ENSG00000115756.15","ENSG00000115756","HPCAL1","protein_coding",0.193149960727147,0.159011354847258,1.25185996698785,2.24468665682217e-26,1.0587100062607,513.74493355076,1.05870997755334,0.163852749215098,6.46135010016532,1.03772919827523e-10,1.09214027170694e-09,"Positive_interaction"
"ENSG00000138398.19","ENSG00000138398","PPIG","protein_coding",-0.086134208120129,0.607896230765898,1.07566346192871,6.79406684585774e-17,1.16179767004884,1136.52658757279,1.16179763203189,0.179839691224119,6.46018475745733,1.04575225279142e-10,1.09978531549008e-09,"Positive_interaction"
"ENSG00000175592.11","ENSG00000175592","FOSL1","protein_coding",-0.380543691106539,0.129777613947964,1.53306070323161,2.52248534675922e-13,1.91360439433815,297.444500784135,1.91360422251339,0.296252028092969,6.4593793157523,1.05133289715939e-10,1.10485252687701e-09,"Positive_interaction"
"ENSG00000139793.23","ENSG00000139793","MBNL2","protein_coding",0.544278096484618,7.33996261634645e-05,1.68600119763761,2.05072946567939e-40,1.14172310115299,2553.72556980606,1.14172306440513,0.177389403673727,6.43625290327437,1.2245893085029e-10,1.27582661817571e-09,"Positive_interaction"
"ENSG00000261087.1","ENSG00000261087","ZNNT1","lncRNA",1.44471176341435,2.22470654978437e-06,4.00580977704459,3.29057195613205e-45,2.56109801363024,59.1437160034638,2.56109750763084,0.397947652986318,6.43576482587998,1.2285312510553e-10,1.27901400073947e-09,"Positive_interaction"
"ENSG00000116670.19","ENSG00000116670","MAD2L2","protein_coding",-0.850695283643599,1.24861286935919e-08,0.462371976528577,0.00292977266695089,1.31306726017218,232.979812924113,1.31306720343795,0.204043227674526,6.43524030864897,1.23278132505521e-10,1.28251736989951e-09,"Positive_interaction"
"ENSG00000225697.15","ENSG00000225697","SLC26A6","protein_coding",0.164218976401168,0.229870727071204,1.22020645594825,3.97019460159294e-24,1.05598747954708,506.088574315304,1.05598745110451,0.164123880749532,6.43408775299459,1.24217083407008e-10,1.2913586604981e-09,"Positive_interaction"
"ENSG00000168234.16","ENSG00000168234","TTC39C","protein_coding",0.371839226567197,0.00670416837548763,1.42902610768771,7.27240414053772e-38,1.05718688112051,199.76538262091,1.05718684813378,0.164495843932047,6.42683014271479,1.30292268839626e-10,1.35064060087543e-09,"Positive_interaction"
"ENSG00000279145.2","ENSG00000279145","ENSG00000279145","lncRNA",-0.73758694118834,0.169823580506786,3.04738790792067,2.04592195227338e-15,3.78497484910901,15.0255031502374,3.78497343502056,0.589146405900342,6.42450398935441,1.32300191993389e-10,1.36851847420999e-09,"Positive_interaction"
"ENSG00000187231.16","ENSG00000187231","SESTD1","protein_coding",0.851455063909024,2.32944898850646e-09,2.00363786897486,2.16993161538916e-61,1.15218280506584,438.658673484163,1.15218275893625,0.17939590599071,6.42256997211475,1.33992623741117e-10,1.38207907705072e-09,"Positive_interaction"
"ENSG00000185989.13","ENSG00000185989","RASA3","protein_coding",0.473003180520977,0.000400193023716208,1.53486878902058,1.11581900155389e-41,1.0618656084996,425.578463526837,1.06186557546432,0.165418214493704,6.41927842538004,1.36921785953515e-10,1.41028466385099e-09,"Positive_interaction"
"ENSG00000131503.23","ENSG00000131503","ANKHD1","protein_coding",0.129068238227758,0.768208656175764,2.83501765662952,8.41578945290409e-25,2.70594941840176,47.8052003482522,2.70594886126263,0.422081325678985,6.41096560457795,1.4460082073769e-10,1.48726408384003e-09,"Positive_interaction"
"ENSG00000137955.18","ENSG00000137955","RABGGTB","protein_coding",0.543000851784067,0.000873475448636625,1.86161452604258,1.02037314865049e-37,1.31861367425851,908.058366866313,1.31861361490766,0.20580941589643,6.40696446838582,1.48445396128212e-10,1.52356280502128e-09,"Positive_interaction"
"ENSG00000137947.14","ENSG00000137947","GTF2B","protein_coding",-0.00613553760481214,0.976222131800803,1.01025105630542,3.88756990721032e-20,1.01638659391023,253.864334893808,1.01638656697691,0.158743970002398,6.40267826841901,1.52674699496343e-10,1.56586110764403e-09,"Positive_interaction"
"ENSG00000166478.12","ENSG00000166478","ZNF143","protein_coding",0.580598012789659,3.27132231942252e-05,1.70722833819466,3.48733391043033e-44,1.126630325405,389.46102365348,1.12663028640369,0.176409400481336,6.38645266822322,1.69777949630589e-10,1.73147223507847e-09,"Positive_interaction"
"ENSG00000132017.13","ENSG00000132017","DCAF15","protein_coding",-0.103194579108277,0.515291846925778,1.01936632557877,9.85348432023451e-16,1.12256090468705,296.119958414939,1.12256086979748,0.175989770078798,6.37855751101251,1.78763714437484e-10,1.81417629525771e-09,"Positive_interaction"
"ENSG00000176244.8","ENSG00000176244","ACBD7","protein_coding",-0.708348064253725,1.64126967876579e-06,1.02129978398957,2.66309152222501e-05,1.7296478482433,97.1988363205904,1.72964768084626,0.271629578793166,6.36767059217551,1.91920540657772e-10,1.93684712758526e-09,"Positive_interaction"
"ENSG00000101447.16","ENSG00000101447","FAM83D","protein_coding",0.202057658525018,0.143748908614257,1.23095519227317,1.642421845249e-27,1.02889753374815,521.533677644428,1.02889750527533,0.16171254571999,6.36250886221834,1.98484582312758e-10,1.99752678255312e-09,"Positive_interaction"
"ENSG00000170873.21","ENSG00000170873","MTSS1","protein_coding",0.712929820534778,0.00380773493174259,3.21763430882223,3.45758053540206e-22,2.50470448828745,58.9070600838375,2.50470409934801,0.394087389389404,6.3557073044859,2.07469742591253e-10,2.07928873418565e-09,"Positive_interaction"
"ENSG00000115239.26","ENSG00000115239","ASB3","protein_coding",0.207344073094408,0.216941246711376,1.35154128306955,7.86843233244364e-32,1.14419720997514,208.957796417151,1.14419716324348,0.180233196543454,6.34842628986842,2.17528617541523e-10,2.17258768119348e-09,"Positive_interaction"
"ENSG00000198786.2","ENSG00000198786","MT-ND5","protein_coding",0.554463132728879,0.000141056251392092,1.75563504130912,5.35821959233705e-38,1.20117190858024,14133.840604805,1.20117186556379,0.189236647109734,6.34745903560245,2.18900239727168e-10,2.18478118052763e-09,"Positive_interaction"
"ENSG00000206075.16","ENSG00000206075","SERPINB5","protein_coding",0.650373600124995,0.00394911970038521,2.5077534161379,1.55471829937657e-31,1.8573798160129,485.353619863816,1.85737965658548,0.292899088566648,6.34136372931336,2.2774014680781e-10,2.26988322389188e-09,"Positive_interaction"
"ENSG00000167674.17","ENSG00000167674","HDGFL2","protein_coding",-0.396048769471272,0.00288593377758446,0.661290671003973,3.76259472565245e-08,1.05733944047524,495.987448892229,1.05733941073431,0.167387353673383,6.31672218677561,2.67169232592188e-10,2.64287816977883e-09,"Positive_interaction"
"ENSG00000159055.6","ENSG00000159055","MIS18A","protein_coding",-0.270997319002811,0.0787978224500275,0.859539529903891,2.23773410883203e-12,1.1305368489067,128.980786058395,1.13053681140108,0.179093855462323,6.31253824137433,2.74495602429357e-10,2.7116498094112e-09,"Positive_interaction"
"ENSG00000105438.11","ENSG00000105438","KDELR1","protein_coding",0.652601062410343,3.17706423648411e-07,1.71503002578265,3.71700527996941e-45,1.06242896337231,3737.58125362732,1.06242893308388,0.168766395859877,6.29526350711424,3.06878096962678e-10,3.01919713590165e-09,"Positive_interaction"
"ENSG00000245532.13","ENSG00000245532","NEAT1","lncRNA",0.117060627612442,0.58230972065301,1.50215546923531,1.00333043492456e-23,1.38509484162287,1022.59377305591,1.38509476280551,0.220239730914701,6.28903221527253,3.19451179660153e-10,3.13226420543636e-09,"Positive_interaction"
"ENSG00000110958.18","ENSG00000110958","PTGES3","protein_coding",0.0445546493857662,0.784492188646727,1.10856285488334,1.5124467312495e-19,1.06400820549757,5851.99102482637,1.06400817479822,0.16979375383946,6.26647418257939,3.6931458314565e-10,3.58960894630903e-09,"Positive_interaction"
"ENSG00000224781.1","ENSG00000224781","EIF4A2P4","processed_pseudogene",0.879428011160556,1.66042338560264e-05,2.50474558511545,2.82704968455443e-43,1.62531757395489,88.9758954999697,1.62531744515927,0.259801979187058,6.255985617373,3.95013151795596e-10,3.81635373054785e-09,"Positive_interaction"
"ENSG00000260552.4","ENSG00000260552","COSMOC","lncRNA",-0.371655164926592,0.101612885617277,1.3125453495621,5.08462833428585e-12,1.68420051448869,52.2274505047578,1.6842003905635,0.269305832313741,6.25385783922203,4.00435543956871e-10,3.86358981559452e-09,"Positive_interaction"
"ENSG00000170684.11","ENSG00000170684","ZNF296","protein_coding",-0.510651279724754,0.0188564784468589,1.09552763716528,3.32729528408513e-10,1.60617891689003,66.1977712607564,1.60617880767353,0.257051045665687,6.24848190566196,4.14461227581813e-10,3.9935984774705e-09,"Positive_interaction"
"ENSG00000119508.19","ENSG00000119508","NR4A3","protein_coding",-0.173074841197304,0.658671598790602,4.55609588107758,2.01216836063328e-10,4.72917072227488,18.8471413186771,4.72916801085455,0.757196238913839,6.24563061438116,4.22093635491228e-10,4.06174034896339e-09,"Positive_interaction"
"ENSG00000159685.13","ENSG00000159685","CHCHD6","protein_coding",-0.119549728494487,0.484030786138455,1.01703199042046,5.50195001021166e-16,1.13658171891495,157.989944191904,1.13658167903458,0.182826183500361,6.21673360606108,5.07610453051993e-10,4.81747916544171e-09,"Positive_interaction"
"ENSG00000132950.21","ENSG00000132950","ZMYM5","protein_coding",0.178632897332925,0.389105101845617,1.58915214954077,3.39330613692929e-24,1.41051925220785,480.590336862945,1.41051917226628,0.227044891547011,6.21251225982426,5.21441106719935e-10,4.94226587219444e-09,"Positive_interaction"
"ENSG00000056972.22","ENSG00000056972","TRAF3IP2","protein_coding",0.605067731518597,0.000193665132220978,1.90379418443377,4.83885298227751e-37,1.29872645291517,697.038597468157,1.29872639469195,0.209282030484402,6.20562783955187,5.44789639075662e-10,5.14032021224341e-09,"Positive_interaction"
"ENSG00000176407.20","ENSG00000176407","KCMF1","protein_coding",0.884295497194421,2.7646374558065e-08,2.18589754763463,4.90521740218782e-48,1.30160205044021,1853.15244496025,1.30160199197524,0.20981077370522,6.20369473401764,5.51527195263783e-10,5.19683492442311e-09,"Positive_interaction"
"ENSG00000163660.14","ENSG00000163660","CCNL1","protein_coding",-0.0915048330362857,0.578754700557116,0.981469285887982,2.76688047753562e-16,1.07297411892427,485.568458583524,1.07297408453486,0.173189946183905,6.19536011285261,5.8151919763614e-10,5.46168257429873e-09,"Positive_interaction"
"ENSG00000233588.1","ENSG00000233588","CYP51A1P2","processed_pseudogene",1.083673750187,3.41030234464507e-06,3.03156986808275,6.63897021756848e-39,1.94789611789575,63.5146867723833,1.94789590069627,0.314708249003747,6.18952921273152,6.03441693595201e-10,5.64927456303724e-09,"Positive_interaction"
"ENSG00000128482.18","ENSG00000128482","RNF112","protein_coding",0.11111010563677,0.841114419958746,4.22220761826185,6.25862335822864e-15,4.11109751262508,17.0489046398945,4.11109564554905,0.664364675051503,6.18801059106633,6.09282359081842e-10,5.69659351471874e-09,"Positive_interaction"
"ENSG00000024526.19","ENSG00000024526","DEPDC1","protein_coding",-0.497469790039388,0.00235686116216437,0.776439778075285,1.61125096866714e-07,1.27390956811467,306.226914683655,1.27390951373699,0.206245710648197,6.17665943079883,6.54720923277074e-10,6.1017463795057e-09,"Positive_interaction"
"ENSG00000219665.8","ENSG00000219665","ZNF433-AS1","lncRNA",0.196923312043818,0.551488422575,2.38897182121385,8.61446182635316e-22,2.19204850917003,45.6137946038918,2.19204821135121,0.354965243934624,6.17538829169125,6.60010588987792e-10,6.14709090977576e-09,"Positive_interaction"
"ENSG00000309250.1","ENSG00000309250","ENSG00000309250","lncRNA",0.835051385809064,0.0134888264897028,3.74837125927012,4.99142833548e-24,2.91331987346106,27.8762082189291,2.9133191725712,0.472173314701735,6.17002079927262,6.82810101561901e-10,6.3309558489028e-09,"Positive_interaction"
"ENSG00000125772.17","ENSG00000125772","GPCPD1","protein_coding",-0.482290961779992,0.020595619728199,0.958692272878977,6.98071606361516e-11,1.44098323465897,418.609908581194,1.44098313621696,0.233721529071681,6.16538468638473,7.03119938964049e-10,6.4984784154764e-09,"Positive_interaction"
"ENSG00000175063.19","ENSG00000175063","UBE2C","protein_coding",-0.246429083756145,0.106352985433398,0.896747497434237,2.90059806964489e-11,1.14317658119038,1004.92782944028,1.14317654181941,0.18558006171036,6.16001811446531,7.27366236132822e-10,6.70120247554791e-09,"Positive_interaction"
"ENSG00000104687.16","ENSG00000104687","GSR","protein_coding",0.553045229121184,4.33037644498734e-05,1.6236866525989,1.22508212158345e-39,1.07064142347772,1744.62552398519,1.07064138951318,0.173833658324412,6.15899935509113,7.3206024854653e-10,6.74016335574098e-09,"Positive_interaction"
"ENSG00000162840.4","ENSG00000162840","MT2P1","processed_pseudogene",-0.690886262479577,0.22198179654174,6.64533057497633,3.62812144203475e-09,7.33621683745591,22.842243111068,7.33620669055018,1.19190981681733,6.15500148336688,7.50767928516733e-10,6.90801829845365e-09,"Positive_interaction"
"ENSG00000141867.20","ENSG00000141867","BRD4","protein_coding",-0.0503367463115897,0.788842768999621,1.15075237713785,3.82262141037178e-16,1.20108912344944,2182.34938309103,1.20108907744854,0.195560699930205,6.14177121414066,8.16063411618654e-10,7.4661559098343e-09,"Positive_interaction"
"ENSG00000167767.15","ENSG00000167767","KRT80","protein_coding",0.834773961486027,6.24678310740327e-09,2.00284340228281,1.43431079617232e-48,1.16806944079678,2528.8903383895,1.1680693980403,0.190480866482377,6.13221379979584,8.66645257118871e-10,7.87622482715623e-09,"Positive_interaction"
"ENSG00000130775.18","ENSG00000130775","THEMIS2","protein_coding",2.29067815340953,1.07733835942256e-09,5.56817414112353,5.04661590835631e-42,3.277495987714,54.9132485238056,3.27749476387911,0.535992997013896,6.11480892873334,9.66727222716596e-10,8.73974479825883e-09,"Positive_interaction"
"ENSG00000144136.13","ENSG00000144136","SLC20A1","protein_coding",0.458110504532685,0.0141431167852699,1.89315181115665,5.19366637354232e-29,1.43504130662397,1376.1048245933,1.43504122691193,0.235153661841366,6.10256806411124,1.04377637382427e-09,9.41282340352293e-09,"Positive_interaction"
"ENSG00000132196.18","ENSG00000132196","HSD17B7","protein_coding",0.735798410224543,0.000504220390884552,2.31193379381986,4.53975776685009e-40,1.57613538359532,86.0367432017197,1.57613525547558,0.258283589956461,6.10234376772165,1.04524261708321e-09,9.42018408381209e-09,"Positive_interaction"
"ENSG00000109107.16","ENSG00000109107","ALDOC","protein_coding",3.5233742307548,5.93698522609605e-91,4.99410054950983,5.47203409336867e-184,1.47072631875503,1075.08804940407,1.4707262140306,0.241266031967054,6.09586936892732,1.08844272507087e-09,9.79733662840187e-09,"Positive_interaction"
"ENSG00000127452.10","ENSG00000127452","FBXL12","protein_coding",-0.226396334975671,0.142241811411614,0.884579894467969,9.9660235981271e-12,1.11097622944364,196.712825663286,1.11097619220326,0.182344284487248,6.09273932181269,1.1099472756473e-09,9.98470261867205e-09,"Positive_interaction"
"ENSG00000089737.21","ENSG00000089737","DDX24","protein_coding",0.766773323283511,1.37907616039268e-08,1.85435872246335,2.03751030905802e-47,1.08758539917984,1516.96005413298,1.0875853639166,0.178720578435772,6.08539527700473,1.16204259077547e-09,1.04339041050298e-08,"Positive_interaction"
"ENSG00000229891.5","ENSG00000229891","LINC01315","lncRNA",-0.211088019926567,0.527643954449265,2.41243281328952,6.73979353920818e-12,2.62352083321609,31.6448577945716,2.62352034312107,0.431444088810821,6.08078870741331,1.19592803953722e-09,1.07182369505092e-08,"Positive_interaction"
"ENSG00000081803.19","ENSG00000081803","CADPS2","protein_coding",0.0694726139803677,0.715634791337216,1.20480881247566,2.29431425628171e-22,1.13533619849529,168.016002200368,1.13533615286497,0.187414912016706,6.05787522800622,1.37931315582015e-09,1.2255675201806e-08,"Positive_interaction"
"ENSG00000179361.20","ENSG00000179361","ARID3B","protein_coding",-0.0420796537757418,0.87040516318303,1.5134702072878,1.63029465456644e-16,1.55554986106354,109.769832728453,1.55554975603135,0.257136893071549,6.04950047210267,1.45295639144883e-09,1.28627025197779e-08,"Positive_interaction"
"ENSG00000013441.19","ENSG00000013441","CLK1","protein_coding",0.386105869886552,0.0283032216421327,1.67325010970512,1.40450612737196e-29,1.28714423981857,674.704592506766,1.28714417597388,0.212817838961499,6.0481028388167,1.46561398028582e-09,1.29589248336194e-08,"Positive_interaction"
"ENSG00000033327.14","ENSG00000033327","GAB2","protein_coding",0.632888297711035,0.0375469958386061,2.4547797521991,1.0746280584622e-67,1.82189145448807,597.820825510796,1.82189106919777,0.301403273616149,6.04469569072442,1.49692265649046e-09,1.31955006921288e-08,"Positive_interaction"
"ENSG00000170523.3","ENSG00000170523","KRT83","protein_coding",-1.26856528151498,0.00390400026080424,2.85402544993044,7.35603106474199e-07,4.12259073144542,272.225602085103,4.12258867280809,0.684392463476031,6.02372015008676,1.7045298858205e-09,1.49076928819014e-08,"Positive_interaction"
"ENSG00000140807.8","ENSG00000140807","NKD1","protein_coding",-0.415288969194435,0.0651284332586865,1.29754264442072,9.61880942548799e-10,1.71283161361516,4736.21510176792,1.71283146753611,0.284497833829766,6.02054308983249,1.73832820297674e-09,1.51758146491198e-08,"Positive_interaction"
"ENSG00000241095.1","ENSG00000241095","CYP51A1P1","processed_pseudogene",0.849504749349596,0.000855684653330115,2.84157908509369,3.35792314274796e-32,1.99207433574409,62.6932520520575,1.99207409577415,0.331012948341121,6.01811532073737,1.76459468986637e-09,1.53865861886543e-08,"Positive_interaction"
"ENSG00000112511.20","ENSG00000112511","PHF1","protein_coding",1.92616435570917,4.16572388461189e-35,3.13703692948718,1.83677966866741e-119,1.21087257377801,915.322853053985,1.2108725017523,0.201270601584145,6.01614191154526,1.78622995020432e-09,1.55658715804936e-08,"Positive_interaction"
"ENSG00000040608.15","ENSG00000040608","RTN4R","protein_coding",1.49507953138979,6.68923078804066e-08,3.64920884639011,1.1427223561488e-47,2.15412931500032,153.089995071809,2.15412899467558,0.358176980314968,6.01414695266377,1.80836411843212e-09,1.5739827510101e-08,"Positive_interaction"
"ENSG00000141504.14","ENSG00000141504","SAT2","protein_coding",0.989302907978569,1.26534778878745e-08,2.28526362181764,7.71944260000414e-57,1.29596071383907,371.844320861141,1.29596063457675,0.215891389012535,6.00283615064196,1.93900267863799e-09,1.67861570004909e-08,"Positive_interaction"
"ENSG00000131480.10","ENSG00000131480","AOC2","protein_coding",1.61116875758126,1.13310517645101e-05,5.49194517108613,1.45161243387472e-22,3.88077641350487,35.3519196448083,3.88077471050696,0.64686818540121,5.99932845375595,1.98135222458183e-09,1.71220968626355e-08,"Positive_interaction"
"ENSG00000198910.16","ENSG00000198910","L1CAM","protein_coding",-0.509159515814894,0.133200445443531,2.39591203038281,2.1003924691057e-09,2.9050715461977,47.934663166218,2.90507084553067,0.484545582092458,5.99545420058405,2.02917480409679e-09,1.75040483696254e-08,"Positive_interaction"
"ENSG00000135899.22","ENSG00000135899","SP110","protein_coding",-0.493364937903819,0.00449061802955511,0.871913524607306,3.43165961585379e-07,1.36527846251112,82.488290255982,1.36527839123889,0.227779577526496,5.99385777278508,2.0492061131546e-09,1.76453327343057e-08,"Positive_interaction"
"ENSG00000198858.12","ENSG00000198858","R3HDM4","protein_coding",-0.593260782789188,0.000221361486782065,0.635538575631641,1.75100878954022e-05,1.22879935842083,956.481113668873,1.22879930621136,0.205020102347992,5.99355522769983,2.05302397615278e-09,1.76572246067692e-08,"Positive_interaction"
"ENSG00000269821.2","ENSG00000269821","KCNQ1OT1","lncRNA",0.516002471532582,0.0876425033334937,2.58551539514454,3.9297677792179e-29,2.06951292361196,47.7756433977544,2.06951262800926,0.345456154504783,5.99066654631163,2.08982737902543e-09,1.79311890922656e-08,"Positive_interaction"
"ENSG00000168003.21","ENSG00000168003","SLC3A2","protein_coding",0.154118506546108,0.45145408172806,1.53536900443655,3.06775579415612e-20,1.38125049789044,5322.41094398928,1.3812504243015,0.230741618063324,5.98613477661595,2.14886327104126e-09,1.83941680590254e-08,"Positive_interaction"
"ENSG00000159753.16","ENSG00000159753","CARMIL2","protein_coding",-0.0789149958259443,0.894711426085659,3.34000314378617,1.19279510102634e-16,3.41891813961211,23.5231104658778,3.41891693743347,0.57304662383173,5.96621076758565,2.42826582378649e-09,2.05912395074978e-08,"Positive_interaction"
"ENSG00000154429.12","ENSG00000154429","CCSAP","protein_coding",0.196438810876062,0.175195495698602,1.23986042603994,3.67777051807651e-22,1.04342161516388,369.684252657397,1.04342158306054,0.175296812245603,5.95231350584195,2.64378317362614e-09,2.22883686749214e-08,"Positive_interaction"
"ENSG00000153234.18","ENSG00000153234","NR4A2","protein_coding",-0.0838352812324329,0.675555789054658,1.28117842483803,5.17161710877088e-13,1.36501370607046,96.3426520304352,1.36501363350352,0.229344324604754,5.95180907945272,2.6519462791491e-09,2.23441892310633e-08,"Positive_interaction"
"ENSG00000143977.16","ENSG00000143977","SNRPG","protein_coding",-0.194681846143081,0.168552364259158,0.80772671000826,3.351319381348e-11,1.00240855615134,189.607623629606,1.00240852766024,0.16845411237318,5.95063257013036,2.6710811748758e-09,2.24792731627759e-08,"Positive_interaction"
"ENSG00000169679.17","ENSG00000169679","BUB1","protein_coding",-0.00279303963527255,0.994761966202106,1.354791049465,1.63015647609942e-16,1.35758408910027,1050.09607908206,1.35758401775841,0.228382270099328,5.94434943293962,2.77556955029046e-09,2.32640566355173e-08,"Positive_interaction"
"ENSG00000187193.11","ENSG00000187193","MT1X","protein_coding",-0.738568915832342,0.333625899547995,4.67105332229634,6.56895609392965e-12,5.40962223812868,47.3531175640961,5.40961774460292,0.910230842253985,5.94312727440349,2.79635144995859e-09,2.3411164189948e-08,"Positive_interaction"
"ENSG00000130222.13","ENSG00000130222","GADD45G","protein_coding",0.507266232336291,0.0470800313636255,2.87041875937484,1.37164074631735e-17,2.36315252703855,58.0494594011609,2.36315215054607,0.397700832211711,5.94203471338997,2.81505786004572e-09,2.35541677296666e-08,"Positive_interaction"
"ENSG00000138101.22","ENSG00000138101","DTNB","protein_coding",-0.235344268162309,0.178331964212019,0.895174910907839,4.15167044925301e-13,1.13051917907015,173.167654963231,1.13051913247025,0.190570842513967,5.93227755913077,2.98761003141455e-09,2.48830141237124e-08,"Positive_interaction"
"ENSG00000162616.11","ENSG00000162616","DNAJB4","protein_coding",0.505018805752737,0.0197037601038156,2.08229453773035,1.1405350901109e-28,1.57727573197761,167.022111000507,1.57727561273088,0.266039741487499,5.92872179138316,3.05301840517448e-09,2.53694625732732e-08,"Positive_interaction"
"ENSG00000112640.18","ENSG00000112640","PPP2R5D","protein_coding",0.494580707700086,0.00226562937512746,1.71791470446473,5.10231440193634e-31,1.22333399676464,959.97236088205,1.22333394386568,0.206624255879976,5.92057277426464,3.20822288106468e-09,2.65829422483644e-08,"Positive_interaction"
"ENSG00000157514.20","ENSG00000157514","TSC22D3","protein_coding",0.407910675592437,0.0380645983237873,1.86350101769696,1.66652942433201e-25,1.45559034210452,864.454877242872,1.45559025399643,0.245973087476103,5.91768095010737,3.26512556093294e-09,2.70389712165944e-08,"Positive_interaction"
"ENSG00000011007.15","ENSG00000011007","ELOA","protein_coding",-0.00689672219150195,0.977098798245739,1.10770341246124,1.39030394495328e-16,1.11460013465274,725.840407804264,1.11460009410212,0.188385303191306,5.91659792574288,3.28668824104209e-09,2.72019908561861e-08,"Positive_interaction"
"ENSG00000204681.13","ENSG00000204681","GABBR1","protein_coding",0.287740753419745,0.368305865190706,2.23543544731901,3.82704085739819e-27,1.94769469389927,145.719250258876,1.94769442250705,0.329352214227629,5.9137128531977,3.34480794103307e-09,2.76041894541294e-08,"Positive_interaction"
"ENSG00000078804.15","ENSG00000078804","TP53INP2","protein_coding",0.719740865397895,0.0029444930927577,2.49472350432879,1.15540807896217e-32,1.77498263893089,267.381528899294,1.77498246402929,0.300301255481965,5.91067280481581,3.40713208946374e-09,2.80546353639253e-08,"Positive_interaction"
"ENSG00000026950.20","ENSG00000026950","BTN3A1","protein_coding",-0.0112430436133796,0.961991076032052,1.18849624228982,1.53888115484028e-16,1.1997392859032,144.465565575565,1.19973923526622,0.203057422736083,5.90837418844586,3.45500526497677e-09,2.83843176304101e-08,"Positive_interaction"
"ENSG00000140044.15","ENSG00000140044","JDP2","protein_coding",0.0151616005547521,0.943683598329234,1.2040146909958,2.76166058819006e-16,1.18885309044105,627.11409520638,1.18885304219425,0.201349438448699,5.90442690753842,3.53874718848778e-09,2.90558211079688e-08,"Positive_interaction"
"ENSG00000151632.20","ENSG00000151632","AKR1C2","protein_coding",1.89710037373982,1.05757736982616e-14,3.73293340003864,1.80265655899264e-71,1.83583302629882,281.621662567389,1.83583278374649,0.311042495426424,5.90219282169034,3.58701572704212e-09,2.94354654112652e-08,"Positive_interaction"
"ENSG00000104808.9","ENSG00000104808","DHDH","protein_coding",-0.278830494278653,0.618472736460962,3.58866222482292,2.00642982534957e-12,3.86749271910157,12.15330492002,3.86749099341048,0.655574624281435,5.89939093150467,3.64845857351769e-09,2.98888986135774e-08,"Positive_interaction"
"ENSG00000125746.20","ENSG00000125746","EML2","protein_coding",0.584694261434981,0.000220099457329266,1.77668437047687,1.3839542904088e-34,1.19199010904189,988.119856031138,1.19199005832921,0.20315571978361,5.86737139175234,4.42758189556206e-09,3.59062769056997e-08,"Positive_interaction"
"ENSG00000134222.18","ENSG00000134222","PSRC1","protein_coding",-0.339054145145422,0.0140020433251505,0.668334105534697,6.41030172132962e-08,1.00738825068012,190.800907427114,1.00738822097689,0.171727272666102,5.86620986484546,4.45869395985606e-09,3.61181625859329e-08,"Positive_interaction"
"ENSG00000291110.2","ENSG00000291110","TRIM16L","lncRNA",0.153147314039883,0.683773048924037,2.11760720579325,7.17081356646934e-31,1.96445989175337,58.784535447436,1.96445957687248,0.335191847049769,5.86070214464613,4.60914072411404e-09,3.72951799965721e-08,"Positive_interaction"
"ENSG00000131979.22","ENSG00000131979","GCH1","protein_coding",0.102515933984125,0.533212594679649,1.15836661596676,2.19882498342074e-19,1.05585068198263,240.152640409729,1.05585064697757,0.180248818574457,5.85773962530254,4.69209520375544e-09,3.79029229056989e-08,"Positive_interaction"
"ENSG00000066735.18","ENSG00000066735","KIF26A","protein_coding",-1.05943552386782,1.34919860029284e-08,1.75797714212939,0.000163215603986584,2.81741266599721,241.739569458498,2.8174117211969,0.481070443955229,5.85654711612069,4.72589557779483e-09,3.81334513994447e-08,"Positive_interaction"
"ENSG00000100593.20","ENSG00000100593","ISM2","protein_coding",-0.284105877975102,0.155781672712468,1.53855084398781,1.0316089580807e-08,1.82265672196291,86.1871521598806,1.82265652063597,0.31126814889987,5.85558312688874,4.75339187270764e-09,3.83224716231653e-08,"Positive_interaction"
"ENSG00000179532.14","ENSG00000179532","DNHD1","protein_coding",0.478939644879244,0.0389583143953838,2.01297985534148,8.21009879840903e-33,1.53404021046224,91.1020149347472,1.53404007626876,0.262547751157169,5.8428993183432,5.13000253785621e-09,4.11463027956804e-08,"Positive_interaction"
"ENSG00000224032.10","ENSG00000224032","EPB41L4A-AS1","lncRNA",0.626874127745533,3.84782843739528e-05,1.75700346677892,1.61414368929589e-38,1.13012933903339,703.266207149223,1.13012929271215,0.193446146581552,5.84208738547149,5.15507508475145e-09,4.12975943218452e-08,"Positive_interaction"
"ENSG00000118257.18","ENSG00000118257","NRP2","protein_coding",0.0555804404069745,0.830564658929156,1.62011222612241,9.57318637719042e-17,1.56453178571544,480.746931773825,1.56453167339498,0.267868516601455,5.84067024092552,5.19912255846042e-09,4.15815033759429e-08,"Positive_interaction"
"ENSG00000166200.17","ENSG00000166200","COPS2","protein_coding",0.622708633944164,7.15602171982605e-05,1.81594656323562,6.13369320935741e-35,1.19323792929146,1273.83938530507,1.1932378791909,0.204344173647251,5.83935356655055,5.24037525587116e-09,4.18652250320203e-08,"Positive_interaction"
"ENSG00000197860.12","ENSG00000197860","SGTB","protein_coding",-0.987903292029631,7.17780776581316e-08,0.231964724997853,0.0702828470892088,1.21986801702748,150.996540734904,1.21986795718173,0.209257434255479,5.82950833513715,5.55909203802852e-09,4.42407258732066e-08,"Positive_interaction"
"ENSG00000244462.10","ENSG00000244462","RBM12","protein_coding",-0.178852366466954,0.264534907758596,0.914879590370956,1.92069067784689e-11,1.09373195683791,887.130431337014,1.09373191828308,0.187720402138854,5.82638810604116,5.66398118540642e-09,4.50013241989638e-08,"Positive_interaction"
"ENSG00000176438.15","ENSG00000176438","SYNE3","protein_coding",-1.08741170230772,2.45681626352579e-12,0.149551166450988,0.37997147152229,1.23696286875871,248.56909951578,1.23696281008515,0.212491398545478,5.82123708795871,5.84136373073385e-09,4.63344516616283e-08,"Positive_interaction"
"ENSG00000099139.16","ENSG00000099139","PCSK5","protein_coding",-0.648069431311285,0.000480219429405465,2.46268698239018,2.6974093552044e-06,3.11075641370146,75.4774953597345,3.11075535162929,0.534948559149334,5.81505510843128,6.06139140188428e-09,4.79223590813459e-08,"Positive_interaction"
"ENSG00000135074.18","ENSG00000135074","ADAM19","protein_coding",1.12579522054391,1.51823237390685e-07,4.73684225696976,3.67675923609088e-15,3.61104703642585,99.7737974079338,3.61104562342283,0.621448173775597,5.81069472211011,6.22141218945991e-09,4.90804057973071e-08,"Positive_interaction"
"ENSG00000137449.17","ENSG00000137449","CPEB2","protein_coding",0.948186080109812,6.7190492500939e-07,2.37536984934601,8.85365616490223e-43,1.4271837692362,209.758120080721,1.42718367311931,0.246182275634794,5.79726411838238,6.74054904707567e-09,5.28021820487679e-08,"Positive_interaction"
"ENSG00000113758.16","ENSG00000113758","DBN1","protein_coding",-1.68412537731943,1.78687354111489e-06,0.36502396417273,0.0100955810130237,2.04914934149216,77.1237950625368,2.0491490340017,0.35429289303001,5.78377120827013,7.30442720822435e-09,5.68589160112343e-08,"Positive_interaction"
"ENSG00000188372.16","ENSG00000188372","ZP3","protein_coding",0.150350259930358,0.324565038204749,1.1505895234457,5.22954328071353e-21,1.00023926351534,390.163375378703,1.00023923246434,0.173060594880328,5.77970527118557,7.48316011078314e-09,5.8179161118814e-08,"Positive_interaction"
"ENSG00000092208.21","ENSG00000092208","GEMIN2","protein_coding",-0.487766078578093,0.00468559307214195,0.727277858673308,7.09193672372065e-07,1.2150439372514,91.4173700165182,1.2150438829789,0.210386823981618,5.7752850676859,7.6822908048433e-09,5.96313649404334e-08,"Positive_interaction"
"ENSG00000121671.14","ENSG00000121671","CRY2","protein_coding",1.16036941052441,5.34293321329621e-11,2.49487218570371,5.69986465299652e-53,1.3345027751793,628.612779764583,1.33450269645633,0.231444624639014,5.7659697153812,8.11896389858859e-09,6.26517704038051e-08,"Positive_interaction"
"ENSG00000128591.19","ENSG00000128591","FLNC","protein_coding",-0.844699747412795,0.0695017948634097,2.89580106788458,3.0690018671124e-08,3.74050081529737,24.5604318463501,3.74049923232085,0.648821939112862,5.76506281127802,8.16274350639227e-09,6.29560824346125e-08,"Positive_interaction"
"ENSG00000269893.11","ENSG00000269893","SNHG8","lncRNA",-0.0798152331769256,0.670786566868323,1.05769754649992,7.23163560457773e-14,1.13751277967685,676.104987496577,1.13751273465965,0.197500842545846,5.75953357968887,8.43466791359564e-09,6.49151393541306e-08,"Positive_interaction"
"ENSG00000267519.7","ENSG00000267519","MIR23AHG","lncRNA",-0.171084961861339,0.481986998183278,1.42341865225989,2.86339869813427e-12,1.59450361412123,55.3333619140607,1.59450349127856,0.277053439444875,5.75521998381765,8.65290402783523e-09,6.65593870336455e-08,"Positive_interaction"
"ENSG00000113924.14","ENSG00000113924","HGD","protein_coding",0.353498832349405,0.0503137710724615,1.56974622758099,6.42928668589977e-28,1.21624739523158,166.5507474638,1.21624733315875,0.211438868783672,5.752241014887,8.80681222005403e-09,6.77073329936461e-08,"Positive_interaction"
"ENSG00000213015.11","ENSG00000213015","ZNF580","protein_coding",-0.615881823577581,0.00410608364590443,0.956545696432358,1.79176958893512e-06,1.57242752000994,68.5122464943254,1.5724274022786,0.273747745525609,5.74407434574286,9.24251760684318e-09,7.0837027320997e-08,"Positive_interaction"
"ENSG00000184292.7","ENSG00000184292","TACSTD2","protein_coding",2.00105044777435,9.53475389024562e-27,4.12105555232147,3.92436754579623e-36,2.12000510454712,270.196831224201,2.12000481248319,0.369423535197381,5.73868368010305,9.54152418479211e-09,7.29302576402992e-08,"Positive_interaction"
"ENSG00000117399.16","ENSG00000117399","CDC20","protein_coding",0.134420717182472,0.536075590503241,1.51896281424045,4.71923569796194e-18,1.38454209705798,884.402175296039,1.38454201620405,0.241638408462808,5.72980936686296,1.0054356259911e-08,7.66076398100052e-08,"Positive_interaction"
"ENSG00000072415.12","ENSG00000072415","PALS1","protein_coding",0.724902964044437,7.83138058127013e-08,1.76410294180111,2.51211814721756e-40,1.03919997775667,541.653202636114,1.03919994338326,0.181489646374388,5.72594615804988,1.02858842029224e-08,7.81252798054252e-08,"Positive_interaction"
"ENSG00000174456.17","ENSG00000174456","C12orf76","protein_coding",0.0195771057605427,0.936446810612784,1.31460411486728,3.48094950705914e-16,1.29502700910674,133.33757610565,1.29502694126098,0.226220641476148,5.72461881820598,1.03666233744757e-08,7.86972791738615e-08,"Positive_interaction"
"ENSG00000088448.16","ENSG00000088448","ANKRD10","protein_coding",0.487708510147077,0.0028117582884738,1.66592389173291,6.26955954652797e-30,1.17821538158583,968.825442322004,1.1782153297598,0.206033358670996,5.71856585438298,1.07426882018059e-08,8.13816191430067e-08,"Positive_interaction"
"ENSG00000110711.13","ENSG00000110711","AIP","protein_coding",0.841721576001823,5.36781993986238e-09,1.92796658287289,1.48967429750547e-45,1.08624500687107,788.600281029751,1.08624496614646,0.190362454799938,5.70619331048262,1.15530783518286e-08,8.72016726430728e-08,"Positive_interaction"
"ENSG00000011638.13","ENSG00000011638","LDAF1","protein_coding",1.49522252427308,1.71777261665388e-15,2.93126376865176,1.85680865646497e-59,1.43604124437868,561.007836426145,1.4360411479004,0.251948063420276,5.69975068831917,1.19982766584918e-08,9.01862164599914e-08,"Positive_interaction"
"ENSG00000139112.13","ENSG00000139112","GABARAPL1","protein_coding",1.93400711647566,4.85243109028215e-29,3.27752443007936,1.84369968737876e-83,1.3435173136037,664.122842399309,1.34351723332067,0.235964191025623,5.69373355966024,1.24290993848717e-08,9.31903243253155e-08,"Positive_interaction"
"ENSG00000198901.16","ENSG00000198901","PRC1","protein_coding",-0.156810539904757,0.459451215160447,1.18878631919459,2.6187942212749e-12,1.34559685909935,64.3439810477203,1.34559678277543,0.236590071020705,5.68746091909187,1.28942098199637e-08,9.63210766551103e-08,"Positive_interaction"
"ENSG00000104976.15","ENSG00000104976","SNAPC2","protein_coding",-0.438679022091522,0.0636989775146918,1.06266802532093,4.5275960003767e-10,1.50134704741245,155.591676307728,1.50134692778216,0.264399733611812,5.67832239190685,1.36022167121223e-08,1.01037070523873e-07,"Positive_interaction"
"ENSG00000204839.10","ENSG00000204839","MROH6","protein_coding",-0.156528649976033,0.401567763873389,1.18295756221887,2.49563654642205e-10,1.3394862121949,125.16211768788,1.33948613391943,0.235899455594175,5.67820782182639,1.36113284057503e-08,1.01052956586134e-07,"Positive_interaction"
"ENSG00000173535.17","ENSG00000173535","TNFRSF10C","protein_coding",-0.189435856181058,0.735996118105904,2.94007051259602,1.34602187351641e-15,3.12950636877708,18.5497108795407,3.12950531619349,0.551313997450309,5.67644814147052,1.37520219647496e-08,1.0194081959752e-07,"Positive_interaction"
"ENSG00000144730.21","ENSG00000144730","IL17RD","protein_coding",-0.640656638912079,2.47208050276859e-06,0.402504813227627,0.00406406858579464,1.04316145213971,274.381441775295,1.04316141555363,0.183821065853824,5.67487415388592,1.38790649171113e-08,1.02724927874759e-07,"Positive_interaction"
"ENSG00000175573.8","ENSG00000175573","C11orf68","protein_coding",0.187950541881565,0.267521717848893,1.30106273561189,1.59400838478895e-20,1.11311219373032,297.079062825897,1.11311214990212,0.196228536951703,5.67252942509625,1.40704342750297e-08,1.04088174330644e-07,"Positive_interaction"
"ENSG00000230074.6","ENSG00000230074","ENSG00000230074","lncRNA",-0.0960587977728233,0.807077039600265,2.46777743249426,6.47792259837533e-12,2.56383623026708,24.3953182773327,2.56383570128766,0.453586011680634,5.6523694189512,1.58251014550013e-08,1.16179012302877e-07,"Positive_interaction"
"ENSG00000100814.21","ENSG00000100814","CCNB1IP1","protein_coding",0.455862829693384,0.00435149497938192,1.59228097169113,1.97431995529199e-28,1.13641814199775,1939.90257594051,1.13641809439983,0.201727404699263,5.63343436700634,1.76655767048857e-08,1.28712688590851e-07,"Positive_interaction"
"ENSG00000100483.16","ENSG00000100483","VCPKMT","protein_coding",0.307709244399766,0.125239910117025,1.69057151281483,4.44945984227406e-21,1.38286226841506,73.9274724989438,1.38286218241444,0.245597716642275,5.63059869334473,1.79585141858474e-08,1.30649993765713e-07,"Positive_interaction"
"ENSG00000073605.21","ENSG00000073605","GSDMB","protein_coding",0.196647884019295,0.49006070890747,2.0169634647951,1.92884053504684e-17,1.8203155807758,150.530770260893,1.82031538950535,0.323713972897328,5.62322155331459,1.87428766796175e-08,1.3594683125176e-07,"Positive_interaction"
"ENSG00000123975.7","ENSG00000123975","CKS2","protein_coding",0.262606955359324,0.0925373308393336,1.33564714343791,3.88866920877348e-22,1.07304018807859,1067.91670321033,1.07304014894354,0.190840105447095,5.62271827732253,1.87975821059258e-08,1.36275417648362e-07,"Positive_interaction"
"ENSG00000111144.12","ENSG00000111144","LTA4H","protein_coding",0.560806732756387,0.000183478310758565,1.65700535922925,7.06084380699428e-32,1.09619862647286,1683.61168015182,1.09619858469706,0.195114924564122,5.61822006771611,1.9293466521471e-08,1.39382311480138e-07,"Positive_interaction"
"ENSG00000169242.14","ENSG00000169242","EFNA1","protein_coding",0.778759383931605,6.41915874554778e-07,1.92666849578865,8.46148470268407e-40,1.14790911185704,750.799511847206,1.14790906214735,0.204477391962725,5.6138678761934,1.97853309645673e-08,1.42651251909706e-07,"Positive_interaction"
"ENSG00000171970.16","ENSG00000171970","ZNF57","protein_coding",0.506685290596936,0.00281464315811792,1.66303565265368,2.24324656317345e-32,1.15635036205674,133.265180251901,1.15635030511428,0.206111409317016,5.61031681334884,2.01956550154713e-08,1.45392663926582e-07,"Positive_interaction"
"ENSG00000140548.12","ENSG00000140548","ZNF710","protein_coding",-0.205175846101374,0.169357379237518,0.81726886097743,1.55936275519319e-09,1.0224447070788,581.955216368227,1.02244467255968,0.18236634288983,5.60654261284033,2.0640817438344e-08,1.48302789447933e-07,"Positive_interaction"
"ENSG00000112039.8","ENSG00000112039","FANCE","protein_coding",-0.358071243065004,0.075234082556959,0.953023147012012,3.50427928910515e-09,1.31109439007702,142.87711528167,1.31109431491365,0.23456697984265,5.5894240348456,2.27824004028893e-08,1.62481568227693e-07,"Positive_interaction"
"ENSG00000137726.19","ENSG00000137726","FXYD6","protein_coding",-0.539349664540798,0.315159483026087,2.60833508644463,7.12951763386372e-13,3.14768475098543,15.4289302498274,3.14768365556678,0.565113423820805,5.57000333540988,2.54734458863405e-08,1.80254481340257e-07,"Positive_interaction"
"ENSG00000276900.1","ENSG00000276900","AMN1-AS1","lncRNA",0.865960684627935,0.170742853208782,4.34510927590972,3.33189641431882e-39,3.47914859128178,64.214635687431,3.47914641358654,0.626031559530978,5.55746169760693,2.73726024867417e-08,1.92098670817366e-07,"Positive_interaction"
"ENSG00000185187.16","ENSG00000185187","SIGIRR","protein_coding",-0.555302435016336,9.4294221976108e-05,0.457615547798592,0.000564525759807574,1.01291798281493,443.558059206012,1.01291794908978,0.182425156713395,5.55251242393703,2.81592695928408e-08,1.97142094173647e-07,"Positive_interaction"
"ENSG00000187994.15","ENSG00000187994","RINL","protein_coding",-0.677267890684652,0.0621171790649951,1.88670387788623,5.51171767567732e-08,2.56397176857088,25.3181943751469,2.56397122212964,0.461927498527347,5.5505923122216,2.84703326310502e-08,1.99223592703612e-07,"Positive_interaction"
"ENSG00000110921.16","ENSG00000110921","MVK","protein_coding",0.578908835415388,0.00208329794032674,1.94728026856483,9.27583920694169e-27,1.36837143314944,233.927700866383,1.36837134963566,0.246642358634964,5.5479981508808,2.88958932218739e-08,2.02006408379834e-07,"Positive_interaction"
"ENSG00000182600.11","ENSG00000182600","SNORC","protein_coding",-1.17934291217265,5.7574222959334e-11,0.23530999997442,0.257248754538777,1.41465291214707,126.133499324138,1.41465281010791,0.254990890940262,5.54785625828227,2.89193472327482e-08,2.02072893007226e-07,"Positive_interaction"
"ENSG00000078401.9","ENSG00000078401","EDN1","protein_coding",-0.873538308964661,1.15827469417101e-05,0.582723121893951,0.00304706911678623,1.45626143085861,50.2876581993514,1.45626132853867,0.263026629651912,5.53655472248525,3.08479487212472e-08,2.14308951518847e-07,"Positive_interaction"
"ENSG00000174775.20","ENSG00000174775","HRAS","protein_coding",-0.118077217693038,0.63218535886863,1.28759253605912,2.48294875332475e-13,1.40566975375216,305.397191693931,1.40566965641186,0.254203310546497,5.52970633383922,3.20767311064286e-08,2.22419132628882e-07,"Positive_interaction"
"ENSG00000204618.11","ENSG00000204618","RNF39","protein_coding",0.876918695484787,0.000145534130049305,2.62358405507289,5.12746546320879e-28,1.7466653595881,63.8090441572647,1.7466651764741,0.31612248246656,5.52527983092395,3.2896087041465e-08,2.27882453826439e-07,"Positive_interaction"
"ENSG00000072163.22","ENSG00000072163","LIMS2","protein_coding",-1.48020189179981,0.00623625559933928,3.14158062335512,8.76471901273778e-06,4.62178251515493,21.2944143497029,4.62177923957969,0.837523939666507,5.51838463437837,3.4212995665827e-08,2.35989877767332e-07,"Positive_interaction"
"ENSG00000228502.1","ENSG00000228502","EEF1A1P11","processed_pseudogene",-0.0943448666941057,0.578820677866381,0.968996792481342,2.10358943833335e-11,1.06334165917545,124.598907080137,1.06334161953606,0.192727720248088,5.51732578047039,3.4419702167156e-08,2.37077150098111e-07,"Positive_interaction"
"ENSG00000152137.9","ENSG00000152137","HSPB8","protein_coding",1.06376988111062,0.121335889376982,4.79968016448508,3.07292902697839e-44,3.73591028337446,61.1906516739232,3.73590737946979,0.677981849032514,5.51033539437812,3.58150601288013e-08,2.46103296058126e-07,"Positive_interaction"
"ENSG00000142089.19","ENSG00000142089","IFITM3","protein_coding",-0.360629671679921,0.113996431169512,0.804129705327928,1.95764098516398e-22,1.16475937700785,392.618252946412,1.16475926134639,0.211742518899113,5.50082839952115,3.78010975428489e-08,2.58524542515794e-07,"Positive_interaction"
"ENSG00000121858.13","ENSG00000121858","TNFSF10","protein_coding",0.0927258726699944,0.732127737838379,1.58803402868232,1.83066477073696e-17,1.49530815601233,68.4460899421158,1.49530803635726,0.272157885332503,5.49426680961458,3.92336957647801e-08,2.67438720142612e-07,"Positive_interaction"
"ENSG00000132613.17","ENSG00000132613","MTSS2","protein_coding",1.27474012483864,1.13998833815276e-14,2.47074802302306,5.12742157185377e-58,1.19600789818442,773.709125925252,1.19600783556741,0.218082253301871,5.48420523659892,4.15332367705795e-08,2.81920218866154e-07,"Positive_interaction"
"ENSG00000205220.14","ENSG00000205220","PSMB10","protein_coding",-0.135846911646176,0.518739277725445,1.43796683366387,2.53669526800617e-09,1.57381374531005,92.8852084345625,1.57381360124727,0.287088910709682,5.48197280541701,4.20608899027828e-08,2.85234635690748e-07,"Positive_interaction"
"ENSG00000232442.4","ENSG00000232442","MHENCR","lncRNA",-0.114819423868807,0.795345431960265,2.04433929071573,2.65686355961197e-19,2.15915871458454,35.5309736913749,2.15915829312538,0.394000137184861,5.48009528258697,4.2509684321695e-08,2.87873993079441e-07,"Positive_interaction"
"ENSG00000197903.11","ENSG00000197903","H2BC12","protein_coding",1.00449165930038,1.23202198186206e-11,2.19562589144488,1.91258439405692e-38,1.1911342321445,417.09830446225,1.19113417471843,0.217548462055715,5.47525899959422,4.36872160480654e-08,2.9529623832489e-07,"Positive_interaction"
"ENSG00000108799.15","ENSG00000108799","EZH1","protein_coding",0.215967269046144,0.175535308435273,1.23548519522056,6.63900792308758e-21,1.01951792617442,190.503707209946,1.01951788913267,0.186487129212751,5.46696114330529,4.57816361345474e-08,3.08159531287441e-07,"Positive_interaction"
"ENSG00000112599.9","ENSG00000112599","GUCA1B","protein_coding",0.424521240895919,0.19833809279793,2.55738862082864,7.96545987696086e-20,2.13286737993272,37.6684263297938,2.13286702919312,0.390225140683706,5.46573453841588,4.60993804552908e-08,3.10154234706627e-07,"Positive_interaction"
"ENSG00000105173.16","ENSG00000105173","CCNE1","protein_coding",-0.533785249922342,0.0482544003320709,1.17232587443183,2.45691277365813e-08,1.70611112435417,80.1685971788058,1.70611094942777,0.312317008399169,5.46275388001671,4.68804365671084e-08,3.14533003115989e-07,"Positive_interaction"
"ENSG00000213853.12","ENSG00000213853","EMP2","protein_coding",-0.224926324983714,0.132509849778185,0.775711677166903,1.26070305803205e-08,1.00063800215062,1626.77997550201,1.00063796729426,0.183781398195675,5.44471843787401,5.18873944216429e-08,3.45407496535806e-07,"Positive_interaction"
"ENSG00000089351.17","ENSG00000089351","GRAMD1A","protein_coding",0.604795826307726,7.67055912031717e-05,1.67717551050774,8.79793692882029e-33,1.07237968420001,585.135558020099,1.07237964103531,0.197163235154895,5.43904465856848,5.35670279523732e-08,3.55311469633214e-07,"Positive_interaction"
"ENSG00000182749.8","ENSG00000182749","PAQR7","protein_coding",0.867510900395408,7.13033403971837e-09,2.16329928770542,2.60911473241327e-28,1.29578838731001,92.7693831130663,1.29578831376051,0.238309238493784,5.43742375222397,5.40564706738409e-08,3.58365220953935e-07,"Positive_interaction"
"ENSG00000156873.18","ENSG00000156873","PHKG2","protein_coding",-0.396374021824389,0.0294200247925372,0.853162132159356,5.12134275720535e-07,1.24953615398375,130.412479311839,1.24953608790837,0.229851385903583,5.43627824124812,5.44049756364442e-08,3.60510702754161e-07,"Positive_interaction"
"ENSG00000068137.17","ENSG00000068137","PLEKHH3","protein_coding",0.379889294129832,0.0330141681075957,1.54042395303256,1.82687250150329e-25,1.16053465890273,380.38179554492,1.16053460023407,0.213516203603891,5.43534673549677,5.46899769808292e-08,3.62233613531159e-07,"Positive_interaction"
"ENSG00000157111.15","ENSG00000157111","TMEM171","protein_coding",0.134998975819898,0.606050832994886,1.43167953788378,3.07395979351273e-27,1.29668056206388,127.403355290484,1.29668044785987,0.238815965658059,5.42962211210148,5.64735013590938e-08,3.73705014473053e-07,"Positive_interaction"
"ENSG00000180096.14","ENSG00000180096","SEPTIN1","protein_coding",-0.0562558518540753,0.908057815672816,2.40804033436844,1.86441356936365e-14,2.46429618622252,21.2612661034767,2.46429563517462,0.454146194648099,5.42621663291511,5.75610913834006e-08,3.80380910318395e-07,"Positive_interaction"
"ENSG00000186577.16","ENSG00000186577","SMIM29","protein_coding",0.574351073884012,0.00232528993943144,1.77525126580056,3.762775924681e-35,1.20090019191655,232.004012363358,1.20090011340116,0.221340411177515,5.4255800240564,5.7766641273865e-08,3.81391419289682e-07,"Positive_interaction"
"ENSG00000157303.13","ENSG00000157303","SUSD3","protein_coding",-1.46978040492378,2.54352258262512e-17,1.94163466472667,0.00228370233460042,3.41141506965045,57.9615613142739,3.41141327903304,0.630121096207736,5.41390107324446,6.16662444230639e-08,4.05659198447136e-07,"Positive_interaction"
"ENSG00000165113.15","ENSG00000165113","GKAP1","protein_coding",0.352120400208303,0.229514446304558,2.03807733200292,7.76712376797683e-25,1.68595693179462,86.4496015989634,1.68595672392252,0.312070922861285,5.40247937380542,6.57260172048795e-08,4.30801194632796e-07,"Positive_interaction"
"ENSG00000275993.4","ENSG00000275993","ENSG00000275993","artifact",0.504932948511762,0.234241964751027,3.25515102332753,4.00020598417151e-18,2.75021807481577,20.4590515854235,2.75021728359901,0.509454465349203,5.39835740121326,6.72537909349118e-08,4.39980695845331e-07,"Positive_interaction"
"ENSG00000150991.18","ENSG00000150991","UBC","protein_coding",0.592908156431612,0.000139824489983918,1.68250191115086,5.026658037518e-31,1.08959375471925,10317.6277124665,1.08959371014473,0.201887582827904,5.39703182772535,6.77523729778725e-08,4.42881095712823e-07,"Positive_interaction"
"ENSG00000145911.9","ENSG00000145911","N4BP3","protein_coding",1.15308911495702,5.10212941581294e-05,2.96870404500005,1.83734179092182e-43,1.81561493004303,160.207226585241,1.81561463457515,0.336695223857946,5.39245734991824,6.95005991729569e-08,4.53082628526537e-07,"Positive_interaction"
"ENSG00000165655.18","ENSG00000165655","ZNF503","protein_coding",-0.00869552989377245,0.97848778321214,1.36546169432887,1.68369722647144e-13,1.37415722422264,107.559070763748,1.37415713376611,0.255331829176582,5.38184815499745,7.37249445017369e-08,4.7932790296957e-07,"Positive_interaction"
"ENSG00000080823.25","ENSG00000080823","MOK","protein_coding",-1.59460042987587,0.00159752048210192,1.0065542211615,1.68096708190738e-10,2.60115465103737,57.8332683998883,2.6011538841449,0.483402372760639,5.38092907837853,7.41023868957512e-08,4.81565825512657e-07,"Positive_interaction"
"ENSG00000158122.14","ENSG00000158122","PRXL2C","protein_coding",0.493630165912838,0.00584555208176238,1.61962085988308,2.12394808864937e-32,1.12599069397024,201.133209495916,1.12599063017671,0.209518857506448,5.37417320606597,7.69348770923636e-08,4.98408689683743e-07,"Positive_interaction"
"ENSG00000141682.14","ENSG00000141682","PMAIP1","protein_coding",0.0500294381289759,0.819689437363792,1.21666939453895,7.02500866669746e-16,1.16663995640997,386.531945617792,1.16663989685185,0.217231400174761,5.37049384165136,7.85213150097427e-08,5.08004864786246e-07,"Positive_interaction"
"ENSG00000015520.17","ENSG00000015520","NPC1L1","protein_coding",1.44266432225906,0.000102073670315302,6.41358632807654,3.55311010867303e-13,4.97092200581748,21.342536656841,4.97091762612138,0.925772103713997,5.3694830576328,7.89626543154913e-08,5.09949548279902e-07,"Positive_interaction"
"ENSG00000236255.3","ENSG00000236255","ENSG00000236255","lncRNA",0.905847139595368,0.0125313447185573,3.35376413888805,1.84208557664465e-24,2.44791699929268,41.6072516408372,2.4479164260987,0.456617322911542,5.36098019779446,8.27715917263016e-08,5.3217653384985e-07,"Positive_interaction"
"ENSG00000071282.14","ENSG00000071282","LMCD1","protein_coding",-0.140656454525388,0.735748571169795,2.12177207864718,4.9535953142789e-13,2.26242853317257,36.7485210045924,2.2624281078786,0.422142739063966,5.35939126394823,8.35028342110322e-08,5.36164410007213e-07,"Positive_interaction"
"ENSG00000085433.19","ENSG00000085433","WDR47","protein_coding",0.187929511413017,0.32536310882815,1.29307051384315,6.80356541304604e-21,1.10514100243013,114.10428178381,1.10514094856009,0.206588990014943,5.34946682531412,8.8213728804527e-08,5.63168880103615e-07,"Positive_interaction"
"ENSG00000204498.12","ENSG00000204498","NFKBIL1","protein_coding",0.3324950418831,0.0419643401316293,1.33276592103454,1.55157105281769e-27,1.00027087915144,225.100129080778,1.00027083533904,0.187112251447394,5.3458329297067,9.00021979474148e-08,5.73071991499972e-07,"Positive_interaction"
"ENSG00000131269.21","ENSG00000131269","ABCB7","protein_coding",-0.321972636523553,0.0461930723748519,0.743228977610956,2.92275066681302e-07,1.06520161413451,321.58549518203,1.0652015718114,0.199278784666253,5.34528336067168,9.02757133697069e-08,5.74308884176379e-07,"Positive_interaction"
"ENSG00000197279.7","ENSG00000197279","ZNF165","protein_coding",0.508459860434032,0.0791172046647442,2.32884907221743,8.21408536394901e-23,1.8203892117834,96.9869874494135,1.82038897720147,0.341620304731003,5.32869080669801,9.89232364151879e-08,6.23844883432943e-07,"Positive_interaction"
"ENSG00000151743.12","ENSG00000151743","AMN1","protein_coding",1.04750860483552,2.15500819723379e-05,2.6274480977331,8.72616449762092e-42,1.57993949289758,144.5838674398,1.57993930350229,0.297049976905394,5.31876595299476,1.04473423170813e-07,6.5713057664558e-07,"Positive_interaction"
"ENSG00000087301.12","ENSG00000087301","TXNDC16","protein_coding",-0.149924099283916,0.376030343424125,0.925984850936035,1.65976699765786e-09,1.07590895021995,107.815621132742,1.07590890578192,0.202602226393985,5.31044956875097,1.09355142434028e-07,6.85456195568311e-07,"Positive_interaction"
"ENSG00000141905.21","ENSG00000141905","NFIC","protein_coding",-0.00663990719426676,0.986823890335815,1.23309244691987,2.55303038415112e-37,1.23973235411414,638.031598080441,1.23973218034836,0.233574592561718,5.30764997490378,1.11047627150646e-07,6.95463358974573e-07,"Positive_interaction"
"ENSG00000185585.22","ENSG00000185585","OLFML2A","protein_coding",-0.932125109103478,0.00124183828843143,2.58002409100972,4.31815209430355e-05,3.5121492001132,30.3111107105604,3.51214750529573,0.661830885664575,5.30671442111532,1.11618843135711e-07,6.98738779577853e-07,"Positive_interaction"
"ENSG00000214185.3","ENSG00000214185","XPOTP1","processed_pseudogene",-0.315310385019959,0.0867448955508251,0.909410721264461,1.3751806770568e-07,1.22472110628442,112.007483614653,1.22472104061943,0.230829692966376,5.30573439179605,1.12220263454072e-07,7.02200370456135e-07,"Positive_interaction"
"ENSG00000167600.16","ENSG00000167600","CYP2S1","protein_coding",0.953768457327949,1.07240375330785e-08,2.12198664695204,6.83596097779696e-41,1.16821818962409,2955.70894338058,1.16821813209526,0.220756341034167,5.29188935920285,1.21059127107936e-07,7.55225514441758e-07,"Positive_interaction"
"ENSG00000141540.13","ENSG00000141540","TTYH2","protein_coding",-0.468632011456854,0.116664824612244,1.22043279979987,4.96429125618765e-10,1.68906481125672,51.0535146920339,1.68906461616557,0.319280781570236,5.29021699288845,1.2217132714993e-07,7.61508332497545e-07,"Positive_interaction"
"ENSG00000112984.14","ENSG00000112984","KIF20A","protein_coding",0.203919670555762,0.26276256997995,1.32839058184703,6.50197595438008e-18,1.12447091129127,508.579287978858,1.1244708599443,0.213146850810521,5.27556872488772,1.3234500105804e-07,8.18934139766486e-07,"Positive_interaction"
"ENSG00000125144.16","ENSG00000125144","MT1G","protein_coding",0.294411930873097,0.683773048924037,5.48692842737223,8.80200626822107e-11,5.19251649649913,22.9395977831167,5.19251142116592,0.986946876535444,5.26118633597949,1.43128891139053e-07,8.82648463994532e-07,"Positive_interaction"
"ENSG00000249859.15","ENSG00000249859","PVT1","lncRNA",0.32807507689793,0.143128650561293,1.63797034440522,1.59290760705082e-23,1.30989526750729,189.226086994884,1.30989516750759,0.249178404917061,5.25685670049773,1.4653840499188e-07,9.02138727758e-07,"Positive_interaction"
"ENSG00000249898.11","ENSG00000249898","MCPH1-AS1","lncRNA",-0.610703391603539,0.125896218274735,1.82865976395782,1.71720164568019e-08,2.43936315556136,16.7718470309906,2.43936261799654,0.464133891294389,5.25573043415034,1.47438115364633e-07,9.0727920295665e-07,"Positive_interaction"
"ENSG00000035115.24","ENSG00000035115","SH3YL1","protein_coding",0.567457586009133,0.000199055811461942,1.60209196523584,8.81476567972764e-30,1.03463437922671,2936.60906066089,1.03463433854539,0.196976780422906,5.2525700558413,1.49991384668201e-07,9.22221105902235e-07,"Positive_interaction"
"ENSG00000172465.16","ENSG00000172465","TCEAL1","protein_coding",-0.318689406261176,0.100408055756051,1.06709389804921,4.25218823203146e-07,1.38578330431039,117.090148273088,1.38578319987664,0.263875279828756,5.25165980222152,1.50734675779307e-07,9.25613102285475e-07,"Positive_interaction"
"ENSG00000115457.12","ENSG00000115457","IGFBP2","protein_coding",-0.521297411851455,0.00386736095471839,0.698187079818072,5.07022218984987e-05,1.21948449166953,213.498325391197,1.21948442553662,0.232383197651272,5.2477306357005,1.53984216488596e-07,9.44766835458398e-07,"Positive_interaction"
"ENSG00000235954.10","ENSG00000235954","TTC28-AS1","lncRNA",-0.0506806109900762,0.839271147298382,1.29781121173824,4.97514287581802e-12,1.34849182272832,57.5666400726803,1.3484917323446,0.257476127477149,5.23734664474586,1.62901557256309e-07,9.95685098168889e-07,"Positive_interaction"
"ENSG00000170919.17","ENSG00000170919","TPT1-AS1","lncRNA",-0.0696014930758237,0.727262734354051,0.986997184349023,1.59417441346173e-12,1.05659867742485,117.763951905306,1.05659863234174,0.201895589300684,5.23339135838247,1.66427843045432e-07,1.01467071998923e-06,"Positive_interaction"
"ENSG00000177469.15","ENSG00000177469","CAVIN1","protein_coding",-0.723150915857375,0.00919673016096924,1.09159680920518,1.35561962474077e-05,1.81474772506255,268.277386109621,1.8147475058414,0.346810128628545,5.23268311977446,1.67067007278976e-07,1.01813922181956e-06,"Positive_interaction"
"ENSG00000139890.12","ENSG00000139890","REM2","protein_coding",1.10573338078398,0.0467175811726354,5.51206168131802,5.05169951927876e-15,4.40632830053404,14.7717443705536,4.40632476367867,0.842842955990113,5.22793093584371,1.71417514714534e-07,1.04333583504537e-06,"Positive_interaction"
"ENSG00000065665.23","ENSG00000065665","SEC61A2","protein_coding",-0.514025866384004,0.0725608008824671,1.14559283731839,1.83810582663088e-08,1.65961870370239,38.8024247307659,1.65961852467088,0.31746894433322,5.22765629298507,1.71672263475509e-07,1.04444770876871e-06,"Positive_interaction"
"ENSG00000140830.12","ENSG00000140830","TXNL4B","protein_coding",-0.140106818525188,0.41068502286475,0.89289364516503,1.1107928226806e-09,1.03300046369022,156.70994086609,1.03300042324628,0.19763384784294,5.22683960526441,1.72431957817662e-07,1.04781584516783e-06,"Positive_interaction"
"ENSG00000170442.13","ENSG00000170442","KRT86","protein_coding",0.33661508098444,0.681850685976062,6.87113370956493,8.55589019126865e-10,6.53451862858049,9.3309893037315,6.53450804443496,1.25158407230243,5.22099009490749,1.77969060947086e-07,1.0786815689022e-06,"Positive_interaction"
"ENSG00000128578.12","ENSG00000128578","STRIP2","protein_coding",-0.802444720415771,0.000492244811782315,0.710011620445512,0.000651227917985108,1.51245634086128,49.7882903606235,1.51245621391715,0.289862178261915,5.21784602250009,1.81015844565777e-07,1.0942610498072e-06,"Positive_interaction"
"ENSG00000274020.6","ENSG00000274020","LINC01138","lncRNA",-0.0781003623627337,0.781147369650405,1.40078725318428,1.65588915055595e-12,1.47888761554701,55.0980242931417,1.47888749143437,0.283808681363286,5.21086065560248,1.8796659477194e-07,1.13405990484386e-06,"Positive_interaction"
"ENSG00000104312.10","ENSG00000104312","RIPK2","protein_coding",0.217024899909039,0.324872295452567,1.4755395234723,2.47372913058365e-19,1.25851462356326,551.883673174707,1.25851453699394,0.241536872977474,5.21044477176496,1.88388455202903e-07,1.13518731509375e-06,"Positive_interaction"
"ENSG00000167755.16","ENSG00000167755","KLK6","protein_coding",-0.13281584785835,0.596282271150152,1.78439085700685,3.55153736597733e-08,1.9172067048652,89.2661260027117,1.91720640256651,0.368433900549841,5.20366448284298,1.95396648911656e-07,1.1742326251167e-06,"Positive_interaction"
"ENSG00000178381.15","ENSG00000178381","ZFAND2A","protein_coding",-0.180745501833619,0.401327660979144,1.0047947242775,3.74936136591975e-11,1.18554022611112,271.47161414189,1.18554015537536,0.227844733715829,5.20328091872417,1.95800546798982e-07,1.17593929722787e-06,"Positive_interaction"
"ENSG00000151136.15","ENSG00000151136","ABTB3","protein_coding",-1.35273259544445,0.00029874426509452,4.731152894599,4.7316553429914e-05,6.08388549004345,14.0744479545869,6.08387669772721,1.1711619589833,5.19473557953394,2.05011018132736e-07,1.22972668658097e-06,"Positive_interaction"
"ENSG00000105717.16","ENSG00000105717","PBX4","protein_coding",-0.289060231480538,0.529539991132498,1.98420015042539,7.23896316308562e-15,2.27326038190593,51.4470301792614,2.2732598368,0.43833627552102,5.18610930409064,2.14732809515294e-07,1.28538119599159e-06,"Positive_interaction"
"ENSG00000003436.18","ENSG00000003436","TFPI","protein_coding",-1.4001723994818,0.0448123816246623,1.89420186899549,2.640080479426e-26,3.29437426847729,58.0940351845656,3.29437248132352,0.636029319481812,5.17959216724085,2.22371523366328e-07,1.32781545802424e-06,"Positive_interaction"
"ENSG00000210082.2","ENSG00000210082","MT-RNR2","Mt_rRNA",1.2216851055448,1.54399715812302e-09,2.6125265793192,1.36583216997723e-41,1.3908414737744,39364.9108047497,1.39084137311482,0.268923573702534,5.17188342385068,2.31746155974092e-07,1.38094789982588e-06,"Positive_interaction"
"ENSG00000198431.19","ENSG00000198431","TXNRD1","protein_coding",1.17954957285795,1.31469742795497e-10,2.44052275369748,4.9055255292296e-44,1.26097318083953,4263.78225060105,1.26097310474639,0.244326042424667,5.16102619365757,2.45599809390559e-07,1.45512364582501e-06,"Positive_interaction"
"ENSG00000244055.3","ENSG00000244055","ENSG00000244055","lncRNA",0.522781786185607,0.392585637462446,3.52643806857534,5.95736058665914e-29,3.00365628238973,30.4043621662636,3.00365477311409,0.582078615564436,5.16022182021148,2.46657415739653e-07,1.4590037832241e-06,"Positive_interaction"
"ENSG00000133818.16","ENSG00000133818","RRAS2","protein_coding",-0.250224582842965,0.221053817603072,0.766938764638093,5.24869460454237e-14,1.01716334748106,223.923620969665,1.01716328024757,0.197580045903502,5.14810731820739,2.63127943335759e-07,1.55136295965086e-06,"Positive_interaction"
"ENSG00000234753.8","ENSG00000234753","FOXP4-AS1","lncRNA",-0.298252314273427,0.418404341500064,1.77113804897581,2.45276398201524e-10,2.06939036324924,23.1979991406486,2.06939001418301,0.402288523112162,5.14404437435577,2.68885978054298e-07,1.58134251967637e-06,"Positive_interaction"
"ENSG00000223573.8","ENSG00000223573","TINCR","protein_coding",2.18556149377237,1.62453121905222e-05,5.90449179761874,7.11702841481193e-26,3.71893030384637,29.1560042003501,3.71892768275501,0.722942838066156,5.14415177374603,2.6873221678126e-07,1.58134251967637e-06,"Positive_interaction"
"ENSG00000196923.16","ENSG00000196923","PDLIM7","protein_coding",-1.11576926395707,8.3763760323354e-10,-0.0114434079481272,0.944307689036869,1.10432585600894,93.5455885883603,1.1043258041653,0.214797625949636,5.14123840653731,2.72933463581398e-07,1.60200557076615e-06,"Positive_interaction"
"ENSG00000156795.10","ENSG00000156795","NTAQ1","protein_coding",0.225628500444935,0.211717622171492,1.25188507253266,6.21962507487458e-21,1.02625657208773,231.109280834629,1.02625652343273,0.199843304755647,5.13530600731184,2.81685308623382e-07,1.64604173087502e-06,"Positive_interaction"
"ENSG00000100532.15","ENSG00000100532","CGRRF1","protein_coding",0.170431450921916,0.465141625220018,1.49639222659002,4.6994288252591e-16,1.3259607756681,98.2557437774583,1.32596068376125,0.258704227995328,5.12539239901869,2.96918699775514e-07,1.72670377092566e-06,"Positive_interaction"
"ENSG00000213601.3","ENSG00000213601","KRT18P19","processed_pseudogene",-0.275708672733829,0.115058737267789,0.820584571033454,2.01333553341618e-07,1.09629324376728,90.559709021783,1.09629319339643,0.214252264992311,5.1168336233728,3.10707464484553e-07,1.80110903012406e-06,"Positive_interaction"
"ENSG00000211459.2","ENSG00000211459","MT-RNR1","Mt_rRNA",0.846202452171127,1.12027513239756e-07,1.92451217963115,8.12665612037286e-37,1.07830972746002,4515.54788960968,1.07830967942617,0.210867114525918,5.11369296179956,3.1592071594512e-07,1.82986531393952e-06,"Positive_interaction"
"ENSG00000136982.8","ENSG00000136982","DSCC1","protein_coding",-0.747885357217496,2.15252107513853e-05,0.392665378183265,0.0149271951911365,1.14055073540076,141.431402528154,1.14055067863898,0.223141591727725,5.11133164287305,3.19895833633472e-07,1.84919442401926e-06,"Positive_interaction"
"ENSG00000250067.14","ENSG00000250067","YJEFN3","protein_coding",-0.723750018435847,0.26943907386126,2.67837912410571,1.43287465745007e-11,3.40212914254156,12.6356135200409,3.40212745703564,0.665877542519417,5.10923892126371,3.23459113318024e-07,1.86607064896688e-06,"Positive_interaction"
"ENSG00000087074.11","ENSG00000087074","PPP1R15A","protein_coding",-0.280436894188118,0.244964344104349,1.16108097676133,1.38820436373529e-08,1.44151787094945,1186.39244363828,1.44151775567637,0.282195312547485,5.10822714475034,3.25195578225982e-07,1.87534194972182e-06,"Positive_interaction"
"ENSG00000159713.13","ENSG00000159713","TPPP3","protein_coding",1.26666554007325,2.62133095165943e-21,2.53346269355289,2.00305121492772e-31,1.26679715347964,183.586630688286,1.26679707134765,0.24884318070969,5.09074457147991,3.56660212043276e-07,2.04575063003572e-06,"Positive_interaction"
"ENSG00000072182.14","ENSG00000072182","ASIC4","protein_coding",-0.521444430727998,0.642326115280349,5.84178055626391,8.00932464905214e-10,6.36322498699191,9.62643454755075,6.3632140839467,1.256151806653,5.06564099199235,4.07028383784961e-07,2.30957530846189e-06,"Positive_interaction"
"ENSG00000116273.8","ENSG00000116273","PHF13","protein_coding",0.498879075827502,0.00649867159909477,1.64520513664622,3.1407364353113e-25,1.14632606081872,368.120327404043,1.1463259971669,0.22632655795796,5.06492038543628,4.08571067433043e-07,2.31560888120441e-06,"Positive_interaction"
"ENSG00000198719.11","ENSG00000198719","DLL1","protein_coding",-1.75734766698032,9.57460337052948e-07,0.337079036018391,0.211689099355071,2.09442670299871,30.7376121225347,2.09442633859018,0.415977795239969,5.03494744805297,4.77979943909667e-07,2.68692216723774e-06,"Positive_interaction"
"ENSG00000142530.13","ENSG00000142530","GARIN5A","protein_coding",-0.498873286459901,0.00848003318034383,0.825302271069954,8.18221440097351e-05,1.32417555752986,64.5913954993024,1.3241754600837,0.263493461881739,5.02545850901612,5.02231145965536e-07,2.81016747773457e-06,"Positive_interaction"
"ENSG00000088305.21","ENSG00000088305","DNMT3B","protein_coding",-1.61727879619027,1.53872670755148e-16,-0.0281749709695106,0.928377696841878,1.58910382522076,52.1006256369684,1.5891036027716,0.316693119884947,5.01780273391765,5.22658023775545e-07,2.91658070102241e-06,"Positive_interaction"
"ENSG00000147854.20","ENSG00000147854","UHRF2","protein_coding",0.445603500555041,0.0114262957948208,1.55293689216145,1.17744273082622e-22,1.10733339160641,386.782078876564,1.10733333624455,0.221075096030064,5.00885606804831,5.47545004010861e-07,3.03791048932825e-06,"Positive_interaction"
"ENSG00000188290.13","ENSG00000188290","HES4","protein_coding",0.45943361828163,0.057832825852122,1.92962065270315,1.92689259648891e-20,1.47018703442152,122.506938779632,1.47018690057154,0.293565520666309,5.00803669734321,5.49880521825576e-07,3.04853424724416e-06,"Positive_interaction"
"ENSG00000114270.19","ENSG00000114270","COL7A1","protein_coding",0.560740568919757,0.276653141268946,3.59156935096402,4.23887383136801e-16,3.03082878204426,15.1775838527403,3.03082750694018,0.606215870921987,4.99958455777581,5.74539719716763e-07,3.17189699738489e-06,"Positive_interaction"
"ENSG00000142945.15","ENSG00000142945","KIF2C","protein_coding",-0.0511241005711374,0.799911841807248,1.0013837036921,1.18816679576944e-10,1.05250780426324,983.981690248587,1.05250775683553,0.211408358969137,4.97855317532259,6.40613441173494e-07,3.49539532736682e-06,"Positive_interaction"
"ENSG00000249942.2","ENSG00000249942","ENSG00000249942","lncRNA",-0.273414758183064,0.589003984758941,1.93559809101962,4.67351809873354e-19,2.20901284920268,44.9174682213317,2.20901222514626,0.444010741016171,4.97513240353302,6.52030571800296e-07,3.55100603026302e-06,"Positive_interaction"
"ENSG00000267534.4","ENSG00000267534","S1PR2","protein_coding",-0.188003071286453,0.658433614561486,1.74939538867946,1.28067555236023e-14,1.93739845996591,32.6341780232234,1.93739809651825,0.389672528398104,4.97186215431367,6.63128499378068e-07,3.61008948647143e-06,"Positive_interaction"
"ENSG00000084636.20","ENSG00000084636","COL16A1","protein_coding",-0.729932166963562,0.0459057320263281,1.31680736873297,8.54681652135985e-07,2.04673953569653,26.986517098309,2.04673917288683,0.411841346263468,4.96972727837158,6.70471387115266e-07,3.64322135060909e-06,"Positive_interaction"
"ENSG00000124508.19","ENSG00000124508","BTN2A2","protein_coding",-0.743374788066386,0.047857371150108,1.11829268762623,1.43199078948259e-09,1.86166747569262,57.4316737887485,1.86166713070457,0.374684215685786,4.96862972275774,6.74276853088363e-07,3.66252629496123e-06,"Positive_interaction"
"ENSG00000182208.16","ENSG00000182208","MOB2","protein_coding",0.302213852921216,0.0888228845479901,1.33984846690144,3.35692215836417e-20,1.03763461398022,289.145887357148,1.0376345644589,0.20928311731794,4.95804237702814,7.12070337013185e-07,3.84762241759697e-06,"Positive_interaction"
"ENSG00000176903.5","ENSG00000176903","PNMA1","protein_coding",0.108948663761261,0.702686603771725,1.40316554533051,2.03801533026979e-20,1.29421688156925,150.324881830882,1.29421674909084,0.261242609614007,4.95407985321797,7.26733594590187e-07,3.92392818658755e-06,"Positive_interaction"
"ENSG00000160753.19","ENSG00000160753","RUSC1","protein_coding",-0.565588377113116,0.00853728976435102,0.782140326310124,9.31520333304459e-05,1.34772870342324,370.008608429559,1.34772860354035,0.272256535164497,4.95021580556756,7.41312345128338e-07,3.99668843214281e-06,"Positive_interaction"
"ENSG00000050438.19","ENSG00000050438","SLC4A8","protein_coding",0.173669851032801,0.477317030484091,1.71291782852245,7.30494471614315e-12,1.53924797748965,49.6985551058341,1.53924782728345,0.311456035279921,4.94210306729182,7.72843383946406e-07,4.15431985168817e-06,"Positive_interaction"
"ENSG00000105613.11","ENSG00000105613","MAST1","protein_coding",-0.0148360612039404,0.988925281554369,3.34135589827165,3.42642161331702e-16,3.35619195947559,20.9451682410067,3.35619004938476,0.680404928554922,4.93263630014087,8.11271303732016e-07,4.33675534256156e-06,"Positive_interaction"
"ENSG00000132002.11","ENSG00000132002","DNAJB1","protein_coding",0.41944260941606,0.0166830976237749,1.50434821554564,2.94430388001642e-21,1.08490560612958,2960.52886986915,1.08490555338727,0.220261372983306,4.92553705033654,8.41289673400619e-07,4.48894327942628e-06,"Positive_interaction"
"ENSG00000233017.4","ENSG00000233017","ENSG00000233017","lncRNA",-3.4489109495021,4.19406680822191e-06,2.48675154512123,0.01681822653144,5.93566249462333,5.68171158034709,5.93565353455403,1.20556391951677,4.92354941821187,8.49884015082607e-07,4.52833573109374e-06,"Positive_interaction"
"ENSG00000185946.18","ENSG00000185946","RNPC3","protein_coding",-0.486231003504202,0.0489683287593581,0.952214091030873,2.8950132821604e-06,1.43844509453508,59.1740728238422,1.4384449696847,0.292198067047606,4.92284218105504,8.52962390575884e-07,4.53786011902559e-06,"Positive_interaction"
"ENSG00000025039.17","ENSG00000025039","RRAGD","protein_coding",2.10743870318307,3.05725995163459e-10,4.26138861735576,2.34880794974002e-43,2.15394991417269,126.120193637179,2.15394940707857,0.437623165997743,4.92192729826755,8.56960513291353e-07,4.55520323855515e-06,"Positive_interaction"
"ENSG00000267751.7","ENSG00000267751","BSG-AS1","lncRNA",-1.21254575345274,0.00233669194593158,1.12974908806021,0.000543530737820052,2.34229484151295,22.0322868192312,2.34229430565837,0.477514490579807,4.90517953248772,9.33419229596393e-07,4.93150254294966e-06,"Positive_interaction"
"ENSG00000159231.8","ENSG00000159231","CBR3","protein_coding",-1.03754223062645,0.208648122289217,2.73411691376578,4.27484938083969e-15,3.77165914439223,14.2640489723336,3.7716564579022,0.770556942075469,4.89471478609144,9.8448402037851e-07,5.18428140382463e-06,"Positive_interaction"
"ENSG00000134107.7","ENSG00000134107","BHLHE40","protein_coding",1.51560515081331,3.01872863910089e-07,3.42202953823359,5.9812716629479e-34,1.90642438742028,1378.11203014567,1.90642409432151,0.390858380461899,4.87753158079553,1.07421653508032e-06,5.61599784501587e-06,"Positive_interaction"
"ENSG00000164142.18","ENSG00000164142","FHIP1A","protein_coding",1.0900477092922,3.35373511531863e-11,2.14306048869286,1.76834835319458e-44,1.05301277940066,531.920336811526,1.05301272575334,0.216316081485549,4.86793546980781,1.12770138177627e-06,5.86809638229863e-06,"Positive_interaction"
"ENSG00000164638.13","ENSG00000164638","SLC29A4","protein_coding",-0.12223674409454,0.618761529668534,1.09921276821824,1.91035140007144e-10,1.22144951231278,121.971606705625,1.2214494298788,0.251660588620109,4.85355866238803,1.21265448305616e-06,6.26739970344145e-06,"Positive_interaction"
"ENSG00000221944.9","ENSG00000221944","TIGD1","protein_coding",-1.54488784719971,1.555071780151e-06,0.386389138241162,0.174616329700985,1.93127698544087,23.602774654398,1.93127667728106,0.398049649125894,4.85184871164209,1.22315915370558e-06,6.31493496811586e-06,"Positive_interaction"
"ENSG00000181218.6","ENSG00000181218","H2AC25","protein_coding",1.39016852983642,3.56399440254826e-09,3.01336797276714,5.10802449571586e-32,1.62319944293072,180.308594311969,1.62319926049749,0.334699128948198,4.84972657562163,1.2363177622871e-06,6.37605587582374e-06,"Positive_interaction"
"ENSG00000138670.21","ENSG00000138670","RASGEF1B","protein_coding",0.215085105552504,0.481986998183278,2.16011672927395,5.44322887170843e-11,1.94503162372145,54.6360407948355,1.94503130267455,0.402222709169002,4.83570732913866,1.32673007424104e-06,6.80119286731558e-06,"Positive_interaction"
"ENSG00000222041.13","ENSG00000222041","CYTOR","lncRNA",0.0844418017296896,0.757611461700724,1.44151407365367,3.83915911934065e-13,1.35707227192398,90.5086758627952,1.35707216044139,0.28085685142184,4.83189978656816,1.35236327161643e-06,6.9203561201502e-06,"Positive_interaction"
"ENSG00000018408.17","ENSG00000018408","WWTR1","protein_coding",0.943628945864141,3.79718513760722e-09,2.26255966662979,2.31806470865444e-22,1.31893072076565,142.346785054426,1.3189306171247,0.273058527759171,4.83021214517041,1.36387657191955e-06,6.97188687134326e-06,"Positive_interaction"
"ENSG00000069696.8","ENSG00000069696","DRD4","protein_coding",-0.0425032611789673,0.950299253135828,2.76795960333559,1.6529937738705e-12,2.81046286451456,17.1607325514379,2.81046179571092,0.583952896454361,4.81282276836958,1.48813253881163e-06,7.56702342191515e-06,"Positive_interaction"
"ENSG00000182379.11","ENSG00000182379","NXPH4","protein_coding",-0.996729133414188,0.00171718558673237,1.10299532945099,0.00139488722523404,2.09972446286518,112.321515840216,2.09972403233082,0.438297172586438,4.79064014933093,1.66250052539992e-06,8.38307502230189e-06,"Positive_interaction"
"ENSG00000276248.1","ENSG00000276248","ENSG00000276248","lncRNA",0.656062191738119,0.208830287853961,3.03539637686217,4.97457485773387e-36,2.37933418512405,52.9823867546663,2.37933313900169,0.497886320254852,4.7788682721465,1.76284636207261e-06,8.85824184436764e-06,"Positive_interaction"
"ENSG00000186007.11","ENSG00000186007","LEMD1","protein_coding",0.918954611063405,0.00120671246945882,2.58747320338933,4.0429821812423e-27,1.66851859232592,48.9940311388562,1.66851834191238,0.349219685557088,4.77784732911233,1.77181824225161e-06,8.88654437855202e-06,"Positive_interaction"
"ENSG00000128917.10","ENSG00000128917","DLL4","protein_coding",-1.22268790216516,1.05796532621596e-16,0.555101290312416,0.135265900410048,1.77778919247758,126.076135429771,1.77778870460028,0.372082632433879,4.77794056919924,1.77099704637433e-06,8.88654437855202e-06,"Positive_interaction"
"ENSG00000087510.9","ENSG00000087510","TFAP2C","protein_coding",2.15645760739071,2.73871049170581e-22,3.682436245564,2.70665482471189e-52,1.52597863817329,277.371979301968,1.52597847868976,0.319585775929262,4.77486356910804,1.79829125588175e-06,9.00823950232916e-06,"Positive_interaction"
"ENSG00000168556.8","ENSG00000168556","ING2","protein_coding",-0.427854342899583,0.0362638883395199,0.695572054747963,1.29750768358462e-05,1.12342639764755,61.2528443845217,1.12342633287013,0.236530280242909,4.74960893681945,2.03810385106598e-06,1.00986338676683e-05,"Positive_interaction"
"ENSG00000124107.6","ENSG00000124107","SLPI","protein_coding",-0.169329649335726,0.416307316724725,0.915922525736068,1.33485003703649e-08,1.08525217507179,397.142734397648,1.0852521151023,0.22913279044763,4.73634573638356,2.17606237168072e-06,1.07300088092538e-05,"Positive_interaction"
"ENSG00000160741.19","ENSG00000160741","CRTC2","protein_coding",0.417395314425856,0.0209582148866554,1.47702135357082,2.19294516678275e-20,1.05962603914496,489.880260725874,1.05962598419047,0.223910833905127,4.73235691953808,2.21927733508178e-06,1.09282253278985e-05,"Positive_interaction"
"ENSG00000183696.16","ENSG00000183696","UPP1","protein_coding",-0.336961429017937,0.231319370213911,1.1849936204196,1.88349372293242e-07,1.52195504943754,170.992409978968,1.52195488695788,0.321861221321179,4.72860595231245,2.26066646000606e-06,1.11126874999088e-05,"Positive_interaction"
"ENSG00000243477.8","ENSG00000243477","NAA80","protein_coding",0.518307694821691,0.0157702164398533,1.6932319507313,1.50085469196491e-25,1.17492425590961,94.1862069234725,1.17492416328842,0.248533558925938,4.72742662345466,2.27383192279943e-06,1.11627277185668e-05,"Positive_interaction"
"ENSG00000165948.13","ENSG00000165948","IFI27L1","protein_coding",-0.441122067660435,0.0561911858494626,0.872716154255971,1.08678912090874e-05,1.31383822191641,56.8460202823426,1.31383811996265,0.277997929193484,4.72607160698753,2.28904957139408e-06,1.12298261302109e-05,"Positive_interaction"
"ENSG00000004777.20","ENSG00000004777","ARHGAP33","protein_coding",-0.112874547253232,0.730216737329911,1.45677519178539,4.08667434236344e-10,1.56964973903862,97.8338919582369,1.56964955688944,0.333212809246772,4.71065191172464,2.46925664603219e-06,1.2000156711703e-05,"Positive_interaction"
"ENSG00000181260.8","ENSG00000181260","MTHFD2P7","processed_pseudogene",-0.0986790548986308,0.688126455566666,1.05679642357217,1.56941636026392e-10,1.1554754784708,85.6141558906708,1.15547540294688,0.245306271193191,4.71033780476361,2.47306545554623e-06,1.20042668816214e-05,"Positive_interaction"
"ENSG00000205426.11","ENSG00000205426","KRT81","protein_coding",-0.661005532158511,0.334674514769193,4.46225678439126,4.12200710599356e-06,5.12326231654977,6.65387580805623,5.12325622268741,1.09071232199322,4.69716543893531,2.63796779302948e-06,1.27177076701874e-05,"Positive_interaction"
"ENSG00000289942.1","ENSG00000289942","ENSG00000289942","lncRNA",-0.722240838876766,0.241464424345972,5.05698415008574,1.29470701133083e-05,5.77922498896251,12.9405225027193,5.77921645924757,1.23068084078676,4.69595062157058,2.65369646965321e-06,1.27850296669596e-05,"Positive_interaction"
"ENSG00000146067.19","ENSG00000146067","FAM193B","protein_coding",-0.878788603235756,5.22873273800319e-05,0.32902478627736,0.0563385372644099,1.20781338951312,89.4345607203359,1.20781330649749,0.257275739678928,4.69462572726367,2.67095295287936e-06,1.28596180043613e-05,"Positive_interaction"
"ENSG00000164266.12","ENSG00000164266","SPINK1","protein_coding",-1.10175060008685,2.17719003206103e-07,0.23472266327392,0.297289736532236,1.33647326336077,755.952278667718,1.33647314967175,0.285473725708683,4.68159774197777,2.84647620046567e-06,1.36638400454285e-05,"Positive_interaction"
"ENSG00000119655.13","ENSG00000119655","NPC2","protein_coding",1.09759173640229,2.08176547951617e-11,2.12078656969897,2.39403388429478e-41,1.02319483329668,752.686600077815,1.02319478304987,0.218915703536434,4.67392136114885,2.95502517542256e-06,1.41520901659695e-05,"Positive_interaction"
"ENSG00000291072.2","ENSG00000291072","ENSG00000291072","lncRNA",-0.960948368820476,0.000712141564474071,0.562910060708545,0.00703229821691868,1.52385842952902,36.0154833890521,1.52385826303702,0.326123707719485,4.67263871643384,2.97354555275397e-06,1.42360826397458e-05,"Positive_interaction"
"ENSG00000234694.3","ENSG00000234694","CDC20-DT","lncRNA",-0.880534098805254,0.00413248669455476,0.961106236605846,0.00107590715946294,1.8416403354111,24.4974439011697,1.84164004755202,0.394569717387318,4.66746424369973,3.0493979609229e-06,1.45655488627867e-05,"Positive_interaction"
"ENSG00000134574.14","ENSG00000134574","DDB2","protein_coding",-0.904946218324552,1.65890135191462e-08,0.156602233314382,0.41036406863101,1.06154845163893,170.181751713896,1.0615483881557,0.227458319565186,4.66700180580328,3.05626645121132e-06,1.45935464286506e-05,"Positive_interaction"
"ENSG00000068489.13","ENSG00000068489","PRR11","protein_coding",-0.379272485813375,0.0395827620987792,0.690585028269177,4.42226072043895e-05,1.06985751408255,1002.50254029654,1.06985745762872,0.229524373237747,4.66119324295263,3.14381370622587e-06,1.49967571529379e-05,"Positive_interaction"
"ENSG00000163659.15","ENSG00000163659","TIPARP","protein_coding",0.729776825339166,0.000227222475964203,1.91336913342713,8.15700710924542e-26,1.18359230808796,1483.57931120775,1.18359222919585,0.254575933996364,4.64926990786472,3.33112062536372e-06,1.58070072373186e-05,"Positive_interaction"
"ENSG00000250988.9","ENSG00000250988","SNHG21","lncRNA",-1.25131660447062,0.0023329901484821,1.01776319476964,0.00213416570123539,2.26907979924026,17.0886696126852,2.26907925596942,0.488394499120661,4.64599675068992,3.38438329137194e-06,1.60335020132599e-05,"Positive_interaction"
"ENSG00000060656.22","ENSG00000060656","PTPRU","protein_coding",0.241317145927836,0.0897230232890037,1.40044695715326,3.67588674710372e-10,1.15912981122542,544.964996195381,1.15912969196416,0.249674452734721,4.64256426425708,3.44111557887383e-06,1.62862988141866e-05,"Positive_interaction"
"ENSG00000122884.15","ENSG00000122884","P4HA1","protein_coding",0.658636573796677,9.35083368541768e-05,1.67323404842128,1.74672629587993e-26,1.0145974746246,558.25960332654,1.01459742515989,0.218572907793095,4.64191758898283,3.45190545337327e-06,1.63267016417381e-05,"Positive_interaction"
"ENSG00000205309.16","ENSG00000205309","NT5M","protein_coding",-0.635859472115102,0.0451806081990365,1.04008555326867,1.61964054050728e-05,1.67594502538377,51.2512823633924,1.67594479286328,0.362626097992657,4.62168829585239,3.8062962992499e-06,1.78629682541223e-05,"Positive_interaction"
"ENSG00000254910.2","ENSG00000254910","ENSG00000254910","lncRNA",-0.467434763548467,0.451851608689742,2.31788454066903,5.19753819164122e-11,2.7853193042175,14.3096604742093,2.78531812701787,0.603061730076374,4.61862855509854,3.86284631013589e-06,1.80990522879047e-05,"Positive_interaction"
"ENSG00000225828.2","ENSG00000225828","FAM229A","protein_coding",0.766664532751901,0.171278630962547,3.52107511669438,1.7881343117615e-21,2.75441058394248,20.5823703219572,2.75440922870844,0.596445679002791,4.61803870104917,3.87384016648763e-06,1.81446967332704e-05,"Positive_interaction"
"ENSG00000274386.6","ENSG00000274386","TMEM269","protein_coding",1.62366866485961,0.00023295812802319,5.33788372441971,6.75405553583832e-14,3.7142150595601,16.8233667889512,3.71421247477,0.804353083953124,4.61763937861207,3.88129986176659e-06,1.81737633591992e-05,"Positive_interaction"
"ENSG00000167081.20","ENSG00000167081","PBX3","protein_coding",-0.296033043486252,0.175305855575894,0.852068683014066,7.62974185813538e-07,1.14810172650032,101.121947253749,1.14810165293003,0.248716137025087,4.61611243509395,3.90995170123872e-06,1.82960994686314e-05,"Positive_interaction"
"ENSG00000147180.19","ENSG00000147180","ZNF711","protein_coding",-1.59713443974429,0.000184627091458325,0.367741648230108,0.0398716196821791,1.9648760879744,44.6188030473569,1.96487566597147,0.426321426678178,4.60890666763207,4.04791981938821e-06,1.88989864763447e-05,"Positive_interaction"
"ENSG00000160570.16","ENSG00000160570","DEDD2","protein_coding",0.789310705116189,2.42414022603333e-06,1.79533825657633,1.69443567156543e-30,1.00602755146014,762.23160820942,1.00602750193395,0.218512500544692,4.60398146296528,4.14489373282564e-06,1.93330543856161e-05,"Positive_interaction"
"ENSG00000119640.11","ENSG00000119640","ACYP1","protein_coding",-0.0970045368050175,0.669247478086019,0.977176883888363,2.98988357625917e-09,1.07418142069338,70.6088144328805,1.07418136020183,0.234136627631109,4.5878398910496,4.47855897519926e-06,2.07956669876923e-05,"Positive_interaction"
"ENSG00000163328.16","ENSG00000163328","GPR155","protein_coding",-1.54747313178211,5.73645034691172e-25,0.784599630917276,0.135758406608896,2.33207276269939,155.501493184079,2.33207154209351,0.508431633809224,4.58679473702566,4.50102814893504e-06,2.08933055523275e-05,"Positive_interaction"
"ENSG00000225462.1","ENSG00000225462","FDPSP1","processed_pseudogene",0.0692041373744292,0.85979711548541,2.17567181919172,5.46814613873693e-09,2.10646768181729,20.9691848548221,2.10646723622457,0.459416403582711,4.58509365315977,4.5378298900245e-06,2.10439138451952e-05,"Positive_interaction"
"ENSG00000114541.17","ENSG00000114541","FRMD4B","protein_coding",0.544691821704025,0.00326298131085824,1.58923604340466,1.01786177408034e-23,1.04454422170063,239.226707978867,1.04454416076687,0.228069016095088,4.57994767834386,4.65092263862107e-06,2.15064361451489e-05,"Positive_interaction"
"ENSG00000071575.13","ENSG00000071575","TRIB2","protein_coding",-0.490600931908765,0.235513165875672,4.64800720516081,2.77173166374258e-05,5.13860813706957,16.6527509055611,5.13860167916789,1.12284375266985,4.576417392847,4.73006360528692e-06,2.18375539241217e-05,"Positive_interaction"
"ENSG00000170540.18","ENSG00000170540","ARL6IP1","protein_coding",0.368196758770087,0.0425943076030558,1.39914924796039,9.66717559301637e-18,1.0309524891903,3722.57503997622,1.030952436814,0.225385772042187,4.5741682248737,4.78115579394367e-06,2.2045341955403e-05,"Positive_interaction"
"ENSG00000165512.7","ENSG00000165512","ZNF22","protein_coding",-1.58926228473483,4.92312517215303e-20,1.57726962907676,0.0271091456466639,3.16653191381159,75.5432333867857,3.16652960413206,0.693871694986764,4.56356647347095,5.02918761950074e-06,2.30934686254134e-05,"Positive_interaction"
"ENSG00000148926.12","ENSG00000148926","ADM","protein_coding",0.780686410504935,0.0150961677008068,2.64610742812525,1.43933808214245e-18,1.86542101762031,114.482510575597,1.86542069804196,0.41049761815042,4.54429116165641,5.51204242680854e-06,2.51750768513424e-05,"Positive_interaction"
"ENSG00000186529.18","ENSG00000186529","CYP4F3","protein_coding",0.761537762466096,9.8301003448918e-06,2.04069275778401,7.70174919974977e-18,1.27915499531791,131.684717323764,1.27915488701064,0.281504354612806,4.54399680164822,5.51974955215132e-06,2.5202334754183e-05,"Positive_interaction"
"ENSG00000135114.15","ENSG00000135114","OASL","protein_coding",1.66447935788952,6.63068326964341e-12,3.13730352418287,3.1617131874696e-41,1.47282416629335,62.0393577661003,1.47282396240792,0.324272203388659,4.54193713496514,5.57396643786349e-06,2.54258487936789e-05,"Positive_interaction"
"ENSG00000215788.13","ENSG00000215788","TNFRSF25","protein_coding",-0.695089144549782,0.0372919427756018,1.15005936962824,8.2750827969287e-05,1.84514851417802,36.8268620316237,1.84514820889565,0.406253881558486,4.54185988775596,5.5760097123789e-06,2.54271657494635e-05,"Positive_interaction"
"ENSG00000273344.3","ENSG00000273344","PAXIP1-DT","lncRNA",-0.424291161810522,0.0427054259289959,0.720881608188152,6.10556459878888e-05,1.14517276999867,67.3350439784624,1.14517269677811,0.252317060427909,4.5386257070211,5.66220375545351e-06,2.57877614154721e-05,"Positive_interaction"
"ENSG00000087586.20","ENSG00000087586","AURKA","protein_coding",0.183850280566167,0.362535310305957,1.23517471210212,2.30818554753943e-13,1.05132443153595,1106.21828233969,1.05132437486917,0.232113604122841,4.52935267987474,5.91646700622722e-06,2.6844533454679e-05,"Positive_interaction"
"ENSG00000196967.13","ENSG00000196967","ZNF585A","protein_coding",-0.539424124217747,0.0297429265888339,0.727867537917439,6.01315137845506e-05,1.26729166213519,52.7098012837556,1.26729155639375,0.279996589108497,4.52609640863403,6.00831783142825e-06,2.72101693790807e-05,"Positive_interaction"
"ENSG00000309777.1","ENSG00000309777","ENSG00000309777","lncRNA",-0.342909154963754,0.149162069032297,0.944636595463887,5.47452424608466e-06,1.28754575042764,74.8131986684297,1.28754564595933,0.284688798679005,4.52264245004974,6.10723576037127e-06,2.76063819835622e-05,"Positive_interaction"
"ENSG00000109255.13","ENSG00000109255","NMU","protein_coding",1.19447061596657,4.70820981048912e-06,2.54933567800319,1.71783239062458e-45,1.35486506203662,117.022297874459,1.35486484799995,0.299819774640915,4.51893091315485,6.21526698475065e-06,2.80073535892433e-05,"Positive_interaction"
"ENSG00000100968.15","ENSG00000100968","NFATC4","protein_coding",-0.118621181504724,0.88017614228383,2.77084794353828,5.36786225084252e-18,2.889469125043,30.2013999120932,2.88946745954853,0.639507372500229,4.51827075621007,6.23467265160328e-06,2.80860665424416e-05,"Positive_interaction"
"ENSG00000151692.17","ENSG00000151692","RNF144A","protein_coding",0.18874408241967,0.67372176514381,1.89650507470366,2.27472297413873e-27,1.70776099228399,67.5920253496802,1.70776055296067,0.378072858455291,4.51701441869734,6.27176363704426e-06,2.82356006921545e-05,"Positive_interaction"
"ENSG00000255353.1","ENSG00000255353","ASS1P13","processed_pseudogene",0.384496525183056,0.0289406386987618,1.62836317271211,2.95025748865754e-12,1.24386664752905,74.3184612133072,1.24386654699597,0.275435044531832,4.51600684695086,6.30166275865447e-06,2.83525913376034e-05,"Positive_interaction"
"ENSG00000151687.16","ENSG00000151687","ANKAR","protein_coding",-0.796299026479668,0.0214340981258428,1.00850017476067,0.000181115160422183,1.80479920124034,24.7300847247991,1.80479890412712,0.401454637550072,4.49564841283473,6.93582605231611e-06,3.0994138498355e-05,"Positive_interaction"
"ENSG00000157601.17","ENSG00000157601","MX1","protein_coding",0.580972122626939,0.0429537031912415,1.9390736857585,1.64885029490179e-29,1.35810156313156,71.5250694926125,1.35810135847333,0.302929859633657,4.48322050561712,7.35248837591631e-06,3.26546924743424e-05,"Positive_interaction"
"ENSG00000070423.20","ENSG00000070423","RNF126","protein_coding",0.295030690121483,0.128492483607545,1.33883947258843,1.42763681887104e-15,1.04380878246695,660.657512287824,1.04380872503692,0.233068981897909,4.47853985775823,7.51553391641067e-06,3.32971927595914e-05,"Positive_interaction"
"ENSG00000260942.2","ENSG00000260942","CAPN10-DT","lncRNA",-1.15294115929439,0.00191619693590653,0.878691113559468,0.00600150818737404,2.03163227285386,18.0955567997442,2.03163185428366,0.453936648191233,4.47558456092706,7.6202530888244e-06,3.37096177543477e-05,"Positive_interaction"
"ENSG00000169972.15","ENSG00000169972","PUSL1","protein_coding",-0.168814766200269,0.391037570863973,0.841107677627867,3.89557648621601e-07,1.00992244382814,211.032289739665,1.00992239235965,0.225725661075982,4.47411423028107,7.67287168870115e-06,3.3921676788486e-05,"Positive_interaction"
"ENSG00000099875.18","ENSG00000099875","MKNK2","protein_coding",0.595488265819798,0.00152277804304144,1.67307596340889,5.85422285736625e-22,1.07758769758909,5083.85149492065,1.07758763486672,0.24088833127723,4.47339075808764,7.69888987491675e-06,3.40055812457463e-05,"Positive_interaction"
"ENSG00000179094.19","ENSG00000179094","PER1","protein_coding",2.39093757012741,3.34547541890431e-14,4.27720162389868,2.56295297613333e-45,1.88626405377127,679.722935486009,1.88626370013063,0.422211907428687,4.46757580007198,7.91109834589913e-06,3.48261352456775e-05,"Positive_interaction"
"ENSG00000266094.10","ENSG00000266094","RASSF5","protein_coding",1.41943181693835,0.000238213390387435,3.83590270999538,6.86483161993922e-20,2.41647089305703,24.7324988945061,2.41647008293367,0.542611183067505,4.4534100260758,8.45171338440994e-06,3.69478824636105e-05,"Positive_interaction"
"ENSG00000087086.18","ENSG00000087086","FTL","protein_coding",1.52129474761955,1.11243960178047e-13,2.74406326991223,9.01812409833589e-44,1.22276852229268,30370.3240802316,1.2227684298503,0.274933907477744,4.44749955023022,8.68756409254538e-06,3.79217406111951e-05,"Positive_interaction"
"ENSG00000151929.12","ENSG00000151929","BAG3","protein_coding",0.708318969127655,0.000155251377567495,1.79141252638825,4.00337712331766e-24,1.0830935572606,594.734927686105,1.08309349236495,0.244078632013487,4.43747772359319,9.10191380937229e-06,3.95754380214291e-05,"Positive_interaction"
"ENSG00000231684.3","ENSG00000231684","EIF1P3","processed_pseudogene",0.15940970651944,0.590841254376779,1.59028820238047,1.14984769585165e-11,1.43087849586103,37.6907293427042,1.43087834149228,0.322914701877073,4.43113408331896,9.37387757828316e-06,4.06238737633013e-05,"Positive_interaction"
"ENSG00000120129.8","ENSG00000120129","DUSP1","protein_coding",0.304661789058354,0.301921884915207,1.77902630643842,2.53553540356681e-14,1.47436451738007,124.573895528252,1.47436434289435,0.332861326474494,4.42936510080671,9.45109077926064e-06,4.09340130224283e-05,"Positive_interaction"
"ENSG00000175793.12","ENSG00000175793","SFN","protein_coding",-0.351055569939001,0.340442659338347,1.53324615673595,8.617613377218e-07,1.88430172667495,1558.92477124715,1.88430138521893,0.425551426365922,4.42790522713148,9.51526913774125e-06,4.11750613150631e-05,"Positive_interaction"
"ENSG00000187608.11","ENSG00000187608","ISG15","protein_coding",0.52420099896942,0.0502080366529826,1.98836731779728,9.94438977914328e-17,1.46416631882786,52.6103645761023,1.46416614865387,0.330994965928052,4.42352996079141,9.71011588062015e-06,4.19680880828951e-05,"Positive_interaction"
"ENSG00000109265.17","ENSG00000109265","CRACD","protein_coding",0.609162994106022,0.00417235499254206,1.72103407663773,3.45461688060441e-25,1.11187108253171,83.2086696862219,1.11187099281891,0.251401649662537,4.42268773618391,9.74805813057184e-06,4.20693443800617e-05,"Positive_interaction"
"ENSG00000059804.20","ENSG00000059804","SLC2A3","protein_coding",0.169324533926402,0.635078008919634,2.54494749645,1.0817883264521e-07,2.3756229625236,33.044466660366,2.375622244796,0.537774656675587,4.41750501870358,9.98467529326798e-06,4.30392368679475e-05,"Positive_interaction"
"ENSG00000124762.17","ENSG00000124762","CDKN1A","protein_coding",0.493745578480549,0.0149152731326794,1.61710979124038,1.0365234344445e-18,1.12336421275983,766.371714051778,1.12336413912752,0.254410889099526,4.41555054150239,1.0075323492867e-05,4.33783684071979e-05,"Positive_interaction"
"ENSG00000197461.15","ENSG00000197461","PDGFA","protein_coding",1.27454762912673,8.80345319819263e-05,2.98327534515091,1.03683739251835e-32,1.70872771602418,200.797611418199,1.70872734553042,0.387049533453054,4.41475107923797,1.01126284199712e-05,4.35260502115302e-05,"Positive_interaction"
"ENSG00000142178.11","ENSG00000142178","SIK1","protein_coding",-0.0800079419996891,0.937203443220244,3.63593804983259,2.7641429016984e-12,3.71594599183228,10.7643422167948,3.71594280825973,0.842853304869221,4.40876578022827,1.03961382627708e-05,4.46534782762521e-05,"Positive_interaction"
"ENSG00000198832.12","ENSG00000198832","SELENOM","protein_coding",1.47079443973448,0.00131473444949736,3.71530744841582,8.72009796349927e-35,2.24451300868134,36.7245331071595,2.24451200202726,0.510891129782623,4.39332740613889,1.11628817407331e-05,4.76361843894888e-05,"Positive_interaction"
"ENSG00000279453.1","ENSG00000279453","ENSG00000279453","TEC",-1.23539479696098,0.000439039803539173,0.526664696049903,0.0398484724518732,1.76205949301088,22.7475611051415,1.76205920540779,0.40146022103744,4.38912528084186,1.13807495887695e-05,4.84802536861985e-05,"Positive_interaction"
"ENSG00000109099.18","ENSG00000109099","PMP22","protein_coding",-2.6536253243743,0.0450736481573232,2.57545718247371,1.31816460435167e-20,5.22908250684801,32.1332805991548,5.22907362192588,1.1914734342434,4.38874545721317,1.14006411226749e-05,4.85507173522787e-05,"Positive_interaction"
"ENSG00000241388.7","ENSG00000241388","HNF1A-AS1","lncRNA",0.212734643067063,0.347950566011706,1.53680391306649,3.7395943706832e-10,1.32406926999943,86.0715823505934,1.32406914345449,0.301708778664882,4.38856684685722,1.14100064959253e-05,4.8566055540512e-05,"Positive_interaction"
"ENSG00000100908.16","ENSG00000100908","EMC9","protein_coding",-0.428360736241452,0.0501228054327151,0.761475118573033,0.000150183801431904,1.18983585481448,67.2407866876092,1.18983576690919,0.271721642878553,4.3788774214095,1.19292202847242e-05,5.05196552794339e-05,"Positive_interaction"
"ENSG00000167617.5","ENSG00000167617","CDC42EP5","protein_coding",0.715024932106997,0.00143017468456017,1.782115580852,4.91068218162892e-39,1.067090648745,150.73072000001,1.06709052593642,0.243761028209168,4.37760922562552,1.1998823333511e-05,5.07847394127457e-05,"Positive_interaction"
"ENSG00000126603.11","ENSG00000126603","GLIS2","protein_coding",1.09985787575522,2.08169636652749e-09,2.1790830514288,7.07672157134029e-34,1.07922517567358,296.542416366078,1.07922510824824,0.24673794080822,4.37397306921305,1.22005436796224e-05,5.1578261086665e-05,"Positive_interaction"
"ENSG00000284946.1","ENSG00000284946","ENSG00000284946","protein_coding",0.102674734467338,0.859724398591477,2.60178244153004,8.11764395114577e-11,2.4991077070627,14.9829414101219,2.49910681486149,0.571800200692132,4.37059450457776,1.23908711316565e-05,5.23218253030205e-05,"Positive_interaction"
"ENSG00000236751.5","ENSG00000236751","LINC01186","lncRNA",0.863980474108859,0.00639780568608288,2.5729648371453,1.12279697812302e-20,1.70898436303644,38.3208645464703,1.70898405477732,0.392303695312547,4.35627824870673,1.32292586388127e-05,5.55222751791697e-05,"Positive_interaction"
"ENSG00000170961.8","ENSG00000170961","HAS2","protein_coding",-2.12970528226323,2.31882988743934e-25,-0.914951153932554,9.7842437674176e-06,1.21475412833068,79.5235376209798,1.21475401204922,0.280449461493947,4.3314542505386,1.48127728156386e-05,6.16681136582114e-05,"Positive_interaction"
"ENSG00000185507.23","ENSG00000185507","IRF7","protein_coding",-0.0752630899509599,0.821938297214976,1.25397234562717,7.8779440659405e-11,1.32923543557813,87.1565104485844,1.32923527902306,0.307647844361383,4.32063901433243,1.55578007448178e-05,6.43856488784377e-05,"Positive_interaction"
"ENSG00000113734.20","ENSG00000113734","BNIP1","protein_coding",-0.186197349597472,0.406721350737365,0.851923621231308,2.21548648088553e-07,1.03812097082878,172.244204603141,1.03812090519636,0.240730485072915,4.31237823860126,1.61507830004065e-05,6.67019513371022e-05,"Positive_interaction"
"ENSG00000128849.13","ENSG00000128849","CGNL1","protein_coding",1.22679879366347,0.00138427153521102,3.15779478944216,3.2211426347642e-28,1.93099599577869,58.5037175437785,1.9309954379308,0.447796290387183,4.3122184783201,1.61624606862492e-05,6.6731162468696e-05,"Positive_interaction"
"ENSG00000159899.18","ENSG00000159899","NPR2","protein_coding",-0.97598921363219,0.0418393937598396,1.43870457927129,0.000185984229259777,2.41469379290348,15.9607198799865,2.41469302369764,0.560071500773936,4.311401348508,1.62223147915028e-05,6.69592098998741e-05,"Positive_interaction"
"ENSG00000099860.12","ENSG00000099860","GADD45B","protein_coding",1.0473322007475,0.0068328786140872,3.16092406888121,6.29708222722555e-19,2.11359186813371,223.05104857358,2.1135913477844,0.491713084731034,4.29842404730908,1.72016826569616e-05,7.07598027433116e-05,"Positive_interaction"
"ENSG00000176749.11","ENSG00000176749","CDK5R1","protein_coding",0.00220986990370513,0.997274451710575,1.05877531788716,5.00834469644147e-09,1.05656544798345,59.5001320798671,1.05656538358329,0.246321395372937,4.28937722597595,1.7917482653547e-05,7.34333027757926e-05,"Positive_interaction"
"ENSG00000214021.20","ENSG00000214021","TTLL3","protein_coding",-0.457822315445694,0.414408006195901,1.85947325897258,1.4605952405677e-09,2.31729557441827,28.4026712220155,2.31729474045045,0.540848811712277,4.2845517828062,1.83107958821579e-05,7.47493109645727e-05,"Positive_interaction"
"ENSG00000185022.15","ENSG00000185022","MAFF","protein_coding",1.36573158757728,2.72194453594603e-08,2.72015118478518,8.87780969348526e-35,1.3544195972079,438.26474811593,1.35441944046259,0.316413523107111,4.28053588595863,1.86443818835873e-05,7.59613107272835e-05,"Positive_interaction"
"ENSG00000182179.15","ENSG00000182179","UBA7","protein_coding",0.180872861021883,0.64255466610662,1.81283006639726,3.87845032389574e-13,1.63195720537538,36.5021298437859,1.63195692400636,0.382723318604305,4.2640645204418,2.00741437206421e-05,8.14430265396265e-05,"Positive_interaction"
"ENSG00000187595.20","ENSG00000187595","ZNF385C","protein_coding",-1.53358201933628,0.000872403133996184,1.48398569962855,0.0135966585349085,3.01756771896483,10.037660328428,3.01756611853939,0.707719121415816,4.26379057344479,2.00987834354283e-05,8.15201705978803e-05,"Positive_interaction"
"ENSG00000233429.9","ENSG00000233429","HOTAIRM1","lncRNA",0.891125677525771,0.168640363506749,3.6382248457361,9.49374425124187e-26,2.74709916821033,25.6334765218091,2.74709730509949,0.644494283647256,4.26240755705915,2.02236169110948e-05,8.19446536916873e-05,"Positive_interaction"
"ENSG00000203288.7","ENSG00000203288","TDRKH-AS1","lncRNA",0.4671447873626,0.181374971556206,2.2953914378722,7.99988906029269e-13,1.8282466505096,27.7864870368082,1.82824629810052,0.429792367988007,4.25378958369855,2.10182817577661e-05,8.47987024592278e-05,"Positive_interaction"
"ENSG00000264350.1","ENSG00000264350","SNRPGP2","processed_pseudogene",-0.229025752621889,0.269293673106192,0.801730827131792,6.99844091313e-06,1.03075657975368,63.9034654230891,1.03075651878455,0.243126123458145,4.23959591064674,2.23922506754127e-05,8.96680013230398e-05,"Positive_interaction"
"ENSG00000111012.13","ENSG00000111012","CYP27B1","protein_coding",-0.927574013977521,0.000556021412253867,0.986666608821527,0.0138871341620538,1.91424062279905,24.5177326973387,1.91424015251264,0.452415390490206,4.23115612941129,2.32493217498314e-05,9.28691209477829e-05,"Positive_interaction"
"ENSG00000104892.19","ENSG00000104892","KLC3","protein_coding",0.0713326207036807,0.942506083572317,3.08807733930564,1.13567641613241e-25,3.01674471860196,32.728177949709,3.01674220215444,0.713035642666935,4.23084348332302,2.32816634090036e-05,9.2972682866707e-05,"Positive_interaction"
"ENSG00000226608.3","ENSG00000226608","FTLP3","processed_pseudogene",1.44020774091021,3.19041929681538e-11,2.68011400175321,6.58796867470381e-36,1.239906260843,591.118001222805,1.23990615326407,0.293773626203041,4.22061765478945,2.43633859082459e-05,9.67856876596218e-05,"Positive_interaction"
"ENSG00000261801.9","ENSG00000261801","LOXL1-AS1","lncRNA",-1.08254615643856,7.82585307910496e-05,1.61566549814472,0.0090229439722447,2.69821165458328,33.9088724985448,2.69821020735308,0.639655377371381,4.21822484857578,2.46233210615638e-05,9.76844152269868e-05,"Positive_interaction"
"ENSG00000130590.15","ENSG00000130590","SAMD10","protein_coding",0.0553894950231938,0.836200695579574,1.13383740343274,6.3308843254909e-11,1.07844790840955,78.3830243883713,1.07844782927358,0.257300661973631,4.1913915844651,2.77248665563618e-05,0.000108856344116715,"Positive_interaction"
"ENSG00000112651.14","ENSG00000112651","MRPL2","protein_coding",0.0224374391933559,0.937105630644514,1.14939486964573,6.32422656521002e-09,1.12695743045237,50.4757543266558,1.12695734820096,0.269109292297566,4.1877310834545,2.81757083046639e-05,0.000110446947457719,"Positive_interaction"
"ENSG00000149646.12","ENSG00000149646","CNBD2","protein_coding",-0.343675922005829,0.376244046381313,1.72570544678481,1.31515515447644e-05,2.06938136879064,15.3830342655167,2.06938086126663,0.494563605051153,4.18425626174532,2.86101228167462e-05,0.000112058891854131,"Positive_interaction"
"ENSG00000296618.1","ENSG00000296618","ENSG00000296618","lncRNA",-0.00861568040522925,0.985651531309328,1.35052640325088,3.04515016889027e-11,1.35914208365611,47.2843259405903,1.35914190880349,0.325068549766324,4.18109321797052,2.90110889129485e-05,0.000113384223442947,"Positive_interaction"
"ENSG00000162413.18","ENSG00000162413","KLHL21","protein_coding",1.40413213033662,1.65632536231781e-11,2.54276258659759,4.031691474667e-40,1.13863045626097,397.931675987599,1.13863035949981,0.272692800703528,4.1755057579893,2.97324732861307e-05,0.000116047132470403,"Positive_interaction"
"ENSG00000186567.16","ENSG00000186567","CEACAM19","protein_coding",-1.06284927140715,1.27712951089841e-06,0.0905907353239361,0.675080228085532,1.15344000673109,58.0480145231607,1.15343991796553,0.277056059167178,4.16320047802867,3.13817601877178e-05,0.000122089790239035,"Positive_interaction"
"ENSG00000232019.2","ENSG00000232019","ENSG00000232019","lncRNA",0.452829884808728,0.056869348215227,1.78310933074258,9.89864671373179e-13,1.33027944593385,68.9271755287896,1.33027930920727,0.320156059039948,4.15509646513135,3.25150331581052e-05,0.000126092550315028,"Positive_interaction"
"ENSG00000261578.1","ENSG00000261578","ENSG00000261578","lncRNA",1.16664634225894,2.08079303946898e-05,2.6867312840819,2.05991193171313e-23,1.52008494182296,49.5026168546648,1.52008471414556,0.365871458563316,4.15469607854777,3.25720195818438e-05,0.000126279750609973,"Positive_interaction"
"ENSG00000160999.13","ENSG00000160999","SH2B2","protein_coding",0.51940489569595,0.0974001888802852,1.87175828005763,6.61916088013357e-24,1.35235338436168,57.9417181920095,1.35235315586856,0.325514256133449,4.15451283741669,3.25981316552396e-05,0.000126347184794793,"Positive_interaction"
"ENSG00000174032.19","ENSG00000174032","SLC25A30","protein_coding",0.156216149825099,0.543193228176945,1.18670801627793,3.71941897271088e-15,1.03049186645283,190.434972750396,1.03049176953566,0.248943218883431,4.13946511239653,3.48116533599542e-05,0.000133981517297505,"Positive_interaction"
"ENSG00000105991.11","ENSG00000105991","HOXA1","protein_coding",0.0701424841288983,0.803520561632441,1.19959808277675,6.34191166601147e-11,1.12945559864785,54.6867383010542,1.12945550507289,0.273151799729501,4.1349004699635,3.55108504455228e-05,0.000136360160216353,"Positive_interaction"
"ENSG00000196358.14","ENSG00000196358","NTNG2","protein_coding",-1.63887165130705,0.0018233020832172,3.7444538099467,0.0032541076570789,5.38332546125375,8.95132816331668,5.38331525887646,1.30431846665548,4.12730126613962,3.67045398777168e-05,0.000140385904435965,"Positive_interaction"
"ENSG00000172602.12","ENSG00000172602","RND1","protein_coding",1.09828284079843,0.00054071693880786,3.24636423575772,2.4941817645118e-13,2.14808139495929,30.8144817004766,2.14808080961961,0.520831707526808,4.12432802875973,3.7181867569779e-05,0.000141986725908099,"Positive_interaction"
"ENSG00000288873.3","ENSG00000288873","ENSG00000288873","lncRNA",0.664368844443497,0.012694967492535,2.29361450963912,1.45565273295191e-12,1.62924566519562,32.056931663015,1.62924541020331,0.395454767603194,4.11992860796186,3.7898981022738e-05,0.000144484927941346,"Positive_interaction"
"ENSG00000196338.17","ENSG00000196338","NLGN3","protein_coding",-0.0104686563795606,0.988760924677167,2.33915705358966,1.223870943863e-07,2.34962570996922,14.1593251862652,2.34962493468967,0.571370741254729,4.11225980793118,3.91805016724943e-05,0.000148678667252628,"Positive_interaction"
"ENSG00000228887.3","ENSG00000228887","EEF1DP1","processed_pseudogene",-0.0544894749729974,0.824795245760126,1.00600443376276,1.75896340653918e-07,1.06049390873576,54.6228867216133,1.0604938377436,0.258693426008636,4.09942322116912,4.1418104133507e-05,0.000156636525339975,"Positive_interaction"
"ENSG00000121897.17","ENSG00000121897","LIAS","protein_coding",-0.559316943422578,0.0247338697509445,0.621953923773924,0.00137177384047796,1.1812708671965,67.7843076619836,1.18127076438452,0.288169102541429,4.0992276894595,4.14531077687795e-05,0.000156728003596439,"Positive_interaction"
"ENSG00000203688.7","ENSG00000203688","LINC02487","lncRNA",-0.847233219838675,0.00197419485406865,0.678670947375493,0.0212664239837093,1.52590416721417,38.5737859006577,1.52590394434927,0.373058360047163,4.09025532669033,4.30898565977898e-05,0.000162365627097028,"Positive_interaction"
"ENSG00000286587.2","ENSG00000286587","ENSG00000286587","lncRNA",0.00585123047396866,0.997236296757723,3.2969926902511,2.16301418621705e-06,3.29114145977713,9.76472849510153,3.29113930821784,0.808900888838684,4.06865581881463,4.72851346192249e-05,0.00017670349945895,"Positive_interaction"
"ENSG00000162148.13","ENSG00000162148","SAXO4","protein_coding",-1.25304835308702,0.0673111128722422,1.70696313284207,0.00010334696932502,2.96001148592909,9.13169903785333,2.96000983490466,0.730321569886664,4.05302260942944,5.05601139520256e-05,0.000188165683459875,"Positive_interaction"
"ENSG00000179598.7","ENSG00000179598","PLD6","protein_coding",0.613257347255269,0.0515740777692498,2.18275096788401,5.37333065888029e-15,1.56949362062874,123.64141530527,1.56949337739139,0.387498247270304,4.05032381035925,5.11468076469121e-05,0.000190007571499372,"Positive_interaction"
"ENSG00000172059.13","ENSG00000172059","KLF11","protein_coding",0.151129402047975,0.531912084174314,1.23190213636218,1.91466256998837e-10,1.08077273431421,704.9671351115,1.08077265673819,0.267141501897288,4.04569357086914,5.21684373329817e-05,0.000193307336698944,"Positive_interaction"
"ENSG00000134824.16","ENSG00000134824","FADS2","protein_coding",1.22533231527556,2.26309855302445e-06,2.86757205345988,9.46162719060649e-18,1.64223973818432,81.3326821452729,1.64223946619344,0.405972669685256,4.04519710025466,5.2279120791135e-05,0.000193667949515626,"Positive_interaction"
"ENSG00000213005.3","ENSG00000213005","PTTG3P","processed_pseudogene",-0.275799638782814,0.531912084174314,1.61825120290886,7.57985801308709e-07,1.89405084169167,20.5248558149355,1.89405040786824,0.46896917963246,4.03875241727536,5.37362467004916e-05,0.000199014998002434,"Positive_interaction"
"ENSG00000249264.1","ENSG00000249264","EEF1A1P9","processed_pseudogene",0.246836354694739,0.238489070400945,1.29702344475381,6.69313037965716e-11,1.05018709005907,69.8582763382589,1.05018701882009,0.260359423526266,4.03360479369836,5.49276681714253e-05,0.000202857229138709,"Positive_interaction"
"ENSG00000104863.14","ENSG00000104863","LIN7B","protein_coding",-0.0447187828025978,0.941480082189076,2.18258177460615,2.69269117842526e-08,2.22730055740875,16.2851651100442,2.22729984263576,0.552585328088258,4.03068943278208,5.56134867040563e-05,0.000205233167638193,"Positive_interaction"
"ENSG00000149591.19","ENSG00000149591","TAGLN","protein_coding",-1.00971079353886,0.0398519215172672,0.92361562157794,2.52915311151485e-05,1.9333264151168,46.1308571015324,1.93332581912217,0.480137041663468,4.02661251134473,5.65861690687805e-05,0.00020855716229521,"Positive_interaction"
"ENSG00000172244.11","ENSG00000172244","C5orf34","protein_coding",-0.783739797697408,0.000430571055833055,0.356041852011389,0.0917156613074255,1.1397816497088,71.9727711407423,1.13978155802604,0.283123062034901,4.02574608311328,5.67949496427848e-05,0.000209220236457356,"Positive_interaction"
"ENSG00000188766.15","ENSG00000188766","SPRED3","protein_coding",-0.0151640562448803,0.979307213884729,1.7564139903926,1.01445808950501e-08,1.77157804663748,21.1983966561457,1.77157768008576,0.440556877390261,4.02122352641526,5.78966330259272e-05,0.000212953808581659,"Positive_interaction"
"ENSG00000101400.8","ENSG00000101400","SNTA1","protein_coding",0.473945279498778,0.0168396452608043,1.49108878668974,9.91625692512247e-16,1.01714350719096,115.626127243262,1.01714344112321,0.253028909206981,4.01987047373776,5.82301469295394e-05,0.000214017572737227,"Positive_interaction"
"ENSG00000197119.14","ENSG00000197119","SLC25A29","protein_coding",0.261771823725941,0.457626460035386,1.46141580491613,3.32655703312731e-43,1.19964398119019,149.4889431226,1.19964369038931,0.299584312008311,4.004360850364,6.21853814110955e-05,0.000227171804237357,"Positive_interaction"
"ENSG00000184678.11","ENSG00000184678","H2BC21","protein_coding",1.67168253653812,6.27177547232986e-06,3.65490476362275,1.41126660229324e-23,1.98322222708463,325.871700093976,1.98322173826797,0.495775953731798,4.000237856112,6.32788492689633e-05,0.000230643129679531,"Positive_interaction"
"ENSG00000184786.8","ENSG00000184786","DYNLT2","protein_coding",-0.859835661700858,0.139223128072785,1.63894465009357,3.67112843574244e-05,2.49878031179443,11.0967471939608,2.49877928248776,0.625601123964168,3.99420523200798,6.49116204667163e-05,0.000236138285122903,"Positive_interaction"
"ENSG00000126561.20","ENSG00000126561","STAT5A","protein_coding",1.6179132160293,1.21449938112148e-10,2.93160898550988,1.91707915674398e-36,1.31369576948058,137.437054675312,1.31369559912743,0.329227094897185,3.99024144576462,6.60060681116335e-05,0.000239488170859423,"Positive_interaction"
"ENSG00000129467.16","ENSG00000129467","ADCY4","protein_coding",0.496647270891745,0.452785230554403,3.20734057657103,3.35004424086973e-13,2.71069330567929,12.7491986239268,2.71069171872847,0.680425017963907,3.98382135748021,6.78158596736375e-05,0.000245390121945157,"Positive_interaction"
"ENSG00000005001.12","ENSG00000005001","PRSS22","protein_coding",2.54226320160687,4.30582658295815e-26,3.81180317927953,8.27308353946658e-66,1.26953997767266,569.741971522961,1.26953981314659,0.318856077836107,3.98154497089164,6.84687630681161e-05,0.000247628977884487,"Positive_interaction"
"ENSG00000253716.9","ENSG00000253716","MINCR","lncRNA",-1.20650054965446,0.0122889420094454,0.836710019619399,0.00493946620897948,2.04321056927386,19.2011061658665,2.04320998760927,0.514979720923686,3.96755426397081,7.26139819419157e-05,0.000261901898034406,"Positive_interaction"
"ENSG00000169213.9","ENSG00000169213","RAB3B","protein_coding",-1.06311601402279,6.22566736642185e-05,3.38043912797138,0.00318473909585082,4.44355514199417,91.5697878724027,4.44354869261147,1.1206880132325,3.96501848877151,7.33902584110174e-05,0.000264438494503348,"Positive_interaction"
"ENSG00000185669.7","ENSG00000185669","SNAI3","protein_coding",-1.25033057526571,0.251446872828849,2.75016357303054,2.4265114180426e-09,4.00049414829625,9.83310856469628,4.00048937269618,1.00974460602784,3.96188238968011,7.43611698332539e-05,0.000267670659022234,"Positive_interaction"
"ENSG00000106384.14","ENSG00000106384","MOGAT3","protein_coding",-0.959275498687988,0.000105322876326514,0.367159793057105,0.167931987446508,1.32643529174509,54.3778854551579,1.32643513452939,0.334963554516326,3.95993867585,7.49690123815327e-05,0.000269724659243588,"Positive_interaction"
"ENSG00000167165.20","ENSG00000167165","UGT1A6","protein_coding",0.511127660538113,0.0495434858992867,1.70613782059496,4.02716878555857e-17,1.19501016005685,93.9678536335789,1.19501002874892,0.301897410104107,3.95833150187287,7.54751571852597e-05,0.000271343581723836,"Positive_interaction"
"ENSG00000143217.11","ENSG00000143217","NECTIN4","protein_coding",1.2555025744712,5.91255092723468e-11,2.28264214269171,2.91817330397878e-33,1.02713956822051,219.13802596709,1.02713949592486,0.259972477467779,3.9509547546323,7.7840040708331e-05,0.000278946060817293,"Positive_interaction"
"ENSG00000299712.1","ENSG00000299712","ENSG00000299712","lncRNA",0.404063203344834,0.617939234861245,5.32264860073327,2.08040149382171e-06,4.91858539738844,6.32684670987656,4.91857766361817,1.24816361617993,3.94065136962713,8.12606543080627e-05,0.00029019945841115,"Positive_interaction"
"ENSG00000172201.14","ENSG00000172201","ID4","protein_coding",-0.658304023375772,0.00126802253371447,0.962869103682239,0.0130810629725125,1.62117312705801,81.0538830491584,1.62117268680328,0.412102370175928,3.9339076989807,8.35758882177333e-05,0.000297587658980686,"Positive_interaction"
"ENSG00000105290.16","ENSG00000105290","APLP1","protein_coding",-0.311529120572379,0.7578449178945,2.84096301544806,1.09654820627854e-22,3.15249213602044,23.1511326139219,3.15248896596277,0.803169704225468,3.92505960991502,8.67082636719672e-05,0.000307566626596431,"Positive_interaction"
"ENSG00000213398.9","ENSG00000213398","LCAT","protein_coding",-0.224424497313179,0.787886794863398,2.58906229871646,1.07991183780384e-11,2.81348679602964,19.401298382526,2.81348487751802,0.717495495868915,3.92125789460293,8.80879244527331e-05,0.000311891082621307,"Positive_interaction"
"ENSG00000188266.15","ENSG00000188266","HYKK","protein_coding",0.0281321222221478,0.931613748058272,1.12140577975544,8.7611081660493e-10,1.09327365753329,53.6148390421257,1.09327355895184,0.279634989620667,3.9096450713657,9.24318317033128e-05,0.000326155857084103,"Positive_interaction"
"ENSG00000151014.8","ENSG00000151014","NOCT","protein_coding",-0.0808006570927592,0.862492815593303,1.66057890361904,4.56276418913966e-08,1.7413795607118,34.0226168969857,1.74137918359842,0.446676811174554,3.89852157093043,9.678178055277e-05,0.000339767820680897,"Positive_interaction"
"ENSG00000289727.1","ENSG00000289727","ENSG00000289727","lncRNA",-0.294493970389114,0.744281193483791,3.25689305977997,2.88057477686931e-07,3.55138703016908,6.27532305526582,3.55138383346598,0.911134322623503,3.89776100546865,9.708615957315e-05,0.000340588870620695,"Positive_interaction"
"ENSG00000161647.21","ENSG00000161647","MPP3","protein_coding",0.360369586291663,0.321591297187048,1.81471732682185,3.97910967353314e-15,1.45434774053019,62.0022071302557,1.45434746379998,0.373507127077819,3.89376094421077,9.87019209184598e-05,0.000345587880635497,"Positive_interaction"
"ENSG00000133106.17","ENSG00000133106","EPSTI1","protein_coding",0.000416315845122344,1,1.00354324052036,8.72020085389426e-08,1.00312692467524,166.379594673163,1.00312685743359,0.258187620216784,3.88526319190413,0.000102219088726088,0.000356782040900401,"Positive_interaction"
"ENSG00000136783.12","ENSG00000136783","NIPSNAP3A","protein_coding",-1.01842458248608,1.82164429303409e-06,0.0420455860536356,0.851733547723185,1.06047016853972,206.350281090635,1.06047008950489,0.273086665962352,3.88327304728635,0.000103059725295913,0.000359456447409955,"Positive_interaction"
"ENSG00000181856.17","ENSG00000181856","SLC2A4","protein_coding",-1.63317571209605,0.0207969610302156,1.24794428394395,0.00290249871061498,2.88111999604,9.95044450961421,2.88111834055089,0.743316588041578,3.87603127241085,0.000106174044315857,0.000369252279871707,"Positive_interaction"
"ENSG00000160179.22","ENSG00000160179","ABCG1","protein_coding",-0.272845153426866,0.418356332613946,1.08322024373787,2.86415383979351e-06,1.35606539716474,42.2443183716719,1.35606521338091,0.351295216974913,3.86018695346412,0.000113300306948993,0.000391592665944386,"Positive_interaction"
"ENSG00000273356.1","ENSG00000273356","LINC02019","lncRNA",2.16071075180004,1.5388515535627e-06,4.48420178076534,7.00183360891142e-24,2.3234910289653,25.924546150508,2.32348984093461,0.604143911375233,3.84592114095062,0.000120100387984266,0.000413321021768696,"Positive_interaction"
"ENSG00000167535.10","ENSG00000167535","CACNB3","protein_coding",0.273171388318217,0.28557417739004,1.35796386996297,1.81477468944841e-12,1.08479248164475,303.047668750364,1.08479237881056,0.282436733877766,3.84083318029035,0.000122617423623746,0.000421283002170537,"Positive_interaction"
"ENSG00000112763.19","ENSG00000112763","BTN2A1","protein_coding",0.709750541989259,0.00121906436685111,1.74038685687387,2.67860978592626e-21,1.03063631488461,334.163785629572,1.03063622347833,0.268593706059414,3.83715701532614,0.000124466895379705,0.000426827791728038,"Positive_interaction"
"ENSG00000164294.16","ENSG00000164294","GPX8","protein_coding",-1.09620176368803,0.0532215591039948,0.890462927954325,1.76759034725736e-08,1.98666469164235,52.9529729646762,1.98666387825561,0.51838886446745,3.83238146964546,0.000126908749471236,0.000433866854762245,"Positive_interaction"
"ENSG00000175984.18","ENSG00000175984","DENND2C","protein_coding",0.454260347359459,0.15722016177212,2.3451416410949,3.94155781482099e-08,1.89088129373544,30.6233573598761,1.89088081661704,0.495643451735463,3.81500211492,0.000136181767211536,0.000462730637849843,"Positive_interaction"
"ENSG00000100003.18","ENSG00000100003","SEC14L2","protein_coding",-0.664240953500169,0.0359954451622508,0.645015683858461,0.00213984104225255,1.30925663735863,45.8814022018351,1.30925646253005,0.343245846653144,3.81434029077438,0.000136547208583145,0.000463832815532638,"Positive_interaction"
"ENSG00000143387.16","ENSG00000143387","CTSK","protein_coding",0.23552606572196,0.677325286960246,2.50599219302983,5.22110104483171e-09,2.27046612730787,11.1035335419433,2.27046524861004,0.595357195675833,3.81361855555079,0.000136946784207783,0.00046489407278969,"Positive_interaction"
"ENSG00000162650.19","ENSG00000162650","ATXN7L2","protein_coding",-0.441252467027484,0.0519845741268393,0.669647971028549,0.00276800457825264,1.11090043805603,51.2620328218052,1.11090034173706,0.291518492405059,3.81073712536041,0.000138553039282503,0.000469686700650769,"Positive_interaction"
"ENSG00000213462.6","ENSG00000213462","ERV3-1","protein_coding",-0.26484903952035,0.615806216325103,1.47628345342323,3.42136334017593e-11,1.74113249294358,29.0553326066673,1.74113196289673,0.457129523766329,3.80883726028325,0.000139621810510137,0.000472867323653401,"Positive_interaction"
"ENSG00000257497.2","ENSG00000257497","GLIPR1-AS1","lncRNA",0.431959987014454,0.321768573863191,3.11419774517384,7.18881655259267e-07,2.68223775815939,13.0166968146437,2.68223642319871,0.705268091288537,3.80314444440301,0.000142870994745375,0.000483081300944931,"Positive_interaction"
"ENSG00000010030.15","ENSG00000010030","ETV7","protein_coding",0.585481284866154,0.104616906809761,2.16195888259778,1.90410498272586e-14,1.57647759773163,22.4662732172049,1.57647726970422,0.414968150096458,3.79903197230384,0.000145262354049895,0.000490480436833896,"Positive_interaction"
"ENSG00000167771.8","ENSG00000167771","RCOR2","protein_coding",-1.2031021194609,0.201634294947324,1.95651230853488,3.21292892811729e-13,3.15961442799578,21.2803250627546,3.1596115138466,0.832878814149756,3.79360293498651,0.000148477038236924,0.000499640171084007,"Positive_interaction"
"ENSG00000101210.17","ENSG00000101210","EEF1A2","protein_coding",1.49044139114421,0.000180906224450009,5.14649332985809,2.32491343223535e-08,3.65605193871388,18.3104724631623,3.65604851461214,0.96591567796177,3.78505970865589,0.000153671678346484,0.000515153819707897,"Positive_interaction"
"ENSG00000247675.9","ENSG00000247675","LRP4-AS1","lncRNA",0.238537581503097,0.832156510145695,4.04888656036649,2.81399937810937e-11,3.81034897886339,8.83416350876042,3.81034398533215,1.00775065277304,3.78103846903714,0.000156175536763152,0.000523184437996209,"Positive_interaction"
"ENSG00000117407.19","ENSG00000117407","ARTN","protein_coding",0.791784543790391,0.00741758750311765,2.38738473993759,1.59990507878886e-12,1.5956001961472,33.1294652844243,1.5955999097019,0.422856543234817,3.77338351559065,0.000161048429865447,0.000537272984716863,"Positive_interaction"
"ENSG00000196296.16","ENSG00000196296","ATP2A1","protein_coding",-0.187796058446427,0.830614377283476,2.5535361306442,1.86669528649673e-12,2.74133218909063,14.0718751551397,2.74133019335461,0.727959670947882,3.76577206507209,0.000166035213876497,0.000552256671906861,"Positive_interaction"
"ENSG00000240476.3","ENSG00000240476","LINC00973","lncRNA",-0.525146361822023,0.768711764680962,4.70617558712869,7.85515055540155e-27,5.23132194895071,23.2478160820892,5.23130716817928,1.38951183028082,3.76485255769434,0.000166647386346852,0.000554038523271067,"Positive_interaction"
"ENSG00000221821.4","ENSG00000221821","PEX39","protein_coding",-0.479454884062988,0.249979985977943,1.34298392661059,0.000144539672420612,1.82243881067358,15.1835437049914,1.8224383799025,0.484888339225958,3.75847021359952,0.000170955385221584,0.000566959271434817,"Positive_interaction"
"ENSG00000262585.2","ENSG00000262585","LINC01979","lncRNA",-0.461474402239424,0.0671755979646011,1.89017326442564,0.00206205512699098,2.35164766666506,26.2056335723961,2.35164650840045,0.62569459763689,3.75845742840373,0.000170964119249941,0.000566959271434817,"Positive_interaction"
"ENSG00000073150.15","ENSG00000073150","PANX2","protein_coding",1.23276421457185,0.255668933249791,4.99602609543778,1.53315611352371e-27,3.76326188086593,25.3722439630988,3.7632547029216,1.00601776137616,3.74074379936765,0.000183476475040739,0.000605543401569206,"Positive_interaction"
"ENSG00000131471.8","ENSG00000131471","AOC3","protein_coding",2.08866901189077,1.46647142102267e-05,5.78356754373312,2.01228395861873e-10,3.69489853184235,15.0209389104904,3.6948946799397,0.990888487690215,3.72887032783335,0.000192340090219813,0.000633066678961057,"Positive_interaction"
"ENSG00000164898.14","ENSG00000164898","FMC1","protein_coding",-0.475543882158426,0.242461603426915,1.31595068990428,0.000220191235829257,1.79149457206271,14.6004075344165,1.79149415723176,0.481115324977595,3.72362729729133,0.000196380771279335,0.000645632971274983,"Positive_interaction"
"ENSG00000236937.2","ENSG00000236937","PTGES3P4","processed_pseudogene",-0.252020277830607,0.559365101114198,1.4356297623729,5.33914098303602e-06,1.68765004020351,22.0923646797201,1.68764967823106,0.453681890003533,3.71989650770039,0.000199304428916696,0.000654354278174163,"Positive_interaction"
"ENSG00000131061.17","ENSG00000131061","ZNF341","protein_coding",1.09837779325302,3.67746418480538e-07,2.15622499191825,6.7805286793135e-26,1.05784719866523,112.410208538881,1.05784710403621,0.28456955789719,3.7173586375616,0.000201316565347025,0.000660212642002509,"Positive_interaction"
"ENSG00000110195.16","ENSG00000110195","FOLR1","protein_coding",0.936085057395837,0.0013443184062548,2.65038209231166,7.70820060177755e-12,1.71429703491582,57.7691719862196,1.71429666419028,0.461323299743834,3.71604179789359,0.000202368119560427,0.000663360956496202,"Positive_interaction"
"ENSG00000279873.3","ENSG00000279873","LINC01126","lncRNA",0.219610208077866,0.675949674897408,2.15165895766634,8.81662606384282e-10,1.93204874958847,14.7731978268604,1.93204814439194,0.521914487360669,3.7018480827431,0.000214034765409629,0.000699547095245004,"Positive_interaction"
"ENSG00000171097.16","ENSG00000171097","KYAT1","protein_coding",0.193547331354935,0.786114486442453,3.13326812822617,3.70254479371416e-07,2.93972079687123,7.22328239135476,2.93971884332087,0.795268611168593,3.69651059030376,0.000218583145123424,0.000713286858619379,"Positive_interaction"
"ENSG00000075213.13","ENSG00000075213","SEMA3A","protein_coding",-1.47864019008713,4.10167535570221e-10,-0.473642446533851,0.00464914713757354,1.00499774355328,86.0540106666661,1.00499766599436,0.273958291158835,3.66843310981117,0.000244041522226363,0.00078784801517141,"Positive_interaction"
"ENSG00000128218.9","ENSG00000128218","VPREB3","protein_coding",-0.172962340022353,0.863609923075804,3.4215512614346,5.49218480148647e-07,3.59451360145695,6.83765601043687,3.59450980926107,0.980826358495364,3.66477692827833,0.00024755425386831,0.000797766565946085,"Positive_interaction"
"ENSG00000259943.3","ENSG00000259943","ZMPSTE24-DT","lncRNA",-1.03642808750576,6.31655715921198e-05,0.205364831163876,0.445954996750223,1.24179291866964,40.8588516448373,1.24179277134431,0.338912352505003,3.66405285073219,0.000248255524902173,0.00079984861424684,"Positive_interaction"
"ENSG00000240583.16","ENSG00000240583","AQP1","protein_coding",-1.07355772076595,2.01707128159479e-06,1.24212652998624,0.0527100196483901,2.31568425075219,48.6573220617014,2.31568274678926,0.63707065463,3.6348915618067,0.000278097583643723,0.000887316200388559,"Positive_interaction"
"ENSG00000213903.11","ENSG00000213903","LTB4R","protein_coding",-0.380463795786674,0.220640341278555,0.941957401020034,0.000398148946333479,1.32242119680671,30.1816464718533,1.32242102165781,0.363870528108837,3.63431748245976,0.000278717482729373,0.000888902675993413,"Positive_interaction"
"ENSG00000134901.16","ENSG00000134901","POGLUT2","protein_coding",-0.458811776470045,0.156366540707556,0.823606227064261,0.00040336458997677,1.28241800353431,38.5172444980367,1.28241783108086,0.353798220543289,3.62471532251233,0.00028927992051196,0.000919755289174928,"Positive_interaction"
"ENSG00000187266.16","ENSG00000187266","EPOR","protein_coding",-1.63592203983108,0.000497901804679418,0.320739542817503,0.377704444231018,1.95666158264858,16.7767877322281,1.95666100840428,0.539902433332514,3.62410111087463,0.000289968159546877,0.000921741295931857,"Positive_interaction"
"ENSG00000173467.11","ENSG00000173467","AGR3","protein_coding",-3.29187352688325,5.94431336638585e-06,-0.542487582970282,0.160946882655726,2.74938594391297,14.3064409336273,2.74938433965059,0.762789067569748,3.60438351379387,0.000312894742541027,0.000987041926187323,"Positive_interaction"
"ENSG00000177173.5","ENSG00000177173","NAP1L4P1","processed_pseudogene",-0.163230374265634,0.825459008675882,2.12431894996899,8.67696682637793e-10,2.28754932423462,17.3756170276179,2.28754809864256,0.634832154998045,3.60339040899654,0.000314093211313796,0.000990175944824785,"Positive_interaction"
"ENSG00000173269.16","ENSG00000173269","MMRN2","protein_coding",0.921241931459658,0.0943939077354667,4.67965416334411,1.13653262638232e-06,3.75841223188445,10.1886853954654,3.75840812448366,1.04465990911839,3.59773366593101,0.000321002071558918,0.00100997872797044,"Positive_interaction"
"ENSG00000253251.5","ENSG00000253251","SHLD3","protein_coding",0.0325025487762334,0.940514129153362,1.38833086119709,3.86774856448625e-08,1.35582831242086,50.4734788800678,1.35582809463845,0.376888181241811,3.59742799620599,0.000321379422353283,0.0010105078300594,"Positive_interaction"
"ENSG00000111344.14","ENSG00000111344","RASAL1","protein_coding",0.650552924517293,0.0272663678832417,1.77393660423915,6.96168360294008e-24,1.12338367972186,70.169592777683,1.12338348324939,0.312269617061761,3.59747929952213,0.00032131605917265,0.0010105078300594,"Positive_interaction"
"ENSG00000115194.13","ENSG00000115194","SLC30A3","protein_coding",0.56739984443123,0.47746285436354,3.94928044511447,3.66352029542989e-08,3.38188060068324,6.76248855355156,3.38187723404659,0.941445395793169,3.59221814579842,0.000327875198207615,0.00102803275041643,"Positive_interaction"
"ENSG00000161249.23","ENSG00000161249","DMKN","protein_coding",-1.74225475393762,6.21106132904082e-07,-0.469537666036488,0.00130324894995753,1.27271708790113,95.1537624205896,1.27271688644774,0.354311605325569,3.59208354261575,0.000328044641981426,0.00102811915043141,"Positive_interaction"
"ENSG00000290683.2","ENSG00000290683","ENSG00000290683","lncRNA",-0.451208011349862,0.29730462590839,1.05759423644168,4.96591976945472e-06,1.50880224779154,27.2890450927343,1.50880191004871,0.420521856940385,3.58792744098105,0.000333317013657326,0.00104283898141666,"Positive_interaction"
"ENSG00000108465.17","ENSG00000108465","CDK5RAP3","protein_coding",-0.587339691724154,0.257723485212245,1.24841859712892,1.67371553235073e-05,1.83575828885307,27.3666516977315,1.83575769374579,0.513067168346754,3.57800655937722,0.000346224764846435,0.00107810255525452,"Positive_interaction"
"ENSG00000139190.18","ENSG00000139190","VAMP1","protein_coding",-0.268112630328262,0.54903780698112,1.63945994144885,9.85115170009194e-05,1.90757257177711,12.1266091768123,1.90757202610447,0.534558066113959,3.56850293172418,0.00035902683717279,0.00111256794764183,"Positive_interaction"
"ENSG00000163132.8","ENSG00000163132","MSX1","protein_coding",0.101409820284549,0.843448941317237,2.06133215082259,8.01615428818782e-07,1.95992233053804,441.853197974282,1.95992171984017,0.549259646975378,3.5682973082638,0.000359308657821963,0.0011131041191013,"Positive_interaction"
"ENSG00000105270.17","ENSG00000105270","CLIP3","protein_coding",-0.626504468906828,0.428687397486325,2.00006524740435,3.70663155664357e-07,2.62656971631118,10.0591904722732,2.62656798477115,0.739798074276711,3.5503849984188,0.000384668156785035,0.00118457520784716,"Positive_interaction"
"ENSG00000235919.6","ENSG00000235919","ASH1L-AS1","lncRNA",-0.622468205995703,0.0994424511986615,0.954109670355386,0.00259760264012945,1.57657787635109,19.4087975891717,1.57657756386674,0.444167115053465,3.54951438419065,0.000385942379784025,0.00118804130904727,"Positive_interaction"
"ENSG00000178127.15","ENSG00000178127","NDUFV2","protein_coding",0.728526103666419,0.302487122152168,3.22732327877013,6.16372756253345e-15,2.49879717510371,13.330115459423,2.49879532766561,0.70742613401034,3.53223496776991,0.000412063043497669,0.00126169820967002,"Positive_interaction"
"ENSG00000233593.13","ENSG00000233593","LINC02609","lncRNA",0.931686898534403,0.16564278288236,3.11315135366459,1.37295101076236e-35,2.18146445513019,40.9695533201386,2.181462572979,0.619426106709852,3.52174787169704,0.000428711669087993,0.00130797673861541,"Positive_interaction"
"ENSG00000128016.10","ENSG00000128016","ZFP36","protein_coding",0.851142934124311,0.000175551889582065,1.87896814089203,4.36671832665246e-19,1.02782520676772,1251.20336092085,1.02782511672477,0.292789874018983,3.51045308574478,0.00044734373808963,0.00135483917500416,"Positive_interaction"
"ENSG00000169826.10","ENSG00000169826","CSGALNACT2","protein_coding",0.0275328726054157,0.941755655283995,1.21596492401916,2.96086224100029e-07,1.18843205141374,64.7606793295215,1.18843190742298,0.338647620339649,3.50934669563317,0.000449208938388581,0.00135906804491176,"Positive_interaction"
"ENSG00000156384.16","ENSG00000156384","SFR1","protein_coding",-0.713042626659901,0.00316931030287334,0.301674777275705,0.144738117752123,1.01471740393561,45.2416144444854,1.01471731813182,0.290395727753627,3.4942570470345,0.000475383070213857,0.00142752827466623,"Positive_interaction"
"ENSG00000171759.12","ENSG00000171759","PAH","protein_coding",-0.125332350310122,0.698533479439319,1.45610637304191,0.000251047129476685,1.58143872335203,23.4613749755151,1.58143836246667,0.453148389815569,3.48989072456004,0.000483218094086735,0.00144955425781515,"Positive_interaction"
"ENSG00000140451.15","ENSG00000140451","PIF1","protein_coding",-0.898126138809479,0.00698886438037665,0.536011298140447,0.0772562887974844,1.43413743694993,32.6761484422702,1.43413719411806,0.411802449066105,3.4825853934828,0.000496596811513759,0.00148568971768319,"Positive_interaction"
"ENSG00000291224.2","ENSG00000291224","ENSG00000291224","lncRNA",-0.314538399392459,0.242524188563003,0.928120584708517,0.00140566295925172,1.24265898410098,30.2978128690295,1.24265881632536,0.356827420871236,3.48252052292188,0.00049671714540294,0.00148574300746737,"Positive_interaction"
"ENSG00000291171.2","ENSG00000291171","ENSG00000291171","lncRNA",-0.666546015908453,0.0378016655061118,0.549832412371157,0.0120884149204372,1.21637842827961,34.0495152106867,1.21637826543988,0.350250545779608,3.47288042830139,0.000514904699326664,0.00153507486168319,"Positive_interaction"
"ENSG00000204175.8","ENSG00000204175","GPRIN2","protein_coding",0.666587741725856,0.000433926883791226,1.77572017321193,1.24463301196516e-10,1.10913243148607,356.959960793396,1.10913227784598,0.319611100518503,3.47025580790731,0.000519962899752502,0.00154951724104735,"Positive_interaction"
"ENSG00000175183.12","ENSG00000175183","CSRP2","protein_coding",0.257812520618195,0.705640271292006,2.6498338670789,2.29692184470661e-08,2.3920213464607,9.75135183314626,2.39202005157414,0.689375880034804,3.46983426726996,0.000520779601451526,0.00155163198689052,"Positive_interaction"
"ENSG00000229152.2","ENSG00000229152","ANKRD10-IT1","lncRNA",-0.362201677414802,0.491640696665666,1.30564598612016,1.29522757017075e-07,1.66784766353496,28.9617105814131,1.6678471219454,0.481098205213308,3.46674983168127,0.000526791929976561,0.00156761163228343,"Positive_interaction"
"ENSG00000253320.8","ENSG00000253320","MAILR","lncRNA",-0.88944933454772,0.00329049091194836,0.400851034586108,0.141970691039783,1.29030036913383,26.5370956351675,1.29030019001803,0.372292230345211,3.4658262645492,0.000528604736323886,0.00157236039384355,"Positive_interaction"
"ENSG00000243926.4","ENSG00000243926","TIPARP-AS1","lncRNA",-0.486755324782014,0.073411784381699,0.782364514155136,0.00793807190489625,1.26911983893715,50.1167539419743,1.26911965451655,0.366233561631151,3.46532865219692,0.000529583873591493,0.00157430348637701,"Positive_interaction"
"ENSG00000227533.8","ENSG00000227533","SLC2A1-DT","lncRNA",-0.0980434501122029,0.802365280815535,1.57894223118781,9.81361793097698e-05,1.67698568130001,24.8232606948457,1.6769852687719,0.484092512556759,3.4641834469094,0.000531843684627898,0.00158004892940293,"Positive_interaction"
"ENSG00000225159.1","ENSG00000225159","NPM1P39","processed_pseudogene",-0.365960414276118,0.351713080001476,1.11186300158604,0.00015689224100145,1.47782341586216,24.8218886132051,1.477823136711,0.426645263730852,3.46382173280911,0.000532559313098596,0.00158185070002559,"Positive_interaction"
"ENSG00000247516.9","ENSG00000247516","MIR4458HG","lncRNA",-0.396634321951982,0.445558445607622,1.23744849021371,9.28263370679356e-08,1.63408281216569,38.6088145688469,1.63408227079089,0.471929339749541,3.4625570676706,0.000535068431915374,0.00158832685688603,"Positive_interaction"
"ENSG00000235453.14","ENSG00000235453","SMIM27","protein_coding",-0.74988112126967,0.144825135786877,1.21661927394321,0.0013534950064755,1.96650039521288,12.6103454839159,1.9664997414583,0.568280495969127,3.46043856054693,0.0005392962839681,0.00159956646485176,"Positive_interaction"
"ENSG00000167552.18","ENSG00000167552","TUBA1A","protein_coding",-1.54171285409302,1.41643409170047e-12,-0.208646523726675,0.574640231151123,1.33306633036635,38.4450922262016,1.33306597882011,0.386592042460384,3.44824991827584,0.000564231699238183,0.00166685896818937,"Positive_interaction"
"ENSG00000184083.13","ENSG00000184083","FAM120C","protein_coding",-0.420127406100799,0.143316102829519,0.940663199713458,0.00396475788595019,1.36079060581426,29.9309072725255,1.36079037401545,0.395557993931173,3.44017917699377,0.000581329191768401,0.00171058327860054,"Positive_interaction"
"ENSG00000143702.19","ENSG00000143702","CEP170","protein_coding",0.195080677522025,0.693570492692077,1.6299777854137,1.35782520477452e-17,1.43489710789168,53.0249679198098,1.43489662365579,0.417397087051464,3.43772553323754,0.000586621974579924,0.00172510666712911,"Positive_interaction"
"ENSG00000131116.14","ENSG00000131116","ZNF428","protein_coding",-0.796447543714236,0.00216485356090187,0.284940387316679,0.21117731269396,1.08138793103091,78.018600489854,1.08138782247559,0.315029664390972,3.43265395202121,0.000597704436629965,0.00175342767118248,"Positive_interaction"
"ENSG00000188677.16","ENSG00000188677","PARVB","protein_coding",-0.409653527055913,0.254473681121691,0.674109485322634,4.90322542739553e-10,1.08376301237855,147.719861527875,1.0837627582905,0.316257268670239,3.42683905052167,0.000610650896809288,0.00178706639672056,"Positive_interaction"
"ENSG00000120885.24","ENSG00000120885","CLU","protein_coding",0.645226855241921,0.099150580526816,2.27867253168987,4.95165840209157e-11,1.63344567644795,548.886420873101,1.63344530393211,0.476962231324874,3.42468480029296,0.000615513074192459,0.00179984170121007,"Positive_interaction"
"ENSG00000246228.8","ENSG00000246228","CASC8","lncRNA",-0.524670457244473,0.693495868358352,3.5803421960633,1.25488775963735e-07,4.10501265330777,5.76219968211029,4.1050056044892,1.1993137297548,3.4227954726479,0.000619806943583697,0.00181057089828965,"Positive_interaction"
"ENSG00000250722.7","ENSG00000250722","SELENOP","protein_coding",0.862976873761742,0.00713009983889756,2.35550747485438,2.47647015258538e-12,1.49253060109264,114.645332577311,1.4925303154741,0.436097103594639,3.42247243371155,0.00062054389741501,0.00181199318181308,"Positive_interaction"
"ENSG00000213185.9","ENSG00000213185","FAM24B","protein_coding",-0.293909143177373,0.228261968178763,0.732945490794063,0.00149708721299365,1.02685463397144,42.1037201525204,1.0268545401464,0.300162735371002,3.42099274540925,0.000623929965546511,0.00182077991556585,"Positive_interaction"
"ENSG00000100918.16","ENSG00000100918","REC8","protein_coding",-0.927887683811006,0.434372199282893,2.73511280002519,1.30521297666595e-07,3.6630004838362,7.88504394617237,3.66299540579541,1.07405243769075,3.41044373370723,0.000648572648484265,0.00188472324480328,"Positive_interaction"
"ENSG00000183508.7","ENSG00000183508","TENT5C","protein_coding",1.58252429464153,4.53107338606109e-09,2.89109035131146,9.79680074772593e-23,1.30856605666993,59.047320866359,1.30856584998094,0.384087477840882,3.4069474416009,0.000656937758942557,0.00190673783348599,"Positive_interaction"
"ENSG00000217930.10","ENSG00000217930","PAM16","protein_coding",0.764757188419791,0.0303439028607946,2.21294348704914,8.81297490312997e-14,1.44818629862935,24.2456258190608,1.44818598471872,0.425213796775437,3.40578315120742,0.000659745594875712,0.00191354095880387,"Positive_interaction"
"ENSG00000105655.21","ENSG00000105655","ISYNA1","protein_coding",1.1192801998627,0.0491458966228693,3.01679241768065,7.90358156819965e-32,1.89751221781795,33.4674378690329,1.89751091773498,0.557900435019846,3.40116407628807,0.000670995407428009,0.00194248211035691,"Positive_interaction"
"ENSG00000105696.11","ENSG00000105696","TMEM59L","protein_coding",2.9317912713653,0.00119342317673771,7.50500124593924,6.75729179345711e-12,4.57320997457394,13.1799632787291,4.57319893361203,1.34628235483752,3.39690921237987,0.00068151573778798,0.00197096908242335,"Positive_interaction"
"ENSG00000230551.4","ENSG00000230551","ENSG00000230551","lncRNA",0.129510991618212,0.724316029723532,1.29123956817196,8.28399155073251e-10,1.16172857655375,40.0710818651329,1.16172839886504,0.342154322979534,3.39533456350493,0.000685447844678175,0.00198115479957641,"Positive_interaction"
"ENSG00000188818.14","ENSG00000188818","ZDHHC11","protein_coding",-0.607468894297168,0.0495525690422805,0.735690517830949,0.0158524287154903,1.34315941212812,24.9846534300638,1.34315919909063,0.395769622819262,3.39379053279188,0.000689323961635291,0.00199156356698936,"Positive_interaction"
"ENSG00000289092.1","ENSG00000289092","ENSG00000289092","lncRNA",-0.0570895055089209,0.940489987042262,2.62001631323686,3.42303495702631e-05,2.67710581874578,7.57031470309653,2.67710413565558,0.789767803184857,3.38973572341106,0.000699600322971089,0.00201763340905413,"Positive_interaction"
"ENSG00000142871.20","ENSG00000142871","CCN1","protein_coding",0.693863393615779,0.0238665667544517,1.99658773849209,7.73573832775437e-13,1.30272434487631,51.9755225724694,1.30272414083088,0.384361629404491,3.3893189152342,0.000700664697263331,0.00201949737325779,"Positive_interaction"
"ENSG00000165194.17","ENSG00000165194","PCDH19","protein_coding",0.0599610778560629,0.92067870537812,4.22364379781363,0.000535196183552757,4.16368271995757,12.0305023892905,4.16367579356974,1.23753885039833,3.36448087446272,0.000766877991220155,0.0021967969655589,"Positive_interaction"
"ENSG00000125740.16","ENSG00000125740","FOSB","protein_coding",1.33619323073713,0.0147220607677994,3.26248876623059,3.87349336470484e-26,1.92629553549346,28.7012903863755,1.92629429250362,0.574061092690477,3.35555625878698,0.000792055446330742,0.00226265868878871,"Positive_interaction"
"ENSG00000171703.19","ENSG00000171703","TCEA2","protein_coding",-0.558131126584742,0.0235873066458195,3.49811113738338,0.00511197280153038,4.05624226396812,28.8592178134269,4.05623451182314,1.20997346467245,3.35233344387532,0.000801334415899125,0.00228736229174909,"Positive_interaction"
"ENSG00000203392.3","ENSG00000203392","ENSG00000203392","lncRNA",0.203621872670918,0.848379092297853,4.01020597686197,4.36696082297614e-06,3.80658410419105,4.61450765823034,3.80657868402416,1.1417489520504,3.33398920768715,0.000856099793927406,0.00242743068158794,"Positive_interaction"
"ENSG00000156587.17","ENSG00000156587","UBE2L6","protein_coding",-0.77300756755921,0.322507877936425,1.57674518745942,2.91448266766291e-07,2.34975275501863,15.9476761524143,2.34975118901934,0.705552177200145,3.33037196248745,0.000867300406270921,0.0024558260038449,"Positive_interaction"
"ENSG00000232368.1","ENSG00000232368","FTLP2","processed_pseudogene",1.29848861196378,9.69193246623784e-05,2.93450880941264,9.18458472898065e-14,1.63602019744886,31.3809702421674,1.63601979241737,0.49140709168075,3.32925556043916,0.000870784631364127,0.00246521017341843,"Positive_interaction"
"ENSG00000095303.19","ENSG00000095303","PTGS1","protein_coding",-0.951978987234391,0.0234893297889303,0.515948136138082,0.0411339700705792,1.46792712337247,24.0616962835123,1.4679268025434,0.441376824587236,3.32579039218058,0.000881682046064369,0.0024911944261191,"Positive_interaction"
"ENSG00000121653.13","ENSG00000121653","MAPK8IP1","protein_coding",-0.958514562985531,0.00409567134830093,0.168440911022805,0.3277858318922,1.12695547400834,99.2719251815436,1.12695528087263,0.339077356526027,3.32359344905453,0.000888656434683105,0.00250943278476765,"Positive_interaction"
"ENSG00000175197.14","ENSG00000175197","DDIT3","protein_coding",-0.477238558530156,0.124468208527918,0.765244514634515,0.0057054465254525,1.24248307316467,908.168777991959,1.24248289875096,0.374161019162894,3.32071711139432,0.000897864938383528,0.00253300610441486,"Positive_interaction"
"ENSG00000132535.23","ENSG00000132535","DLG4","protein_coding",0.661743414526172,0.303452707628402,2.70832783566933,1.04357092421665e-16,2.04658442114316,20.4563535981721,2.04658311926647,0.617264778277647,3.31556763205743,0.000914572078779156,0.00257658992334128,"Positive_interaction"
"ENSG00000223873.1","ENSG00000223873","SAP18P2","processed_pseudogene",-0.204341422107989,0.528642798661224,0.940146814072125,0.000109113561100755,1.14448823618011,31.7922462559407,1.14448809597154,0.345400928148745,3.31350613938904,0.000921340843644353,0.00259313876599223,"Positive_interaction"
"ENSG00000060982.17","ENSG00000060982","BCAT1","protein_coding",-1.72574657645188,1.69192018733531e-06,2.28606475289937,0.0663671684573414,4.01181132935125,14.5193181436386,4.01180414693314,1.21300593535383,3.30732441615211,0.000941917396177733,0.00264437561127619,"Positive_interaction"
"ENSG00000100342.24","ENSG00000100342","APOL1","protein_coding",-0.118520161930037,0.723108341149095,1.14588191686468,0.000140199615374829,1.26440207879472,31.2955876142978,1.26440189160398,0.382385115564365,3.30661900826825,0.000944292293241225,0.00265010758778207,"Positive_interaction"
"ENSG00000133134.14","ENSG00000133134","BEX2","protein_coding",-2.68611353252894,9.31972759669035e-15,-1.38543449997594,3.7993239918862e-10,1.300679032553,52.2593989873013,1.30067883016187,0.393658578921152,3.3040784573436,0.000952891607217174,0.00267156223095208,"Positive_interaction"
"ENSG00000170498.12","ENSG00000170498","KISS1","protein_coding",1.44927058284917,0.000959438793959946,3.65335533049602,2.96354810253877e-11,2.20408474764685,18.3774446755554,2.20408372546289,0.667850639137632,3.30026445480225,0.000965937598957846,0.00270552139236511,"Positive_interaction"
"ENSG00000134470.23","ENSG00000134470","IL15RA","protein_coding",0.287649219119535,0.444540965427961,1.36239993132148,4.91873470256439e-26,1.07475071220195,98.2542810098049,1.07475041524904,0.326015081914016,3.29662790119782,0.00097853048679057,0.00273867590084375,"Positive_interaction"
"ENSG00000150201.17","ENSG00000150201","FXYD4","protein_coding",-0.369500880435553,0.347353397639108,1.38933855750277,0.00190275866170005,1.75883943793832,14.6454669169732,1.7588389148222,0.534094786240021,3.2931212963232,0.000990817193990129,0.00276985393042148,"Positive_interaction"
"ENSG00000279088.3","ENSG00000279088","ENSG00000279088","lncRNA",0.445706779819464,0.379635876208369,2.08652242061638,9.08320405435303e-13,1.64081564079692,24.7573494461561,1.64081504304036,0.499127489357029,3.28736661079125,0.00101129085528996,0.00282327626177269,"Positive_interaction"
"ENSG00000299510.1","ENSG00000299510","ENSG00000299510","lncRNA",-0.148157987506578,0.77474751779515,2.8616396441218,0.00102850128736323,3.00979763162838,9.53546295459225,3.00979498584654,0.9183108625858,3.27753390324872,0.00104718154023581,0.00291281283706282,"Positive_interaction"
"ENSG00000103316.14","ENSG00000103316","CRYM","protein_coding",-0.133854477268943,0.904700095916922,2.59733583209405,3.49999157316676e-16,2.73119030936299,16.9761092359518,2.73118722089176,0.833820565645597,3.27550954416326,0.00105471550502141,0.0029313347977297,"Positive_interaction"
"ENSG00000233822.8","ENSG00000233822","H2BC15","protein_coding",0.702980757457996,0.0552770074318951,2.43201894783025,2.0064213280532e-08,1.72903819037225,18.1824504700136,1.72903770387129,0.528690643832251,3.27041479557541,0.00107389888097446,0.00297684441145406,"Positive_interaction"
"ENSG00000170175.12","ENSG00000170175","CHRNB1","protein_coding",-0.285992030229139,0.515563957074189,1.00150801476501,2.58933746743153e-07,1.28750004499415,67.4976042177788,1.28749970837221,0.394089149713304,3.26702653272452,0.00108683493793425,0.0030081000612191,"Positive_interaction"
"ENSG00000023902.15","ENSG00000023902","PLEKHO1","protein_coding",0.383905567536322,0.651057315981597,2.71170637389787,3.3100353060217e-17,2.32780080636155,35.4090402128411,2.32779863116433,0.713929146348172,3.26054573212382,0.00111198033627389,0.00306890478637997,"Positive_interaction"
"ENSG00000204060.8","ENSG00000204060","FOXO6","protein_coding",0.415162612316789,0.261251238797064,3.5579153310521,0.000189939490790192,3.14275271873531,19.7897106733833,3.1427496428441,0.965846691990953,3.25388042316092,0.00113840187415133,0.00313109128111617,"Positive_interaction"
"ENSG00000112494.12","ENSG00000112494","UNC93A","protein_coding",-1.09766778396697,9.70634014141352e-08,-0.0737071669323628,0.801487838640382,1.02396061703461,64.0338149233602,1.02396047113969,0.314738213913014,3.25337193221375,0.00114044119026016,0.00313610507196401,"Positive_interaction"
"ENSG00000154710.20","ENSG00000154710","RABGEF1","protein_coding",0.807345693819388,0.00462705015653083,1.93395683416964,5.38573017929521e-16,1.12661114035025,68.1085896387295,1.12661097774296,0.346823921924775,3.24836583212192,0.00116069933374514,0.00318395887651609,"Positive_interaction"
"ENSG00000239569.6","ENSG00000239569","KMT2E-AS1","lncRNA",0.388276970686837,0.175535308435273,1.4541059722188,1.67291860572144e-10,1.06582900153196,46.1134828690755,1.06582887289441,0.328182712643558,3.24766915450545,0.00116354478820777,0.00319116030861222,"Positive_interaction"
"ENSG00000159871.16","ENSG00000159871","LYPD5","protein_coding",0.35101422649807,0.448708666291201,1.86894170407633,2.14455779086132e-10,1.51792747757826,20.1516262661249,1.51792705083644,0.467556228064585,3.24651231172726,0.00116828394816344,0.00320355174584381,"Positive_interaction"
"ENSG00000162772.20","ENSG00000162772","ATF3","protein_coding",0.417933035991657,0.233736334156518,1.74738453298105,3.31425561277068e-09,1.32945149698939,728.45232598523,1.32945126797342,0.40965234830311,3.24531587205678,0.00117320408112362,0.00321496357769234,"Positive_interaction"
"ENSG00000260260.4","ENSG00000260260","SNHG19","lncRNA",0.170049500731797,0.658590996918378,1.51578776758306,8.49089877658961e-07,1.34573826685126,27.0964854868713,1.34573803004367,0.41587278651831,3.23593674236346,0.00121244249829268,0.00330960947170043,"Positive_interaction"
"ENSG00000127528.7","ENSG00000127528","KLF2","protein_coding",0.364042119642489,0.432230661304023,1.84076271885434,2.1273566592905e-11,1.47672059921185,131.967324562585,1.47672010651238,0.457487803950148,3.22788956068716,0.00124707110173973,0.00339965282287664,"Positive_interaction"
"ENSG00000261526.4","ENSG00000261526","ENSG00000261526","lncRNA",-0.272701970063251,0.665398986758096,1.81560599795364,7.48364095038876e-05,2.08830796801689,9.90768654340731,2.08830705978618,0.647825284980645,3.22356522383743,0.00126605462581574,0.00344492370208818,"Positive_interaction"
"ENSG00000272512.1","ENSG00000272512","ENSG00000272512","lncRNA",0.625411778120617,0.377536527497614,3.43269156150794,4.22398890796465e-07,2.80727978338732,6.56984980291552,2.80727744741233,0.871804514556189,3.22007674947799,0.00128156281070516,0.00348319734672527,"Positive_interaction"
"ENSG00000260083.4","ENSG00000260083","MIR762HG","lncRNA",0.0685484283239507,0.886647307821653,1.66588485480538,1.06933981460558e-05,1.59733642648143,17.2481495816142,1.59733603017636,0.497260553879863,3.21227175112359,0.00131689744349963,0.00357052904606112,"Positive_interaction"
"ENSG00000184163.4","ENSG00000184163","C1QTNF12","protein_coding",2.18240460194323,0.0455931916038668,6.11421715191427,7.76088461067372e-15,3.93181254997104,15.0559031458051,3.93180240296822,1.22678510152364,3.20496425827556,0.00135079253116002,0.0036521801047707,"Positive_interaction"
"ENSG00000144199.15","ENSG00000144199","FAHD2B","protein_coding",-0.415215709376329,0.181738806178322,0.630109219338482,0.00221034864949366,1.04532492871481,46.7517507833083,1.04532479798984,0.32783407534922,3.18857884701682,0.00142974012465235,0.00384554452235745,"Positive_interaction"
"ENSG00000197536.12","ENSG00000197536","CARINH","lncRNA",-0.752129710716943,0.144121617825064,1.00887465418129,0.00429881120036065,1.76100436489823,13.3091249469472,1.76100379736052,0.55229656761715,3.18851121048654,0.00143007464658763,0.00384573052112598,"Positive_interaction"
"ENSG00000277938.1","ENSG00000277938","ENSG00000277938","lncRNA",0.00418594121030546,0.999715445133159,1.94491544356696,2.54410212462493e-09,1.94072950235665,18.3004657372653,1.94072847460576,0.60905186845451,3.1864748720506,0.00144017997525665,0.0038700330430965,"Positive_interaction"
"ENSG00000128340.18","ENSG00000128340","RAC2","protein_coding",-1.96031654729934,0.216896624715717,2.332687511199,9.02179491756759e-22,4.29300405849834,26.9388052050981,4.2929915305641,1.34839195564792,3.18378607390999,0.001453623975421,0.00390326452692257,"Positive_interaction"
"ENSG00000226824.9","ENSG00000226824","ENSG00000226824","lncRNA",-0.388616252346078,0.208862143829028,0.658278818054958,0.00199472979531976,1.04689507040104,49.7077306056271,1.04689494171983,0.329429554711578,3.17790230641695,0.00148344726100946,0.00397818610409864,"Positive_interaction"
"ENSG00000159403.20","ENSG00000159403","C1R","protein_coding",0.232502131855078,0.733341464361449,2.46085946930165,1.22874632450062e-06,2.22835733744657,10.528982772468,2.22835614487866,0.706365223800165,3.1546798593656,0.00160674307493235,0.00428031629447052,"Positive_interaction"
"ENSG00000187242.7","ENSG00000187242","KRT12","protein_coding",3.06126568121066,7.72519317826231e-05,5.71971272314398,1.6427984483594e-35,2.65844704193332,37.4738636710306,2.65844237095036,0.843649324540875,3.15112250270231,0.00162644257918769,0.00432722707133981,"Positive_interaction"
"ENSG00000134245.19","ENSG00000134245","WNT2B","protein_coding",1.07253414178492,0.0584196554864237,4.4021339647946,5.80909815216829e-06,3.32959982300968,9.30113944996078,3.32959605598299,1.06016525305544,3.14063873192124,0.00168579842779,0.00446792077826128,"Positive_interaction"
"ENSG00000284773.1","ENSG00000284773","ENSG00000284773","protein_coding",0.522167089507697,0.473104104810764,3.45517413214804,5.46112841462339e-06,2.93300704264034,8.27173646399033,2.93300444133785,0.934581964316099,3.13830627309841,0.00169927220189039,0.00449951630728953,"Positive_interaction"
"ENSG00000144230.19","ENSG00000144230","GPR17","protein_coding",-1.92067124514628,0.00908517272494268,2.8959540424917,0.0501564747355291,4.81662528763798,10.8294450882136,4.81661147123917,1.53617350274689,3.13546058607729,0.00171584483299046,0.00453842367579809,"Positive_interaction"
"ENSG00000198915.14","ENSG00000198915","RASGEF1A","protein_coding",-0.655894097196781,0.743840319143244,4.52658411663565,1.01790379223455e-09,5.18247821383243,7.29601063840277,5.18245731630146,1.65964352256299,3.12263280990497,0.00179241215750352,0.00472628038328621,"Positive_interaction"
"ENSG00000143845.16","ENSG00000143845","ETNK2","protein_coding",0.887405869911858,0.0122582158682329,2.19438991407851,8.22116366212897e-15,1.30698404416665,37.4063930398777,1.30698374877725,0.419648044511703,3.11447596592054,0.00184271968447423,0.00484043749635682,"Positive_interaction"
"ENSG00000232677.12","ENSG00000232677","LINC00665","lncRNA",-0.218766201461201,0.829178665396796,2.55269461656228,1.13434743382382e-06,2.77146081802348,7.76428782677471,2.77145811955025,0.893193471222074,3.10286428287291,0.00191657510297578,0.00501806800222674,"Positive_interaction"
"ENSG00000198947.19","ENSG00000198947","DMD","protein_coding",-0.741958044204035,0.120124423945738,0.721179665854382,0.0034956137864399,1.46313771005842,24.7556502584584,1.46313729789328,0.471662399671857,3.10208593882237,0.00192162163666351,0.00502909356169762,"Positive_interaction"
"ENSG00000164879.9","ENSG00000164879","CA3","protein_coding",1.43910865129787,0.00781013416030712,3.34997254514165,2.03721633741829e-17,1.91086389384378,19.6388919201997,1.9108627422692,0.619428474908947,3.08488036903709,0.00203634041988012,0.00529814099908487,"Positive_interaction"
"ENSG00000244687.15","ENSG00000244687","UBE2V1","protein_coding",0.334756718322281,0.398404974330617,1.59456000168106,1.45881194128287e-09,1.25980328335878,40.3278121971826,1.25980301333177,0.409309302453257,3.07787535191834,0.00208482099277797,0.00541261659393378,"Positive_interaction"
"ENSG00000310781.1","ENSG00000310781","ENSG00000310781","snoRNA",1.13726348464174,0.00384409805906458,2.70753510786219,6.6065018160269e-13,1.57027162322045,20.8399957091519,1.5702711511908,0.510775382840298,3.07428902007552,0.00211004907033798,0.00547125266189622,"Positive_interaction"
"ENSG00000290319.2","ENSG00000290319","ENSG00000290319","lncRNA",-1.1876493127087,0.132635391910125,1.27158988018545,0.00501851152361163,2.45923919289415,7.20918953318913,2.45923749734769,0.800004027998043,3.07403139394406,0.00211187207784314,0.00547402077483504,"Positive_interaction"
"ENSG00000135472.11","ENSG00000135472","FAIM2","protein_coding",-0.737753310964672,4.69818213152453e-06,0.358358346050395,0.314565684699706,1.09611165701507,518.605239873126,1.09611123327579,0.357094860101943,3.06952397176165,0.00214400198916117,0.00554837086195066,"Positive_interaction"
"ENSG00000169750.11","ENSG00000169750","RAC3","protein_coding",-0.333244233737411,0.36598168646288,0.699697297671049,1.47919428455638e-05,1.03294153140846,56.705488873702,1.03294133321041,0.337087736232171,3.0643100361829,0.00218172681745963,0.00563593316196523,"Positive_interaction"
"ENSG00000197576.16","ENSG00000197576","HOXA4","protein_coding",1.52174803687656,0.00120317634133117,3.45837467674089,5.75600025146442e-13,1.93662663986433,24.1727993590424,1.93662578184984,0.633749245109495,3.0558234140622,0.00224443399406356,0.00578040473466662,"Positive_interaction"
"ENSG00000188886.6","ENSG00000188886","ASTL","protein_coding",-1.11077075562746,0.312586993322491,2.20336986172985,0.000506408949604059,3.31414061735731,5.38856694614711,3.31413637955292,1.08750287001995,3.04747368574037,0.00230773730538759,0.00592973918965902,"Positive_interaction"
"ENSG00000196267.16","ENSG00000196267","ZNF836","protein_coding",0.473248725571394,0.149584303492622,1.52833835862439,4.50901575553678e-13,1.055089633053,35.9294079675094,1.0550894473996,0.346683823311709,3.0433766344239,0.00233939337916575,0.00600894875059731,"Positive_interaction"
"ENSG00000167723.16","ENSG00000167723","TRPV3","protein_coding",-0.710440780174657,0.000221642455038268,1.94096769419892,0.032001153059728,2.65140847437358,50.0619663051307,2.65140547393676,0.871433874785575,3.04257792892108,0.00234561074174462,0.00602171671733624,"Positive_interaction"
"ENSG00000153291.17","ENSG00000153291","SLC25A27","protein_coding",-0.264376546936801,0.511902151981094,0.893821442397804,5.30702076354827e-05,1.15819798933461,45.1962796524921,1.15819775831464,0.382244521098637,3.02999178375606,0.00244560391629056,0.0062606769042365,"Positive_interaction"
"ENSG00000210195.2","ENSG00000210195","MT-TT","Mt_tRNA",-0.151563187791703,0.743338658584835,1.39140496590672,0.000381203794079452,1.54296815369842,13.0744089305056,1.54296775306497,0.509955358749389,3.02569181123801,0.00248065007017014,0.0063386134939324,"Positive_interaction"
"ENSG00000121753.13","ENSG00000121753","ADGRB2","protein_coding",0.111252459115762,0.855034114013975,1.88106800559247,3.33550390307856e-06,1.76981554647671,12.703809970972,1.76981487325166,0.588622881112899,3.00670417348627,0.00264096633508692,0.00670808592354686,"Positive_interaction"
"ENSG00000123612.18","ENSG00000123612","ACVR1C","protein_coding",-0.273357415172326,0.345572560226036,0.733652489383316,0.00331633859074837,1.00700990455564,162.714494464501,1.00700979117823,0.335470688995466,3.00178174788869,0.00268404533175409,0.00680377557246462,"Positive_interaction"
"ENSG00000196369.14","ENSG00000196369","SRGAP2B","protein_coding",-0.343708714769471,0.490951538193806,1.23323515745885,0.000650664558797834,1.57694387222832,12.8611965285169,1.5769434180596,0.525702787521658,2.99968624000235,0.00270257844600434,0.00684476875908684,"Positive_interaction"
"ENSG00000173258.15","ENSG00000173258","ZNF483","protein_coding",-1.24030806891254,0.461225562459924,2.95731783725476,9.63470537371567e-13,4.1976259061673,11.1359779987548,4.19761382295398,1.40082359743993,2.99653277587937,0.00273068881455308,0.00690751305646767,"Positive_interaction"
"ENSG00000242327.1","ENSG00000242327","ENSG00000242327","processed_pseudogene",-0.3349396334445,0.382795788903656,0.952392116755097,0.00223829313074628,1.2873317501996,28.1449128806035,1.28733151046796,0.429688643087944,2.99596354517678,0.00273579137794834,0.00691921267874823,"Positive_interaction"
"ENSG00000233942.2","ENSG00000233942","ENSG00000233942","lncRNA",-1.31412138178708,0.00409433429189302,0.902106667823752,0.175298797020281,2.21622804961083,8.50819540157965,2.21622661678754,0.740195545290126,2.99410963885074,0.00275247016898555,0.00695653953417136,"Positive_interaction"
"ENSG00000273748.1","ENSG00000273748","ENSG00000273748","protein_coding",0.124678159138688,0.79279748023786,1.46012846583256,3.71935387251408e-07,1.33545030669387,22.3558865560066,1.33544998631672,0.446454706481095,2.99123285504724,0.00277853531470702,0.00701629792311101,"Positive_interaction"
"ENSG00000304538.1","ENSG00000304538","ENSG00000304538","lncRNA",0,1,5.62020665059062,7.39321858533557e-07,5.62020665059062,4.99352975507872,5.55472899612072,1.86072045065899,2.98525713207132,0.00283340037627015,0.00713743060193066,"Positive_interaction"
"ENSG00000181722.20","ENSG00000181722","ZBTB20","protein_coding",0.169231865440436,0.755120172847534,1.6729850076289,1.0115552679602e-07,1.50375314218846,31.0765512424648,1.50375263683335,0.505822995572572,2.97288310336931,0.00295016785538666,0.00740197932137525,"Positive_interaction"
"ENSG00000107742.16","ENSG00000107742","SPOCK2","protein_coding",-0.453769738490907,0.297452459284013,1.22377528340476,0.0076393416313862,1.67754502189567,12.6269971944305,1.67754447328213,0.564384700090092,2.97234222156331,0.00295537065310749,0.00741117982118546,"Positive_interaction"
"ENSG00000257331.1","ENSG00000257331","RACGAP1P1","processed_pseudogene",-0.133809499973454,0.745771772564277,1.25026676022382,0.000612747106603919,1.38407626019727,16.1524680496979,1.38407595915223,0.465695013179517,2.97206523579134,0.0029580382480881,0.00741274257155331,"Positive_interaction"
"ENSG00000271754.1","ENSG00000271754","ENSG00000271754","lncRNA",0.358039317952276,0.371853572945312,1.99901410563658,1.60963560680591e-05,1.6409747876843,14.9754927591723,1.64097428488381,0.552325738240097,2.97102628262904,0.00296806378782131,0.0074327251448257,"Positive_interaction"
"ENSG00000251136.12","ENSG00000251136","PARAIL","lncRNA",-0.677223212756066,0.0514835114729496,0.415453202964778,0.0608835044381271,1.09267641572084,77.3399963670176,1.0926762224405,0.368076636437319,2.96861064863207,0.00299149377594178,0.00748881115925863,"Positive_interaction"
"ENSG00000185100.14","ENSG00000185100","ADSS1","protein_coding",-0.317458787444537,0.682137936915598,1.62408858902789,1.48475008951387e-07,1.94154737647243,20.1997110987228,1.94154613232596,0.654616348953449,2.96592979296952,0.00301769368664597,0.00754527551878422,"Positive_interaction"
"ENSG00000279443.1","ENSG00000279443","ENSG00000279443","TEC",-0.0298796380747459,0.959487132471911,2.01722979421089,0.000942447443203017,2.04710943228564,9.48685647188219,2.04710842486275,0.691792339702662,2.95913716787123,0.00308501750213791,0.00769634595300096,"Positive_interaction"
"ENSG00000128683.16","ENSG00000128683","GAD1","protein_coding",1.85654660684049,4.90325855949342e-07,3.50092608843683,4.71433844225198e-15,1.64437948159634,45.4457663313984,1.64437896440244,0.555812613972938,2.95851321661891,0.00309126985441985,0.00770902937413065,"Positive_interaction"
"ENSG00000171119.5","ENSG00000171119","NRTN","protein_coding",-0.745577199769774,0.148554796271197,0.768619718781812,0.00635514029507945,1.51419691855159,26.1483953633498,1.51419641757383,0.513707249017414,2.94758623801803,0.00320265409172747,0.0079501307121128,"Positive_interaction"
"ENSG00000161270.21","ENSG00000161270","NPHS1","protein_coding",-0.52473150588526,0.769687305182505,3.62366284620042,7.41780815810333e-14,4.14839435208568,10.1628250245763,4.14838237564115,1.40770958128797,2.94690213861131,0.00320974765564878,0.00796637489735607,"Positive_interaction"
"ENSG00000260710.5","ENSG00000260710","UBE2I-AS1","lncRNA",-0.655893359554292,0.744834020302929,4.33573768674356,8.99494548570201e-08,4.99163104629785,5.28964653849363,4.99161060846122,1.69498693321182,2.94492571633142,0.00323032208524303,0.00800783914802291,"Positive_interaction"
"ENSG00000289405.3","ENSG00000289405","ENSG00000289405","lncRNA",-0.657724334100871,0.172621534321576,0.86107644233701,0.00980590354782814,1.51880077643788,22.6756238316788,1.51880033523958,0.516073486247022,2.94299237553273,0.00325056423756132,0.00804975682343448,"Positive_interaction"
"ENSG00000302960.1","ENSG00000302960","ENSG00000302960","lncRNA",2.61712042414141,8.04652902486486e-06,4.64356531138367,7.21292932618151e-27,2.02644488724226,26.5001122691896,2.02644290733077,0.689098317131395,2.9407166683653,0.0032745390167541,0.00810082270925238,"Positive_interaction"
"ENSG00000262152.9","ENSG00000262152","GREP1","protein_coding",1.15656302064259,0.035034245169767,4.72993905940346,4.45921002380773e-05,3.57337603876087,6.98273817831822,3.57337075323815,1.21589298708998,2.93888589800189,0.0032939431489509,0.00814187687439816,"Positive_interaction"
"ENSG00000174529.7","ENSG00000174529","TMEM81","protein_coding",0.938503344786291,0.018676292393945,2.40540753086804,2.74685429671174e-11,1.46690418608175,22.373622701691,1.46690376857653,0.499382743617216,2.9374338367225,0.00330940780264125,0.00817731251080597,"Positive_interaction"
"ENSG00000126368.7","ENSG00000126368","NR1D1","protein_coding",1.89761695782457,4.63359227372632e-10,3.09249084727444,9.71688554351618e-26,1.19487388944987,1051.71826190481,1.19487369032531,0.407251475778401,2.93399474622281,0.00334629872546915,0.00825298861972412,"Positive_interaction"
"ENSG00000255198.7","ENSG00000255198","SNHG9","lncRNA",-0.143852511617587,0.837972979725026,1.93191067147478,0.000160491846579966,2.07576318309237,12.0962567699853,2.07576210974835,0.708149339514366,2.93124909383077,0.00337601959161753,0.00832345626432822,"Positive_interaction"
"ENSG00000048052.27","ENSG00000048052","HDAC9","protein_coding",-0.523136742993679,0.76872212607393,3.40167569627847,1.26385140520073e-36,3.92481243927215,50.5244234585019,3.92479991885427,1.34266241010213,2.92314724038169,0.00346512614900861,0.00851561949320549,"Positive_interaction"
"ENSG00000022267.21","ENSG00000022267","FHL1","protein_coding",0.16696729604685,0.844115874153605,2.12165655870284,8.48588280554632e-15,1.95468926265599,27.8455602868358,1.95468758619029,0.669766956354985,2.91845927548908,0.00351765820377705,0.00863593133815637,"Positive_interaction"
"ENSG00000270069.5","ENSG00000270069","MIR222HG","lncRNA",-0.545595630765284,0.16634759237314,0.708625123425161,0.0135462352435911,1.25422075419044,20.5622160009519,1.25422051141274,0.4304516090845,2.91373172952068,0.00357136667120012,0.00873965650101859,"Positive_interaction"
"ENSG00000171124.15","ENSG00000171124","FUT3","protein_coding",-1.61872356311096,1.55019516975755e-05,-0.540825609254912,8.06084969425051e-05,1.07789795385605,83.2449334936422,1.07789774981677,0.370529529708647,2.9090738075973,0.00362501267898199,0.00885747491886816,"Positive_interaction"
"ENSG00000120833.16","ENSG00000120833","SOCS2","protein_coding",-2.18539994892161,0.00102099409785128,-0.246541177483551,0.440992451922492,1.93885877143806,20.7300788192188,1.93885783405656,0.669465198795638,2.89612938438704,0.00377796600360441,0.0091862891483616,"Positive_interaction"
"ENSG00000270441.1","ENSG00000270441","LAMB2P1","unprocessed_pseudogene",-0.170863650111496,0.737189759695758,1.76988176756613,0.00233621140343252,1.94074541767763,11.4380439919738,1.94074450452319,0.672376477789827,2.88639559626271,0.00389682010829237,0.00944833813106458,"Positive_interaction"
"ENSG00000072195.16","ENSG00000072195","SPEG","protein_coding",-0.576844027405419,0.245671496616668,0.749949123902254,0.000409865397168414,1.32679315130767,37.9046577036149,1.32679271338502,0.460271672654503,2.88262952558664,0.003943709623417,0.00955403541667655,"Positive_interaction"
"ENSG00000128596.19","ENSG00000128596","CCDC136","protein_coding",-0.342410013697628,0.551364127475775,1.56415191038913,0.00235924154093951,1.90656192408676,8.205968022611,1.90656108232557,0.664839671330259,2.86770053674863,0.00413466682156073,0.00996500774622618,"Positive_interaction"
"ENSG00000135480.19","ENSG00000135480","KRT7","protein_coding",0.150534396475207,0.846629190879395,1.96734989662571,1.14329983266301e-10,1.8168155001505,19.1871609013582,1.81681427282387,0.636223220468757,2.8556239608565,0.00429523520215059,0.0103142582517923,"Positive_interaction"
"ENSG00000182985.21","ENSG00000182985","CADM1","protein_coding",0.0495114640563519,0.901732076310522,1.32242387172445,0.000283306581773525,1.2729124076681,42.0133774805294,1.27291213549281,0.446819780317703,2.84882673409787,0.00438807706488945,0.0105076029121576,"Positive_interaction"
"ENSG00000008311.18","ENSG00000008311","AASS","protein_coding",-2.16142487603508,0.0432207973466975,0.600344302270019,0.0227137699096419,2.7617691783051,19.6027584086993,2.76176608715852,0.969627749600068,2.8482745964084,0.00439569789836787,0.0105241126620101,"Positive_interaction"
"ENSG00000106034.20","ENSG00000106034","CPED1","protein_coding",-1.34709008014262,0.273740190498488,1.73907383961104,7.60718479557809e-06,3.08616391975366,11.4296601153544,3.08615931048606,1.08396787492253,2.84709480961937,0.00441202202197536,0.0105597065470631,"Positive_interaction"
"ENSG00000289609.3","ENSG00000289609","ENSG00000289609","lncRNA",0.25970580429788,0.701395913311007,2.69495578586829,0.000163051232990666,2.43524998157041,8.05649120409729,2.43524819799113,0.855657408624075,2.84605517751209,0.00442645241424594,0.0105924947799293,"Positive_interaction"
"ENSG00000119630.16","ENSG00000119630","PGF","protein_coding",1.77354460455321,2.09783065337845e-14,2.82383777876422,9.32109829966993e-21,1.05029317421101,73.9669345572799,1.05029303011232,0.369042890439046,2.84599177310474,0.00442733386795984,0.0105928549470817,"Positive_interaction"
"ENSG00000188859.8","ENSG00000188859","FAM78B","protein_coding",0.137160994413866,0.781460874224381,1.48991430092433,2.21945392608038e-06,1.35275330651046,21.4071534280192,1.35275294974767,0.475487641034687,2.84498025396414,0.00444141762573712,0.0106177869073214,"Positive_interaction"
"ENSG00000288061.4","ENSG00000288061","ENSG00000288061","lncRNA",-0.0655955918274567,0.951253288569423,2.23494532198293,1.51869808756558e-07,2.30054091381039,10.6713272871275,2.3005388162154,0.808750880273627,2.84455803675546,0.00444730831403153,0.0106301157986055,"Positive_interaction"
"ENSG00000296453.1","ENSG00000296453","ENSG00000296453","lncRNA",-2.47071940536163,6.3503672149401e-05,-0.177334066544791,0.793170831864497,2.29338533881684,8.08127528945762,2.29338365429029,0.808125864705039,2.83790403754416,0.00454108329844697,0.0108381717985991,"Positive_interaction"
"ENSG00000128274.19","ENSG00000128274","A4GALT","protein_coding",-0.262536239982343,0.752851631691892,1.75449413273549,1.09225931527713e-06,2.01703037271783,14.5348569630762,2.01702893599254,0.711069808221135,2.83661169785635,0.00455950266424384,0.0108749691590227,"Positive_interaction"
"ENSG00000213326.4","ENSG00000213326","RPS7P11","processed_pseudogene",-0.550127568764337,0.237076842306705,1.02380270681528,0.0148391699181728,1.57393027557962,12.0055486129777,1.57392979048999,0.555394942206487,2.83389291273888,0.00459847388363506,0.0109571002173034,"Positive_interaction"
"ENSG00000124635.12","ENSG00000124635","H2BC11","protein_coding",1.28858435430591,0.000304254058698919,2.62279670235378,6.25913635347214e-14,1.33421234804787,53.1206026234874,1.33421203345966,0.472315689200681,2.82483106948576,0.00473055494106568,0.0112330332960714,"Positive_interaction"
"ENSG00000163536.15","ENSG00000163536","SERPINI1","protein_coding",-0.372473181209327,0.14057218907407,1.48962191832442,0.0239399966299248,1.86209509953375,129.681789463861,1.86209362150345,0.659336408338977,2.8241935345183,0.00473997539258939,0.0112517155429002,"Positive_interaction"
"ENSG00000116299.19","ENSG00000116299","ELAPOR1","protein_coding",-1.29609589042865,0.0011456961905576,0.260234539722022,0.586545287645592,1.55633043015067,12.1950058410749,1.55632988572528,0.554833014664471,2.80504195783385,0.00503100302707151,0.0118656908230705,"Positive_interaction"
"ENSG00000279133.1","ENSG00000279133","ENSG00000279133","TEC",-0.428431515708329,0.504117709876097,1.59247881937697,0.00316690785158838,2.0209103350853,7.85137978807048,2.02090927648897,0.722116759372512,2.79859074070661,0.005132614575315,0.0120847847969886,"Positive_interaction"
"ENSG00000198807.13","ENSG00000198807","PAX9","protein_coding",-1.12017836779118,0.0749662505475889,0.612213487067796,0.0500109045720322,1.73239185485898,14.6306886684624,1.73239107163096,0.619125194781579,2.79812723861469,0.0051399860154291,0.0120982097345458,"Positive_interaction"
"ENSG00000257316.1","ENSG00000257316","ASS1P14","processed_pseudogene",-0.000269380819708563,1,2.22229774883941,0.00303122906131608,2.22256712965912,10.1885239577355,2.2225655963467,0.797703162083037,2.78620632585049,0.00533289157300195,0.0124934149169001,"Positive_interaction"
"ENSG00000140470.17","ENSG00000140470","ADAMTS17","protein_coding",-1.35675464915718,4.97229748187346e-05,0.38364840448065,0.532758446169345,1.74040305363783,19.6873024248904,1.74040198778229,0.625049137678189,2.78442426822185,0.00536228416989999,0.0125561839053467,"Positive_interaction"
"ENSG00000269068.2","ENSG00000269068","ENSG00000269068","lncRNA",-0.655893311006416,0.747627494868182,4.1312998825483,1.06890512289875e-06,4.78719319355472,4.6909760740633,4.78717310110616,1.72452957661652,2.77592983386139,0.00550440862359789,0.0128453928781289,"Positive_interaction"
"ENSG00000131016.19","ENSG00000131016","AKAP12","protein_coding",-0.211464592322198,0.872131591775648,2.62349968219163,5.1882631970801e-10,2.83496427451383,17.35867177728,2.8349595485773,1.02343162421534,2.7700527143187,0.00560472209718603,0.0130458773903662,"Positive_interaction"
"ENSG00000246889.4","ENSG00000246889","CTTN-DT","lncRNA",-0.122991044688557,0.801680832753129,1.39359436349816,0.00135227453430404,1.51658540818672,11.6212517634775,1.51658495006714,0.549097056092574,2.76196153892957,0.00574552462061072,0.0133372005128769,"Positive_interaction"
"ENSG00000254589.1","ENSG00000254589","EIF4A2P3","processed_pseudogene",1.07242431629407,0.135914621285444,3.53167573036786,1.61030099085506e-07,2.45925141407379,6.52716817276978,2.45924905477177,0.895749622397636,2.745464796501,0.00604252499448817,0.013955103142649,"Positive_interaction"
"ENSG00000173991.7","ENSG00000173991","TCAP","protein_coding",0.846063780001403,0.363818701813698,3.53821653196237,4.39509292503373e-08,2.69215275196097,6.29551531338192,2.69214925331356,0.982150710109284,2.74107550460764,0.00612384332993387,0.0141248985416842,"Positive_interaction"
"ENSG00000291073.2","ENSG00000291073","ENSG00000291073","lncRNA",0.147509970900214,0.847898583120368,2.34255644353312,9.45368834250629e-05,2.19504647263291,8.68521101457759,2.19504502420298,0.801049766503851,2.74021055368777,0.00613998363411369,0.0141553679327992,"Positive_interaction"
"ENSG00000019505.9","ENSG00000019505","SYT13","protein_coding",1.47219167685193,2.20291363851139e-09,4.43099800895175,5.46318264318998e-05,2.95880633209982,104.733567160213,2.95880259841187,1.08248894056208,2.73333286608501,0.00626969341663574,0.0144268651943292,"Positive_interaction"
"ENSG00000136274.10","ENSG00000136274","NACAD","protein_coding",-0.656591716386281,0.740761376107213,3.63252117504955,2.67804004131232e-11,4.28911289143583,10.2189871709367,4.28909624347081,1.57101607513026,2.73014153793123,0.00633071391079509,0.0145557204498243,"Positive_interaction"
"ENSG00000277027.2","ENSG00000277027","RMRP","ribozyme",0.0778845437536188,0.846055423656903,1.1247847317234,1.64147096132108e-05,1.04690018796978,39.9519890299333,1.04690001425624,0.383918533282046,2.7268806361248,0.00639361630273298,0.0146830196760793,"Positive_interaction"
"ENSG00000243244.9","ENSG00000243244","STON1","protein_coding",1.23027263423095,1.2307893213232e-10,2.56230253810417,4.71143453631717e-08,1.33202990387322,78.0693598698075,1.33202951293318,0.489553459935691,2.72090715712266,0.00651030433652415,0.0149189327079235,"Positive_interaction"
"ENSG00000188610.14","ENSG00000188610","FAM72B","protein_coding",-2.37551377963555,0.111390946771206,1.24781355096663,0.00110167982479419,3.62332733060218,10.3304108154664,3.62331849710133,1.33186912395373,2.72047638310384,0.00651879282099791,0.0149360230137394,"Positive_interaction"
"ENSG00000272205.3","ENSG00000272205","POU2F1-DT","lncRNA",0.943958621841393,0.342601059383918,3.86422743504356,1.2633452103414e-07,2.92026881320217,5.72766729544193,2.92026432600527,1.07676678732911,2.71206760866846,0.00668649533765,0.015291256183245,"Positive_interaction"
"ENSG00000259291.2","ENSG00000259291","ZNF710-AS1","lncRNA",-0.859090461059483,0.00451588804347457,0.197110011928346,0.532758446169345,1.05620047298783,41.8687175002042,1.05620030698656,0.390218440782611,2.70668988597329,0.00679577059134368,0.015526455527314,"Positive_interaction"
"ENSG00000144908.16","ENSG00000144908","ALDH1L1","protein_coding",-0.791198955463766,0.468747525477484,1.91511486723105,0.000224231392146466,2.70631382269482,5.60397421674066,2.70631059121293,1.00122005444927,2.70301276845834,0.00687141067084851,0.0156770282496752,"Positive_interaction"
"ENSG00000204516.11","ENSG00000204516","MICB","protein_coding",2.10611552225667,6.72491362999188e-05,3.67811290014595,1.1707826787527e-29,1.57199737788928,29.0859331437961,1.57199610828266,0.581784910775355,2.70202282521841,0.00689190309556288,0.0157188321782967,"Positive_interaction"
"ENSG00000225528.4","ENSG00000225528","TMA7B","protein_coding",-1.87453974097124,0.0347109580526917,0.453116788949552,0.254566686937386,2.32765652992079,11.0300427256247,2.32765462682452,0.861500867252575,2.70185987652882,0.00689528148968889,0.0157229088407343,"Positive_interaction"
"ENSG00000289504.1","ENSG00000289504","ENSG00000289504","lncRNA",-0.558439469138599,0.247877079160781,1.02329130492149,0.0233787719599784,1.58173077406009,10.3317428613811,1.58173023020655,0.585650167291976,2.70081068621633,0.00691706986967918,0.0157663064723798,"Positive_interaction"
"ENSG00000166819.14","ENSG00000166819","PLIN1","protein_coding",0.601121103571321,0.429021064789481,2.47358568716947,6.02207172545993e-13,1.87246458359815,15.6387098663945,1.87246295735253,0.694990343835365,2.69422873851624,0.00705517285280599,0.0160507951307479,"Positive_interaction"
"ENSG00000130701.5","ENSG00000130701","RBBP8NL","protein_coding",-1.45706238550425,4.53935086881257e-05,-0.156239213206113,0.703823761497929,1.30082317229814,72.2449746403015,1.30082283285797,0.483611553976542,2.68980925323606,0.00714928706895218,0.0162317825792347,"Positive_interaction"
"ENSG00000264112.2","ENSG00000264112","ENSG00000264112","lncRNA",0.367016069058435,0.351143427487692,1.55387148674574,7.45958756046424e-07,1.1868554176873,58.1975594416945,1.18685517144448,0.441432642521658,2.68864387704688,0.00717429113525397,0.0162808999580489,"Positive_interaction"
"ENSG00000230734.1","ENSG00000230734","RPL10P3","processed_pseudogene",-0.303138133130242,0.636077766980234,1.89787864979711,0.00609503139062857,2.20101678292735,8.28159249636157,2.20101527288344,0.81895757958866,2.68758153992414,0.00719715277912525,0.0163225568192618,"Positive_interaction"
"ENSG00000106178.9","ENSG00000106178","CCL24","protein_coding",-0.657449543890382,0.133375157946144,1.40680460833498,0.0502532000418009,2.06425415222536,342.652296783195,2.06425212238456,0.770971995574043,2.67746706006821,0.00741811463154876,0.0167555045574197,"Positive_interaction"
"ENSG00000304189.1","ENSG00000304189","ENSG00000304189","lncRNA",1.27451762394439,0.0725408640266866,4.72368876947673,6.2165164291314e-05,3.44917114553234,7.12509367891324,3.44916531296773,1.29204380291359,2.66954208919991,0.00759547529435731,0.0171054588913483,"Positive_interaction"
"ENSG00000159618.18","ENSG00000159618","ADGRG5","protein_coding",0.158209493212049,0.532126674895985,2.69581358184783,0.00583093982153827,2.53760408863578,36.820889686254,2.53760120636202,0.951809821297977,2.66608008194485,0.00767414101884803,0.0172584810125924,"Positive_interaction"
"ENSG00000106123.15","ENSG00000106123","EPHB6","protein_coding",-1.53027375723531,7.27527885414362e-07,-0.105628285199139,0.84472140500541,1.42464547203617,22.9021253996732,1.42464478314796,0.535292980216087,2.66142997536202,0.00778095236223333,0.0174769934335842,"Positive_interaction"
"ENSG00000215093.3","ENSG00000215093","EEF1A1P29","processed_pseudogene",-0.43749511748643,0.421041953320661,1.2843220725879,0.0106949010934033,1.72181719007433,9.16390292818278,1.7218164682709,0.647173295325718,2.66051841246682,0.0078020461298061,0.0175162281197754,"Positive_interaction"
"ENSG00000259838.1","ENSG00000259838","ELOCP2","unprocessed_pseudogene",0.0516706309328967,0.926156213131221,1.3514779418541,4.69502445849323e-05,1.2998073109212,19.9549256411886,1.29980696394395,0.489438009649668,2.65571316145701,0.00791408986343764,0.0177457821910782,"Positive_interaction"
"ENSG00000285043.4","ENSG00000285043","ENSG00000285043","protein_coding",-1.4868160472824,0.0182063837828615,0.349256464823818,0.44332624269546,1.83607251210622,8.7680161229824,1.83607162506888,0.691891645101205,2.6536982171541,0.00796149949258959,0.0178355310939262,"Positive_interaction"
"ENSG00000105427.11","ENSG00000105427","CNFN","protein_coding",-1.07814060501003,0.24721131805323,1.37443835113902,0.0104915716111541,2.45257895614905,6.74619177837061,2.45257666289289,0.926657615901793,2.6466913138205,0.00812835128615074,0.0181643896436232,"Positive_interaction"
"ENSG00000230450.1","ENSG00000230450","NEK2P4","transcribed_processed_pseudogene",-0.336190547862602,0.589665742542552,1.59845547888483,0.00575773110577629,1.93464602674743,9.44172298940471,1.93464498755798,0.730992745604552,2.64659943507096,0.0081305597839343,0.01816652364921,"Positive_interaction"
"ENSG00000196189.16","ENSG00000196189","SEMA4A","protein_coding",-0.26150680812569,0.566756113391231,1.13585581579964,0.00607718101150456,1.39736262392533,18.2294659205698,1.39736222936869,0.530290391357368,2.63508872146806,0.00841152936281295,0.018733653530949,"Positive_interaction"
"ENSG00000220842.6","ENSG00000220842","RPL21P16","processed_pseudogene",-0.479559455967046,0.170293250938855,0.581481815225484,0.0473372669689429,1.06104127119253,36.6656309865664,1.06104109636215,0.404096810225544,2.62571015042146,0.00864684139580001,0.0191810845718558,"Positive_interaction"
"ENSG00000156076.12","ENSG00000156076","WIF1","protein_coding",-1.73800556414492,6.51572680958317e-16,1.78244996759883,0.216648438461038,3.52045553174375,50.1509425701829,3.52044398038565,1.3425143574754,2.6222765967329,0.00873445111930415,0.0193517299527527,"Positive_interaction"
"ENSG00000070831.20","ENSG00000070831","CDC42","protein_coding",-0.179169294072193,0.781765537871118,1.45672766982193,0.000505357878663848,1.63589696389412,11.6176130066594,1.63589626737765,0.62432025504646,2.62028382733781,0.00878566114103869,0.0194532927816551,"Positive_interaction"
"ENSG00000215244.5","ENSG00000215244","LINC02649","lncRNA",0.0785591615686564,0.899021980865343,1.84792638067747,0.000694823220157185,1.76936721910881,9.46204184088406,1.76936640794805,0.676464022859401,2.61561051017758,0.00890680935395173,0.0196734462974346,"Positive_interaction"
"ENSG00000154319.18","ENSG00000154319","FAM167A","protein_coding",-2.82593680706663,0.0285604768929322,0.19554542621228,0.4235522326221,3.02148223327891,22.9539567081271,3.02147720678189,1.15995661232781,2.60481915846694,0.00919227635465265,0.0202422921288812,"Positive_interaction"
"ENSG00000254402.8","ENSG00000254402","LRRC24","protein_coding",-0.738564178872422,0.250153813319867,0.96618425075679,0.0168959828583159,1.70474842962921,9.11087429513311,1.70474763092341,0.656477201360906,2.59681162939002,0.00940935098293425,0.0206731829055008,"Positive_interaction"
"ENSG00000147889.19","ENSG00000147889","CDKN2A","protein_coding",0.0198338513819728,0.977027148938393,1.0918597352676,2.3380364492944e-13,1.07202588388563,213.827705937897,1.07202530665312,0.414322891775994,2.58741510047365,0.00966990220580854,0.0211846141748416,"Positive_interaction"
"ENSG00000162490.9","ENSG00000162490","DRAXIN","protein_coding",-2.59256298149992,2.46671786093919e-14,1.19829815338168,0.457283049801194,3.7908611348816,17.4430127501082,3.79084638212957,1.47415456383344,2.57153929115257,0.0101247525818042,0.0220842736928819,"Positive_interaction"
"ENSG00000196550.13","ENSG00000196550","FAM72A","protein_coding",-0.307087445560289,0.528175660226716,1.06625070421097,0.00695186315573575,1.37333814977126,21.3320374365635,1.37333775362084,0.535761936672695,2.56333580199788,0.0103671724943773,0.0225451776393332,"Positive_interaction"
"ENSG00000286177.1","ENSG00000286177","ENSG00000286177","lncRNA",-0.144654540396454,0.8973706807383,1.99979649048557,1.49673943252188e-10,2.14445103088202,17.511672963506,2.14444835842408,0.837369014500789,2.56093588524114,0.0104390619264641,0.0226754128562877,"Positive_interaction"
"ENSG00000183578.9","ENSG00000183578","TNFAIP8L3","protein_coding",-0.127243736057922,0.833249624847335,1.34324810027934,0.000547969641321162,1.47049183633726,11.3395795731235,1.47049130775044,0.574917178153092,2.55774459979497,0.0105353436813718,0.0228660941496152,"Positive_interaction"
"ENSG00000078814.21","ENSG00000078814","MYH7B","protein_coding",-2.469987440255,7.62371904698293e-51,-1.17963417090913,0.0198074476405669,1.29035326934587,150.349456442348,1.29035180690771,0.504918752103367,2.55556324959693,0.0106016091827563,0.022989453879471,"Positive_interaction"
"ENSG00000304746.1","ENSG00000304746","ENSG00000304746","lncRNA",1.28021492262825,0.0101080104344208,3.91982032296334,5.22983130069993e-05,2.63960540033509,9.84561359275979,2.63960258139482,1.03383534416511,2.55321371656768,0.0106733982023088,0.0231209098277817,"Positive_interaction"
"ENSG00000239264.11","ENSG00000239264","TXNDC5","protein_coding",0.228436059309281,0.619007488752018,1.39267596768433,4.31912933646184e-06,1.16423990837505,21.3015028058128,1.164239620743,0.456722275689289,2.54911941613953,0.0107995313676034,0.0233278891905363,"Positive_interaction"
"ENSG00000179846.11","ENSG00000179846","NKPD1","protein_coding",0.7364515654789,0.174171620091356,2.38781316381821,4.80584681096765e-07,1.65136159833931,14.1876550246148,1.65136083927499,0.648468943330342,2.54655347223584,0.0108792542430684,0.023486094516691,"Positive_interaction"
"ENSG00000140519.16","ENSG00000140519","RHCG","protein_coding",2.22769425536267,0.0165705541473695,4.57875259308865,1.49780240696774e-27,2.35105833772598,23.5722216771833,2.35105304435462,0.924123906051455,2.54408854587484,0.0109563306884843,0.0236348830511334,"Positive_interaction"
"ENSG00000278390.8","ENSG00000278390","KBTBD6-DT","lncRNA",-1.15390733452522,0.12654104861666,0.828915269927037,0.0779931755128082,1.98282260445226,8.87260470834074,1.98282130651232,0.780820573631029,2.53940709744834,0.0111040531824755,0.023928615423113,"Positive_interaction"
"ENSG00000269374.1","ENSG00000269374","ENSG00000269374","processed_pseudogene",0.502115599409909,0.166032377835779,1.54181854857002,3.61259064286397e-08,1.03970294916011,23.5963140089475,1.03970274056723,0.409687918725079,2.5377920437652,0.0111554249537484,0.0240178901247545,"Positive_interaction"
"ENSG00000165028.14","ENSG00000165028","NIPSNAP3B","protein_coding",-1.08748772928832,0.0914425857235835,0.681103962948394,0.136193360348099,1.76859169223671,7.62530737631513,1.76859080984204,0.698788783872178,2.53093760326519,0.0113758083420315,0.0244342988724946,"Positive_interaction"
"ENSG00000149403.15","ENSG00000149403","GRIK4","protein_coding",-1.98542967100296,0.000219072525793557,1.4677526038563,0.295002948920096,3.45318227485926,6.50486338388304,3.45317374634255,1.36935594932674,2.52175027832636,0.011677257331403,0.0250150499995111,"Positive_interaction"
"ENSG00000111186.15","ENSG00000111186","WNT5B","protein_coding",-2.05802032645001,8.09746205508177e-05,1.48149253801625,0.306775912794311,3.53951286446626,113.047182532162,3.539501299091,1.40494438196094,2.51931773566066,0.0117582498251616,0.0251699492564611,"Positive_interaction"
"ENSG00000185955.6","ENSG00000185955","SPACDR","protein_coding",0.650325757939468,0.718235712117453,4.43193219093997,5.07016883928961e-11,3.7816064330005,8.18494567197734,3.78159187672041,1.50199571551948,2.517711493879,0.0118120030531856,0.0252626251839974,"Positive_interaction"
"ENSG00000187837.5","ENSG00000187837","H1-2","protein_coding",2.52535908660739,2.50294587495936e-09,3.95936905554124,1.8581261690269e-21,1.43400996893385,308.011489381303,1.43400949399673,0.569810368493619,2.51664338398713,0.0118478681174249,0.0253318537559342,"Positive_interaction"
"ENSG00000129455.18","ENSG00000129455","KLK8","protein_coding",0,1,4.27928319930771,6.01240295758131e-08,4.27928319930771,5.04404461471383,4.21381425242243,1.67569744196791,2.51466293788322,0.0119146232714671,0.0254520519531399,"Positive_interaction"
"ENSG00000196890.5","ENSG00000196890","H2BC26","protein_coding",-0.30168015434393,0.609087595379788,1.47530861506146,0.0101975555131095,1.77698876940539,10.495191950457,1.77698785790573,0.707535581893357,2.51151730510929,0.012021339176301,0.0256686676503543,"Positive_interaction"
"ENSG00000105649.12","ENSG00000105649","RAB3A","protein_coding",0.872400602073708,0.0940491407593591,2.23772461371569,1.55935831053806e-12,1.36532401164198,25.7264218786606,1.36532330923577,0.54483351159425,2.50594590857795,0.0122124301050792,0.0260230167744167,"Positive_interaction"
"ENSG00000141337.14","ENSG00000141337","ARSG","protein_coding",-1.81757915559852,0.0023490899425268,0.691155233908941,0.465191535565888,2.50873438950746,6.745028887101,2.50873116311892,1.00196846954574,2.50380250414098,0.0122866597030037,0.0261581125923211,"Positive_interaction"
"ENSG00000205078.7","ENSG00000205078","SYCE1L","protein_coding",-0.939421408636386,0.134586721568652,2.52621661136403,0.0640129066876649,3.46563802000042,5.88467769970717,3.4656300801558,1.38504635008481,2.50217624842923,0.0123432460004141,0.0262668097711806,"Positive_interaction"
"ENSG00000229807.15","ENSG00000229807","XIST","lncRNA",-0.703877746558882,0.0438304741538202,0.371172354021096,0.262518811148251,1.07505010057998,1438.73136301065,1.07504989991158,0.430693186075285,2.49609219432522,0.0125569960534172,0.0266787841674421,"Positive_interaction"
"ENSG00000235489.4","ENSG00000235489","DBF4P1","processed_pseudogene",-0.21297964765275,0.690347566969089,1.19495867878004,0.00419217004944948,1.40793832643279,11.7531013573221,1.40793787104324,0.566087359395912,2.48713886235807,0.0128775123431864,0.0272757832326011,"Positive_interaction"
"ENSG00000269929.7","ENSG00000269929","MIRLET7A1HG","lncRNA",-0.217850852880509,0.561231087059488,0.801866021399428,0.00813680560693992,1.01971687427994,24.0473946586195,1.01971670252122,0.410009850382775,2.48705415630684,0.0128805789484357,0.0272782917025765,"Positive_interaction"
"ENSG00000256916.2","ENSG00000256916","MMP20-AS1","lncRNA",0.786797671215329,0.693570492692077,5.42104786167178,2.1735626791784e-06,4.63425019045645,4.43355584541689,4.63422744256042,1.86873931660359,2.47986832694411,0.0131430907705512,0.0277612114045807,"Positive_interaction"
"ENSG00000176170.16","ENSG00000176170","SPHK1","protein_coding",1.58459177528385,2.85603416965345e-05,2.6464338125058,9.85555261074328e-26,1.06184203722195,56.3927167860325,1.06184160754604,0.428225607077711,2.47963127378636,0.0131518307997762,0.0277756240090872,"Positive_interaction"
"ENSG00000164256.11","ENSG00000164256","PRDM9","protein_coding",0.786797185380354,0.698212701530242,5.50430439391373,2.92801440964165e-06,4.71750720853338,4.68227597460821,4.71748370648169,1.9057750647126,2.47536227849277,0.0133101085171974,0.028089426624614,"Positive_interaction"
"ENSG00000186352.10","ENSG00000186352","ANKRD37","protein_coding",-0.903857148445431,0.121335889376982,0.653378779314404,0.113695719368379,1.55723592775984,9.22286630498942,1.55723529065779,0.629904951236123,2.47217502831479,0.0134293748341135,0.0283163829617305,"Positive_interaction"
"ENSG00000291150.2","ENSG00000291150","LSP1P5","lncRNA",-0.927079593010575,0.438176866721329,1.68865323541761,0.000394706387381926,2.61573282842819,9.32307937364443,2.61572901151965,1.05916322506495,2.4696184210505,0.0135257242273023,0.0284822428802768,"Positive_interaction"
"ENSG00000102057.13","ENSG00000102057","KCND1","protein_coding",0.967536257623595,0.0650558886936786,2.68821203260892,8.74845053910042e-07,1.72067577498533,11.8349397541294,1.72067489267659,0.698648744396638,2.46286121098319,0.0137833258447949,0.0289447845446701,"Positive_interaction"
"ENSG00000274512.8","ENSG00000274512","TBC1D3L","protein_coding",1.9882585084485,4.21465568812091e-06,3.45369403684895,1.79711492665293e-14,1.46543552840045,16.7504974390464,1.46543481987951,0.595161881723638,2.46224576015435,0.0138070022489496,0.0289903037658328,"Positive_interaction"
"ENSG00000099338.24","ENSG00000099338","CATSPERG","protein_coding",-1.81389530964939,0.026368885189071,0.205368131725287,0.647347782457908,2.01926344137468,8.38277634347252,2.01926201072437,0.820693517829196,2.46043372691122,0.0138769198559092,0.0291202320521049,"Positive_interaction"
"ENSG00000107736.24","ENSG00000107736","CDH23","protein_coding",0.707534668316293,0.24066136113348,3.72670790025725,0.00147001158722203,3.01917323194096,6.62743902451404,3.01916864526882,1.22759421092643,2.45941909663319,0.013916205904391,0.0291984444717583,"Positive_interaction"
"ENSG00000230183.4","ENSG00000230183","CNOT6LP1","processed_pseudogene",0.045955012675758,0.926064054965911,1.28922329876174,0.00131330826953457,1.24326828608598,14.0857509428557,1.24326796700432,0.505553837627352,2.45921971997915,0.0139239372154075,0.0292104369029656,"Positive_interaction"
"ENSG00000006377.11","ENSG00000006377","DLX6","protein_coding",-0.14926528536627,0.512781564894331,2.64160201382988,0.0261724837857664,2.79086729919615,51.2052559530921,2.79086247019974,1.13602377666594,2.45669371321655,0.0140222180812414,0.0293872816060875,"Positive_interaction"
"ENSG00000233008.9","ENSG00000233008","LINC01725","lncRNA",-0.115510499073477,0.89280294885778,1.74550968541263,0.000344107190433457,1.86102018448611,7.18913189119861,1.86101894979082,0.759398940113482,2.45064728364345,0.0142599610343951,0.0298160951248671,"Positive_interaction"
"ENSG00000123358.22","ENSG00000123358","NR4A1","protein_coding",2.89162346494564,3.77615985529998e-17,4.01578155805882,1.01448542467525e-34,1.12415809311318,759.593358834311,1.12415782490739,0.458814158996547,2.45013760553072,0.0142801629313818,0.029854027870973,"Positive_interaction"
"ENSG00000272758.8","ENSG00000272758","WDR5B-DT","lncRNA",0.22828755311912,0.613879139716844,1.39980721148219,4.62558328532999e-05,1.17151965836307,19.7988707106929,1.17151937638249,0.478314212812177,2.44926733306693,0.0143147159200967,0.0299176324075629,"Positive_interaction"
"ENSG00000237886.3","ENSG00000237886","NALT1","lncRNA",-0.751863694053981,0.287052663655036,1.09312995552076,0.0310642085873569,1.84499364957474,8.92461400266505,1.84499256697869,0.753342122152253,2.44907660507242,0.0143222983619226,0.029929163354143,"Positive_interaction"
"ENSG00000248367.3","ENSG00000248367","ENSG00000248367","lncRNA",0.0862965904796208,0.946027598095993,2.604612926028,3.71735180301116e-05,2.51831633554838,5.5419306585274,2.51831301562352,1.02844601685461,2.44865843646856,0.0143389351655351,0.0299596090569398,"Positive_interaction"
"ENSG00000124772.13","ENSG00000124772","CPNE5","protein_coding",-0.875903632399601,0.0955368307803996,1.88482289791588,0.088563077459792,2.76072653031548,6.90278892137435,2.76072236924101,1.12789772133768,2.44767084551497,0.014378294076098,0.0300314362903708,"Positive_interaction"
"ENSG00000241494.1","ENSG00000241494","ENSG00000241494","processed_pseudogene",-1.05682450513516,0.0904325072997934,0.655711367325813,0.177327113157843,1.71253587246097,7.59545027820842,1.71253502424596,0.700915589160953,2.44328282995673,0.0145543262048407,0.0303483878216621,"Positive_interaction"
"ENSG00000115414.23","ENSG00000115414","FN1","protein_coding",1.05926394104051,0.236153491853751,2.94618227806359,2.94451253846047e-40,1.88691833702308,74.0119340990498,1.88691465182639,0.775337959564743,2.43366731700543,0.0149467256703371,0.0310682656934201,"Positive_interaction"
"ENSG00000276564.1","ENSG00000276564","ENSG00000276564","lncRNA",0.77031479119649,0.195365783946563,2.44959753827791,6.22937455576091e-07,1.67928274708142,8.70274257437568,1.6792817949867,0.690177640883349,2.43311532497258,0.014969532172143,0.0311054824810959,"Positive_interaction"
"ENSG00000151338.23","ENSG00000151338","MIPOL1","protein_coding",-2.23624180779042,0.108353817560787,0.738373654472044,0.00675435056911534,2.97461546226246,20.724606490756,2.97460931096387,1.22381028812754,2.43061309405651,0.0150733010545774,0.0312954554273547,"Positive_interaction"
"ENSG00000185909.17","ENSG00000185909","KLHDC8B","protein_coding",-0.937470940734022,0.554524131195751,2.08161656941879,1.84762055407243e-39,3.01908751015281,58.9155130018691,3.01907892485175,1.24590218053957,2.42320703182674,0.0153841564258706,0.0318814807555723,"Positive_interaction"
"ENSG00000137496.21","ENSG00000137496","IL18BP","protein_coding",-0.310191300543918,0.478021827383581,0.704840725310177,0.00436822477798539,1.0150320258541,34.7442116409511,1.01503178499366,0.419515754499107,2.419531982072,0.0155404940912464,0.032173262910049,"Positive_interaction"
"ENSG00000183379.11","ENSG00000183379","SYNDIG1L","protein_coding",2.96120161013039,0.00358687134887464,6.53167825415969,4.25223731983762e-08,3.5704766440293,5.68926357185741,3.57046706471201,1.47595771135749,2.41908493531846,0.0155596066407586,0.0322036303110359,"Positive_interaction"
"ENSG00000163734.4","ENSG00000163734","CXCL3","protein_coding",-2.0413590692767,0.00355841223606426,-0.417770376753873,0.0939470431258656,1.62358869252283,25.5558392961609,1.62358782678263,0.673275010597222,2.41147792689119,0.0158880135343119,0.0327710065669296,"Positive_interaction"
"ENSG00000171608.20","ENSG00000171608","PIK3CD","protein_coding",-0.0205361644569333,0.9835908366178,1.57389029713007,3.36417045522099e-05,1.594426461587,13.3280617396212,1.594425508468,0.661602336337823,2.40994540208797,0.0159549079576874,0.0328926993242932,"Positive_interaction"
"ENSG00000181016.11","ENSG00000181016","LSMEM1","protein_coding",-0.275023806820261,0.745102366544943,1.55880504774219,0.00047508960772453,1.83382885456245,7.83676461506498,1.83382754960309,0.76169163743962,2.40757211903676,0.0160589900482671,0.0330812912266506,"Positive_interaction"
"ENSG00000281183.1","ENSG00000281183","NPTN-IT1","lncRNA",-0.355316073656897,0.585809274430008,1.29238568911501,0.00819166953278254,1.64770176277191,7.2070105592936,1.64770097434752,0.684646764227333,2.40664392273446,0.0160998588733877,0.0331513433920338,"Positive_interaction"
"ENSG00000188064.11","ENSG00000188064","WNT7B","protein_coding",0.0616531813915448,0.967935313807809,2.35341016289164,7.51830319500603e-26,2.2917569815001,39.9031435802037,2.2917521440785,0.952422017585049,2.40623599808144,0.0161178488459432,0.0331789581641205,"Positive_interaction"
"ENSG00000231663.4","ENSG00000231663","COA6-AS1","lncRNA",-1.17776356627949,0.368427391376048,1.6533488265595,0.00201278966567408,2.83111239283899,5.39068077825523,2.83110770216246,1.1778689006458,2.40358472883545,0.0162352042398286,0.0333667899537984,"Positive_interaction"
"ENSG00000110900.18","ENSG00000110900","TSPAN11","protein_coding",-2.56945711823521,3.62958777012955e-06,1.20487348156049,0.469333593403004,3.7743305997957,7.67044059507645,3.77431489359484,1.57030812611134,2.40355050759459,0.0162367238996816,0.0333667899537984,"Positive_interaction"
"ENSG00000233947.1","ENSG00000233947","ASS1P3","processed_pseudogene",0.426125150928546,0.241692894026943,1.861137262504,0.000532513674744006,1.43501211157545,14.4525606224475,1.43501156297895,0.597459289490179,2.40185664232197,0.0163120996284339,0.0334979379077885,"Positive_interaction"
"ENSG00000310469.1","ENSG00000310469","HLA-H","lncRNA",0.294020286258485,0.800165671601008,2.57929903748503,5.4655284222792e-09,2.28527875122654,9.4996335774369,2.28527526896812,0.953025071852476,2.39791725995837,0.0164885892838737,0.0338076734439583,"Positive_interaction"
"ENSG00000272275.1","ENSG00000272275","ENSG00000272275","lncRNA",1.36916638337594,0.000459454608073481,2.83070608666132,2.89502381204075e-08,1.46153970328538,16.5980620913657,1.46153914926291,0.610419204857609,2.39432039102347,0.0166511964870336,0.0340735864854689,"Positive_interaction"
"ENSG00000139055.8","ENSG00000139055","ERP27","protein_coding",1.0228819305311,0.00380773493174259,2.5009922575461,5.6199586931983e-06,1.478110327015,290.531111561288,1.47810959364022,0.620293712392599,2.38291887231752,0.0171759791004,0.0350139666792793,"Positive_interaction"
"ENSG00000249992.2","ENSG00000249992","TMEM158","protein_coding",1.05934323332476,0.0849463908696874,3.44488354465712,9.69005260024161e-05,2.38554031133236,6.49867229808325,2.38553789167233,1.00251053545108,2.37956391211286,0.017333136954682,0.035274795779701,"Positive_interaction"
"ENSG00000241484.12","ENSG00000241484","ARHGAP8","protein_coding",-0.0899835915633635,0.85618140924686,0.998413647076253,0.000771601642463436,1.08839723863962,19.0060689106586,1.08839697452481,0.457588914624764,2.37854751227382,0.0173809968502363,0.0353523377338419,"Positive_interaction"
"ENSG00000167550.13","ENSG00000167550","RHEBL1","protein_coding",-0.149995672539976,0.788842768999621,1.21853707762454,0.00384736387767358,1.36853275016452,12.1702831743264,1.36853229029017,0.575991441812097,2.37595941700922,0.017503387795777,0.0355862929203705,"Positive_interaction"
"ENSG00000225308.2","ENSG00000225308","ASS1P11","processed_pseudogene",0.024211701936913,0.928859430320348,1.08126462578957,0.0122293379600914,1.05705292385266,40.0378475286363,1.05705256075708,0.447084597913887,2.36432336450266,0.0180630386548307,0.0365702090228843,"Positive_interaction"
"ENSG00000228857.4","ENSG00000228857","ACTR3-AS1","lncRNA",-0.041570908946516,0.941480082189076,1.24550026581733,0.00279900471241255,1.28707117476385,12.6370416061151,1.28707079309359,0.544759674410848,2.36263962541931,0.0181453047490364,0.036721373610255,"Positive_interaction"
"ENSG00000125508.5","ENSG00000125508","SRMS","protein_coding",-1.26066905312006,0.412336312345967,1.86119729319686,0.000156004455725345,3.12186634631692,6.40485229427019,3.12185951001046,1.32378235781334,2.35828759280885,0.0183594632312511,0.0371029620899862,"Positive_interaction"
"ENSG00000279865.1","ENSG00000279865","ENSG00000279865","TEC",0.353458370987382,0.453388663072412,1.61723872651458,5.49198856444735e-05,1.2637803555272,30.8604101511462,1.26377998557836,0.538852002278805,2.34531927177377,0.0190107926437291,0.0382804511592223,"Positive_interaction"
"ENSG00000306493.1","ENSG00000306493","ENSG00000306493","lncRNA",-1.87761393872124,1.2922108304466e-09,-0.460179583587351,0.438931113943548,1.41743435513389,19.5943468496368,1.41743324135172,0.60592342521122,2.33929434376566,0.0193202052407095,0.0388441196376751,"Positive_interaction"
"ENSG00000074660.19","ENSG00000074660","SCARF1","protein_coding",1.31479089169381,0.0895735118987523,3.16653698515542,4.7599315011273e-13,1.85174609346161,12.9985698135011,1.85174386512833,0.793102740126644,2.33480956683196,0.0195533712072792,0.0392475700188213,"Positive_interaction"
"ENSG00000197587.14","ENSG00000197587","DMBX1","protein_coding",-0.421557916821926,0.71573381341314,1.70120860269321,1.80699646843228e-09,2.12276651951514,17.2033786096049,2.12276338513476,0.90951235680368,2.3339577183919,0.0195979359894728,0.0393206823147502,"Positive_interaction"
"ENSG00000226453.5","ENSG00000226453","LINC02542","lncRNA",-0.0532222397403929,0.870886857814346,2.78216609698094,0.0276441795527611,2.83538833672133,26.6116302388053,2.83538246312444,1.21496353798566,2.33371815241908,0.0196104849488398,0.0393404136044554,"Positive_interaction"
"ENSG00000153885.17","ENSG00000153885","KCTD15","protein_coding",-1.33628090692438,0.0587082373398818,0.154358821444867,0.413408275716111,1.49063972836925,60.841367352718,1.49063869054125,0.639083081830711,2.33246464023298,0.0196762610024808,0.0394614412466028,"Positive_interaction"
"ENSG00000289588.2","ENSG00000289588","ENSG00000289588","lncRNA",0.786793349829547,0.686870731054339,4.38725871451234,1.12507524171186e-18,3.60046536468279,15.3652020203803,3.6004482001831,1.54801088768151,2.32585457171788,0.0200263102200772,0.0400250017527732,"Positive_interaction"
"ENSG00000124253.13","ENSG00000124253","PCK1","protein_coding",3.20936341525931,1.57924749923534e-22,4.24925526058483,2.61513088541052e-39,1.03989184532552,2481.76496864851,1.03989163509875,0.448192977581138,2.32018725663878,0.0203307496651543,0.0405774995382752,"Positive_interaction"
"ENSG00000046774.10","ENSG00000046774","MAGEC2","protein_coding",-0.584726193055607,0.224449816339359,0.515618072423468,0.0581361266943114,1.10034426547907,20.6754360558628,1.10034395325437,0.475706781254635,2.31307182620417,0.020718690425579,0.0412487820164443,"Positive_interaction"
"ENSG00000215784.8","ENSG00000215784","FAM72D","protein_coding",0.0504699143108863,0.938080633354917,1.41791388589388,0.000921498466155787,1.36744397158299,13.0175735285479,1.36744346975591,0.593497714699844,2.30404167680323,0.0212203041804425,0.0421208941491538,"Positive_interaction"
"ENSG00000137507.13","ENSG00000137507","LRRC32","protein_coding",3.21430628367704,1.08308208224598e-06,5.31396972240016,1.45096092978268e-14,2.09966343872312,24.0131916440552,2.09966097239753,0.91179217655739,2.30278458883593,0.0212909660491972,0.0422437951786645,"Positive_interaction"
"ENSG00000100344.13","ENSG00000100344","PNPLA3","protein_coding",0,1,3.78823091216964,5.04792539877663e-09,3.78823091216964,6.59676811584138,3.72276498400277,1.61801364620413,2.30082421908889,0.0214015689104978,0.042440002278453,"Positive_interaction"
"ENSG00000278989.1","ENSG00000278989","ENSG00000278989","TEC",0.62126094661321,0.232519010411429,2.1478610484155,3.99053012124675e-05,1.52660010180229,9.66297703078965,1.52659941061854,0.664488895175824,2.29740394715641,0.0215957368189356,0.0427723681809504,"Positive_interaction"
"ENSG00000169583.15","ENSG00000169583","CLIC3","protein_coding",1.5938136579331,9.46609272245328e-06,2.75575603064898,1.71614947723434e-12,1.16194237271588,32.6303299907328,1.16194205492606,0.505955430675837,2.29653045402434,0.0216455699422639,0.0428593523163395,"Positive_interaction"
"ENSG00000171488.17","ENSG00000171488","LRRC8C","protein_coding",-0.270432614469286,0.620317004135798,1.11052699495505,0.0153582899930906,1.38095960942434,9.59151533109317,1.38095910846961,0.601540511126729,2.29570425087908,0.0216927972369453,0.0429352659871362,"Positive_interaction"
"ENSG00000274015.4","ENSG00000274015","ENSG00000274015","lncRNA",0.418468975276161,0.55695937146153,2.08580802059466,1.90923053001626e-05,1.6673390453185,8.70542109348472,1.66733798070572,0.727503290801249,2.29186314589638,0.0219135414887368,0.0433229728615633,"Positive_interaction"
"ENSG00000269825.6","ENSG00000269825","ENSG00000269825","protein_coding",-0.162007622341881,0.809407730266572,1.03801872699785,2.76226521778077e-08,1.20002634933973,84.1181339666631,1.20002550306879,0.523622534667454,2.2917758950747,0.0219185783205205,0.0433229728615633,"Positive_interaction"
"ENSG00000166681.16","ENSG00000166681","BEX3","protein_coding",-1.65545064693308,0.287052663655036,1.384316179648,0.000130704176109102,3.03976682658108,15.168519159787,3.03975872355543,1.32816342808126,2.28869328825508,0.0220971792680502,0.0436343264685357,"Positive_interaction"
"ENSG00000279656.1","ENSG00000279656","ENSG00000279656","TEC",1.4342764191166,0.00342003245174399,2.83139808527249,6.01328908949886e-11,1.39712166615589,13.3472152422561,1.39712094970365,0.610750760482183,2.28754680321746,0.0221639268625522,0.043742288995248,"Positive_interaction"
"ENSG00000236493.2","ENSG00000236493","EIF2S2P3","processed_pseudogene",0.0182064513008738,0.979476248307274,1.2789158138189,0.00157755683004645,1.26070936251803,12.2692765749719,1.26070896989051,0.552053556213425,2.28367149473288,0.0223908445286177,0.0441540507427851,"Positive_interaction"
"ENSG00000293283.1","ENSG00000293283","ENSG00000293283","lncRNA",-0.43392603230038,0.409087003027085,0.840000878162633,0.0304043164547439,1.27392691046301,11.5998988509787,1.2739265000233,0.559017494821992,2.27886696180941,0.0226749748910219,0.0446414530798382,"Positive_interaction"
"ENSG00000213530.3","ENSG00000213530","MTHFD2P5","processed_pseudogene",-0.189053430909383,0.748796698648498,1.12390208284296,0.00425115422725627,1.31295551375234,12.6406988211519,1.31295504106127,0.577737494967905,2.27258063133708,0.0230514639239638,0.0453272476507575,"Positive_interaction"
"ENSG00000270442.1","ENSG00000270442","ENSG00000270442","processed_pseudogene",-0.139303919299463,0.798087746786752,1.0221199569006,0.00226658159483066,1.16142387620006,17.2859472715234,1.16142352767769,0.511401733510763,2.27105903553462,0.0231434043941238,0.0454956886163378,"Positive_interaction"
"ENSG00000149527.19","ENSG00000149527","PLCH2","protein_coding",-0.56001607614572,0.212310682651292,1.13729547998162,0.102384980763767,1.69731155612734,10.6940328776658,1.6973103589235,0.749638775752432,2.2641709765078,0.0235636009296564,0.0462026389761305,"Positive_interaction"
"ENSG00000249863.2","ENSG00000249863","ENSG00000249863","processed_pseudogene",0.00171377142983008,1,1.27616179017211,0.00183813381064296,1.27444801874228,13.4030002875851,1.27444760253782,0.563302925233396,2.26245514704148,0.0236692970345674,0.0463973289090966,"Positive_interaction"
"ENSG00000278023.8","ENSG00000278023","RDM1","protein_coding",-0.414696332954995,0.453811643831874,0.972072544544653,0.0314963343389127,1.38676887749965,15.5575384528872,1.38676835559901,0.613552236069631,2.26022867177952,0.0238070622495292,0.0466421449398644,"Positive_interaction"
"ENSG00000198218.14","ENSG00000198218","QRICH1","protein_coding",-0.0154638871146627,0.989307741610984,1.66524439391158,0.000460922161614597,1.68070828102624,7.77455555380288,1.6807071707713,0.745175675952559,2.25545092923604,0.0241050390715978,0.0471749123869811,"Positive_interaction"
"ENSG00000198074.12","ENSG00000198074","AKR1B10","protein_coding",3.10814917042348,3.59859487601995e-07,4.46833724376116,1.3591706513032e-108,1.36018807333768,366.711721989848,1.36018513189761,0.603540829291499,2.25367541992866,0.0242165947946154,0.0473612539491992,"Positive_interaction"
"ENSG00000230823.3","ENSG00000230823","CBX1P1","processed_pseudogene",-0.499576396626019,0.266270715361508,0.597910006906877,0.0764636083937172,1.0974864035329,15.2044409112905,1.09748613395994,0.487814951763484,2.24980011373669,0.0244616368045618,0.0478017854061098,"Positive_interaction"
"ENSG00000251369.11","ENSG00000251369","ZNF550","protein_coding",-0.00616672610914073,0.991260184851645,2.91526298487746,0.0306184678793861,2.9214297109866,35.4752055028508,2.92142170084528,1.2995102464091,2.24809439472905,0.0245701714320361,0.0479556800529383,"Positive_interaction"
"ENSG00000174501.16","ENSG00000174501","ANKRD36C","protein_coding",-0.736031461014063,0.128601007035853,0.470265592425806,0.205477566641895,1.20629705343987,12.0922980364567,1.20629670079459,0.536626618523998,2.24792557646978,0.0245809359672244,0.0479616119435105,"Positive_interaction"
"ENSG00000260948.1","ENSG00000260948","ENSG00000260948","lncRNA",-1.01994704530106,0.156382112722703,0.747091254074244,0.166893929404678,1.7670382993753,8.22012921927988,1.76703717540805,0.788355825362913,2.24142083886373,0.0249988279210717,0.048661251072152,"Positive_interaction"
"ENSG00000265417.1","ENSG00000265417","ENSG00000265417","processed_pseudogene",-0.265770454591255,0.609186324455799,0.992780834062255,0.0178481729146763,1.25855128865351,12.8309939416635,1.25855089093499,0.561528310831437,2.24129552626028,0.0250069385615732,0.0486705014281921,"Positive_interaction"
"ENSG00000171903.19","ENSG00000171903","CYP4F11","protein_coding",-0.930618179618897,0.487976580319154,1.62468873148311,0.000263847015056739,2.55530691110201,7.26611509729583,2.55530236554268,1.1460310323764,2.22969735840751,0.0257675413802859,0.0499763396256829,"Positive_interaction"
