"gene_id","ensembl_gene_id","gene_symbol","gene_type","HT55_log2FC","HT55_padj","SW948_log2FC","SW948_padj","observed_LFC_difference","baseMean","log2FoldChange","lfcSE","stat","pvalue","padj","interaction_status"
"ENSG00000148730.9","ENSG00000148730","EIF4EBP2","protein_coding",0.134262362089215,0.201396816369789,-2.54458987627201,1.42548547564053e-144,-2.67885223836122,2622.88535609341,-2.67885219828261,0.132087838108782,-20.2808391494485,1.89864526257548e-91,2.75151671452438e-87,"Negative_interaction"
"ENSG00000162344.6","ENSG00000162344","FGF19","protein_coding",-2.91878447567235,3.79394669128008e-56,2.51684895975384,4.33960193107057e-30,5.43563343542619,107.949502929142,5.43563299900022,0.281426714587015,19.314559411948,4.05174107037738e-83,2.93589157959545e-79,"Positive_interaction"
"ENSG00000138814.19","ENSG00000138814","PPP3CA","protein_coding",-0.140150146009968,0.274536421953354,-3.48018274478692,6.83859733823492e-117,-3.34003259877695,278.134718421299,-3.34003252227822,0.183377915722128,-18.2139300096493,4.00163763530575e-74,1.93305775369503e-70,"Negative_interaction"
"ENSG00000197142.13","ENSG00000197142","ACSL5","protein_coding",0.272081121807132,2.02016767341786e-10,-0.824495810989577,2.30119157901512e-69,-1.09657693279671,5468.91258811364,-1.09657692969335,0.0612803902842124,-17.8944181753337,1.30351122864591e-71,4.72262118138413e-68,"Negative_interaction"
"ENSG00000076641.6","ENSG00000076641","PAG1","protein_coding",0.225264282358687,0.0260460494966095,-2.49977827362071,3.95163856696679e-82,-2.7250425559794,314.71612275966,-2.72504251251322,0.156503915156592,-17.4119766255473,6.69325329133203e-68,1.93997253395968e-64,"Negative_interaction"
"ENSG00000170017.14","ENSG00000170017","ALCAM","protein_coding",0.442882539811676,2.16366123539934e-06,-1.68804096971748,5.46038463340662e-81,-2.13092350952916,962.435487213597,-2.13092347741436,0.123171768549362,-17.3004212126772,4.66962300118981e-67,1.12786960888738e-63,"Negative_interaction"
"ENSG00000172159.18","ENSG00000172159","FRMD3","protein_coding",1.09245271881565,1.65434689764242e-16,-1.77569917606492,3.82949398390657e-54,-2.86815189488057,186.658632961873,-2.86815181304054,0.169420946738018,-16.9291452341822,2.74334891325064e-64,5.67951606440403e-61,"Negative_interaction"
"ENSG00000186480.15","ENSG00000186480","INSIG1","protein_coding",1.83257955238729,1.98497105873649e-21,6.2361123387199,5.08669426918872e-241,4.40353278633261,8130.96701682592,4.40353248078986,0.262571667852032,16.7707830658691,3.99212846316623e-63,7.23174071102562e-60,"Positive_interaction"
"ENSG00000065618.23","ENSG00000065618","COL17A1","protein_coding",0.506846483080164,3.42363772266475e-06,-1.84465941971938,1.29746660364025e-70,-2.35150590279954,1733.57783458557,-2.35150585433858,0.143977983795352,-16.3323988317614,5.80560173979749e-60,9.34830893479391e-57,"Negative_interaction"
"ENSG00000115561.18","ENSG00000115561","CHMP3","protein_coding",-0.289437832924908,0.00169681207120327,-2.31413970636315,4.41749380455523e-137,-2.02470187343824,1188.72501210008,-2.02470184602049,0.124238731488562,-16.2968650899892,1.03885594838016e-59,1.50551004039253e-56,"Negative_interaction"
"ENSG00000101161.10","ENSG00000101161","PRPF6","protein_coding",-0.453919643274234,3.19231275112612e-16,0.73259890781347,7.84741371296967e-46,1.1865185510877,1317.63447761544,1.18651854468005,0.0733420575859762,16.1778737021271,7.2246651539291e-59,9.51816794643095e-56,"Positive_interaction"
"ENSG00000122359.20","ENSG00000122359","ANXA11","protein_coding",0.187460205037345,0.0079981634108875,-1.27690964055377,8.29163642492869e-83,-1.46436984559112,2334.29849324861,-1.46436983381942,0.090973814420993,-16.0966080529817,2.69478146718315e-58,3.25439775186818e-55,"Negative_interaction"
"ENSG00000101670.14","ENSG00000101670","LIPG","protein_coding",0.335859451349506,0.00132512637897331,2.40792715786203,1.019498540058e-164,2.07206770651252,771.624590999648,2.07206766884987,0.128964421309688,16.0669714003844,4.34817586365341e-58,4.84721266277425e-55,"Positive_interaction"
"ENSG00000122042.11","ENSG00000122042","UBL3","protein_coding",0.642493610734218,1.26962679859862e-14,-1.11800260820418,3.18739816805056e-44,-1.7604962189384,990.546831799872,-1.76049619697023,0.111741718718808,-15.7550484917851,6.34107076713468e-56,6.56391411123685e-53,"Negative_interaction"
"ENSG00000163618.20","ENSG00000163618","CADPS","protein_coding",0.244677092158339,0.0900853065831894,-2.49178214019419,7.79278664025352e-85,-2.73645923235253,362.811663977537,-2.73645914785644,0.177095612933505,-15.4518742871622,7.32811662747285e-54,7.07993774435577e-51,"Negative_interaction"
"ENSG00000188559.18","ENSG00000188559","RALGAPA2","protein_coding",0.533591742896107,2.10119630923927e-08,-1.28880295467516,1.91545987337332e-54,-1.82239469757127,747.106918394949,-1.8223946712956,0.120930041069251,-15.0698259521139,2.55785984987106e-51,2.31678155902072e-48,"Negative_interaction"
"ENSG00000117395.15","ENSG00000117395","EBNA1BP2","protein_coding",-0.80750002714331,1.39456670200032e-22,-2.62760831475597,1.89647041222733e-165,-1.82010828761266,571.523933092974,-1.82010826847814,0.123635470179147,-14.7215703215332,4.68649961781379e-49,3.77315291451986e-46,"Negative_interaction"
"ENSG00000178826.13","ENSG00000178826","TMEM139","protein_coding",-0.111017488557827,0.410309688646475,-2.53313365218335,2.08856546247052e-90,-2.42211616362552,439.509521312576,-2.42211610707758,0.164690550181044,-14.707073990675,5.8064299983454e-49,4.42877808084324e-46,"Negative_interaction"
"ENSG00000164211.15","ENSG00000164211","STARD4","protein_coding",0.735677927284171,4.0234791993143e-12,2.860507397597,4.37649554279915e-163,2.12482947031283,662.582994098221,2.12482942469883,0.144555724654314,14.6990333989199,6.53863936374291e-49,4.73789808296812e-46,"Positive_interaction"
"ENSG00000006704.13","ENSG00000006704","GTF2IRD1","protein_coding",-0.0797531302109035,0.522091193178756,1.95559617492231,2.79264777157607e-86,2.03534930513321,1359.01552244496,2.03534926589932,0.138520734578587,14.6934628385515,7.09912152704513e-49,4.89906996047324e-46,"Positive_interaction"
"ENSG00000109586.14","ENSG00000109586","GALNT7","protein_coding",0.0652594989435405,0.504856261087595,-1.56137722172519,1.01730867269589e-82,-1.62663672066873,701.950538244034,-1.62663670131009,0.111138397392139,-14.6361360203054,1.65193257182956e-48,1.08817303777063e-45,"Negative_interaction"
"ENSG00000141965.5","ENSG00000141965","FEM1A","protein_coding",0.0726537140490291,0.529098917684667,-2.02020898828797,1.04914458299313e-71,-2.092862702337,385.775027421668,-2.09286266865522,0.143413611682399,-14.5931940776307,3.10321712542458e-48,1.95529663398491e-45,"Negative_interaction"
"ENSG00000163817.19","ENSG00000163817","SLC6A20","protein_coding",2.56893812921429,4.09458559097321e-60,-0.403043151586618,0.00442722719024519,-2.97198128080091,897.433910145805,-2.9719811731214,0.203732325298953,-14.5876761027508,3.36464927029403e-48,2.03168738437921e-45,"Negative_interaction"
"ENSG00000131069.22","ENSG00000131069","ACSS2","protein_coding",0.621952665306262,4.95561443901727e-08,2.83176624824475,2.38848024530791e-145,2.20981358293849,3288.14444613718,2.20981353144557,0.152623642577242,14.4788415092844,1.64852236846486e-47,9.55615446551708e-45,"Positive_interaction"
"ENSG00000148296.9","ENSG00000148296","SURF6","protein_coding",-0.0189119310702625,0.854033681022198,-1.63385080798972,3.03587705048016e-81,-1.61493887691946,534.744601496205,-1.61493885943585,0.112428063527124,-14.3641970587374,8.6806934574492e-47,4.83848498405207e-44,"Negative_interaction"
"ENSG00000168394.15","ENSG00000168394","TAP1","protein_coding",0.304298951352256,1.06647621949855e-06,1.52530520131833,4.62533209623016e-130,1.22100624996607,739.331956158443,1.22100624108513,0.0850449665853336,14.3571840887254,9.60511941847287e-47,5.1554589115744e-44,"Positive_interaction"
"ENSG00000171368.14","ENSG00000171368","TPPP","protein_coding",-0.699416384610488,5.24591551455534e-05,2.59368794671799,1.21021993084746e-52,3.29310433132848,176.294754563527,3.29310415503957,0.230932597257122,14.260023029027,3.88326335293089e-46,2.00986616109552e-43,"Positive_interaction"
"ENSG00000132481.9","ENSG00000132481","TRIM47","protein_coding",-0.391407681297716,0.00760758427383866,2.53683789529818,3.92675206965396e-55,2.9282455765959,248.145514300712,2.92824545079089,0.206771461066499,14.1617486073146,1.58012818148322e-45,7.89628193312233e-43,"Positive_interaction"
"ENSG00000164506.18","ENSG00000164506","STXBP5","protein_coding",0.0845142135148376,0.38892773468191,-1.66397897503259,3.7671679493891e-66,-1.74849318854743,400.48510032422,-1.74849316703501,0.123939884529095,-14.1075907378674,3.41031172746567e-45,1.64740791848108e-42,"Negative_interaction"
"ENSG00000111424.14","ENSG00000111424","VDR","protein_coding",0.31996459964699,0.00325278246147151,-1.7582820274327,2.16807435700603e-53,-2.07824662707969,927.40712422768,-2.07824658830234,0.149297544001059,-13.9201659491974,4.77793456159966e-44,2.23360734408717e-41,"Negative_interaction"
"ENSG00000152270.12","ENSG00000152270","PDE3B","protein_coding",0.259246960741678,0.0730804222237473,-2.47125580999034,6.71721869690222e-58,-2.73050277073202,251.884741932663,-2.73050268189707,0.196851755210683,-13.8708576866623,9.51324050218586e-44,4.30830879242742e-41,"Negative_interaction"
"ENSG00000144455.16","ENSG00000144455","SUMF1","protein_coding",-0.224151271637306,0.149423932485468,-3.47236005580684,9.32902325926143e-70,-3.24820878416953,171.728557265316,-3.24820867389403,0.234507505757767,-13.8511927940133,1.25117031606408e-43,5.49453340012143e-41,"Negative_interaction"
"ENSG00000001626.20","ENSG00000001626","CFTR","protein_coding",0.0487291512757409,0.840467337435482,-3.38020896394269,1.84960254857545e-78,-3.42893811521843,403.598534663284,-3.42893790502219,0.24965105262738,-13.7349226808192,6.27229950413016e-43,2.67347542393689e-40,"Negative_interaction"
"ENSG00000135956.13","ENSG00000135956","TMEM127","protein_coding",0.474033854812105,1.86987293123173e-14,-0.689703142525739,2.73462140753374e-28,-1.16373699733784,1132.47025684726,-1.16373698911742,0.0849884534203884,-13.6928834716063,1.11975875438595e-42,4.6364411053032e-40,"Negative_interaction"
"ENSG00000103275.24","ENSG00000103275","UBE2I","protein_coding",-0.222815443225019,0.0200130607385296,1.43350604553276,3.90222669839758e-60,1.65632148875778,1432.81137143821,1.65632146445565,0.12111443893911,13.6756730160667,1.41888382002274e-42,5.5574227891269e-40,"Positive_interaction"
"ENSG00000113161.19","ENSG00000113161","HMGCR","protein_coding",0.943726807499237,1.23510530171833e-18,2.92363074157281,2.19036033055866e-175,1.97990393407357,3091.53450848178,1.97990389194303,0.14494187993933,13.6599849040994,1.76020238234287e-42,6.71285603287181e-40,"Positive_interaction"
"ENSG00000203499.13","ENSG00000203499","IQANK1","protein_coding",-0.341463077608531,0.0107954345266086,-2.74944599839782,7.05064040226568e-97,-2.40798292078929,812.16047632599,-2.40798285321015,0.176622580409566,-13.6334937901278,2.53163924678551e-42,9.40731178574759e-40,"Negative_interaction"
"ENSG00000117602.15","ENSG00000117602","RCAN3","protein_coding",-0.627173400174701,8.11803580650249e-13,0.880293073461184,2.89024030221888e-32,1.50746647363589,542.370864909691,1.50746645468542,0.110590298994497,13.6310912294435,2.6163855896274e-42,9.47916499122008e-40,"Positive_interaction"
"ENSG00000112818.13","ENSG00000112818","MEP1A","protein_coding",-0.314197484673828,1.66879786704651e-07,-2.50062691678488,3.46340114905702e-60,-2.18642943211105,1288.00210509735,-2.18642948749253,0.160557200457802,-13.6177604072461,3.14051499855271e-42,1.11005715509819e-39,"Negative_interaction"
"ENSG00000137486.19","ENSG00000137486","ARRB1","protein_coding",1.25132285690663,2.27865591091685e-18,-1.40366819666786,7.4392713328217e-23,-2.65499105357449,434.324466005719,-2.65499095246513,0.195606364676712,-13.5731317171257,5.77987338291386e-42,1.99433154917113e-39,"Negative_interaction"
"ENSG00000102316.19","ENSG00000102316","MAGED2","protein_coding",-0.587183211341783,1.20826156855425e-08,1.28235157958032,9.10097411651567e-37,1.8695347909221,609.670748641822,1.86953475494578,0.138677555028823,13.4811632246993,2.01898421005758e-41,6.80444631910567e-39,"Positive_interaction"
"ENSG00000122642.13","ENSG00000122642","FKBP9","protein_coding",0.0333503948237718,0.74433835295444,-1.43820424572939,4.6611751854678e-73,-1.47155464055316,1039.66365342285,-1.47155462352,0.109332976673306,-13.4593849751032,2.71163812234748e-41,8.93114992478629e-39,"Negative_interaction"
"ENSG00000120708.18","ENSG00000120708","TGFBI","protein_coding",-0.0553427616720914,0.419176204110242,-1.12444680030583,2.45440743946132e-83,-1.06910403863374,11733.5917715058,-1.0691040325237,0.079464648559818,-13.4538320108333,2.9232184315963e-41,9.41406255793192e-39,"Negative_interaction"
"ENSG00000072210.21","ENSG00000072210","ALDH3A2","protein_coding",-0.317407314880707,2.29241719877276e-06,0.808589842675493,1.60019056583078e-45,1.1259971575562,2191.33840316216,1.12599714903012,0.0839357368077729,13.4149909425212,4.93993456570054e-41,1.5562941679594e-38,"Positive_interaction"
"ENSG00000135048.16","ENSG00000135048","CEMIP2","protein_coding",0.737783873665187,4.55616244237932e-13,-1.08610358880916,3.9302425648623e-28,-1.82388746247435,1590.27321312557,-1.8238874283712,0.136830719174919,-13.3295172266077,1.55903269208344e-40,4.80712803695175e-38,"Negative_interaction"
"ENSG00000075223.16","ENSG00000075223","SEMA3C","protein_coding",0.175790957264771,0.0518220919244067,-1.43354910192318,2.97203300625647e-52,-1.60934005918795,417.458828770325,-1.60934003915263,0.121821689371406,-13.2106199434333,7.61942982150932e-40,2.30043285361069e-37,"Negative_interaction"
"ENSG00000163898.12","ENSG00000163898","LIPH","protein_coding",1.35368724964361,7.89559486121697e-29,-0.760243896712284,4.72899217645896e-11,-2.11393114635589,549.233116671393,-2.11393109122316,0.162430320474554,-13.0143872464644,1.01352023135764e-38,2.99753779445612e-36,"Negative_interaction"
"ENSG00000144306.17","ENSG00000144306","SCRN3","protein_coding",-0.56367812613867,8.88863318123349e-06,-3.00955160753624,7.62129588599315e-91,-2.44587348139757,224.303496204084,-2.44587341891779,0.188095720658159,-13.0033443097989,1.17107819562828e-38,3.394253042209e-36,"Negative_interaction"
"ENSG00000214357.11","ENSG00000214357","NEURL1B","protein_coding",0.211312580286449,0.00154195906568868,1.36081670992215,2.53845225607119e-96,1.1495041296357,1532.17738088597,1.14950412062265,0.088475328981766,12.9923689897729,1.35177044993453e-38,3.84114850204925e-36,"Positive_interaction"
"ENSG00000008394.15","ENSG00000008394","MGST1","protein_coding",-0.633366284332711,2.12933900604031e-09,1.04324427622119,8.33166438627984e-35,1.6766105605539,1112.75310936127,1.67661052939268,0.129675105961928,12.9293168257362,3.07539371741863e-38,8.57088572169824e-36,"Positive_interaction"
"ENSG00000134215.18","ENSG00000134215","VAV3","protein_coding",0.265327334066093,0.00695165886810644,-2.30653117497219,7.43878800768211e-37,-2.57185850903828,939.47802036122,-2.57185853307691,0.199269804011038,-12.9064137230468,4.14144377853103e-38,1.13241138185796e-35,"Negative_interaction"
"ENSG00000179918.19","ENSG00000179918","SEPHS2","protein_coding",-0.665186275797427,5.6106897387639e-11,-2.56473657108348,1.18905345723732e-112,-1.89955029528605,776.281642498156,-1.89955026539282,0.147658522406303,-12.8644810637204,7.13192896637485e-38,1.91399841816119e-35,"Negative_interaction"
"ENSG00000112972.16","ENSG00000112972","HMGCS1","protein_coding",1.12004294278445,2.96050689367483e-11,4.00013214996446,1.14903699352859e-138,2.88008920718001,2978.15713636111,2.8800890597014,0.224136993190726,12.8496818784868,8.63646711661737e-38,2.27563057189125e-35,"Positive_interaction"
"ENSG00000136044.14","ENSG00000136044","APPL2","protein_coding",0.483320766768292,4.50254438978363e-08,-1.05759050363406,3.92177679093713e-32,-1.54091127040235,654.554464601359,-1.54091124883187,0.120744977735019,-12.7617005505063,2.68279561359707e-37,6.85412127554788e-35,"Negative_interaction"
"ENSG00000178999.15","ENSG00000178999","AURKB","protein_coding",-0.732139065136021,3.37999994674697e-13,0.949122466548021,1.36355197376604e-24,1.68126153168404,348.621023638471,1.68126150246828,0.131746656175513,12.7613220044728,2.69586608270928e-37,6.85412127554788e-35,"Positive_interaction"
"ENSG00000231365.8","ENSG00000231365","WARS2-AS1","lncRNA",-0.716044391907234,2.12524202021499e-08,-3.61093139601886,1.63744685206512e-75,-2.89488700411163,196.018748669348,-2.89488694751421,0.227666071892728,-12.715495653117,4.85024288310235e-37,1.21189172175723e-34,"Negative_interaction"
"ENSG00000135052.18","ENSG00000135052","GOLM1","protein_coding",0.855293424762388,1.24024340911803e-26,-0.554584379132793,1.45792402778178e-11,-1.40987780389518,1932.6869630244,-1.40987778680889,0.111126848349729,-12.6871031415544,6.97169990617385e-37,1.7124385600046e-34,"Negative_interaction"
"ENSG00000078114.21","ENSG00000078114","NEBL","protein_coding",-0.721743469901032,2.89792086823696e-13,-2.46045110759511,2.28993357383154e-130,-1.73870763769408,3382.29381229294,-1.73870760966438,0.137179940464124,-12.6746491052684,8.17235760228791e-37,1.97389677287261e-34,"Negative_interaction"
"ENSG00000160752.17","ENSG00000160752","FDPS","protein_coding",0.321647045995217,0.0120673302410796,2.38185585717764,2.55590569078105e-91,2.06020881118242,2190.33756904704,2.06020875650079,0.162851546117011,12.6508394032716,1.10685875396002e-36,2.6296060758014e-34,"Positive_interaction"
"ENSG00000133226.21","ENSG00000133226","SRRM1","protein_coding",-0.449839609314665,5.85780327090483e-06,1.15290281679967,2.05124500442829e-38,1.60274242611434,736.37398706223,1.60274239993174,0.126923542440807,12.6276210788807,1.48706219854928e-36,3.47588796473809e-34,"Positive_interaction"
"ENSG00000166923.13","ENSG00000166923","GREM1","protein_coding",3.30905733644325,1.35809893940282e-27,-0.993054637343668,5.19959821419203e-08,-4.30211197378692,383.10700496285,-4.30211174290018,0.342131875972303,-12.5744253752271,2.91915083579709e-36,6.71497363688435e-34,"Negative_interaction"
"ENSG00000136937.15","ENSG00000136937","NCBP1","protein_coding",-0.712167097658851,2.62901422194545e-14,-2.3801292635137,3.92246904941501e-125,-1.66796216585485,1160.47709706468,-1.66796214238788,0.132940193113649,-12.5467106923935,4.14368000720738e-36,9.38284541632022e-34,"Negative_interaction"
"ENSG00000105429.14","ENSG00000105429","MEGF8","protein_coding",0.25983389400306,0.082161568855266,-2.05634588220311,2.76191284154005e-52,-2.31617977620617,438.014348019676,-2.3161796982646,0.185476373344825,-12.4877344563909,8.70986475007461e-36,1.94189784550894e-33,"Negative_interaction"
"ENSG00000120451.12","ENSG00000120451","SNX19","protein_coding",-0.228511791027122,0.0594347875559151,-2.10702522540578,2.10208240536029e-83,-1.87851343437866,853.794393664545,-1.87851339280537,0.150652964251743,-12.4691432534068,1.10002364646022e-35,2.37933472903008e-33,"Negative_interaction"
"ENSG00000114812.15","ENSG00000114812","VIPR1","protein_coding",1.09506162032797,5.77408387790178e-25,-0.678724941521896,3.83388249713555e-11,-1.77378656184987,417.354230693248,-1.77378652571976,0.142907136425769,-12.4121619821353,2.24507464760088e-35,4.78465026368118e-33,"Negative_interaction"
"ENSG00000118971.11","ENSG00000118971","CCND2","protein_coding",0.0085714434217128,0.947324814236444,1.51647283827582,8.77286949568401e-65,1.50790139485411,1523.87358501558,1.50790137240656,0.121882377572033,12.3717751691821,3.7151864860729e-35,7.80296848640124e-33,"Positive_interaction"
"ENSG00000071967.14","ENSG00000071967","CYBRD1","protein_coding",0.468034142225019,4.90325855949342e-07,1.94211879591624,1.36461883296029e-121,1.47408465369122,748.608197406729,1.474084631042,0.119266642530828,12.3595717944436,4.3245417995726e-35,8.9530371084866e-33,"Positive_interaction"
"ENSG00000142687.21","ENSG00000142687","KIAA0319L","protein_coding",0.191629092569189,0.0399031995927286,-1.32366485744563,4.122182426678e-46,-1.51529395001482,658.980436355044,-1.51529392987223,0.1226199124851,-12.3576497418913,4.42917635465125e-35,9.04051038473323e-33,"Negative_interaction"
"ENSG00000138413.16","ENSG00000138413","IDH1","protein_coding",0.588849988150894,5.76859319663149e-20,-0.481908227501792,1.32478398826079e-14,-1.07075821565269,2784.08615612401,-1.07075820759316,0.0867784435143143,-12.3389883965427,5.58532115050209e-35,1.12420102934828e-32,"Negative_interaction"
"ENSG00000185127.7","ENSG00000185127","C6orf120","protein_coding",0.0244413876914509,0.859489770351332,-1.84860545466089,2.35644036747845e-56,-1.87304684235234,551.715817025984,-1.87304680684111,0.152042204276467,-12.3192557997597,7.13496694565604e-35,1.41643754762257e-32,"Negative_interaction"
"ENSG00000179820.19","ENSG00000179820","MYADM","protein_coding",-0.686213511596916,6.40457904307924e-05,2.03598046806549,4.49330660353232e-38,2.72219397966241,562.750986851638,2.72219384544455,0.221432688302903,12.2935500910362,9.81012014168973e-35,1.92119271747794e-32,"Positive_interaction"
"ENSG00000170439.9","ENSG00000170439","TMT1B","protein_coding",0.450125223738936,0.00144935964107635,-2.31234561657459,1.31238508237783e-34,-2.76247084031353,167.694041269037,-2.7624707478333,0.225253197990079,-12.2638469619196,1.41613764691762e-34,2.73635557055069e-32,"Negative_interaction"
"ENSG00000176542.11","ENSG00000176542","USF3","protein_coding",0.334162898232686,0.0109980023381504,-1.75234417639063,2.45985896181733e-44,-2.08650707462332,331.286164732068,-2.08650701621326,0.170279988406162,-12.2533894660387,1.61118466952024e-34,3.07227476719571e-32,"Negative_interaction"
"ENSG00000137834.17","ENSG00000137834","SMAD6","protein_coding",0.599433166938644,7.40186866953559e-10,-1.76642708600413,2.91760457922769e-24,-2.36586025294277,249.391105645344,-2.3658602265318,0.193478274449254,-12.2280407620253,2.20185476985561e-34,4.14406224996721e-32,"Negative_interaction"
"ENSG00000011260.16","ENSG00000011260","UTP18","protein_coding",-0.58116542354309,1.95826423132595e-11,0.750672608742413,1.35890621045688e-24,1.3318380322855,465.611812218474,1.33183801608562,0.108937747753991,12.2256797441162,2.26677591092503e-34,4.2115533975802e-32,"Positive_interaction"
"ENSG00000064601.23","ENSG00000064601","CTSA","protein_coding",0.998801846414804,2.09226554093896e-30,-0.483146733243943,9.51333231651253e-08,-1.48194857965875,645.346486759817,-1.48194855793161,0.121556854639637,-12.1914026347996,3.45424249828401e-34,6.33656737786479e-32,"Negative_interaction"
"ENSG00000052802.15","ENSG00000052802","MSMO1","protein_coding",1.93338273722394,1.16019828016988e-28,4.83422969992455,8.11941540999473e-177,2.90084696270061,3197.0553112632,2.90084679564624,0.238035559719682,12.1866111057624,3.6634127051558e-34,6.63627211538973e-32,"Positive_interaction"
"ENSG00000151233.13","ENSG00000151233","GXYLT1","protein_coding",0.472421609050076,7.63424486463957e-06,-1.23658547535741,1.78072769908989e-33,-1.70900708440749,424.432301663536,-1.70900705129819,0.140367096538888,-12.1752682319302,4.21007750704972e-34,7.53240039903266e-32,"Negative_interaction"
"ENSG00000166866.15","ENSG00000166866","MYO1A","protein_coding",-0.456957238982262,0.0112890791934012,-3.46357103426044,4.2103989776181e-74,-3.00661379527818,627.573252763037,-3.00661365009701,0.247165818031263,-12.1643586238803,4.81210050615562e-34,8.50450738234234e-32,"Negative_interaction"
"ENSG00000125977.9","ENSG00000125977","EIF2S2","protein_coding",-0.232051694098655,0.00336954590039405,0.989086101280795,1.38146922439612e-42,1.22113779537945,2538.38860512639,1.22113778295977,0.100783592219025,12.116434392475,8.64385382451426e-34,1.50923770632362e-31,"Positive_interaction"
"ENSG00000143776.22","ENSG00000143776","CDC42BPA","protein_coding",0.259796201937443,0.000364947965699042,-0.905674254465711,1.09848620933038e-37,-1.16547045640315,1038.66802732643,-1.16547044596998,0.0961971216595384,-12.1154398994891,8.74934413668721e-34,1.50947018129608e-31,"Negative_interaction"
"ENSG00000142798.21","ENSG00000142798","HSPG2","protein_coding",0.25974041593155,0.0311534760823153,2.15786876417515,8.92599098627621e-76,1.8981283482436,1273.27047826555,1.89812830116851,0.15690543174999,12.0972759196314,1.09174119538233e-33,1.86135451805656e-31,"Positive_interaction"
"ENSG00000164120.15","ENSG00000164120","HPGD","protein_coding",1.3513637627548,8.12383233777457e-30,-0.549619874040774,7.11232250887191e-07,-1.90098363679557,257.708049551756,-1.9009835907638,0.157215185038773,-12.091602921785,1.1698182925808e-33,1.97127984838151e-31,"Negative_interaction"
"ENSG00000161800.15","ENSG00000161800","RACGAP1","protein_coding",-0.259369257804375,0.000673284672903593,0.94454007561495,1.05214978384075e-38,1.20390933341932,1462.10849693381,1.20390932144764,0.0996145852296101,12.0856731840287,1.25736078842911e-33,2.09444512022007e-31,"Positive_interaction"
"ENSG00000087842.13","ENSG00000087842","PIR","protein_coding",0.686877531019023,6.29319673197536e-08,2.84980610727482,8.09603353423536e-98,2.1629285762558,437.469896638979,2.16292850678844,0.179025617003548,12.0816704502439,1.32010264569557e-33,2.17396903879775e-31,"Positive_interaction"
"ENSG00000254682.3","ENSG00000254682","DHCR7-DT","lncRNA",0.420164084661986,0.01923217517205,3.1839080180739,1.72561933074126e-80,2.76374393341191,111.581530822207,2.76374377574212,0.229564479040119,12.0390741080598,2.214268707451e-33,3.60552607959325e-31,"Positive_interaction"
"ENSG00000104549.14","ENSG00000104549","SQLE","protein_coding",1.63343546275965,1.03974188789533e-31,3.91599261576814,8.31569606095739e-185,2.28255715300849,2821.92417428338,2.28255706816918,0.189684707516895,12.0334269327741,2.37110461072755e-33,3.81800533540707e-31,"Positive_interaction"
"ENSG00000130726.14","ENSG00000130726","TRIM28","protein_coding",-0.149657346158529,0.0307672700083656,0.90774434141539,7.10782995119616e-45,1.05740168757392,3237.9966613194,1.05740167925036,0.0880997557029531,12.002322490151,3.45464169417133e-33,5.44181167738379e-31,"Positive_interaction"
"ENSG00000125266.10","ENSG00000125266","EFNB2","protein_coding",0.157669835951772,0.184192730920671,-1.52843674420637,1.516011505921e-52,-1.68610658015814,1933.33956394531,-1.68610654686166,0.14049518309986,-12.0011697885986,3.50309874238817e-33,5.4588072015795e-31,"Negative_interaction"
"ENSG00000013810.23","ENSG00000013810","TACC3","protein_coding",-0.459465880659086,8.71383661726954e-09,0.807117424380568,2.75814529312712e-26,1.26658330503965,653.330050578917,1.2665832908839,0.105741065135837,11.9781589986523,4.62479933101312e-33,7.1300629686215e-31,"Positive_interaction"
"ENSG00000161671.18","ENSG00000161671","EMC10","protein_coding",-0.168387195106014,0.329065333863439,-2.77023853250119,8.36433249862299e-61,-2.60185133739518,727.008502675568,-2.60185124364029,0.217676836124535,-11.9528163398688,6.27616817132787e-33,9.57412938304037e-31,"Negative_interaction"
"ENSG00000141556.24","ENSG00000141556","TBCD","protein_coding",-0.331807641673684,0.00146015201904575,-2.30112184032985,3.59980984188554e-63,-1.96931419865617,372.142672351806,-1.96931417576178,0.164947970248139,-11.9390021762574,7.41068666083968e-33,1.11870490717592e-30,"Negative_interaction"
"ENSG00000147592.11","ENSG00000147592","LACTB2","protein_coding",0.0447099336511132,0.795843218408912,-1.85174659225733,4.33666930786769e-81,-1.89645652590844,231.13742523119,-1.89645647947359,0.158941172127252,-11.931813853463,8.0793608179437e-33,1.2070731646767e-30,"Negative_interaction"
"ENSG00000231074.12","ENSG00000231074","HCG18","lncRNA",-0.638704702759143,0.000462383043773033,-3.62360880198613,1.26724036948278e-81,-2.98490409922699,227.454724268881,-2.98490393599847,0.250234537226297,-11.928425105041,8.41504460263499e-33,1.24439618756517e-30,"Negative_interaction"
"ENSG00000136731.15","ENSG00000136731","UGGT1","protein_coding",0.0592360532572264,0.544900035644896,-1.23738646957601,2.70436143919288e-54,-1.29662252283324,1784.88864512899,-1.29662250775397,0.109507388013938,-11.8405025566762,2.41004468189188e-32,3.5279159121189e-30,"Negative_interaction"
"ENSG00000119514.9","ENSG00000119514","GALNT12","protein_coding",0.108797593381969,0.11244066837049,-0.931118682031069,1.04870653302917e-44,-1.03991627541304,765.466779360849,-1.03991626834855,0.0878503044699597,-11.8373666957996,2.50185326923535e-32,3.62568575777586e-30,"Negative_interaction"
"ENSG00000134575.15","ENSG00000134575","ACP2","protein_coding",-0.321104813525448,0.0665518277999006,-3.19640225694931,9.48096718958642e-62,-2.87529744342386,193.65865734977,-2.87529731359884,0.243278555584404,-11.8189509416142,3.11550628762843e-32,4.47028882379319e-30,"Negative_interaction"
"ENSG00000149328.18","ENSG00000149328","GLB1L2","protein_coding",-0.258494330018926,0.0846938380138501,-2.53114547132435,6.69511547973786e-68,-2.27265114130542,591.879126883908,-2.27265106725101,0.193166557778733,-11.7652408024699,5.89578844727313e-32,8.37664374292963e-30,"Negative_interaction"
"ENSG00000172893.20","ENSG00000172893","DHCR7","protein_coding",1.13680041074643,1.21282655864228e-18,3.19128954870997,1.47767155387857e-143,2.05448913796354,2358.76402872387,2.05448907436538,0.174750774352518,11.7566808042918,6.52492687099925e-32,9.18050875869138e-30,"Positive_interaction"
"ENSG00000117593.14","ENSG00000117593","DARS2","protein_coding",-0.455113443359224,0.000875780406948827,-2.56754360819092,3.20842547588785e-84,-2.1124301648317,632.968556943063,-2.11243010034038,0.180141000948222,-11.7265369306323,9.31940355442378e-32,1.28625520295914e-29,"Negative_interaction"
"ENSG00000184203.10","ENSG00000184203","PPP1R2","protein_coding",-0.103496209651236,0.354552683489649,1.41042002624955,9.43450385275187e-52,1.51391623590079,1106.70898242705,1.51391621063971,0.12909459200475,11.7271853695003,9.24830192513135e-32,1.28625520295914e-29,"Positive_interaction"
"ENSG00000196371.4","ENSG00000196371","FUT4","protein_coding",-0.303047125184216,0.000247610148814605,-1.57143589100461,4.56664060694564e-89,-1.26838876582039,747.303964896608,-1.2683887517089,0.108348369336966,-11.7065790604026,1.17942910672212e-31,1.61247986930349e-29,"Negative_interaction"
"ENSG00000157637.15","ENSG00000157637","SLC38A10","protein_coding",-0.0832530924004563,0.601980616412277,-2.16211117551086,3.39396410661628e-61,-2.0788580831104,920.703977292818,-2.07885802143242,0.177747465697392,-11.6955705290988,1.34281708430633e-31,1.81870141923059e-29,"Negative_interaction"
"ENSG00000012660.16","ENSG00000012660","ELOVL5","protein_coding",0.764142097420482,7.43406563117729e-12,2.52746014693224,1.14129573507273e-118,1.76331804951176,1479.02547468799,1.76331800914368,0.150868288596551,11.687797518928,1.47153302386553e-31,1.97457931313512e-29,"Positive_interaction"
"ENSG00000143614.13","ENSG00000143614","GATAD2B","protein_coding",0.198048418676089,0.0114397526629213,1.3524046821123,2.6300395075741e-80,1.15435626343621,842.289287690939,1.15435625196064,0.0991362271315225,11.6441414542554,2.45784303245425e-31,3.26780378223184e-29,"Positive_interaction"
"ENSG00000137124.10","ENSG00000137124","ALDH1B1","protein_coding",-0.0185662542965364,0.90441385057229,-1.99699674691094,7.69211388734888e-50,-1.9784304926144,1162.86205139846,-1.97843045829237,0.170209882144837,-11.6234758720346,3.13131983695464e-31,4.12537155246788e-29,"Negative_interaction"
"ENSG00000132763.17","ENSG00000132763","MMACHC","protein_coding",-0.48267810547018,6.63715478358933e-05,-3.36850798759727,2.08521266324295e-50,-2.88582988212709,163.247528644266,-2.88582986093227,0.248389268820747,-11.6181744671702,3.33179423298689e-31,4.34994252472487e-29,"Negative_interaction"
"ENSG00000047634.17","ENSG00000047634","SCML1","protein_coding",-0.161583275429223,0.343619872357021,2.16892740915948,2.13652556150103e-47,2.3305106845887,327.928603709971,2.3305105887625,0.202702763972936,11.4971820960155,1.36292654325796e-30,1.76352959507985e-28,"Positive_interaction"
"ENSG00000127995.19","ENSG00000127995","CASD1","protein_coding",0.00187860679739486,0.995229404982587,-2.37442871254456,2.40434339408741e-42,-2.37630731934195,148.820120554829,-2.3763072612357,0.206729644056266,-11.4947581518059,1.40173060996337e-30,1.79768849553886e-28,"Negative_interaction"
"ENSG00000129757.17","ENSG00000129757","CDKN1C","protein_coding",1.18042023265034,2.42221260559158e-08,4.60390175226805,8.73479422557474e-93,3.42348151961771,199.854236723909,3.42348119978835,0.297865209687762,11.4933905956222,1.42410515967796e-30,1.8103624538643e-28,"Positive_interaction"
"ENSG00000164379.7","ENSG00000164379","FOXQ1","protein_coding",-0.306116527839279,0.000260697513276092,-1.66595627681863,4.23987565834099e-74,-1.35983974897935,696.343229389125,-1.35983973520889,0.118434879995399,-11.4817504375545,1.62947727364796e-30,2.05342475214836e-28,"Negative_interaction"
"ENSG00000153246.15","ENSG00000153246","PLA2R1","protein_coding",1.58376832341822,7.51734746407304e-45,-0.181238714007229,0.120793917752078,-1.76500703742545,521.115185843318,-1.76500699575436,0.154133452216274,-11.4511611228805,2.32016638753947e-30,2.89860786967432e-28,"Negative_interaction"
"ENSG00000104611.14","ENSG00000104611","SH2D4A","protein_coding",0.464359561688632,2.34180226807841e-07,-0.89000152336153,1.38027382780528e-25,-1.35436108505016,499.631181784197,-1.35436106614997,0.118315229856128,-11.4470560366309,2.43267568826144e-30,3.01319111746024e-28,"Negative_interaction"
"ENSG00000139289.16","ENSG00000139289","PHLDA1","protein_coding",-0.209784412008526,0.106110434213663,1.58204270029743,3.57178552305565e-45,1.79182711230596,3270.51158937769,1.79182706793078,0.156875525069505,11.4219669839314,3.24798441812018e-30,3.98896527011845e-28,"Positive_interaction"
"ENSG00000229953.2","ENSG00000229953","BCAN-AS2","lncRNA",-0.692768830636262,7.19831040406873e-10,-2.71573143293903,8.84526778627835e-79,-2.02296260230277,243.710555773853,-2.02296256842429,0.177487754233913,-11.3977585504756,4.2902277948048e-30,5.22360614636894e-28,"Negative_interaction"
"ENSG00000178719.19","ENSG00000178719","GRINA","protein_coding",0.386039990433641,5.14008518368521e-05,1.77192642439337,4.4718904974266e-96,1.38588643395973,1744.73023213229,1.38588641236653,0.121600469984697,11.3970481573052,4.32537080847552e-30,5.22360614636894e-28,"Positive_interaction"
"ENSG00000116874.14","ENSG00000116874","WARS2","protein_coding",-0.20394010477153,0.0414021113069722,1.18509484698402,4.86451180636122e-43,1.38903495175555,417.782023191819,1.38903493083282,0.12194121978143,11.3910204713595,4.63528970983228e-30,5.5516213615611e-28,"Positive_interaction"
"ENSG00000130768.17","ENSG00000130768","SMPDL3B","protein_coding",0.53917890047132,0.00290639990932957,-1.82323918242135,1.0704118950236e-44,-2.36241808289267,129.320507032836,-2.36241798450576,0.207587164596153,-11.380366358882,5.23792274109703e-30,6.22196527573592e-28,"Negative_interaction"
"ENSG00000198001.18","ENSG00000198001","IRAK4","protein_coding",-0.141979859751377,0.178143069842778,-1.6552873277885,3.95023093607283e-61,-1.51330746803712,345.37292494994,-1.51330744476711,0.133002496909903,-11.3780378558775,5.37964875826515e-30,6.33836339876248e-28,"Negative_interaction"
"ENSG00000001630.20","ENSG00000001630","CYP51A1","protein_coding",0.658380526586411,2.04791439383577e-05,2.99445034232801,9.98958703121553e-88,2.3360698157416,179.097806003244,2.3360697099677,0.206185602834899,11.3299361247754,9.32727362178881e-30,1.09008749457229e-27,"Positive_interaction"
"ENSG00000132437.20","ENSG00000132437","DDC","protein_coding",0.275614082656679,0.022325152591276,-1.52874859057741,8.72294808560396e-37,-1.80436267323409,555.925111480458,-1.80436263214007,0.15961732944662,-11.3043028497948,1.24942498895947e-29,1.43703705873021e-27,"Negative_interaction"
"ENSG00000064393.18","ENSG00000064393","HIPK2","protein_coding",1.13910771427171,4.24114239934573e-19,-0.813134419473976,1.19162586900705e-10,-1.95224213374569,815.277702725796,-1.95224207521277,0.173229495536098,-11.269686315088,1.8522861963174e-29,2.11364815409699e-27,"Negative_interaction"
"ENSG00000120688.11","ENSG00000120688","WBP4","protein_coding",-0.246611630233976,0.0544021813566583,-2.0028934181962,6.78385126566749e-74,-1.75628178796222,282.996194882713,-1.75628174619108,0.15594153031546,-11.2624375471898,2.01117550893767e-29,2.27702777152537e-27,"Negative_interaction"
"ENSG00000241553.15","ENSG00000241553","ARPC4","protein_coding",-0.21977195610032,0.0619198245029593,-1.91593631031575,1.50091121260739e-65,-1.69616435421543,463.943916532793,-1.69616431933645,0.150638086087197,-11.2598637130495,2.07078715657658e-29,2.32634476535719e-27,"Negative_interaction"
"ENSG00000197782.17","ENSG00000197782","ZNF780A","protein_coding",-0.720112423815296,7.32815164042063e-06,-3.5171281904922,7.59302865946188e-68,-2.7970157666769,127.124293214173,-2.79701565391768,0.248557383919848,-11.2529976370351,2.23852465569245e-29,2.49543840848423e-27,"Negative_interaction"
"ENSG00000166734.22","ENSG00000166734","GOLM2","protein_coding",0.0968241440230462,0.289832198045433,-1.17933462777419,1.73686764782962e-42,-1.27615877179724,1000.88842747296,-1.27615875813232,0.113509935966986,-11.2427052950104,2.51553340874735e-29,2.78283283660814e-27,"Negative_interaction"
"ENSG00000114455.17","ENSG00000114455","HHLA2","protein_coding",2.70021892895971,1.41573088813426e-27,-0.743157972805647,0.000199550408813238,-3.44337690176536,79.0614582014385,-3.4433766144291,0.306577198445476,-11.2316787807085,2.85011180349905e-29,3.12907729214457e-27,"Negative_interaction"
"ENSG00000149474.16","ENSG00000149474","KAT14","protein_coding",-0.141381277062567,0.477982035108897,-2.78362812004001,3.86835465220191e-55,-2.64224684297744,165.860918336308,-2.64224670992395,0.23599841124532,-11.1960360071125,4.26388625798695e-29,4.64603305644714e-27,"Negative_interaction"
"ENSG00000198301.14","ENSG00000198301","SDAD1","protein_coding",-0.21066785480861,0.0448086879131021,-1.63866202810787,1.83987440646696e-74,-1.42799417329926,385.937788248421,-1.42799415041623,0.127643762787714,-11.1873398216186,4.70333150466477e-29,5.08661792280611e-27,"Negative_interaction"
"ENSG00000126522.19","ENSG00000126522","ASL","protein_coding",0.0349076706236358,0.873486580356358,-2.54946991851141,5.31821279688256e-49,-2.58437758913505,168.673298936451,-2.58437746036234,0.231660419859215,-11.1558869742743,6.70210835807747e-29,7.16867303341366e-27,"Negative_interaction"
"ENSG00000130707.20","ENSG00000130707","ASS1","protein_coding",0.261096377543193,0.00243139073035637,1.51132273781931,2.21296044723867e-76,1.25022636027612,5141.86070174822,1.25022634443474,0.112072122843633,11.1555515565552,6.72743260105063e-29,7.16867303341366e-27,"Positive_interaction"
"ENSG00000134909.19","ENSG00000134909","ARHGAP32","protein_coding",0.653464558559443,7.71509982950492e-15,-0.604773506161206,1.2021228362428e-13,-1.25823806472065,2023.20043744543,-1.25823804870528,0.112804704829737,-11.1541273974736,6.83601902799879e-29,7.23121078494587e-27,"Negative_interaction"
"ENSG00000068654.19","ENSG00000068654","POLR1A","protein_coding",0.0181220787254742,0.912862595156823,-1.80274313119227,4.16024629252802e-51,-1.82086520991774,1065.07952194433,-1.82086516357163,0.163420301323672,-11.1422213080198,7.81455610716114e-29,8.20641645688255e-27,"Negative_interaction"
"ENSG00000118855.23","ENSG00000118855","MFSD1","protein_coding",-0.476782953504369,0.000264000930018838,-2.42600448227467,1.1710874434359e-77,-1.9492215287703,268.094534314714,-1.94922147515945,0.175402984644967,-11.1128181718508,1.086746506306e-28,1.13243716750547e-26,"Negative_interaction"
"ENSG00000099194.8","ENSG00000099194","SCD","protein_coding",0.856078525472956,6.29489802061845e-17,2.39394149927851,5.3458459969615e-129,1.53786297380555,13519.9056196374,1.53786294432204,0.138393791115829,11.1122249916177,1.09399119135224e-28,1.13243716750547e-26,"Positive_interaction"
"ENSG00000152229.20","ENSG00000152229","PSTPIP2","protein_coding",-0.393579051301793,0.000267473605594103,1.36961056509851,9.39852327339791e-27,1.7631896164003,219.423493561611,1.76318956948968,0.159752241645261,11.0370255298511,2.53279216514267e-28,2.58487493360898e-26,"Positive_interaction"
"ENSG00000105514.10","ENSG00000105514","RAB3D","protein_coding",-0.857163313533932,3.192786697123e-25,0.341026064979534,8.73388510238947e-06,1.19818937851347,1001.63574075683,1.19818936428516,0.10862065669329,11.0309530503802,2.70978052089378e-28,2.74616358802745e-26,"Positive_interaction"
"ENSG00000079112.12","ENSG00000079112","CDH17","protein_coding",0.582098427834049,5.31801648299113e-13,-0.612572584850626,7.10220178430768e-15,-1.19467101268468,9632.29825983335,-1.19467099869592,0.108404558535838,-11.0204867288949,3.04408579669738e-28,3.06353412262073e-26,"Negative_interaction"
"ENSG00000132953.20","ENSG00000132953","XPO4","protein_coding",0.410436597778708,1.67311284817716e-05,-0.964423635827637,9.15824184735176e-27,-1.37486023360634,1551.83095069086,-1.37486021225508,0.124765950956929,-11.0195145527301,3.07714072530541e-28,3.07544299249145e-26,"Negative_interaction"
"ENSG00000196872.14","ENSG00000196872","CRACDL","protein_coding",-0.291538250957156,0.00682758806700544,-2.08174321913231,3.32259471215905e-55,-1.79020496817515,227.317848455163,-1.79020494110787,0.162730168164194,-11.0010636706376,3.77650730987378e-28,3.74857150237609e-26,"Negative_interaction"
"ENSG00000142546.16","ENSG00000142546","NOSIP","protein_coding",-0.473885494307984,4.06240068153549e-06,1.11266605600934,8.3975042870716e-24,1.58655155031732,371.381399772884,1.58655151622995,0.144413595127135,10.9861645285766,4.45456187361818e-28,4.39153133826358e-26,"Positive_interaction"
"ENSG00000259956.2","ENSG00000259956","RBM15B","protein_coding",-0.213758692767304,0.0723624238113284,-1.87568273224047,1.24948640120281e-62,-1.66192403947317,993.761272746138,-1.66192400517705,0.151289036495054,-10.9850921367417,4.50778396533176e-28,4.41397332605323e-26,"Negative_interaction"
"ENSG00000079691.21","ENSG00000079691","CARMIL1","protein_coding",-0.189946853637079,0.276951761718528,-2.41287821756368,6.02890050263465e-62,-2.2229313639266,375.047762076326,-2.22293127338265,0.203156865647678,-10.9419451136726,7.26248068014747e-28,7.06361543736222e-26,"Negative_interaction"
"ENSG00000009830.15","ENSG00000009830","POMT2","protein_coding",0.101162951069661,0.490373987678863,-1.88931794953107,5.34806864116144e-40,-1.99048090060073,138.573174564843,-1.99048084592536,0.182157501850915,-10.9272515581293,8.53957948475645e-28,8.25037239287269e-26,"Negative_interaction"
"ENSG00000175538.13","ENSG00000175538","KCNE3","protein_coding",-0.364738945540108,0.0453542158411504,-2.87676960902107,2.65344171818379e-65,-2.51203066348096,784.066620746239,-2.51203053605906,0.23036438898564,-10.9045957455501,1.09579247009776e-27,1.04475161030636e-25,"Negative_interaction"
"ENSG00000154358.24","ENSG00000154358","OBSCN","protein_coding",1.81506380937754,1.22413826234014e-33,-0.366550759041609,0.0118018665333444,-2.18161456841915,149.208936822248,-2.18161448278357,0.200337606429324,-10.8896902666809,1.29078513306546e-27,1.21467910054446e-25,"Negative_interaction"
"ENSG00000127463.18","ENSG00000127463","EMC1","protein_coding",-0.0132173283097128,0.906924351360521,-1.23613269910617,4.20129121628356e-51,-1.22291537079646,572.822825717434,-1.22291535611941,0.112325728314441,-10.8872239198487,1.32621393339951e-27,1.23996724663392e-25,"Negative_interaction"
"ENSG00000066279.21","ENSG00000066279","ASPM","protein_coding",-0.650409217222108,3.40886397627964e-07,-2.60994937432009,1.10729576800919e-80,-1.95954015709798,498.000554546916,-1.95954010653069,0.180175618643565,-10.8757229267916,1.50458296112527e-27,1.39771899183509e-25,"Negative_interaction"
"ENSG00000067064.14","ENSG00000067064","IDI1","protein_coding",1.66536166966714,4.16397522224567e-31,3.8096929857781,1.05406947977918e-158,2.14433131611096,1537.34759340842,2.14433123055282,0.197342923381135,10.8660153291203,1.67351174973897e-27,1.54474727880364e-25,"Positive_interaction"
"ENSG00000105939.16","ENSG00000105939","ZC3HAV1","protein_coding",0.15649029708667,0.121766015886899,1.47919983633513,2.96807242331394e-64,1.32270953924846,1109.34812746635,1.32270951935177,0.122049719442664,10.83746464467,2.28721964006963e-27,2.09787259644867e-25,"Positive_interaction"
"ENSG00000109572.18","ENSG00000109572","CLCN3","protein_coding",0.530223247113081,2.0265485675288e-08,-0.813217451178276,4.77686551704773e-20,-1.34344069829136,2087.60375244248,-1.34344067769818,0.124024354957888,-10.8320714762382,2.4260400105182e-27,2.21120577562451e-25,"Negative_interaction"
"ENSG00000180185.14","ENSG00000180185","FAHD1","protein_coding",-0.4524111228101,0.000251693720093171,-2.67435149234389,5.69986465299652e-53,-2.22194036953379,151.092014943702,-2.22194032857803,0.205752074854049,-10.7991150522014,3.47536914675347e-27,3.14781560467195e-25,"Negative_interaction"
"ENSG00000117519.18","ENSG00000117519","CNN3","protein_coding",-0.184929072226257,0.198794330122642,1.67365432420108,7.89071560370928e-41,1.85858339642734,1550.54042323014,1.85858334117073,0.172396866037643,10.7808418092989,4.23987683920205e-27,3.8164158480569e-25,"Positive_interaction"
"ENSG00000261373.1","ENSG00000261373","VPS9D1-AS1","lncRNA",-1.05940060092298,2.40604296951833e-10,-4.34958481326574,5.328480301399e-60,-3.29018421234276,109.590628533946,-3.29018409140659,0.305856214475194,-10.7572903073167,5.47565923416767e-27,4.89834898898506e-25,"Negative_interaction"
"ENSG00000197713.17","ENSG00000197713","RPE","protein_coding",-0.219235643579392,0.00595041551240402,-1.31275800010164,1.05454126292349e-71,-1.09352235652225,791.823944491345,-1.09352234561662,0.101722012741335,-10.750105273647,5.91940192304328e-27,5.26282040912535e-25,"Negative_interaction"
"ENSG00000159200.19","ENSG00000159200","RCAN1","protein_coding",1.31175795570759,9.01802063778555e-21,-0.619368797114855,4.99650240254367e-07,-1.93112675282245,342.406013387514,-1.93112669470116,0.179774874693965,-10.7419165107948,6.46873984048443e-27,5.71615718099393e-25,"Negative_interaction"
"ENSG00000181830.11","ENSG00000181830","SLC35C1","protein_coding",0.634151037735688,2.14990267236239e-10,-0.722929700037416,7.71155812770274e-17,-1.3570807377731,548.062096033195,-1.3570807168326,0.126672431157434,-10.7133075794998,8.81547970972411e-27,7.74266254262556e-25,"Negative_interaction"
"ENSG00000164764.13","ENSG00000164764","SBSPON","protein_coding",-0.360772375125146,0.152686597867988,-3.43081173663087,4.09549599551839e-70,-3.07003936150572,104.517122397703,-3.07003911232028,0.286855116238937,-10.7024031942421,9.91722489320735e-27,8.63197098183456e-25,"Negative_interaction"
"ENSG00000140265.16","ENSG00000140265","ZSCAN29","protein_coding",-0.277480987502201,0.0333496399505779,-2.1762152259515,1.81980475900242e-56,-1.8987342384493,378.386182395887,-1.89873419248999,0.177416572627637,-10.7021241836018,9.94713741351347e-27,8.63197098183456e-25,"Negative_interaction"
"ENSG00000085552.20","ENSG00000085552","IGSF9","protein_coding",1.2737931585731,3.54586533786226e-36,-0.185344614858597,0.0688145630345107,-1.4591377734317,438.968197313474,-1.45913774645777,0.136841042529769,-10.6630124959793,1.51605677666962e-26,1.30777945282715e-24,"Negative_interaction"
"ENSG00000197989.16","ENSG00000197989","SNHG12","lncRNA",-0.170042572113873,0.518241889991374,2.70376206868268,1.29044113014057e-53,2.87380464079655,160.680392211338,2.87380440786505,0.269535843898396,10.6620491222991,1.53184603553444e-26,1.31358063591509e-24,"Positive_interaction"
"ENSG00000120733.17","ENSG00000120733","KDM3B","protein_coding",-0.212653731807886,0.0123970466711323,-1.3640062873127,2.95005153658921e-68,-1.15135255550481,843.362013908744,-1.1513525425382,0.108079591795009,-10.652820975878,1.6915972658167e-26,1.43360395182547e-24,"Negative_interaction"
"ENSG00000083307.14","ENSG00000083307","GRHL2","protein_coding",-0.101193729018461,0.245754283584404,-1.24061006440252,3.33318349564134e-54,-1.13941633538406,768.709595974272,-1.13941632389532,0.107004380897995,-10.64831471696,1.77550231306195e-26,1.48731673531178e-24,"Negative_interaction"
"ENSG00000125733.20","ENSG00000125733","TRIP10","protein_coding",0.578358193922014,6.78636966870127e-05,2.59438436534313,5.79617048573788e-80,2.01602617142112,898.129348714084,2.01602609792717,0.190049174206919,10.6079182208505,2.73781033896283e-26,2.26721985327139e-24,"Positive_interaction"
"ENSG00000116350.20","ENSG00000116350","SRSF4","protein_coding",-0.0487110636490017,0.644066652858504,1.16361403314213,3.06892967677185e-44,1.21232509679113,1337.48939603712,1.21232508089453,0.11444377680043,10.5931935731954,3.20468326751611e-26,2.6238570572228e-24,"Positive_interaction"
"ENSG00000197183.16","ENSG00000197183","NOL4L","protein_coding",0.559161445772667,1.411685467069e-06,2.18481305032159,5.28298100562419e-86,1.62565160454892,1487.8832520134,1.62565156600029,0.153748433283125,10.5734512624703,3.95660369911131e-26,3.22129779817534e-24,"Positive_interaction"
"ENSG00000276644.6","ENSG00000276644","DACH1","protein_coding",-0.125877322035633,0.370859793728408,-1.9982510370733,1.45737861191877e-47,-1.87237371503767,523.174658374444,-1.8723736719804,0.177117317832745,-10.5713754865491,4.0451755143255e-26,3.27501025439135e-24,"Negative_interaction"
"ENSG00000117899.13","ENSG00000117899","MESD","protein_coding",-0.252445753287959,0.0134372893347152,-1.68860726208362,8.42885916216597e-61,-1.43616150879566,700.227709597699,-1.43616148653756,0.136035510728632,-10.5572543437019,4.70214542084617e-26,3.78574952438348e-24,"Negative_interaction"
"ENSG00000137312.17","ENSG00000137312","FLOT1","protein_coding",-0.104456880473971,0.371685883302644,1.27637094470456,1.08585915354624e-43,1.38082782517853,1499.95146499179,1.38082780077684,0.130951848376466,10.5445460900039,5.383216929673e-26,4.31014252733818e-24,"Positive_interaction"
"ENSG00000107438.11","ENSG00000107438","PDLIM1","protein_coding",-0.0765963928716706,0.557648180659214,1.45132794867282,2.48278597502072e-43,1.52792434154449,1279.02767156373,1.52792430938038,0.145083935888991,10.5313127881329,6.19642093235786e-26,4.93398528306209e-24,"Positive_interaction"
"ENSG00000092439.17","ENSG00000092439","TRPM7","protein_coding",0.293548826660011,9.99203104442625e-05,-0.763819787025564,6.52976196378556e-25,-1.05736861368557,958.245481700351,-1.05736860342325,0.100440998863554,-10.5272609331539,6.46894586835732e-26,5.1228395368434e-24,"Negative_interaction"
"ENSG00000156232.9","ENSG00000156232","WHAMM","protein_coding",0.261648775181605,0.0238005610206258,1.80782716413107,4.68549272674028e-64,1.54617838894946,251.575658639525,1.54617835474691,0.146958858348358,10.5211647132001,6.90151067027238e-26,5.43568981704279e-24,"Positive_interaction"
"ENSG00000163347.7","ENSG00000163347","CLDN1","protein_coding",-0.736131148135756,4.38623097230358e-10,-2.42798987254004,6.46269229397893e-94,-1.69185872440428,1140.98601235066,-1.69185868429317,0.161014207669293,-10.5075117828613,7.9770435833878e-26,6.24882787083546e-24,"Negative_interaction"
"ENSG00000113448.21","ENSG00000113448","PDE4D","protein_coding",0.358685554097785,0.00576874528999362,-1.48680403255684,1.28550763294068e-28,-1.84548958665463,150.825484849875,-1.84548953430354,0.175825468997396,-10.4961445280198,8.99805492927643e-26,7.01074258253086e-24,"Negative_interaction"
"ENSG00000163961.5","ENSG00000163961","RNF168","protein_coding",0.315208980721578,0.00181111795256603,1.64080070871848,5.019517498347e-77,1.3255917279969,478.149932262158,1.32559170550853,0.126396806358984,10.4875411309339,9.85599273328487e-26,7.63813083907831e-24,"Positive_interaction"
"ENSG00000173517.13","ENSG00000173517","PEAK1","protein_coding",0.712931814613524,3.13279002237714e-10,-0.784279630110504,6.49683559083432e-16,-1.49721144472403,301.72885958881,-1.49721141515549,0.142795686458285,-10.4849904943934,1.01255843292835e-25,7.80531745212638e-24,"Negative_interaction"
"ENSG00000081026.21","ENSG00000081026","MAGI3","protein_coding",0.345031225991544,0.000979437563043374,-1.20090104629229,1.44502082769425e-25,-1.54593227228383,476.743592757192,-1.54593224508489,0.147548059977154,-10.4774826949555,1.09622786895109e-25,8.4055736914493e-24,"Negative_interaction"
"ENSG00000083097.16","ENSG00000083097","DOP1A","protein_coding",-0.444980730977428,0.00276039671771162,-2.66153273353365,9.48081043566773e-58,-2.21655200255622,297.293462062741,-2.2165519310444,0.211639721575051,-10.47323212556,1.14659880478513e-25,8.74553151523482e-24,"Negative_interaction"
"ENSG00000176920.16","ENSG00000176920","FUT2","protein_coding",-0.0352939414979532,0.805560667115394,-1.7117601545368,2.75268736460579e-43,-1.67646621303885,192.691407008348,-1.67646617673156,0.160952337446539,-10.4159169312369,2.09766349361277e-25,1.5750953030796e-23,"Negative_interaction"
"ENSG00000090861.19","ENSG00000090861","AARS1","protein_coding",-0.0334036955918067,0.807048287693632,1.43980909671298,2.59838870379429e-45,1.47321279230479,5334.3077981711,1.47321276274219,0.141633930928981,10.4015524604828,2.43926248828087e-25,1.82215422578177e-23,"Positive_interaction"
"ENSG00000073417.17","ENSG00000073417","PDE8A","protein_coding",0.788788796465885,6.37183135378185e-12,-0.706812240164718,2.75243816395998e-13,-1.4956010366306,459.957370873947,-1.49560100803654,0.143848897883758,-10.3970279233221,2.55787054333628e-25,1.90095691866817e-23,"Negative_interaction"
"ENSG00000142166.17","ENSG00000142166","IFNAR1","protein_coding",0.0863755578269638,0.383660320611486,-1.14260962184937,4.2174808959745e-38,-1.22898517967633,501.633152890538,-1.22898516405725,0.118239031676594,-10.3940733159821,2.63839044146881e-25,1.95079358560031e-23,"Negative_interaction"
"ENSG00000108984.18","ENSG00000108984","MAP2K6","protein_coding",-0.979715097781085,2.74424712444198e-07,-3.81614432788669,3.5509364205349e-73,-2.8364292301056,300.665509142365,-2.83642906366472,0.273599940198898,-10.3670675571155,3.50103841368539e-25,2.57548470513344e-23,"Negative_interaction"
"ENSG00000101152.14","ENSG00000101152","DNAJC5","protein_coding",0.228676711722135,0.00918839501321349,-0.895155419565058,1.05415366071087e-31,-1.12383213128719,1447.43201675695,-1.1238321181419,0.108602441395899,-10.3481294130865,4.2674187545305e-25,3.12340568639677e-23,"Negative_interaction"
"ENSG00000151090.22","ENSG00000151090","THRB","protein_coding",2.12229249709728,1.05067701746628e-55,0.340103942481183,0.00412481413588501,-1.7821885546161,393.596776569517,-1.78218851131778,0.173079734004747,-10.2969219450551,7.27519981345229e-25,5.29304168591497e-23,"Negative_interaction"
"ENSG00000023330.17","ENSG00000023330","ALAS1","protein_coding",0.103983897672331,0.380573237120279,1.45541160610483,3.42386195316236e-57,1.3514277084325,869.696106002741,1.35142768382175,0.131354333913097,10.2884133592109,7.94751318198585e-25,5.7017505462049e-23,"Positive_interaction"
"ENSG00000085224.24","ENSG00000085224","ATRX","protein_coding",0.684112386528892,4.53915140741778e-10,-0.877479122848849,1.2854951451195e-14,-1.56159150937774,727.803881654503,-1.56159147535096,0.151778369543362,-10.2886299282904,7.9296605372525e-25,5.7017505462049e-23,"Negative_interaction"
"ENSG00000119326.17","ENSG00000119326","CTNNAL1","protein_coding",-0.108216091478821,0.318550306885033,1.17770809839021,2.1120049407719e-39,1.28592418986903,1197.01809841017,1.28592416964477,0.12514879070992,10.2751625672947,9.11905669384947e-25,6.51001820725451e-23,"Positive_interaction"
"ENSG00000103510.21","ENSG00000103510","KAT8","protein_coding",-0.107213974327708,0.193769819872429,0.958825285861899,3.70841045618389e-34,1.06603926018961,456.048660601192,1.06603924853704,0.103845474098225,10.2656303300103,1.00661421694878e-24,7.15090844706946e-23,"Positive_interaction"
"ENSG00000171219.11","ENSG00000171219","CDC42BPG","protein_coding",1.11516014330081,4.21721839724604e-11,-1.18786547376808,2.01106809979956e-13,-2.30302561706889,229.498967606215,-2.30302550106193,0.224441545276363,-10.261137251689,1.05457354330003e-24,7.4550633119532e-23,"Negative_interaction"
"ENSG00000184731.7","ENSG00000184731","FAM110C","protein_coding",0.0897845745608554,0.490554896590047,1.64552156870479,5.09641406779636e-48,1.55573699414393,402.706852389394,1.555736958329,0.151668589868486,10.2574762492221,1.09531958127688e-24,7.7055200834294e-23,"Positive_interaction"
"ENSG00000168763.18","ENSG00000168763","CNNM3","protein_coding",0.430954845876288,2.70989854263942e-07,-0.760734712391161,4.77205643510039e-18,-1.19168955826745,514.863284435551,-1.19168954331523,0.116195894458028,-10.2558661721537,1.11372954488645e-24,7.79718288139831e-23,"Negative_interaction"
"ENSG00000002834.21","ENSG00000002834","LASP1","protein_coding",0.0322633545566235,0.735675818142597,1.06331691403175,1.22173568220494e-48,1.03105355947513,4333.18445877948,1.03105354901771,0.100704758996909,10.2383795888868,1.33452701449732e-24,9.29806033369957e-23,"Positive_interaction"
"ENSG00000173918.17","ENSG00000173918","C1QTNF1","protein_coding",0.146206235543362,0.318899618238721,-1.71457478395313,6.54209337066393e-35,-1.86078101949649,170.326380644258,-1.86078096501307,0.181924475697836,-10.2283156671217,1.48072235005739e-24,1.02672862665223e-22,"Negative_interaction"
"ENSG00000189431.8","ENSG00000189431","RASSF10","protein_coding",-0.510242386013509,0.0492598431348679,-4.2150431141707,8.7109184840344e-49,-3.70480072815719,65.954832156319,-3.70480033402413,0.362366356049138,-10.2239081310345,1.54964385517473e-24,1.06940184519963e-22,"Negative_interaction"
"ENSG00000006756.18","ENSG00000006756","ARSD","protein_coding",0.234032756997087,0.125145646482386,-1.66985143918434,5.68375201253921e-35,-1.90388419618143,1185.96965070355,-1.9038841312013,0.186254610276531,-10.2219436521577,1.58137782270572e-24,1.08612926097873e-22,"Negative_interaction"
"ENSG00000165138.20","ENSG00000165138","ANKS6","protein_coding",0.16990891069882,0.0597607677266107,-0.98858390036987,2.0973142004974e-32,-1.15849281106869,758.353693739751,-1.15849279670996,0.113550489637511,-10.2024465099907,1.93339853995385e-24,1.31543716624466e-22,"Negative_interaction"
"ENSG00000163939.21","ENSG00000163939","PBRM1","protein_coding",-0.224930681528973,0.0447536374969295,-1.66732380626887,2.16736800761196e-58,-1.4423931247399,712.883623585131,-1.44239309736247,0.141506637366145,-10.193112663898,2.12838256451854e-24,1.44133271612162e-22,"Negative_interaction"
"ENSG00000175866.18","ENSG00000175866","BAIAP2","protein_coding",-0.105667173093088,0.449279058085101,1.50504826174541,1.05581177043307e-39,1.6107154348385,387.546986773376,1.61071539439193,0.158089595492385,10.1886236685925,2.22897420521128e-24,1.50243228753125e-22,"Positive_interaction"
"ENSG00000137801.13","ENSG00000137801","THBS1","protein_coding",2.12667771833568,2.34343722165456e-30,-0.510631027108341,0.00981668948670671,-2.63730874544402,1181.24671211593,-2.63730857141701,0.259554675019365,-10.1608979735011,2.96334435645381e-24,1.98818455619114e-22,"Negative_interaction"
"ENSG00000123191.20","ENSG00000123191","ATP7B","protein_coding",0.293692744282512,0.0179657660910467,-1.21449602187298,3.81414006510492e-33,-1.50818876615549,554.580100650256,-1.50818873375803,0.14850014905153,-10.1561428954168,3.1114301165353e-24,2.07791913589077e-22,"Negative_interaction"
"ENSG00000154640.17","ENSG00000154640","BTG3","protein_coding",-0.0626039133947452,0.752000882350714,1.86190805590477,3.49055997719491e-53,1.92451196929952,424.556300284775,1.92451188731746,0.189647028422029,10.1478620747738,3.38701820528666e-24,2.25159026747772e-22,"Positive_interaction"
"ENSG00000155850.11","ENSG00000155850","SLC26A2","protein_coding",1.41263270135847,3.01880672787127e-12,-1.76628482681476,3.92830681545203e-12,-3.17891752817323,133.38794259951,-3.17891726670463,0.313505061349551,-10.1399232695647,3.67388040686225e-24,2.43113583818483e-22,"Negative_interaction"
"ENSG00000084112.17","ENSG00000084112","SSH1","protein_coding",0.499926707810338,1.70150171627855e-09,-0.63136428812298,1.12118321597749e-14,-1.13129099593332,639.476594748213,-1.13129098196966,0.111610778097373,-10.1360370499584,3.82295263293023e-24,2.51828316165568e-22,"Negative_interaction"
"ENSG00000177570.17","ENSG00000177570","SAMD12","protein_coding",-0.0653453023383124,0.683722525261145,-1.783533674496,6.30422865409422e-49,-1.71818837215769,219.874679651329,-1.71818832387256,0.1696284233177,-10.1291298372474,4.10284231812216e-24,2.69042492643558e-22,"Negative_interaction"
"ENSG00000159423.19","ENSG00000159423","ALDH4A1","protein_coding",0.287053724047565,0.00284015359601307,-1.31095464799257,2.1658270425986e-22,-1.59800837204014,276.820360629138,-1.59800835469808,0.158005710509337,-10.1136113976314,4.80786215312005e-24,3.13853776229801e-22,"Negative_interaction"
"ENSG00000174485.18","ENSG00000174485","DENND4A","protein_coding",-0.241087954724277,0.119313570315314,-2.23169074926231,2.7206597073375e-51,-1.99060279453803,358.454504024002,-1.99060272631098,0.197010571267973,-10.1040401715468,5.30121223551288e-24,3.44507478551806e-22,"Negative_interaction"
"ENSG00000182180.16","ENSG00000182180","MRPS16","protein_coding",-0.552160178354111,1.72182723690405e-07,-2.00448074567464,4.42840294831412e-79,-1.45232056732053,907.571521135271,-1.452320540542,0.144050131992524,-10.0820493563822,6.63280500899741e-24,4.29118795492815e-22,"Negative_interaction"
"ENSG00000106541.14","ENSG00000106541","AGR2","protein_coding",-1.69877764481752,7.21870739240897e-24,-3.86646045076193,4.96819549317513e-161,-2.16768280594441,1291.7001126553,-2.16768270545861,0.215172859078314,-10.0741455718152,7.18828361210846e-24,4.62989360474115e-22,"Negative_interaction"
"ENSG00000196814.17","ENSG00000196814","MVB12B","protein_coding",0.0636119993530333,0.476717363808534,-1.03225372830966,1.2052118341535e-34,-1.09586572766269,452.903222648442,-1.09586571716101,0.108894841920218,-10.0635227329124,8.00804926847001e-24,5.13507300879059e-22,"Negative_interaction"
"ENSG00000125637.18","ENSG00000125637","PSD4","protein_coding",0.161011406539385,0.365727240976135,-1.96878587719683,8.03432640805376e-36,-2.12979728373621,620.753216155315,-2.12979719558785,0.211686854528353,-10.0610744126419,8.20974329306803e-24,5.24121585035867e-22,"Negative_interaction"
"ENSG00000154153.16","ENSG00000154153","RETREG1","protein_coding",1.26487268509964,6.11883246278955e-11,-1.36699496819008,1.240325269138e-12,-2.63186765328972,220.253603563283,-2.63186747387997,0.2618730419888,-10.0501657363896,9.17130442931804e-24,5.82940981533671e-22,"Negative_interaction"
"ENSG00000235823.6","ENSG00000235823","OLMALINC","lncRNA",0.582497928032288,5.05498816756239e-06,2.27595483804403,6.29116440973552e-78,1.69345691001174,357.699106944062,1.69345686022761,0.168619961081761,10.0430390883941,9.8588948435588e-24,6.23908751409843e-22,"Positive_interaction"
"ENSG00000159267.19","ENSG00000159267","HLCS","protein_coding",-0.649368554352892,1.76765510894878e-08,-2.27154809059192,2.50704333365552e-77,-1.62217953623903,375.032117014542,-1.62217950175111,0.161708733952955,-10.031489716709,1.10831622174663e-23,6.98335595024005e-22,"Negative_interaction"
"ENSG00000166189.8","ENSG00000166189","HPS6","protein_coding",-0.261417271675556,0.168769067814874,-3.00370828017328,1.21490608945122e-40,-2.74229100849772,186.079561689721,-2.74229088840295,0.273392986424785,-10.0305824383589,1.11854822951684e-23,7.01731642517662e-22,"Negative_interaction"
"ENSG00000240184.8","ENSG00000240184","PCDHGC3","protein_coding",1.52911021964157,2.4450141623176e-25,-0.526476335618641,0.000671278119311186,-2.05558655526021,116.366295571371,-2.05558646900177,0.204956790225523,-10.0293650517259,1.13242465970038e-23,7.07374921050771e-22,"Negative_interaction"
"ENSG00000129255.18","ENSG00000129255","MPDU1","protein_coding",-0.133603376221826,0.242258719287354,-1.51892888291951,6.48124842809035e-50,-1.38532550669768,390.0613430425,-1.38532548222098,0.138363153327301,-10.012242774953,1.34664491445323e-23,8.37578459238467e-22,"Negative_interaction"
"ENSG00000141854.11","ENSG00000141854","MISP3","protein_coding",-0.562268807879629,0.00884525350986182,2.32144728086352,3.33977377261178e-26,2.88371608874315,163.250625021247,2.88371584854249,0.288401274949669,9.99897052828822,1.539895174092e-23,9.53682088159883e-22,"Positive_interaction"
"ENSG00000164111.17","ENSG00000164111","ANXA5","protein_coding",-0.22295901508916,0.0277213264841455,1.01842957342291,4.43232230039601e-31,1.24138858851207,1318.52767735196,1.24138856902426,0.124233032093358,9.99241947255527,1.64516318701185e-23,1.01024173331253e-21,"Positive_interaction"
"ENSG00000220205.12","ENSG00000220205","VAMP2","protein_coding",-0.166781785568115,0.249084433687283,1.41880319602239,2.68103389491147e-41,1.5855849815905,257.215881979811,1.58558493823291,0.158676770943651,9.99254603432771,1.64306350629623e-23,1.01024173331253e-21,"Positive_interaction"
"ENSG00000148334.18","ENSG00000148334","PTGES2","protein_coding",0.300870306114849,0.00248209948558397,-1.00691087078833,4.85243814217785e-25,-1.30778117690318,752.805915817952,-1.30778115563802,0.131206336711331,-9.96736276934015,2.11777373841563e-23,1.28952844609745e-21,"Negative_interaction"
"ENSG00000159792.11","ENSG00000159792","PSKH1","protein_coding",-0.182480882692114,0.316653531644044,-2.47294754238444,5.99885049225057e-44,-2.29046665969233,265.350921202299,-2.29046656195121,0.229944482318968,-9.96095465675919,2.25883147608063e-23,1.36525430898791e-21,"Negative_interaction"
"ENSG00000012174.14","ENSG00000012174","MBTPS2","protein_coding",-0.157306366495535,0.217266104587974,-1.8135463692571,2.280945150478e-44,-1.65624000276157,326.207042934121,-1.65623996847042,0.166274793005752,-9.96086020334497,2.26097870657672e-23,1.36525430898791e-21,"Negative_interaction"
"ENSG00000164615.8","ENSG00000164615","CAMLG","protein_coding",0.658528506718153,1.7282694014022e-09,2.09702292417439,2.70047918339945e-92,1.43849441745624,802.282619729294,1.43849438627493,0.144509290489434,9.95433844705028,2.41423187959106e-23,1.45174474684787e-21,"Positive_interaction"
"ENSG00000159388.7","ENSG00000159388","BTG2","protein_coding",-0.359620762662852,0.00294837172622124,1.17508998305533,4.77736895762519e-26,1.53471074571818,367.892923725476,1.53471070904,0.154478856440179,9.93476223481953,2.93876199849954e-23,1.75985697860559e-21,"Positive_interaction"
"ENSG00000233016.10","ENSG00000233016","SNHG7","lncRNA",0.502306506576497,5.76419102599539e-08,1.75989964429973,8.85298920857509e-79,1.25759313772323,1106.54592867375,1.25759311755108,0.126593333928607,9.93411800229787,2.95781875444412e-23,1.76397981026355e-21,"Positive_interaction"
"ENSG00000117115.15","ENSG00000117115","PADI2","protein_coding",1.419972359818,8.86254592908868e-30,-0.482627321324101,0.00192665451931153,-1.9025996811421,462.536865492088,-1.9025996220277,0.191580748470126,-9.93105850781442,3.05000388580774e-23,1.81150230791499e-21,"Negative_interaction"
"ENSG00000228716.9","ENSG00000228716","DHFR","protein_coding",-0.838811423096577,6.80518093538782e-07,-3.63488313886845,5.90345406472207e-53,-2.79607171577187,159.005658649983,-2.79607161869184,0.281590126511021,-9.9295797524435,3.0955741970459e-23,1.83106372504446e-21,"Negative_interaction"
"ENSG00000196756.16","ENSG00000196756","SNHG17","lncRNA",-0.355521994037454,0.0133825768127551,1.41935424224698,8.0593280590345e-29,1.77487623628443,312.087161334375,1.77487617889297,0.179053024801013,9.91257299822465,3.67069031696634e-23,2.16242455583237e-21,"Positive_interaction"
"ENSG00000277972.4","ENSG00000277972","CISD3","protein_coding",0.12785842961945,0.26381693733189,-1.22001298650577,1.23862055721962e-34,-1.34787141612522,578.019077879141,-1.34787139194593,0.136028020680728,-9.90877750922747,3.8128278888626e-23,2.23001932439062e-21,"Negative_interaction"
"ENSG00000105011.11","ENSG00000105011","ASF1B","protein_coding",-0.3466167841196,0.000912130766506282,1.00740824606667,1.12115818796181e-23,1.35402503018627,708.235667467327,1.35402500471042,0.136894394342211,9.89101862948168,4.55370514433969e-23,2.63425544603118e-21,"Positive_interaction"
"ENSG00000156261.15","ENSG00000156261","CCT8","protein_coding",-0.0230716378272648,0.820562477419813,0.99329878677851,1.07927986154669e-42,1.01637042460577,1760.69234382639,1.01637041359834,0.102758907685414,9.89082539403645,4.56250425720277e-23,2.63425544603118e-21,"Positive_interaction"
"ENSG00000145386.13","ENSG00000145386","CCNA2","protein_coding",-0.189417573462238,0.178245743263313,1.48502301085958,1.48412999383268e-33,1.67444058432182,573.819197694271,1.67444053622375,0.1694503848143,9.88159771993884,5.00287920792486e-23,2.87705259846218e-21,"Positive_interaction"
"ENSG00000112514.20","ENSG00000112514","CUTA","protein_coding",-0.179599095243622,0.0722835242565767,0.993140666339554,2.32730571620384e-33,1.17273976158318,508.187233847242,1.17273974459479,0.118689040811743,9.8807753148407,5.04411154498807e-23,2.88929899248882e-21,"Positive_interaction"
"ENSG00000238227.10","ENSG00000238227","TMEM250","protein_coding",-0.36684566026427,0.00191849706143601,-1.95732151377072,6.71768227350578e-58,-1.59047585350645,755.422163748962,-1.59047582051206,0.160973455084618,-9.88036083139299,5.06501953777336e-23,2.88985287958313e-21,"Negative_interaction"
"ENSG00000114166.10","ENSG00000114166","KAT2B","protein_coding",0.736485623130808,1.64157092930429e-07,-1.18161071947527,6.93260673656627e-16,-1.91809634260608,220.436196287824,-1.91809627329733,0.194209963821132,-9.87640508014258,5.26892865266153e-23,2.98778078159425e-21,"Negative_interaction"
"ENSG00000070669.19","ENSG00000070669","ASNS","protein_coding",-1.10340974092622,2.03618756523638e-08,1.25921355999873,7.09516921508492e-16,2.36262330092495,88.3885062813921,2.36262316311963,0.239224213958391,9.87618738097546,5.28038347977828e-23,2.98778078159425e-21,"Positive_interaction"
"ENSG00000125247.18","ENSG00000125247","TMTC4","protein_coding",-0.0599394184095463,0.678528675329101,-1.5478122214356,3.77461294298753e-48,-1.48787280302605,314.863409341415,-1.48787276950189,0.150657785361968,-9.87584389301325,5.29850718237457e-23,2.98778078159425e-21,"Negative_interaction"
"ENSG00000196139.16","ENSG00000196139","AKR1C3","protein_coding",1.51438213442253,1.26888513637981e-47,2.92868224915684,8.1331372321691e-180,1.41430011473431,2014.71308407646,1.41430008443812,0.14343446875309,9.86025253715487,6.18935235047117e-23,3.47659280089256e-21,"Positive_interaction"
"ENSG00000100994.14","ENSG00000100994","PYGB","protein_coding",-0.368457486028075,2.41427522124317e-05,-1.48373966508374,1.53731464030672e-75,-1.11528217905567,2229.96521642588,-1.11528216480081,0.113207455951881,-9.8516670604705,6.74163572781066e-23,3.77219246978502e-21,"Negative_interaction"
"ENSG00000014164.9","ENSG00000014164","ZC3H3","protein_coding",0.114016750208447,0.404121313984773,1.58171193974358,5.10603088185236e-54,1.46769518953513,348.032728953348,1.46769515454779,0.14899985609503,9.85031256413906,6.83311410789321e-23,3.80867267890724e-21,"Positive_interaction"
"ENSG00000115112.10","ENSG00000115112","TFCP2L1","protein_coding",-0.636836362024581,5.99857793203239e-06,1.57654839053515,3.83015519672641e-17,2.21338475255973,683.210131609309,2.21338462022777,0.224829326831453,9.84473267531989,7.22309910433328e-23,4.01061885900375e-21,"Positive_interaction"
"ENSG00000128928.12","ENSG00000128928","IVD","protein_coding",-0.116993656051756,0.448057818685184,-1.88385204317254,1.47217128640443e-45,-1.76685838712078,630.952870766701,-1.76685833445339,0.17952245500503,-9.84199071032023,7.42273315309288e-23,4.10573468910771e-21,"Negative_interaction"
"ENSG00000188895.14","ENSG00000188895","MSL1","protein_coding",0.698685644035854,4.48487868256441e-12,2.0276283823617,2.6703177638438e-97,1.32894273832585,2162.30657043708,1.3289427138011,0.13511023601539,9.83598839727975,7.87900864819525e-23,4.3415434726101e-21,"Positive_interaction"
"ENSG00000143590.16","ENSG00000143590","EFNA3","protein_coding",-0.422219879769992,0.0134134286283687,1.77903366595529,2.74890234394456e-26,2.20125354572528,255.128175146733,2.20125343478384,0.224154084775321,9.82026911082283,9.2097357392652e-23,5.03650906918609e-21,"Positive_interaction"
"ENSG00000162430.19","ENSG00000162430","SELENON","protein_coding",1.04969711222403,5.57541679126486e-12,-0.779958252149536,1.34191917274551e-10,-1.82965536437357,414.424479363011,-1.82965531149121,0.186354863476416,-9.81812482571868,9.40771766204246e-23,5.12543775783155e-21,"Negative_interaction"
"ENSG00000183605.19","ENSG00000183605","SFXN4","protein_coding",-0.124567926153831,0.22396148178427,-1.42710723603602,3.1681648663105e-43,-1.30253930988219,283.206059650281,-1.3025392924045,0.132908888549105,-9.80024215553696,1.12316059675285e-22,6.09619601803084e-21,"Negative_interaction"
"ENSG00000126878.15","ENSG00000126878","AIF1L","protein_coding",-0.961172576846007,9.14738855024605e-07,1.08628408612443,2.36546577955762e-25,2.04745666297044,285.344532617151,2.04745654798255,0.209020776162939,9.79546907043579,1.17749602297246e-22,6.36726580780481e-21,"Positive_interaction"
"ENSG00000137285.12","ENSG00000137285","TUBB2B","protein_coding",-1.05720420291959,8.12864767156362e-05,2.03739721863986,7.24340410268066e-24,3.09460142155945,157.558469234934,3.09460109206886,0.316557231952328,9.77580285556357,1.43018864456574e-22,7.70494194685753e-21,"Positive_interaction"
"ENSG00000176022.7","ENSG00000176022","B3GALT6","protein_coding",-0.392725960009395,0.085443770242179,-3.60812162224537,2.68530686655146e-41,-3.21539566223597,273.473452915113,-3.2153954560282,0.329208221391261,-9.76705697822393,1.55915388466832e-22,8.36861410985675e-21,"Negative_interaction"
"ENSG00000123933.19","ENSG00000123933","MXD4","protein_coding",1.20201494305102,3.8926545610298e-34,-0.015121431877557,0.877369171206797,-1.21713637492858,297.637343650472,-1.21713635865551,0.124924317165103,-9.74298988600366,1.97651693115183e-22,1.05307659434751e-20,"Negative_interaction"
"ENSG00000134698.13","ENSG00000134698","AGO4","protein_coding",0.367496072430484,0.00178899361287627,-1.14872647537795,3.22180767990288e-23,-1.51622254780843,309.930192928994,-1.51622251259549,0.155718518048783,-9.7369441450791,2.09767535255892e-22,1.11353520913128e-20,"Negative_interaction"
"ENSG00000105607.16","ENSG00000105607","GCDH","protein_coding",0.0289115919447551,0.894763051205769,-2.09915227915987,1.35599096657566e-39,-2.12806387110462,130.05124737315,-2.12806377347139,0.218749562357122,-9.72831099884529,2.28352927704007e-22,1.20777030229433e-20,"Negative_interaction"
"ENSG00000213977.10","ENSG00000213977","TAX1BP3","protein_coding",0.336343086192414,0.0121707455615202,-1.4473484471199,1.84218202941029e-24,-1.78369153331231,141.657566583449,-1.78369148014076,0.18344770087485,-9.72316072447053,2.40207101209655e-22,1.26584774935648e-20,"Negative_interaction"
"ENSG00000183828.17","ENSG00000183828","NUDT14","protein_coding",0.0740841567958246,0.652803124766843,-1.75658859945265,4.95094816590164e-34,-1.83067275624847,149.33806454567,-1.83067269937646,0.188575998239297,-9.70787754788071,2.79087916517195e-22,1.46541379933594e-20,"Negative_interaction"
"ENSG00000159210.12","ENSG00000159210","SNF8","protein_coding",-0.148124606769316,0.189768677111867,-1.51335218493778,3.7928147702336e-46,-1.36522757816846,400.732741343397,-1.36522755436929,0.141176646071236,-9.67034982315996,4.02998157653465e-22,2.10080910097626e-20,"Negative_interaction"
"ENSG00000185838.16","ENSG00000185838","GNB1L","protein_coding",-0.0602335828049156,0.757611461700724,1.87196952388308,1.06086741744265e-40,1.932203106688,143.80567574738,1.93220302624057,0.200039799160844,9.65909301222085,4.49828754258952e-22,2.33652985903969e-20,"Positive_interaction"
"ENSG00000118194.24","ENSG00000118194","TNNT2","protein_coding",0.067698206200936,0.878655410075804,5.19345975451323,1.12892592627851e-32,5.12576154831229,44.0216636115446,5.12576006002468,0.531786383891468,9.63875762014771,5.48477443932381e-22,2.82866018415233e-20,"Positive_interaction"
"ENSG00000054219.13","ENSG00000054219","LY75","protein_coding",0.00800367445668229,0.942546053814342,-1.07453997104074,2.87722410712363e-35,-1.08254364549742,755.493433903639,-1.08254363520114,0.112327250628912,-9.63740881344518,5.55730325130396e-22,2.85590208219493e-20,"Negative_interaction"
"ENSG00000123983.17","ENSG00000123983","ACSL3","protein_coding",0.135966195423085,0.211849056646292,1.37601317942124,4.79315563126038e-50,1.24004698399815,2928.81142425253,1.24004696335876,0.128826064754844,9.62574589015483,6.22536089298553e-22,3.17668767820938e-20,"Positive_interaction"
"ENSG00000134982.21","ENSG00000134982","APC","protein_coding",-0.00124970609258892,0.997985830390164,-1.56869444694646,6.00694925221914e-40,-1.56744474085387,282.817995800836,-1.56744470068445,0.162901539252497,-9.62203738452661,6.4539936581043e-22,3.28179916116658e-20,"Negative_interaction"
"ENSG00000183826.21","ENSG00000183826","BTBD9","protein_coding",0.583937752211912,0.000349827615334867,-1.48463560954014,5.25784848559055e-21,-2.06857336175205,133.644478127033,-2.06857326779554,0.214991778094419,-9.62163895815158,6.47904591322279e-22,3.28301864945541e-20,"Negative_interaction"
"ENSG00000091127.16","ENSG00000091127","PUS7","protein_coding",-0.189559352626363,0.0373382622972837,-1.2840824773977,5.2341731645107e-55,-1.09452312477134,476.705360686963,-1.09452311122779,0.11377222968786,-9.62030114229698,6.56387118312775e-22,3.31441188801001e-20,"Negative_interaction"
"ENSG00000135334.11","ENSG00000135334","AKIRIN2","protein_coding",-0.223665916736743,0.00784678076249224,0.809809917462277,3.55035761190411e-25,1.03347583419902,1017.17279340565,1.0334758222507,0.107466519081839,9.61672371153731,6.79613728798151e-22,3.41977852699403e-20,"Positive_interaction"
"ENSG00000156515.27","ENSG00000156515","HK1","protein_coding",0.816694044666951,2.82915415073489e-20,1.99527989145839,7.50928923062307e-110,1.17858584679144,1239.81829590529,1.17858582902123,0.122567672528786,9.61579676520681,6.85763462485483e-22,3.43878342503101e-20,"Positive_interaction"
"ENSG00000164136.19","ENSG00000164136","IL15","protein_coding",-0.431137753240544,0.00527066594783773,1.8679426774281,5.88593309750588e-21,2.29908043066864,140.672979590605,2.29908029185201,0.239282392900407,9.60823010830105,7.38066989308072e-22,3.67562433300776e-20,"Positive_interaction"
"ENSG00000278291.1","ENSG00000278291","ENSG00000278291","lncRNA",0.0176792388993165,0.955056265323619,-2.77495524120501,7.42940998193862e-39,-2.79263448010433,363.525456582592,-2.79263424999908,0.291107863253448,-9.59312544425406,8.54563211897059e-22,4.2267338111987e-20,"Negative_interaction"
"ENSG00000069424.17","ENSG00000069424","KCNAB2","protein_coding",0.340071342662522,0.00207015007231693,-1.2410715672102,1.78019644293407e-20,-1.58114290987272,435.189305505185,-1.58114288372488,0.164836809779593,-9.59217110449459,8.62506386881257e-22,4.25151107438203e-20,"Negative_interaction"
"ENSG00000188690.18","ENSG00000188690","UROS","protein_coding",-0.41718314831715,0.0123492097086638,-2.9787372243925,8.83147746904045e-40,-2.56155407607535,164.107615232458,-2.56155399623913,0.267087229283762,-9.59070189581266,8.74877951463676e-22,4.29787500766495e-20,"Negative_interaction"
"ENSG00000070413.23","ENSG00000070413","DGCR2","protein_coding",0.842727012736495,2.67759833502848e-12,-0.712645471593684,1.96606166064787e-09,-1.55537248433018,1074.01332649182,-1.5553724435002,0.162261037986821,-9.58561872152285,9.19051244288915e-22,4.49962521359289e-20,"Negative_interaction"
"ENSG00000090621.17","ENSG00000090621","PABPC4","protein_coding",0.197765628080605,0.0812587073200131,1.54238705287923,1.14526830086142e-51,1.34462142479863,2616.78694131016,1.34462139826,0.140372115587583,9.57897793754521,9.80099941720689e-22,4.78235971562836e-20,"Positive_interaction"
"ENSG00000135392.21","ENSG00000135392","DNAJC14","protein_coding",0.284831391149551,0.0257385761762111,-1.24781811916838,4.37817547570093e-27,-1.53264951031793,301.558265034854,-1.53264947151116,0.160129640562815,-9.57130401419929,1.05565667056484e-21,5.1337504932301e-20,"Negative_interaction"
"ENSG00000145833.18","ENSG00000145833","DDX46","protein_coding",-0.233176890592192,0.0086342288826963,-1.34636712829489,7.02152920874064e-55,-1.1131902377027,542.814887255115,-1.11319022427294,0.116311180468796,-9.57079293483386,1.06088860848497e-21,5.14193903483753e-20,"Negative_interaction"
"ENSG00000117650.15","ENSG00000117650","NEK2","protein_coding",-0.103147093248662,0.545029170099448,1.70267928280768,7.37465413715847e-36,1.80582637605634,902.377812574585,1.80582631165624,0.188724799630827,9.56856923514399,1.08395296837297e-21,5.2362154725537e-20,"Positive_interaction"
"ENSG00000254166.5","ENSG00000254166","CASC19","lncRNA",-1.08665756297954,4.22123793723648e-14,-3.0629657999057,1.34093147950957e-84,-1.97630823692616,364.054009768,-1.9763081722861,0.206597866036539,-9.56596604892604,1.11158435321616e-21,5.35185396903938e-20,"Negative_interaction"
"ENSG00000183762.15","ENSG00000183762","KREMEN1","protein_coding",-0.232622136714499,0.0452636002095944,1.20386510985574,1.11995778613468e-26,1.43648724657024,568.999867060183,1.43648721365157,0.150213766187659,9.56295318404436,1.14443519460083e-21,5.49177312587921e-20,"Positive_interaction"
"ENSG00000124098.11","ENSG00000124098","FAM210B","protein_coding",0.375227731176236,0.000196815211097588,-0.849831130802872,6.76487422363993e-21,-1.22505886197911,305.097198051689,-1.22505884187755,0.128122219839206,-9.56164233975186,1.15902618524865e-21,5.54343481076682e-20,"Negative_interaction"
"ENSG00000174808.14","ENSG00000174808","BTC","protein_coding",-1.25693587228097,3.1970596854962e-05,-5.50307245221082,3.42554497701291e-55,-4.24613657992985,74.1847215223261,-4.24613594728625,0.444440831943617,-9.55388353657147,1.24923562882305e-21,5.91894069866574e-20,"Negative_interaction"
"ENSG00000113369.10","ENSG00000113369","ARRDC3","protein_coding",-1.86340211778428,4.12156033821025e-08,2.5004410498145,9.9472682899752e-14,4.36384316759878,200.514743058956,4.36384225614642,0.456734048775823,9.55444917637026,1.24243066976951e-21,5.91894069866574e-20,"Positive_interaction"
"ENSG00000183742.15","ENSG00000183742","MACC1","protein_coding",-0.232212783401136,0.00944948050390757,0.859005005538162,4.76094669874463e-25,1.0912177889393,1100.47194296195,1.09121777468632,0.11421774397395,9.55383758004541,1.24979012820295e-21,5.91894069866574e-20,"Positive_interaction"
"ENSG00000164880.18","ENSG00000164880","INTS1","protein_coding",-0.0692848553143975,0.558806259887523,-1.33667995232175,3.37353753405883e-43,-1.26739509700735,1117.82928943101,-1.26739507562939,0.132714646717192,-9.54977545417527,1.29977699067599e-21,6.12720044723629e-20,"Negative_interaction"
"ENSG00000141349.12","ENSG00000141349","G6PC3","protein_coding",-0.474756020465302,1.5514385599796e-06,-1.86702335573711,2.85568722872572e-59,-1.39226733527181,369.190281243202,-1.3922673170802,0.145793552044674,-9.54958088032306,1.30222035450509e-21,6.12720044723629e-20,"Negative_interaction"
"ENSG00000118961.17","ENSG00000118961","LDAH","protein_coding",-0.291137124349354,0.00651427367879993,-1.73870500871581,5.2798978229531e-48,-1.44756788436646,239.642096221201,-1.44756786114693,0.151741101943839,-9.53972155601381,1.43216319969747e-21,6.71679905825754e-20,"Negative_interaction"
"ENSG00000152795.20","ENSG00000152795","HNRNPDL","protein_coding",-0.719522223195439,9.2427378838535e-08,0.965572677310835,2.95551369673936e-14,1.68509490050627,1669.036146225,1.68509484773977,0.176740321705633,9.5342977283155,1.50903439134117e-21,7.05449238687622e-20,"Positive_interaction"
"ENSG00000151914.23","ENSG00000151914","DST","protein_coding",0.97460793817198,5.79651834013573e-12,-0.778902168866602,2.44203859522991e-09,-1.75351010703858,419.318196097426,-1.75351004835737,0.184455765963841,-9.506398670677,1.97377473968606e-21,9.13864010464229e-20,"Negative_interaction"
"ENSG00000135046.17","ENSG00000135046","ANXA1","protein_coding",-1.4373208370208,7.73120432303996e-24,0.390430706040955,0.00580461071412995,1.82775154306175,3076.78950555687,1.8277514753428,0.192293967082988,9.50498605374345,2.00074819788567e-21,9.23402639610161e-20,"Positive_interaction"
"ENSG00000171735.22","ENSG00000171735","CAMTA1","protein_coding",0.0224770208519875,0.912371312071561,1.70610480012311,2.94620232662453e-53,1.68362777927112,305.768023192413,1.68362771451168,0.177176244647372,9.50255897940801,2.04794650638731e-21,9.3920382185332e-20,"Positive_interaction"
"ENSG00000179335.22","ENSG00000179335","CLK3","protein_coding",0.362053309854637,0.0167509550572733,2.16374782148979,4.16094793126021e-57,1.80169451163515,691.324153845509,1.80169444574091,0.189720057782131,9.49659443921279,2.1686673765587e-21,9.88312189342413e-20,"Positive_interaction"
"ENSG00000189319.16","ENSG00000189319","FAM53B","protein_coding",0.481291717434001,3.0653443861502e-10,-0.584455928035885,4.01737494897099e-11,-1.06574764546989,423.458068435257,-1.06574763416719,0.11232871250188,-9.48775794211437,2.36056683818515e-21,1.07239293476424e-19,"Negative_interaction"
"ENSG00000189057.13","ENSG00000189057","FAM111B","protein_coding",-1.04066041152675,2.2514905619709e-05,-4.49528089562576,2.70436143919288e-54,-3.45462048409901,347.430480712497,-3.45462018370387,0.36430223933616,-9.48284092351164,2.47452540491114e-21,1.12065069274913e-19,"Negative_interaction"
"ENSG00000186174.15","ENSG00000186174","BCL9L","protein_coding",0.551654333305247,1.00301468671857e-07,1.83742472304526,3.6450932150429e-81,1.28577038974001,1878.18712641987,1.28577036540468,0.135595838287117,9.48237336519228,2.4856409667326e-21,1.12217784703704e-19,"Positive_interaction"
"ENSG00000036257.16","ENSG00000036257","CUL3","protein_coding",0.059402742354754,0.540488360437165,1.06984177316921,2.280945150478e-44,1.01043903081446,2517.59166134005,1.01043901920732,0.106886695841981,9.45336565273872,3.28107389204694e-21,1.46757169270198e-19,"Positive_interaction"
"ENSG00000139209.18","ENSG00000139209","SLC38A4","protein_coding",-0.0496877574376066,0.841114419958746,-3.05453466094463,3.89389104925833e-30,-3.00484690350702,636.989943226142,-3.0048468095809,0.318453397491717,-9.43575051561214,3.88205021581752e-21,1.73103605315777e-19,"Negative_interaction"
"ENSG00000255717.10","ENSG00000255717","SNHG1","lncRNA",-0.35720337608876,0.0239208659278822,1.46802267463095,6.42080227565796e-27,1.82522605071971,1644.30332192963,1.82522598016441,0.1938017619581,9.418005087895,4.59739420964149e-21,2.03747513413225e-19,"Positive_interaction"
"ENSG00000124608.7","ENSG00000124608","AARS2","protein_coding",-0.320612969987977,0.0252963530295431,-2.18381689136486,2.8477837320918e-45,-1.86320392137688,207.476412090242,-1.86320386642886,0.197936930981223,-9.4131189020285,4.81628894777092e-21,2.12797742167976e-19,"Negative_interaction"
"ENSG00000169174.15","ENSG00000169174","PCSK9","protein_coding",1.19906611714353,2.73736414498051e-19,2.92708297015847,1.32448117306474e-105,1.72801685301494,1874.14756907732,1.72801679444046,0.184044115432579,9.38914450146323,6.04895586315801e-21,2.64040567376162e-19,"Positive_interaction"
"ENSG00000132823.13","ENSG00000132823","OSER1","protein_coding",0.615787717907026,3.76419707785292e-05,2.43054259158042,1.68455858228547e-69,1.81475487367339,1065.30787164541,1.81475480405571,0.19352883532773,9.3771804133608,6.77604955032451e-21,2.94007515219469e-19,"Positive_interaction"
"ENSG00000204590.15","ENSG00000204590","GNL1","protein_coding",-0.0631620643475948,0.689857508932933,1.45281541466443,4.85865696119927e-39,1.51597747901202,765.533888612572,1.51597743651685,0.161697140786048,9.3754127571293,6.89056303597989e-21,2.98083700052002e-19,"Positive_interaction"
"ENSG00000131149.21","ENSG00000131149","GSE1","protein_coding",-0.252448153018518,0.00930597899888765,0.927493432193537,2.18541867900849e-23,1.17994158521205,2216.5465520635,1.17994156595358,0.125963621534839,9.36732011652455,7.43974681778535e-21,3.20883365724242e-19,"Positive_interaction"
"ENSG00000147124.15","ENSG00000147124","ZNF41","protein_coding",-0.138204128213948,0.439663055431354,-2.48119947064572,2.03772293179707e-32,-2.34299534243177,112.29271165648,-2.34299525855487,0.250326777640612,-9.35974681030191,7.99279935064076e-21,3.43714089583044e-19,"Negative_interaction"
"ENSG00000196843.20","ENSG00000196843","ARID5A","protein_coding",-1.52913117641109,5.99927068938796e-20,0.702025961815155,0.000132544388672519,2.23115713822625,306.755919428667,2.23115700391763,0.238399268943185,9.35890874920996,8.05644465891229e-21,3.45426023659636e-19,"Positive_interaction"
"ENSG00000163501.8","ENSG00000163501","IHH","protein_coding",1.02771680557297,2.80152554380644e-21,-0.375861768958462,0.000868598216704288,-1.40357857453143,1147.83451577392,-1.4035785434484,0.15004042531864,-9.35466918643845,8.38617351453966e-21,3.58502733252828e-19,"Negative_interaction"
"ENSG00000148300.14","ENSG00000148300","REXO4","protein_coding",0.144241536522481,0.175613312985546,-1.12252786542916,1.61080904833114e-27,-1.26676940195164,391.013413279817,-1.26676938176031,0.1354945145231,-9.34923001288255,8.82880990643813e-21,3.76315038717945e-19,"Negative_interaction"
"ENSG00000012048.28","ENSG00000012048","BRCA1","protein_coding",-1.14839643705041,4.46999156152655e-17,-2.93431317997575,1.48570335963855e-95,-1.78591674292534,554.067782711734,-1.78591668695869,0.191129394171138,-9.34401898098193,9.2745234488482e-21,3.94153647568059e-19,"Negative_interaction"
"ENSG00000205808.7","ENSG00000205808","PLPP6","protein_coding",-0.478478088999199,0.000301728399551105,-2.26686204295833,3.31401517171105e-51,-1.78838395395913,200.178612789922,-1.78838390817731,0.191442738300153,-9.34161266212874,9.4877831790985e-21,4.02037876700279e-19,"Negative_interaction"
"ENSG00000119285.13","ENSG00000119285","HEATR1","protein_coding",-0.0605256256863574,0.533340782931366,-1.09366251574321,9.16144790025634e-41,-1.03313689005685,1057.54905851856,-1.03313687837092,0.110760341122822,-9.32767873317832,1.08214853754975e-20,4.5721564449478e-19,"Negative_interaction"
"ENSG00000185049.18","ENSG00000185049","NELFA","protein_coding",0.261601205531343,0.0378813413488636,1.69940586914558,1.00522964732569e-54,1.43780466361424,513.421132591811,1.43780462823228,0.154205461298368,9.32395400348572,1.12083651993621e-20,4.72184966480104e-19,"Positive_interaction"
"ENSG00000176945.20","ENSG00000176945","MUC20","protein_coding",1.47806174923014,2.63841894947743e-39,-0.040152712787895,0.778427069356289,-1.51821446201803,217.018809776235,-1.51821442194295,0.162892055993789,-9.32037116654013,1.1593401972659e-20,4.86990090979056e-19,"Negative_interaction"
"ENSG00000102595.24","ENSG00000102595","UGGT2","protein_coding",0.157763112722174,0.135250860750965,-1.00843379219046,1.12095557360102e-29,-1.16619690491263,402.24353799906,-1.16619688658667,0.125523229119712,-9.29068583373093,1.53297314526118e-20,6.40226133173633e-19,"Negative_interaction"
"ENSG00000188352.15","ENSG00000188352","FOCAD","protein_coding",0.0316385054397756,0.837972979725026,-1.56168294757557,4.99593602895933e-32,-1.59332145301535,594.78665201836,-1.59332141710948,0.171739730003723,-9.27753535582555,1.73444055710034e-20,7.18157501528517e-19,"Negative_interaction"
"ENSG00000140464.22","ENSG00000140464","PML","protein_coding",0.407186265298013,0.0101673641192973,2.26702670889801,1.81386177045862e-55,1.8598404436,479.379837436487,1.8598403675013,0.200702804372421,9.26663866664368,1.9210449976075e-20,7.93156242317033e-19,"Positive_interaction"
"ENSG00000173530.8","ENSG00000173530","TNFRSF10D","protein_coding",0.744235105262101,1.19490108933411e-12,2.00131656563039,4.68692571473934e-101,1.25708146036829,659.486933842055,1.25708143424037,0.135669748992651,9.2657460014057,1.93718352626455e-20,7.97547263142781e-19,"Positive_interaction"
"ENSG00000101311.19","ENSG00000101311","FERMT1","protein_coding",-0.451627936317214,0.0109523456489104,-2.53965515708338,7.0082131455451e-55,-2.08802722076617,1244.98256350895,-2.08802711625911,0.225388689617022,-9.26411666799724,1.96698668997051e-20,8.07523260936336e-19,"Negative_interaction"
"ENSG00000149476.18","ENSG00000149476","TKFC","protein_coding",-0.48473143309723,6.95487147226883e-05,-2.02862430222412,6.2863203293711e-59,-1.54389286912689,415.112876312414,-1.54389283286962,0.166750467467079,-9.2587016775496,2.06933023692012e-20,8.47139372696225e-19,"Negative_interaction"
"ENSG00000135318.14","ENSG00000135318","NT5E","protein_coding",-0.0512116831524368,0.789033385417962,-1.85329480932564,6.09530741588206e-42,-1.8020831261732,529.406562676434,-1.80208305788994,0.194715924965872,-9.25493412110898,2.14362559068719e-20,8.75082311556023e-19,"Negative_interaction"
"ENSG00000167778.11","ENSG00000167778","SPRYD3","protein_coding",0.429885988040354,3.13888377007385e-05,-0.886185818338443,2.54307474051789e-16,-1.3160718063788,383.3430632333,-1.31607178195432,0.142315068448919,-9.24759265689918,2.29605500242556e-20,9.34674974582899e-19,"Negative_interaction"
"ENSG00000117318.11","ENSG00000117318","ID3","protein_coding",0.02634973173818,0.867231365308881,-1.53519571962393,5.0098637633459e-33,-1.56154545136211,426.204197143184,-1.56154541290118,0.169058122142265,-9.2367370056738,2.54128717117421e-20,1.03160598556461e-18,"Negative_interaction"
"ENSG00000204099.14","ENSG00000204099","NEU4","protein_coding",-0.466546692814436,0.00813268637109585,-3.9522751123369,1.10190243596521e-29,-3.48572841952246,252.456817569143,-3.48572849504416,0.377436541223835,-9.2352703417155,2.57634596720679e-20,1.04291636192069e-18,"Negative_interaction"
"ENSG00000165417.14","ENSG00000165417","GTF2A1","protein_coding",-0.330205276576099,0.00131279231723293,0.886733633670446,1.02203853450189e-20,1.21693891024655,641.701696245208,1.21693888909268,0.131811292014867,9.23243274905017,2.64553813236635e-20,1.06794257978421e-18,"Positive_interaction"
"ENSG00000177694.17","ENSG00000177694","NAALADL2","protein_coding",-0.153435714678356,0.149158218531934,-1.71280361973187,6.38442453213257e-32,-1.55936790505351,246.431241668736,-1.55936789535648,0.169155659960032,-9.21853809517771,3.01178240465168e-20,1.20905126338538e-18,"Negative_interaction"
"ENSG00000214654.10","ENSG00000214654","B3GALT9","protein_coding",-0.907445071796723,4.42423910823839e-06,-4.14395772639545,4.57655088206325e-42,-3.23651265459873,102.840939711565,-3.236512503561,0.351404927329362,-9.21020808717205,3.25493318986491e-20,1.30305225932382e-18,"Negative_interaction"
"ENSG00000085831.18","ENSG00000085831","TTC39A","protein_coding",0.775912339958248,3.63165694824059e-16,-0.438230068799525,9.9880325839498e-06,-1.21414240875777,410.443241325735,-1.21414238793308,0.13193627040661,-9.20249135579816,3.49745013689957e-20,1.39628229707847e-18,"Negative_interaction"
"ENSG00000163389.14","ENSG00000163389","POGLUT1","protein_coding",-0.98875067572578,0.000118405239032903,-4.48981154900746,1.77639783831921e-49,-3.50106087328168,182.449686617261,-3.50106051581997,0.38069765835076,-9.19643301980657,3.70029090977533e-20,1.47320373254022e-18,"Negative_interaction"
"ENSG00000242247.13","ENSG00000242247","ARFGAP3","protein_coding",0.0700382757233122,0.711022046955516,1.63373014784133,1.79887673367608e-65,1.56369187211802,387.690743812905,1.56369180468439,0.170248286642897,9.1847726371796,4.12397585985732e-20,1.63738789482335e-18,"Positive_interaction"
"ENSG00000129292.23","ENSG00000129292","PHF20L1","protein_coding",-0.684917905492946,1.77898247745837e-13,-1.80874492698857,2.57876753977781e-98,-1.12382702149562,411.879834012783,-1.1238270055953,0.122375157786584,-9.18345705061483,4.17469059021421e-20,1.65299497358973e-18,"Negative_interaction"
"ENSG00000143376.16","ENSG00000143376","SNX27","protein_coding",0.469432122041069,1.01687701370512e-05,1.74492214537226,1.11456904077354e-68,1.27549002333119,725.019537895703,1.2754899981296,0.139020581303943,9.17482854816273,4.52293635870292e-20,1.78600527821043e-18,"Positive_interaction"
"ENSG00000130254.15","ENSG00000130254","SAFB2","protein_coding",0.0463572718227835,0.6832783145594,1.12633172189973,3.53723846223897e-42,1.07997445007695,428.690225535208,1.07997443458906,0.117913715492471,9.15902302016784,5.23692725638563e-20,2.05673576692522e-18,"Positive_interaction"
"ENSG00000106615.12","ENSG00000106615","RHEB","protein_coding",0.281490636967462,0.0138552773319267,1.5943002145667,1.2484529459667e-54,1.31280957759924,1247.85616434943,1.3128095502318,0.143368038873304,9.15691921678549,5.34000207585016e-20,2.09154892116812e-18,"Positive_interaction"
"ENSG00000104524.16","ENSG00000104524","PYCR3","protein_coding",-0.929198731866448,5.18679612145468e-05,-4.21902514512613,2.86073938899917e-46,-3.28982641325968,91.5767888562403,-3.28982614384892,0.359387851713795,-9.15397147722409,5.48780641524146e-20,2.143646646083e-18,"Negative_interaction"
"ENSG00000116260.18","ENSG00000116260","QSOX1","protein_coding",0.961532195298034,1.57645527655544e-22,-0.257925504277211,0.00975540353768475,-1.21945769957525,2057.02688990497,-1.21945767772437,0.133840884751914,-9.11124937633776,8.14386523903468e-20,3.14722386784242e-18,"Negative_interaction"
"ENSG00000037474.17","ENSG00000037474","NSUN2","protein_coding",-0.224980780838149,0.0199741155968113,-1.30639167896694,3.42554497701291e-55,-1.08141089812879,931.132644588757,-1.08141088287612,0.118787599551126,-9.10373546533937,8.72771884623476e-20,3.36388567871368e-18,"Negative_interaction"
"ENSG00000156976.19","ENSG00000156976","EIF4A2","protein_coding",0.771116487715455,1.96307605517045e-09,2.32330012938541,1.88385469565815e-80,1.55218364166996,7975.56318897111,1.55218359627679,0.170698317155135,9.09313941780769,9.62197493101227e-20,3.69871779045702e-18,"Positive_interaction"
"ENSG00000178295.17","ENSG00000178295","GEN1","protein_coding",-0.843342978811105,3.42153386336348e-05,-3.53993351084872,6.25766154545075e-52,-2.69659053203762,218.41165891495,-2.6965903637016,0.296712451567565,-9.08822784300157,1.00666406281381e-19,3.85941153394119e-18,"Negative_interaction"
"ENSG00000155085.17","ENSG00000155085","AK9","protein_coding",-0.146193697922769,0.473162232208955,-2.68853586383572,6.35254566746503e-31,-2.54234216591295,68.1859764200453,-2.5423420353883,0.279870375361854,-9.08399837639558,1.0465784311747e-19,4.00185082442843e-18,"Negative_interaction"
"ENSG00000101412.15","ENSG00000101412","E2F1","protein_coding",-0.198804055719677,0.399530265334738,-2.9789926195067,3.61192908216807e-34,-2.78018856378702,286.702740233584,-2.78018839138976,0.306108873658311,-9.08235151161641,1.06253984924447e-19,4.05219144611864e-18,"Negative_interaction"
"ENSG00000120008.17","ENSG00000120008","WDR11","protein_coding",-0.275899487351939,0.0152119713582829,-1.61774518047596,2.30437244628219e-49,-1.34184569312402,338.071895490546,-1.34184566669339,0.147839519100615,-9.07636655514397,1.12259815116719e-19,4.2699980070118e-18,"Negative_interaction"
"ENSG00000125148.9","ENSG00000125148","MT2A","protein_coding",-0.735906758168591,0.142862426357068,5.2674742847526,1.59011108906801e-24,6.00338104292119,129.34108305229,6.00337841649434,0.661576349881279,9.07435463430889,1.14353151160542e-19,4.3382352529282e-18,"Positive_interaction"
"ENSG00000141012.15","ENSG00000141012","GALNS","protein_coding",0.893998993028529,1.50938409972952e-11,-0.616783130250563,5.89792735000891e-08,-1.51078212327909,250.377820518825,-1.51078208344117,0.166886086912186,-9.05277432885186,1.3938114602365e-19,5.27392054353715e-18,"Negative_interaction"
"ENSG00000196584.5","ENSG00000196584","XRCC2","protein_coding",-1.05863669130328,2.83430383456622e-12,-3.9233910960159,1.71349376324471e-42,-2.86475440471262,102.989718208099,-2.86475439001359,0.31668323311886,-9.04611956180949,1.48139237570163e-19,5.59071310121563e-18,"Negative_interaction"
"ENSG00000144724.20","ENSG00000144724","PTPRG","protein_coding",0.133970005428359,0.336157261409802,-1.314020406018,3.49074921640898e-30,-1.44799041144636,463.57329976759,-1.44799037448938,0.160246793141133,-9.03600219452816,1.62506429047739e-19,6.11699524612944e-18,"Negative_interaction"
"ENSG00000104133.18","ENSG00000104133","SPG11","protein_coding",-0.189206260980612,0.0653932104914099,-1.36109122191285,8.4974845004279e-46,-1.17188496093224,757.919176764061,-1.17188494276346,0.129832295533604,-9.02614359506678,1.77828155353091e-19,6.65913598805425e-18,"Negative_interaction"
"ENSG00000070404.12","ENSG00000070404","FSTL3","protein_coding",-0.210885327935616,0.0999108615759995,1.19011382321535,1.52050878353208e-26,1.40099915115097,435.1207147384,1.40099911716797,0.155439694994087,9.01313604109472,2.00246638855059e-19,7.46008814983938e-18,"Positive_interaction"
"ENSG00000064270.16","ENSG00000064270","ATP2C2","protein_coding",-0.667693315961386,1.87423663257687e-07,-2.3213849199943,1.46506020809797e-60,-1.65369160403291,670.60642273797,-1.65369156615531,0.183550229290904,-9.00947698373295,2.07041510079472e-19,7.67377382115526e-18,"Negative_interaction"
"ENSG00000053747.18","ENSG00000053747","LAMA3","protein_coding",0.969277027510648,3.63724627890069e-18,-0.395363034981305,0.000425696086880799,-1.36464006249195,594.488237217237,-1.36464003116196,0.151491967572397,-9.00800255637188,2.09843475604987e-19,7.75778481751905e-18,"Negative_interaction"
"ENSG00000164896.23","ENSG00000164896","FASTK","protein_coding",-0.199794764947517,0.0791778806219586,-1.54361516559819,8.39925524181989e-42,-1.34382040065067,373.590923044597,-1.34382037649243,0.149189496578583,-9.00747309502847,2.10858767108256e-19,7.76652283303788e-18,"Negative_interaction"
"ENSG00000100418.10","ENSG00000100418","DESI1","protein_coding",-0.164895673687976,0.171278630962547,-1.46298090033441,3.69676364576216e-45,-1.29808522664643,457.938347527293,-1.29808520028502,0.144176674355861,-9.00343419685943,2.1876513899831e-19,8.02618834016079e-18,"Negative_interaction"
"ENSG00000166889.16","ENSG00000166889","PATL1","protein_coding",0.335421936598818,0.00236417163094443,1.58200546435326,6.6205996457826e-59,1.24658352775444,1954.68148881294,1.24658350266978,0.138659200294327,8.99026894734507,2.4662617703672e-19,9.00278729878123e-18,"Positive_interaction"
"ENSG00000196670.15","ENSG00000196670","ZFP62","protein_coding",-0.480686495911291,0.00138102800234142,-2.32920167762474,3.27997132442672e-50,-1.84851518171345,255.179867863335,-1.848515117067,0.205649193167577,-8.98868159215534,2.50213782995418e-19,9.11079935469748e-18,"Negative_interaction"
"ENSG00000106351.15","ENSG00000106351","AGFG2","protein_coding",1.06812345464904,5.4135302596223e-06,-1.93299982630362,1.17003540358829e-13,-3.00112328095266,133.496442037163,-3.00112297820894,0.334726225613324,-8.96590332206549,3.0774786156781e-19,1.11497050246018e-17,"Negative_interaction"
"ENSG00000116455.15","ENSG00000116455","WDR77","protein_coding",-0.89443400723127,1.95070613478731e-13,-2.47358625668317,1.60044347270754e-74,-1.5791522494519,348.994637669513,-1.5791522148164,0.176457092555517,-8.94921361304633,3.5802373129603e-19,1.28746399849679e-17,"Negative_interaction"
"ENSG00000204610.16","ENSG00000204610","TRIM15","protein_coding",0.0898549513910466,0.562428515426236,1.50948786124961,3.96155615336301e-47,1.41963290985856,395.549570639198,1.41963286863839,0.15864787170963,8.94832595823735,3.60913944403705e-19,1.29464477284616e-17,"Positive_interaction"
"ENSG00000121690.13","ENSG00000121690","DEPDC7","protein_coding",-0.356408753481561,0.0031784635383104,1.05757764014551,1.35627522290294e-19,1.41398639362707,184.496622307528,1.41398635830922,0.158026870256199,8.94775904893141,3.62771856103208e-19,1.29809623176486e-17,"Positive_interaction"
"ENSG00000047849.24","ENSG00000047849","MAP4","protein_coding",-0.158658656653144,0.0986094821892456,0.876002638385933,2.5038361907756e-26,1.03466129503908,3327.85694773055,1.03466128098609,0.115723042247537,8.9408406562014,3.86220939853525e-19,1.3785994729944e-17,"Positive_interaction"
"ENSG00000075275.19","ENSG00000075275","CELSR1","protein_coding",-0.248689143201221,0.00194991218560411,-1.41181019151821,8.86959353562977e-38,-1.16312104831699,696.269823292613,-1.16312104831734,0.13020581421406,-8.9329424752504,4.14825391346646e-19,1.47706377675567e-17,"Negative_interaction"
"ENSG00000167112.12","ENSG00000167112","TRUB2","protein_coding",-0.207800561232615,0.130343924428601,-1.79967170973042,1.4808510832344e-39,-1.5918711484978,425.760678087535,-1.5918711085063,0.178358679656847,-8.92511153126373,4.45250339170686e-19,1.58151174393666e-17,"Negative_interaction"
"ENSG00000144043.14","ENSG00000144043","TEX261","protein_coding",-0.50694487088993,0.00325278246147151,-2.50553659622531,9.66579497015183e-53,-1.99859172533538,628.157364558665,-1.99859163013908,0.224070471284927,-8.91947796011765,4.68491294793344e-19,1.65506104403892e-17,"Negative_interaction"
"ENSG00000103089.11","ENSG00000103089","FA2H","protein_coding",0.504546553536245,0.00159578604656635,2.34296728593474,9.71343966735013e-56,1.8384207323985,358.628973106078,1.83842065257275,0.206230344088169,8.91440423426134,4.904459828963e-19,1.71679787056357e-17,"Positive_interaction"
"ENSG00000197408.12","ENSG00000197408","CYP2B6","protein_coding",0.381290074850984,0.0367626907244372,-1.65821072755652,2.11740579353833e-23,-2.0395008024075,1986.86331144781,-2.03950069732059,0.228777035554434,-8.91479641904584,4.88713303194118e-19,1.71679787056357e-17,"Negative_interaction"
"ENSG00000172269.22","ENSG00000172269","DPAGT1","protein_coding",-0.375010187454947,0.000642058469947013,-1.65595215840061,2.43123596358086e-56,-1.28094197094566,400.26095340419,-1.28094194625167,0.143702989019373,-8.91381560670938,4.93057945728729e-19,1.72178210831343e-17,"Negative_interaction"
"ENSG00000076924.14","ENSG00000076924","XAB2","protein_coding",0.557518367332783,4.1696008000694e-07,1.86182270138217,2.71824710012602e-69,1.30430433404939,785.684423606402,1.30430430579807,0.146368808346739,8.91108099143806,5.05373809576073e-19,1.76054741547511e-17,"Positive_interaction"
"ENSG00000137962.15","ENSG00000137962","ARHGAP29","protein_coding",1.24670671730444,2.62043988978836e-14,-0.614997669252667,2.16186619949723e-05,-1.86170438655711,607.272806951434,-1.86170431358417,0.208974437309565,-8.90876576844818,5.16038054148241e-19,1.79338692583125e-17,"Negative_interaction"
"ENSG00000125877.15","ENSG00000125877","ITPA","protein_coding",-0.579630578556082,2.69507637483071e-05,-2.33704670457065,1.54399021166592e-52,-1.75741612601457,151.493141876965,-1.75741607563525,0.197427133400998,-8.90159344037952,5.50505888608609e-19,1.90404089205632e-17,"Negative_interaction"
"ENSG00000148400.15","ENSG00000148400","NOTCH1","protein_coding",0.0231855451773984,0.901252511281334,1.69275925089353,2.09072142803058e-34,1.66957370571613,2708.27882328783,1.66957364575526,0.187860912427853,8.8872859403174,6.26197068503598e-19,2.16067807541765e-17,"Positive_interaction"
"ENSG00000165548.13","ENSG00000165548","TMEM63C","protein_coding",0.440722601297192,1.63740028484952e-06,-0.851066811175252,1.8345033553224e-12,-1.29178941247244,295.950616400082,-1.29178939589329,0.145510902101296,-8.87761244854371,6.83107662990789e-19,2.34587588911434e-17,"Negative_interaction"
"ENSG00000147155.13","ENSG00000147155","EBP","protein_coding",0.775936770501026,4.24262074076303e-09,2.36209315553927,3.13367229370459e-73,1.58615638503824,515.940933287159,1.58615633375113,0.178677680146204,8.8771934606116,6.85684818101576e-19,2.34915942882459e-17,"Positive_interaction"
"ENSG00000137075.19","ENSG00000137075","RNF38","protein_coding",0.422910327992291,0.000708989331303835,1.84286611263598,1.81689047594261e-58,1.41995578464369,902.91391697275,1.41995574754944,0.160030091494042,8.87305465048933,7.1166387377321e-19,2.43241341007579e-17,"Positive_interaction"
"ENSG00000107290.16","ENSG00000107290","SETX","protein_coding",-0.013138891048211,0.912529865134747,-1.06367470516698,4.37608174069745e-34,-1.05053581411877,898.53054466937,-1.05053580033086,0.11849477067136,-8.86567225185386,7.60438551017526e-19,2.59300599561082e-17,"Negative_interaction"
"ENSG00000147883.14","ENSG00000147883","CDKN2B","protein_coding",1.56559175464985,3.38414475260721e-11,-0.724896533485837,7.76457817312162e-08,-2.29048828813569,157.520837344432,-2.29048821758269,0.258595835295413,-8.85740566922163,8.18980635079484e-19,2.77954739193721e-17,"Negative_interaction"
"ENSG00000139618.19","ENSG00000139618","BRCA2","protein_coding",-0.807163635085476,1.64815206136119e-08,-2.5798214405164,2.05469221348296e-65,-1.77265780543092,348.120454034834,-1.77265774758811,0.200224030371686,-8.85337161727007,8.49143457534433e-19,2.87518387537126e-17,"Negative_interaction"
"ENSG00000147383.13","ENSG00000147383","NSDHL","protein_coding",0.606538133238407,9.61427854731302e-07,2.12188212064529,5.20614795817351e-61,1.51534398740688,292.254175537827,1.51534394267503,0.17131069153703,8.84558884841978,9.10469059725131e-19,3.07564513136051e-17,"Positive_interaction"
"ENSG00000136100.16","ENSG00000136100","VPS36","protein_coding",-0.799342687895553,6.43434924723356e-15,-2.07190479290757,6.11086655055226e-83,-1.27256210501202,603.320660026491,-1.27256208357773,0.14396473483176,-8.83940143441985,9.6232764575108e-19,3.24326796330806e-17,"Negative_interaction"
"ENSG00000128245.17","ENSG00000128245","YWHAH","protein_coding",-0.189238611714063,0.111015033666309,1.0589458740198,2.39321112960699e-26,1.24818448573386,1266.13377116345,1.24818446019732,0.14126041005049,8.83605293054995,9.91598114278122e-19,3.33416238332217e-17,"Positive_interaction"
"ENSG00000171793.19","ENSG00000171793","CTPS1","protein_coding",-0.578089654894189,3.30816669780547e-07,-2.01301510727406,1.20509557601126e-57,-1.43492545237987,557.503970251249,-1.43492542679971,0.162758248047351,-8.81629929060338,1.18304984169922e-18,3.96869405229285e-17,"Negative_interaction"
"ENSG00000088888.20","ENSG00000088888","MAVS","protein_coding",-0.198817574508335,0.052101005578317,-1.31573901116054,4.23988869019194e-47,-1.11692143665221,964.223496188874,-1.1169214190389,0.126718991961735,-8.81415959634657,1.20586175315602e-18,4.03587725790694e-17,"Negative_interaction"
"ENSG00000197217.15","ENSG00000197217","ENTPD4","protein_coding",0.555866047268845,5.45202012189349e-09,-0.526814574199866,1.22752114779869e-09,-1.08268062146871,435.819916350325,-1.08268060527512,0.12290994324991,-8.80873082069315,1.26570716288932e-18,4.22641202870783e-17,"Negative_interaction"
"ENSG00000178401.18","ENSG00000178401","DNAJC22","protein_coding",-0.00198107255702375,0.992110465335254,-1.12405326446234,8.01346212617451e-37,-1.12207219190532,396.518480146453,-1.1220721736949,0.127444486626597,-8.80439949499341,1.31555020371432e-18,4.3726957688596e-17,"Negative_interaction"
"ENSG00000157193.20","ENSG00000157193","LRP8","protein_coding",0.135776862327024,0.174430752244294,1.21374421339664,3.77501090025448e-41,1.07796735106962,339.411656319986,1.07796733484776,0.122558349809057,8.79554380853861,1.42356836121463e-18,4.72090450588614e-17,"Positive_interaction"
"ENSG00000178980.17","ENSG00000178980","SELENOW","protein_coding",0.445004064542581,0.000167001786711542,1.80844323228418,4.3227378746497e-58,1.3634391677416,450.578266604417,1.36343913453886,0.15502831077487,8.79477514606237,1.43334722956756e-18,4.74248129015823e-17,"Positive_interaction"
"ENSG00000152990.16","ENSG00000152990","ADGRA3","protein_coding",0.521092300412454,1.6544605729373e-06,-0.734008200154721,1.49437486478595e-12,-1.25510050056717,471.022554168448,-1.25510047495176,0.143014656794912,-8.77602689877878,1.69351339309349e-18,5.59052302795235e-17,"Negative_interaction"
"ENSG00000165233.20","ENSG00000165233","CARD19","protein_coding",-0.0914304618355586,0.523399834245937,1.30710881955335,9.55838777057532e-30,1.39853928138891,325.640636711131,1.39853924559073,0.159673237602124,8.75875798971164,1.97413450754655e-18,6.48733725246363e-17,"Positive_interaction"
"ENSG00000135916.17","ENSG00000135916","ITM2C","protein_coding",-0.230149079333517,0.0150759605649639,0.792738604544189,7.75737315073578e-22,1.02288768387771,3012.31974105922,1.02288766942261,0.116825331544797,8.75570097595129,2.02838837233441e-18,6.65054395743671e-17,"Positive_interaction"
"ENSG00000255774.3","ENSG00000255774","LINC02747","lncRNA",0.539480115136042,0.0183924687974284,-3.80003284498806,2.32599918669456e-16,-4.3395129601241,42.5119676158363,-4.33951252394119,0.496324950560879,-8.74328908719431,2.26420355559976e-18,7.40696115750604e-17,"Negative_interaction"
"ENSG00000177370.7","ENSG00000177370","TIMM22","protein_coding",0.0654283050296898,0.618385338654677,-1.305574121898,2.72194216999677e-26,-1.37100242692769,207.387833672739,-1.37100240058296,0.156842910001897,-8.74124562319315,2.30554149043941e-18,7.52520434221799e-17,"Negative_interaction"
"ENSG00000234745.16","ENSG00000234745","HLA-B","protein_coding",0.972933400030393,1.0458234053753e-13,2.51901687031578,3.4014456544202e-86,1.54608347028539,3197.88605660189,1.54608342179015,0.177089622229629,8.73051397549075,2.53517873797029e-18,8.25613713947537e-17,"Positive_interaction"
"ENSG00000143126.8","ENSG00000143126","CELSR2","protein_coding",0.733787134507765,1.28636324010795e-11,-0.675041540277582,1.55341063493231e-07,-1.40882867478535,442.605591596094,-1.408828645677,0.161393300082374,-8.72916437645145,2.56561112945016e-18,8.33651042331653e-17,"Negative_interaction"
"ENSG00000103485.21","ENSG00000103485","QPRT","protein_coding",1.2481277983778,1.74929603740385e-20,2.895484569001,3.96578460034142e-95,1.6473567706232,1901.21514979889,1.64735671173086,0.188895673846641,8.72098697754353,2.75787158022337e-18,8.94118007619622e-17,"Positive_interaction"
"ENSG00000105519.19","ENSG00000105519","CAPS","protein_coding",2.16435223883819,4.80390364083394e-22,-1.12275996932223,0.000513296747818387,-3.28711220816042,80.5197239209317,-3.28711181734933,0.377250991821953,-8.71332849643166,2.95079971199501e-18,9.52405109715629e-17,"Negative_interaction"
"ENSG00000130479.13","ENSG00000130479","MAP1S","protein_coding",-0.0163225291572355,0.912529865134747,1.2127107726026,5.69359853617002e-34,1.22903330175984,648.709580222102,1.22903327678012,0.141087623637242,8.71113457790002,3.00848230191323e-18,9.68865011540588e-17,"Positive_interaction"
"ENSG00000266028.10","ENSG00000266028","SRGAP2","protein_coding",-0.00861829016399147,0.968882610503374,1.61897000502569,9.56907157230183e-34,1.62758829518968,251.596882697687,1.62758823736871,0.186949743957388,8.70602014699572,3.147309250146e-18,1.00908862064416e-16,"Positive_interaction"
"ENSG00000179023.9","ENSG00000179023","KLHDC7A","protein_coding",0.696515077458179,0.000515865753391648,-3.13055624077221,2.19437522376929e-14,-3.82707131823039,50.6736615402508,-3.82707103658804,0.440060846663599,-8.69668607330934,3.41717108330867e-18,1.09319300969777e-16,"Negative_interaction"
"ENSG00000185504.19","ENSG00000185504","FAAP100","protein_coding",-0.0946392822709983,0.515726904721119,-1.66098071529413,8.47036214853686e-32,-1.56634143302313,188.771223288621,-1.56634139473974,0.180144058359211,-8.69493786809457,3.47019624651496e-18,1.10771110142059e-16,"Negative_interaction"
"ENSG00000141738.16","ENSG00000141738","GRB7","protein_coding",0.314274038576972,0.0106245124515143,1.66073320552141,1.33681958826949e-50,1.34645916694444,835.688493030237,1.34645913417551,0.154959096997154,8.68912610016202,3.65238077184916e-18,1.16330334386018e-16,"Positive_interaction"
"ENSG00000140632.19","ENSG00000140632","GLYR1","protein_coding",-0.138418868174747,0.231926547018041,-1.37048981372291,2.39029060797088e-38,-1.23207094554816,1022.39679987018,-1.23207092391044,0.141863575169191,-8.68489971749996,3.79076658987034e-18,1.2047322241316e-16,"Negative_interaction"
"ENSG00000158079.17","ENSG00000158079","PTPDC1","protein_coding",-0.0305501049816542,0.855067514352314,-1.64709198894119,3.68968804241832e-30,-1.61654188395954,169.006896003808,-1.61654183806733,0.186247152916504,-8.67955194349759,3.97330975512588e-18,1.25998260331038e-16,"Negative_interaction"
"ENSG00000129484.16","ENSG00000129484","PARP2","protein_coding",-0.562114800296007,9.77247746313395e-06,0.83002710349156,1.22378180062138e-13,1.39214190378757,224.923849837506,1.39214186760466,0.160553453192455,8.67089333753474,4.28743195641625e-18,1.35367023774258e-16,"Positive_interaction"
"ENSG00000108784.12","ENSG00000108784","NAGLU","protein_coding",0.880013041692929,5.93514596110054e-15,-0.491506791299521,4.68772778992517e-05,-1.37151983299245,216.758978564774,-1.37151979939504,0.158173526099965,-8.6709820107838,4.28409398505079e-18,1.35367023774258e-16,"Negative_interaction"
"ENSG00000186591.15","ENSG00000186591","UBE2H","protein_coding",0.238553694789058,0.01771187930616,1.31171329150229,2.67481464083745e-51,1.07315959671323,2464.97282827031,1.07315957932415,0.123826457747392,8.6666419991874,4.45051565448078e-18,1.40210593184208e-16,"Positive_interaction"
"ENSG00000114248.12","ENSG00000114248","LRRC31","protein_coding",-1.04254828357006,2.69497576568446e-05,-4.34895459399651,1.16768662787245e-44,-3.30640631042645,249.30256820362,-3.30640604049768,0.38154220717802,-8.66589849902236,4.47965926576131e-18,1.40822607547533e-16,"Negative_interaction"
"ENSG00000170604.5","ENSG00000170604","IRF2BP1","protein_coding",-0.00182159277964879,0.99668495243775,-1.70718709672648,7.3464301527524e-30,-1.70536550394683,445.76183691438,-1.70536544953386,0.196893756743412,-8.66134852491163,4.66215733019863e-18,1.45926531380645e-16,"Negative_interaction"
"ENSG00000079459.16","ENSG00000079459","FDFT1","protein_coding",1.2135826163034,1.30263556559665e-19,2.77508505422428,2.59799832711163e-103,1.56150243792088,5414.31422503536,1.56150238590601,0.180442321926384,8.6537480189546,4.98351736443834e-18,1.55648994925518e-16,"Positive_interaction"
"ENSG00000113494.19","ENSG00000113494","PRLR","protein_coding",0.601285606264978,0.0419604757437942,-2.76084349163721,1.09659010369142e-20,-3.36212909790219,63.1908157293804,-3.36212861955976,0.388906562823595,-8.64508069791767,5.37672850807782e-18,1.67209333774815e-16,"Negative_interaction"
"ENSG00000135414.10","ENSG00000135414","GDF11","protein_coding",0.867647016996762,1.00061210788242e-06,-1.12986896809494,9.91795600181003e-12,-1.9975159850917,251.161883259206,-1.99751587855729,0.231103198764538,-8.64339346766237,5.4567599816016e-18,1.6933483009287e-16,"Negative_interaction"
"ENSG00000151849.18","ENSG00000151849","CPAP","protein_coding",-0.0916777944748051,0.482747362105111,1.08830370452377,2.90489067404479e-33,1.17998149899858,305.773783360945,1.17998147475804,0.136584086366608,8.63923101254142,5.65926404732882e-18,1.75243706354464e-16,"Positive_interaction"
"ENSG00000103044.13","ENSG00000103044","HAS3","protein_coding",-1.06934873132599,1.53513297278604e-09,0.833328300808796,2.08248412689996e-08,1.90267703213479,165.441326502934,1.90267693820867,0.220300630481428,8.6367294276494,5.78451669294348e-18,1.78740332439524e-16,"Positive_interaction"
"ENSG00000226479.4","ENSG00000226479","TMEM185B","protein_coding",-0.375870931079513,0.0044674500568354,-1.86387377371361,6.0586602237968e-49,-1.4880028426341,727.782151284273,-1.48800280159989,0.172402870248056,-8.6309630428944,6.08375406019122e-18,1.87586731575088e-16,"Negative_interaction"
"ENSG00000204616.13","ENSG00000204616","TRIM31","protein_coding",1.8789877038904,1.86053696483011e-17,-0.648508714761744,0.00229487351601362,-2.52749641865214,1513.95279717077,-2.52749621074871,0.292911520028683,-8.62887267288501,6.19596199043471e-18,1.90640936656857e-16,"Negative_interaction"
"ENSG00000124429.20","ENSG00000124429","POF1B","protein_coding",-0.255498738374205,0.00896600137962318,-1.32392984071144,8.198895078414e-50,-1.06843110233724,3482.76102267607,-1.06843108606404,0.123931907568073,-8.62111386026373,6.63059381169102e-18,2.03581706608107e-16,"Negative_interaction"
"ENSG00000117707.19","ENSG00000117707","PROX1","protein_coding",-0.861744776648304,1.11391691204667e-06,1.77487069125703,1.9876382120449e-11,2.63661546790533,443.447942176215,2.63661516957143,0.305890932843936,8.61946166582394,6.72696164517307e-18,2.0610386503562e-16,"Positive_interaction"
"ENSG00000204392.13","ENSG00000204392","LSM2","protein_coding",-0.0143627419238027,0.932373242722522,1.23504372800906,5.26345654640631e-39,1.24940646993286,348.337938513422,1.24940643957037,0.144997754282018,8.61672958837901,6.88935788587345e-18,2.10634123379911e-16,"Positive_interaction"
"ENSG00000173638.21","ENSG00000173638","SLC19A1","protein_coding",-0.0921523315394869,0.698533479439319,-2.47381077014393,9.95332425902826e-31,-2.38165843860444,211.69741947037,-2.38165829203227,0.27665957167459,-8.60862422946855,7.39425985824585e-18,2.24649085672325e-16,"Negative_interaction"
"ENSG00000145506.16","ENSG00000145506","NKD2","protein_coding",-0.378957905044014,4.27775145355065e-05,0.698333164278164,9.86313671801494e-14,1.07729106932218,526.721589440262,1.07729105200866,0.125201487023576,8.60445892152859,7.66776062026448e-18,2.32471102319818e-16,"Positive_interaction"
"ENSG00000124216.5","ENSG00000124216","SNAI1","protein_coding",1.02062418567054,1.86761103877859e-06,3.53525042765123,2.76924643911154e-59,2.51462624198069,122.019113002012,2.51462601293974,0.292447240498293,8.59856297038447,8.07204422579056e-18,2.4370846858366e-16,"Positive_interaction"
"ENSG00000164885.15","ENSG00000164885","CDK5","protein_coding",0.0951209338873786,0.676984370048868,-2.04491275823586,1.09669094599354e-28,-2.14003369212324,120.993522787047,-2.14003356579094,0.249053951902619,-8.59265050581369,8.49857377275369e-18,2.56052663440221e-16,"Negative_interaction"
"ENSG00000250786.5","ENSG00000250786","SNHG18","lncRNA",1.27029106420831,6.18913613276129e-16,3.01312246087296,8.12632475927214e-105,1.74283139666465,349.154065637561,1.74283130891858,0.202851482131513,8.59166169556834,8.57204671662425e-18,2.57730500035931e-16,"Positive_interaction"
"ENSG00000165806.23","ENSG00000165806","CASP7","protein_coding",0.330502271532576,0.000334755386075267,1.39009481431329,3.90211003193233e-52,1.05959254278071,446.885860160528,1.05959252664842,0.123342341284963,8.59066331650381,8.64686666148247e-18,2.5944180467537e-16,"Positive_interaction"
"ENSG00000102870.8","ENSG00000102870","ZNF629","protein_coding",-0.728506459577504,0.000187448820636394,-3.12389227198238,1.05904605600816e-46,-2.39538581240488,384.324068763878,-2.39538568409566,0.278953798234914,-8.58703376420221,8.9243414139088e-18,2.66663001588384e-16,"Negative_interaction"
"ENSG00000164010.17","ENSG00000164010","ERMAP","protein_coding",-0.486236869715274,0.00490776776718447,-2.71536512800923,1.40010903468855e-37,-2.22912825829396,148.697021531133,-2.22912817137976,0.259939348394263,-8.57557035958532,9.85969556493998e-18,2.91605526790021e-16,"Negative_interaction"
"ENSG00000119559.19","ENSG00000119559","C19orf25","protein_coding",-0.189699419653349,0.224498280892047,-1.78556484282574,8.46127175187536e-40,-1.59586542317239,240.836919471092,-1.59586537018928,0.186141749380124,-8.57338762262478,1.00484580079449e-17,2.96583000918813e-16,"Negative_interaction"
"ENSG00000109929.12","ENSG00000109929","SC5D","protein_coding",1.10044768610223,2.21064482387992e-24,2.35422555761396,1.92444251414711e-112,1.25377787151173,1858.08054461256,1.2537778438223,0.146402528941977,8.56390837564839,1.09104552458141e-17,3.21370563866541e-16,"Positive_interaction"
"ENSG00000204439.4","ENSG00000204439","C6orf47","protein_coding",-0.209538193508378,0.257064095641154,-2.11992695384084,8.50871565207749e-38,-1.91038876033246,190.2991847423,-1.91038867185416,0.22309191080946,-8.56323595473524,1.09743020669051e-17,3.22595508222288e-16,"Negative_interaction"
"ENSG00000138119.19","ENSG00000138119","MYOF","protein_coding",1.30301329411222,1.31502776183944e-29,-0.0182416378499377,0.889445425760123,-1.32125493196216,1114.24857345953,-1.32125490163017,0.154325202100142,-8.56149795140272,1.11410398550362e-17,3.26833906030737e-16,"Negative_interaction"
"ENSG00000257702.6","ENSG00000257702","LBX2-AS1","lncRNA",-0.259501390364167,0.261064923685768,-2.49960247265178,5.51639042102216e-43,-2.24010108228761,86.189947898471,-2.24010093208338,0.261819016780855,-8.55591377443129,1.16938685772068e-17,3.42358673577538e-16,"Negative_interaction"
"ENSG00000166275.18","ENSG00000166275","BORCS7","protein_coding",-1.09464803694943,2.77317904922098e-06,-4.77823629146055,1.77796708824856e-36,-3.68358825451112,99.7888771421211,-3.68358803295003,0.43078070169649,-8.55095880210839,1.22070192717752e-17,3.56661538884205e-16,"Negative_interaction"
"ENSG00000119899.15","ENSG00000119899","SLC17A5","protein_coding",1.13989711902362,4.58535401601845e-17,2.69500204044186,1.88562238615779e-96,1.55510492141824,524.046835762248,1.55510486592779,0.181889014309404,8.54974596367028,1.23359719155103e-17,3.59704034204376e-16,"Positive_interaction"
"ENSG00000168291.15","ENSG00000168291","PDHB","protein_coding",0.047684570719787,0.721555752701915,-1.19024825718636,6.23635944994087e-29,-1.23793282790615,565.550085826942,-1.23793280324403,0.144816974178185,-8.54825762151927,1.2496055166706e-17,3.63640223847195e-16,"Negative_interaction"
"ENSG00000171530.17","ENSG00000171530","TBCA","protein_coding",-0.20281480888952,0.0478241257539008,0.860151812690166,1.30831359627163e-22,1.06296662157969,511.614055677969,1.06296660494274,0.124361855924382,8.54736845990046,1.25926680929384e-17,3.65717326659046e-16,"Positive_interaction"
"ENSG00000181222.19","ENSG00000181222","POLR2A","protein_coding",0.411748369607347,0.000977186219337558,1.77991031578411,2.16500236555671e-54,1.36816194617676,2263.18400661667,1.3681619107392,0.160113478756953,8.54495150165354,1.28590264138831e-17,3.72706021579989e-16,"Positive_interaction"
"ENSG00000006634.10","ENSG00000006634","DBF4","protein_coding",0.124464208272721,0.351894573088928,1.41545551469452,5.13149075412154e-40,1.2909913064218,559.346203334066,1.2909912760484,0.151203491331176,8.53810493846858,1.36440984624103e-17,3.94671207419661e-16,"Positive_interaction"
"ENSG00000119638.16","ENSG00000119638","NEK9","protein_coding",0.049579436174056,0.772263377746124,-1.51222510372519,2.3066539224502e-29,-1.56180453989925,675.57952009169,-1.56180448986701,0.182984925633115,-8.5351538355593,1.39969067182745e-17,4.04070064066203e-16,"Negative_interaction"
"ENSG00000118418.18","ENSG00000118418","HMGN3","protein_coding",-1.2667781043588,6.05662108167722e-12,0.716150811279678,7.04875897057291e-06,1.98292891563848,101.891727887293,1.98292880862555,0.232428614450271,8.53134547704239,1.44655337137087e-17,4.16768418646255e-16,"Positive_interaction"
"ENSG00000168288.15","ENSG00000168288","MMADHC","protein_coding",0.247877535715494,0.0608109351449203,1.62925787303602,8.18110634472739e-45,1.38138033732053,1682.23501407573,1.38138030064223,0.162097045363022,8.5219338671385,1.56910983222911e-17,4.51181343029051e-16,"Positive_interaction"
"ENSG00000175283.8","ENSG00000175283","DOLK","protein_coding",-0.301742285883738,0.172062401356673,-2.84835026397586,5.53941572720229e-33,-2.54660797809212,167.629661343522,-2.54660781677105,0.299238514759459,-8.51029426749469,1.73492481263958e-17,4.97871888807381e-16,"Negative_interaction"
"ENSG00000176597.14","ENSG00000176597","B3GNT5","protein_coding",0.274163161485173,0.0493280341910482,1.7063906842709,2.02348047578398e-47,1.43222752278573,1108.12958512898,1.43222747985021,0.168357166226637,8.50707761332948,1.7837213587009e-17,5.10863437357577e-16,"Positive_interaction"
"ENSG00000105287.15","ENSG00000105287","PRKD2","protein_coding",0.301372575396546,0.0121138809966788,1.59621962280173,8.97507616427961e-48,1.29484704740518,805.702968147973,1.29484701722428,0.152245040647291,8.50501935379344,1.81565302403678e-17,5.18983108961362e-16,"Positive_interaction"
"ENSG00000135775.16","ENSG00000135775","COG2","protein_coding",0.0349344163547994,0.777349954078568,-1.05698336869685,1.31269217103771e-30,-1.09191778505165,375.503394866145,-1.09191776724912,0.128489003995387,-8.49814173427882,1.92649797887708e-17,5.49582848619817e-16,"Negative_interaction"
"ENSG00000141458.15","ENSG00000141458","NPC1","protein_coding",1.18524602460851,1.01584405697965e-24,2.51098929883496,1.90753289560611e-113,1.32574327422645,1235.27717960554,1.32574324022321,0.156029146269554,8.49676661008498,1.94944851242047e-17,5.5503748216105e-16,"Positive_interaction"
"ENSG00000137601.20","ENSG00000137601","NEK1","protein_coding",-0.692295295917921,0.000508779399904256,-3.28420902912436,1.27791076634033e-39,-2.59191373320644,85.6814061398319,-2.59191358367412,0.305162805572614,-8.49354356541125,2.00430291849602e-17,5.69536429310673e-16,"Negative_interaction"
"ENSG00000105339.13","ENSG00000105339","DENND3","protein_coding",0.240505602567871,0.045892426315495,1.47604106258298,1.77848397442874e-47,1.23553546001511,247.525004018965,1.23553543227803,0.145587389502458,8.48655530194234,2.12852392162707e-17,6.02472044379286e-16,"Positive_interaction"
"ENSG00000171453.22","ENSG00000171453","POLR1C","protein_coding",-0.110777447345336,0.324049620143571,-1.21065722372864,1.09620827524279e-38,-1.0998797763833,284.1863951054,-1.09987975852513,0.129675618845731,-8.4817775948585,2.21779194272859e-17,6.26515415867888e-16,"Negative_interaction"
"ENSG00000163931.19","ENSG00000163931","TKT","protein_coding",1.45942567335991,1.1222405266222e-13,3.69396837725378,5.98228525747363e-85,2.23454270389387,9587.40389544514,2.2345425480289,0.263759071351145,8.47190785356547,2.41406074543306e-17,6.80633624957509e-16,"Positive_interaction"
"ENSG00000160613.17","ENSG00000160613","PCSK7","protein_coding",0.0253810054638692,0.91229684682518,-1.8803912629726,1.81452841173376e-30,-1.90577226843647,369.325040276033,-1.90577217428287,0.224959162243931,-8.47163616397349,2.41969914291834e-17,6.80898640372283e-16,"Negative_interaction"
"ENSG00000196976.9","ENSG00000196976","LAGE3","protein_coding",-0.664048453137232,1.41495875195582e-05,1.30307181875283,5.82187757523004e-12,1.96712027189006,121.784095357904,1.96712015773127,0.232470579627039,8.46180261126892,2.63275869183264e-17,7.37987213965931e-16,"Positive_interaction"
"ENSG00000144645.18","ENSG00000144645","OSBPL10","protein_coding",0.295678027153313,0.0186096756449576,1.61921846078731,1.07968035887758e-47,1.323540433634,724.227588847782,1.32354040050495,0.15654161029023,8.45487917270746,2.79376496735673e-17,7.81606986620342e-16,"Positive_interaction"
"ENSG00000124225.17","ENSG00000124225","PMEPA1","protein_coding",-0.164743872615729,0.155092178616715,1.18831943690153,3.27669709527549e-20,1.35306330951726,2463.98346481708,1.35306326413307,0.160043851204084,8.45432832285241,2.80698457098195e-17,7.83792300629487e-16,"Positive_interaction"
"ENSG00000114395.13","ENSG00000114395","CYB561D2","protein_coding",-0.231480690569775,0.342304281100273,-3.38760799844419,8.21250368451203e-26,-3.15612730787441,72.8510079678258,-3.15612709263908,0.373496645229079,-8.4502153712875,2.90765942962007e-17,8.10342316424117e-16,"Negative_interaction"
"ENSG00000108602.20","ENSG00000108602","ALDH3A1","protein_coding",-0.774570885272761,8.04281434327676e-05,1.18833242969074,1.84194240765766e-15,1.9629033149635,369.033575449622,1.96290319696108,0.232298512644117,8.44991719756839,2.91509493366509e-17,8.10855197287418e-16,"Positive_interaction"
"ENSG00000100350.18","ENSG00000100350","FOXRED2","protein_coding",0.177182142744089,0.309771370809738,-1.73927824537844,3.67467380863497e-22,-1.91646038812253,166.231357620793,-1.91646031202715,0.226892249524519,-8.4465657863736,2.99996975818277e-17,8.32865167348366e-16,"Negative_interaction"
"ENSG00000196639.9","ENSG00000196639","HRH1","protein_coding",-0.398496706300678,0.00257437272309423,-1.93003709794618,5.74356635801643e-44,-1.5315403916455,155.138437605244,-1.53154035162387,0.181390527285825,-8.44333149332851,3.08418849992794e-17,8.52978239331215e-16,"Negative_interaction"
"ENSG00000115310.21","ENSG00000115310","RTN4","protein_coding",-0.0912318749209326,0.471158797348031,1.10974551906368,2.89059290007859e-27,1.20097739398461,3988.8874799225,1.2009773696512,0.142324611310161,8.43829720380521,3.21994032235551e-17,8.88826193363353e-16,"Positive_interaction"
"ENSG00000093009.13","ENSG00000093009","CDC45","protein_coding",-1.01652275611729,1.57531404314666e-08,-3.60676406411104,1.91748216771652e-43,-2.59024130799375,83.6413734623137,-2.59024121022107,0.306989901445582,-8.43754533300251,3.24071445190975e-17,8.92859958879773e-16,"Negative_interaction"
"ENSG00000135643.6","ENSG00000135643","KCNMB4","protein_coding",0.12620633384768,0.601162529453848,2.36213164106636,2.25646083745443e-34,2.23592530721868,112.165953678591,2.23592514675909,0.265059399114298,8.43556257288172,3.29613416139158e-17,9.06405621762557e-16,"Positive_interaction"
"ENSG00000137814.14","ENSG00000137814","HAUS2","protein_coding",-0.224696161711936,0.0695584142499981,1.04112378701927,2.36183636440091e-22,1.26581994873121,500.322993929754,1.2658199199337,0.150237493229192,8.42545953560776,3.5933715211507e-17,9.84407184962495e-16,"Positive_interaction"
"ENSG00000054967.15","ENSG00000054967","RELT","protein_coding",0.0958046291324996,0.693168754833238,2.08296674104052,5.44850949551587e-43,1.98716211190802,111.552668291436,1.98716198236701,0.235991779044423,8.4204712147746,3.74973045757738e-17,1.02337276442959e-15,"Positive_interaction"
"ENSG00000196235.16","ENSG00000196235","SUPT5H","protein_coding",0.526291791456854,9.79128667672706e-08,1.61634005878437,7.87432113647069e-69,1.09004826732752,1941.7875463769,1.090048248589,0.129475614756486,8.41894630613746,3.79885450566917e-17,1.03483081759695e-15,"Positive_interaction"
"ENSG00000168282.7","ENSG00000168282","MGAT2","protein_coding",-0.566190324962017,2.25599849743559e-05,-2.1274626509736,1.20539828221135e-51,-1.56127232601158,297.54435755495,-1.56127228286164,0.185459212241094,-8.4184132133162,3.81617710356659e-17,1.03759922298099e-15,"Negative_interaction"
"ENSG00000196659.10","ENSG00000196659","IFT70B","protein_coding",-0.860884420223169,0.000232568898536283,-4.67671910527798,1.52428602929713e-30,-3.81583468505481,47.4168187847603,-3.81583437284462,0.453439406147905,-8.4153126550275,3.9184837424197e-17,1.06143301673171e-15,"Negative_interaction"
"ENSG00000264247.3","ENSG00000264247","ZNF407-AS1","lncRNA",-1.07667275679258,3.87836337777748e-05,-4.79163694495449,5.09078788922657e-37,-3.71496418816191,60.9697679962212,-3.71496379284024,0.442061956471019,-8.40371748452819,4.32562597366452e-17,1.16735515103066e-15,"Negative_interaction"
"ENSG00000131375.12","ENSG00000131375","CAPN7","protein_coding",-0.204099564500596,0.058541941540593,0.913765501858094,1.95778313527837e-21,1.11786506635869,819.915514901509,1.11786504655329,0.133083411260096,8.39973243824167,4.47497096955963e-17,1.20541411321298e-15,"Positive_interaction"
"ENSG00000158006.16","ENSG00000158006","PAFAH2","protein_coding",-0.0149089473812915,0.938679645802138,-1.59112298993199,6.24572524846486e-30,-1.5762140425507,137.819871654739,-1.57621399165855,0.187725105677434,-8.39639421680198,4.60398121802582e-17,1.23643125268536e-15,"Negative_interaction"
"ENSG00000103202.15","ENSG00000103202","NME4","protein_coding",0.826642170514507,2.2945308935144e-16,-0.317842802391803,0.00167626694151682,-1.14448497290631,275.551870814531,-1.14448495163114,0.136308045132105,-8.39631256190305,4.60718242099155e-17,1.23643125268536e-15,"Negative_interaction"
"ENSG00000137033.14","ENSG00000137033","IL33","protein_coding",-0.237847822851852,0.238311050400375,-2.6058566993833,1.7810380080372e-29,-2.36800887653145,80.8246841427238,-2.3680087524261,0.282183750096,-8.39172614163819,4.79055783399689e-17,1.28326735915495e-15,"Negative_interaction"
"ENSG00000117472.12","ENSG00000117472","TSPAN1","protein_coding",0.113016846402711,0.238179516180105,-1.03060339627644,7.08442416812063e-20,-1.14362024267915,859.928385682004,-1.14362023778165,0.136296636122559,-8.39067104160441,4.83375120900051e-17,1.29244875499696e-15,"Negative_interaction"
"ENSG00000180263.16","ENSG00000180263","FGD6","protein_coding",0.377302957829131,0.000152957662314951,1.45124973568055,3.12622822149881e-57,1.07394677785142,410.81687147003,1.0739467594852,0.128020215127779,8.38888419624415,4.90777835829159e-17,1.30982548744681e-15,"Positive_interaction"
"ENSG00000169814.20","ENSG00000169814","BTD","protein_coding",1.20796163733649,9.61769581539536e-17,-0.457780137514884,0.00210817963890565,-1.66574177485137,117.900031595161,-1.66574170917245,0.198688047204489,-8.38370366315029,5.12878169113113e-17,1.3662923578653e-15,"Negative_interaction"
"ENSG00000095539.18","ENSG00000095539","SEMA4G","protein_coding",0.695207019458467,1.24499154759245e-07,-0.750202798364976,1.6731499171463e-09,-1.44540981782344,477.376720591446,-1.44540977489142,0.172445951332386,-8.38181333759131,5.2118442937361e-17,1.38587243128117e-15,"Negative_interaction"
"ENSG00000119953.16","ENSG00000119953","SMNDC1","protein_coding",0.182579371399938,0.300704250420007,1.89077562637912,1.8495620684582e-38,1.70819625497918,630.836870873632,1.70819618294848,0.203893016622489,8.37790431102028,5.38784195860154e-17,1.43004772278486e-15,"Positive_interaction"
"ENSG00000148341.20","ENSG00000148341","SH3GLB2","protein_coding",0.30049218906645,0.00126435535091628,-0.786405155822172,6.81116980196143e-15,-1.08689734488862,910.882234488882,-1.08689733118777,0.130001893217361,-8.36062694387454,6.23858288479454e-17,1.64082655474487e-15,"Negative_interaction"
"ENSG00000151746.17","ENSG00000151746","BICD1","protein_coding",-0.0851732319559333,0.605565099248025,1.42222884484949,2.47726136923205e-27,1.50740207680542,238.574319332649,1.50740202760143,0.180353417569661,8.35804526420578,6.37659818193551e-17,1.67408805892408e-15,"Positive_interaction"
"ENSG00000168792.6","ENSG00000168792","ABHD15","protein_coding",-0.36930824660714,0.0325909743128804,-2.39502801552613,1.28332445329688e-35,-2.02571976891899,188.376426935131,-2.02571968723995,0.242558402819423,-8.35147190818217,6.74174813148584e-17,1.76675251214273e-15,"Negative_interaction"
"ENSG00000185885.19","ENSG00000185885","IFITM1","protein_coding",0.706370995283218,2.7770784007747e-08,2.0264028930164,2.53265995999761e-82,1.32003189773318,259.717263318699,1.32003185692607,0.158089897672376,8.34988115218906,6.83316889184504e-17,1.78747804297145e-15,"Positive_interaction"
"ENSG00000158195.13","ENSG00000158195","WASF2","protein_coding",0.11973409999995,0.357170945734274,1.37364331128264,1.2521833918226e-36,1.25390921128269,2549.90169551676,1.25390918298285,0.150208212209693,8.34780711744557,6.95420200977329e-17,1.81586118064206e-15,"Positive_interaction"
"ENSG00000272763.2","ENSG00000272763","LINC03057","lncRNA",-0.260284701944038,0.0492598431348679,-1.64650169154163,6.64940095845409e-42,-1.38621698959759,390.52569844955,-1.38621695324572,0.166279210165535,-8.33668233007426,7.64039650940082e-17,1.98787479738306e-15,"Negative_interaction"
"ENSG00000143315.8","ENSG00000143315","PIGM","protein_coding",-0.889787559545352,1.03043996595866e-08,-2.86026099626957,1.14226333855804e-51,-1.97047343672422,215.671197810127,-1.97047337541767,0.236396383078842,-8.33546330004758,7.71953188194232e-17,2.00486480346072e-15,"Negative_interaction"
"ENSG00000049239.15","ENSG00000049239","H6PD","protein_coding",0.285899817485769,0.130554891535367,-1.64806177172238,3.82139916363417e-22,-1.93396158920815,623.899597492934,-1.93396148809345,0.232145803605089,-8.33080528728134,8.02942964154179e-17,2.07790168509328e-15,"Negative_interaction"
"ENSG00000148803.15","ENSG00000148803","FUOM","protein_coding",1.43862784195059,2.67515227863853e-06,-1.4269683581376,6.67072952891324e-13,-2.86559620008819,54.5720776427042,-2.86559591891955,0.344210613047949,-8.32512366061289,8.42407542180657e-17,2.17614440308058e-15,"Negative_interaction"
"ENSG00000178927.21","ENSG00000178927","CYBC1","protein_coding",-0.426239689068524,0.0163098317361571,-2.40988944142418,3.79453784648665e-40,-1.98364975235566,225.544162159695,-1.98364965896004,0.238358124383364,-8.32213990646121,8.63892535811015e-17,2.22371769608761e-15,"Negative_interaction"
"ENSG00000248275.5","ENSG00000248275","TRIM52-AS1","lncRNA",0.26755781199001,0.142152928003147,1.89292926439443,3.36503366064855e-55,1.62537145240442,119.62875416174,1.62537137356626,0.195443567181119,8.31632064953062,9.07361305651122e-17,2.33146809246384e-15,"Positive_interaction"
"ENSG00000055118.20","ENSG00000055118","KCNH2","protein_coding",-0.223838793704963,0.467073726423426,2.37883955108234,4.52105001733317e-33,2.6026783447873,282.063816393726,2.60267804533682,0.31297967792234,8.31580523890317,9.11313725780994e-17,2.33747938301206e-15,"Positive_interaction"
"ENSG00000182827.11","ENSG00000182827","ACBD3","protein_coding",0.617750948264523,2.24686474021473e-06,2.0480540174562,2.14572366094574e-61,1.43030306919168,1322.06577434962,1.4303030265542,0.172036151852397,8.31396779777641,9.25542762636548e-17,2.36978192864467e-15,"Positive_interaction"
"ENSG00000157184.9","ENSG00000157184","CPT2","protein_coding",-0.0832195038559734,0.529098917684667,-1.35959409933264,5.34812508789972e-32,-1.27637459547667,260.007332802684,-1.27637456877765,0.153686061877837,-8.3050769417998,9.97547835543538e-17,2.54247095889421e-15,"Negative_interaction"
"ENSG00000196323.16","ENSG00000196323","ZBTB44","protein_coding",0.435223056665211,9.26186194022044e-05,-0.788093639264066,3.8988176827562e-13,-1.22331669592928,892.179084378738,-1.22331667006427,0.147298936545065,-8.30499322505294,9.98251432245933e-17,2.54247095889421e-15,"Negative_interaction"
"ENSG00000159176.16","ENSG00000159176","CSRP1","protein_coding",-0.157270399460263,0.130747587312373,-1.2521517635921,1.55515133635852e-36,-1.09488136413184,790.543035885125,-1.0948813481884,0.131855152311152,-8.30366753970066,1.00945859532801e-16,2.56650420412168e-15,"Negative_interaction"
"ENSG00000090382.8","ENSG00000090382","LYZ","protein_coding",1.50019418191493,8.19053114220482e-05,-1.51869303181229,5.40736873751481e-53,-3.01888721372722,965.4477366246,-3.01888741744086,0.363631442884752,-8.30205274189572,1.02327758913132e-16,2.59708210537497e-15,"Negative_interaction"
"ENSG00000112379.11","ENSG00000112379","ARFGEF3","protein_coding",1.11024016214473,2.47366167881153e-21,-0.153481485676432,0.168461431394916,-1.26372164782116,596.754627588036,-1.26372162085107,0.152350654849593,-8.29482237604212,1.08747575446535e-16,2.75519206883074e-15,"Negative_interaction"
"ENSG00000164823.13","ENSG00000164823","OSGIN2","protein_coding",0.516522117410254,0.00227978362912317,2.25217382709386,1.9258623783223e-54,1.73565170968361,646.807519244191,1.73565162637649,0.209329476746366,8.29148218088506,1.11845890485687e-16,2.82874458100973e-15,"Positive_interaction"
"ENSG00000163171.10","ENSG00000163171","CDC42EP3","protein_coding",0.463330537689519,1.85398658182264e-05,-0.668373369443463,2.6757888860007e-12,-1.13170390713298,420.048784572989,-1.13170388626427,0.136661686741392,-8.28106189268553,1.22081714287991e-16,3.07688383210707e-15,"Negative_interaction"
"ENSG00000225470.10","ENSG00000225470","JPX","lncRNA",-0.319673360141271,0.0118666898602851,-1.65813077830059,1.84044969145282e-45,-1.33845741815932,435.330106018942,-1.33845738456647,0.161655764179224,-8.2796762080352,1.23510648689251e-16,3.10210800832692e-15,"Negative_interaction"
"ENSG00000197594.16","ENSG00000197594","ENPP1","protein_coding",2.42423105198601,2.06057084310537e-38,0.375722946799752,0.0357228967195179,-2.04850810518626,213.674146371271,-2.04850798904351,0.247472845852404,-8.27770813394721,1.25568534921423e-16,3.1483377302444e-15,"Negative_interaction"
"ENSG00000080839.14","ENSG00000080839","RBL1","protein_coding",-0.927500173052482,5.31764237362412e-11,-2.73524138950985,1.13789577634861e-54,-1.80774121645737,176.343017665461,-1.80774117201075,0.218393622711172,-8.27744487027219,1.25846363683364e-16,3.14985406303854e-15,"Negative_interaction"
"ENSG00000101846.11","ENSG00000101846","STS","protein_coding",0.251481543820529,0.0307599248974354,-1.03257555512399,3.97381393406845e-18,-1.28405709894452,305.334460329566,-1.28405707203316,0.15515713245507,-8.27584946766783,1.275430449422e-16,3.18261394846344e-15,"Negative_interaction"
"ENSG00000154359.15","ENSG00000154359","LONRF1","protein_coding",0.135602390957872,0.281492238689099,1.27272797500309,7.42905275617649e-44,1.13712558404522,407.321975223959,1.13712555945653,0.137515968235938,8.26904376301629,1.35037698116994e-16,3.35671753192364e-15,"Positive_interaction"
"ENSG00000119969.18","ENSG00000119969","HELLS","protein_coding",-0.620645794420067,0.00352407132394414,-3.30060076182948,2.2340254949187e-35,-2.67995496740941,257.699521650442,-2.67995483340689,0.324146743603402,-8.26772098221616,1.36543992541442e-16,3.38834852724415e-15,"Negative_interaction"
"ENSG00000171307.21","ENSG00000171307","ZDHHC16","protein_coding",-0.0374779029139635,0.848847668334933,-1.77212900745509,1.89815441825376e-29,-1.73465110454113,234.261549746796,-1.73465103510911,0.209840616568081,-8.2665170522234,1.37929341255004e-16,3.41687523669661e-15,"Negative_interaction"
"ENSG00000154252.13","ENSG00000154252","GAL3ST2","protein_coding",-0.596403093286922,0.00345268017545113,-4.24865313542686,3.41036667711943e-25,-3.65225004213994,92.3308037773082,-3.65225000016724,0.441934403787941,-8.26423552650077,1.40592789020268e-16,3.47691245474696e-15,"Negative_interaction"
"ENSG00000171823.9","ENSG00000171823","FBXL14","protein_coding",-0.575979283699463,0.000188098450136689,-2.67490636416593,1.4717337810712e-35,-2.09892708046647,155.69290004428,-2.09892703514015,0.25413079359317,-8.25923928959295,1.46603767268037e-16,3.61323434566053e-15,"Negative_interaction"
"ENSG00000133422.16","ENSG00000133422","MORC2","protein_coding",0.059035648088036,0.716401452767592,-1.42408573085075,4.62629067559317e-26,-1.48312137893879,327.724910551704,-1.48312133551123,0.179735215606199,-8.25170142928897,1.56155159752601e-16,3.83559419514356e-15,"Negative_interaction"
"ENSG00000147316.17","ENSG00000147316","MCPH1","protein_coding",-0.448507164849228,0.00101979462132922,0.870709681431861,3.40048546045195e-17,1.31921684628109,290.16077192213,1.31921680883698,0.16009004726672,8.24046735796814,1.71539261991084e-16,4.20634007576106e-15,"Positive_interaction"
"ENSG00000099917.19","ENSG00000099917","MED15","protein_coding",0.538191080974746,7.58228587847543e-05,1.9765315102367,1.73666620450096e-57,1.43834042926195,724.589404259652,1.43834038358828,0.174581987310134,8.23876738803047,1.73993843881303e-16,4.25932227285108e-15,"Positive_interaction"
"ENSG00000248905.11","ENSG00000248905","FMN1","protein_coding",0.669422671904334,1.78131821765384e-05,-1.06943320454231,1.39670833631911e-11,-1.73885587644664,909.600917463423,-1.73885580478127,0.211079434013148,-8.23792148633938,1.75228108537432e-16,4.28230311791647e-15,"Negative_interaction"
"ENSG00000154274.17","ENSG00000154274","PGCKA1","protein_coding",1.44875640476597,6.27073816036732e-13,-0.773262962516089,9.87686901659388e-05,-2.22201936728206,101.527954818641,-2.22201920547041,0.269992247365597,-8.2299370709766,1.87311819546383e-16,4.56990385331007e-15,"Negative_interaction"
"ENSG00000175329.15","ENSG00000175329","ISX","protein_coding",0.505441728608255,0.0312408427473142,-1.9559316882666,8.91718121570064e-19,-2.46137341687486,421.419797600043,-2.46137320455214,0.29924704978766,-8.22522128889385,1.94830811139173e-16,4.74535817651914e-15,"Negative_interaction"
"ENSG00000049167.18","ENSG00000049167","ERCC8","protein_coding",-0.370876452523822,0.00572553383176836,-1.81071444960117,1.19395183075835e-44,-1.43983799707735,150.773324919926,-1.4398379579335,0.175153259259667,-8.22044627670291,2.02747294957692e-16,4.9298889237028e-15,"Negative_interaction"
"ENSG00000138468.18","ENSG00000138468","SENP7","protein_coding",-0.43492639662151,0.0548289672781052,1.37999163282487,4.6671961138685e-43,1.81491802944638,222.413824509365,1.81491789258787,0.220969960096804,8.21341458265539,2.14985674597639e-16,5.1926206604483e-15,"Positive_interaction"
"ENSG00000110330.12","ENSG00000110330","BIRC2","protein_coding",-0.0398728977438786,0.753182064972813,1.00518312190332,7.64535974504003e-31,1.0450560196472,655.774267647376,1.04505600133139,0.12729627975947,8.20963506008231,2.21861779424847e-16,5.34978520370197e-15,"Positive_interaction"
"ENSG00000135083.19","ENSG00000135083","CCNJL","protein_coding",1.12716440110173,2.74220153957962e-07,-1.22719182833473,3.00570685610739e-09,-2.35435622943646,84.0358131104936,-2.35435603582944,0.286868496882017,-8.20709161660837,2.26610653001052e-16,5.45521857689577e-15,"Negative_interaction"
"ENSG00000100941.11","ENSG00000100941","PNN","protein_coding",-0.0872668353246478,0.488992206610957,1.05277639864688,1.13867212068237e-26,1.14004323397153,993.735034064261,1.14004321151184,0.138980524460362,8.20289904602414,2.34658249481772e-16,5.63024395942027e-15,"Positive_interaction"
"ENSG00000198198.18","ENSG00000198198","SZT2","protein_coding",-0.204266748446682,0.132870550674682,-1.71008256218907,6.38329888273361e-32,-1.50581581374239,249.857384750844,-1.50581577932684,0.183917658512054,-8.18744535739155,2.66829310009145e-16,6.36001704054692e-15,"Negative_interaction"
"ENSG00000137501.20","ENSG00000137501","SYTL2","protein_coding",0.422706575647182,0.0117096398922219,-1.29131925128724,6.10673757311347e-18,-1.71402582693442,560.704794126733,-1.71402575190615,0.20934333233621,-8.18763001800981,2.66420349708552e-16,6.36001704054692e-15,"Negative_interaction"
"ENSG00000122550.20","ENSG00000122550","KLHL7","protein_coding",0.235781081201969,0.0655650659615443,1.49524722514458,1.81715117878061e-43,1.25946614394261,297.856625604237,1.2594661125636,0.153991460929946,8.17880488280167,2.86672867081601e-16,6.82177863669386e-15,"Positive_interaction"
"ENSG00000115084.17","ENSG00000115084","SLC35F5","protein_coding",0.276951407275482,0.00833423538184929,-0.815810477384847,5.10811701340202e-17,-1.09276188466033,1603.90987815676,-1.09276186530728,0.133742011275519,-8.17067019469376,3.06680963630953e-16,7.2859352867865e-15,"Negative_interaction"
"ENSG00000211584.16","ENSG00000211584","SLC48A1","protein_coding",0.036183473557872,0.795924953468431,-1.21617771093068,1.29281093652067e-25,-1.25236118448855,354.430937316553,-1.25236115880136,0.153474844930076,-8.16004185814258,3.3490850939957e-16,7.90471354758726e-15,"Negative_interaction"
"ENSG00000166311.12","ENSG00000166311","SMPD1","protein_coding",1.34668374986673,3.1862844238237e-17,-0.414458531346473,0.0100955810130237,-1.7611422812132,245.606000729436,-1.76114219916153,0.215907764596203,-8.15691924028425,3.43678019547821e-16,8.08126280926706e-15,"Negative_interaction"
"ENSG00000149182.17","ENSG00000149182","ARFGAP2","protein_coding",-0.703716548639404,5.06440852968255e-13,-1.79725269638189,3.29491740530283e-74,-1.09353614774249,581.554632504487,-1.09353613072827,0.134064609855026,-8.15678449302015,3.44061492776551e-16,8.08126280926706e-15,"Negative_interaction"
"ENSG00000184178.19","ENSG00000184178","SCFD2","protein_coding",-0.0973070535392951,0.589325498031985,-1.93547469519041,1.13067740804126e-26,-1.83816764165112,106.39743968087,-1.83816757529816,0.225451139218867,-8.15328581468676,3.54167242579341e-16,8.30516452987024e-15,"Negative_interaction"
"ENSG00000143369.17","ENSG00000143369","ECM1","protein_coding",0.0778810425084941,0.782307577188961,2.33834176020908,6.14712641864631e-36,2.26046071770059,142.676728810092,2.26046052556217,0.277607027183368,8.14266320451992,3.86676760977399e-16,9.05285883697005e-15,"Positive_interaction"
"ENSG00000176387.9","ENSG00000176387","HSD11B2","protein_coding",1.83088319030509,8.87891663046057e-51,0.359422449842687,0.0124189115215546,-1.4714607404624,451.513580613168,-1.47146069418846,0.180743958380487,-8.14113349830964,3.91594322210295e-16,9.15320147979289e-15,"Negative_interaction"
"ENSG00000119718.13","ENSG00000119718","EIF2B2","protein_coding",-0.0936980628174649,0.45572911030807,1.05509360140788,2.91455093234877e-25,1.14879166422534,337.002721042223,1.1487916411937,0.14123963763253,8.13363486659861,4.16606122691048e-16,9.72215125610091e-15,"Positive_interaction"
"ENSG00000175550.9","ENSG00000175550","DRAP1","protein_coding",-0.299582797116186,0.029071442163281,1.03720863223905,6.55504966986161e-20,1.33679142935524,578.802651010357,1.33679139139683,0.164390022984604,8.13182799738419,4.22864552115218e-16,9.8523361563565e-15,"Positive_interaction"
"ENSG00000148019.16","ENSG00000148019","CEP78","protein_coding",-0.832748700477293,9.38495375528942e-08,-2.66275600205471,1.08677396179426e-52,-1.83000730157742,284.494996756915,-1.83000723664592,0.225122946877721,-8.12892360386486,4.3311916038667e-16,1.00750607902466e-14,"Negative_interaction"
"ENSG00000115267.11","ENSG00000115267","IFIH1","protein_coding",-0.159775811118876,0.225076253657352,1.05414540916728,1.81952817211603e-24,1.21392122028616,270.384991749016,1.21392119220635,0.149412219461521,8.12464466816238,4.48674886004304e-16,1.04201866153436e-14,"Positive_interaction"
"ENSG00000183354.13","ENSG00000183354","BRD10","protein_coding",0.325834949789228,0.00265674285628071,-0.828483588910726,3.94789705213695e-15,-1.15431853869995,267.155105812571,-1.15431851618482,0.142174153516532,-8.11904616721071,4.69861768973966e-16,1.08773750095379e-14,"Negative_interaction"
"ENSG00000205213.16","ENSG00000205213","LGR4","protein_coding",1.46808699721096,1.92978824408191e-26,-0.0190278371683642,0.90042598786054,-1.48711483437932,1201.86400860403,-1.48711478756059,0.183333921691603,-8.11150917320232,4.9994885813883e-16,1.15554367657862e-14,"Negative_interaction"
"ENSG00000145743.19","ENSG00000145743","FBXL17","protein_coding",-0.119872263853359,0.349513134884752,-1.55100107917104,1.18554104059304e-26,-1.43112881531768,230.629570853697,-1.43112879358879,0.176472870494441,-8.10962495016405,5.07762421756745e-16,1.1698717036723e-14,"Negative_interaction"
"ENSG00000169105.8","ENSG00000169105","CHST14","protein_coding",0.285292389082913,0.105276611223071,-1.70612988884303,6.14141480081785e-18,-1.99142227792594,86.7359796561031,-1.99142218422361,0.245598977356401,-8.10843027792319,5.12778740481314e-16,1.17955389000876e-14,"Negative_interaction"
"ENSG00000180628.17","ENSG00000180628","PCGF5","protein_coding",0.0740824278650294,0.561379793852221,1.20989128593596,3.60953868690738e-33,1.13580885807093,1163.15721719855,1.13580883564917,0.140214375843249,8.10051629027635,5.47264346126736e-16,1.25489792785896e-14,"Positive_interaction"
"ENSG00000117525.16","ENSG00000117525","F3","protein_coding",-0.242844839886877,0.175108953011919,-2.04910652731048,2.21121148491299e-34,-1.8062616874236,122.201947363114,-1.80626160720277,0.223542288219639,-8.08017857197579,6.4672001583642e-16,1.47827546837561e-14,"Negative_interaction"
"ENSG00000196705.10","ENSG00000196705","ZNF431","protein_coding",-0.529464269526331,4.10099537176704e-05,0.750375344095234,2.59275147456333e-12,1.27983961362157,209.971579710736,1.27983958061435,0.158407705003471,8.07940232822835,6.5084965939083e-16,1.48537216754203e-14,"Positive_interaction"
"ENSG00000182481.12","ENSG00000182481","KPNA2","protein_coding",-0.0228546734181939,0.884959039359947,1.24922007503312,4.90667127822117e-28,1.27207474845131,1877.90406764383,1.27207471685414,0.157580475362735,8.07254016670495,6.88505110683181e-16,1.56637614819791e-14,"Positive_interaction"
"ENSG00000171345.15","ENSG00000171345","KRT19","protein_coding",-0.181861274179258,0.278385714221959,1.39821421315834,3.92796438383148e-23,1.5800754873376,5811.11905054823,1.58007542675327,0.195760019620781,8.07149197172198,6.94442894028875e-16,1.57740852982233e-14,"Positive_interaction"
"ENSG00000111261.16","ENSG00000111261","MANSC1","protein_coding",0.412865156288273,1.64938216918215e-05,-0.636857241503217,7.72662905413014e-11,-1.04972239779149,1435.84515198112,-1.04972238182482,0.130114122130163,-8.06770521630776,7.16317407230343e-16,1.62454958772803e-14,"Negative_interaction"
"ENSG00000293514.2","ENSG00000293514","CUTALP","lncRNA",-1.26165007223719,4.97651906156517e-08,-3.90360387765545,4.59245861065069e-55,-2.64195380541826,266.4392780244,-2.64195357933539,0.327538729259221,-8.06607995735518,7.25912782591363e-16,1.64117442204587e-14,"Negative_interaction"
"ENSG00000131746.15","ENSG00000131746","TNS4","protein_coding",-0.850065867801384,0.000178562169936829,-3.25113094254674,6.38368599592385e-51,-2.40106507474536,1436.34820053629,-2.40106486984758,0.297839603468891,-8.0616037688835,7.52999340671679e-16,1.69976112850685e-14,"Negative_interaction"
"ENSG00000167757.16","ENSG00000167757","KLK11","protein_coding",-0.918782050586165,2.80663869349694e-08,0.916930762607726,1.0957093499318e-07,1.83571281319389,184.971766696288,1.83571271541916,0.2281127673019,8.04739137195969,8.45773822613658e-16,1.90621372275539e-14,"Positive_interaction"
"ENSG00000067606.19","ENSG00000067606","PRKCZ","protein_coding",0.330388661818925,0.0231181647177772,1.79721380658822,1.06661221338736e-42,1.46682514476929,490.671668206813,1.46682509539532,0.182287862201901,8.04675131781773,8.50206948736588e-16,1.9132296740824e-14,"Positive_interaction"
"ENSG00000135250.19","ENSG00000135250","SRPK2","protein_coding",0.356444317088134,0.00131279231723293,1.4601036186929,8.38108746929093e-54,1.10365930160477,891.077889647121,1.10365927854251,0.137175790538138,8.04558351158664,8.5835444443816e-16,1.92856939671284e-14,"Positive_interaction"
"ENSG00000291080.2","ENSG00000291080","ZNF252P","lncRNA",-0.404704101888015,0.0707583844342446,-2.76965781684052,5.96045461323936e-35,-2.36495371495251,126.666357093612,-2.36495354086482,0.294049672139985,-8.0427008255223,8.78796984107275e-16,1.97144363679298e-14,"Negative_interaction"
"ENSG00000090612.24","ENSG00000090612","ZNF268","protein_coding",-0.964990242359302,2.42035337946679e-15,-2.91610447607064,3.0423075614533e-41,-1.95111423371134,173.430485157351,-1.95111425780732,0.242667713447264,-8.04027132448066,8.9639766267469e-16,2.00781992696779e-14,"Negative_interaction"
"ENSG00000107341.7","ENSG00000107341","UBE2R2","protein_coding",0.379255766743713,0.00226366892332548,1.65433952734414,9.92892753515626e-48,1.27508376060043,1956.69009428413,1.27508372826123,0.158762129684963,8.0314098254503,9.63588850973011e-16,2.15166866383681e-14,"Positive_interaction"
"ENSG00000146757.15","ENSG00000146757","ZNF92","protein_coding",0.0612098720332438,0.696613907260659,1.32801441068295,1.26324726304012e-35,1.26680453864971,368.473041701745,1.26680450369786,0.157882107600769,8.02373697025371,1.02575820228648e-15,2.27646062289979e-14,"Positive_interaction"
"ENSG00000198948.14","ENSG00000198948","MFAP3L","protein_coding",1.46987893136548,1.12021855747526e-17,-1.16777766747109,8.09083743015254e-05,-2.63765659883657,181.619743170099,-2.63765647069622,0.328897773865309,-8.01968477833601,1.06016876788098e-15,2.34923024222188e-14,"Negative_interaction"
"ENSG00000043143.24","ENSG00000043143","JADE2","protein_coding",1.35631002159428,2.00088857839321e-36,0.165771836792025,0.146824503260552,-1.19053818480225,472.683634360712,-1.19053815861756,0.148487069910169,-8.01779009672559,1.07664584703864e-15,2.37846823403718e-14,"Negative_interaction"
"ENSG00000100239.18","ENSG00000100239","PPP6R2","protein_coding",0.207403260816979,0.114570223089941,-1.05598410834455,6.8855297885825e-21,-1.26338736916153,298.906232823152,-1.26338733786437,0.157712015597456,-8.01072342572193,1.14035641110103e-15,2.50774584365342e-14,"Negative_interaction"
"ENSG00000129355.8","ENSG00000129355","CDKN2D","protein_coding",0.367143489552684,0.0332318816711292,2.22078894852124,8.64858467999785e-36,1.85364545896856,127.29238580735,1.85364535928879,0.231442533105989,8.00909553837244,1.15555116348454e-15,2.53731022139667e-14,"Positive_interaction"
"ENSG00000074370.21","ENSG00000074370","ATP2A3","protein_coding",-0.109301478732542,0.306922784101618,-1.3011191984478,2.69591980623612e-26,-1.19181771971526,523.009148191003,-1.19181771177038,0.148950888186177,-8.00141393101801,1.22998549421134e-15,2.69666411227091e-14,"Negative_interaction"
"ENSG00000138640.17","ENSG00000138640","FAM13A","protein_coding",0.534309286139736,0.00817876975951634,-1.28536275654689,7.29243172311033e-20,-1.81967204268663,128.578594897913,-1.81967195789815,0.227507214297158,-7.99830442089362,1.26144188610731e-15,2.76145253979866e-14,"Negative_interaction"
"ENSG00000174306.24","ENSG00000174306","ZHX3","protein_coding",0.0477151184722857,0.789418015873111,-1.48448853603141,1.46774958791262e-25,-1.5322036545037,200.15247975919,-1.53220360153299,0.191677420423679,-7.99365725053189,1.30993614517438e-15,2.86328727237814e-14,"Negative_interaction"
"ENSG00000253276.5","ENSG00000253276","CCDC71L","protein_coding",-0.0413254876729585,0.822976178696991,-1.63892490025544,1.36340923746473e-27,-1.59759941258248,498.882744977742,-1.59759935711505,0.199886871822762,-7.99251768035886,1.32210544022494e-15,2.88553494574394e-14,"Negative_interaction"
"ENSG00000110492.19","ENSG00000110492","MDK","protein_coding",-0.48790447959785,0.00299010684076192,1.11347818609186,6.2089203495171e-16,1.60138266568971,786.103649746682,1.60138259709131,0.200386433025716,7.99147214165844,1.33336850572491e-15,2.90574080976924e-14,"Positive_interaction"
"ENSG00000160606.12","ENSG00000160606","TLCD1","protein_coding",0.00398331017267211,0.988760924677167,-1.7735466075272,8.87911316079612e-25,-1.77752991769987,91.2385437948124,-1.77752984380667,0.222554640450376,-7.98693678194959,1.3833298364714e-15,3.01009249101255e-14,"Negative_interaction"
"ENSG00000165905.20","ENSG00000165905","LARGE2","protein_coding",-0.350643581662875,0.00877123885472808,0.913351835862865,6.91170183187405e-18,1.26399541752574,497.415098697205,1.26399538275845,0.158389490651633,7.98029829856911,1.45980065853562e-15,3.16698071010452e-14,"Positive_interaction"
"ENSG00000196981.5","ENSG00000196981","WDR5B","protein_coding",-1.03948709760649,5.64399914222219e-06,-3.60423759792953,7.22948774371723e-49,-2.56475050032304,65.0508300077044,-2.56475029817653,0.321416643438012,-7.97951926428839,1.46904317616506e-15,3.18226811793484e-14,"Negative_interaction"
"ENSG00000164494.14","ENSG00000164494","PDSS2","protein_coding",-0.00898264649364532,0.951532280661754,-1.14588445701531,1.65828339981289e-26,-1.13690181052166,354.824019507351,-1.1369017902525,0.142551542433081,-7.97537347437827,1.51920719197715e-15,3.28112527960251e-14,"Negative_interaction"
"ENSG00000258056.4","ENSG00000258056","CD63-AS1","lncRNA",-0.169182527197119,0.561948970007182,-3.04958982291747,1.95725477894909e-26,-2.88040729572035,45.1956533884585,-2.88040699156596,0.361370788152225,-7.97077983611836,1.57676194602624e-15,3.40036222050778e-14,"Negative_interaction"
"ENSG00000100299.20","ENSG00000100299","ARSA","protein_coding",0.119600705708141,0.520067165911242,-1.46023466056052,1.02214771077488e-26,-1.57983536626866,119.178418416256,-1.57983530423074,0.198244665075939,-7.96911888461449,1.59809668023752e-15,3.44125068202113e-14,"Negative_interaction"
"ENSG00000001617.14","ENSG00000001617","SEMA3F","protein_coding",0.0236720075559249,0.877283765851394,1.34780191876119,5.79602264104491e-26,1.32412991120527,435.751368704203,1.32412987333113,0.166269502146667,7.96375676979602,1.66893162856621e-15,3.58845061738597e-14,"Positive_interaction"
"ENSG00000114737.18","ENSG00000114737","CISH","protein_coding",-0.596816391176219,0.00123568771218919,1.37845793804372,1.90210818411264e-13,1.97527432921994,108.374930475975,1.97527420664998,0.248240838616621,7.95708803457823,1.76135394013778e-15,3.77596764799951e-14,"Positive_interaction"
"ENSG00000198894.10","ENSG00000198894","CIPC","protein_coding",0.303179119317529,0.00131279231723293,-0.717572843317989,2.17276432151566e-13,-1.02075196263552,394.426854829721,-1.02075194755617,0.128279907724831,-7.95722389936349,1.75942161418332e-15,3.77596764799951e-14,"Negative_interaction"
"ENSG00000069966.19","ENSG00000069966","GNB5","protein_coding",-0.32260139615869,0.0405885318594712,1.14744724952772,6.45945580440286e-20,1.47004864568641,136.965773112289,1.47004859337509,0.185009550679492,7.94579840865501,1.92943982477956e-15,4.11197675598608e-14,"Positive_interaction"
"ENSG00000184205.16","ENSG00000184205","TSPYL2","protein_coding",0.472543640014055,0.00452972504428639,2.16336143435369,5.41123206136414e-45,1.69081779433963,126.997940960974,1.69081771341834,0.212850222307521,7.94369719274003,1.96242320634796e-15,4.17612879682742e-14,"Positive_interaction"
"ENSG00000100060.20","ENSG00000100060","MFNG","protein_coding",-1.00732450757445,0.000317227822141635,2.04910169813264,3.58202990353652e-12,3.05642620570709,29.2139409529804,3.0564257532656,0.384830578736603,7.94226322476719,1.98525076391942e-15,4.21851232708509e-14,"Positive_interaction"
"ENSG00000006652.16","ENSG00000006652","IFRD1","protein_coding",-0.272980298679001,0.0903004924448647,1.20684339587389,1.62287982672106e-21,1.47982369455289,437.452708760926,1.47982363923471,0.186357529240654,7.94077730727871,2.00918119948404e-15,4.26311185108679e-14,"Positive_interaction"
"ENSG00000164078.17","ENSG00000164078","MST1R","protein_coding",-0.564700896740627,0.00224729846791746,-2.48847810695124,3.12022980237806e-44,-1.92377721021061,591.886909311735,-1.92377710537334,0.242361654800428,-7.93762984890276,2.06081255649154e-15,4.35989716331027e-14,"Negative_interaction"
"ENSG00000168488.21","ENSG00000168488","ATXN2L","protein_coding",0.434448522065024,0.000102466106789884,1.59423247560105,1.86399561701831e-51,1.15978395353603,2425.44985831039,1.15978392873935,0.146196718754764,7.93303665511685,2.13851278531354e-15,4.51768619311426e-14,"Positive_interaction"
"ENSG00000138175.11","ENSG00000138175","ARL3","protein_coding",-0.402416545077072,0.00151648778187034,0.966296323853003,2.17082879728107e-13,1.36871286893007,143.740080172247,1.36871282751558,0.172556156782623,7.93198488559184,2.15670690309927e-15,4.54949002033691e-14,"Positive_interaction"
"ENSG00000104361.12","ENSG00000104361","NIPAL2","protein_coding",0.255337666676788,0.0357657689505505,-0.94838450909811,7.07883688231944e-18,-1.2037221757749,346.213563414373,-1.20372214836775,0.151764914517431,-7.93149162436679,2.16529204840848e-15,4.56096109964181e-14,"Negative_interaction"
"ENSG00000182810.7","ENSG00000182810","DDX28","protein_coding",-0.618777071442739,0.000913862228203128,-3.15471329952293,3.50732093999504e-30,-2.53593622808019,81.8215893854694,-2.53593613508162,0.320033576452801,-7.9239689884715,2.30047020152476e-15,4.83866678671941e-14,"Negative_interaction"
"ENSG00000183077.18","ENSG00000183077","AFMID","protein_coding",-0.0103751522089474,0.947324814236444,1.12700154346899,6.15043287547951e-28,1.13737669567794,271.182083347536,1.13737667197538,0.143577966709521,7.92166582409163,2.3434944925236e-15,4.92089923951855e-14,"Positive_interaction"
"ENSG00000177646.22","ENSG00000177646","ACAD9","protein_coding",-0.749281756278131,3.07312635712369e-05,-2.65748724027465,1.37355420283921e-50,-1.90820548399652,277.103553412049,-1.90820538327522,0.240989049085381,-7.91822446089302,2.40926145633382e-15,5.0455226915014e-14,"Negative_interaction"
"ENSG00000206077.15","ENSG00000206077","ZDHHC11B","protein_coding",-1.05855263251319,5.63019673789591e-06,1.45078278382391,1.16234250927794e-09,2.5093354163371,39.9449169280278,2.50933516312356,0.316950551898588,7.91711876850257,2.43077533017702e-15,5.08323175828648e-14,"Positive_interaction"
"ENSG00000112655.18","ENSG00000112655","PTK7","protein_coding",-0.602607519646855,6.13232422330227e-11,0.397811494953964,2.98345120848407e-05,1.00041901460082,2660.27406091531,1.00041899744953,0.126483323301541,7.90949329394588,2.58438622047857e-15,5.38891008736338e-14,"Positive_interaction"
"ENSG00000032742.20","ENSG00000032742","IFT88","protein_coding",-0.44432253487731,0.0245050696138136,-2.34564752264001,3.10403145275422e-44,-1.9013249877627,183.984530032898,-1.90132487900737,0.240524420198991,-7.90491409327317,2.68118439413518e-15,5.58271899997227e-14,"Negative_interaction"
"ENSG00000167716.20","ENSG00000167716","WDR81","protein_coding",0.372507433006685,0.0203322532129857,-1.3332987412362,9.86629904236119e-16,-1.70580617424288,239.71990254356,-1.7058061049963,0.215912636801793,-7.9004458945227,2.77907454908717e-15,5.77824223319531e-14,"Negative_interaction"
"ENSG00000105948.15","ENSG00000105948","IFT56","protein_coding",-1.38532357407403,3.60166070427506e-10,-4.42787054661012,4.20156953590698e-41,-3.04254697253609,97.2218407025756,-3.04254681441904,0.385250023763432,-7.89759020569809,2.84347211969933e-15,5.89814238777324e-14,"Negative_interaction"
"ENSG00000151150.24","ENSG00000151150","ANK3","protein_coding",0.953654812902238,1.5446710685117e-11,-0.542338445327602,0.000103899954633636,-1.49599325822984,300.001601595675,-1.49599320451216,0.189521699307929,-7.8935193699457,2.93781945374723e-15,6.08212564624355e-14,"Negative_interaction"
"ENSG00000196155.15","ENSG00000196155","PLEKHG4","protein_coding",-0.337176793072715,0.119629423228149,-2.62770184527004,9.53245869619748e-31,-2.29052505219732,166.895844150178,-2.29052490761794,0.290632445295133,-7.88117412456118,3.2431898186799e-15,6.70475133413824e-14,"Negative_interaction"
"ENSG00000169155.12","ENSG00000169155","ZBTB43","protein_coding",0.288372251063164,0.0670719475324075,1.82585956768768,4.74679698890578e-38,1.53748731662452,362.3663363855,1.53748725754238,0.195198948103473,7.87651405133277,3.36641080588199e-15,6.93969066839855e-14,"Positive_interaction"
"ENSG00000188917.17","ENSG00000188917","TRMT2B","protein_coding",-0.0933979007839451,0.515601244728499,-1.53631174765647,1.44436252682119e-25,-1.44291384687252,213.649204686905,-1.44291381616,0.183217495106434,-7.87541503785864,3.39613592041193e-15,6.99102297707524e-14,"Negative_interaction"
"ENSG00000137700.19","ENSG00000137700","SLC37A4","protein_coding",-0.0813614114602573,0.522091193178756,-1.22817479880889,5.74744024787466e-30,-1.14681338734863,444.193521903285,-1.14681336495607,0.145660518446936,-7.8731929364501,3.45702898466699e-15,7.1062785880559e-14,"Negative_interaction"
"ENSG00000167508.14","ENSG00000167508","MVD","protein_coding",1.50629860069542,1.61903633802532e-21,3.20199472320061,1.76229691620586e-94,1.69569612250519,459.35031242648,1.69569603835993,0.215561406563953,7.86641758090794,3.64940964751413e-15,7.4911111348123e-14,"Positive_interaction"
"ENSG00000117625.16","ENSG00000117625","RCOR3","protein_coding",-0.00680127166065468,0.974272825182796,1.33259255691522,5.73532184601376e-28,1.33939382857587,357.069371730201,1.33939378899827,0.170559396048168,7.85294636374068,4.06375488437231e-15,8.30633791034183e-14,"Positive_interaction"
"ENSG00000162415.9","ENSG00000162415","ZSWIM5","protein_coding",-0.616796527220605,0.00543477676891405,-4.55987747439319,3.49514934539419e-22,-3.94308094717258,119.488257713461,-3.94308100987605,0.502610346221486,-7.84520461928264,4.32248109499052e-15,8.82273183501445e-14,"Negative_interaction"
"ENSG00000197362.17","ENSG00000197362","ZNF786","protein_coding",-0.635852324077613,0.00343736813679989,-4.13936034687485,4.83309151282463e-24,-3.50350802279724,61.758713293627,-3.50350789230244,0.446649499821122,-7.84397585512926,4.36501067214096e-15,8.89700909432725e-14,"Negative_interaction"
"ENSG00000106025.11","ENSG00000106025","TSPAN12","protein_coding",0.393968773853982,3.01737054683232e-07,-0.726508471044281,1.17029037126518e-08,-1.12047724489826,475.148730364977,-1.12047724633046,0.142990128013191,-7.83604617954528,4.64954935304199e-15,9.43715255242079e-14,"Negative_interaction"
"ENSG00000130956.16","ENSG00000130956","HABP4","protein_coding",0.934115310568647,1.76765510894878e-08,2.65509103027956,1.41210474679098e-63,1.72097571971091,524.02977318904,1.7209756339434,0.219722713746849,7.83248852426883,4.78306866277274e-15,9.6945777707556e-14,"Positive_interaction"
"ENSG00000150756.16","ENSG00000150756","ATPSCKMT","protein_coding",-0.828318455088038,0.00127326248847811,-3.70825825241234,1.15238881208351e-37,-2.8799397973243,107.064065867182,-2.87993950377708,0.367816036885631,-7.8298366981551,4.88504056419447e-15,9.87364126308317e-14,"Negative_interaction"
"ENSG00000112414.17","ENSG00000112414","ADGRG6","protein_coding",-0.418602459456089,0.00349092854587585,-1.87407002474579,2.75509431053784e-43,-1.4554675652897,329.582114706852,-1.45546751803233,0.185918169745731,-7.82853832964732,4.93574478693219e-15,9.96223028582469e-14,"Negative_interaction"
"ENSG00000272405.1","ENSG00000272405","ENSG00000272405","lncRNA",-0.904385977367225,9.7459559284042e-10,-2.52812521019829,9.58416667489271e-59,-1.62373923283107,516.043483973767,-1.62373917757216,0.207557915104009,-7.82306556104346,5.15522384275314e-15,1.03907515895937e-13,"Negative_interaction"
"ENSG00000142949.20","ENSG00000142949","PTPRF","protein_coding",1.34081762130618,1.1530215621207e-36,0.205817668993833,0.060113352246398,-1.13499995231235,6732.20162394192,-1.13499992842601,0.145111969013856,-7.82154591477998,5.21785324744906e-15,1.05023790641711e-13,"Negative_interaction"
"ENSG00000204520.16","ENSG00000204520","MICA","protein_coding",1.15468199801185,5.98461754814727e-08,3.33903080203513,2.43851649668141e-63,2.18434880402328,199.047432776197,2.18434861615337,0.279319535544638,7.82025006555365,5.27185048123838e-15,1.05963463486972e-13,"Positive_interaction"
"ENSG00000099622.16","ENSG00000099622","CIRBP","protein_coding",-1.10716323702322,1.02953445906969e-28,-0.0588789225886574,0.580580257689798,1.04828431443456,649.001114564199,1.04828429545739,0.134100431865661,7.81715823635484,5.40291694909003e-15,1.08447468734367e-13,"Positive_interaction"
"ENSG00000173905.11","ENSG00000173905","GOLIM4","protein_coding",-0.143585517823616,0.269185329583067,-1.36625306582042,3.96516475295036e-32,-1.2226675479968,948.096835595881,-1.22266752073801,0.156489680675733,-7.81308719820028,5.58039607944763e-15,1.11854910073797e-13,"Negative_interaction"
"ENSG00000173349.6","ENSG00000173349","SFT2D3","protein_coding",-0.00872511485778678,0.963281082821901,-1.34956628568115,9.63436987512185e-26,-1.34084117082336,345.51917093912,-1.34084113478047,0.172056945118455,-7.79300791291711,6.54325220494961e-15,1.30253861200728e-13,"Negative_interaction"
"ENSG00000125534.13","ENSG00000125534","PPDPF","protein_coding",-0.349164076366306,0.00649991388679933,0.91165741915802,4.76861763258404e-15,1.26082149552433,2833.11856163251,1.26082146233876,0.161801416075967,7.79240066568265,6.57478558359643e-15,1.30702047568559e-13,"Positive_interaction"
"ENSG00000102886.16","ENSG00000102886","GDPD3","protein_coding",-0.22523422450069,0.134586721568652,1.93211922391138,1.57923584722313e-14,2.15735344841207,283.910494711589,2.15735324098817,0.27713282157478,7.78454615634924,6.99638987009871e-15,1.38702711350849e-13,"Positive_interaction"
"ENSG00000065328.19","ENSG00000065328","MCM10","protein_coding",-0.763461199882668,1.61674902014816e-08,-2.60314214464109,1.27163655450216e-37,-1.83968094475842,140.575399281093,-1.83968092856985,0.236363520161793,-7.78326929346193,7.06739737368187e-15,1.39868700357437e-13,"Negative_interaction"
"ENSG00000184254.20","ENSG00000184254","ALDH1A3","protein_coding",-0.826281023704794,0.00841194219085776,2.49799243917026,3.55967629231828e-14,3.32427346287505,30.9162688765006,3.32427285659479,0.427111929375483,7.78314214134805,7.07450713234898e-15,1.39868700357437e-13,"Positive_interaction"
"ENSG00000129317.17","ENSG00000129317","PUS7L","protein_coding",-0.759109934620083,3.45191615133083e-07,-2.35684027492167,4.895896249396e-53,-1.59773034030159,429.684477657803,-1.59773028374525,0.205416444476252,-7.77800573765629,7.36767290881842e-15,1.45466370292366e-13,"Negative_interaction"
"ENSG00000198663.19","ENSG00000198663","C6orf89","protein_coding",-0.119740711714441,0.330193444426757,-1.21659878756847,1.37861109905466e-33,-1.09685807585403,713.303531286617,-1.09685805414382,0.141029200597174,-7.77752443819637,7.39574862781724e-15,1.45749197365999e-13,"Negative_interaction"
"ENSG00000107099.19","ENSG00000107099","DOCK8","protein_coding",0.85474061038961,4.47030484955713e-05,-1.62582913785674,4.6892416085272e-10,-2.48056974824635,79.3433478589171,-2.48056954722739,0.318945222313008,-7.77741559894882,7.40211214886664e-15,1.45749197365999e-13,"Negative_interaction"
"ENSG00000011426.13","ENSG00000011426","ANLN","protein_coding",0.246413935626794,0.0301499196488644,1.34639333816985,4.0850376825031e-40,1.09997940254306,1722.36714127909,1.09997938040662,0.141437233209776,7.77715567141471,7.4173311828825e-15,1.45850696746721e-13,"Positive_interaction"
"ENSG00000116830.14","ENSG00000116830","TTF2","protein_coding",-0.408876792394619,0.017148649046577,-2.11854445609017,1.66194479429971e-39,-1.70966766369555,526.874321686184,-1.7096675855335,0.219855784086152,-7.77631388066442,7.46683061015314e-15,1.46625080219972e-13,"Negative_interaction"
"ENSG00000148346.14","ENSG00000148346","LCN2","protein_coding",-1.06781968862482,0.000200641555414223,-3.94933115120834,6.27222620599204e-50,-2.88151146258352,2059.12878157144,-2.88151106607259,0.371120297599496,-7.76435857782764,8.2059437505774e-15,1.60920888813759e-13,"Negative_interaction"
"ENSG00000080200.11","ENSG00000080200","CRYBG3","protein_coding",0.408008792263773,0.000108514480691199,-0.607356793037351,1.69137455581543e-11,-1.01536558530112,288.672334313557,-1.01536556818054,0.130805205029211,-7.76242480529567,8.33207736458479e-15,1.63173601577788e-13,"Negative_interaction"
"ENSG00000104881.18","ENSG00000104881","PPP1R13L","protein_coding",0.534654513482985,4.4112685214288e-06,1.68237756743262,2.21576742514221e-60,1.14772305394964,791.783923886764,1.14772302625154,0.147895574223639,7.76036086459229,8.46880669837992e-15,1.65627458398005e-13,"Positive_interaction"
"ENSG00000064763.14","ENSG00000064763","FAR2","protein_coding",0.21709394976347,0.0332318816711292,-0.795544172954594,2.28927287425679e-16,-1.01263812271806,429.659365115093,-1.01263810631729,0.130521514449976,-7.75839991272396,8.60075794666532e-15,1.67981380273684e-13,"Negative_interaction"
"ENSG00000196365.14","ENSG00000196365","LONP1","protein_coding",-0.825513819542721,1.51202286421294e-14,-1.95170851245287,3.38586119046168e-77,-1.12619469291015,2222.76245013483,-1.12619467000949,0.1453506661648,-7.7481218333915,9.32616398067132e-15,1.8165963495684e-13,"Negative_interaction"
"ENSG00000136319.14","ENSG00000136319","TTC5","protein_coding",-0.753978342832373,3.91788791665448e-05,-2.86019154029682,1.02476713208309e-39,-2.10621319746445,78.998392821776,-2.10621309573527,0.272077840217783,-7.74121513920193,9.84711102805973e-15,1.91549440293479e-13,"Negative_interaction"
"ENSG00000187720.16","ENSG00000187720","THSD4","protein_coding",2.47727122827208,6.06037773363167e-26,0.0909099942248555,0.708413417644153,-2.38636123404722,418.104109442563,-2.38636102856797,0.30828490989497,-7.7407649611555,9.88204325969661e-15,1.9197127469105e-13,"Negative_interaction"
"ENSG00000124217.5","ENSG00000124217","MOCS3","protein_coding",-0.855358405457229,1.13731990675386e-05,-3.0743519408824,8.07396716735557e-42,-2.21899353542517,129.75743682778,-2.21899341319935,0.286834596362108,-7.73614285495057,1.02478311035759e-14,1.98810667139253e-13,"Negative_interaction"
"ENSG00000168237.20","ENSG00000168237","GLYCTK","protein_coding",0.478230132227995,0.0296733724606172,-1.89377782848436,7.02054007793076e-15,-2.37200796071235,76.4388968975908,-2.37200777281734,0.306721965314752,-7.73341345274453,1.04700558787828e-14,2.02850333950963e-13,"Negative_interaction"
"ENSG00000134590.14","ENSG00000134590","RTL8C","protein_coding",0.272302427062528,0.0443458170293857,1.56439973992903,5.3145426484486e-39,1.2920973128665,208.518954788472,1.29209727557517,0.167138920607352,7.73067859287307,1.06974797867329e-14,2.0697980917134e-13,"Positive_interaction"
"ENSG00000161011.22","ENSG00000161011","SQSTM1","protein_coding",0.872348151181363,7.7374425709145e-11,2.25345253844652,2.78232732979515e-69,1.38110438726516,10149.188587378,1.38110434291238,0.178732675230859,7.72720679712589,1.09931985611131e-14,2.12417911396868e-13,"Positive_interaction"
"ENSG00000197150.15","ENSG00000197150","ABCB8","protein_coding",-0.9423501107211,1.22225049297333e-07,-2.81466327572687,1.08104720596325e-55,-1.87231316500577,232.307866996629,-1.87231306802154,0.242377269680781,-7.7247881803745,1.12039493912356e-14,2.16201910223417e-13,"Negative_interaction"
"ENSG00000142227.14","ENSG00000142227","EMP3","protein_coding",0.151406458865863,0.601980616412277,2.37491496500244,2.6766940151154e-37,2.22350850613658,58.6588873409073,2.22350828985782,0.28794488872882,7.7219925648754,1.14525075889656e-14,2.20704441461821e-13,"Positive_interaction"
"ENSG00000178177.19","ENSG00000178177","LCORL","protein_coding",0.484697809151155,9.44534782115811e-05,1.72009210096913,2.19391871376145e-51,1.23539429181797,254.763756532743,1.23539425837795,0.160080218383624,7.71734490902171,1.18777919577606e-14,2.28596229816556e-13,"Positive_interaction"
"ENSG00000185722.20","ENSG00000185722","ANKFY1","protein_coding",-0.193970112160658,0.160758057227491,-1.52615574839924,3.99484658424198e-32,-1.33218563623858,1016.28395752678,-1.33218560266531,0.172772651155331,-7.71062777445956,1.25200332313961e-14,2.40637031285666e-13,"Negative_interaction"
"ENSG00000163516.16","ENSG00000163516","ANKZF1","protein_coding",0.101198511837687,0.426991215556986,1.17465068637583,6.41265268460796e-34,1.07345217453814,430.41206788425,1.07345215242218,0.139477951132739,7.69621394424265,1.40157065201651e-14,2.67609511054324e-13,"Positive_interaction"
"ENSG00000004139.16","ENSG00000004139","SARM1","protein_coding",0.138839794579466,0.461251166085757,-1.56512949272582,5.7123246018141e-21,-1.70396928730529,178.157509999282,-1.70396921008487,0.221742115315413,-7.6844635835691,1.53639370404495e-14,2.92197080827026e-13,"Negative_interaction"
"ENSG00000178764.10","ENSG00000178764","ZHX2","protein_coding",0.229820458780635,0.0383985133703463,1.28926016928196,1.45355539777232e-38,1.05943971050133,279.375655249665,1.05943968990718,0.137923353511975,7.68136550432122,1.57401677805432e-14,2.98960041252467e-13,"Positive_interaction"
"ENSG00000272734.2","ENSG00000272734","ADIRF-AS1","lncRNA",-0.469188199035254,0.041299593089647,1.83194727628744,6.51587371053521e-16,2.30113547532269,67.9294151104873,2.30113526876518,0.299635582547003,7.6797797150951,1.59362385239686e-14,3.02287917132661e-13,"Positive_interaction"
"ENSG00000105612.12","ENSG00000105612","DNASE2","protein_coding",0.247440175802233,0.0220373346233296,1.25178604819112,2.15796004028706e-43,1.00434587238889,580.61039212519,1.00434585386931,0.13079048595894,7.67904367435872,1.60280589289039e-14,3.03632196075392e-13,"Positive_interaction"
"ENSG00000038532.19","ENSG00000038532","CLEC16A","protein_coding",-0.117659879049369,0.319598289032097,-1.26663454930492,1.49715722313397e-27,-1.14897467025555,259.345280776079,-1.14897465091163,0.14974261084372,-7.67299731477747,1.68023008022123e-14,3.17883737892508e-13,"Negative_interaction"
"ENSG00000112167.12","ENSG00000112167","SAYSD1","protein_coding",-0.0977853961882493,0.578096812877304,-1.6426297283011,2.1563896373938e-27,-1.54484433211285,156.207728384185,-1.54484427615777,0.20140422629547,-7.67036672751547,1.71505284135799e-14,3.24048836726988e-13,"Negative_interaction"
"ENSG00000213085.11","ENSG00000213085","CFAP45","protein_coding",0.236229484181621,0.700683585956714,5.75336245677333,1.38906023875143e-24,5.51713297259171,24.8312269345582,5.51712977175251,0.719713924583307,7.6657260382266,1.7782239501642e-14,3.35547154762755e-13,"Positive_interaction"
"ENSG00000007541.19","ENSG00000007541","PIGQ","protein_coding",-0.227970172262505,0.296239938724124,-2.44662438720629,4.14773677697575e-26,-2.21865421494378,155.859928435556,-2.21865408996514,0.289466647955838,-7.66462770627594,1.79350673821592e-14,3.37990892720742e-13,"Negative_interaction"
"ENSG00000175764.19","ENSG00000175764","TTLL11","protein_coding",-0.839215675374912,1.43808398431169e-05,-4.25377552600786,1.66537555285927e-24,-3.41455985063295,79.6708026962256,-3.41455987855205,0.445681626989088,-7.6614328968864,1.83869942256087e-14,3.46057558853924e-13,"Negative_interaction"
"ENSG00000159147.20","ENSG00000159147","DONSON","protein_coding",-0.404516473077941,0.0601944746663982,1.56691485161999,3.41359053126509e-18,1.97143132469793,180.8698349797,1.97143119120686,0.257363816846162,7.66009462932885,1.85796133017793e-14,3.49229255472614e-13,"Positive_interaction"
"ENSG00000107021.19","ENSG00000107021","TBC1D13","protein_coding",0.046947941899357,0.716756955776339,-1.06074327298988,3.32754088055018e-22,-1.10769121488924,385.637510222938,-1.10769119471426,0.144608637498342,-7.65992415029123,1.86042927353992e-14,3.4924016881011e-13,"Negative_interaction"
"ENSG00000092853.16","ENSG00000092853","CLSPN","protein_coding",-0.723279741511819,0.00022294992090908,-3.21768522015754,3.68843628707e-31,-2.49440547864572,167.901321670444,-2.49440540396102,0.325987255006597,-7.65184946850311,1.98109070076157e-14,3.70451179812086e-13,"Negative_interaction"
"ENSG00000014257.18","ENSG00000014257","ACP3","protein_coding",0.981660419740703,7.73633674554175e-17,-0.418692244588923,0.00586440584273206,-1.40035266432963,143.315362268403,-1.40035262360281,0.183200630023625,-7.64381991165765,2.10870290356181e-14,3.9178618562074e-13,"Negative_interaction"
"ENSG00000184584.16","ENSG00000184584","STING1","protein_coding",-0.45893208627053,0.0259207117424136,-3.27338350422859,1.43101273897547e-23,-2.81445141795806,74.1184138749429,-2.81445131709945,0.368762261127804,-7.63215657831111,2.30858800914671e-14,4.27826821337009e-13,"Negative_interaction"
"ENSG00000143333.9","ENSG00000143333","RGS16","protein_coding",-0.160867817957417,0.752422076946526,-3.45888546870585,1.05903616081538e-60,-3.29801765074843,70.3236609340566,-3.29801707704095,0.432204514378908,-7.63068632399714,2.33507208948787e-14,4.32182180343017e-13,"Negative_interaction"
"ENSG00000172164.16","ENSG00000172164","SNTB1","protein_coding",-0.511582076821593,3.27132231942252e-05,-1.78799791589883,1.75251629950172e-46,-1.27641583907724,1973.07579796777,-1.27641581073009,0.167317715453405,-7.62869494883549,2.37142030950647e-14,4.38349784762343e-13,"Negative_interaction"
"ENSG00000152683.16","ENSG00000152683","SLC30A6","protein_coding",-0.332150624660202,0.00208970648393499,-1.39840224046937,6.55188697198306e-43,-1.06625161580917,524.403413565521,-1.06625159607997,0.139934843520486,-7.61962903059145,2.54405792577256e-14,4.69662260640713e-13,"Negative_interaction"
"ENSG00000121797.12","ENSG00000121797","CCRL2","protein_coding",0.556096519183682,0.211022046613661,-3.33450406113373,9.57910651699645e-21,-3.89060058031741,27.0258182752798,-3.89059957321777,0.510657353943787,-7.61880651119742,2.56031907240315e-14,4.71793626785564e-13,"Negative_interaction"
"ENSG00000124813.25","ENSG00000124813","RUNX2","protein_coding",0.0776995873882887,0.518941293082217,1.08478232865878,7.20014915045761e-31,1.00708274127049,363.970861946902,1.00708272331414,0.132185360328656,7.61871602732862,2.56211416147004e-14,4.71793626785564e-13,"Positive_interaction"
"ENSG00000056586.18","ENSG00000056586","RC3H2","protein_coding",0.611208276824585,4.23825688571861e-10,-0.394237919169375,5.97608585767926e-05,-1.00544619599396,1184.66623217434,-1.00544617868286,0.13205191264174,-7.6140220809271,2.65695377442975e-14,4.88017415703877e-13,"Negative_interaction"
"ENSG00000250565.9","ENSG00000250565","ATP6V1E2","protein_coding",-0.539363850292039,0.0250709791509064,-2.83652739626958,7.72584379557358e-39,-2.29716354597754,75.5347094867854,-2.29716335135532,0.301723697984831,-7.61346678003001,2.668399351802e-14,4.89499283624236e-13,"Negative_interaction"
"ENSG00000119509.15","ENSG00000119509","INVS","protein_coding",-0.622673506406224,0.000181164166543385,-2.40847721305266,3.08838838638591e-40,-1.78580370664644,279.513489328566,-1.78580363551704,0.234633154704244,-7.61104558206217,2.7188731433163e-14,4.98127807748923e-13,"Negative_interaction"
"ENSG00000070526.17","ENSG00000070526","ST6GALNAC1","protein_coding",-1.07778416718513,5.32434909731924e-07,-3.55000955173595,2.09725533739918e-42,-2.47222538455082,62.803625454123,-2.4722252218655,0.324882876352141,-7.60958918372123,2.74968520244551e-14,5.0313684285152e-13,"Negative_interaction"
"ENSG00000105245.11","ENSG00000105245","NUMBL","protein_coding",-0.397524801801846,0.0420815625633683,1.14145527591314,1.89506968363505e-25,1.53898007771499,147.368518973713,1.5389799949646,0.202316014097002,7.60681254933546,2.80938314469672e-14,5.12120509848364e-13,"Positive_interaction"
"ENSG00000118007.15","ENSG00000118007","STAG1","protein_coding",-0.587238778269206,6.14490102361213e-09,-1.65562264009764,1.17003021866114e-55,-1.06838386182843,481.864566424999,-1.06838384496518,0.140498692968548,-7.60422622012822,2.8661352533442e-14,5.21809448385229e-13,"Negative_interaction"
"ENSG00000176058.15","ENSG00000176058","TPRN","protein_coding",0.258970081663019,0.0147734387988093,1.30969552677333,2.38337004885892e-37,1.05072544511031,1119.99080717028,1.05072542477425,0.13822292244728,7.60167276288785,2.92327175196924e-14,5.31543967748284e-13,"Positive_interaction"
"ENSG00000065911.14","ENSG00000065911","MTHFD2","protein_coding",-0.258096554099165,0.0804754846691026,1.11226325165142,1.2001518354e-17,1.37035980575059,4405.92185159769,1.37035976112537,0.180285987747003,7.60103310440525,2.9377594059968e-14,5.33508888617864e-13,"Positive_interaction"
"ENSG00000061987.18","ENSG00000061987","MON2","protein_coding",-0.0124029738537419,0.932722997521173,-1.07849025625095,2.1315432420033e-25,-1.06608728239721,326.740976251151,-1.06608726274083,0.140292703824543,-7.5990214293263,2.98378372998854e-14,5.40512422687424e-13,"Negative_interaction"
"ENSG00000110583.15","ENSG00000110583","NAA40","protein_coding",-0.159170703365854,0.556396961818937,-2.31376103320226,4.73269085338188e-33,-2.15459032983641,135.352530742722,-2.1545901571813,0.283622695658316,-7.59667752321542,3.03830404684758e-14,5.4970165102266e-13,"Negative_interaction"
"ENSG00000165025.17","ENSG00000165025","SYK","protein_coding",-0.576312494269264,0.00045495188566329,-2.22263998283871,3.12817347241331e-44,-1.64632748856945,2409.68881271053,-1.6463274186416,0.216981072903688,-7.58742408547475,3.26327683140526e-14,5.88934095152242e-13,"Negative_interaction"
"ENSG00000106003.14","ENSG00000106003","LFNG","protein_coding",-0.523188855715063,0.00256268628806737,-2.81011545843326,9.26859527158702e-27,-2.2869266027182,374.117904214545,-2.28692661909561,0.301435624309644,-7.58678283077253,3.27946050492551e-14,5.90384368166218e-13,"Negative_interaction"
"ENSG00000183161.6","ENSG00000183161","FANCF","protein_coding",-0.57548527941318,3.29325540193621e-06,-1.81024629663932,9.14984649618164e-54,-1.23476101722614,288.300881929208,-1.234760986666,0.162790396552763,-7.58497437694857,3.32552777853179e-14,5.97484987670779e-13,"Negative_interaction"
"ENSG00000198131.17","ENSG00000198131","ZNF544","protein_coding",-1.10017308536778,3.17101972183954e-16,-2.77641811706805,3.86519277310316e-52,-1.67624503170027,151.355455143301,-1.67624500828132,0.220997314939621,-7.58491119559208,3.32714866857796e-14,5.97484987670779e-13,"Negative_interaction"
"ENSG00000185085.3","ENSG00000185085","INTS5","protein_coding",-0.178897472950372,0.206714872756488,-1.52288144646185,6.27692759764521e-30,-1.34398397351148,252.97444582928,-1.34398393736719,0.177208621346333,-7.58419047084922,3.34569361859825e-14,5.99869563533468e-13,"Negative_interaction"
"ENSG00000099991.20","ENSG00000099991","CABIN1","protein_coding",-0.112773613249448,0.308561581385874,-1.11436098322388,3.47925207169374e-30,-1.00158736997443,408.032266532813,-1.00158735389108,0.13206455849751,-7.58407376881485,3.34870602331339e-14,5.99869563533468e-13,"Negative_interaction"
"ENSG00000103187.9","ENSG00000103187","COTL1","protein_coding",-0.904380851923716,1.28971868019224e-11,0.457011889740774,0.000598242371360919,1.36139274166449,1406.79358439939,1.36139269746428,0.179515368276262,7.58371113591339,3.3580836212551e-14,6.0006594129752e-13,"Positive_interaction"
"ENSG00000106692.17","ENSG00000106692","FKTN","protein_coding",-0.495545400232695,0.00166551225052955,-2.09255703093758,2.21693661037123e-40,-1.59701163070488,608.229792754147,-1.59701156978046,0.210596147292892,-7.58328958202345,3.36901736609187e-14,6.01278321051766e-13,"Negative_interaction"
"ENSG00000067221.16","ENSG00000067221","STOML1","protein_coding",-0.325852430178591,0.0401676007020498,-2.20488136180503,5.14099466555425e-26,-1.87902893162644,83.5764086496769,-1.87902887789472,0.247891794109026,-7.58003662302874,3.45457431250412e-14,6.15789556418324e-13,"Negative_interaction"
"ENSG00000057252.15","ENSG00000057252","SOAT1","protein_coding",1.66263812075379,2.97343982966853e-15,-0.142551280590206,0.313478422580325,-1.805189401344,106.052564477264,-1.8051893496045,0.238235884276546,-7.57731924007307,3.52768005984051e-14,6.26950545565131e-13,"Negative_interaction"
"ENSG00000186666.7","ENSG00000186666","BCDIN3D","protein_coding",-0.807134758863389,4.57443339864278e-08,-2.64023406818977,5.18172139922146e-39,-1.83309930932638,100.060280715452,-1.83309926912925,0.241922153285713,-7.57722781577733,3.53016592037777e-14,6.26950545565131e-13,"Negative_interaction"
"ENSG00000234741.11","ENSG00000234741","GAS5","lncRNA",-0.242177990770986,0.0395554257318688,0.862779767099731,2.8246985253403e-16,1.10495775787072,3667.48858422641,1.1049577343369,0.145915602530995,7.57258110284801,3.65880645480764e-14,6.48208106883525e-13,"Positive_interaction"
"ENSG00000204842.20","ENSG00000204842","ATXN2","protein_coding",0.426584251856982,0.000903242967782911,1.66680490244813,2.71185629829223e-46,1.24022065059115,703.035197300833,1.24022061632504,0.16384841260296,7.56931725258984,3.75190855855322e-14,6.63565089256554e-13,"Positive_interaction"
"ENSG00000260708.3","ENSG00000260708","TBC1D22A-DT","lncRNA",-0.659782813464438,0.138855681475092,3.21037977789547,4.56592161959643e-20,3.87016259135991,21.3681618516418,3.87016151695216,0.511302386433219,7.56922247899119,3.75464651663245e-14,6.63565089256554e-13,"Positive_interaction"
"ENSG00000164109.16","ENSG00000164109","MAD2L1","protein_coding",-0.15195615864717,0.22333569933043,0.953597754424089,8.25614212677223e-20,1.10555391307126,415.290509395931,1.10555388934729,0.146088558900368,7.56769659218332,3.79900000197389e-14,6.70585968679727e-13,"Positive_interaction"
"ENSG00000254635.7","ENSG00000254635","WAC-AS1","lncRNA",-0.556026645438987,0.000483374977561681,-2.40048126885083,1.82312168302429e-33,-1.84445462341184,170.980494168654,-1.84445457041232,0.243737611739169,-7.56737771102034,3.80833391324762e-14,6.71415755119034e-13,"Negative_interaction"
"ENSG00000133935.9","ENSG00000133935","ERG28","protein_coding",0.593841210119428,1.0980352536019e-08,1.64759419229578,1.43170558035173e-59,1.05375298217635,429.214040237711,1.05375296120945,0.139377902269198,7.56040192923984,4.01825752685083e-14,7.07564861228703e-13,"Positive_interaction"
"ENSG00000198498.12","ENSG00000198498","TMA16","protein_coding",-0.217184786770921,0.17606644568718,-1.77975183479758,5.22020180410258e-29,-1.56256704802666,128.271381210708,-1.5625669935952,0.206888230702635,-7.55271089268053,4.26290575817943e-14,7.47918041737728e-13,"Negative_interaction"
"ENSG00000167748.12","ENSG00000167748","KLK1","protein_coding",0.329785202417042,0.0110261786137334,1.62623361080679,2.24472133708346e-36,1.29644840838975,521.866173946246,1.29644836981146,0.171824323615499,7.54519699267137,4.51604342454608e-14,7.9041668247007e-13,"Positive_interaction"
"ENSG00000168005.11","ENSG00000168005","SPINDOC","protein_coding",0.57786919779857,2.23448212415906e-06,1.73688441630196,3.5720781207666e-61,1.15901521850339,639.277704538032,1.15901518702026,0.153666044635991,7.54242871133808,4.61298304340691e-14,8.05437955000638e-13,"Positive_interaction"
"ENSG00000145780.10","ENSG00000145780","FEM1C","protein_coding",0.311879987690447,0.0502767769433423,1.77637343863355,4.67888115542709e-38,1.4644934509431,695.566072618105,1.46449339394693,0.19422781241686,7.54008077279773,4.69680449553015e-14,8.17119936965462e-13,"Positive_interaction"
"ENSG00000197818.14","ENSG00000197818","SLC9A8","protein_coding",-0.391114446833986,0.00380941280695848,-1.67459667069637,1.14477442781442e-43,-1.28348222386238,221.510263251925,-1.28348218792577,0.170220071109207,-7.54013424834219,4.69487885534144e-14,8.17119936965462e-13,"Negative_interaction"
"ENSG00000160193.14","ENSG00000160193","WDR4","protein_coding",-0.92644236112259,0.00130064600454707,-3.78547425433025,9.72081115687849e-42,-2.85903189320766,218.301368381628,-2.85903150881276,0.379634608353592,-7.53100862224305,5.03498630293398e-14,8.74904334557784e-13,"Negative_interaction"
"ENSG00000168906.15","ENSG00000168906","MAT2A","protein_coding",-0.810522217323066,4.48976236517996e-06,-2.55435811468649,2.94630121124187e-53,-1.74383589736342,1631.63597726486,-1.74383580449093,0.23156087061158,-7.53078790853241,5.04350528515712e-14,8.75335072964036e-13,"Negative_interaction"
"ENSG00000168216.15","ENSG00000168216","LMBRD1","protein_coding",0.215558782886116,0.0538069715135571,1.24082868374501,9.03028352980125e-38,1.02526990085889,774.390315015771,1.02526988132613,0.13614872799878,7.53051384611777,5.0541031165827e-14,8.76125147912877e-13,"Positive_interaction"
"ENSG00000116771.8","ENSG00000116771","AGMAT","protein_coding",0.218404893999167,0.152580852617996,-1.25644336129288,6.14382245748008e-17,-1.47484825529205,296.341880413726,-1.47484820703073,0.195856695307412,-7.53024145902107,5.06465785872988e-14,8.76905874417125e-13,"Negative_interaction"
"ENSG00000187609.18","ENSG00000187609","EXD3","protein_coding",0.237282875223178,0.110793458658606,1.57457633585196,4.69850594816549e-36,1.33729346062878,136.608460874183,1.337293416125,0.177600166993651,7.52979819085869,5.08188042926341e-14,8.78837842254001e-13,"Positive_interaction"
"ENSG00000168887.13","ENSG00000168887","C2orf68","protein_coding",-0.415542296018035,0.0189387115718834,-2.16791822326932,2.5337302324877e-35,-1.75237592725129,319.772685925959,-1.75237584482508,0.23283273237393,-7.5263294252406,5.21865776430728e-14,9.01415832185234e-13,"Negative_interaction"
"ENSG00000178921.16","ENSG00000178921","PFAS","protein_coding",-0.771470464718705,1.54079645950607e-05,-2.63279693837811,1.05162150131809e-44,-1.8613264736594,206.573756873691,-1.86132638104276,0.247521747491652,-7.51984987139579,5.48391762042477e-14,9.46106358990426e-13,"Negative_interaction"
"ENSG00000155330.11","ENSG00000155330","C16orf87","protein_coding",-0.0230684915495183,0.901593778362032,1.37662377166863,6.63500067062184e-24,1.39969226321815,120.99517175906,1.39969221436945,0.186164904593797,7.5185611242007,5.53823524290512e-14,9.54341321524151e-13,"Positive_interaction"
"ENSG00000131876.20","ENSG00000131876","SNRPA1","protein_coding",0.141881383047583,0.226114678403979,1.19942206727836,2.49917212633037e-31,1.05754068423078,443.140822093419,1.05754066328632,0.140683352455012,7.51716990554733,5.59746556265861e-14,9.62987519616469e-13,"Positive_interaction"
"ENSG00000161956.16","ENSG00000161956","SENP3","protein_coding",-0.181117898952769,0.357618407112355,-1.87917521533281,6.2942640103784e-31,-1.69805731638004,100.776245204523,-1.69805723350209,0.2258934680109,-7.51707098241614,5.6017007937944e-14,9.62987519616469e-13,"Negative_interaction"
"ENSG00000204899.7","ENSG00000204899","MZT1","protein_coding",0.118893261757869,0.326901263746826,1.14896152616787,8.69262951564114e-33,1.03006826441,982.670366942313,1.03006824417691,0.137066716752454,7.51508658398261,5.68732814268621e-14,9.76549282509579e-13,"Positive_interaction"
"ENSG00000120437.11","ENSG00000120437","ACAT2","protein_coding",0.731498820352435,1.7177714402461e-05,2.41166975014631,2.40028936260625e-50,1.68017092979387,595.957976655802,1.68017084482594,0.223646641501706,7.51261379801729,5.79583215677343e-14,9.94002362319059e-13,"Positive_interaction"
"ENSG00000204160.14","ENSG00000204160","ZDHHC18","protein_coding",0.43972384036053,0.00458092840121739,1.91669893143712,4.61176246361673e-42,1.47697509107659,499.059095593611,1.47697503273596,0.196793867173982,7.50518831681982,6.13403543501586e-14,1.04581695910882e-12,"Positive_interaction"
"ENSG00000106089.14","ENSG00000106089","STX1A","protein_coding",-0.426280210322545,0.0387662544128087,1.28312741823688,1.00815850787803e-19,1.70940762855942,111.944496368915,1.70940752819374,0.227831999406787,7.50292993365542,6.24069148483526e-14,1.0615035328431e-12,"Positive_interaction"
"ENSG00000171914.19","ENSG00000171914","TLN2","protein_coding",-0.374300443170527,0.0109972509690821,-1.79059434044414,1.43745943024368e-38,-1.41629389727361,631.039204164499,-1.41629384922439,0.188802620332666,-7.50145229302917,6.31146011830163e-14,1.07228229817617e-12,"Negative_interaction"
"ENSG00000136098.21","ENSG00000136098","NEK3","protein_coding",-1.00535128540831,3.27663776823491e-06,-3.17124325218501,5.24324010185231e-51,-2.1658919667767,195.822580318997,-2.16589180140535,0.288738832358648,-7.50121410311397,6.32294134505469e-14,1.07297501138797e-12,"Negative_interaction"
"ENSG00000120925.18","ENSG00000120925","RNF170","protein_coding",-0.0953676676344675,0.665808309385726,-1.90992421199389,2.2765747162641e-26,-1.81455654435942,181.817738818518,-1.81455644504162,0.242234302473943,-7.49091448448683,6.83953717307651e-14,1.15928155218976e-12,"Negative_interaction"
"ENSG00000174607.14","ENSG00000174607","UGT8","protein_coding",0.416588479115416,0.000262583664683338,-0.690860443907892,1.30187792261895e-10,-1.10744892302331,627.594891423502,-1.1074488988576,0.147904210947828,-7.48760898530634,7.01396165194999e-14,1.18745715257079e-12,"Negative_interaction"
"ENSG00000169692.16","ENSG00000169692","AGPAT2","protein_coding",0.272201104491195,0.020016252988373,1.37616362040584,3.53984593504834e-38,1.10396251591465,1964.70699521305,1.10396249190146,0.147453216209123,7.48686614156854,7.05375773456302e-14,1.19141092178656e-12,"Positive_interaction"
"ENSG00000165816.15","ENSG00000165816","VWA2","protein_coding",-0.537582085191865,1.42843536085353e-07,-1.93522565567983,2.63916588656018e-32,-1.39764357048796,1026.74346821015,-1.39764360507094,0.186805985480193,-7.48179241408268,7.33156909973301e-14,1.23401973743706e-12,"Negative_interaction"
"ENSG00000128272.21","ENSG00000128272","ATF4","protein_coding",-0.220423133715663,0.10351157939966,1.0065800148217,1.59021057893916e-17,1.22700314853736,2897.47038064745,1.22700311541553,0.164032884127212,7.48022643108535,7.41946633186148e-14,1.24736549978349e-12,"Positive_interaction"
"ENSG00000137274.16","ENSG00000137274","BPHL","protein_coding",-0.144706459278013,0.5520806601987,-1.97412281629015,4.67267664514005e-36,-1.82941635701214,107.888776472524,-1.82941624833703,0.244817778800881,-7.47256288860037,7.86477606458368e-14,1.32069912778617e-12,"Negative_interaction"
"ENSG00000117054.17","ENSG00000117054","ACADM","protein_coding",-0.389227157412463,0.00439692297825647,-1.82857716038889,8.45737565446798e-34,-1.43935000297643,231.301716325587,-1.43934996662926,0.192635373224443,-7.47188817160934,7.90521778171375e-14,1.32400734452823e-12,"Negative_interaction"
"ENSG00000255474.1","ENSG00000255474","GAU1","lncRNA",0.286836192317069,0.295892545718067,-2.48904774785803,1.6358055320639e-16,-2.7758839401751,36.9149483519072,-2.77588363227571,0.371515843381401,-7.47177726529947,7.91188490450902e-14,1.32400734452823e-12,"Negative_interaction"
"ENSG00000173950.17","ENSG00000173950","XXYLT1","protein_coding",-0.40832201296693,0.00520678724477125,-1.86883894861758,1.00263978599303e-36,-1.46051693565065,142.797570004741,-1.46051688890158,0.195760541564552,-7.46073175538274,8.6043265879292e-14,1.43822261721188e-12,"Negative_interaction"
"ENSG00000106028.13","ENSG00000106028","SSBP1","protein_coding",-1.05443868775934,2.71312863038573e-27,-2.08372175403375,6.92264672519656e-92,-1.02928306627441,549.464221526951,-1.02928305153387,0.13796894374245,-7.46025173212356,8.63573297320949e-14,1.44180924248562e-12,"Negative_interaction"
"ENSG00000126524.14","ENSG00000126524","SBDS","protein_coding",0.0383392901088737,0.805560667115394,1.23046363563867,4.82967195602007e-27,1.1921243455298,1542.88037684815,1.19212431464654,0.159914250183277,7.4547722500043,9.00232013564354e-14,1.50128450409374e-12,"Positive_interaction"
"ENSG00000123989.17","ENSG00000123989","CHPF","protein_coding",1.45843561224866,4.2538095670107e-30,0.16134932600186,0.227475962627588,-1.2970862862468,977.981969702469,-1.29708624712473,0.174082760455299,-7.45097471876201,9.26531179545221e-14,1.54159470194826e-12,"Negative_interaction"
"ENSG00000141753.9","ENSG00000141753","IGFBP4","protein_coding",0.839600087953488,4.06826556284788e-14,-0.317778867863333,0.00814277513118716,-1.15737895581682,530.152334341131,-1.15737892912612,0.155425908143592,-7.44649938321005,9.5849484582984e-14,1.59294808552363e-12,"Negative_interaction"
"ENSG00000115486.15","ENSG00000115486","GGCX","protein_coding",0.25154514211453,0.0714131849526266,-0.999604812337757,4.8510365197721e-17,-1.25114995445229,265.975883174897,-1.25114991914912,0.168040584395798,-7.44552230431546,9.65616146598037e-14,1.60294492514304e-12,"Negative_interaction"
"ENSG00000099834.21","ENSG00000099834","CDHR5","protein_coding",0.362064678111971,0.0171494988515714,-1.13220932063457,9.79670818763323e-14,-1.49427399874654,365.367472194627,-1.49427394452857,0.200710582031822,-7.44491859573033,9.70042155423913e-14,1.60844976160221e-12,"Negative_interaction"
"ENSG00000182934.14","ENSG00000182934","SRPRA","protein_coding",0.401260258240248,0.00060000253561021,1.52013154093843,3.34603266232205e-45,1.11887128269818,2832.78881862013,1.11887125718372,0.150322493483625,7.44313928843661,9.83203218672748e-14,1.62840926228634e-12,"Positive_interaction"
"ENSG00000167528.15","ENSG00000167528","ZNF641","protein_coding",-0.431636937877874,0.0100169324635334,-2.11502905473138,1.54699828645316e-34,-1.68339211685351,86.7160340176187,-1.68339204742704,0.226236001901718,-7.44086720626517,1.00026459226926e-13,1.65477562456235e-12,"Negative_interaction"
"ENSG00000053372.7","ENSG00000053372","MRTO4","protein_coding",-0.808460565565664,2.22194288887329e-11,-2.04314434247873,1.20450707834395e-62,-1.23468377691307,312.233987899222,-1.23468374802518,0.165950951561295,-7.44005223476615,1.00645495569955e-13,1.66311804082074e-12,"Negative_interaction"
"ENSG00000116473.17","ENSG00000116473","RAP1A","protein_coding",0.0618472410107951,0.651216223479621,1.15978805319624,3.99285458875727e-27,1.09794081218544,466.071331642934,1.09794078822015,0.147653912797033,7.43590716576129,1.03852755853809e-13,1.71221176090262e-12,"Positive_interaction"
"ENSG00000077150.23","ENSG00000077150","NFKB2","protein_coding",0.523657488265134,1.54427660146299e-05,1.55985316479169,2.07576499253747e-76,1.03619567652656,470.555781791396,1.03619564467225,0.139468507767264,7.4296030068765,1.08924095732093e-13,1.79378181289716e-12,"Positive_interaction"
"ENSG00000138193.19","ENSG00000138193","PLCE1","protein_coding",1.40078172198518,6.86228600135225e-19,-0.024995218824336,0.860854954591327,-1.42577694080952,166.062127113791,-1.4257769019735,0.191929272987238,-7.42865785808662,1.09705103154623e-13,1.80459291136981e-12,"Negative_interaction"
"ENSG00000198039.14","ENSG00000198039","ZNF273","protein_coding",-0.357405529440354,0.0423297036482807,1.05370568297313,1.2425793840409e-20,1.41111121241348,144.882436882191,1.41111115139919,0.189986475446006,7.42742949510755,1.10728368783665e-13,1.81936000046812e-12,"Positive_interaction"
"ENSG00000143367.19","ENSG00000143367","TUFT1","protein_coding",0.0806363916440692,0.576718156309948,1.28244048043863,6.33231472652861e-27,1.20180408879456,597.587707892751,1.20180405721049,0.161842624666761,7.42575733484946,1.1213642129923e-13,1.83832694283761e-12,"Positive_interaction"
"ENSG00000160959.10","ENSG00000160959","LRRC14","protein_coding",-0.243361417696213,0.215886940359257,-2.03673820002887,1.401033891879e-29,-1.79337678233266,199.031485893856,-1.79337668738994,0.241575209744524,-7.42367848624248,1.13911483864196e-13,1.86531663746884e-12,"Negative_interaction"
"ENSG00000223768.5","ENSG00000223768","LINC00205","lncRNA",-1.16892753819247,1.72964313924169e-05,-4.21035272868133,2.34045944610044e-37,-3.04142519048886,94.9040969402688,-3.04142485470264,0.410012900137397,-7.41787600751939,1.19013436470362e-13,1.94446755504903e-12,"Negative_interaction"
"ENSG00000137310.15","ENSG00000137310","TCF19","protein_coding",-0.73030120282657,0.00115567711064902,-3.02167117634141,2.22191981995195e-37,-2.29136997351484,307.21193005996,-2.29136980102087,0.309442709834577,-7.4048272206697,1.31321333903889e-13,2.1383244617249e-12,"Negative_interaction"
"ENSG00000131115.18","ENSG00000131115","ZNF227","protein_coding",-0.529015690530498,2.76443173448342e-06,0.583786206297984,1.50972479608376e-07,1.11280189682848,170.808438902621,1.1128018714545,0.150293988913366,7.40416752193568,1.31975736888248e-13,2.14656832658192e-12,"Positive_interaction"
"ENSG00000105722.13","ENSG00000105722","ERF","protein_coding",0.216434747855035,0.225205491004821,1.76471512186238,5.58286245967852e-32,1.54828037400734,1066.63064539862,1.54828030537459,0.209376808518796,7.39470773447959,1.41719637235139e-13,2.30246746951977e-12,"Positive_interaction"
"ENSG00000092470.14","ENSG00000092470","WDR76","protein_coding",-0.967510710069957,1.03130166372722e-07,-3.38432174030988,1.18153763819235e-32,-2.41681103023992,192.487484381623,-2.41681102264469,0.326909197717189,-7.39291228121237,1.4364724794631e-13,2.3311712399081e-12,"Negative_interaction"
"ENSG00000197062.14","ENSG00000197062","ZSCAN26","protein_coding",-0.48717847453877,0.0820036221791292,-3.06060761701079,2.67737241520076e-33,-2.57342914247202,45.382776392668,-2.57342886031471,0.348124606006141,-7.39226362031218,1.44349970731793e-13,2.3399550065382e-12,"Negative_interaction"
"ENSG00000168938.8","ENSG00000168938","PPIC","protein_coding",1.00999406249566,2.75559926443522e-17,-0.0790655520281331,0.448983018654622,-1.08905961452379,229.776661653934,-1.08905959536276,0.14733283890967,-7.39183201397798,1.44819419242156e-13,2.34494192587411e-12,"Negative_interaction"
"ENSG00000177853.17","ENSG00000177853","ZNF518A","protein_coding",-0.524207677871105,0.000124072347367151,-1.9019200870694,8.28295285121589e-42,-1.3777124091983,405.3223053148,-1.37771236973749,0.186532102005586,-7.38592636293903,1.5139556953128e-13,2.4459582983805e-12,"Negative_interaction"
"ENSG00000132424.19","ENSG00000132424","PNISR","protein_coding",-0.465006217503969,0.000123125935613298,0.665483989585655,7.67145438315176e-10,1.13049020708962,595.755827772327,1.13049018016529,0.15311300572526,7.38337135248852,1.54330786169044e-13,2.4878328733724e-12,"Positive_interaction"
"ENSG00000167105.10","ENSG00000167105","TMEM92","protein_coding",1.3739552708338,2.47699917028245e-05,-1.0688073508735,4.2570966949888e-14,-2.4427626217073,87.9655840120958,-2.44276252898086,0.330975266213487,-7.38049872102897,1.57697692119295e-13,2.53928328243647e-12,"Negative_interaction"
"ENSG00000160360.14","ENSG00000160360","GPSM1","protein_coding",0.135736558271058,0.544661224636282,1.75202420182274,5.8027585679078e-39,1.61628764355168,161.319742790298,1.6162875438617,0.219030902930262,7.37926713645662,1.59163195417342e-13,2.56003665703454e-12,"Positive_interaction"
"ENSG00000170915.11","ENSG00000170915","PAQR8","protein_coding",-0.134726411794976,0.507889540112101,-1.84747048645498,3.75175173764299e-27,-1.71274407466,1163.8678321818,-1.71274398921434,0.232248422773659,-7.37462054105536,1.64813799175777e-13,2.64798401070439e-12,"Negative_interaction"
"ENSG00000197858.14","ENSG00000197858","GPAA1","protein_coding",-0.915828961009583,3.18287924031798e-15,-2.09832146838241,7.81726728773762e-71,-1.18249250737283,330.399729319231,-1.18249248206541,0.160382244193284,-7.37296380913795,1.66875801028149e-13,2.67814408471754e-12,"Negative_interaction"
"ENSG00000184271.19","ENSG00000184271","POU6F1","protein_coding",-0.146053730269069,0.490554896590047,1.79991364217408,7.71527006341101e-18,1.94596737244315,72.9820919473873,1.94596723562019,0.26465534114299,7.35283568136571,1.94045429632104e-13,3.10387016140006e-12,"Positive_interaction"
"ENSG00000181396.15","ENSG00000181396","OGFOD3","protein_coding",-0.256939921967129,0.0888103030915213,-1.65769181657347,1.34945505107831e-31,-1.40075189460634,248.770980727342,-1.40075184859741,0.190649793724285,-7.34725079547247,2.02325031390038e-13,3.22917880496082e-12,"Negative_interaction"
"ENSG00000131013.6","ENSG00000131013","PPIL4","protein_coding",-0.283260505880872,0.0135254825096092,0.756778109292086,4.42527622733583e-14,1.04003861517296,541.319723832474,1.04003859406214,0.1415633562656,7.34680655713491,2.02998321447399e-13,3.23636047790507e-12,"Positive_interaction"
"ENSG00000164611.15","ENSG00000164611","PTTG1","protein_coding",0.121976536695738,0.53599501325798,1.71560232546672,2.84236217543999e-28,1.59362578877098,696.459896881863,1.59362571290126,0.217080777550366,7.34116456963361,2.11743253951503e-13,3.3720694904013e-12,"Positive_interaction"
"ENSG00000228223.4","ENSG00000228223","HCG11","lncRNA",0.130887001796412,0.469990811256017,-1.52510435922094,8.51857492465012e-18,-1.65599136101735,144.646126680883,-1.65599129448897,0.225584397178393,-7.34089465052585,2.12170771086323e-13,3.37516884147419e-12,"Negative_interaction"
"ENSG00000027001.12","ENSG00000027001","MIPEP","protein_coding",-0.422066119869423,0.00126350740263969,-1.63907125036846,3.06900183475989e-44,-1.21700513049904,300.175904900703,-1.21700509778839,0.16580931797247,-7.33978712819054,2.13933839433123e-13,3.39948377309739e-12,"Negative_interaction"
"ENSG00000165282.18","ENSG00000165282","PIGO","protein_coding",-0.296357620711396,0.0464579764369702,-1.69964877762487,9.3808293216352e-33,-1.40329115691347,373.094562650758,-1.40329111120101,0.191288790866199,-7.33598191951859,2.20101735795756e-13,3.49366303959703e-12,"Negative_interaction"
"ENSG00000173559.17","ENSG00000173559","NABP1","protein_coding",0.554292513059998,0.000388417138811029,-0.954112307564618,3.62022488337665e-10,-1.50840482062462,177.522778254609,-1.50840475784603,0.205715292934873,-7.33248722701222,2.25920009654066e-13,3.57458130042065e-12,"Negative_interaction"
"ENSG00000173540.16","ENSG00000173540","GMPPB","protein_coding",-0.161296435077366,0.412336312345967,-1.86965716909226,9.99678072001133e-27,-1.70836073401489,141.694371472594,-1.70836065014623,0.233244639086253,-7.3243297545393,2.40095646350739e-13,3.78202837708142e-12,"Negative_interaction"
"ENSG00000064932.18","ENSG00000064932","SBNO2","protein_coding",0.7235279412197,5.08680705087224e-09,1.92707188126441,8.71593735098731e-60,1.20354394004471,962.306638709385,1.20354390694934,0.164422952835693,7.31980472429562,2.48332056450851e-13,3.90752243440362e-12,"Positive_interaction"
"ENSG00000070019.7","ENSG00000070019","GUCY2C","protein_coding",0.401161519331087,0.00204453987236356,-0.839611810645781,1.92525992893217e-11,-1.24077332997687,1777.97458160711,-1.24077329581824,0.169518764308718,-7.31938615101405,2.4910781664287e-13,3.91547774272069e-12,"Negative_interaction"
"ENSG00000179886.6","ENSG00000179886","TIGD5","protein_coding",0.302367915751036,0.275460505025629,-2.20834663317166,2.91238733465866e-17,-2.5107145489227,166.465032477809,-2.51071428422803,0.343182487441692,-7.31597437545413,2.55520423536818e-13,4.01191980270376e-12,"Negative_interaction"
"ENSG00000203880.15","ENSG00000203880","PCMTD2","protein_coding",-0.456147216766274,0.00132325234015432,-1.82050390306575,2.94162034449762e-40,-1.36435668629948,785.046641733606,-1.36435664239367,0.186583290202866,-7.3123195593252,2.6256974831529e-13,4.11368734333533e-12,"Negative_interaction"
"ENSG00000171877.22","ENSG00000171877","FRMD5","protein_coding",-0.500244214227324,0.0143419061194623,1.19593257989274,4.37855054273413e-16,1.69617679412006,102.995759773871,1.69617669417615,0.231968874077452,7.31208745536185,2.63023820055586e-13,4.11635118817015e-12,"Positive_interaction"
"ENSG00000110218.11","ENSG00000110218","PANX1","protein_coding",0.369955311721297,0.0101189437097324,-0.970427362725667,4.50456809469516e-13,-1.34038267444696,404.171771778459,-1.34038262985541,0.183414789072439,-7.30793103780762,2.71286950083248e-13,4.23195961313932e-12,"Negative_interaction"
"ENSG00000181652.20","ENSG00000181652","ATG9B","protein_coding",-1.30888525968687,0.0032588630386491,3.46149020867933,5.8924222219818e-11,4.7703754683662,24.7901246459194,4.77037343225971,0.652995644416496,7.30536791944826,2.76509080413289e-13,4.30878450897783e-12,"Positive_interaction"
"ENSG00000124120.13","ENSG00000124120","TTPAL","protein_coding",-0.865886155064113,8.52785606148206e-06,-2.8374828952274,1.00540398571964e-43,-1.97159674016329,208.213942372066,-1.97159662340544,0.270007741281411,-7.30200035765114,2.8352051605335e-13,4.41329679768544e-12,"Negative_interaction"
"ENSG00000256751.7","ENSG00000256751","PLBD1-AS1","lncRNA",-0.145242161441803,0.659361413935305,-3.0892000328506,1.8895408982719e-21,-2.9439578714088,47.1359256191998,-2.94395750039535,0.403650995959431,-7.29332400976221,3.02399657409233e-13,4.69708020919036e-12,"Negative_interaction"
"ENSG00000184508.13","ENSG00000184508","HDDC3","protein_coding",-0.962522489109376,1.46477695459768e-08,-2.68921286253746,1.5924103255743e-51,-1.72669037342808,170.236684805678,-1.72669029592427,0.236793494791072,-7.29196677234636,3.05462509968493e-13,4.73450555557584e-12,"Negative_interaction"
"ENSG00000234678.3","ENSG00000234678","ELF3-AS1","lncRNA",-0.721149010443945,0.00889248533559637,-3.53411688036377,1.37643026611032e-31,-2.81296786991983,239.20708722279,-2.81296757358061,0.385864762146096,-7.29003487630094,3.09874797598434e-13,4.79776235768858e-12,"Negative_interaction"
"ENSG00000166562.12","ENSG00000166562","SEC11C","protein_coding",-0.669449859326621,0.000133122858713855,-2.40957896609533,4.81073274522778e-41,-1.74012910676871,126.829575373039,-1.74012902418948,0.238888862073957,-7.28426184913868,3.23436272779993e-13,4.99705593297192e-12,"Negative_interaction"
"ENSG00000266962.4","ENSG00000266962","HSD17B1-AS1","lncRNA",-0.420104082923694,0.016982464379922,-2.2824491445143,1.8041284672316e-28,-1.86234506159061,80.0422413277712,-1.86234498309957,0.25582194986215,-7.27984828550913,3.34195798031857e-13,5.15779074023181e-12,"Negative_interaction"
"ENSG00000100211.14","ENSG00000100211","CBY1","protein_coding",-0.209497987164275,0.169988661259198,-1.61718376647809,3.24201961516047e-28,-1.40768577931381,111.683754645659,-1.40768573488676,0.193441254873314,-7.27707094233165,3.41145884297529e-13,5.25945335663807e-12,"Negative_interaction"
"ENSG00000196782.15","ENSG00000196782","MAML3","protein_coding",0.722816961110471,7.36907275554804e-06,-0.794389658626779,1.20582351849215e-07,-1.51720661973725,94.4879327809754,-1.51720655378799,0.20852079838366,-7.27604423898502,3.43750903104561e-13,5.28836315052155e-12,"Negative_interaction"
"ENSG00000128692.8","ENSG00000128692","EIF2S2P4","processed_pseudogene",-0.151663925728948,0.242539298743028,0.945813664132685,1.86708030004672e-18,1.09747758986163,191.752384806788,1.09747756464842,0.150963671052092,7.26981237936194,3.59987137333045e-13,5.52641270575263e-12,"Positive_interaction"
"ENSG00000114784.5","ENSG00000114784","EIF1B","protein_coding",0.281012560134811,0.0700617339424327,1.61725602186574,5.61588885924595e-37,1.33624346173093,403.24174972457,1.33624341287551,0.183834142082426,7.26874452013586,3.62843884312106e-13,5.55849214741124e-12,"Positive_interaction"
"ENSG00000075461.8","ENSG00000075461","CACNG4","protein_coding",3.44204813226646,9.52006201713522e-55,1.44788579551726,1.39260745858397e-16,-1.9941623367492,461.23620650075,-1.99416226841513,0.274536244387924,-7.26374862765786,3.76507411923796e-13,5.75563862194056e-12,"Negative_interaction"
"ENSG00000124839.15","ENSG00000124839","RAB17","protein_coding",0.418077528181913,0.00779968581181387,-1.04299391429939,1.46963325051143e-12,-1.4610714424813,284.94252164364,-1.46107138416358,0.201168221513628,-7.26293334588436,3.78784616346994e-13,5.78434843003228e-12,"Negative_interaction"
"ENSG00000166920.15","ENSG00000166920","COXFA4L3","protein_coding",1.50603556164497,7.78741855468481e-17,-0.201236252741317,0.249225052578948,-1.70727181438629,111.902315515686,-1.70727172373133,0.235248630566919,-7.25730780926132,3.94870448426473e-13,6.01731076613717e-12,"Negative_interaction"
"ENSG00000122971.11","ENSG00000122971","ACADS","protein_coding",0.718765386126543,7.42689421500771e-12,-0.326682533185374,0.00290256706554504,-1.04544791931192,273.705970330928,-1.04544789783786,0.144253079862514,-7.24731769217173,4.25106062633102e-13,6.46446700910694e-12,"Negative_interaction"
"ENSG00000163104.20","ENSG00000163104","SMARCAD1","protein_coding",-0.46368092551394,0.000587131041026073,-1.73343807279089,1.80815312429433e-42,-1.26975714727695,223.74747144676,-1.26975711096454,0.175246787110463,-7.24553717589227,4.30728609025587e-13,6.54310167924404e-12,"Negative_interaction"
"ENSG00000176531.14","ENSG00000176531","PHLDB3","protein_coding",0.723596565027313,1.17282853184106e-06,2.14404757408049,3.54126989918039e-52,1.42045100905318,118.435461996081,1.42045094843998,0.196099883707097,7.24350734731501,4.37227545518164e-13,6.63487077450182e-12,"Positive_interaction"
"ENSG00000138463.11","ENSG00000138463","SLC49A4","protein_coding",0.0178078774678175,0.922478182582331,-1.19599234513959,1.26316776897042e-24,-1.21380022260741,158.004900888574,-1.21380018865098,0.167611830954974,-7.24173336533172,4.42986111172493e-13,6.70120534771583e-12,"Negative_interaction"
"ENSG00000049283.21","ENSG00000049283","EPN3","protein_coding",1.81277936712219,3.82147938164391e-20,-0.177080321216906,0.427546874919208,-1.9898596883391,115.81894520704,-1.98985953813633,0.275019462379537,-7.23534080431822,4.64361552955512e-13,7.01723422881259e-12,"Negative_interaction"
"ENSG00000010704.21","ENSG00000010704","HFE","protein_coding",1.47710230994223,1.28411824460274e-06,-1.27626744704339,1.15468154208283e-06,-2.75336975698562,61.9458096031533,-2.75336937094543,0.380759428297129,-7.2312572357284,4.78542925704528e-13,7.22400424928126e-12,"Negative_interaction"
"ENSG00000169715.16","ENSG00000169715","MT1E","protein_coding",-0.592541082939139,0.221696348307099,7.85211243249611,2.84740881377713e-12,8.44465351543525,36.6956070887421,8.44464196718206,1.16843349762346,7.22731929917967,4.92620954299681e-13,7.42106327412784e-12,"Positive_interaction"
"ENSG00000223496.3","ENSG00000223496","EXOSC6","protein_coding",-0.167920655125767,0.159432291983099,-1.4073225275232,2.3333680221674e-23,-1.23940187239743,176.133349198419,-1.2394018551965,0.171496006096531,-7.22700127779581,4.93775457830143e-13,7.43073098117802e-12,"Negative_interaction"
"ENSG00000157911.13","ENSG00000157911","PEX10","protein_coding",-0.0830532207852898,0.606201699530249,-1.36232763374758,7.56643828661763e-26,-1.27927441296229,183.965934544605,-1.27927437495613,0.17710661678637,-7.22318792018497,5.07827600229903e-13,7.62636018915208e-12,"Negative_interaction"
"ENSG00000141564.16","ENSG00000141564","RPTOR","protein_coding",-0.00623741907287909,0.97556278473749,-1.24643925996293,5.32065993411965e-22,-1.24020184089005,393.873685154055,-1.24020180862382,0.171752224577297,-7.22087770144526,5.16530918749953e-13,7.74101972546465e-12,"Negative_interaction"
"ENSG00000171763.22","ENSG00000171763","AFG2B","protein_coding",0.0116281778242107,0.948552955683409,1.23188962176927,3.68832097659665e-23,1.22026144394506,138.839107086933,1.2202614089291,0.169002529342105,7.22037364576349,5.18449228017298e-13,7.76174195498623e-12,"Positive_interaction"
"ENSG00000234616.11","ENSG00000234616","JRK","protein_coding",-0.171519482017046,0.33173492501734,-1.7576973944106,2.24723735753618e-25,-1.58617791239355,171.415393048159,-1.58617784986235,0.219687861283691,-7.22014334608164,5.19328017108954e-13,7.76687474091121e-12,"Negative_interaction"
"ENSG00000152503.12","ENSG00000152503","TRIM36","protein_coding",-0.145394358778881,0.646856832571611,1.84915636012159,3.78223275847427e-40,1.99455071890047,165.843862509627,1.99455048775435,0.276397776197098,7.21623203774277,5.34478274038911e-13,7.98521561584731e-12,"Positive_interaction"
"ENSG00000155729.15","ENSG00000155729","KCTD18","protein_coding",-0.437589064752542,0.00142689093937187,-1.79317213182342,5.35859135989243e-36,-1.35558306707088,148.429505954576,-1.3555830292692,0.187896971037213,-7.21450176544214,5.41318051292888e-13,8.07907435565039e-12,"Negative_interaction"
"ENSG00000168477.22","ENSG00000168477","TNXB","protein_coding",0.924194580123452,0.0121361648507359,3.95192145626597,8.06388130254478e-50,3.02772687614252,52.2434530626833,3.0277261434757,0.420398930852572,7.20203102642401,5.93221890298386e-13,8.81453803825258e-12,"Positive_interaction"
"ENSG00000106460.22","ENSG00000106460","TMEM106B","protein_coding",0.57217350455166,2.17879589051472e-07,1.61017601038761,1.00661816526501e-55,1.03800250583595,1838.52114599943,1.03800248346184,0.144128264204238,7.20193564525921,5.93637118778258e-13,8.81453803825258e-12,"Positive_interaction"
"ENSG00000163807.8","ENSG00000163807","KIAA1143","protein_coding",-0.229065323342432,0.178125342260911,-1.77928362151949,1.38685261141438e-27,-1.55021829817706,256.766184204903,-1.55021823770791,0.215312851318533,-7.19984073507307,6.02829310340799e-13,8.93272225507041e-12,"Negative_interaction"
"ENSG00000178882.16","ENSG00000178882","RFLNA","protein_coding",-0.297645030661085,0.0443734454183897,-2.39726188876924,2.64755107481596e-19,-2.09961685810815,490.691833179034,-2.09961697199885,0.29168923325498,-7.19812983348436,6.10440061524227e-13,9.03625880654658e-12,"Negative_interaction"
"ENSG00000197121.17","ENSG00000197121","PGAP1","protein_coding",0.305198405059626,0.138880440666921,-1.4633827445816,9.4362952493382e-17,-1.76858114964123,605.258744063928,-1.76858104287741,0.245871263611224,-7.19311812572748,6.33281066901026e-13,9.3648053280915e-12,"Negative_interaction"
"ENSG00000196652.14","ENSG00000196652","ZKSCAN5","protein_coding",-0.473724910427783,0.00035419375489021,-1.74397764268493,1.09904063872063e-40,-1.27025273225715,189.209458396216,-1.27025269765811,0.176605643127525,-7.1925940483163,6.35717475636334e-13,9.391251434171e-12,"Negative_interaction"
"ENSG00000174197.21","ENSG00000174197","MGA","protein_coding",0.0923788443066749,0.50248308200778,-1.06416576740339,1.84604600892328e-18,-1.15654461171006,508.889829675977,-1.15654458526493,0.161076328489153,-7.18010272591243,6.9659059073219e-13,1.02383274248386e-11,"Negative_interaction"
"ENSG00000074211.15","ENSG00000074211","PPP2R2C","protein_coding",-1.76800158094803,4.93419301779641e-07,3.04548637715625,4.64434938594047e-07,4.81348795810428,25.8093150699918,4.8134857269486,0.670636790502525,7.17748533202559,7.10052732819716e-13,1.04256172279872e-11,"Positive_interaction"
"ENSG00000160131.16","ENSG00000160131","VMA21","protein_coding",-0.346610530374992,0.00268588049828249,-1.49359821790283,8.7822858141564e-34,-1.14698768752784,512.653183334571,-1.14698766745631,0.159838605010097,-7.17591139752412,7.18270625434019e-13,1.05249523799695e-11,"Negative_interaction"
"ENSG00000244242.4","ENSG00000244242","IFITM10","protein_coding",2.62843744439691,9.14595697308732e-15,6.69807750508286,4.28177113215989e-45,4.06964006068595,80.9722576896324,4.06963851658386,0.56782083526858,7.16711727328378,7.65934183782554e-13,1.11859194176256e-11,"Positive_interaction"
"ENSG00000023909.12","ENSG00000023909","GCLM","protein_coding",0.490931631954843,0.00232955054845209,1.99399004777362,1.13013497208626e-38,1.50305841581878,810.93301746537,1.50305834966322,0.209734210964629,7.16649106862548,7.69444168005648e-13,1.12180934433982e-11,"Positive_interaction"
"ENSG00000142677.6","ENSG00000142677","IL22RA1","protein_coding",0.496250649941631,0.000300095682374567,1.82626177276443,1.91730354289211e-39,1.3300111228228,254.354098826112,1.33001107690486,0.185596590969348,7.16613958240492,7.71421221455843e-13,1.12356144134051e-11,"Positive_interaction"
"ENSG00000164961.18","ENSG00000164961","WASHC5","protein_coding",-0.398459460105454,0.00374322489520532,-1.64714936242317,6.89967742184742e-40,-1.24868990231772,411.610513200661,-1.24868986509518,0.174277145721948,-7.16496623766959,7.78057270855679e-13,1.13208895273499e-11,"Negative_interaction"
"ENSG00000122592.9","ENSG00000122592","HOXA7","protein_coding",-0.867590395751638,0.00093353674579793,-4.61882759530407,2.71935983386571e-22,-3.75123719955243,147.826236983299,-3.75123720230256,0.523564314579504,-7.16480687824443,7.78962865966857e-13,1.1322697947434e-11,"Negative_interaction"
"ENSG00000118482.14","ENSG00000118482","PHF3","protein_coding",0.468971237450524,5.31544721495799e-05,1.54671062046034,8.77143978648943e-47,1.07773938300982,1759.26815949641,1.07773935823324,0.150486802084662,7.16168689415643,7.96902726724647e-13,1.15487143156936e-11,"Positive_interaction"
"ENSG00000262879.8","ENSG00000262879","ENSG00000262879","lncRNA",-0.0414325884523668,0.841465138417326,-1.5421931226797,4.6954856538356e-25,-1.50076053422733,97.2775206150526,-1.50076046980355,0.209706302672413,-7.15648719508406,8.27706077357703e-13,1.19711741248182e-11,"Negative_interaction"
"ENSG00000186376.18","ENSG00000186376","ZNF75D","protein_coding",-0.811251539686916,9.94731751737042e-07,-2.80068292022175,1.35602049953047e-32,-1.98943138053483,86.3496567824885,-1.98943133047476,0.278072047400135,-7.15437365630657,8.40558219572417e-13,1.21328383645851e-11,"Negative_interaction"
"ENSG00000126243.10","ENSG00000126243","LRFN3","protein_coding",0.454544430645687,0.0830260012045935,-1.90357269759739,8.05646069862803e-15,-2.35811712824308,148.465555024117,-2.35811688116926,0.32972920271063,-7.15167738187492,8.57238528218284e-13,1.23612942795417e-11,"Negative_interaction"
"ENSG00000165801.12","ENSG00000165801","ARHGEF40","protein_coding",0.810484676050849,0.0196810112949723,-1.69261555319435,1.25492133483539e-23,-2.5031002292452,73.0990474537486,-2.50310002564711,0.350053662875695,-7.15061800834797,8.63880794085188e-13,1.24446923139986e-11,"Negative_interaction"
"ENSG00000150760.15","ENSG00000150760","DOCK1","protein_coding",0.526350490659826,4.6068705927696e-05,-1.10073618077654,3.63460283607427e-08,-1.62708667143637,486.530976835816,-1.6270866689639,0.22755293510281,-7.15036555440941,8.65471116973699e-13,1.24552208810157e-11,"Negative_interaction"
"ENSG00000177352.12","ENSG00000177352","CCDC71","protein_coding",-0.907652332338439,1.97457972368544e-06,-2.96929319068274,1.09141717945902e-37,-2.0616408583443,108.784043017715,-2.06164075806169,0.288389296987904,-7.14881162232648,8.75323514807889e-13,1.2584512278369e-11,"Negative_interaction"
"ENSG00000163393.15","ENSG00000163393","SLC22A15","protein_coding",0.152897210450039,0.2709830862207,-1.75799660699646,1.22392365458754e-12,-1.9108938174465,350.087728709643,-1.91089388473994,0.267345381232895,-7.14765998921555,8.82696155874566e-13,1.26779313091518e-11,"Negative_interaction"
"ENSG00000158825.8","ENSG00000158825","CDA","protein_coding",1.22995892261785,4.64518345935123e-07,3.75444903828111,1.93390860506997e-42,2.52449011566326,261.52404145859,2.52448980004722,0.35334563317896,7.14453374542946,9.03018727042805e-13,1.29441616145443e-11,"Positive_interaction"
"ENSG00000181638.22","ENSG00000181638","ZFP41","protein_coding",-0.89552232592416,0.00589566732582051,-3.95714456758883,2.65766480872042e-35,-3.06162224166467,85.2789547802579,-3.06162173763393,0.428576087082836,-7.14370640339104,9.08473376146212e-13,1.30094823785681e-11,"Negative_interaction"
"ENSG00000104856.16","ENSG00000104856","RELB","protein_coding",0.858103741327761,5.53818821462083e-08,2.13568088434496,1.04980261309202e-96,1.2775771430172,399.071877905158,1.2775770673086,0.178945456790585,7.13947752696347,9.36863333293696e-13,1.34027871925886e-11,"Positive_interaction"
"ENSG00000152465.20","ENSG00000152465","NMT2","protein_coding",-0.0779645413425154,0.654170632007733,1.18312776112255,1.11467926230141e-22,1.26109230246507,181.461365117319,1.26109226068743,0.176696871395695,7.1370378588274,9.53635868292658e-13,1.36292810683404e-11,"Positive_interaction"
"ENSG00000149150.11","ENSG00000149150","SLC43A1","protein_coding",-0.866056846341519,0.000297681682389914,-2.76214751361586,2.82997881380001e-73,-1.89609066727434,235.452501752623,-1.89609053992413,0.265775186773165,-7.13418947398733,9.73591423290744e-13,1.39007752771719e-11,"Negative_interaction"
"ENSG00000187097.15","ENSG00000187097","ENTPD5","protein_coding",0.932100978806306,6.18507599909213e-13,-0.4145242867427,0.00593872144618379,-1.34662526554901,941.787001423642,-1.34662522836314,0.188772494840225,-7.1335881294725,9.77856492996995e-13,1.39479294257012e-11,"Negative_interaction"
"ENSG00000218283.2","ENSG00000218283","MORF4L1P1","processed_pseudogene",0.155070831715787,0.201924503771682,1.19200027472795,1.72471896058362e-29,1.03692944301216,342.870363627208,1.03692942094804,0.145466673318612,7.12829541840746,1.01619494109383e-12,1.44663036211511e-11,"Positive_interaction"
"ENSG00000280128.1","ENSG00000280128","ENSG00000280128","TEC",-0.85550112383223,0.0124456827250713,-5.37453576678129,2.81426904382916e-21,-4.51903464294906,54.5406372051534,-4.51903392814747,0.634290556838142,-7.12454864640314,1.04422305467098e-12,1.48507168874306e-11,"Negative_interaction"
"ENSG00000089289.18","ENSG00000089289","IGBP1","protein_coding",0.759900040968808,2.37493263051024e-08,2.06371343373217,1.31646596252928e-53,1.30381339276336,1029.22409190014,1.30381334891389,0.183361423289065,7.11061970138866,1.15523057963449e-12,1.63972591185731e-11,"Positive_interaction"
"ENSG00000173681.19","ENSG00000173681","BCLAF3","protein_coding",0.322956748739596,0.021645815923114,-1.03507211277047,3.30697233449793e-12,-1.35802886151007,111.023787994188,-1.3580288178837,0.19113973750035,-7.10490050705032,1.20409249902446e-12,1.70740787630749e-11,"Negative_interaction"
"ENSG00000174010.11","ENSG00000174010","KLHL15","protein_coding",-0.071397657177074,0.67801147108857,1.25539289590218,8.0644462024817e-20,1.32679055307925,183.696572154514,1.32679050675349,0.186751558764281,7.10457527387057,1.206931257663e-12,1.70976029189172e-11,"Positive_interaction"
"ENSG00000189339.14","ENSG00000189339","SLC35E2B","protein_coding",-0.462242783597452,0.0167430479930856,-2.13892659715741,1.36604785933779e-38,-1.67668381355996,202.954002889455,-1.67668372083985,0.236007521074617,-7.1043656287112,1.20876460008776e-12,1.71068521332733e-11,"Negative_interaction"
"ENSG00000178718.7","ENSG00000178718","RPP25","protein_coding",-0.0524623953299258,0.759352196974061,-1.39530986980169,1.53375125483314e-22,-1.34284747447176,433.331585465751,-1.34284743330867,0.189135848469115,-7.09990963732056,1.24838486619217e-12,1.76159624935316e-11,"Negative_interaction"
"ENSG00000165675.21","ENSG00000165675","ENOX2","protein_coding",-0.322472962970859,0.00693815499381903,-1.55666831122831,7.4011488203021e-29,-1.23419534825745,244.282329705381,-1.23419532856428,0.173935077709803,-7.09572413348063,1.28675926830551e-12,1.81398008913263e-11,"Negative_interaction"
"ENSG00000168496.6","ENSG00000168496","FEN1","protein_coding",-0.471367496245576,0.00652675797144528,-2.08388862112623,8.87780969348526e-35,-1.61252112488065,490.440025001277,-1.61252105086495,0.227746238982045,-7.0803410764209,1.43800090850974e-12,2.01933228353907e-11,"Negative_interaction"
"ENSG00000183044.14","ENSG00000183044","ABAT","protein_coding",-1.52563955482749,8.09293672313034e-19,0.4088909545782,0.0795983057047716,1.93453050940569,150.927449997119,1.93453032809159,0.273250514410713,7.07969510053281,1.44471970772267e-12,2.02680329180222e-11,"Positive_interaction"
"ENSG00000143507.20","ENSG00000143507","DUSP10","protein_coding",-1.17357521615857,0.00840037611060319,2.20533799088073,2.22029078943157e-16,3.3789132070393,32.0894684245806,3.3789123629008,0.47736594409047,7.07824344138891,1.45993100274382e-12,2.04616248469665e-11,"Positive_interaction"
"ENSG00000143751.12","ENSG00000143751","SDE2","protein_coding",0.221301835653889,0.0779716434276631,1.2898006936646,1.19743777392177e-33,1.06849885801071,568.240576651472,1.06849883274167,0.150996022556222,7.07633760580566,1.48014018672146e-12,2.07248227883744e-11,"Positive_interaction"
"ENSG00000093010.17","ENSG00000093010","COMT","protein_coding",0.122624972146266,0.314906293602487,-0.953856751916275,4.65876808575875e-16,-1.07648172406254,544.493741339234,-1.07648170476223,0.152263663860669,-7.06985289508917,1.55098024706108e-12,2.16331142833581e-11,"Negative_interaction"
"ENSG00000113319.15","ENSG00000113319","RASGRF2","protein_coding",0.105625898072147,0.543847417490804,-1.19757165975062,4.84193560712289e-21,-1.30319755782277,336.486016675881,-1.30319751406672,0.184348340942813,-7.06921205475339,1.55815889427622e-12,2.17123448998568e-11,"Negative_interaction"
"ENSG00000107758.18","ENSG00000107758","PPP3CB","protein_coding",-0.181778042273943,0.178247575852611,-1.39620787710737,1.72145060987784e-26,-1.21442983483343,264.746890994986,-1.21442980557661,0.171867071867284,-7.06609935447318,1.5934934553613e-12,2.2183388237364e-11,"Negative_interaction"
"ENSG00000177105.12","ENSG00000177105","RHOG","protein_coding",0.293429467211643,0.100694254540101,1.81093766979371,2.34004036830029e-32,1.51750820258207,696.77359628214,1.51750813062301,0.214973417407164,7.0590501324581,1.67644587787642e-12,2.32488551791245e-11,"Positive_interaction"
"ENSG00000247596.12","ENSG00000247596","TWF2","protein_coding",-0.616210551971548,6.73466655237899e-06,0.627294564933785,6.79194374624155e-07,1.24350511690533,257.39582604015,1.24350507831507,0.17616424206974,7.05878255260674,1.67967671959107e-12,2.32713910328048e-11,"Positive_interaction"
"ENSG00000153551.16","ENSG00000153551","CMTM7","protein_coding",0.183138663662478,0.286231818354705,1.41435255733639,2.22731732304863e-42,1.23121389367391,384.728981623866,1.23121383781286,0.174434408956044,7.05831977292461,1.68527888808361e-12,2.33267064432738e-11,"Positive_interaction"
"ENSG00000137936.20","ENSG00000137936","BCAR3","protein_coding",0.500065641928255,0.0147859105828748,2.35071993656682,1.2052118341535e-34,1.85065429463856,462.402475904962,1.85065416715905,0.262204112089854,7.05806690981586,1.68834765634232e-12,2.33468838127031e-11,"Positive_interaction"
"ENSG00000291152.2","ENSG00000291152","SBDSP1","lncRNA",-0.206916290468884,0.193917481793422,1.07979130793061,1.50386487852993e-17,1.28670759839949,199.015737367582,1.28670755417546,0.182408334664752,7.05399540289807,1.73852124684271e-12,2.3994904675471e-11,"Positive_interaction"
"ENSG00000235173.8","ENSG00000235173","HGH1","protein_coding",-0.517059597268928,0.000899587574464165,-2.0042520746346,1.81245703120131e-36,-1.48719247736567,174.58927974966,-1.4871924223109,0.210874689087942,-7.05249372858913,1.75739336462339e-12,2.42092629658956e-11,"Negative_interaction"
"ENSG00000172500.15","ENSG00000172500","FIBP","protein_coding",-0.33387108457946,0.00233651478392861,-1.33476476912569,3.83901381388177e-38,-1.00089368454623,405.61882829972,-1.0008936656256,0.142022860447459,-7.04741238468352,1.82275522295573e-12,2.50858202194438e-11,"Negative_interaction"
"ENSG00000120647.12","ENSG00000120647","CCDC77","protein_coding",-0.186395534390811,0.321043128246287,1.41810589316249,1.62021936221913e-16,1.6045014275533,90.7286010484455,1.60450134433806,0.227818117761804,7.04290492828869,1.88272697719884e-12,2.58866028022444e-11,"Positive_interaction"
"ENSG00000103888.19","ENSG00000103888","CEMIP","protein_coding",-1.03414577933568,5.50484877491469e-10,-2.65832721407311,5.00994320672638e-54,-1.62418143473743,1349.30485181698,-1.62418136516145,0.230646988698909,-7.04184942679518,1.89704773196076e-12,2.60587826839577e-11,"Negative_interaction"
"ENSG00000179119.16","ENSG00000179119","SPTY2D1","protein_coding",0.487669164740335,1.56926977149683e-05,1.50626203218096,1.63681353379338e-49,1.01859286744063,949.087789851167,1.01859284479021,0.144669814610632,7.04081115698998,1.9112389238761e-12,2.62040439780629e-11,"Positive_interaction"
"ENSG00000112893.12","ENSG00000112893","MAN2A1","protein_coding",0.766116331845207,3.23098124908082e-07,2.16410858162905,1.37979743549687e-51,1.39799224978384,1343.63205320104,1.39799219438834,0.198570472391629,7.0402823619776,1.91850652719911e-12,2.62540100020486e-11,"Positive_interaction"
"ENSG00000140854.15","ENSG00000140854","KATNB1","protein_coding",-0.307367093350497,0.0170192135343522,-1.58323132164196,1.8935054963331e-28,-1.27586422829146,166.907344455004,-1.27586420049577,0.181221180460408,-7.04037021088993,1.91729728265157e-12,2.62540100020486e-11,"Negative_interaction"
"ENSG00000104695.15","ENSG00000104695","PPP2CB","protein_coding",0.257308541264157,0.0610396331625811,1.4138243105102,5.74926185364456e-35,1.15651576924604,1153.81613600023,1.15651573541017,0.164301982455777,7.03896397428716,1.93674431416381e-12,2.64536273335173e-11,"Positive_interaction"
"ENSG00000144579.11","ENSG00000144579","CTDSP1","protein_coding",-0.326955102554751,0.0663364074179331,-1.89237002878052,2.99980562985724e-31,-1.56541492622577,1100.2430063705,-1.56541485267639,0.222494741147377,-7.03573866332186,1.98208130946525e-12,2.70219401098498e-11,"Negative_interaction"
"ENSG00000144824.23","ENSG00000144824","PHLDB2","protein_coding",-1.20477640657352,4.79860985102015e-06,0.714062713774612,1.31729630823472e-08,1.91883912034813,177.872876243683,1.91883893407266,0.273007368324943,7.02852434293564,2.08729212307402e-12,2.84028520634636e-11,"Positive_interaction"
"ENSG00000111684.13","ENSG00000111684","LPCAT3","protein_coding",-0.587157170623413,5.09818713986743e-06,-1.83183186882549,5.09518181108214e-43,-1.24467469820208,602.45252200338,-1.24467466706841,0.177211107643344,-7.02368312923953,2.16094591245987e-12,2.93499795345534e-11,"Negative_interaction"
"ENSG00000131370.18","ENSG00000131370","SH3BP5","protein_coding",0.507275853695857,0.000320518891402198,1.8559094386673,1.79498573719502e-37,1.34863358497144,208.341070088134,1.34863353501236,0.1922712312737,7.01422426058412,2.31228258656908e-12,3.12007441755671e-11,"Positive_interaction"
"ENSG00000128000.19","ENSG00000128000","ZNF780B","protein_coding",-1.44342409868741,1.69539572056982e-07,-4.18575785938407,1.75054219992856e-44,-2.74233376069666,150.178918971687,-2.7423334298533,0.391076392267361,-7.0122704516986,2.34481376384723e-12,3.16102707587665e-11,"Negative_interaction"
"ENSG00000075914.15","ENSG00000075914","EXOSC7","protein_coding",-0.0567582736267769,0.682442189900374,0.966000233601845,1.96625927115905e-20,1.02275850722862,292.095251813399,1.0227584852544,0.145873639464006,7.01126323448429,2.36175898681235e-12,3.18091182498927e-11,"Positive_interaction"
"ENSG00000136870.12","ENSG00000136870","ZNF189","protein_coding",-0.280102626944131,0.0719512301544576,-1.70075489181248,2.2237989905097e-28,-1.42065226486835,207.262030738426,-1.42065221625397,0.202630942516826,-7.01103295779223,2.36564995248836e-12,3.18319397506604e-11,"Negative_interaction"
"ENSG00000099804.11","ENSG00000099804","CDC34","protein_coding",-0.151984192261697,0.269391381310226,0.969562510684361,3.68414263966706e-17,1.12154670294606,984.978203252495,1.12154667407621,0.160121658672198,7.00434084543329,2.48151327574435e-12,3.33600096401551e-11,"Positive_interaction"
"ENSG00000150347.18","ENSG00000150347","ARID5B","protein_coding",0.0354830643015396,0.893072890336462,-1.85241620589829,3.62257355699095e-20,-1.88789927019983,344.229982502204,-1.88789914367337,0.269917977711541,-6.99434383615216,2.66503241641892e-12,3.57939293593541e-11,"Negative_interaction"
"ENSG00000137171.17","ENSG00000137171","KLC4","protein_coding",-0.105044012453025,0.41068502286475,0.910226312812583,4.07078833751552e-18,1.01527032526561,303.471697296243,1.01527030383114,0.145161328242505,6.99408248824402,2.67000439687381e-12,3.58275034439771e-11,"Positive_interaction"
"ENSG00000146112.14","ENSG00000146112","PPP1R18","protein_coding",0.0898675358272375,0.721528051739241,1.8805748397588,2.41595249259974e-26,1.79070730393156,360.624253325583,1.79070717726698,0.256423212561094,6.9834051269455,2.88110034176343e-12,3.85886378492011e-11,"Positive_interaction"
"ENSG00000157150.7","ENSG00000157150","TIMP4","protein_coding",-0.345342313466693,0.224647505188258,-3.31284951898275,3.75023345054345e-20,-2.96750720551606,57.9881284258405,-2.9675069168416,0.425151382852851,-6.9798830170304,2.95425952685758e-12,3.94955065158856e-11,"Negative_interaction"
"ENSG00000158467.19","ENSG00000158467","AHCYL2","protein_coding",0.327636888384206,0.0306880599945535,-0.967374347936173,2.71120477723749e-13,-1.29501123632038,538.745198640381,-1.29501119174905,0.185844778039817,-6.96824094498687,3.20928258248397e-12,4.27864978706143e-11,"Negative_interaction"
"ENSG00000166188.5","ENSG00000166188","ZNF319","protein_coding",-0.225700834428578,0.215232660286012,-2.20473464696043,2.42093068538088e-19,-1.97903381253185,61.5152714007555,-1.97903374704073,0.284246251930387,-6.96239170648909,3.3454374843082e-12,4.44789724977931e-11,"Negative_interaction"
"ENSG00000134317.19","ENSG00000134317","GRHL1","protein_coding",-0.401197623767258,0.152627317453141,1.3799989187136,3.07386727345428e-47,1.78119654248086,266.971892441195,1.78119632715953,0.255862165344481,6.96154636525262,3.36557752374589e-12,4.46647888957192e-11,"Positive_interaction"
"ENSG00000093217.13","ENSG00000093217","XYLB","protein_coding",-0.3244683971854,0.0649336654966673,-1.94455719988708,1.55800830595871e-27,-1.62008880270168,90.9313821053605,-1.62008873197342,0.232767774222392,-6.96010750365102,3.40013176492629e-12,4.50408679500108e-11,"Negative_interaction"
"ENSG00000075391.20","ENSG00000075391","RASAL2","protein_coding",-0.388302590175365,0.00381244769321341,-1.71178205224588,2.40681097089903e-30,-1.32347946207052,342.872254382575,-1.32347943313216,0.190232472668629,-6.95716885012352,3.47178767821224e-12,4.59480794818737e-11,"Negative_interaction"
"ENSG00000128973.15","ENSG00000128973","CLN6","protein_coding",-0.760231908032688,1.23930108315076e-07,-2.27170497341895,5.23806254375319e-39,-1.51147306538626,263.561901745238,-1.51147303223125,0.217374898286245,-6.95330069914927,3.56836949795445e-12,4.71832215003247e-11,"Negative_interaction"
"ENSG00000198563.16","ENSG00000198563","DDX39B","protein_coding",-0.414642043022271,0.0122379124394207,0.836050992220111,1.87329477641346e-15,1.25069303524238,285.073462254007,1.25069298215658,0.179891345819058,6.95249110768554,3.58891464603692e-12,4.74116235646008e-11,"Positive_interaction"
"ENSG00000198246.11","ENSG00000198246","SLC29A3","protein_coding",1.75019788699732,5.34778469514131e-15,-0.3830595354218,0.107165635364154,-2.13325742241912,101.637469052203,-2.13325722095395,0.307085434600008,-6.94678737769707,3.73698261500762e-12,4.93227250060932e-11,"Negative_interaction"
"ENSG00000111912.22","ENSG00000111912","NCOA7","protein_coding",0.168987585162789,0.297452459284013,1.47316107735888,8.09096766858049e-28,1.30417349219609,991.919291476184,1.30417344578219,0.187818359107688,6.94380172406056,3.81686120089761e-12,5.03311669912722e-11,"Positive_interaction"
"ENSG00000138668.22","ENSG00000138668","HNRNPD","protein_coding",-0.860066907478878,1.94238613029027e-08,-2.27541159060472,1.2269296628705e-53,-1.41534468312584,1233.78190342908,-1.41534462592886,0.204142608748971,-6.93311717040547,4.11666952642533e-12,5.42352497972326e-11,"Negative_interaction"
"ENSG00000267296.3","ENSG00000267296","CEBPA-DT","lncRNA",-0.84358012717499,0.00060712847471707,-4.1351170211176,3.86166894638675e-22,-3.29153689394261,37.2192568273734,-3.29153666427294,0.475124121129271,-6.92774060060272,4.27614892150419e-12,5.62851500185638e-11,"Negative_interaction"
"ENSG00000007376.10","ENSG00000007376","RPUSD1","protein_coding",0.359435092567628,0.010105655845831,-0.928099434123005,5.25072038034735e-11,-1.28753452669063,290.415134264477,-1.28753448633426,0.18591950473754,-6.92522545255194,4.35281736956213e-12,5.72423133572544e-11,"Negative_interaction"
"ENSG00000101246.22","ENSG00000101246","ARFRP1","protein_coding",-1.24258496198872,3.05141360476983e-05,-4.09314792309147,2.28305740844148e-39,-2.85056296110275,134.588843541485,-2.85056255482503,0.411737957296544,-6.92324451586082,4.41414878447823e-12,5.7996232261703e-11,"Negative_interaction"
"ENSG00000198682.15","ENSG00000198682","PAPSS2","protein_coding",1.50850145452051,8.01383403378573e-17,-0.0474320234462554,0.779512031169983,-1.55593347796677,972.129266253081,-1.55593343059385,0.224744910808706,-6.92310862566406,4.41838696810826e-12,5.79993332806384e-11,"Negative_interaction"
"ENSG00000182057.6","ENSG00000182057","OGFRP1","lncRNA",-0.871401633674737,0.000117438394105532,-4.69753518126645,2.73462835203873e-19,-3.82613354759171,48.5407852467982,-3.82613351617075,0.552703808199132,-6.92257491157406,4.43507123625288e-12,5.81130672294545e-11,"Negative_interaction"
"ENSG00000146676.10","ENSG00000146676","PURB","protein_coding",-0.475148414328377,0.000167068469996131,-1.63696077938748,5.63100259097815e-40,-1.1618123650591,719.328997839287,-1.1618123354476,0.167907414935516,-6.91936288754008,4.53679347495e-12,5.93922412276201e-11,"Negative_interaction"
"ENSG00000257743.9","ENSG00000257743","MGAM2","protein_coding",0.529852360982777,0.0504723504164901,-1.70379703540103,3.46849520938338e-14,-2.23364939638381,138.439581134363,-2.2336491660162,0.322892108444987,-6.9176331895295,4.59251546613804e-12,6.00674495805709e-11,"Negative_interaction"
"ENSG00000162433.17","ENSG00000162433","AK4","protein_coding",-0.481154821764533,0.0141896419439287,1.08308050490833,1.79750581373891e-13,1.56423532667286,89.5295213266198,1.56423524147088,0.226187443652597,6.91565904902042,4.65693221778856e-12,6.08002357659385e-11,"Positive_interaction"
"ENSG00000085982.18","ENSG00000085982","USP40","protein_coding",-1.46733759121862,2.96159686214346e-19,-3.01455346906507,4.93230594044234e-77,-1.54721587784645,433.851164661783,-1.54721580818055,0.223848426376599,-6.91189048422232,4.78237013271294e-12,6.23817353404824e-11,"Negative_interaction"
"ENSG00000139291.16","ENSG00000139291","TMEM19","protein_coding",-0.433116718174212,0.100463510330032,-2.79810181122512,8.57228383646855e-27,-2.36498509305091,148.312611797867,-2.36498485899236,0.342218001298143,-6.91075527886087,4.82080072658224e-12,6.28264785338397e-11,"Negative_interaction"
"ENSG00000116833.16","ENSG00000116833","NR5A2","protein_coding",1.90268142046048,6.30810173795074e-05,-1.84151748232876,2.23804987970081e-08,-3.74419890278924,36.5892861378172,-3.74419795546244,0.542009461269351,-6.90799372153719,4.91555731643040e-12,6.40038244651477e-11,"Negative_interaction"
"ENSG00000023445.19","ENSG00000023445","BIRC3","protein_coding",0.302331143325859,0.0722225342018522,1.50495410735652,7.46638702066305e-55,1.20262296403066,525.637548811886,1.20262289773836,0.174107869982647,6.9073436936436,4.93812563512328e-12,6.42399611348354e-11,"Positive_interaction"
"ENSG00000166012.19","ENSG00000166012","TAF1D","protein_coding",0.871588289439061,5.16233557160117e-05,2.79699136388784,8.4047427155946e-45,1.92540307444878,1918.98997025979,1.92540292164285,0.278752865094272,6.9072040604558,4.9429867957086e-12,6.42455288281695e-11,"Positive_interaction"
"ENSG00000175643.11","ENSG00000175643","RMI2","protein_coding",-0.713419072668193,2.69484080050112e-06,-2.38455664371309,1.06421345738733e-32,-1.6711375710449,199.950217501241,-1.67113754147752,0.24204233874628,-6.9043190961284,5.04447950860003e-12,6.55059113249387e-11,"Negative_interaction"
"ENSG00000240065.11","ENSG00000240065","PSMB9","protein_coding",-0.371840758213148,0.0819675842069623,1.40017976140469,1.6588253292433e-14,1.77202051961784,75.9527305545962,1.77202040145386,0.256752043865315,6.90167982609483,5.13911616598198e-12,6.66750863718987e-11,"Positive_interaction"
"ENSG00000221838.14","ENSG00000221838","AP4M1","protein_coding",0.00558708171952724,0.977160995734817,-1.07161059554403,1.31671996723276e-21,-1.07719767726356,195.534544080889,-1.07719765157974,0.156187514013926,-6.89682308077259,5.31783410089989e-12,6.88704663004837e-11,"Negative_interaction"
"ENSG00000137440.7","ENSG00000137440","FGFBP1","protein_coding",0.849222618702248,0.00092382392380347,3.23272494126937,1.35448903765427e-35,2.38350232256712,179.315529701849,2.38350203645119,0.345656439985346,6.89558116305381,5.36450345100373e-12,6.94128428678089e-11,"Positive_interaction"
"ENSG00000164221.15","ENSG00000164221","CCDC112","protein_coding",-0.758582186878636,7.83499182407176e-06,0.595719890862957,1.0054210230426e-06,1.35430207774159,210.039342252602,1.3543020186247,0.196466910817319,6.89328301132586,5.45192556789925e-12,7.04182756951835e-11,"Positive_interaction"
"ENSG00000060642.14","ENSG00000060642","PIGV","protein_coding",-0.169031970605416,0.289420250827647,-1.57248958684518,3.75330954991487e-23,-1.40345761623976,193.171513482571,-1.40345757269204,0.20364763965827,-6.89159754096391,5.51692727023414e-12,7.11943989316413e-11,"Negative_interaction"
"ENSG00000151651.18","ENSG00000151651","ADAM8","protein_coding",-1.48613916097797,0.010914790169339,2.83685963811064,1.88916195476891e-15,4.32299879908861,15.1113353971671,4.32299699407461,0.627324385903535,6.89116682089156,5.53365987265197e-12,7.12833767773088e-11,"Positive_interaction"
"ENSG00000168936.14","ENSG00000168936","TMEM129","protein_coding",-0.0898967638564007,0.670280935840893,-1.72759550535209,1.11656198993778e-21,-1.63769874149569,256.769442943356,-1.63769866232266,0.237805640601717,-6.88671075328076,5.70971480627427e-12,7.32258291792272e-11,"Negative_interaction"
"ENSG00000176055.11","ENSG00000176055","MBLAC2","protein_coding",-0.526461633977933,0.000607242289678631,-2.24175067046225,2.0606290791689e-26,-1.71528903648432,106.732395789561,-1.71528900106146,0.249743179684141,-6.86821158932487,6.50117478397396e-12,8.31553618440871e-11,"Negative_interaction"
"ENSG00000165424.9","ENSG00000165424","ZCCHC24","protein_coding",0.0209260640574546,0.942451190081904,2.26819663927,7.41514584528129e-17,2.24727057521255,38.570728845297,2.24727033431356,0.327357621067396,6.8648786210812,6.65478119442003e-12,8.50450520895371e-11,"Positive_interaction"
"ENSG00000169116.13","ENSG00000169116","PARM1","protein_coding",1.12516963946887,1.42188295866994e-09,-0.541336628338635,0.00215771684792955,-1.66650626780751,741.453589904602,-1.66650617220747,0.242818995770513,-6.86316227822012,6.73526394158577e-12,8.59977489352079e-11,"Negative_interaction"
"ENSG00000183309.14","ENSG00000183309","ZNF623","protein_coding",-0.486706101945943,9.50104376049067e-05,-1.61280679255491,1.7353189106353e-41,-1.12610069060897,375.306700690068,-1.12610066232066,0.164179261694284,-6.85897019330954,6.93587073822228e-12,8.83256930916672e-11,"Negative_interaction"
"ENSG00000226549.3","ENSG00000226549","SCDP1","processed_pseudogene",0.735328611066069,2.60395102987538e-05,2.37444541852484,5.53081607003439e-40,1.63911680745877,103.084958990042,1.63911671000923,0.239052356549803,6.85672684288197,7.04561653376622e-12,8.96444906122388e-11,"Positive_interaction"
"ENSG00000164684.14","ENSG00000164684","ZNF704","protein_coding",0.702798958844594,0.000125669040489518,-0.946218118621236,9.41547999591254e-08,-1.64901707746583,472.772522801597,-1.64901698297247,0.240599195176037,-6.85379259795923,7.19173292434013e-12,9.14233276662607e-11,"Negative_interaction"
"ENSG00000136935.16","ENSG00000136935","GOLGA1","protein_coding",-0.684114602512125,2.89522612279393e-06,-2.13484927993965,3.78708288955792e-38,-1.45073467742753,209.392528333165,-1.45073463552914,0.211729766939338,-6.85182181277696,7.29153469620572e-12,9.2610798262413e-11,"Negative_interaction"
"ENSG00000175455.18","ENSG00000175455","CCDC14","protein_coding",-0.450063839974928,0.000243151737263591,0.609530385579285,2.77606278159459e-08,1.05959422555421,395.858983753415,1.05959419993926,0.154793928820811,6.84519223726048,7.63732424995716e-12,9.68329860283282e-11,"Positive_interaction"
"ENSG00000132846.8","ENSG00000132846","ZBED3","protein_coding",-1.10302102197779,2.46838050317048e-06,-3.25504579735179,3.95227633996951e-45,-2.152024775374,504.966175881006,-2.15202457869247,0.31438242688452,-6.84524450052342,7.63453642717758e-12,9.68329860283282e-11,"Negative_interaction"
"ENSG00000177602.5","ENSG00000177602","HASPIN","protein_coding",-0.508907972519403,0.000246262768682361,-2.0549608112172,3.65324536764156e-27,-1.5460528386978,247.352089135105,-1.54605282732462,0.225925772507412,-6.84318929250933,7.74492012236431e-12,9.81113482633772e-11,"Negative_interaction"
"ENSG00000260807.8","ENSG00000260807","CEROX1","lncRNA",0.896690369426723,0.000319837015742763,-1.70542266821771,5.44571779602001e-08,-2.60211303764443,33.7543326655286,-2.60211272121107,0.380257924242542,-6.84302036938316,7.75406209705846e-12,9.81413693542107e-11,"Negative_interaction"
"ENSG00000081692.15","ENSG00000081692","JMJD4","protein_coding",-0.537835418204702,0.0169579180595997,-2.63229683647267,6.98567195047742e-29,-2.09446141826797,138.691052067909,-2.09446126275126,0.306228499987128,-6.8395373482197,7.94493442628802e-12,1.00469450005031e-10,"Negative_interaction"
"ENSG00000063587.16","ENSG00000063587","ZNF275","protein_coding",0.135048184208257,0.318899618238721,-1.03730431324943,9.01474910846125e-15,-1.17235249745769,175.480656896577,-1.17235246948181,0.171424000294337,-6.83890509770434,7.98007257784337e-12,1.00737989371173e-10,"Negative_interaction"
"ENSG00000176834.16","ENSG00000176834","VSIG10","protein_coding",-0.0546818489261264,0.763981503803679,-1.37461027151489,1.57408009743981e-22,-1.31992842258876,824.496495657101,-1.31992837468266,0.193050145642834,-6.83723065987574,8.07386897409112e-12,1.01833341316387e-10,"Negative_interaction"
"ENSG00000070540.15","ENSG00000070540","WIPI1","protein_coding",0.25071717568395,0.122560539412597,1.5722763931269,1.66504628403808e-30,1.32155921744295,453.500005548467,1.32155916637618,0.193303202609494,6.83671635304439,8.10289496479989e-12,1.02073170353367e-10,"Positive_interaction"
"ENSG00000120063.12","ENSG00000120063","GNA13","protein_coding",0.436910307115206,0.0126198256274156,1.94339856682209,1.31773419209937e-34,1.50648825970688,1872.71690276727,1.50648818599054,0.220491586825549,6.83240665859268,8.35017381771108e-12,1.05044026880442e-10,"Positive_interaction"
"ENSG00000116574.7","ENSG00000116574","RHOU","protein_coding",0.673979193493403,7.36137076760473e-09,-0.395915346035963,0.000712677287034453,-1.06989453952937,1714.53803729337,-1.06989451376919,0.156595987885928,-6.83219620255247,8.36243673612443e-12,1.05107053928808e-10,"Negative_interaction"
"ENSG00000105926.18","ENSG00000105926","PALS2","protein_coding",-0.256568966993282,0.396882314052604,-2.39273530255282,3.4447700029463e-33,-2.13616633555954,87.2308077559516,-2.13616612807942,0.312699281934991,-6.83137522689777,8.41044250539346e-12,1.05618832572064e-10,"Negative_interaction"
"ENSG00000230590.13","ENSG00000230590","FTX","lncRNA",0.208645421925522,0.288122726812113,-1.54347459844275,3.67627495687901e-14,-1.75212002036827,765.738996746311,-1.75211995581211,0.25655482188326,-6.82941736565519,8.52601903998296e-12,1.06792625693546e-10,"Negative_interaction"
"ENSG00000180884.12","ENSG00000180884","ZNF792","protein_coding",0.215383374921573,0.478801146256702,-2.07398350646417,2.8582637489825e-18,-2.28936688138574,55.8724914000836,-2.2893666263201,0.335334149558495,-6.82712043892428,8.66359603407873e-12,1.08422136205414e-10,"Negative_interaction"
"ENSG00000078124.15","ENSG00000078124","ACER3","protein_coding",0.398637125555588,0.000884632174752676,-0.631553314148332,4.12948626615233e-09,-1.03019043970392,438.116652573113,-1.03019041633742,0.151001064614252,-6.82240498746917,8.95288428637747e-12,1.11945814562711e-10,"Negative_interaction"
"ENSG00000136003.18","ENSG00000136003","ISCU","protein_coding",-0.3738604679319,0.00559645375596704,0.797576668283043,1.73077212202873e-10,1.17143713621494,749.533165160216,1.17143710164033,0.171757676667063,6.82028963346458,9.08571438583157e-12,1.13411001618838e-10,"Positive_interaction"
"ENSG00000128581.18","ENSG00000128581","IFT22","protein_coding",-0.927115512537969,4.77012150717953e-05,-3.03313038574398,1.38537684822972e-39,-2.10601487320601,107.323800152814,-2.10601470150308,0.3088959033463,-6.81787838132009,9.2394806386571e-12,1.15132032171469e-10,"Negative_interaction"
"ENSG00000074621.16","ENSG00000074621","SLC24A1","protein_coding",-0.713432800294072,2.86297125359811e-05,-2.45380138129847,5.04300940495457e-33,-1.7403685810044,96.0951465182418,-1.7403685149822,0.255509575648306,-6.81136317715825,9.6678220180292e-12,1.20159585493378e-10,"Negative_interaction"
"ENSG00000118620.15","ENSG00000118620","ZNF430","protein_coding",-0.0532256349576645,0.802073504462743,1.35750566579047,2.75426745453803e-22,1.41073130074813,181.532693429054,1.41073123466783,0.207214443376782,6.80807385662144,9.89140845857276e-12,1.22727989196607e-10,"Positive_interaction"
"ENSG00000170191.6","ENSG00000170191","NANP","protein_coding",0.408790296691306,0.00126259719202824,1.45051579542258,1.68417151523581e-45,1.04172549873127,211.413085933175,1.04172546991115,0.153039201851391,6.80691912470066,9.9710946457876e-12,1.23610867071646e-10,"Positive_interaction"
"ENSG00000099203.9","ENSG00000099203","TMED1","protein_coding",0.254611405458122,0.0323595111547837,-0.850859138923369,2.51692388796088e-11,-1.10547054438149,197.522047067765,-1.10547052052351,0.162510972364369,-6.80243619516911,1.02864579801831e-11,1.27302603799158e-10,"Negative_interaction"
"ENSG00000172667.13","ENSG00000172667","ZMAT3","protein_coding",0.949553448604568,3.56289746701693e-09,-0.367662151939412,0.00388915001029462,-1.31721560054398,195.674814391344,-1.31721556084522,0.193812032822257,-6.79635594170373,1.07298491457845e-11,1.3256349004323e-10,"Negative_interaction"
"ENSG00000180667.11","ENSG00000180667","YOD1","protein_coding",0.514131586850273,1.63619791478681e-05,1.5367751320771,3.00249639891452e-49,1.02264354522683,443.804255873853,1.02264351938794,0.150530874072749,6.79357989307709,1.09384616174047e-11,1.34796076326046e-10,"Positive_interaction"
"ENSG00000173812.13","ENSG00000173812","EIF1","protein_coding",0.318920307519254,0.0951884282554827,1.89940723990998,9.25249225189799e-30,1.58048693239073,9994.34083073514,1.58048684668669,0.232764250197637,6.79007556076471,1.12074830160424e-11,1.37993920024202e-10,"Positive_interaction"
"ENSG00000196391.12","ENSG00000196391","ZNF774","protein_coding",-0.445924362160992,0.146007773994279,-2.98282669257736,1.14080668706824e-27,-2.53690233041637,54.9812300955426,-2.53690200087448,0.37416063409995,-6.78024829356258,1.19969521123917e-11,1.47463808322969e-10,"Negative_interaction"
"ENSG00000226124.12","ENSG00000226124","FTCDNL1","protein_coding",-0.620242085337928,0.000813309269268782,-3.30563768584883,1.71917657722711e-19,-2.6853956005109,63.5178204101765,-2.68539561923157,0.396077634531493,-6.77997287680239,1.2019844634113e-11,1.47619990201327e-10,"Negative_interaction"
"ENSG00000197557.7","ENSG00000197557","IFT70A","protein_coding",-1.82914678138867,5.50187014203566e-12,-5.84207229957319,1.18178812704169e-26,-4.01292551818452,51.9956273639534,-4.01292533066979,0.592107952897684,-6.77735421561416,1.22396551888625e-11,1.50065214041451e-10,"Negative_interaction"
"ENSG00000007968.9","ENSG00000007968","E2F2","protein_coding",-0.623476189872464,0.0662372842454657,-4.92207542054027,1.03713242420931e-17,-4.29859923066781,98.1972582797412,-4.29859892608907,0.63461921514163,-6.77350893815866,1.25695806202502e-11,1.53980018891518e-10,"Negative_interaction"
"ENSG00000105866.17","ENSG00000105866","SP4","protein_coding",-0.551910584647626,0.000346238595843016,0.74835349996384,2.51454590395922e-08,1.30026408461147,163.408141907246,1.30026403613633,0.192082284243123,6.76930744165119,1.29400308446833e-11,1.58384228886107e-10,"Positive_interaction"
"ENSG00000143878.10","ENSG00000143878","RHOB","protein_coding",-0.220304842802129,0.240311838351199,1.25108326533107,6.60295968463014e-16,1.4713881081332,2081.39706796941,1.47138803664421,0.217396776356007,6.76821460422524,1.3038126841407e-11,1.59450239819131e-10,"Positive_interaction"
"ENSG00000155393.16","ENSG00000155393","HEATR3","protein_coding",-0.368443650315288,0.0100571791185028,-1.57269806804085,7.99654172818797e-36,-1.20425441772556,173.84183529305,-1.20425438084134,0.17795927290348,-6.76702237086852,1.31459756945206e-11,1.60633625434227e-10,"Negative_interaction"
"ENSG00000157456.10","ENSG00000157456","CCNB2","protein_coding",-0.349335088375568,0.00568725126018537,0.750924643849193,3.50651107675807e-10,1.10025973222476,1071.67315228486,1.10025970284556,0.162634294429362,6.76523796353074,1.3309026741114e-11,1.62488976859498e-10,"Positive_interaction"
"ENSG00000185432.14","ENSG00000185432","TMT1A","protein_coding",1.9608850817463,8.35929137327827e-10,-0.959578912583529,0.00313571187691208,-2.92046399432983,67.4369887359522,-2.92046345168937,0.431735193327635,-6.76447854338595,1.33790184744557e-11,1.6320600650826e-10,"Negative_interaction"
"ENSG00000184545.13","ENSG00000184545","DUSP8","protein_coding",0.24855999866456,0.174979967331486,1.65427812826399,1.22392016853183e-31,1.40571812959943,624.725891024243,1.40571805983764,0.207880481318975,6.76214549301855,1.35963060621062e-11,1.65577871808439e-10,"Positive_interaction"
"ENSG00000249673.10","ENSG00000249673","NOP14-AS1","lncRNA",-0.503337426588255,0.0741864655799162,-3.06262528877332,2.66065862070101e-25,-2.55928786218506,60.545257603306,-2.55928756685463,0.378512358930103,-6.76143725950896,1.36629482591425e-11,1.66249744896299e-10,"Negative_interaction"
"ENSG00000272502.1","ENSG00000272502","SNTB1-AS1","lncRNA",-0.487842101726277,0.00224843987611036,-2.09329088109515,1.15490777011485e-27,-1.60544877936887,115.245602011458,-1.60544872880518,0.23745033462684,-6.7611980051668,1.36855334339142e-11,1.66384857822386e-10,"Negative_interaction"
"ENSG00000137193.16","ENSG00000137193","PIM1","protein_coding",1.09795099927645,5.83169213196731e-09,2.7635123937668,9.60990951534216e-57,1.66556139449035,1114.47348822394,1.6655612866796,0.246366334304055,6.76050683379504,1.37509843476903e-11,1.67040456971272e-10,"Positive_interaction"
"ENSG00000141542.13","ENSG00000141542","RAB40B","protein_coding",0.910366386922602,8.88273539434114e-15,-0.181189249473793,0.150618105485515,-1.09155563639639,216.070167530542,-1.09155560802218,0.161487281177844,-6.75939058519452,1.38573361412067e-11,1.68191386397292e-10,"Negative_interaction"
"ENSG00000263528.10","ENSG00000263528","IKBKE","protein_coding",-1.4475929747336,5.89892799812417e-08,-5.54097325311755,8.0347107070932e-23,-4.09338027838395,56.7565249189564,-4.09338014134935,0.606000391780482,-6.75474834153596,1.43083390517268e-11,1.7308551714326e-10,"Negative_interaction"
"ENSG00000229619.6","ENSG00000229619","MBNL1-AS1","lncRNA",0.0880783112679517,0.829693710839536,-2.98497064024274,2.62875803924084e-17,-3.07304895151069,34.4435925418666,-3.0730483865245,0.455102765095322,-6.75242741247869,1.45391808756444e-11,1.75584841041533e-10,"Negative_interaction"
"ENSG00000116212.18","ENSG00000116212","LRRC42","protein_coding",0.189315612748998,0.276166442911313,1.53114979856564,9.52672160772439e-28,1.34183418581664,704.32371433013,1.34183413046976,0.19886119757943,6.74759152012952,1.50319422157866e-11,1.81384601657935e-10,"Positive_interaction"
"ENSG00000160818.18","ENSG00000160818","GPATCH4","protein_coding",-0.433864677523874,0.00187820257265263,-1.67504996177939,8.00231018703741e-35,-1.24118528425552,387.806807579753,-1.2411852463803,0.184033855192174,-6.74433106389157,1.53733643823994e-11,1.8519600717351e-10,"Negative_interaction"
"ENSG00000135845.12","ENSG00000135845","PIGC","protein_coding",-0.394560185688878,0.000178562169936829,-1.42255122648203,2.82450577104929e-32,-1.02799104079315,282.691966671183,-1.02799102707638,0.152545776438551,-6.7389019288284,1.59588067197134e-11,1.91611455660386e-10,"Negative_interaction"
"ENSG00000102390.14","ENSG00000102390","PBDC1","protein_coding",0.781354278749663,5.68417826276158e-12,-0.289361418200732,0.0196767656111291,-1.0707156969504,554.047700579814,-1.07071567172726,0.158993270578469,-6.73434584892587,1.64669076059025e-11,1.97548365086705e-10,"Negative_interaction"
"ENSG00000175305.20","ENSG00000175305","CCNE2","protein_coding",-0.836378189510221,6.06275587823513e-06,-2.73912636529002,6.00277653779227e-33,-1.9027481757798,89.8454013354522,-1.9027480943306,0.282793579708045,-6.72839919596118,1.7153977186624e-11,2.05281120882374e-10,"Negative_interaction"
"ENSG00000257093.8","ENSG00000257093","DENND11","protein_coding",0.298398423857198,0.074675024338779,-1.07645284084146,2.84727331464942e-13,-1.37485126469866,979.294918208951,-1.37485120730602,0.204350240921642,-6.7279157641571,1.7211050328481e-11,2.0579417603989e-10,"Negative_interaction"
"ENSG00000164867.13","ENSG00000164867","NOS3","protein_coding",-0.0784928449271116,0.837794130590928,3.34566326151223,1.99972864480316e-14,3.42415610643934,53.2086667999018,3.4241552060216,0.509277109622969,6.72356000558633,1.7733740281063e-11,2.11708334239229e-10,"Positive_interaction"
"ENSG00000088899.18","ENSG00000088899","LZTS3","protein_coding",0.952855101989491,5.55924545161911e-15,1.99671091341353,3.84306191027725e-81,1.04385581142404,260.61847800195,1.04385577875557,0.155253650483137,6.72355062510399,1.77348825397753e-11,2.11708334239229e-10,"Positive_interaction"
"ENSG00000178537.12","ENSG00000178537","SLC25A20","protein_coding",0.351807411266714,0.0542742124548722,-1.19086377094504,1.95925301733879e-12,-1.54267118221175,148.500200114718,-1.54267110286266,0.229569713197985,-6.71983721795319,1.81927686039961e-11,2.16817107408808e-10,"Negative_interaction"
"ENSG00000282221.2","ENSG00000282221","ENSG00000282221","lncRNA",-0.910141664837836,0.0012301817011818,-4.12212804749084,1.41830272397022e-23,-3.211986382653,48.0864401966986,-3.21198605494996,0.478055278489725,-6.71885909323559,1.83152909722421e-11,2.18097943113995e-10,"Negative_interaction"
"ENSG00000075618.20","ENSG00000075618","FSCN1","protein_coding",0.838180420126238,0.132870550674682,4.29880333391176,1.0736009134544e-100,3.46062291378552,319.277713682907,3.46062100076205,0.515640407223472,6.71130685703275,1.92888987891131e-11,2.29126820698219e-10,"Positive_interaction"
"ENSG00000130021.17","ENSG00000130021","PUDP","protein_coding",0.115898815371475,0.380685506044632,-0.88847013904517,1.21037285987959e-16,-1.00436895441664,513.760866770865,-1.00436893194543,0.149675178332866,-6.71032393702439,1.94192825817641e-11,2.3048668564695e-10,"Negative_interaction"
"ENSG00000180694.16","ENSG00000180694","TMEM64","protein_coding",0.374801732200366,0.00478915999026582,-0.78601418838556,1.00627241545482e-09,-1.16081592058593,269.358718080553,-1.16081588683979,0.173084297967894,-6.70665046147118,1.99142502704076e-11,2.3616801548179e-10,"Negative_interaction"
"ENSG00000171227.9","ENSG00000171227","TMEM37","protein_coding",1.90364827259869,1.64556799770898e-09,-1.2606223053186,0.00100873015718291,-3.16427057791729,43.8568716388674,-3.16426992436657,0.472015066513113,-6.70374771666036,2.03140863093606e-11,2.40319786771636e-10,"Negative_interaction"
"ENSG00000188994.16","ENSG00000188994","ZNF292","protein_coding",0.395319646561554,0.000587131041026073,-0.616553425826715,3.53066867468474e-08,-1.01187307238827,428.412525941387,-1.01187304981162,0.150938137632546,-6.70389250644519,2.02939574331932e-11,2.40319786771636e-10,"Negative_interaction"
"ENSG00000111674.11","ENSG00000111674","ENO2","protein_coding",-0.466419854866251,0.269601853308676,2.21484197150499,1.64847687137702e-28,2.68126182637124,43.3382256215092,2.68126126920005,0.400905967175778,6.68800538961408,2.2623280751028e-11,2.66433584966143e-10,"Positive_interaction"
"ENSG00000165102.17","ENSG00000165102","HGSNAT","protein_coding",-0.0324754146180233,0.860493137528405,-1.29103370902625,2.04318199195759e-21,-1.25855829440823,294.143047071401,-1.25855825050458,0.188223010375371,-6.68652705104787,2.28528920467141e-11,2.68818272354692e-10,"Negative_interaction"
"ENSG00000014824.16","ENSG00000014824","SLC30A9","protein_coding",-0.463570198893932,0.000271055112571009,-1.55783827775015,2.34075011771367e-40,-1.09426807885622,640.754585751662,-1.09426804986829,0.163839347273367,-6.67890874859566,2.40727987287765e-11,2.81795637461575e-10,"Negative_interaction"
"ENSG00000112902.14","ENSG00000112902","SEMA5A","protein_coding",1.93406525160941,3.36823458223495e-28,0.320096370162096,0.0834638375999179,-1.61396888144731,1113.14223668498,-1.61396878723538,0.241847205033373,-6.67350605524947,2.49763272847087e-11,2.92136347869248e-10,"Negative_interaction"
"ENSG00000079335.23","ENSG00000079335","CDC14A","protein_coding",0.348402493726473,0.00284806603795227,-0.869705399560156,1.43903060191322e-08,-1.21810789328663,166.925668023302,-1.21810787100326,0.182533585802938,-6.67333557079364,2.50053722741413e-11,2.92240205642626e-10,"Negative_interaction"
"ENSG00000013503.12","ENSG00000013503","POLR3B","protein_coding",-0.669321555697115,1.7264127361198e-07,-1.88723642936319,2.89049975069616e-41,-1.21791487366607,177.474965957273,-1.21791484564582,0.182525323281702,-6.67258013161351,2.51344728234881e-11,2.93512312778396e-10,"Negative_interaction"
"ENSG00000100106.23","ENSG00000100106","TRIOBP","protein_coding",-0.301021429104457,0.0124503985832076,-1.32826448038349,3.48195700192012e-32,-1.02724305127903,522.224354110484,-1.0272430282226,0.154080069560737,-6.66694291579139,2.61186621122135e-11,3.04759783679709e-10,"Negative_interaction"
"ENSG00000143353.14","ENSG00000143353","LYPLAL1","protein_coding",-0.257027445314766,0.159510594631965,-1.81463341658932,2.88224298195608e-24,-1.55760597127455,107.387975071605,-1.55760590054025,0.233651973729492,-6.66635028019732,2.6224294643618e-11,3.05746160881184e-10,"Negative_interaction"
"ENSG00000068028.20","ENSG00000068028","RASSF1","protein_coding",0.14118397834658,0.439442454475885,1.43709487585836,4.8900657341343e-28,1.29591089751178,321.985484601017,1.29591084190618,0.194411648722802,6.66580860982218,2.63212087499249e-11,3.06629386819865e-10,"Positive_interaction"
"ENSG00000104983.10","ENSG00000104983","CCDC61","protein_coding",0.200907080918671,0.492497213906088,-2.51070044027182,2.45758528912407e-13,-2.71160752119049,49.7085120350815,-2.71160723777139,0.407056388007792,-6.6615027245795,2.71041773683458e-11,3.15243770804228e-10,"Negative_interaction"
"ENSG00000133195.14","ENSG00000133195","SLC39A11","protein_coding",0.149488027288237,0.246855518750914,-0.895235065698578,2.23111690182461e-14,-1.04472309298681,457.440084786311,-1.04472306922704,0.156835927242672,-6.66124839884768,2.71511294840829e-11,3.15536622681098e-10,"Negative_interaction"
"ENSG00000203667.12","ENSG00000203667","COX20","protein_coding",-0.102360242541854,0.691419081604703,-1.98062519106872,2.43317708887277e-21,-1.87826494852687,394.361657081807,-1.87826480894055,0.28205003300096,-6.65933199495196,2.750749399132e-11,3.19166215310016e-10,"Negative_interaction"
"ENSG00000149313.13","ENSG00000149313","AASDHPPT","protein_coding",-0.0717651499740073,0.636934881176886,-1.13624952966542,7.30207975699446e-24,-1.06448437969141,405.05012108613,-1.0644843524985,0.159872785908037,-6.65832115486382,2.76973047723631e-11,3.21111472608869e-10,"Negative_interaction"
"ENSG00000107560.14","ENSG00000107560","RAB11FIP2","protein_coding",-0.108416633084194,0.520303340620239,-1.46317308109714,1.66780546084423e-20,-1.35475644801295,148.956379202542,-1.35475640338854,0.203511795303994,-6.65689377544371,2.79675162899561e-11,3.23985008852154e-10,"Negative_interaction"
"ENSG00000259974.6","ENSG00000259974","LINC00261","lncRNA",0.278745532356909,0.605599927614832,-3.19906482638899,1.34736700108316e-22,-3.4778103587459,26.5374772796922,-3.47780941089417,0.522902522196051,-6.65097080864765,2.91166033167056e-11,3.36758032933518e-10,"Negative_interaction"
"ENSG00000267795.8","ENSG00000267795","SMIM22","protein_coding",-0.306054427007649,0.0204544926216953,-1.55642663754731,3.77159987167402e-25,-1.25037221053966,211.658434097228,-1.25037218515813,0.188205292548917,-6.64366112251141,3.05985642904851e-11,3.52491568917099e-10,"Negative_interaction"
"ENSG00000066379.17","ENSG00000066379","POLR1H","protein_coding",-0.352027880181297,0.0112665376008469,0.771886743686488,6.48165586505245e-11,1.12391462386779,275.113927649363,1.12391459097246,0.169193869391838,6.64276190982771,3.07858931909163e-11,3.54367882543892e-10,"Positive_interaction"
"ENSG00000108474.18","ENSG00000108474","PIGL","protein_coding",0.267740246057401,0.147569372578737,1.69012451604752,4.45286834053444e-30,1.42238426999012,190.176222846554,1.42238419955695,0.214146793985522,6.64209896905167,3.09247189842165e-11,3.5568335517402e-10,"Positive_interaction"
"ENSG00000118894.17","ENSG00000118894","EEF2KMT","protein_coding",-0.731496587063515,1.8168221782197e-06,-2.58936204594524,6.03808920750451e-26,-1.85786545888172,105.533064537445,-1.8578654564545,0.280034669270214,-6.63441230793386,3.25797968371885e-11,3.74125527547176e-10,"Negative_interaction"
"ENSG00000198700.12","ENSG00000198700","IPO9","protein_coding",-0.14853819183397,0.335767013430939,-1.34922628200518,2.72282073354035e-24,-1.20068809017121,1007.31813801954,-1.20068805282883,0.181024847409016,-6.63272512041364,3.29545175094789e-11,3.77829800433044e-10,"Negative_interaction"
"ENSG00000100077.18","ENSG00000100077","GRK3","protein_coding",-0.0425430105895524,0.84188687203303,-1.54047571195679,5.04769414003704e-20,-1.49793270136724,141.641077307364,-1.49793263044275,0.225901673443428,-6.63090541831632,3.33633974687452e-11,3.81913393457389e-10,"Negative_interaction"
"ENSG00000152782.21","ENSG00000152782","PANK1","protein_coding",0.838195375652285,1.30666509081208e-13,-0.335406119948452,0.0244028341585051,-1.17360149560074,496.837230180984,-1.17360147330312,0.177061724306699,-6.62820537808758,3.39792497265367e-11,3.88349595455024e-10,"Negative_interaction"
"ENSG00000226137.6","ENSG00000226137","BAIAP2-DT","lncRNA",-0.953689838481754,0.0074053243200501,-4.21390324487292,2.64847950239342e-28,-3.26021340639117,90.9860141360026,-3.26021276852128,0.492238270988769,-6.62324114289697,3.51407045967418e-11,4.00360920610049e-10,"Negative_interaction"
"ENSG00000144354.17","ENSG00000144354","CDCA7","protein_coding",-1.8954411938444,1.32282582529899e-48,-0.785452484248655,5.18838567708612e-12,1.10998870959575,515.671840674109,1.1099886746937,0.16761001752895,6.62244829430903,3.53297659894058e-11,4.02198718553393e-10,"Positive_interaction"
"ENSG00000278311.7","ENSG00000278311","GGNBP2","protein_coding",0.190783679152824,0.156335652295815,1.25021806370677,9.06737471175128e-28,1.05943438455395,1098.00013204051,1.05943435699646,0.16009339693092,6.61760183309501,3.65072727229281e-11,4.14951683373078e-10,"Positive_interaction"
"ENSG00000168806.8","ENSG00000168806","LCMT2","protein_coding",-0.884699113084838,0.00223815723090519,-4.18966721969626,4.74710311088137e-22,-3.30496810661142,92.8062317447837,-3.30496786889522,0.499444400244149,-6.61728886594706,3.65846181463707e-11,4.15504926471163e-10,"Negative_interaction"
"ENSG00000204366.5","ENSG00000204366","ZBTB12","protein_coding",-0.339939781041578,0.259601217532382,-2.84546019312293,1.12660542096864e-22,-2.50552041208135,58.7320632726579,-2.505520103893,0.378666640558361,-6.61669087141794,3.6732850243012e-11,4.16861758591801e-10,"Negative_interaction"
"ENSG00000139182.17","ENSG00000139182","CLSTN3","protein_coding",-0.31453523575092,0.143803450829664,1.19350759827636,9.53256277681862e-18,1.50804283402728,178.791802179412,1.50804273784402,0.227974878288354,6.61495138923409,3.7167385903846e-11,4.2146303326959e-10,"Positive_interaction"
"ENSG00000127423.12","ENSG00000127423","AUNIP","protein_coding",-0.484361177678907,0.00929125107384455,1.1530633295936,9.49942156894152e-10,1.63742450727251,115.288629193217,1.63742440533354,0.247687520761559,6.61084741087879,3.82126212456074e-11,4.32976784277828e-10,"Positive_interaction"
"ENSG00000166595.13","ENSG00000166595","CIAO2B","protein_coding",0.305201842037104,0.0145458737630575,1.33647859390847,3.78316394317506e-33,1.03127675187137,483.014937323845,1.03127672615526,0.156048219953241,6.60870547875699,3.87695146688291e-11,4.3894359889115e-10,"Positive_interaction"
"ENSG00000287315.1","ENSG00000287315","ENSG00000287315","lncRNA",1.26584069204901,0.00461436007913243,-3.27014622235417,1.18250789550258e-08,-4.53598691440318,19.122529621848,-4.53598510327257,0.686966627113426,-6.60291915828923,4.03139407339389e-11,4.55007499311715e-10,"Negative_interaction"
"ENSG00000171135.17","ENSG00000171135","JAGN1","protein_coding",-0.410430826509671,0.0023293332786909,-1.6141617002152,1.54769673054787e-31,-1.20373087370553,320.713431590547,-1.20373084161206,0.182413430644646,-6.59891564649653,4.14175870855996e-11,4.66736914498064e-10,"Negative_interaction"
"ENSG00000171425.12","ENSG00000171425","ZNF581","protein_coding",0.777977273941495,4.88748386820038e-06,2.27267917012823,5.55466767385302e-43,1.49470189618673,265.162115191841,1.49470181776267,0.226608878797373,6.59595434077933,4.2252895776235e-11,4.75780082042888e-10,"Positive_interaction"
"ENSG00000133247.16","ENSG00000133247","KMT5C","protein_coding",-0.276998448044681,0.126645788193161,1.07010653888037,5.11200354266167e-15,1.34710498692505,131.333528500699,1.34710492686096,0.204583639273617,6.58461708689861,4.56059207996948e-11,5.11548764883264e-10,"Positive_interaction"
"ENSG00000280789.3","ENSG00000280789","PAGR1","protein_coding",-0.566028379565578,0.0222597917866506,-2.95921054591291,1.79959985360113e-23,-2.39318216634733,117.297116236816,-2.39318198871433,0.364060882611242,-6.57357629731908,4.91208843598692e-11,5.49698730612528e-10,"Negative_interaction"
"ENSG00000166913.15","ENSG00000166913","YWHAB","protein_coding",-0.690617348483212,7.37229066259129e-07,-1.89608889952244,5.36718378138855e-47,-1.20547155103923,2843.68188092226,-1.20547151061771,0.183443083895089,-6.57136527047879,4.98559863834863e-11,5.57494563788182e-10,"Negative_interaction"
"ENSG00000244649.6","ENSG00000244649","LINC02086","lncRNA",-0.664805168585703,0.00204695492464958,-2.45782982071741,1.01063696886945e-36,-1.79302465213171,400.831058108879,-1.79302451933548,0.273028305810086,-6.56717446938515,5.1278953098502e-11,5.72082054121241e-10,"Negative_interaction"
"ENSG00000167920.13","ENSG00000167920","KRT10-AS1","lncRNA",-0.584346076447982,0.0316023196179641,1.66974357120128,3.72305809257168e-11,2.25408964764926,43.5220149693738,2.25408938170764,0.343244817765296,6.5670019328564,5.13383807594698e-11,5.7230447228172e-10,"Positive_interaction"
"ENSG00000186815.15","ENSG00000186815","TPCN1","protein_coding",0.200178927311681,0.131819619058168,-0.84133663287185,1.38220039592952e-13,-1.04151556018353,578.078492980513,-1.04151553398892,0.158613428816073,-6.56637676748451,5.15542746132388e-11,5.74269444807884e-10,"Negative_interaction"
"ENSG00000214944.12","ENSG00000214944","ARHGEF28","protein_coding",2.20032638710438,1.50340443427528e-18,0.402688537370092,0.00406477041092238,-1.79763784973429,180.967903178628,-1.79763786598407,0.274144832775854,-6.55725605980635,5.48068604773543e-11,6.09095875795874e-10,"Negative_interaction"
"ENSG00000139567.16","ENSG00000139567","ACVRL1","protein_coding",1.20281650944862,0.000232573649681252,-1.47845143087868,2.76988194809517e-07,-2.6812679403273,53.9354393474779,-2.68126749692096,0.409053683233197,-6.55480590158236,5.57142953139491e-11,6.1870618213774e-10,"Negative_interaction"
"ENSG00000196878.17","ENSG00000196878","LAMB3","protein_coding",0.299576052200757,0.0708714169174948,1.63639627921345,1.24185540699999e-28,1.33682022701269,5743.54901272191,1.33682017131376,0.204096839304859,6.54993078710521,5.75637561128726e-11,6.38754941491385e-10,"Positive_interaction"
"ENSG00000105229.9","ENSG00000105229","PIAS4","protein_coding",0.379445901176786,0.00294786328434588,1.44838292118248,7.32878283480218e-35,1.06893702000569,344.962958584823,1.06893699096851,0.163202646574935,6.54975279753017,5.76324036852194e-11,6.39027386538791e-10,"Positive_interaction"
"ENSG00000104812.17","ENSG00000104812","GYS1","protein_coding",0.321485563608345,0.0272318629897639,-0.901425401415634,9.59008186914134e-11,-1.22291096502398,310.834157578124,-1.22291092420172,0.186858041833634,-6.54459884199427,5.96552987754054e-11,6.60951521294476e-10,"Negative_interaction"
"ENSG00000054983.19","ENSG00000054983","GALC","protein_coding",0.503564555011508,0.000918088552477398,-0.777242078645947,5.36659962073112e-08,-1.28080663365746,111.006662591448,-1.28080658486723,0.195787598032645,-6.54181673271088,6.07759537018647e-11,6.72853415620644e-10,"Negative_interaction"
"ENSG00000166401.17","ENSG00000166401","SERPINB8","protein_coding",-1.02095654504022,1.28285714775178e-08,-2.68702215114569,2.09842244263851e-43,-1.66606560610547,100.395010074861,-1.66606552932948,0.254740104889277,-6.54025611732257,6.14135692229109e-11,6.79393469601851e-10,"Negative_interaction"
"ENSG00000286743.1","ENSG00000286743","ENSG00000286743","lncRNA",1.08516154507573,0.0322473817862528,8.43754500406931,1.43500823862908e-15,7.35238345899358,38.9649371950687,7.35237371715944,1.1251399024617,6.53463067221518,6.37666996150365e-11,7.04349855808772e-10,"Positive_interaction"
"ENSG00000065717.18","ENSG00000065717","TLE2","protein_coding",-1.51982797169234,0.0103563747729358,2.41142299808936,1.38520812984344e-16,3.9312509697817,28.7739601464493,3.93124937997132,0.601633333039989,6.53429450144847,6.39100788763442e-11,7.05395935320625e-10,"Positive_interaction"
"ENSG00000143320.11","ENSG00000143320","CRABP2","protein_coding",-0.561020511066947,0.277854288801436,4.02458902548978,1.85371681317101e-12,4.58560953655673,12.387641827467,4.58560723410505,0.70180033874147,6.53406244050603,6.4009238454467e-11,7.05952727307561e-10,"Positive_interaction"
"ENSG00000168564.8","ENSG00000168564","CDKN2AIP","protein_coding",-0.0434549429875988,0.785937432958451,1.04231311233629,3.27193873458091e-18,1.08576805532389,306.440059524212,1.08576802516189,0.166205038872822,6.53270221243233,6.45934966798885e-11,7.11313794745398e-10,"Positive_interaction"
"ENSG00000161791.16","ENSG00000161791","FMNL3","protein_coding",0.00771278798526062,0.969334591435958,-1.4201238479106,2.99141278765759e-14,-1.42783663589586,536.825585856573,-1.42783663998169,0.218623457213522,-6.53103129087912,6.53183492496373e-11,7.18749823330102e-10,"Negative_interaction"
"ENSG00000183978.9","ENSG00000183978","COA3","protein_coding",-0.169772778944001,0.247662278003196,-1.32373362604936,3.46397722034889e-24,-1.15396084710536,454.876254077226,-1.15396081364632,0.176737082348384,-6.52925123756221,6.60992953337138e-11,7.25690142406197e-10,"Negative_interaction"
"ENSG00000120539.17","ENSG00000120539","MASTL","protein_coding",-0.247232687287877,0.228593211120149,1.29074651268003,6.584527820442e-15,1.53797919996791,213.187230339156,1.53797911244624,0.23557175995273,6.52870748495002,6.63396663506789e-11,7.27777778012141e-10,"Positive_interaction"
"ENSG00000082146.15","ENSG00000082146","STRADB","protein_coding",0.702620553805453,2.38274877401693e-05,-0.573233624984605,4.68072759819098e-06,-1.27585417879006,176.104423028871,-1.27585413873803,0.195444874687291,-6.52794881819938,6.66764712646275e-11,7.30919380912996e-10,"Negative_interaction"
"ENSG00000011105.16","ENSG00000011105","TSPAN9","protein_coding",-0.260724019108461,0.168845198746651,1.0840143946014,2.73035340996222e-16,1.34473841370986,102.99688440817,1.34473835056291,0.20601029437922,6.52752987230599,6.68631755657101e-11,7.32412048600356e-10,"Positive_interaction"
"ENSG00000134508.15","ENSG00000134508","CABLES1","protein_coding",0.170085141055432,0.408319011081099,-1.23725103939332,2.19149321299837e-18,-1.40733618044875,117.02991285225,-1.40733611649146,0.215620430744309,-6.52691450264439,6.71383440448329e-11,7.34870756720331e-10,"Negative_interaction"
"ENSG00000183048.14","ENSG00000183048","SLC25A10","protein_coding",-0.601695436251362,0.00325916523025719,-2.47122952681923,1.77717909876516e-28,-1.86953409056787,125.831783276313,-1.86953397871554,0.286493203790676,-6.52557880598626,6.77394301268878e-11,7.40331690346046e-10,"Negative_interaction"
"ENSG00000125375.20","ENSG00000125375","DMAC2L","protein_coding",-0.522091743654596,0.00342060014085977,-2.10062352244841,3.57923934148891e-30,-1.57853177879381,150.68191409242,-1.57853170385429,0.241942913880447,-6.52439734041687,6.82754939245192e-11,7.45628076830544e-10,"Negative_interaction"
"ENSG00000107789.17","ENSG00000107789","MINPP1","protein_coding",0.481102673171489,0.000100621845106418,-0.519442243727471,1.08687813009083e-06,-1.00054491689896,247.713099287762,-1.00054489393076,0.153488046459247,-6.51871541147291,7.09120468275618e-11,7.72170922022966e-10,"Negative_interaction"
"ENSG00000196408.14","ENSG00000196408","NOXO1","protein_coding",-0.765727886542661,0.00131279231723293,1.4082187752177,7.40531500188841e-08,2.17394666176036,53.3082535296691,2.17394641562748,0.3336189439726,6.51625591083347,7.20839553132073e-11,7.83676429406601e-10,"Positive_interaction"
"ENSG00000181378.16","ENSG00000181378","CFAP65","protein_coding",0.983402011756995,0.00900894077076937,5.15272058792671,1.81157974427716e-20,4.16931857616972,26.8241588095206,4.16931680407283,0.64000576037369,6.5144988720702,7.29327299365498e-11,7.91716196434816e-10,"Positive_interaction"
"ENSG00000164070.14","ENSG00000164070","HSPA4L","protein_coding",-0.485201248953956,0.00999748811580218,0.855720054988774,1.95594588311763e-12,1.34092130394273,260.756049819377,1.34092123043452,0.205940499226316,6.51120704995928,7.45493014921214e-11,8.07450281931108e-10,"Positive_interaction"
"ENSG00000109321.13","ENSG00000109321","AREG","protein_coding",-0.773448466067607,0.000179409801032747,0.952413251370265,6.70067846147787e-07,1.72586171743787,4209.51040342626,1.72586159442362,0.265081513636918,6.5106825849332,7.48100750655166e-11,8.09065378992139e-10,"Positive_interaction"
"ENSG00000135451.15","ENSG00000135451","TROAP","protein_coding",-0.314440014185655,0.0127735126100123,0.712450943091473,3.40816673504923e-10,1.02689095727713,297.164158599814,1.02689093168941,0.157722901553203,6.5107281287431,7.4787394530152e-11,8.09065378992139e-10,"Positive_interaction"
"ENSG00000187792.7","ENSG00000187792","ZNF70","protein_coding",-0.221189646695711,0.705944558021145,-4.3426910318758,8.77428001456349e-21,-4.12150138518009,22.5390515241973,-4.12149983562959,0.633430751059096,-6.50663048602937,7.68551467215087e-11,8.29839246581627e-10,"Negative_interaction"
"ENSG00000256771.7","ENSG00000256771","ZNF253","protein_coding",-0.960478678348704,1.71008223361002e-06,-2.71694810939277,1.22630384812551e-42,-1.75646943104407,115.794117263251,-1.75646932075777,0.27000242095812,-6.50538359813525,7.74953715357425e-11,8.35612294863081e-10,"Negative_interaction"
"ENSG00000115738.12","ENSG00000115738","ID2","protein_coding",0.754514896294154,5.56868782900765e-09,-0.380872985702242,0.00381025096950859,-1.1353878819964,698.004533372659,-1.13538784787299,0.174672788510539,-6.50008428647994,8.02750224962839e-11,8.64298384855978e-10,"Negative_interaction"
"ENSG00000242515.7","ENSG00000242515","UGT1A10","protein_coding",1.97625874123462,0.00186745554165303,-2.00287412075077,3.35007173756934e-21,-3.97913286198539,236.508952484933,-3.97913281980026,0.612192969944159,-6.49980155793558,8.0426030502365e-11,8.65281391269691e-10,"Negative_interaction"
"ENSG00000176410.8","ENSG00000176410","DNAJC30","protein_coding",-1.01664581569923,4.61528825957508e-05,-3.31989632273282,1.30521676917416e-33,-2.30325050703359,103.849558252784,-2.30325029133703,0.354546654243759,-6.49632499353242,8.23057576708185e-11,8.83537066789261e-10,"Negative_interaction"
"ENSG00000188938.18","ENSG00000188938","FAM120AOS","protein_coding",-0.838204871638225,5.56868782900765e-09,-2.11183720532813,3.77461294298753e-48,-1.27363233368991,612.95459849407,-1.27363229082141,0.196257205870557,-6.48960778368282,8.60601200622319e-11,9.22472825400788e-10,"Negative_interaction"
"ENSG00000006047.15","ENSG00000006047","YBX2","protein_coding",-0.620307599486845,9.23032485830883e-05,0.613604938925852,1.13781608189297e-06,1.2339125384127,136.243273470842,1.23391249207421,0.190163923297881,6.48867813976131,8.65927300406682e-11,9.2749581947477e-10,"Positive_interaction"
"ENSG00000134248.16","ENSG00000134248","LAMTOR5","protein_coding",0.390008769513925,0.00233664856858884,1.46559917590229,6.01847355085511e-34,1.07559040638837,628.138625074655,1.07559037676297,0.165786719167912,6.48779577858464,8.71012313893992e-11,9.32253356938828e-10,"Positive_interaction"
"ENSG00000145916.21","ENSG00000145916","RMND5B","protein_coding",-0.0610583070147185,0.673454527071961,-1.10287568130946,6.07726881632313e-20,-1.04181737429474,409.884695276938,-1.04181735066828,0.160639752892411,-6.48542675091164,8.84809793512878e-11,9.46322031556356e-10,"Negative_interaction"
"ENSG00000101868.15","ENSG00000101868","POLA1","protein_coding",-0.744794323250837,0.000347204905542922,-2.61299140212416,2.08966064426805e-32,-1.86819707887332,307.458383771681,-1.86819696158377,0.288314181445759,-6.47972622163658,9.18891991624926e-11,9.79160495781502e-10,"Negative_interaction"
"ENSG00000257337.10","ENSG00000257337","TNS2-AS1","lncRNA",0.514857541043131,0.00679386747189189,-0.99478553777175,1.08679019160564e-09,-1.50964307881488,95.9110213380674,-1.50964299717221,0.232991508993588,-6.4793906168218,9.20938019226269e-11,9.80619674844018e-10,"Negative_interaction"
"ENSG00000108479.15","ENSG00000108479","GALK1","protein_coding",0.238415445138543,0.0991450935132969,1.37880591232961,1.7236504894076e-27,1.14039046719107,227.563042083069,1.14039043123259,0.176067588617184,6.47700374719212,9.35618703968245e-11,9.94789894197198e-10,"Positive_interaction"
"ENSG00000027847.16","ENSG00000027847","B4GALT7","protein_coding",-0.444168053605285,0.00296031116431822,-1.73595062152665,3.85020597041279e-31,-1.29178256792137,138.123654597105,-1.29178252475361,0.199480408493137,-6.47573631170932,9.43506947516526e-11,1.00244154570451e-09,"Negative_interaction"
"ENSG00000138380.20","ENSG00000138380","CARF","protein_coding",-0.80305561875609,0.00045142987570417,-3.08449178401285,1.5798747482308e-26,-2.28143616525676,48.0021897964768,-2.28143600548178,0.352552634669178,-6.47119261389889,9.72323929495747e-11,1.03079139621451e-09,"Negative_interaction"
"ENSG00000105127.12","ENSG00000105127","AKAP8","protein_coding",-0.455549221891733,0.000849480295813644,0.652155293611939,7.80387476765944e-08,1.10770451550367,306.544708633894,1.10770448276783,0.171201562569182,6.47017741044393,9.7887919165139e-11,1.0362247805268e-09,"Positive_interaction"
"ENSG00000293107.1","ENSG00000293107","ENSG00000293107","lncRNA",-0.572721001144649,0.189734156383456,-4.60546190548247,3.43348514000454e-19,-4.03274090433782,33.9355797898571,-4.03273976751481,0.623377631503311,-6.46917624841563,9.85386093904906e-11,1.04235147977153e-09,"Negative_interaction"
"ENSG00000102098.21","ENSG00000102098","SCML2","protein_coding",0.0923631972677981,0.692342425697058,1.73132698889332,1.49411782106712e-20,1.63896379162552,122.983359962748,1.63896368579835,0.253394069013651,6.46804280849233,9.9280375904308e-11,1.04866706093676e-09,"Positive_interaction"
"ENSG00000135100.21","ENSG00000135100","HNF1A","protein_coding",0.293760775958676,0.0131594964947042,-0.743760491987544,2.13377871804716e-09,-1.03752126794622,419.788287698289,-1.03752124606593,0.160455748067724,-6.46608961386675,1.00571450104393e-10,1.06075797300791e-09,"Negative_interaction"
"ENSG00000085231.15","ENSG00000085231","AK6","protein_coding",-0.183674959951919,0.263730322891218,0.967200099285401,1.91993051438339e-16,1.15087505923732,181.611223340138,1.15087501899412,0.17808327580154,6.46256653699856,1.02941856849761e-10,1.08418124234501e-09,"Positive_interaction"
"ENSG00000115756.15","ENSG00000115756","HPCAL1","protein_coding",0.193149960727147,0.159011354847258,1.25185996698785,2.24468665682217e-26,1.0587100062607,513.74493355076,1.05870997755334,0.163852749215098,6.46135010016532,1.03772919827523e-10,1.09214027170694e-09,"Positive_interaction"
"ENSG00000138398.19","ENSG00000138398","PPIG","protein_coding",-0.086134208120129,0.607896230765898,1.07566346192871,6.79406684585774e-17,1.16179767004884,1136.52658757279,1.16179763203189,0.179839691224119,6.46018475745733,1.04575225279142e-10,1.09978531549008e-09,"Positive_interaction"
"ENSG00000175592.11","ENSG00000175592","FOSL1","protein_coding",-0.380543691106539,0.129777613947964,1.53306070323161,2.52248534675922e-13,1.91360439433815,297.444500784135,1.91360422251339,0.296252028092969,6.4593793157523,1.05133289715939e-10,1.10485252687701e-09,"Positive_interaction"
"ENSG00000115590.16","ENSG00000115590","IL1R2","protein_coding",0.859456975278527,0.000439039803539173,-1.12316512557038,2.4442863244522e-07,-1.98262210084891,174.442474862504,-1.98262191654102,0.307107895137574,-6.45578296075024,1.07660813728688e-10,1.12977589613044e-09,"Negative_interaction"
"ENSG00000092931.14","ENSG00000092931","MFSD11","protein_coding",0.104470538060806,0.456778656874391,-0.990610787384878,3.73873408617796e-14,-1.09508132544568,254.598224563847,-1.09508129930022,0.169840723829064,-6.44769566810351,1.13563509292693e-10,1.18999448783059e-09,"Negative_interaction"
"ENSG00000115073.10","ENSG00000115073","ACTR1B","protein_coding",-0.0938053233944379,0.559607228600062,-1.244661225589,1.11035578068884e-21,-1.15085590219456,890.703448583936,-1.15085586637244,0.178660750603748,-6.44157075621454,1.18243300955491e-10,1.23635058978858e-09,"Negative_interaction"
"ENSG00000172009.17","ENSG00000172009","THOP1","protein_coding",-0.797762921824702,8.18972390877427e-11,-1.91084715377814,1.21180694764511e-48,-1.11308423195344,379.424041906668,-1.11308420718444,0.172842096740767,-6.43989067578756,1.19559587874901e-10,1.24831235409443e-09,"Negative_interaction"
"ENSG00000146733.16","ENSG00000146733","PSPH","protein_coding",-0.864495422781775,8.51647786778857e-10,-2.09155732787737,4.27072957632776e-51,-1.22706190509559,809.847376065142,-1.22706186406857,0.190558786100367,-6.4392825394169,1.20039564027302e-10,1.25242142684209e-09,"Negative_interaction"
"ENSG00000139793.23","ENSG00000139793","MBNL2","protein_coding",0.544278096484618,7.33996261634645e-05,1.68600119763761,2.05072946567939e-40,1.14172310115299,2553.72556980606,1.14172306440513,0.177389403673727,6.43625290327437,1.2245893085029e-10,1.27582661817571e-09,"Positive_interaction"
"ENSG00000261087.1","ENSG00000261087","ZNNT1","lncRNA",1.44471176341435,2.22470654978437e-06,4.00580977704459,3.29057195613205e-45,2.56109801363024,59.1437160034638,2.56109750763084,0.397947652986318,6.43576482587998,1.2285312510553e-10,1.27901400073947e-09,"Positive_interaction"
"ENSG00000116670.19","ENSG00000116670","MAD2L2","protein_coding",-0.850695283643599,1.24861286935919e-08,0.462371976528577,0.00292977266695089,1.31306726017218,232.979812924113,1.31306720343795,0.204043227674526,6.43524030864897,1.23278132505521e-10,1.28251736989951e-09,"Positive_interaction"
"ENSG00000225697.15","ENSG00000225697","SLC26A6","protein_coding",0.164218976401168,0.229870727071204,1.22020645594825,3.97019460159294e-24,1.05598747954708,506.088574315304,1.05598745110451,0.164123880749532,6.43408775299459,1.24217083407008e-10,1.2913586604981e-09,"Positive_interaction"
"ENSG00000183778.20","ENSG00000183778","B3GALT5","protein_coding",0.684932352688086,0.0565297670318819,-3.43736760759174,2.33735139850136e-09,-4.12229996027983,24.7296078169787,-4.1222989914667,0.641213140943111,-6.42890597251879,1.28525594598534e-10,1.33328054181958e-09,"Negative_interaction"
"ENSG00000168234.16","ENSG00000168234","TTC39C","protein_coding",0.371839226567197,0.00670416837548763,1.42902610768771,7.27240414053772e-38,1.05718688112051,199.76538262091,1.05718684813378,0.164495843932047,6.42683014271479,1.30292268839626e-10,1.35064060087543e-09,"Positive_interaction"
"ENSG00000279145.2","ENSG00000279145","ENSG00000279145","lncRNA",-0.73758694118834,0.169823580506786,3.04738790792067,2.04592195227338e-15,3.78497484910901,15.0255031502374,3.78497343502056,0.589146405900342,6.42450398935441,1.32300191993389e-10,1.36851847420999e-09,"Positive_interaction"
"ENSG00000277639.4","ENSG00000277639","CHD9NB","protein_coding",0.149777601064935,0.66394982997106,-4.99881135478327,1.3986580907121e-10,-5.14858895584821,32.3428659604395,-5.14858834838284,0.801574909933017,-6.42309069880079,1.33534872685701e-10,1.37892517237261e-09,"Negative_interaction"
"ENSG00000187231.16","ENSG00000187231","SESTD1","protein_coding",0.851455063909024,2.32944898850646e-09,2.00363786897486,2.16993161538916e-61,1.15218280506584,438.658673484163,1.15218275893625,0.17939590599071,6.42256997211475,1.33992623741117e-10,1.38207907705072e-09,"Positive_interaction"
"ENSG00000185989.13","ENSG00000185989","RASA3","protein_coding",0.473003180520977,0.000400193023716208,1.53486878902058,1.11581900155389e-41,1.0618656084996,425.578463526837,1.06186557546432,0.165418214493704,6.41927842538004,1.36921785953515e-10,1.41028466385099e-09,"Positive_interaction"
"ENSG00000197766.11","ENSG00000197766","CFD","protein_coding",0.219828137540404,0.490554896590047,-2.49015090678128,7.53397426767706e-13,-2.70997904432168,109.564805473158,-2.70997874488426,0.42259154161118,-6.41276144466153,1.42907052334674e-10,1.4708870755924e-09,"Negative_interaction"
"ENSG00000131503.23","ENSG00000131503","ANKHD1","protein_coding",0.129068238227758,0.768208656175764,2.83501765662952,8.41578945290409e-25,2.70594941840176,47.8052003482522,2.70594886126263,0.422081325678985,6.41096560457795,1.4460082073769e-10,1.48726408384003e-09,"Positive_interaction"
"ENSG00000175634.17","ENSG00000175634","RPS6KB2","protein_coding",-0.132414455862006,0.361198965328329,-1.19649660403388,1.33800169013184e-23,-1.06408214817187,429.090274108914,-1.06408211923384,0.166042503202162,-6.40849239630099,1.46965607789241e-10,1.50944407376448e-09,"Negative_interaction"
"ENSG00000137955.18","ENSG00000137955","RABGGTB","protein_coding",0.543000851784067,0.000873475448636625,1.86161452604258,1.02037314865049e-37,1.31861367425851,908.058366866313,1.31861361490766,0.20580941589643,6.40696446838582,1.48445396128212e-10,1.52356280502128e-09,"Positive_interaction"
"ENSG00000137947.14","ENSG00000137947","GTF2B","protein_coding",-0.00613553760481214,0.976222131800803,1.01025105630542,3.88756990721032e-20,1.01638659391023,253.864334893808,1.01638656697691,0.158743970002398,6.40267826841901,1.52674699496343e-10,1.56586110764403e-09,"Positive_interaction"
"ENSG00000111671.12","ENSG00000111671","SPSB2","protein_coding",-0.15444771793274,0.46339944329662,-1.63993883747304,1.57527379706162e-23,-1.4854911195403,94.7143800976994,-1.48549104090408,0.232372997456149,-6.39270077490136,1.62981010301814e-10,1.66810055603295e-09,"Negative_interaction"
"ENSG00000117480.18","ENSG00000117480","FAAH","protein_coding",-0.650405164265828,3.13267282236214e-08,-1.87974273723706,1.42786290932234e-31,-1.22933757297123,238.090357031297,-1.22933756854047,0.192446563357175,-6.3879424350065,1.68132602359122e-10,1.71589976999183e-09,"Negative_interaction"
"ENSG00000166478.12","ENSG00000166478","ZNF143","protein_coding",0.580598012789659,3.27132231942252e-05,1.70722833819466,3.48733391043033e-44,1.126630325405,389.46102365348,1.12663028640369,0.176409400481336,6.38645266822322,1.69777949630589e-10,1.73147223507847e-09,"Positive_interaction"
"ENSG00000104365.18","ENSG00000104365","IKBKB","protein_coding",-0.562275143651949,0.000215085780984476,-1.73474342441811,5.01877752905066e-46,-1.17246828076616,191.049829695848,-1.17246824127143,0.183675167769251,-6.3833791770066,1.73222276826469e-10,1.76411611789824e-09,"Negative_interaction"
"ENSG00000177788.7","ENSG00000177788","RAB4A-AS1","lncRNA",-1.14158083335583,1.20609765741051e-12,-2.85861888355156,9.41361932338892e-37,-1.71703805019573,118.646824953033,-1.71703802744094,0.268992870888687,-6.38321016377968,1.73413650148257e-10,1.76482487215488e-09,"Negative_interaction"
"ENSG00000146904.11","ENSG00000146904","EPHA1","protein_coding",0.845943031613389,8.46920270887173e-09,-0.248087025837079,0.0215948095226189,-1.09403005745047,317.629733707906,-1.09403003937948,0.171492094393215,-6.37947797681551,1.77692635206239e-10,1.80583567279721e-09,"Negative_interaction"
"ENSG00000122952.19","ENSG00000122952","ZWINT","protein_coding",-0.809063803335427,1.88581297790828e-06,-2.34220055515162,6.26246005291459e-37,-1.53313675181619,369.789230722142,-1.53313669097299,0.240328074072085,-6.37934913302364,1.77842183087023e-10,1.80608893994194e-09,"Negative_interaction"
"ENSG00000132017.13","ENSG00000132017","DCAF15","protein_coding",-0.103194579108277,0.515291846925778,1.01936632557877,9.85348432023451e-16,1.12256090468705,296.119958414939,1.12256086979748,0.175989770078798,6.37855751101251,1.78763714437484e-10,1.81417629525771e-09,"Positive_interaction"
"ENSG00000181991.18","ENSG00000181991","MRPS11","protein_coding",-0.444209143485909,0.000402561695925707,-1.50349408427161,9.12217636410655e-35,-1.0592849407857,168.744144273243,-1.05928491543424,0.16607938861851,-6.37818409765134,1.79200024729429e-10,1.81733153140579e-09,"Negative_interaction"
"ENSG00000182150.22","ENSG00000182150","ERCC6L2","protein_coding",-0.484775938236032,0.0178818750083958,-2.1768603008274,2.48080608587656e-28,-1.69208436259137,294.529170433374,-1.69208425471203,0.265595192210611,-6.37091447562891,1.87904408256391e-10,1.90161360646062e-09,"Negative_interaction"
"ENSG00000275074.4","ENSG00000275074","NUDT18","protein_coding",0.11041508713818,0.666721321387858,-1.61152625953542,8.70714443570702e-17,-1.7219413466736,59.2747110671196,-1.72194122350474,0.270317461855585,-6.37007025622589,1.88941630588512e-10,1.91077607152039e-09,"Negative_interaction"
"ENSG00000176244.8","ENSG00000176244","ACBD7","protein_coding",-0.708348064253725,1.64126967876579e-06,1.02129978398957,2.66309152222501e-05,1.7296478482433,97.1988363205904,1.72964768084626,0.271629578793166,6.36767059217551,1.91920540657772e-10,1.93684712758526e-09,"Positive_interaction"
"ENSG00000132434.12","ENSG00000132434","LANCL2","protein_coding",-1.18224109177751,6.61339227893833e-14,-2.69287106016338,5.72937048411608e-47,-1.51062996838587,112.151821761816,-1.51062992582991,0.237245479818865,-6.3673707376143,1.92295985843825e-10,1.93928561367343e-09,"Negative_interaction"
"ENSG00000126773.15","ENSG00000126773","PCNX4","protein_coding",-0.488696826485439,0.00167344956197591,-1.83216405664238,2.41253308455156e-30,-1.34346723015694,193.898354861754,-1.34346718173621,0.211133223039636,-6.36312543518552,1.97689114211028e-10,1.99090385208215e-09,"Negative_interaction"
"ENSG00000101447.16","ENSG00000101447","FAM83D","protein_coding",0.202057658525018,0.143748908614257,1.23095519227317,1.642421845249e-27,1.02889753374815,521.533677644428,1.02889750527533,0.16171254571999,6.36250886221834,1.98484582312758e-10,1.99752678255312e-09,"Positive_interaction"
"ENSG00000177663.17","ENSG00000177663","IL17RA","protein_coding",0.410588766950905,0.00136436938008134,-0.652317447650869,1.32028788911174e-07,-1.06290621460177,235.66148288914,-1.06290618538656,0.167131802901462,-6.35968838326502,2.02163455230696e-10,2.03172870541141e-09,"Negative_interaction"
"ENSG00000155792.12","ENSG00000155792","DEPTOR","protein_coding",-0.355047531870174,0.219030479900258,-2.51116975438855,4.76164338495354e-25,-2.15612222251838,106.272830900132,-2.15612197951101,0.339075569475928,-6.35882432592678,2.03303752362983e-10,2.04035871138805e-09,"Negative_interaction"
"ENSG00000170873.21","ENSG00000170873","MTSS1","protein_coding",0.712929820534778,0.00380773493174259,3.21763430882223,3.45758053540206e-22,2.50470448828745,58.9070600838375,2.50470409934801,0.394087389389404,6.3557073044859,2.07469742591253e-10,2.07928873418565e-09,"Positive_interaction"
"ENSG00000137491.17","ENSG00000137491","SLCO2B1","protein_coding",1.8146756147372,7.02274616402786e-18,0.0290581838924776,0.902120818882814,-1.78561743084472,125.499476508249,-1.7856172927201,0.281126560477777,-6.35164919915582,2.13018666572648e-10,2.13195201379199e-09,"Negative_interaction"
"ENSG00000092094.13","ENSG00000092094","OSGEP","protein_coding",-0.968323462538814,6.50484637841104e-07,-2.75870708534376,3.99306584819453e-36,-1.79038362280495,80.8031622896654,-1.79038352877083,0.281981553172908,-6.34929309603803,2.16306572006405e-10,2.16187230449436e-09,"Negative_interaction"
"ENSG00000115239.26","ENSG00000115239","ASB3","protein_coding",0.207344073094408,0.216941246711376,1.35154128306955,7.86843233244364e-32,1.14419720997514,208.957796417151,1.14419716324348,0.180233196543454,6.34842628986842,2.17528617541523e-10,2.17258768119348e-09,"Positive_interaction"
"ENSG00000198786.2","ENSG00000198786","MT-ND5","protein_coding",0.554463132728879,0.000141056251392092,1.75563504130912,5.35821959233705e-38,1.20117190858024,14133.840604805,1.20117186556379,0.189236647109734,6.34745903560245,2.18900239727168e-10,2.18478118052763e-09,"Positive_interaction"
"ENSG00000206075.16","ENSG00000206075","SERPINB5","protein_coding",0.650373600124995,0.00394911970038521,2.5077534161379,1.55471829937657e-31,1.8573798160129,485.353619863816,1.85737965658548,0.292899088566648,6.34136372931336,2.2774014680781e-10,2.26988322389188e-09,"Positive_interaction"
"ENSG00000186638.19","ENSG00000186638","KIF24","protein_coding",-0.630031961486123,1.7607343636144e-05,-2.27158233876359,5.74590044680033e-24,-1.64155037727747,105.330715021327,-1.641550370276,0.258922330152158,-6.339933559656,2.2986426827091e-10,2.28790726358656e-09,"Negative_interaction"
"ENSG00000152952.16","ENSG00000152952","PLOD2","protein_coding",0.986254222339974,4.28560737490017e-08,-0.485327235741983,0.0038094391615808,-1.47158145808196,241.060566775691,-1.47158138050991,0.232265211990835,-6.33578041195415,2.36142909404444e-10,2.34717629841509e-09,"Negative_interaction"
"ENSG00000148484.20","ENSG00000148484","RSU1","protein_coding",-0.440855748006928,0.000767768275257194,-1.5618992888622,8.66623985522248e-32,-1.12104354085527,430.635855577528,-1.12104351226209,0.176992616784736,-6.33384336944142,2.39128274616483e-10,2.37359380530279e-09,"Negative_interaction"
"ENSG00000167674.17","ENSG00000167674","HDGFL2","protein_coding",-0.396048769471272,0.00288593377758446,0.661290671003973,3.76259472565245e-08,1.05733944047524,495.987448892229,1.05733941073431,0.167387353673383,6.31672218677561,2.67169232592188e-10,2.64287816977883e-09,"Positive_interaction"
"ENSG00000113273.19","ENSG00000113273","ARSB","protein_coding",-0.102306241634829,0.686870731054339,-2.25156998795847,5.7803392109411e-15,-2.14926374632364,47.5078401355339,-2.14926361013467,0.34037967016348,-6.31431251197349,2.71365082831724e-10,2.68255305620555e-09,"Negative_interaction"
"ENSG00000159055.6","ENSG00000159055","MIS18A","protein_coding",-0.270997319002811,0.0787978224500275,0.859539529903891,2.23773410883203e-12,1.1305368489067,128.980786058395,1.13053681140108,0.179093855462323,6.31253824137433,2.74495602429357e-10,2.7116498094112e-09,"Positive_interaction"
"ENSG00000189362.14","ENSG00000189362","NEMP2","protein_coding",-0.397460100293844,0.187919722493777,-2.77884430880569,2.12491037887072e-22,-2.38138420851185,139.270149601975,-2.38138390845137,0.377934820927779,-6.3010439276418,2.95647581951272e-10,2.91266129003252e-09,"Negative_interaction"
"ENSG00000137561.7","ENSG00000137561","TTPA","protein_coding",0.725127304663335,0.000189565321634418,-2.53592432317167,4.42183080561433e-07,-3.26105162783501,78.1787713903256,-3.26105170861433,0.517917563254686,-6.29646866601955,3.04502797872084e-10,2.99786314318087e-09,"Negative_interaction"
"ENSG00000105438.11","ENSG00000105438","KDELR1","protein_coding",0.652601062410343,3.17706423648411e-07,1.71503002578265,3.71700527996941e-45,1.06242896337231,3737.58125362732,1.06242893308388,0.168766395859877,6.29526350711424,3.06878096962678e-10,3.01919713590165e-09,"Positive_interaction"
"ENSG00000162227.10","ENSG00000162227","TAF6L","protein_coding",-0.197626188628044,0.388829191268544,-1.96160865429206,8.19637840351433e-20,-1.76398246566402,72.9488700129703,-1.76398234901558,0.280424075951655,-6.29040977679709,3.16629034321037e-10,3.10879943453962e-09,"Negative_interaction"
"ENSG00000245532.13","ENSG00000245532","NEAT1","lncRNA",0.117060627612442,0.58230972065301,1.50215546923531,1.00333043492456e-23,1.38509484162287,1022.59377305591,1.38509476280551,0.220239730914701,6.28903221527253,3.19451179660153e-10,3.13226420543636e-09,"Positive_interaction"
"ENSG00000224870.10","ENSG00000224870","MRPL20-AS1","lncRNA",-0.666218432208252,0.00011661450759956,-2.14586729592106,9.08229563488941e-34,-1.47964886371281,94.1206107957821,-1.47964879804791,0.235595672521139,-6.28045830474727,3.37576408772755e-10,3.30327975417607e-09,"Negative_interaction"
"ENSG00000141441.18","ENSG00000141441","GAREM1","protein_coding",0.94327938438144,2.52602671008935e-12,-0.181013728672642,0.184250896831344,-1.12429311305408,294.909988157606,-1.12429307709945,0.179107262497941,-6.27720540987204,3.44712548740148e-10,3.37083283153996e-09,"Negative_interaction"
"ENSG00000033011.16","ENSG00000033011","ALG1","protein_coding",-0.640614171953907,0.000762047011570604,-2.49522489631457,1.5987769827288e-24,-1.85461072436066,132.229432518239,-1.85461066029701,0.295515912294539,-6.27584026151706,3.47751070457316e-10,3.3982525374696e-09,"Negative_interaction"
"ENSG00000155636.18","ENSG00000155636","RBM45","protein_coding",-0.309562987733972,0.208729804883525,-2.25211288599953,1.17330345837766e-21,-1.94254989826556,52.7476328869283,-1.94254973944797,0.30954586921974,-6.27548267513464,3.48551291680472e-10,3.40377716915997e-09,"Negative_interaction"
"ENSG00000137802.17","ENSG00000137802","MAPKBP1","protein_coding",0.888532195395049,3.57170598662464e-10,-0.279057486512099,0.0431689189287055,-1.16758968190715,132.703047638179,-1.16758964171145,0.186113221631391,-6.27354484263312,3.52919221248751e-10,3.44179364356454e-09,"Negative_interaction"
"ENSG00000213047.15","ENSG00000213047","DENND1B","protein_coding",0.624851968790433,1.05967628878277e-07,-0.399930541426988,0.00157011580846322,-1.02478251021742,270.618501713887,-1.02478248441821,0.163380262290849,-6.27237629594383,3.55578939895063e-10,3.46540013245411e-09,"Negative_interaction"
"ENSG00000103534.19","ENSG00000103534","TMC5","protein_coding",0.907259802710489,1.87454955136247e-12,-0.198639804969954,0.148761851002707,-1.10589960768044,496.562580124922,-1.10589957377707,0.176352048987909,-6.27097660687169,3.5879052615985e-10,3.49434966741166e-09,"Negative_interaction"
"ENSG00000167740.11","ENSG00000167740","CYB5D2","protein_coding",-0.419654028254859,0.121084466771227,-2.79416225976951,6.74675251342772e-20,-2.37450823151465,133.451251313839,-2.37450803022009,0.37868491986113,-6.27040556854196,3.60108891647064e-10,3.50483415564086e-09,"Negative_interaction"
"ENSG00000110958.18","ENSG00000110958","PTGES3","protein_coding",0.0445546493857662,0.784492188646727,1.10856285488334,1.5124467312495e-19,1.06400820549757,5851.99102482637,1.06400817479822,0.16979375383946,6.26647418257939,3.6931458314565e-10,3.58960894630903e-09,"Positive_interaction"
"ENSG00000204104.14","ENSG00000204104","TRAF3IP1","protein_coding",-0.527792089314872,0.000443939003575367,-1.7374417236873,2.85342060513242e-36,-1.20964963437243,210.198695166908,-1.20964959136707,0.193042483319288,-6.26623513419239,3.69881685729127e-10,3.59271138712233e-09,"Negative_interaction"
"ENSG00000213918.12","ENSG00000213918","DNASE1","protein_coding",0.226974609945744,0.0918948633584882,-1.08242444549631,1.38477603174804e-09,-1.30939905544205,155.103918625868,-1.30939903389016,0.208989591329494,-6.26537917778764,3.71919280668577e-10,3.60525365581874e-09,"Negative_interaction"
"ENSG00000163946.16","ENSG00000163946","TASOR","protein_coding",-0.28522579848595,0.0875493389875208,-1.57003536629322,4.90188520606598e-26,-1.28480956780727,820.937287056441,-1.28480951485524,0.205116786399163,-6.26379506724023,3.75719184110362e-10,3.63965402147552e-09,"Negative_interaction"
"ENSG00000134864.13","ENSG00000134864","GGACT","protein_coding",-1.02987743877914,0.000235358998418237,-4.25852194714447,1.07536109125293e-20,-3.22864450836533,49.158130403464,-3.22864427530056,0.515455487473821,-6.26367233206444,3.76015173488818e-10,3.64008810567799e-09,"Negative_interaction"
"ENSG00000224781.1","ENSG00000224781","EIF4A2P4","processed_pseudogene",0.879428011160556,1.66042338560264e-05,2.50474558511545,2.82704968455443e-43,1.62531757395489,88.9758954999697,1.62531744515927,0.259801979187058,6.255985617373,3.95013151795596e-10,3.81635373054785e-09,"Positive_interaction"
"ENSG00000260552.4","ENSG00000260552","COSMOC","lncRNA",-0.371655164926592,0.101612885617277,1.3125453495621,5.08462833428585e-12,1.68420051448869,52.2274505047578,1.6842003905635,0.269305832313741,6.25385783922203,4.00435543956871e-10,3.86358981559452e-09,"Positive_interaction"
"ENSG00000185420.20","ENSG00000185420","SMYD3","protein_coding",0.275361591880274,0.0805210660168746,-0.907070820932318,1.54240057033843e-11,-1.18243241281259,120.478613054015,-1.1824323706245,0.189107164087357,-6.2527106063432,4.03389211517152e-10,3.88949863826119e-09,"Negative_interaction"
"ENSG00000170684.11","ENSG00000170684","ZNF296","protein_coding",-0.510651279724754,0.0188564784468589,1.09552763716528,3.32729528408513e-10,1.60617891689003,66.1977712607564,1.60617880767353,0.257051045665687,6.24848190566196,4.14461227581813e-10,3.9935984774705e-09,"Positive_interaction"
"ENSG00000108439.13","ENSG00000108439","PNPO","protein_coding",-0.547871930675028,2.74988737403162e-05,-1.64828987228001,1.74619410313248e-36,-1.10041794160498,383.262788002179,-1.1004179120246,0.176138892494802,-6.24744425514698,4.17223113916842e-10,4.01753977865972e-09,"Negative_interaction"
"ENSG00000119508.19","ENSG00000119508","NR4A3","protein_coding",-0.173074841197304,0.658671598790602,4.55609588107758,2.01216836063328e-10,4.72917072227488,18.8471413186771,4.72916801085455,0.757196238913839,6.24563061438116,4.22093635491228e-10,4.06174034896339e-09,"Positive_interaction"
"ENSG00000155254.14","ENSG00000155254","MARVELD1","protein_coding",-0.511364680068772,0.0169291334669706,-2.29130865465063,3.36768099590149e-26,-1.77994397458186,258.647176371634,-1.77994385648052,0.285136622132529,-6.24242457236244,4.30839558243935e-10,4.14040243903919e-09,"Negative_interaction"
"ENSG00000155066.18","ENSG00000155066","PROM2","protein_coding",0.888238009227658,7.24754984221315e-07,-0.674838537794377,0.000548505789795266,-1.56307654702203,71.3754094986902,-1.56307645217607,0.250850867841852,-6.23109844356413,4.63175919194659e-10,4.43644773362128e-09,"Negative_interaction"
"ENSG00000187699.12","ENSG00000187699","AKAP19","protein_coding",0.803871997306234,0.106645389245804,-3.33650837541969,1.71647959014331e-10,-4.14038037272592,17.3694635825201,-4.14037868100836,0.664813920227616,-6.22787603423045,4.72800925468289e-10,4.51967744847391e-09,"Negative_interaction"
"ENSG00000176715.19","ENSG00000176715","ACSF3","protein_coding",0.409608168417886,0.00166821600804133,-0.698817505350633,3.68490704407363e-07,-1.10842567376852,237.125295395086,-1.10842564247876,0.178019756971229,-6.22641925445336,4.7721598933659e-10,4.5558722776455e-09,"Negative_interaction"
"ENSG00000161999.15","ENSG00000161999","JMJD8","protein_coding",0.098691101818507,0.578507674879037,-1.22459137270516,1.71833000410225e-13,-1.32328247452367,344.698660698765,-1.32328243171955,0.212532843371924,-6.2262491327228,4.77734193875778e-10,4.55781694381025e-09,"Negative_interaction"
"ENSG00000125817.8","ENSG00000125817","CENPB","protein_coding",-0.00284717096353444,0.991461063360834,-1.12978866122045,1.95473477183255e-17,-1.12694149025692,626.15069499353,-1.1269414548518,0.181032816192343,-6.2250672477771,4.81349502794363e-10,4.58928749637889e-09,"Negative_interaction"
"ENSG00000130713.19","ENSG00000130713","EXOSC2","protein_coding",-0.584842870544338,5.64411958038382e-05,-1.83004212652663,1.39128086692122e-33,-1.24519925598229,460.934904568083,-1.24519921792432,0.20008316046876,-6.22340838183002,4.86468941619446e-10,4.63504793027549e-09,"Negative_interaction"
"ENSG00000181027.13","ENSG00000181027","FKRP","protein_coding",-0.406415791238081,0.0367288194990844,-2.76916239896627,1.5256823892085e-15,-2.36274660772819,67.4060278435591,-2.36274661613069,0.379942404513392,-6.21869680262923,5.01300909114485e-10,4.77009374582214e-09,"Negative_interaction"
"ENSG00000130035.11","ENSG00000130035","GALNT8","protein_coding",0.113918989394273,0.754090625384064,-2.65634397061715,2.41671428105381e-13,-2.77026296001142,31.051364748017,-2.77026253503566,0.44551786777996,-6.21807279883078,5.03298059799155e-10,4.77968249188031e-09,"Negative_interaction"
"ENSG00000159685.13","ENSG00000159685","CHCHD6","protein_coding",-0.119549728494487,0.484030786138455,1.01703199042046,5.50195001021166e-16,1.13658171891495,157.989944191904,1.13658167903458,0.182826183500361,6.21673360606108,5.07610453051993e-10,4.81747916544171e-09,"Positive_interaction"
"ENSG00000132950.21","ENSG00000132950","ZMYM5","protein_coding",0.178632897332925,0.389105101845617,1.58915214954077,3.39330613692929e-24,1.41051925220785,480.590336862945,1.41051917226628,0.227044891547011,6.21251225982426,5.21441106719935e-10,4.94226587219444e-09,"Positive_interaction"
"ENSG00000269416.8","ENSG00000269416","LINC01224","lncRNA",0.266179765497723,0.512352046546826,-2.34448386592672,4.01165514996993e-17,-2.61066363142444,31.0637412276019,-2.61066317127163,0.420255400398861,-6.21208714699174,5.22854142333865e-10,4.952419758629e-09,"Negative_interaction"
"ENSG00000196810.6","ENSG00000196810","CTBP1-DT","lncRNA",-0.782624940661355,0.0148807519447351,-3.58472172709556,6.90661842501746e-24,-2.8020967864342,67.6784295171566,-2.80209635944126,0.451111169211117,-6.21154285392986,5.24668777954911e-10,4.96636180935504e-09,"Negative_interaction"
"ENSG00000159063.16","ENSG00000159063","ALG8","protein_coding",-0.550421674853926,0.0021129882014366,-1.96345337027221,1.28138882327463e-33,-1.41303169541828,345.237008973545,-1.41303162332108,0.227494494365978,-6.2112783311929,5.25552896388945e-10,4.97148340370012e-09,"Negative_interaction"
"ENSG00000268858.3","ENSG00000268858","ABHD16B-AS1","lncRNA",-0.438816712054624,0.109248677267709,-2.57029607079618,6.60031986372176e-24,-2.13147935874156,55.836468071229,-2.13147913292917,0.343259775176295,-6.20952202114116,5.31460021011339e-10,5.02080744752042e-09,"Negative_interaction"
"ENSG00000056972.22","ENSG00000056972","TRAF3IP2","protein_coding",0.605067731518597,0.000193665132220978,1.90379418443377,4.83885298227751e-37,1.29872645291517,697.038597468157,1.29872639469195,0.209282030484402,6.20562783955187,5.44789639075662e-10,5.14032021224341e-09,"Positive_interaction"
"ENSG00000068885.17","ENSG00000068885","IFT80","protein_coding",-1.0435340791491,4.32074226360364e-06,-2.91648262499174,4.33882688915939e-40,-1.87294854584264,66.1491464230161,-1.87294840428416,0.301887701851985,-6.20412289998637,5.50027910628337e-10,5.18607968824064e-09,"Negative_interaction"
"ENSG00000176407.20","ENSG00000176407","KCMF1","protein_coding",0.884295497194421,2.7646374558065e-08,2.18589754763463,4.90521740218782e-48,1.30160205044021,1853.15244496025,1.30160199197524,0.20981077370522,6.20369473401764,5.51527195263783e-10,5.19683492442311e-09,"Positive_interaction"
"ENSG00000147041.14","ENSG00000147041","SYTL5","protein_coding",-0.0240144828448656,0.935081564712288,-1.93312266139566,3.00916343719223e-15,-1.90910817855079,201.379237316396,-1.90910805942974,0.307905817335534,-6.20029876651967,5.6356075437894e-10,5.30332626783091e-09,"Negative_interaction"
"ENSG00000006530.20","ENSG00000006530","AGK","protein_coding",-0.122548051722836,0.436394966505679,-1.27838925742229,9.1589771921566e-20,-1.15584120569945,239.406590279764,-1.15584117064468,0.186452318655916,-6.19912468226098,5.67780405243812e-10,5.33956757481721e-09,"Negative_interaction"
"ENSG00000145022.7","ENSG00000145022","TCTA","protein_coding",-0.453987370604951,0.0602243387433804,-2.30379535668755,1.25766637446841e-26,-1.8498079860826,186.597527759808,-1.84980782576859,0.298456455418057,-6.19791528106674,5.72159215864354e-10,5.37725768891453e-09,"Negative_interaction"
"ENSG00000163660.14","ENSG00000163660","CCNL1","protein_coding",-0.0915048330362857,0.578754700557116,0.981469285887982,2.76688047753562e-16,1.07297411892427,485.568458583524,1.07297408453486,0.173189946183905,6.19536011285261,5.8151919763614e-10,5.46168257429873e-09,"Positive_interaction"
"ENSG00000233588.1","ENSG00000233588","CYP51A1P2","processed_pseudogene",1.083673750187,3.41030234464507e-06,3.03156986808275,6.63897021756848e-39,1.94789611789575,63.5146867723833,1.94789590069627,0.314708249003747,6.18952921273152,6.03441693595201e-10,5.64927456303724e-09,"Positive_interaction"
"ENSG00000130038.12","ENSG00000130038","CRACR2A","protein_coding",-0.958861591380192,5.07551334643874e-05,-2.98754023318288,4.24408519024378e-33,-2.02867864180269,51.1811218068395,-2.02867847864329,0.327801324994136,-6.18874398594815,6.06454845915247e-10,5.67381770626453e-09,"Negative_interaction"
"ENSG00000128482.18","ENSG00000128482","RNF112","protein_coding",0.11111010563677,0.841114419958746,4.22220761826185,6.25862335822864e-15,4.11109751262508,17.0489046398945,4.11109564554905,0.664364675051503,6.18801059106633,6.09282359081842e-10,5.69659351471874e-09,"Positive_interaction"
"ENSG00000006555.13","ENSG00000006555","TTC22","protein_coding",0.787808340182108,2.29852000459631e-06,-0.507010766293453,0.000561208513559873,-1.29481910647556,104.892870324615,-1.29481905110839,0.209379893038347,-6.18406587337043,6.24712789076291e-10,5.83709718845494e-09,"Negative_interaction"
"ENSG00000172339.12","ENSG00000172339","ALG14","protein_coding",0.0570503712719387,0.720987780735187,-1.13313630967893,2.39242794953856e-13,-1.19018668095087,125.767284491488,-1.19018665036697,0.192550693566068,-6.18116002765052,6.36322717222084e-10,5.94174537241136e-09,"Negative_interaction"
"ENSG00000024526.19","ENSG00000024526","DEPDC1","protein_coding",-0.497469790039388,0.00235686116216437,0.776439778075285,1.61125096866714e-07,1.27390956811467,306.226914683655,1.27390951373699,0.206245710648197,6.17665943079883,6.54720923277074e-10,6.1017463795057e-09,"Positive_interaction"
"ENSG00000219665.8","ENSG00000219665","ZNF433-AS1","lncRNA",0.196923312043818,0.551488422575,2.38897182121385,8.61446182635316e-22,2.19204850917003,45.6137946038918,2.19204821135121,0.354965243934624,6.17538829169125,6.60010588987792e-10,6.14709090977576e-09,"Positive_interaction"
"ENSG00000137522.20","ENSG00000137522","RNF121","protein_coding",-0.321700947872393,0.0428533004895902,-1.51428103799619,1.38058289799081e-28,-1.1925800901238,178.656018582712,-1.19258004643039,0.193241403199807,-6.17145201123018,6.76656697926368e-10,6.28999927283446e-09,"Negative_interaction"
"ENSG00000309250.1","ENSG00000309250","ENSG00000309250","lncRNA",0.835051385809064,0.0134888264897028,3.74837125927012,4.99142833548e-24,2.91331987346106,27.8762082189291,2.9133191725712,0.472173314701735,6.17002079927262,6.82810101561901e-10,6.3309558489028e-09,"Positive_interaction"
"ENSG00000198924.10","ENSG00000198924","DCLRE1A","protein_coding",-0.543619195185461,2.00345610314908e-05,-1.70743469287623,6.37770698372182e-30,-1.16381549769077,214.079224545911,-1.1638154768232,0.188718529985196,-6.16693801564949,6.96250339220293e-10,6.4432055657602e-09,"Negative_interaction"
"ENSG00000184574.12","ENSG00000184574","LPAR5","protein_coding",0.0473275166540374,0.776537406892722,-1.30783152045574,2.33847967714778e-12,-1.35515903710978,148.091243324944,-1.35515901407905,0.219796933847628,-6.16550463355643,7.02587125180459e-10,6.49769790562554e-09,"Negative_interaction"
"ENSG00000125772.17","ENSG00000125772","GPCPD1","protein_coding",-0.482290961779992,0.020595619728199,0.958692272878977,6.98071606361516e-11,1.44098323465897,418.609908581194,1.44098313621696,0.233721529071681,6.16538468638473,7.03119938964049e-10,6.4984784154764e-09,"Positive_interaction"
"ENSG00000175063.19","ENSG00000175063","UBE2C","protein_coding",-0.246429083756145,0.106352985433398,0.896747497434237,2.90059806964489e-11,1.14317658119038,1004.92782944028,1.14317654181941,0.18558006171036,6.16001811446531,7.27366236132822e-10,6.70120247554791e-09,"Positive_interaction"
"ENSG00000104687.16","ENSG00000104687","GSR","protein_coding",0.553045229121184,4.33037644498734e-05,1.6236866525989,1.22508212158345e-39,1.07064142347772,1744.62552398519,1.07064138951318,0.173833658324412,6.15899935509113,7.3206024854653e-10,6.74016335574098e-09,"Positive_interaction"
"ENSG00000162840.4","ENSG00000162840","MT2P1","processed_pseudogene",-0.690886262479577,0.22198179654174,6.64533057497633,3.62812144203475e-09,7.33621683745591,22.842243111068,7.33620669055018,1.19190981681733,6.15500148336688,7.50767928516733e-10,6.90801829845365e-09,"Positive_interaction"
"ENSG00000127419.19","ENSG00000127419","TMEM175","protein_coding",-0.393593950917711,0.0901773058964318,-2.51415781084533,1.76020366689235e-18,-2.12056385992762,63.6522871957356,-2.12056372632698,0.344686627204869,-6.15214968890161,7.6439678251667e-10,7.02450106038781e-09,"Negative_interaction"
"ENSG00000111203.15","ENSG00000111203","ITFG2","protein_coding",-0.840262696793173,8.57754959699614e-06,-2.34709567168927,3.68222837441415e-41,-1.5068329748961,141.693794430146,-1.50683289031549,0.245045162978038,-6.14920479148793,7.78723791830796e-10,7.15162559645874e-09,"Negative_interaction"
"ENSG00000143443.11","ENSG00000143443","C1orf56","protein_coding",0.0175345682851065,0.948054444572418,-1.86550061503986,4.32512513792941e-13,-1.88303518332497,51.5430960166317,-1.88303507991383,0.306331764232481,-6.14704480494147,7.89398362756389e-10,7.23590200699911e-09,"Negative_interaction"
"ENSG00000263753.11","ENSG00000263753","LINC00667","lncRNA",-0.891909500995538,1.4911590077433e-09,-2.22371700084673,2.18645027680038e-39,-1.33180749985119,196.499090688112,-1.33180746379786,0.21668476038129,-6.14629040572276,7.93160098361435e-10,7.26119781772199e-09,"Negative_interaction"
"ENSG00000141867.20","ENSG00000141867","BRD4","protein_coding",-0.0503367463115897,0.788842768999621,1.15075237713785,3.82262141037178e-16,1.20108912344944,2182.34938309103,1.20108907744854,0.195560699930205,6.14177121414066,8.16063411618654e-10,7.4661559098343e-09,"Positive_interaction"
"ENSG00000143416.23","ENSG00000143416","SELENBP1","protein_coding",-0.00474100738496465,0.99071121102272,-1.75072394579184,8.60731233834861e-17,-1.74598293840688,658.370075977114,-1.74598280696755,0.284304271152214,-6.14124719228282,8.18760533880773e-10,7.48160985053891e-09,"Negative_interaction"
"ENSG00000163686.17","ENSG00000163686","ABHD6","protein_coding",0.0722315955131169,0.655652432605492,-1.057579701112,6.25913635347214e-14,-1.12981129662512,177.595595668144,-1.12981126384587,0.183971122482146,-6.14124243306455,8.18785069207474e-10,7.48160985053891e-09,"Negative_interaction"
"ENSG00000185379.23","ENSG00000185379","RAD51D","protein_coding",-0.93944360452331,5.04566977618977e-06,-2.69640742737333,1.80251770790713e-35,-1.75696382285002,133.58301170533,-1.75696370972976,0.286098084219483,-6.14112364479128,8.19397693984479e-10,7.48248984324075e-09,"Negative_interaction"
"ENSG00000177000.15","ENSG00000177000","MTHFR","protein_coding",0.560574527796659,8.55569965940535e-05,-0.596468267636587,2.19604516433853e-05,-1.15704279543325,414.028702266804,-1.15704275495269,0.188634807121915,-6.13377124087648,8.58198997463683e-10,7.82202507625389e-09,"Negative_interaction"
"ENSG00000167767.15","ENSG00000167767","KRT80","protein_coding",0.834773961486027,6.24678310740327e-09,2.00284340228281,1.43431079617232e-48,1.16806944079678,2528.8903383895,1.1680693980403,0.190480866482377,6.13221379979584,8.66645257118871e-10,7.87622482715623e-09,"Positive_interaction"
"ENSG00000006210.8","ENSG00000006210","CX3CL1","protein_coding",1.62617732164664,5.28330772016158e-09,-1.00597766045534,0.00488113497752876,-2.63215498210198,105.172236608369,-2.63215459202274,0.429283214958341,-6.13151062120651,8.70485224121563e-10,7.90418036840206e-09,"Negative_interaction"
"ENSG00000007923.19","ENSG00000007923","DNAJC11","protein_coding",-0.267917687879784,0.0631717049159712,-1.37907341444838,4.88548796416385e-25,-1.1111557265686,334.588526781498,-1.11115569264043,0.181324187850554,-6.12800589823258,8.89872879081576e-10,8.07288274057199e-09,"Negative_interaction"
"ENSG00000170456.18","ENSG00000170456","DENND5B","protein_coding",2.01132371307195,1.06105838487166e-20,0.41838560054536,0.0120858363018692,-1.59293811252659,91.4721963594203,-1.59293804391075,0.260139419623358,-6.12340123698697,9.15986413947427e-10,8.29654694432882e-09,"Negative_interaction"
"ENSG00000130775.18","ENSG00000130775","THEMIS2","protein_coding",2.29067815340953,1.07733835942256e-09,5.56817414112353,5.04661590835631e-42,3.277495987714,54.9132485238056,3.27749476387911,0.535992997013896,6.11480892873334,9.66727222716596e-10,8.73974479825883e-09,"Positive_interaction"
"ENSG00000145348.19","ENSG00000145348","TBCK","protein_coding",-0.636861660925926,0.0089400807265127,-2.83909918817142,3.47732486901457e-22,-2.20223752724549,47.512473573162,-2.2022373497211,0.360559153659165,-6.10783924737872,1.00988991445957e-09,9.12426723213717e-09,"Negative_interaction"
"ENSG00000085998.17","ENSG00000085998","POMGNT1","protein_coding",-0.230305501983082,0.118068503934677,-1.34465195833684,1.65101382262274e-23,-1.11434645635376,482.808801589068,-1.11434642187878,0.182564511807965,-6.10385014504317,1.03543372504147e-09,9.34922463757072e-09,"Negative_interaction"
"ENSG00000144136.13","ENSG00000144136","SLC20A1","protein_coding",0.458110504532685,0.0141431167852699,1.89315181115665,5.19366637354232e-29,1.43504130662397,1376.1048245933,1.43504122691193,0.235153661841366,6.10256806411124,1.04377637382427e-09,9.41282340352293e-09,"Positive_interaction"
"ENSG00000132196.18","ENSG00000132196","HSD17B7","protein_coding",0.735798410224543,0.000504220390884552,2.31193379381986,4.53975776685009e-40,1.57613538359532,86.0367432017197,1.57613525547558,0.258283589956461,6.10234376772165,1.04524261708321e-09,9.42018408381209e-09,"Positive_interaction"
"ENSG00000109107.16","ENSG00000109107","ALDOC","protein_coding",3.5233742307548,5.93698522609605e-91,4.99410054950983,5.47203409336867e-184,1.47072631875503,1075.08804940407,1.4707262140306,0.241266031967054,6.09586936892732,1.08844272507087e-09,9.79733662840187e-09,"Positive_interaction"
"ENSG00000127452.10","ENSG00000127452","FBXL12","protein_coding",-0.226396334975671,0.142241811411614,0.884579894467969,9.9660235981271e-12,1.11097622944364,196.712825663286,1.11097619220326,0.182344284487248,6.09273932181269,1.1099472756473e-09,9.98470261867205e-09,"Positive_interaction"
"ENSG00000089737.21","ENSG00000089737","DDX24","protein_coding",0.766773323283511,1.37907616039268e-08,1.85435872246335,2.03751030905802e-47,1.08758539917984,1516.96005413298,1.0875853639166,0.178720578435772,6.08539527700473,1.16204259077547e-09,1.04339041050298e-08,"Positive_interaction"
"ENSG00000229891.5","ENSG00000229891","LINC01315","lncRNA",-0.211088019926567,0.527643954449265,2.41243281328952,6.73979353920818e-12,2.62352083321609,31.6448577945716,2.62352034312107,0.431444088810821,6.08078870741331,1.19592803953722e-09,1.07182369505092e-08,"Positive_interaction"
"ENSG00000139531.15","ENSG00000139531","SUOX","protein_coding",0.219481188358605,0.27516671697784,-1.33141642040782,2.06475147255658e-11,-1.55089760876643,138.901555238317,-1.55089752508712,0.255084363020832,-6.07993961966402,1.20227812735427e-09,1.07684886412967e-08,"Negative_interaction"
"ENSG00000103174.15","ENSG00000103174","NAGPA","protein_coding",0.211928023757999,0.293819008512678,-1.45712309108077,8.77880556027597e-11,-1.66905111483877,58.7495961164253,-1.66905102372433,0.274679405839902,-6.07636025213025,1.22941046991517e-09,1.10047044657262e-08,"Negative_interaction"
"ENSG00000011009.14","ENSG00000011009","LYPLA2","protein_coding",0.137811856747443,0.354011528463951,-0.870981403578691,8.37625703500711e-14,-1.00879326032613,296.794645566361,-1.00879323259216,0.166069125165209,-6.07453812735267,1.24345090383344e-09,1.11166505233524e-08,"Negative_interaction"
"ENSG00000177076.7","ENSG00000177076","ACER2","protein_coding",2.62717041619121,1.13340624148235e-32,0.705023660098338,0.00416238682102932,-1.92214675609287,82.6557261771489,-1.9221465640627,0.316937267207883,-6.06475401582215,1.32155757858963e-09,1.17931111015523e-08,"Negative_interaction"
"ENSG00000253710.6","ENSG00000253710","ALG11","protein_coding",0.0029201360431903,0.991815024356155,-1.12687578155405,1.63667053013405e-17,-1.12979591759724,155.817818852758,-1.12979587865161,0.186451693705528,-6.0594562387615,1.36582479260286e-09,1.21648661781821e-08,"Negative_interaction"
"ENSG00000081803.19","ENSG00000081803","CADPS2","protein_coding",0.0694726139803677,0.715634791337216,1.20480881247566,2.29431425628171e-22,1.13533619849529,168.016002200368,1.13533615286497,0.187414912016706,6.05787522800622,1.37931315582015e-09,1.2255675201806e-08,"Positive_interaction"
"ENSG00000179627.11","ENSG00000179627","ZBTB42","protein_coding",0.153755580542614,0.610366439347579,-1.83680428814233,2.00826791968531e-14,-1.99055986868494,78.3870106420476,-1.99055965856835,0.328824768525146,-6.05355754524353,1.4168142674457e-09,1.25811717915583e-08,"Negative_interaction"
"ENSG00000165556.12","ENSG00000165556","CDX2","protein_coding",0.440818423088245,0.00603380653123309,-0.79879107290671,1.0105021434528e-07,-1.23960949599496,2340.06133265483,-1.23960944438238,0.20480478442802,-6.05263909163239,1.42491870882654e-09,1.26453900357099e-08,"Negative_interaction"
"ENSG00000179361.20","ENSG00000179361","ARID3B","protein_coding",-0.0420796537757418,0.87040516318303,1.5134702072878,1.63029465456644e-16,1.55554986106354,109.769832728453,1.55554975603135,0.257136893071549,6.04950047210267,1.45295639144883e-09,1.28627025197779e-08,"Positive_interaction"
"ENSG00000013441.19","ENSG00000013441","CLK1","protein_coding",0.386105869886552,0.0283032216421327,1.67325010970512,1.40450612737196e-29,1.28714423981857,674.704592506766,1.28714417597388,0.212817838961499,6.0481028388167,1.46561398028582e-09,1.29589248336194e-08,"Positive_interaction"
"ENSG00000128951.16","ENSG00000128951","DUT","protein_coding",-0.520270100469597,5.27345030770729e-06,-1.54967071682362,3.4792472887363e-30,-1.02940061635402,453.603953644645,-1.02940060571554,0.170209493440657,-6.04784483466218,1.46796230274631e-09,1.29717742020729e-08,"Negative_interaction"
"ENSG00000182473.24","ENSG00000182473","EXOC7","protein_coding",-0.0161410233478814,0.935238868944731,-1.14259163639971,4.02648143112793e-17,-1.12645061305183,828.370685707667,-1.12645057476503,0.186319104225641,-6.04581360267196,1.48657885887148e-09,1.31217641510179e-08,"Negative_interaction"
"ENSG00000033327.14","ENSG00000033327","GAB2","protein_coding",0.632888297711035,0.0375469958386061,2.4547797521991,1.0746280584622e-67,1.82189145448807,597.820825510796,1.82189106919777,0.301403273616149,6.04469569072442,1.49692265649046e-09,1.31955006921288e-08,"Positive_interaction"
"ENSG00000244187.10","ENSG00000244187","TMEM141","protein_coding",-0.648241227287638,5.8071459032445e-08,-1.66513173892543,1.75993983383497e-38,-1.01689051163779,414.787105869252,-1.01689049159858,0.168542840455952,-6.03342443290758,1.60521072183459e-09,1.40815458721712e-08,"Negative_interaction"
"ENSG00000170523.3","ENSG00000170523","KRT83","protein_coding",-1.26856528151498,0.00390400026080424,2.85402544993044,7.35603106474199e-07,4.12259073144542,272.225602085103,4.12258867280809,0.684392463476031,6.02372015008676,1.7045298858205e-09,1.49076928819014e-08,"Positive_interaction"
"ENSG00000074416.18","ENSG00000074416","MGLL","protein_coding",2.48387214252811,1.67452048296337e-54,1.2012116550049,8.33748888057073e-16,-1.28266048752321,1290.09424691004,-1.28266043965344,0.213034515175785,-6.02090435249449,1.73445234278536e-09,1.51511050944216e-08,"Negative_interaction"
"ENSG00000140807.8","ENSG00000140807","NKD1","protein_coding",-0.415288969194435,0.0651284332586865,1.29754264442072,9.61880942548799e-10,1.71283161361516,4736.21510176792,1.71283146753611,0.284497833829766,6.02054308983249,1.73832820297674e-09,1.51758146491198e-08,"Positive_interaction"
"ENSG00000241095.1","ENSG00000241095","CYP51A1P1","processed_pseudogene",0.849504749349596,0.000855684653330115,2.84157908509369,3.35792314274796e-32,1.99207433574409,62.6932520520575,1.99207409577415,0.331012948341121,6.01811532073737,1.76459468986637e-09,1.53865861886543e-08,"Positive_interaction"
"ENSG00000112511.20","ENSG00000112511","PHF1","protein_coding",1.92616435570917,4.16572388461189e-35,3.13703692948718,1.83677966866741e-119,1.21087257377801,915.322853053985,1.2108725017523,0.201270601584145,6.01614191154526,1.78622995020432e-09,1.55658715804936e-08,"Positive_interaction"
"ENSG00000040608.15","ENSG00000040608","RTN4R","protein_coding",1.49507953138979,6.68923078804066e-08,3.64920884639011,1.1427223561488e-47,2.15412931500032,153.089995071809,2.15412899467558,0.358176980314968,6.01414695266377,1.80836411843212e-09,1.5739827510101e-08,"Positive_interaction"
"ENSG00000141642.11","ENSG00000141642","ELAC1","protein_coding",-0.825295204055372,0.00638779357725747,-4.17259735403595,4.51050129668927e-17,-3.34730214998058,31.1584173357156,-3.34730179236227,0.556584081030013,-6.01400921522542,1.80990214613856e-09,1.57437586445619e-08,"Negative_interaction"
"ENSG00000118965.18","ENSG00000118965","WDR35","protein_coding",-0.630410410493899,0.00238542634860681,-2.26089768186285,8.28879826562277e-30,-1.63048727136895,148.146472671795,-1.63048716180941,0.27120163869955,-6.01208447569796,1.83152832091743e-09,1.59223205919228e-08,"Negative_interaction"
"ENSG00000175893.15","ENSG00000175893","ZDHHC21","protein_coding",-0.556588256041537,0.00369770331031396,-2.12293374170007,1.24748168717764e-26,-1.56634548565853,108.229122126663,-1.56634540079567,0.260620874540927,-6.01005350609278,1.85462106901149e-09,1.60941128934818e-08,"Negative_interaction"
"ENSG00000141504.14","ENSG00000141504","SAT2","protein_coding",0.989302907978569,1.26534778878745e-08,2.28526362181764,7.71944260000414e-57,1.29596071383907,371.844320861141,1.29596063457675,0.215891389012535,6.00283615064196,1.93900267863799e-09,1.67861570004909e-08,"Positive_interaction"
"ENSG00000183741.14","ENSG00000183741","CBX6","protein_coding",0.553918019617923,0.0201310668039504,-0.848946784224559,8.48916874581964e-17,-1.40286480384248,221.925624933728,-1.40286479921325,0.233800647830934,-6.0002605306196,1.97001185622249e-09,1.70444249673889e-08,"Negative_interaction"
"ENSG00000167566.19","ENSG00000167566","NCKAP5L","protein_coding",0.0891361744619393,0.578096812877304,-1.04692162047954,1.00042849374008e-12,-1.13605779494148,146.821255975743,-1.13605776124501,0.18935836510286,-5.99951188123059,1.97911548908115e-09,1.71129723554678e-08,"Negative_interaction"
"ENSG00000131480.10","ENSG00000131480","AOC2","protein_coding",1.61116875758126,1.13310517645101e-05,5.49194517108613,1.45161243387472e-22,3.88077641350487,35.3519196448083,3.88077471050696,0.64686818540121,5.99932845375595,1.98135222458183e-09,1.71220968626355e-08,"Positive_interaction"
"ENSG00000091138.15","ENSG00000091138","SLC26A3","protein_coding",3.76269256938386,1.06216229973608e-11,-0.783421412165839,0.187603045139306,-4.5461139815497,18633.3117396081,-4.54611150984833,0.757954821511484,-5.99786607436926,1.99927294949366e-09,1.72666648295961e-08,"Negative_interaction"
"ENSG00000198910.16","ENSG00000198910","L1CAM","protein_coding",-0.509159515814894,0.133200445443531,2.39591203038281,2.1003924691057e-09,2.9050715461977,47.934663166218,2.90507084553067,0.484545582092458,5.99545420058405,2.02917480409679e-09,1.75040483696254e-08,"Positive_interaction"
"ENSG00000130363.16","ENSG00000130363","RSPH3","protein_coding",-0.176466458978645,0.261251238797064,-1.33803566012071,7.30260238557113e-20,-1.16156920114206,210.243825983777,-1.1615691640207,0.193766778245631,-5.99467656188316,2.03890834401304e-09,1.75775489122171e-08,"Negative_interaction"
"ENSG00000174371.19","ENSG00000174371","EXO1","protein_coding",-1.10332279709577,1.95343549749723e-12,-2.62006963125494,3.39684316812998e-36,-1.51674683415917,141.604501608992,-1.51674681210401,0.253024114315319,-5.9944753337377,2.0414344732457e-09,1.75888634876794e-08,"Negative_interaction"
"ENSG00000135899.22","ENSG00000135899","SP110","protein_coding",-0.493364937903819,0.00449061802955511,0.871913524607306,3.43165961585379e-07,1.36527846251112,82.488290255982,1.36527839123889,0.227779577526496,5.99385777278508,2.0492061131546e-09,1.76453327343057e-08,"Positive_interaction"
"ENSG00000121903.17","ENSG00000121903","ZSCAN20","protein_coding",0.258859152340154,0.264690201599058,-1.48993252242424,3.88815021282344e-11,-1.74879167476439,49.9859475147913,-1.74879154165893,0.291774460328698,-5.99364159456872,2.05193339317032e-09,1.76572246067692e-08,"Negative_interaction"
"ENSG00000198858.12","ENSG00000198858","R3HDM4","protein_coding",-0.593260782789188,0.000221361486782065,0.635538575631641,1.75100878954022e-05,1.22879935842083,956.481113668873,1.22879930621136,0.205020102347992,5.99355522769983,2.05302397615278e-09,1.76572246067692e-08,"Positive_interaction"
"ENSG00000178814.19","ENSG00000178814","OPLAH","protein_coding",0.448605432731234,0.00532999935957484,-0.750900816410145,1.40775899702033e-07,-1.19950624914138,200.388233896779,-1.19950620125311,0.200195930941443,-5.99166124712079,2.07708236392242e-09,1.783239195377e-08,"Negative_interaction"
"ENSG00000269821.2","ENSG00000269821","KCNQ1OT1","lncRNA",0.516002471532582,0.0876425033334937,2.58551539514454,3.9297677792179e-29,2.06951292361196,47.7756433977544,2.06951262800926,0.345456154504783,5.99066654631163,2.08982737902543e-09,1.79311890922656e-08,"Positive_interaction"
"ENSG00000168003.21","ENSG00000168003","SLC3A2","protein_coding",0.154118506546108,0.45145408172806,1.53536900443655,3.06775579415612e-20,1.38125049789044,5322.41094398928,1.3812504243015,0.230741618063324,5.98613477661595,2.14886327104126e-09,1.83941680590254e-08,"Positive_interaction"
"ENSG00000176809.12","ENSG00000176809","LRRC37A3","protein_coding",0.157196170911619,0.577657293917284,-2.25511374824227,9.21104101783037e-11,-2.41230991915389,53.324780056878,-2.41230973194547,0.403085561405512,-5.98460962862085,2.16909453460002e-09,1.85454383453826e-08,"Negative_interaction"
"ENSG00000136279.23","ENSG00000136279","DBNL","protein_coding",-0.563209457117373,0.129218659573143,-3.26117666550397,2.06929478437681e-23,-2.6979672083866,523.383659368295,-2.69796666774233,0.450826742418756,-5.98448675264319,2.17073255139584e-09,1.8548500079498e-08,"Negative_interaction"
"ENSG00000066933.19","ENSG00000066933","MYO9A","protein_coding",0.520655136073061,0.000203174935043998,-0.585010790355728,2.16416685572429e-05,-1.10566592642879,425.084023749816,-1.10566588936119,0.184780505055648,-5.98367175708394,2.18162751435836e-09,1.86306104526113e-08,"Negative_interaction"
"ENSG00000148143.15","ENSG00000148143","ZNF462","protein_coding",0.943066052774793,1.17745229816051e-09,-0.207578393896038,0.124520544314951,-1.15064444667083,108.055120263734,-1.15064440775636,0.192346516761265,-5.98214320243975,2.20220524651669e-09,1.87731520191294e-08,"Negative_interaction"
"ENSG00000198816.9","ENSG00000198816","ZNF358","protein_coding",0.552182805103554,0.00791865974776274,-1.06634268583156,1.47903319076647e-07,-1.61852549093511,180.284934807199,-1.6185253763168,0.270892766265731,-5.97478256296115,2.30397271665402e-09,1.96060907867e-08,"Negative_interaction"
"ENSG00000176209.14","ENSG00000176209","SMIM19","protein_coding",-0.480653769172965,0.00755300516308749,-1.85365876443018,1.1903468343289e-28,-1.37300499525722,134.848636592585,-1.37300492773371,0.229829575273673,-5.97401324915988,2.31486989448634e-09,1.96872620369108e-08,"Negative_interaction"
"ENSG00000204740.12","ENSG00000204740","MALRD1","protein_coding",-0.579341595233138,0.113575080599787,-7.10177073023043,3.7695275067203e-11,-6.52242913499729,16.5069198981125,-6.52242825938856,1.09218864680927,-5.97188798697298,2.34523538077995e-09,1.99338129843185e-08,"Negative_interaction"
"ENSG00000159753.16","ENSG00000159753","CARMIL2","protein_coding",-0.0789149958259443,0.894711426085659,3.34000314378617,1.19279510102634e-16,3.41891813961211,23.5231104658778,3.41891693743347,0.57304662383173,5.96621076758565,2.42826582378649e-09,2.05912395074978e-08,"Positive_interaction"
"ENSG00000100784.14","ENSG00000100784","RPS6KA5","protein_coding",-0.157690185018647,0.328219634891819,-1.29541750760036,3.41740229891703e-20,-1.13772732258171,110.284800630856,-1.13772728483751,0.190720303269386,-5.96542300601584,2.44001085180899e-09,2.06787352423484e-08,"Negative_interaction"
"ENSG00000135637.17","ENSG00000135637","CCDC142","protein_coding",-0.215068316478306,0.419309327038369,-2.00877389992789,1.54796649343151e-20,-1.79370558344958,74.2653371125951,-1.79370542616323,0.300959389108432,-5.95995835676347,2.5230222010034e-09,2.13323440705609e-08,"Negative_interaction"
"ENSG00000094841.16","ENSG00000094841","UPRT","protein_coding",-0.428598119513683,0.00513946900170025,-2.08251103835987,3.11004362202458e-17,-1.65391291884619,81.557913733533,-1.65391291707082,0.277814224241573,-5.95330538450997,2.62780296076057e-09,2.21665427865787e-08,"Negative_interaction"
"ENSG00000154429.12","ENSG00000154429","CCSAP","protein_coding",0.196438810876062,0.175195495698602,1.23986042603994,3.67777051807651e-22,1.04342161516388,369.684252657397,1.04342158306054,0.175296812245603,5.95231350584195,2.64378317362614e-09,2.22883686749214e-08,"Positive_interaction"
"ENSG00000153234.18","ENSG00000153234","NR4A2","protein_coding",-0.0838352812324329,0.675555789054658,1.28117842483803,5.17161710877088e-13,1.36501370607046,96.3426520304352,1.36501363350352,0.229344324604754,5.95180907945272,2.6519462791491e-09,2.23441892310633e-08,"Positive_interaction"
"ENSG00000213062.6","ENSG00000213062","ENSG00000213062","lncRNA",-0.290654700453651,0.459602415687403,-3.64363383359025,3.08356879322913e-14,-3.3529791331366,19.7885846552913,-3.35297843975165,0.563457676420334,-5.95071924665796,2.66966688090133e-09,2.24792731627759e-08,"Negative_interaction"
"ENSG00000143977.16","ENSG00000143977","SNRPG","protein_coding",-0.194681846143081,0.168552364259158,0.80772671000826,3.351319381348e-11,1.00240855615134,189.607623629606,1.00240852766024,0.16845411237318,5.95063257013036,2.6710811748758e-09,2.24792731627759e-08,"Positive_interaction"
"ENSG00000150433.12","ENSG00000150433","TMEM218","protein_coding",-0.776375255386379,6.48850672598308e-05,-2.47003434585398,6.7029062928563e-28,-1.6936590904676,66.2186709695821,-1.69365900553617,0.284623650671459,-5.95052098285099,2.67290300998713e-09,2.24815498669376e-08,"Negative_interaction"
"ENSG00000174233.14","ENSG00000174233","ADCY6","protein_coding",0.418329265194226,0.00330269901138334,-0.672031466556988,6.53050989715949e-07,-1.09036073175121,761.575453708412,-1.09036069552079,0.183366898675243,-5.94633329896639,2.74215519463387e-09,2.30372829452951e-08,"Negative_interaction"
"ENSG00000169679.17","ENSG00000169679","BUB1","protein_coding",-0.00279303963527255,0.994761966202106,1.354791049465,1.63015647609942e-16,1.35758408910027,1050.09607908206,1.35758401775841,0.228382270099328,5.94434943293962,2.77556955029046e-09,2.32640566355173e-08,"Positive_interaction"
"ENSG00000103042.11","ENSG00000103042","SLC38A7","protein_coding",0.0838582016910455,0.692173013109901,-1.38301105503033,7.73728034621468e-13,-1.46686925672138,80.7508023654057,-1.46686918320893,0.246789685750423,-5.94380262995418,2.78484887024999e-09,2.33283409408456e-08,"Negative_interaction"
"ENSG00000187193.11","ENSG00000187193","MT1X","protein_coding",-0.738568915832342,0.333625899547995,4.67105332229634,6.56895609392965e-12,5.40962223812868,47.3531175640961,5.40961774460292,0.910230842253985,5.94312727440349,2.79635144995859e-09,2.3411164189948e-08,"Positive_interaction"
"ENSG00000130222.13","ENSG00000130222","GADD45G","protein_coding",0.507266232336291,0.0470800313636255,2.87041875937484,1.37164074631735e-17,2.36315252703855,58.0494594011609,2.36315215054607,0.397700832211711,5.94203471338997,2.81505786004572e-09,2.35541677296666e-08,"Positive_interaction"
"ENSG00000131584.21","ENSG00000131584","ACAP3","protein_coding",0.188121996827863,0.209033618670777,-0.954960328097247,1.96849415070897e-10,-1.14308232492511,325.991364764143,-1.14308229254679,0.192553123858163,-5.9364515601876,2.91256915218794e-09,2.43279263132609e-08,"Negative_interaction"
"ENSG00000158882.17","ENSG00000158882","TOMM40L","protein_coding",-0.267633119667925,0.434706308267969,-2.7190767721774,7.89168220705563e-18,-2.45144365250948,108.661933556176,-2.45144329457308,0.4131737299286,-5.93320222705522,2.97082556607375e-09,2.47859551546004e-08,"Negative_interaction"
"ENSG00000138074.17","ENSG00000138074","SLC5A6","protein_coding",0.26370797366954,0.0897187678734103,-0.891354039333224,8.17992448132763e-10,-1.15506201300276,1204.4820991886,-1.15506197288377,0.194687705036431,-5.93289634118202,2.97636778253376e-09,2.4817906734453e-08,"Negative_interaction"
"ENSG00000138101.22","ENSG00000138101","DTNB","protein_coding",-0.235344268162309,0.178331964212019,0.895174910907839,4.15167044925301e-13,1.13051917907015,173.167654963231,1.13051913247025,0.190570842513967,5.93227755913077,2.98761003141455e-09,2.48830141237124e-08,"Positive_interaction"
"ENSG00000083812.15","ENSG00000083812","ZNF324","protein_coding",-0.434317257699337,0.0261243142910416,-2.12395790340789,4.61529715625074e-20,-1.68964064570855,65.6564662652158,-1.68964056515088,0.284902162857036,-5.93059929137406,3.01830994266754e-09,2.51098436791837e-08,"Negative_interaction"
"ENSG00000162616.11","ENSG00000162616","DNAJB4","protein_coding",0.505018805752737,0.0197037601038156,2.08229453773035,1.1405350901109e-28,1.57727573197761,167.022111000507,1.57727561273088,0.266039741487499,5.92872179138316,3.05301840517448e-09,2.53694625732732e-08,"Positive_interaction"
"ENSG00000223501.11","ENSG00000223501","VPS52","protein_coding",-0.421085968827385,0.00600700744826425,-1.57003017311413,1.72471896058362e-29,-1.14894420428675,298.42076825911,-1.14894416217446,0.193978782691743,-5.92304037705137,3.16043205414744e-09,2.62169326437921e-08,"Negative_interaction"
"ENSG00000174292.14","ENSG00000174292","TNK1","protein_coding",0.192794430543691,0.319977252924082,-1.07052211711845,2.37317667251989e-13,-1.26331654766214,145.961183292623,-1.26331649073552,0.213365970387443,-5.92089023587741,3.20203529227818e-09,2.65468509471942e-08,"Negative_interaction"
"ENSG00000112640.18","ENSG00000112640","PPP2R5D","protein_coding",0.494580707700086,0.00226562937512746,1.71791470446473,5.10231440193634e-31,1.22333399676464,959.97236088205,1.22333394386568,0.206624255879976,5.92057277426464,3.20822288106468e-09,2.65829422483644e-08,"Positive_interaction"
"ENSG00000157514.20","ENSG00000157514","TSC22D3","protein_coding",0.407910675592437,0.0380645983237873,1.86350101769696,1.66652942433201e-25,1.45559034210452,864.454877242872,1.45559025399643,0.245973087476103,5.91768095010737,3.26512556093294e-09,2.70389712165944e-08,"Positive_interaction"
"ENSG00000011007.15","ENSG00000011007","ELOA","protein_coding",-0.00689672219150195,0.977098798245739,1.10770341246124,1.39030394495328e-16,1.11460013465274,725.840407804264,1.11460009410212,0.188385303191306,5.91659792574288,3.28668824104209e-09,2.72019908561861e-08,"Positive_interaction"
"ENSG00000144366.19","ENSG00000144366","GULP1","protein_coding",2.07919161703637,1.01857385840902e-21,0.583402625159527,9.25352821332127e-05,-1.49578899187684,237.105250511759,-1.49578897624868,0.252924906431412,-5.91396473108632,3.33969426223519e-09,2.75776918793803e-08,"Negative_interaction"
"ENSG00000204681.13","ENSG00000204681","GABBR1","protein_coding",0.287740753419745,0.368305865190706,2.23543544731901,3.82704085739819e-27,1.94769469389927,145.719250258876,1.94769442250705,0.329352214227629,5.9137128531977,3.34480794103307e-09,2.76041894541294e-08,"Positive_interaction"
"ENSG00000184634.19","ENSG00000184634","MED12","protein_coding",0.357386652943868,0.00557052007964877,-0.662773925934181,5.21772361851375e-07,-1.02016057887805,417.110889322329,-1.02016055206686,0.172579199082872,-5.91126020683978,3.39500227240452e-09,2.79706497621866e-08,"Negative_interaction"
"ENSG00000078804.15","ENSG00000078804","TP53INP2","protein_coding",0.719740865397895,0.0029444930927577,2.49472350432879,1.15540807896217e-32,1.77498263893089,267.381528899294,1.77498246402929,0.300301255481965,5.91067280481581,3.40713208946374e-09,2.80546353639253e-08,"Positive_interaction"
"ENSG00000026950.20","ENSG00000026950","BTN3A1","protein_coding",-0.0112430436133796,0.961991076032052,1.18849624228982,1.53888115484028e-16,1.1997392859032,144.465565575565,1.19973923526622,0.203057422736083,5.90837418844586,3.45500526497677e-09,2.83843176304101e-08,"Positive_interaction"
"ENSG00000140044.15","ENSG00000140044","JDP2","protein_coding",0.0151616005547521,0.943683598329234,1.2040146909958,2.76166058819006e-16,1.18885309044105,627.11409520638,1.18885304219425,0.201349438448699,5.90442690753842,3.53874718848778e-09,2.90558211079688e-08,"Positive_interaction"
"ENSG00000151632.20","ENSG00000151632","AKR1C2","protein_coding",1.89710037373982,1.05757736982616e-14,3.73293340003864,1.80265655899264e-71,1.83583302629882,281.621662567389,1.83583278374649,0.311042495426424,5.90219282169034,3.58701572704212e-09,2.94354654112652e-08,"Positive_interaction"
"ENSG00000131153.11","ENSG00000131153","GINS2","protein_coding",-1.10190530796455,2.43745221545261e-06,-3.23365877589956,4.1528464311455e-28,-2.13175346793501,294.747650549896,-2.13175338113932,0.36118865022145,-5.9020497455618,3.59012870019386e-09,2.9444337930509e-08,"Negative_interaction"
"ENSG00000104808.9","ENSG00000104808","DHDH","protein_coding",-0.278830494278653,0.618472736460962,3.58866222482292,2.00642982534957e-12,3.86749271910157,12.15330492002,3.86749099341048,0.655574624281435,5.89939093150467,3.64845857351769e-09,2.98888986135774e-08,"Positive_interaction"
"ENSG00000224511.3","ENSG00000224511","LINC00365","lncRNA",-1.27836895505202,5.25030133713469e-06,-3.61324270027293,2.3480975073983e-32,-2.33487374522091,53.0109068482152,-2.33487348137285,0.396813728982332,-5.88405418169593,4.00336686312375e-09,3.26855169466982e-08,"Negative_interaction"
"ENSG00000186687.18","ENSG00000186687","LYRM7","protein_coding",-0.907829004991403,7.74584478534721e-08,-2.27858596019215,6.59765632589119e-39,-1.37075695520075,252.693097538066,-1.37075689461128,0.233279212851826,-5.87603532202397,4.20208700693958e-09,3.42500814986324e-08,"Negative_interaction"
"ENSG00000065457.13","ENSG00000065457","ADAT1","protein_coding",-0.544557800628574,0.000667335576050044,-1.82318041210673,1.70238765163008e-28,-1.27862261147816,214.466106752193,-1.27862256285641,0.217672678422889,-5.87406087029596,4.25247110527987e-09,3.46074366972032e-08,"Negative_interaction"
"ENSG00000104738.21","ENSG00000104738","MCM4","protein_coding",-0.51826126283811,0.000211288897907599,-1.60113143062377,2.01628414686937e-32,-1.08287016778566,887.642589864175,-1.08287013363444,0.18444974507641,-5.87081393463488,4.33660759423567e-09,3.52671814004844e-08,"Negative_interaction"
"ENSG00000291186.2","ENSG00000291186","ENSG00000291186","lncRNA",-0.964998368216821,0.000203431047288562,-3.39718195065945,9.36573292850534e-23,-2.43218358244263,39.5746777811869,-2.4321833783622,0.414345794866818,-5.86993619458349,4.35962887550341e-09,3.54345157957349e-08,"Negative_interaction"
"ENSG00000125746.20","ENSG00000125746","EML2","protein_coding",0.584694261434981,0.000220099457329266,1.77668437047687,1.3839542904088e-34,1.19199010904189,988.119856031138,1.19199005832921,0.20315571978361,5.86737139175234,4.42758189556206e-09,3.59062769056997e-08,"Positive_interaction"
"ENSG00000134222.18","ENSG00000134222","PSRC1","protein_coding",-0.339054145145422,0.0140020433251505,0.668334105534697,6.41030172132962e-08,1.00738825068012,190.800907427114,1.00738822097689,0.171727272666102,5.86620986484546,4.45869395985606e-09,3.61181625859329e-08,"Positive_interaction"
"ENSG00000291110.2","ENSG00000291110","TRIM16L","lncRNA",0.153147314039883,0.683773048924037,2.11760720579325,7.17081356646934e-31,1.96445989175337,58.784535447436,1.96445957687248,0.335191847049769,5.86070214464613,4.60914072411404e-09,3.72951799965721e-08,"Positive_interaction"
"ENSG00000131979.22","ENSG00000131979","GCH1","protein_coding",0.102515933984125,0.533212594679649,1.15836661596676,2.19882498342074e-19,1.05585068198263,240.152640409729,1.05585064697757,0.180248818574457,5.85773962530254,4.69209520375544e-09,3.79029229056989e-08,"Positive_interaction"
"ENSG00000066735.18","ENSG00000066735","KIF26A","protein_coding",-1.05943552386782,1.34919860029284e-08,1.75797714212939,0.000163215603986584,2.81741266599721,241.739569458498,2.8174117211969,0.481070443955229,5.85654711612069,4.72589557779483e-09,3.81334513994447e-08,"Positive_interaction"
"ENSG00000100593.20","ENSG00000100593","ISM2","protein_coding",-0.284105877975102,0.155781672712468,1.53855084398781,1.0316089580807e-08,1.82265672196291,86.1871521598806,1.82265652063597,0.31126814889987,5.85558312688874,4.75339187270764e-09,3.83224716231653e-08,"Positive_interaction"
"ENSG00000166171.15","ENSG00000166171","DPCD","protein_coding",-0.80628382480521,0.000581999688714959,-2.84109988528709,3.00538138677597e-24,-2.03481606048188,45.0095333100192,-2.0348159104664,0.347698727484797,-5.85223858938444,4.85000187136864e-09,3.90262227206409e-08,"Negative_interaction"
"ENSG00000103047.10","ENSG00000103047","TANGO6","protein_coding",-0.676964144284364,9.32874477467513e-07,-1.88196871402288,1.73496664484396e-30,-1.20500456973852,131.167122426835,-1.2050045437555,0.205933860880008,-5.85141529715516,4.87407490007461e-09,3.91764245434727e-08,"Negative_interaction"
"ENSG00000124160.14","ENSG00000124160","NCOA5","protein_coding",-0.602469421252382,0.000985627082529624,-2.01326689635143,9.97152921013885e-30,-1.41079747509905,440.833057961391,-1.41079740049112,0.241109265465595,-5.85127824833605,4.87809347325794e-09,3.91869903627794e-08,"Negative_interaction"
"ENSG00000179532.14","ENSG00000179532","DNHD1","protein_coding",0.478939644879244,0.0389583143953838,2.01297985534148,8.21009879840903e-33,1.53404021046224,91.1020149347472,1.53404007626876,0.262547751157169,5.8428993183432,5.13000253785621e-09,4.11463027956804e-08,"Positive_interaction"
"ENSG00000224032.10","ENSG00000224032","EPB41L4A-AS1","lncRNA",0.626874127745533,3.84782843739528e-05,1.75700346677892,1.61414368929589e-38,1.13012933903339,703.266207149223,1.13012929271215,0.193446146581552,5.84208738547149,5.15507508475145e-09,4.12975943218452e-08,"Positive_interaction"
"ENSG00000118257.18","ENSG00000118257","NRP2","protein_coding",0.0555804404069745,0.830564658929156,1.62011222612241,9.57318637719042e-17,1.56453178571544,480.746931773825,1.56453167339498,0.267868516601455,5.84067024092552,5.19912255846042e-09,4.15815033759429e-08,"Positive_interaction"
"ENSG00000128965.14","ENSG00000128965","CHAC1","protein_coding",-0.80376035371389,6.28615409771883e-08,-2.03426858733402,1.72250966201045e-36,-1.23050823362013,277.719411528623,-1.23050819631343,0.21071544059038,-5.83966790884338,5.23049776014644e-09,4.18093621290911e-08,"Negative_interaction"
"ENSG00000166200.17","ENSG00000166200","COPS2","protein_coding",0.622708633944164,7.15602171982605e-05,1.81594656323562,6.13369320935741e-35,1.19323792929146,1273.83938530507,1.1932378791909,0.204344173647251,5.83935356655055,5.24037525587116e-09,4.18652250320203e-08,"Positive_interaction"
"ENSG00000139173.12","ENSG00000139173","TMEM117","protein_coding",0.56035673650931,1.95153395393116e-06,-0.448179431616364,0.00136348518563379,-1.00853616812567,165.143057100778,-1.00853614307157,0.17289749628967,-5.83314486741834,5.43923037588399e-09,4.33344291409075e-08,"Negative_interaction"
"ENSG00000197860.12","ENSG00000197860","SGTB","protein_coding",-0.987903292029631,7.17780776581316e-08,0.231964724997853,0.0702828470892088,1.21986801702748,150.996540734904,1.21986795718173,0.209257434255479,5.82950833513715,5.55909203802852e-09,4.42407258732066e-08,"Positive_interaction"
"ENSG00000244462.10","ENSG00000244462","RBM12","protein_coding",-0.178852366466954,0.264534907758596,0.914879590370956,1.92069067784689e-11,1.09373195683791,887.130431337014,1.09373191828308,0.187720402138854,5.82638810604116,5.66398118540642e-09,4.50013241989638e-08,"Positive_interaction"
"ENSG00000166166.15","ENSG00000166166","TRMT61A","protein_coding",-0.476170758567102,0.00796181413690003,-1.82000212513543,3.8563473575865e-27,-1.34383136656833,125.690997126936,-1.34383130119434,0.230695861705486,-5.82512096775243,5.707124599077e-09,4.53192601040131e-08,"Negative_interaction"
"ENSG00000176438.15","ENSG00000176438","SYNE3","protein_coding",-1.08741170230772,2.45681626352579e-12,0.149551166450988,0.37997147152229,1.23696286875871,248.56909951578,1.23696281008515,0.212491398545478,5.82123708795871,5.84136373073385e-09,4.63344516616283e-08,"Positive_interaction"
"ENSG00000165501.19","ENSG00000165501","LRR1","protein_coding",-0.401030181086945,0.0375604251015451,-1.92851077201454,4.23887264379235e-21,-1.5274805909276,135.122506093637,-1.52748051490171,0.262410824383405,-5.82095086393972,5.8513771544714e-09,4.6363126146856e-08,"Negative_interaction"
"ENSG00000099139.16","ENSG00000099139","PCSK5","protein_coding",-0.648069431311285,0.000480219429405465,2.46268698239018,2.6974093552044e-06,3.11075641370146,75.4774953597345,3.11075535162929,0.534948559149334,5.81505510843128,6.06139140188428e-09,4.79223590813459e-08,"Positive_interaction"
"ENSG00000123643.16","ENSG00000123643","SLC36A1","protein_coding",0.332831985647531,0.13719073051901,-1.31545318509319,1.0646410084341e-09,-1.64828517074072,161.599515863818,-1.6482850504794,0.283494673836528,-5.81416584718575,6.09369775296821e-09,4.81515091799429e-08,"Negative_interaction"
"ENSG00000135074.18","ENSG00000135074","ADAM19","protein_coding",1.12579522054391,1.51823237390685e-07,4.73684225696976,3.67675923609088e-15,3.61104703642585,99.7737974079338,3.61104562342283,0.621448173775597,5.81069472211011,6.22141218945991e-09,4.90804057973071e-08,"Positive_interaction"
"ENSG00000180035.14","ENSG00000180035","ZNF48","protein_coding",-0.767189664503136,0.000823006609426592,-2.70605346990627,2.19895009917437e-24,-1.93886380540313,123.918040461368,-1.93886367522219,0.333752871664117,-5.80927937954472,6.27423135192836e-09,4.94432630517378e-08,"Negative_interaction"
"ENSG00000229155.3","ENSG00000229155","LINC02038","lncRNA",0.671857342537957,0.161905942858751,-2.72898129452407,3.05290150148324e-10,-3.40083863706203,15.8415781576684,-3.40083749819183,0.585965774104524,-5.80381593684207,6.48224349176288e-09,5.09163537575217e-08,"Negative_interaction"
"ENSG00000170291.19","ENSG00000170291","ELP5","protein_coding",-0.689000306780533,0.000101143752038377,-2.08265651039128,5.58429360931759e-31,-1.39365620361075,115.409499746197,-1.39365613772196,0.240273613940524,-5.80028790871284,6.62011570683319e-09,5.19429977387258e-08,"Negative_interaction"
"ENSG00000181873.15","ENSG00000181873","IBA57","protein_coding",-0.517803788469892,0.000109664193722725,-1.64462935785496,7.85515055540155e-27,-1.12682556938507,106.976075998088,-1.12682554422058,0.194320250989213,-5.79880654993149,6.67885231598735e-09,5.23755020364116e-08,"Negative_interaction"
"ENSG00000137449.17","ENSG00000137449","CPEB2","protein_coding",0.948186080109812,6.7190492500939e-07,2.37536984934601,8.85365616490223e-43,1.4271837692362,209.758120080721,1.42718367311931,0.246182275634794,5.79726411838238,6.74054904707567e-09,5.28021820487679e-08,"Positive_interaction"
"ENSG00000288973.1","ENSG00000288973","ENSG00000288973","lncRNA",-0.0955746464312639,0.616061027933935,-1.3328078138897,7.70977868699703e-17,-1.23723316745844,150.584196850905,-1.23723311644742,0.213466612396125,-5.79590926449664,6.79519974345958e-09,5.31728049040044e-08,"Negative_interaction"
"ENSG00000079974.21","ENSG00000079974","RABL2B","protein_coding",-0.782245888342649,0.000254090625953503,-2.86023773957106,1.21962301656373e-20,-2.07799185122841,63.0109860931464,-2.07799177589319,0.358860504244622,-5.79052793861287,7.01655251513137e-09,5.48456737051153e-08,"Negative_interaction"
"ENSG00000178761.17","ENSG00000178761","FAM219B","protein_coding",0.44306486434364,0.000896987963062503,-0.590052996107739,1.34905984850385e-05,-1.03311786045138,291.589318364442,-1.03311782948358,0.178465648217287,-5.78888900919311,7.08534945418742e-09,5.53237523114677e-08,"Negative_interaction"
"ENSG00000291159.2","ENSG00000291159","ENSG00000291159","lncRNA",-0.667016646906082,0.0253458085584949,-3.1911881070019,2.50107589803788e-19,-2.52417146009582,28.2470333766704,-2.52417114473411,0.436225262511652,-5.78639377784015,7.19135250938398e-09,5.6121206551423e-08,"Negative_interaction"
"ENSG00000113758.16","ENSG00000113758","DBN1","protein_coding",-1.68412537731943,1.78687354111489e-06,0.36502396417273,0.0100955810130237,2.04914934149216,77.1237950625368,2.0491490340017,0.35429289303001,5.78377120827013,7.30442720822435e-09,5.68589160112343e-08,"Positive_interaction"
"ENSG00000188372.16","ENSG00000188372","ZP3","protein_coding",0.150350259930358,0.324565038204749,1.1505895234457,5.22954328071353e-21,1.00023926351534,390.163375378703,1.00023923246434,0.173060594880328,5.77970527118557,7.48316011078314e-09,5.8179161118814e-08,"Positive_interaction"
"ENSG00000149761.11","ENSG00000149761","NUDT22","protein_coding",-0.157101167314777,0.35974823050293,-1.22888073964529,8.68714711953701e-23,-1.07177957233051,187.445463259441,-1.07177953568232,0.185507547841158,-5.77755217054588,7.57952238277716e-09,5.88651866941086e-08,"Negative_interaction"
"ENSG00000092208.21","ENSG00000092208","GEMIN2","protein_coding",-0.487766078578093,0.00468559307214195,0.727277858673308,7.09193672372065e-07,1.2150439372514,91.4173700165182,1.2150438829789,0.210386823981618,5.7752850676859,7.6822908048433e-09,5.96313649404334e-08,"Positive_interaction"
"ENSG00000099904.18","ENSG00000099904","ZDHHC8","protein_coding",1.2836683436788,2.0699571774282e-18,0.248511549192177,0.0360904631790895,-1.03515679448662,192.061518789802,-1.03515677276583,0.179250295802721,-5.77492365147951,7.69879862834067e-09,5.97275105577692e-08,"Negative_interaction"
"ENSG00000057019.18","ENSG00000057019","DCBLD2","protein_coding",-0.355913258777008,0.0227508339358526,-1.43460088161647,3.260626146413e-29,-1.07868762283946,558.365532103855,-1.07868758608906,0.186808769500136,-5.77428773271949,7.72792823651882e-09,5.99214210827344e-08,"Negative_interaction"
"ENSG00000203697.14","ENSG00000203697","CAPN8","protein_coding",-0.132935866370133,0.700838692555411,-2.26085205124733,2.28294999578892e-17,-2.1279161848772,168.895713813497,-2.12791589894335,0.368710918216059,-5.77123104799523,7.86944843950347e-09,6.09215820313309e-08,"Negative_interaction"
"ENSG00000110318.17","ENSG00000110318","CEP126","protein_coding",-0.657782764214892,0.0317701580391751,-2.67238459786192,2.1694157832799e-32,-2.01460183364703,58.6606306301954,-2.01460158973489,0.349076681993706,-5.77122934201378,7.86952812328536e-09,6.09215820313309e-08,"Negative_interaction"
"ENSG00000159784.20","ENSG00000159784","FAM131B","protein_coding",4.63561441352115,2.07937782650053e-08,-0.0668815715829813,0.823529954194933,-4.70249598510413,84.8937300436903,-4.70249660399426,0.815055830030164,-5.76953925207826,7.94885623818221e-09,6.15028428210019e-08,"Negative_interaction"
"ENSG00000019485.16","ENSG00000019485","PRDM11","protein_coding",-0.528317984555383,2.33399119483462e-06,-1.65523066242385,1.05779191778623e-22,-1.12691267786847,204.99985147989,-1.12691268660986,0.195348039985243,-5.76874324766703,7.98648728431464e-09,6.16951885523922e-08,"Negative_interaction"
"ENSG00000143412.12","ENSG00000143412","ANXA9","protein_coding",1.39248925348982,1.63204843409195e-06,-0.862172429524445,0.00364383770620662,-2.25466168301426,76.5881447236291,-2.25466134061841,0.390951497536869,-5.7671126848818,8.06411362172714e-09,6.22616593532604e-08,"Negative_interaction"
"ENSG00000121671.14","ENSG00000121671","CRY2","protein_coding",1.16036941052441,5.34293321329621e-11,2.49487218570371,5.69986465299652e-53,1.3345027751793,628.612779764583,1.33450269645633,0.231444624639014,5.7659697153812,8.11896389858859e-09,6.26517704038051e-08,"Positive_interaction"
"ENSG00000128591.19","ENSG00000128591","FLNC","protein_coding",-0.844699747412795,0.0695017948634097,2.89580106788458,3.0690018671124e-08,3.74050081529737,24.5604318463501,3.74049923232085,0.648821939112862,5.76506281127802,8.16274350639227e-09,6.29560824346125e-08,"Positive_interaction"
"ENSG00000179546.7","ENSG00000179546","HTR1D","protein_coding",2.50074646399603,3.48763190360044e-05,-1.07780658488442,0.000153693502432985,-3.57855304888045,57.9119570632481,-3.57855262052821,0.620865789784634,-5.76381027817548,8.223585499991e-09,6.33578953034926e-08,"Negative_interaction"
"ENSG00000269893.11","ENSG00000269893","SNHG8","lncRNA",-0.0798152331769256,0.670786566868323,1.05769754649992,7.23163560457773e-14,1.13751277967685,676.104987496577,1.13751273465965,0.197500842545846,5.75953357968887,8.43466791359564e-09,6.49151393541306e-08,"Positive_interaction"
"ENSG00000267519.7","ENSG00000267519","MIR23AHG","lncRNA",-0.171084961861339,0.481986998183278,1.42341865225989,2.86339869813427e-12,1.59450361412123,55.3333619140607,1.59450349127856,0.277053439444875,5.75521998381765,8.65290402783523e-09,6.65593870336455e-08,"Positive_interaction"
"ENSG00000113924.14","ENSG00000113924","HGD","protein_coding",0.353498832349405,0.0503137710724615,1.56974622758099,6.42928668589977e-28,1.21624739523158,166.5507474638,1.21624733315875,0.211438868783672,5.752241014887,8.80681222005403e-09,6.77073329936461e-08,"Positive_interaction"
"ENSG00000106804.12","ENSG00000106804","C5","protein_coding",-1.51949027745352,3.29414802444283e-16,-3.24947948100457,2.29814211112605e-39,-1.72998920355105,149.955928594673,-1.72998917122829,0.301183431208363,-5.74397191866595,9.24811314458504e-09,7.0837027320997e-08,"Negative_interaction"
"ENSG00000126562.19","ENSG00000126562","WNK4","protein_coding",0.599402341307896,0.00202667183385487,-0.786295777154312,4.1618463620183e-06,-1.38569811846221,287.298604817507,-1.38569803996631,0.241241547633568,-5.74402731850776,9.24508627138753e-09,7.0837027320997e-08,"Negative_interaction"
"ENSG00000213015.11","ENSG00000213015","ZNF580","protein_coding",-0.615881823577581,0.00410608364590443,0.956545696432358,1.79176958893512e-06,1.57242752000994,68.5122464943254,1.5724274022786,0.273747745525609,5.74407434574286,9.24251760684318e-09,7.0837027320997e-08,"Positive_interaction"
"ENSG00000122085.19","ENSG00000122085","MTERF4","protein_coding",-0.197616933693689,0.204912345188428,-1.324165132417,8.01835624151262e-19,-1.12654819872331,175.71083228542,-1.1265481630605,0.196157944168758,-5.74306673040636,9.29770646350441e-09,7.11792720914453e-08,"Negative_interaction"
"ENSG00000184292.7","ENSG00000184292","TACSTD2","protein_coding",2.00105044777435,9.53475389024562e-27,4.12105555232147,3.92436754579623e-36,2.12000510454712,270.196831224201,2.12000481248319,0.369423535197381,5.73868368010305,9.54152418479211e-09,7.29302576402992e-08,"Positive_interaction"
"ENSG00000126460.13","ENSG00000126460","PRRG2","protein_coding",0.177471064785251,0.578096812877304,-2.1469871394809,7.82775899418245e-11,-2.32445820426615,62.3485418063792,-2.32445793622882,0.405215072363237,-5.73635606067774,9.67351873000995e-09,7.39001757697966e-08,"Negative_interaction"
"ENSG00000167995.18","ENSG00000167995","BEST1","protein_coding",-0.0355743299453822,0.950299253135828,-3.03292794986679,9.75765330928201e-16,-2.99735361992141,157.098909516504,-2.99735280522764,0.522645103094663,-5.73496773906394,9.75309085768294e-09,7.44295906843292e-08,"Negative_interaction"
"ENSG00000241316.9","ENSG00000241316","SUCLG2-DT","lncRNA",-0.346782217416852,0.405359725625491,-3.32443514905723,2.70534815888399e-16,-2.97765293164038,21.7059222363285,-2.97765226341301,0.519572916187341,-5.73096127731832,9.98630643853337e-09,7.61291703878094e-08,"Negative_interaction"
"ENSG00000117399.16","ENSG00000117399","CDC20","protein_coding",0.134420717182472,0.536075590503241,1.51896281424045,4.71923569796194e-18,1.38454209705798,884.402175296039,1.38454201620405,0.241638408462808,5.72980936686296,1.0054356259911e-08,7.66076398100052e-08,"Positive_interaction"
"ENSG00000242498.10","ENSG00000242498","ARPIN","protein_coding",-0.271517555304031,0.184507792054213,-1.71981057363408,8.4375087900485e-20,-1.44829301833005,398.962901411746,-1.44829293647421,0.252828119617996,-5.72836968713161,1.01400401226485e-08,7.71793390007466e-08,"Negative_interaction"
"ENSG00000100379.20","ENSG00000100379","KCTD17","protein_coding",-0.267847264842907,0.309693213205738,-2.07267881943104,8.67110506605127e-19,-1.80483155458813,72.7303306106249,-1.80483139026297,0.315123763775469,-5.7273731712247,1.01997638908895e-08,7.75931644654965e-08,"Negative_interaction"
"ENSG00000021300.15","ENSG00000021300","PLEKHB1","protein_coding",-0.309181058600093,0.107781721322851,-1.58617911078133,3.12248306502892e-25,-1.27699805218124,168.078296170232,-1.27699798873366,0.222998407527239,-5.72648927359573,1.02530241730907e-08,7.79574114986521e-08,"Negative_interaction"
"ENSG00000068079.9","ENSG00000068079","IFI35","protein_coding",-0.137199325304307,0.514550976584998,-1.47939356840661,2.57126930397408e-18,-1.3421942431023,137.191512220416,-1.34219417143527,0.234387755983649,-5.72638347000045,1.02594175779017e-08,7.79651177445993e-08,"Negative_interaction"
"ENSG00000072415.12","ENSG00000072415","PALS1","protein_coding",0.724902964044437,7.83138058127013e-08,1.76410294180111,2.51211814721756e-40,1.03919997775667,541.653202636114,1.03919994338326,0.181489646374388,5.72594615804988,1.02858842029224e-08,7.81252798054252e-08,"Positive_interaction"
"ENSG00000174456.17","ENSG00000174456","C12orf76","protein_coding",0.0195771057605427,0.936446810612784,1.31460411486728,3.48094950705914e-16,1.29502700910674,133.33757610565,1.29502694126098,0.226220641476148,5.72461881820598,1.03666233744757e-08,7.86972791738615e-08,"Positive_interaction"
"ENSG00000114988.14","ENSG00000114988","LMAN2L","protein_coding",-0.13708584100496,0.468019778987213,-1.38439892610922,1.04823538940911e-17,-1.24731308510426,301.238587819422,-1.24731303005192,0.218016707474055,-5.72118093380687,1.05786167246714e-08,8.02645620805954e-08,"Negative_interaction"
"ENSG00000088448.16","ENSG00000088448","ANKRD10","protein_coding",0.487708510147077,0.0028117582884738,1.66592389173291,6.26955954652797e-30,1.17821538158583,968.825442322004,1.1782153297598,0.206033358670996,5.71856585438298,1.07426882018059e-08,8.13816191430067e-08,"Positive_interaction"
"ENSG00000167114.15","ENSG00000167114","SLC27A4","protein_coding",0.153153232868823,0.440677026766107,-1.13934725562566,5.4005977432997e-12,-1.29250048849448,494.278441975109,-1.29250042341079,0.226090639988709,-5.71673565732457,1.08589840625499e-08,8.21767086341897e-08,"Negative_interaction"
"ENSG00000106012.21","ENSG00000106012","IQCE","protein_coding",-0.377810028579438,0.0313999855019953,-1.64656178483104,3.83935014876812e-24,-1.2687517562516,583.391922759435,-1.26875169682618,0.222026162698667,-5.71442428858319,1.10076042832561e-08,8.32145024898005e-08,"Negative_interaction"
"ENSG00000110711.13","ENSG00000110711","AIP","protein_coding",0.841721576001823,5.36781993986238e-09,1.92796658287289,1.48967429750547e-45,1.08624500687107,788.600281029751,1.08624496614646,0.190362454799938,5.70619331048262,1.15530783518286e-08,8.72016726430728e-08,"Positive_interaction"
"ENSG00000198130.18","ENSG00000198130","HIBCH","protein_coding",-0.658744650059975,5.80796071594187e-06,-1.7490218397741,7.85547605561837e-37,-1.09027718971413,175.300612467981,-1.0902771536117,0.191093954306549,-5.70545079549036,1.16035574999301e-08,8.75370928105089e-08,"Negative_interaction"
"ENSG00000123104.13","ENSG00000123104","ITPR2","protein_coding",0.0256318588799491,0.887596435615999,-1.07214591212121,4.16613796462774e-13,-1.09777777100116,118.442813238032,-1.09777773650694,0.192422154251262,-5.70504857290744,1.16309916355269e-08,8.76984031124118e-08,"Negative_interaction"
"ENSG00000226200.8","ENSG00000226200","SGMS1-AS1","lncRNA",-0.591251359031809,0.0609166422747756,-4.80036195891683,8.50242059366729e-12,-4.20911059988502,26.5417239455072,-4.20911026867169,0.738118123094416,-5.70248871688155,1.18070729202969e-08,8.88873250706198e-08,"Negative_interaction"
"ENSG00000164938.16","ENSG00000164938","TP53INP1","protein_coding",1.44272433908643,2.0495519152197e-09,-0.180877089276506,0.343365540625692,-1.62360142836294,106.290734292936,-1.62360133721809,0.284770443139611,-5.7014390936004,1.18800183090905e-08,8.93436561159003e-08,"Negative_interaction"
"ENSG00000011638.13","ENSG00000011638","LDAF1","protein_coding",1.49522252427308,1.71777261665388e-15,2.93126376865176,1.85680865646497e-59,1.43604124437868,561.007836426145,1.4360411479004,0.251948063420276,5.69975068831917,1.19982766584918e-08,9.01862164599914e-08,"Positive_interaction"
"ENSG00000213949.11","ENSG00000213949","ITGA1","protein_coding",-0.730886601354483,0.0069637031910024,-3.59377600722794,1.42539018084889e-15,-2.86288940587346,141.251707348844,-2.86288948065499,0.502450940697135,-5.6978487823763,1.21328590419258e-08,9.11033125572998e-08,"Negative_interaction"
"ENSG00000078967.15","ENSG00000078967","UBE2D4","protein_coding",-0.266182571091011,0.112751610743968,-1.50292705687605,1.44271597063349e-19,-1.23674448578504,149.070376557654,-1.23674443863735,0.217184236631049,-5.69444844534606,1.23771377138015e-08,9.28894250380175e-08,"Negative_interaction"
"ENSG00000064651.16","ENSG00000064651","SLC12A2","protein_coding",-0.166778582728401,0.344118575368723,-1.34377584470058,9.16203259291127e-19,-1.17699726197218,3188.62003051446,-1.17699721617359,0.206718495294552,-5.69371992813944,1.24300922523347e-08,9.31903243253155e-08,"Negative_interaction"
"ENSG00000139112.13","ENSG00000139112","GABARAPL1","protein_coding",1.93400711647566,4.85243109028215e-29,3.27752443007936,1.84369968737876e-83,1.3435173136037,664.122842399309,1.34351723332067,0.235964191025623,5.69373355966024,1.24290993848717e-08,9.31903243253155e-08,"Positive_interaction"
"ENSG00000166801.19","ENSG00000166801","FAM111A","protein_coding",-0.771449651811072,5.14475988219041e-09,-1.82704046285403,1.06003564511679e-38,-1.05559081104296,433.798613198493,-1.05559078515228,0.185490053363917,-5.69082150772416,1.26429615640013e-08,9.46559331514683e-08,"Negative_interaction"
"ENSG00000198901.16","ENSG00000198901","PRC1","protein_coding",-0.156810539904757,0.459451215160447,1.18878631919459,2.6187942212749e-12,1.34559685909935,64.3439810477203,1.34559678277543,0.236590071020705,5.68746091909187,1.28942098199637e-08,9.63210766551103e-08,"Positive_interaction"
"ENSG00000163214.23","ENSG00000163214","DHX57","protein_coding",-0.641180024760014,2.6267073835234e-05,-1.78465998620866,3.54042156727257e-34,-1.14347996144865,197.627157935477,-1.14347991935429,0.201241355734819,-5.68213186190755,1.33026031989727e-08,9.90145483099707e-08,"Negative_interaction"
"ENSG00000163545.12","ENSG00000163545","NUAK2","protein_coding",-0.20986906529385,0.108353817560787,-1.27464937119113,1.01855031324226e-16,-1.06478030589728,193.629907092313,-1.06478029071307,0.187425694177335,-5.68107961604035,1.338471492578e-08,9.9523493434789e-08,"Negative_interaction"
"ENSG00000104976.15","ENSG00000104976","SNAPC2","protein_coding",-0.438679022091522,0.0636989775146918,1.06266802532093,4.5275960003767e-10,1.50134704741245,155.591676307728,1.50134692778216,0.264399733611812,5.67832239190685,1.36022167121223e-08,1.01037070523873e-07,"Positive_interaction"
"ENSG00000204839.10","ENSG00000204839","MROH6","protein_coding",-0.156528649976033,0.401567763873389,1.18295756221887,2.49563654642205e-10,1.3394862121949,125.16211768788,1.33948613391943,0.235899455594175,5.67820782182639,1.36113284057503e-08,1.01052956586134e-07,"Positive_interaction"
"ENSG00000173535.17","ENSG00000173535","TNFRSF10C","protein_coding",-0.189435856181058,0.735996118105904,2.94007051259602,1.34602187351641e-15,3.12950636877708,18.5497108795407,3.12950531619349,0.551313997450309,5.67644814147052,1.37520219647496e-08,1.0194081959752e-07,"Positive_interaction"
"ENSG00000169891.20","ENSG00000169891","REPS2","protein_coding",1.32523846457565,6.46291532147174e-09,-0.0836873690533736,0.556261963520067,-1.40892583362902,104.532150545324,-1.40892581310857,0.248209570648398,-5.67635570791259,1.37594513261398e-08,1.01943746737432e-07,"Negative_interaction"
"ENSG00000076770.18","ENSG00000076770","MBNL3","protein_coding",-0.817477250119827,2.73666188105604e-05,-2.52048274877981,7.80399441464906e-25,-1.70300549865998,95.3739564742868,-1.70300543114569,0.300071511405009,-5.67533193395065,1.38419985111755e-08,1.02502934299415e-07,"Negative_interaction"
"ENSG00000144730.21","ENSG00000144730","IL17RD","protein_coding",-0.640656638912079,2.47208050276859e-06,0.402504813227627,0.00406406858579464,1.04316145213971,274.381441775295,1.04316141555363,0.183821065853824,5.67487415388592,1.38790649171113e-08,1.02724927874759e-07,"Positive_interaction"
"ENSG00000175573.8","ENSG00000175573","C11orf68","protein_coding",0.187950541881565,0.267521717848893,1.30106273561189,1.59400838478895e-20,1.11311219373032,297.079062825897,1.11311214990212,0.196228536951703,5.67252942509625,1.40704342750297e-08,1.04088174330644e-07,"Positive_interaction"
"ENSG00000176890.18","ENSG00000176890","TYMS","protein_coding",-0.231780957546861,0.277831602139832,-1.73021516007728,7.83413935548019e-18,-1.49843420253042,256.115520367919,-1.49843411699361,0.264198796352958,-5.67161598643987,1.41456779706167e-08,1.04591410790907e-07,"Negative_interaction"
"ENSG00000134897.16","ENSG00000134897","BIVM","protein_coding",-0.518940321671471,0.00551543855024879,-1.86651489924625,1.1301060836169e-27,-1.34757457757478,136.898024832416,-1.34757450558616,0.237631186080826,-5.67086554509644,1.42077872569587e-08,1.04943553989728e-07,"Negative_interaction"
"ENSG00000270362.3","ENSG00000270362","HMGN3-AS1","lncRNA",-0.394907515116806,0.267946682966873,-2.79715588268668,2.50227401724445e-19,-2.40224836756987,37.5123593380672,-2.40224796764612,0.42405939306093,-5.66488564327346,1.47122621807274e-08,1.08503869477405e-07,"Negative_interaction"
"ENSG00000185515.17","ENSG00000185515","BRCC3","protein_coding",-0.407300367082573,0.00182858598597158,-1.44408932803546,3.93485161683687e-24,-1.03678896095289,389.181864773363,-1.03678894009352,0.183185666795573,-5.65977108487712,1.51575042674003e-08,1.11560463099627e-07,"Negative_interaction"
"ENSG00000263465.5","ENSG00000263465","SRSF8","protein_coding",-0.893892848971476,6.79591913213362e-11,-1.94464787552103,1.5608658830037e-46,-1.05075502654955,429.289017170687,-1.05075499417585,0.185867157996505,-5.65325798006561,1.57434734589502e-08,1.156969662105e-07,"Negative_interaction"
"ENSG00000230074.6","ENSG00000230074","ENSG00000230074","lncRNA",-0.0960587977728233,0.807077039600265,2.46777743249426,6.47792259837533e-12,2.56383623026708,24.3953182773327,2.56383570128766,0.453586011680634,5.6523694189512,1.58251014550013e-08,1.16179012302877e-07,"Positive_interaction"
"ENSG00000075407.21","ENSG00000075407","ZNF37A","protein_coding",-0.763417062771691,9.18094463698861e-05,-2.27574170497145,3.08481299611524e-29,-1.51232464219976,178.068245333221,-1.51232455544493,0.267931412651483,-5.64444661594089,1.657133887343e-08,1.21227583520317e-07,"Negative_interaction"
"ENSG00000164631.20","ENSG00000164631","ZNF12","protein_coding",-0.86125119408556,3.70174060778431e-05,-2.4428874876691,5.96185544863107e-32,-1.58163629358354,357.000885681191,-1.5816361834698,0.28041703670524,-5.64029989779948,1.69754240968117e-08,1.2399589012651e-07,"Negative_interaction"
"ENSG00000204852.19","ENSG00000204852","TCTN1","protein_coding",-0.880280321728026,9.43418990371608e-05,-2.79375222010927,2.00955730291009e-24,-1.91347189838124,61.9459328348659,-1.91347177641147,0.339247970994157,-5.64033373819183,1.69720880469463e-08,1.2399589012651e-07,"Negative_interaction"
"ENSG00000230487.10","ENSG00000230487","PSMG3-AS1","lncRNA",-0.967383592326089,0.0752753125743789,-5.18169444132263,2.3159181678024e-18,-4.21431084899654,83.1401096584258,-4.21430905310702,0.747445415075327,-5.63828336907024,1.71753710749217e-08,1.25330049152953e-07,"Negative_interaction"
"ENSG00000100814.21","ENSG00000100814","CCNB1IP1","protein_coding",0.455862829693384,0.00435149497938192,1.59228097169113,1.97431995529199e-28,1.13641814199775,1939.90257594051,1.13641809439983,0.201727404699263,5.63343436700634,1.76655767048857e-08,1.28712688590851e-07,"Positive_interaction"
"ENSG00000165140.14","ENSG00000165140","FBP1","protein_coding",0.397572116581577,0.00830975965926457,-0.611211646623783,5.13615242382338e-07,-1.00878376320536,256.572886395574,-1.00878373320154,0.179118385610442,-5.63193850683482,1.78195224918451e-08,1.29769105503427e-07,"Negative_interaction"
"ENSG00000100483.16","ENSG00000100483","VCPKMT","protein_coding",0.307709244399766,0.125239910117025,1.69057151281483,4.44945984227406e-21,1.38286226841506,73.9274724989438,1.38286218241444,0.245597716642275,5.63059869334473,1.79585141858474e-08,1.30649993765713e-07,"Positive_interaction"
"ENSG00000073605.21","ENSG00000073605","GSDMB","protein_coding",0.196647884019295,0.49006070890747,2.0169634647951,1.92884053504684e-17,1.8203155807758,150.530770260893,1.82031538950535,0.323713972897328,5.62322155331459,1.87428766796175e-08,1.3594683125176e-07,"Positive_interaction"
"ENSG00000123975.7","ENSG00000123975","CKS2","protein_coding",0.262606955359324,0.0925373308393336,1.33564714343791,3.88866920877348e-22,1.07304018807859,1067.91670321033,1.07304014894354,0.190840105447095,5.62271827732253,1.87975821059258e-08,1.36275417648362e-07,"Positive_interaction"
"ENSG00000124102.7","ENSG00000124102","PI3","protein_coding",0.568263055289485,0.37673034648592,-2.52865031114473,8.49093586560814e-42,-3.09691336643421,68.8317186769804,-3.09691289028786,0.551113771492112,-5.61937126322052,1.91653622211079e-08,1.38733481172975e-07,"Negative_interaction"
"ENSG00000111144.12","ENSG00000111144","LTA4H","protein_coding",0.560806732756387,0.000183478310758565,1.65700535922925,7.06084380699428e-32,1.09619862647286,1683.61168015182,1.09619858469706,0.195114924564122,5.61822006771611,1.9293466521471e-08,1.39382311480138e-07,"Positive_interaction"
"ENSG00000163293.14","ENSG00000163293","NIPAL1","protein_coding",-0.209209436808081,0.242319069588756,-1.42860278444234,1.0033213569672e-18,-1.21939334763426,314.112282164632,-1.2193932956261,0.217176496159709,-5.61475720065662,1.96838440655971e-08,1.42125417295756e-07,"Negative_interaction"
"ENSG00000148225.19","ENSG00000148225","WDR31","protein_coding",-1.18588808964326,2.49231252298466e-09,-3.03509961004943,4.68591341155313e-28,-1.84921152040617,70.9112989812184,-1.84921147000973,0.32935303642814,-5.61467867448431,1.96927848419734e-08,1.42125417295756e-07,"Negative_interaction"
"ENSG00000169242.14","ENSG00000169242","EFNA1","protein_coding",0.778759383931605,6.41915874554778e-07,1.92666849578865,8.46148470268407e-40,1.14790911185704,750.799511847206,1.14790906214735,0.204477391962725,5.6138678761934,1.97853309645673e-08,1.42651251909706e-07,"Positive_interaction"
"ENSG00000222011.11","ENSG00000222011","FAM185A","protein_coding",-0.546050840692297,0.0692466023562658,-3.33148842197417,1.27180719748644e-14,-2.78543758128187,25.7010616138382,-2.78543727131568,0.496245725857808,-5.61302017564138,1.98825406794301e-08,1.43280845115018e-07,"Negative_interaction"
"ENSG00000172086.11","ENSG00000172086","KRCC1","protein_coding",-0.467722915113132,0.159305594657757,-2.7371612656044,2.63180551823987e-20,-2.26943835049127,426.701757910336,-2.26943799484516,0.404353740930827,-5.61250648904813,1.99416729475305e-08,1.43635548884499e-07,"Negative_interaction"
"ENSG00000171970.16","ENSG00000171970","ZNF57","protein_coding",0.506685290596936,0.00281464315811792,1.66303565265368,2.24324656317345e-32,1.15635036205674,133.265180251901,1.15635030511428,0.206111409317016,5.61031681334884,2.01956550154713e-08,1.45392663926582e-07,"Positive_interaction"
"ENSG00000140548.12","ENSG00000140548","ZNF710","protein_coding",-0.205175846101374,0.169357379237518,0.81726886097743,1.55936275519319e-09,1.0224447070788,581.955216368227,1.02244467255968,0.18236634288983,5.60654261284033,2.0640817438344e-08,1.48302789447933e-07,"Positive_interaction"
"ENSG00000171617.18","ENSG00000171617","ENC1","protein_coding",0.852866695495179,2.69945203648991e-05,-0.648651705531145,0.00118450193469553,-1.50151840102632,1835.25033816229,-1.50151829550255,0.267957272201108,-5.60357359652333,2.09976897935007e-08,1.50642831924462e-07,"Negative_interaction"
"ENSG00000198429.12","ENSG00000198429","ZNF69","protein_coding",-0.481377198035846,0.0116617268734904,-1.92904719900862,2.18911778878529e-22,-1.44767000097277,171.430376370178,-1.44766992698401,0.25834507522991,-5.60362888936698,2.09909892458984e-08,1.50642831924462e-07,"Negative_interaction"
"ENSG00000091262.19","ENSG00000091262","ABCC6","protein_coding",-0.735345759140828,3.48916447840761e-07,-2.17537272541248,2.12413651393483e-22,-1.44002696627165,109.415198728759,-1.4400269741053,0.257023227901248,-5.60271141975769,2.11024398897525e-08,1.5116982643712e-07,"Negative_interaction"
"ENSG00000100162.18","ENSG00000100162","CENPM","protein_coding",-0.508943571248833,0.0405876065715397,-2.62834817353517,1.05872697166351e-16,-2.11940460228634,83.6512666787803,-2.11940447590317,0.378760676908348,-5.59562965512394,2.19822496217586e-08,1.57161697838444e-07,"Negative_interaction"
"ENSG00000176714.12","ENSG00000176714","CCDC121","protein_coding",-0.598526273925144,0.039773755151791,-3.41935614109359,1.63403632346052e-14,-2.82082986716845,27.2719826816106,-2.82082959872924,0.504415535518625,-5.59227343350745,2.24115503123902e-08,1.60073034562425e-07,"Negative_interaction"
"ENSG00000112039.8","ENSG00000112039","FANCE","protein_coding",-0.358071243065004,0.075234082556959,0.953023147012012,3.50427928910515e-09,1.31109439007702,142.87711528167,1.31109431491365,0.23456697984265,5.5894240348456,2.27824004028893e-08,1.62481568227693e-07,"Positive_interaction"
"ENSG00000134762.18","ENSG00000134762","DSC3","protein_coding",1.14449404750886,0.000739004689136742,-0.6485966389415,3.04922043849875e-13,-1.79309068645036,249.538086032355,-1.79309082733419,0.320868929318624,-5.58823452037529,2.29389722725185e-08,1.63437358000658e-07,"Negative_interaction"
"ENSG00000074410.16","ENSG00000074410","CA12","protein_coding",0.6732461633926,0.000530844154958983,-0.724402165971526,7.86957440449806e-05,-1.39764832936413,585.374211173798,-1.39764824183873,0.250272710125512,-5.5845011672979,2.34371943727587e-08,1.66905071670771e-07,"Negative_interaction"
"ENSG00000178988.13","ENSG00000178988","MRFAP1L1","protein_coding",-0.543841326279442,0.00205329330485118,-1.87773214823399,3.55525911275426e-25,-1.33389082195455,193.719098251309,-1.33389076092804,0.23894668898774,-5.58237808851362,2.37251908948915e-08,1.68624554413324e-07,"Negative_interaction"
"ENSG00000276043.7","ENSG00000276043","UHRF1","protein_coding",-0.670099519620486,0.00143836786493213,-2.38812665799347,3.42762795184469e-22,-1.71802713837298,170.162601673528,-1.7180270545618,0.307899990601498,-5.5798217181025,2.40765233962902e-08,1.70953932904967e-07,"Negative_interaction"
"ENSG00000205356.12","ENSG00000205356","TECPR1","protein_coding",-0.264393477928953,0.113214190159293,-1.3291431281993,5.89462352382976e-25,-1.06474965027035,169.596106567697,-1.06474961155118,0.190934914198519,-5.57650556484467,2.45398067823686e-08,1.74072873171848e-07,"Negative_interaction"
"ENSG00000286013.2","ENSG00000286013","ENSG00000286013","lncRNA",1.53474001336407,1.54029580586861e-18,0.105245243596459,0.637643233945783,-1.42949476976761,73.1108054822871,-1.4294946767976,0.256537208234425,-5.57227034096091,2.51440837375013e-08,1.78131118663753e-07,"Negative_interaction"
"ENSG00000148297.18","ENSG00000148297","MED22","protein_coding",-0.868984514106477,5.09639984560567e-05,-2.45502243854903,5.72034924607547e-32,-1.58603792444255,285.925186729136,-1.58603780573503,0.284632113491818,-5.57223774323209,2.51487902833314e-08,1.78131118663753e-07,"Negative_interaction"
"ENSG00000040633.14","ENSG00000040633","PHF23","protein_coding",-0.0835995193212126,0.707216435312822,-1.39599939318626,1.89497960868714e-16,-1.31239987386505,248.42889968371,-1.31239980169412,0.23554097941511,-5.57185337750161,2.52043505350987e-08,1.78437444042331e-07,"Negative_interaction"
"ENSG00000137726.19","ENSG00000137726","FXYD6","protein_coding",-0.539349664540798,0.315159483026087,2.60833508644463,7.12951763386372e-13,3.14768475098543,15.4289302498274,3.14768365556678,0.565113423820805,5.57000333540988,2.54734458863405e-08,1.80254481340257e-07,"Positive_interaction"
"ENSG00000132570.17","ENSG00000132570","PCBD2","protein_coding",-0.945530660093308,1.00761080143928e-07,-2.63474649695472,2.89720345939038e-24,-1.68921583686141,94.3627970327465,-1.68921582227399,0.30353813476039,-5.5650859935851,2.62023163431216e-08,1.84960530172683e-07,"Negative_interaction"
"ENSG00000107890.19","ENSG00000107890","ANKRD26","protein_coding",-0.587514709306177,0.015029229080814,-2.51926332723235,1.45281566795977e-19,-1.93174861792617,79.8189264542334,-1.93174847320785,0.347227074861617,-5.5633578515665,2.64632437578977e-08,1.86620597829417e-07,"Negative_interaction"
"ENSG00000113966.13","ENSG00000113966","ARL6","protein_coding",-0.833772195398822,0.00177330047253951,-2.84986759819938,4.04232120124722e-25,-2.01609540280056,38.3125312250302,-2.01609519864561,0.362440113247342,-5.56256088925169,2.65844227726831e-08,1.87292880321693e-07,"Negative_interaction"
"ENSG00000163827.16","ENSG00000163827","LRRC2","protein_coding",-1.00790955053621,3.25981931886686e-11,-2.14847152653717,4.00797800021383e-47,-1.14056197600096,118.151440082679,-1.14056193836021,0.205108429553225,-5.56077554123266,2.68578444355649e-08,1.89114904205746e-07,"Negative_interaction"
"ENSG00000185219.20","ENSG00000185219","ZNF445","protein_coding",-0.44563089318786,0.00559332926520478,-1.59624992582343,4.39831432469884e-26,-1.15061903263557,299.4245448841,-1.15061898616225,0.20703794177419,-5.55752716773622,2.73623405557969e-08,1.92098670817366e-07,"Negative_interaction"
"ENSG00000276900.1","ENSG00000276900","AMN1-AS1","lncRNA",0.865960684627935,0.170742853208782,4.34510927590972,3.33189641431882e-39,3.47914859128178,64.214635687431,3.47914641358654,0.626031559530978,5.55746169760693,2.73726024867417e-08,1.92098670817366e-07,"Positive_interaction"
"ENSG00000185187.16","ENSG00000185187","SIGIRR","protein_coding",-0.555302435016336,9.4294221976108e-05,0.457615547798592,0.000564525759807574,1.01291798281493,443.558059206012,1.01291794908978,0.182425156713395,5.55251242393703,2.81592695928408e-08,1.97142094173647e-07,"Positive_interaction"
"ENSG00000187994.15","ENSG00000187994","RINL","protein_coding",-0.677267890684652,0.0621171790649951,1.88670387788623,5.51171767567732e-08,2.56397176857088,25.3181943751469,2.56397122212964,0.461927498527347,5.5505923122216,2.84703326310502e-08,1.99223592703612e-07,"Positive_interaction"
"ENSG00000183665.5","ENSG00000183665","TYW2","protein_coding",-0.76854319281404,4.11492148496392e-05,-2.29788690682305,8.67060189354775e-26,-1.52934371400901,75.6680949332987,-1.52934364608085,0.27555689930566,-5.55001036059863,2.85652668752534e-08,1.9979143221823e-07,"Negative_interaction"
"ENSG00000110921.16","ENSG00000110921","MVK","protein_coding",0.578908835415388,0.00208329794032674,1.94728026856483,9.27583920694169e-27,1.36837143314944,233.927700866383,1.36837134963566,0.246642358634964,5.5479981508808,2.88958932218739e-08,2.02006408379834e-07,"Positive_interaction"
"ENSG00000182600.11","ENSG00000182600","SNORC","protein_coding",-1.17934291217265,5.7574222959334e-11,0.23530999997442,0.257248754538777,1.41465291214707,126.133499324138,1.41465281010791,0.254990890940262,5.54785625828227,2.89193472327482e-08,2.02072893007226e-07,"Positive_interaction"
"ENSG00000135749.22","ENSG00000135749","PCNX2","protein_coding",-1.2161373426752,3.28378776755913e-13,-2.87590330893061,1.04532165197072e-28,-1.65976596625541,82.3686709822808,-1.65976597549405,0.299189196081386,-5.54754649309783,2.89706137876504e-08,2.02236095862538e-07,"Negative_interaction"
"ENSG00000172878.16","ENSG00000172878","METAP1D","protein_coding",-0.695737080900778,0.00208597366294073,-2.40956524209115,1.94260334872342e-24,-1.71382816119037,86.7484570566164,-1.71382803217039,0.309087002840731,-5.54480782569013,2.94277195070081e-08,2.05229312365525e-07,"Negative_interaction"
"ENSG00000167741.12","ENSG00000167741","GGT6","protein_coding",1.0571914108951,0.00276266865871043,-1.50135944231709,1.44370185243143e-05,-2.55855085321219,309.084681561361,-2.55855032713425,0.461899672461352,-5.53919060712978,3.03872772702124e-08,2.11412588670148e-07,"Negative_interaction"
"ENSG00000078401.9","ENSG00000078401","EDN1","protein_coding",-0.873538308964661,1.15827469417101e-05,0.582723121893951,0.00304706911678623,1.45626143085861,50.2876581993514,1.45626132853867,0.263026629651912,5.53655472248525,3.08479487212472e-08,2.14308951518847e-07,"Positive_interaction"
"ENSG00000100413.19","ENSG00000100413","POLR3H","protein_coding",-0.576759716285847,0.0129904768513931,-2.22002640331416,1.41247675083782e-24,-1.64326668702831,175.180423955708,-1.64326655027432,0.296880626342362,-5.53510874225693,3.11035319314852e-08,2.15981018088684e-07,"Negative_interaction"
"ENSG00000174775.20","ENSG00000174775","HRAS","protein_coding",-0.118077217693038,0.63218535886863,1.28759253605912,2.48294875332475e-13,1.40566975375216,305.397191693931,1.40566965641186,0.254203310546497,5.52970633383922,3.20767311064286e-08,2.22419132628882e-07,"Positive_interaction"
"ENSG00000204618.11","ENSG00000204618","RNF39","protein_coding",0.876918695484787,0.000145534130049305,2.62358405507289,5.12746546320879e-28,1.7466653595881,63.8090441572647,1.7466651764741,0.31612248246656,5.52527983092395,3.2896087041465e-08,2.27882453826439e-07,"Positive_interaction"
"ENSG00000171103.13","ENSG00000171103","TRMT61B","protein_coding",-0.225734088106627,0.182836282447677,-1.34404234668542,4.4334563252885e-20,-1.11830825857879,153.988233005633,-1.1183082145981,0.202448666858025,-5.52390999631702,3.3153734528237e-08,2.29557535013478e-07,"Negative_interaction"
"ENSG00000091157.16","ENSG00000091157","WDR7","protein_coding",-0.0916271150307967,0.731858641204823,-1.71824716644312,1.03485838050382e-14,-1.62662005141232,112.500305975476,-1.62661992461719,0.29451280746934,-5.52308722528654,3.33094265030055e-08,2.30525410163111e-07,"Negative_interaction"
"ENSG00000168903.11","ENSG00000168903","BTNL3","protein_coding",1.35136704406193,0.104605194763601,-5.76232485469559,1.83989774926137e-07,-7.11369189875752,9.35833326185592,-7.1136814780729,1.28810955205897,-5.52257489799846,3.34067316334198e-08,2.31088474859914e-07,"Negative_interaction"
"ENSG00000121064.15","ENSG00000121064","SCPEP1","protein_coding",0.992030258855869,5.45432070717104e-09,-0.22780994372102,0.168545126637876,-1.21984020257689,183.365476576165,-1.21984014414446,0.221039358349666,-5.51865583239151,3.41602471443905e-08,2.35738238865003e-07,"Negative_interaction"
"ENSG00000072163.22","ENSG00000072163","LIMS2","protein_coding",-1.48020189179981,0.00623625559933928,3.14158062335512,8.76471901273778e-06,4.62178251515493,21.2944143497029,4.62177923957969,0.837523939666507,5.51838463437837,3.4212995665827e-08,2.35989877767332e-07,"Positive_interaction"
"ENSG00000228502.1","ENSG00000228502","EEF1A1P11","processed_pseudogene",-0.0943448666941057,0.578820677866381,0.968996792481342,2.10358943833335e-11,1.06334165917545,124.598907080137,1.06334161953606,0.192727720248088,5.51732578047039,3.4419702167156e-08,2.37077150098111e-07,"Positive_interaction"
"ENSG00000146826.19","ENSG00000146826","TRAPPC14","protein_coding",0.424630273794882,0.0260108836775666,-0.886393459046187,2.99679564891376e-07,-1.31102373284107,134.462637207224,-1.31102365894237,0.237693428001576,-5.51560752000966,3.4757716524621e-08,2.3929160469112e-07,"Negative_interaction"
"ENSG00000229809.11","ENSG00000229809","ZNF688","protein_coding",-0.41948060167576,0.0498402684071384,-2.55257281880185,1.9459411136101e-13,-2.13309221712609,42.908280718069,-2.13309217145366,0.386976063583947,-5.51220701274959,3.54361772509523e-08,2.43730935320741e-07,"Negative_interaction"
"ENSG00000152137.9","ENSG00000152137","HSPB8","protein_coding",1.06376988111062,0.121335889376982,4.79968016448508,3.07292902697839e-44,3.73591028337446,61.1906516739232,3.73590737946979,0.677981849032514,5.51033539437812,3.58150601288013e-08,2.46103296058126e-07,"Positive_interaction"
"ENSG00000145604.19","ENSG00000145604","SKP2","protein_coding",-0.966635796703179,5.59988733529059e-08,-2.32468760655632,3.66503317701623e-36,-1.35805180985314,362.501661344398,-1.35805174508379,0.246575389760871,-5.50765324309466,3.6364881403247e-08,2.49762967438794e-07,"Negative_interaction"
"ENSG00000169193.14","ENSG00000169193","CCDC126","protein_coding",0.537053177429506,0.00145778326310318,-0.643949397005773,3.67636052757013e-05,-1.18100257443528,88.4133507870822,-1.18100252004597,0.214641409741719,-5.50221190527536,3.75055778419853e-08,2.56988574035958e-07,"Negative_interaction"
"ENSG00000150556.19","ENSG00000150556","LYPD6B","protein_coding",-1.18613275385186,2.83884907745334e-12,-2.63947139267632,3.89205779024116e-35,-1.45333863882446,109.130856495514,-1.4533386036955,0.264141646470425,-5.5021183638235,3.75254876665291e-08,2.5700348169345e-07,"Negative_interaction"
"ENSG00000142089.19","ENSG00000142089","IFITM3","protein_coding",-0.360629671679921,0.113996431169512,0.804129705327928,1.95764098516398e-22,1.16475937700785,392.618252946412,1.16475926134639,0.211742518899113,5.50082839952115,3.78010975428489e-08,2.58524542515794e-07,"Positive_interaction"
"ENSG00000162069.18","ENSG00000162069","BICDL2","protein_coding",-0.336308818518067,0.173821478769739,-1.99045279866272,2.32859568246719e-19,-1.65414398014465,257.758696098689,-1.65414383810105,0.300893133026833,-5.49744629085151,3.85330620547045e-08,2.63167650432195e-07,"Negative_interaction"
"ENSG00000164442.13","ENSG00000164442","CITED2","protein_coding",0.819069985426615,5.61966247031396e-05,-0.86889683231432,0.00062583682302089,-1.68796681774094,105.40372106776,-1.6879666994307,0.307165752798951,-5.49529589171201,3.90055848534205e-08,2.66134150515899e-07,"Negative_interaction"
"ENSG00000121858.13","ENSG00000121858","TNFSF10","protein_coding",0.0927258726699944,0.732127737838379,1.58803402868232,1.83066477073696e-17,1.49530815601233,68.4460899421158,1.49530803635726,0.272157885332503,5.49426680961458,3.92336957647801e-08,2.67438720142612e-07,"Positive_interaction"
"ENSG00000176024.20","ENSG00000176024","ZNF613","protein_coding",-0.621667471567743,0.00667921213955123,-2.76939831573694,4.04401560124434e-16,-2.1477308441692,37.0382666397296,-2.1477307433538,0.391076868941269,-5.49183783016413,3.97772562297389e-08,2.70889096466812e-07,"Negative_interaction"
"ENSG00000237523.3","ENSG00000237523","LINC00857","lncRNA",0.416595155871371,0.076469320139723,-1.21859226312731,5.33373886889199e-08,-1.63518741899868,56.1970175184615,-1.63518727976997,0.297879478957601,-5.48942574188776,4.0324260014972e-08,2.74099050720907e-07,"Negative_interaction"
"ENSG00000119125.19","ENSG00000119125","GDA","protein_coding",0.725293968857118,5.26157531102934e-07,-0.316091758294669,0.0255629953863324,-1.04138572715179,1058.82246988587,-1.0413856897032,0.189826156666089,-5.48599680883301,4.11144318044288e-08,2.79208221982091e-07,"Negative_interaction"
"ENSG00000132613.17","ENSG00000132613","MTSS2","protein_coding",1.27474012483864,1.13998833815276e-14,2.47074802302306,5.12742157185377e-58,1.19600789818442,773.709125925252,1.19600783556741,0.218082253301871,5.48420523659892,4.15332367705795e-08,2.81920218866154e-07,"Positive_interaction"
"ENSG00000205220.14","ENSG00000205220","PSMB10","protein_coding",-0.135846911646176,0.518739277725445,1.43796683366387,2.53669526800617e-09,1.57381374531005,92.8852084345625,1.57381360124727,0.287088910709682,5.48197280541701,4.20608899027828e-08,2.85234635690748e-07,"Positive_interaction"
"ENSG00000275964.3","ENSG00000275964","ENSG00000275964","lncRNA",-0.982879053645865,3.31549457031404e-05,-3.76448762860727,9.74264496586774e-16,-2.78160857496141,42.0122088766613,-2.78160862390565,0.507504275500083,-5.48095603956187,4.2303359538164e-08,2.86744755110885e-07,"Negative_interaction"
"ENSG00000197566.12","ENSG00000197566","ZNF624","protein_coding",-0.225238200242522,0.442847771400079,-2.28661822470427,3.22466101902866e-14,-2.06138002446175,37.9950177925432,-2.06137980888234,0.376156970750367,-5.48010529957813,4.25072776316637e-08,2.87873993079441e-07,"Negative_interaction"
"ENSG00000232442.4","ENSG00000232442","MHENCR","lncRNA",-0.114819423868807,0.795345431960265,2.04433929071573,2.65686355961197e-19,2.15915871458454,35.5309736913749,2.15915829312538,0.394000137184861,5.48009528258697,4.2509684321695e-08,2.87873993079441e-07,"Positive_interaction"
"ENSG00000154743.21","ENSG00000154743","TSEN2","protein_coding",-0.0453028996742725,0.862026483780778,-1.55352883803155,5.21355950507728e-14,-1.50822593835728,145.021873309875,-1.50822583383205,0.275251487917802,-5.47944661531656,4.26658152270982e-08,2.88796354166794e-07,"Negative_interaction"
"ENSG00000132436.15","ENSG00000132436","FIGNL1","protein_coding",-0.739737967877145,0.000322635996396161,-2.34949086772271,1.92558968928605e-24,-1.60975289984557,227.728079827191,-1.60975281638568,0.293928530129177,-5.47668106827946,4.33377292970668e-08,2.93070636011709e-07,"Negative_interaction"
"ENSG00000197903.11","ENSG00000197903","H2BC12","protein_coding",1.00449165930038,1.23202198186206e-11,2.19562589144488,1.91258439405692e-38,1.1911342321445,417.09830446225,1.19113417471843,0.217548462055715,5.47525899959422,4.36872160480654e-08,2.9529623832489e-07,"Positive_interaction"
"ENSG00000163629.15","ENSG00000163629","PTPN13","protein_coding",-0.455003675604247,0.0342652556439844,-1.91558329390047,2.07069137592266e-23,-1.46057961829622,667.096145523528,-1.46057951482038,0.266895953028047,-5.47246782219622,4.43811363247093e-08,2.9942803892816e-07,"Negative_interaction"
"ENSG00000140479.19","ENSG00000140479","PCSK6","protein_coding",0.220975678891127,0.17816855751977,-0.852226492853047,2.3776519033616e-09,-1.07320217174417,531.145064807036,-1.07320213061326,0.196120768582392,-5.47214932090378,4.44609955427078e-08,2.99827244022765e-07,"Negative_interaction"
"ENSG00000047597.8","ENSG00000047597","XK","protein_coding",0.222483865886635,0.317374410113355,-1.05787913263215,2.26754256520587e-12,-1.28036299851878,212.963321322736,-1.28036293801804,0.234169733997046,-5.4676704634861,4.55988611536813e-08,3.07214642417085e-07,"Negative_interaction"
"ENSG00000108799.15","ENSG00000108799","EZH1","protein_coding",0.215967269046144,0.175535308435273,1.23548519522056,6.63900792308758e-21,1.01951792617442,190.503707209946,1.01951788913267,0.186487129212751,5.46696114330529,4.57816361345474e-08,3.08159531287441e-07,"Positive_interaction"
"ENSG00000112599.9","ENSG00000112599","GUCA1B","protein_coding",0.424521240895919,0.19833809279793,2.55738862082864,7.96545987696086e-20,2.13286737993272,37.6684263297938,2.13286702919312,0.390225140683706,5.46573453841588,4.60993804552908e-08,3.10154234706627e-07,"Positive_interaction"
"ENSG00000129480.15","ENSG00000129480","DTD2","protein_coding",-0.531533347868079,0.00166647113737766,-1.98152761663085,3.25356145043935e-19,-1.44999426876277,75.8252834978209,-1.44999423111189,0.265305686798886,-5.46537184561391,4.61937425748348e-08,3.10644880461488e-07,"Negative_interaction"
"ENSG00000153790.13","ENSG00000153790","SPMIP4","protein_coding",0.27346504046013,0.51939291780595,-2.11320426030918,2.58423200214633e-13,-2.38666930076931,50.3359502231762,-2.38666885352804,0.436867316133368,-5.46314353440766,4.67776067595104e-08,3.139884563033e-07,"Negative_interaction"
"ENSG00000105173.16","ENSG00000105173","CCNE1","protein_coding",-0.533785249922342,0.0482544003320709,1.17232587443183,2.45691277365813e-08,1.70611112435417,80.1685971788058,1.70611094942777,0.312317008399169,5.46275388001671,4.68804365671084e-08,3.14533003115989e-07,"Positive_interaction"
"ENSG00000137266.16","ENSG00000137266","SLC22A23","protein_coding",0.232192013839455,0.197137590865452,-0.92446834684001,1.41843915449407e-09,-1.15666036067946,274.027031222863,-1.15666030881365,0.21192300553344,-5.45792707074053,4.81725429842785e-08,3.22455654932177e-07,"Negative_interaction"
"ENSG00000160180.19","ENSG00000160180","TFF3","protein_coding",-1.40668007642515,1.9287279843634e-18,-2.870634657393,1.48283347514653e-37,-1.46395458096785,210.779349532233,-1.46395458875118,0.268483205814405,-5.45268589262588,4.96146626526409e-08,3.31496399798097e-07,"Negative_interaction"
"ENSG00000114854.9","ENSG00000114854","TNNC1","protein_coding",1.31240749731254,6.43019075047406e-08,-0.346870947569204,0.111797530462229,-1.65927844488174,54.0623842741202,-1.6592782988885,0.304451810907396,-5.45005232172257,5.03550036557826e-08,3.36132986172088e-07,"Negative_interaction"
"ENSG00000172794.22","ENSG00000172794","RAB37","protein_coding",-1.01085322914779,3.13927890360294e-07,-2.69389349340659,1.61003781780661e-26,-1.6830402642588,54.7359844773921,-1.68304019832732,0.308993104320264,-5.44685358603631,5.12686308022307e-08,3.41759428512386e-07,"Negative_interaction"
"ENSG00000111981.7","ENSG00000111981","ULBP1","protein_coding",-0.303630674448404,0.0641726988519047,-1.51561205889211,3.85286566518069e-18,-1.21198138444371,187.196912283618,-1.21198134476384,0.222582253234345,-5.44509423888258,5.17779653460634e-08,3.44837442001448e-07,"Negative_interaction"
"ENSG00000213853.12","ENSG00000213853","EMP2","protein_coding",-0.224926324983714,0.132509849778185,0.775711677166903,1.26070305803205e-08,1.00063800215062,1626.77997550201,1.00063796729426,0.183781398195675,5.44471843787401,5.18873944216429e-08,3.45407496535806e-07,"Positive_interaction"
"ENSG00000107614.24","ENSG00000107614","TRDMT1","protein_coding",-0.825563524366578,0.000198148281470408,-2.64152280117705,1.26116832870064e-22,-1.81595927681047,46.034116529769,-1.81595916629499,0.333611107891332,-5.44334143360271,5.22902814104627e-08,3.47929641047027e-07,"Negative_interaction"
"ENSG00000089351.17","ENSG00000089351","GRAMD1A","protein_coding",0.604795826307726,7.67055912031717e-05,1.67717551050774,8.79793692882029e-33,1.07237968420001,585.135558020099,1.07237964103531,0.197163235154895,5.43904465856848,5.35670279523732e-08,3.55311469633214e-07,"Positive_interaction"
"ENSG00000182749.8","ENSG00000182749","PAQR7","protein_coding",0.867510900395408,7.13033403971837e-09,2.16329928770542,2.60911473241327e-28,1.29578838731001,92.7693831130663,1.29578831376051,0.238309238493784,5.43742375222397,5.40564706738409e-08,3.58365220953935e-07,"Positive_interaction"
"ENSG00000156873.18","ENSG00000156873","PHKG2","protein_coding",-0.396374021824389,0.0294200247925372,0.853162132159356,5.12134275720535e-07,1.24953615398375,130.412479311839,1.24953608790837,0.229851385903583,5.43627824124812,5.44049756364442e-08,3.60510702754161e-07,"Positive_interaction"
"ENSG00000068137.17","ENSG00000068137","PLEKHH3","protein_coding",0.379889294129832,0.0330141681075957,1.54042395303256,1.82687250150329e-25,1.16053465890273,380.38179554492,1.16053460023407,0.213516203603891,5.43534673549677,5.46899769808292e-08,3.62233613531159e-07,"Positive_interaction"
"ENSG00000157111.15","ENSG00000157111","TMEM171","protein_coding",0.134998975819898,0.606050832994886,1.43167953788378,3.07395979351273e-27,1.29668056206388,127.403355290484,1.29668044785987,0.238815965658059,5.42962211210148,5.64735013590938e-08,3.73705014473053e-07,"Positive_interaction"
"ENSG00000259933.6","ENSG00000259933","PKD1-AS1","lncRNA",-0.874893370198186,5.53395858603862e-09,-2.55124105377006,1.04268514996446e-19,-1.67634768357187,119.019582052328,-1.67634776908366,0.308921030300647,-5.4264605017412,5.74825382986647e-08,3.80035102657048e-07,"Negative_interaction"
"ENSG00000180096.14","ENSG00000180096","SEPTIN1","protein_coding",-0.0562558518540753,0.908057815672816,2.40804033436844,1.86441356936365e-14,2.46429618622252,21.2612661034767,2.46429563517462,0.454146194648099,5.42621663291511,5.75610913834006e-08,3.80380910318395e-07,"Positive_interaction"
"ENSG00000186577.16","ENSG00000186577","SMIM29","protein_coding",0.574351073884012,0.00232528993943144,1.77525126580056,3.762775924681e-35,1.20090019191655,232.004012363358,1.20090011340116,0.221340411177515,5.4255800240564,5.7766641273865e-08,3.81391419289682e-07,"Positive_interaction"
"ENSG00000105298.16","ENSG00000105298","CACTIN","protein_coding",-0.418790000525382,0.0149450211937419,-1.61577159758063,1.99255564242689e-23,-1.19698159705525,185.151928533114,-1.19698154335765,0.220673128387959,-5.4242288225201,5.82052803257521e-08,3.83762931064968e-07,"Negative_interaction"
"ENSG00000289047.3","ENSG00000289047","ENSG00000289047","lncRNA",-0.741117611845679,0.000107663435633207,-2.17630300952912,3.81244199877046e-27,-1.43518539768344,157.349309541762,-1.43518532105415,0.264705900774826,-5.4218108355469,5.89982973874407e-08,3.88461302016716e-07,"Negative_interaction"
"ENSG00000108924.15","ENSG00000108924","HLF","protein_coding",0.513011689086821,0.320974038803375,-3.02502007793152,3.47251295502024e-09,-3.53803176701834,13.4886037359918,-3.53803038089501,0.653179020556883,-5.41663199451596,6.07321603164281e-08,3.99695943372242e-07,"Negative_interaction"
"ENSG00000157303.13","ENSG00000157303","SUSD3","protein_coding",-1.46978040492378,2.54352258262512e-17,1.94163466472667,0.00228370233460042,3.41141506965045,57.9615613142739,3.41141327903304,0.630121096207736,5.41390107324446,6.16662444230639e-08,4.05659198447136e-07,"Positive_interaction"
"ENSG00000256537.6","ENSG00000256537","SMIM10L1","protein_coding",-1.00456315517522,7.62307923490514e-14,-2.13614383448601,8.86320960134768e-37,-1.13158067931079,219.547328511768,-1.13158066763704,0.209096605877096,-5.41176009476773,6.24082638169786e-08,4.10168054075127e-07,"Negative_interaction"
"ENSG00000255468.8","ENSG00000255468","B4GAT1-DT","lncRNA",1.4678975223543,0.0419549356091755,-2.51595264061784,9.41185940154079e-11,-3.98385016297214,19.7963981646117,-3.98384838930645,0.737245567470687,-5.40369256199679,6.52828004281512e-08,4.28089748327949e-07,"Negative_interaction"
"ENSG00000165113.15","ENSG00000165113","GKAP1","protein_coding",0.352120400208303,0.229514446304558,2.03807733200292,7.76712376797683e-25,1.68595693179462,86.4496015989634,1.68595672392252,0.312070922861285,5.40247937380542,6.57260172048795e-08,4.30801194632796e-07,"Positive_interaction"
"ENSG00000275993.4","ENSG00000275993","ENSG00000275993","artifact",0.504932948511762,0.234241964751027,3.25515102332753,4.00020598417151e-18,2.75021807481577,20.4590515854235,2.75021728359901,0.509454465349203,5.39835740121326,6.72537909349118e-08,4.39980695845331e-07,"Positive_interaction"
"ENSG00000150991.18","ENSG00000150991","UBC","protein_coding",0.592908156431612,0.000139824489983918,1.68250191115086,5.026658037518e-31,1.08959375471925,10317.6277124665,1.08959371014473,0.201887582827904,5.39703182772535,6.77523729778725e-08,4.42881095712823e-07,"Positive_interaction"
"ENSG00000176273.17","ENSG00000176273","SLC35G1","protein_coding",0.205408330009892,0.226433561746295,-0.879564294369526,2.05538297142743e-09,-1.08497262437942,96.9511954950874,-1.08497258142371,0.201047243887595,-5.39660509860217,6.79136371912127e-08,4.43535119502052e-07,"Negative_interaction"
"ENSG00000186104.13","ENSG00000186104","CYP2R1","protein_coding",-0.196737192351935,0.296220379188257,-1.34014134762317,1.14703559789596e-19,-1.14340415527124,186.501529484399,-1.14340410399898,0.211904153125987,-5.39585509359588,6.81979713383332e-08,4.45191441727534e-07,"Negative_interaction"
"ENSG00000184860.12","ENSG00000184860","SDR42E1","protein_coding",-0.685146936575355,0.000298201846211652,-2.28561588401286,1.43776252334067e-20,-1.60046894743751,184.51712355131,-1.60046891590832,0.296683244864762,-5.39453758717609,6.87002452520417e-08,4.48268326966497e-07,"Negative_interaction"
"ENSG00000145911.9","ENSG00000145911","N4BP3","protein_coding",1.15308911495702,5.10212941581294e-05,2.96870404500005,1.83734179092182e-43,1.81561493004303,160.207226585241,1.81561463457515,0.336695223857946,5.39245734991824,6.95005991729569e-08,4.53082628526537e-07,"Positive_interaction"
"ENSG00000165655.18","ENSG00000165655","ZNF503","protein_coding",-0.00869552989377245,0.97848778321214,1.36546169432887,1.68369722647144e-13,1.37415722422264,107.559070763748,1.37415713376611,0.255331829176582,5.38184815499745,7.37249445017369e-08,4.7932790296957e-07,"Positive_interaction"
"ENSG00000080823.25","ENSG00000080823","MOK","protein_coding",-1.59460042987587,0.00159752048210192,1.0065542211615,1.68096708190738e-10,2.60115465103737,57.8332683998883,2.6011538841449,0.483402372760639,5.38092907837853,7.41023868957512e-08,4.81565825512657e-07,"Positive_interaction"
"ENSG00000143458.14","ENSG00000143458","GABPB2","protein_coding",-0.939257508375352,1.70825533261338e-09,-2.21219985445437,1.3233681198316e-31,-1.27294234607902,184.30362941005,-1.27294231814021,0.236580976305682,-5.38057766950569,7.42471959980202e-08,4.82290616048099e-07,"Negative_interaction"
"ENSG00000158122.14","ENSG00000158122","PRXL2C","protein_coding",0.493630165912838,0.00584555208176238,1.61962085988308,2.12394808864937e-32,1.12599069397024,201.133209495916,1.12599063017671,0.209518857506448,5.37417320606597,7.69348770923636e-08,4.98408689683743e-07,"Positive_interaction"
"ENSG00000106258.18","ENSG00000106258","CYP3A5","protein_coding",0.0426732921425188,0.900715752674039,-1.77782886052653,7.82249853788207e-13,-1.82050215266905,200.314770381257,-1.82050194814478,0.338822692086358,-5.37302250015997,7.74276629255038e-08,5.01376984413048e-07,"Negative_interaction"
"ENSG00000141682.14","ENSG00000141682","PMAIP1","protein_coding",0.0500294381289759,0.819689437363792,1.21666939453895,7.02500866669746e-16,1.16663995640997,386.531945617792,1.16663989685185,0.217231400174761,5.37049384165136,7.85213150097427e-08,5.08004864786246e-07,"Positive_interaction"
"ENSG00000015520.17","ENSG00000015520","NPC1L1","protein_coding",1.44266432225906,0.000102073670315302,6.41358632807654,3.55311010867303e-13,4.97092200581748,21.342536656841,4.97091762612138,0.925772103713997,5.3694830576328,7.89626543154913e-08,5.09949548279902e-07,"Positive_interaction"
"ENSG00000162302.15","ENSG00000162302","RPS6KA4","protein_coding",-0.61062250623365,0.000114705306486765,-1.74626857164718,6.35914145362532e-29,-1.13564606541353,451.222394204365,-1.13564602073867,0.211498000866602,-5.36953548537298,7.89397038058191e-08,5.09949548279902e-07,"Negative_interaction"
"ENSG00000176396.12","ENSG00000176396","EID2","protein_coding",-0.446303318491922,0.0768591921643935,-2.25167577943272,7.23619988383245e-18,-1.8053724609408,50.2296723671021,-1.80537230266277,0.336430471761337,-5.36625678765357,8.03874724487318e-08,5.18458055508242e-07,"Negative_interaction"
"ENSG00000236255.3","ENSG00000236255","ENSG00000236255","lncRNA",0.905847139595368,0.0125313447185573,3.35376413888805,1.84208557664465e-24,2.44791699929268,41.6072516408372,2.4479164260987,0.456617322911542,5.36098019779446,8.27715917263016e-08,5.3217653384985e-07,"Positive_interaction"
"ENSG00000113790.13","ENSG00000113790","EHHADH","protein_coding",-0.425072862225693,0.0116574825511135,-1.53505403150718,3.76666772411562e-26,-1.10998116928149,195.981132364558,-1.10998112209719,0.207098086439466,-5.35968796805678,8.33658148504511e-08,5.35521892204227e-07,"Negative_interaction"
"ENSG00000071282.14","ENSG00000071282","LMCD1","protein_coding",-0.140656454525388,0.735748571169795,2.12177207864718,4.9535953142789e-13,2.26242853317257,36.7485210045924,2.2624281078786,0.422142739063966,5.35939126394823,8.35028342110322e-08,5.36164410007213e-07,"Positive_interaction"
"ENSG00000160094.17","ENSG00000160094","ZNF362","protein_coding",-0.0254406751810728,0.937129359491389,-2.69913385420593,6.16807654109689e-09,-2.67369317902486,32.4013264788049,-2.67369309470198,0.499177196296541,-5.3562003924427,8.4990245128983e-08,5.44990545313815e-07,"Negative_interaction"
"ENSG00000117461.17","ENSG00000117461","PIK3R3","protein_coding",0.72529749956219,3.40780943152885e-05,-0.658642629892954,0.00184822296401866,-1.38394012945514,78.662991864674,-1.38394005153376,0.258686181303033,-5.34988009240652,8.80125265908761e-08,5.62379865676798e-07,"Negative_interaction"
"ENSG00000085433.19","ENSG00000085433","WDR47","protein_coding",0.187929511413017,0.32536310882815,1.29307051384315,6.80356541304604e-21,1.10514100243013,114.10428178381,1.10514094856009,0.206588990014943,5.34946682531412,8.8213728804527e-08,5.63168880103615e-07,"Positive_interaction"
"ENSG00000204498.12","ENSG00000204498","NFKBIL1","protein_coding",0.3324950418831,0.0419643401316293,1.33276592103454,1.55157105281769e-27,1.00027087915144,225.100129080778,1.00027083533904,0.187112251447394,5.3458329297067,9.00021979474148e-08,5.73071991499972e-07,"Positive_interaction"
"ENSG00000131269.21","ENSG00000131269","ABCB7","protein_coding",-0.321972636523553,0.0461930723748519,0.743228977610956,2.92275066681302e-07,1.06520161413451,321.58549518203,1.0652015718114,0.199278784666253,5.34528336067168,9.02757133697069e-08,5.74308884176379e-07,"Positive_interaction"
"ENSG00000083838.19","ENSG00000083838","ZNF446","protein_coding",-0.473364053081863,0.0150929434841251,-2.12809450676522,5.21487088388082e-16,-1.65473045368336,69.1691403785108,-1.65473040314078,0.309697579442573,-5.34305242591543,9.13943161128109e-08,5.81169999608098e-07,"Negative_interaction"
"ENSG00000165891.18","ENSG00000165891","E2F7","protein_coding",-0.614682138938227,0.00423509230974203,-2.2713518710011,4.39850790945776e-20,-1.65666973206287,145.266623960595,-1.65666964406422,0.310173100855116,-5.34111320258575,9.23775450106806e-08,5.86645871601557e-07,"Negative_interaction"
"ENSG00000165795.27","ENSG00000165795","NDRG2","protein_coding",0.327248228512197,0.106675802363211,-0.968085672784818,2.60498994115899e-08,-1.29533390129702,134.414963978349,-1.29533382516575,0.242625936088141,-5.33881021151498,9.35585178195556e-08,5.93110253823709e-07,"Negative_interaction"
"ENSG00000198780.15","ENSG00000198780","FAM169A","protein_coding",0.231914876706282,0.128759319630694,-0.784829366755322,4.19160390329341e-08,-1.0167442434616,243.965974510784,-1.01674420881016,0.190482189365889,-5.33773898858929,9.41128082894792e-08,5.96102630127243e-07,"Negative_interaction"
"ENSG00000139410.17","ENSG00000139410","SDSL","protein_coding",-1.6432881173224,1.20150798929161e-16,-4.83723912364848,8.03058554466953e-17,-3.19395100632608,55.1802919625884,-3.19395162146394,0.598442708845324,-5.33710507999432,9.44423119461666e-08,5.97443683346399e-07,"Negative_interaction"
"ENSG00000118322.15","ENSG00000118322","ATP10B","protein_coding",1.27580261133417,3.31541579421283e-06,-0.647795341939299,0.0163002353223533,-1.92359795327347,1042.92354948076,-1.92359770323246,0.360649191655539,-5.3337086225046,9.62268904355361e-08,6.08164019272477e-07,"Negative_interaction"
"ENSG00000162645.15","ENSG00000162645","GBP2","protein_coding",2.42904050930066,2.57554625841836e-14,0.316599428571263,0.256533169617041,-2.1124410807294,41.3153033500246,-2.11244080459454,0.396168557205893,-5.3321768377915,9.70423661325069e-08,6.13050553614774e-07,"Negative_interaction"
"ENSG00000197279.7","ENSG00000197279","ZNF165","protein_coding",0.508459860434032,0.0791172046647442,2.32884907221743,8.21408536394901e-23,1.8203892117834,96.9869874494135,1.82038897720147,0.341620304731003,5.32869080669801,9.89232364151879e-08,6.23844883432943e-07,"Positive_interaction"
"ENSG00000253958.3","ENSG00000253958","CLDN23","protein_coding",0.957105737220767,0.00294904974210151,-1.03630008164453,2.22756720876263e-05,-1.9934058188653,39.033354550415,-1.99340555890621,0.374290576417426,-5.32582352990655,1.00496664672036e-07,6.32941184018752e-07,"Negative_interaction"
"ENSG00000151743.12","ENSG00000151743","AMN1","protein_coding",1.04750860483552,2.15500819723379e-05,2.6274480977331,8.72616449762092e-42,1.57993949289758,144.5838674398,1.57993930350229,0.297049976905394,5.31876595299476,1.04473423170813e-07,6.5713057664558e-07,"Positive_interaction"
"ENSG00000128191.19","ENSG00000128191","DGCR8","protein_coding",-0.76227325631091,3.40886397627964e-07,-1.87573622860524,4.71473371035772e-32,-1.11346297229433,237.259446828249,-1.11346293705668,0.209448197924721,-5.31617339317897,1.05972172103731e-07,6.6597949615233e-07,"Negative_interaction"
"ENSG00000177034.19","ENSG00000177034","MTX3","protein_coding",-0.150044279417013,0.363917243133998,-1.7024626996833,1.72086319857711e-10,-1.55241842026629,215.106482632357,-1.55241849319189,0.292163314850899,-5.3135298454022,1.07521815971183e-07,6.74840258577037e-07,"Negative_interaction"
"ENSG00000040531.18","ENSG00000040531","CTNS","protein_coding",0.177958657647613,0.513024229231108,-1.48622226969571,2.52996360075422e-10,-1.66418092734332,140.174396643507,-1.6641807744481,0.313322152132869,-5.3114047733924,1.08783409414607e-07,6.82167533204885e-07,"Negative_interaction"
"ENSG00000087301.12","ENSG00000087301","TXNDC16","protein_coding",-0.149924099283916,0.376030343424125,0.925984850936035,1.65976699765786e-09,1.07590895021995,107.815621132742,1.07590890578192,0.202602226393985,5.31044956875097,1.09355142434028e-07,6.85456195568311e-07,"Positive_interaction"
"ENSG00000164953.18","ENSG00000164953","TMEM67","protein_coding",-1.53941746821894,7.42285153984059e-08,-4.10175299726376,1.37037339790333e-23,-2.56233552904482,44.7444275114849,-2.56233534215035,0.482591760879146,-5.30952981352707,1.09908404881546e-07,6.88626287740319e-07,"Negative_interaction"
"ENSG00000141905.21","ENSG00000141905","NFIC","protein_coding",-0.00663990719426676,0.986823890335815,1.23309244691987,2.55303038415112e-37,1.23973235411414,638.031598080441,1.23973218034836,0.233574592561718,5.30764997490378,1.11047627150646e-07,6.95463358974573e-07,"Positive_interaction"
"ENSG00000185585.22","ENSG00000185585","OLFML2A","protein_coding",-0.932125109103478,0.00124183828843143,2.58002409100972,4.31815209430355e-05,3.5121492001132,30.3111107105604,3.51214750529573,0.661830885664575,5.30671442111532,1.11618843135711e-07,6.98738779577853e-07,"Positive_interaction"
"ENSG00000214185.3","ENSG00000214185","XPOTP1","processed_pseudogene",-0.315310385019959,0.0867448955508251,0.909410721264461,1.3751806770568e-07,1.22472110628442,112.007483614653,1.22472104061943,0.230829692966376,5.30573439179605,1.12220263454072e-07,7.02200370456135e-07,"Positive_interaction"
"ENSG00000135482.9","ENSG00000135482","ZC3H10","protein_coding",-0.908000409727459,9.46609915354747e-05,-2.7222465901266,1.8142309858092e-23,-1.81424618039914,53.7671899598118,-1.81424605408887,0.342312194208364,-5.29997494913823,1.15818570860296e-07,7.23466693494574e-07,"Negative_interaction"
"ENSG00000167600.16","ENSG00000167600","CYP2S1","protein_coding",0.953768457327949,1.07240375330785e-08,2.12198664695204,6.83596097779696e-41,1.16821818962409,2955.70894338058,1.16821813209526,0.220756341034167,5.29188935920285,1.21059127107936e-07,7.55225514441758e-07,"Positive_interaction"
"ENSG00000141540.13","ENSG00000141540","TTYH2","protein_coding",-0.468632011456854,0.116664824612244,1.22043279979987,4.96429125618765e-10,1.68906481125672,51.0535146920339,1.68906461616557,0.319280781570236,5.29021699288845,1.2217132714993e-07,7.61508332497545e-07,"Positive_interaction"
"ENSG00000278619.7","ENSG00000278619","MRM1","protein_coding",0.065683326129838,0.709171278835737,-0.978642917708284,8.34191988036738e-11,-1.04432624383812,120.917849497845,-1.04432620805593,0.197477371744715,-5.28833353831529,1.23435748269622e-07,7.68728347195256e-07,"Negative_interaction"
"ENSG00000228801.9","ENSG00000228801","PCMTD1-DT","lncRNA",-0.527687628898641,0.073411784381699,-2.62691143152703,2.67417613342536e-17,-2.09922380262839,48.9022916025567,-2.09922354911945,0.396996365035212,-5.28776516362628,1.2381979623864e-07,7.70788869025073e-07,"Negative_interaction"
"ENSG00000031081.13","ENSG00000031081","ARHGAP31","protein_coding",1.83418180227453,0.00312332057767268,-1.48308789117191,3.61828759061297e-07,-3.31726969344644,22.4541770838452,-3.31726893551147,0.627525587041081,-5.28626880563247,1.2483641438262e-07,7.76450350743745e-07,"Negative_interaction"
"ENSG00000135549.18","ENSG00000135549","PKIB","protein_coding",1.63827517008023,4.524651499186e-33,0.635467298019803,6.89677396999422e-06,-1.00280787206043,200.773355665038,-1.00280783634561,0.189943836134295,-5.27949659622856,1.29539285489796e-07,8.02944108348215e-07,"Negative_interaction"
"ENSG00000176108.10","ENSG00000176108","CHMP6","protein_coding",-0.494896910755414,0.0824931842664803,-2.56852872902795,2.37882176848096e-16,-2.07363181827254,67.3753405864836,-2.0736315999644,0.393046377546408,-5.27579369363239,1.32182728945851e-07,8.18279413875811e-07,"Negative_interaction"
"ENSG00000112984.14","ENSG00000112984","KIF20A","protein_coding",0.203919670555762,0.26276256997995,1.32839058184703,6.50197595438008e-18,1.12447091129127,508.579287978858,1.1244708599443,0.213146850810521,5.27556872488772,1.3234500105804e-07,8.18934139766486e-07,"Positive_interaction"
"ENSG00000125144.16","ENSG00000125144","MT1G","protein_coding",0.294411930873097,0.683773048924037,5.48692842737223,8.80200626822107e-11,5.19251649649913,22.9395977831167,5.19251142116592,0.986946876535444,5.26118633597949,1.43128891139053e-07,8.82648463994532e-07,"Positive_interaction"
"ENSG00000187815.12","ENSG00000187815","ZFP69","protein_coding",-0.520709198177787,0.13327009239542,-3.23348953145863,8.08184480108686e-14,-2.71278033328084,28.5516548633764,-2.71277991496551,0.515781328750227,-5.25955431837512,1.44404969021208e-07,8.89974906798421e-07,"Negative_interaction"
"ENSG00000111554.17","ENSG00000111554","MDM1","protein_coding",-0.867628139941514,2.80674546545195e-06,-2.22514558158788,7.8731837317431e-30,-1.35751744164637,74.8527356489684,-1.35751737769285,0.258117764036518,-5.25929465862255,1.44609009507249e-07,8.90639084478984e-07,"Negative_interaction"
"ENSG00000249859.15","ENSG00000249859","PVT1","lncRNA",0.32807507689793,0.143128650561293,1.63797034440522,1.59290760705082e-23,1.30989526750729,189.226086994884,1.30989516750759,0.249178404917061,5.25685670049773,1.4653840499188e-07,9.02138727758e-07,"Positive_interaction"
"ENSG00000249898.11","ENSG00000249898","MCPH1-AS1","lncRNA",-0.610703391603539,0.125896218274735,1.82865976395782,1.71720164568019e-08,2.43936315556136,16.7718470309906,2.43936261799654,0.464133891294389,5.25573043415034,1.47438115364633e-07,9.0727920295665e-07,"Positive_interaction"
"ENSG00000035115.24","ENSG00000035115","SH3YL1","protein_coding",0.567457586009133,0.000199055811461942,1.60209196523584,8.81476567972764e-30,1.03463437922671,2936.60906066089,1.03463433854539,0.196976780422906,5.2525700558413,1.49991384668201e-07,9.22221105902235e-07,"Positive_interaction"
"ENSG00000166377.23","ENSG00000166377","ATP9B","protein_coding",-0.796513213687296,3.87740570825454e-07,-1.87688152757462,2.68075180929119e-37,-1.08036831388732,148.188246844359,-1.08036827257887,0.205699950823939,-5.2521562025242,1.50328886783951e-07,9.2390425244827e-07,"Negative_interaction"
"ENSG00000101955.17","ENSG00000101955","SRPX","protein_coding",5.21422613031718,3.09898556335268e-24,2.3922272345985,2.61536267983517e-28,-2.82199889571868,75.6569865477263,-2.82199932877711,0.537347156448942,-5.25172469028457,1.50681572049674e-07,9.25613102285475e-07,"Negative_interaction"
"ENSG00000172465.16","ENSG00000172465","TCEAL1","protein_coding",-0.318689406261176,0.100408055756051,1.06709389804921,4.25218823203146e-07,1.38578330431039,117.090148273088,1.38578319987664,0.263875279828756,5.25165980222152,1.50734675779307e-07,9.25613102285475e-07,"Positive_interaction"
"ENSG00000115457.12","ENSG00000115457","IGFBP2","protein_coding",-0.521297411851455,0.00386736095471839,0.698187079818072,5.07022218984987e-05,1.21948449166953,213.498325391197,1.21948442553662,0.232383197651272,5.2477306357005,1.53984216488596e-07,9.44766835458398e-07,"Positive_interaction"
"ENSG00000169570.12","ENSG00000169570","DTWD2","protein_coding",-0.865805081808251,3.54586280312092e-07,-2.12294899232537,4.73372162921221e-31,-1.25714391051712,109.979726808634,-1.25714386066816,0.239792977896501,-5.24262166346993,1.5831093702599e-07,9.69671216982521e-07,"Negative_interaction"
"ENSG00000235954.10","ENSG00000235954","TTC28-AS1","lncRNA",-0.0506806109900762,0.839271147298382,1.29781121173824,4.97514287581802e-12,1.34849182272832,57.5666400726803,1.3484917323446,0.257476127477149,5.23734664474586,1.62901557256309e-07,9.95685098168889e-07,"Positive_interaction"
"ENSG00000065615.16","ENSG00000065615","CYB5R4","protein_coding",-0.228723105087474,0.200227067797955,-1.36974838210358,2.4455552791415e-17,-1.14102527701611,205.575550675752,-1.14102522755292,0.217867726424632,-5.237238421119,1.62997074079009e-07,9.95848902846962e-07,"Negative_interaction"
"ENSG00000072133.14","ENSG00000072133","RPS6KA6","protein_coding",-0.357680726581999,0.280531069543312,-2.55592266391284,4.61288938612054e-15,-2.19824193733084,89.984192541344,-2.19824163077432,0.419898042366696,-5.23517951735198,1.64824585890728e-07,1.00593847143099e-06,"Negative_interaction"
"ENSG00000213839.4","ENSG00000213839","TMX2P1","transcribed_processed_pseudogene",-0.502019986694338,0.00412455798654575,-1.77940224597125,8.00024969905719e-21,-1.27738225927691,75.6419605589954,-1.27738220663657,0.244008725018828,-5.23498578396328,1.64997562606718e-07,1.00637402243121e-06,"Negative_interaction"
"ENSG00000170919.17","ENSG00000170919","TPT1-AS1","lncRNA",-0.0696014930758237,0.727262734354051,0.986997184349023,1.59417441346173e-12,1.05659867742485,117.763951905306,1.05659863234174,0.201895589300684,5.23339135838247,1.66427843045432e-07,1.01467071998923e-06,"Positive_interaction"
"ENSG00000177469.15","ENSG00000177469","CAVIN1","protein_coding",-0.723150915857375,0.00919673016096924,1.09159680920518,1.35561962474077e-05,1.81474772506255,268.277386109621,1.8147475058414,0.346810128628545,5.23268311977446,1.67067007278976e-07,1.01813922181956e-06,"Positive_interaction"
"ENSG00000139890.12","ENSG00000139890","REM2","protein_coding",1.10573338078398,0.0467175811726354,5.51206168131802,5.05169951927876e-15,4.40632830053404,14.7717443705536,4.40632476367867,0.842842955990113,5.22793093584371,1.71417514714534e-07,1.04333583504537e-06,"Positive_interaction"
"ENSG00000065665.23","ENSG00000065665","SEC61A2","protein_coding",-0.514025866384004,0.0725608008824671,1.14559283731839,1.83810582663088e-08,1.65961870370239,38.8024247307659,1.65961852467088,0.31746894433322,5.22765629298507,1.71672263475509e-07,1.04444770876871e-06,"Positive_interaction"
"ENSG00000162989.6","ENSG00000162989","KCNJ3","protein_coding",-0.479136283076325,0.168896370607714,-3.77728902264906,4.3269492734208e-11,-3.29815273957274,19.1838024642338,-3.29815228233046,0.63100455682019,-5.2268279946357,1.72442781584686e-07,1.04781584516783e-06,"Negative_interaction"
"ENSG00000140830.12","ENSG00000140830","TXNL4B","protein_coding",-0.140106818525188,0.41068502286475,0.89289364516503,1.1107928226806e-09,1.03300046369022,156.70994086609,1.03300042324628,0.19763384784294,5.22683960526441,1.72431957817662e-07,1.04781584516783e-06,"Positive_interaction"
"ENSG00000100151.18","ENSG00000100151","PICK1","protein_coding",-0.151771886794564,0.545309165104748,-1.62655765775253,5.16528492557764e-15,-1.47478577095797,88.7576176588486,-1.47478566014969,0.282248583501827,-5.22513042174451,1.74032397687275e-07,1.05703164596982e-06,"Negative_interaction"
"ENSG00000244300.4","ENSG00000244300","GATA2-AS1","lncRNA",0.34020792563085,0.327837015466609,-1.76575716246284,1.89037752465088e-09,-2.10596508809369,114.843082120471,-2.10596474850182,0.403075808195346,-5.22473615554023,1.7440361281989e-07,1.05884254586755e-06,"Negative_interaction"
"ENSG00000149929.18","ENSG00000149929","HIRIP3","protein_coding",-1.00095535265643,1.1030413257368e-09,-2.44147169922483,1.09042662491938e-25,-1.4405163465684,171.282839076202,-1.4405163522781,0.275856471328367,-5.22197773842825,1.77022254250523e-07,1.07384115052264e-06,"Negative_interaction"
"ENSG00000170442.13","ENSG00000170442","KRT86","protein_coding",0.33661508098444,0.681850685976062,6.87113370956493,8.55589019126865e-10,6.53451862858049,9.3309893037315,6.53450804443496,1.25158407230243,5.22099009490749,1.77969060947086e-07,1.0786815689022e-06,"Positive_interaction"
"ENSG00000053770.14","ENSG00000053770","AP5M1","protein_coding",-0.35880631003057,0.0211237962421998,-1.41738164421515,9.91466381789911e-21,-1.05857533418458,380.966409998233,-1.05857529712262,0.202823014974538,-5.2192069881986,1.7969085271831e-07,1.08684467345315e-06,"Negative_interaction"
"ENSG00000128578.12","ENSG00000128578","STRIP2","protein_coding",-0.802444720415771,0.000492244811782315,0.710011620445512,0.000651227917985108,1.51245634086128,49.7882903606235,1.51245621391715,0.289862178261915,5.21784602250009,1.81015844565777e-07,1.0942610498072e-06,"Positive_interaction"
"ENSG00000274020.6","ENSG00000274020","LINC01138","lncRNA",-0.0781003623627337,0.781147369650405,1.40078725318428,1.65588915055595e-12,1.47888761554701,55.0980242931417,1.47888749143437,0.283808681363286,5.21086065560248,1.8796659477194e-07,1.13405990484386e-06,"Positive_interaction"
"ENSG00000227014.7","ENSG00000227014","FKBP14-AS1","lncRNA",2.028777122498,0.00256460501628194,-2.04960801016625,6.18977650206277e-05,-4.07838513266425,8.25702630131401,-4.07838271099222,0.782687015477393,-5.21074533030889,1.88083485795635e-07,1.13429291558483e-06,"Negative_interaction"
"ENSG00000104312.10","ENSG00000104312","RIPK2","protein_coding",0.217024899909039,0.324872295452567,1.4755395234723,2.47372913058365e-19,1.25851462356326,551.883673174707,1.25851453699394,0.241536872977474,5.21044477176496,1.88388455202903e-07,1.13518731509375e-06,"Positive_interaction"
"ENSG00000132329.13","ENSG00000132329","RAMP1","protein_coding",3.82279288059113,0.00229853294994449,-2.26033842911355,4.89529376762824e-15,-6.08313130970468,23.8474876060996,-6.08312944939572,1.16901704035175,-5.20362769696269,1.95435349971121e-07,1.1742326251167e-06,"Negative_interaction"
"ENSG00000167755.16","ENSG00000167755","KLK6","protein_coding",-0.13281584785835,0.596282271150152,1.78439085700685,3.55153736597733e-08,1.9172067048652,89.2661260027117,1.91720640256651,0.368433900549841,5.20366448284298,1.95396648911656e-07,1.1742326251167e-06,"Positive_interaction"
"ENSG00000178381.15","ENSG00000178381","ZFAND2A","protein_coding",-0.180745501833619,0.401327660979144,1.0047947242775,3.74936136591975e-11,1.18554022611112,271.47161414189,1.18554015537536,0.227844733715829,5.20328091872417,1.95800546798982e-07,1.17593929722787e-06,"Positive_interaction"
"ENSG00000154928.21","ENSG00000154928","EPHB1","protein_coding",0.366448502493956,0.0631908680463722,-0.93152201801235,6.25078196961357e-07,-1.29797052050631,415.485516179808,-1.2979704444519,0.249475867800655,-5.20278957598036,1.96319116015124e-07,1.17856529796652e-06,"Negative_interaction"
"ENSG00000151136.15","ENSG00000151136","ABTB3","protein_coding",-1.35273259544445,0.00029874426509452,4.731152894599,4.7316553429914e-05,6.08388549004345,14.0744479545869,6.08387669772721,1.1711619589833,5.19473557953394,2.05011018132736e-07,1.22972668658097e-06,"Positive_interaction"
"ENSG00000125207.8","ENSG00000125207","PIWIL1","protein_coding",-0.784246770232364,0.0219662439703188,-2.91054895370911,3.77172191654245e-25,-2.12630218347675,35.6615315504216,-2.12630184475284,0.409747800578772,-5.1892941017607,2.11092770361097e-07,1.26463680366805e-06,"Negative_interaction"
"ENSG00000113621.17","ENSG00000113621","TXNDC15","protein_coding",-0.762640662886041,8.99959258376398e-07,-1.9173365296385,1.11000628809942e-28,-1.15469586675246,92.7394256591527,-1.15469583176693,0.222603956307745,-5.18722061781591,2.13455805551068e-07,1.27826509671326e-06,"Negative_interaction"
"ENSG00000105717.16","ENSG00000105717","PBX4","protein_coding",-0.289060231480538,0.529539991132498,1.98420015042539,7.23896316308562e-15,2.27326038190593,51.4470301792614,2.2732598368,0.43833627552102,5.18610930409064,2.14732809515294e-07,1.28538119599159e-06,"Positive_interaction"
"ENSG00000141696.15","ENSG00000141696","P3H4","protein_coding",0.190708074738827,0.114421717157936,-0.975796138277834,2.29653397902958e-06,-1.16650421301666,223.485641783349,-1.16650424032844,0.224956386320923,-5.18546843415375,2.15472582292062e-07,1.28927690444945e-06,"Negative_interaction"
"ENSG00000155592.18","ENSG00000155592","ZKSCAN2","protein_coding",-0.459184604953015,0.00689721832312728,-2.01984827648977,3.01719975969944e-14,-1.56066367153675,111.577370785881,-1.56066369129423,0.300998480682149,-5.18495537837041,2.1606659030647e-07,1.29229757603028e-06,"Negative_interaction"
"ENSG00000177383.6","ENSG00000177383","MAGEF1","protein_coding",-0.602772649911166,0.00232338822893944,-1.92764208287181,3.7590315024709e-25,-1.32486943296064,223.983227433999,-1.32486935103683,0.255651806729193,-5.18231953056462,2.19143368298217e-07,1.30961884263e-06,"Negative_interaction"
"ENSG00000003436.18","ENSG00000003436","TFPI","protein_coding",-1.4001723994818,0.0448123816246623,1.89420186899549,2.640080479426e-26,3.29437426847729,58.0940351845656,3.29437248132352,0.636029319481812,5.17959216724085,2.22371523366328e-07,1.32781545802424e-06,"Positive_interaction"
"ENSG00000186001.16","ENSG00000186001","LRCH3","protein_coding",-0.514578752145258,0.00714258126890586,-1.7528512166528,6.00974914919865e-25,-1.23827246450754,194.12075170914,-1.23827239495752,0.239101429025862,-5.17885819420839,2.23248083524096e-07,1.33250050511994e-06,"Negative_interaction"
"ENSG00000210082.2","ENSG00000210082","MT-RNR2","Mt_rRNA",1.2216851055448,1.54399715812302e-09,2.6125265793192,1.36583216997723e-41,1.3908414737744,39364.9108047497,1.39084137311482,0.268923573702534,5.17188342385068,2.31746155974092e-07,1.38094789982588e-06,"Positive_interaction"
"ENSG00000119333.14","ENSG00000119333","DYNC2I2","protein_coding",-0.644653617576556,0.00418060279252922,-2.15985450187102,1.41707139392541e-23,-1.51520088429446,583.696686856014,-1.51520076523076,0.29306671633095,-5.17015642103723,2.33898131593846e-07,1.39319840651788e-06,"Negative_interaction"
"ENSG00000197312.14","ENSG00000197312","DDI2","protein_coding",0.613063849587666,2.78968922160138e-05,-0.388382127522352,0.00797958394823094,-1.00144597711002,814.121117137884,-1.00144594030307,0.193921490624999,-5.16418235583616,2.41492183609473e-07,1.43371762591908e-06,"Negative_interaction"
"ENSG00000163866.11","ENSG00000163866","SMIM12","protein_coding",-0.172129990790175,0.306908730260418,-1.20137336201732,2.76688047753562e-16,-1.02924337122714,153.401963373038,-1.02924333321344,0.199308614583519,-5.16406847423114,2.41639235118124e-07,1.43400319219159e-06,"Negative_interaction"
"ENSG00000101935.14","ENSG00000101935","AMMECR1","protein_coding",-1.00924587103725,1.19659453577237e-11,-2.15486945716841,5.81919192205678e-35,-1.14562358613116,217.523438427196,-1.14562356164195,0.221887523806556,-5.16308236708576,2.42916185114403e-07,1.44099113985998e-06,"Negative_interaction"
"ENSG00000309683.1","ENSG00000309683","ENSG00000309683","lncRNA",1.06719322171255,0.294828684177035,-4.45459549048502,6.72961007403627e-11,-5.52178871219757,10.3353402732219,-5.52178243620134,1.06968724583131,-5.16205316808283,2.44255888442727e-07,1.44775310237709e-06,"Negative_interaction"
"ENSG00000198431.19","ENSG00000198431","TXNRD1","protein_coding",1.17954957285795,1.31469742795497e-10,2.44052275369748,4.9055255292296e-44,1.26097318083953,4263.78225060105,1.26097310474639,0.244326042424667,5.16102619365757,2.45599809390559e-07,1.45512364582501e-06,"Positive_interaction"
"ENSG00000090097.24","ENSG00000090097","PCBP4","protein_coding",1.16640022031894,1.44347327376564e-12,0.164467310369955,0.18937461760156,-1.00193290994899,262.439052656102,-1.00193289513022,0.194144169946886,-5.1607673586301,2.45939651936122e-07,1.45654165748193e-06,"Negative_interaction"
"ENSG00000286388.1","ENSG00000286388","ENSG00000286388","lncRNA",-1.4825386818304,4.79529919125443e-06,-5.37348516214431,3.2798076151817e-14,-3.89094648031391,33.4968538956635,-3.89094644884816,0.753981566412546,-5.16053259413401,2.46248283446482e-07,1.4571784906927e-06,"Negative_interaction"
"ENSG00000244055.3","ENSG00000244055","ENSG00000244055","lncRNA",0.522781786185607,0.392585637462446,3.52643806857534,5.95736058665914e-29,3.00365628238973,30.4043621662636,3.00365477311409,0.582078615564436,5.16022182021148,2.46657415739653e-07,1.4590037832241e-06,"Positive_interaction"
"ENSG00000162390.20","ENSG00000162390","ACOT11","protein_coding",-0.646105011275681,0.0204030729149215,-2.5660767313661,1.75246671645126e-19,-1.91997172009042,177.414074098027,-1.9199715096995,0.372169316300451,-5.15886567110093,2.48450477221573e-07,1.4684112218169e-06,"Negative_interaction"
"ENSG00000198736.14","ENSG00000198736","MSRB1","protein_coding",-0.265897948535501,0.175521071624505,-1.64616683506506,1.99045566121635e-14,-1.38026888652956,212.51486593727,-1.38026883773631,0.267615353954646,-5.1576593694629,2.50055991014199e-07,1.47729776672555e-06,"Negative_interaction"
"ENSG00000278970.5","ENSG00000278970","HEIH","lncRNA",-0.096305738944119,0.643188695771401,-1.30612812966306,2.64854820645816e-13,-1.20982239071894,161.344162453351,-1.20982233375428,0.234887397261851,-5.15064813122167,2.59587808884048e-07,1.53111376733725e-06,"Negative_interaction"
"ENSG00000133818.16","ENSG00000133818","RRAS2","protein_coding",-0.250224582842965,0.221053817603072,0.766938764638093,5.24869460454237e-14,1.01716334748106,223.923620969665,1.01716328024757,0.197580045903502,5.14810731820739,2.63127943335759e-07,1.55136295965086e-06,"Positive_interaction"
"ENSG00000177842.14","ENSG00000177842","ZNF620","protein_coding",-0.947152913658105,0.000112464844331715,-2.85724134379809,2.43794810347963e-21,-1.91008843013999,89.1198567613098,-1.91008830436755,0.371285794809734,-5.14452298221206,2.68201419792124e-07,1.57934781618344e-06,"Negative_interaction"
"ENSG00000234753.8","ENSG00000234753","FOXP4-AS1","lncRNA",-0.298252314273427,0.418404341500064,1.77113804897581,2.45276398201524e-10,2.06939036324924,23.1979991406486,2.06939001418301,0.402288523112162,5.14404437435577,2.68885978054298e-07,1.58134251967637e-06,"Positive_interaction"
"ENSG00000223573.8","ENSG00000223573","TINCR","protein_coding",2.18556149377237,1.62453121905222e-05,5.90449179761874,7.11702841481193e-26,3.71893030384637,29.1560042003501,3.71892768275501,0.722942838066156,5.14415177374603,2.6873221678126e-07,1.58134251967637e-06,"Positive_interaction"
"ENSG00000213859.8","ENSG00000213859","KCTD11","protein_coding",0.199056449782663,0.301336985074462,-0.89871229786282,1.01943941452401e-09,-1.09776874764548,150.687364031661,-1.09776869834383,0.213425356903365,-5.14357203975943,2.69563217997561e-07,1.58414848143579e-06,"Negative_interaction"
"ENSG00000196923.16","ENSG00000196923","PDLIM7","protein_coding",-1.11576926395707,8.3763760323354e-10,-0.0114434079481272,0.944307689036869,1.10432585600894,93.5455885883603,1.1043258041653,0.214797625949636,5.14123840653731,2.72933463581398e-07,1.60200557076615e-06,"Positive_interaction"
"ENSG00000251169.4","ENSG00000251169","LINC01843","lncRNA",-0.308064052157366,0.300900805577529,-2.55799221964562,6.37547769129747e-12,-2.24992816748825,50.8716694393892,-2.24992798344817,0.437760299560817,-5.13963460301312,2.7527324195115e-07,1.61443133239824e-06,"Negative_interaction"
"ENSG00000156795.10","ENSG00000156795","NTAQ1","protein_coding",0.225628500444935,0.211717622171492,1.25188507253266,6.21962507487458e-21,1.02625657208773,231.109280834629,1.02625652343273,0.199843304755647,5.13530600731184,2.81685308623382e-07,1.64604173087502e-06,"Positive_interaction"
"ENSG00000177082.15","ENSG00000177082","WDR73","protein_coding",-0.908777689594797,1.3516653875667e-08,-2.04163787839702,2.64037423745691e-35,-1.13286018880222,187.086139416266,-1.13286014547902,0.220610250293511,-5.13512016767947,2.81963802653987e-07,1.64700500929528e-06,"Negative_interaction"
"ENSG00000226688.10","ENSG00000226688","ENTPD1-AS1","lncRNA",-0.373536989622579,0.122373313790778,-1.88147112215156,1.11362369832445e-18,-1.50793413252898,53.2161249801628,-1.5079340123032,0.293800851197184,-5.13250389220673,2.85912813736223e-07,1.66805495034837e-06,"Negative_interaction"
"ENSG00000128731.19","ENSG00000128731","HERC2","protein_coding",-0.0773282720146035,0.664030050148413,-1.0943758437111,2.76219695686645e-13,-1.0170475716965,514.358564209302,-1.01704753853201,0.198253636347245,-5.13003220153115,2.89692617784538e-07,1.68874715081799e-06,"Negative_interaction"
"ENSG00000181523.15","ENSG00000181523","SGSH","protein_coding",0.100183508403487,0.642706932018945,-0.972700152296879,3.57779184250233e-13,-1.07288366070037,151.348296838826,-1.07288361812973,0.209257508648163,-5.12709735034471,2.94243388944911e-07,1.71252015766653e-06,"Negative_interaction"
"ENSG00000146233.10","ENSG00000146233","CYP39A1","protein_coding",-1.18817712730956,3.02086346748599e-11,-2.91649506546192,1.21789036293545e-22,-1.72831793815236,81.0534546872021,-1.72831798479236,0.337201745348338,-5.12547164608228,2.96793831065851e-07,1.72667049369984e-06,"Negative_interaction"
"ENSG00000100532.15","ENSG00000100532","CGRRF1","protein_coding",0.170431450921916,0.465141625220018,1.49639222659002,4.6994288252591e-16,1.3259607756681,98.2557437774583,1.32596068376125,0.258704227995328,5.12539239901869,2.96918699775514e-07,1.72670377092566e-06,"Positive_interaction"
"ENSG00000254685.10","ENSG00000254685","FPGT","protein_coding",-0.700483922602705,0.000112705109418469,-1.98074770913513,1.71423765142232e-25,-1.28026378653243,90.7614340606151,-1.28026372652479,0.249864946971018,-5.12382285728652,2.9940228659488e-07,1.74044843053871e-06,"Negative_interaction"
"ENSG00000064787.16","ENSG00000064787","BCAS1","protein_coding",2.67850374853408,4.5554058669323e-34,0.646415227525935,0.0708588130754741,-2.03208852100814,325.023842473564,-2.03208830069765,0.396732763765344,-5.12205818700564,3.02218593862807e-07,1.75611542191652e-06,"Negative_interaction"
"ENSG00000166510.16","ENSG00000166510","CCDC68","protein_coding",-0.704417198608176,0.00350638846107789,-2.14482543055238,3.4233330291193e-32,-1.4404082319442,99.5062055013405,-1.44040811824185,0.281403162555578,-5.1186635756354,3.07708289526362e-07,1.78658194383655e-06,"Negative_interaction"
"ENSG00000213601.3","ENSG00000213601","KRT18P19","processed_pseudogene",-0.275708672733829,0.115058737267789,0.820584571033454,2.01333553341618e-07,1.09629324376728,90.559709021783,1.09629319339643,0.214252264992311,5.1168336233728,3.10707464484553e-07,1.80110903012406e-06,"Positive_interaction"
"ENSG00000169955.10","ENSG00000169955","ZNF747","protein_coding",-0.24016436049418,0.374779131357732,-2.27528107849426,2.52818715320581e-11,-2.03511671800008,42.4230851629978,-2.03511658201825,0.397806659812158,-5.11584341745113,3.12342096889664e-07,1.80986072296082e-06,"Negative_interaction"
"ENSG00000211459.2","ENSG00000211459","MT-RNR1","Mt_rRNA",0.846202452171127,1.12027513239756e-07,1.92451217963115,8.12665612037286e-37,1.07830972746002,4515.54788960968,1.07830967942617,0.210867114525918,5.11369296179956,3.1592071594512e-07,1.82986531393952e-06,"Positive_interaction"
"ENSG00000180448.13","ENSG00000180448","ARHGAP45","protein_coding",0.789143844861395,6.31315869513497e-05,-0.347157277658799,0.0100898345156443,-1.13630112252019,188.734533207138,-1.13630109419644,0.222224588921654,-5.11330046648008,3.16578133691878e-07,1.83220859163846e-06,"Negative_interaction"
"ENSG00000213963.7","ENSG00000213963","ENSG00000213963","lncRNA",-0.080845040013569,0.75335273205927,-1.69846972548832,5.13574229928406e-11,-1.61762468547475,53.9610292727438,-1.61762458162002,0.316369661845919,-5.11308376467479,3.16941668368339e-07,1.832848626494e-06,"Negative_interaction"
"ENSG00000136982.8","ENSG00000136982","DSCC1","protein_coding",-0.747885357217496,2.15252107513853e-05,0.392665378183265,0.0149271951911365,1.14055073540076,141.431402528154,1.14055067863898,0.223141591727725,5.11133164287305,3.19895833633472e-07,1.84919442401926e-06,"Positive_interaction"
"ENSG00000250067.14","ENSG00000250067","YJEFN3","protein_coding",-0.723750018435847,0.26943907386126,2.67837912410571,1.43287465745007e-11,3.40212914254156,12.6356135200409,3.40212745703564,0.665877542519417,5.10923892126371,3.23459113318024e-07,1.86607064896688e-06,"Positive_interaction"
"ENSG00000087074.11","ENSG00000087074","PPP1R15A","protein_coding",-0.280436894188118,0.244964344104349,1.16108097676133,1.38820436373529e-08,1.44151787094945,1186.39244363828,1.44151775567637,0.282195312547485,5.10822714475034,3.25195578225982e-07,1.87534194972182e-06,"Positive_interaction"
"ENSG00000103494.18","ENSG00000103494","RPGRIP1L","protein_coding",-1.05565090736757,1.37242189319253e-06,-2.799436606139,2.34801908978268e-23,-1.74378569877143,59.9128283582724,-1.74378561903272,0.342450599642786,-5.09207932721299,3.54157858916133e-07,2.03265571937133e-06,"Negative_interaction"
"ENSG00000245498.8","ENSG00000245498","MSANTD2-AS1","lncRNA",-0.468071335002836,0.101532453613213,-2.31577919497286,2.13739948174753e-17,-1.84770785997002,35.9982725851148,-1.84770765221459,0.362956636680974,-5.09071185227742,3.56721766636783e-07,2.04575063003572e-06,"Negative_interaction"
"ENSG00000159713.13","ENSG00000159713","TPPP3","protein_coding",1.26666554007325,2.62133095165943e-21,2.53346269355289,2.00305121492772e-31,1.26679715347964,183.586630688286,1.26679707134765,0.24884318070969,5.09074457147991,3.56660212043276e-07,2.04575063003572e-06,"Positive_interaction"
"ENSG00000197249.16","ENSG00000197249","SERPINA1","protein_coding",3.47595496157383,3.48916447840761e-07,-1.88132573947534,0.0346003348302515,-5.35728070104917,653.511126173827,-5.35727640614198,1.05294345366234,-5.0879051363189,3.62040376713806e-07,2.07379017365078e-06,"Negative_interaction"
"ENSG00000276234.7","ENSG00000276234","TADA2A","protein_coding",-1.27651571712658,3.62781417107866e-17,-2.42793361130609,8.6236860953393e-43,-1.15141789417951,122.897355441431,-1.15141787016336,0.226358365705892,-5.0867034075489,3.64340929616629e-07,2.08449615160055e-06,"Negative_interaction"
"ENSG00000152926.19","ENSG00000152926","ZNF117","protein_coding",-0.841596997629086,0.00101562607099253,-2.54023655258417,2.16897786275148e-25,-1.69863955495508,58.4481580709292,-1.69863938983281,0.333964284871319,-5.08629056094221,3.65134521801473e-07,2.08738835895343e-06,"Negative_interaction"
"ENSG00000050344.11","ENSG00000050344","NFE2L3","protein_coding",-0.0936367615097325,0.610149802717383,-1.10630032585202,2.31537978115997e-14,-1.01266356434229,1922.32572931753,-1.01266352462103,0.199312780351476,-5.08077566744719,3.75896814042829e-07,2.14215360955905e-06,"Negative_interaction"
"ENSG00000180423.6","ENSG00000180423","HARBI1","protein_coding",-0.526376348160801,0.0333188282173427,-2.15534253226337,3.8014690076719e-19,-1.62896618410257,48.9416461131988,-1.62896604246986,0.321012494515677,-5.07446305143836,3.88591726828696e-07,2.21015357346996e-06,"Negative_interaction"
"ENSG00000104679.12","ENSG00000104679","R3HCC1","protein_coding",-0.945638025682143,2.04424738262253e-06,-2.25454837946717,9.77771217510887e-35,-1.30891035378503,104.371882040256,-1.30891027445991,0.258232138339328,-5.06873498735446,4.00468353367828e-07,2.27413298472044e-06,"Negative_interaction"
"ENSG00000101290.16","ENSG00000101290","CDS2","protein_coding",-0.13038289176374,0.51601224206454,-1.24264530382729,1.59710250165633e-15,-1.11226241206355,456.009981904937,-1.11226235860372,0.21950553910221,-5.0671266117153,4.03865668054017e-07,2.29252693358355e-06,"Negative_interaction"
"ENSG00000072182.14","ENSG00000072182","ASIC4","protein_coding",-0.521444430727998,0.642326115280349,5.84178055626391,8.00932464905214e-10,6.36322498699191,9.62643454755075,6.3632140839467,1.256151806653,5.06564099199235,4.07028383784961e-07,2.30957530846189e-06,"Positive_interaction"
"ENSG00000116273.8","ENSG00000116273","PHF13","protein_coding",0.498879075827502,0.00649867159909477,1.64520513664622,3.1407364353113e-25,1.14632606081872,368.120327404043,1.1463259971669,0.22632655795796,5.06492038543628,4.08571067433043e-07,2.31560888120441e-06,"Positive_interaction"
"ENSG00000176422.15","ENSG00000176422","SPRYD4","protein_coding",-0.256920409476752,0.201087765651885,-1.53650564926815,1.51692895952479e-15,-1.2795852397914,140.262068970773,-1.27958517224749,0.25273109487107,-5.06303022546657,4.12644399655275e-07,2.33686699484339e-06,"Negative_interaction"
"ENSG00000233041.10","ENSG00000233041","PHGR1","protein_coding",-0.00378961509190493,0.993282092581318,-1.57915129878645,2.86510113894548e-10,-1.57536168369454,1582.81690655208,-1.57536164040687,0.312857871736003,-5.03539077238307,4.7687499205254e-07,2.68175102243904e-06,"Negative_interaction"
"ENSG00000198719.11","ENSG00000198719","DLL1","protein_coding",-1.75734766698032,9.57460337052948e-07,0.337079036018391,0.211689099355071,2.09442670299871,30.7376121225347,2.09442633859018,0.415977795239969,5.03494744805297,4.77979943909667e-07,2.68692216723774e-06,"Positive_interaction"
"ENSG00000153233.14","ENSG00000153233","PTPRR","protein_coding",2.33747156922668,1.1471347050936e-09,0.184024993395526,0.475433015880841,-2.15344657583115,66.0521734435019,-2.15344644739112,0.428014572538416,-5.03124562937127,4.87303339991753e-07,2.73508907945797e-06,"Negative_interaction"
"ENSG00000172728.18","ENSG00000172728","POFUT3","protein_coding",0.153929349002774,0.458426896382621,-0.996384325392712,8.81170170525505e-10,-1.15031367439549,120.894222168373,-1.15031361422696,0.228808652535426,-5.02740434629701,4.97163335071723e-07,2.78611409584664e-06,"Negative_interaction"
"ENSG00000186594.17","ENSG00000186594","MIR22HG","lncRNA",0.483093607412586,0.0503059014688451,-1.05408715763662,2.55129826335325e-06,-1.53718076504921,51.5213905232063,-1.5371806222834,0.305778839839924,-5.02709939997196,4.97954276865219e-07,2.78839002331173e-06,"Negative_interaction"
"ENSG00000142530.13","ENSG00000142530","GARIN5A","protein_coding",-0.498873286459901,0.00848003318034383,0.825302271069954,8.18221440097351e-05,1.32417555752986,64.5913954993024,1.3241754600837,0.263493461881739,5.02545850901612,5.02231145965536e-07,2.81016747773457e-06,"Positive_interaction"
"ENSG00000122417.18","ENSG00000122417","ODF2L","protein_coding",-0.80700574970844,0.0074775732236095,-2.79532364919432,2.61202509678071e-21,-1.98831789948588,38.7467033509394,-1.98831763902532,0.395692700347411,-5.02490351042517,5.03685712180733e-07,2.81721858005526e-06,"Negative_interaction"
"ENSG00000055163.23","ENSG00000055163","CYFIP2","protein_coding",0.283192447750497,0.302507724299166,-1.3202378560153,1.3917351960496e-08,-1.6034303037658,192.647213952934,-1.60343014097932,0.319361710472626,-5.02073382124109,5.14744491036764e-07,2.87352741298335e-06,"Negative_interaction"
"ENSG00000088305.21","ENSG00000088305","DNMT3B","protein_coding",-1.61727879619027,1.53872670755148e-16,-0.0281749709695106,0.928377696841878,1.58910382522076,52.1006256369684,1.5891036027716,0.316693119884947,5.01780273391765,5.22658023775545e-07,2.91658070102241e-06,"Positive_interaction"
"ENSG00000213793.8","ENSG00000213793","ZNF888","protein_coding",-0.156652357836309,0.486698939891449,-1.3954686208938,1.42722306583636e-15,-1.23881626305749,117.478956610448,-1.23881618783787,0.247049108366902,-5.01445318312205,5.3184500041179e-07,2.96215799802717e-06,"Negative_interaction"
"ENSG00000160214.15","ENSG00000160214","RRP1","protein_coding",-0.525457670826175,0.00156298498911038,-1.59046922824422,2.10816629468675e-25,-1.06501155741805,217.637353298741,-1.06501151117363,0.212518521188443,-5.01138209139556,5.40404914711423e-07,3.00519878127319e-06,"Negative_interaction"
"ENSG00000147854.20","ENSG00000147854","UHRF2","protein_coding",0.445603500555041,0.0114262957948208,1.55293689216145,1.17744273082622e-22,1.10733339160641,386.782078876564,1.10733333624455,0.221075096030064,5.00885606804831,5.47545004010861e-07,3.03791048932825e-06,"Positive_interaction"
"ENSG00000086848.17","ENSG00000086848","ALG9","protein_coding",-0.157368122504043,0.449133978760906,-1.31217388359591,1.23364123030505e-15,-1.15480576109187,108.503857863587,-1.15480570063147,0.230586682840468,-5.00811966418038,5.49643598479237e-07,3.04838692275587e-06,"Negative_interaction"
"ENSG00000188290.13","ENSG00000188290","HES4","protein_coding",0.45943361828163,0.057832825852122,1.92962065270315,1.92689259648891e-20,1.47018703442152,122.506938779632,1.47018690057154,0.293565520666309,5.00803669734321,5.49880521825576e-07,3.04853424724416e-06,"Positive_interaction"
"ENSG00000104147.11","ENSG00000104147","OIP5","protein_coding",-0.458345031218379,0.0128721880519202,-2.025736602389,1.20459588277121e-13,-1.56739157117062,105.5966205444,-1.56739157502205,0.313194367206623,-5.00453309234644,5.59975920325924e-07,3.10094422520569e-06,"Negative_interaction"
"ENSG00000155115.9","ENSG00000155115","GTF3C6","protein_coding",-0.798056964548769,2.08290767291656e-07,-2.1915639851949,2.60297779858626e-19,-1.39350702064613,136.243625096228,-1.39350705503748,0.278584543039356,-5.00209753145069,5.67098857520338e-07,3.13559581960501e-06,"Negative_interaction"
"ENSG00000152766.8","ENSG00000152766","ANKRD22","protein_coding",0.942068897485756,2.01891956494847e-08,-0.219379591167207,0.23887035651826,-1.16144848865296,294.771123356263,-1.16144842928062,0.232226926296908,-5.00135125500337,5.69298813025282e-07,3.14535966388196e-06,"Negative_interaction"
"ENSG00000114270.19","ENSG00000114270","COL7A1","protein_coding",0.560740568919757,0.276653141268946,3.59156935096402,4.23887383136801e-16,3.03082878204426,15.1775838527403,3.03082750694018,0.606215870921987,4.99958455777581,5.74539719716763e-07,3.17189699738489e-06,"Positive_interaction"
"ENSG00000221988.15","ENSG00000221988","PPT2","protein_coding",1.05427984062829,9.24310781903317e-05,-0.539541026220825,0.0108299840248651,-1.59382086684912,55.8767257452281,-1.59382072515116,0.319141647081666,-4.99408566611587,5.91151554674692e-07,3.25740240697553e-06,"Negative_interaction"
"ENSG00000148219.20","ENSG00000148219","ASTN2","protein_coding",-0.339231461491011,0.199974974481877,-2.21186665820883,9.26204515819236e-13,-1.87263519671782,42.4041986770002,-1.87263504651866,0.375009484976593,-4.99356715373625,5.9274162300679e-07,3.26492269122554e-06,"Negative_interaction"
"ENSG00000171428.17","ENSG00000171428","NAT1","protein_coding",0.125395518179219,0.683392953256539,-1.51317138029744,2.69961398602987e-10,-1.63856689847666,56.7835708716727,-1.63856672626527,0.328267819102332,-4.99155455062889,5.98952612826103e-07,3.29662790166194e-06,"Negative_interaction"
"ENSG00000162396.8","ENSG00000162396","PARS2","protein_coding",-0.21049730654188,0.251427166935601,-1.35477713520923,1.19880711213541e-14,-1.14427982866735,107.209743696633,-1.14427977958682,0.229344757573717,-4.98934351799613,6.05848277827874e-07,3.3275616850326e-06,"Negative_interaction"
"ENSG00000164647.11","ENSG00000164647","STEAP1","protein_coding",-0.430431900783685,0.0466181684044663,-1.75157110916481,1.97384273299453e-20,-1.32113920838113,114.225836491833,-1.32113911841119,0.26487153419005,-4.98784862801922,6.10553761887397e-07,3.35030106674448e-06,"Negative_interaction"
"ENSG00000272711.1","ENSG00000272711","HK2-DT","lncRNA",-1.31535369283002,0.0414447299125193,-4.94606431486556,3.46280947488726e-26,-3.63071062203554,28.7443060861574,-3.63070878616959,0.728109133883709,-4.98648982303451,6.14861436500339e-07,3.3692243203284e-06,"Negative_interaction"
"ENSG00000196998.21","ENSG00000196998","WDR45","protein_coding",-0.191428564008375,0.361524220321477,-1.47721792842365,9.94788539694441e-14,-1.28578936441527,81.0796507510176,-1.28578929478171,0.25792793207945,-4.98507193236306,6.1938765149509e-07,3.39107134320622e-06,"Negative_interaction"
"ENSG00000291223.1","ENSG00000291223","FAM86DP","lncRNA",-0.855152198165965,0.000440319856571396,-2.50492150294218,1.43101273897547e-23,-1.64976930477621,46.3192952883368,-1.64976916729721,0.331084338510383,-4.98292723455256,6.26295073677175e-07,3.42629981416747e-06,"Negative_interaction"
"ENSG00000293476.1","ENSG00000293476","ENSG00000293476","lncRNA",-0.926552127363387,0.0411810296265162,-3.93841365862178,2.532511226735e-17,-3.01186153125839,37.9700567431124,-3.01186061794569,0.604524584062257,-4.98219708073199,6.28663573700611e-07,3.43666258395671e-06,"Negative_interaction"
"ENSG00000123415.18","ENSG00000123415","SMUG1","protein_coding",-0.539526449936879,0.000897837181364988,-1.61056112958094,4.68278561621516e-24,-1.07103467964406,205.464582455921,-1.07103463626895,0.214993597851264,-4.981704790158,6.30265354075565e-07,3.44411972521232e-06,"Negative_interaction"
"ENSG00000161888.13","ENSG00000161888","SPC24","protein_coding",-0.80269742086871,0.000307364580727874,-2.39844743614101,2.1129324460742e-21,-1.5957500152723,133.548951067824,-1.5957499180727,0.320328430731772,-4.98160564276889,6.30588428395407e-07,3.44458631899971e-06,"Negative_interaction"
"ENSG00000142945.15","ENSG00000142945","KIF2C","protein_coding",-0.0511241005711374,0.799911841807248,1.0013837036921,1.18816679576944e-10,1.05250780426324,983.981690248587,1.05250775683553,0.211408358969137,4.97855317532259,6.40613441173494e-07,3.49539532736682e-06,"Positive_interaction"
"ENSG00000249942.2","ENSG00000249942","ENSG00000249942","lncRNA",-0.273414758183064,0.589003984758941,1.93559809101962,4.67351809873354e-19,2.20901284920268,44.9174682213317,2.20901222514626,0.444010741016171,4.97513240353302,6.52030571800296e-07,3.55100603026302e-06,"Positive_interaction"
"ENSG00000267534.4","ENSG00000267534","S1PR2","protein_coding",-0.188003071286453,0.658433614561486,1.74939538867946,1.28067555236023e-14,1.93739845996591,32.6341780232234,1.93739809651825,0.389672528398104,4.97186215431367,6.63128499378068e-07,3.61008948647143e-06,"Positive_interaction"
"ENSG00000177707.13","ENSG00000177707","NECTIN3","protein_coding",0.84879329093393,0.000384439061015973,-0.514007942711043,0.00305536208141893,-1.36280123364497,382.007400840541,-1.36280118174999,0.274170418938273,-4.97063536988214,6.67338488348671e-07,3.62891908936171e-06,"Negative_interaction"
"ENSG00000084636.20","ENSG00000084636","COL16A1","protein_coding",-0.729932166963562,0.0459057320263281,1.31680736873297,8.54681652135985e-07,2.04673953569653,26.986517098309,2.04673917288683,0.411841346263468,4.96972727837158,6.70471387115266e-07,3.64322135060909e-06,"Positive_interaction"
"ENSG00000124508.19","ENSG00000124508","BTN2A2","protein_coding",-0.743374788066386,0.047857371150108,1.11829268762623,1.43199078948259e-09,1.86166747569262,57.4316737887485,1.86166713070457,0.374684215685786,4.96862972275774,6.74276853088363e-07,3.66252629496123e-06,"Positive_interaction"
"ENSG00000196177.15","ENSG00000196177","ACADSB","protein_coding",-0.566879830564988,0.00956094718571615,-2.14222668860321,4.78189690828382e-17,-1.57534685803822,56.3729893132898,-1.57534676517993,0.317169481838944,-4.9668926406352,6.80342270528197e-07,3.69408774241088e-06,"Negative_interaction"
"ENSG00000165533.21","ENSG00000165533","TTC8","protein_coding",-0.745556975664475,3.0273021235553e-05,-2.01003450472041,3.31858888413032e-24,-1.26447752905593,67.4428855178189,-1.26447747755802,0.254737618452388,-4.96384273842286,6.91119114503086e-07,3.74979341347013e-06,"Negative_interaction"
"ENSG00000184305.17","ENSG00000184305","CCSER1","protein_coding",0.930703239416222,0.00036518431783544,-0.453556421474291,0.0026624874535412,-1.38425966089051,65.9338373976216,-1.38425960768984,0.278902981528199,-4.96322986618873,6.93304461164604e-07,3.75883585903384e-06,"Negative_interaction"
"ENSG00000132716.21","ENSG00000132716","DCAF8","protein_coding",0.0961394288222295,0.610516107320766,-0.939031905548193,1.36229400337272e-09,-1.03517133437042,211.323444053762,-1.03517129149983,0.20857919448947,-4.96296523741774,6.94250116912157e-07,3.76255523346708e-06,"Negative_interaction"
"ENSG00000177045.12","ENSG00000177045","SIX5","protein_coding",0.520648295587719,0.0807670649204689,-1.1189757868031,1.50288715219819e-07,-1.63962408239082,46.9352601275115,-1.6396239138843,0.330442973906502,-4.96189673667634,6.98081079761342e-07,3.78048991326658e-06,"Negative_interaction"
"ENSG00000136213.12","ENSG00000136213","CHST12","protein_coding",0.604897513540904,0.0235302258792667,-0.979414068052975,1.07023451388053e-05,-1.58431158159388,51.3280443882597,-1.5843114217342,0.319362842403146,-4.96085082977267,7.01850758311922e-07,3.79806616484555e-06,"Negative_interaction"
"ENSG00000161395.15","ENSG00000161395","PGAP3","protein_coding",-0.395366079956315,0.0116246882187559,-1.44230994910416,4.1582363434788e-19,-1.04694386914784,174.05060755361,-1.0469438337511,0.211039103259204,-4.96089974598317,7.01674017160415e-07,3.79806616484555e-06,"Negative_interaction"
"ENSG00000261437.2","ENSG00000261437","LINC02894","lncRNA",-0.45721409098939,0.269070167450942,-5.1063477430676,1.32539967496235e-08,-4.64913365207821,15.6548709236252,-4.64913261646761,0.937245611111513,-4.96042079189258,7.03406392938619e-07,3.80506362316777e-06,"Negative_interaction"
"ENSG00000182208.16","ENSG00000182208","MOB2","protein_coding",0.302213852921216,0.0888228845479901,1.33984846690144,3.35692215836417e-20,1.03763461398022,289.145887357148,1.0376345644589,0.20928311731794,4.95804237702814,7.12070337013185e-07,3.84762241759697e-06,"Positive_interaction"
"ENSG00000111271.17","ENSG00000111271","ACAD10","protein_coding",0.0469484780267534,0.821994834220424,-1.04606421001202,1.77593987637587e-10,-1.09301268803877,203.71044103676,-1.0930126379036,0.220470880414978,-4.9576281268814,7.13589818140135e-07,3.85439569306256e-06,"Negative_interaction"
"ENSG00000176903.5","ENSG00000176903","PNMA1","protein_coding",0.108948663761261,0.702686603771725,1.40316554533051,2.03801533026979e-20,1.29421688156925,150.324881830882,1.29421674909084,0.261242609614007,4.95407985321797,7.26733594590187e-07,3.92392818658755e-06,"Positive_interaction"
"ENSG00000176720.8","ENSG00000176720","BOK","protein_coding",0.419886667676822,0.0323108249911269,-0.584775931997878,9.81296657952633e-08,-1.0046625996747,200.216948562871,-1.00466258527673,0.202877498186214,-4.95206513417562,7.34300160910518e-07,3.96183095008013e-06,"Negative_interaction"
"ENSG00000160753.19","ENSG00000160753","RUSC1","protein_coding",-0.565588377113116,0.00853728976435102,0.782140326310124,9.31520333304459e-05,1.34772870342324,370.008608429559,1.34772860354035,0.272256535164497,4.95021580556756,7.41312345128338e-07,3.99668843214281e-06,"Positive_interaction"
"ENSG00000173085.16","ENSG00000173085","COQ2","protein_coding",-0.810981419890253,4.64602334710603e-06,-1.9784872806218,2.17126106154542e-30,-1.16750586073155,108.32504039425,-1.16750580576055,0.235970896393314,-4.94766864730031,7.51076219719765e-07,4.04481478118871e-06,"Negative_interaction"
"ENSG00000260231.3","ENSG00000260231","KDM7A-DT","lncRNA",-0.326743036580861,0.424445436833528,-2.74061875185983,1.35806536305028e-13,-2.41387571527897,217.31294815473,-2.41387522829941,0.488189074896349,-4.94454987304236,7.63200018553151e-07,4.10857900032402e-06,"Negative_interaction"
"ENSG00000259431.7","ENSG00000259431","THTPA","protein_coding",-0.282893147786335,0.558438913784796,-3.06262044805549,8.42638935388898e-13,-2.77972730026915,18.6777041114911,-2.77972652220098,0.562275249461419,-4.94371133152947,7.66491754258034e-07,4.12476736082712e-06,"Negative_interaction"
"ENSG00000196418.15","ENSG00000196418","ZNF124","protein_coding",-0.384853002518516,0.0200555419386328,-1.55480864548759,2.70022233560963e-16,-1.16995564296907,89.9547564526335,-1.16995560584839,0.236721878947943,-4.94232139018156,7.7197818151226e-07,4.15120883357168e-06,"Negative_interaction"
"ENSG00000050438.19","ENSG00000050438","SLC4A8","protein_coding",0.173669851032801,0.477317030484091,1.71291782852245,7.30494471614315e-12,1.53924797748965,49.6985551058341,1.53924782728345,0.311456035279921,4.94210306729182,7.72843383946406e-07,4.15431985168817e-06,"Positive_interaction"
"ENSG00000204983.15","ENSG00000204983","PRSS1","protein_coding",0.699503756245296,0.325118388578061,-2.8974105787046,1.19299631963235e-10,-3.5969143349499,18.6547768348457,-3.59691249382987,0.728060509662978,-4.94040323035087,7.79611772380882e-07,4.18604438878982e-06,"Negative_interaction"
"ENSG00000005436.16","ENSG00000005436","GCFC2","protein_coding",-0.828759892997612,6.72171668441917e-08,-1.83663432253836,1.50754293967022e-35,-1.00787442954075,111.537464664667,-1.00787439485366,0.204041832070862,-4.93954785949791,7.83039236173542e-07,4.2013345466964e-06,"Negative_interaction"
"ENSG00000164690.8","ENSG00000164690","SHH","protein_coding",-0.952470345583199,1.20664198746452e-05,-2.46437764004813,1.30867579878316e-25,-1.51190729446493,477.290572120051,-1.51190720760973,0.306449323792782,-4.93362879349041,8.07157751958791e-07,4.31635798575159e-06,"Negative_interaction"
"ENSG00000105613.11","ENSG00000105613","MAST1","protein_coding",-0.0148360612039404,0.988925281554369,3.34135589827165,3.42642161331702e-16,3.35619195947559,20.9451682410067,3.35619004938476,0.680404928554922,4.93263630014087,8.11271303732016e-07,4.33675534256156e-06,"Positive_interaction"
"ENSG00000048471.16","ENSG00000048471","SNX29","protein_coding",-0.335452053899605,0.0257589710202776,-1.4959612942894,5.40747105629398e-14,-1.16050924038979,110.145676857611,-1.16050922706703,0.235310646305063,-4.93181777063548,8.14679019682068e-07,4.35176128021841e-06,"Negative_interaction"
"ENSG00000167972.16","ENSG00000167972","ABCA3","protein_coding",1.99405854631554,6.90498836682211e-12,0.466344597928663,0.00184135538416634,-1.52771394838688,96.2077862610697,-1.52771398952973,0.309850332274405,-4.93049007989052,8.20235820508397e-07,4.37982959130718e-06,"Negative_interaction"
"ENSG00000158716.11","ENSG00000158716","DUSP23","protein_coding",-0.149855244167318,0.392255940800712,-1.18882369968739,1.21818985799821e-13,-1.03896845552007,104.919011038342,-1.03896841666976,0.21073544907656,-4.9302023993709,8.21444656060869e-07,4.38466886027039e-06,"Negative_interaction"
"ENSG00000132002.11","ENSG00000132002","DNAJB1","protein_coding",0.41944260941606,0.0166830976237749,1.50434821554564,2.94430388001642e-21,1.08490560612958,2960.52886986915,1.08490555338727,0.220261372983306,4.92553705033654,8.41289673400619e-07,4.48894327942628e-06,"Positive_interaction"
"ENSG00000233017.4","ENSG00000233017","ENSG00000233017","lncRNA",-3.4489109495021,4.19406680822191e-06,2.48675154512123,0.01681822653144,5.93566249462333,5.68171158034709,5.93565353455403,1.20556391951677,4.92354941821187,8.49884015082607e-07,4.52833573109374e-06,"Positive_interaction"
"ENSG00000110680.15","ENSG00000110680","CALCA","protein_coding",-0.856992521769835,0.00790683273795736,-5.39065640011677,2.05843425582386e-09,-4.53366387834693,31.9619697266191,-4.5336642639977,0.920902879341982,-4.92306448996789,8.51993596191903e-07,4.53603644232662e-06,"Negative_interaction"
"ENSG00000185946.18","ENSG00000185946","RNPC3","protein_coding",-0.486231003504202,0.0489683287593581,0.952214091030873,2.8950132821604e-06,1.43844509453508,59.1740728238422,1.4384449696847,0.292198067047606,4.92284218105504,8.52962390575884e-07,4.53786011902559e-06,"Positive_interaction"
"ENSG00000138111.16","ENSG00000138111","SLC68A1","protein_coding",0.343115486001035,0.264868911215349,-1.52482791564909,1.46797419042591e-07,-1.86794340165013,47.406724308667,-1.86794315255108,0.379439806520021,-4.92289717750665,8.52722624219105e-07,4.53786011902559e-06,"Negative_interaction"
"ENSG00000025039.17","ENSG00000025039","RRAGD","protein_coding",2.10743870318307,3.05725995163459e-10,4.26138861735576,2.34880794974002e-43,2.15394991417269,126.120193637179,2.15394940707857,0.437623165997743,4.92192729826755,8.56960513291353e-07,4.55520323855515e-06,"Positive_interaction"
"ENSG00000083817.11","ENSG00000083817","ZNF416","protein_coding",-1.02123260972574,3.36805098944131e-06,-3.15682908462679,7.93665975603576e-16,-2.13559647490105,42.0541405584485,-2.13559651305557,0.433898484569705,-4.92188055271368,8.57165279570791e-07,4.55520323855515e-06,"Negative_interaction"
"ENSG00000153294.14","ENSG00000153294","ADGRF4","protein_coding",-0.16000428416832,0.443590614727064,-2.06335287614735,9.47968211544102e-09,-1.90334859197903,81.0164426345697,-1.90334868403886,0.386895645339934,-4.91954020926377,8.67477471403071e-07,4.60156790467544e-06,"Negative_interaction"
"ENSG00000270959.3","ENSG00000270959","LPP-AS2","lncRNA",-0.932734354370844,0.0949250734561825,-6.66637063416429,1.04109655361351e-09,-5.73363627979345,12.5378437178967,-5.73363333313747,1.166152223714,-4.91671088605979,8.80103810299685e-07,4.66171945133883e-06,"Negative_interaction"
"ENSG00000122035.9","ENSG00000122035","RASL11A","protein_coding",0.848774033121099,0.000703849394055916,-0.696656877848855,0.00216178203584382,-1.54543091096995,90.2346289161794,-1.54543075959759,0.314896286424368,-4.90774526796071,9.21294052248225e-07,4.87277131575959e-06,"Negative_interaction"
"ENSG00000267751.7","ENSG00000267751","BSG-AS1","lncRNA",-1.21254575345274,0.00233669194593158,1.12974908806021,0.000543530737820052,2.34229484151295,22.0322868192312,2.34229430565837,0.477514490579807,4.90517953248772,9.33419229596393e-07,4.93150254294966e-06,"Positive_interaction"
"ENSG00000063761.18","ENSG00000063761","ADCK1","protein_coding",-0.589582818980133,0.00360305584978436,-2.01246241850711,2.44453422322404e-18,-1.42287959952698,53.0810243985742,-1.42287952539762,0.290166196235482,-4.90367087502812,9.40620433765194e-07,4.96592762336072e-06,"Negative_interaction"
"ENSG00000159714.14","ENSG00000159714","ZDHHC1","protein_coding",0.579759979841636,0.00641173712627935,-0.800517773262661,0.000202791234711135,-1.3802777531043,67.9503788392896,-1.38027764808848,0.281571048612232,-4.90205813023535,9.48377615611243e-07,5.00323567726179e-06,"Negative_interaction"
"ENSG00000159231.8","ENSG00000159231","CBR3","protein_coding",-1.03754223062645,0.208648122289217,2.73411691376578,4.27484938083969e-15,3.77165914439223,14.2640489723336,3.7716564579022,0.770556942075469,4.89471478609144,9.8448402037851e-07,5.18428140382463e-06,"Positive_interaction"
"ENSG00000136869.17","ENSG00000136869","TLR4","protein_coding",0.174310580756744,0.736760467273423,-2.81992297372493,8.39556607584369e-09,-2.99423355448167,262.905660318168,-2.99423284721827,0.612356543762049,-4.88968865887024,1.00995587874756e-06,5.31069687765228e-06,"Negative_interaction"
"ENSG00000171320.16","ENSG00000171320","ESCO2","protein_coding",-0.864162927076177,0.00135231093075388,-2.67424566956488,3.97750381742401e-21,-1.8100827424887,156.169873194773,-1.81008255436663,0.370284766005115,-4.88835275049264,1.01683210970637e-06,5.34104057044752e-06,"Negative_interaction"
"ENSG00000185875.15","ENSG00000185875","THNSL1","protein_coding",-0.814881450425627,1.36869738765716e-06,-2.03521631860296,1.04309447337943e-24,-1.22033486817733,74.7309849357443,-1.22033483034025,0.249863069790106,-4.88401439782748,1.03947479579416e-06,5.45206975774484e-06,"Negative_interaction"
"ENSG00000173214.8","ENSG00000173214","SLC60A2","protein_coding",-0.407446457241567,0.0525579390169102,-1.74693922028528,5.46805995807312e-17,-1.33949276304371,168.730474840387,-1.33949268085913,0.274402317506466,-4.8814918657805,1.05286266971274e-06,5.51231423752785e-06,"Negative_interaction"
"ENSG00000125968.12","ENSG00000125968","ID1","protein_coding",0.224609116750693,0.611608505379681,-2.12128888053581,1.62274572979722e-09,-2.3458979972865,1093.19516443127,-2.34589746303337,0.480657442720968,-4.88060155638787,1.05762732511876e-06,5.53326180347329e-06,"Negative_interaction"
"ENSG00000134107.7","ENSG00000134107","BHLHE40","protein_coding",1.51560515081331,3.01872863910089e-07,3.42202953823359,5.9812716629479e-34,1.90642438742028,1378.11203014567,1.90642409432151,0.390858380461899,4.87753158079553,1.07421653508032e-06,5.61599784501587e-06,"Positive_interaction"
"ENSG00000071655.20","ENSG00000071655","MBD3","protein_coding",-0.00154264624329839,0.9985340389595,-1.1012318806714,4.16498560403038e-11,-1.0996892344281,543.550648930029,-1.09968918174334,0.225523472839893,-4.87616285744255,1.08169314919257e-06,5.65100833384958e-06,"Negative_interaction"
"ENSG00000167384.13","ENSG00000167384","ZNF180","protein_coding",-0.677561013458738,0.00107756262811878,-2.10369214485957,3.26169675222356e-20,-1.42613113140083,93.4487934066781,-1.42613105016278,0.292469908836642,-4.87616334902796,1.08169045495209e-06,5.65100833384958e-06,"Negative_interaction"
"ENSG00000188985.6","ENSG00000188985","DHFRP1","processed_pseudogene",-0.803623591375048,0.00581863077780267,-4.35487608665025,4.6861486352595e-10,-3.5512524952752,23.8760609485692,-3.55125259229273,0.728786768964068,-4.87282802532302,1.10011982132159e-06,5.741064620307e-06,"Negative_interaction"
"ENSG00000143476.20","ENSG00000143476","DTL","protein_coding",-0.530956243723492,0.0016199932353473,-1.67400468543944,3.24682747035466e-20,-1.14304844171595,450.544284176848,-1.14304840563662,0.234585073302666,-4.87263912210577,1.10117259947014e-06,5.74288516789506e-06,"Negative_interaction"
"ENSG00000164093.19","ENSG00000164093","PITX2","protein_coding",-0.13811865648696,0.348106414045937,-1.15248725804478,4.28314366348865e-11,-1.01436860155782,116.203345175773,-1.01436858744841,0.208177103089517,-4.87262322510191,1.10126123941349e-06,5.74288516789506e-06,"Negative_interaction"
"ENSG00000164142.18","ENSG00000164142","FHIP1A","protein_coding",1.0900477092922,3.35373511531863e-11,2.14306048869286,1.76834835319458e-44,1.05301277940066,531.920336811526,1.05301272575334,0.216316081485549,4.86793546980781,1.12770138177627e-06,5.86809638229863e-06,"Positive_interaction"
"ENSG00000256628.6","ENSG00000256628","ZBTB11-AS1","lncRNA",-1.05007325047124,0.0168609619229053,-4.22103902114714,2.7928661437115e-15,-3.1709657706759,22.7812070359597,-3.17096489321788,0.652024841024695,-4.86325779894294,1.15469295947666e-06,5.99778149417054e-06,"Negative_interaction"
"ENSG00000164638.13","ENSG00000164638","SLC29A4","protein_coding",-0.12223674409454,0.618761529668534,1.09921276821824,1.91035140007144e-10,1.22144951231278,121.971606705625,1.2214494298788,0.251660588620109,4.85355866238803,1.21265448305616e-06,6.26739970344145e-06,"Positive_interaction"
"ENSG00000100023.21","ENSG00000100023","PPIL2","protein_coding",-0.892829098167031,4.11018200279754e-06,-2.1450259124952,5.7489093587115e-30,-1.25219681432817,198.72961286447,-1.25219673907797,0.258049205822042,-4.85255025330913,1.21883885400663e-06,6.29487265583184e-06,"Negative_interaction"
"ENSG00000221944.9","ENSG00000221944","TIGD1","protein_coding",-1.54488784719971,1.555071780151e-06,0.386389138241162,0.174616329700985,1.93127698544087,23.602774654398,1.93127667728106,0.398049649125894,4.85184871164209,1.22315915370558e-06,6.31493496811586e-06,"Positive_interaction"
"ENSG00000181218.6","ENSG00000181218","H2AC25","protein_coding",1.39016852983642,3.56399440254826e-09,3.01336797276714,5.10802449571586e-32,1.62319944293072,180.308594311969,1.62319926049749,0.334699128948198,4.84972657562163,1.2363177622871e-06,6.37605587582374e-06,"Positive_interaction"
"ENSG00000235750.12","ENSG00000235750","KIAA0040","protein_coding",0.463292120578826,0.00311410664071213,-0.563562426117353,0.000607228479651056,-1.02685454669618,621.628703181783,-1.02685450933692,0.211784288801179,-4.84858681042633,1.24344114262543e-06,6.40823223290462e-06,"Negative_interaction"
"ENSG00000124257.8","ENSG00000124257","NEURL2","protein_coding",0.56137456248535,0.22404676195951,-2.22856819372156,4.62914606901021e-07,-2.78994275620691,12.6937209604235,-2.78994188242696,0.575895670890697,-4.84452657564165,1.26913930699972e-06,6.53138026883522e-06,"Negative_interaction"
"ENSG00000169372.15","ENSG00000169372","CRADD","protein_coding",-0.659231702179759,0.00283789690307705,-2.52891877021817,9.06556051264532e-14,-1.86968706803841,40.4184332409664,-1.8696870250434,0.386615266321175,-4.83604034272714,1.32451051320099e-06,6.79462171940131e-06,"Negative_interaction"
"ENSG00000138670.21","ENSG00000138670","RASGEF1B","protein_coding",0.215085105552504,0.481986998183278,2.16011672927395,5.44322887170843e-11,1.94503162372145,54.6360407948355,1.94503130267455,0.402222709169002,4.83570732913866,1.32673007424104e-06,6.80119286731558e-06,"Positive_interaction"
"ENSG00000225791.8","ENSG00000225791","TRAM2-AS1","lncRNA",-0.805982599230076,0.00128536200218304,-2.62931853467162,1.21488248855364e-17,-1.82333593544154,40.3907789863825,-1.82333579996994,0.377083827254783,-4.83535932379823,1.32905337888879e-06,6.81069362335799e-06,"Negative_interaction"
"ENSG00000222041.13","ENSG00000222041","CYTOR","lncRNA",0.0844418017296896,0.757611461700724,1.44151407365367,3.83915911934065e-13,1.35707227192398,90.5086758627952,1.35707216044139,0.28085685142184,4.83189978656816,1.35236327161643e-06,6.9203561201502e-06,"Positive_interaction"
"ENSG00000018408.17","ENSG00000018408","WWTR1","protein_coding",0.943628945864141,3.79718513760722e-09,2.26255966662979,2.31806470865444e-22,1.31893072076565,142.346785054426,1.3189306171247,0.273058527759171,4.83021214517041,1.36387657191955e-06,6.97188687134326e-06,"Positive_interaction"
"ENSG00000305287.1","ENSG00000305287","ENSG00000305287","lncRNA",-2.20652887375317,2.48098963971483e-08,-7.57581202958899,2.01441991667442e-12,-5.36928315583582,20.6231338426112,-5.36928415283098,1.1138898448463,-4.82030083825016,1.43341896388601e-06,7.3067561113739e-06,"Negative_interaction"
"ENSG00000069696.8","ENSG00000069696","DRD4","protein_coding",-0.0425032611789673,0.950299253135828,2.76795960333559,1.6529937738705e-12,2.81046286451456,17.1607325514379,2.81046179571092,0.583952896454361,4.81282276836958,1.48813253881163e-06,7.56702342191515e-06,"Positive_interaction"
"ENSG00000101745.19","ENSG00000101745","ANKRD12","protein_coding",0.169973778561316,0.385630929072223,-0.90361418620471,2.86235953840082e-08,-1.07358796476603,238.698679648166,-1.07358791147894,0.223541166139628,-4.80264073959583,1.56586684672387e-06,7.93446217453396e-06,"Negative_interaction"
"ENSG00000198624.15","ENSG00000198624","CCDC69","protein_coding",0.271050136634021,0.236604441550493,-1.18175192143484,1.13989051172199e-06,-1.45280205806886,71.5123837403415,-1.45280195594898,0.302587971153585,-4.80125482321827,1.57674472584099e-06,7.98678244211384e-06,"Negative_interaction"
"ENSG00000152348.18","ENSG00000152348","ATG10","protein_coding",-0.448632340419442,0.100463510330032,-2.22720335394097,3.51328932639322e-14,-1.77857101352153,55.8833753713617,-1.77857084130435,0.370933315013907,-4.79485333162286,1.62793893204696e-06,8.22597315314663e-06,"Negative_interaction"
"ENSG00000066230.13","ENSG00000066230","SLC9A3","protein_coding",1.49961180362409,5.80615321779154e-12,-0.384929553656594,0.294564753055763,-1.88454135728068,43.9412700013515,-1.88454115167629,0.393103152783232,-4.79401179648,1.6347865479231e-06,8.25769489456312e-06,"Negative_interaction"
"ENSG00000182379.11","ENSG00000182379","NXPH4","protein_coding",-0.996729133414188,0.00171718558673237,1.10299532945099,0.00139488722523404,2.09972446286518,112.321515840216,2.09972403233082,0.438297172586438,4.79064014933093,1.66250052539992e-06,8.38307502230189e-06,"Positive_interaction"
"ENSG00000278133.1","ENSG00000278133","ENSG00000278133","lncRNA",-0.763676629031145,0.00338246077346466,-2.81643363964307,1.6886312740191e-14,-2.05275701061193,43.5870572306571,-2.05275689938941,0.428700406632376,-4.7883250578526,1.68179080848272e-06,8.47739561618489e-06,"Negative_interaction"
"ENSG00000023171.22","ENSG00000023171","GRAMD1B","protein_coding",1.19856961141748,0.0415792231377111,-1.80402431596922,9.92103165867029e-07,-3.0025939273867,42.2156078506873,-3.00259300820023,0.627225152779124,-4.78710554718073,1.69203859102097e-06,8.52608597394849e-06,"Negative_interaction"
"ENSG00000165804.18","ENSG00000165804","ZNF219","protein_coding",0.74505978235092,0.00510399604721858,-0.87611034706798,0.000468598170493874,-1.6211701294189,236.342707142651,-1.62116994332275,0.339065114962737,-4.78129383348952,1.74170566180974e-06,8.76416612880097e-06,"Negative_interaction"
"ENSG00000276248.1","ENSG00000276248","ENSG00000276248","lncRNA",0.656062191738119,0.208830287853961,3.03539637686217,4.97457485773387e-36,2.37933418512405,52.9823867546663,2.37933313900169,0.497886320254852,4.7788682721465,1.76284636207261e-06,8.85824184436764e-06,"Positive_interaction"
"ENSG00000174307.8","ENSG00000174307","PHLDA3","protein_coding",4.81094952357192,2.02168245329908e-17,2.10739535141465,1.09999403543675e-35,-2.70355417215727,165.096573748683,-2.70355535461474,0.565810446812954,-4.77819978376694,1.76871598044353e-06,8.87850086199778e-06,"Negative_interaction"
"ENSG00000186007.11","ENSG00000186007","LEMD1","protein_coding",0.918954611063405,0.00120671246945882,2.58747320338933,4.0429821812423e-27,1.66851859232592,48.9940311388562,1.66851834191238,0.349219685557088,4.77784732911233,1.77181824225161e-06,8.88654437855202e-06,"Positive_interaction"
"ENSG00000236753.8","ENSG00000236753","MKLN1-AS","lncRNA",1.66920213944439,1.87176823815031e-06,-0.449143059990593,0.168195659943099,-2.11834519943498,63.6112049857221,-2.11834480117215,0.443371617386845,-4.77780876831336,1.77215796674133e-06,8.88654437855202e-06,"Negative_interaction"
"ENSG00000128917.10","ENSG00000128917","DLL4","protein_coding",-1.22268790216516,1.05796532621596e-16,0.555101290312416,0.135265900410048,1.77778919247758,126.076135429771,1.77778870460028,0.372082632433879,4.77794056919924,1.77099704637433e-06,8.88654437855202e-06,"Positive_interaction"
"ENSG00000087510.9","ENSG00000087510","TFAP2C","protein_coding",2.15645760739071,2.73871049170581e-22,3.682436245564,2.70665482471189e-52,1.52597863817329,277.371979301968,1.52597847868976,0.319585775929262,4.77486356910804,1.79829125588175e-06,9.00823950232916e-06,"Positive_interaction"
"ENSG00000005882.14","ENSG00000005882","PDK2","protein_coding",0.243270808654371,0.175462029815113,-0.813443877801023,1.1576339026436e-06,-1.05671468645539,288.704674595019,-1.05671463831267,0.221825250991145,-4.76372565157089,1.90050859752787e-06,9.49075485712404e-06,"Negative_interaction"
"ENSG00000188277.10","ENSG00000188277","C15orf62","protein_coding",0.357738038625445,0.44146794270042,-3.24803646367847,1.92342041544305e-06,-3.60577450230392,29.9111916423558,-3.60577371888938,0.757028204142381,-4.76306391117128,1.90675416953577e-06,9.51866394244313e-06,"Negative_interaction"
"ENSG00000266680.1","ENSG00000266680","ENSG00000266680","lncRNA",-0.941060240853563,0.125145646482386,-6.55634340635771,1.69866922921496e-09,-5.61528316550415,10.8584677914426,-5.61527969989351,1.18091358317932,-4.75503015620815,1.98416797447681e-06,9.86772899317703e-06,"Negative_interaction"
"ENSG00000267493.4","ENSG00000267493","CIRBP-AS1","lncRNA",-0.476031718076296,0.53358280529312,-6.35016786998822,1.17248897797029e-08,-5.87413615191192,6.30697122645778,-5.87413152588448,1.23615334632867,-4.751944039411,2.01470138714774e-06,9.99899058306339e-06,"Negative_interaction"
"ENSG00000168556.8","ENSG00000168556","ING2","protein_coding",-0.427854342899583,0.0362638883395199,0.695572054747963,1.29750768358462e-05,1.12342639764755,61.2528443845217,1.12342633287013,0.236530280242909,4.74960893681945,2.03810385106598e-06,1.00986338676683e-05,"Positive_interaction"
"ENSG00000261799.1","ENSG00000261799","ENSG00000261799","lncRNA",0.496475771434595,0.0185308607037819,-1.07305073198648,0.00015544330952126,-1.56952650342107,43.642853315,-1.56952639552277,0.330799008485524,-4.7446526599594,2.08864413219461e-06,1.03288499481232e-05,"Negative_interaction"
"ENSG00000101276.20","ENSG00000101276","SLC52A3","protein_coding",0.628435484881479,0.00131532385712398,-0.598356472617441,0.00234155137912878,-1.22679195749892,380.02244748816,-1.22679187967487,0.258568722305001,-4.74454863967567,2.08971764062222e-06,1.03288499481232e-05,"Negative_interaction"
"ENSG00000102053.15","ENSG00000102053","ZC3H12B","protein_coding",-0.0745165408615325,0.815697589621857,-1.9372594613936,2.71095250427477e-09,-1.86274292053207,52.2865610369626,-1.86274275515144,0.392896657907433,-4.74105014044255,2.12613302108852e-06,1.05016768035497e-05,"Negative_interaction"
"ENSG00000124107.6","ENSG00000124107","SLPI","protein_coding",-0.169329649335726,0.416307316724725,0.915922525736068,1.33485003703649e-08,1.08525217507179,397.142734397648,1.0852521151023,0.22913279044763,4.73634573638356,2.17606237168072e-06,1.07300088092538e-05,"Positive_interaction"
"ENSG00000133111.5","ENSG00000133111","RFXAP","protein_coding",-1.37671417848077,3.26963492059932e-12,-2.85318798522776,3.14835645371674e-29,-1.47647380674699,68.6179205608351,-1.47647377046583,0.311803011596098,-4.73527745260659,2.18755628833685e-06,1.07830155546182e-05,"Negative_interaction"
"ENSG00000143167.14","ENSG00000143167","GPA33","protein_coding",-0.0778013832609578,0.736521947720655,-1.23557236151767,4.25385937994034e-12,-1.15777097825671,5507.38233315305,-1.15777091061262,0.244609093787902,-4.73314745859983,2.21064765087953e-06,1.08894309165691e-05,"Negative_interaction"
"ENSG00000160741.19","ENSG00000160741","CRTC2","protein_coding",0.417395314425856,0.0209582148866554,1.47702135357082,2.19294516678275e-20,1.05962603914496,489.880260725874,1.05962598419047,0.223910833905127,4.73235691953808,2.21927733508178e-06,1.09282253278985e-05,"Positive_interaction"
"ENSG00000183696.16","ENSG00000183696","UPP1","protein_coding",-0.336961429017937,0.231319370213911,1.1849936204196,1.88349372293242e-07,1.52195504943754,170.992409978968,1.52195488695788,0.321861221321179,4.72860595231245,2.26066646000606e-06,1.11126874999088e-05,"Positive_interaction"
"ENSG00000261659.2","ENSG00000261659","ENSG00000261659","lncRNA",-1.01934062006428,0.1361769660281,-6.95178409023232,1.17194339299623e-09,-5.93244347016804,10.0617276955686,-5.93243973374897,1.25468799429281,-4.72821909569057,2.26497705394398e-06,1.11267957511038e-05,"Negative_interaction"
"ENSG00000243477.8","ENSG00000243477","NAA80","protein_coding",0.518307694821691,0.0157702164398533,1.6932319507313,1.50085469196491e-25,1.17492425590961,94.1862069234725,1.17492416328842,0.248533558925938,4.72742662345466,2.27383192279943e-06,1.11627277185668e-05,"Positive_interaction"
"ENSG00000165948.13","ENSG00000165948","IFI27L1","protein_coding",-0.441122067660435,0.0561911858494626,0.872716154255971,1.08678912090874e-05,1.31383822191641,56.8460202823426,1.31383811996265,0.277997929193484,4.72607160698753,2.28904957139408e-06,1.12298261302109e-05,"Positive_interaction"
"ENSG00000147536.13","ENSG00000147536","GINS4","protein_coding",-0.842417817356694,0.000673361437708243,-2.38447789997127,3.80601443213364e-23,-1.54206008261458,64.5363196511053,-1.54205994215606,0.326510899606459,-4.72284369071504,2.32569597281217e-06,1.13787933956766e-05,"Negative_interaction"
"ENSG00000189369.9","ENSG00000189369","GSPT2","protein_coding",-0.849802125308336,6.55712449791171e-05,-2.22329130323093,4.2363276607732e-24,-1.37348917792259,188.324912340908,-1.3734890859602,0.291104832135624,-4.71819404674224,2.37947479950874e-06,1.16144657441835e-05,"Negative_interaction"
"ENSG00000188827.13","ENSG00000188827","SLX4","protein_coding",-0.550287452023954,0.000612443927029286,-1.76074122435035,3.21127925403903e-16,-1.2104537723264,111.948266662525,-1.21045376018032,0.256684056631243,-4.71573410544655,2.40840792072441e-06,1.17438248947302e-05,"Negative_interaction"
"ENSG00000154059.13","ENSG00000154059","IMPACT","protein_coding",-0.326075922291069,0.0548808679575099,-1.33379681672634,2.40609318627957e-17,-1.00772089443527,363.275410013364,-1.00772085162259,0.213759551824337,-4.71427285013543,2.42575437402707e-06,1.182093112164e-05,"Negative_interaction"
"ENSG00000165879.9","ENSG00000165879","FRAT1","protein_coding",-0.505224354905034,0.121216611511849,-2.57051821125417,1.14290359517236e-13,-2.06529385634914,30.2705696375957,-2.06529356215437,0.43822271622904,-4.71288567586471,2.44233234810377e-06,1.18932393779301e-05,"Negative_interaction"
"ENSG00000241127.11","ENSG00000241127","YAE1","protein_coding",-0.58342347934688,0.00449858611605041,-1.88689691776421,2.76153244992927e-19,-1.30347343841733,99.4468355877754,-1.30347335950231,0.276619187937122,-4.71215814500401,2.45107041891434e-06,1.19277745167584e-05,"Negative_interaction"
"ENSG00000004777.20","ENSG00000004777","ARHGAP33","protein_coding",-0.112874547253232,0.730216737329911,1.45677519178539,4.08667434236344e-10,1.56964973903862,97.8338919582369,1.56964955688944,0.333212809246772,4.71065191172464,2.46925664603219e-06,1.2000156711703e-05,"Positive_interaction"
"ENSG00000097046.15","ENSG00000097046","CDC7","protein_coding",-1.22994547212844,7.04779866295421e-07,-2.94012307836363,7.76645980456248e-25,-1.71017760623519,88.8318668502629,-1.71017747745289,0.36306263692907,-4.71041992070089,2.47206918703182e-06,1.20042668816214e-05,"Negative_interaction"
"ENSG00000181260.8","ENSG00000181260","MTHFD2P7","processed_pseudogene",-0.0986790548986308,0.688126455566666,1.05679642357217,1.56941636026392e-10,1.1554754784708,85.6141558906708,1.15547540294688,0.245306271193191,4.71033780476361,2.47306545554623e-06,1.20042668816214e-05,"Positive_interaction"
"ENSG00000168916.18","ENSG00000168916","ZNF608","protein_coding",0.169970256897623,0.416307316724725,-0.982064380490589,8.60925619907067e-08,-1.15203463738821,122.920159084242,-1.15203457217263,0.24464308771258,-4.70904198824578,2.48883802370749e-06,1.20629567356418e-05,"Negative_interaction"
"ENSG00000165949.15","ENSG00000165949","IFI27","protein_coding",1.00790570563901,0.000141056251392092,-0.231398810794131,0.0307279627633003,-1.23930451643314,144.930618935581,-1.23930456028097,0.263240706235798,-4.70787583729874,2.50311482988581e-06,1.21240441559844e-05,"Negative_interaction"
"ENSG00000166435.18","ENSG00000166435","XRRA1","protein_coding",-0.65366867638544,0.00366836082645101,-2.04280508819992,1.08409012417042e-20,-1.38913641181448,55.3432669804674,-1.38913631077963,0.295272241095045,-4.7045950057069,2.54370393539538e-06,1.23000858964797e-05,"Negative_interaction"
"ENSG00000189306.14","ENSG00000189306","RRP7A","protein_coding",-0.468297512118971,0.00470885264506321,-1.47961891593926,8.08551802325209e-21,-1.01132140382029,279.618990681588,-1.01132136100694,0.214981557560662,-4.70422380636802,2.54833584552365e-06,1.23142657797028e-05,"Negative_interaction"
"ENSG00000247796.3","ENSG00000247796","MOCS2-DT","lncRNA",-1.08106749744902,0.0070630447603583,-6.16302376317396,4.37570198076521e-09,-5.08195626572494,17.1710351651157,-5.08195525376372,1.08178006897263,-4.69777120093372,2.63015824487796e-06,1.26842772994248e-05,"Negative_interaction"
"ENSG00000205426.11","ENSG00000205426","KRT81","protein_coding",-0.661005532158511,0.334674514769193,4.46225678439126,4.12200710599356e-06,5.12326231654977,6.65387580805623,5.12325622268741,1.09071232199322,4.69716543893531,2.63796779302948e-06,1.27177076701874e-05,"Positive_interaction"
"ENSG00000289942.1","ENSG00000289942","ENSG00000289942","lncRNA",-0.722240838876766,0.241464424345972,5.05698415008574,1.29470701133083e-05,5.77922498896251,12.9405225027193,5.77921645924757,1.23068084078676,4.69595062157058,2.65369646965321e-06,1.27850296669596e-05,"Positive_interaction"
"ENSG00000223813.6","ENSG00000223813","PRR15-DT","lncRNA",0.102782767205929,0.615806216325103,-0.959618072462483,1.26057640845404e-08,-1.06240083966841,89.2273321112429,-1.06240078824887,0.226253220450405,-4.69562725398531,2.65789836986777e-06,1.28010180046938e-05,"Negative_interaction"
"ENSG00000146067.19","ENSG00000146067","FAM193B","protein_coding",-0.878788603235756,5.22873273800319e-05,0.32902478627736,0.0563385372644099,1.20781338951312,89.4345607203359,1.20781330649749,0.257275739678928,4.69462572726367,2.67095295287936e-06,1.28596180043613e-05,"Positive_interaction"
"ENSG00000176155.23","ENSG00000176155","CCDC57","protein_coding",-1.08930221120953,7.14994224741135e-09,-2.5227905461195,4.07959541907178e-23,-1.43348833490997,59.944164434297,-1.43348830953809,0.305865720220609,-4.68665893158662,2.77701182940776e-06,1.33569384108122e-05,"Negative_interaction"
"ENSG00000164266.12","ENSG00000164266","SPINK1","protein_coding",-1.10175060008685,2.17719003206103e-07,0.23472266327392,0.297289736532236,1.33647326336077,755.952278667718,1.33647314967175,0.285473725708683,4.68159774197777,2.84647620046567e-06,1.36638400454285e-05,"Positive_interaction"
"ENSG00000254901.10","ENSG00000254901","BORCS8","protein_coding",-0.89727764637047,0.0348031815751706,-3.77732343774395,5.03917434388189e-14,-2.88004579137348,21.6733965116858,-2.88004506613874,0.616103605234247,-4.67461161024001,2.94510437818546e-06,1.41139062991613e-05,"Negative_interaction"
"ENSG00000119655.13","ENSG00000119655","NPC2","protein_coding",1.09759173640229,2.08176547951617e-11,2.12078656969897,2.39403388429478e-41,1.02319483329668,752.686600077815,1.02319478304987,0.218915703536434,4.67392136114885,2.95502517542256e-06,1.41520901659695e-05,"Positive_interaction"
"ENSG00000291072.2","ENSG00000291072","ENSG00000291072","lncRNA",-0.960948368820476,0.000712141564474071,0.562910060708545,0.00703229821691868,1.52385842952902,36.0154833890521,1.52385826303702,0.326123707719485,4.67263871643384,2.97354555275397e-06,1.42360826397458e-05,"Positive_interaction"
"ENSG00000234694.3","ENSG00000234694","CDC20-DT","lncRNA",-0.880534098805254,0.00413248669455476,0.961106236605846,0.00107590715946294,1.8416403354111,24.4974439011697,1.84164004755202,0.394569717387318,4.66746424369973,3.0493979609229e-06,1.45655488627867e-05,"Positive_interaction"
"ENSG00000134574.14","ENSG00000134574","DDB2","protein_coding",-0.904946218324552,1.65890135191462e-08,0.156602233314382,0.41036406863101,1.06154845163893,170.181751713896,1.0615483881557,0.227458319565186,4.66700180580328,3.05626645121132e-06,1.45935464286506e-05,"Positive_interaction"
"ENSG00000260920.2","ENSG00000260920","ENSG00000260920","lncRNA",0.288961681903079,0.604448215093336,-3.29199538296121,6.0124671508682e-07,-3.58095706486429,10.9651019213823,-3.5809555536005,0.768244973835188,-4.66121572618153,3.14347024465457e-06,1.49967571529379e-05,"Negative_interaction"
"ENSG00000068489.13","ENSG00000068489","PRR11","protein_coding",-0.379272485813375,0.0395827620987792,0.690585028269177,4.42226072043895e-05,1.06985751408255,1002.50254029654,1.06985745762872,0.229524373237747,4.66119324295263,3.14381370622587e-06,1.49967571529379e-05,"Positive_interaction"
"ENSG00000273604.2","ENSG00000273604","EPOP","protein_coding",0.515471946891671,0.00271100149754948,-0.495055286398668,0.00182987109285126,-1.01052723329034,145.449235046108,-1.01052718563697,0.217171064041247,-4.65313917440236,3.26919431108966e-06,1.55643324394435e-05,"Negative_interaction"
"ENSG00000174007.11","ENSG00000174007","CEP19","protein_coding",-0.351199068808293,0.483227887494286,-3.40249157723285,2.16964852694282e-10,-3.05129250842456,14.9105030775701,-3.05129153292059,0.655809605064945,-4.65270942870441,3.27601735327663e-06,1.55854449118321e-05,"Negative_interaction"
"ENSG00000188825.17","ENSG00000188825","LINC00910","lncRNA",0.384799487954627,0.265902856858535,-1.51133524298967,4.57682769461555e-07,-1.8961347309443,26.2246224337933,-1.89613442302215,0.407636854800107,-4.65152843933102,3.29483824765884e-06,1.56604774959239e-05,"Negative_interaction"
"ENSG00000152253.11","ENSG00000152253","SPC25","protein_coding",-0.612953586064573,0.00206092874516558,-1.91038088462455,1.66390710306792e-18,-1.29742729855998,118.21830534412,-1.29742723250513,0.278940067024308,-4.6512759760399,3.29887507304978e-06,1.56712031550843e-05,"Negative_interaction"
"ENSG00000213025.2","ENSG00000213025","COX20P1","processed_pseudogene",0.889569584376614,0.0246646389547537,-1.661822214685,0.000156960319629819,-2.55139179906161,14.7448352305411,-2.55139109605699,0.548764123773032,-4.64934019103669,3.32998580132747e-06,1.58067979799665e-05,"Negative_interaction"
"ENSG00000163659.15","ENSG00000163659","TIPARP","protein_coding",0.729776825339166,0.000227222475964203,1.91336913342713,8.15700710924542e-26,1.18359230808796,1483.57931120775,1.18359222919585,0.254575933996364,4.64926990786472,3.33112062536372e-06,1.58070072373186e-05,"Positive_interaction"
"ENSG00000162066.18","ENSG00000162066","AMDHD2","protein_coding",0.396647140878079,0.578780761566074,-3.00693990957138,1.15960515175382e-09,-3.40358705044946,10.3109738340446,-3.4035852278273,0.732282443787009,-4.647913188012,3.35309965959913e-06,1.59008901396959e-05,"Negative_interaction"
"ENSG00000250988.9","ENSG00000250988","SNHG21","lncRNA",-1.25131660447062,0.0023329901484821,1.01776319476964,0.00213416570123539,2.26907979924026,17.0886696126852,2.26907925596942,0.488394499120661,4.64599675068992,3.38438329137194e-06,1.60335020132599e-05,"Positive_interaction"
"ENSG00000293313.2","ENSG00000293313","ZNF37BP","lncRNA",-1.33054898696186,0.000870320811353177,-4.3619127844215,3.74386248099224e-15,-3.03136379745964,34.9266996022536,-3.03136325666714,0.652619852179669,-4.64491425834315,3.4021772304634e-06,1.61125334718548e-05,"Negative_interaction"
"ENSG00000060656.22","ENSG00000060656","PTPRU","protein_coding",0.241317145927836,0.0897230232890037,1.40044695715326,3.67588674710372e-10,1.15912981122542,544.964996195381,1.15912969196416,0.249674452734721,4.64256426425708,3.44111557887383e-06,1.62862988141866e-05,"Positive_interaction"
"ENSG00000122884.15","ENSG00000122884","P4HA1","protein_coding",0.658636573796677,9.35083368541768e-05,1.67323404842128,1.74672629587993e-26,1.0145974746246,558.25960332654,1.01459742515989,0.218572907793095,4.64191758898283,3.45190545337327e-06,1.63267016417381e-05,"Positive_interaction"
"ENSG00000152778.10","ENSG00000152778","IFIT5","protein_coding",0.0993307825540274,0.674648078481232,-1.09403600502236,1.14843335920153e-08,-1.19336678757639,102.932489816192,-1.19336671236903,0.257365527234866,-4.63685531310488,3.53749849235277e-06,1.66933989420959e-05,"Negative_interaction"
"ENSG00000166263.15","ENSG00000166263","STXBP4","protein_coding",-0.290186199684403,0.325283520317475,-1.95389489301861,7.75783442835054e-13,-1.66370869333421,44.2292918387727,-1.66370850784233,0.35917534209347,-4.63202317326497,3.62109610639119e-06,1.70545741871372e-05,"Negative_interaction"
"ENSG00000259345.8","ENSG00000259345","ENSG00000259345","lncRNA",-0.288748333659744,0.396178355181935,-2.81865436072745,7.02779407434186e-09,-2.52990602706771,19.416883613295,-2.52990574885839,0.546510201435372,-4.62920132545334,3.6707875624776e-06,1.72661646723224e-05,"Negative_interaction"
"ENSG00000293477.2","ENSG00000293477","CRYZL2P","lncRNA",-0.803771875257813,0.000513688404176136,-2.2950968826117,2.52716826988493e-20,-1.49132500735389,136.67745109726,-1.49132489863604,0.322196277142322,-4.62862237845563,3.6810630651114e-06,1.73065117162704e-05,"Negative_interaction"
"ENSG00000277496.1","ENSG00000277496","SLCO4A1-AS2","lncRNA",-0.416570682512083,0.371973051336258,-4.10329323101006,1.41112051982083e-08,-3.68672254849798,12.5958796625475,-3.68672151798256,0.797470942040049,-4.62301674409776,3.78199181618263e-06,1.77546567541687e-05,"Negative_interaction"
"ENSG00000205309.16","ENSG00000205309","NT5M","protein_coding",-0.635859472115102,0.0451806081990365,1.04008555326867,1.61964054050728e-05,1.67594502538377,51.2512823633924,1.67594479286328,0.362626097992657,4.62168829585239,3.8062962992499e-06,1.78629682541223e-05,"Positive_interaction"
"ENSG00000254910.2","ENSG00000254910","ENSG00000254910","lncRNA",-0.467434763548467,0.451851608689742,2.31788454066903,5.19753819164122e-11,2.7853193042175,14.3096604742093,2.78531812701787,0.603061730076374,4.61862855509854,3.86284631013589e-06,1.80990522879047e-05,"Positive_interaction"
"ENSG00000225828.2","ENSG00000225828","FAM229A","protein_coding",0.766664532751901,0.171278630962547,3.52107511669438,1.7881343117615e-21,2.75441058394248,20.5823703219572,2.75440922870844,0.596445679002791,4.61803870104917,3.87384016648763e-06,1.81446967332704e-05,"Positive_interaction"
"ENSG00000274386.6","ENSG00000274386","TMEM269","protein_coding",1.62366866485961,0.00023295812802319,5.33788372441971,6.75405553583832e-14,3.7142150595601,16.8233667889512,3.71421247477,0.804353083953124,4.61763937861207,3.88129986176659e-06,1.81737633591992e-05,"Positive_interaction"
"ENSG00000167081.20","ENSG00000167081","PBX3","protein_coding",-0.296033043486252,0.175305855575894,0.852068683014066,7.62974185813538e-07,1.14810172650032,101.121947253749,1.14810165293003,0.248716137025087,4.61611243509395,3.90995170123872e-06,1.82960994686314e-05,"Positive_interaction"
"ENSG00000147180.19","ENSG00000147180","ZNF711","protein_coding",-1.59713443974429,0.000184627091458325,0.367741648230108,0.0398716196821791,1.9648760879744,44.6188030473569,1.96487566597147,0.426321426678178,4.60890666763207,4.04791981938821e-06,1.88989864763447e-05,"Positive_interaction"
"ENSG00000178075.22","ENSG00000178075","GRAMD1C","protein_coding",1.85701447464748,3.60717656214236e-16,0.487209542064784,0.0233485195863913,-1.3698049325827,103.038824225967,-1.36980482232438,0.297317632029257,-4.60721018452612,4.08107429603725e-06,1.90476420928089e-05,"Negative_interaction"
"ENSG00000160570.16","ENSG00000160570","DEDD2","protein_coding",0.789310705116189,2.42414022603333e-06,1.79533825657633,1.69443567156543e-30,1.00602755146014,762.23160820942,1.00602750193395,0.218512500544692,4.60398146296528,4.14489373282564e-06,1.93330543856161e-05,"Positive_interaction"
"ENSG00000294003.1","ENSG00000294003","ENSG00000294003","lncRNA",0.00635156226226208,0.997767936387818,-4.07060410257742,2.79097129280067e-08,-4.07695566483968,11.0486039032363,-4.07695311284581,0.885831254558453,-4.60240377822071,4.17642528083934e-06,1.94675957445879e-05,"Negative_interaction"
"ENSG00000038002.11","ENSG00000038002","AGA","protein_coding",-1.02540248729822,2.24821615098051e-07,-2.5575521513492,1.54026697593752e-19,-1.53214966405098,61.7393988876859,-1.53214964798091,0.332945013539278,-4.60180986552051,4.18835464529807e-06,1.95169246043921e-05,"Negative_interaction"
"ENSG00000114529.15","ENSG00000114529","C3orf52","protein_coding",0.511719684837933,0.0231353703087052,-0.554019063450369,5.57517862953947e-06,-1.0657387482883,154.630358215385,-1.06573873242321,0.231680302305764,-4.60004032201531,4.22409168166003e-06,1.96644833442394e-05,"Negative_interaction"
"ENSG00000214029.8","ENSG00000214029","ZNF891","protein_coding",-0.792420474557973,0.000151460870526591,-2.33961883052931,1.2188975551615e-16,-1.54719835597134,47.5899494258048,-1.54719830458015,0.33635336179044,-4.59991925261061,4.22654740385352e-06,1.96695969738745e-05,"Negative_interaction"
"ENSG00000288398.1","ENSG00000288398","ENSG00000288398","lncRNA",-0.592055472646814,0.00522573786836019,-1.88291016148094,4.1109569842459e-19,-1.29085468883413,60.5652321743267,-1.29085460626454,0.280904142576358,-4.59535624653043,4.32010543262476e-06,2.00856489989086e-05,"Negative_interaction"
"ENSG00000119640.11","ENSG00000119640","ACYP1","protein_coding",-0.0970045368050175,0.669247478086019,0.977176883888363,2.98988357625917e-09,1.07418142069338,70.6088144328805,1.07418136020183,0.234136627631109,4.5878398910496,4.47855897519926e-06,2.07956669876923e-05,"Positive_interaction"
"ENSG00000163328.16","ENSG00000163328","GPR155","protein_coding",-1.54747313178211,5.73645034691172e-25,0.784599630917276,0.135758406608896,2.33207276269939,155.501493184079,2.33207154209351,0.508431633809224,4.58679473702566,4.50102814893504e-06,2.08933055523275e-05,"Positive_interaction"
"ENSG00000225462.1","ENSG00000225462","FDPSP1","processed_pseudogene",0.0692041373744292,0.85979711548541,2.17567181919172,5.46814613873693e-09,2.10646768181729,20.9691848548221,2.10646723622457,0.459416403582711,4.58509365315977,4.5378298900245e-06,2.10439138451952e-05,"Positive_interaction"
"ENSG00000171130.21","ENSG00000171130","ATP6V0E2","protein_coding",0.594899277881394,0.0205016064717772,-0.782481141183682,0.000123486356382413,-1.37738041906508,108.090562655051,-1.37738030518008,0.300438848861674,-4.58456125231078,4.54940711099747e-06,2.10773682393144e-05,"Negative_interaction"
"ENSG00000125945.17","ENSG00000125945","ZNF436","protein_coding",-0.295252089084224,0.125145646482386,-1.38146431868737,2.53990068130196e-15,-1.08621222960315,105.820295402697,-1.08621217369687,0.23702703208268,-4.58265103415706,4.59117872681835e-06,2.12573041881954e-05,"Negative_interaction"
"ENSG00000026559.16","ENSG00000026559","KCNG1","protein_coding",-0.875656641743954,0.00141128942711877,-3.39360797338194,1.46397666439829e-11,-2.51795133163799,32.594645946323,-2.51795135950537,0.549477149797693,-4.58244962585329,4.5956043646301e-06,2.12709991862726e-05,"Negative_interaction"
"ENSG00000114541.17","ENSG00000114541","FRMD4B","protein_coding",0.544691821704025,0.00326298131085824,1.58923604340466,1.01786177408034e-23,1.04454422170063,239.226707978867,1.04454416076687,0.228069016095088,4.57994767834386,4.65092263862107e-06,2.15064361451489e-05,"Positive_interaction"
"ENSG00000132199.22","ENSG00000132199","ENOSF1","protein_coding",-0.818902284585106,2.15252107513853e-05,-2.13011139644971,1.38804417721723e-20,-1.3112091118646,137.637750563734,-1.3112090658737,0.286325051709484,-4.57944234374611,4.66217279154092e-06,2.15515815295091e-05,"Negative_interaction"
"ENSG00000113303.14","ENSG00000113303","BTNL8","protein_coding",1.90135455092441,0.00282494071401604,-3.94876650648647,0.000918021920967143,-5.85012105741088,6.70469757712621,-5.85011497365673,1.27754635609841,-4.5791801962653,4.66801918740017e-06,2.15648498768898e-05,"Negative_interaction"
"ENSG00000071575.13","ENSG00000071575","TRIB2","protein_coding",-0.490600931908765,0.235513165875672,4.64800720516081,2.77173166374258e-05,5.13860813706957,16.6527509055611,5.13860167916789,1.12284375266985,4.576417392847,4.73006360528692e-06,2.18375539241217e-05,"Positive_interaction"
"ENSG00000127081.17","ENSG00000127081","ZNF484","protein_coding",-0.128919527111278,0.489271245908276,-1.18960325895266,8.95234739899863e-11,-1.06068373184138,113.310108093034,-1.06068369298596,0.231798196177063,-4.57589278294355,4.74193369072139e-06,2.18784154874035e-05,"Negative_interaction"
"ENSG00000185730.10","ENSG00000185730","ZNF696","protein_coding",-0.0523177829642008,0.818724992505746,-1.06057467562132,8.8934843122605e-13,-1.00825689265712,83.4665939418263,-1.00825684377193,0.220367588540025,-4.57534091311619,4.75445136524898e-06,2.19291881556933e-05,"Negative_interaction"
"ENSG00000170540.18","ENSG00000170540","ARL6IP1","protein_coding",0.368196758770087,0.0425943076030558,1.39914924796039,9.66717559301637e-18,1.0309524891903,3722.57503997622,1.030952436814,0.225385772042187,4.5741682248737,4.78115579394367e-06,2.2045341955403e-05,"Positive_interaction"
"ENSG00000273270.2","ENSG00000273270","LINC03072","lncRNA",-1.42262573103704,0.000179520145297558,-6.52678866956822,2.1872804732116e-09,-5.10416293853118,21.3502450090265,-5.10416364250972,1.11608314520985,-4.57328261287381,4.80141808155123e-06,2.21246902505057e-05,"Negative_interaction"
"ENSG00000151466.14","ENSG00000151466","SCLT1","protein_coding",-0.655018801549892,6.3858849776792e-05,-1.76275468686148,8.77996822172495e-20,-1.10773588531159,85.7995268924117,-1.10773585401149,0.242256295259801,-4.57257819791029,4.81759338678726e-06,2.21921689006106e-05,"Negative_interaction"
"ENSG00000198464.16","ENSG00000198464","ZNF480","protein_coding",-0.866964910007125,2.55096707722506e-07,-1.94745369787721,3.61298444950433e-27,-1.08048878787009,130.964154669994,-1.08048874704093,0.236562517767021,-4.56745539081997,4.93680697545809e-06,2.2683641943037e-05,"Negative_interaction"
"ENSG00000135842.19","ENSG00000135842","NIBAN1","protein_coding",-2.49612713354824,1.43603018254025e-14,-4.86863153503433,3.02457993537934e-30,-2.37250440148609,245.611900733513,-2.37250430380324,0.519567500630927,-4.56630620837955,4.96393509868497e-06,2.28010609984604e-05,"Negative_interaction"
"ENSG00000165512.7","ENSG00000165512","ZNF22","protein_coding",-1.58926228473483,4.92312517215303e-20,1.57726962907676,0.0271091456466639,3.16653191381159,75.5432333867857,3.16652960413206,0.693871694986764,4.56356647347095,5.02918761950074e-06,2.30934686254134e-05,"Positive_interaction"
"ENSG00000204315.6","ENSG00000204315","FKBPL","protein_coding",-0.310788903822753,0.308400561558764,-1.90902661314522,3.00772487584198e-14,-1.59823770932247,42.9277110484737,-1.59823752139531,0.350538183044009,-4.55938211214684,5.13043470038752e-06,2.35360112940854e-05,"Negative_interaction"
"ENSG00000155016.20","ENSG00000155016","CYP2U1","protein_coding",1.43743033145639,0.0078255094917645,-1.10978015731221,0.00013138031330972,-2.5472104887686,28.3959569433861,-2.54721002885253,0.558816067453877,-4.55822618067933,5.15874651424563e-06,2.36509188498727e-05,"Negative_interaction"
"ENSG00000271155.1","ENSG00000271155","ENSG00000271155","lncRNA",-0.0126714711187839,0.983295180267352,-5.11854061626535,3.75408331649223e-06,-5.10586914514657,15.0726315060313,-5.10586901801065,1.12131426460783,-4.5534683533134,5.27686128758528e-06,2.41465973412333e-05,"Negative_interaction"
"ENSG00000136492.12","ENSG00000136492","BRIP1","protein_coding",-0.573691307311483,0.00635024527164317,-1.90797017828386,9.01833470439127e-17,-1.33427887097238,187.849176807328,-1.33427880188202,0.293085733003532,-4.55252047995778,5.30069989646638e-06,2.42480249051739e-05,"Negative_interaction"
"ENSG00000232237.5","ENSG00000232237","ASCL5","protein_coding",0.428379012262484,0.626106755756526,-3.41225475360763,9.54984816932163e-11,-3.84063376587011,11.0549313173867,-3.84063105593476,0.84369457882359,-4.55215803483052,5.30984245951156e-06,2.42821826832571e-05,"Negative_interaction"
"ENSG00000148926.12","ENSG00000148926","ADM","protein_coding",0.780686410504935,0.0150961677008068,2.64610742812525,1.43933808214245e-18,1.86542101762031,114.482510575597,1.86542069804196,0.41049761815042,4.54429116165641,5.51204242680854e-06,2.51750768513424e-05,"Positive_interaction"
"ENSG00000186529.18","ENSG00000186529","CYP4F3","protein_coding",0.761537762466096,9.8301003448918e-06,2.04069275778401,7.70174919974977e-18,1.27915499531791,131.684717323764,1.27915488701064,0.281504354612806,4.54399680164822,5.51974955215132e-06,2.5202334754183e-05,"Positive_interaction"
"ENSG00000135114.15","ENSG00000135114","OASL","protein_coding",1.66447935788952,6.63068326964341e-12,3.13730352418287,3.1617131874696e-41,1.47282416629335,62.0393577661003,1.47282396240792,0.324272203388659,4.54193713496514,5.57396643786349e-06,2.54258487936789e-05,"Positive_interaction"
"ENSG00000215788.13","ENSG00000215788","TNFRSF25","protein_coding",-0.695089144549782,0.0372919427756018,1.15005936962824,8.2750827969287e-05,1.84514851417802,36.8268620316237,1.84514820889565,0.406253881558486,4.54185988775596,5.5760097123789e-06,2.54271657494635e-05,"Positive_interaction"
"ENSG00000273344.3","ENSG00000273344","PAXIP1-DT","lncRNA",-0.424291161810522,0.0427054259289959,0.720881608188152,6.10556459878888e-05,1.14517276999867,67.3350439784624,1.14517269677811,0.252317060427909,4.5386257070211,5.66220375545351e-06,2.57877614154721e-05,"Positive_interaction"
"ENSG00000272189.1","ENSG00000272189","MAP7-AS1","lncRNA",-1.34008642904855,0.000101730079320217,-4.53219618074336,2.09084506247571e-12,-3.19210975169481,20.6071427919909,-3.19210955782378,0.704171336595198,-4.53314327342296,5.81123690402547e-06,2.6416701760708e-05,"Negative_interaction"
"ENSG00000087586.20","ENSG00000087586","AURKA","protein_coding",0.183850280566167,0.362535310305957,1.23517471210212,2.30818554753943e-13,1.05132443153595,1106.21828233969,1.05132437486917,0.232113604122841,4.52935267987474,5.91646700622722e-06,2.6844533454679e-05,"Positive_interaction"
"ENSG00000140104.15","ENSG00000140104","CLBA1","protein_coding",-1.21377515391136,0.00572944526022154,-3.39420898780775,1.12309136474364e-33,-2.18043383389639,37.1891246283799,-2.18043333269214,0.481451016823603,-4.52887886098498,5.9297481389718e-06,2.68963724663472e-05,"Negative_interaction"
"ENSG00000196967.13","ENSG00000196967","ZNF585A","protein_coding",-0.539424124217747,0.0297429265888339,0.727867537917439,6.01315137845506e-05,1.26729166213519,52.7098012837556,1.26729155639375,0.279996589108497,4.52609640863403,6.00831783142825e-06,2.72101693790807e-05,"Positive_interaction"
"ENSG00000270820.9","ENSG00000270820","USP34-DT","lncRNA",0.389766091982931,0.438588984228474,-2.43751529087125,8.22670976214914e-07,-2.82728138285418,11.6157501757278,-2.82728039692341,0.625049786500036,-4.52328831716712,6.08862108783404e-06,2.75394184784304e-05,"Negative_interaction"
"ENSG00000014914.23","ENSG00000014914","MTMR11","protein_coding",1.56526861362824,2.63576308448698e-14,0.43556411940979,0.00784535226737788,-1.12970449421845,196.995055310153,-1.12970445759376,0.249771729996305,-4.52294764347618,6.09843293931241e-06,2.75751919365103e-05,"Negative_interaction"
"ENSG00000309777.1","ENSG00000309777","ENSG00000309777","lncRNA",-0.342909154963754,0.149162069032297,0.944636595463887,5.47452424608466e-06,1.28754575042764,74.8131986684297,1.28754564595933,0.284688798679005,4.52264245004974,6.10723576037127e-06,2.76063819835622e-05,"Positive_interaction"
"ENSG00000187650.5","ENSG00000187650","VMAC","protein_coding",-0.0868110713452767,0.7839887530213,-1.64641569950462,2.72013020708937e-10,-1.55960462815934,32.1418145713833,-1.55960446293265,0.344883705729565,-4.52211698326969,6.12242051548837e-06,2.76639856207122e-05,"Negative_interaction"
"ENSG00000260704.2","ENSG00000260704","LINC00543","lncRNA",-0.956259918555907,0.0118382735716123,-3.7375599058361,1.22558838724413e-12,-2.78129998728019,22.7846399429076,-2.78129951772923,0.615146931730509,-4.52135802726834,6.14441635156604e-06,2.77484829438751e-05,"Negative_interaction"
"ENSG00000079337.18","ENSG00000079337","RAPGEF3","protein_coding",0.707329832245459,0.00648186463520378,-0.65702782328806,0.00103213481785505,-1.36435765553352,53.7383616500885,-1.36435754179077,0.301796859601062,-4.52078110949955,6.16118697777423e-06,2.78155519258268e-05,"Negative_interaction"
"ENSG00000109255.13","ENSG00000109255","NMU","protein_coding",1.19447061596657,4.70820981048912e-06,2.54933567800319,1.71783239062458e-45,1.35486506203662,117.022297874459,1.35486484799995,0.299819774640915,4.51893091315485,6.21526698475065e-06,2.80073535892433e-05,"Positive_interaction"
"ENSG00000100968.15","ENSG00000100968","NFATC4","protein_coding",-0.118621181504724,0.88017614228383,2.77084794353828,5.36786225084252e-18,2.889469125043,30.2013999120932,2.88946745954853,0.639507372500229,4.51827075621007,6.23467265160328e-06,2.80860665424416e-05,"Positive_interaction"
"ENSG00000151692.17","ENSG00000151692","RNF144A","protein_coding",0.18874408241967,0.67372176514381,1.89650507470366,2.27472297413873e-27,1.70776099228399,67.5920253496802,1.70776055296067,0.378072858455291,4.51701441869734,6.27176363704426e-06,2.82356006921545e-05,"Positive_interaction"
"ENSG00000255353.1","ENSG00000255353","ASS1P13","processed_pseudogene",0.384496525183056,0.0289406386987618,1.62836317271211,2.95025748865754e-12,1.24386664752905,74.3184612133072,1.24386654699597,0.275435044531832,4.51600684695086,6.30166275865447e-06,2.83525913376034e-05,"Positive_interaction"
"ENSG00000143951.18","ENSG00000143951","WDPCP","protein_coding",0.253706128455676,0.471100991689845,-1.53691904101902,1.14870436268627e-07,-1.7906251694747,32.4865774262466,-1.79062489319706,0.396573850318844,-4.51523692688614,6.32460157677396e-06,2.84381402577127e-05,"Negative_interaction"
"ENSG00000083099.13","ENSG00000083099","LYRM2","protein_coding",-1.07957316258744,8.02404051872838e-10,-2.16148621242164,2.2670303294027e-34,-1.0819130498342,357.406048744406,-1.08191299704585,0.239747332396244,-4.512721731801,6.4000968455437e-06,2.87597530187967e-05,"Negative_interaction"
"ENSG00000288922.3","ENSG00000288922","ENSG00000288922","lncRNA",-0.586230395846752,0.0381143781611527,-2.48880785483554,1.0663486965063e-12,-1.90257745898879,43.0102726461534,-1.90257729319601,0.42173110576876,-4.51135158676016,6.44158466660104e-06,2.89372117136957e-05,"Negative_interaction"
"ENSG00000162994.18","ENSG00000162994","CLHC1","protein_coding",-0.575622073453729,0.0206681051864107,-2.0796121416422,4.41208251729256e-16,-1.50399006818847,39.073073490278,-1.50398994095589,0.333513049907261,-4.50953850643654,6.49688018318021e-06,2.9158497248265e-05,"Negative_interaction"
"ENSG00000228594.4","ENSG00000228594","FNDC10","protein_coding",-0.34999198734875,0.225675816533849,-2.1549885845371,5.45316876331717e-11,-1.80499659718835,28.9495305253831,-1.80499641845776,0.40061990815594,-4.50550854241416,6.62141751990292e-06,2.96806627585627e-05,"Negative_interaction"
"ENSG00000101342.12","ENSG00000101342","TLDC2","protein_coding",-0.782327217592183,1.32815366204673e-05,-1.88370568925099,8.2042004803846e-25,-1.10137847165881,121.493136275738,-1.1013784198393,0.244604703908579,-4.50268699759322,6.70996702594781e-06,3.00682876128743e-05,"Negative_interaction"
"ENSG00000151687.16","ENSG00000151687","ANKAR","protein_coding",-0.796299026479668,0.0214340981258428,1.00850017476067,0.000181115160422183,1.80479920124034,24.7300847247991,1.80479890412712,0.401454637550072,4.49564841283473,6.93582605231611e-06,3.0994138498355e-05,"Positive_interaction"
"ENSG00000169740.16","ENSG00000169740","ZNF32","protein_coding",-0.232708301878007,0.36325078969529,-1.71917443333949,8.35413549057093e-11,-1.48646613146148,48.9647881258602,-1.48646601925309,0.331025133380844,-4.49049292442368,7.10585357060795e-06,3.16758012750693e-05,"Negative_interaction"
"ENSG00000260912.1","ENSG00000260912","ENSG00000260912","lncRNA",2.29626213074872,3.41178686070394e-19,0.638479842261461,0.0291880861492018,-1.65778228848726,73.7368734234388,-1.65778206218113,0.369484003337704,-4.48674921567831,7.23181145434316e-06,3.21581502290092e-05,"Negative_interaction"
"ENSG00000157601.17","ENSG00000157601","MX1","protein_coding",0.580972122626939,0.0429537031912415,1.9390736857585,1.64885029490179e-29,1.35810156313156,71.5250694926125,1.35810135847333,0.302929859633657,4.48322050561712,7.35248837591631e-06,3.26546924743424e-05,"Positive_interaction"
"ENSG00000159184.9","ENSG00000159184","HOXB13","protein_coding",0.309622499745968,0.318489942383997,-1.18105839123697,9.45927578539893e-08,-1.49068089098294,45.3316953590544,-1.49068072995797,0.332628506812379,-4.48151826866359,7.41138872928109e-06,3.2886051887551e-05,"Negative_interaction"
"ENSG00000185339.12","ENSG00000185339","TCN2","protein_coding",1.34454844860716,0.000197217677177166,-0.458091074403466,0.0601621510131031,-1.80263952301063,29.7409488836893,-1.80263931547582,0.402275379108866,-4.48110774134148,7.42566106959925e-06,3.29292167137798e-05,"Negative_interaction"
"ENSG00000163586.12","ENSG00000163586","FABP1","protein_coding",0.940248582612093,0.103309010513279,-2.64775350388644,4.95648323046274e-05,-3.58800208649853,242.843618893895,-3.58800060796939,0.800851625558943,-4.4802314104878,7.45621545791322e-06,3.30545960281671e-05,"Negative_interaction"
"ENSG00000141933.10","ENSG00000141933","TPGS1","protein_coding",0.15961862200485,0.482248530740319,-1.20645907302136,2.11037119565812e-06,-1.36607769502621,66.317149656725,-1.36607762327398,0.304954076163507,-4.47961752293983,7.47769099283907e-06,3.31396629566434e-05,"Negative_interaction"
"ENSG00000070423.20","ENSG00000070423","RNF126","protein_coding",0.295030690121483,0.128492483607545,1.33883947258843,1.42763681887104e-15,1.04380878246695,660.657512287824,1.04380872503692,0.233068981897909,4.47853985775823,7.51553391641067e-06,3.32971927595914e-05,"Positive_interaction"
"ENSG00000235106.13","ENSG00000235106","BRD3OS","protein_coding",-1.15397638310387,0.000904441520091097,-3.21829276023508,5.25520596542363e-21,-2.06431637713121,77.1963831470821,-2.06431599307676,0.460950301115909,-4.47839167927492,7.52075160048401e-06,3.33101259762268e-05,"Negative_interaction"
"ENSG00000198746.15","ENSG00000198746","GPATCH3","protein_coding",0.0343650855046316,0.892355084698593,-1.19749459953474,3.40001770251998e-08,-1.23185968503937,87.3536296923553,-1.23185961357129,0.275142409029947,-4.47717099633744,7.56386647355511e-06,3.3470397842675e-05,"Negative_interaction"
"ENSG00000260942.2","ENSG00000260942","CAPN10-DT","lncRNA",-1.15294115929439,0.00191619693590653,0.878691113559468,0.00600150818737404,2.03163227285386,18.0955567997442,2.03163185428366,0.453936648191233,4.47558456092706,7.6202530888244e-06,3.37096177543477e-05,"Positive_interaction"
"ENSG00000169972.15","ENSG00000169972","PUSL1","protein_coding",-0.168814766200269,0.391037570863973,0.841107677627867,3.89557648621601e-07,1.00992244382814,211.032289739665,1.00992239235965,0.225725661075982,4.47411423028107,7.67287168870115e-06,3.3921676788486e-05,"Positive_interaction"
"ENSG00000099875.18","ENSG00000099875","MKNK2","protein_coding",0.595488265819798,0.00152277804304144,1.67307596340889,5.85422285736625e-22,1.07758769758909,5083.85149492065,1.07758763486672,0.24088833127723,4.47339075808764,7.69888987491675e-06,3.40055812457463e-05,"Positive_interaction"
"ENSG00000197863.11","ENSG00000197863","ZNF790","protein_coding",0.0644257088649234,0.932373242722522,-3.04896977724339,9.85621592444261e-10,-3.11339548610831,10.9984716469245,-3.11339402639735,0.696159750254024,-4.47224078275324,7.74042005061748e-06,3.41681898792411e-05,"Negative_interaction"
"ENSG00000162591.19","ENSG00000162591","MEGF6","protein_coding",-1.14883892064222,4.42837252623116e-10,-2.29064022659015,3.54548001459943e-33,-1.14180130594793,247.598856122963,-1.14180124878042,0.255368994221082,-4.47118199397349,7.77884643497877e-06,3.43169079256354e-05,"Negative_interaction"
"ENSG00000240891.9","ENSG00000240891","PLCXD2","protein_coding",0.230720288297207,0.287968637444861,-0.811317700728667,1.44496367114131e-07,-1.04203798902587,73.8073207158148,-1.04203793410985,0.233224648281448,-4.46795800438875,7.8969803707086e-06,3.47782500085743e-05,"Negative_interaction"
"ENSG00000167720.15","ENSG00000167720","SRR","protein_coding",-0.724332026354406,0.012831418770296,-3.06878173084005,5.5937819752665e-11,-2.34444970448564,63.3661696407748,-2.34444973795063,0.524714249799,-4.4680504462166,7.89356934645783e-06,3.47782500085743e-05,"Negative_interaction"
"ENSG00000179094.19","ENSG00000179094","PER1","protein_coding",2.39093757012741,3.34547541890431e-14,4.27720162389868,2.56295297613333e-45,1.88626405377127,679.722935486009,1.88626370013063,0.422211907428687,4.46757580007198,7.91109834589913e-06,3.48261352456775e-05,"Positive_interaction"
"ENSG00000224877.5","ENSG00000224877","NDUFAF8","protein_coding",-0.865634061965375,6.87703114052086e-06,-2.08002552677834,3.2823925431179e-23,-1.21439146481297,93.8342177831939,-1.21439140619005,0.272035595052109,-4.46409009805291,8.04097254663171e-06,3.53227566370981e-05,"Negative_interaction"
"ENSG00000074590.15","ENSG00000074590","NUAK1","protein_coding",0.90055355228678,0.000573010387640212,-0.465512302162051,0.0217254055746742,-1.36606585444883,48.7505553296557,-1.36606574264591,0.306061932647528,-4.46336377356384,8.06829017258608e-06,3.54171345354519e-05,"Negative_interaction"
"ENSG00000266094.10","ENSG00000266094","RASSF5","protein_coding",1.41943181693835,0.000238213390387435,3.83590270999538,6.86483161993922e-20,2.41647089305703,24.7324988945061,2.41647008293367,0.542611183067505,4.4534100260758,8.45171338440994e-06,3.69478824636105e-05,"Positive_interaction"
"ENSG00000048342.20","ENSG00000048342","CC2D2A","protein_coding",0.00272469755361079,0.998924514289151,-1.61721083446279,2.70929797270032e-13,-1.6199355320164,42.7563211383354,-1.61993532898425,0.36405559315951,-4.44969218828753,8.59934479107639e-06,3.75592841206386e-05,"Negative_interaction"
"ENSG00000112769.22","ENSG00000112769","LAMA4","protein_coding",2.47484387249693,2.20922163398128e-19,0.483164323649222,0.220181614241507,-1.99167954884771,27.4805122793982,-1.9916791556441,0.447689899827801,-4.4487918007759,8.63546717178319e-06,3.77056915497083e-05,"Negative_interaction"
"ENSG00000087086.18","ENSG00000087086","FTL","protein_coding",1.52129474761955,1.11243960178047e-13,2.74406326991223,9.01812409833589e-44,1.22276852229268,30370.3240802316,1.2227684298503,0.274933907477744,4.44749955023022,8.68756409254538e-06,3.79217406111951e-05,"Positive_interaction"
"ENSG00000092929.15","ENSG00000092929","UNC13D","protein_coding",0.263037143275301,0.148568505580854,-0.82214992633882,2.70263785439301e-05,-1.08518706961412,325.787247626794,-1.08518703242739,0.244029667669515,-4.44694713880871,8.70992601282122e-06,3.80079035765749e-05,"Negative_interaction"
"ENSG00000146205.17","ENSG00000146205","ANO7","protein_coding",0.375470895270203,0.401599662294502,-1.91397109768222,4.75788259413502e-07,-2.28944199295242,17.9708494847701,-2.28944140249193,0.514928151177503,-4.44613757716799,8.74279691667541e-06,3.81169112263718e-05,"Negative_interaction"
"ENSG00000002587.12","ENSG00000002587","HS3ST1","protein_coding",-0.187908932137041,0.336470537187065,-1.26956262751023,1.70945642245728e-11,-1.08165369537319,76.8147940550184,-1.08165364553772,0.243365836880637,-4.44455828066055,8.80726314855289e-06,3.83864233229559e-05,"Negative_interaction"
"ENSG00000227268.5","ENSG00000227268","KLLN","protein_coding",-0.84871141091943,0.046665652922286,-5.86253943144439,9.45596930262802e-08,-5.01382802052496,10.2932108106056,-5.01382825073154,1.12873573425504,-4.44198593042742,8.91323895632281e-06,3.88249651202375e-05,"Negative_interaction"
"ENSG00000187676.10","ENSG00000187676","B3GLCT","protein_coding",0.535280139407172,0.101367685287305,-1.1403300449891,1.21413711825066e-05,-1.67561018439627,104.418919100909,-1.67560995708843,0.377242659859837,-4.44172978133225,8.92385825578425e-06,3.88478683817439e-05,"Negative_interaction"
"ENSG00000139178.14","ENSG00000139178","C1RL","protein_coding",-0.485676625184658,0.0361312235130837,-1.80067912537644,2.68678260389149e-16,-1.31500250019178,155.037047519229,-1.3150023961627,0.296203032358734,-4.43953049937075,9.01553382125477e-06,3.92351700112986e-05,"Negative_interaction"
"ENSG00000151929.12","ENSG00000151929","BAG3","protein_coding",0.708318969127655,0.000155251377567495,1.79141252638825,4.00337712331766e-24,1.0830935572606,594.734927686105,1.08309349236495,0.244078632013487,4.43747772359319,9.10191380937229e-06,3.95754380214291e-05,"Positive_interaction"
"ENSG00000144120.15","ENSG00000144120","TMEM177","protein_coding",-0.64932661434493,0.00109968899607016,-1.83433091906384,6.7002851638929e-20,-1.18500430471891,171.427491575414,-1.1850042354421,0.267201836747488,-4.43486560521647,9.2129744682682e-06,3.99983301360523e-05,"Negative_interaction"
"ENSG00000293491.2","ENSG00000293491","TMEM198B","lncRNA",0.109021482815308,0.772576202975164,-1.45921729945854,5.31000431070897e-11,-1.56823878227385,37.7984821712948,-1.56823859291916,0.353665874318378,-4.43423781257277,9.2398589633705e-06,4.00910287716064e-05,"Negative_interaction"
"ENSG00000231684.3","ENSG00000231684","EIF1P3","processed_pseudogene",0.15940970651944,0.590841254376779,1.59028820238047,1.14984769585165e-11,1.43087849586103,37.6907293427042,1.43087834149228,0.322914701877073,4.43113408331896,9.37387757828316e-06,4.06238737633013e-05,"Positive_interaction"
"ENSG00000120129.8","ENSG00000120129","DUSP1","protein_coding",0.304661789058354,0.301921884915207,1.77902630643842,2.53553540356681e-14,1.47436451738007,124.573895528252,1.47436434289435,0.332861326474494,4.42936510080671,9.45109077926064e-06,4.09340130224283e-05,"Positive_interaction"
"ENSG00000175793.12","ENSG00000175793","SFN","protein_coding",-0.351055569939001,0.340442659338347,1.53324615673595,8.617613377218e-07,1.88430172667495,1558.92477124715,1.88430138521893,0.425551426365922,4.42790522713148,9.51526913774125e-06,4.11750613150631e-05,"Positive_interaction"
"ENSG00000187608.11","ENSG00000187608","ISG15","protein_coding",0.52420099896942,0.0502080366529826,1.98836731779728,9.94438977914328e-17,1.46416631882786,52.6103645761023,1.46416614865387,0.330994965928052,4.42352996079141,9.71011588062015e-06,4.19680880828951e-05,"Positive_interaction"
"ENSG00000109265.17","ENSG00000109265","CRACD","protein_coding",0.609162994106022,0.00417235499254206,1.72103407663773,3.45461688060441e-25,1.11187108253171,83.2086696862219,1.11187099281891,0.251401649662537,4.42268773618391,9.74805813057184e-06,4.20693443800617e-05,"Positive_interaction"
"ENSG00000257167.4","ENSG00000257167","TMPO-AS1","lncRNA",-1.08605488298863,3.50404011220287e-07,-2.72564815086198,1.7418625673668e-17,-1.63959326787335,49.1230212811527,-1.63959326305085,0.371051645638316,-4.41877372684946,9.92625041110309e-06,4.28256090972629e-05,"Negative_interaction"
"ENSG00000059804.20","ENSG00000059804","SLC2A3","protein_coding",0.169324533926402,0.635078008919634,2.54494749645,1.0817883264521e-07,2.3756229625236,33.044466660366,2.375622244796,0.537774656675587,4.41750501870358,9.98467529326798e-06,4.30392368679475e-05,"Positive_interaction"
"ENSG00000124762.17","ENSG00000124762","CDKN1A","protein_coding",0.493745578480549,0.0149152731326794,1.61710979124038,1.0365234344445e-18,1.12336421275983,766.371714051778,1.12336413912752,0.254410889099526,4.41555054150239,1.0075323492867e-05,4.33783684071979e-05,"Positive_interaction"
"ENSG00000197461.15","ENSG00000197461","PDGFA","protein_coding",1.27454762912673,8.80345319819263e-05,2.98327534515091,1.03683739251835e-32,1.70872771602418,200.797611418199,1.70872734553042,0.387049533453054,4.41475107923797,1.01126284199712e-05,4.35260502115302e-05,"Positive_interaction"
"ENSG00000222033.1","ENSG00000222033","LINC01124","lncRNA",-1.214914010361,0.000317860422745527,-6.12551361405951,2.64674054760357e-08,-4.91059960369851,62.0464184266,-4.91060272397758,1.11238495616885,-4.41448142277124,1.01252409966337e-05,4.35673968299335e-05,"Negative_interaction"
"ENSG00000122912.17","ENSG00000122912","SLC25A16","protein_coding",-0.501325788317305,0.0110678024381571,-1.61798418026211,2.93977915932719e-18,-1.1166583919448,101.418246903149,-1.11665832738999,0.253100845240835,-4.41191070036705,1.02462374827162e-05,4.40487907444448e-05,"Negative_interaction"
"ENSG00000181284.5","ENSG00000181284","TMEM102","protein_coding",-0.0593879298780631,0.833574033128569,-1.31167015541225,8.35413549057093e-11,-1.25228222553419,61.8934333269601,-1.25228212602116,0.283887359894411,-4.41119367374064,1.02802313776609e-05,4.41818247701845e-05,"Negative_interaction"
"ENSG00000142178.11","ENSG00000142178","SIK1","protein_coding",-0.0800079419996891,0.937203443220244,3.63593804983259,2.7641429016984e-12,3.71594599183228,10.7643422167948,3.71594280825973,0.842853304869221,4.40876578022827,1.03961382627708e-05,4.46534782762521e-05,"Positive_interaction"
"ENSG00000103507.16","ENSG00000103507","BCKDK","protein_coding",-0.288841109424642,0.257320166363068,-1.64674302151415,7.82617061310652e-13,-1.35790191208951,241.004028806765,-1.3579017958703,0.308145512873711,-4.40669014845211,1.04962167937227e-05,4.50699774147051e-05,"Negative_interaction"
"ENSG00000103199.16","ENSG00000103199","ZNF500","protein_coding",-0.275706130565201,0.17173801216348,-1.42335261886862,1.97171067345357e-12,-1.14764648830342,69.2259739800683,-1.147646429021,0.260730976621217,-4.40164971532426,1.07430898597044e-05,4.60345530002474e-05,"Negative_interaction"
"ENSG00000168016.17","ENSG00000168016","TRANK1","protein_coding",0.153366599163901,0.420323787019211,-0.972852197491129,4.77674371805583e-06,-1.12621879665503,67.3493918223984,-1.12621875202866,0.256112576876205,-4.39735824677221,1.09576402531499e-05,4.68707563602859e-05,"Negative_interaction"
"ENSG00000198832.12","ENSG00000198832","SELENOM","protein_coding",1.47079443973448,0.00131473444949736,3.71530744841582,8.72009796349927e-35,2.24451300868134,36.7245331071595,2.24451200202726,0.510891129782623,4.39332740613889,1.11628817407331e-05,4.76361843894888e-05,"Positive_interaction"
"ENSG00000167536.16","ENSG00000167536","DHRS13","protein_coding",-0.0697880605041896,0.788539899264564,-1.35678077168707,2.67875455974523e-09,-1.28699271118288,112.109543174006,-1.2869926250111,0.292991107395119,-4.39259961318725,1.12003283712184e-05,4.77678513112703e-05,"Negative_interaction"
"ENSG00000234432.4","ENSG00000234432","LINC02983","lncRNA",-1.00059323755889,0.0110678024381571,-4.22761572783825,1.83835649665843e-10,-3.22702249027936,17.0761068581664,-3.22702200347338,0.735181654157384,-4.38942128822838,1.13652705245044e-05,4.84285505560474e-05,"Negative_interaction"
"ENSG00000279453.1","ENSG00000279453","ENSG00000279453","TEC",-1.23539479696098,0.000439039803539173,0.526664696049903,0.0398484724518732,1.76205949301088,22.7475611051415,1.76205920540779,0.40146022103744,4.38912528084186,1.13807495887695e-05,4.84802536861985e-05,"Positive_interaction"
"ENSG00000109099.18","ENSG00000109099","PMP22","protein_coding",-2.6536253243743,0.0450736481573232,2.57545718247371,1.31816460435167e-20,5.22908250684801,32.1332805991548,5.22907362192588,1.1914734342434,4.38874545721317,1.14006411226749e-05,4.85507173522787e-05,"Positive_interaction"
"ENSG00000241388.7","ENSG00000241388","HNF1A-AS1","lncRNA",0.212734643067063,0.347950566011706,1.53680391306649,3.7395943706832e-10,1.32406926999943,86.0715823505934,1.32406914345449,0.301708778664882,4.38856684685722,1.14100064959253e-05,4.8566055540512e-05,"Positive_interaction"
"ENSG00000139508.17","ENSG00000139508","SLC46A3","protein_coding",-0.313942771708095,0.277854288801436,-1.70490450644263,1.55673880552892e-15,-1.39096173473454,325.099095431429,-1.39096160390696,0.317341858115161,-4.38316461675911,1.169676606342e-05,4.9651298708577e-05,"Negative_interaction"
"ENSG00000259583.5","ENSG00000259583","ALDH1A3-AS1","lncRNA",-0.436837382779243,0.287987495760837,-2.96370460892438,6.53996912635329e-10,-2.52686722614514,27.5625283141654,-2.52686672876268,0.576769445644198,-4.38106898318861,1.18098470932467e-05,5.01019625513264e-05,"Negative_interaction"
"ENSG00000186088.18","ENSG00000186088","GSAP","protein_coding",-0.210678142086341,0.299356843433263,-1.21517082030488,4.50241252393623e-14,-1.00449267821854,91.9025853251997,-1.00449262608214,0.229286474826517,-4.3809501927323,1.18162882136571e-05,5.0114617732607e-05,"Negative_interaction"
"ENSG00000255561.9","ENSG00000255561","FDXACB1","protein_coding",0.874870457468914,0.0408134334880819,-1.20654958007036,6.81810141333381e-05,-2.08142003753927,20.502571956704,-2.08141959954218,0.475274560339778,-4.37940460784215,1.19003999740027e-05,5.04270749775577e-05,"Negative_interaction"
"ENSG00000100908.16","ENSG00000100908","EMC9","protein_coding",-0.428360736241452,0.0501228054327151,0.761475118573033,0.000150183801431904,1.18983585481448,67.2407866876092,1.18983576690919,0.271721642878553,4.3788774214095,1.19292202847242e-05,5.05196552794339e-05,"Positive_interaction"
"ENSG00000167617.5","ENSG00000167617","CDC42EP5","protein_coding",0.715024932106997,0.00143017468456017,1.782115580852,4.91068218162892e-39,1.067090648745,150.73072000001,1.06709052593642,0.243761028209168,4.37760922562552,1.1998823333511e-05,5.07847394127457e-05,"Positive_interaction"
"ENSG00000108187.18","ENSG00000108187","PBLD","protein_coding",-0.0163207378109962,0.97612833211428,-2.45088970374755,2.94294685426857e-07,-2.43456896593655,25.9329424047256,-2.43456857560195,0.556438834007087,-4.37526719346648,1.21283823689927e-05,5.12881579490638e-05,"Negative_interaction"
"ENSG00000126603.11","ENSG00000126603","GLIS2","protein_coding",1.09985787575522,2.08169636652749e-09,2.1790830514288,7.07672157134029e-34,1.07922517567358,296.542416366078,1.07922510824824,0.24673794080822,4.37397306921305,1.22005436796224e-05,5.1578261086665e-05,"Positive_interaction"
"ENSG00000284946.1","ENSG00000284946","ENSG00000284946","protein_coding",0.102674734467338,0.859724398591477,2.60178244153004,8.11764395114577e-11,2.4991077070627,14.9829414101219,2.49910681486149,0.571800200692132,4.37059450457776,1.23908711316565e-05,5.23218253030205e-05,"Positive_interaction"
"ENSG00000151224.15","ENSG00000151224","MAT1A","protein_coding",1.42981020160905,0.00341854615507994,-1.38613603883601,0.00498097149505234,-2.81594624044506,10.0590461897474,-2.81594508049748,0.644447438689257,-4.3695496505112,1.24503031002571e-05,5.25574694229321e-05,"Negative_interaction"
"ENSG00000158486.16","ENSG00000158486","DNAH3","protein_coding",-0.0679407022484208,0.929935872846602,-4.12074358858154,2.58927902207886e-07,-4.05280288633312,56.4383739745389,-4.05280136457812,0.92790074331328,-4.36771000970068,1.25556047198893e-05,5.29865531743262e-05,"Negative_interaction"
"ENSG00000102043.17","ENSG00000102043","MTMR8","protein_coding",-0.488714015815887,0.0566836224896005,-2.08791153888314,2.17147363893211e-12,-1.59919752306725,37.4530345822278,-1.59919739731033,0.366190854663198,-4.36711451677619,1.25898726098158e-05,5.31157012697089e-05,"Negative_interaction"
"ENSG00000172594.15","ENSG00000172594","SMPDL3A","protein_coding",1.62419912990111,5.59561570049622e-23,0.623068552339484,0.00031853581117933,-1.00113057756163,315.754901472495,-1.00113052496164,0.229257576265213,-4.36683725471953,1.26058582031936e-05,5.31676650409434e-05,"Negative_interaction"
"ENSG00000073711.13","ENSG00000073711","PPP2R3A","protein_coding",1.96996613608694,1.92808450106287e-07,0.198457155847669,0.370096823822257,-1.77150898023927,92.0078085504821,-1.77150900349198,0.405868739485389,-4.36473379481779,1.27277659362145e-05,5.36350055096308e-05,"Negative_interaction"
"ENSG00000139719.14","ENSG00000139719","VPS33A","protein_coding",-0.167023168697954,0.411518015690908,-1.20051108660277,8.52465351045647e-12,-1.03348791790482,124.075917524186,-1.033487864445,0.236842681578545,-4.36360480955906,1.27936602757321e-05,5.38970129988108e-05,"Negative_interaction"
"ENSG00000247081.9","ENSG00000247081","BAALC-AS1","lncRNA",-1.07379533623132,0.000287815419263349,-4.07930471912444,3.64216764881218e-10,-3.00550938289312,26.31120777548,-3.00550961835194,0.68880261256342,-4.3633830121038,1.28066439015372e-05,5.39360312179822e-05,"Negative_interaction"
"ENSG00000249471.10","ENSG00000249471","ZNF324B","protein_coding",-0.825951285363816,9.37411831592746e-05,-2.39266733674781,1.02013989101932e-14,-1.56671605138399,55.8434946762727,-1.56671603715199,0.359171897644829,-4.3620228849342,1.28865386631846e-05,5.42252376036212e-05,"Negative_interaction"
"ENSG00000184675.11","ENSG00000184675","AMER1","protein_coding",-0.123614530537068,0.523822340394603,-1.18109694011752,1.1381989266995e-09,-1.05748240958045,130.472499189084,-1.0574823721102,0.242460884196106,-4.36145556268322,1.29200038977552e-05,5.43345027528347e-05,"Negative_interaction"
"ENSG00000236751.5","ENSG00000236751","LINC01186","lncRNA",0.863980474108859,0.00639780568608288,2.5729648371453,1.12279697812302e-20,1.70898436303644,38.3208645464703,1.70898405477732,0.392303695312547,4.35627824870673,1.32292586388127e-05,5.55222751791697e-05,"Positive_interaction"
"ENSG00000198331.13","ENSG00000198331","HYLS1","protein_coding",-0.549800094189258,0.0492329245357232,-2.08149649344115,9.83678239841744e-16,-1.53169639925189,39.9286798022241,-1.53169623209272,0.352078839341475,-4.3504353597552,1.3586750417971e-05,5.69237314418143e-05,"Negative_interaction"
"ENSG00000302309.1","ENSG00000302309","ENSG00000302309","lncRNA",1.13571370159798,0.0157469694285933,-1.59327815627469,0.00111698646200203,-2.72899185787267,13.5992147167921,-2.72899081590366,0.627722143364181,-4.34745029270125,1.37729271162336e-05,5.76537434339853e-05,"Negative_interaction"
"ENSG00000175147.13","ENSG00000175147","TMEM51-AS1","lncRNA",0.0348083977293079,0.901224242227529,-1.27843374193811,8.4903954059255e-08,-1.31324213966742,56.6454291634623,-1.31324204483953,0.302350203041916,-4.34344687593106,1.40264407584898e-05,5.86641210597499e-05,"Negative_interaction"
"ENSG00000174684.9","ENSG00000174684","B4GAT1","protein_coding",0.686579662064989,0.00131180056873058,-0.397975067391532,0.016432353400495,-1.08455472945652,151.42999581763,-1.08455467761424,0.249728657482638,-4.34293239929677,1.40593405443536e-05,5.87678001640531e-05,"Negative_interaction"
"ENSG00000169660.19","ENSG00000169660","HEXD","protein_coding",0.26229307189998,0.108481393144249,-0.788067837369144,0.000120085592777552,-1.05036090926912,80.8474409432979,-1.05036087686068,0.241906007725782,-4.3420206332839,1.41178270929885e-05,5.89782502829604e-05,"Negative_interaction"
"ENSG00000238005.5","ENSG00000238005","LNCATV","lncRNA",1.19036634661235,0.0835763360554952,-3.59615550394664,0.00019913462931702,-4.78652185055899,5.41053553246328,-4.78651712290929,1.10295272843856,-4.3397300713744,1.42657839695326e-05,5.95620113184863e-05,"Negative_interaction"
"ENSG00000131781.15","ENSG00000131781","FMO5","protein_coding",0.46008252399827,0.0449639896314809,-0.692516415726503,0.000125949133028622,-1.15259893972477,58.978901671311,-1.15259886097187,0.26568519036969,-4.33821267707123,1.43646117962438e-05,5.995736006658e-05,"Negative_interaction"
"ENSG00000178700.11","ENSG00000178700","DHFR2","protein_coding",-0.812117595479128,8.43777120717209e-05,-2.09744796156058,1.97477557817969e-19,-1.28533036608145,55.7970243492096,-1.28533029986078,0.296583761483919,-4.33378514531541,1.46567224638227e-05,6.11062203526234e-05,"Negative_interaction"
"ENSG00000261713.8","ENSG00000261713","SSTR5-AS1","lncRNA",-0.0292330505942755,0.898685741802797,-4.49463578864318,2.08628150345513e-05,-4.4654027380489,57.2866389843089,-4.46540547971063,1.03078879259366,-4.33202758100893,1.47742428303635e-05,6.15430661390135e-05,"Negative_interaction"
"ENSG00000170961.8","ENSG00000170961","HAS2","protein_coding",-2.12970528226323,2.31882988743934e-25,-0.914951153932554,9.7842437674176e-06,1.21475412833068,79.5235376209798,1.21475401204922,0.280449461493947,4.3314542505386,1.48127728156386e-05,6.16681136582114e-05,"Positive_interaction"
"ENSG00000170006.15","ENSG00000170006","TMEM154","protein_coding",-1.90647724027014,9.00549100018709e-17,-3.89188449413677,3.10546378279447e-21,-1.98540725386663,134.878888780426,-1.98540754630848,0.458569414501038,-4.32956818210123,1.49402009571795e-05,6.214506092751e-05,"Negative_interaction"
"ENSG00000085999.15","ENSG00000085999","RAD54L","protein_coding",-0.450146908796162,0.0128229147523183,-1.55641637682417,1.72514163228382e-14,-1.10626946802801,116.924209130691,-1.1062694279161,0.255533601936123,-4.32925227654653,1.49616463712141e-05,6.21807224581687e-05,"Negative_interaction"
"ENSG00000164124.13","ENSG00000164124","TMEM144","protein_coding",0.678845300876078,0.000398958237194239,-0.356137831219702,0.039331960743803,-1.03498313209578,91.5248562843643,-1.03498307419089,0.239064516415112,-4.32930444764855,1.49581026863762e-05,6.21807224581687e-05,"Negative_interaction"
"ENSG00000253368.6","ENSG00000253368","TRNP1","protein_coding",-0.702352108354716,0.00780441142698961,-1.8725598001909,1.07773448562635e-44,-1.17020769183618,150.47313177136,-1.17020762793763,0.270474445405009,-4.32649977777144,1.51497472661001e-05,6.28903286680959e-05,"Negative_interaction"
"ENSG00000151117.10","ENSG00000151117","TMEM86A","protein_coding",0.17281494777982,0.411363465933543,-1.01611957180271,5.92877413621281e-06,-1.18893451958253,58.4860107863337,-1.18893445644036,0.274901214651395,-4.32495163016308,1.52565334619676e-05,6.32611396082502e-05,"Negative_interaction"
"ENSG00000162694.16","ENSG00000162694","EXTL2","protein_coding",-0.946580828874923,1.07371599527667e-08,-2.07840010609011,4.41271829915406e-22,-1.13181927721519,95.7540931430521,-1.13181926455897,0.261783038144398,-4.32350114270837,1.53572342385852e-05,6.36240819284095e-05,"Negative_interaction"
"ENSG00000173080.6","ENSG00000173080","RXFP4","protein_coding",-0.726927188171202,0.0592304540270528,-4.81149684109281,1.30237949031565e-07,-4.08456965292161,20.5706673719347,-4.0845696920535,0.945365594638489,-4.32062443907265,1.5558828482769e-05,6.43856488784377e-05,"Negative_interaction"
"ENSG00000185507.23","ENSG00000185507","IRF7","protein_coding",-0.0752630899509599,0.821938297214976,1.25397234562717,7.8779440659405e-11,1.32923543557813,87.1565104485844,1.32923527902306,0.307647844361383,4.32063901433243,1.55578007448178e-05,6.43856488784377e-05,"Positive_interaction"
"ENSG00000115594.14","ENSG00000115594","IL1R1","protein_coding",1.55588843166191,0.00190976539117418,-0.689227269889286,0.00948446507900788,-2.2451157015512,27.6887677083739,-2.24511542258999,0.519686212995046,-4.3201365871359,1.55932655033033e-05,6.4509735562053e-05,"Negative_interaction"
"ENSG00000135829.19","ENSG00000135829","DHX9","protein_coding",-0.784956432134319,1.58763155380381e-05,-1.81500873321106,7.49331751840629e-26,-1.03005230107674,1841.83994070102,-1.03005224362821,0.238583470218451,-4.31736634011184,1.57901966664295e-05,6.53058019662947e-05,"Negative_interaction"
"ENSG00000151612.20","ENSG00000151612","ZNF827","protein_coding",0.728813959308232,0.0042636770158234,-0.450224196910978,0.00365421955427077,-1.17903815621921,66.416168173852,-1.17903810683737,0.273121599318386,-4.31689807682668,1.58237179158109e-05,6.54071078254228e-05,"Negative_interaction"
"ENSG00000218510.9","ENSG00000218510","LINC00339","lncRNA",-0.503350453266672,0.273140902029903,-3.15317727012208,2.0669549870203e-10,-2.64982681685541,13.6668075622185,-2.64982608716114,0.614188898032185,-4.31435034995094,1.60072921876401e-05,6.61470425957456e-05,"Negative_interaction"
"ENSG00000113734.20","ENSG00000113734","BNIP1","protein_coding",-0.186197349597472,0.406721350737365,0.851923621231308,2.21548648088553e-07,1.03812097082878,172.244204603141,1.03812090519636,0.240730485072915,4.31237823860126,1.61507830004065e-05,6.67019513371022e-05,"Positive_interaction"
"ENSG00000128849.13","ENSG00000128849","CGNL1","protein_coding",1.22679879366347,0.00138427153521102,3.15779478944216,3.2211426347642e-28,1.93099599577869,58.5037175437785,1.9309954379308,0.447796290387183,4.3122184783201,1.61624606862492e-05,6.6731162468696e-05,"Positive_interaction"
"ENSG00000159899.18","ENSG00000159899","NPR2","protein_coding",-0.97598921363219,0.0418393937598396,1.43870457927129,0.000185984229259777,2.41469379290348,15.9607198799865,2.41469302369764,0.560071500773936,4.311401348508,1.62223147915028e-05,6.69592098998741e-05,"Positive_interaction"
"ENSG00000090530.12","ENSG00000090530","P3H2","protein_coding",0.35194889991392,0.585038802241767,-2.14467798880857,2.48286419448809e-12,-2.49662688872249,19.8975879150613,-2.4966261534559,0.579916935387711,-4.30514441139186,1.668768397521e-05,6.87821149512921e-05,"Negative_interaction"
"ENSG00000166415.17","ENSG00000166415","WDR72","protein_coding",-0.730561314356403,0.00112125494166949,-1.89889194421319,3.12267621600504e-25,-1.16833062985679,277.935304156479,-1.16833054535055,0.271574046830395,-4.30206994735475,1.69209872738395e-05,6.97238975184764e-05,"Negative_interaction"
"ENSG00000263327.7","ENSG00000263327","TAPT1-AS1","lncRNA",-0.308757279186773,0.647029989804539,-5.64431769361864,1.38233881367637e-06,-5.33556041443187,11.4734485557789,-5.33555889122677,1.24094926291505,-4.29957859734996,1.71123180521335e-05,7.04722117679792e-05,"Negative_interaction"
"ENSG00000112118.22","ENSG00000112118","MCM3","protein_coding",-0.835926397667179,5.37668958887751e-06,-1.88432814208854,3.236130598713e-26,-1.04840174442136,1909.08343626337,-1.04840168670145,0.243850513044369,-4.29936223472569,1.71290312190575e-05,7.05210001211879e-05,"Negative_interaction"
"ENSG00000099860.12","ENSG00000099860","GADD45B","protein_coding",1.0473322007475,0.0068328786140872,3.16092406888121,6.29708222722555e-19,2.11359186813371,223.05104857358,2.1135913477844,0.491713084731034,4.29842404730908,1.72016826569616e-05,7.07598027433116e-05,"Positive_interaction"
"ENSG00000163412.15","ENSG00000163412","EIF4E3","protein_coding",1.5613768492721,9.26261544944454e-09,0.104615111234332,0.685934887277458,-1.45676173803777,139.667692242725,-1.45676160010772,0.339409630529774,-4.29204556698613,1.77034605791218e-05,7.26383212663176e-05,"Negative_interaction"
"ENSG00000114805.20","ENSG00000114805","PLCH1","protein_coding",-0.0338944159524008,0.901936288096506,-1.13426049112153,1.18192094462212e-10,-1.10036607516913,117.097855288836,-1.10036600336596,0.256429055941395,-4.29111279658354,1.77779977326724e-05,7.29028902204589e-05,"Negative_interaction"
"ENSG00000176749.11","ENSG00000176749","CDK5R1","protein_coding",0.00220986990370513,0.997274451710575,1.05877531788716,5.00834469644147e-09,1.05656544798345,59.5001320798671,1.05656538358329,0.246321395372937,4.28937722597595,1.7917482653547e-05,7.34333027757926e-05,"Positive_interaction"
"ENSG00000198892.9","ENSG00000198892","SHISA4","protein_coding",2.3056468162924,4.57443339864278e-08,0.437498887960453,0.025123874279354,-1.86814792833195,52.0721254900832,-1.86814803296875,0.4355588765953,-4.28908267826335,1.79412582144509e-05,7.34891786443818e-05,"Negative_interaction"
"ENSG00000124659.7","ENSG00000124659","TBCC","protein_coding",-0.879043684066906,5.09067916116747e-07,-1.91782942409277,8.38733191899062e-26,-1.03878574002586,150.781344157668,-1.03878569529414,0.24225350349415,-4.28801103105295,1.80280142411924e-05,7.37403280788487e-05,"Negative_interaction"
"ENSG00000285230.4","ENSG00000285230","RALY-AS1","lncRNA",-0.589297534214369,0.0191915252840655,-2.26622378922052,6.15630663751108e-12,-1.67692625500615,35.5848020093445,-1.6769261560202,0.391296486865938,-4.28556404748588,1.82276123534183e-05,7.44885922950867e-05,"Negative_interaction"
"ENSG00000214021.20","ENSG00000214021","TTLL3","protein_coding",-0.457822315445694,0.414408006195901,1.85947325897258,1.4605952405677e-09,2.31729557441827,28.4026712220155,2.31729474045045,0.540848811712277,4.2845517828062,1.83107958821579e-05,7.47493109645727e-05,"Positive_interaction"
"ENSG00000162104.12","ENSG00000162104","ADCY9","protein_coding",1.16569629087538,2.67270112241326e-10,0.147273549364915,0.415179305619841,-1.01842274151047,183.086585920449,-1.01842268810695,0.237798186636505,-4.28271847868924,1.84623702733691e-05,7.53044385031424e-05,"Negative_interaction"
"ENSG00000185022.15","ENSG00000185022","MAFF","protein_coding",1.36573158757728,2.72194453594603e-08,2.72015118478518,8.87780969348526e-35,1.3544195972079,438.26474811593,1.35441944046259,0.316413523107111,4.28053588595863,1.86443818835873e-05,7.59613107272835e-05,"Positive_interaction"
"ENSG00000196268.13","ENSG00000196268","ZNF493","protein_coding",-0.788099249924798,0.0329758053840903,-2.64571450614795,3.0425803419466e-19,-1.85761525622315,36.2620847401253,-1.85761491387076,0.435042294852058,-4.26996394569513,1.95504568884995e-05,7.94741153515104e-05,"Negative_interaction"
"ENSG00000291071.2","ENSG00000291071","FAM86JP","lncRNA",-1.43507538400206,5.94603888052632e-05,-4.491452567549,5.67631923475656e-12,-3.05637718354694,20.5356821798436,-3.05637703192442,0.715813561913731,-4.26979481047157,1.95652880063294e-05,7.95121014547746e-05,"Negative_interaction"
"ENSG00000254004.9","ENSG00000254004","ZNF260","protein_coding",-0.898894946942845,6.31308717045788e-07,-1.91798903616487,1.2341745617371e-28,-1.01909408922202,259.397911330514,-1.01909403508736,0.23874617627902,-4.26852505439231,1.96769729513623e-05,7.98987649232678e-05,"Negative_interaction"
"ENSG00000182179.15","ENSG00000182179","UBA7","protein_coding",0.180872861021883,0.64255466610662,1.81283006639726,3.87845032389574e-13,1.63195720537538,36.5021298437859,1.63195692400636,0.382723318604305,4.2640645204418,2.00741437206421e-05,8.14430265396265e-05,"Positive_interaction"
"ENSG00000187595.20","ENSG00000187595","ZNF385C","protein_coding",-1.53358201933628,0.000872403133996184,1.48398569962855,0.0135966585349085,3.01756771896483,10.037660328428,3.01756611853939,0.707719121415816,4.26379057344479,2.00987834354283e-05,8.15201705978803e-05,"Positive_interaction"
"ENSG00000178199.15","ENSG00000178199","ZC3H12D","protein_coding",-1.25598266161729,1.52263048057138e-08,-2.53344631943597,9.69820467570026e-31,-1.27746365781868,58.8797951293802,-1.27746357603295,0.299706595068252,-4.26238059840505,2.02260575665999e-05,8.19446536916873e-05,"Negative_interaction"
"ENSG00000233429.9","ENSG00000233429","HOTAIRM1","lncRNA",0.891125677525771,0.168640363506749,3.6382248457361,9.49374425124187e-26,2.74709916821033,25.6334765218091,2.74709730509949,0.644494283647256,4.26240755705915,2.02236169110948e-05,8.19446536916873e-05,"Positive_interaction"
"ENSG00000196542.11","ENSG00000196542","SPTSSB","protein_coding",0.831980073385132,0.387765278301147,-3.44928521665484,1.72823754268748e-07,-4.28126529003997,7.76516584228684,-4.28126097888791,1.00637354327104,-4.25414698897233,2.09847426791329e-05,8.46869648861026e-05,"Negative_interaction"
"ENSG00000203288.7","ENSG00000203288","TDRKH-AS1","lncRNA",0.4671447873626,0.181374971556206,2.2953914378722,7.99988906029269e-13,1.8282466505096,27.7864870368082,1.82824629810052,0.429792367988007,4.25378958369855,2.10182817577661e-05,8.47987024592278e-05,"Positive_interaction"
"ENSG00000161996.21","ENSG00000161996","WDR90","protein_coding",-0.579908740873999,0.00185281101573524,-1.71001667276706,3.7192963793033e-16,-1.13010793189306,130.412839486689,-1.13010788846314,0.265726495535536,-4.25289877919608,2.11020975229331e-05,8.50658128796511e-05,"Negative_interaction"
"ENSG00000132205.13","ENSG00000132205","EMILIN2","protein_coding",-0.0345583459708817,0.89294969557269,-1.1804222806738,1.27654068788327e-08,-1.14586393470292,76.0502415108617,-1.14586386425065,0.269611922121414,-4.25004894158442,2.13723811842523e-05,8.60835319961603e-05,"Negative_interaction"
"ENSG00000144026.16","ENSG00000144026","ZNF514","protein_coding",-0.0500991522997821,0.903777357695424,-1.72974982510927,6.79596688807362e-10,-1.67965067280949,101.402269128554,-1.67965041122798,0.395308434639956,-4.24896173226811,2.14763599179003e-05,8.6415647857916e-05,"Negative_interaction"
"ENSG00000180626.12","ENSG00000180626","ZNF594","protein_coding",-1.22989032436501,5.49127717173858e-05,-3.69339206931663,1.24886700117305e-12,-2.46350174495162,39.9245657988733,-2.46350179266325,0.579909208416404,-4.24808186679859,2.15608610351362e-05,8.66740632791106e-05,"Negative_interaction"
"ENSG00000119401.13","ENSG00000119401","TRIM32","protein_coding",-0.143517092170803,0.507889540112101,-1.19548085337473,9.06504360484454e-11,-1.05196376120393,474.104172420967,-1.05196370251721,0.24787928908668,-4.24385476654065,2.19712578980098e-05,8.81770892987978e-05,"Negative_interaction"
"ENSG00000186765.13","ENSG00000186765","FSCN2","protein_coding",-1.14358576407136,0.00773762149904114,-4.3855572549078,9.87034451894961e-11,-3.24197149083644,38.2719590374981,-3.24197115630925,0.763998147982702,-4.24342803038137,2.20130991952606e-05,8.83205519207411e-05,"Negative_interaction"
"ENSG00000166444.21","ENSG00000166444","DENND2B","protein_coding",0.566257467571764,0.0325952537647145,-0.585083997418406,4.81279099078646e-05,-1.15134146499017,138.539175063753,-1.15134144375865,0.271395968415995,-4.24229383538181,2.21246755125255e-05,8.87190917342335e-05,"Negative_interaction"
"ENSG00000264350.1","ENSG00000264350","SNRPGP2","processed_pseudogene",-0.229025752621889,0.269293673106192,0.801730827131792,6.99844091313e-06,1.03075657975368,63.9034654230891,1.03075651878455,0.243126123458145,4.23959591064674,2.23922506754127e-05,8.96680013230398e-05,"Positive_interaction"
"ENSG00000231770.9","ENSG00000231770","TMEM44-AS1","lncRNA",-1.61621417191669,8.50540642837081e-05,-4.98801546151604,3.63579895705619e-12,-3.37180128959935,20.3962427563488,-3.37180088322875,0.795372321053805,-4.23927360052131,2.24244219731643e-05,8.97720229931209e-05,"Negative_interaction"
"ENSG00000111012.13","ENSG00000111012","CYP27B1","protein_coding",-0.927574013977521,0.000556021412253867,0.986666608821527,0.0138871341620538,1.91424062279905,24.5177326973387,1.91424015251264,0.452415390490206,4.23115612941129,2.32493217498314e-05,9.28691209477829e-05,"Positive_interaction"
"ENSG00000104892.19","ENSG00000104892","KLC3","protein_coding",0.0713326207036807,0.942506083572317,3.08807733930564,1.13567641613241e-25,3.01674471860196,32.728177949709,3.01674220215444,0.713035642666935,4.23084348332302,2.32816634090036e-05,9.2972682866707e-05,"Positive_interaction"
"ENSG00000214039.11","ENSG00000214039","LINC02418","lncRNA",-2.10322768177799,1.27640257216059e-45,-4.58260774275175,3.30848690610491e-15,-2.47938006097376,201.213160343503,-2.47938167584272,0.58620263191527,-4.22956421697043,2.34144435655136e-05,9.33485876620146e-05,"Negative_interaction"
"ENSG00000101898.9","ENSG00000101898","MCTS2","protein_coding",-0.47475448945363,0.031742515001808,-1.91267017340738,2.56408448412634e-11,-1.43791568395375,42.260301092815,-1.43791562328472,0.3405258472883,-4.22263283311747,2.41465003369433e-05,9.60557460562676e-05,"Negative_interaction"
"ENSG00000289378.2","ENSG00000289378","ENSG00000289378","lncRNA",-1.24398448417793,0.00909135434953532,-6.05734727661061,2.70751931991167e-08,-4.81336279243268,10.950185897559,-4.81336203460948,1.14033163483852,-4.22101947149004,2.43199925938117e-05,9.66397950834986e-05,"Negative_interaction"
"ENSG00000226608.3","ENSG00000226608","FTLP3","processed_pseudogene",1.44020774091021,3.19041929681538e-11,2.68011400175321,6.58796867470381e-36,1.239906260843,591.118001222805,1.23990615326407,0.293773626203041,4.22061765478945,2.43633859082459e-05,9.67856876596218e-05,"Positive_interaction"
"ENSG00000261801.9","ENSG00000261801","LOXL1-AS1","lncRNA",-1.08254615643856,7.82585307910496e-05,1.61566549814472,0.0090229439722447,2.69821165458328,33.9088724985448,2.69821020735308,0.639655377371381,4.21822484857578,2.46233210615638e-05,9.76844152269868e-05,"Positive_interaction"
"ENSG00000224189.9","ENSG00000224189","HAGLR","lncRNA",0.685391262803765,0.35512794660489,-2.13927232443247,1.03196403728532e-12,-2.82466358723623,27.4185595502452,-2.82466276466317,0.669854907102984,-4.21682775584849,2.47763076055581e-05,9.82106810229068e-05,"Negative_interaction"
"ENSG00000158023.12","ENSG00000158023","CFAP251","protein_coding",-0.146294517924283,0.82200352733075,-2.50377707351761,2.03159850300711e-16,-2.35748255559333,24.1967788763648,-2.35748186243635,0.560007998412564,-4.20972891301378,2.55677277692511e-05,0.000101181734252317,"Negative_interaction"
"ENSG00000180098.11","ENSG00000180098","TRNAU1AP","protein_coding",0.022790103025487,0.938037664238116,-1.06980356699793,1.766472854993e-09,-1.09259367002342,59.0102927537162,-1.09259359647514,0.259559860108666,-4.20940894334633,2.56039602117527e-05,0.000101273241007673,"Negative_interaction"
"ENSG00000111700.15","ENSG00000111700","SLCO1B3","protein_coding",-1.14378493288848,0.000513340184580809,-2.51984912484486,1.48676395778103e-82,-1.37606419195638,159.411402668026,-1.37606408231234,0.327121487839283,-4.20658420026631,2.59259515357461e-05,0.000102431540255189,"Negative_interaction"
"ENSG00000183023.21","ENSG00000183023","SLC8A1","protein_coding",-1.09387004623757,1.74354984936142e-05,-3.63346095861458,2.06501751179408e-10,-2.53959091237701,35.6404813701091,-2.53959128856841,0.604097719359472,-4.20394119557536,2.62307111429299e-05,0.000103494545571288,"Negative_interaction"
"ENSG00000260604.4","ENSG00000260604","TGILR","lncRNA",1.60575244583523,0.00608001087211548,-1.36298464262218,0.00601438760944751,-2.96873708845741,8.80375054131085,-2.96873562337133,0.706688979153288,-4.20090833584003,2.6584621841116e-05,0.000104691396663438,"Negative_interaction"
"ENSG00000160299.20","ENSG00000160299","PCNT","protein_coding",-0.169397979264172,0.510614367012484,-1.38983140862689,8.11424735351091e-11,-1.22043342936272,213.96202984414,-1.22043333026518,0.29069268185031,-4.19836276062027,2.68851708922233e-05,0.000105673961640927,"Negative_interaction"
"ENSG00000130590.15","ENSG00000130590","SAMD10","protein_coding",0.0553894950231938,0.836200695579574,1.13383740343274,6.3308843254909e-11,1.07844790840955,78.3830243883713,1.07844782927358,0.257300661973631,4.1913915844651,2.77248665563618e-05,0.000108856344116715,"Positive_interaction"
"ENSG00000284968.1","ENSG00000284968","ENSG00000284968","lncRNA",1.24011291111797,0.000189561575921857,-0.507203681593224,0.0970747350673594,-1.74731659271119,24.3393995550767,-1.74731629353233,0.417135599262079,-4.18884481838367,2.80378038278533e-05,0.000109995628877436,"Negative_interaction"
"ENSG00000112651.14","ENSG00000112651","MRPL2","protein_coding",0.0224374391933559,0.937105630644514,1.14939486964573,6.32422656521002e-09,1.12695743045237,50.4757543266558,1.12695734820096,0.269109292297566,4.1877310834545,2.81757083046639e-05,0.000110446947457719,"Positive_interaction"
"ENSG00000149646.12","ENSG00000149646","CNBD2","protein_coding",-0.343675922005829,0.376244046381313,1.72570544678481,1.31515515447644e-05,2.06938136879064,15.3830342655167,2.06938086126663,0.494563605051153,4.18425626174532,2.86101228167462e-05,0.000112058891854131,"Positive_interaction"
"ENSG00000296618.1","ENSG00000296618","ENSG00000296618","lncRNA",-0.00861568040522925,0.985651531309328,1.35052640325088,3.04515016889027e-11,1.35914208365611,47.2843259405903,1.35914190880349,0.325068549766324,4.18109321797052,2.90110889129485e-05,0.000113384223442947,"Positive_interaction"
"ENSG00000227258.8","ENSG00000227258","SMIM2-AS1","lncRNA",-0.147474085079435,0.628734755763121,-2.60101143890475,3.17629643613947e-06,-2.45353735382532,30.4670867477169,-2.45353749509708,0.587442320248819,-4.17664409002377,2.95841367966309e-05,0.000115499275446329,"Negative_interaction"
"ENSG00000162413.18","ENSG00000162413","KLHL21","protein_coding",1.40413213033662,1.65632536231781e-11,2.54276258659759,4.031691474667e-40,1.13863045626097,397.931675987599,1.13863035949981,0.272692800703528,4.1755057579893,2.97324732861307e-05,0.000116047132470403,"Positive_interaction"
"ENSG00000198743.8","ENSG00000198743","SLC5A3","protein_coding",2.56801433035006,3.29032438532768e-15,0.739009755396908,0.0243101744583947,-1.82900457495315,813.145589084423,-1.8290042241951,0.438465089311128,-4.17137936128198,3.0276133264625e-05,0.000118041894880534,"Negative_interaction"
"ENSG00000115282.23","ENSG00000115282","TTC31","protein_coding",-1.00214521989052,5.75068259388069e-08,-2.10543356830723,7.93311209192491e-25,-1.10328834841671,116.188071233958,-1.10328830369104,0.264753647306084,-4.1672260794788,3.08328670661668e-05,0.000120051023515016,"Negative_interaction"
"ENSG00000186567.16","ENSG00000186567","CEACAM19","protein_coding",-1.06284927140715,1.27712951089841e-06,0.0905907353239361,0.675080228085532,1.15344000673109,58.0480145231607,1.15343991796553,0.277056059167178,4.16320047802867,3.13817601877178e-05,0.000122089790239035,"Positive_interaction"
"ENSG00000186205.16","ENSG00000186205","MTARC1","protein_coding",0.5666093160514,0.0931053615467259,-1.1406878161006,0.000151000628139715,-1.707297132152,78.9905887568064,-1.7072968455168,0.410286318382536,-4.16123270268295,3.1653433966833e-05,0.000123014632621975,"Negative_interaction"
"ENSG00000162341.20","ENSG00000162341","TPCN2","protein_coding",-0.57339386426052,0.0224774399906675,-1.92320800880714,1.68888829554722e-15,-1.34981414454662,45.8439515905336,-1.34981402456823,0.324392579510285,-4.16105086807462,3.16786507809353e-05,0.000123079626573007,"Negative_interaction"
"ENSG00000232533.4","ENSG00000232533","FAM131B-AS2","lncRNA",0.978343335789186,9.27873679262962e-05,-0.116717901908407,0.412212600154102,-1.09506123769759,92.5321769366453,-1.09506123474676,0.263178128941608,-4.16091275954668,3.16978164176739e-05,0.00012312108162019,"Negative_interaction"
"ENSG00000177181.17","ENSG00000177181","RIMKLA","protein_coding",1.31801536294665,0.000659586169177986,-0.68658833642647,0.0495965131653039,-2.00460369937312,28.3286190578907,-2.0046032429085,0.481815226513069,-4.16052281580214,3.17519892892816e-05,0.000123298453585281,"Negative_interaction"
"ENSG00000232019.2","ENSG00000232019","ENSG00000232019","lncRNA",0.452829884808728,0.056869348215227,1.78310933074258,9.89864671373179e-13,1.33027944593385,68.9271755287896,1.33027930920727,0.320156059039948,4.15509646513135,3.25150331581052e-05,0.000126092550315028,"Positive_interaction"
"ENSG00000261578.1","ENSG00000261578","ENSG00000261578","lncRNA",1.16664634225894,2.08079303946898e-05,2.6867312840819,2.05991193171313e-23,1.52008494182296,49.5026168546648,1.52008471414556,0.365871458563316,4.15469607854777,3.25720195818438e-05,0.000126279750609973,"Positive_interaction"
"ENSG00000160999.13","ENSG00000160999","SH2B2","protein_coding",0.51940489569595,0.0974001888802852,1.87175828005763,6.61916088013357e-24,1.35235338436168,57.9417181920095,1.35235315586856,0.325514256133449,4.15451283741669,3.25981316552396e-05,0.000126347184794793,"Positive_interaction"
"ENSG00000160991.19","ENSG00000160991","ORAI2","protein_coding",0.117880241309248,0.63382082466169,-1.00254765179397,5.50967257385457e-07,-1.12042789310322,148.932000227325,-1.12042781406106,0.270047256134538,-4.14900647427006,3.3392136813216e-05,0.000129182820794748,"Negative_interaction"
"ENSG00000184613.13","ENSG00000184613","NELL2","protein_coding",1.39624614334549,1.90106115206847e-21,-1.4631889289587,0.04151772737293,-2.85943507230419,433.600987091161,-2.85943653696889,0.689678558334321,-4.14604238802909,3.38271230913664e-05,0.000130656361364627,"Negative_interaction"
"ENSG00000274425.1","ENSG00000274425","ENSG00000274425","lncRNA",-1.13992608480203,0.000963085086285016,-3.96865166962976,1.79948296885037e-10,-2.82872558482773,23.0555972618986,-2.82872552570764,0.682380416502511,-4.14537911302623,3.39251944241406e-05,0.000131000244496308,"Negative_interaction"
"ENSG00000149292.19","ENSG00000149292","TTC12","protein_coding",-1.10003942750224,0.000286158631946695,-2.76862967928268,1.51729609892186e-20,-1.66859025178044,54.0049896126717,-1.66859002652775,0.402718769037278,-4.14331328663079,3.4232379281457e-05,0.000132025266119308,"Negative_interaction"
"ENSG00000186603.7","ENSG00000186603","HPDL","protein_coding",-0.275787767200925,0.178107374104272,-1.33008592537326,3.77320335801855e-12,-1.05429815817233,368.586221840795,-1.05429810105993,0.254493343374918,-4.14273350759807,3.43190650540558e-05,0.000132290897357681,"Negative_interaction"
"ENSG00000174032.19","ENSG00000174032","SLC25A30","protein_coding",0.156216149825099,0.543193228176945,1.18670801627793,3.71941897271088e-15,1.03049186645283,190.434972750396,1.03049176953566,0.248943218883431,4.13946511239653,3.48116533599542e-05,0.000133981517297505,"Positive_interaction"
"ENSG00000290994.2","ENSG00000290994","ENSG00000290994","lncRNA",-1.7232651873204,4.02677689845423e-07,-3.89237534807136,6.64977066236622e-20,-2.16911016075096,26.702643474829,-2.1691099306222,0.524076470841652,-4.1389187481336,3.48946495837855e-05,0.000134242968348346,"Negative_interaction"
"ENSG00000167131.19","ENSG00000167131","DNAAF19","protein_coding",0.521092320991089,0.675555789054658,-4.26560725429462,1.10781012766029e-09,-4.78669957528571,10.465974694864,-4.78669328326913,1.15658448370923,-4.13864559890855,3.49362131218577e-05,0.00013436719760137,"Negative_interaction"
"ENSG00000175806.17","ENSG00000175806","MSRA","protein_coding",-0.818670296136395,0.00152029202963021,-2.27009898329749,1.92222464648396e-17,-1.4514286871611,49.1365674208415,-1.45142855272628,0.350952160217265,-4.13568775820538,3.53893120685827e-05,0.000135929475350623,"Negative_interaction"
"ENSG00000105991.11","ENSG00000105991","HOXA1","protein_coding",0.0701424841288983,0.803520561632441,1.19959808277675,6.34191166601147e-11,1.12945559864785,54.6867383010542,1.12945550507289,0.273151799729501,4.1349004699635,3.55108504455228e-05,0.000136360160216353,"Positive_interaction"
"ENSG00000241058.5","ENSG00000241058","NSUN6","protein_coding",-0.482152927005242,0.0211310218981055,-1.6522628963644,4.690766076726e-14,-1.17010996935916,66.5902058789596,-1.17010990156375,0.28308743092661,-4.13338698130718,3.574561096382e-05,0.000137225269957001,"Negative_interaction"
"ENSG00000234494.9","ENSG00000234494","SP2-AS1","lncRNA",-0.840230990294683,0.00651248258875518,-2.89036211667161,7.63507534768871e-12,-2.05013112637693,27.2809342135729,-2.05013094765324,0.49614326110818,-4.13213502703654,3.59409172927627e-05,0.000137910405716021,"Negative_interaction"
"ENSG00000242366.5","ENSG00000242366","UGT1A8","protein_coding",2.09985701690292,0.143803450829664,-3.08668750529948,2.20525146785354e-25,-5.1865445222024,29.5651323043985,-5.1865416449663,1.25531044428046,-4.13168046884149,3.60120793087905e-05,0.000138138447152724,"Negative_interaction"
"ENSG00000167700.11","ENSG00000167700","SLC33A2","protein_coding",-0.387232990083735,0.0627923360693264,-1.46398188394943,2.35771555364915e-14,-1.0767488938657,178.110509542364,-1.07674882582031,0.26062390132998,-4.13142777897806,3.60516962616921e-05,0.000138253819059127,"Negative_interaction"
"ENSG00000148291.12","ENSG00000148291","SURF2","protein_coding",-0.694139937782173,0.000149511117032999,-1.71245380232699,1.43580426832963e-20,-1.01831386454482,192.960193186455,-1.01831381382893,0.246492056404283,-4.13122365354746,3.60837294509008e-05,0.000138340054815464,"Negative_interaction"
"ENSG00000185920.19","ENSG00000185920","PTCH1","protein_coding",0.556909024181548,0.00359521258907474,-0.494990862229617,0.0122136870231911,-1.05189988641117,1382.93950229147,-1.05189983162957,0.254701368784152,-4.12993395618934,3.62867459539604e-05,0.000139044823470332,"Negative_interaction"
"ENSG00000163521.18","ENSG00000163521","GLB1L","protein_coding",-0.709451747278619,0.082943927491353,-3.23309382077889,2.74266298734567e-10,-2.52364207350027,14.9604478340256,-2.52364153756883,0.611284113227137,-4.12842650898587,3.65254139992986e-05,0.000139809161854227,"Negative_interaction"
"ENSG00000196358.14","ENSG00000196358","NTNG2","protein_coding",-1.63887165130705,0.0018233020832172,3.7444538099467,0.0032541076570789,5.38332546125375,8.95132816331668,5.38331525887646,1.30431846665548,4.12730126613962,3.67045398777168e-05,0.000140385904435965,"Positive_interaction"
"ENSG00000162062.17","ENSG00000162062","TEDC2","protein_coding",-0.958992922454602,7.85108933300469e-05,-2.83565944156379,2.97609059084114e-12,-1.87666651910919,54.3982488114475,-1.87666660143417,0.454835414228465,-4.12603447912592,3.69071959254712e-05,0.000141012149578679,"Negative_interaction"
"ENSG00000172602.12","ENSG00000172602","RND1","protein_coding",1.09828284079843,0.00054071693880786,3.24636423575772,2.4941817645118e-13,2.14808139495929,30.8144817004766,2.14808080961961,0.520831707526808,4.12432802875973,3.7181867569779e-05,0.000141986725908099,"Positive_interaction"
"ENSG00000006042.14","ENSG00000006042","TMEM98","protein_coding",-0.878362490672193,0.00423364061028036,-2.50813974663187,3.68941072654894e-18,-1.62977725595968,53.2717570122603,-1.62977702868189,0.395369291446918,-4.12216392102041,3.75329959070623e-05,0.000143214369848643,"Negative_interaction"
"ENSG00000130347.15","ENSG00000130347","RTN4IP1","protein_coding",-0.652280562765621,0.00965794090754703,-2.06764786767116,6.40632188398027e-15,-1.41536730490554,66.9614349629723,-1.41536718248934,0.3434117540552,-4.12148729848612,3.76434229009405e-05,0.000143560127547482,"Negative_interaction"
"ENSG00000288873.3","ENSG00000288873","ENSG00000288873","lncRNA",0.664368844443497,0.012694967492535,2.29361450963912,1.45565273295191e-12,1.62924566519562,32.056931663015,1.62924541020331,0.395454767603194,4.11992860796186,3.7898981022738e-05,0.000144484927941346,"Positive_interaction"
"ENSG00000168350.9","ENSG00000168350","DEGS2","protein_coding",-0.017893644542062,0.971780106198323,-1.72201208673279,4.68106580736199e-09,-1.70411844219073,87.0760395510282,-1.70411815146633,0.413716731953519,-4.11904576210803,3.8044459437803e-05,0.000144936989004374,"Negative_interaction"
"ENSG00000169621.13","ENSG00000169621","APLF","protein_coding",-0.35059697463467,0.161747830375419,-1.46753007365323,2.02623359853953e-17,-1.11693309901856,59.0435532863854,-1.11693301718759,0.271238728289273,-4.11789652691629,3.82346286887486e-05,0.00014554668740671,"Negative_interaction"
"ENSG00000102038.18","ENSG00000102038","SMARCA1","protein_coding",3.58923605078941,0.0032674501065906,-1.02040916297101,1.40557017616498e-06,-4.60964521376042,34.3797339725643,-4.6096467838997,1.1203588299328,-4.11443785753552,3.88124096965428e-05,0.000147436288682123,"Negative_interaction"
"ENSG00000102854.18","ENSG00000102854","MSLN","protein_coding",0.895595412678037,8.4942876382158e-06,-0.337578030557518,0.18483794861553,-1.23317344323556,1244.73870681796,-1.23317340234621,0.299785775523026,-4.11351539343298,3.89679043138094e-05,0.000147949402492985,"Negative_interaction"
"ENSG00000196338.17","ENSG00000196338","NLGN3","protein_coding",-0.0104686563795606,0.988760924677167,2.33915705358966,1.223870943863e-07,2.34962570996922,14.1593251862652,2.34962493468967,0.571370741254729,4.11225980793118,3.91805016724943e-05,0.000148678667252628,"Positive_interaction"
"ENSG00000228887.3","ENSG00000228887","EEF1DP1","processed_pseudogene",-0.0544894749729974,0.824795245760126,1.00600443376276,1.75896340653918e-07,1.06049390873576,54.6228867216133,1.0604938377436,0.258693426008636,4.09942322116912,4.1418104133507e-05,0.000156636525339975,"Positive_interaction"
"ENSG00000121897.17","ENSG00000121897","LIAS","protein_coding",-0.559316943422578,0.0247338697509445,0.621953923773924,0.00137177384047796,1.1812708671965,67.7843076619836,1.18127076438452,0.288169102541429,4.0992276894595,4.14531077687795e-05,0.000156728003596439,"Positive_interaction"
"ENSG00000213020.12","ENSG00000213020","ZNF611","protein_coding",-0.685453819608147,0.00532394703884533,-1.97658504893127,6.59232881432293e-18,-1.29113122932312,56.6403495555558,-1.29113111564214,0.314976525644634,-4.09913441326998,4.14698157439075e-05,0.000156750279019485,"Negative_interaction"
"ENSG00000142082.17","ENSG00000142082","SIRT3","protein_coding",-0.465497884555558,0.0157144678557494,-1.5227964774804,1.20191475680826e-14,-1.05729859292484,103.860753332491,-1.05729853928806,0.257984141846827,-4.09830825925653,4.16180786799838e-05,0.000157269673071793,"Negative_interaction"
"ENSG00000100150.22","ENSG00000100150","DEPDC5","protein_coding",0.100681975713074,0.691526953989212,-1.04294384945035,6.99621000931642e-07,-1.14362582516342,58.3820914569481,-1.14362574212504,0.279201082808933,-4.09606485268419,4.20232253624764e-05,0.000158635212803597,"Negative_interaction"
"ENSG00000203688.7","ENSG00000203688","LINC02487","lncRNA",-0.847233219838675,0.00197419485406865,0.678670947375493,0.0212664239837093,1.52590416721417,38.5737859006577,1.52590394434927,0.373058360047163,4.09025532669033,4.30898565977898e-05,0.000162365627097028,"Positive_interaction"
"ENSG00000259341.3","ENSG00000259341","LINC03080","lncRNA",-0.145698733793608,0.838911032303983,-4.04057221552533,9.6626612286505e-07,-3.89487348173172,7.74328949699932,-3.89487107806152,0.952208069461468,-4.09035714249335,4.30709440290302e-05,0.000162365627097028,"Negative_interaction"
"ENSG00000169884.15","ENSG00000169884","WNT10B","protein_coding",0.914275491770478,0.204035600798067,-1.78747899401168,1.37745449884049e-10,-2.70175448578216,25.508348510674,-2.70175385761113,0.66180237219039,-4.08241791075642,4.45695572457069e-05,0.000167679653064586,"Negative_interaction"
"ENSG00000263072.11","ENSG00000263072","ZNF213-AS1","lncRNA",-0.188581588720554,0.640305782029449,-2.18625092905781,2.88022773490456e-08,-1.99766934033726,27.1604677271047,-1.99766899005065,0.489710256381427,-4.07928762777372,4.51739168210966e-05,0.000169821116101513,"Negative_interaction"
"ENSG00000271122.2","ENSG00000271122","HERPUD2-AS1","lncRNA",-1.71225087323969,1.67318799306938e-13,-4.38525529550866,4.32745919415418e-12,-2.67300442226897,36.9649704226832,-2.6730052193795,0.655412257251568,-4.07835707954042,4.53550699165169e-05,0.000170413708382205,"Negative_interaction"
"ENSG00000109790.20","ENSG00000109790","KLHL5","protein_coding",2.77796342198782,0.0335384362699477,-1.998948982379,2.39776430559112e-18,-4.77691240436682,30.7843633684634,-4.7769122489587,1.17187422953662,-4.07630113245821,4.57577539614617e-05,0.000171748606684668,"Negative_interaction"
"ENSG00000262772.3","ENSG00000262772","LINC01977","lncRNA",0.290541565792526,0.679047913085993,-3.75873190821145,1.71792788008986e-05,-4.04927347400398,8.24342955558761,-4.04927080902903,0.994445806782742,-4.07188685538264,4.66338318596453e-05,0.000174629842715757,"Negative_interaction"
"ENSG00000106526.14","ENSG00000106526","ACTR3C","protein_coding",-0.00976525535177766,0.988925281554369,-2.3296895995233,3.10800852238745e-07,-2.31992434417152,16.4875390540794,-2.31992373195542,0.57000585698966,-4.06999981405017,4.70131752615841e-05,0.000175914003586593,"Negative_interaction"
"ENSG00000259673.7","ENSG00000259673","IQCH-AS1","lncRNA",-0.0940071743619787,0.720234133902629,-1.49606850195201,3.05018272889893e-07,-1.40206132759003,36.6797786008465,-1.40206124869246,0.344535285201141,-4.06942716440185,4.71288698999747e-05,0.000176255892281402,"Negative_interaction"
"ENSG00000125434.13","ENSG00000125434","SLC25A35","protein_coding",1.52824632312085,0.00302452822921725,-0.746223147004995,0.0226205736917546,-2.27446947012585,16.0547929807688,-2.27446894426634,0.558913298065481,-4.06944861061414,4.71245321767275e-05,0.000176255892281402,"Negative_interaction"
"ENSG00000286587.2","ENSG00000286587","ENSG00000286587","lncRNA",0.00585123047396866,0.997236296757723,3.2969926902511,2.16301418621705e-06,3.29114145977713,9.76472849510153,3.29113930821784,0.808900888838684,4.06865581881463,4.72851346192249e-05,0.00017670349945895,"Positive_interaction"
"ENSG00000230658.3","ENSG00000230658","KLHL7-DT","lncRNA",0.543744674725648,0.65146477403564,-4.3750332103691,1.28179455404558e-07,-4.91877788509475,6.83000694259398,-4.91877065833688,1.21290204268781,-4.05537338154432,5.0054281293573e-05,0.000186474715811429,"Negative_interaction"
"ENSG00000266208.2","ENSG00000266208","GJD3-AS1","lncRNA",-1.15289177534949,0.00238374253419773,-3.58726304686665,1.20148561934406e-12,-2.43437127151716,18.0980946512714,-2.43437088077281,0.60031867194805,-4.05513104044093,5.01062049746361e-05,0.000186620180542901,"Negative_interaction"
"ENSG00000162148.13","ENSG00000162148","SAXO4","protein_coding",-1.25304835308702,0.0673111128722422,1.70696313284207,0.00010334696932502,2.96001148592909,9.13169903785333,2.96000983490466,0.730321569886664,4.05302260942944,5.05601139520256e-05,0.000188165683459875,"Positive_interaction"
"ENSG00000103064.17","ENSG00000103064","SLC7A6","protein_coding",0.499308876987012,0.249481724972932,-1.57534680616545,3.04325169649108e-05,-2.07465568315246,963.211466716323,-2.07465514620108,0.51198438178246,-4.05218444159999,5.07416374416126e-05,0.000188759842456627,"Negative_interaction"
"ENSG00000185133.16","ENSG00000185133","INPP5J","protein_coding",-0.282298338386554,0.296239938724124,-1.68196445297754,6.11637103489605e-10,-1.39966611459099,81.23802439654,-1.39966599670729,0.345460102755546,-4.05159954953676,5.0868674278312e-05,0.000189168290387811,"Negative_interaction"
"ENSG00000179598.7","ENSG00000179598","PLD6","protein_coding",0.613257347255269,0.0515740777692498,2.18275096788401,5.37333065888029e-15,1.56949362062874,123.64141530527,1.56949337739139,0.387498247270304,4.05032381035925,5.11468076469121e-05,0.000190007571499372,"Positive_interaction"
"ENSG00000235257.12","ENSG00000235257","ITGA9-AS1","lncRNA",0.0673101012499132,0.801350950390254,-1.30297380098259,5.10197357293097e-06,-1.3702839022325,51.2665643005792,-1.37028382469094,0.338491047786872,-4.04821289558513,5.16101917759692e-05,0.000191630771001113,"Negative_interaction"
"ENSG00000172059.13","ENSG00000172059","KLF11","protein_coding",0.151129402047975,0.531912084174314,1.23190213636218,1.91466256998837e-10,1.08077273431421,704.9671351115,1.08077265673819,0.267141501897288,4.04569357086914,5.21684373329817e-05,0.000193307336698944,"Positive_interaction"
"ENSG00000134824.16","ENSG00000134824","FADS2","protein_coding",1.22533231527556,2.26309855302445e-06,2.86757205345988,9.46162719060649e-18,1.64223973818432,81.3326821452729,1.64223946619344,0.405972669685256,4.04519710025466,5.2279120791135e-05,0.000193667949515626,"Positive_interaction"
"ENSG00000213005.3","ENSG00000213005","PTTG3P","processed_pseudogene",-0.275799638782814,0.531912084174314,1.61825120290886,7.57985801308709e-07,1.89405084169167,20.5248558149355,1.89405040786824,0.46896917963246,4.03875241727536,5.37362467004916e-05,0.000199014998002434,"Positive_interaction"
"ENSG00000180861.9","ENSG00000180861","LINC01559","lncRNA",3.1832258063651,8.72792738201396e-09,0.257852574800246,0.657549423657064,-2.92537323156485,483.130883077429,-2.92537175300813,0.724440743830134,-4.03811047062542,5.3883478045596e-05,0.000199458330481935,"Negative_interaction"
"ENSG00000249264.1","ENSG00000249264","EEF1A1P9","processed_pseudogene",0.246836354694739,0.238489070400945,1.29702344475381,6.69313037965716e-11,1.05018709005907,69.8582763382589,1.05018701882009,0.260359423526266,4.03360479369836,5.49276681714253e-05,0.000202857229138709,"Positive_interaction"
"ENSG00000104863.14","ENSG00000104863","LIN7B","protein_coding",-0.0447187828025978,0.941480082189076,2.18258177460615,2.69269117842526e-08,2.22730055740875,16.2851651100442,2.22729984263576,0.552585328088258,4.03068943278208,5.56134867040563e-05,0.000205233167638193,"Positive_interaction"
"ENSG00000169550.15","ENSG00000169550","MUC15","protein_coding",0.573227424071839,0.438829344072505,-4.70344443550522,0.000109158261633526,-5.27667185957706,6.80113285789236,-5.27666814563916,1.31027466711165,-4.02714658085466,5.64578383507182e-05,0.000208137113553449,"Negative_interaction"
"ENSG00000149591.19","ENSG00000149591","TAGLN","protein_coding",-1.00971079353886,0.0398519215172672,0.92361562157794,2.52915311151485e-05,1.9333264151168,46.1308571015324,1.93332581912217,0.480137041663468,4.02661251134473,5.65861690687805e-05,0.00020855716229521,"Positive_interaction"
"ENSG00000172244.11","ENSG00000172244","C5orf34","protein_coding",-0.783739797697408,0.000430571055833055,0.356041852011389,0.0917156613074255,1.1397816497088,71.9727711407423,1.13978155802604,0.283123062034901,4.02574608311328,5.67949496427848e-05,0.000209220236457356,"Positive_interaction"
"ENSG00000136367.16","ENSG00000136367","ZFHX2","protein_coding",0.20598337735867,0.812981565247507,-4.51364138688351,1.00986698596371e-05,-4.71962476424218,8.88724767572878,-4.71962018567667,1.1734370998806,-4.02204786788906,5.76943288533458e-05,0.000212263572922744,"Negative_interaction"
"ENSG00000188766.15","ENSG00000188766","SPRED3","protein_coding",-0.0151640562448803,0.979307213884729,1.7564139903926,1.01445808950501e-08,1.77157804663748,21.1983966561457,1.77157768008576,0.440556877390261,4.02122352641526,5.78966330259272e-05,0.000212953808581659,"Positive_interaction"
"ENSG00000101400.8","ENSG00000101400","SNTA1","protein_coding",0.473945279498778,0.0168396452608043,1.49108878668974,9.91625692512247e-16,1.01714350719096,115.626127243262,1.01714344112321,0.253028909206981,4.01987047373776,5.82301469295394e-05,0.000214017572737227,"Positive_interaction"
"ENSG00000197013.13","ENSG00000197013","ZNF429","protein_coding",-0.65894012218728,0.00266223562827774,-1.68461433743353,8.95609291134082e-25,-1.02567421524625,67.8683697636496,-1.02567414861869,0.255190732675435,-4.01924528318665,5.83848639678198e-05,0.000214531807459849,"Negative_interaction"
"ENSG00000290082.2","ENSG00000290082","ENSG00000290082","lncRNA",0.174436399170738,0.788049062672703,-3.69466658051485,2.03969559190691e-05,-3.86910297968559,11.5732867518962,-3.86910114909146,0.962998636343392,-4.01776389194365,5.87530221562232e-05,0.000215775163985805,"Negative_interaction"
"ENSG00000265688.2","ENSG00000265688","MILIP","lncRNA",-0.210215670044357,0.799623634111948,-4.56517125080842,9.09243575408753e-07,-4.35495558076406,12.0569420048013,-4.3549521081057,1.08498681318192,-4.01382952787603,5.97415003805646e-05,0.00021901690450674,"Negative_interaction"
"ENSG00000143942.7","ENSG00000143942","CHAC2","protein_coding",-1.28858024465487,0.000109420316257736,-3.5531622312422,2.76835815351974e-13,-2.26458198658733,23.3662608773987,-2.26458181133809,0.564722802445992,-4.01007680499082,6.06990003007689e-05,0.000222189924819081,"Negative_interaction"
"ENSG00000283199.3","ENSG00000283199","C13orf46","protein_coding",1.06672399529245,0.287199412075618,-2.560740777324,1.53360204773839e-11,-3.62746477261645,15.4546711995508,-3.627462735593,0.905323854240143,-4.00681227894697,6.15437384210827e-05,0.000225111523775449,"Negative_interaction"
"ENSG00000197119.14","ENSG00000197119","SLC25A29","protein_coding",0.261771823725941,0.457626460035386,1.46141580491613,3.32655703312731e-43,1.19964398119019,149.4889431226,1.19964369038931,0.299584312008311,4.004360850364,6.21853814110955e-05,0.000227171804237357,"Positive_interaction"
"ENSG00000248008.5","ENSG00000248008","NRAV","lncRNA",-1.60858511163486,5.08680705087224e-09,-2.95705184248594,3.34936715258766e-41,-1.34846673085108,68.4149694734128,-1.34846659117178,0.336895681054328,-4.00262356273522,6.2643932281046e-05,0.000228674021817864,"Negative_interaction"
"ENSG00000174564.15","ENSG00000174564","IL20RB","protein_coding",-1.77422694023514,7.11891147825057e-07,-3.80474948550073,1.9070209698751e-22,-2.03052254526559,38.6705818197261,-2.03052222630684,0.507324060148411,-4.00241657317186,6.26987793572178e-05,0.000228816597946311,"Negative_interaction"
"ENSG00000170364.15","ENSG00000170364","SETMAR","protein_coding",-0.708340190246013,0.00184780181469208,-1.96546726777255,5.37263993556295e-16,-1.25712707752654,52.4491020358286,-1.25712699210953,0.314221205458401,-4.00077069997734,6.3136515425274e-05,0.00023035608800178,"Negative_interaction"
"ENSG00000275183.2","ENSG00000275183","LENG9","protein_coding",-0.270771508967271,0.130007025900632,-1.45392040537069,2.53935557767898e-08,-1.18314889640342,75.9048931913014,-1.18314890706507,0.295760558846608,-4.00036066904611,6.32460164308213e-05,0.000230581451601374,"Negative_interaction"
"ENSG00000184678.11","ENSG00000184678","H2BC21","protein_coding",1.67168253653812,6.27177547232986e-06,3.65490476362275,1.41126660229324e-23,1.98322222708463,325.871700093976,1.98322173826797,0.495775953731798,4.000237856112,6.32788492689633e-05,0.000230643129679531,"Positive_interaction"
"ENSG00000131470.16","ENSG00000131470","PSMC3IP","protein_coding",-0.584234461257755,0.0105601114220466,-1.79040992425548,3.73763341623747e-15,-1.20617546299773,53.1562972023915,-1.20617537542435,0.301894048379589,-3.99535990158958,6.45960473560075e-05,0.000235148434635333,"Negative_interaction"
"ENSG00000184786.8","ENSG00000184786","DYNLT2","protein_coding",-0.859835661700858,0.139223128072785,1.63894465009357,3.67112843574244e-05,2.49878031179443,11.0967471939608,2.49877928248776,0.625601123964168,3.99420523200798,6.49116204667163e-05,0.000236138285122903,"Positive_interaction"
"ENSG00000236790.8","ENSG00000236790","LINC00299","lncRNA",0.355774279907232,0.358165742553582,-1.32107800967448,4.57801513933754e-06,-1.67685228958171,27.8192225205383,-1.67685199455262,0.420096990634999,-3.99158297234638,6.56337165745807e-05,0.000238386922455845,"Negative_interaction"
"ENSG00000160326.16","ENSG00000160326","SLC2A6","protein_coding",0.599015566067466,0.230778486487806,-1.74636739597548,4.95614496127077e-05,-2.34538296204295,19.0577538316531,-2.34538215779679,0.587644304344312,-3.99115951683349,6.57510348206574e-05,0.000238753193841385,"Negative_interaction"
"ENSG00000158406.6","ENSG00000158406","H4C8","protein_coding",2.11711550557584,3.54249640138122e-07,-0.222979633506679,0.659559540436343,-2.34009513908252,22.6446875627444,-2.34009434031335,0.586383680351691,-3.99072214784329,6.58724161280809e-05,0.000239134031695428,"Negative_interaction"
"ENSG00000126561.20","ENSG00000126561","STAT5A","protein_coding",1.6179132160293,1.21449938112148e-10,2.93160898550988,1.91707915674398e-36,1.31369576948058,137.437054675312,1.31369559912743,0.329227094897185,3.99024144576462,6.60060681116335e-05,0.000239488170859423,"Positive_interaction"
"ENSG00000135373.15","ENSG00000135373","EHF","protein_coding",0.77536837714214,6.92851431086404e-05,-0.233674194647038,0.229940245286699,-1.00904257178918,2695.13848407262,-1.00904250724428,0.2532115520326,-3.98497817001006,6.74863295737588e-05,0.000244258713332396,"Negative_interaction"
"ENSG00000185347.21","ENSG00000185347","TEDC1","protein_coding",-0.785400968755988,0.00492539887729065,-2.36898278784983,5.79473046207543e-14,-1.58358181909384,42.0219177094215,-1.58358166477241,0.397384309735444,-3.98501306160444,6.74764139184784e-05,0.000244258713332396,"Negative_interaction"
"ENSG00000129467.16","ENSG00000129467","ADCY4","protein_coding",0.496647270891745,0.452785230554403,3.20734057657103,3.35004424086973e-13,2.71069330567929,12.7491986239268,2.71069171872847,0.680425017963907,3.98382135748021,6.78158596736375e-05,0.000245390121945157,"Positive_interaction"
"ENSG00000008853.20","ENSG00000008853","RHOBTB2","protein_coding",0.271822063112881,0.282876445443541,-1.04837835185649,9.01106994858003e-05,-1.32020041496937,254.052910311091,-1.32020033401372,0.331551571397836,-3.98188531710978,6.83707697158622e-05,0.00024733629423921,"Negative_interaction"
"ENSG00000005001.12","ENSG00000005001","PRSS22","protein_coding",2.54226320160687,4.30582658295815e-26,3.81180317927953,8.27308353946658e-66,1.26953997767266,569.741971522961,1.26953981314659,0.318856077836107,3.98154497089164,6.84687630681161e-05,0.000247628977884487,"Positive_interaction"
"ENSG00000135917.18","ENSG00000135917","SLC19A3","protein_coding",1.87264225028862,1.3722664963226e-07,-0.127167055349032,0.775254245775307,-1.99980930563765,34.4997259077408,-1.99980881052663,0.502494235909648,-3.97976467711406,6.89835191423396e-05,0.000249428432986723,"Negative_interaction"
"ENSG00000228544.1","ENSG00000228544","CCDC183-AS1","lncRNA",-0.899165732741456,0.317245806970655,-6.64051559160417,2.15343949808233e-07,-5.74134985886271,19.2619366375748,-5.74134443620299,1.44290992348564,-3.97900405476013,6.92045608271861e-05,0.000250165252059761,"Negative_interaction"
"ENSG00000154309.11","ENSG00000154309","DISP1","protein_coding",-0.226376433051467,0.223969202427322,-1.27691792722687,6.52075426856778e-09,-1.0505414941754,71.8392734966362,-1.0505414662468,0.264206926493156,-3.9762071350314,7.00231395870223e-05,0.000252872000721437,"Negative_interaction"
"ENSG00000237361.6","ENSG00000237361","TUSC8","lncRNA",-1.43724874541516,0.0287642882497513,-4.75053520459411,1.01882576469251e-14,-3.31328645917895,15.7915494986889,-3.31328458631268,0.834230866238033,-3.97166386476917,7.1372380360852e-05,0.000257680253161302,"Negative_interaction"
"ENSG00000253716.9","ENSG00000253716","MINCR","lncRNA",-1.20650054965446,0.0122889420094454,0.836710019619399,0.00493946620897948,2.04321056927386,19.2011061658665,2.04320998760927,0.514979720923686,3.96755426397081,7.26139819419157e-05,0.000261901898034406,"Positive_interaction"
"ENSG00000120162.12","ENSG00000120162","MOB3B","protein_coding",2.15094790837203,0.000663918775618455,-0.183545252952985,0.162059373638385,-2.33449316132501,116.115923195404,-2.33449408039025,0.588536366792686,-3.96660973239838,7.29022191551151e-05,0.000262810686566151,"Negative_interaction"
"ENSG00000169213.9","ENSG00000169213","RAB3B","protein_coding",-1.06311601402279,6.22566736642185e-05,3.38043912797138,0.00318473909585082,4.44355514199417,91.5697878724027,4.44354869261147,1.1206880132325,3.96501848877151,7.33902584110174e-05,0.000264438494503348,"Positive_interaction"
"ENSG00000234684.9","ENSG00000234684","SDCBP2-AS1","lncRNA",-0.599307126816147,0.193261168932735,-3.27378178531591,8.70496125767318e-09,-2.67447465849976,15.2958421497027,-2.67447396060374,0.674734318390543,-3.96374378434346,7.37834416005184e-05,0.000265789121470225,"Negative_interaction"
"ENSG00000185669.7","ENSG00000185669","SNAI3","protein_coding",-1.25033057526571,0.251446872828849,2.75016357303054,2.4265114180426e-09,4.00049414829625,9.83310856469628,4.00048937269618,1.00974460602784,3.96188238968011,7.43611698332539e-05,0.000267670659022234,"Positive_interaction"
"ENSG00000106384.14","ENSG00000106384","MOGAT3","protein_coding",-0.959275498687988,0.000105322876326514,0.367159793057105,0.167931987446508,1.32643529174509,54.3778854551579,1.32643513452939,0.334963554516326,3.95993867585,7.49690123815327e-05,0.000269724659243588,"Positive_interaction"
"ENSG00000198133.11","ENSG00000198133","TMEM229B","protein_coding",1.67635918722663,3.80893437914017e-05,-0.0447975630566952,0.865367862330599,-1.72115675028333,34.6136784712396,-1.72115665300842,0.434721520459678,-3.9592165835003,7.51960214081225e-05,0.000270407132071094,"Negative_interaction"
"ENSG00000167165.20","ENSG00000167165","UGT1A6","protein_coding",0.511127660538113,0.0495434858992867,1.70613782059496,4.02716878555857e-17,1.19501016005685,93.9678536335789,1.19501002874892,0.301897410104107,3.95833150187287,7.54751571852597e-05,0.000271343581723836,"Positive_interaction"
"ENSG00000273151.1","ENSG00000273151","GET4-AS1","lncRNA",-1.11409375414517,6.25181040022474e-06,-2.93838265424683,8.31040571185569e-13,-1.82428890010166,34.0282312336252,-1.82428894968107,0.461169102503505,-3.95579179042508,7.6281577573843e-05,0.000273835180133796,"Negative_interaction"
"ENSG00000182986.17","ENSG00000182986","ZNF320","protein_coding",-0.327840562980307,0.165768248270758,-1.37979943393042,1.44970076644356e-14,-1.05195887095011,105.086357340658,-1.05195879688519,0.265985158771532,-3.95495298212775,7.65497046919922e-05,0.000274729648438918,"Negative_interaction"
"ENSG00000141574.10","ENSG00000141574","SECTM1","protein_coding",2.91519523875038,1.29796052885658e-19,1.24238696579394,3.73582678825375e-05,-1.67280827295644,106.231820918203,-1.67280800836995,0.423239512743813,-3.95239092287326,7.73742017588841e-05,0.00027748253696851,"Negative_interaction"
"ENSG00000143217.11","ENSG00000143217","NECTIN4","protein_coding",1.2555025744712,5.91255092723468e-11,2.28264214269171,2.91817330397878e-33,1.02713956822051,219.13802596709,1.02713949592486,0.259972477467779,3.9509547546323,7.7840040708331e-05,0.000278946060817293,"Positive_interaction"
"ENSG00000041353.12","ENSG00000041353","RAB27B","protein_coding",1.64843654451986,0.0903306908253849,-1.70112195973029,5.48787460749627e-39,-3.34955850425015,150.970970399998,-3.34955976394877,0.849322419986298,-3.94380235953598,8.01997620825073e-05,0.000286622676226805,"Negative_interaction"
"ENSG00000180525.15","ENSG00000180525","DIP2C-AS1","lncRNA",-1.54237182648788,5.82475329321603e-06,-4.05023270593284,8.41617519033122e-13,-2.50786087944496,30.767696823621,-2.50786088735187,0.635975746283549,-3.94332787375471,8.03586728446248e-05,0.000287119794591791,"Negative_interaction"
"ENSG00000299712.1","ENSG00000299712","ENSG00000299712","lncRNA",0.404063203344834,0.617939234861245,5.32264860073327,2.08040149382171e-06,4.91858539738844,6.32684670987656,4.91857766361817,1.24816361617993,3.94065136962713,8.12606543080627e-05,0.00029019945841115,"Positive_interaction"
"ENSG00000067715.17","ENSG00000067715","SYT1","protein_coding",2.71585058819913,4.02998034568717e-05,0.207817595608786,0.30217303317223,-2.50803299259034,79.8043281954518,-2.50803389479964,0.636840235041203,-3.93824660691763,8.20792127302341e-05,0.000292474047427232,"Negative_interaction"
"ENSG00000172201.14","ENSG00000172201","ID4","protein_coding",-0.658304023375772,0.00126802253371447,0.962869103682239,0.0130810629725125,1.62117312705801,81.0538830491584,1.62117268680328,0.412102370175928,3.9339076989807,8.35758882177333e-05,0.000297587658980686,"Positive_interaction"
"ENSG00000096093.18","ENSG00000096093","EFHC1","protein_coding",-0.0481308997070222,0.88130472963083,-1.17261005176229,3.42988809644283e-11,-1.12447915205527,56.9736759076885,-1.12447906551283,0.28598392326594,-3.93196600938704,8.42539808112357e-05,0.00029963403433532,"Negative_interaction"
"ENSG00000303324.1","ENSG00000303324","ENSG00000303324","lncRNA",0.864682592686301,0.299540678588327,-2.11653086471284,2.45288428343652e-10,-2.98121345739914,21.2479458712781,-2.98121238188539,0.758749807663069,-3.92911121924031,8.52604016069725e-05,0.000302767395267887,"Negative_interaction"
"ENSG00000174276.7","ENSG00000174276","ZNHIT2","protein_coding",-0.660291589877368,0.00271064518818498,-1.77539255170055,9.9467595887501e-18,-1.11510096182318,76.6462605467339,-1.11510088188587,0.283901330595922,-3.9277761733107,8.57349440373131e-05,0.000304303406561044,"Negative_interaction"
"ENSG00000183111.14","ENSG00000183111","ARHGEF37","protein_coding",1.33574299140866,0.012738982464183,-0.657836591427738,0.000211498145922882,-1.9935795828364,53.3916340726551,-1.99357970086335,0.507744043560529,-3.92634778516252,8.62454279766197e-05,0.000306040338451805,"Negative_interaction"
"ENSG00000105290.16","ENSG00000105290","APLP1","protein_coding",-0.311529120572379,0.7578449178945,2.84096301544806,1.09654820627854e-22,3.15249213602044,23.1511326139219,3.15248896596277,0.803169704225468,3.92505960991502,8.67082636719672e-05,0.000307566626596431,"Positive_interaction"
"ENSG00000124469.14","ENSG00000124469","CEACAM8","protein_coding",4.67548080094604,2.68898945396058e-08,0.29165628356287,0.753885993216169,-4.38382451738317,41.1982882460112,-4.38381908250315,1.11689460388459,-3.92500694985552,8.67272340381655e-05,0.000307566626596431,"Negative_interaction"
"ENSG00000213398.9","ENSG00000213398","LCAT","protein_coding",-0.224424497313179,0.787886794863398,2.58906229871646,1.07991183780384e-11,2.81348679602964,19.401298382526,2.81348487751802,0.717495495868915,3.92125789460293,8.80879244527331e-05,0.000311891082621307,"Positive_interaction"
"ENSG00000090924.17","ENSG00000090924","PLEKHG2","protein_coding",0.0174272843441447,0.983020453170254,-2.48986565630778,6.96055860704823e-08,-2.50729294065192,101.216294570527,-2.50729191652215,0.63967128764881,-3.91965680644822,8.86751513700324e-05,0.000313816921527353,"Negative_interaction"
"ENSG00000198890.9","ENSG00000198890","PRMT6","protein_coding",-1.37700183775331,6.15002354515821e-07,-5.52751087462128,1.90851975823967e-07,-4.15050903686797,53.6479512550008,-4.15051216227097,1.06026973060853,-3.91458139608386,9.05611843612044e-05,0.000319944584047434,"Negative_interaction"
"ENSG00000188266.15","ENSG00000188266","HYKK","protein_coding",0.0281321222221478,0.931613748058272,1.12140577975544,8.7611081660493e-10,1.09327365753329,53.6148390421257,1.09327355895184,0.279634989620667,3.9096450713657,9.24318317033128e-05,0.000326155857084103,"Positive_interaction"
"ENSG00000254024.2","ENSG00000254024","GRHL2-DT","lncRNA",-0.296858904431451,0.509905372533507,-3.67154430433771,6.60266205523136e-06,-3.37468539990626,12.9264078039179,-3.37468496992394,0.863266792802275,-3.90920280736072,9.26011996036636e-05,0.000326594447470502,"Negative_interaction"
"ENSG00000136052.12","ENSG00000136052","SLC41A2","protein_coding",0.277573031458927,0.356992439341567,-1.06901033634629,2.11720484252042e-05,-1.34658336780522,160.286249243512,-1.34658320819491,0.344531729128678,-3.90844469274405,9.28922065965239e-05,0.00032746141036167,"Negative_interaction"
"ENSG00000196741.6","ENSG00000196741","LINC01560","lncRNA",0.0502934865211242,0.91425229202244,-2.18993879847968,9.26460721108549e-06,-2.2402322850008,17.0777107380003,-2.24023187112757,0.573247533369844,-3.90796600197882,9.30763996385173e-05,0.000327951175191197,"Negative_interaction"
"ENSG00000128408.10","ENSG00000128408","RIBC2","protein_coding",-1.45753939013498,4.483791726779e-05,-5.82757735352114,1.26586843198697e-07,-4.37003796338616,19.7045024990244,-4.37004065714254,1.1188080825021,-3.9059788050238,9.38447378010093e-05,0.000330256906316714,"Negative_interaction"
"ENSG00000289586.3","ENSG00000289586","ENSG00000289586","lncRNA",-0.543983604411238,0.0750386816792328,-2.52001915053074,1.45241539121986e-08,-1.9760355461195,25.5649105894793,-1.97603542995059,0.506542659651116,-3.90102470601704,9.57863736214476e-05,0.000336599448720179,"Negative_interaction"
"ENSG00000151014.8","ENSG00000151014","NOCT","protein_coding",-0.0808006570927592,0.862492815593303,1.66057890361904,4.56276418913966e-08,1.7413795607118,34.0226168969857,1.74137918359842,0.446676811174554,3.89852157093043,9.678178055277e-05,0.000339767820680897,"Positive_interaction"
"ENSG00000235105.1","ENSG00000235105","ENSG00000235105","processed_pseudogene",0.822567984008485,0.0299338326490892,-0.808923142676998,0.00218244357425783,-1.63149112668548,25.5991716998417,-1.6314908770581,0.418522500510903,-3.89821544855172,9.6904182516726e-05,0.000340115139993314,"Negative_interaction"
"ENSG00000289727.1","ENSG00000289727","ENSG00000289727","lncRNA",-0.294493970389114,0.744281193483791,3.25689305977997,2.88057477686931e-07,3.55138703016908,6.27532305526582,3.55138383346598,0.911134322623503,3.89776100546865,9.708615957315e-05,0.000340588870620695,"Positive_interaction"
"ENSG00000131620.20","ENSG00000131620","ANO1","protein_coding",1.28862423228107,2.64084127067784e-05,-0.1597639451785,0.559191173467305,-1.44838817745957,85.7378684131619,-1.44838801408321,0.371675393290093,-3.89691661119125,9.74251456357463e-05,0.000341612680995218,"Negative_interaction"
"ENSG00000275202.1","ENSG00000275202","ENSG00000275202","lncRNA",-1.50383499485845,8.49095377845763e-12,-3.01225728867614,1.66428689759599e-19,-1.50842229381769,40.9752329392746,-1.50842233176844,0.387157813965657,-3.89614332284212,9.77365659189671e-05,0.000342538890761226,"Negative_interaction"
"ENSG00000161647.21","ENSG00000161647","MPP3","protein_coding",0.360369586291663,0.321591297187048,1.81471732682185,3.97910967353314e-15,1.45434774053019,62.0022071302557,1.45434746379998,0.373507127077819,3.89376094421077,9.87019209184598e-05,0.000345587880635497,"Positive_interaction"
"ENSG00000233654.3","ENSG00000233654","NEMP2-DT","lncRNA",-0.459783661063935,0.55067546959551,-4.36472531678033,1.45119340864657e-07,-3.90494165571639,31.1748325674483,-3.90493908470118,1.00385338750451,-3.88994960151354,0.000100265043221488,0.000350552715649167,"Negative_interaction"
"ENSG00000163376.11","ENSG00000163376","KBTBD8","protein_coding",-1.08439457910601,8.80253697309004e-07,-2.3562964647363,1.35850747979299e-19,-1.27190188563029,51.5991140152266,-1.27190182679699,0.327159501782423,-3.88771171207756,0.000101193713188403,0.000353628958651153,"Negative_interaction"
"ENSG00000177613.9","ENSG00000177613","CSTF2T","protein_coding",-0.93137889480097,3.78409859216815e-05,-2.12877677362296,3.85501895300066e-20,-1.19739787882199,263.794092458331,-1.19739779055043,0.308006093027344,-3.88757825788898,0.000101249349186214,0.000353738083029559,"Negative_interaction"
"ENSG00000213225.8","ENSG00000213225","NOC2LP1","transcribed_processed_pseudogene",-0.379077378378663,0.451851608689742,-2.35168554635573,1.4001587585013e-13,-1.97260816797707,19.9345473606854,-1.97260765917611,0.507647363510505,-3.88578332316168,0.000102000454574784,0.000356190503059704,"Negative_interaction"
"ENSG00000133106.17","ENSG00000133106","EPSTI1","protein_coding",0.000416315845122344,1,1.00354324052036,8.72020085389426e-08,1.00312692467524,166.379594673163,1.00312685743359,0.258187620216784,3.88526319190413,0.000102219088726088,0.000356782040900401,"Positive_interaction"
"ENSG00000136783.12","ENSG00000136783","NIPSNAP3A","protein_coding",-1.01842458248608,1.82164429303409e-06,0.0420455860536356,0.851733547723185,1.06047016853972,206.350281090635,1.06047008950489,0.273086665962352,3.88327304728635,0.000103059725295913,0.000359456447409955,"Positive_interaction"
"ENSG00000263155.9","ENSG00000263155","MYZAP","protein_coding",3.13047929567431,1.63997980630957e-50,2.03079863775568,6.85555666387502e-24,-1.09968065791863,396.535936118519,-1.09968058167167,0.283551269445331,-3.87824249146481,0.000105213816240239,0.00036626438264558,"Negative_interaction"
"ENSG00000181856.17","ENSG00000181856","SLC2A4","protein_coding",-1.63317571209605,0.0207969610302156,1.24794428394395,0.00290249871061498,2.88111999604,9.95044450961421,2.88111834055089,0.743316588041578,3.87603127241085,0.000106174044315857,0.000369252279871707,"Positive_interaction"
"ENSG00000120262.12","ENSG00000120262","CCDC170","protein_coding",0.265965725267472,0.0607234440595245,-0.927027209429337,0.00169453858500606,-1.19299293469681,141.197319716859,-1.19299302950174,0.308136885629107,-3.87163330695081,0.000108108505729906,0.000375529354035904,"Negative_interaction"
"ENSG00000308820.1","ENSG00000308820","ENSG00000308820","lncRNA",-1.89451781831654,6.79577036684633e-05,-6.30601334219921,5.94406891970469e-09,-4.41149552388267,12.535419166247,-4.4114956395955,1.14023184418974,-3.86894618149379,0.00010930676368612,0.000378964980703171,"Negative_interaction"
"ENSG00000288649.2","ENSG00000288649","ACTL10","protein_coding",-1.11646458704159,0.00764044302690943,-4.57036602223623,4.43246050448765e-08,-3.45390143519464,28.1076813929484,-3.45390166001278,0.892806293266135,-3.86859018139023,0.000109466450007722,0.000379360782079682,"Negative_interaction"
"ENSG00000188993.6","ENSG00000188993","LRRC66","protein_coding",-0.611723463599891,0.0512345766580907,-3.52366575956584,1.18972071330312e-06,-2.91194229596595,26.5005040619668,-2.91194279379074,0.753704323337989,-3.86350814719277,0.000111770163719252,0.000386765332526122,"Negative_interaction"
"ENSG00000160179.22","ENSG00000160179","ABCG1","protein_coding",-0.272845153426866,0.418356332613946,1.08322024373787,2.86415383979351e-06,1.35606539716474,42.2443183716719,1.35606521338091,0.351295216974913,3.86018695346412,0.000113300306948993,0.000391592665944386,"Positive_interaction"
"ENSG00000102984.17","ENSG00000102984","ZNF821","protein_coding",0.956615562929739,0.000344753603788228,-0.357198982371063,0.163670562498175,-1.3138145453008,36.3681798943356,-1.31381439351267,0.340496047224131,-3.85853052986501,0.000114070820055631,0.000393879991481108,"Negative_interaction"
"ENSG00000307857.1","ENSG00000307857","ENSG00000307857","lncRNA",2.26093033738024,8.08539865397562e-06,0.155102848942448,0.627874342158075,-2.10582748843779,17.7602148624615,-2.10582723121814,0.545889524384713,-3.85760696469065,0.000114502575169212,0.000395276636339263,"Negative_interaction"
"ENSG00000164002.14","ENSG00000164002","EXO5","protein_coding",-0.793870557470865,3.17545904771624e-05,-2.42870999437427,9.67300945015404e-10,-1.6348394369034,53.41478057476,-1.63483964633455,0.424479551354785,-3.85139788504943,0.000117445501371376,0.000404761047770269,"Negative_interaction"
"ENSG00000215440.14","ENSG00000215440","NPEPL1","protein_coding",-0.131887172969749,0.603777267616479,-1.29960888446524,5.90599392143338e-08,-1.16772171149549,246.503245755668,-1.16772165059587,0.303209993530789,-3.85119776890629,0.000117541526929556,0.000404995674812916,"Negative_interaction"
"ENSG00000280088.1","ENSG00000280088","ENSG00000280088","TEC",0.707879824177175,0.0143710568301985,-0.886621510241767,0.00940899909607063,-1.59450133441894,37.1437752775937,-1.59450111067447,0.414202863666313,-3.84956563689771,0.000118327473058405,0.000407606783827526,"Negative_interaction"
"ENSG00000273356.1","ENSG00000273356","LINC02019","lncRNA",2.16071075180004,1.5388515535627e-06,4.48420178076534,7.00183360891142e-24,2.3234910289653,25.924546150508,2.32348984093461,0.604143911375233,3.84592114095062,0.000120100387984266,0.000413321021768696,"Positive_interaction"
"ENSG00000167535.10","ENSG00000167535","CACNB3","protein_coding",0.273171388318217,0.28557417739004,1.35796386996297,1.81477468944841e-12,1.08479248164475,303.047668750364,1.08479237881056,0.282436733877766,3.84083318029035,0.000122617423623746,0.000421283002170537,"Positive_interaction"
"ENSG00000148204.14","ENSG00000148204","CRB2","protein_coding",-1.66565325626732,1.11999405073884e-06,-4.66982941441353,2.01615990800182e-10,-3.00417615814621,46.6895608598684,-3.00417695306076,0.782329019139723,-3.84004284586588,0.000123012839631951,0.00042254137756488,"Negative_interaction"
"ENSG00000112763.19","ENSG00000112763","BTN2A1","protein_coding",0.709750541989259,0.00121906436685111,1.74038685687387,2.67860978592626e-21,1.03063631488461,334.163785629572,1.03063622347833,0.268593706059414,3.83715701532614,0.000124466895379705,0.000426827791728038,"Positive_interaction"
"ENSG00000205181.9","ENSG00000205181","LINC00654","lncRNA",-1.28142044050586,0.00950849316054223,-4.12092214101654,1.33698036227289e-11,-2.83950170051068,18.9316960180723,-2.83950080691628,0.740103122690749,-3.83662859925909,0.000124734892130849,0.000427645624972856,"Negative_interaction"
"ENSG00000104299.17","ENSG00000104299","INTS9","protein_coding",-0.933899374316792,0.000922194536642609,-2.33570576478941,1.67590455463232e-18,-1.40180639047262,79.7142911178998,-1.40180622024287,0.365513798725535,-3.83516634701797,0.000125479340569139,0.000430096169235564,"Negative_interaction"
"ENSG00000161618.12","ENSG00000161618","ALDH16A1","protein_coding",-0.809510750630375,0.000511216358425802,-2.10124567929981,4.04523741789115e-15,-1.29173492866944,115.637910832601,-1.2917348581769,0.336950198423012,-3.83360764950563,0.000126277500754423,0.000432051587005785,"Negative_interaction"
"ENSG00000164294.16","ENSG00000164294","GPX8","protein_coding",-1.09620176368803,0.0532215591039948,0.890462927954325,1.76759034725736e-08,1.98666469164235,52.9529729646762,1.98666387825561,0.51838886446745,3.83238146964546,0.000126908749471236,0.000433866854762245,"Positive_interaction"
"ENSG00000168453.18","ENSG00000168453","HR","protein_coding",-0.0740014343250494,0.769627905775143,-1.08728532686417,1.67806792422513e-08,-1.01328389253912,939.417440474171,-1.01328382194759,0.264420877754441,-3.83208705209955,0.000127060760525655,0.000434079335581751,"Negative_interaction"
"ENSG00000254343.2","ENSG00000254343","ENSG00000254343","lncRNA",0.79850036514613,0.269980568662159,-2.45240096103559,8.61202735613504e-05,-3.25090132618172,6.82543689736256,-3.25089901556114,0.848448515226431,-3.83158077033531,0.000127322560792178,0.000434768744345016,"Negative_interaction"
"ENSG00000137757.13","ENSG00000137757","CASP5","protein_coding",-2.10884542634991,3.74728234052723e-09,-5.66608292157981,1.92190562810116e-10,-3.5572374952299,24.0334870493695,-3.55723832093669,0.928996438910539,-3.82911943678532,0.000128602585929151,0.000438622893689163,"Negative_interaction"
"ENSG00000267106.10","ENSG00000267106","ZNF561-AS1","lncRNA",-0.579230534523724,0.175474987015265,-2.49884750785582,2.5221703669559e-12,-1.9196169733321,19.4905186224183,-1.91961652435218,0.501482525499561,-3.8278831798574,0.000129250071914463,0.000440727539337507,"Negative_interaction"
"ENSG00000198919.15","ENSG00000198919","DZIP3","protein_coding",-0.056541124024203,0.874338554412001,-1.41137014800929,2.60417325426111e-08,-1.35482902398509,79.6142651030665,-1.35482885419125,0.354879981180255,-3.81771000349295,0.000134696120026423,0.000457897295665709,"Negative_interaction"
"ENSG00000181418.8","ENSG00000181418","DDN","protein_coding",0.170716388471089,0.473086572228126,-1.04297335682192,8.6883542590883e-05,-1.21368974529301,98.1698752314202,-1.21368968850368,0.317988985083986,-3.816766446118,0.00013521204831027,0.000459543387456013,"Negative_interaction"
"ENSG00000175984.18","ENSG00000175984","DENND2C","protein_coding",0.454260347359459,0.15722016177212,2.3451416410949,3.94155781482099e-08,1.89088129373544,30.6233573598761,1.89088081661704,0.495643451735463,3.81500211492,0.000136181767211536,0.000462730637849843,"Positive_interaction"
"ENSG00000130270.17","ENSG00000130270","ATP8B3","protein_coding",3.12500041036657,1.91601340559577e-06,0.19399022188079,0.721398127854957,-2.93101018848578,10.0693644408883,-2.93100882856416,0.768426645114458,-3.81429879767845,0.000136570150695402,0.000463832815532638,"Negative_interaction"
"ENSG00000100003.18","ENSG00000100003","SEC14L2","protein_coding",-0.664240953500169,0.0359954451622508,0.645015683858461,0.00213984104225255,1.30925663735863,45.8814022018351,1.30925646253005,0.343245846653144,3.81434029077438,0.000136547208583145,0.000463832815532638,"Positive_interaction"
"ENSG00000143387.16","ENSG00000143387","CTSK","protein_coding",0.23552606572196,0.677325286960246,2.50599219302983,5.22110104483171e-09,2.27046612730787,11.1035335419433,2.27046524861004,0.595357195675833,3.81361855555079,0.000136946784207783,0.00046489407278969,"Positive_interaction"
"ENSG00000016391.13","ENSG00000016391","CHDH","protein_coding",0.578766330597384,0.0833925038514017,-0.987661746998969,0.00120877722609118,-1.56642807759635,625.084581402152,-1.56642781517921,0.410824942616744,-3.81288391401425,0.000137354636229158,0.000466060264161312,"Negative_interaction"
"ENSG00000138435.16","ENSG00000138435","CHRNA1","protein_coding",5.87019464602053,2.9864162629581e-12,-0.969778506295366,0.597008270884255,-6.8399731523159,91.2227979580146,-6.83995467957069,1.79457124169604,-3.81147012759788,0.000138142752018775,0.000468515039142542,"Negative_interaction"
"ENSG00000162650.19","ENSG00000162650","ATXN7L2","protein_coding",-0.441252467027484,0.0519845741268393,0.669647971028549,0.00276800457825264,1.11090043805603,51.2620328218052,1.11090034173706,0.291518492405059,3.81073712536041,0.000138553039282503,0.000469686700650769,"Positive_interaction"
"ENSG00000177096.11","ENSG00000177096","PHETA2","protein_coding",-0.364251733401381,0.259577000332175,-1.79789075951362,3.59687710782399e-11,-1.43363902611224,64.3443715791786,-1.4336388289346,0.376358822324713,-3.80923401789606,0.000139397974583711,0.000472219599735189,"Negative_interaction"
"ENSG00000213462.6","ENSG00000213462","ERV3-1","protein_coding",-0.26484903952035,0.615806216325103,1.47628345342323,3.42136334017593e-11,1.74113249294358,29.0553326066673,1.74113196289673,0.457129523766329,3.80883726028325,0.000139621810510137,0.000472867323653401,"Positive_interaction"
"ENSG00000257594.4","ENSG00000257594","GALNT4","protein_coding",-0.53269208688272,0.185516155847417,-2.60333013066861,2.68198406655144e-09,-2.07063804378589,19.3291081295116,-2.07063762006145,0.543843467506861,-3.80741471356431,0.000140427144678247,0.000475483687074102,"Negative_interaction"
"ENSG00000257497.2","ENSG00000257497","GLIPR1-AS1","lncRNA",0.431959987014454,0.321768573863191,3.11419774517384,7.18881655259267e-07,2.68223775815939,13.0166968146437,2.68223642319871,0.705268091288537,3.80314444440301,0.000142870994745375,0.000483081300944931,"Positive_interaction"
"ENSG00000146858.9","ENSG00000146858","ZC3HAV1L","protein_coding",-0.751238678727396,0.000916619111672565,-1.77969201007435,2.07869250887916e-23,-1.02845333134695,97.6599600462397,-1.02845325613943,0.270466822106022,-3.80251170229034,0.000143236498447244,0.000484204183694299,"Negative_interaction"
"ENSG00000010030.15","ENSG00000010030","ETV7","protein_coding",0.585481284866154,0.104616906809761,2.16195888259778,1.90410498272586e-14,1.57647759773163,22.4662732172049,1.57647726970422,0.414968150096458,3.79903197230384,0.000145262354049895,0.000490480436833896,"Positive_interaction"
"ENSG00000132664.15","ENSG00000132664","POLR3F","protein_coding",-0.396670844890403,0.152722463263066,-1.51020008259963,3.31173363660795e-17,-1.11352923770923,79.645675796214,-1.11352914784107,0.293343383154283,-3.79599204136611,0.000147054215812888,0.00049549563109711,"Negative_interaction"
"ENSG00000167771.8","ENSG00000167771","RCOR2","protein_coding",-1.2031021194609,0.201634294947324,1.95651230853488,3.21292892811729e-13,3.15961442799578,21.2803250627546,3.1596115138466,0.832878814149756,3.79360293498651,0.000148477038236924,0.000499640171084007,"Positive_interaction"
"ENSG00000235092.8","ENSG00000235092","ID2-AS1","lncRNA",0.255042539761435,0.359933105622144,-1.09128117935888,0.000124865047039554,-1.34632371912031,43.8908419482822,-1.34632358324732,0.354903179616924,-3.79349541105976,0.000148541377474121,0.00049968933202297,"Negative_interaction"
"ENSG00000292993.1","ENSG00000292993","ENSG00000292993","lncRNA",-0.943528609105801,0.15420985213757,-5.62506527675093,7.42872120741602e-07,-4.68153666764513,7.71208165992719,-4.68153425897888,1.23516384239506,-3.7902131671059,0.000150518055710485,0.000505986467955545,"Negative_interaction"
"ENSG00000242474.4","ENSG00000242474","LINC03015","lncRNA",-0.496360326669751,0.312072920884927,-2.91023725969471,1.03907167034214e-08,-2.41387693302496,14.8356156622142,-2.41387618973678,0.637114688654039,-3.78876242021089,0.000151399613036094,0.000508478144175916,"Negative_interaction"
"ENSG00000171574.20","ENSG00000171574","ZNF584","protein_coding",0.195415586591467,0.514334870472406,-1.03104684426009,7.16051922707382e-06,-1.22646243085156,50.2019720554844,-1.22646230248059,0.3237274505155,-3.78856442519033,0.00015152030246764,0.000508765575384856,"Negative_interaction"
"ENSG00000178935.6","ENSG00000178935","ZNF552","protein_coding",-0.42058506377527,0.0462177145004121,-1.50342796751576,1.92196564493796e-11,-1.08284290374049,53.7240928361021,-1.08284284370965,0.285940370004936,-3.78695335566278,0.000152505714838367,0.000511837151328765,"Negative_interaction"
"ENSG00000101210.17","ENSG00000101210","EEF1A2","protein_coding",1.49044139114421,0.000180906224450009,5.14649332985809,2.32491343223535e-08,3.65605193871388,18.3104724631623,3.65604851461214,0.96591567796177,3.78505970865589,0.000153671678346484,0.000515153819707897,"Positive_interaction"
"ENSG00000247675.9","ENSG00000247675","LRP4-AS1","lncRNA",0.238537581503097,0.832156510145695,4.04888656036649,2.81399937810937e-11,3.81034897886339,8.83416350876042,3.81034398533215,1.00775065277304,3.78103846903714,0.000156175536763152,0.000523184437996209,"Positive_interaction"
"ENSG00000142156.18","ENSG00000142156","COL6A1","protein_coding",2.77932261747908,1.61149977606186e-44,1.74183860131841,2.56529198045649e-18,-1.03748401616067,557.411336263831,-1.03748393990066,0.274449911475757,-3.78023055034688,0.000156683204444286,0.000524521367245689,"Negative_interaction"
"ENSG00000002016.20","ENSG00000002016","RAD52","protein_coding",-0.561134505470818,0.0110678024381571,-1.70080846153994,3.70548988182435e-13,-1.13967395606912,46.8223719341898,-1.13967388483984,0.301785101478004,-3.77644184308055,0.000159084682799536,0.00053163966792237,"Negative_interaction"
"ENSG00000184828.12","ENSG00000184828","ZBTB7C","protein_coding",0.600377340924246,0.0299716809515112,-0.820260015436721,0.00649725535191146,-1.42063735636097,126.018332825754,-1.42063719766588,0.376462981458614,-3.77364380466198,0.000160880414721423,0.000536959689116274,"Negative_interaction"
"ENSG00000117407.19","ENSG00000117407","ARTN","protein_coding",0.791784543790391,0.00741758750311765,2.38738473993759,1.59990507878886e-12,1.5956001961472,33.1294652844243,1.5955999097019,0.422856543234817,3.77338351559065,0.000161048429865447,0.000537272984716863,"Positive_interaction"
"ENSG00000204876.6","ENSG00000204876","ENSG00000204876","lncRNA",-0.888720652182288,6.66455300630071e-06,-2.18324767524379,2.47966902054395e-13,-1.2945270230615,315.554907506295,-1.29452713708884,0.34369507379756,-3.76649895730343,0.000165552775063006,0.000550778424291343,"Negative_interaction"
"ENSG00000196296.16","ENSG00000196296","ATP2A1","protein_coding",-0.187796058446427,0.830614377283476,2.5535361306442,1.86669528649673e-12,2.74133218909063,14.0718751551397,2.74133019335461,0.727959670947882,3.76577206507209,0.000166035213876497,0.000552256671906861,"Positive_interaction"
"ENSG00000240476.3","ENSG00000240476","LINC00973","lncRNA",-0.525146361822023,0.768711764680962,4.70617558712869,7.85515055540155e-27,5.23132194895071,23.2478160820892,5.23130716817928,1.38951183028082,3.76485255769434,0.000166647386346852,0.000554038523271067,"Positive_interaction"
"ENSG00000278385.1","ENSG00000278385","ENSG00000278385","lncRNA",-1.42367648780108,0.00373597700813395,-5.64123190839972,1.11435411620029e-07,-4.21755542059864,12.0217420011124,-4.21755462025406,1.12173368415087,-3.75985376907591,0.000170012704703477,0.000564449969430193,"Negative_interaction"
"ENSG00000258738.1","ENSG00000258738","BAZ1A-AS1","lncRNA",-0.357893476426976,0.268201507970044,-1.99204002004761,1.66126438404439e-08,-1.63414654362063,22.6012250999012,-1.63414634327359,0.434707438956042,-3.75918651679396,0.000170466722558549,0.0005655686225546,"Negative_interaction"
"ENSG00000221821.4","ENSG00000221821","PEX39","protein_coding",-0.479454884062988,0.249979985977943,1.34298392661059,0.000144539672420612,1.82243881067358,15.1835437049914,1.8224383799025,0.484888339225958,3.75847021359952,0.000170955385221584,0.000566959271434817,"Positive_interaction"
"ENSG00000262585.2","ENSG00000262585","LINC01979","lncRNA",-0.461474402239424,0.0671755979646011,1.89017326442564,0.00206205512699098,2.35164766666506,26.2056335723961,2.35164650840045,0.62569459763689,3.75845742840373,0.000170964119249941,0.000566959271434817,"Positive_interaction"
"ENSG00000197779.17","ENSG00000197779","ZNF81","protein_coding",-0.711808370871224,0.00160336786491854,-2.01146332740294,1.95787502276268e-12,-1.29965495653172,72.965749955462,-1.2996549151101,0.345829269250804,-3.75808247209857,0.000171220452150713,0.000567587526733916,"Negative_interaction"
"ENSG00000174327.8","ENSG00000174327","SLC16A13","protein_coding",-0.623101994455206,0.0319083165233397,-2.02368591881263,3.62283299739167e-13,-1.40058392435742,123.458984753856,-1.4005837517924,0.373128032421755,-3.75362779017711,0.000174293612741697,0.00057734012248061,"Negative_interaction"
"ENSG00000307342.1","ENSG00000307342","ENSG00000307342","lncRNA",-0.132768473872654,0.840968144746349,-4.66472815608981,5.10297117063038e-05,-4.53195968221716,8.22260426696849,-4.5319582977593,1.20833850930152,-3.75057011166433,0.000176432962056724,0.000583892780572287,"Negative_interaction"
"ENSG00000188185.14","ENSG00000188185","LINC00265","lncRNA",0.409765205775585,0.168601967903955,-0.786273632492923,0.000119319931550555,-1.19603883826851,38.1885128816102,-1.19603872612327,0.319312343433728,-3.74567019007676,0.00017991282827312,0.000594458893601014,"Negative_interaction"
"ENSG00000187801.17","ENSG00000187801","ZFP69B","protein_coding",-0.166802998040694,0.698003981705699,-2.10895384789683,4.64626044298534e-07,-1.94215084985614,16.9037098973825,-1.9421504595357,0.518618570413349,-3.74485328974582,0.000180499220345767,0.000596260474413232,"Negative_interaction"
"ENSG00000227036.11","ENSG00000227036","LINC00511","lncRNA",-0.627217685929081,0.00296113363406774,-1.63934522841129,6.54546917255512e-17,-1.01212754248221,514.407431762506,-1.01212747012411,0.27048730454213,-3.74186682009865,0.000182658313897386,0.00060311785942149,"Negative_interaction"
"ENSG00000073150.15","ENSG00000073150","PANX2","protein_coding",1.23276421457185,0.255668933249791,4.99602609543778,1.53315611352371e-27,3.76326188086593,25.3722439630988,3.7632547029216,1.00601776137616,3.74074379936765,0.000183476475040739,0.000605543401569206,"Positive_interaction"
"ENSG00000173599.17","ENSG00000173599","PC","protein_coding",1.41639612784821,1.43531516778334e-08,0.253431355318006,0.258584281872957,-1.1629647725302,125.722156351649,-1.16296468264986,0.311420295256348,-3.73438950628623,0.000188171080917101,0.000620189971492068,"Negative_interaction"
"ENSG00000131471.8","ENSG00000131471","AOC3","protein_coding",2.08866901189077,1.46647142102267e-05,5.78356754373312,2.01228395861873e-10,3.69489853184235,15.0209389104904,3.6948946799397,0.990888487690215,3.72887032783335,0.000192340090219813,0.000633066678961057,"Positive_interaction"
"ENSG00000164898.14","ENSG00000164898","FMC1","protein_coding",-0.475543882158426,0.242461603426915,1.31595068990428,0.000220191235829257,1.79149457206271,14.6004075344165,1.79149415723176,0.481115324977595,3.72362729729133,0.000196380771279335,0.000645632971274983,"Positive_interaction"
"ENSG00000179431.7","ENSG00000179431","FJX1","protein_coding",-0.521608162406632,0.0402749157366978,-2.36661129930127,2.24666918095551e-07,-1.84500313689464,29.2666111986282,-1.84500321838008,0.495947922901177,-3.72015514771641,0.000199100431959495,0.000653980838612193,"Negative_interaction"
"ENSG00000236937.2","ENSG00000236937","PTGES3P4","processed_pseudogene",-0.252020277830607,0.559365101114198,1.4356297623729,5.33914098303602e-06,1.68765004020351,22.0923646797201,1.68764967823106,0.453681890003533,3.71989650770039,0.000199304428916696,0.000654354278174163,"Positive_interaction"
"ENSG00000064199.9","ENSG00000064199","SPA17","protein_coding",-0.91114775778204,0.00109667933349675,-2.07157818799485,4.11485300373495e-29,-1.16043043021281,60.8712469316489,-1.1604303178756,0.312027663081204,-3.71899820168702,0.000200014475677451,0.000656536756855633,"Negative_interaction"
"ENSG00000131061.17","ENSG00000131061","ZNF341","protein_coding",1.09837779325302,3.67746418480538e-07,2.15622499191825,6.7805286793135e-26,1.05784719866523,112.410208538881,1.05784710403621,0.28456955789719,3.7173586375616,0.000201316565347025,0.000660212642002509,"Positive_interaction"
"ENSG00000110195.16","ENSG00000110195","FOLR1","protein_coding",0.936085057395837,0.0013443184062548,2.65038209231166,7.70820060177755e-12,1.71429703491582,57.7691719862196,1.71429666419028,0.461323299743834,3.71604179789359,0.000202368119560427,0.000663360956496202,"Positive_interaction"
"ENSG00000293279.2","ENSG00000293279","ENSG00000293279","lncRNA",-0.30959909786428,0.635099170476542,-2.98113130253207,3.39220006949234e-08,-2.67153220466779,9.87405181167734,-2.67153094460531,0.721333632627993,-3.70359958799131,0.000212561679865503,0.000695202858183451,"Negative_interaction"
"ENSG00000279873.3","ENSG00000279873","LINC01126","lncRNA",0.219610208077866,0.675949674897408,2.15165895766634,8.81662606384282e-10,1.93204874958847,14.7731978268604,1.93204814439194,0.521914487360669,3.7018480827431,0.000214034765409629,0.000699547095245004,"Positive_interaction"
"ENSG00000114315.6","ENSG00000114315","HES1","protein_coding",1.72161748496985,1.22148228211247e-13,0.579620797349841,0.0108580228586672,-1.14199668762001,691.662537172971,-1.14199658264585,0.308534443880341,-3.70135848783466,0.000214448245326267,0.000700740467027793,"Negative_interaction"
"ENSG00000171097.16","ENSG00000171097","KYAT1","protein_coding",0.193547331354935,0.786114486442453,3.13326812822617,3.70254479371416e-07,2.93972079687123,7.22328239135476,2.93971884332087,0.795268611168593,3.69651059030376,0.000218583145123424,0.000713286858619379,"Positive_interaction"
"ENSG00000143344.18","ENSG00000143344","RGL1","protein_coding",-0.279663407612596,0.445921789059674,-4.40582245638368,8.38250049470746e-05,-4.12615904877108,26.2117501821768,-4.12616143783007,1.11697303983366,-3.69405642811623,0.000220704791607469,0.000719238551827175,"Negative_interaction"
"ENSG00000237943.8","ENSG00000237943","PRKCQ-AS1","lncRNA",1.64916576828165,0.256880390652687,-3.17695115558225,8.34001043573356e-10,-4.8261169238639,10.0692997727119,-4.82611118962226,1.30654495198037,-3.69379651446908,0.000220930618111634,0.000719812616383498,"Negative_interaction"
"ENSG00000125775.17","ENSG00000125775","SDCBP2","protein_coding",3.05482235330766,3.24904498782598e-27,1.84581526163079,3.39329599117899e-23,-1.20900709167687,190.468986881797,-1.20900716540588,0.327711096679212,-3.68924695458008,0.000224918813954537,0.000731983708023613,"Negative_interaction"
"ENSG00000117242.7","ENSG00000117242","PINK1-AS","lncRNA",-0.299627334303032,0.178993130323029,-1.43126903050996,9.63613829514213e-09,-1.13164169620693,45.1414149251739,-1.13164163692404,0.306823466617631,-3.68824995493032,0.00022580177606168,0.000734362508681747,"Negative_interaction"
"ENSG00000158062.23","ENSG00000158062","UBXN11","protein_coding",-0.893848658640862,3.7886347334114e-05,-2.14551388588109,2.97728895718098e-14,-1.25166522724023,45.1041882226813,-1.25166519337038,0.340589600393027,-3.67499533727984,0.000237853758494599,0.000770274115777371,"Negative_interaction"
"ENSG00000289858.1","ENSG00000289858","ENSG00000289858","lncRNA",-1.10910390802213,0.00100352774527018,-3.1613595401306,4.33054392853782e-11,-2.05225563210847,21.074031085498,-2.0522554652695,0.558785275428982,-3.67270856178873,0.000239993136892542,0.000776681674820617,"Negative_interaction"
"ENSG00000187624.10","ENSG00000187624","LIAT1","protein_coding",-0.629879922944719,0.232644567397007,-3.59927469167662,2.81980231437843e-07,-2.9693947687319,11.1247870512703,-2.96939377074002,0.808854036870334,-3.67111201203789,0.000241497466822323,0.000780678404904996,"Negative_interaction"
"ENSG00000153029.18","ENSG00000153029","MR1","protein_coding",-0.221801184189078,0.49012433438836,-1.73538911096074,2.197999740901e-07,-1.51358792677166,106.517432457345,-1.51358780013891,0.41242433463378,-3.6699769461541,0.000242572344542077,0.000783803437481334,"Negative_interaction"
"ENSG00000075213.13","ENSG00000075213","SEMA3A","protein_coding",-1.47864019008713,4.10167535570221e-10,-0.473642446533851,0.00464914713757354,1.00499774355328,86.0540106666661,1.00499766599436,0.273958291158835,3.66843310981117,0.000244041522226363,0.00078784801517141,"Positive_interaction"
"ENSG00000156239.14","ENSG00000156239","HEMK2","protein_coding",-1.14943123430417,0.000368401777891158,-2.65016627416772,5.37519631813618e-20,-1.50073503986355,33.1190240037757,-1.50073482595343,0.409110228046915,-3.66828967615383,0.000244178442510981,0.000788114474135666,"Negative_interaction"
"ENSG00000196793.16","ENSG00000196793","ZNF239","protein_coding",-1.59567795725552,7.76631613503713e-09,-3.81773886440541,1.08610155705363e-11,-2.22206090714989,25.9062769561901,-2.22206124178552,0.605867052829422,-3.66757233523165,0.000244864290816231,0.000790064377095463,"Negative_interaction"
"ENSG00000176472.13","ENSG00000176472","ZNF575","protein_coding",-0.407707860154413,0.273973781025369,-2.24417278166871,3.50344045156214e-08,-1.8364649215143,21.6474910812211,-1.83646462060787,0.500795909554549,-3.66709189426364,0.000245324649527025,0.000790933219342748,"Negative_interaction"
"ENSG00000128218.9","ENSG00000128218","VPREB3","protein_coding",-0.172962340022353,0.863609923075804,3.4215512614346,5.49218480148647e-07,3.59451360145695,6.83765601043687,3.59450980926107,0.980826358495364,3.66477692827833,0.00024755425386831,0.000797766565946085,"Positive_interaction"
"ENSG00000259943.3","ENSG00000259943","ZMPSTE24-DT","lncRNA",-1.03642808750576,6.31655715921198e-05,0.205364831163876,0.445954996750223,1.24179291866964,40.8588516448373,1.24179277134431,0.338912352505003,3.66405285073219,0.000248255524902173,0.00079984861424684,"Positive_interaction"
"ENSG00000180938.8","ENSG00000180938","ZNF572","protein_coding",-1.11533536822504,0.00759607200722865,-3.51032923794592,1.98362812953951e-10,-2.39499386972088,20.0754641533262,-2.39499342925184,0.654606504639895,-3.65867649080168,0.000253521123292713,0.000815725603631883,"Negative_interaction"
"ENSG00000260565.10","ENSG00000260565","ERVK13-1","lncRNA",-1.01891295235797,0.0112252758550686,-3.18881646619513,4.85797412120845e-11,-2.16990351383716,23.8111763014625,-2.16990309676152,0.593171800139142,-3.65813596710518,0.000254056266552839,0.000816906125593738,"Negative_interaction"
"ENSG00000169992.11","ENSG00000169992","NLGN2","protein_coding",2.16411226536084,3.71015018743029e-10,0.831597174310509,1.41068332592521e-06,-1.33251509105033,115.616457764451,-1.33251524402727,0.365538559937705,-3.64534796070313,0.000267030249251694,0.000855015990312759,"Negative_interaction"
"ENSG00000245571.8","ENSG00000245571","FAM111A-DT","lncRNA",-0.111882155674621,0.670674070338222,-1.21049982158922,2.72761639284014e-07,-1.0986176659146,49.939834278858,-1.09861758609638,0.302036075029925,-3.63737207877413,0.000275433908651308,0.000879591935692981,"Negative_interaction"
"ENSG00000132793.14","ENSG00000132793","LPIN3","protein_coding",-0.714731622029687,0.0170986273296326,-1.90559783869169,1.01331262633067e-22,-1.190866216662,76.2810328690042,-1.19086609520573,0.327508772861459,-3.63613494930558,0.000276759383002576,0.000883240911357264,"Negative_interaction"
"ENSG00000240583.16","ENSG00000240583","AQP1","protein_coding",-1.07355772076595,2.01707128159479e-06,1.24212652998624,0.0527100196483901,2.31568425075219,48.6573220617014,2.31568274678926,0.63707065463,3.6348915618067,0.000278097583643723,0.000887316200388559,"Positive_interaction"
"ENSG00000010361.16","ENSG00000010361","FUZ","protein_coding",-0.801080314448481,0.0162050298554432,-2.78499105418253,3.54906126317763e-09,-1.98391073973405,35.8181876895396,-1.98391063579915,0.545849507177478,-3.63453774293524,0.000278479489377371,0.000888339150353701,"Negative_interaction"
"ENSG00000213903.11","ENSG00000213903","LTB4R","protein_coding",-0.380463795786674,0.220640341278555,0.941957401020034,0.000398148946333479,1.32242119680671,30.1816464718533,1.32242102165781,0.363870528108837,3.63431748245976,0.000278717482729373,0.000888902675993413,"Positive_interaction"
"ENSG00000135315.14","ENSG00000135315","CEP162","protein_coding",-0.711394951470151,0.0358129983246853,-2.24811053860756,2.96840790050943e-13,-1.53671558713741,32.6630955227502,-1.53671534092295,0.42330932877592,-3.63024208648237,0.000283155519290248,0.000900875913403791,"Negative_interaction"
"ENSG00000134901.16","ENSG00000134901","POGLUT2","protein_coding",-0.458811776470045,0.156366540707556,0.823606227064261,0.00040336458997677,1.28241800353431,38.5172444980367,1.28241783108086,0.353798220543289,3.62471532251233,0.00028927992051196,0.000919755289174928,"Positive_interaction"
"ENSG00000187266.16","ENSG00000187266","EPOR","protein_coding",-1.63592203983108,0.000497901804679418,0.320739542817503,0.377704444231018,1.95666158264858,16.7767877322281,1.95666100840428,0.539902433332514,3.62410111087463,0.000289968159546877,0.000921741295931857,"Positive_interaction"
"ENSG00000113522.16","ENSG00000113522","RAD50","protein_coding",-0.390410561428426,0.164260575180573,-1.61186980666407,5.5096075640601e-11,-1.22145924523564,48.7946559583692,-1.22145911564776,0.337290404237948,-3.62138709047312,0.000293027689568506,0.000930650290867147,"Negative_interaction"
"ENSG00000261572.3","ENSG00000261572","ENSG00000261572","lncRNA",-0.208603855604282,0.617362312078987,-1.87629443059715,4.63327587079719e-08,-1.66769057499287,20.0084279218348,-1.66769025142648,0.460748863914048,-3.61952113622051,0.000295148703566483,0.00093636055430943,"Negative_interaction"
"ENSG00000255874.5","ENSG00000255874","PRECSIT","lncRNA",-1.20483937606794,0.200394808120827,-4.48866494124544,7.06253249697733e-23,-3.2838255651775,22.0734299249651,-3.28382286693436,0.907334908142478,-3.61919599639023,0.000295519755153195,0.00093733252170718,"Negative_interaction"
"ENSG00000181938.16","ENSG00000181938","GINS3","protein_coding",-0.949741940950954,1.59796437944949e-06,-2.0424076314675,8.10157057525054e-17,-1.09266569051655,80.1725828762966,-1.09266566547871,0.302177280102893,-3.61597557932436,0.000299218585169798,0.000948234361749555,"Negative_interaction"
"ENSG00000227214.3","ENSG00000227214","HCG15","lncRNA",-1.29876234009715,0.0534186743226987,-5.15220594377474,1.88853102955026e-08,-3.85344360367759,9.96018831191403,-3.8534411733286,1.06595330496013,-3.61501873993697,0.000300325896442828,0.000951119512947873,"Negative_interaction"
"ENSG00000148057.18","ENSG00000148057","IDNK","protein_coding",-0.796584518707065,0.0249285397894778,-2.98230786700723,2.16523040654151e-08,-2.18572334830017,34.9514395450336,-2.18572328317164,0.605000839979599,-3.61276074136583,0.000302954218896964,0.000958605358134236,"Negative_interaction"
"ENSG00000172367.17","ENSG00000172367","NHERF4","protein_coding",0.87664396285094,0.0940374356213673,-1.25124405553519,0.00159998478918692,-2.12788801838613,11.7618436338015,-2.12788729902915,0.589187636556314,-3.61156135499758,0.000304359055494965,0.000962420124859923,"Negative_interaction"
"ENSG00000149346.17","ENSG00000149346","SLX4IP","protein_coding",-0.666610785858008,0.00535811960493428,-1.75187495300958,3.38610496393339e-16,-1.08526416715157,69.8821564394664,-1.08526407530088,0.300635828341599,-3.609896003705,0.00030631979285603,0.00096798657611635,"Negative_interaction"
"ENSG00000173467.11","ENSG00000173467","AGR3","protein_coding",-3.29187352688325,5.94431336638585e-06,-0.542487582970282,0.160946882655726,2.74938594391297,14.3064409336273,2.74938433965059,0.762789067569748,3.60438351379387,0.000312894742541027,0.000987041926187323,"Positive_interaction"
"ENSG00000179943.10","ENSG00000179943","FIZ1","protein_coding",-0.753679183652766,0.000197174734410143,-1.80189508339873,3.83521745848114e-15,-1.04821589974596,101.746273196845,-1.04821585506371,0.290861704841461,-3.60382902807732,0.000313563361360472,0.000988935850453963,"Negative_interaction"
"ENSG00000177173.5","ENSG00000177173","NAP1L4P1","processed_pseudogene",-0.163230374265634,0.825459008675882,2.12431894996899,8.67696682637793e-10,2.28754932423462,17.3756170276179,2.28754809864256,0.634832154998045,3.60339040899654,0.000314093211313796,0.000990175944824785,"Positive_interaction"
"ENSG00000286760.4","ENSG00000286760","ENSG00000286760","lncRNA",1.15739812523104,0.0802923456931112,-1.84806697540551,0.00366359774607619,-3.00546510063655,6.71017575152515,-3.00546304278144,0.834134343861473,-3.60309231348537,0.000314453787676767,0.000991097061986017,"Negative_interaction"
"ENSG00000036473.11","ENSG00000036473","OTC","protein_coding",0,1,-6.66676190352278,5.70360638711833e-09,-6.66676190352278,5.20606623694022,-6.7321909821569,1.86886665712979,-3.60228535111018,0.000315431834831462,0.00099374742399512,"Negative_interaction"
"ENSG00000173269.16","ENSG00000173269","MMRN2","protein_coding",0.921241931459658,0.0943939077354667,4.67965416334411,1.13653262638232e-06,3.75841223188445,10.1886853954654,3.75840812448366,1.04465990911839,3.59773366593101,0.000321002071558918,0.00100997872797044,"Positive_interaction"
"ENSG00000253251.5","ENSG00000253251","SHLD3","protein_coding",0.0325025487762334,0.940514129153362,1.38833086119709,3.86774856448625e-08,1.35582831242086,50.4734788800678,1.35582809463845,0.376888181241811,3.59742799620599,0.000321379422353283,0.0010105078300594,"Positive_interaction"
"ENSG00000111344.14","ENSG00000111344","RASAL1","protein_coding",0.650552924517293,0.0272663678832417,1.77393660423915,6.96168360294008e-24,1.12338367972186,70.169592777683,1.12338348324939,0.312269617061761,3.59747929952213,0.00032131605917265,0.0010105078300594,"Positive_interaction"
"ENSG00000099910.19","ENSG00000099910","KLHL22","protein_coding",0.556941265708277,0.126017301346921,-0.823709050566394,0.000463213278871939,-1.38065031627467,36.5730099580178,-1.38065015092693,0.384279931072643,-3.59282397879355,0.000327113565308883,0.0010263108440044,"Negative_interaction"
"ENSG00000115194.13","ENSG00000115194","SLC30A3","protein_coding",0.56739984443123,0.47746285436354,3.94928044511447,3.66352029542989e-08,3.38188060068324,6.76248855355156,3.38187723404659,0.941445395793169,3.59221814579842,0.000327875198207615,0.00102803275041643,"Positive_interaction"
"ENSG00000161249.23","ENSG00000161249","DMKN","protein_coding",-1.74225475393762,6.21106132904082e-07,-0.469537666036488,0.00130324894995753,1.27271708790113,95.1537624205896,1.27271688644774,0.354311605325569,3.59208354261575,0.000328044641981426,0.00102811915043141,"Positive_interaction"
"ENSG00000072422.19","ENSG00000072422","RHOBTB1","protein_coding",0.0850151518351298,0.754752333471624,-0.997026562621273,1.61494415387722e-05,-1.0820417144564,77.8597682258447,-1.08204162754499,0.30124074499317,-3.59194977946797,0.000328213109467582,0.00102842473133064,"Negative_interaction"
"ENSG00000290683.2","ENSG00000290683","ENSG00000290683","lncRNA",-0.451208011349862,0.29730462590839,1.05759423644168,4.96591976945472e-06,1.50880224779154,27.2890450927343,1.50880191004871,0.420521856940385,3.58792744098105,0.000333317013657326,0.00104283898141666,"Positive_interaction"
"ENSG00000166436.19","ENSG00000166436","TRIM66","protein_coding",-1.21990050897043,3.6046317369104e-05,-2.73915731600773,1.9005856029134e-16,-1.5192568070373,29.9787767354445,-1.5192566618256,0.42434847796282,-3.58020999419894,0.000343318188973451,0.00106974138778827,"Negative_interaction"
"ENSG00000257365.10","ENSG00000257365","FNTB","protein_coding",-0.216879088408812,0.405287198256773,-1.32087554748545,1.44036550547657e-08,-1.10399645907664,42.6302507392394,-1.10399636814143,0.308382805706552,-3.57995435449783,0.000343654231865443,0.00107055828207094,"Negative_interaction"
"ENSG00000108465.17","ENSG00000108465","CDK5RAP3","protein_coding",-0.587339691724154,0.257723485212245,1.24841859712892,1.67371553235073e-05,1.83575828885307,27.3666516977315,1.83575769374579,0.513067168346754,3.57800655937722,0.000346224764846435,0.00107810255525452,"Positive_interaction"
"ENSG00000228889.10","ENSG00000228889","UBAC2-AS1","lncRNA",-0.645465522521464,0.177661880982631,-2.52364334809599,2.29474839960105e-13,-1.87817782557453,22.2885275482312,-1.87817731111247,0.525689769997359,-3.57278649558257,0.000353202725915283,0.00109747296397176,"Negative_interaction"
"ENSG00000215883.13","ENSG00000215883","CYB5RL","protein_coding",-0.611681478489434,0.0221774509705679,-1.72668737328224,1.06495915064549e-16,-1.11500589479281,46.1542444148628,-1.1150057875283,0.312277082540419,-3.57056553256348,0.000356211318718343,0.00110563598861988,"Negative_interaction"
"ENSG00000020129.18","ENSG00000020129","NCDN","protein_coding",-0.439563724255395,0.0776353788525764,-1.55647530183755,2.24502478223024e-11,-1.11691157758215,137.239810635505,-1.11691147881705,0.312931565255385,-3.56918765259595,0.000358089871108023,0.0011105153888503,"Negative_interaction"
"ENSG00000139190.18","ENSG00000139190","VAMP1","protein_coding",-0.268112630328262,0.54903780698112,1.63945994144885,9.85115170009194e-05,1.90757257177711,12.1266091768123,1.90757202610447,0.534558066113959,3.56850293172418,0.00035902683717279,0.00111256794764183,"Positive_interaction"
"ENSG00000163132.8","ENSG00000163132","MSX1","protein_coding",0.101409820284549,0.843448941317237,2.06133215082259,8.01615428818782e-07,1.95992233053804,441.853197974282,1.95992171984017,0.549259646975378,3.5682973082638,0.000359308657821963,0.0011131041191013,"Positive_interaction"
"ENSG00000148824.21","ENSG00000148824","MTG1","protein_coding",-1.02071754667207,0.00029751307085784,-2.54079190507456,2.68058252463641e-13,-1.52007435840249,30.1764763448458,-1.52007424592234,0.426310157681784,-3.565653359489,0.000362950844993168,0.0011234266650237,"Negative_interaction"
"ENSG00000187372.11","ENSG00000187372","PCDHB13","protein_coding",-0.521483144879097,0.274157950108361,-2.4951981737375,5.26912627581127e-10,-1.9737150288584,17.0109303472286,-1.97371446690901,0.55499273022609,-3.5562888654505,0.000376130499047358,0.00116050312799538,"Negative_interaction"
"ENSG00000287222.2","ENSG00000287222","ENSG00000287222","lncRNA",-1.27988458437257,0.000505461402837776,-3.52746667634211,1.43999213109843e-10,-2.24758209196954,22.0637429936931,-2.24758193902745,0.63223854659549,-3.55495872741443,0.000378038425865653,0.00116589335340392,"Negative_interaction"
"ENSG00000198794.14","ENSG00000198794","SCAMP5","protein_coding",1.15566264392677,0.00100108369372939,-0.280950217075916,0.301293231428234,-1.43661286100269,33.2084021916373,-1.43661267787264,0.404277439497794,-3.55353165305798,0.000380095453245699,0.00117173863187336,"Negative_interaction"
"ENSG00000105270.17","ENSG00000105270","CLIP3","protein_coding",-0.626504468906828,0.428687397486325,2.00006524740435,3.70663155664357e-07,2.62656971631118,10.0591904722732,2.62656798477115,0.739798074276711,3.5503849984188,0.000384668156785035,0.00118457520784716,"Positive_interaction"
"ENSG00000235919.6","ENSG00000235919","ASH1L-AS1","lncRNA",-0.622468205995703,0.0994424511986615,0.954109670355386,0.00259760264012945,1.57657787635109,19.4087975891717,1.57657756386674,0.444167115053465,3.54951438419065,0.000385942379784025,0.00118804130904727,"Positive_interaction"
"ENSG00000278834.3","ENSG00000278834","ENSG00000278834","lncRNA",-1.55652099407977,3.58570374335455e-05,-4.89278498914928,5.57362559385841e-08,-3.33626399506951,16.5949114410954,-3.3362645847619,0.940277468022378,-3.54817029890001,0.000387917318794085,0.00119381987342618,"Negative_interaction"
"ENSG00000108379.13","ENSG00000108379","WNT3","protein_coding",0.52599778823516,0.163629203698733,-0.854925132286987,0.000218202839501977,-1.38092292052215,35.2418625816649,-1.38092275782828,0.389260223298454,-3.54755681463373,0.000388821880765747,0.00119609566887226,"Negative_interaction"
"ENSG00000185215.13","ENSG00000185215","TNFAIP2","protein_coding",2.54792940593903,0.00144075744959969,-0.16651926327964,0.546996535064572,-2.71444866921867,24.2974609707523,-2.71444910556759,0.765912761655298,-3.5440708674198,0.000393999325774351,0.00121124480871893,"Negative_interaction"
"ENSG00000162241.15","ENSG00000162241","SLC25A45","protein_coding",-0.355780040289158,0.456507668324917,-2.22488065839789,3.13291241655866e-09,-1.86910061810873,25.4819641095354,-1.86910010986622,0.52747279541539,-3.54350049161168,0.000394852574477521,0.00121335952275832,"Negative_interaction"
"ENSG00000232098.4","ENSG00000232098","ZNF584-DT","lncRNA",-0.189700354112878,0.469282366957171,-1.40714460603109,6.3093424383987e-07,-1.21744425191821,40.2203260993234,-1.21744417121596,0.343864171114856,-3.54047985653415,0.000399400122624705,0.00122603401336099,"Negative_interaction"
"ENSG00000214900.14","ENSG00000214900","LINC01588","lncRNA",-0.0367952087201961,0.914391390453035,-1.35114222076586,6.23772283472962e-06,-1.31434701204566,29.0231274161908,-1.31434687960481,0.37132169069995,-3.53964476766018,0.00040066595074781,0.00122965924570887,"Negative_interaction"
"ENSG00000249815.3","ENSG00000249815","LINC02945","lncRNA",2.35340203682114,0.104008944407644,-2.64446226769998,0.000149786581071533,-4.99786430452112,4.45498631444748,-4.99785654467902,1.41371075701055,-3.53527517555823,0.000407350716872845,0.00124885267377222,"Negative_interaction"
"ENSG00000125459.20","ENSG00000125459","MSTO1","protein_coding",-1.33362743750259,6.56300257352151e-05,-3.01582947842972,4.74263147441748e-16,-1.68220204092713,28.0921770208847,-1.68220182331886,0.475854999981686,-3.53511431714199,0.000407598781068791,0.00124934888647397,"Negative_interaction"
"ENSG00000253438.6","ENSG00000253438","PCAT1","lncRNA",0.694985764226655,0.032693228146175,-0.978241990537787,0.0138579990538453,-1.67322775476444,23.4765874225249,-1.67322745856699,0.473390241916707,-3.53456263017224,0.000408450625021807,0.00125143054076449,"Negative_interaction"
"ENSG00000178127.15","ENSG00000178127","NDUFV2","protein_coding",0.728526103666419,0.302487122152168,3.22732327877013,6.16372756253345e-15,2.49879717510371,13.330115459423,2.49879532766561,0.70742613401034,3.53223496776991,0.000412063043497669,0.00126169820967002,"Positive_interaction"
"ENSG00000186472.22","ENSG00000186472","PCLO","protein_coding",-1.50940542794873,4.06517235824048e-12,-3.56616514785144,1.94304286159404e-10,-2.05675971990271,40.2093986397825,-2.05676041761951,0.582851520633701,-3.52878965706963,0.000417464804930524,0.00127769798374935,"Negative_interaction"
"ENSG00000165807.10","ENSG00000165807","PPP1R36","protein_coding",-0.330940597682827,0.462755988881639,-2.20385573178887,4.63489992435671e-08,-1.87291513410604,17.2098966538088,-1.87291467508293,0.531009070768474,-3.52708602957094,0.000420160220513994,0.00128459112145333,"Negative_interaction"
"ENSG00000099954.21","ENSG00000099954","CECR2","protein_coding",1.88571489059067,2.71499679814964e-16,0.869563560977001,6.83100718734936e-06,-1.01615132961367,109.470969999283,-1.01615127747151,0.288273125667087,-3.52496014021445,0.000423546517253866,0.00129385247218445,"Negative_interaction"
"ENSG00000157796.20","ENSG00000157796","WDR19","protein_coding",-0.0441283323376194,0.923849393323469,-1.44319884644264,2.02252922576584e-08,-1.39907051410502,28.7791207795247,-1.39907029675666,0.39692037786595,-3.52481347588852,0.000423781073850812,0.00129429616907186,"Negative_interaction"
"ENSG00000232931.7","ENSG00000232931","LINC00342","lncRNA",-1.36134928997955,0.00118909163865477,-3.63698888145883,1.04055679330984e-11,-2.27563959147928,16.4457262604311,-2.27563916983777,0.646005201838562,-3.52263288803433,0.000427282772415695,0.00130416637275658,"Negative_interaction"
"ENSG00000233593.13","ENSG00000233593","LINC02609","lncRNA",0.931686898534403,0.16564278288236,3.11315135366459,1.37295101076236e-35,2.18146445513019,40.9695533201386,2.181462572979,0.619426106709852,3.52174787169704,0.000428711669087993,0.00130797673861541,"Positive_interaction"
"ENSG00000247853.2","ENSG00000247853","CHD4-AS1","lncRNA",0.476549121897802,0.470244991432552,-2.75867510366689,0.000452697303559184,-3.23522422556469,6.09281285514432,-3.23522213182737,0.918881234667881,-3.52082729494058,0.000430202712737205,0.00131142147938317,"Negative_interaction"
"ENSG00000291317.3","ENSG00000291317","TMEM276","protein_coding",-0.673754725869289,0.0373755979545953,-2.14523838893448,9.91795600181003e-12,-1.47148366306519,25.5998875859293,-1.4714834566056,0.41854045146873,-3.51574967590805,0.000438514225832777,0.00133206199968243,"Negative_interaction"
"ENSG00000231185.10","ENSG00000231185","SPRY4-AS1","lncRNA",-0.189495276919932,0.757319290051487,-2.53322252079043,4.72428990608506e-07,-2.3437272438705,12.7405322152181,-2.34372629506597,0.666896971401409,-3.5143753766656,0.000440789445255913,0.0013380646503244,"Negative_interaction"
"ENSG00000175536.8","ENSG00000175536","LIPT2","protein_coding",-0.923217417583718,0.00680621661443852,-2.66094746375319,2.63381471878039e-11,-1.73773004616947,21.7300232615511,-1.7377298130177,0.494818208322942,-3.51185502834927,0.000444990664704067,0.00134968704748668,"Negative_interaction"
"ENSG00000103490.15","ENSG00000103490","PYCARD","protein_coding",0.727330456924085,0.0131958759529943,-0.365084370329845,0.0412270033177794,-1.09241482725393,64.7578256157699,-1.0924147808504,0.311111603406249,-3.51132766791705,0.000445874447570598,0.00135151903246039,"Negative_interaction"
"ENSG00000128016.10","ENSG00000128016","ZFP36","protein_coding",0.851142934124311,0.000175551889582065,1.87896814089203,4.36671832665246e-19,1.02782520676772,1251.20336092085,1.02782511672477,0.292789874018983,3.51045308574478,0.00044734373808963,0.00135483917500416,"Positive_interaction"
"ENSG00000169826.10","ENSG00000169826","CSGALNACT2","protein_coding",0.0275328726054157,0.941755655283995,1.21596492401916,2.96086224100029e-07,1.18843205141374,64.7606793295215,1.18843190742298,0.338647620339649,3.50934669563317,0.000449208938388581,0.00135906804491176,"Positive_interaction"
"ENSG00000235013.1","ENSG00000235013","COX20P2","processed_pseudogene",0.323601332559475,0.476619868872908,-2.08808005132388,0.000629544197286506,-2.41168138388336,12.5582940047332,-2.41168078955789,0.687736727641649,-3.50669186714501,0.000453714207657442,0.00137069549663782,"Negative_interaction"
"ENSG00000271447.8","ENSG00000271447","MMP28","protein_coding",3.22154213723593,1.12898682596856e-13,1.51554081610459,1.4050468877474e-08,-1.70600132113134,56.2019040743267,-1.70600138171909,0.486604797864399,-3.50592799168103,0.00045501830229021,0.00137406235398827,"Negative_interaction"
"ENSG00000233184.10","ENSG00000233184","DPH5-DT","lncRNA",-0.802905069357077,0.000388586554870166,-1.89952411440392,2.81175247565867e-15,-1.09661904504684,47.9027186901099,-1.09661897509214,0.313019223879511,-3.50335983043092,0.000459428381855007,0.00138449492822682,"Negative_interaction"
"ENSG00000165168.11","ENSG00000165168","CYBB","protein_coding",0.533952687343063,0.659206183374749,-3.59763893689384,3.37287678982583e-06,-4.1315916242369,5.31670980718402,-4.13158586615351,1.180276226087,-3.50052451691845,0.000464343524240515,0.00139816384316576,"Negative_interaction"
"ENSG00000106477.22","ENSG00000106477","CEP41","protein_coding",-1.12938010126842,4.69018299278859e-06,-4.26424817142966,1.92826248902813e-06,-3.13486807016124,30.3129476137841,-3.13486998769799,0.895984584332561,-3.49879902234393,0.000467358714070391,0.00140663810681373,"Negative_interaction"
"ENSG00000290374.2","ENSG00000290374","FAM86EP","lncRNA",-1.06825340296918,0.0111910488277395,-3.68301598170532,3.15010195198381e-08,-2.61476257873614,12.5917484228431,-2.61476223226037,0.747484280490683,-3.49808323800993,0.000468614852942275,0.00140983318431377,"Negative_interaction"
"ENSG00000197535.17","ENSG00000197535","MYO5A","protein_coding",-0.984163655363563,4.0398582461909e-09,-2.07769831657491,6.44973553147957e-14,-1.09353466121135,57.2554317038318,-1.09353472110371,0.312767288197647,-3.49632062676793,0.000471721521882617,0.00141829632678898,"Negative_interaction"
"ENSG00000156384.16","ENSG00000156384","SFR1","protein_coding",-0.713042626659901,0.00316931030287334,0.301674777275705,0.144738117752123,1.01471740393561,45.2416144444854,1.01471731813182,0.290395727753627,3.4942570470345,0.000475383070213857,0.00142752827466623,"Positive_interaction"
"ENSG00000173212.7","ENSG00000173212","MAB21L3","protein_coding",0.147704253154686,0.675739625774316,-3.10745588444733,0.000868598216704288,-3.25516013760202,24.2914042782498,-3.25516118320372,0.932144716413812,-3.49211997438243,0.000479202954174635,0.00143840290221599,"Negative_interaction"
"ENSG00000171759.12","ENSG00000171759","PAH","protein_coding",-0.125332350310122,0.698533479439319,1.45610637304191,0.000251047129476685,1.58143872335203,23.4613749755151,1.58143836246667,0.453148389815569,3.48989072456004,0.000483218094086735,0.00144955425781515,"Positive_interaction"
"ENSG00000243566.9","ENSG00000243566","UPK3B","protein_coding",0.495661966921621,0.310669467550643,-1.91994458965652,0.00113431657754557,-2.41560655657814,15.3492219656102,-2.41560576595915,0.692413070109459,-3.48867730873029,0.000485416763839675,0.00145464428072055,"Negative_interaction"
"ENSG00000057593.16","ENSG00000057593","F7","protein_coding",-0.153892293343435,0.754585343454382,-1.94782050772817,1.81229035474436e-07,-1.79392821438474,17.1588757129591,-1.79392775916722,0.514908761513887,-3.48397210001415,0.000494030984271182,0.0014786239207059,"Negative_interaction"
"ENSG00000140451.15","ENSG00000140451","PIF1","protein_coding",-0.898126138809479,0.00698886438037665,0.536011298140447,0.0772562887974844,1.43413743694993,32.6761484422702,1.43413719411806,0.411802449066105,3.4825853934828,0.000496596811513759,0.00148568971768319,"Positive_interaction"
"ENSG00000291224.2","ENSG00000291224","ENSG00000291224","lncRNA",-0.314538399392459,0.242524188563003,0.928120584708517,0.00140566295925172,1.24265898410098,30.2978128690295,1.24265881632536,0.356827420871236,3.48252052292188,0.00049671714540294,0.00148574300746737,"Positive_interaction"
"ENSG00000175611.15","ENSG00000175611","ERCC6L2-AS1","lncRNA",-0.262776131193729,0.238946386738138,-1.79793664974704,1.52642830711318e-05,-1.53516051855331,45.9414412370538,-1.53516067521283,0.441894614632796,-3.47404250782398,0.000512679807369328,0.00152907095459895,"Negative_interaction"
"ENSG00000291171.2","ENSG00000291171","ENSG00000291171","lncRNA",-0.666546015908453,0.0378016655061118,0.549832412371157,0.0120884149204372,1.21637842827961,34.0495152106867,1.21637826543988,0.350250545779608,3.47288042830139,0.000514904699326664,0.00153507486168319,"Positive_interaction"
"ENSG00000204175.8","ENSG00000204175","GPRIN2","protein_coding",0.666587741725856,0.000433926883791226,1.77572017321193,1.24463301196516e-10,1.10913243148607,356.959960793396,1.10913227784598,0.319611100518503,3.47025580790731,0.000519962899752502,0.00154951724104735,"Positive_interaction"
"ENSG00000175183.12","ENSG00000175183","CSRP2","protein_coding",0.257812520618195,0.705640271292006,2.6498338670789,2.29692184470661e-08,2.3920213464607,9.75135183314626,2.39202005157414,0.689375880034804,3.46983426726996,0.000520779601451526,0.00155163198689052,"Positive_interaction"
"ENSG00000233930.5","ENSG00000233930","KRTAP5-AS1","lncRNA",-1.27906950856951,0.00185201122029142,-3.04235010807037,7.50146923001259e-18,-1.76328059950086,35.3004813238554,-1.76328017918647,0.508228256839137,-3.46946505917042,0.000521495894978449,0.00155344676465112,"Negative_interaction"
"ENSG00000229152.2","ENSG00000229152","ANKRD10-IT1","lncRNA",-0.362201677414802,0.491640696665666,1.30564598612016,1.29522757017075e-07,1.66784766353496,28.9617105814131,1.6678471219454,0.481098205213308,3.46674983168127,0.000526791929976561,0.00156761163228343,"Positive_interaction"
"ENSG00000253320.8","ENSG00000253320","MAILR","lncRNA",-0.88944933454772,0.00329049091194836,0.400851034586108,0.141970691039783,1.29030036913383,26.5370956351675,1.29030019001803,0.372292230345211,3.4658262645492,0.000528604736323886,0.00157236039384355,"Positive_interaction"
"ENSG00000196188.14","ENSG00000196188","CTSE","protein_coding",1.4350104836199,0.277908076277631,-3.30897463249611,0.000116004663838151,-4.74398511611601,4.34826438759345,-4.74397654192709,1.36890452176888,-3.46552770225128,0.000529192005986134,0.00157346133581269,"Negative_interaction"
"ENSG00000243926.4","ENSG00000243926","TIPARP-AS1","lncRNA",-0.486755324782014,0.073411784381699,0.782364514155136,0.00793807190489625,1.26911983893715,50.1167539419743,1.26911965451655,0.366233561631151,3.46532865219692,0.000529583873591493,0.00157430348637701,"Positive_interaction"
"ENSG00000227533.8","ENSG00000227533","SLC2A1-DT","lncRNA",-0.0980434501122029,0.802365280815535,1.57894223118781,9.81361793097698e-05,1.67698568130001,24.8232606948457,1.6769852687719,0.484092512556759,3.4641834469094,0.000531843684627898,0.00158004892940293,"Positive_interaction"
"ENSG00000225159.1","ENSG00000225159","NPM1P39","processed_pseudogene",-0.365960414276118,0.351713080001476,1.11186300158604,0.00015689224100145,1.47782341586216,24.8218886132051,1.477823136711,0.426645263730852,3.46382173280911,0.000532559313098596,0.00158185070002559,"Positive_interaction"
"ENSG00000247516.9","ENSG00000247516","MIR4458HG","lncRNA",-0.396634321951982,0.445558445607622,1.23744849021371,9.28263370679356e-08,1.63408281216569,38.6088145688469,1.63408227079089,0.471929339749541,3.4625570676706,0.000535068431915374,0.00158832685688603,"Positive_interaction"
"ENSG00000235453.14","ENSG00000235453","SMIM27","protein_coding",-0.74988112126967,0.144825135786877,1.21661927394321,0.0013534950064755,1.96650039521288,12.6103454839159,1.9664997414583,0.568280495969127,3.46043856054693,0.0005392962839681,0.00159956646485176,"Positive_interaction"
"ENSG00000259642.3","ENSG00000259642","ST20-AS1","lncRNA",-1.56468214578816,3.01155282108573e-06,-5.26756367515583,6.40043330886349e-07,-3.70288152936767,18.5359726974239,-3.70288326213955,1.07055970594095,-3.45882928489725,0.000542528654701123,0.00160882448617325,"Negative_interaction"
"ENSG00000258735.2","ENSG00000258735","PPP1R13B-DT","lncRNA",1.49213345319868,0.416926829898222,-4.53332877271334,2.17106259236653e-06,-6.02546222591202,5.13429133923443,-6.02544496664397,1.74270498532911,-3.45752437582318,0.00054516292066645,0.00161498386064967,"Negative_interaction"
"ENSG00000198093.13","ENSG00000198093","ZNF649","protein_coding",-0.715318953707814,0.000141421712915592,-1.84782126161168,1.08091183470117e-10,-1.13250230790387,61.7166241169004,-1.13250233977416,0.327790433367832,-3.45495848716035,0.000550377557193687,0.00162943239200223,"Negative_interaction"
"ENSG00000204685.10","ENSG00000204685","STARD7-AS1","lncRNA",-0.643575024946111,0.0086342288826963,-1.80244147473045,4.92348716854525e-12,-1.15886644978434,41.3496205615412,-1.15886636268634,0.335863758603037,-3.45040610367261,0.000559743844440721,0.00165614695664249,"Negative_interaction"
"ENSG00000259319.3","ENSG00000259319","JDP2-AS1","lncRNA",-1.36552613236863,0.00394899441130348,-5.31687512291231,1.29362292534382e-06,-3.95134899054368,8.86501433969497,-3.95134938560889,1.1454546704677,-3.44959035698508,0.000561437804350321,0.00166048095115201,"Negative_interaction"
"ENSG00000223546.10","ENSG00000223546","LINC00630","lncRNA",-0.281866712933594,0.317374410113355,-1.3873281150389,1.26780700048549e-09,-1.10546140210531,38.110729851077,-1.10546129310918,0.320459530282487,-3.44961278615964,0.00056139116470337,0.00166048095115201,"Negative_interaction"
"ENSG00000167552.18","ENSG00000167552","TUBA1A","protein_coding",-1.54171285409302,1.41643409170047e-12,-0.208646523726675,0.574640231151123,1.33306633036635,38.4450922262016,1.33306597882011,0.386592042460384,3.44824991827584,0.000564231699238183,0.00166685896818937,"Positive_interaction"
"ENSG00000132881.14","ENSG00000132881","CPLANE2","protein_coding",-0.534179021781628,0.0838187882167523,-1.83778417100236,2.55566967654246e-11,-1.30360514922073,29.6070750877652,-1.30360498190879,0.378667178233253,-3.4426141393902,0.000576120688994337,0.00169766999286416,"Negative_interaction"
"ENSG00000118762.10","ENSG00000118762","PKD2","protein_coding",-1.26784816550108,0.000355047358393128,-2.65753546481815,1.64080340924941e-27,-1.38968729931707,38.2841991803989,-1.3896870767763,0.403679968255334,-3.44254653700653,0.000576264705437241,0.00169774915860876,"Negative_interaction"
"ENSG00000178093.15","ENSG00000178093","TSSK6","protein_coding",-0.889281165732062,0.0585927771499927,-3.033495885481,3.14966949588933e-10,-2.14421471974894,13.101308366651,-2.14421410405277,0.623066869979116,-3.44138680351379,0.000578740564633331,0.00170469680135492,"Negative_interaction"
"ENSG00000184083.13","ENSG00000184083","FAM120C","protein_coding",-0.420127406100799,0.143316102829519,0.940663199713458,0.00396475788595019,1.36079060581426,29.9309072725255,1.36079037401545,0.395557993931173,3.44017917699377,0.000581329191768401,0.00171058327860054,"Positive_interaction"
"ENSG00000224043.10","ENSG00000224043","CCNT2-AS1","lncRNA",1.13075043502211,0.00387460139900783,-0.592335985787545,0.121568131261218,-1.72308642080966,15.3035875657774,-1.72308598765246,0.500894906216714,-3.44001499369801,0.000581681960757524,0.00171127384801016,"Negative_interaction"
"ENSG00000143702.19","ENSG00000143702","CEP170","protein_coding",0.195080677522025,0.693570492692077,1.6299777854137,1.35782520477452e-17,1.43489710789168,53.0249679198098,1.43489662365579,0.417397087051464,3.43772553323754,0.000586621974579924,0.00172510666712911,"Positive_interaction"
"ENSG00000236682.5","ENSG00000236682","MAP3K2-DT","lncRNA",-0.121875957451804,0.743876956976519,-1.59086468632962,2.16668695882283e-06,-1.46898872887782,21.3034900276628,-1.46898851284288,0.427420624668492,-3.43686857409426,0.000588481076819029,0.00172987175765951,"Negative_interaction"
"ENSG00000131116.14","ENSG00000131116","ZNF428","protein_coding",-0.796447543714236,0.00216485356090187,0.284940387316679,0.21117731269396,1.08138793103091,78.018600489854,1.08138782247559,0.315029664390972,3.43265395202121,0.000597704436629965,0.00175342767118248,"Positive_interaction"
"ENSG00000248866.2","ENSG00000248866","USP46-DT","lncRNA",-1.75652660378592,0.0125381474824416,-6.08269090693119,6.95249616968565e-08,-4.32616430314527,6.40544678528047,-4.32616276279233,1.26127791239135,-3.42998376510855,0.000603617364079939,0.0017686257258889,"Negative_interaction"
"ENSG00000100926.17","ENSG00000100926","TM9SF1","protein_coding",0.49532661542091,0.105521647134529,-0.779982656485684,0.00471728869053859,-1.27530927190659,38.4789964328864,-1.27530909634251,0.371948251753686,-3.42872722301987,0.000606418678257248,0.00177647452704751,"Negative_interaction"
"ENSG00000074219.16","ENSG00000074219","TEAD2","protein_coding",0.965966303841688,0.0192565676548296,-0.377327883281707,0.0101008852894864,-1.34329418712339,148.344652495117,-1.34329436957317,0.391960085411678,-3.42712031038136,0.000610018733282126,0.00178557695066139,"Negative_interaction"
"ENSG00000188677.16","ENSG00000188677","PARVB","protein_coding",-0.409653527055913,0.254473681121691,0.674109485322634,4.90322542739553e-10,1.08376301237855,147.719861527875,1.0837627582905,0.316257268670239,3.42683905052167,0.000610650896809288,0.00178706639672056,"Positive_interaction"
"ENSG00000257261.8","ENSG00000257261","SLC38A4-AS1","lncRNA",0.187067403724358,0.658590996918378,-1.34139415162822,3.36633272555426e-05,-1.52846155535258,26.3915014910181,-1.52846125463053,0.44607907604581,-3.42643566288584,0.000611558620645445,0.00178936150421841,"Negative_interaction"
"ENSG00000120885.24","ENSG00000120885","CLU","protein_coding",0.645226855241921,0.099150580526816,2.27867253168987,4.95165840209157e-11,1.63344567644795,548.886420873101,1.63344530393211,0.476962231324874,3.42468480029296,0.000615513074192459,0.00179984170121007,"Positive_interaction"
"ENSG00000246228.8","ENSG00000246228","CASC8","lncRNA",-0.524670457244473,0.693495868358352,3.5803421960633,1.25488775963735e-07,4.10501265330777,5.76219968211029,4.1050056044892,1.1993137297548,3.4227954726479,0.000619806943583697,0.00181057089828965,"Positive_interaction"
"ENSG00000250722.7","ENSG00000250722","SELENOP","protein_coding",0.862976873761742,0.00713009983889756,2.35550747485438,2.47647015258538e-12,1.49253060109264,114.645332577311,1.4925303154741,0.436097103594639,3.42247243371155,0.00062054389741501,0.00181199318181308,"Positive_interaction"
"ENSG00000213185.9","ENSG00000213185","FAM24B","protein_coding",-0.293909143177373,0.228261968178763,0.732945490794063,0.00149708721299365,1.02685463397144,42.1037201525204,1.0268545401464,0.300162735371002,3.42099274540925,0.000623929965546511,0.00182077991556585,"Positive_interaction"
"ENSG00000164296.9","ENSG00000164296","TIGD6","protein_coding",-0.257154713790648,0.306788581472026,-1.28373110021333,1.02583205831351e-08,-1.02657638642268,39.4999381616268,-1.02657630543028,0.300104201786208,-3.420732863186,0.000624526442935366,0.0018217868782245,"Negative_interaction"
"ENSG00000188760.13","ENSG00000188760","TMEM198","protein_coding",-0.305210543501957,0.531912084174314,-1.82443435485494,3.01031777005008e-15,-1.51922381135298,37.5327597964627,-1.51922356070696,0.444375615259403,-3.41878246361498,0.000629019928263967,0.00183378732657441,"Negative_interaction"
"ENSG00000197852.13","ENSG00000197852","INKA2","protein_coding",-1.25176251028708,1.49833055572823e-07,-2.77489172260541,2.4374829412804e-12,-1.52312921231833,32.8706451939866,-1.52312930958011,0.445714410408582,-3.41727634110791,0.000632510414015732,0.00184248058691779,"Negative_interaction"
"ENSG00000136155.19","ENSG00000136155","SCEL","protein_coding",2.77687272826724,0.0351480797692069,-1.27342830506708,7.93836352154034e-07,-4.05030103333432,32.6422455261743,-4.05030244479835,1.18582942153752,-3.41558606257788,0.000636449140502417,0.00185210334860259,"Negative_interaction"
"ENSG00000100918.16","ENSG00000100918","REC8","protein_coding",-0.927887683811006,0.434372199282893,2.73511280002519,1.30521297666595e-07,3.6630004838362,7.88504394617237,3.66299540579541,1.07405243769075,3.41044373370723,0.000648572648484265,0.00188472324480328,"Positive_interaction"
"ENSG00000183508.7","ENSG00000183508","TENT5C","protein_coding",1.58252429464153,4.53107338606109e-09,2.89109035131146,9.79680074772593e-23,1.30856605666993,59.047320866359,1.30856584998094,0.384087477840882,3.4069474416009,0.000656937758942557,0.00190673783348599,"Positive_interaction"
"ENSG00000064652.13","ENSG00000064652","SNX24","protein_coding",0.443415024289024,0.529785983865185,-1.58494135719145,1.81328523850217e-12,-2.02835638148047,31.0460194452473,-2.02835610461125,0.595406779199966,-3.40667284194632,0.000657598988140553,0.00190827483703102,"Negative_interaction"
"ENSG00000217930.10","ENSG00000217930","PAM16","protein_coding",0.764757188419791,0.0303439028607946,2.21294348704914,8.81297490312997e-14,1.44818629862935,24.2456258190608,1.44818598471872,0.425213796775437,3.40578315120742,0.000659745594875712,0.00191354095880387,"Positive_interaction"
"ENSG00000274414.1","ENSG00000274414","ENSG00000274414","lncRNA",-0.937187851239631,0.334767758554349,-4.78414855360078,7.88000583597047e-09,-3.84696070236115,8.95160339057998,-3.84695631593151,1.130117496611,-3.40403217140498,0.000663989325331765,0.00192412183617435,"Negative_interaction"
"ENSG00000105655.21","ENSG00000105655","ISYNA1","protein_coding",1.1192801998627,0.0491458966228693,3.01679241768065,7.90358156819965e-32,1.89751221781795,33.4674378690329,1.89751091773498,0.557900435019846,3.40116407628807,0.000670995407428009,0.00194248211035691,"Positive_interaction"
"ENSG00000275389.1","ENSG00000275389","ENSG00000275389","lncRNA",0.522428263005458,0.330178274232037,-3.64714831839077,0.00234647780987501,-4.16957658139623,7.2988181499685,-4.1695760160838,1.22601674688068,-3.400912774391,0.000671612542404396,0.00194355313340286,"Negative_interaction"
"ENSG00000215458.9","ENSG00000215458","AATBC","lncRNA",0.644018825509291,0.721850476027583,-5.2064980185946,2.1695675431158e-06,-5.85051684410389,5.56768619053203,-5.85049957813506,1.72104369010757,-3.39939050458934,0.000675362152544206,0.0019539525483471,"Negative_interaction"
"ENSG00000105696.11","ENSG00000105696","TMEM59L","protein_coding",2.9317912713653,0.00119342317673771,7.50500124593924,6.75729179345711e-12,4.57320997457394,13.1799632787291,4.57319893361203,1.34628235483752,3.39690921237987,0.00068151573778798,0.00197096908242335,"Positive_interaction"
"ENSG00000236081.2","ENSG00000236081","ELFN1-AS1","lncRNA",-1.41029577664596,4.15433973537148e-05,-3.05296283113475,3.04329170394501e-16,-1.64266705448879,27.5913469966578,-1.64266682891281,0.483735676100229,-3.39579425308388,0.000684297764858982,0.00197861995377821,"Negative_interaction"
"ENSG00000230551.4","ENSG00000230551","ENSG00000230551","lncRNA",0.129510991618212,0.724316029723532,1.29123956817196,8.28399155073251e-10,1.16172857655375,40.0710818651329,1.16172839886504,0.342154322979534,3.39533456350493,0.000685447844678175,0.00198115479957641,"Positive_interaction"
"ENSG00000176896.11","ENSG00000176896","TCEANC","protein_coding",-0.276145625654909,0.409241997917766,-1.65163998001035,1.26104887504463e-07,-1.37549435435544,28.1602639829939,-1.37549416895763,0.405210236494813,-3.39451979509711,0.00068749069811238,0.00198666305025815,"Negative_interaction"
"ENSG00000188818.14","ENSG00000188818","ZDHHC11","protein_coding",-0.607468894297168,0.0495525690422805,0.735690517830949,0.0158524287154903,1.34315941212812,24.9846534300638,1.34315919909063,0.395769622819262,3.39379053279188,0.000689323961635291,0.00199156356698936,"Positive_interaction"
"ENSG00000214376.8","ENSG00000214376","VSTM5","protein_coding",-0.87859162662433,0.0430014612051621,-3.66608663574348,1.10355754911694e-06,-2.78749500911915,14.4523482568261,-2.78749481947814,0.821675062058989,-3.39245396165866,0.000692695714999822,0.00200050743359454,"Negative_interaction"
"ENSG00000289092.1","ENSG00000289092","ENSG00000289092","lncRNA",-0.0570895055089209,0.940489987042262,2.62001631323686,3.42303495702631e-05,2.67710581874578,7.57031470309653,2.67710413565558,0.789767803184857,3.38973572341106,0.000699600322971089,0.00201763340905413,"Positive_interaction"
"ENSG00000142871.20","ENSG00000142871","CCN1","protein_coding",0.693863393615779,0.0238665667544517,1.99658773849209,7.73573832775437e-13,1.30272434487631,51.9755225724694,1.30272414083088,0.384361629404491,3.3893189152342,0.000700664697263331,0.00201949737325779,"Positive_interaction"
"ENSG00000253846.4","ENSG00000253846","PCDHGA10","protein_coding",-0.140457707406094,0.837972979725026,-2.20159596152317,1.09626980293413e-09,-2.06113825411708,15.7162719686904,-2.06113751231288,0.609011791094565,-3.38439672671762,0.000713348487245547,0.00205319687729145,"Negative_interaction"
"ENSG00000272851.1","ENSG00000272851","ENSG00000272851","lncRNA",1.20763923735975,0.04451884871827,-1.3021584228249,0.0183931159008316,-2.50979766018465,10.0156637811295,-2.50979627183646,0.742059516356613,-3.382203470901,0.000719068627670855,0.00206842845418937,"Negative_interaction"
"ENSG00000235500.2","ENSG00000235500","SNX19P2","processed_pseudogene",0.167721819021496,0.801833728012511,-2.27879473708309,4.04128876063608e-05,-2.44651655610459,9.24256427091231,-2.44651535942689,0.724861216134222,-3.37515003558126,0.000737754579324548,0.00211839496008943,"Negative_interaction"
"ENSG00000177640.17","ENSG00000177640","CASC2","lncRNA",-1.62512692045314,0.00997339639258182,-5.91305645594043,5.04140968313098e-07,-4.28792953548729,10.9089793054239,-4.28792961702632,1.27133027740155,-3.37278966232939,0.000744107723461723,0.00213494538277713,"Negative_interaction"
"ENSG00000134398.17","ENSG00000134398","ERN2","protein_coding",-1.07825236783182,0.254801522271521,-3.7798593854539,1.18872623009938e-117,-2.70160701762208,152.742574731182,-2.70160595999613,0.801900954579193,-3.36900205015198,0.000754408677048177,0.00216278744763248,"Negative_interaction"
"ENSG00000165194.17","ENSG00000165194","PCDH19","protein_coding",0.0599610778560629,0.92067870537812,4.22364379781363,0.000535196183552757,4.16368271995757,12.0305023892905,4.16367579356974,1.23753885039833,3.36448087446272,0.000766877991220155,0.0021967969655589,"Positive_interaction"
"ENSG00000157470.14","ENSG00000157470","FAM81A","protein_coding",-0.650809927548945,0.00961394392247054,-1.70020014861719,1.76320737713735e-14,-1.04939022106825,68.5692462280632,-1.04939012363796,0.312118098654132,-3.36215723523557,0.000773360731495081,0.00221405446875281,"Negative_interaction"
"ENSG00000125740.16","ENSG00000125740","FOSB","protein_coding",1.33619323073713,0.0147220607677994,3.26248876623059,3.87349336470484e-26,1.92629553549346,28.7012903863755,1.92629429250362,0.574061092690477,3.35555625878698,0.000792055446330742,0.00226265868878871,"Positive_interaction"
"ENSG00000171703.19","ENSG00000171703","TCEA2","protein_coding",-0.558131126584742,0.0235873066458195,3.49811113738338,0.00511197280153038,4.05624226396812,28.8592178134269,4.05623451182314,1.20997346467245,3.35233344387532,0.000801334415899125,0.00228736229174909,"Positive_interaction"
"ENSG00000109680.13","ENSG00000109680","TBC1D19","protein_coding",-0.873698490032566,0.0503819103519476,-2.63979331646243,3.723171096556e-13,-1.76609482642986,28.9629443497209,-1.76609435003673,0.527321204498346,-3.34918136227208,0.000810507225540644,0.00231172421030014,"Negative_interaction"
"ENSG00000240497.4","ENSG00000240497","ENSG00000240497","lncRNA",-1.03191778274003,0.168808675502092,-4.12886044088878,2.68459086638506e-09,-3.09694265814875,9.66262472088865,-3.09694042693163,0.925792298438181,-3.34517842949892,0.000822296514415302,0.002340742700237,"Negative_interaction"
"ENSG00000215375.9","ENSG00000215375","MYL5","protein_coding",-0.998765496398938,0.00125036971605602,-2.74228740095264,1.25810371272974e-09,-1.7435219045537,28.4441971542458,-1.74352186431617,0.521433239329073,-3.34371062834343,0.000826659147115687,0.00235131390775281,"Negative_interaction"
"ENSG00000182557.9","ENSG00000182557","SPNS3","protein_coding",0.292732707037501,0.211717622171492,-0.808690450041061,0.00356760834479259,-1.10142315707856,55.0907038332871,-1.10142308836528,0.329481801220974,-3.34289506820618,0.000829092444106084,0.00235730973121157,"Negative_interaction"
"ENSG00000203392.3","ENSG00000203392","ENSG00000203392","lncRNA",0.203621872670918,0.848379092297853,4.01020597686197,4.36696082297614e-06,3.80658410419105,4.61450765823034,3.80657868402416,1.1417489520504,3.33398920768715,0.000856099793927406,0.00242743068158794,"Positive_interaction"
"ENSG00000289850.3","ENSG00000289850","ENSG00000289850","lncRNA",4.20628896131739,0.000116500655567642,0.309450937008547,0.654258602168264,-3.89683802430884,8.97092312983039,-3.89683526959092,1.16906495661833,-3.33329234404821,0.00085824710885845,0.00243304325148213,"Negative_interaction"
"ENSG00000169683.10","ENSG00000169683","LRRC45","protein_coding",-0.380257561852897,0.402945774963579,-2.18003738613638,1.03849563020506e-07,-1.79977982428348,124.903102551063,-1.79977937563156,0.539991896227703,-3.33297478759317,0.000859227282654359,0.00243534554669019,"Negative_interaction"
"ENSG00000156587.17","ENSG00000156587","UBE2L6","protein_coding",-0.77300756755921,0.322507877936425,1.57674518745942,2.91448266766291e-07,2.34975275501863,15.9476761524143,2.34975118901934,0.705552177200145,3.33037196248745,0.000867300406270921,0.0024558260038449,"Positive_interaction"
"ENSG00000232368.1","ENSG00000232368","FTLP2","processed_pseudogene",1.29848861196378,9.69193246623784e-05,2.93450880941264,9.18458472898065e-14,1.63602019744886,31.3809702421674,1.63601979241737,0.49140709168075,3.32925556043916,0.000870784631364127,0.00246521017341843,"Positive_interaction"
"ENSG00000006747.17","ENSG00000006747","SCIN","protein_coding",0.468815971801619,0.225466938423387,-0.782681644709149,9.46391156039473e-05,-1.25149761651077,52.0121509194245,-1.25149753086765,0.375919114329565,-3.32916705525773,0.000871061405301093,0.00246551208703583,"Negative_interaction"
"ENSG00000007062.14","ENSG00000007062","PROM1","protein_coding",1.47507851211859,0.00741467793674389,-0.521817857979701,0.156701716045913,-1.99689637009829,174.331789198993,-1.99689617737743,0.599867124053503,-3.32889751297543,0.000871904822094122,0.0024669357051519,"Negative_interaction"
"ENSG00000095303.19","ENSG00000095303","PTGS1","protein_coding",-0.951978987234391,0.0234893297889303,0.515948136138082,0.0411339700705792,1.46792712337247,24.0616962835123,1.4679268025434,0.441376824587236,3.32579039218058,0.000881682046064369,0.0024911944261191,"Positive_interaction"
"ENSG00000121653.13","ENSG00000121653","MAPK8IP1","protein_coding",-0.958514562985531,0.00409567134830093,0.168440911022805,0.3277858318922,1.12695547400834,99.2719251815436,1.12695528087263,0.339077356526027,3.32359344905453,0.000888656434683105,0.00250943278476765,"Positive_interaction"
"ENSG00000175197.14","ENSG00000175197","DDIT3","protein_coding",-0.477238558530156,0.124468208527918,0.765244514634515,0.0057054465254525,1.24248307316467,908.168777991959,1.24248289875096,0.374161019162894,3.32071711139432,0.000897864938383528,0.00253300610441486,"Positive_interaction"
"ENSG00000132535.23","ENSG00000132535","DLG4","protein_coding",0.661743414526172,0.303452707628402,2.70832783566933,1.04357092421665e-16,2.04658442114316,20.4563535981721,2.04658311926647,0.617264778277647,3.31556763205743,0.000914572078779156,0.00257658992334128,"Positive_interaction"
"ENSG00000259439.4","ENSG00000259439","LINC01833","lncRNA",1.0579777978216,0.0413323497075606,-1.0145782505092,0.0254648565118151,-2.0725560483308,9.20657698136598,-2.07255524199429,0.625145318996818,-3.31531754140007,0.000915390770546843,0.00257839515000289,"Negative_interaction"
"ENSG00000119703.17","ENSG00000119703","ZC2HC1C","protein_coding",-0.624612320179787,0.0767914907787302,-2.31200194030074,3.54013728458193e-08,-1.68738962012095,18.3650245046211,-1.68738938874234,0.509058922700891,-3.31472313615414,0.000917339329673651,0.00258338157124573,"Negative_interaction"
"ENSG00000223873.1","ENSG00000223873","SAP18P2","processed_pseudogene",-0.204341422107989,0.528642798661224,0.940146814072125,0.000109113561100755,1.14448823618011,31.7922462559407,1.14448809597154,0.345400928148745,3.31350613938904,0.000921340843644353,0.00259313876599223,"Positive_interaction"
"ENSG00000138079.16","ENSG00000138079","SLC3A1","protein_coding",2.82127841290209,3.53234464093467e-10,0.740411134267483,0.139124991061065,-2.08086727863461,105.893220376869,-2.08086646790337,0.628155428700112,-3.31266175986006,0.000924126680701967,0.00259946503430375,"Negative_interaction"
"ENSG00000182489.10","ENSG00000182489","XKRX","protein_coding",-0.332268751226141,0.465848071260953,-2.12386608811832,3.01966839309081e-07,-1.79159733689218,19.6210433053542,-1.79159688743462,0.54110970549993,-3.31096794092682,0.000929738595722795,0.00261271509195554,"Negative_interaction"
"ENSG00000258457.6","ENSG00000258457","AJUBA-DT","lncRNA",-1.53893223779714,0.0561498329604416,-5.86827062706685,2.61571426904309e-07,-4.32933838926971,5.0146158520623,-4.32933565046662,1.30894103764651,-3.30751006038501,0.000941293308004063,0.0026431355589217,"Negative_interaction"
"ENSG00000060982.17","ENSG00000060982","BCAT1","protein_coding",-1.72574657645188,1.69192018733531e-06,2.28606475289937,0.0663671684573414,4.01181132935125,14.5193181436386,4.01180414693314,1.21300593535383,3.30732441615211,0.000941917396177733,0.00264437561127619,"Positive_interaction"
"ENSG00000100342.24","ENSG00000100342","APOL1","protein_coding",-0.118520161930037,0.723108341149095,1.14588191686468,0.000140199615374829,1.26440207879472,31.2955876142978,1.26440189160398,0.382385115564365,3.30661900826825,0.000944292293241225,0.00265010758778207,"Positive_interaction"
"ENSG00000293164.1","ENSG00000293164","ENSG00000293164","protein_coding",0.883854550624523,0.0799284393012714,-2.97569674984975,0.00905257911039733,-3.85955130047427,6.97238190503993,-3.85954961945391,1.16797706367639,-3.30447381158784,0.000951548654769431,0.00266831329429539,"Negative_interaction"
"ENSG00000133134.14","ENSG00000133134","BEX2","protein_coding",-2.68611353252894,9.31972759669035e-15,-1.38543449997594,3.7993239918862e-10,1.300679032553,52.2593989873013,1.30067883016187,0.393658578921152,3.3040784573436,0.000952891607217174,0.00267156223095208,"Positive_interaction"
"ENSG00000170498.12","ENSG00000170498","KISS1","protein_coding",1.44927058284917,0.000959438793959946,3.65335533049602,2.96354810253877e-11,2.20408474764685,18.3774446755554,2.20408372546289,0.667850639137632,3.30026445480225,0.000965937598957846,0.00270552139236511,"Positive_interaction"
"ENSG00000134470.23","ENSG00000134470","IL15RA","protein_coding",0.287649219119535,0.444540965427961,1.36239993132148,4.91873470256439e-26,1.07475071220195,98.2542810098049,1.07475041524904,0.326015081914016,3.29662790119782,0.00097853048679057,0.00273867590084375,"Positive_interaction"
"ENSG00000142621.23","ENSG00000142621","FHAD1","protein_coding",-0.544670829809753,0.570253144384664,-4.17183529995456,6.30603566688929e-07,-3.62716447014481,6.52596983726389,-3.62716059211149,1.10081017214285,-3.29499189224499,0.000984245195343586,0.00275307496060978,"Negative_interaction"
"ENSG00000150201.17","ENSG00000150201","FXYD4","protein_coding",-0.369500880435553,0.347353397639108,1.38933855750277,0.00190275866170005,1.75883943793832,14.6454669169732,1.7588389148222,0.534094786240021,3.2931212963232,0.000990817193990129,0.00276985393042148,"Positive_interaction"
"ENSG00000279088.3","ENSG00000279088","ENSG00000279088","lncRNA",0.445706779819464,0.379635876208369,2.08652242061638,9.08320405435303e-13,1.64081564079692,24.7573494461561,1.64081504304036,0.499127489357029,3.28736661079125,0.00101129085528996,0.00282327626177269,"Positive_interaction"
"ENSG00000115129.16","ENSG00000115129","TP53I3","protein_coding",-0.896987733054857,0.0145688569203165,-2.50594204023841,2.15396951490938e-11,-1.60895430718355,79.2254582313928,-1.60895400829447,0.489813194683453,-3.28483190277117,0.00102043232194013,0.00284605566003779,"Negative_interaction"
"ENSG00000197841.17","ENSG00000197841","ZNF181","protein_coding",-0.808552266812202,0.000681652217531951,-1.84944766301326,5.30577784439663e-15,-1.04089539620106,74.5035039980179,-1.04089531205101,0.316900147516669,-3.28461605400882,0.00102121430738401,0.00284768861701155,"Negative_interaction"
"ENSG00000144362.14","ENSG00000144362","PHOSPHO2","protein_coding",-0.635443837056395,0.00705031549108671,-1.63624728705037,3.62218017739992e-13,-1.00080344999397,67.5160320453425,-1.00080336986801,0.304862052993586,-3.28280728952865,0.00102778900175049,0.00286491983330796,"Negative_interaction"
"ENSG00000299510.1","ENSG00000299510","ENSG00000299510","lncRNA",-0.148157987506578,0.77474751779515,2.8616396441218,0.00102850128736323,3.00979763162838,9.53546295459225,3.00979498584654,0.9183108625858,3.27753390324872,0.00104718154023581,0.00291281283706282,"Positive_interaction"
"ENSG00000103316.14","ENSG00000103316","CRYM","protein_coding",-0.133854477268943,0.904700095916922,2.59733583209405,3.49999157316676e-16,2.73119030936299,16.9761092359518,2.73118722089176,0.833820565645597,3.27550954416326,0.00105471550502141,0.0029313347977297,"Positive_interaction"
"ENSG00000168306.15","ENSG00000168306","ACOX2","protein_coding",-1.89699604128783,1.31130240232478e-15,-3.73038576791299,1.20536523415427e-12,-1.83338972662516,111.168049816243,-1.83339056886376,0.559760402641134,-3.27531308076316,0.00105544933727418,0.0029324332430555,"Negative_interaction"
"ENSG00000104381.16","ENSG00000104381","GDAP1","protein_coding",-1.30411318359256,0.000755297666444012,-3.09624281746209,5.43012967877787e-13,-1.79212963386953,35.0740339323554,-1.79212930053047,0.547384094798983,-3.27398862619237,0.00106040879428409,0.00294395483654502,"Negative_interaction"
"ENSG00000157429.17","ENSG00000157429","ZNF19","protein_coding",-0.917956774976766,0.0099213084666359,-2.67952660855528,2.01999661444797e-09,-1.76156983357851,18.8774043408908,-1.76156961600901,0.538500323905375,-3.27125080117603,0.00107072907415853,0.00296862554863313,"Negative_interaction"
"ENSG00000233822.8","ENSG00000233822","H2BC15","protein_coding",0.702980757457996,0.0552770074318951,2.43201894783025,2.0064213280532e-08,1.72903819037225,18.1824504700136,1.72903770387129,0.528690643832251,3.27041479557541,0.00107389888097446,0.00297684441145406,"Positive_interaction"
"ENSG00000204576.14","ENSG00000204576","PRR3","protein_coding",-0.861161313830815,0.0078958930421395,-2.22571523508814,4.26849907044952e-13,-1.36455392125733,44.1786468309736,-1.36455371467401,0.417272139755278,-3.27017690535077,0.00107480245297784,0.00297877933611683,"Negative_interaction"
"ENSG00000160298.20","ENSG00000160298","C21orf58","protein_coding",-1.00471695643746,0.028484670794346,-3.14630056136904,2.86176441758766e-09,-2.14158360493158,19.0511115848139,-2.14158305357114,0.65493531301408,-3.26991538097916,0.00107579660540602,0.00298096451348833,"Negative_interaction"
"ENSG00000268996.3","ENSG00000268996","MAN1B1-DT","lncRNA",-0.811763328050976,0.0276164307832868,-2.87887916530456,2.6781645608328e-07,-2.06711583725358,19.3182113691482,-2.0671157274416,0.632260082471312,-3.26940729732909,0.00107773045420734,0.00298575219697435,"Negative_interaction"
"ENSG00000170175.12","ENSG00000170175","CHRNB1","protein_coding",-0.285992030229139,0.515563957074189,1.00150801476501,2.58933746743153e-07,1.28750004499415,67.4976042177788,1.28749970837221,0.394089149713304,3.26702653272452,0.00108683493793425,0.0030081000612191,"Positive_interaction"
"ENSG00000286134.3","ENSG00000286134","ENSG00000286134","lncRNA",-0.655893424183194,0.738776158914468,-6.49553256173674,8.07482341458437e-10,-5.83963913755355,12.7288920700045,-5.83962037959196,1.78888344269031,-3.2643940014391,0.00109698500986411,0.00303213937878137,"Negative_interaction"
"ENSG00000173480.12","ENSG00000173480","ZNF417","protein_coding",-0.996185138044906,2.02867078751321e-05,-2.09557734066389,2.37661534155804e-15,-1.09939220261898,50.8476064866262,-1.09939214141589,0.3368070264724,-3.26416035000974,0.00109789010638864,0.00303348396983492,"Negative_interaction"
"ENSG00000023902.15","ENSG00000023902","PLEKHO1","protein_coding",0.383905567536322,0.651057315981597,2.71170637389787,3.3100353060217e-17,2.32780080636155,35.4090402128411,2.32779863116433,0.713929146348172,3.26054573212382,0.00111198033627389,0.00306890478637997,"Positive_interaction"
"ENSG00000272142.5","ENSG00000272142","LYRM4-AS1","lncRNA",-0.354496849290254,0.238457018261875,-1.59752423887853,7.5504772128264e-08,-1.24302738958828,25.6618964003374,-1.24302725254851,0.381557019357805,-3.25777587486305,0.0011228905372309,0.00309371286417305,"Negative_interaction"
"ENSG00000100228.16","ENSG00000100228","RAB36","protein_coding",-2.19849798639521,1.11479772303984e-06,-5.90267285336972,6.02324554613142e-08,-3.70417486697451,12.8198119327359,-3.70417643200842,1.13715805547778,-3.2573980496072,0.00112438640142918,0.00309724533919629,"Negative_interaction"
"ENSG00000285569.5","ENSG00000285569","ENSG00000285569","lncRNA",0.325946310801054,0.552242181738193,-2.51974009082946,0.00157943571554595,-2.84568640163051,10.0460685048538,-2.8456854833183,0.874128431903711,-3.25545466713725,0.00113210968124206,0.00311674268627658,"Negative_interaction"
"ENSG00000204060.8","ENSG00000204060","FOXO6","protein_coding",0.415162612316789,0.261251238797064,3.5579153310521,0.000189939490790192,3.14275271873531,19.7897106733833,3.1427496428441,0.965846691990953,3.25388042316092,0.00113840187415133,0.00313109128111617,"Positive_interaction"
"ENSG00000153898.15","ENSG00000153898","MCOLN2","protein_coding",-0.586717756367511,0.0115328951609694,-1.75442553821793,5.93806136293684e-09,-1.16770778185042,47.5049884423401,-1.16770775050972,0.358860951286697,-3.25392814772101,0.0011382106467066,0.00313109128111617,"Negative_interaction"
"ENSG00000112494.12","ENSG00000112494","UNC93A","protein_coding",-1.09766778396697,9.70634014141352e-08,-0.0737071669323628,0.801487838640382,1.02396061703461,64.0338149233602,1.02396047113969,0.314738213913014,3.25337193221375,0.00114044119026016,0.00313610507196401,"Positive_interaction"
"ENSG00000196335.14","ENSG00000196335","STK31","protein_coding",-1.16599441478557,0.00285133867206492,-2.79544524771702,1.5510832654471e-14,-1.62945083293145,22.2637722592786,-1.6294505040784,0.500877223967848,-3.25319344962469,0.0011411577996168,0.0031374803323936,"Negative_interaction"
"ENSG00000164855.18","ENSG00000164855","TMEM184A","protein_coding",-0.463740458774295,0.220640341278555,-1.93176073549691,5.74421610095562e-09,-1.46802027672261,387.360716910701,-1.46801998766738,0.451397671980571,-3.25216561535694,0.00114529267095788,0.00314765434999461,"Negative_interaction"
"ENSG00000151623.17","ENSG00000151623","NR3C2","protein_coding",2.85844469399939,5.22715041716362e-08,1.14121406112849,1.12010536961382e-08,-1.7172306328709,48.0870669577848,-1.71723114461459,0.528098989825811,-3.25172207805397,0.00114708124958866,0.00315197221635171,"Negative_interaction"
"ENSG00000181754.9","ENSG00000181754","AMIGO1","protein_coding",0.098935837267048,0.743208928088694,-0.942276100953167,6.93718198416419e-05,-1.04121193822021,65.587354235114,-1.04121183404555,0.32026951911224,-3.25104879456434,0.00114980122182796,0.00315705178225288,"Negative_interaction"
"ENSG00000135898.12","ENSG00000135898","GPR55","protein_coding",2.49739401168692,0.0583492664991495,-1.52127628271358,0.0013386202988582,-4.0186702944005,8.23527445230072,-4.01866786172971,1.23618595889985,-3.25086030366025,0.00115056376639231,0.00315854709273676,"Negative_interaction"
"ENSG00000154710.20","ENSG00000154710","RABGEF1","protein_coding",0.807345693819388,0.00462705015653083,1.93395683416964,5.38573017929521e-16,1.12661114035025,68.1085896387295,1.12661097774296,0.346823921924775,3.24836583212192,0.00116069933374514,0.00318395887651609,"Positive_interaction"
"ENSG00000239569.6","ENSG00000239569","KMT2E-AS1","lncRNA",0.388276970686837,0.175535308435273,1.4541059722188,1.67291860572144e-10,1.06582900153196,46.1134828690755,1.06582887289441,0.328182712643558,3.24766915450545,0.00116354478820777,0.00319116030861222,"Positive_interaction"
"ENSG00000159871.16","ENSG00000159871","LYPD5","protein_coding",0.35101422649807,0.448708666291201,1.86894170407633,2.14455779086132e-10,1.51792747757826,20.1516262661249,1.51792705083644,0.467556228064585,3.24651231172726,0.00116828394816344,0.00320355174584381,"Positive_interaction"
"ENSG00000160602.16","ENSG00000160602","NEK8","protein_coding",-1.0711803295533,0.00312420615331209,-2.69679213844108,4.06323971824348e-12,-1.62561180888778,20.2145368155379,-1.62561154916801,0.500877663396393,-3.24552613934694,0.00117233801200117,0.00321406024780949,"Negative_interaction"
"ENSG00000162772.20","ENSG00000162772","ATF3","protein_coding",0.417933035991657,0.233736334156518,1.74738453298105,3.31425561277068e-09,1.32945149698939,728.45232598523,1.32945126797342,0.40965234830311,3.24531587205678,0.00117320408112362,0.00321496357769234,"Positive_interaction"
"ENSG00000132837.17","ENSG00000132837","DMGDH","protein_coding",-2.07437198500892,5.27439583645427e-12,-3.39306827939646,1.77153726761462e-30,-1.31869629438754,54.031922303546,-1.31869616613563,0.406342228300855,-3.2452845761314,0.00117333303632451,0.00321496357769234,"Negative_interaction"
"ENSG00000185621.13","ENSG00000185621","LMLN","protein_coding",-2.20335102420433,4.22781540904923e-06,-4.31795410580579,7.91358089501311e-19,-2.11460308160146,23.6701534207185,-2.11460257295731,0.651689613423992,-3.24480017695408,0.00117533067943536,0.00321861152803802,"Negative_interaction"
"ENSG00000231083.2","ENSG00000231083","ENSG00000231083","lncRNA",3.16933614736599,4.55249281868252e-07,-0.731865023266048,0.53807560830488,-3.90120117063204,6.905334080336,-3.90119631320268,1.20264606713501,-3.24384407001493,0.00117928285323888,0.00322492188831117,"Negative_interaction"
"ENSG00000307927.1","ENSG00000307927","ENSG00000307927","lncRNA",-0.336846460155188,0.360126772370988,-2.85011412162308,0.000127159420786744,-2.51326766146789,17.5227425985129,-2.51326798987636,0.775090020168404,-3.24254979999652,0.00118465242551621,0.00323802017174291,"Negative_interaction"
"ENSG00000165269.15","ENSG00000165269","AQP7","protein_coding",1.94329647343622,3.12508494647237e-07,0.459085485502206,0.142294274804157,-1.48421098793401,23.924860558402,-1.4842107575368,0.457872563635538,-3.24153678427917,0.0011888709006488,0.0032489377884598,"Negative_interaction"
"ENSG00000275765.7","ENSG00000275765","ENSG00000275765","lncRNA",-0.263891486566086,0.649494718420732,-3.58027000792638,0.0001997913585736,-3.31637852136029,9.646253387268,-3.31637785373396,1.0237061439397,-3.23957990617405,0.00119705920344652,0.00326946512935299,"Negative_interaction"
"ENSG00000260260.4","ENSG00000260260","SNHG19","lncRNA",0.170049500731797,0.658590996918378,1.51578776758306,8.49089877658961e-07,1.34573826685126,27.0964854868713,1.34573803004367,0.41587278651831,3.23593674236346,0.00121244249829268,0.00330960947170043,"Positive_interaction"
"ENSG00000198734.14","ENSG00000198734","F5","protein_coding",-0.866486025272712,0.0167659035574727,-4.54336144304251,5.9872090170183e-05,-3.6768754177698,15.0323635249552,-3.67687831469805,1.13664598149219,-3.23484917429702,0.001217070034859,0.00332099019867758,"Negative_interaction"
"ENSG00000127528.7","ENSG00000127528","KLF2","protein_coding",0.364042119642489,0.432230661304023,1.84076271885434,2.1273566592905e-11,1.47672059921185,131.967324562585,1.47672010651238,0.457487803950148,3.22788956068716,0.00124707110173973,0.00339965282287664,"Positive_interaction"
"ENSG00000165376.14","ENSG00000165376","CLDN2","protein_coding",-0.694056050296052,0.384589979367724,-3.19986012297927,5.52817053427981e-13,-2.50580407268322,276.703880515715,-2.50580289663992,0.776392655028633,-3.22749433602964,0.00124879513317908,0.00340371244499364,"Negative_interaction"
"ENSG00000261526.4","ENSG00000261526","ENSG00000261526","lncRNA",-0.272701970063251,0.665398986758096,1.81560599795364,7.48364095038876e-05,2.08830796801689,9.90768654340731,2.08830705978618,0.647825284980645,3.22356522383743,0.00126605462581574,0.00344492370208818,"Positive_interaction"
"ENSG00000188549.15","ENSG00000188549","CCDC9B","protein_coding",0.667312973503005,0.0257248649586573,-0.541894801639736,0.0562458955716416,-1.20920777514274,117.987935022951,-1.20920760544616,0.375153087393304,-3.22323778233618,0.00126750288095737,0.0034482169609225,"Negative_interaction"
"ENSG00000272512.1","ENSG00000272512","ENSG00000272512","lncRNA",0.625411778120617,0.377536527497614,3.43269156150794,4.22398890796465e-07,2.80727978338732,6.56984980291552,2.80727744741233,0.871804514556189,3.22007674947799,0.00128156281070516,0.00348319734672527,"Positive_interaction"
"ENSG00000260083.4","ENSG00000260083","MIR762HG","lncRNA",0.0685484283239507,0.886647307821653,1.66588485480538,1.06933981460558e-05,1.59733642648143,17.2481495816142,1.59733603017636,0.497260553879863,3.21227175112359,0.00131689744349963,0.00357052904606112,"Positive_interaction"
"ENSG00000105419.20","ENSG00000105419","MEIS3","protein_coding",1.22340566850658,0.287128301357536,-2.44928837707009,0.000237445962619105,-3.67269404557667,4.88233604638646,-3.67268960555167,1.14338215964508,-3.21212778647143,0.00131755756113556,0.00357116688149934,"Negative_interaction"
"ENSG00000121440.16","ENSG00000121440","PDZRN3","protein_coding",4.07242809448503,0.0012048905294855,0.20152480449484,0.645800307018226,-3.87090328999019,9.65116332114213,-3.87090443130093,1.20519498077303,-3.21184911408946,0.00131883621851972,0.00357377982026698,"Negative_interaction"
"ENSG00000291175.2","ENSG00000291175","ENSG00000291175","lncRNA",-0.228269548680839,0.741411699349944,-2.35715636337323,4.23363102173116e-08,-2.12888681469239,11.034120131912,-2.1288858791781,0.66304482231375,-3.21077219447876,0.00132378831525954,0.00358652837254463,"Negative_interaction"
"ENSG00000150764.16","ENSG00000150764","DIXDC1","protein_coding",-0.0376791059873442,0.93371597480326,-1.19671037141261,1.12462585744439e-08,-1.15903126542527,43.7337861865054,-1.15903113932685,0.361144251555368,-3.20933016193713,0.00133044621482854,0.00360321931326764,"Negative_interaction"
"ENSG00000125845.9","ENSG00000125845","BMP2","protein_coding",2.76537899592671,1.28179931559937e-08,1.04057655654065,0.00047508960772453,-1.72480243938606,75.8718202004535,-1.72480253787444,0.537836831437131,-3.20692529231526,0.00134161832042053,0.00363008452194441,"Negative_interaction"
"ENSG00000293150.1","ENSG00000293150","ENSG00000293150","lncRNA",0.78679812650185,0.696613907260659,-5.29940607822305,7.00432607489153e-06,-6.0862042047249,3.4569627620157,-6.0861822716928,1.89834168095659,-3.2060520678374,0.00134569636160451,0.0036404389905493,"Negative_interaction"
"ENSG00000160953.19","ENSG00000160953","PWWP3A","protein_coding",-0.526334453641387,0.0443700108272065,-1.5703333308973,3.73068434290217e-11,-1.04399887725591,211.016800929173,-1.04399876982091,0.325727920945071,-3.2051252063128,0.00135003740137797,0.00365081955976292,"Negative_interaction"
"ENSG00000184163.4","ENSG00000184163","C1QTNF12","protein_coding",2.18240460194323,0.0455931916038668,6.11421715191427,7.76088461067372e-15,3.93181254997104,15.0559031458051,3.93180240296822,1.22678510152364,3.20496425827556,0.00135079253116002,0.0036521801047707,"Positive_interaction"
"ENSG00000169860.7","ENSG00000169860","P2RY1","protein_coding",1.13566877016828,0.0082432454717101,-0.42692553675829,0.189004059989527,-1.56259430692657,43.0994225295426,-1.56259403399256,0.487892046550609,-3.20274545371272,0.00136124242085961,0.00367631851716315,"Negative_interaction"
"ENSG00000223547.11","ENSG00000223547","ZNF844","protein_coding",-0.870394113419721,0.0867253277705625,-3.3978688575711,5.6752232099056e-07,-2.52747474415138,9.23619653432533,-2.52747401674626,0.790735046568833,-3.19636018121811,0.00139173260097999,0.00375097430786721,"Negative_interaction"
"ENSG00000197774.15","ENSG00000197774","EME2","protein_coding",-0.57992795453526,0.169005218984477,-2.35826227502073,8.90056423892224e-08,-1.77833432048547,37.6482186371513,-1.77833393861242,0.556748961804399,-3.19413965829217,0.00140248251239361,0.00377713744092329,"Negative_interaction"
"ENSG00000273247.8","ENSG00000273247","RAB33B-AS1","lncRNA",-0.728570383380157,0.0279988579773881,-2.32264180066436,2.4990953809663e-08,-1.5940714172842,20.0340682199943,-1.59407125311798,0.499275895415194,-3.19276629966756,0.00140916942969031,0.00379444135545743,"Negative_interaction"
"ENSG00000143156.16","ENSG00000143156","NME7","protein_coding",-1.43829921904812,5.11232845514795e-05,-3.16060347550649,6.90325316491654e-13,-1.72230425645837,37.6293212418415,-1.72230408088195,0.539792160553324,-3.19068005566526,0.001419383666289,0.00382052527709143,"Negative_interaction"
"ENSG00000144199.15","ENSG00000144199","FAHD2B","protein_coding",-0.415215709376329,0.181738806178322,0.630109219338482,0.00221034864949366,1.04532492871481,46.7517507833083,1.04532479798984,0.32783407534922,3.18857884701682,0.00142974012465235,0.00384554452235745,"Positive_interaction"
"ENSG00000197536.12","ENSG00000197536","CARINH","lncRNA",-0.752129710716943,0.144121617825064,1.00887465418129,0.00429881120036065,1.76100436489823,13.3091249469472,1.76100379736052,0.55229656761715,3.18851121048654,0.00143007464658763,0.00384573052112598,"Positive_interaction"
"ENSG00000170955.12","ENSG00000170955","CAVIN3","protein_coding",0.278107264023475,0.821422054166138,-3.65088016727463,3.24497505895425e-05,-3.92898743129811,4.4858539041473,-3.92898158394332,1.23292597549661,-3.18671328370769,0.00143899346482166,0.00386756181235081,"Negative_interaction"
"ENSG00000277938.1","ENSG00000277938","ENSG00000277938","lncRNA",0.00418594121030546,0.999715445133159,1.94491544356696,2.54410212462493e-09,1.94072950235665,18.3004657372653,1.94072847460576,0.60905186845451,3.1864748720506,0.00144017997525665,0.0038700330430965,"Positive_interaction"
"ENSG00000180316.13","ENSG00000180316","PNPLA1","protein_coding",0.45900651293535,0.352536893095378,-1.56098882503865,0.00238418255766101,-2.019995337974,15.3319422092094,-2.01999465542559,0.634026272545002,-3.18597941898727,0.0014426485961525,0.00387594798951466,"Negative_interaction"
"ENSG00000128340.18","ENSG00000128340","RAC2","protein_coding",-1.96031654729934,0.216896624715717,2.332687511199,9.02179491756759e-22,4.29300405849834,26.9388052050981,4.2929915305641,1.34839195564792,3.18378607390999,0.001453623975421,0.00390326452692257,"Positive_interaction"
"ENSG00000226824.9","ENSG00000226824","ENSG00000226824","lncRNA",-0.388616252346078,0.208862143829028,0.658278818054958,0.00199472979531976,1.04689507040104,49.7077306056271,1.04689494171983,0.329429554711578,3.17790230641695,0.00148344726100946,0.00397818610409864,"Positive_interaction"
"ENSG00000149050.12","ENSG00000149050","ZNF214","protein_coding",-1.05105312736634,0.000858140679556023,-3.67370608144356,4.70929633134404e-06,-2.62265295407722,22.9276227276123,-2.62265400045256,0.826881554005674,-3.17174084697815,0.00151528161235626,0.00405605118697209,"Negative_interaction"
"ENSG00000242110.11","ENSG00000242110","AMACR","protein_coding",0.771440183161184,0.162277210116296,-1.61944168357874,0.00986541017493135,-2.39088186673992,9.0267768918956,-2.3908806958758,0.757425463941974,-3.15658874661093,0.0015962630418298,0.00425474416078673,"Negative_interaction"
"ENSG00000250132.7","ENSG00000250132","ENSG00000250132","lncRNA",-0.939842483927145,0.0310391400243199,-3.49957029102659,2.15789928279161e-06,-2.55972780709944,11.7743843288692,-2.55972762036326,0.810946380514935,-3.15646962840859,0.00159691517055452,0.00425569964172051,"Negative_interaction"
"ENSG00000272328.2","ENSG00000272328","ENSG00000272328","lncRNA",-1.32588457269534,9.71202248121468e-05,-2.87675432905332,1.31400885507439e-13,-1.55086975635798,21.3052185760187,-1.55086958085813,0.491465635976958,-3.15560126147017,0.00160167657858619,0.0042676037832085,"Negative_interaction"
"ENSG00000159403.20","ENSG00000159403","C1R","protein_coding",0.232502131855078,0.733341464361449,2.46085946930165,1.22874632450062e-06,2.22835733744657,10.528982772468,2.22835614487866,0.706365223800165,3.1546798593656,0.00160674307493235,0.00428031629447052,"Positive_interaction"
"ENSG00000136867.12","ENSG00000136867","SLC31A2","protein_coding",0.669922931459192,0.0637308707148959,-0.67486466681681,0.0269271540386395,-1.344787598276,22.4800681449888,-1.34478735607949,0.42642442041454,-3.15363588879873,0.00161250135990063,0.00429407749130464,"Negative_interaction"
"ENSG00000168539.6","ENSG00000168539","CHRM1","protein_coding",0,1,-4.75975482461647,1.41212182344818e-22,-4.75975482461647,21.3573998969685,-4.82519399932457,1.53041073125687,-3.15287517316468,0.0016167092369434,0.00430398655991057,"Negative_interaction"
"ENSG00000187242.7","ENSG00000187242","KRT12","protein_coding",3.06126568121066,7.72519317826231e-05,5.71971272314398,1.6427984483594e-35,2.65844704193332,37.4738636710306,2.65844237095036,0.843649324540875,3.15112250270231,0.00162644257918769,0.00432722707133981,"Positive_interaction"
"ENSG00000294732.1","ENSG00000294732","ENSG00000294732","lncRNA",0.550409128418682,0.248040082247667,-1.46164625181842,0.00556196786807311,-2.0120553802371,9.45195271954273,-2.01205468606903,0.639240600526627,-3.1475702331977,0.00164633550216179,0.00437292780376259,"Negative_interaction"
"ENSG00000125843.14","ENSG00000125843","AP5S1","protein_coding",-0.722707674689521,0.0131206671439578,-1.87807516414359,1.9230935040126e-12,-1.15536748945407,46.2562011917579,-1.15536734862936,0.367699694578089,-3.14214932910147,0.00167712476127378,0.0044473727429789,"Negative_interaction"
"ENSG00000167588.15","ENSG00000167588","GPD1","protein_coding",0.703416638870052,0.207839622253461,-1.64077716549991,0.00727936407901709,-2.34419380436996,8.17751377374526,-2.34419265574224,0.746385389430865,-3.14072688042532,0.00168529115818716,0.00446739335365799,"Negative_interaction"
"ENSG00000134245.19","ENSG00000134245","WNT2B","protein_coding",1.07253414178492,0.0584196554864237,4.4021339647946,5.80909815216829e-06,3.32959982300968,9.30113944996078,3.32959605598299,1.06016525305544,3.14063873192124,0.00168579842779,0.00446792077826128,"Positive_interaction"
"ENSG00000273314.1","ENSG00000273314","ENSG00000273314","lncRNA",-1.496548076657,6.90129889828706e-05,-3.19971784842258,7.38112389255567e-14,-1.70316977176558,22.1255743972537,-1.7031695240255,0.542340002505494,-3.14040918272158,0.00168712007743535,0.00446897169844508,"Negative_interaction"
"ENSG00000284773.1","ENSG00000284773","ENSG00000284773","protein_coding",0.522167089507697,0.473104104810764,3.45517413214804,5.46112841462339e-06,2.93300704264034,8.27173646399033,2.93300444133785,0.934581964316099,3.13830627309841,0.00169927220189039,0.00449951630728953,"Positive_interaction"
"ENSG00000144230.19","ENSG00000144230","GPR17","protein_coding",-1.92067124514628,0.00908517272494268,2.8959540424917,0.0501564747355291,4.81662528763798,10.8294450882136,4.81661147123917,1.53617350274689,3.13546058607729,0.00171584483299046,0.00453842367579809,"Positive_interaction"
"ENSG00000267530.6","ENSG00000267530","LINC01836","lncRNA",-0.257450011428155,0.553707908542185,-2.600830687704,0.000179719927952954,-2.34338067627585,12.4821373815466,-2.34338053672248,0.748287719447541,-3.13165708299021,0.00173822771038848,0.00459482622403465,"Negative_interaction"
"ENSG00000280417.1","ENSG00000280417","ENSG00000280417","TEC",-1.27927631859319,0.264771880746357,-5.85213395061175,3.27364216939131e-07,-4.57285763201856,5.86223858951326,-4.57285031219348,1.46070375306252,-3.13058024435552,0.0017446132874759,0.00460946868953522,"Negative_interaction"
"ENSG00000271147.8","ENSG00000271147","ENSG00000271147","lncRNA",-0.426165689735661,0.172954339037126,-2.33071769770819,4.32332002332249e-05,-1.90455200797253,20.3816126475694,-1.9045521614452,0.609252578014375,-3.12604694698603,0.00177173265236695,0.0046760061187583,"Negative_interaction"
"ENSG00000198915.14","ENSG00000198915","RASGEF1A","protein_coding",-0.655894097196781,0.743840319143244,4.52658411663565,1.01790379223455e-09,5.18247821383243,7.29601063840277,5.18245731630146,1.65964352256299,3.12263280990497,0.00179241215750352,0.00472628038328621,"Positive_interaction"
"ENSG00000162981.16","ENSG00000162981","LRATD1","protein_coding",0.230126594332848,0.474800390072028,-0.903921800298091,0.000790407953763399,-1.13404839463094,1594.09011301823,-1.13404824688802,0.363306751893333,-3.1214620729674,0.00179955426374243,0.00474252416624027,"Negative_interaction"
"ENSG00000181004.11","ENSG00000181004","BBS12","protein_coding",-0.430259107906937,0.535898292931058,-2.8608008621669,6.56157945303055e-07,-2.43054175425996,10.0097068583594,-2.43054038782506,0.778642234892955,-3.1215111111449,0.00179925458118204,0.00474252416624027,"Negative_interaction"
"ENSG00000221817.13","ENSG00000221817","PPP3CB-AS1","lncRNA",-1.08965270336945,0.00896059102913253,-3.65290840763692,1.35589857442823e-06,-2.56325570426747,17.9813591243221,-2.56325588672552,0.821220687168014,-3.12127534873108,0.00180069579458035,0.00474466971910154,"Negative_interaction"
"ENSG00000232499.2","ENSG00000232499","ENSG00000232499","processed_pseudogene",-0.66745079573603,0.00523646943066144,-1.68199324248377,2.02147662885465e-11,-1.01454244674774,43.5142739665887,-1.01454237483522,0.325511735900418,-3.11676128059971,0.00182849569628646,0.00481004894365282,"Negative_interaction"
"ENSG00000144821.12","ENSG00000144821","MYH15","protein_coding",1.50423500483331,0.147477304533038,-1.90079067536543,0.00502922821281316,-3.40502568019874,5.05883277201098,-3.40502196644234,1.0930674955521,-3.11510678004608,0.00183878332072483,0.00483184911766894,"Negative_interaction"
"ENSG00000162543.8","ENSG00000162543","UBXN10","protein_coding",-1.45501605859752,4.01878937291787e-05,-3.53839891402061,3.85355496734996e-09,-2.08338285542309,64.5692779941339,-2.0833833120217,0.668879152174204,-3.11473799900868,0.0018410836241164,0.0048370166571238,"Negative_interaction"
"ENSG00000143845.16","ENSG00000143845","ETNK2","protein_coding",0.887405869911858,0.0122582158682329,2.19438991407851,8.22116366212897e-15,1.30698404416665,37.4063930398777,1.30698374877725,0.419648044511703,3.11447596592054,0.00184271968447423,0.00484043749635682,"Positive_interaction"
"ENSG00000063176.18","ENSG00000063176","SPHK2","protein_coding",-0.1503387990241,0.626106755756526,-1.23076252869154,3.24847176736715e-06,-1.08042372966744,170.63108860757,-1.08042362069515,0.347232435883811,-3.11152850091654,0.00186121506685419,0.00488459412329788,"Negative_interaction"
"ENSG00000182327.9","ENSG00000182327","GLTPD2","protein_coding",0.906342510358195,0.266438260739873,-2.09580274083757,0.00377686915273768,-3.00214525119577,5.68230571318517,-3.00214247942823,0.965332023493537,-3.10995844576198,0.00187113665583624,0.00490619005181452,"Negative_interaction"
"ENSG00000165914.17","ENSG00000165914","TTC7B","protein_coding",2.22010281199439,4.8106492959662e-16,1.16868441265719,1.49152363605704e-07,-1.0514183993372,68.0008124662548,-1.05141833991819,0.338370953958872,-3.10729490110428,0.00188807948021492,0.00494614024354206,"Negative_interaction"
"ENSG00000081189.19","ENSG00000081189","MEF2C","protein_coding",0.594168405206602,0.0401243724237057,-0.453984092724884,0.055348300211483,-1.04815249793149,87.535276124088,-1.04815239111928,0.337475831238667,-3.10585912855493,0.00189727078000023,0.00496932010550576,"Negative_interaction"
"ENSG00000232677.12","ENSG00000232677","LINC00665","lncRNA",-0.218766201461201,0.829178665396796,2.55269461656228,1.13434743382382e-06,2.77146081802348,7.76428782677471,2.77145811955025,0.893193471222074,3.10286428287291,0.00191657510297578,0.00501806800222674,"Positive_interaction"
"ENSG00000198947.19","ENSG00000198947","DMD","protein_coding",-0.741958044204035,0.120124423945738,0.721179665854382,0.0034956137864399,1.46313771005842,24.7556502584584,1.46313729789328,0.471662399671857,3.10208593882237,0.00192162163666351,0.00502909356169762,"Positive_interaction"
"ENSG00000260852.2","ENSG00000260852","FBXL19-AS1","lncRNA",-2.20538737116103,2.14068686876597e-10,-3.80764311090676,1.08117429972094e-20,-1.60225573974573,32.204390652085,-1.60225564150817,0.516620199084341,-3.10141888441066,0.0019259563107047,0.00503850159181494,"Negative_interaction"
"ENSG00000103021.12","ENSG00000103021","CFAP263","protein_coding",-0.514986305763859,0.0473823182887659,-1.5270402590027,2.19685523320685e-10,-1.01205395323884,93.0594623164848,-1.01205385419971,0.326390537912195,-3.10074507880485,0.0019303439692888,0.00504864551577934,"Negative_interaction"
"ENSG00000283959.3","ENSG00000283959","ENSG00000283959","lncRNA",-0.87112018931687,0.165109366483542,-3.92829090669431,5.10960597557033e-06,-3.05717071737744,8.91206702377866,-3.05716934400077,0.987228316775144,-3.09671966661901,0.00195674824319369,0.00510873632427352,"Negative_interaction"
"ENSG00000160323.21","ENSG00000160323","ADAMTS13","protein_coding",-1.05301330197992,0.00346723232486719,-2.52557718430467,1.41525157724233e-12,-1.47256388232475,26.0526997334784,-1.4725636278728,0.476035826406865,-3.0933882413594,0.0019788506967492,0.00516153785048405,"Negative_interaction"
"ENSG00000249042.7","ENSG00000249042","FAM151B-DT","lncRNA",-0.0964376915014702,0.754440475791434,-1.09661657580984,3.376365181198e-06,-1.00017888430837,90.3069043847309,-1.00017878129164,0.323521021051419,-3.09154186655673,0.00199119900707825,0.00519187765573552,"Negative_interaction"
"ENSG00000259240.2","ENSG00000259240","MIR4713HG","lncRNA",-0.229006155668954,0.557034939104162,-1.82355232261555,2.54379403876943e-05,-1.5945461669466,18.6343577601335,-1.59454593585829,0.516253916148262,-3.08868540456816,0.00201044204799316,0.00523726616208873,"Negative_interaction"
"ENSG00000293473.2","ENSG00000293473","CENPBD1P","lncRNA",-1.23715993082123,0.0173026430287162,-4.87249878567639,1.40941949070753e-05,-3.63533885485516,7.71758123475343,-3.63533929686431,1.17700468125647,-3.08863622613934,0.00201077483617594,0.00523726616208873,"Negative_interaction"
"ENSG00000289177.3","ENSG00000289177","ENSG00000289177","lncRNA",-1.13162697976142,0.0987685030018586,-3.56639781288087,3.33569909344705e-11,-2.43477083311945,12.1894531737869,-2.43476942548335,0.789125498573011,-3.08540204300353,0.00203277171261079,0.00528980564897747,"Negative_interaction"
"ENSG00000164879.9","ENSG00000164879","CA3","protein_coding",1.43910865129787,0.00781013416030712,3.34997254514165,2.03721633741829e-17,1.91086389384378,19.6388919201997,1.9108627422692,0.619428474908947,3.08488036903709,0.00203634041988012,0.00529814099908487,"Positive_interaction"
"ENSG00000244687.15","ENSG00000244687","UBE2V1","protein_coding",0.334756718322281,0.398404974330617,1.59456000168106,1.45881194128287e-09,1.25980328335878,40.3278121971826,1.25980301333177,0.409309302453257,3.07787535191834,0.00208482099277797,0.00541261659393378,"Positive_interaction"
"ENSG00000007306.17","ENSG00000007306","CEACAM7","protein_coding",2.01185370167863,1.10361298109673e-08,0.536029994511378,0.154133460410643,-1.47582370716725,27.9378882342569,-1.47582337184496,0.479773855822721,-3.07608127023554,0.00209740668451491,0.0054433412736372,"Negative_interaction"
"ENSG00000258920.1","ENSG00000258920","FOXN3-AS1","lncRNA",-0.915469746947295,0.0672243292190074,-3.98688610477861,1.90047223530705e-05,-3.07141635783131,9.18916826867127,-3.07141603080082,0.998706224001087,-3.07539490291339,0.0021022400323652,0.00545490824512738,"Negative_interaction"
"ENSG00000161677.14","ENSG00000161677","JOSD2","protein_coding",0.147279185335454,0.690598815151776,-1.05351366561507,0.000215223743139527,-1.20079285095052,68.3546372517176,-1.20079266846665,0.39048791563139,-3.07510839746489,0.00210426060281761,0.00545917376584906,"Negative_interaction"
"ENSG00000310781.1","ENSG00000310781","ENSG00000310781","snoRNA",1.13726348464174,0.00384409805906458,2.70753510786219,6.6065018160269e-13,1.57027162322045,20.8399957091519,1.5702711511908,0.510775382840298,3.07428902007552,0.00211004907033798,0.00547125266189622,"Positive_interaction"
"ENSG00000197044.11","ENSG00000197044","ZNF441","protein_coding",-0.944759787406309,9.9865246372489e-06,-1.9590030409105,4.44923594516815e-13,-1.01424325350419,72.9176318307446,-1.01424323982625,0.329921429103076,-3.07419630965946,0.00211070493914361,0.00547197423579056,"Negative_interaction"
"ENSG00000290319.2","ENSG00000290319","ENSG00000290319","lncRNA",-1.1876493127087,0.132635391910125,1.27158988018545,0.00501851152361163,2.45923919289415,7.20918953318913,2.45923749734769,0.800004027998043,3.07403139394406,0.00211187207784314,0.00547402077483504,"Positive_interaction"
"ENSG00000135472.11","ENSG00000135472","FAIM2","protein_coding",-0.737753310964672,4.69818213152453e-06,0.358358346050395,0.314565684699706,1.09611165701507,518.605239873126,1.09611123327579,0.357094860101943,3.06952397176165,0.00214400198916117,0.00554837086195066,"Positive_interaction"
"ENSG00000236423.9","ENSG00000236423","LINC01134","lncRNA",-0.326822904136528,0.446657786211663,-2.4428099393358,8.50803716278886e-05,-2.11598703519927,27.1650289552094,-2.11598700660725,0.689387012050227,-3.06937463227562,0.00214507414485659,0.00555015434873447,"Negative_interaction"
"ENSG00000140323.7","ENSG00000140323","DISP2","protein_coding",0.247746195552107,0.493287241316942,-0.984966284843564,0.000817499678819797,-1.23271248039567,90.3837762243462,-1.23271228202402,0.401788896334794,-3.06805960361048,0.00215453639886368,0.0055716526574469,"Negative_interaction"
"ENSG00000131591.20","ENSG00000131591","C1orf159","protein_coding",0.0350657690037041,0.914514766998345,-0.977517335232976,0.000117855704899725,-1.01258310423668,91.6574498166632,-1.01258300822624,0.33043377928261,-3.06440525065146,0.00218103248426203,0.0056351440117535,"Negative_interaction"
"ENSG00000169750.11","ENSG00000169750","RAC3","protein_coding",-0.333244233737411,0.36598168646288,0.699697297671049,1.47919428455638e-05,1.03294153140846,56.705488873702,1.03294133321041,0.337087736232171,3.0643100361829,0.00218172681745963,0.00563593316196523,"Positive_interaction"
"ENSG00000113119.15","ENSG00000113119","TMCO6","protein_coding",-0.118948663743291,0.70955209661888,-1.12372569291735,1.16830332451008e-06,-1.00477702917406,62.6409086931849,-1.00477692114558,0.327951358744611,-3.06379862242938,0.00218545967198266,0.00564456987459859,"Negative_interaction"
"ENSG00000197576.16","ENSG00000197576","HOXA4","protein_coding",1.52174803687656,0.00120317634133117,3.45837467674089,5.75600025146442e-13,1.93662663986433,24.1727993590424,1.93662578184984,0.633749245109495,3.0558234140622,0.00224443399406356,0.00578040473466662,"Positive_interaction"
"ENSG00000230438.10","ENSG00000230438","SERPINB9P1","lncRNA",1.75503200937812,0.0104850576886497,-0.432527247921065,0.287825854483081,-2.18755925729918,10.4186027795224,-2.18755861786057,0.716368690443704,-3.05367703396647,0.00226055299577871,0.00581881598842364,"Negative_interaction"
"ENSG00000068615.22","ENSG00000068615","REEP1","protein_coding",1.51682523127409,7.18148645178363e-10,-2.27789378815758,0.0818951973347301,-3.79471901943167,49.6782324114044,-3.79472134689881,1.24495581006283,-3.04807714155518,0.00230310796631008,0.00591889353569172,"Negative_interaction"
"ENSG00000188886.6","ENSG00000188886","ASTL","protein_coding",-1.11077075562746,0.312586993322491,2.20336986172985,0.000506408949604059,3.31414061735731,5.38856694614711,3.31413637955292,1.08750287001995,3.04747368574037,0.00230773730538759,0.00592973918965902,"Positive_interaction"
"ENSG00000196267.16","ENSG00000196267","ZNF836","protein_coding",0.473248725571394,0.149584303492622,1.52833835862439,4.50901575553678e-13,1.055089633053,35.9294079675094,1.0550894473996,0.346683823311709,3.0433766344239,0.00233939337916575,0.00600894875059731,"Positive_interaction"
"ENSG00000167723.16","ENSG00000167723","TRPV3","protein_coding",-0.710440780174657,0.000221642455038268,1.94096769419892,0.032001153059728,2.65140847437358,50.0619663051307,2.65140547393676,0.871433874785575,3.04257792892108,0.00234561074174462,0.00602171671733624,"Positive_interaction"
"ENSG00000100478.19","ENSG00000100478","AP4S1","protein_coding",-0.956242048805255,0.000113404765325245,-2.43032574085944,4.01168224057934e-08,-1.47408369205418,30.2538901346827,-1.47408385689662,0.486082742539409,-3.03257805285509,0.00242474381270251,0.00621056686703513,"Negative_interaction"
"ENSG00000153291.17","ENSG00000153291","SLC25A27","protein_coding",-0.264376546936801,0.511902151981094,0.893821442397804,5.30702076354827e-05,1.15819798933461,45.1962796524921,1.15819775831464,0.382244521098637,3.02999178375606,0.00244560391629056,0.0062606769042365,"Positive_interaction"
"ENSG00000196357.14","ENSG00000196357","ZNF565","protein_coding",-0.126464683638213,0.72498239199647,-1.27455756232073,4.32316099637983e-06,-1.14809287868252,37.2340115910865,-1.14809271885931,0.379329201802845,-3.02663942929453,0.00247288743935703,0.00632493554026864,"Negative_interaction"
"ENSG00000049540.21","ENSG00000049540","ELN","protein_coding",-0.931980212267721,0.10560676360492,-4.64630360943988,6.84579810749667e-05,-3.71432339717216,7.04547996314945,-3.71432404975623,1.22759254180122,-3.02569779733776,0.00248060096376507,0.0063386134939324,"Negative_interaction"
"ENSG00000210195.2","ENSG00000210195","MT-TT","Mt_tRNA",-0.151563187791703,0.743338658584835,1.39140496590672,0.000381203794079452,1.54296815369842,13.0744089305056,1.54296775306497,0.509955358749389,3.02569181123801,0.00248065007017014,0.0063386134939324,"Positive_interaction"
"ENSG00000273265.2","ENSG00000273265","CNNM3-DT","lncRNA",-1.16992872273642,0.00156006920655363,-3.17563216566517,7.23162378070042e-08,-2.00570344292875,14.8458941359506,-2.0057034199238,0.663147863686062,-3.02451916044068,0.00249028697149874,0.00636045801744092,"Negative_interaction"
"ENSG00000081138.15","ENSG00000081138","CDH7","protein_coding",0.786794388212901,0.687245423006064,-4.01906448562371,6.96993143714711e-11,-4.80585887383661,9.56823744392404,-4.80584949846029,1.59040781491291,-3.021771808084,0.00251299911744658,0.00641281620180239,"Negative_interaction"
"ENSG00000291122.2","ENSG00000291122","CASTOR3P","lncRNA",0.00673442235634703,0.99497276112207,-1.54010911224317,2.91540747186509e-06,-1.54684353459952,17.9606579821019,-1.54684313806179,0.511915784762124,-3.02167501785586,0.00251380271916991,0.00641373750109336,"Negative_interaction"
"ENSG00000183150.10","ENSG00000183150","GPR19","protein_coding",-1.05854325935923,0.0142346050979732,-3.98664328650517,1.54004888213543e-05,-2.92810002714594,11.0991176726028,-2.92810037341381,0.969205432661071,-3.02113491602534,0.00251829123661064,0.00642405854619986,"Negative_interaction"
"ENSG00000235100.7","ENSG00000235100","ENSG00000235100","lncRNA",1.19006334321543,0.00457280021612349,-0.805119698961848,0.169777413810521,-1.99518304217728,20.1871277590017,-1.99518241545843,0.660568259014885,-3.02040309722704,0.00252438471494038,0.00643846942782752,"Negative_interaction"
"ENSG00000141756.22","ENSG00000141756","FKBP10","protein_coding",-0.318302059086833,0.0251070806469884,-2.44900412859215,0.000746454654387862,-2.13070206950532,192.888252755314,-2.13070443314872,0.707069526104221,-3.01342987427046,0.00258312732283769,0.00657671840522907,"Negative_interaction"
"ENSG00000103056.14","ENSG00000103056","SMPD3","protein_coding",-0.138507291771726,0.664828960261678,-1.15793066314815,2.64162066454496e-06,-1.01942337137642,111.837215048752,-1.01942325573026,0.338613311968472,-3.01058233595132,0.00260747243600974,0.00663171122194684,"Negative_interaction"
"ENSG00000267015.2","ENSG00000267015","ENSG00000267015","lncRNA",-0.405169466645896,0.670786566868323,-3.79484712235891,2.58204137102663e-05,-3.38967765571301,5.83273588437817,-3.38967411074446,1.12713979103515,-3.00732361478555,0.00263559024995978,0.00669617354530455,"Negative_interaction"
"ENSG00000121753.13","ENSG00000121753","ADGRB2","protein_coding",0.111252459115762,0.855034114013975,1.88106800559247,3.33550390307856e-06,1.76981554647671,12.703809970972,1.76981487325166,0.588622881112899,3.00670417348627,0.00264096633508692,0.00670808592354686,"Positive_interaction"
"ENSG00000123612.18","ENSG00000123612","ACVR1C","protein_coding",-0.273357415172326,0.345572560226036,0.733652489383316,0.00331633859074837,1.00700990455564,162.714494464501,1.00700979117823,0.335470688995466,3.00178174788869,0.00268404533175409,0.00680377557246462,"Positive_interaction"
"ENSG00000120318.18","ENSG00000120318","ARAP3","protein_coding",-0.314392253216179,0.393126063398668,-1.57718189904657,3.13283284605419e-07,-1.26278964583039,79.106282537723,-1.26278942834748,0.420949820538553,-2.99985738616516,0.0027010604195036,0.00684451260700231,"Negative_interaction"
"ENSG00000196369.14","ENSG00000196369","SRGAP2B","protein_coding",-0.343708714769471,0.490951538193806,1.23323515745885,0.000650664558797834,1.57694387222832,12.8611965285169,1.5769434180596,0.525702787521658,2.99968624000235,0.00270257844600434,0.00684476875908684,"Positive_interaction"
"ENSG00000116151.16","ENSG00000116151","MORN1","protein_coding",-0.880294823241825,0.0125378076513788,-2.27552815339096,1.03575511613133e-10,-1.39523333014913,40.326492414925,-1.39523308958468,0.465269305937795,-2.99876452578889,0.00271076724867794,0.00686310953316574,"Negative_interaction"
"ENSG00000173258.15","ENSG00000173258","ZNF483","protein_coding",-1.24030806891254,0.461225562459924,2.95731783725476,9.63470537371567e-13,4.1976259061673,11.1359779987548,4.19761382295398,1.40082359743993,2.99653277587937,0.00273068881455308,0.00690751305646767,"Positive_interaction"
"ENSG00000242327.1","ENSG00000242327","ENSG00000242327","processed_pseudogene",-0.3349396334445,0.382795788903656,0.952392116755097,0.00223829313074628,1.2873317501996,28.1449128806035,1.28733151046796,0.429688643087944,2.99596354517678,0.00273579137794834,0.00691921267874823,"Positive_interaction"
"ENSG00000233942.2","ENSG00000233942","ENSG00000233942","lncRNA",-1.31412138178708,0.00409433429189302,0.902106667823752,0.175298797020281,2.21622804961083,8.50819540157965,2.21622661678754,0.740195545290126,2.99410963885074,0.00275247016898555,0.00695653953417136,"Positive_interaction"
"ENSG00000259485.3","ENSG00000259485","LINC02253","lncRNA",0.184973071234878,0.520157172237483,-0.837660543488652,0.00178648211289586,-1.02263361472353,30.7193346386334,-1.0226335098148,0.341806119893383,-2.99185254533707,0.00277290162421777,0.00700451287051838,"Negative_interaction"
"ENSG00000273748.1","ENSG00000273748","ENSG00000273748","protein_coding",0.124678159138688,0.79279748023786,1.46012846583256,3.71935387251408e-07,1.33545030669387,22.3558865560066,1.33544998631672,0.446454706481095,2.99123285504724,0.00277853531470702,0.00701629792311101,"Positive_interaction"
"ENSG00000189045.17","ENSG00000189045","ANKDD1B","protein_coding",-0.723186090049749,0.130576590708668,-3.37887986321913,3.65856183309083e-05,-2.65569377316938,8.69566506942349,-2.65569345216234,0.888001035240586,-2.99064229293701,0.00278391392370193,0.00702743086261773,"Negative_interaction"
"ENSG00000198515.18","ENSG00000198515","CNGA1","protein_coding",0.906535469932273,0.00145664581794229,-0.621619821123747,0.193933577568583,-1.52815529105602,36.7957996907313,-1.52815515480964,0.511319113183039,-2.98865251740082,0.00280210609346514,0.00706965903664638,"Negative_interaction"
"ENSG00000214290.9","ENSG00000214290","POU2AF3","protein_coding",0.752396631171722,0.0349862979972216,-0.352743918046454,0.0934527190810309,-1.10514054921818,64.9976747802104,-1.10514050902413,0.370112057273541,-2.98596191965545,0.00282687842797886,0.0071259561972986,"Negative_interaction"
"ENSG00000304538.1","ENSG00000304538","ENSG00000304538","lncRNA",0,1,5.62020665059062,7.39321858533557e-07,5.62020665059062,4.99352975507872,5.55472899612072,1.86072045065899,2.98525713207132,0.00283340037627015,0.00713743060193066,"Positive_interaction"
"ENSG00000184441.4","ENSG00000184441","ENSG00000184441","lncRNA",-0.44502892493998,0.329970995503873,-2.92560971798489,0.000152519234661076,-2.48058079304491,14.5271109304709,-2.48058079459624,0.83118672642705,-2.98438451400602,0.00284149442598639,0.00715533227131099,"Negative_interaction"
"ENSG00000145384.5","ENSG00000145384","FABP2","protein_coding",0.778197917098202,0.684340472211685,-3.68561473071656,3.90061181718769e-19,-4.46381264781476,17.2895036410258,-4.46380642458459,1.49650649634139,-2.98281793998059,0.0028560783186735,0.00718706146800076,"Negative_interaction"
"ENSG00000240990.10","ENSG00000240990","HOXA11-AS","lncRNA",0.222362496008266,0.544950452797233,-1.52630418317839,0.00460328457213667,-1.74866667918666,18.3133916906012,-1.74866654914718,0.587933562620381,-2.97425876038356,0.0029369729084723,0.0073778144201041,"Negative_interaction"
"ENSG00000156313.16","ENSG00000156313","RPGR","protein_coding",-1.01821063480619,0.000132992139590591,-2.02572350240912,2.74959047585094e-17,-1.00751286760293,51.7588973816653,-1.00751276473063,0.338770964694534,-2.97402336601984,0.00293922692418057,0.00738219698184139,"Negative_interaction"
"ENSG00000257138.1","ENSG00000257138","TAS2R38","protein_coding",-0.456198586711141,0.415506187772715,-4.03559429927837,0.000529866939923361,-3.57939571256723,9.21289064379854,-3.57939634280548,1.20393895699555,-2.97307128572193,0.00294835967068864,0.00740000490952889,"Negative_interaction"
"ENSG00000181722.20","ENSG00000181722","ZBTB20","protein_coding",0.169231865440436,0.755120172847534,1.6729850076289,1.0115552679602e-07,1.50375314218846,31.0765512424648,1.50375263683335,0.505822995572572,2.97288310336931,0.00295016785538666,0.00740197932137525,"Positive_interaction"
"ENSG00000107742.16","ENSG00000107742","SPOCK2","protein_coding",-0.453769738490907,0.297452459284013,1.22377528340476,0.0076393416313862,1.67754502189567,12.6269971944305,1.67754447328213,0.564384700090092,2.97234222156331,0.00295537065310749,0.00741117982118546,"Positive_interaction"
"ENSG00000257331.1","ENSG00000257331","RACGAP1P1","processed_pseudogene",-0.133809499973454,0.745771772564277,1.25026676022382,0.000612747106603919,1.38407626019727,16.1524680496979,1.38407595915223,0.465695013179517,2.97206523579134,0.0029580382480881,0.00741274257155331,"Positive_interaction"
"ENSG00000271754.1","ENSG00000271754","ENSG00000271754","lncRNA",0.358039317952276,0.371853572945312,1.99901410563658,1.60963560680591e-05,1.6409747876843,14.9754927591723,1.64097428488381,0.552325738240097,2.97102628262904,0.00296806378782131,0.0074327251448257,"Positive_interaction"
"ENSG00000251136.12","ENSG00000251136","PARAIL","lncRNA",-0.677223212756066,0.0514835114729496,0.415453202964778,0.0608835044381271,1.09267641572084,77.3399963670176,1.0926762224405,0.368076636437319,2.96861064863207,0.00299149377594178,0.00748881115925863,"Positive_interaction"
"ENSG00000147255.21","ENSG00000147255","IGSF1","protein_coding",1.16138461966778,0.20600904548929,-1.44138634350471,0.00101793776854861,-2.60277096317249,8.74879650080358,-2.60276961841573,0.876975483062337,-2.96789325207478,0.00299848445543375,0.0075011283839368,"Negative_interaction"
"ENSG00000185100.14","ENSG00000185100","ADSS1","protein_coding",-0.317458787444537,0.682137936915598,1.62408858902789,1.48475008951387e-07,1.94154737647243,20.1997110987228,1.94154613232596,0.654616348953449,2.96592979296952,0.00301769368664597,0.00754527551878422,"Positive_interaction"
"ENSG00000243766.9","ENSG00000243766","HOTTIP","lncRNA",-0.582477812558256,0.00534308987847207,-1.82314681846675,2.49940098775872e-06,-1.24066900590849,44.1016110574658,-1.24066915918652,0.418961098645366,-2.96129918314135,0.00306344195930102,0.00764840413339869,"Negative_interaction"
"ENSG00000188033.12","ENSG00000188033","ZNF490","protein_coding",0.138926980452356,0.683392953256539,-0.948077877713749,0.000552050138206018,-1.0870048581661,28.6865111525397,-1.08700471721325,0.367073294016104,-2.96127431478457,0.00306368934545814,0.00764840413339869,"Negative_interaction"
"ENSG00000279443.1","ENSG00000279443","ENSG00000279443","TEC",-0.0298796380747459,0.959487132471911,2.01722979421089,0.000942447443203017,2.04710943228564,9.48685647188219,2.04710842486275,0.691792339702662,2.95913716787123,0.00308501750213791,0.00769634595300096,"Positive_interaction"
"ENSG00000128683.16","ENSG00000128683","GAD1","protein_coding",1.85654660684049,4.90325855949342e-07,3.50092608843683,4.71433844225198e-15,1.64437948159634,45.4457663313984,1.64437896440244,0.555812613972938,2.95851321661891,0.00309126985441985,0.00770902937413065,"Positive_interaction"
"ENSG00000234115.2","ENSG00000234115","IDH1P1","processed_pseudogene",0.640243009800171,0.0262203647930849,-0.400178406456422,0.126044607252132,-1.04042141625659,33.2228684161397,-1.04042128822228,0.351738466963738,-2.95794002061636,0.00309702379024472,0.00771832652935968,"Negative_interaction"
"ENSG00000168802.15","ENSG00000168802","CHTF8","protein_coding",-0.251668858401276,0.599717735149588,-1.99109241389103,2.95535633209813e-05,-1.73942355548975,11.3609411176461,-1.73942312270647,0.588331186267756,-2.95653734377229,0.00311114554772907,0.00775085461194597,"Negative_interaction"
"ENSG00000235192.2","ENSG00000235192","ENSG00000235192","lncRNA",-0.655904220518508,0.284596047476652,-3.04356197131983,3.0699507450283e-06,-2.38765775080132,9.0666530635877,-2.38765664448195,0.808150729230985,-2.95446945491713,0.00313207156735542,0.00779896583404034,"Negative_interaction"
"ENSG00000186564.6","ENSG00000186564","FOXD2","protein_coding",0.982883532194223,0.0403724446302881,-0.500134785754165,0.0887226170506574,-1.48301831794839,21.2911186360798,-1.48301809114538,0.50222969337961,-2.95286820093379,0.00314836353234551,0.00783549447205068,"Negative_interaction"
"ENSG00000175279.23","ENSG00000175279","CENPS","protein_coding",-1.32306812100007,0.0003273721517788,-3.63040069935309,6.33520290045939e-07,-2.30733257835302,17.2969505223427,-2.30733304943264,0.782031371912296,-2.95043540745755,0.00317326388129457,0.00788933610700307,"Negative_interaction"
"ENSG00000113721.16","ENSG00000113721","PDGFRB","protein_coding",1.26345770205577,0.00109509175343739,-0.517676819927523,0.339103225144803,-1.78113452198329,12.6168111409015,-1.78113396881635,0.604072338578228,-2.94854416444313,0.00319274516836847,0.00792963669468988,"Negative_interaction"
"ENSG00000261211.3","ENSG00000261211","ENSG00000261211","lncRNA",-1.45605347138532,0.00129567962422362,-4.75330290111487,1.02682723636564e-05,-3.29724942972955,10.4063813867809,-3.29725021890045,1.11832959405003,-2.94837070971131,0.00319453733389775,0.00793269963037117,"Negative_interaction"
"ENSG00000171119.5","ENSG00000171119","NRTN","protein_coding",-0.745577199769774,0.148554796271197,0.768619718781812,0.00635514029507945,1.51419691855159,26.1483953633498,1.51419641757383,0.513707249017414,2.94758623801803,0.00320265409172747,0.0079501307121128,"Positive_interaction"
"ENSG00000161270.21","ENSG00000161270","NPHS1","protein_coding",-0.52473150588526,0.769687305182505,3.62366284620042,7.41780815810333e-14,4.14839435208568,10.1628250245763,4.14838237564115,1.40770958128797,2.94690213861131,0.00320974765564878,0.00796637489735607,"Positive_interaction"
"ENSG00000119686.12","ENSG00000119686","FLVCR2","protein_coding",0.110588047736408,0.706762131497653,-1.02493824015105,0.00192455588339054,-1.13552628788746,29.0880126975501,-1.13552620610126,0.385363091097186,-2.94663975957907,0.00321247211308535,0.00797040675617752,"Negative_interaction"
"ENSG00000260710.5","ENSG00000260710","UBE2I-AS1","lncRNA",-0.655893359554292,0.744834020302929,4.33573768674356,8.99494548570201e-08,4.99163104629785,5.28964653849363,4.99161060846122,1.69498693321182,2.94492571633142,0.00323032208524303,0.00800783914802291,"Positive_interaction"
"ENSG00000224186.8","ENSG00000224186","PITX1-AS1","lncRNA",0.321038329428387,0.519559327334282,-1.51825791840453,0.00288794749660174,-1.83929624783292,11.1652368733876,-1.83929565577738,0.624650930451474,-2.94451759552812,0.00323458553699349,0.00801566580063436,"Negative_interaction"
"ENSG00000264424.1","ENSG00000264424","MYH4","protein_coding",-2.40920803387014,4.91418084827451e-06,-5.91573581500911,1.28347027747066e-07,-3.50652778113897,13.5841961452868,-3.50652937089383,1.19096042966972,-2.9442870506338,0.00323699619985749,0.00802026823873052,"Negative_interaction"
"ENSG00000196876.19","ENSG00000196876","SCN8A","protein_coding",-0.283139978813673,0.606050832994886,-2.32867512931489,5.08145996263468e-05,-2.04553515050122,9.13131195287355,-2.04553448270543,0.694949625148365,-2.94342842802271,0.00324598868440696,0.00804117401955994,"Negative_interaction"
"ENSG00000289405.3","ENSG00000289405","ENSG00000289405","lncRNA",-0.657724334100871,0.172621534321576,0.86107644233701,0.00980590354782814,1.51880077643788,22.6756238316788,1.51880033523958,0.516073486247022,2.94299237553273,0.00325056423756132,0.00804975682343448,"Positive_interaction"
"ENSG00000162946.25","ENSG00000162946","DISC1","protein_coding",-1.10152463615711,0.0289280126428323,-4.60409765532044,5.95655660350727e-05,-3.50257301916333,7.35880273594058,-3.50257447075113,1.19054885053778,-2.94198299311195,0.00326117836662936,0.00807328269374662,"Negative_interaction"
"ENSG00000302960.1","ENSG00000302960","ENSG00000302960","lncRNA",2.61712042414141,8.04652902486486e-06,4.64356531138367,7.21292932618151e-27,2.02644488724226,26.5001122691896,2.02644290733077,0.689098317131395,2.9407166683653,0.0032745390167541,0.00810082270925238,"Positive_interaction"
"ENSG00000273820.2","ENSG00000273820","USP27X","protein_coding",-0.0308064528054913,0.941575476732194,-1.26417350312468,0.000117417929799839,-1.23336705031919,22.5436985594606,-1.23336686883162,0.419497954934032,-2.94010222058311,0.00328103984028775,0.00811275027562704,"Negative_interaction"
"ENSG00000262152.9","ENSG00000262152","GREP1","protein_coding",1.15656302064259,0.035034245169767,4.72993905940346,4.45921002380773e-05,3.57337603876087,6.98273817831822,3.57337075323815,1.21589298708998,2.93888589800189,0.0032939431489509,0.00814187687439816,"Positive_interaction"
"ENSG00000174529.7","ENSG00000174529","TMEM81","protein_coding",0.938503344786291,0.018676292393945,2.40540753086804,2.74685429671174e-11,1.46690418608175,22.373622701691,1.46690376857653,0.499382743617216,2.9374338367225,0.00330940780264125,0.00817731251080597,"Positive_interaction"
"ENSG00000198598.9","ENSG00000198598","MMP17","protein_coding",-0.244724120955308,0.438753301694518,-1.54885941342714,4.43215906468716e-05,-1.30413529247183,30.5924740793333,-1.30413520936016,0.444112323492553,-2.93649858464696,0.00331940335026669,0.00819921482053262,"Negative_interaction"
"ENSG00000232040.6","ENSG00000232040","SCAND3","protein_coding",0,1,-4.40261302127935,2.94880328719006e-23,-4.40261302127935,23.0517764180398,-4.46805308430254,1.52167579179459,-2.93627138474295,0.00332183570676284,0.00820102948252249,"Negative_interaction"
"ENSG00000288720.2","ENSG00000288720","ENSG00000288720","lncRNA",0.695183794987952,0.400097346106336,-1.50643412325568,2.82777888595904e-05,-2.20161791824363,13.5581814322538,-2.2016171313885,0.749854393786923,-2.93605951986208,0.0033241053521384,0.00820383766403095,"Negative_interaction"
"ENSG00000198643.9","ENSG00000198643","FAM3D","protein_coding",1.83392672562373,1.52851278095241e-12,-1.95241016730467,0.153671065259721,-3.7863368929284,42.8755606463551,-3.7863383080476,1.29007369348603,-2.93497830950742,0.00333571004717212,0.00822967483888635,"Negative_interaction"
"ENSG00000126368.7","ENSG00000126368","NR1D1","protein_coding",1.89761695782457,4.63359227372632e-10,3.09249084727444,9.71688554351618e-26,1.19487388944987,1051.71826190481,1.19487369032531,0.407251475778401,2.93399474622281,0.00334629872546915,0.00825298861972412,"Positive_interaction"
"ENSG00000255198.7","ENSG00000255198","SNHG9","lncRNA",-0.143852511617587,0.837972979725026,1.93191067147478,0.000160491846579966,2.07576318309237,12.0962567699853,2.07576210974835,0.708149339514366,2.93124909383077,0.00337601959161753,0.00832345626432822,"Positive_interaction"
"ENSG00000125388.22","ENSG00000125388","GRK4","protein_coding",-0.132657702918361,0.754440475791434,-1.63341030334121,9.97257896668211e-05,-1.50075260042285,15.1660057389444,-1.50075233060988,0.512463895945051,-2.92850353456079,0.00340597960171666,0.00838942834257543,"Negative_interaction"
"ENSG00000203865.13","ENSG00000203865","ATP1A1-AS1","lncRNA",0.072822465320344,0.844461268984099,-1.05318278942521,0.000247385213404698,-1.12600525474555,50.8093869653721,-1.12600509369214,0.385025516213418,-2.92449473158554,0.00345015919934436,0.00848459309636832,"Negative_interaction"
"ENSG00000048052.27","ENSG00000048052","HDAC9","protein_coding",-0.523136742993679,0.76872212607393,3.40167569627847,1.26385140520073e-36,3.92481243927215,50.5244234585019,3.92479991885427,1.34266241010213,2.92314724038169,0.00346512614900861,0.00851561949320549,"Positive_interaction"
"ENSG00000258429.3","ENSG00000258429","PDF","protein_coding",-0.384449285075846,0.107096729916829,-1.41719842171002,1.93659061606913e-06,-1.03274913663417,49.0682086062659,-1.0327491081606,0.353465082136809,-2.92178537669777,0.00348031275666585,0.00854714327564845,"Negative_interaction"
"ENSG00000022267.21","ENSG00000022267","FHL1","protein_coding",0.16696729604685,0.844115874153605,2.12165655870284,8.48588280554632e-15,1.95468926265599,27.8455602868358,1.95468758619029,0.669766956354985,2.91845927548908,0.00351765820377705,0.00863593133815637,"Positive_interaction"
"ENSG00000227963.3","ENSG00000227963","RBM15-AS1","lncRNA",0.725932860171305,0.0735662067369199,-1.09042965545092,0.0462814795438492,-1.81636251562223,12.9324078842075,-1.8163620308026,0.62302145480524,-2.91540847717741,0.00355223277640099,0.00870606416296351,"Negative_interaction"
"ENSG00000270069.5","ENSG00000270069","MIR222HG","lncRNA",-0.545595630765284,0.16634759237314,0.708625123425161,0.0135462352435911,1.25422075419044,20.5622160009519,1.25422051141274,0.4304516090845,2.91373172952068,0.00357136667120012,0.00873965650101859,"Positive_interaction"
"ENSG00000171124.15","ENSG00000171124","FUT3","protein_coding",-1.61872356311096,1.55019516975755e-05,-0.540825609254912,8.06084969425051e-05,1.07789795385605,83.2449334936422,1.07789774981677,0.370529529708647,2.9090738075973,0.00362501267898199,0.00885747491886816,"Positive_interaction"
"ENSG00000166046.14","ENSG00000166046","TCP11L2","protein_coding",2.27231322324856,8.98732931936891e-14,1.17361062302672,3.0699507450283e-06,-1.09870260022184,184.337858318072,-1.0987025343725,0.377892482159071,-2.9074474519713,0.00364391560077404,0.00889616322210536,"Negative_interaction"
"ENSG00000089091.19","ENSG00000089091","DZANK1","protein_coding",-0.518338239989233,0.632566938484752,-3.55822613806704,9.09529616758692e-08,-3.03988789807781,7.07815108168647,-3.0398845920466,1.04684931459108,-2.90384160325312,0.00368614598930134,0.00899017631722569,"Negative_interaction"
"ENSG00000134253.10","ENSG00000134253","TRIM45","protein_coding",-1.07868632520619,0.000763480848342815,-2.65468536709067,1.79890303178558e-08,-1.57599904188448,22.1204939642163,-1.57599904019046,0.542877098468999,-2.90304940959019,0.00369548328642422,0.00900840097339946,"Negative_interaction"
"ENSG00000163704.15","ENSG00000163704","PRRT3","protein_coding",-0.849284142677929,0.0285608918631267,-2.59736687568542,3.81407821626982e-07,-1.74808273300749,14.7327268704114,-1.74808252183605,0.602182062554949,-2.90291363781121,0.00369708573556196,0.00901079153712814,"Negative_interaction"
"ENSG00000157578.16","ENSG00000157578","LCA5L","protein_coding",-0.818839698163989,0.434137174680535,-4.79675706782641,2.02042422309485e-05,-3.97791736966242,5.03762705289037,-3.97791177256129,1.37048453238978,-2.90255867800626,0.00370127814092989,0.00901949265484378,"Negative_interaction"
"ENSG00000197363.13","ENSG00000197363","ZNF517","protein_coding",-1.0260380859471,0.00112814876590832,-2.26850684326082,3.77694402902838e-12,-1.24246875731372,27.4464375043416,-1.24246860760052,0.428335588695486,-2.90068964706974,0.00372342451306216,0.00906464103800137,"Negative_interaction"
"ENSG00000159915.15","ENSG00000159915","ZNF233","protein_coding",-1.44505172505334,0.0167430479930856,-4.91130208783031,9.01242460825946e-06,-3.46625036277697,8.51171780025763,-3.46624968495102,1.19533284376607,-2.89981966364289,0.00373377407827077,0.00908798353078601,"Negative_interaction"
"ENSG00000204934.11","ENSG00000204934","ATP6V0E2-AS1","lncRNA",-0.756504582183235,0.415744294544075,-3.99588653413469,3.37392626452813e-06,-3.23938195195145,6.00022358684613,-3.23937856100918,1.1174146475555,-2.89899418098355,0.00374361842017291,0.00911041446601944,"Negative_interaction"
"ENSG00000120833.16","ENSG00000120833","SOCS2","protein_coding",-2.18539994892161,0.00102099409785128,-0.246541177483551,0.440992451922492,1.93885877143806,20.7300788192188,1.93885783405656,0.669465198795638,2.89612938438704,0.00377796600360441,0.0091862891483616,"Positive_interaction"
"ENSG00000206530.12","ENSG00000206530","CFAP44","protein_coding",-0.571775498840811,0.204408049290465,-1.95168349128276,6.92300616335119e-11,-1.37990799244195,21.5874651923045,-1.37990767926015,0.477132008648476,-2.89208783784779,0.00382690937995583,0.00929324771272349,"Negative_interaction"
"ENSG00000212993.6","ENSG00000212993","POU5F1B","protein_coding",-0.381831859027605,0.323991273756987,-2.65421562594594,0.000397803463569088,-2.27238376691834,13.7446203580326,-2.2723840373836,0.785728315619264,-2.89207349692196,0.0038270840704895,0.00929324771272349,"Negative_interaction"
"ENSG00000235008.1","ENSG00000235008","IGF2BP3P1","processed_pseudogene",0.479406631996826,0.128932348539554,-0.603205780012105,0.0287050603089747,-1.08261241200893,35.1804330239147,-1.08261225982412,0.374665519765228,-2.88954334656284,0.00385801813396241,0.00936208955080094,"Negative_interaction"
"ENSG00000270441.1","ENSG00000270441","LAMB2P1","unprocessed_pseudogene",-0.170863650111496,0.737189759695758,1.76988176756613,0.00233621140343252,1.94074541767763,11.4380439919738,1.94074450452319,0.672376477789827,2.88639559626271,0.00389682010829237,0.00944833813106458,"Positive_interaction"
"ENSG00000072195.16","ENSG00000072195","SPEG","protein_coding",-0.576844027405419,0.245671496616668,0.749949123902254,0.000409865397168414,1.32679315130767,37.9046577036149,1.32679271338502,0.460271672654503,2.88262952558664,0.003943709623417,0.00955403541667655,"Positive_interaction"
"ENSG00000128039.15","ENSG00000128039","SRD5A3","protein_coding",-0.523379755337204,0.203986944247949,-2.21141200010756,6.23772283472962e-06,-1.68803224477036,13.5872332263251,-1.68803194925483,0.585574339085937,-2.88269453864696,0.00394289585004893,0.00955403541667655,"Negative_interaction"
"ENSG00000139269.5","ENSG00000139269","INHBE","protein_coding",-2.34525900781729,5.18070730930569e-09,-4.29867809303416,1.05053458663438e-13,-1.95341908521687,22.0937926722919,-1.95341917322509,0.678603211524728,-2.87858816470383,0.00399459607550023,0.009662775217184,"Negative_interaction"
"ENSG00000243989.11","ENSG00000243989","ACY1","protein_coding",-0.632765741512939,0.0944228060230001,-2.12803719542046,3.70970359389458e-07,-1.49527145390752,16.2456387236819,-1.49527120856146,0.520265262696396,-2.87405544012658,0.00405237821991481,0.00978621315830785,"Negative_interaction"
"ENSG00000150471.19","ENSG00000150471","ADGRL3","protein_coding",-1.65704100812819,0.0308825158491091,-4.46598187945619,8.41314877927697e-10,-2.808940871328,9.88567428918889,-2.80893885876592,0.979042671612123,-2.86906683458509,0.00411684797349327,0.00992536363863989,"Negative_interaction"
"ENSG00000128596.19","ENSG00000128596","CCDC136","protein_coding",-0.342410013697628,0.551364127475775,1.56415191038913,0.00235924154093951,1.90656192408676,8.205968022611,1.90656108232557,0.664839671330259,2.86770053674863,0.00413466682156073,0.00996500774622618,"Positive_interaction"
"ENSG00000165029.18","ENSG00000165029","ABCA1","protein_coding",0.7193773710314,0.0402749157366978,-0.622519474614114,0.101159345119546,-1.34189684564551,33.0165101366528,-1.34189657752673,0.468964975255331,-2.86140042078009,0.00421773977354322,0.0101483454753758,"Negative_interaction"
"ENSG00000175920.19","ENSG00000175920","DOK7","protein_coding",-0.403083615134108,0.0345055830889669,-1.52195967830777,3.3026794633133e-05,-1.11887606317366,53.8807403619997,-1.11887622159058,0.391047746578491,-2.86122661843802,0.00422005283005704,0.0101522253673949,"Negative_interaction"
"ENSG00000144134.21","ENSG00000144134","RABL2A","protein_coding",-0.838598772121474,0.0330471104677981,-2.22173180618356,1.4345918265561e-10,-1.38313303406209,22.5166079234235,-1.3831327449209,0.483451011207424,-2.86095739352476,0.00422363809392515,0.0101558836547944,"Negative_interaction"
"ENSG00000143479.19","ENSG00000143479","DYRK3","protein_coding",2.63745310368899,0.0375469958386061,-0.650936762453954,0.0319164596788109,-3.28838986614294,17.0104670141245,-3.28839111339227,1.15032053046719,-2.85867375770188,0.00425416052184196,0.0102240952375678,"Negative_interaction"
"ENSG00000161328.13","ENSG00000161328","LRRC56","protein_coding",-0.940113790947421,0.00115719797755581,-2.00178406105242,9.66755214341713e-14,-1.061670270105,33.8193499051759,-1.06167015025308,0.371545184533295,-2.8574455932908,0.00427065841241267,0.0102620430629555,"Negative_interaction"
"ENSG00000299943.1","ENSG00000299943","ENSG00000299943","lncRNA",-1.95732449776468,1.94446612902384e-07,-5.23908698134651,3.70208316143632e-06,-3.28176248358183,43.8291178423185,-3.28176784673944,1.14921096754273,-2.85567048995067,0.00429460585614926,0.0103142582517923,"Negative_interaction"
"ENSG00000135480.19","ENSG00000135480","KRT7","protein_coding",0.150534396475207,0.846629190879395,1.96734989662571,1.14329983266301e-10,1.8168155001505,19.1871609013582,1.81681427282387,0.636223220468757,2.8556239608565,0.00429523520215059,0.0103142582517923,"Positive_interaction"
"ENSG00000103599.22","ENSG00000103599","IQCH","protein_coding",-0.00303957839502532,1,-1.65317783991621,4.92795174084896e-07,-1.65013826152118,16.6454636761416,-1.65013776527924,0.57857512716879,-2.8520717324197,0.00434352976828642,0.0104146977832573,"Negative_interaction"
"ENSG00000136450.14","ENSG00000136450","SRSF1","protein_coding",-1.17682771013077,0.00109457285216479,-2.50288639882478,1.36499867210699e-13,-1.32605868869401,665.534642601238,-1.32605840750233,0.465163253672147,-2.85073766475318,0.00436179396625187,0.0104533021595704,"Negative_interaction"
"ENSG00000277013.2","ENSG00000277013","SUNO1","lncRNA",1.3635275454474,0.437019319676675,-3.51149311091898,0.000598242371360919,-4.87502065636638,2.87422134332865,-4.87500684632813,1.71113551917421,-2.84898933585389,0.00438583505181558,0.0105039698514149,"Negative_interaction"
"ENSG00000182985.21","ENSG00000182985","CADM1","protein_coding",0.0495114640563519,0.901732076310522,1.32242387172445,0.000283306581773525,1.2729124076681,42.0133774805294,1.27291213549281,0.446819780317703,2.84882673409787,0.00438807706488945,0.0105076029121576,"Positive_interaction"
"ENSG00000008311.18","ENSG00000008311","AASS","protein_coding",-2.16142487603508,0.0432207973466975,0.600344302270019,0.0227137699096419,2.7617691783051,19.6027584086993,2.76176608715852,0.969627749600068,2.8482745964084,0.00439569789836787,0.0105241126620101,"Positive_interaction"
"ENSG00000240694.11","ENSG00000240694","PNMA2","protein_coding",1.64719086558274,0.0348663688487241,-0.330232644132404,0.00230197185399116,-1.97742350971514,311.249663446698,-1.97742549425965,0.69444277893384,-2.84749954099248,0.0044064157741195,0.0105480306241394,"Negative_interaction"
"ENSG00000106034.20","ENSG00000106034","CPED1","protein_coding",-1.34709008014262,0.273740190498488,1.73907383961104,7.60718479557809e-06,3.08616391975366,11.4296601153544,3.08615931048606,1.08396787492253,2.84709480961937,0.00441202202197536,0.0105597065470631,"Positive_interaction"
"ENSG00000289609.3","ENSG00000289609","ENSG00000289609","lncRNA",0.25970580429788,0.701395913311007,2.69495578586829,0.000163051232990666,2.43524998157041,8.05649120409729,2.43524819799113,0.855657408624075,2.84605517751209,0.00442645241424594,0.0105924947799293,"Positive_interaction"
"ENSG00000119630.16","ENSG00000119630","PGF","protein_coding",1.77354460455321,2.09783065337845e-14,2.82383777876422,9.32109829966993e-21,1.05029317421101,73.9669345572799,1.05029303011232,0.369042890439046,2.84599177310474,0.00442733386795984,0.0105928549470817,"Positive_interaction"
"ENSG00000188859.8","ENSG00000188859","FAM78B","protein_coding",0.137160994413866,0.781460874224381,1.48991430092433,2.21945392608038e-06,1.35275330651046,21.4071534280192,1.35275294974767,0.475487641034687,2.84498025396414,0.00444141762573712,0.0106177869073214,"Positive_interaction"
"ENSG00000171766.19","ENSG00000171766","GATM","protein_coding",-0.795620956173777,0.177655138844691,-4.18214660491922,0.000201389415983354,-3.38652564874544,7.83633265854987,-3.38652519387626,1.190340356234,-2.84500578018756,0.00444106171584527,0.0106177869073214,"Negative_interaction"
"ENSG00000288061.4","ENSG00000288061","ENSG00000288061","lncRNA",-0.0655955918274567,0.951253288569423,2.23494532198293,1.51869808756558e-07,2.30054091381039,10.6713272871275,2.3005388162154,0.808750880273627,2.84455803675546,0.00444730831403153,0.0106301157986055,"Positive_interaction"
"ENSG00000021645.20","ENSG00000021645","NRXN3","protein_coding",-0.588352047638464,5.57202139316432e-07,-2.30002931208311,0.000187654012621517,-1.71167726444465,228.232666341064,-1.71167905416947,0.601781695763585,-2.84435214001908,0.00445018351061371,0.0106352340758268,"Negative_interaction"
"ENSG00000296453.1","ENSG00000296453","ENSG00000296453","lncRNA",-2.47071940536163,6.3503672149401e-05,-0.177334066544791,0.793170831864497,2.29338533881684,8.08127528945762,2.29338365429029,0.808125864705039,2.83790403754416,0.00454108329844697,0.0108381717985991,"Positive_interaction"
"ENSG00000120327.7","ENSG00000120327","PCDHB14","protein_coding",-0.329897728204773,0.536510992933964,-2.04876470942956,6.45904165991319e-06,-1.71886698122479,11.5549538498903,-1.71886641723702,0.60589103345132,-2.83692334485607,0.00455505466304307,0.0108661485064725,"Negative_interaction"
"ENSG00000128274.19","ENSG00000128274","A4GALT","protein_coding",-0.262536239982343,0.752851631691892,1.75449413273549,1.09225931527713e-06,2.01703037271783,14.5348569630762,2.01702893599254,0.711069808221135,2.83661169785635,0.00455950266424384,0.0108749691590227,"Positive_interaction"
"ENSG00000213326.4","ENSG00000213326","RPS7P11","processed_pseudogene",-0.550127568764337,0.237076842306705,1.02380270681528,0.0148391699181728,1.57393027557962,12.0055486129777,1.57392979048999,0.555394942206487,2.83389291273888,0.00459847388363506,0.0109571002173034,"Positive_interaction"
"ENSG00000259120.5","ENSG00000259120","ERLN","protein_coding",0.512253815307658,0.225274090565377,-0.686328437396753,0.00531977249478513,-1.19858225270441,24.909585478954,-1.19858209898732,0.423324156287725,-2.8313576751634,0.00463508566669756,0.0110334529372176,"Negative_interaction"
"ENSG00000289513.3","ENSG00000289513","ENSG00000289513","lncRNA",0.252636519489641,0.647396123520159,-3.0264912483753,0.0078152145558359,-3.27912776786494,7.79159866932205,-3.2791275357247,1.1595115921208,-2.82802479768833,0.0046836178407361,0.0111361755123786,"Negative_interaction"
"ENSG00000124635.12","ENSG00000124635","H2BC11","protein_coding",1.28858435430591,0.000304254058698919,2.62279670235378,6.25913635347214e-14,1.33421234804787,53.1206026234874,1.33421203345966,0.472315689200681,2.82483106948576,0.00473055494106568,0.0112330332960714,"Positive_interaction"
"ENSG00000163536.15","ENSG00000163536","SERPINI1","protein_coding",-0.372473181209327,0.14057218907407,1.48962191832442,0.0239399966299248,1.86209509953375,129.681789463861,1.86209362150345,0.659336408338977,2.8241935345183,0.00473997539258939,0.0112517155429002,"Positive_interaction"
"ENSG00000224914.5","ENSG00000224914","LINC00863","lncRNA",-0.295393077021953,0.666518317718545,-2.66990700882743,0.000118511438367418,-2.37451393180548,7.24533657400532,-2.37451271598779,0.843071756355362,-2.81650132161101,0.00485498432178887,0.0114964759463014,"Negative_interaction"
"ENSG00000281641.4","ENSG00000281641","SAMD12-AS1","lncRNA",0.974871092917941,0.224792370675087,-1.642330324835,0.0158888915289827,-2.61720141775294,4.81125506927645,-2.61719916782302,0.930105576080495,-2.8138732151806,0.00489485295340742,0.0115814218776784,"Negative_interaction"
"ENSG00000196517.15","ENSG00000196517","SLC6A9","protein_coding",-0.481442662104432,0.121276410009781,-1.54938627831716,2.92635731654231e-08,-1.06794361621273,656.377782056044,-1.06794346945782,0.379748862990384,-2.81223612112529,0.00491983729189268,0.0116367360917429,"Negative_interaction"
"ENSG00000196605.9","ENSG00000196605","ZNF846","protein_coding",-0.279366810272561,0.412336312345967,-1.54795893413812,3.304961310324e-05,-1.26859212386556,21.7197774039553,-1.26859198021841,0.451870527025373,-2.80742359668697,0.00499395247710443,0.0117947130538131,"Negative_interaction"
"ENSG00000197479.7","ENSG00000197479","PCDHB11","protein_coding",-0.408762379866362,0.453387440002277,-3.25054845397307,0.000658282565544669,-2.84178607410671,8.11648641715325,-2.8417857700471,1.01248227587943,-2.80675112814074,0.00500438882169192,0.0118155103949103,"Negative_interaction"
"ENSG00000116299.19","ENSG00000116299","ELAPOR1","protein_coding",-1.29609589042865,0.0011456961905576,0.260234539722022,0.586545287645592,1.55633043015067,12.1950058410749,1.55632988572528,0.554833014664471,2.80504195783385,0.00503100302707151,0.0118656908230705,"Positive_interaction"
"ENSG00000285212.2","ENSG00000285212","ENSG00000285212","lncRNA",-0.360814941705887,0.300425047432988,-1.6908816305599,1.64104678121307e-05,-1.33006668885401,19.2608260382624,-1.33006671833576,0.474679485235652,-2.80203118041946,0.00507819652808332,0.0119624876601079,"Negative_interaction"
"ENSG00000279133.1","ENSG00000279133","ENSG00000279133","TEC",-0.428431515708329,0.504117709876097,1.59247881937697,0.00316690785158838,2.0209103350853,7.85137978807048,2.02090927648897,0.722116759372512,2.79859074070661,0.005132614575315,0.0120847847969886,"Positive_interaction"
"ENSG00000198807.13","ENSG00000198807","PAX9","protein_coding",-1.12017836779118,0.0749662505475889,0.612213487067796,0.0500109045720322,1.73239185485898,14.6306886684624,1.73239107163096,0.619125194781579,2.79812723861469,0.0051399860154291,0.0120982097345458,"Positive_interaction"
"ENSG00000100979.17","ENSG00000100979","PLTP","protein_coding",0.968501499172347,0.0636024772975245,-0.332538495302725,0.00119575672756241,-1.30103999447507,209.501566456967,-1.3010405476033,0.464986901982638,-2.79801547539478,0.00514176490532708,0.012100431472556,"Negative_interaction"
"ENSG00000137709.11","ENSG00000137709","POU2F3","protein_coding",1.85968065613846,0.0109037769769332,-0.236513559878607,0.572070441114986,-2.09619421601707,13.4269627286479,-2.09619380629261,0.74922601058585,-2.79781237794123,0.0051449989494974,0.0121060764371028,"Negative_interaction"
"ENSG00000162086.18","ENSG00000162086","ZNF75A","protein_coding",-1.15379802027466,0.00113433499206068,-2.62353279502668,8.57364282181585e-10,-1.46973477475202,34.0874972463991,-1.46973462238575,0.526183919093775,-2.79319562809333,0.00521901186594287,0.0122638039907919,"Negative_interaction"
"ENSG00000280202.1","ENSG00000280202","ENSG00000280202","TEC",-1.07508111412993,0.0231973013131039,-3.02779887142384,1.72823754268748e-07,-1.95271775729391,11.1441348994636,-1.9527173090312,0.700750829175794,-2.78660720434385,0.00532629971181442,0.0124840264311199,"Negative_interaction"
"ENSG00000257316.1","ENSG00000257316","ASS1P14","processed_pseudogene",-0.000269380819708563,1,2.22229774883941,0.00303122906131608,2.22256712965912,10.1885239577355,2.2225655963467,0.797703162083037,2.78620632585049,0.00533289157300195,0.0124934149169001,"Positive_interaction"
"ENSG00000140470.17","ENSG00000140470","ADAMTS17","protein_coding",-1.35675464915718,4.97229748187346e-05,0.38364840448065,0.532758446169345,1.74040305363783,19.6873024248904,1.74040198778229,0.625049137678189,2.78442426822185,0.00536228416989999,0.0125561839053467,"Positive_interaction"
"ENSG00000182871.18","ENSG00000182871","COL18A1","protein_coding",1.31750688177495,0.0180190777350324,-1.74517191962078,0.0979024883229421,-3.06267880139573,6.20830006164363,-3.06267684347008,1.1005181542067,-2.78294077363749,0.00538686386910547,0.0126091370033532,"Negative_interaction"
"ENSG00000269934.3","ENSG00000269934","ENSG00000269934","lncRNA",1.50685159815333,0.409196144447574,-2.89697387548631,2.23795636365811e-06,-4.40382547363964,5.86607517470077,-4.40381758755914,1.5826817428822,-2.78250356230143,0.00539412731279487,0.0126185138042007,"Negative_interaction"
"ENSG00000102003.14","ENSG00000102003","SYP","protein_coding",-0.252578081755428,0.751016486144852,-2.82121141372577,0.00012701015165094,-2.56863333197034,5.65988461853934,-2.56863153742962,0.92319983671934,-2.78231368254727,0.00539728456086837,0.0126238618231285,"Negative_interaction"
"ENSG00000186188.13","ENSG00000186188","FFAR4","protein_coding",2.81978127013265,0.0493280341910482,-0.90702295393278,0.0753450125010969,-3.72680422406543,5.45464421859042,-3.72680256118138,1.34215982686823,-2.77672039244196,0.00549103936396014,0.0128162664171828,"Negative_interaction"
"ENSG00000269068.2","ENSG00000269068","ENSG00000269068","lncRNA",-0.655893311006416,0.747627494868182,4.1312998825483,1.06890512289875e-06,4.78719319355472,4.6909760740633,4.78717310110616,1.72452957661652,2.77592983386139,0.00550440862359789,0.0128453928781289,"Positive_interaction"
"ENSG00000243232.7","ENSG00000243232","PCDHAC2","protein_coding",0.786794998597182,0.692400663470952,-3.84496937009625,3.91933931104209e-07,-4.63176436869343,6.25933668916747,-4.63175366151221,1.6690879865733,-2.77502066923469,0.00551981996398988,0.0128751377624563,"Negative_interaction"
"ENSG00000235376.5","ENSG00000235376","RPEL1","protein_coding",-0.245827116051756,0.528718233490107,-1.54890475946845,2.81231133315587e-05,-1.30307764341669,16.6266682117335,-1.30307742117141,0.469837419410612,-2.77346453759698,0.00554628849750504,0.0129302065459668,"Negative_interaction"
"ENSG00000145949.14","ENSG00000145949","MYLK4","protein_coding",0.805301236509764,0.222100969933715,-1.65798245797112,0.0247064145077693,-2.46328369448088,8.55319669304094,-2.46328204622718,0.888412853219859,-2.77267718189752,0.00555972436673234,0.0129536214666696,"Negative_interaction"
"ENSG00000132357.16","ENSG00000132357","CARD6","protein_coding",0.0478181200136821,0.977160995734817,-2.76202113211088,1.91740383543598e-13,-2.80983925212456,16.7727676007095,-2.80983731209192,1.01353524569476,-2.77231336949297,0.00556594257633476,0.0129660247253244,"Negative_interaction"
"ENSG00000196549.15","ENSG00000196549","MME","protein_coding",1.68398363733651,0.0168396452608043,-1.11085937932122,0.195347039335076,-2.79484301665773,1881.42003821457,-2.79484175373516,1.0088620234962,-2.77029136655344,0.00560061675333287,0.013038415741253,"Negative_interaction"
"ENSG00000131016.19","ENSG00000131016","AKAP12","protein_coding",-0.211464592322198,0.872131591775648,2.62349968219163,5.1882631970801e-10,2.83496427451383,17.35867177728,2.8349595485773,1.02343162421534,2.7700527143187,0.00560472209718603,0.0130458773903662,"Positive_interaction"
"ENSG00000246889.4","ENSG00000246889","CTTN-DT","lncRNA",-0.122991044688557,0.801680832753129,1.39359436349816,0.00135227453430404,1.51658540818672,11.6212517634775,1.51658495006714,0.549097056092574,2.76196153892957,0.00574552462061072,0.0133372005128769,"Positive_interaction"
"ENSG00000151474.24","ENSG00000151474","FRMD4A","protein_coding",0.25482011952699,0.167006446865395,-0.814313131198321,0.0302037560061742,-1.06913325072531,75.0243020429545,-1.06913339027507,0.387206507238259,-2.76114520362956,0.00575990616144223,0.0133684433202468,"Negative_interaction"
"ENSG00000198440.11","ENSG00000198440","ZNF583","protein_coding",-1.68721286491878,0.00473251060631828,-4.29092095346846,8.50263332159006e-08,-2.60370808854968,8.93616146256212,-2.60370727295341,0.9447332305491,-2.75602380519639,0.00585087385695761,0.0135665382296047,"Negative_interaction"
"ENSG00000166578.12","ENSG00000166578","DRC10","protein_coding",0.895502396972678,0.228993833899328,-1.36116249478664,0.0158240324261022,-2.25666489175932,6.70311674088159,-2.25666340651329,0.818927311242805,-2.75563334563672,0.00585786215837038,0.0135783970567984,"Negative_interaction"
"ENSG00000133943.23","ENSG00000133943","DGLUCY","protein_coding",-1.55695828469367,0.00120317634133117,-3.42062261915449,1.17940593357105e-10,-1.86366433446082,13.0020294287371,-1.86366389707755,0.676907526467075,-2.75320309526533,0.00590152729374826,0.0136664962513582,"Negative_interaction"
"ENSG00000196260.6","ENSG00000196260","SFTA2","protein_coding",0.414068551772292,0.269692462971762,-0.998953592622358,0.0208397618449899,-1.41302214439465,19.6501724177899,-1.41302187583013,0.513306621189004,-2.7527832634558,0.00590910020181509,0.0136818469603298,"Negative_interaction"
"ENSG00000131848.12","ENSG00000131848","ZSCAN5A","protein_coding",-0.485111567252958,0.145945357930591,-1.76378305132394,3.64601700335393e-06,-1.27867148407098,25.6709979179813,-1.2786713456703,0.464641468168383,-2.75195270605273,0.00592410756740559,0.0137122132034566,"Negative_interaction"
"ENSG00000181634.9","ENSG00000181634","TNFSF15","protein_coding",0.25622849169665,0.559525085453887,-1.08164555167549,0.00283370870595127,-1.33787404337214,818.179758621126,-1.33787373242111,0.486297209146218,-2.75114417121577,0.0059387499931501,0.0137439100767696,"Negative_interaction"
"ENSG00000136161.15","ENSG00000136161","RCBTB2","protein_coding",-0.842283120739414,0.000307681791385141,-2.18656730764905,1.4870691388364e-06,-1.34428418690964,29.2369659980229,-1.3442844255884,0.488726241830981,-2.75058777394912,0.00594884518726083,0.0137606806789759,"Negative_interaction"
"ENSG00000005243.12","ENSG00000005243","COPZ2","protein_coding",-0.281459875983394,0.342191939316391,-1.5497503466007,0.000150902506275173,-1.26829047061731,24.7115582804424,-1.26829045117305,0.461310491390798,-2.74932063077365,0.0059718937913229,0.0138073843050178,"Negative_interaction"
"ENSG00000254589.1","ENSG00000254589","EIF4A2P3","processed_pseudogene",1.07242431629407,0.135914621285444,3.53167573036786,1.61030099085506e-07,2.45925141407379,6.52716817276978,2.45924905477177,0.895749622397636,2.745464796501,0.00604252499448817,0.013955103142649,"Positive_interaction"
"ENSG00000164066.15","ENSG00000164066","INTU","protein_coding",-0.193116996830701,0.657938701657774,-1.34812972460186,6.80847046822292e-07,-1.15501272777116,35.2672802374576,-1.15501253057653,0.420882677915426,-2.74426245408139,0.00606470292846663,0.0140040909559175,"Negative_interaction"
"ENSG00000289337.1","ENSG00000289337","ENSG00000289337","lncRNA",2.43555509166289,0.0032588630386491,-0.505170912468406,0.562691561052127,-2.9407260041313,30.5160612407367,-2.94072262773283,1.07179630107656,-2.74373276412601,0.00607449662658644,0.0140200039994411,"Negative_interaction"
"ENSG00000245573.10","ENSG00000245573","BDNF-AS","lncRNA",-1.37640141455292,0.0245868029574075,-3.57238590114179,3.98298333258983e-09,-2.19598448658887,11.4144797338132,-2.19598345298528,0.800650235806965,-2.74275002338815,0.00609270474529072,0.0140553131437047,"Negative_interaction"
"ENSG00000173991.7","ENSG00000173991","TCAP","protein_coding",0.846063780001403,0.363818701813698,3.53821653196237,4.39509292503373e-08,2.69215275196097,6.29551531338192,2.69214925331356,0.982150710109284,2.74107550460764,0.00612384332993387,0.0141248985416842,"Positive_interaction"
"ENSG00000291073.2","ENSG00000291073","ENSG00000291073","lncRNA",0.147509970900214,0.847898583120368,2.34255644353312,9.45368834250629e-05,2.19504647263291,8.68521101457759,2.19504502420298,0.801049766503851,2.74021055368777,0.00613998363411369,0.0141553679327992,"Positive_interaction"
"ENSG00000156006.7","ENSG00000156006","NAT2","protein_coding",0.0417114386251169,0.934124410367895,-2.62435205330062,0.00635529563461648,-2.66606349192574,13.3901340383082,-2.66606419217167,0.973849328886579,-2.73765572670243,0.00618788158989005,0.0142567217807133,"Negative_interaction"
"ENSG00000187391.24","ENSG00000187391","MAGI2","protein_coding",-0.945532782724195,0.286362528050498,-3.74316998384824,3.96681804027096e-07,-2.79763720112405,7.38043874007604,-2.79763457778133,1.02252249022015,-2.73601275721475,0.00621886150485408,0.0143212682231599,"Negative_interaction"
"ENSG00000019505.9","ENSG00000019505","SYT13","protein_coding",1.47219167685193,2.20291363851139e-09,4.43099800895175,5.46318264318998e-05,2.95880633209982,104.733567160213,2.95880259841187,1.08248894056208,2.73333286608501,0.00626969341663574,0.0144268651943292,"Positive_interaction"
"ENSG00000248538.11","ENSG00000248538","PPP1R3B-DT","lncRNA",-0.258353424739009,0.454735557963131,-1.43089069608716,2.77138069419832e-05,-1.17253727134815,22.2742186946021,-1.17253711659476,0.42910745366236,-2.7325023291657,0.00628552270499915,0.0144586976255314,"Negative_interaction"
"ENSG00000072858.14","ENSG00000072858","SIDT1","protein_coding",1.28242660819248,0.292615880232132,-1.48734906659293,4.89245409222815e-23,-2.76977567478541,105.509812665167,-2.76977777343397,1.01394242598123,-2.731691368722,0.00630101358566585,0.0144920312463846,"Negative_interaction"
"ENSG00000136274.10","ENSG00000136274","NACAD","protein_coding",-0.656591716386281,0.740761376107213,3.63252117504955,2.67804004131232e-11,4.28911289143583,10.2189871709367,4.28909624347081,1.57101607513026,2.73014153793123,0.00633071391079509,0.0145557204498243,"Positive_interaction"
"ENSG00000277027.2","ENSG00000277027","RMRP","ribozyme",0.0778845437536188,0.846055423656903,1.1247847317234,1.64147096132108e-05,1.04690018796978,39.9519890299333,1.04690001425624,0.383918533282046,2.7268806361248,0.00639361630273298,0.0146830196760793,"Positive_interaction"
"ENSG00000067191.19","ENSG00000067191","CACNB1","protein_coding",0.0986643023406598,0.821552578791006,-0.913406347604278,3.52139026389597e-06,-1.01207064994494,60.2388182747739,-1.01207058559999,0.371149905177599,-2.72685125735303,0.00639418556277506,0.0146830196760793,"Negative_interaction"
"ENSG00000288095.3","ENSG00000288095","ENSG00000288095","lncRNA",-0.677760400123991,0.204035600798067,-2.82334295145738,2.63096054282684e-05,-2.14558255133339,9.1086777741271,-2.14558192871227,0.787046358607893,-2.72611886866146,0.00640839149676871,0.0147109788644341,"Negative_interaction"
"ENSG00000243244.9","ENSG00000243244","STON1","protein_coding",1.23027263423095,1.2307893213232e-10,2.56230253810417,4.71143453631717e-08,1.33202990387322,78.0693598698075,1.33202951293318,0.489553459935691,2.72090715712266,0.00651030433652415,0.0149189327079235,"Positive_interaction"
"ENSG00000188610.14","ENSG00000188610","FAM72B","protein_coding",-2.37551377963555,0.111390946771206,1.24781355096663,0.00110167982479419,3.62332733060218,10.3304108154664,3.62331849710133,1.33186912395373,2.72047638310384,0.00651879282099791,0.0149360230137394,"Positive_interaction"
"ENSG00000293470.3","ENSG00000293470","ENSG00000293470","lncRNA",-0.0892457770879175,0.848882263107455,-1.47696187030211,0.000201147322849486,-1.38771609321419,18.7923637606813,-1.38771578537347,0.510380934515834,-2.71898045464788,0.006548347741411,0.0149966269703742,"Negative_interaction"
"ENSG00000113946.6","ENSG00000113946","CLDN16","protein_coding",0.936604008731211,0.200303122996826,-1.20545981779514,0.0216323179519723,-2.14206382652635,6.76158494828087,-2.14206255120364,0.789258908698739,-2.71401757724254,0.0066472639106393,0.0152087383316995,"Negative_interaction"
"ENSG00000177679.17","ENSG00000177679","SRRM3","protein_coding",4.38047646480024,0.000200259452132358,1.28614726178326,0.000811612139369061,-3.09432920301698,16.4500818519019,-3.09433142596805,1.1408106051642,-2.71239714283922,0.00667985085721974,0.0152808837605096,"Negative_interaction"
"ENSG00000272205.3","ENSG00000272205","POU2F1-DT","lncRNA",0.943958621841393,0.342601059383918,3.86422743504356,1.2633452103414e-07,2.92026881320217,5.72766729544193,2.92026432600527,1.07676678732911,2.71206760866846,0.00668649533765,0.015291256183245,"Positive_interaction"
"ENSG00000148935.14","ENSG00000148935","GAS2","protein_coding",-0.793000073871171,0.0950500196480833,-3.03240818104833,4.86400607493723e-05,-2.23940810717716,8.75155434836157,-2.23940785258482,0.82729844463158,-2.70689237616311,0.0067916270907499,0.0155194354776329,"Negative_interaction"
"ENSG00000259291.2","ENSG00000259291","ZNF710-AS1","lncRNA",-0.859090461059483,0.00451588804347457,0.197110011928346,0.532758446169345,1.05620047298783,41.8687175002042,1.05620030698656,0.390218440782611,2.70668988597329,0.00679577059134368,0.015526455527314,"Positive_interaction"
"ENSG00000205622.14","ENSG00000205622","ETS2-AS1","lncRNA",0.059801092780323,0.941054551077476,-2.92285855959078,0.00388234195003559,-2.9826596523711,6.49004169398911,-2.98265827031676,1.10200790152862,-2.70656704564409,0.0067982853458849,0.0155297527163562,"Negative_interaction"
"ENSG00000123838.13","ENSG00000123838","C4BPA","protein_coding",-0.276746765290475,0.385929830004215,-3.41485223856348,0.0039776650148902,-3.138105473273,30.6861016427766,-3.13810985608124,1.15948941599015,-2.70645838832556,0.00680051044657834,0.015532387295794,"Negative_interaction"
"ENSG00000238123.2","ENSG00000238123","MID1IP1-AS1","lncRNA",-1.16661677795535,0.0981455142550235,-4.58674069118116,6.80683547181493e-05,-3.42012391322581,4.82183756875207,-3.42012282352902,1.26408476152699,-2.70561193965947,0.0068178665675671,0.0155695748971293,"Negative_interaction"
"ENSG00000173137.14","ENSG00000173137","ADCK5","protein_coding",-1.15325626137303,0.000392570941748082,-2.43477592781855,1.29413561553264e-10,-1.28151966644552,73.3932198769785,-1.28151956144459,0.473696448966815,-2.70536028766887,0.00682303427033965,0.0155764670204414,"Negative_interaction"
"ENSG00000188738.17","ENSG00000188738","FSIP2","protein_coding",-0.655893675206468,0.741718835064091,-5.36129745199199,1.06616504236296e-08,-4.70540377678552,8.72710288358595,-4.7053900388626,1.7400568874381,-2.70415873919524,0.00684775676176079,0.0156279828332972,"Negative_interaction"
"ENSG00000144908.16","ENSG00000144908","ALDH1L1","protein_coding",-0.791198955463766,0.468747525477484,1.91511486723105,0.000224231392146466,2.70631382269482,5.60397421674066,2.70631059121293,1.00122005444927,2.70301276845834,0.00687141067084851,0.0156770282496752,"Positive_interaction"
"ENSG00000204516.11","ENSG00000204516","MICB","protein_coding",2.10611552225667,6.72491362999188e-05,3.67811290014595,1.1707826787527e-29,1.57199737788928,29.0859331437961,1.57199610828266,0.581784910775355,2.70202282521841,0.00689190309556288,0.0157188321782967,"Positive_interaction"
"ENSG00000225528.4","ENSG00000225528","TMA7B","protein_coding",-1.87453974097124,0.0347109580526917,0.453116788949552,0.254566686937386,2.32765652992079,11.0300427256247,2.32765462682452,0.861500867252575,2.70185987652882,0.00689528148968889,0.0157229088407343,"Positive_interaction"
"ENSG00000289504.1","ENSG00000289504","ENSG00000289504","lncRNA",-0.558439469138599,0.247877079160781,1.02329130492149,0.0233787719599784,1.58173077406009,10.3317428613811,1.58173023020655,0.585650167291976,2.70081068621633,0.00691706986967918,0.0157663064723798,"Positive_interaction"
"ENSG00000253669.5","ENSG00000253669","GASAL1","lncRNA",-1.29612393507503,0.000140610526732761,-3.81674471680047,2.94244462079904e-05,-2.52062078172544,15.6483064760436,-2.5206222786317,0.934265832787822,-2.69797116641871,0.00697634828831003,0.0158868001590962,"Negative_interaction"
"ENSG00000125848.12","ENSG00000125848","FLRT3","protein_coding",0,1,-4.10448558747601,1.42539018084889e-15,-4.10448558747601,13.8164428751132,-4.16992663566591,1.54554042219635,-2.69803790038702,0.00697494991657862,0.0158868001590962,"Negative_interaction"
"ENSG00000166819.14","ENSG00000166819","PLIN1","protein_coding",0.601121103571321,0.429021064789481,2.47358568716947,6.02207172545993e-13,1.87246458359815,15.6387098663945,1.87246295735253,0.694990343835365,2.69422873851624,0.00705517285280599,0.0160507951307479,"Positive_interaction"
"ENSG00000092421.19","ENSG00000092421","SEMA6A","protein_coding",3.37177811560441,7.22213229357523e-07,0.72201419507076,0.388175564051562,-2.64976392053365,19.6174212780918,-2.64976135379184,0.984491895007128,-2.69150144072304,0.00711311910925598,0.0161673968211006,"Negative_interaction"
"ENSG00000196187.14","ENSG00000196187","TMEM63A","protein_coding",-0.666452210325561,0.0811885621122723,-1.93091995292207,1.96102714788958e-08,-1.26446774259651,632.254602158544,-1.26446746921872,0.46981837940565,-2.69139634515438,0.00711536057542725,0.0161699553801304,"Negative_interaction"
"ENSG00000248487.12","ENSG00000248487","ABHD14A","protein_coding",-0.615445063614841,0.153802603510576,-2.29777441312085,1.2166315639872e-05,-1.68232934950601,12.3526946047337,-1.68232904537701,0.625151833657666,-2.69107271994063,0.00712226680001132,0.0161831123339235,"Negative_interaction"
"ENSG00000236452.1","ENSG00000236452","ENSG00000236452","lncRNA",-0.341364554998916,0.397827449671496,-2.93655384459747,0.002004216986824,-2.59518928959855,15.7971475222755,-2.59519041494757,0.964511258340534,-2.69067923521459,0.00713067194633395,0.0161996704571675,"Negative_interaction"
"ENSG00000257303.5","ENSG00000257303","CNPY2-AS1","lncRNA",0.181571283016672,0.807446538863876,-2.42145115285836,0.00384665734225566,-2.60302243587503,6.00942523603274,-2.6030208538733,0.967500297628691,-2.69046000321985,0.00713535877764619,0.0162052373304574,"Negative_interaction"
"ENSG00000189298.16","ENSG00000189298","ZKSCAN3","protein_coding",-0.689317109024771,0.0362373468204734,-1.73522162947403,7.80966088196058e-11,-1.04590452044926,30.7256697831566,-1.04590436804032,0.388839603863351,-2.68980926235045,0.00714928687370198,0.0162317825792347,"Negative_interaction"
"ENSG00000130701.5","ENSG00000130701","RBBP8NL","protein_coding",-1.45706238550425,4.53935086881257e-05,-0.156239213206113,0.703823761497929,1.30082317229814,72.2449746403015,1.30082283285797,0.483611553976542,2.68980925323606,0.00714928706895218,0.0162317825792347,"Positive_interaction"
"ENSG00000176125.7","ENSG00000176125","UFSP1","protein_coding",-0.934646265472763,0.0644379209483867,-3.38859746331153,4.44745087347442e-05,-2.45395119783877,8.43782487020989,-2.45395093255037,0.912442559481273,-2.68943059160398,0.00715740296031246,0.016247663486975,"Negative_interaction"
"ENSG00000223723.1","ENSG00000223723","TFDP1P2","processed_pseudogene",-0.552338033489809,0.253059300752912,-2.39459648469923,3.26975237406401e-05,-1.84225845120942,10.3667221114341,-1.84225800849688,0.68510738823882,-2.68900619103336,0.00716650900703,0.016265786770537,"Negative_interaction"
"ENSG00000264112.2","ENSG00000264112","ENSG00000264112","lncRNA",0.367016069058435,0.351143427487692,1.55387148674574,7.45958756046424e-07,1.1868554176873,58.1975594416945,1.18685517144448,0.441432642521658,2.68864387704688,0.00717429113525397,0.0162808999580489,"Positive_interaction"
"ENSG00000230734.1","ENSG00000230734","RPL10P3","processed_pseudogene",-0.303138133130242,0.636077766980234,1.89787864979711,0.00609503139062857,2.20101678292735,8.28159249636157,2.20101527288344,0.81895757958866,2.68758153992414,0.00719715277912525,0.0163225568192618,"Positive_interaction"
"ENSG00000137968.17","ENSG00000137968","SLC44A5","protein_coding",0,1,-3.89562132671169,5.15022408565607e-47,-3.89562132671169,50.1052026967032,-3.96106247780675,1.47482049603485,-2.68579294121306,0.00723579142875216,0.0164024170184896,"Negative_interaction"
"ENSG00000296655.1","ENSG00000296655","ENSG00000296655","lncRNA",-2.46085261280284,3.00114859705812e-08,-4.61534879975799,6.00675679450387e-11,-2.15449618695515,16.8613712927302,-2.15449651241047,0.802934236438768,-2.68327892202759,0.00729041588605244,0.0165133959082013,"Negative_interaction"
"ENSG00000186153.20","ENSG00000186153","WWOX","protein_coding",-0.676546462393258,0.011708822519487,-1.84984350899838,1.04252339007055e-06,-1.17329704660512,47.1647861557104,-1.17329708360217,0.437927052442767,-2.67920667850384,0.00737968279044525,0.0166824249885792,"Negative_interaction"
"ENSG00000251611.2","ENSG00000251611","FHIP1A-DT","lncRNA",0.748461092421893,0.10079391439515,-0.813843201945012,0.077685958276809,-1.5623042943669,11.3626682656482,-1.56230377965403,0.583145594524798,-2.67909728603394,0.00738209422792704,0.0166845460934371,"Negative_interaction"
"ENSG00000089356.21","ENSG00000089356","FXYD3","protein_coding",1.84813201254075,0.00115189807056308,-0.309229369283781,0.663584893691791,-2.15736138182453,6.8885610805689,-2.15735999715915,0.80529017861924,-2.6789846125507,0.00738457873071377,0.0166875588594268,"Negative_interaction"
"ENSG00000106178.9","ENSG00000106178","CCL24","protein_coding",-0.657449543890382,0.133375157946144,1.40680460833498,0.0502532000418009,2.06425415222536,342.652296783195,2.06425212238456,0.770971995574043,2.67746706006821,0.00741811463154876,0.0167555045574197,"Positive_interaction"
"ENSG00000227121.3","ENSG00000227121","LINC02672","lncRNA",0.786795810654012,0.696840968632939,-3.92406462315434,2.03273969116978e-05,-4.71086043380835,4.42238417689934,-4.71084720363022,1.760471005567,-2.67590161311005,0.00745285201418316,0.016826099297327,"Negative_interaction"
"ENSG00000304189.1","ENSG00000304189","ENSG00000304189","lncRNA",1.27451762394439,0.0725408640266866,4.72368876947673,6.2165164291314e-05,3.44917114553234,7.12509367891324,3.44916531296773,1.29204380291359,2.66954208919991,0.00759547529435731,0.0171054588913483,"Positive_interaction"
"ENSG00000143450.19","ENSG00000143450","OAZ3","protein_coding",0.175727085413765,0.749630671453062,-1.34269983466467,0.0011420822631276,-1.51842692007843,11.3408280794247,-1.51842643458799,0.569444460226396,-2.66650488439962,0.00766444926758044,0.017239360357873,"Negative_interaction"
"ENSG00000159618.18","ENSG00000159618","ADGRG5","protein_coding",0.158209493212049,0.532126674895985,2.69581358184783,0.00583093982153827,2.53760408863578,36.820889686254,2.53760120636202,0.951809821297977,2.66608008194485,0.00767414101884803,0.0172584810125924,"Positive_interaction"
"ENSG00000273142.1","ENSG00000273142","LINC02604","lncRNA",-1.74213662998255,0.000111063847191944,-3.17102837554559,8.54681926093116e-20,-1.42889174556304,23.2659294338117,-1.42889139503229,0.536388200186337,-2.66391280519576,0.0077237580191779,0.0173646759562405,"Negative_interaction"
"ENSG00000107282.10","ENSG00000107282","APBA1","protein_coding",-0.792210810232704,0.0096109176681102,-2.11586735862842,8.14187357848148e-07,-1.32365654839572,21.857835961586,-1.32365652670435,0.497306924463356,-2.6616490975522,0.00777588945015298,0.0174710371955995,"Negative_interaction"
"ENSG00000106123.15","ENSG00000106123","EPHB6","protein_coding",-1.53027375723531,7.27527885414362e-07,-0.105628285199139,0.84472140500541,1.42464547203617,22.9021253996732,1.42464478314796,0.535292980216087,2.66142997536202,0.00778095236223333,0.0174769934335842,"Positive_interaction"
"ENSG00000215093.3","ENSG00000215093","EEF1A1P29","processed_pseudogene",-0.43749511748643,0.421041953320661,1.2843220725879,0.0106949010934033,1.72181719007433,9.16390292818278,1.7218164682709,0.647173295325718,2.66051841246682,0.0078020461298061,0.0175162281197754,"Positive_interaction"
"ENSG00000171174.17","ENSG00000171174","RBKS","protein_coding",-0.890312165915186,0.174616036741264,-4.17463969799915,0.000283728402321162,-3.28432753208396,7.41020868602631,-3.28432678430636,1.23540024356058,-2.65851233349323,0.00784864778187214,0.0176099401849963,"Negative_interaction"
"ENSG00000185010.16","ENSG00000185010","F8","protein_coding",-0.879422173296132,0.136683569341499,-4.19295906368746,0.000425453808947574,-3.31353689039133,6.74497490292658,-3.31353799266895,1.24750598009784,-2.65612994689538,0.00790431493687286,0.0177293502654638,"Negative_interaction"
"ENSG00000214595.14","ENSG00000214595","EML6","protein_coding",0.644928097363793,0.188777654286965,-1.57243164526299,0.0415052629185151,-2.21735974262678,9.22555327346889,-2.21735905586518,0.834873325158742,-2.65592274785348,0.00790917305217869,0.0177375016824781,"Negative_interaction"
"ENSG00000259838.1","ENSG00000259838","ELOCP2","unprocessed_pseudogene",0.0516706309328967,0.926156213131221,1.3514779418541,4.69502445849323e-05,1.2998073109212,19.9549256411886,1.29980696394395,0.489438009649668,2.65571316145701,0.00791408986343764,0.0177457821910782,"Positive_interaction"
"ENSG00000285043.4","ENSG00000285043","ENSG00000285043","protein_coding",-1.4868160472824,0.0182063837828615,0.349256464823818,0.44332624269546,1.83607251210622,8.7680161229824,1.83607162506888,0.691891645101205,2.6536982171541,0.00796149949258959,0.0178355310939262,"Positive_interaction"
"ENSG00000162755.16","ENSG00000162755","KLHDC9","protein_coding",-1.28264808610723,0.0118852803564158,-3.38553151846587,4.48549061678528e-07,-2.10288343235864,11.5036841936006,-2.10288297010053,0.793127794296718,-2.65137974639408,0.0080163653673661,0.0179418018384354,"Negative_interaction"
"ENSG00000161040.21","ENSG00000161040","FBXL13","protein_coding",-0.199808678035851,0.801350950390254,-2.17756700650577,6.8985363171545e-06,-1.97775832846992,9.85750472504316,-1.97775722937402,0.746236855083654,-2.65030762806845,0.00804185099122269,0.0179932846325149,"Negative_interaction"
"ENSG00000269176.2","ENSG00000269176","ENSG00000269176","lncRNA",-0.0361044088469014,0.959435483579959,-2.12813752738063,0.00180172244660867,-2.09203311853373,7.15596554532504,-2.09203234449303,0.790101552073042,-2.64780184142661,0.00810169987136338,0.0181132111286329,"Negative_interaction"
"ENSG00000103150.9","ENSG00000103150","MLYCD","protein_coding",0.570184731362596,0.106589027141558,-0.553031622159288,0.0814342826512945,-1.12321635352188,21.3326270852549,-1.12321615062278,0.42436688044345,-2.64680445714578,0.00812563238762028,0.0181611142136633,"Negative_interaction"
"ENSG00000105427.11","ENSG00000105427","CNFN","protein_coding",-1.07814060501003,0.24721131805323,1.37443835113902,0.0104915716111541,2.45257895614905,6.74619177837061,2.45257666289289,0.926657615901793,2.6466913138205,0.00812835128615074,0.0181643896436232,"Positive_interaction"
"ENSG00000230450.1","ENSG00000230450","NEK2P4","transcribed_processed_pseudogene",-0.336190547862602,0.589665742542552,1.59845547888483,0.00575773110577629,1.93464602674743,9.44172298940471,1.93464498755798,0.730992745604552,2.64659943507096,0.0081305597839343,0.01816652364921,"Positive_interaction"
"ENSG00000262823.2","ENSG00000262823","ENSG00000262823","lncRNA",-0.417694999354317,0.167536618597579,-2.03379556388225,0.000436162497897461,-1.61610056452793,20.8544286518816,-1.61610084448495,0.610879951738806,-2.64552935463815,0.00815632098790988,0.0182156578450902,"Negative_interaction"
"ENSG00000262172.1","ENSG00000262172","ENSG00000262172","lncRNA",-0.814974520770186,0.0777646935909499,-3.20592898124873,0.000143061205972883,-2.39095446047854,11.5343625309973,-2.39095467098415,0.903866365355888,-2.64525239861396,0.00816300033978128,0.0182277659359184,"Negative_interaction"
"ENSG00000229334.3","ENSG00000229334","TMEM44-AS2","lncRNA",-0.0964682639471047,0.849567796195981,-2.27543109168132,0.00332366462472827,-2.17896282773422,10.1770468269181,-2.17896273518882,0.8258775455962,-2.63836054970575,0.00833079558062995,0.0185709720895999,"Negative_interaction"
"ENSG00000196189.16","ENSG00000196189","SEMA4A","protein_coding",-0.26150680812569,0.566756113391231,1.13585581579964,0.00607718101150456,1.39736262392533,18.2294659205698,1.39736222936869,0.530290391357368,2.63508872146806,0.00841152936281295,0.018733653530949,"Positive_interaction"
"ENSG00000260963.4","ENSG00000260963","LINC03064","lncRNA",-0.402721905764098,0.420175198215688,-2.24994627468237,0.000180022695391808,-1.84722436891827,9.47379858086584,-1.84722392195106,0.7029970398125,-2.62764110990245,0.00859791732945962,0.0190900900779116,"Negative_interaction"
"ENSG00000135744.10","ENSG00000135744","AGT","protein_coding",1.79582619084027,0.00362962491596829,-0.763342379475564,0.389751105075343,-2.55916857031583,9.77111780906254,-2.55916658487195,0.974198257450535,-2.62694637903506,0.0086154909173282,0.0191144924432067,"Negative_interaction"
"ENSG00000220842.6","ENSG00000220842","RPL21P16","processed_pseudogene",-0.479559455967046,0.170293250938855,0.581481815225484,0.0473372669689429,1.06104127119253,36.6656309865664,1.06104109636215,0.404096810225544,2.62571015042146,0.00864684139580001,0.0191810845718558,"Positive_interaction"
"ENSG00000179406.11","ENSG00000179406","LINC00174","lncRNA",-1.24769331611134,0.0158940709330194,-2.84635521467977,3.54929980821827e-12,-1.59866189856843,18.8684850507064,-1.59866134542477,0.609278356829761,-2.62386038746401,0.00869394141514446,0.0192737645691102,"Negative_interaction"
"ENSG00000156076.12","ENSG00000156076","WIF1","protein_coding",-1.73800556414492,6.51572680958317e-16,1.78244996759883,0.216648438461038,3.52045553174375,50.1509425701829,3.52044398038565,1.3425143574754,2.6222765967329,0.00873445111930415,0.0193517299527527,"Positive_interaction"
"ENSG00000236204.8","ENSG00000236204","LINC01376","lncRNA",-0.622034944116782,0.137073314917176,-1.8213010162833,6.83769149538532e-10,-1.19926607216652,22.7243971992649,-1.19926582147332,0.457654392437624,-2.62046173114523,0.00878107850264614,0.0194461170018869,"Negative_interaction"
"ENSG00000070831.20","ENSG00000070831","CDC42","protein_coding",-0.179169294072193,0.781765537871118,1.45672766982193,0.000505357878663848,1.63589696389412,11.6176130066594,1.63589626737765,0.62432025504646,2.62028382733781,0.00878566114103869,0.0194532927816551,"Positive_interaction"
"ENSG00000134240.14","ENSG00000134240","HMGCS2","protein_coding",0.922969089073914,0.0607495435276896,-0.839025644981157,0.133773213720189,-1.76199473405507,5703.32983704876,-1.76199451866988,0.672995338994484,-2.61813777388482,0.00884111010303464,0.0195551537871151,"Negative_interaction"
"ENSG00000130830.17","ENSG00000130830","MPP1","protein_coding",-0.0921910986498921,0.585537924544592,-1.32703973091683,0.00533874324465287,-1.23484863226694,214.87339186086,-1.23484936355935,0.472021181245866,-2.61608888037621,0.00889434018896363,0.0196608874341765,"Negative_interaction"
"ENSG00000112293.17","ENSG00000112293","GPLD1","protein_coding",0.45016411037439,0.496268421915345,-1.37435632465028,0.00450391805398583,-1.82452043502467,9.00560601934654,-1.82451955315747,0.697481352841697,-2.61586857587513,0.00890008069284889,0.0196635227667003,"Negative_interaction"
"ENSG00000178462.13","ENSG00000178462","TUBAL3","protein_coding",0.72920407082794,0.00395791320951165,-0.284421644705326,0.41510288159939,-1.01362571553327,27.2917486503903,-1.01362560221249,0.387492206774426,-2.61586061472085,0.00890028819965407,0.0196635227667003,"Negative_interaction"
"ENSG00000215244.5","ENSG00000215244","LINC02649","lncRNA",0.0785591615686564,0.899021980865343,1.84792638067747,0.000694823220157185,1.76936721910881,9.46204184088406,1.76936640794805,0.676464022859401,2.61561051017758,0.00890680935395173,0.0196734462974346,"Positive_interaction"
"ENSG00000236935.4","ENSG00000236935","ENSG00000236935","lncRNA",1.08290036842295,0.00329667254874512,-0.836214504271938,0.242874385974506,-1.91911487269489,15.5638265023172,-1.91911453114398,0.735893363773291,-2.60787041386502,0.00911074377316103,0.0200810492411634,"Negative_interaction"
"ENSG00000231856.5","ENSG00000231856","ENSG00000231856","lncRNA",-1.11616942787492,0.00414557229684553,-2.78714210981637,4.88862274176637e-07,-1.67097268194145,15.1627207937485,-1.67097261085111,0.641019222423559,-2.60674337429931,0.0091407838971633,0.0201441971164371,"Negative_interaction"
"ENSG00000047662.7","ENSG00000047662","FAM184B","protein_coding",1.95315738285822,1.69385938183095e-05,-0.685877416995219,0.509699611119494,-2.63903479985344,10.615968296985,-2.63903341852353,1.01302761099551,-2.60509525098742,0.00918487218228205,0.0202321276281549,"Negative_interaction"
"ENSG00000154319.18","ENSG00000154319","FAM167A","protein_coding",-2.82593680706663,0.0285604768929322,0.19554542621228,0.4235522326221,3.02148223327891,22.9539567081271,3.02147720678189,1.15995661232781,2.60481915846694,0.00919227635465265,0.0202422921288812,"Positive_interaction"
"ENSG00000154479.14","ENSG00000154479","CFAP210","protein_coding",-2.14929891175332,0.0169435052401251,-5.67172025625596,5.18345284432904e-07,-3.52242134450264,6.16305077125836,-3.52241878466878,1.35557936203152,-2.59846002626505,0.00936429472637316,0.0205837748829825,"Negative_interaction"
"ENSG00000254402.8","ENSG00000254402","LRRC24","protein_coding",-0.738564178872422,0.250153813319867,0.96618425075679,0.0168959828583159,1.70474842962921,9.11087429513311,1.70474763092341,0.656477201360906,2.59681162939002,0.00940935098293425,0.0206731829055008,"Positive_interaction"
"ENSG00000186889.12","ENSG00000186889","TMEM17","protein_coding",-0.715887250383483,0.349958415671202,-2.84152331943945,2.34538860987091e-07,-2.12563606905597,8.63283007554873,-2.12563467644128,0.819689464678842,-2.59321946668439,0.00950820741417333,0.0208713937967585,"Negative_interaction"
"ENSG00000166704.15","ENSG00000166704","ZNF606","protein_coding",-0.888791362042787,0.00277119696239431,-1.92046118674458,2.07546897335795e-10,-1.03166982470179,35.7578161312617,-1.03166970943757,0.39815543360831,-2.59112301969107,0.00956632876617067,0.0209862604419233,"Negative_interaction"
"ENSG00000238164.7","ENSG00000238164","TNFRSF14-AS1","lncRNA",-0.806920369014222,0.0860267553666127,-2.62575596813241,9.78379056079544e-06,-1.81883559911819,10.8058147039332,-1.8188352313352,0.702422376712203,-2.58937541233885,0.00961502086510956,0.0210739386535341,"Negative_interaction"
"ENSG00000147889.19","ENSG00000147889","CDKN2A","protein_coding",0.0198338513819728,0.977027148938393,1.0918597352676,2.3380364492944e-13,1.07202588388563,213.827705937897,1.07202530665312,0.414322891775994,2.58741510047365,0.00966990220580854,0.0211846141748416,"Positive_interaction"
"ENSG00000247271.10","ENSG00000247271","ZBED5-AS1","lncRNA",-0.218142422760085,0.705944558021145,-1.52169186012402,7.33002825249719e-09,-1.30354943736393,23.2727973426509,-1.30354917133355,0.504282168851514,-2.58495987336285,0.00973903310262769,0.0213296157961736,"Negative_interaction"
"ENSG00000183208.15","ENSG00000183208","GDPGP1","protein_coding",-0.4212544201854,0.449863307854564,-2.12131876441277,2.4745486524851e-05,-1.70006434422737,12.2981904083449,-1.70006371328281,0.657847135761861,-2.58428382653661,0.00975814547789767,0.0213682448270917,"Negative_interaction"
"ENSG00000307779.1","ENSG00000307779","ENSG00000307779","lncRNA",-0.129555480162216,0.829366693979983,-3.16529398606284,0.00575471942089733,-3.03573850590062,9.22728128778518,-3.03573904941485,1.17515197413245,-2.58327358183265,0.00978676819063347,0.0214244478275922,"Negative_interaction"
"ENSG00000232859.12","ENSG00000232859","LYRM9","protein_coding",0.0889967073858643,0.880374278724588,-1.47202952099422,0.00123180120752531,-1.56102622838008,10.7340560512604,-1.5610256885114,0.6047406074395,-2.5813144831151,0.0098424875765086,0.0215366646472539,"Negative_interaction"
"ENSG00000310238.1","ENSG00000310238","ENSG00000310238","lncRNA",1.01098990572068,0.0378723625275878,-0.907413118051236,0.167946572077091,-1.91840302377192,7.83443320615961,-1.9184021785244,0.743470476912252,-2.58033403894103,0.00987047870579434,0.0215848766265839,"Negative_interaction"
"ENSG00000266524.5","ENSG00000266524","GDF10","protein_coding",2.81263181523813,2.91849954820185e-28,-0.956199407488001,0.559425060151828,-3.76883122272613,49.8847627338155,-3.76883023704366,1.46362166777976,-2.57500303528629,0.0100239206972682,0.0218893767367445,"Negative_interaction"
"ENSG00000165125.23","ENSG00000165125","TRPV6","protein_coding",-3.19586451178039,1.02662840667986e-07,-5.20510259247353,5.88593309750588e-21,-2.00923808069314,29.8066457353954,-2.00923749970147,0.780744581033211,-2.57348888293597,0.0100678881263864,0.0219767788413302,"Negative_interaction"
"ENSG00000183308.7","ENSG00000183308","ENSG00000183308","lncRNA",-0.743760583651898,0.127548513108975,-3.86321062751827,0.00117308797627723,-3.11945004386637,11.0369979732347,-3.11945258288045,1.21281036919845,-2.57208600957303,0.0101087774625987,0.0220593890962174,"Negative_interaction"
"ENSG00000138061.15","ENSG00000138061","CYP1B1","protein_coding",0.819371660899248,0.0437765968779592,-0.350675464060341,0.257046011529307,-1.17004712495959,33.4284262719242,-1.17004693670058,0.45497615837469,-2.57166648221819,0.0101210340520704,0.0220794859976823,"Negative_interaction"
"ENSG00000162490.9","ENSG00000162490","DRAXIN","protein_coding",-2.59256298149992,2.46671786093919e-14,1.19829815338168,0.457283049801194,3.7908611348816,17.4430127501082,3.79084638212957,1.47415456383344,2.57153929115257,0.0101247525818042,0.0220842736928819,"Positive_interaction"
"ENSG00000296729.1","ENSG00000296729","ENSG00000296729","lncRNA",0.373625904344607,0.80314630543138,-3.11002432293006,0.000170215463087537,-3.48365022727467,4.65947784978261,-3.48364395142712,1.35502714150403,-2.5709034488862,0.0101433601724888,0.0221148752248695,"Negative_interaction"
"ENSG00000158125.12","ENSG00000158125","XDH","protein_coding",-0.329631498776406,0.686303755929854,-2.20626238844434,6.30082864450532e-08,-1.87663088966793,17.2467859554335,-1.87662998470068,0.730833315511641,-2.56779479652879,0.0102347722886246,0.0222940508051626,"Negative_interaction"
"ENSG00000167653.7","ENSG00000167653","PSCA","protein_coding",3.07770780414957,2.1710662665803e-07,-0.50965256952778,0.73383199942397,-3.58736037367735,8.68799741947257,-3.5873555670271,1.3981833778709,-2.56572608700998,0.0102960098244565,0.02240387002643,"Negative_interaction"
"ENSG00000196550.13","ENSG00000196550","FAM72A","protein_coding",-0.307087445560289,0.528175660226716,1.06625070421097,0.00695186315573575,1.37333814977126,21.3320374365635,1.37333775362084,0.535761936672695,2.56333580199788,0.0103671724943773,0.0225451776393332,"Positive_interaction"
"ENSG00000185522.11","ENSG00000185522","LMNTD2","protein_coding",-0.649615956161892,0.0508040425416254,-1.7355926347987,4.65314688545613e-08,-1.08597667863681,25.2232823274334,-1.08597652189411,0.423681006243737,-2.56319378468753,0.0103714143227898,0.0225510182094329,"Negative_interaction"
"ENSG00000286177.1","ENSG00000286177","ENSG00000286177","lncRNA",-0.144654540396454,0.8973706807383,1.99979649048557,1.49673943252188e-10,2.14445103088202,17.511672963506,2.14444835842408,0.837369014500789,2.56093588524114,0.0104390619264641,0.0226754128562877,"Positive_interaction"
"ENSG00000183578.9","ENSG00000183578","TNFAIP8L3","protein_coding",-0.127243736057922,0.833249624847335,1.34324810027934,0.000547969641321162,1.47049183633726,11.3395795731235,1.47049130775044,0.574917178153092,2.55774459979497,0.0105353436813718,0.0228660941496152,"Positive_interaction"
"ENSG00000078814.21","ENSG00000078814","MYH7B","protein_coding",-2.469987440255,7.62371904698293e-51,-1.17963417090913,0.0198074476405669,1.29035326934587,150.349456442348,1.29035180690771,0.504918752103367,2.55556324959693,0.0106016091827563,0.022989453879471,"Positive_interaction"
"ENSG00000085563.17","ENSG00000085563","ABCB1","protein_coding",0.896016728886856,0.0249094398488246,-0.34783020966019,0.346976860436991,-1.24384693854705,769.962161311363,-1.24384667857014,0.486774547938814,-2.55528290013736,0.010610152522607,0.0230045377554789,"Negative_interaction"
"ENSG00000304746.1","ENSG00000304746","ENSG00000304746","lncRNA",1.28021492262825,0.0101080104344208,3.91982032296334,5.22983130069993e-05,2.63960540033509,9.84561359275979,2.63960258139482,1.03383534416511,2.55321371656768,0.0106733982023088,0.0231209098277817,"Positive_interaction"
"ENSG00000100473.20","ENSG00000100473","COCH","protein_coding",-0.102759601898689,0.821541288142487,-1.42171315927563,0.000581951912588962,-1.31895355737694,18.362039837527,-1.31895328969525,0.516681520075164,-2.55273943125231,0.0106879421228979,0.0231420375384784,"Negative_interaction"
"ENSG00000067836.15","ENSG00000067836","ROGDI","protein_coding",-0.771265912367956,0.0501853605617744,-2.24065935524951,2.71334989050949e-06,-1.46939344288155,16.8026644928437,-1.46939324195426,0.575997260478101,-2.55104206699629,0.0107401361466358,0.0232342219789589,"Negative_interaction"
"ENSG00000251602.8","ENSG00000251602","MTA1-DT","lncRNA",-0.835695373309804,0.418356332613946,-4.49851796627203,0.000227029385701897,-3.66282259296223,5.0136776751018,-3.66281775212263,1.43587528141318,-2.55093029285781,0.0107435811456544,0.0232347377947803,"Negative_interaction"
"ENSG00000290535.2","ENSG00000290535","ENSG00000290535","lncRNA",0.823148614028383,0.0477382271855342,-0.36438815117543,0.250818030302813,-1.18753676520381,17.9645546418596,-1.18753654264136,0.465737755644261,-2.54979659314635,0.010778578544532,0.0232930450741661,"Negative_interaction"
"ENSG00000239264.11","ENSG00000239264","TXNDC5","protein_coding",0.228436059309281,0.619007488752018,1.39267596768433,4.31912933646184e-06,1.16423990837505,21.3015028058128,1.164239620743,0.456722275689289,2.54911941613953,0.0107995313676034,0.0233278891905363,"Positive_interaction"
"ENSG00000179846.11","ENSG00000179846","NKPD1","protein_coding",0.7364515654789,0.174171620091356,2.38781316381821,4.80584681096765e-07,1.65136159833931,14.1876550246148,1.65136083927499,0.648468943330342,2.54655347223584,0.0108792542430684,0.023486094516691,"Positive_interaction"
"ENSG00000140519.16","ENSG00000140519","RHCG","protein_coding",2.22769425536267,0.0165705541473695,4.57875259308865,1.49780240696774e-27,2.35105833772598,23.5722216771833,2.35105304435462,0.924123906051455,2.54408854587484,0.0109563306884843,0.0236348830511334,"Positive_interaction"
"ENSG00000128254.17","ENSG00000128254","YWHAH-AS1","lncRNA",-1.12038184149833,0.0713454168026857,-3.8345486759439,6.17199335563997e-05,-2.71416683444557,6.97151030428554,-2.71416606931096,1.06778968215121,-2.54185455682892,0.0110266046756965,0.0237758599851501,"Negative_interaction"
"ENSG00000278390.8","ENSG00000278390","KBTBD6-DT","lncRNA",-1.15390733452522,0.12654104861666,0.828915269927037,0.0779931755128082,1.98282260445226,8.87260470834074,1.98282130651232,0.780820573631029,2.53940709744834,0.0111040531824755,0.023928615423113,"Positive_interaction"
"ENSG00000269374.1","ENSG00000269374","ENSG00000269374","processed_pseudogene",0.502115599409909,0.166032377835779,1.54181854857002,3.61259064286397e-08,1.03970294916011,23.5963140089475,1.03970274056723,0.409687918725079,2.5377920437652,0.0111554249537484,0.0240178901247545,"Positive_interaction"
"ENSG00000188452.16","ENSG00000188452","CERKL","protein_coding",-0.973151624120213,0.37639972698849,-4.06706594541711,2.57903293705595e-06,-3.0939143212969,5.88690029433415,-3.09391009483737,1.22083545788003,-2.53425641831366,0.0112686239750472,0.0242364052606684,"Negative_interaction"
"ENSG00000254231.4","ENSG00000254231","WWP1-AS1","lncRNA",-0.507491352790289,0.366358924526206,-3.56663379800471,0.00231671020960683,-3.05914244521442,6.61083101970376,-3.05914325059187,1.20748002832133,-2.53349387057339,0.0112931715304147,0.0242855975395118,"Negative_interaction"
"ENSG00000234614.2","ENSG00000234614","C2CD4D-AS1","lncRNA",-1.37759124812224,0.00392369053099539,-3.29070983644326,2.82493316449295e-07,-1.91311858832102,10.8348535876666,-1.91311831530421,0.755541234281663,-2.53211635381241,0.0113376362437544,0.0243703685025941,"Negative_interaction"
"ENSG00000165028.14","ENSG00000165028","NIPSNAP3B","protein_coding",-1.08748772928832,0.0914425857235835,0.681103962948394,0.136193360348099,1.76859169223671,7.62530737631513,1.76859080984204,0.698788783872178,2.53093760326519,0.0113758083420315,0.0244342988724946,"Positive_interaction"
"ENSG00000102879.19","ENSG00000102879","CORO1A","protein_coding",-1.56705362003158,2.46836969896787e-11,-3.187203917599,2.83796841733597e-07,-1.62015029756742,85.4720324088151,-1.62015169092921,0.641003975069008,-2.52752206529576,0.0114870605518431,0.0246476875210706,"Negative_interaction"
"ENSG00000106006.7","ENSG00000106006","HOXA6","protein_coding",-0.921361428171054,5.44318703271152e-05,-2.63071974763741,8.42799173495007e-05,-1.70935831946636,39.6719420993387,-1.70935953607722,0.677293187638736,-2.5238103191863,0.0116090548823193,0.0248873407329247,"Negative_interaction"
"ENSG00000198443.8","ENSG00000198443","KRTAP4-1","protein_coding",-0.918883260492737,0.0288698430804517,-3.73864191689343,0.000680313478170776,-2.81975865640069,10.4466859896152,-2.81976027859363,1.11783697823118,-2.52251476154914,0.0116519059649102,0.0249681237976458,"Negative_interaction"
"ENSG00000149403.15","ENSG00000149403","GRIK4","protein_coding",-1.98542967100296,0.000219072525793557,1.4677526038563,0.295002948920096,3.45318227485926,6.50486338388304,3.45317374634255,1.36935594932674,2.52175027832636,0.011677257331403,0.0250150499995111,"Positive_interaction"
"ENSG00000177692.15","ENSG00000177692","DNAJC28","protein_coding",0,1,-4.72088434247467,5.52362064552105e-05,-4.72088434247467,3.77822283409393,-4.78631866823033,1.89836059992038,-2.52129056430642,0.0116925256603169,0.0250417679903708,"Negative_interaction"
"ENSG00000111186.15","ENSG00000111186","WNT5B","protein_coding",-2.05802032645001,8.09746205508177e-05,1.48149253801625,0.306775912794311,3.53951286446626,113.047182532162,3.539501299091,1.40494438196094,2.51931773566066,0.0117582498251616,0.0251699492564611,"Positive_interaction"
"ENSG00000099617.4","ENSG00000099617","EFNA2","protein_coding",2.80365009877907,2.73882326181983e-10,1.41855956588579,0.000133651421551262,-1.38509053289328,35.3538929931506,-1.38509027656276,0.55006937927755,-2.51802832286704,0.0118013830810681,0.0252436374333342,"Negative_interaction"
"ENSG00000185955.6","ENSG00000185955","SPACDR","protein_coding",0.650325757939468,0.718235712117453,4.43193219093997,5.07016883928961e-11,3.7816064330005,8.18494567197734,3.78159187672041,1.50199571551948,2.517711493879,0.0118120030531856,0.0252626251839974,"Positive_interaction"
"ENSG00000187837.5","ENSG00000187837","H1-2","protein_coding",2.52535908660739,2.50294587495936e-09,3.95936905554124,1.8581261690269e-21,1.43400996893385,308.011489381303,1.43400949399673,0.569810368493619,2.51664338398713,0.0118478681174249,0.0253318537559342,"Positive_interaction"
"ENSG00000170927.16","ENSG00000170927","PKHD1","protein_coding",1.35194779807207,0.000161161140374476,-0.260927633483253,0.681316448947067,-1.61287543155532,16.4311297287163,-1.61287501391826,0.641382822265977,-2.51468383300326,0.0119139172197775,0.0254520519531399,"Negative_interaction"
"ENSG00000129455.18","ENSG00000129455","KLK8","protein_coding",0,1,4.27928319930771,6.01240295758131e-08,4.27928319930771,5.04404461471383,4.21381425242243,1.67569744196791,2.51466293788322,0.0119146232714671,0.0254520519531399,"Positive_interaction"
"ENSG00000196890.5","ENSG00000196890","H2BC26","protein_coding",-0.30168015434393,0.609087595379788,1.47530861506146,0.0101975555131095,1.77698876940539,10.495191950457,1.77698785790573,0.707535581893357,2.51151730510929,0.012021339176301,0.0256686676503543,"Positive_interaction"
"ENSG00000159921.22","ENSG00000159921","GNE","protein_coding",3.10355454306002,6.76346545460115e-22,2.00621998436544,2.68661652608857e-10,-1.09733455869458,847.974467399787,-1.09733435217133,0.437466009689364,-2.50838768696686,0.012128351748092,0.0258781026992563,"Negative_interaction"
"ENSG00000198885.12","ENSG00000198885","ITPRIPL1","protein_coding",0.857247880032598,0.468188769266307,-1.6425286374304,1.86359862207075e-06,-2.499776517463,15.9419050595158,-2.49977590072379,0.996807179724486,-2.50778280049579,0.0121491320127627,0.0259109964869694,"Negative_interaction"
"ENSG00000273998.2","ENSG00000273998","ENSG00000273998","lncRNA",-0.2441495073117,0.692271773406355,-3.20918302129806,0.0049214405896185,-2.96503351398636,6.70697036315336,-2.96503351340587,1.18237902578076,-2.50768446391205,0.0121525132469486,0.0259122703454215,"Negative_interaction"
"ENSG00000105649.12","ENSG00000105649","RAB3A","protein_coding",0.872400602073708,0.0940491407593591,2.23772461371569,1.55935831053806e-12,1.36532401164198,25.7264218786606,1.36532330923577,0.54483351159425,2.50594590857795,0.0122124301050792,0.0260230167744167,"Positive_interaction"
"ENSG00000141337.14","ENSG00000141337","ARSG","protein_coding",-1.81757915559852,0.0023490899425268,0.691155233908941,0.465191535565888,2.50873438950746,6.745028887101,2.50873116311892,1.00196846954574,2.50380250414098,0.0122866597030037,0.0261581125923211,"Positive_interaction"
"ENSG00000205078.7","ENSG00000205078","SYCE1L","protein_coding",-0.939421408636386,0.134586721568652,2.52621661136403,0.0640129066876649,3.46563802000042,5.88467769970717,3.4656300801558,1.38504635008481,2.50217624842923,0.0123432460004141,0.0262668097711806,"Positive_interaction"
"ENSG00000229807.15","ENSG00000229807","XIST","lncRNA",-0.703877746558882,0.0438304741538202,0.371172354021096,0.262518811148251,1.07505010057998,1438.73136301065,1.07504989991158,0.430693186075285,2.49609219432522,0.0125569960534172,0.0266787841674421,"Positive_interaction"
"ENSG00000138798.15","ENSG00000138798","EGF","protein_coding",3.07665465813466,5.65103167991093e-25,1.87256884841771,3.22396798912014e-06,-1.20408580971695,57.8195060017863,-1.20408552919762,0.483069358844785,-2.49257276859181,0.012682134061082,0.0269130892975839,"Negative_interaction"
"ENSG00000196167.11","ENSG00000196167","COLCA1","lncRNA",0.668534348662408,0.189763126930508,-0.694700794678813,0.0546951878849125,-1.36323514334122,14.5884862387914,-1.36323477775544,0.54690986997583,-2.49261323043172,0.0126806891352073,0.0269130892975839,"Negative_interaction"
"ENSG00000162881.7","ENSG00000162881","OXER1","protein_coding",0.772994454386291,0.169362068355232,-0.700792107803444,0.0616799615933405,-1.47378656218974,11.8106537419654,-1.47378612743295,0.591413458973873,-2.49197258714745,0.0127035841586054,0.0269507160923012,"Negative_interaction"
"ENSG00000205593.14","ENSG00000205593","DENND6B","protein_coding",0.340175950457641,0.554524131195751,-0.947778526832837,0.000399280452683152,-1.28795447729048,22.4385593825621,-1.28795428335188,0.516883802216781,-2.49176754587429,0.0127109195570686,0.0269623311213464,"Negative_interaction"
"ENSG00000187566.6","ENSG00000187566","NHLRC1","protein_coding",-0.39792477788701,0.578664684144185,-2.29149998279103,2.18678917467891e-05,-1.89357520490402,11.7251624238404,-1.89357413970582,0.760281379256052,-2.49062280278219,0.0127519419362063,0.0270453889271918,"Negative_interaction"
"ENSG00000301936.1","ENSG00000301936","ENSG00000301936","lncRNA",-1.76988752261624,0.0992020212796815,-5.38172616672816,3.33479796714391e-06,-3.61183864411192,4.75162521749141,-3.61183408253494,1.45127314699206,-2.48873486705167,0.0128198529599466,0.0271655664710552,"Negative_interaction"
"ENSG00000173567.17","ENSG00000173567","ADGRF3","protein_coding",1.72113274580079,0.0101363159117083,-1.95038600549314,0.181947580034591,-3.67151875129393,7.43836629285783,-3.67151563873363,1.4753425421272,-2.48858521590512,0.0128252497327558,0.0271730291121487,"Negative_interaction"
"ENSG00000235489.4","ENSG00000235489","DBF4P1","processed_pseudogene",-0.21297964765275,0.690347566969089,1.19495867878004,0.00419217004944948,1.40793832643279,11.7531013573221,1.40793787104324,0.566087359395912,2.48713886235807,0.0128775123431864,0.0272757832326011,"Positive_interaction"
"ENSG00000269929.7","ENSG00000269929","MIRLET7A1HG","lncRNA",-0.217850852880509,0.561231087059488,0.801866021399428,0.00813680560693992,1.01971687427994,24.0473946586195,1.01971670252122,0.410009850382775,2.48705415630684,0.0128805789484357,0.0272782917025765,"Positive_interaction"
"ENSG00000163219.13","ENSG00000163219","ARHGAP25","protein_coding",0.461105729868792,0.57761632073772,-1.65878065967614,0.00502266287199078,-2.11988638954493,5.27993913384744,-2.11988484778125,0.852604757606563,-2.48636291185168,0.0129056281665781,0.0273233547684514,"Negative_interaction"
"ENSG00000180801.15","ENSG00000180801","ARSJ","protein_coding",0.3516329082992,0.595916416324991,-1.01917802377605,3.28380557303671e-06,-1.37081093207525,73.9379753904593,-1.37081103582337,0.551416516736571,-2.48598109453847,0.012919482877598,0.0273448632305765,"Negative_interaction"
"ENSG00000275464.6","ENSG00000275464","ENSG00000275464","artifact",1.89820209309175,0.117309223441915,-1.03034275052662,0.0848146960003801,-2.92854484361837,5.85295887340652,-2.92854268543966,1.17888499481767,-2.48416316970138,0.0129856291500653,0.0274686524073489,"Negative_interaction"
"ENSG00000260236.3","ENSG00000260236","PTPN23-DT","lncRNA",-2.0918128444819,0.00186315509483899,-5.16588537121567,3.63613315858529e-06,-3.07407252673377,6.21975869097438,-3.07407266471567,1.23848426105152,-2.48212493399446,0.0130601476349277,0.0276021087247152,"Negative_interaction"
"ENSG00000256916.2","ENSG00000256916","MMP20-AS1","lncRNA",0.786797671215329,0.693570492692077,5.42104786167178,2.1735626791784e-06,4.63425019045645,4.43355584541689,4.63422744256042,1.86873931660359,2.47986832694411,0.0131430907705512,0.0277612114045807,"Positive_interaction"
"ENSG00000176170.16","ENSG00000176170","SPHK1","protein_coding",1.58459177528385,2.85603416965345e-05,2.6464338125058,9.85555261074328e-26,1.06184203722195,56.3927167860325,1.06184160754604,0.428225607077711,2.47963127378636,0.0131518307997762,0.0277756240090872,"Positive_interaction"
"ENSG00000164256.11","ENSG00000164256","PRDM9","protein_coding",0.786797185380354,0.698212701530242,5.50430439391373,2.92801440964165e-06,4.71750720853338,4.68227597460821,4.71748370648169,1.9057750647126,2.47536227849277,0.0133101085171974,0.028089426624614,"Positive_interaction"
"ENSG00000231133.9","ENSG00000231133","HAR1B","lncRNA",1.70110681472624,0.00289222939556929,-0.488139574274825,0.549361303669129,-2.18924638900106,19.9876682889125,-2.18924508201242,0.884532970307117,-2.47502937199988,0.0133225218749732,0.0281115298503366,"Negative_interaction"
"ENSG00000186352.10","ENSG00000186352","ANKRD37","protein_coding",-0.903857148445431,0.121335889376982,0.653378779314404,0.113695719368379,1.55723592775984,9.22286630498942,1.55723529065779,0.629904951236123,2.47217502831479,0.0134293748341135,0.0283163829617305,"Positive_interaction"
"ENSG00000288886.3","ENSG00000288886","ENSG00000288886","lncRNA",-1.05820480016363,0.23619895741172,-3.16047093046223,8.29388198898873e-14,-2.1022661302986,13.5358214872781,-2.10226463634655,0.850509482758314,-2.47177095489709,0.0134445624451928,0.0283442826528563,"Negative_interaction"
"ENSG00000291150.2","ENSG00000291150","LSP1P5","lncRNA",-0.927079593010575,0.438176866721329,1.68865323541761,0.000394706387381926,2.61573282842819,9.32307937364443,2.61572901151965,1.05916322506495,2.4696184210505,0.0135257242273023,0.0284822428802768,"Positive_interaction"
"ENSG00000221990.5","ENSG00000221990","EXOC3-AS1","lncRNA",-1.95396130781382,0.000684841958896714,-4.55302965425468,1.46795968129403e-06,-2.59906834644086,10.3072495576746,-2.59906836679152,1.05444358892596,-2.46487189460642,0.0137062245278968,0.0288162782327404,"Negative_interaction"
"ENSG00000273175.3","ENSG00000273175","ENSG00000273175","lncRNA",-0.0237339540007329,0.963043052648145,-1.24818517564531,0.00184822296401866,-1.22445122164458,26.0184504073687,-1.22445100312205,0.496775174752751,-2.46479909897162,0.0137090092765726,0.0288179521955455,"Negative_interaction"
"ENSG00000058335.17","ENSG00000058335","RASGRF1","protein_coding",0.640397779098198,0.190166843851367,-0.805128950346293,0.0715353143885452,-1.44552672944449,11.1687761141059,-1.44552623291793,0.586503095350695,-2.46465235115868,0.0137146245358183,0.0288255748764435,"Negative_interaction"
"ENSG00000179240.14","ENSG00000179240","GVQW3","protein_coding",-0.473847495283747,0.259925150813428,-1.62086420918982,3.7212212686758e-07,-1.14701671390607,27.1490221303298,-1.14701646697755,0.465694459212959,-2.46302365056276,0.0137770827747306,0.0289358671842603,"Negative_interaction"
"ENSG00000102057.13","ENSG00000102057","KCND1","protein_coding",0.967536257623595,0.0650558886936786,2.68821203260892,8.74845053910042e-07,1.72067577498533,11.8349397541294,1.72067489267659,0.698648744396638,2.46286121098319,0.0137833258447949,0.0289447845446701,"Positive_interaction"
"ENSG00000274512.8","ENSG00000274512","TBC1D3L","protein_coding",1.9882585084485,4.21465568812091e-06,3.45369403684895,1.79711492665293e-14,1.46543552840045,16.7504974390464,1.46543481987951,0.595161881723638,2.46224576015435,0.0138070022489496,0.0289903037658328,"Positive_interaction"
"ENSG00000099338.24","ENSG00000099338","CATSPERG","protein_coding",-1.81389530964939,0.026368885189071,0.205368131725287,0.647347782457908,2.01926344137468,8.38277634347252,2.01926201072437,0.820693517829196,2.46043372691122,0.0138769198559092,0.0291202320521049,"Positive_interaction"
"ENSG00000107736.24","ENSG00000107736","CDH23","protein_coding",0.707534668316293,0.24066136113348,3.72670790025725,0.00147001158722203,3.01917323194096,6.62743902451404,3.01916864526882,1.22759421092643,2.45941909663319,0.013916205904391,0.0291984444717583,"Positive_interaction"
"ENSG00000230183.4","ENSG00000230183","CNOT6LP1","processed_pseudogene",0.045955012675758,0.926064054965911,1.28922329876174,0.00131330826953457,1.24326828608598,14.0857509428557,1.24326796700432,0.505553837627352,2.45921971997915,0.0139239372154075,0.0292104369029656,"Positive_interaction"
"ENSG00000100599.18","ENSG00000100599","RIN3","protein_coding",0.0185521620657748,0.979973621721856,-1.10019582887395,1.64693172163532e-08,-1.11874799093972,61.1210950367395,-1.11874797095297,0.455075491724657,-2.4583788652584,0.0139565851212643,0.0292704531949874,"Negative_interaction"
"ENSG00000237945.10","ENSG00000237945","LINC00649","lncRNA",1.27673950988691,0.298674291015373,-1.25212277309195,5.21887589852775e-10,-2.52886228297886,56.2647616779706,-2.52886402180113,1.02873098454975,-2.45823646782445,0.0139621206790687,0.029277825623074,"Negative_interaction"
"ENSG00000006377.11","ENSG00000006377","DLX6","protein_coding",-0.14926528536627,0.512781564894331,2.64160201382988,0.0261724837857664,2.79086729919615,51.2052559530921,2.79086247019974,1.13602377666594,2.45669371321655,0.0140222180812414,0.0293872816060875,"Positive_interaction"
"ENSG00000188010.18","ENSG00000188010","MORN2","protein_coding",-0.188644319016264,0.800564116593239,-2.12385749971605,0.000341105391373201,-1.93521318069979,7.67652604655079,-1.93521206073674,0.789186401324209,-2.45216093116856,0.0142001137729971,0.0297081057886927,"Negative_interaction"
"ENSG00000223685.9","ENSG00000223685","LINC00571","lncRNA",-1.52430402531077,0.0109704569981936,-4.58923281495657,9.36077285690598e-05,-3.0649287896458,6.54468723674187,-3.06493031714801,1.25046290677784,-2.45103657256467,0.0142445479405679,0.0297881657654705,"Negative_interaction"
"ENSG00000233008.9","ENSG00000233008","LINC01725","lncRNA",-0.115510499073477,0.89280294885778,1.74550968541263,0.000344107190433457,1.86102018448611,7.18913189119861,1.86101894979082,0.759398940113482,2.45064728364345,0.0142599610343951,0.0298160951248671,"Positive_interaction"
"ENSG00000123358.22","ENSG00000123358","NR4A1","protein_coding",2.89162346494564,3.77615985529998e-17,4.01578155805882,1.01448542467525e-34,1.12415809311318,759.593358834311,1.12415782490739,0.458814158996547,2.45013760553072,0.0142801629313818,0.029854027870973,"Positive_interaction"
"ENSG00000272758.8","ENSG00000272758","WDR5B-DT","lncRNA",0.22828755311912,0.613879139716844,1.39980721148219,4.62558328532999e-05,1.17151965836307,19.7988707106929,1.17151937638249,0.478314212812177,2.44926733306693,0.0143147159200967,0.0299176324075629,"Positive_interaction"
"ENSG00000237886.3","ENSG00000237886","NALT1","lncRNA",-0.751863694053981,0.287052663655036,1.09312995552076,0.0310642085873569,1.84499364957474,8.92461400266505,1.84499256697869,0.753342122152253,2.44907660507242,0.0143222983619226,0.029929163354143,"Positive_interaction"
"ENSG00000248367.3","ENSG00000248367","ENSG00000248367","lncRNA",0.0862965904796208,0.946027598095993,2.604612926028,3.71735180301116e-05,2.51831633554838,5.5419306585274,2.51831301562352,1.02844601685461,2.44865843646856,0.0143389351655351,0.0299596090569398,"Positive_interaction"
"ENSG00000124772.13","ENSG00000124772","CPNE5","protein_coding",-0.875903632399601,0.0955368307803996,1.88482289791588,0.088563077459792,2.76072653031548,6.90278892137435,2.76072236924101,1.12789772133768,2.44767084551497,0.014378294076098,0.0300314362903708,"Positive_interaction"
"ENSG00000265778.5","ENSG00000265778","ZNF516-AS1","lncRNA",0.12065924968383,0.838911032303983,-1.49604408094987,0.00448848578531749,-1.6167033306337,9.60316572212046,-1.61670272826334,0.66051494436597,-2.4476398937729,0.0143795291484186,0.0300314362903708,"Negative_interaction"
"ENSG00000241494.1","ENSG00000241494","ENSG00000241494","processed_pseudogene",-1.05682450513516,0.0904325072997934,0.655711367325813,0.177327113157843,1.71253587246097,7.59545027820842,1.71253502424596,0.700915589160953,2.44328282995673,0.0145543262048407,0.0303483878216621,"Positive_interaction"
"ENSG00000205413.9","ENSG00000205413","SAMD9","protein_coding",-0.88010473086312,0.000989170043701477,-2.32658569689265,3.31399491055934e-05,-1.44648096602953,77.8459609896059,-1.44648172257662,0.592317255824025,-2.442072568972,0.0146032108373724,0.030428430115773,"Negative_interaction"
"ENSG00000289052.2","ENSG00000289052","ENSG00000289052","lncRNA",1.03541616034688,0.193769819872429,-0.994083894517843,0.0586804538790093,-2.02950005486472,7.20286445356104,-2.0294988498516,0.831650822363695,-2.44032566947197,0.0146740265205108,0.0305628043022769,"Negative_interaction"
"ENSG00000119681.14","ENSG00000119681","LTBP2","protein_coding",1.23008864088638,0.0597387357224499,-0.493252443222151,0.282336766019794,-1.72334108410853,7.58613275883223,-1.72334038276786,0.706754599121743,-2.43838580592102,0.0147530191168671,0.0307052639726609,"Negative_interaction"
"ENSG00000118777.14","ENSG00000118777","ABCG2","protein_coding",2.82596248090069,0.044038765611733,-0.258978495008281,0.442105175320414,-3.08494097590897,15.0488308249405,-3.08494333365161,1.26614838735032,-2.43647850794763,0.0148310507644229,0.0308543766405421,"Negative_interaction"
"ENSG00000115414.23","ENSG00000115414","FN1","protein_coding",1.05926394104051,0.236153491853751,2.94618227806359,2.94451253846047e-40,1.88691833702308,74.0119340990498,1.88691465182639,0.775337959564743,2.43366731700543,0.0149467256703371,0.0310682656934201,"Positive_interaction"
"ENSG00000276564.1","ENSG00000276564","ENSG00000276564","lncRNA",0.77031479119649,0.195365783946563,2.44959753827791,6.22937455576091e-07,1.67928274708142,8.70274257437568,1.6792817949867,0.690177640883349,2.43311532497258,0.014969532172143,0.0311054824810959,"Positive_interaction"
"ENSG00000116741.9","ENSG00000116741","RGS2","protein_coding",2.11554155355808,9.41674589322423e-05,0.583336332699211,0.162081549338648,-1.53220522085887,13.4096957044086,-1.53220483553919,0.629859328272087,-2.43261434222548,0.0149902576697987,0.0311408850560096,"Negative_interaction"
"ENSG00000102349.20","ENSG00000102349","KLF8","protein_coding",0.139900400547382,0.790134224752616,-2.68994908490183,0.0204250184083378,-2.82984948544921,11.5640833889868,-2.82985065841328,1.16375605085095,-2.43165279900719,0.0150301072351034,0.03121919364356,"Negative_interaction"
"ENSG00000151338.23","ENSG00000151338","MIPOL1","protein_coding",-2.23624180779042,0.108353817560787,0.738373654472044,0.00675435056911534,2.97461546226246,20.724606490756,2.97460931096387,1.22381028812754,2.43061309405651,0.0150733010545774,0.0312954554273547,"Positive_interaction"
"ENSG00000234665.10","ENSG00000234665","LERFS","lncRNA",-0.516030903398575,0.0995369015325922,-1.56569042731164,7.9030459063448e-06,-1.04965952391307,21.7078523561229,-1.04965942250382,0.432702675480349,-2.4258214288566,0.0152737835759804,0.0316844648701844,"Negative_interaction"
"ENSG00000185909.17","ENSG00000185909","KLHDC8B","protein_coding",-0.937470940734022,0.554524131195751,2.08161656941879,1.84762055407243e-39,3.01908751015281,58.9155130018691,3.01907892485175,1.24590218053957,2.42320703182674,0.0153841564258706,0.0318814807555723,"Positive_interaction"
"ENSG00000254473.3","ENSG00000254473","UBQLN1-AS1","lncRNA",-0.615897905159902,0.150965344633577,-2.14864333311066,6.46451630984553e-05,-1.53274542795076,10.811552657119,-1.53274519346539,0.632939610801274,-2.421629437167,0.01545109736329,0.0320019012417891,"Negative_interaction"
"ENSG00000137496.21","ENSG00000137496","IL18BP","protein_coding",-0.310191300543918,0.478021827383581,0.704840725310177,0.00436822477798539,1.0150320258541,34.7442116409511,1.01503178499366,0.419515754499107,2.419531982072,0.0155404940912464,0.032173262910049,"Positive_interaction"
"ENSG00000227359.2","ENSG00000227359","LINC02936","lncRNA",-0.384964108728442,0.343619872357021,-1.92858296531064,0.000703739579947775,-1.5436188565822,18.3836972963123,-1.5436188278095,0.638058733107336,-2.41924253632906,0.0155528663797341,0.0321942778996009,"Negative_interaction"
"ENSG00000183379.11","ENSG00000183379","SYNDIG1L","protein_coding",2.96120161013039,0.00358687134887464,6.53167825415969,4.25223731983762e-08,3.5704766440293,5.68926357185741,3.57046706471201,1.47595771135749,2.41908493531846,0.0155596066407586,0.0322036303110359,"Positive_interaction"
"ENSG00000175449.17","ENSG00000175449","RFESD","protein_coding",-0.0427500269270951,0.964008411769422,-2.17063332717104,0.00163788915705545,-2.12788330024395,5.63884933440078,-2.12788185928537,0.879694434106838,-2.41888748727372,0.0155680547021603,0.032216514171599,"Negative_interaction"
"ENSG00000142173.19","ENSG00000142173","COL6A2","protein_coding",1.87882669722439,1.04269619339303e-05,-1.54040950213937,0.301203977751944,-3.41923619936376,16.8961267123268,-3.41923552674207,1.41360796250832,-2.41880041526856,0.0155717814689319,0.0322196255065336,"Negative_interaction"
"ENSG00000287796.1","ENSG00000287796","ENSG00000287796","lncRNA",-1.68599228835711,0.0536154807037656,-4.18289793413929,5.51116357848859e-09,-2.49690564578218,9.64338807873474,-2.49690337116545,1.03318841881742,-2.41669701836514,0.0156620477519028,0.0323786584908097,"Negative_interaction"
"ENSG00000214026.13","ENSG00000214026","MRPL23","protein_coding",-0.337778715652106,0.465141625220018,-1.42240923477671,8.95820866251604e-08,-1.0846305191246,23.8813810980577,-1.08463031386559,0.449389150564046,-2.41356586491736,0.0157972723939574,0.0326086122249778,"Negative_interaction"
"ENSG00000163734.4","ENSG00000163734","CXCL3","protein_coding",-2.0413590692767,0.00355841223606426,-0.417770376753873,0.0939470431258656,1.62358869252283,25.5558392961609,1.62358782678263,0.673275010597222,2.41147792689119,0.0158880135343119,0.0327710065669296,"Positive_interaction"
"ENSG00000229848.1","ENSG00000229848","ENSG00000229848","lncRNA",-1.59291486259212,0.0229305682517049,-4.73513798970547,7.03900488746123e-05,-3.14222312711335,5.27816419887424,-3.14222361773789,1.30366894591548,-2.41029260348861,0.0159397310220285,0.0328683241279507,"Negative_interaction"
"ENSG00000171608.20","ENSG00000171608","PIK3CD","protein_coding",-0.0205361644569333,0.9835908366178,1.57389029713007,3.36417045522099e-05,1.594426461587,13.3280617396212,1.594425508468,0.661602336337823,2.40994540208797,0.0159549079576874,0.0328926993242932,"Positive_interaction"
"ENSG00000196196.3","ENSG00000196196","HRCT1","protein_coding",0.713990164462657,0.111476475445242,-1.19076732161322,0.108534512707972,-1.90475748607588,10.1640272543125,-1.9047570086606,0.790559755230413,-2.40937765432475,0.0159797528356454,0.0329321072375104,"Negative_interaction"
"ENSG00000181016.11","ENSG00000181016","LSMEM1","protein_coding",-0.275023806820261,0.745102366544943,1.55880504774219,0.00047508960772453,1.83382885456245,7.83676461506498,1.83382754960309,0.76169163743962,2.40757211903676,0.0160589900482671,0.0330812912266506,"Positive_interaction"
"ENSG00000291202.2","ENSG00000291202","ENSG00000291202","lncRNA",-0.503831834142108,0.322027106989173,-1.86812299943947,2.6022161231037e-06,-1.36429116529736,12.0407961483009,-1.36429074796553,0.566748546587156,-2.40722407879299,0.01607430368903,0.0331034260425497,"Negative_interaction"
"ENSG00000281183.1","ENSG00000281183","NPTN-IT1","lncRNA",-0.355316073656897,0.585809274430008,1.29238568911501,0.00819166953278254,1.64770176277191,7.2070105592936,1.64770097434752,0.684646764227333,2.40664392273446,0.0160998588733877,0.0331513433920338,"Positive_interaction"
"ENSG00000188064.11","ENSG00000188064","WNT7B","protein_coding",0.0616531813915448,0.967935313807809,2.35341016289164,7.51830319500603e-26,2.2917569815001,39.9031435802037,2.2917521440785,0.952422017585049,2.40623599808144,0.0161178488459432,0.0331789581641205,"Positive_interaction"
"ENSG00000231663.4","ENSG00000231663","COA6-AS1","lncRNA",-1.17776356627949,0.368427391376048,1.6533488265595,0.00201278966567408,2.83111239283899,5.39068077825523,2.83110770216246,1.1778689006458,2.40358472883545,0.0162352042398286,0.0333667899537984,"Positive_interaction"
"ENSG00000110900.18","ENSG00000110900","TSPAN11","protein_coding",-2.56945711823521,3.62958777012955e-06,1.20487348156049,0.469333593403004,3.7743305997957,7.67044059507645,3.77431489359484,1.57030812611134,2.40355050759459,0.0162367238996816,0.0333667899537984,"Positive_interaction"
"ENSG00000233947.1","ENSG00000233947","ASS1P3","processed_pseudogene",0.426125150928546,0.241692894026943,1.861137262504,0.000532513674744006,1.43501211157545,14.4525606224475,1.43501156297895,0.597459289490179,2.40185664232197,0.0163120996284339,0.0334979379077885,"Positive_interaction"
"ENSG00000225975.9","ENSG00000225975","ZNF567-DT","lncRNA",-1.51390056924568,0.0199932774700826,-4.51050144677286,8.84195515218938e-05,-2.99660087752718,5.44490216432888,-2.99660111028427,1.24845250569587,-2.40025238974871,0.016383770972581,0.0336355870427318,"Negative_interaction"
"ENSG00000256806.6","ENSG00000256806","C17orf100","protein_coding",-0.619808006424753,0.305391637004414,-2.13326557815428,1.07213094918e-07,-1.51345757172953,18.3415047557074,-1.51345697652423,0.630980015035289,-2.39858147716388,0.0164587144057557,0.0337559707285893,"Negative_interaction"
"ENSG00000310469.1","ENSG00000310469","HLA-H","lncRNA",0.294020286258485,0.800165671601008,2.57929903748503,5.4655284222792e-09,2.28527875122654,9.4996335774369,2.28527526896812,0.953025071852476,2.39791725995837,0.0164885892838737,0.0338076734439583,"Positive_interaction"
"ENSG00000169413.5","ENSG00000169413","RNASE6","protein_coding",-1.37706530585796,0.00183531652537788,-4.15207456281312,0.000242114357511239,-2.77500925695516,9.17589842997414,-2.77501165278378,1.15802510841065,-2.39633116124088,0.0165601209008657,0.0339249060751892,"Negative_interaction"
"ENSG00000178878.15","ENSG00000178878","APOLD1","protein_coding",-0.269114861115597,0.387765278301147,-1.29179145808162,0.000327978502672454,-1.02267659696602,48.5879339232276,-1.02267655395195,0.426963143240325,-2.3952338044699,0.0166097700704138,0.0340112300151794,"Negative_interaction"
"ENSG00000160051.14","ENSG00000160051","IQCC","protein_coding",-1.61318881647382,3.92081656624979e-05,-3.0041951489601,1.23460252865795e-10,-1.39100633248628,17.1593080916256,-1.39100621390445,0.580876972016744,-2.39466579140678,0.0166355207459348,0.0340511252330631,"Negative_interaction"
"ENSG00000272275.1","ENSG00000272275","ENSG00000272275","lncRNA",1.36916638337594,0.000459454608073481,2.83070608666132,2.89502381204075e-08,1.46153970328538,16.5980620913657,1.46153914926291,0.610419204857609,2.39432039102347,0.0166511964870336,0.0340735864854689,"Positive_interaction"
"ENSG00000186198.6","ENSG00000186198","SLC51B","protein_coding",2.47818239920567,1.00099764058302e-11,-0.822034773400994,0.589766280887994,-3.30021717260666,17.3519402351386,-3.30021576237173,1.38184503345871,-2.38826762948332,0.0169280094980741,0.0345668188877117,"Negative_interaction"
"ENSG00000104327.9","ENSG00000104327","CALB1","protein_coding",3.7840568155611,0.00703973269940276,0.337105916460489,0.680137691311958,-3.44695089910061,36.1437933417111,-3.44695083269826,1.4446318386103,-2.38604102482896,0.017030851089263,0.0347523365228948,"Negative_interaction"
"ENSG00000104883.10","ENSG00000104883","PEX11G","protein_coding",-1.36347413118094,0.00177061988647753,-3.46159014115462,2.17320934657316e-05,-2.09811600997368,10.2911309295317,-2.09811647179888,0.879879779171013,-2.38454902756788,0.0171000692901298,0.0348788464676369,"Negative_interaction"
"ENSG00000139055.8","ENSG00000139055","ERP27","protein_coding",1.0228819305311,0.00380773493174259,2.5009922575461,5.6199586931983e-06,1.478110327015,290.531111561288,1.47810959364022,0.620293712392599,2.38291887231752,0.0171759791004,0.0350139666792793,"Positive_interaction"
"ENSG00000264278.2","ENSG00000264278","ZNF236-DT","lncRNA",-0.290228759849304,0.683773048924037,-3.32040285096841,0.00614733570996673,-3.03017409111911,5.44508049696657,-3.03017404062622,1.27181475966752,-2.38255926627111,0.0171927642585606,0.0350432545196991,"Negative_interaction"
"ENSG00000128655.20","ENSG00000128655","PDE11A","protein_coding",-0.672127176658052,0.361198965328329,-2.78453086715001,4.41135043737763e-05,-2.11240369049196,7.04619565775316,-2.11240231360985,0.887646649885722,-2.37977838803516,0.0173230525640461,0.0352592244042354,"Negative_interaction"
"ENSG00000249992.2","ENSG00000249992","TMEM158","protein_coding",1.05934323332476,0.0849463908696874,3.44488354465712,9.69005260024161e-05,2.38554031133236,6.49867229808325,2.38553789167233,1.00251053545108,2.37956391211286,0.017333136954682,0.035274795779701,"Positive_interaction"
"ENSG00000224417.2","ENSG00000224417","ENSG00000224417","lncRNA",-1.3170592555217,5.40141286686559e-06,-3.8741494885435,0.000353961037594853,-2.5570902330218,25.5434918237504,-2.55709406867945,1.07488594020853,-2.37894456800075,0.0173622866478515,0.0353241974028729,"Negative_interaction"
"ENSG00000241484.12","ENSG00000241484","ARHGAP8","protein_coding",-0.0899835915633635,0.85618140924686,0.998413647076253,0.000771601642463436,1.08839723863962,19.0060689106586,1.08839697452481,0.457588914624764,2.37854751227382,0.0173809968502363,0.0353523377338419,"Positive_interaction"
"ENSG00000167550.13","ENSG00000167550","RHEBL1","protein_coding",-0.149995672539976,0.788842768999621,1.21853707762454,0.00384736387767358,1.36853275016452,12.1702831743264,1.36853229029017,0.575991441812097,2.37595941700922,0.017503387795777,0.0355862929203705,"Positive_interaction"
"ENSG00000255545.9","ENSG00000255545","B3GAT1-DT","lncRNA",-0.4785498408554,0.265467839429243,-1.85007033936697,9.17621248748131e-05,-1.37152049851157,22.7446795949395,-1.37152025735349,0.577578677918281,-2.37460333940434,0.0175678178295808,0.0356972540642576,"Negative_interaction"
"ENSG00000235652.12","ENSG00000235652","EPM2A-DT","lncRNA",-0.713967207459002,0.0860267553666127,-3.37304745042741,0.00240129957385659,-2.65908024296841,10.8440082993641,-2.6590821398776,1.12041566958061,-2.37329967089173,0.0176299537097927,0.0358084497774795,"Negative_interaction"
"ENSG00000236039.4","ENSG00000236039","LINC02889","lncRNA",-0.655890953429398,0.747942531917691,-5.16719825681314,1.27765763792968e-05,-4.51130730338374,3.17101106759225,-4.51129098547874,1.90184571841034,-2.37205938515849,0.0176892473430236,0.0359238470424745,"Negative_interaction"
"ENSG00000007952.20","ENSG00000007952","NOX1","protein_coding",-0.857412434727619,0.100897708058072,-2.37142314909488,4.01994506847577e-07,-1.51401071436726,104.052851476289,-1.5140101120528,0.638526741188458,-2.37109899146095,0.0177352803279834,0.0359971544136045,"Negative_interaction"
"ENSG00000198053.14","ENSG00000198053","SIRPA","protein_coding",1.67729403518405,1.53563329062303e-08,-1.54239705353977,0.291056128493204,-3.21969108872382,20.9250610353018,-3.21969180684385,1.36097615441192,-2.36572242386943,0.0179949304433339,0.036442500277361,"Negative_interaction"
"ENSG00000169330.11","ENSG00000169330","MINAR1","protein_coding",0.513714176543202,0.328831067027272,-1.10711431730386,0.0515778541303403,-1.62082849384706,9.682463258865,-1.62082785528932,0.685372019182747,-2.36488769591445,0.0180355390746059,0.036519635639121,"Negative_interaction"
"ENSG00000225308.2","ENSG00000225308","ASS1P11","processed_pseudogene",0.024211701936913,0.928859430320348,1.08126462578957,0.0122293379600914,1.05705292385266,40.0378475286363,1.05705256075708,0.447084597913887,2.36432336450266,0.0180630386548307,0.0365702090228843,"Positive_interaction"
"ENSG00000174514.15","ENSG00000174514","SLC60A1","protein_coding",-0.326784893685014,0.400261876202076,-1.55042725966627,0.000309465589516045,-1.22364236598126,15.1686648214661,-1.22364219340859,0.517638522967408,-2.3638932172087,0.0180840241684371,0.0366075818199455,"Negative_interaction"
"ENSG00000228857.4","ENSG00000228857","ACTR3-AS1","lncRNA",-0.041570908946516,0.941480082189076,1.24550026581733,0.00279900471241255,1.28707117476385,12.6370416061151,1.28707079309359,0.544759674410848,2.36263962541931,0.0181453047490364,0.036721373610255,"Positive_interaction"
"ENSG00000122863.8","ENSG00000122863","CHST3","protein_coding",2.58502202819668,6.04887942207877e-11,-0.957126108973288,0.561737107794382,-3.54214813716997,14.796983510602,-3.54214539853433,1.49982740711311,-2.36170200766787,0.018191258049952,0.0368040920926853,"Negative_interaction"
"ENSG00000125508.5","ENSG00000125508","SRMS","protein_coding",-1.26066905312006,0.412336312345967,1.86119729319686,0.000156004455725345,3.12186634631692,6.40485229427019,3.12185951001046,1.32378235781334,2.35828759280885,0.0183594632312511,0.0371029620899862,"Positive_interaction"
"ENSG00000211454.16","ENSG00000211454","AKR7L","protein_coding",0.883885819636507,0.108622035437421,-0.575716038555131,0.183208609680389,-1.45960185819164,11.081217888205,-1.45960133598379,0.6191169246212,-2.35755360245859,0.018395799262999,0.0371608479118178,"Negative_interaction"
"ENSG00000261617.3","ENSG00000261617","LINC02177","lncRNA",0.779879205841957,0.0752651132760376,-2.2782923232703,0.086380707237949,-3.05817152911226,9.50913259540761,-3.05817245391116,1.29739819198563,-2.35715794333789,0.0184154123802775,0.0371849179622379,"Negative_interaction"
"ENSG00000181104.8","ENSG00000181104","F2R","protein_coding",1.86873453876965,0.00384357634432395,0.241865188022308,0.566475575880736,-1.62686935074734,14.8368867904799,-1.6268691061353,0.691118242784997,-2.35396637712747,0.0185742910905886,0.037484838669379,"Negative_interaction"
"ENSG00000223552.4","ENSG00000223552","CCR5AS","lncRNA",2.23804956641701,0.0169051849134152,0.13600143516874,0.717206218134958,-2.10204813124827,12.1824228789517,-2.10204866275575,0.893316790049991,-2.35308312366783,0.0186184715069745,0.0375687676244883,"Negative_interaction"
"ENSG00000182224.13","ENSG00000182224","CYB5D1","protein_coding",-0.513768174205831,0.520377103379764,-2.40086105359916,3.41866123893626e-06,-1.88709287939333,9.11789233417098,-1.88709166537268,0.802986488300619,-2.35009143101073,0.0187688001103921,0.0378352275976913,"Negative_interaction"
"ENSG00000215246.7","ENSG00000215246","LINC02982","lncRNA",-0.916633632962771,0.0299792620347538,-3.2348300994497,0.000710939950304527,-2.31819646648693,14.4171743758982,-2.31819778548721,0.988327369843449,-2.3455768364023,0.0189976624289538,0.0382593279489158,"Negative_interaction"
"ENSG00000279865.1","ENSG00000279865","ENSG00000279865","TEC",0.353458370987382,0.453388663072412,1.61723872651458,5.49198856444735e-05,1.2637803555272,30.8604101511462,1.26377998557836,0.538852002278805,2.34531927177377,0.0190107926437291,0.0382804511592223,"Positive_interaction"
"ENSG00000256663.1","ENSG00000256663","ENSG00000256663","processed_pseudogene",-0.478809086590104,0.213873931433857,-2.07489040868865,0.000942447443203017,-1.59608132209855,14.5324649198303,-1.59608145477132,0.681663059760613,-2.34145217628756,0.019208886730605,0.0386310278240255,"Negative_interaction"
"ENSG00000161551.17","ENSG00000161551","ZNF577","protein_coding",-0.910390560492687,0.00646184307288464,-1.98529729031915,3.01771597426756e-08,-1.07490672982646,21.721775111046,-1.07490660139252,0.459251361669473,-2.34056268768591,0.0192547056727439,0.0387178013888448,"Negative_interaction"
"ENSG00000306493.1","ENSG00000306493","ENSG00000306493","lncRNA",-1.87761393872124,1.2922108304466e-09,-0.460179583587351,0.438931113943548,1.41743435513389,19.5943468496368,1.41743324135172,0.60592342521122,2.33929434376566,0.0193202052407095,0.0388441196376751,"Positive_interaction"
"ENSG00000144843.14","ENSG00000144843","ADPRH","protein_coding",-0.706370614821385,0.20201457318887,-2.25805983240966,4.07885700570467e-06,-1.55168921758828,10.469118702659,-1.55168862966,0.663427264343271,-2.33889789138532,0.0193407186603147,0.0388745762587074,"Negative_interaction"
"ENSG00000235726.8","ENSG00000235726","ENSG00000235726","lncRNA",-0.0555547778038695,0.923646585370971,-1.40127103018758,0.00163853292509871,-1.34571625238371,12.0422439158561,-1.34571585938806,0.575390138009229,-2.33878853753743,0.0193463802447799,0.038880563376418,"Negative_interaction"
"ENSG00000100479.16","ENSG00000100479","POLE2","protein_coding",-1.15355339163158,0.000484893855262321,-2.32808067675459,1.93305598927808e-08,-1.17452728512301,31.209127119908,-1.17452723697328,0.502971651360817,-2.33517581715695,0.0195342379070574,0.0392145970008417,"Negative_interaction"
"ENSG00000074660.19","ENSG00000074660","SCARF1","protein_coding",1.31479089169381,0.0895735118987523,3.16653698515542,4.7599315011273e-13,1.85174609346161,12.9985698135011,1.85174386512833,0.793102740126644,2.33480956683196,0.0195533712072792,0.0392475700188213,"Positive_interaction"
"ENSG00000197587.14","ENSG00000197587","DMBX1","protein_coding",-0.421557916821926,0.71573381341314,1.70120860269321,1.80699646843228e-09,2.12276651951514,17.2033786096049,2.12276338513476,0.90951235680368,2.3339577183919,0.0195979359894728,0.0393206823147502,"Positive_interaction"
"ENSG00000226453.5","ENSG00000226453","LINC02542","lncRNA",-0.0532222397403929,0.870886857814346,2.78216609698094,0.0276441795527611,2.83538833672133,26.6116302388053,2.83538246312444,1.21496353798566,2.33371815241908,0.0196104849488398,0.0393404136044554,"Positive_interaction"
"ENSG00000153885.17","ENSG00000153885","KCTD15","protein_coding",-1.33628090692438,0.0587082373398818,0.154358821444867,0.413408275716111,1.49063972836925,60.841367352718,1.49063869054125,0.639083081830711,2.33246464023298,0.0196762610024808,0.0394614412466028,"Positive_interaction"
"ENSG00000196172.11","ENSG00000196172","ZNF681","protein_coding",-0.259593483180631,0.786206198443942,-2.00058993041648,1.41277986081498e-15,-1.74099644723585,29.1508628588513,-1.74099604858453,0.746507464297314,-2.33218839978154,0.0196907821618245,0.0394796368413338,"Negative_interaction"
"ENSG00000128266.11","ENSG00000128266","GNAZ","protein_coding",0.0771332222252799,0.909889389428882,-1.39303511229185,0.00164830084211415,-1.47016833451713,12.8002174038813,-1.47016775330064,0.630728525267882,-2.33090417573272,0.0197584130543106,0.0395987998870237,"Negative_interaction"
"ENSG00000173825.9","ENSG00000173825","TIGD3","protein_coding",-0.0690765466506361,0.909766147621922,-1.45893008267951,0.0010226804846822,-1.38985353602887,11.889077375788,-1.38985306770818,0.596346633965667,-2.3306127486052,0.0197737886436153,0.0396241350972447,"Negative_interaction"
"ENSG00000204261.9","ENSG00000204261","PSMB8-AS1","lncRNA",-1.08399881127585,0.00354109261861779,-2.59897155304234,6.86911443677458e-06,-1.51497274176649,14.9086634082103,-1.51497285183652,0.651053121623194,-2.32695735804079,0.0199675349146394,0.0399405819162117,"Negative_interaction"
"ENSG00000289588.2","ENSG00000289588","ENSG00000289588","lncRNA",0.786793349829547,0.686870731054339,4.38725871451234,1.12507524171186e-18,3.60046536468279,15.3652020203803,3.6004482001831,1.54801088768151,2.32585457171788,0.0200263102200772,0.0400250017527732,"Positive_interaction"
"ENSG00000273084.3","ENSG00000273084","LINC03073","lncRNA",-0.309532300794796,0.381301877009529,-1.37292589746824,0.000222494110366861,-1.06339359667344,20.2602647002197,-1.0633934648665,0.457306073695096,-2.32534297275812,0.0200536281949864,0.040063024510855,"Negative_interaction"
"ENSG00000114853.16","ENSG00000114853","ZBTB47","protein_coding",0.639869664816289,0.124915431116257,-0.522386998276206,0.168898078567734,-1.1622566630925,18.3960161725305,-1.16225637199649,0.500139471206389,-2.32386451961691,0.020132756401584,0.040210020089823,"Negative_interaction"
"ENSG00000124253.13","ENSG00000124253","PCK1","protein_coding",3.20936341525931,1.57924749923534e-22,4.24925526058483,2.61513088541052e-39,1.03989184532552,2481.76496864851,1.03989163509875,0.448192977581138,2.32018725663878,0.0203307496651543,0.0405774995382752,"Positive_interaction"
"ENSG00000179965.14","ENSG00000179965","ZNF771","protein_coding",-0.745335639067151,0.0207715951388501,-1.84621685188031,2.52721591168018e-06,-1.10088121281316,23.2208871462471,-1.10088113728429,0.474982334694399,-2.31773069622178,0.0204639616628643,0.0408040358307965,"Negative_interaction"
"ENSG00000127990.21","ENSG00000127990","SGCE","protein_coding",2.36257619109324,0.0846845882796345,-0.403612510388294,0.013643036912249,-2.76618870148153,55.5646240885907,-2.76619331063832,1.19448448317223,-2.31580514406687,0.0205689102478555,0.0409963756446049,"Negative_interaction"
"ENSG00000250326.3","ENSG00000250326","USP38-DT","lncRNA",-0.656877570535526,0.233393909537846,-2.60026351644157,0.000385087053016197,-1.94338594590604,8.46770889394326,-1.94338550223251,0.839415142952421,-2.31516612316185,0.020603842447539,0.0410453950231611,"Negative_interaction"
"ENSG00000148734.9","ENSG00000148734","NPFFR1","protein_coding",-0.660199957194038,0.0303796515764879,-2.19223453896957,0.000509631649453839,-1.53203458177553,68.8867903549955,-1.53203550598629,0.66183745822429,-2.31482139148899,0.0206227087421351,0.0410697121191455,"Negative_interaction"
"ENSG00000253106.1","ENSG00000253106","ENSG00000253106","lncRNA",-0.283734522356308,0.493440912416169,-1.641991927462,0.00126061012546482,-1.35825740510569,17.0645179823146,-1.35825727126504,0.587229511759184,-2.31299218459927,0.0207230688404199,0.0412487820164443,"Negative_interaction"
"ENSG00000046774.10","ENSG00000046774","MAGEC2","protein_coding",-0.584726193055607,0.224449816339359,0.515618072423468,0.0581361266943114,1.10034426547907,20.6754360558628,1.10034395325437,0.475706781254635,2.31307182620417,0.020718690425579,0.0412487820164443,"Positive_interaction"
"ENSG00000268575.1","ENSG00000268575","ENSG00000268575","lncRNA",0.0799316235519833,0.936061970056005,-1.89908151504368,0.000988710581189261,-1.97901313859566,5.86002747734984,-1.97901168699474,0.856837532515164,-2.30966970037545,0.0209064475240142,0.041571931602362,"Negative_interaction"
"ENSG00000225434.6","ENSG00000225434","LINC01504","lncRNA",-0.161509855304135,0.894137664415159,-2.33041352370486,3.37988014005928e-08,-2.16890366840072,11.1302984302994,-2.16890216998586,0.941029628655506,-2.30481815230906,0.0211767600360188,0.0420459797838039,"Negative_interaction"
"ENSG00000127152.18","ENSG00000127152","BCL11B","protein_coding",-0.263078103139158,0.400825575255881,-1.28218281424742,0.00072630311889378,-1.01910471110826,35.3260508608234,-1.01910468058206,0.442273509736246,-2.30424083321159,0.0212091282133142,0.0421044775434725,"Negative_interaction"
"ENSG00000215784.8","ENSG00000215784","FAM72D","protein_coding",0.0504699143108863,0.938080633354917,1.41791388589388,0.000921498466155787,1.36744397158299,13.0175735285479,1.36744346975591,0.593497714699844,2.30404167680323,0.0212203041804425,0.0421208941491538,"Positive_interaction"
"ENSG00000137507.13","ENSG00000137507","LRRC32","protein_coding",3.21430628367704,1.08308208224598e-06,5.31396972240016,1.45096092978268e-14,2.09966343872312,24.0131916440552,2.09966097239753,0.91179217655739,2.30278458883593,0.0212909660491972,0.0422437951786645,"Positive_interaction"
"ENSG00000100344.13","ENSG00000100344","PNPLA3","protein_coding",0,1,3.78823091216964,5.04792539877663e-09,3.78823091216964,6.59676811584138,3.72276498400277,1.61801364620413,2.30082421908889,0.0214015689104978,0.042440002278453,"Positive_interaction"
"ENSG00000010319.9","ENSG00000010319","SEMA3G","protein_coding",2.20234928517629,1.96743250199414e-06,0.678233891393636,0.216610736975961,-1.52411539378265,10.5178378634917,-1.52411472504787,0.663250733211445,-2.29794653624903,0.0215648322127702,0.0427224518362237,"Negative_interaction"
"ENSG00000278989.1","ENSG00000278989","ENSG00000278989","TEC",0.62126094661321,0.232519010411429,2.1478610484155,3.99053012124675e-05,1.52660010180229,9.66297703078965,1.52659941061854,0.664488895175824,2.29740394715641,0.0215957368189356,0.0427723681809504,"Positive_interaction"
"ENSG00000169583.15","ENSG00000169583","CLIC3","protein_coding",1.5938136579331,9.46609272245328e-06,2.75575603064898,1.71614947723434e-12,1.16194237271588,32.6303299907328,1.16194205492606,0.505955430675837,2.29653045402434,0.0216455699422639,0.0428593523163395,"Positive_interaction"
"ENSG00000271361.1","ENSG00000271361","HTATSF1P2","processed_pseudogene",-0.483172882928428,0.224710984262343,-3.14952784861726,0.00709061726340176,-2.66635496568883,11.7835777738292,-2.66635773650678,1.16114576142745,-2.29631612591765,0.0216578127267497,0.0428777352508275,"Negative_interaction"
"ENSG00000171488.17","ENSG00000171488","LRRC8C","protein_coding",-0.270432614469286,0.620317004135798,1.11052699495505,0.0153582899930906,1.38095960942434,9.59151533109317,1.38095910846961,0.601540511126729,2.29570425087908,0.0216927972369453,0.0429352659871362,"Positive_interaction"
"ENSG00000298364.1","ENSG00000298364","ENSG00000298364","lncRNA",0.203006094477649,0.28557417739004,-2.54034081614409,0.0439263421607422,-2.74334691062174,81.6793484047005,-2.74335287092896,1.19579661601981,-2.29416343396268,0.0217811128065996,0.0430865256338031,"Negative_interaction"
"ENSG00000274015.4","ENSG00000274015","ENSG00000274015","lncRNA",0.418468975276161,0.55695937146153,2.08580802059466,1.90923053001626e-05,1.6673390453185,8.70542109348472,1.66733798070572,0.727503290801249,2.29186314589638,0.0219135414887368,0.0433229728615633,"Positive_interaction"
"ENSG00000269825.6","ENSG00000269825","ENSG00000269825","protein_coding",-0.162007622341881,0.809407730266572,1.03801872699785,2.76226521778077e-08,1.20002634933973,84.1181339666631,1.20002550306879,0.523622534667454,2.2917758950747,0.0219185783205205,0.0433229728615633,"Positive_interaction"
"ENSG00000166681.16","ENSG00000166681","BEX3","protein_coding",-1.65545064693308,0.287052663655036,1.384316179648,0.000130704176109102,3.03976682658108,15.168519159787,3.03975872355543,1.32816342808126,2.28869328825508,0.0220971792680502,0.0436343264685357,"Positive_interaction"
"ENSG00000279656.1","ENSG00000279656","ENSG00000279656","TEC",1.4342764191166,0.00342003245174399,2.83139808527249,6.01328908949886e-11,1.39712166615589,13.3472152422561,1.39712094970365,0.610750760482183,2.28754680321746,0.0221639268625522,0.043742288995248,"Positive_interaction"
"ENSG00000279348.1","ENSG00000279348","ENSG00000279348","TEC",-0.594950124173357,0.10019156376948,-1.7024848236993,9.30437517654376e-06,-1.10753469952594,18.2829083407413,-1.10753453936022,0.484227418181484,-2.28721980163693,0.0221829967875077,0.0437680040087899,"Negative_interaction"
"ENSG00000236493.2","ENSG00000236493","EIF2S2P3","processed_pseudogene",0.0182064513008738,0.979476248307274,1.2789158138189,0.00157755683004645,1.26070936251803,12.2692765749719,1.26070896989051,0.552053556213425,2.28367149473288,0.0223908445286177,0.0441540507427851,"Positive_interaction"
"ENSG00000184500.18","ENSG00000184500","PROS1","protein_coding",1.27043711858727,0.00155181189884473,0.168854868988624,0.642212514789649,-1.10158224959865,65.4726426486284,-1.10158205518755,0.482718235749073,-2.28203944580245,0.0224870115112268,0.0443316243804515,"Negative_interaction"
"ENSG00000183250.14","ENSG00000183250","LINC01547","lncRNA",-1.79212273049533,0.00636788040023556,-4.32109503535965,9.05996074023351e-06,-2.52897230486432,8.49176206157741,-2.52897182456426,1.10939247638959,-2.27960066287321,0.0226313836153345,0.0445677417248848,"Negative_interaction"
"ENSG00000293283.1","ENSG00000293283","ENSG00000293283","lncRNA",-0.43392603230038,0.409087003027085,0.840000878162633,0.0304043164547439,1.27392691046301,11.5998988509787,1.2739265000233,0.559017494821992,2.27886696180941,0.0226749748910219,0.0446414530798382,"Positive_interaction"
"ENSG00000286536.2","ENSG00000286536","ENSG00000286536","lncRNA",-1.0158077027093,0.0277320444904996,-3.76060972040424,0.00153487712407407,-2.74480201769494,9.77642401715549,-2.74480505452377,1.20589966910254,-2.27614711642347,0.0228372058667032,0.0449364273483044,"Negative_interaction"
"ENSG00000186272.15","ENSG00000186272","ZNF17","protein_coding",-1.17229439831129,3.96794522523039e-05,-2.21309218192255,9.25957059497458e-09,-1.04079778361126,24.5419357683637,-1.04079780728606,0.457372782582341,-2.27560066300771,0.0228699216221996,0.0449946923905669,"Negative_interaction"
"ENSG00000184730.14","ENSG00000184730","APOBR","protein_coding",0.155167718570806,0.582529868341812,-1.6104816594468,0.0421346924713374,-1.76564937801761,65.6385646532285,-1.76565097998336,0.776432324115332,-2.27405650839582,0.022962589174092,0.0451708758396826,"Negative_interaction"
"ENSG00000213530.3","ENSG00000213530","MTHFD2P5","processed_pseudogene",-0.189053430909383,0.748796698648498,1.12390208284296,0.00425115422725627,1.31295551375234,12.6406988211519,1.31295504106127,0.577737494967905,2.27258063133708,0.0230514639239638,0.0453272476507575,"Positive_interaction"
"ENSG00000270442.1","ENSG00000270442","ENSG00000270442","processed_pseudogene",-0.139303919299463,0.798087746786752,1.0221199569006,0.00226658159483066,1.16142387620006,17.2859472715234,1.16142352767769,0.511401733510763,2.27105903553462,0.0231434043941238,0.0454956886163378,"Positive_interaction"
"ENSG00000240429.1","ENSG00000240429","LRRFIP1P1","processed_pseudogene",0.245487567609552,0.600903485562898,-0.874310219692672,0.0141691110715273,-1.11979778730222,16.4756682183979,-1.11979751368746,0.493485721882243,-2.26915889160146,0.0232586651305829,0.0456852091529111,"Negative_interaction"
"ENSG00000280351.2","ENSG00000280351","ENSG00000280351","TEC",-0.551619541146242,0.345724657170504,-2.96793796069612,0.00297601351040911,-2.41631841954988,9.3814385859115,-2.41631862423364,1.06610551413785,-2.26649106696319,0.0234213334837149,0.0459463884413794,"Negative_interaction"
"ENSG00000149527.19","ENSG00000149527","PLCH2","protein_coding",-0.56001607614572,0.212310682651292,1.13729547998162,0.102384980763767,1.69731155612734,10.6940328776658,1.6973103589235,0.749638775752432,2.2641709765078,0.0235636009296564,0.0462026389761305,"Positive_interaction"
"ENSG00000249863.2","ENSG00000249863","ENSG00000249863","processed_pseudogene",0.00171377142983008,1,1.27616179017211,0.00183813381064296,1.27444801874228,13.4030002875851,1.27444760253782,0.563302925233396,2.26245514704148,0.0236692970345674,0.0463973289090966,"Positive_interaction"
"ENSG00000278023.8","ENSG00000278023","RDM1","protein_coding",-0.414696332954995,0.453811643831874,0.972072544544653,0.0314963343389127,1.38676887749965,15.5575384528872,1.38676835559901,0.613552236069631,2.26022867177952,0.0238070622495292,0.0466421449398644,"Positive_interaction"
"ENSG00000198218.14","ENSG00000198218","QRICH1","protein_coding",-0.0154638871146627,0.989307741610984,1.66524439391158,0.000460922161614597,1.68070828102624,7.77455555380288,1.6807071707713,0.745175675952559,2.25545092923604,0.0241050390715978,0.0471749123869811,"Positive_interaction"
"ENSG00000198074.12","ENSG00000198074","AKR1B10","protein_coding",3.10814917042348,3.59859487601995e-07,4.46833724376116,1.3591706513032e-108,1.36018807333768,366.711721989848,1.36018513189761,0.603540829291499,2.25367541992866,0.0242165947946154,0.0473612539491992,"Positive_interaction"
"ENSG00000225978.4","ENSG00000225978","HAR1A","lncRNA",1.37950536035804,0.0157204454898853,-0.625017588311727,0.444193061988922,-2.00452294866977,10.5337323174468,-2.00452174682174,0.889560859732782,-2.25338348117506,0.0242349801639215,0.0473844215509377,"Negative_interaction"
"ENSG00000204947.11","ENSG00000204947","ZNF425","protein_coding",-0.232210381522074,0.648891588518349,-1.78648262242543,0.00288552047785742,-1.55427224090336,21.8103604056941,-1.55427207122642,0.690022255155651,-2.25249556751733,0.0242909725118373,0.0474810862748242,"Negative_interaction"
"ENSG00000114473.16","ENSG00000114473","DRC9","protein_coding",-0.362140704203209,0.445558445607622,-1.4668600541837,5.43317105791147e-06,-1.10471934998049,20.2935041766622,-1.10471908509432,0.490595482494123,-2.25179220868091,0.0243354062870127,0.0475615250049074,"Negative_interaction"
"ENSG00000230823.3","ENSG00000230823","CBX1P1","processed_pseudogene",-0.499576396626019,0.266270715361508,0.597910006906877,0.0764636083937172,1.0974864035329,15.2044409112905,1.09748613395994,0.487814951763484,2.24980011373669,0.0244616368045618,0.0478017854061098,"Positive_interaction"
"ENSG00000169302.17","ENSG00000169302","STK32A","protein_coding",-1.24605536833489,0.469972916181809,-4.84757096277216,1.25098176987455e-08,-3.60151559443727,8.46046240414934,-3.60150644736822,1.60093628110397,-2.24962510368289,0.0244727535065853,0.0478093780925763,"Negative_interaction"
"ENSG00000251369.11","ENSG00000251369","ZNF550","protein_coding",-0.00616672610914073,0.991260184851645,2.91526298487746,0.0306184678793861,2.9214297109866,35.4752055028508,2.92142170084528,1.2995102464091,2.24809439472905,0.0245701714320361,0.0479556800529383,"Positive_interaction"
"ENSG00000174501.16","ENSG00000174501","ANKRD36C","protein_coding",-0.736031461014063,0.128601007035853,0.470265592425806,0.205477566641895,1.20629705343987,12.0922980364567,1.20629670079459,0.536626618523998,2.24792557646978,0.0245809359672244,0.0479616119435105,"Positive_interaction"
"ENSG00000129007.18","ENSG00000129007","CALML4","protein_coding",0.175272379621644,0.775063025309116,-1.84575853408975,0.0246366890555637,-2.02103091371139,6.73647167543918,-2.02103029784568,0.899078411622071,-2.24789103121656,0.0245831392158706,0.0479616119435105,"Negative_interaction"
"ENSG00000308240.1","ENSG00000308240","ENSG00000308240","lncRNA",-1.79068701820226,0.0127592272808641,-4.68884781581021,5.44688489806712e-05,-2.89816079760795,5.35840022950465,-2.89816079523913,1.28959331564553,-2.24734477147039,0.0246180016607102,0.0480166998744297,"Negative_interaction"
"ENSG00000124615.23","ENSG00000124615","MOCS1","protein_coding",-0.232638550186114,0.471536475693684,-1.33250291367133,0.00231911596681673,-1.09986436348522,34.0884623474176,-1.09986441153967,0.490416030493301,-2.24271708743562,0.0249150640342853,0.0485047162795355,"Negative_interaction"
"ENSG00000260948.1","ENSG00000260948","ENSG00000260948","lncRNA",-1.01994704530106,0.156382112722703,0.747091254074244,0.166893929404678,1.7670382993753,8.22012921927988,1.76703717540805,0.788355825362913,2.24142083886373,0.0249988279210717,0.048661251072152,"Positive_interaction"
"ENSG00000265417.1","ENSG00000265417","ENSG00000265417","processed_pseudogene",-0.265770454591255,0.609186324455799,0.992780834062255,0.0178481729146763,1.25855128865351,12.8309939416635,1.25855089093499,0.561528310831437,2.24129552626028,0.0250069385615732,0.0486705014281921,"Positive_interaction"
"ENSG00000186523.17","ENSG00000186523","FAM86B1","protein_coding",-0.71925942375194,0.299258757842025,-2.42176458788096,3.32546449473734e-06,-1.70250516412902,10.1943161325632,-1.70250420854207,0.760236401007041,-2.23944052966533,0.0251272667499275,0.0488784362067045,"Negative_interaction"
"ENSG00000249743.9","ENSG00000249743","ENSG00000249743","lncRNA",-1.67845547479316,0.000905886356294773,-3.59893665383457,1.5592868194423e-06,-1.92048117904141,10.4355099729173,-1.9204811945459,0.858673466597112,-2.23656753032871,0.0253146190561672,0.0492032536697929,"Negative_interaction"
"ENSG00000205978.8","ENSG00000205978","NYNRIN","protein_coding",1.66976793325825,0.00111471769817492,0.537005836537178,0.0106635521697893,-1.13276209672107,72.1186605737404,-1.1327625380199,0.506687967171734,-2.23562154898375,0.0253765718218154,0.0492983864882347,"Negative_interaction"
"ENSG00000260219.5","ENSG00000260219","CD2BP2-DT","lncRNA",-0.378530649129983,0.525070824489908,-2.20161675286108,0.00163081115255237,-1.8230861037311,7.33582073060753,-1.82308550461833,0.81547476551032,-2.23561240853045,0.0253771710738498,0.0492983864882347,"Negative_interaction"
"ENSG00000169255.17","ENSG00000169255","B3GALNT1","protein_coding",0.786791181718531,0.684846976163958,-2.55657204155552,1.93220237791803e-14,-3.34336322327405,19.654717907536,-3.34336162731004,1.49578524680103,-2.23518826279396,0.025404991721362,0.0493392039702464,"Negative_interaction"
"ENSG00000213513.3","ENSG00000213513","IMPDH1P5","processed_pseudogene",0.715860181652306,0.341743402627125,-1.05152779456146,0.0479347867654017,-1.76738797621377,5.86626127741005,-1.76738690950843,0.791024834435404,-2.23430015414106,0.0254633302085037,0.0494458771782976,"Negative_interaction"
"ENSG00000171903.19","ENSG00000171903","CYP4F11","protein_coding",-0.930618179618897,0.487976580319154,1.62468873148311,0.000263847015056739,2.55530691110201,7.26611509729583,2.55530236554268,1.1460310323764,2.22969735840751,0.0257675413802859,0.0499763396256829,"Positive_interaction"
