"gene_id","ensembl_gene_id","gene_symbol","gene_type","baseMean","log2FoldChange","lfcSE","stat","pvalue","padj","status"
"ENSG00000117395.15","ENSG00000117395","EBNA1BP2","protein_coding",571.523933092974,-2.62760831475597,0.0948930498190966,-27.690208289914,9.16042843333653e-169,1.89647041222733e-165,"Downregulated"
"ENSG00000106541.14","ENSG00000106541","AGR2","protein_coding",1291.7001126553,-3.86646045076193,0.14158820253203,-27.3077868185188,3.42823315841508e-164,4.96819549317513e-161,"Downregulated"
"ENSG00000148730.9","ENSG00000148730","EIF4EBP2","protein_coding",2622.88535609341,-2.54458987627201,0.0983422574805771,-25.8748369364469,1.27872696545176e-147,1.42548547564053e-144,"Downregulated"
"ENSG00000115561.18","ENSG00000115561","CHMP3","protein_coding",1188.72501210008,-2.31413970636315,0.0918681382271121,-25.1897964955189,5.18198969620749e-140,4.41749380455523e-137,"Downregulated"
"ENSG00000078114.21","ENSG00000078114","NEBL","protein_coding",3382.29381229294,-2.46045110759511,0.100152534877422,-24.5670377749948,2.84424539945955e-133,2.28993357383154e-130,"Downregulated"
"ENSG00000136937.15","ENSG00000136937","NCBP1","protein_coding",1160.47709706468,-2.3801292635137,0.0989002894442982,-24.065948410133,5.6839532181697e-128,3.92246904941501e-125,"Downregulated"
"ENSG00000134398.17","ENSG00000134398","ERN2","protein_coding",152.742574731182,-3.7798593854539,0.162007903356551,-23.3313270966484,2.13268575645763e-120,1.18872623009938e-117,"Downregulated"
"ENSG00000138814.19","ENSG00000138814","PPP3CA","protein_coding",278.134718421299,-3.48018274478692,0.14965482953419,-23.2547306065512,1.2740969371539e-119,6.83859733823492e-117,"Downregulated"
"ENSG00000179918.19","ENSG00000179918","SEPHS2","protein_coding",776.281642498156,-2.56473657108348,0.112354335345608,-22.8272150175088,2.4614686528512e-115,1.18905345723732e-112,"Downregulated"
"ENSG00000285517.3","ENSG00000285517","LINC00941","lncRNA",130.534946570878,-3.09164214654769,0.14447094961281,-21.3997496024874,1.34327470236561e-101,4.99147102222627e-99,"Downregulated"
"ENSG00000129292.23","ENSG00000129292","PHF20L1","protein_coding",411.879834012783,-1.80874492698857,0.0848305541617935,-21.3218567868699,7.11776853375052e-101,2.57876753977781e-98,"Downregulated"
"ENSG00000203499.13","ENSG00000203499","IQANK1","protein_coding",812.16047632599,-2.74944599839782,0.129917233969106,-21.1630583133538,2.09203379310947e-99,7.05064040226568e-97,"Downregulated"
"ENSG00000012048.28","ENSG00000012048","BRCA1","protein_coding",554.067782711734,-2.93431317997575,0.13963846943901,-21.0136446766009,4.92090541420442e-98,1.48570335963855e-95,"Downregulated"
"ENSG00000163347.7","ENSG00000163347","CLDN1","protein_coding",1140.98601235066,-2.42798987254004,0.116557459658326,-20.8308406828477,2.27433968391475e-96,6.46269229397893e-94,"Downregulated"
"ENSG00000106028.13","ENSG00000106028","SSBP1","protein_coding",549.464221526951,-2.08372175403375,0.101141169041103,-20.6021126094256,2.62728105082674e-94,6.92264672519656e-92,"Downregulated"
"ENSG00000102317.20","ENSG00000102317","RBM3","protein_coding",554.014980794727,-2.16521351851445,0.105334752902175,-20.555547517402,6.86514260283106e-94,1.77660083214692e-91,"Downregulated"
"ENSG00000144306.17","ENSG00000144306","SCRN3","protein_coding",224.303496204084,-3.00955160753624,0.146928957824789,-20.4830392326412,3.05020122403811e-93,7.62129588599315e-91,"Downregulated"
"ENSG00000178826.13","ENSG00000178826","TMEM139","protein_coding",439.509521312576,-2.53313365218335,0.123972399477493,-20.4330452815284,8.50299215330947e-93,2.08856546247052e-90,"Downregulated"
"ENSG00000196371.4","ENSG00000196371","FUT4","protein_coding",747.303964896608,-1.57143589100461,0.0774829814403152,-20.281045744414,1.8906875270269e-91,4.56664060694564e-89,"Downregulated"
"ENSG00000163618.20","ENSG00000163618","CADPS","protein_coding",362.811663977537,-2.49178214019419,0.125913475795452,-19.7896382770191,3.65656563301987e-87,7.79278664025352e-85,"Downregulated"
"ENSG00000254166.5","ENSG00000254166","CASC19","lncRNA",364.054009768,-3.0629657999057,0.154996420364095,-19.7615260578962,6.384506768297e-87,1.34093147950957e-84,"Downregulated"
"ENSG00000117593.14","ENSG00000117593","DARS2","protein_coding",632.968556943063,-2.56754360819092,0.130221677752544,-19.716714240696,1.54975009185861e-86,3.20842547588785e-84,"Downregulated"
"ENSG00000120451.12","ENSG00000120451","SNX19","protein_coding",853.794393664545,-2.10702522540578,0.10739955164915,-19.6185663073247,1.07337909188974e-85,2.10208240536029e-83,"Downregulated"
"ENSG00000120708.18","ENSG00000120708","TGFBI","protein_coding",11733.5917715058,-1.12444680030583,0.0573404679756468,-19.6100038943421,1.27022190146011e-85,2.45440743946132e-83,"Downregulated"
"ENSG00000136100.16","ENSG00000136100","VPS36","protein_coding",603.320660026491,-2.07190479290757,0.105910021347751,-19.5628776818442,3.20470506377292e-85,6.11086655055226e-83,"Downregulated"
"ENSG00000122359.20","ENSG00000122359","ANXA11","protein_coding",2334.29849324861,-1.27690964055377,0.0653262816473568,-19.5466450615812,4.40557552249178e-85,8.29163642492869e-83,"Downregulated"
"ENSG00000109586.14","ENSG00000109586","GALNT7","protein_coding",701.950538244034,-1.56137722172519,0.0799249231659449,-19.5355486108303,5.47543999932924e-85,1.01730867269589e-82,"Downregulated"
"ENSG00000111700.15","ENSG00000111700","SLCO1B3","protein_coding",159.411402668026,-2.51984912484486,0.129120296183549,-19.5155153707424,8.10477178199707e-85,1.48676395778103e-82,"Downregulated"
"ENSG00000076641.6","ENSG00000076641","PAG1","protein_coding",314.71612275966,-2.49977827362071,0.128429467104843,-19.4642112123693,2.20868564673137e-84,3.95163856696679e-82,"Downregulated"
"ENSG00000231074.12","ENSG00000231074","HCG18","lncRNA",227.454724268881,-3.62360880198613,0.186747598303346,-19.4037772635772,7.17041887231495e-84,1.26724036948278e-81,"Downregulated"
"ENSG00000148296.9","ENSG00000148296","SURF6","protein_coding",534.744601496205,-1.63385080798972,0.0844009917956744,-19.3581944148843,1.73873720114445e-83,3.03587705048016e-81,"Downregulated"
"ENSG00000147592.11","ENSG00000147592","LACTB2","protein_coding",231.13742523119,-1.85174659225733,0.0957569721116686,-19.3379818870827,2.57351338998497e-83,4.33666930786769e-81,"Downregulated"
"ENSG00000170017.14","ENSG00000170017","ALCAM","protein_coding",962.435487213597,-1.68804096971748,0.0873478629574311,-19.3254982155676,3.27803935348037e-83,5.46038463340662e-81,"Downregulated"
"ENSG00000066279.21","ENSG00000066279","ASPM","protein_coding",498.000554546916,-2.60994937432009,0.135311955794317,-19.2883870386692,6.72384954352808e-83,1.10729576800919e-80,"Downregulated"
"ENSG00000182180.16","ENSG00000182180","MRPS16","protein_coding",907.571521135271,-2.00448074567464,0.104986692868425,-19.0927125229744,2.90296908701243e-81,4.42840294831412e-79,"Downregulated"
"ENSG00000077232.21","ENSG00000077232","DNAJC10","protein_coding",1284.31542093011,-1.62588521408743,0.0852669499334093,-19.0681760677166,4.64215864258557e-81,7.00772531753647e-79,"Downregulated"
"ENSG00000229953.2","ENSG00000229953","BCAN-AS2","lncRNA",243.710555773853,-2.71573143293903,0.142517302443782,-19.0554507163107,5.92044559252691e-81,8.84526778627835e-79,"Downregulated"
"ENSG00000001626.20","ENSG00000001626","CFTR","protein_coding",403.598534663284,-3.38020896394269,0.177758520320363,-19.0157352674333,1.26352920445052e-80,1.84960254857545e-78,"Downregulated"
"ENSG00000118855.23","ENSG00000118855","MFSD1","protein_coding",268.094534314714,-2.42600448227467,0.128243805951784,-18.9171279210692,8.24254203908792e-80,1.1710874434359e-77,"Downregulated"
"ENSG00000159267.19","ENSG00000159267","HLCS","protein_coding",375.032117014542,-2.27154809059192,0.12033770948011,-18.8764444695316,1.78184835334335e-79,2.50704333365552e-77,"Downregulated"
"ENSG00000196365.14","ENSG00000196365","LONP1","protein_coding",2222.76245013483,-1.95170851245287,0.103483730557599,-18.8600517389209,2.42982034093303e-79,3.38586119046168e-77,"Downregulated"
"ENSG00000085982.18","ENSG00000085982","USP40","protein_coding",433.851164661783,-3.01455346906507,0.160011173243436,-18.8396435571336,3.5736414832076e-79,4.93230594044234e-77,"Downregulated"
"ENSG00000206527.12","ENSG00000206527","HACD2","protein_coding",1707.24702357606,-1.26774822906224,0.0675921407320423,-18.7558526084862,1.73414375239866e-78,2.28465556906922e-76,"Downregulated"
"ENSG00000100994.14","ENSG00000100994","PYGB","protein_coding",2229.96521642588,-1.48373966508374,0.0795431876102835,-18.6532588102104,1.18809853515286e-77,1.53731464030672e-75,"Downregulated"
"ENSG00000231365.8","ENSG00000231365","WARS2-AS1","lncRNA",196.018748669348,-3.61093139601886,0.193621749413235,-18.6494100325076,1.27678370330774e-77,1.63744685206512e-75,"Downregulated"
"ENSG00000116455.15","ENSG00000116455","WDR77","protein_coding",348.994637669513,-2.47358625668317,0.133515071940669,-18.5266443760175,1.25897430229547e-76,1.60044347270754e-74,"Downregulated"
"ENSG00000198301.14","ENSG00000198301","SDAD1","protein_coding",385.937788248421,-1.63866202810787,0.0884870296949194,-18.5186691626734,1.46001626237717e-76,1.83987440646696e-74,"Downregulated"
"ENSG00000149182.17","ENSG00000149182","ARFGAP2","protein_coding",581.554632504487,-1.79725269638189,0.0972181502933478,-18.4868020113408,2.63738903543422e-76,3.29491740530283e-74,"Downregulated"
"ENSG00000166866.15","ENSG00000166866","MYO1A","protein_coding",627.573252763037,-3.46357103426044,0.187497239050395,-18.4726508603655,3.42828511840282e-76,4.2103989776181e-74,"Downregulated"
"ENSG00000164379.7","ENSG00000164379","FOXQ1","protein_coding",696.343229389125,-1.66595627681863,0.0901890765486445,-18.4718187675431,3.48154294329684e-76,4.23987565834099e-74,"Downregulated"
"ENSG00000120688.11","ENSG00000120688","WBP4","protein_coding",282.996194882713,-2.0028934181962,0.108581577567454,-18.445978250334,5.61732094866202e-76,6.78385126566749e-74,"Downregulated"
"ENSG00000149150.11","ENSG00000149150","SLC43A1","protein_coding",235.452501752623,-2.76214751361586,0.150384215713356,-18.3672701321309,2.40192791952388e-75,2.82997881380001e-73,"Downregulated"
"ENSG00000108984.18","ENSG00000108984","MAP2K6","protein_coding",300.665509142365,-3.81614432788669,0.207918148645139,-18.3540703529437,3.06284193049173e-75,3.5509364205349e-73,"Downregulated"
"ENSG00000122642.13","ENSG00000122642","FKBP9","protein_coding",1039.66365342285,-1.43820424572939,0.0784238965635408,-18.3388521707045,4.05263644334076e-75,4.6611751854678e-73,"Downregulated"
"ENSG00000141965.5","ENSG00000141965","FEM1A","protein_coding",385.775027421668,-2.02020898828797,0.111196568894243,-18.1679075926286,9.26652681638981e-74,1.04914458299313e-71,"Downregulated"
"ENSG00000197713.17","ENSG00000197713","RPE","protein_coding",791.823944491345,-1.31275800010164,0.0722597909994907,-18.1671989628491,9.38695990319697e-74,1.05454126292349e-71,"Downregulated"
"ENSG00000197858.14","ENSG00000197858","GPAA1","protein_coding",330.399729319231,-2.09832146838241,0.116214043546046,-18.0556618146672,7.12033730321119e-73,7.81726728773762e-71,"Downregulated"
"ENSG00000065618.23","ENSG00000065618","COL17A1","protein_coding",1733.57783458557,-1.84465941971938,0.102326185712499,-18.0272469541884,1.19074702100575e-72,1.29746660364025e-70,"Downregulated"
"ENSG00000164764.13","ENSG00000164764","SBSPON","protein_coding",104.517122397703,-3.43081173663087,0.191000389621191,-17.9623284718694,3.84341329968604e-72,4.09549599551839e-70,"Downregulated"
"ENSG00000144455.16","ENSG00000144455","SUMF1","protein_coding",171.728557265316,-3.47236005580684,0.193811492953953,-17.9161720643255,8.81918428456263e-72,9.32902325926143e-70,"Downregulated"
"ENSG00000100029.20","ENSG00000100029","PES1","protein_coding",452.877098863492,-1.47933140817595,0.082815276049811,-17.8630257452282,2.28888118945574e-71,2.3525153331626e-69,"Downregulated"
"ENSG00000163714.20","ENSG00000163714","U2SURP","protein_coding",1084.17033789352,-1.55037425608142,0.0873646944130353,-17.7460044529166,1.85061342477058e-70,1.78793931678501e-68,"Downregulated"
"ENSG00000120733.17","ENSG00000120733","KDM3B","protein_coding",843.362013908744,-1.3640062873127,0.0769880903553456,-17.7171076853186,3.0941749486721e-70,2.95005153658921e-68,"Downregulated"
"ENSG00000149328.18","ENSG00000149328","GLB1L2","protein_coding",591.879126883908,-2.53114547132435,0.143246707856786,-17.6698334586154,7.16079836709473e-70,6.69511547973786e-68,"Downregulated"
"ENSG00000197782.17","ENSG00000197782","ZNF780A","protein_coding",127.124293214173,-3.5171281904922,0.199131166350456,-17.6623692561631,8.17356107422063e-70,7.59302865946188e-68,"Downregulated"
"ENSG00000164506.18","ENSG00000164506","STXBP5","protein_coding",400.48510032422,-1.66397897503259,0.0954141019794823,-17.439549715517,4.13317488236867e-68,3.7671679493891e-66,"Downregulated"
"ENSG00000110696.12","ENSG00000110696","C11orf58","protein_coding",1107.48875657957,-1.07961961619746,0.0621298056251673,-17.3768387866988,1.23580648087748e-67,1.10551280993065e-65,"Downregulated"
"ENSG00000241553.15","ENSG00000241553","ARPC4","protein_coding",463.943916532793,-1.91593631031575,0.110373977644537,-17.3585871525451,1.69851945119799e-67,1.50091121260739e-65,"Downregulated"
"ENSG00000139618.19","ENSG00000139618","BRCA2","protein_coding",348.120454034834,-2.5798214405164,0.148779930191021,-17.339848440607,2.35356684679941e-67,2.05469221348296e-65,"Downregulated"
"ENSG00000175538.13","ENSG00000175538","KCNE3","protein_coding",784.066620746239,-2.87676960902107,0.166052544652403,-17.3244536242609,3.07602959325749e-67,2.65344171818379e-65,"Downregulated"
"ENSG00000131467.14","ENSG00000131467","PSME3","protein_coding",1188.52126373704,-1.03427904949278,0.0597005170223887,-17.3244571584682,3.07584063585066e-67,2.65344171818379e-65,"Downregulated"
"ENSG00000115875.21","ENSG00000115875","SRSF7","protein_coding",1099.94560946329,-1.33776571354862,0.0780601542510543,-17.1376258013293,7.7761627595649e-66,6.43955146923512e-64,"Downregulated"
"ENSG00000141556.24","ENSG00000141556","TBCD","protein_coding",372.142672351806,-2.30112184032985,0.135079797478396,-17.0352775417648,4.49603630541873e-65,3.59980984188554e-63,"Downregulated"
"ENSG00000053372.7","ENSG00000053372","MRTO4","protein_coding",312.233987899222,-2.04314434247873,0.120445757034411,-16.9631906742469,1.53763324243466e-64,1.20450707834395e-62,"Downregulated"
"ENSG00000259956.2","ENSG00000259956","RBM15B","protein_coding",993.761272746138,-1.87568273224047,0.110589806211012,-16.9607199479267,1.60367423836409e-64,1.24948640120281e-62,"Downregulated"
"ENSG00000189403.17","ENSG00000189403","HMGB1","protein_coding",1862.41505234342,-1.01115370277174,0.0599010368472198,-16.8804040128844,6.27141630216466e-64,4.86017994924975e-62,"Downregulated"
"ENSG00000079691.21","ENSG00000079691","CARMIL1","protein_coding",375.047762076326,-2.41287821756368,0.143052774454341,-16.8670494282082,7.86269800578214e-64,6.02890050263465e-62,"Downregulated"
"ENSG00000134575.15","ENSG00000134575","ACP2","protein_coding",193.65865734977,-3.19640225694931,0.189810461549181,-16.839968834495,1.24301943556543e-63,9.48096718958642e-62,"Downregulated"
"ENSG00000157637.15","ENSG00000157637","SLC38A10","protein_coding",920.703977292818,-2.16211117551086,0.128980423752136,-16.7630956126011,4.54339660974025e-63,3.39396410661628e-61,"Downregulated"
"ENSG00000198001.18","ENSG00000198001","IRAK4","protein_coding",345.37292494994,-1.6552873277885,0.0988044944485151,-16.753158214387,5.36982814246721e-63,3.95023093607283e-61,"Downregulated"
"ENSG00000161671.18","ENSG00000161671","EMC10","protein_coding",727.008502675568,-2.77023853250119,0.1658043632696,-16.7078747378725,1.14856622082941e-62,8.36433249862299e-61,"Downregulated"
"ENSG00000117899.13","ENSG00000117899","MESD","protein_coding",700.227709597699,-1.68860726208362,0.101071131356356,-16.7071174471169,1.16324305301766e-62,8.42885916216597e-61,"Downregulated"
"ENSG00000143333.9","ENSG00000143333","RGS16","protein_coding",70.3236609340566,-3.45888546870585,0.207203274859802,-16.6931988456563,1.46885363182371e-62,1.05903616081538e-60,"Downregulated"
"ENSG00000064270.16","ENSG00000064270","ATP2C2","protein_coding",670.60642273797,-2.3213849199943,0.13922831959368,-16.6732237146075,2.05221654874336e-62,1.46506020809797e-60,"Downregulated"
"ENSG00000166986.17","ENSG00000166986","MARS1","protein_coding",3245.58262661983,-1.18066449619644,0.0708920377524989,-16.6544020122319,2.81140197296482e-62,1.99719791138266e-60,"Downregulated"
"ENSG00000112818.13","ENSG00000112818","MEP1A","protein_coding",1288.00210509735,-2.50062691678488,0.150451223802778,-16.6208479637419,4.92313439625826e-62,3.46340114905702e-60,"Downregulated"
"ENSG00000261373.1","ENSG00000261373","VPS9D1-AS1","lncRNA",109.590628533946,-4.34958481326574,0.26211128023844,-16.5944205427136,7.64783261586387e-62,5.328480301399e-60,"Downregulated"
"ENSG00000111358.15","ENSG00000111358","GTF2H3","protein_coding",404.847232945396,-1.65589684230142,0.100047510390832,-16.5511049283757,1.57191019604617e-61,1.07962666166356e-59,"Downregulated"
"ENSG00000075643.8","ENSG00000075643","MOCOS","protein_coding",493.178046369918,-1.87822725077846,0.113603481243802,-16.5331839325208,2.11661654360997e-61,1.44009422300449e-59,"Downregulated"
"ENSG00000141349.12","ENSG00000141349","G6PC3","protein_coding",369.190281243202,-1.86702335573711,0.113221947326244,-16.4899420989233,4.33364556086251e-61,2.85568722872572e-59,"Downregulated"
"ENSG00000149476.18","ENSG00000149476","TKFC","protein_coding",415.112876312414,-2.02862430222412,0.12338342955022,-16.4416268020692,9.62988623461485e-61,6.2863203293711e-59,"Downregulated"
"ENSG00000126247.13","ENSG00000126247","CAPNS1","protein_coding",2907.09852399728,-1.30269409458481,0.0793543266341483,-16.416169726834,1.46529454080319e-60,9.43779932680882e-59,"Downregulated"
"ENSG00000272405.1","ENSG00000272405","ENSG00000272405","lncRNA",516.043483973767,-2.52812521019829,0.154013424771015,-16.4149665131924,1.49463267218172e-60,9.58416667489271e-59,"Downregulated"
"ENSG00000163939.21","ENSG00000163939","PBRM1","protein_coding",712.883623585131,-1.66732380626887,0.101886247860246,-16.3645618646776,3.42483628031424e-60,2.16736800761196e-58,"Downregulated"
"ENSG00000152270.12","ENSG00000152270","PDE3B","protein_coding",251.884741932663,-2.47125580999034,0.15166447754157,-16.2942295391021,1.08461853096544e-59,6.71721869690222e-58,"Downregulated"
"ENSG00000238227.10","ENSG00000238227","TMEM250","protein_coding",755.422163748962,-1.95732151377072,0.120125553492933,-16.2939645800332,1.0893288257479e-59,6.71768227350578e-58,"Downregulated"
"ENSG00000083097.16","ENSG00000083097","DOP1A","protein_coding",297.293462062741,-2.66153273353365,0.163561503417175,-16.2723665283586,1.55047755537762e-59,9.48081043566773e-58,"Downregulated"
"ENSG00000171793.19","ENSG00000171793","CTPS1","protein_coding",557.503970251249,-2.01301510727406,0.123821346191718,-16.2574157783523,1.97911086869086e-59,1.20509557601126e-57,"Downregulated"
"ENSG00000055044.13","ENSG00000055044","NOP58","protein_coding",832.010566226415,-1.25845051552479,0.0776614534786141,-16.2043131972973,4.70109665190134e-59,2.83867886163976e-57,"Downregulated"
"ENSG00000175792.14","ENSG00000175792","RUVBL1","protein_coding",501.627607619393,-1.72318579348257,0.106665169154425,-16.1550936181221,1.04559715406918e-58,6.18481385990634e-57,"Downregulated"
"ENSG00000140265.16","ENSG00000140265","ZSCAN29","protein_coding",378.386182395887,-2.1762152259515,0.135274482946386,-16.0874037627186,3.12676914843777e-58,1.81980475900242e-56,"Downregulated"
"ENSG00000185127.7","ENSG00000185127","C6orf120","protein_coding",551.715817025984,-1.84860545466089,0.115028139345479,-16.0708976532146,4.08133130166361e-58,2.35644036747845e-56,"Downregulated"
"ENSG00000172269.22","ENSG00000172269","DPAGT1","protein_coding",400.26095340419,-1.65595215840061,0.103054428976734,-16.0687141236256,4.22765293142684e-58,2.43123596358086e-56,"Downregulated"
"ENSG00000112701.20","ENSG00000112701","SENP6","protein_coding",1039.20810909175,-1.00597721537839,0.062681705022234,-16.0489765717375,5.81144352007646e-58,3.31572596428929e-56,"Downregulated"
"ENSG00000071794.18","ENSG00000071794","HLTF","protein_coding",533.040527811916,-1.58054461967796,0.0986688079720428,-16.0186856633132,9.46293958397038e-58,5.31538451360073e-56,"Downregulated"
"ENSG00000197150.15","ENSG00000197150","ABCB8","protein_coding",232.307866996629,-2.81466327572687,0.176210712460348,-15.9732812859504,1.9618783823374e-57,1.08104720596325e-55,"Downregulated"
"ENSG00000118007.15","ENSG00000118007","STAG1","protein_coding",481.864566424999,-1.65562264009764,0.103683061880888,-15.9681109919345,2.13143788108294e-57,1.17003021866114e-55,"Downregulated"
"ENSG00000196872.14","ENSG00000196872","CRACDL","protein_coding",227.317848455163,-2.08174321913231,0.130915209667698,-15.9014619035969,6.19031584517625e-57,3.32259471215905e-55,"Downregulated"
"ENSG00000174808.14","ENSG00000174808","BTC","protein_coding",74.1847215223261,-5.50307245221082,0.346130045286949,-15.898858036576,6.45303463100002e-57,3.42554497701291e-55,"Downregulated"
"ENSG00000037474.17","ENSG00000037474","NSUN2","protein_coding",931.132644588757,-1.30639167896694,0.0821688164925853,-15.8988742290674,6.45136704151486e-57,3.42554497701291e-55,"Downregulated"
"ENSG00000149474.16","ENSG00000149474","KAT14","protein_coding",165.860918336308,-2.78362812004001,0.175169987427026,-15.8910105602402,7.31389162781757e-57,3.86835465220191e-55,"Downregulated"
"ENSG00000293514.2","ENSG00000293514","CUTALP","lncRNA",266.4392780244,-3.90360387765545,0.2458220523196,-15.8797953268255,8.74633298743852e-57,4.59245861065069e-55,"Downregulated"
"ENSG00000091127.16","ENSG00000091127","PUS7","protein_coding",476.705360686963,-1.2840824773977,0.0809056256304605,-15.8713620640275,1.00045954082905e-56,5.2341731645107e-55,"Downregulated"
"ENSG00000213593.13","ENSG00000213593","TMX2","protein_coding",852.373511006046,-1.21699991002936,0.0767185771789912,-15.8631710177575,1.13990069729651e-56,5.94224492993563e-55,"Downregulated"
"ENSG00000101311.19","ENSG00000101311","FERMT1","protein_coding",1244.98256350895,-2.53965515708338,0.160206786421811,-15.8523569057598,1.35405719069323e-56,7.0082131455451e-55,"Downregulated"
"ENSG00000145833.18","ENSG00000145833","DDX46","protein_coding",542.814887255115,-1.34636712829489,0.0849335081736718,-15.852013619193,1.36147509498766e-56,7.02152920874064e-55,"Downregulated"
"ENSG00000080839.14","ENSG00000080839","RBL1","protein_coding",176.343017665461,-2.73524138950985,0.172889391696359,-15.8207589411482,2.23778840918683e-56,1.13789577634861e-54,"Downregulated"
"ENSG00000188559.18","ENSG00000188559","RALGAPA2","protein_coding",747.106918394949,-1.28880295467516,0.0816378014400097,-15.7868405559918,3.83303452441529e-56,1.91545987337332e-54,"Downregulated"
"ENSG00000136731.15","ENSG00000136731","UGGT1","protein_coding",1784.88864512899,-1.23738646957601,0.0784934567864448,-15.7641989566409,5.48635290589778e-56,2.70436143919288e-54,"Downregulated"
"ENSG00000189057.13","ENSG00000189057","FAM111B","protein_coding",347.430480712497,-4.49528089562576,0.28515662633219,-15.7642519251474,5.48175539867698e-56,2.70436143919288e-54,"Downregulated"
"ENSG00000083307.14","ENSG00000083307","GRHL2","protein_coding",768.709595974272,-1.24061006440252,0.0787650439977912,-15.7507696489995,6.785047827865e-56,3.33318349564134e-54,"Downregulated"
"ENSG00000172159.18","ENSG00000172159","FRMD3","protein_coding",186.658632961873,-1.77569917606492,0.112801707866556,-15.7417756313191,7.8217652445235e-56,3.82949398390657e-54,"Downregulated"
"ENSG00000103888.19","ENSG00000103888","CEMIP","protein_coding",1349.30485181698,-2.65832721407311,0.169058118094539,-15.7243393220936,1.03019809246789e-55,5.00994320672638e-54,"Downregulated"
"ENSG00000183161.6","ENSG00000183161","FANCF","protein_coding",288.300881929208,-1.81024629663932,0.115411950606672,-15.6850853583499,1.91305788596676e-55,9.14984649618164e-54,"Downregulated"
"ENSG00000004142.14","ENSG00000004142","POLDIP2","protein_coding",1409.47434216963,-1.03533205922308,0.0660352758521983,-15.6784695128764,2.12308386138236e-55,1.01209642497214e-53,"Downregulated"
"ENSG00000138668.22","ENSG00000138668","HNRNPD","protein_coding",1233.78190342908,-2.27541159060472,0.145244959374089,-15.6660279324684,2.58220775031399e-55,1.2269296628705e-53,"Downregulated"
"ENSG00000111424.14","ENSG00000111424","VDR","protein_coding",927.40712422768,-1.7582820274327,0.112505962219271,-15.6283453138764,4.66767319476871e-55,2.16807435700603e-53,"Downregulated"
"ENSG00000168906.15","ENSG00000168906","MAT2A","protein_coding",1631.63597726486,-2.55435811468649,0.16365299871447,-15.6083795271185,6.38378816126102e-55,2.94630121124187e-53,"Downregulated"
"ENSG00000129317.17","ENSG00000129317","PUS7L","protein_coding",429.684477657803,-2.35684027492167,0.151318770586909,-15.5753332238979,1.0709350752543e-54,4.895896249396e-53,"Downregulated"
"ENSG00000090382.8","ENSG00000090382","LYZ","protein_coding",965.4477366246,-1.51869303181229,0.0975473573012594,-15.568776785229,1.18654654880604e-54,5.40736873751481e-53,"Downregulated"
"ENSG00000180185.14","ENSG00000180185","FAHD1","protein_coding",151.092014943702,-2.67435149234389,0.171818218358864,-15.5650053753798,1.25859556235087e-54,5.69986465299652e-53,"Downregulated"
"ENSG00000228716.9","ENSG00000228716","DHFR","protein_coding",159.005658649983,-3.63488313886845,0.233565887710764,-15.5625599889386,1.30762403724523e-54,5.90345406472207e-53,"Downregulated"
"ENSG00000144043.14","ENSG00000144043","TEX261","protein_coding",628.157364558665,-2.50553659622531,0.16133132613285,-15.5303787322872,2.1609974953969e-54,9.66579497015183e-53,"Downregulated"
"ENSG00000148019.16","ENSG00000148019","CEP78","protein_coding",284.494996756915,-2.66275600205471,0.171539893270222,-15.5226632784488,2.43721734462555e-54,1.08677396179426e-52,"Downregulated"
"ENSG00000125266.10","ENSG00000125266","EFNB2","protein_coding",1933.33956394531,-1.52843674420637,0.0986055993303521,-15.5005066100329,3.44167668677897e-54,1.516011505921e-52,"Downregulated"
"ENSG00000125877.15","ENSG00000125877","ITPA","protein_coding",151.493141876965,-2.33704670457065,0.15078560571606,-15.4991366282765,3.51584853608717e-54,1.54399021166592e-52,"Downregulated"
"ENSG00000108064.13","ENSG00000108064","TFAM","protein_coding",834.387685966785,-1.30519140821567,0.0842271178838308,-15.4960948564789,3.68627249321902e-54,1.6139414190855e-52,"Downregulated"
"ENSG00000078081.10","ENSG00000078081","LAMP3","protein_coding",649.769884236458,-2.91923404548941,0.188816233349205,-15.4607153935247,6.38850627031534e-54,2.76191284154005e-52,"Downregulated"
"ENSG00000105429.14","ENSG00000105429","MEGF8","protein_coding",438.014348019676,-2.05634588220311,0.133005878633276,-15.4605638738184,6.40355171651571e-54,2.76191284154005e-52,"Downregulated"
"ENSG00000075223.16","ENSG00000075223","SEMA3C","protein_coding",417.458828770325,-1.43354910192318,0.0927524382149232,-15.4556487086777,6.9112277332903e-54,2.97203300625647e-52,"Downregulated"
"ENSG00000198131.17","ENSG00000198131","ZNF544","protein_coding",151.355455143301,-2.77641811706805,0.179839314303858,-15.4383268631518,9.04154257577954e-54,3.86519277310316e-52,"Downregulated"
"ENSG00000178295.17","ENSG00000178295","GEN1","protein_coding",218.41165891495,-3.53993351084872,0.229772247371916,-15.4062709980761,1.48539578500901e-53,6.25766154545075e-52,"Downregulated"
"ENSG00000143315.8","ENSG00000143315","PIGM","protein_coding",215.671197810127,-2.86026099626957,0.186130717624811,-15.3669476632819,2.72718130790147e-53,1.14226333855804e-51,"Downregulated"
"ENSG00000168282.7","ENSG00000168282","MGAT2","protein_coding",297.54435755495,-2.1274626509736,0.13847884833698,-15.3630874066526,2.89455287199523e-53,1.20539828221135e-51,"Downregulated"
"ENSG00000085276.20","ENSG00000085276","MECOM","protein_coding",773.976511318591,-1.6010536784524,0.104271129839531,-15.3547168896736,3.2934415135369e-53,1.36758035570707e-51,"Downregulated"
"ENSG00000184508.13","ENSG00000184508","HDDC3","protein_coding",170.236684805678,-2.68921286253746,0.175256137845179,-15.3444717862783,3.85685912418285e-53,1.5924103255743e-51,"Downregulated"
"ENSG00000134313.19","ENSG00000134313","KIDINS220","protein_coding",735.528663468693,-1.0772287713911,0.0702994500374572,-15.3234309915245,5.33267195542991e-53,2.18926577841616e-51,"Downregulated"
"ENSG00000174485.18","ENSG00000174485","DENND4A","protein_coding",358.454504024002,-2.23169074926231,0.14578048604729,-15.3085698214668,6.70214956886206e-53,2.7206597073375e-51,"Downregulated"
"ENSG00000205808.7","ENSG00000205808","PLPP6","protein_coding",200.178612789922,-2.26686204295833,0.148207543265989,-15.2951866889122,8.23244177350247e-53,3.31401517171105e-51,"Downregulated"
"ENSG00000068654.19","ENSG00000068654","POLR1A","protein_coding",1065.07952194433,-1.80274313119227,0.117979079366349,-15.2801932416712,1.03632963814699e-52,4.16024629252802e-51,"Downregulated"
"ENSG00000127463.18","ENSG00000127463","EMC1","protein_coding",572.822825717434,-1.23613269910617,0.0809020557413263,-15.2793731602884,1.04945309156407e-52,4.20129121628356e-51,"Downregulated"
"ENSG00000146733.16","ENSG00000146733","PSPH","protein_coding",809.847376065142,-2.09155732787737,0.136898822880947,-15.2781249967086,1.06974526373653e-52,4.27072957632776e-51,"Downregulated"
"ENSG00000136098.21","ENSG00000136098","NEK3","protein_coding",195.822580318997,-3.17124325218501,0.207751909224374,-15.2645685135921,1.31696066593585e-52,5.24324010185231e-51,"Downregulated"
"ENSG00000131746.15","ENSG00000131746","TNS4","protein_coding",1436.34820053629,-3.25113094254674,0.213169805206517,-15.2513670470218,1.61221989684524e-52,6.38368599592385e-51,"Downregulated"
"ENSG00000100889.14","ENSG00000100889","PCK2","protein_coding",1070.99980933036,-1.91240111099005,0.125422994970081,-15.2476115838746,1.70766191992522e-52,6.74317072031505e-51,"Downregulated"
"ENSG00000101361.19","ENSG00000101361","NOP56","protein_coding",853.815566927126,-1.65782487154438,0.10875204398894,-15.2440801178227,1.80253680129407e-52,7.09846829466131e-51,"Downregulated"
"ENSG00000146416.20","ENSG00000146416","AIG1","protein_coding",443.244933886885,-1.34968281110739,0.0887304010485643,-15.2110527525811,2.9870073775142e-52,1.1699381328361e-50,"Downregulated"
"ENSG00000168827.17","ENSG00000168827","GFM1","protein_coding",961.172818505472,-1.10818600003262,0.0728619390966468,-15.2093948331883,3.06362057772146e-52,1.19671130491481e-50,"Downregulated"
"ENSG00000177646.22","ENSG00000177646","ACAD9","protein_coding",277.103553412049,-2.65748724027465,0.174834492894296,-15.2000168632706,3.53530028746223e-52,1.37355420283921e-50,"Downregulated"
"ENSG00000132763.17","ENSG00000132763","MMACHC","protein_coding",163.247528644266,-3.36850798759727,0.222014490767505,-15.1724690399817,5.38137963050555e-52,2.08521266324295e-50,"Downregulated"
"ENSG00000187866.10","ENSG00000187866","PABIR1","protein_coding",260.809948834838,-1.99044625537463,0.131306188563722,-15.1588152633696,6.62536665332523e-52,2.54007443227485e-50,"Downregulated"
"ENSG00000196670.15","ENSG00000196670","ZFP62","protein_coding",255.179867863335,-2.32920167762474,0.153825531950021,-15.1418405520711,8.5778990612595e-52,3.27997132442672e-50,"Downregulated"
"ENSG00000148346.14","ENSG00000148346","LCN2","protein_coding",2059.12878157144,-3.94933115120834,0.261565839773081,-15.0988032482932,1.64899129484058e-51,6.27222620599204e-50,"Downregulated"
"ENSG00000129255.18","ENSG00000129255","MPDU1","protein_coding",390.0613430425,-1.51892888291951,0.100614848201586,-15.0964684643391,1.70841629832357e-51,6.48124842809035e-50,"Downregulated"
"ENSG00000102893.20","ENSG00000102893","PHKB","protein_coding",795.337024931233,-1.42958588624961,0.0947243008684028,-15.0920711279325,1.82618703202272e-51,6.9099484250844e-50,"Downregulated"
"ENSG00000137124.10","ENSG00000137124","ALDH1B1","protein_coding",1162.86205139846,-1.99699674691094,0.132384500798453,-15.0848228823346,2.03820848243305e-51,7.69211388734888e-50,"Downregulated"
"ENSG00000124429.20","ENSG00000124429","POF1B","protein_coding",3482.76102267607,-1.32392984071144,0.0877921957687875,-15.0802680023881,2.18380727316299e-51,8.198895078414e-50,"Downregulated"
"ENSG00000163389.14","ENSG00000163389","POGLUT1","protein_coding",182.449686617261,-4.48981154900746,0.298754111256378,-15.0284510901826,4.78053517074586e-51,1.77639783831921e-49,"Downregulated"
"ENSG00000120008.17","ENSG00000120008","WDR11","protein_coding",338.071895490546,-1.61774518047596,0.107771634258053,-15.0108624742792,6.23319071862143e-51,2.30437244628219e-49,"Downregulated"
"ENSG00000106799.17","ENSG00000106799","TGFBR1","protein_coding",531.289356395225,-1.30169962204577,0.0868689135691473,-14.984642590351,9.25219416766945e-51,3.40311669740776e-49,"Downregulated"
"ENSG00000126522.19","ENSG00000126522","ASL","protein_coding",168.673298936451,-2.54946991851141,0.170484315969874,-14.954278368703,1.46056354758436e-50,5.31821279688256e-49,"Downregulated"
"ENSG00000226479.4","ENSG00000226479","TMEM185B","protein_coding",727.782151284273,-1.86387377371361,0.124711949380133,-14.9454305138985,1.66809648723083e-50,6.0586602237968e-49,"Downregulated"
"ENSG00000177570.17","ENSG00000177570","SAMD12","protein_coding",219.874679651329,-1.783533674496,0.119358857965299,-14.9426167852119,1.74005759152476e-50,6.30422865409422e-49,"Downregulated"
"ENSG00000196981.5","ENSG00000196981","WDR5B","protein_coding",65.0508300077044,-3.60423759792953,0.241355360554092,-14.9333231698484,2.0004309862204e-50,7.22948774371723e-49,"Downregulated"
"ENSG00000189431.8","ENSG00000189431","RASSF10","protein_coding",65.954832156319,-4.2150431141707,0.282495877504419,-14.9207243355428,2.41636021983289e-50,8.7109184840344e-49,"Downregulated"
"ENSG00000172009.17","ENSG00000172009","THOP1","protein_coding",379.424041906668,-1.91084715377814,0.128257555656203,-14.8985152882549,3.36984681135094e-50,1.21180694764511e-48,"Downregulated"
"ENSG00000188938.18","ENSG00000188938","FAM120AOS","protein_coding",612.95459849407,-2.11183720532813,0.142490291268943,-14.8209199835388,1.07304684262966e-49,3.77461294298753e-48,"Downregulated"
"ENSG00000125247.18","ENSG00000125247","TMTC4","protein_coding",314.863409341415,-1.5478122214356,0.104434312360348,-14.8209164828405,1.07310276877647e-49,3.77461294298753e-48,"Downregulated"
"ENSG00000164332.10","ENSG00000164332","UBLCP1","protein_coding",218.201679222089,-1.66667343106673,0.112626732648801,-14.7982045813568,1.5044500816352e-49,5.22841500792743e-48,"Downregulated"
"ENSG00000118961.17","ENSG00000118961","LDAH","protein_coding",239.642096221201,-1.73870500871581,0.117500835102776,-14.7973842670565,1.52290732127684e-49,5.2798978229531e-48,"Downregulated"
"ENSG00000276644.6","ENSG00000276644","DACH1","protein_coding",523.174658374444,-1.9982510370733,0.135678860992243,-14.7277993230467,4.27398502667317e-49,1.45737861191877e-47,"Downregulated"
"ENSG00000163827.16","ENSG00000163827","LRRC2","protein_coding",118.151440082679,-2.14847152653717,0.146574896129442,-14.6578410305666,1.2002915071024e-48,4.00797800021383e-47,"Downregulated"
"ENSG00000088888.20","ENSG00000088888","MAVS","protein_coding",964.223496188874,-1.31573901116054,0.0897878529925663,-14.6538642734834,1.2726687691371e-48,4.23988869019194e-47,"Downregulated"
"ENSG00000137968.17","ENSG00000137968","SLC44A5","protein_coding",50.1052026967032,-3.89562132671169,0.266085446178474,-14.640490048068,1.54947398657607e-48,5.15022408565607e-47,"Downregulated"
"ENSG00000166913.15","ENSG00000166913","YWHAB","protein_coding",2843.68188092226,-1.89608889952244,0.129536136846736,-14.6375285358854,1.61845108505851e-48,5.36718378138855e-47,"Downregulated"
"ENSG00000132434.12","ENSG00000132434","LANCL2","protein_coding",112.151821761816,-2.69287106016338,0.184028131114172,-14.6329316276798,1.73162039196995e-48,5.72937048411608e-47,"Downregulated"
"ENSG00000108559.15","ENSG00000108559","NUP88","protein_coding",649.677218905037,-1.31549560977264,0.0901246607815294,-14.596400123619,2.96071297819869e-48,9.72939965534137e-47,"Downregulated"
"ENSG00000102870.8","ENSG00000102870","ZNF629","protein_coding",384.324068763878,-3.12389227198238,0.214105102028815,-14.5904616115218,3.23004662403814e-48,1.05904605600816e-46,"Downregulated"
"ENSG00000263465.5","ENSG00000263465","SRSF8","protein_coding",429.289017170687,-1.94464787552103,0.133525924876256,-14.5638225484918,4.77134685461385e-48,1.5608658830037e-46,"Downregulated"
"ENSG00000172164.16","ENSG00000172164","SNTB1","protein_coding",1973.07579796777,-1.78799791589883,0.122839198876455,-14.5555973358073,5.38138112943877e-48,1.75251629950172e-46,"Downregulated"
"ENSG00000104524.16","ENSG00000104524","PYCR3","protein_coding",91.5767888562403,-4.21902514512613,0.290537726753804,-14.5214364835354,8.86331759357321e-48,2.86073938899917e-46,"Downregulated"
"ENSG00000159210.12","ENSG00000159210","SNF8","protein_coding",400.732741343397,-1.51335218493778,0.104356248079564,-14.501787988621,1.18034740641413e-47,3.7928147702336e-46,"Downregulated"
"ENSG00000142687.21","ENSG00000142687","KIAA0319L","protein_coding",658.980436355044,-1.32366485744563,0.0913138848868527,-14.4957676380299,1.28853756506012e-47,4.122182426678e-46,"Downregulated"
"ENSG00000104365.18","ENSG00000104365","IKBKB","protein_coding",191.049829695848,-1.73474342441811,0.119785375894307,-14.4820969293344,1.57226400647875e-47,5.01877752905066e-46,"Downregulated"
"ENSG00000104133.18","ENSG00000104133","SPG11","protein_coding",757.919176764061,-1.36109122191285,0.0942231057444252,-14.4454081741344,2.67965112937866e-47,8.4974845004279e-46,"Downregulated"
"ENSG00000183291.19","ENSG00000183291","SELENOF","protein_coding",870.774499867204,-1.17038335965391,0.081155284228616,-14.4215299198129,3.78850509820412e-47,1.19875580530948e-45,"Downregulated"
"ENSG00000128928.12","ENSG00000128928","IVD","protein_coding",630.952870766701,-1.88385204317254,0.130757738474996,-14.4071935255502,4.662756144491e-47,1.47217128640443e-45,"Downregulated"
"ENSG00000225470.10","ENSG00000225470","JPX","lncRNA",435.330106018942,-1.65813077830059,0.115222264965493,-14.3907150132587,5.91808967856069e-47,1.84044969145282e-45,"Downregulated"
"ENSG00000124608.7","ENSG00000124608","AARS2","protein_coding",207.476412090242,-2.18381689136486,0.152078989220336,-14.359754115678,9.25549363659425e-47,2.8477837320918e-45,"Downregulated"
"ENSG00000125304.12","ENSG00000125304","TM9SF2","protein_coding",5621.94282051731,-1.0637969189128,0.074162653270449,-14.3441054493217,1.15986168806624e-46,3.54614252815528e-45,"Downregulated"
"ENSG00000100418.10","ENSG00000100418","DESI1","protein_coding",457.938347527293,-1.46298090033441,0.102015425340106,-14.3407812637846,1.21677909124244e-46,3.69676364576216e-45,"Downregulated"
"ENSG00000132846.8","ENSG00000132846","ZBED3","protein_coding",504.966175881006,-3.25504579735179,0.227056320091876,-14.3358519861269,1.30633478253202e-46,3.95227633996951e-45,"Downregulated"
"ENSG00000185630.21","ENSG00000185630","PBX1","protein_coding",482.814132331543,-1.54416442360143,0.107767313162521,-14.3286900107893,1.44826700116986e-46,4.35441605413974e-45,"Downregulated"
"ENSG00000108846.18","ENSG00000108846","ABCC3","protein_coding",1460.36899237708,-1.04197737124705,0.0727793041414633,-14.3169460540833,1.71495418594617e-46,5.13494133527518e-45,"Downregulated"
"ENSG00000173674.13","ENSG00000173674","EIF1AX","protein_coding",1349.91698215451,-1.1632669898346,0.0814478468385888,-14.2823541074073,2.81914902421487e-46,8.35482774211082e-45,"Downregulated"
"ENSG00000178921.16","ENSG00000178921","PFAS","protein_coding",206.573756873691,-2.63279693837811,0.184551926232131,-14.2658870710814,3.57023032465155e-46,1.05162150131809e-44,"Downregulated"
"ENSG00000130768.17","ENSG00000130768","SMPDL3B","protein_coding",129.320507032836,-1.82323918242135,0.12781646131784,-14.2645099357548,3.6414094965956e-46,1.0704118950236e-44,"Downregulated"
"ENSG00000253368.6","ENSG00000253368","TRNP1","protein_coding",150.47313177136,-1.8725598001909,0.131279715124526,-14.2638929282767,3.67375680305972e-46,1.07773448562635e-44,"Downregulated"
"ENSG00000114248.12","ENSG00000114248","LRRC31","protein_coding",249.30256820362,-4.34895459399651,0.305015179674991,-14.2581579009626,3.98844107643432e-46,1.16768662787245e-44,"Downregulated"
"ENSG00000049167.18","ENSG00000049167","ERCC8","protein_coding",150.773324919926,-1.81071444960117,0.127011316020502,-14.2563238169179,4.09463193408017e-46,1.19395183075835e-44,"Downregulated"
"ENSG00000128000.19","ENSG00000128000","ZNF780B","protein_coding",150.178918971687,-4.18575785938407,0.294161659925871,-14.2294473740694,6.01552591474209e-46,1.75054219992856e-44,"Downregulated"
"ENSG00000012174.14","ENSG00000012174","MBTPS2","protein_coding",326.207042934121,-1.8135463692571,0.127622621083346,-14.2102266342949,7.91688801194062e-46,2.280945150478e-44,"Downregulated"
"ENSG00000176542.11","ENSG00000176542","USF3","protein_coding",331.286164732068,-1.75234417639063,0.123362833335144,-14.2047983903707,8.5548503778356e-46,2.45985896181733e-44,"Downregulated"
"ENSG00000027001.12","ENSG00000027001","MIPEP","protein_coding",300.175904900703,-1.63907125036846,0.115518061579267,-14.1888742587994,1.07368474346071e-45,3.06900183475989e-44,"Downregulated"
"ENSG00000032742.20","ENSG00000032742","IFT88","protein_coding",183.984530032898,-2.34564752264001,0.165328463071994,-14.1878021428081,1.09022357814787e-45,3.10403145275422e-44,"Downregulated"
"ENSG00000164078.17","ENSG00000164078","MST1R","protein_coding",591.886909311735,-2.48847810695124,0.175401817844562,-14.1872994107534,1.09806596688712e-45,3.12022980237806e-44,"Downregulated"
"ENSG00000165025.17","ENSG00000165025","SYK","protein_coding",2409.68881271053,-2.22263998283871,0.156667550653877,-14.1869836705953,1.10302004168038e-45,3.12817347241331e-44,"Downregulated"
"ENSG00000135446.19","ENSG00000135446","CDK4","protein_coding",1856.28057406835,-1.28514350636556,0.0905929397895135,-14.1859123829241,1.11999526715402e-45,3.17011160382735e-44,"Downregulated"
"ENSG00000122042.11","ENSG00000122042","UBL3","protein_coding",990.546831799872,-1.11800260820418,0.078813644936209,-14.1853940280148,1.12830200124892e-45,3.18739816805056e-44,"Downregulated"
"ENSG00000196639.9","ENSG00000196639","HRH1","protein_coding",155.138437605244,-1.93003709794618,0.13646520343628,-14.1430712690608,2.06089877599265e-45,5.74356635801643e-44,"Downregulated"
"ENSG00000159792.11","ENSG00000159792","PSKH1","protein_coding",265.350921202299,-2.47294754238444,0.174891741100767,-14.1398760560089,2.15663890868241e-45,5.99885049225057e-44,"Downregulated"
"ENSG00000124120.13","ENSG00000124120","TTPAL","protein_coding",208.213942372066,-2.8374828952274,0.201195925580143,-14.1030832858349,3.63532768780768e-45,1.00540398571964e-43,"Downregulated"
"ENSG00000197818.14","ENSG00000197818","SLC9A8","protein_coding",221.510263251925,-1.67459667069637,0.118821473978723,-14.0933840881004,4.17085908008567e-45,1.14477442781442e-43,"Downregulated"
"ENSG00000093009.13","ENSG00000093009","CDC45","protein_coding",83.6413734623137,-3.60676406411104,0.25659499407633,-14.0562526447345,7.0522908873372e-45,1.91748216771652e-43,"Downregulated"
"ENSG00000166401.17","ENSG00000166401","SERPINB8","protein_coding",100.395010074861,-2.68702215114569,0.191252534897429,-14.0496028070256,7.74672927692244e-45,2.09842244263851e-43,"Downregulated"
"ENSG00000136010.16","ENSG00000136010","ALDH1L2","protein_coding",148.054238145482,-1.77101390319157,0.126148918588575,-14.039073208131,8.98803541805322e-45,2.41212239404495e-43,"Downregulated"
"ENSG00000176920.16","ENSG00000176920","FUT2","protein_coding",192.691407008348,-1.7117601545368,0.122014214508034,-14.0291863652008,1.0333024609064e-44,2.75268736460579e-43,"Downregulated"
"ENSG00000112414.17","ENSG00000112414","ADGRG6","protein_coding",329.582114706852,-1.87407002474579,0.133585487914968,-14.0289941220164,1.03610709304659e-44,2.75509431053784e-43,"Downregulated"
"ENSG00000183605.19","ENSG00000183605","SFXN4","protein_coding",283.206059650281,-1.42710723603602,0.101799365452569,-14.0188225112361,1.19582264826928e-44,3.1681648663105e-43,"Downregulated"
"ENSG00000164880.18","ENSG00000164880","INTS1","protein_coding",1117.82928943101,-1.33667995232175,0.095381044490794,-14.0141047884075,1.2779962090797e-44,3.37353753405883e-43,"Downregulated"
"ENSG00000111684.13","ENSG00000111684","LPCAT3","protein_coding",602.45252200338,-1.83183186882549,0.130993397000998,-13.9841542456642,1.94778548394942e-44,5.09518181108214e-43,"Downregulated"
"ENSG00000257702.6","ENSG00000257702","LBX2-AS1","lncRNA",86.189947898471,-2.49960247265178,0.17882254060539,-13.9781174352493,2.12022458218972e-44,5.51639042102216e-43,"Downregulated"
"ENSG00000152683.16","ENSG00000152683","SLC30A6","protein_coding",524.403413565521,-1.39840224046937,0.100133652698082,-13.9653573278282,2.53630181567934e-44,6.55188697198306e-43,"Downregulated"
"ENSG00000174173.8","ENSG00000174173","TRMT10C","protein_coding",239.452726080437,-1.35696121163137,0.0972562851331937,-13.9524269282236,3.04079240912955e-44,7.82720490108444e-43,"Downregulated"
"ENSG00000276234.7","ENSG00000276234","TADA2A","protein_coding",122.897355441431,-2.42793361130609,0.174102977420664,-13.9453882252673,3.35616820160872e-44,8.6236860953393e-43,"Downregulated"
"ENSG00000256771.7","ENSG00000256771","ZNF253","protein_coding",115.794117263251,-2.71694810939277,0.195191955709187,-13.9193651681051,4.83176578305043e-44,1.22630384812551e-42,"Downregulated"
"ENSG00000241186.12","ENSG00000241186","CRIPTO","protein_coding",484.652539589269,-2.02020123009468,0.145185951519973,-13.9145778840508,5.16640458489016e-44,1.30894292385014e-42,"Downregulated"
"ENSG00000196584.5","ENSG00000196584","XRCC2","protein_coding",102.989718208099,-3.9233910960159,0.282358734440818,-13.8950583688717,6.78681631315527e-44,1.71349376324471e-42,"Downregulated"
"ENSG00000166734.22","ENSG00000166734","GOLM2","protein_coding",1000.88842747296,-1.17933462777419,0.0848810795224163,-13.8939635830472,6.89138074456273e-44,1.73686764782962e-42,"Downregulated"
"ENSG00000163104.20","ENSG00000163104","SMARCAD1","protein_coding",223.74747144676,-1.73343807279089,0.124790061087413,-13.8908343956708,7.19917439082132e-44,1.80815312429433e-42,"Downregulated"
"ENSG00000179562.4","ENSG00000179562","GCC1","protein_coding",670.629213265432,-1.10063659244194,0.0792715990767374,-13.8843747982993,7.87848098397168e-44,1.96514537727569e-42,"Downregulated"
"ENSG00000070526.17","ENSG00000070526","ST6GALNAC1","protein_coding",62.803625454123,-3.55000955173595,0.255771957639613,-13.8795886167395,8.4225959589175e-44,2.09725533739918e-42,"Downregulated"
"ENSG00000140105.20","ENSG00000140105","WARS1","protein_coding",1548.27028680232,-1.98775243801502,0.143238375183349,-13.8772339149383,8.70385088533158e-44,2.1635713041205e-42,"Downregulated"
"ENSG00000253719.4","ENSG00000253719","ATXN7L3B","protein_coding",1234.37895393009,-1.17679282622216,0.084835950830081,-13.8713931382601,9.44248359630326e-44,2.33516164296291e-42,"Downregulated"
"ENSG00000127995.19","ENSG00000127995","CASD1","protein_coding",148.820120554829,-2.37442871254456,0.171201850215879,-13.8691767031168,9.73881846763255e-44,2.40434339408741e-42,"Downregulated"
"ENSG00000141002.22","ENSG00000141002","TCF25","protein_coding",318.733832847213,-1.2658974772051,0.0915188088241255,-13.8321017665102,1.63181981787499e-43,3.98120080818929e-42,"Downregulated"
"ENSG00000214654.10","ENSG00000214654","B3GALT9","protein_coding",102.840939711565,-4.14395772639545,0.299809840234048,-13.8219536862447,1.87900067266605e-43,4.57655088206325e-42,"Downregulated"
"ENSG00000135318.14","ENSG00000135318","NT5E","protein_coding",529.406562676434,-1.85329480932564,0.134287485312534,-13.8009495450181,2.51517653512108e-43,6.09530741588206e-42,"Downregulated"
"ENSG00000272763.2","ENSG00000272763","LINC03057","lncRNA",390.52569844955,-1.64650169154163,0.119359845861159,-13.7944354708438,2.75299515254793e-43,6.64940095845409e-42,"Downregulated"
"ENSG00000085415.18","ENSG00000085415","SEH1L","protein_coding",390.337786247419,-1.23155660975696,0.0892849903026019,-13.7935458757738,2.78716336127138e-43,6.72072735965805e-42,"Downregulated"
"ENSG00000124217.5","ENSG00000124217","MOCS3","protein_coding",129.75743682778,-3.0743519408824,0.223101346215107,-13.7800689822741,3.35951021385275e-43,8.07396716735557e-42,"Downregulated"
"ENSG00000177853.17","ENSG00000177853","ZNF518A","protein_coding",405.3223053148,-1.9019200870694,0.138039314767972,-13.7781043774834,3.45218294378581e-43,8.28295285121589e-42,"Downregulated"
"ENSG00000164896.23","ENSG00000164896","FASTK","protein_coding",373.590923044597,-1.54361516559819,0.112043087430356,-13.7769781340387,3.50645143617239e-43,8.39925524181989e-42,"Downregulated"
"ENSG00000124102.7","ENSG00000124102","PI3","protein_coding",68.8317186769804,-2.52865031114473,0.183553756893314,-13.7760749436169,3.55058455324216e-43,8.49093586560814e-42,"Downregulated"
"ENSG00000160193.14","ENSG00000160193","WDR4","protein_coding",218.301368381628,-3.78547425433025,0.274993037084779,-13.7657094683572,4.09840989294284e-43,9.72081115687849e-42,"Downregulated"
"ENSG00000236287.10","ENSG00000236287","ZBED5","protein_coding",307.646804294308,-1.69324950565061,0.123041008306651,-13.7616679914601,4.33410577872209e-43,1.02296190464561e-41,"Downregulated"
"ENSG00000132300.21","ENSG00000132300","PTCD3","protein_coding",1074.24467673328,-1.35811373446592,0.0989573278355302,-13.724236134621,7.26911921573203e-43,1.6990979947482e-41,"Downregulated"
"ENSG00000183309.14","ENSG00000183309","ZNF623","protein_coding",375.306700690068,-1.61280679255491,0.117529326347831,-13.7225902902036,7.43605467502429e-43,1.7353189106353e-41,"Downregulated"
"ENSG00000047188.18","ENSG00000047188","YTHDC2","protein_coding",248.467629696814,-1.77703945079708,0.129587544523127,-13.7130420777434,8.48253956654561e-43,1.97634989386461e-41,"Downregulated"
"ENSG00000176022.7","ENSG00000176022","B3GALT6","protein_coding",273.473452915113,-3.60812162224537,0.263550498421754,-13.6904374829577,1.1580988073383e-42,2.68530686655146e-41,"Downregulated"
"ENSG00000013503.12","ENSG00000013503","POLR3B","protein_coding",177.474965957273,-1.88723642936319,0.137905778004922,-13.6849699604018,1.24858738885992e-42,2.89049975069616e-41,"Downregulated"
"ENSG00000090612.24","ENSG00000090612","ZNF268","protein_coding",173.430485157351,-2.91610447607064,0.213151491092665,-13.680901133377,1.32046056869592e-42,3.0423075614533e-41,"Downregulated"
"ENSG00000248008.5","ENSG00000248008","NRAV","lncRNA",68.4149694734128,-2.95705184248594,0.216260539375066,-13.6735617650405,1.46066798263553e-42,3.34936715258766e-41,"Downregulated"
"ENSG00000111203.15","ENSG00000111203","ITFG2","protein_coding",141.693794430146,-2.34709567168927,0.171740145326814,-13.6665522625641,1.60837052236003e-42,3.68222837441415e-41,"Downregulated"
"ENSG00000105948.15","ENSG00000105948","IFT56","protein_coding",97.2218407025756,-4.42787054661012,0.324232039151684,-13.6564867500298,1.8468118923356e-42,4.20156953590698e-41,"Downregulated"
"ENSG00000198677.15","ENSG00000198677","SKIC3","protein_coding",954.36221392307,-1.33940952196876,0.0981279237892536,-13.6496266327347,2.02915536414592e-42,4.60917234125433e-41,"Downregulated"
"ENSG00000166562.12","ENSG00000166562","SEC11C","protein_coding",126.829575373039,-2.40957896609533,0.176572590889993,-13.6463929874401,2.12121047764322e-42,4.81073274522778e-41,"Downregulated"
"ENSG00000136104.24","ENSG00000136104","RNASEH2B","protein_coding",454.080152265295,-1.2649537044685,0.0928267020311621,-13.6270456322347,2.76551054425537e-42,6.26215293864826e-41,"Downregulated"
"ENSG00000119285.13","ENSG00000119285","HEATR1","protein_coding",1057.54905851856,-1.09366251574321,0.0804235234018115,-13.5987888802019,4.07119269097784e-42,9.16144790025634e-41,"Downregulated"
"ENSG00000196652.14","ENSG00000196652","ZKSCAN5","protein_coding",189.209458396216,-1.74397764268493,0.128372956300285,-13.585241728059,4.89911849719518e-42,1.09904063872063e-40,"Downregulated"
"ENSG00000166189.8","ENSG00000166189","HPS6","protein_coding",186.079561689721,-3.00370828017328,0.221222210855138,-13.577788001315,5.42398730247681e-42,1.21490608945122e-40,"Downregulated"
"ENSG00000146038.14","ENSG00000146038","DCDC2","protein_coding",101.077583273963,-2.28132255099599,0.168179091732101,-13.5648404774953,6.47203165558036e-42,1.44074781494118e-40,"Downregulated"
"ENSG00000106692.17","ENSG00000106692","FKTN","protein_coding",608.229792754147,-2.09255703093758,0.154627788168207,-13.5328653130655,1.00046683907175e-41,2.21693661037123e-40,"Downregulated"
"ENSG00000014824.16","ENSG00000014824","SLC30A9","protein_coding",640.754585751662,-1.55783827775015,0.115150130973397,-13.5287581922946,1.05795702946623e-41,2.34075011771367e-40,"Downregulated"
"ENSG00000203880.15","ENSG00000203880","PCMTD2","protein_coding",785.046641733606,-1.82050390306575,0.134736236416784,-13.5116131449177,1.33562392125272e-41,2.94162034449762e-40,"Downregulated"
"ENSG00000119509.15","ENSG00000119509","INVS","protein_coding",279.513489328566,-2.40847721305266,0.178302632134899,-13.5078051524807,1.40652521047109e-41,3.08838838638591e-40,"Downregulated"
"ENSG00000178927.21","ENSG00000178927","CYBC1","protein_coding",225.544162159695,-2.40988944142418,0.178613666843747,-13.492189506038,1.73859586673139e-41,3.79453784648665e-40,"Downregulated"
"ENSG00000068885.17","ENSG00000068885","IFT80","protein_coding",66.1491464230161,-2.91648262499174,0.216324626170564,-13.481972333063,1.99696214122917e-41,4.33882688915939e-40,"Downregulated"
"ENSG00000213676.15","ENSG00000213676","ATF6B","protein_coding",405.186775589275,-1.30785798486991,0.097032556222181,-13.4785481882517,2.09182470506115e-41,4.53134882298148e-40,"Downregulated"
"ENSG00000136271.13","ENSG00000136271","DDX56","protein_coding",630.759872686893,-1.28059507197899,0.0950596004886656,-13.4714964653326,2.30153566364952e-41,4.95599626116031e-40,"Downregulated"
"ENSG00000009830.15","ENSG00000009830","POMT2","protein_coding",138.573174564843,-1.88931794953107,0.140306427204912,-13.4656550463778,2.49099250123101e-41,5.34806864116144e-40,"Downregulated"
"ENSG00000146676.10","ENSG00000146676","PURB","protein_coding",719.328997839287,-1.63696077938748,0.121601989253201,-13.4616282960551,2.63054702876912e-41,5.63100259097815e-40,"Downregulated"
"ENSG00000134982.21","ENSG00000134982","APC","protein_coding",282.817995800836,-1.56869444694646,0.116574054847052,-13.4566344887344,2.81446214618879e-41,6.00694925221914e-40,"Downregulated"
"ENSG00000164961.18","ENSG00000164961","WASHC5","protein_coding",411.610513200661,-1.64714936242317,0.122499497275981,-13.4461724256083,3.24225802116899e-41,6.89967742184742e-40,"Downregulated"
"ENSG00000119559.19","ENSG00000119559","C19orf25","protein_coding",240.836919471092,-1.78556484282574,0.132943903060177,-13.4309645025052,3.98191232043817e-41,8.46127175187536e-40,"Downregulated"
"ENSG00000188690.18","ENSG00000188690","UROS","protein_coding",164.107615232458,-2.9787372243925,0.221837296988576,-13.4275762679614,4.168320858973e-41,8.83147746904045e-40,"Downregulated"
"ENSG00000136319.14","ENSG00000136319","TTC5","protein_coding",78.998392821776,-2.86019154029682,0.213187177106646,-13.4163394774256,4.85088498902155e-41,1.02476713208309e-39,"Downregulated"
"ENSG00000137601.20","ENSG00000137601","NEK1","protein_coding",85.6814061398319,-3.28420902912436,0.245096792216264,-13.3996410129534,6.07563150709695e-41,1.27791076634033e-39,"Downregulated"
"ENSG00000105607.16","ENSG00000105607","GCDH","protein_coding",130.05124737315,-2.09915227915987,0.156710097891757,-13.3951309290216,6.45620871471989e-41,1.35599096657566e-39,"Downregulated"
"ENSG00000128581.18","ENSG00000128581","IFT22","protein_coding",107.323800152814,-3.03313038574398,0.226464023185958,-13.3934315176118,6.60568177012652e-41,1.38537684822972e-39,"Downregulated"
"ENSG00000167112.12","ENSG00000167112","TRUB2","protein_coding",425.760678087535,-1.79967170973042,0.134420478236936,-13.3883745492873,7.07113545127108e-41,1.4808510832344e-39,"Downregulated"
"ENSG00000115234.13","ENSG00000115234","SNX17","protein_coding",875.945699713145,-1.27242776092939,0.0950785737537829,-13.3829075331366,7.6110761258745e-41,1.59162648219586e-39,"Downregulated"
"ENSG00000116830.14","ENSG00000116830","TTF2","protein_coding",526.874321686184,-2.11854445609017,0.158341539631052,-13.3795873213469,7.95880269972397e-41,1.66194479429971e-39,"Downregulated"
"ENSG00000263753.11","ENSG00000263753","LINC00667","lncRNA",196.499090688112,-2.22371700084673,0.166464036768675,-13.3585430463692,1.05611040143546e-40,2.18645027680038e-39,"Downregulated"
"ENSG00000101246.22","ENSG00000101246","ARFRP1","protein_coding",134.588843541485,-4.09314792309147,0.306483057242266,-13.3552176094875,1.10434946406119e-40,2.28305740844148e-39,"Downregulated"
"ENSG00000106804.12","ENSG00000106804","C5","protein_coding",149.955928594673,-3.24947948100457,0.243322477356254,-13.3546210621838,1.11323196384936e-40,2.29814211112605e-39,"Downregulated"
"ENSG00000186666.7","ENSG00000186666","BCDIN3D","protein_coding",100.060280715452,-2.64023406818977,0.198618569936442,-13.2929870003326,2.54223289735472e-40,5.18172139922146e-39,"Downregulated"
"ENSG00000128973.15","ENSG00000128973","CLN6","protein_coding",263.561901745238,-2.27170497341895,0.170906750587782,-13.292072815182,2.57348918793284e-40,5.23806254375319e-39,"Downregulated"
"ENSG00000041353.12","ENSG00000041353","RAB27B","protein_coding",150.970970399998,-1.70112195973029,0.12801679084541,-13.2882721750503,2.70758373196235e-40,5.48787460749627e-39,"Downregulated"
"ENSG00000186687.18","ENSG00000186687","LYRM7","protein_coding",252.693097538066,-2.27858596019215,0.17165564169472,-13.2741687817316,3.26878087357844e-40,6.59765632589119e-39,"Downregulated"
"ENSG00000278291.1","ENSG00000278291","ENSG00000278291","lncRNA",363.525456582592,-2.77495524120501,0.209192773200724,-13.2650626441211,3.69112281741361e-40,7.42940998193862e-39,"Downregulated"
"ENSG00000250565.9","ENSG00000250565","ATP6V1E2","protein_coding",75.5347094867854,-2.83652739626958,0.213883425336192,-13.2620252916325,3.8437299038149e-40,7.72584379557358e-39,"Downregulated"
"ENSG00000166801.19","ENSG00000166801","FAM111A","protein_coding",433.798613198493,-1.82704046285403,0.138017267753721,-13.2377672199265,5.31041870242058e-40,1.06003564511679e-38,"Downregulated"
"ENSG00000171453.22","ENSG00000171453","POLR1C","protein_coding",284.1863951054,-1.21065722372864,0.0914729233906034,-13.2351430221482,5.49919552926792e-40,1.09620827524279e-38,"Downregulated"
"ENSG00000189339.14","ENSG00000189339","SLC35E2B","protein_coding",202.954002889455,-2.13892659715741,0.161818212113612,-13.2180832380948,6.89999332759635e-40,1.36604785933779e-38,"Downregulated"
"ENSG00000109919.12","ENSG00000109919","MTCH2","protein_coding",1015.73859698253,-1.12854019421772,0.0854040807198727,-13.2141249540447,7.27271524457993e-40,1.43745943024368e-38,"Downregulated"
"ENSG00000171914.19","ENSG00000171914","TLN2","protein_coding",631.039204164499,-1.79059434044414,0.13550691442919,-13.2140440802365,7.2805356182643e-40,1.43745943024368e-38,"Downregulated"
"ENSG00000135999.15","ENSG00000135999","EPC2","protein_coding",446.556585980039,-1.13393901503271,0.0858315195097384,-13.211219159461,7.55901199711694e-40,1.4883858948671e-38,"Downregulated"
"ENSG00000174238.17","ENSG00000174238","PITPNA","protein_coding",1318.21752349463,-1.58212930338769,0.119801637885019,-13.2062410107128,8.07576982012223e-40,1.58797905336786e-38,"Downregulated"
"ENSG00000244187.10","ENSG00000244187","TMEM141","protein_coding",414.787105869252,-1.66513173892543,0.126163633161974,-13.1981910887717,8.9867201010066e-40,1.75993983383497e-38,"Downregulated"
"ENSG00000140632.19","ENSG00000140632","GLYR1","protein_coding",1022.39679987018,-1.37048981372291,0.104024366329054,-13.174699948546,1.22714339796463e-39,2.39029060797088e-38,"Downregulated"
"ENSG00000136935.16","ENSG00000136935","GOLGA1","protein_coding",209.392528333165,-2.13484927993965,0.162477968305338,-13.1393154543126,1.9599173110464e-39,3.78708288955792e-38,"Downregulated"
"ENSG00000172500.15","ENSG00000172500","FIBP","protein_coding",405.61882829972,-1.33476476912569,0.101595091618253,-13.1380832269055,1.99209107648295e-39,3.83901381388177e-38,"Downregulated"
"ENSG00000142166.17","ENSG00000142166","IFNAR1","protein_coding",501.633152890538,-1.14260962184937,0.0870170871881133,-13.1308649688455,2.19139050142754e-39,4.2174808959745e-38,"Downregulated"
"ENSG00000274605.5","ENSG00000274605","PCCA-DT","lncRNA",171.174897957453,-1.87959084310795,0.14338235026059,-13.1089415098294,2.92654360313349e-39,5.57312350809599e-38,"Downregulated"
"ENSG00000204439.4","ENSG00000204439","C6orf47","protein_coding",190.2991847423,-2.11992695384084,0.162119650331744,-13.0763109191443,4.49743043713177e-39,8.50871565207749e-38,"Downregulated"
"ENSG00000075275.19","ENSG00000075275","CELSR1","protein_coding",696.269823292613,-1.41181019151821,0.107993916299114,-13.0730530005772,4.69429909041405e-39,8.86959353562977e-38,"Downregulated"
"ENSG00000137500.12","ENSG00000137500","CCDC90B","protein_coding",382.800425184676,-1.20372735074946,0.0921336047826666,-13.0650195831253,5.21712003591995e-39,9.79358854411295e-38,"Downregulated"
"ENSG00000177352.12","ENSG00000177352","CCDC71","protein_coding",108.784043017715,-2.96929319068274,0.227419163549226,-13.0564774944308,5.83665687331453e-39,1.09141717945902e-37,"Downregulated"
"ENSG00000150756.16","ENSG00000150756","ATPSCKMT","protein_coding",107.064065867182,-3.70825825241234,0.284111107163561,-13.0521410776014,6.17862342664152e-39,1.15238881208351e-37,"Downregulated"
"ENSG00000065328.19","ENSG00000065328","MCM10","protein_coding",140.575399281093,-2.60314214464109,0.199557983015483,-13.0445402649671,6.82675434310433e-39,1.27163655450216e-37,"Downregulated"
"ENSG00000164010.17","ENSG00000164010","ERMAP","protein_coding",148.697021531133,-2.71536512800923,0.208279767388473,-13.0371046696277,7.52611743046083e-39,1.40010903468855e-37,"Downregulated"
"ENSG00000152256.16","ENSG00000152256","PDK1","protein_coding",347.164940518594,-1.4012864308833,0.107516706843333,-13.0331970911756,7.92174502904147e-39,1.46805535755587e-37,"Downregulated"
"ENSG00000160180.19","ENSG00000160180","TFF3","protein_coding",210.779349532233,-2.870634657393,0.220270162188242,-13.0323355141481,8.01172102566751e-39,1.48283347514653e-37,"Downregulated"
"ENSG00000265491.7","ENSG00000265491","RNF115","protein_coding",318.044224910684,-1.18692874590413,0.0911587817430009,-13.0204542361084,9.36123721666299e-39,1.72819171648255e-37,"Downregulated"
"ENSG00000137310.15","ENSG00000137310","TCF19","protein_coding",307.21193005996,-3.02167117634141,0.23241907485675,-13.0009603480428,1.20816506908787e-38,2.22191981995195e-37,"Downregulated"
"ENSG00000223768.5","ENSG00000223768","LINC00205","lncRNA",94.9040969402688,-4.21035272868133,0.323950831960747,-12.9968881487284,1.27423578731248e-38,2.34045944610044e-37,"Downregulated"
"ENSG00000166377.23","ENSG00000166377","ATP9B","protein_coding",148.188246844359,-1.87688152757462,0.144530968660003,-12.9860163878776,1.46875306139746e-38,2.68075180929119e-37,"Downregulated"
"ENSG00000122435.13","ENSG00000122435","TRMT13","protein_coding",193.261314285988,-1.71878375362867,0.132450524909108,-12.976798354013,1.65661894174795e-38,3.01983920802658e-37,"Downregulated"
"ENSG00000187189.11","ENSG00000187189","TSPYL4","protein_coding",175.442781611607,-2.1334211527269,0.164752777628558,-12.9492272205376,2.37331097266679e-38,4.31002789672771e-37,"Downregulated"
"ENSG00000099783.15","ENSG00000099783","HNRNPM","protein_coding",1468.78610277218,-1.71378651110946,0.13247548121327,-12.9366317103651,2.79622609917828e-38,5.05273174928823e-37,"Downregulated"
"ENSG00000264247.3","ENSG00000264247","ZNF407-AS1","lncRNA",60.9697679962212,-4.79163694495449,0.370412184227207,-12.9359593150298,2.82079952735919e-38,5.09078788922657e-37,"Downregulated"
"ENSG00000139292.15","ENSG00000139292","LGR5","protein_coding",132.739204692498,-2.65566651914655,0.205522365195334,-12.921545139978,3.40239501049222e-38,6.10241441733332e-37,"Downregulated"
"ENSG00000122952.19","ENSG00000122952","ZWINT","protein_coding",369.789230722142,-2.34220055515162,0.181292476799697,-12.9194580850667,3.49594961551746e-38,6.26246005291459e-37,"Downregulated"
"ENSG00000134215.18","ENSG00000134215","VAV3","protein_coding",939.47802036122,-2.30653117497219,0.178716205258057,-12.9061109575468,4.15775482074421e-38,7.43878800768211e-37,"Downregulated"
"ENSG00000198130.18","ENSG00000198130","HIBCH","protein_coding",175.300612467981,-1.7490218397741,0.135563992821917,-12.9018170929186,4.39607444183446e-38,7.85547605561837e-37,"Downregulated"
"ENSG00000178401.18","ENSG00000178401","DNAJC22","protein_coding",396.518480146453,-1.12405326446234,0.0871352840739836,-12.9000929578418,4.49554561729221e-38,8.01346212617451e-37,"Downregulated"
"ENSG00000067533.8","ENSG00000067533","RRP15","protein_coding",304.309632838269,-1.46800164910747,0.1138453055158,-12.8947051655436,4.82103394055214e-38,8.57256734558056e-37,"Downregulated"
"ENSG00000132437.20","ENSG00000132437","DDC","protein_coding",555.925111480458,-1.52874859057741,0.118569501906807,-12.8932699049285,4.91162409457137e-38,8.72294808560396e-37,"Downregulated"
"ENSG00000256537.6","ENSG00000256537","SMIM10L1","protein_coding",219.547328511768,-2.13614383448601,0.16569600242823,-12.8919455097372,4.99671697785058e-38,8.86320960134768e-37,"Downregulated"
"ENSG00000177788.7","ENSG00000177788","RAB4A-AS1","lncRNA",118.646824953033,-2.85861888355156,0.221821625131301,-12.8870162314404,5.3265027913186e-38,9.41361932338892e-37,"Downregulated"
"ENSG00000173950.17","ENSG00000173950","XXYLT1","protein_coding",142.797570004741,-1.86883894861758,0.145075141502333,-12.8818688664696,5.69398664002388e-38,1.00263978599303e-36,"Downregulated"
"ENSG00000244649.6","ENSG00000244649","LINC02086","lncRNA",400.831058108879,-2.45782982071741,0.190808081371451,-12.8811620716037,5.74637636177496e-38,1.01063696886945e-36,"Downregulated"
"ENSG00000159176.16","ENSG00000159176","CSRP1","protein_coding",790.543035885125,-1.2521517635921,0.0974642172075551,-12.8472971872906,8.90681485769783e-38,1.55515133635852e-36,"Downregulated"
"ENSG00000128965.14","ENSG00000128965","CHAC1","protein_coding",277.719411528623,-2.03426858733402,0.158443151447475,-12.8391070787834,9.90098363548648e-38,1.72250966201045e-36,"Downregulated"
"ENSG00000108439.13","ENSG00000108439","PNPO","protein_coding",383.262788002179,-1.64828987228001,0.128393363383072,-12.8378120866123,1.00679739894134e-37,1.74619410313248e-36,"Downregulated"
"ENSG00000166275.18","ENSG00000166275","BORCS7","protein_coding",99.7888771421211,-4.77823629146055,0.372244557375146,-12.8362824836283,1.02688273037817e-37,1.77796708824856e-36,"Downregulated"
"ENSG00000235173.8","ENSG00000235173","HGH1","protein_coding",174.58927974966,-2.0042520746346,0.156158831000562,-12.8347020901263,1.0480534033582e-37,1.81245703120131e-36,"Downregulated"
"ENSG00000015171.23","ENSG00000015171","ZMYND11","protein_coding",680.715339566096,-1.17644779886542,0.0917168074157283,-12.82695976903,1.15820483807313e-37,1.99817910873283e-36,"Downregulated"
"ENSG00000204104.14","ENSG00000204104","TRAF3IP1","protein_coding",210.198695166908,-1.7374417236873,0.135750618153414,-12.7987757795975,1.66556204426422e-37,2.85342060513242e-36,"Downregulated"
"ENSG00000004766.19","ENSG00000004766","VPS50","protein_coding",302.646924930903,-1.23883569980613,0.096879627593095,-12.7873705812473,1.92890234011496e-37,3.30031318924982e-36,"Downregulated"
"ENSG00000174371.19","ENSG00000174371","EXO1","protein_coding",141.604501608992,-2.62006963125494,0.204933248577401,-12.7849904758884,1.9888717106802e-37,3.39684316812998e-36,"Downregulated"
"ENSG00000145604.19","ENSG00000145604","SKP2","protein_coding",362.501661344398,-2.32468760655632,0.181915454705236,-12.7789450892069,2.14965374031451e-37,3.66503317701623e-36,"Downregulated"
"ENSG00000141429.16","ENSG00000141429","GALNT1","protein_coding",618.432569581685,-1.0118709123993,0.0791907657282792,-12.7776376840609,2.18608938822518e-37,3.72277407921967e-36,"Downregulated"
"ENSG00000092094.13","ENSG00000092094","OSGEP","protein_coding",80.8031622896654,-2.75870708534376,0.215998000650265,-12.7719102817556,2.35307634167687e-37,3.99306584819453e-36,"Downregulated"
"ENSG00000106948.19","ENSG00000106948","AKNA","protein_coding",580.663717611622,-1.02187795485502,0.0800476606415996,-12.765869066809,2.5429648075299e-37,4.29518018539899e-36,"Downregulated"
"ENSG00000137274.16","ENSG00000137274","BPHL","protein_coding",107.888776472524,-1.97412281629015,0.154721305299757,-12.759217694457,2.76968619802326e-37,4.67267664514005e-36,"Downregulated"
"ENSG00000155729.15","ENSG00000155729","KCTD18","protein_coding",148.429505954576,-1.79317213182342,0.140660022682944,-12.7482713113543,3.1873487111698e-37,5.35859135989243e-36,"Downregulated"
"ENSG00000155393.16","ENSG00000155393","HEATR3","protein_coding",173.84183529305,-1.57269806804085,0.123673132139501,-12.7165702107946,4.7840199270901e-37,7.99654172818797e-36,"Downregulated"
"ENSG00000125637.18","ENSG00000125637","PSD4","protein_coding",620.753216155315,-1.96878587719683,0.154827188075043,-12.7160216605017,4.817712978608e-37,8.03432640805376e-36,"Downregulated"
"ENSG00000168792.6","ENSG00000168792","ABHD15","protein_coding",188.376426935131,-2.39502801552613,0.188898505410442,-12.6789145860216,7.73961890823537e-37,1.28332445329688e-35,"Downregulated"
"ENSG00000171823.9","ENSG00000171823","FBXL14","protein_coding",155.69290004428,-2.67490636416593,0.2111562097285,-12.6679029122813,8.90636576041567e-37,1.4717337810712e-35,"Downregulated"
"ENSG00000147475.19","ENSG00000147475","ERLIN2","protein_coding",844.963022116197,-1.39139718426629,0.109851847659481,-12.6661245478488,9.11053592061369e-37,1.50375725013136e-35,"Downregulated"
"ENSG00000005436.16","ENSG00000005436","GCFC2","protein_coding",111.537464664667,-1.83663432253836,0.145006933802304,-12.6658379318768,9.14387416485043e-37,1.50754293967022e-35,"Downregulated"
"ENSG00000185379.23","ENSG00000185379","RAD51D","protein_coding",133.58301170533,-2.69640742737333,0.213127292014992,-12.6516289954252,1.09578947051213e-36,1.80251770790713e-35,"Downregulated"
"ENSG00000119969.18","ENSG00000119969","HELLS","protein_coding",257.699521650442,-3.30060076182948,0.261233658556401,-12.6346688251004,1.35965393770238e-36,2.2340254949187e-35,"Downregulated"
"ENSG00000168887.13","ENSG00000168887","C2orf68","protein_coding",319.772685925959,-2.16791822326932,0.17172315974675,-12.6244953008463,1.54730282621558e-36,2.5337302324877e-35,"Downregulated"
"ENSG00000177082.15","ENSG00000177082","WDR73","protein_coding",187.086139416266,-2.04163787839702,0.161765364018391,-12.620982809181,1.61789423327473e-36,2.64037423745691e-35,"Downregulated"
"ENSG00000181638.22","ENSG00000181638","ZFP41","protein_coding",85.2789547802579,-3.95714456758883,0.313551930216939,-12.620380186628,1.63032294711044e-36,2.65766480872042e-35,"Downregulated"
"ENSG00000054219.13","ENSG00000054219","LY75","protein_coding",755.493433903639,-1.07453997104074,0.0851860341015791,-12.6140391717194,1.76699520793543e-36,2.87722410712363e-35,"Downregulated"
"ENSG00000106344.10","ENSG00000106344","RBM28","protein_coding",388.952772371147,-1.03893920641531,0.0824480334825788,-12.6011399245178,2.0811477465315e-36,3.38116515053078e-35,"Downregulated"
"ENSG00000150556.19","ENSG00000150556","LYPD6B","protein_coding",109.130856495514,-2.63947139267632,0.209650570619238,-12.5898602845687,2.40097961942837e-36,3.89205779024116e-35,"Downregulated"
"ENSG00000006756.18","ENSG00000006756","ARSD","protein_coding",1185.96965070355,-1.66985143918434,0.132952528092968,-12.5597569533743,3.51410557772228e-36,5.68375201253921e-35,"Downregulated"
"ENSG00000101935.14","ENSG00000101935","AMMECR1","protein_coding",217.523438427196,-2.15486945716841,0.171597230178843,-12.5577170151438,3.60587520425544e-36,5.81919192205678e-35,"Downregulated"
"ENSG00000291080.2","ENSG00000291080","ZNF252P","lncRNA",126.666357093612,-2.76965781684052,0.220589139022463,-12.5557306634144,3.69752187227587e-36,5.96045461323936e-35,"Downregulated"
"ENSG00000173918.17","ENSG00000173918","C1QTNF1","protein_coding",170.326380644258,-1.71457478395313,0.136639288153295,-12.5481829357129,4.06736553061565e-36,6.54209337066393e-35,"Downregulated"
"ENSG00000163344.8","ENSG00000163344","PMVK","protein_coding",183.150166151583,-1.64071441403939,0.130922126858361,-12.5319871698572,4.9896580200678e-36,7.98124989258527e-35,"Downregulated"
"ENSG00000160818.18","ENSG00000160818","GPATCH4","protein_coding",387.806807579753,-1.67504996177939,0.133665121397452,-12.5316907228075,5.00834621835698e-36,8.00231018703741e-35,"Downregulated"
"ENSG00000168496.6","ENSG00000168496","FEN1","protein_coding",490.440025001277,-2.08388862112623,0.166404657170245,-12.52301862558,5.58691860368379e-36,8.87780969348526e-35,"Downregulated"
"ENSG00000181991.18","ENSG00000181991","MRPS11","protein_coding",168.744144273243,-1.50349408427161,0.120079937130791,-12.520776744195,5.74699628790318e-36,9.12217636410655e-35,"Downregulated"
"ENSG00000104679.12","ENSG00000104679","R3HCC1","protein_coding",104.371882040256,-2.25454837946717,0.180145091081496,-12.5151807686351,6.16673263045095e-36,9.77771217510887e-35,"Downregulated"
"ENSG00000240230.7","ENSG00000240230","COX19","protein_coding",246.955254975636,-1.57111390792507,0.125674214252103,-12.5014818455392,7.32725839413271e-36,1.15797850215672e-34,"Downregulated"
"ENSG00000196814.17","ENSG00000196814","MVB12B","protein_coding",452.903222648442,-1.03225372830966,0.0825926519926952,-12.4981303227913,7.64276618539242e-36,1.2052118341535e-34,"Downregulated"
"ENSG00000277972.4","ENSG00000277972","CISD3","protein_coding",578.019077879141,-1.22001298650577,0.0976339748436475,-12.4957832399993,7.87171910846863e-36,1.23862055721962e-34,"Downregulated"
"ENSG00000170439.9","ENSG00000170439","TMT1B","protein_coding",167.694041269037,-2.31234561657459,0.185119516924106,-12.4910957796124,8.34956559448221e-36,1.31238508237783e-34,"Downregulated"
"ENSG00000163933.13","ENSG00000163933","RFT1","protein_coding",193.205192821535,-1.69132819440976,0.135485884232114,-12.4834273621611,9.19420607693922e-36,1.43890317998924e-34,"Downregulated"
"ENSG00000167528.15","ENSG00000167528","ZNF641","protein_coding",86.7160340176187,-2.11502905473138,0.169507597423956,-12.4774882475709,9.90625455305364e-36,1.54699828645316e-34,"Downregulated"
"ENSG00000104325.9","ENSG00000104325","DECR1","protein_coding",190.960236518339,-1.54038263934681,0.123481313113528,-12.4746214670603,1.02693051384044e-35,1.601967384992e-34,"Downregulated"
"ENSG00000117525.16","ENSG00000117525","F3","protein_coding",122.201947363114,-2.04910652731048,0.164605667714745,-12.4485782036466,1.42358564409593e-35,2.21121148491299e-34,"Downregulated"
"ENSG00000083099.13","ENSG00000083099","LYRM2","protein_coding",357.406048744406,-2.16148621242164,0.173663327495437,-12.4464171198057,1.46265067484924e-35,2.2670303294027e-34,"Downregulated"
"ENSG00000163214.23","ENSG00000163214","DHX57","protein_coding",197.627157935477,-1.78465998620866,0.143805136567463,-12.4102659251773,2.29887986116719e-35,3.54042156727257e-34,"Downregulated"
"ENSG00000101412.15","ENSG00000101412","E2F1","protein_coding",286.702740233584,-2.9789926195067,0.240075228089124,-12.4085797740065,2.34780375062264e-35,3.61192908216807e-34,"Downregulated"
"ENSG00000107290.16","ENSG00000107290","SETX","protein_coding",898.53054466937,-1.06367470516698,0.0858296176784402,-12.3928631390626,2.85659213821404e-35,4.37608174069745e-34,"Downregulated"
"ENSG00000183828.17","ENSG00000183828","NUDT14","protein_coding",149.33806454567,-1.75658859945265,0.14185720921029,-12.3827940027262,3.23868262577612e-35,4.95094816590164e-34,"Downregulated"
"ENSG00000115514.14","ENSG00000115514","TXNDC9","protein_coding",351.214687017015,-1.2889980906698,0.10432051692365,-12.3561321270407,4.51356767875435e-35,6.83496580987545e-34,"Downregulated"
"ENSG00000117054.17","ENSG00000117054","ACADM","protein_coding",231.301716325587,-1.82857716038889,0.148198025396598,-12.3387417308387,5.60245696128158e-35,8.45737565446798e-34,"Downregulated"
"ENSG00000176623.14","ENSG00000176623","RMDN1","protein_coding",227.041866720571,-1.78635014410435,0.144792917319164,-12.3372757257645,5.70538311934282e-35,8.60378898704642e-34,"Downregulated"
"ENSG00000160131.16","ENSG00000160131","VMA21","protein_coding",512.653183334571,-1.49359821790283,0.121080912368056,-12.3355381842735,5.82980882777978e-35,8.7822858141564e-34,"Downregulated"
"ENSG00000224870.10","ENSG00000224870","MRPL20-AS1","lncRNA",94.1206107957821,-2.14586729592106,0.173997488216969,-12.3327486960343,6.03522681230921e-35,9.08229563488941e-34,"Downregulated"
"ENSG00000140104.15","ENSG00000140104","CLBA1","protein_coding",37.1891246283799,-3.39420898780775,0.275612944147182,-12.3151290963866,7.50949166737913e-35,1.12309136474364e-33,"Downregulated"
"ENSG00000159063.16","ENSG00000159063","ALG8","protein_coding",345.237008973545,-1.96345337027221,0.159574307041643,-12.3043202046293,8.58562342947602e-35,1.28138882327463e-33,"Downregulated"
"ENSG00000176410.8","ENSG00000176410","DNAJC30","protein_coding",103.849558252784,-3.31989632273282,0.269849953611043,-12.3027492808765,8.75428305021589e-35,1.30521676917416e-33,"Downregulated"
"ENSG00000198663.19","ENSG00000198663","C6orf89","protein_coding",713.303531286617,-1.21659878756847,0.0989252329441962,-12.298164496158,9.26557556223599e-35,1.37861109905466e-33,"Downregulated"
"ENSG00000166068.15","ENSG00000166068","SPRED1","protein_coding",868.083777800074,-1.02027044629078,0.0829621761307978,-12.2980193369352,9.28223922704584e-35,1.37967395772665e-33,"Downregulated"
"ENSG00000130713.19","ENSG00000130713","EXOSC2","protein_coding",460.934904568083,-1.83004212652663,0.148818068719629,-12.2971769642731,9.37952944370711e-35,1.39128086692122e-33,"Downregulated"
"ENSG00000151233.13","ENSG00000151233","GXYLT1","protein_coding",424.432301663536,-1.23658547535741,0.100724643292942,-12.2768910857395,1.20541945404857e-34,1.78072769908989e-33,"Downregulated"
"ENSG00000254635.7","ENSG00000254635","WAC-AS1","lncRNA",170.980494168654,-2.40048126885083,0.195564010526379,-12.2746576038695,1.23914908762001e-34,1.82312168302429e-33,"Downregulated"
"ENSG00000167703.17","ENSG00000167703","SLC43A2","protein_coding",283.109405488365,-1.69711076577322,0.138319442714701,-12.2695026271447,1.32062071853721e-34,1.93708860860742e-33,"Downregulated"
"ENSG00000187713.7","ENSG00000187713","TMEM203","protein_coding",302.401107785786,-1.30914499580763,0.106907209744708,-12.2456193453542,1.77318256383674e-34,2.58520741600826e-33,"Downregulated"
"ENSG00000197062.14","ENSG00000197062","ZSCAN26","protein_coding",45.382776392668,-3.06060761701079,0.249994587833716,-12.2426955060585,1.83824562042834e-34,2.67737241520076e-33,"Downregulated"
"ENSG00000105926.18","ENSG00000105926","PALS2","protein_coding",87.2308077559516,-2.39273530255282,0.195780885968525,-12.2214959377469,2.38652296643534e-34,3.4447700029463e-33,"Downregulated"
"ENSG00000162591.19","ENSG00000162591","MEGF6","protein_coding",247.598856122963,-2.29064022659015,0.187464330318282,-12.2190724107409,2.45874097065445e-34,3.54548001459943e-33,"Downregulated"
"ENSG00000179409.12","ENSG00000179409","GEMIN4","protein_coding",672.336132872584,-1.03809932850958,0.0849718425283635,-12.2169803269014,2.52282564832821e-34,3.6270624301163e-33,"Downregulated"
"ENSG00000123191.20","ENSG00000123191","ATP7B","protein_coding",554.580100650256,-1.21449602187298,0.0994450981101186,-12.2127288821027,2.65821243841842e-34,3.81414006510492e-33,"Downregulated"
"ENSG00000130038.12","ENSG00000130038","CRACR2A","protein_coding",51.1811218068395,-2.98754023318288,0.244802563686598,-12.2038764144954,2.96371391976725e-34,4.24408519024378e-33,"Downregulated"
"ENSG00000115827.16","ENSG00000115827","DCAF17","protein_coding",256.378008860834,-1.31672804353197,0.107907139396493,-12.2024182171468,3.01727987423543e-34,4.31652714091015e-33,"Downregulated"
"ENSG00000110583.15","ENSG00000110583","NAA40","protein_coding",135.352530742722,-2.31376103320226,0.189734005699409,-12.1947619493571,3.31471240421102e-34,4.73269085338188e-33,"Downregulated"
"ENSG00000117318.11","ENSG00000117318","ID3","protein_coding",426.204197143184,-1.53519571962393,0.125939312396968,-12.1899642804537,3.51575451788765e-34,5.0098637633459e-33,"Downregulated"
"ENSG00000074621.16","ENSG00000074621","SLC24A1","protein_coding",96.0951465182418,-2.45380138129847,0.20130704500598,-12.1893467823025,3.54249487596174e-34,5.04300940495457e-33,"Downregulated"
"ENSG00000175283.8","ENSG00000175283","DOLK","protein_coding",167.629661343522,-2.84835026397586,0.233823738672419,-12.1816128685134,3.89502113305212e-34,5.53941572720229e-33,"Downregulated"
"ENSG00000175305.20","ENSG00000175305","CCNE2","protein_coding",89.8454013354522,-2.73912636529002,0.224981424368527,-12.1749000966553,4.22911595713904e-34,6.00277653779227e-33,"Downregulated"
"ENSG00000186141.12","ENSG00000186141","POLR3C","protein_coding",326.824953060943,-1.84070198519049,0.151335979457559,-12.1630163017956,4.89184817483879e-34,6.9298791544246e-33,"Downregulated"
"ENSG00000077097.19","ENSG00000077097","TOP2B","protein_coding",1277.24061434859,-1.05914560837704,0.0871173150322922,-12.1576934273565,5.22121544253246e-34,7.38203455543224e-33,"Downregulated"
"ENSG00000135069.16","ENSG00000135069","PSAT1","protein_coding",4727.66231356031,-1.03649501707682,0.0852925753065319,-12.1522302891169,5.58217242711513e-34,7.87700514252702e-33,"Downregulated"
"ENSG00000165282.18","ENSG00000165282","PIGO","protein_coding",373.094562650758,-1.69964877762487,0.14003328114775,-12.1374630637381,6.68672142509603e-34,9.3808293216352e-33,"Downregulated"
"ENSG00000175643.11","ENSG00000175643","RMI2","protein_coding",199.950217501241,-2.38455664371309,0.196633706739419,-12.1268966712463,7.60781908538e-34,1.06421345738733e-32,"Downregulated"
"ENSG00000104218.18","ENSG00000104218","CSPP1","protein_coding",170.086441678026,-1.22367665374093,0.100960165182294,-12.1203907653227,8.2365485857283e-34,1.14994279483983e-32,"Downregulated"
"ENSG00000092470.14","ENSG00000092470","WDR76","protein_coding",192.487484381623,-3.38432174030988,0.279280289535754,-12.1180114283597,8.47915500772871e-34,1.18153763819235e-32,"Downregulated"
"ENSG00000146540.17","ENSG00000146540","CHLSN","protein_coding",357.771169100913,-1.45910179417369,0.120481610641585,-12.1105767627418,9.28390395643609e-34,1.29243358440607e-32,"Downregulated"
"ENSG00000186376.18","ENSG00000186376","ZNF75D","protein_coding",86.3496567824885,-2.80068292022175,0.231336015788931,-12.1065581192384,9.75002318873001e-34,1.35602049953047e-32,"Downregulated"
"ENSG00000113391.21","ENSG00000113391","ARB2A","protein_coding",251.387378355471,-1.41969342791341,0.117343874583395,-12.0985729587824,1.07463016807167e-33,1.49314864771761e-32,"Downregulated"
"ENSG00000153132.15","ENSG00000153132","CLGN","protein_coding",71.1114063798095,-2.86121102666023,0.236676453428452,-12.0891241406285,1.20565152329713e-33,1.67039214872103e-32,"Downregulated"
"ENSG00000104738.21","ENSG00000104738","MCM4","protein_coding",887.642589864175,-1.60113143062377,0.132615415137356,-12.0734940878887,1.45809121302725e-33,2.01628414686937e-32,"Downregulated"
"ENSG00000147124.15","ENSG00000147124","ZNF41","protein_coding",112.29271165648,-2.48119947064572,0.205524135776757,-12.0725454519893,1.47500093531268e-33,2.03772293179707e-32,"Downregulated"
"ENSG00000101868.15","ENSG00000101868","POLA1","protein_coding",307.458383771681,-2.61299140212416,0.216479341748401,-12.0703960988622,1.51403786674127e-33,2.08966064426805e-32,"Downregulated"
"ENSG00000110318.17","ENSG00000110318","CEP126","protein_coding",58.6606306301954,-2.67238459786192,0.221460776643905,-12.0670785967618,1.57631439400616e-33,2.1694157832799e-32,"Downregulated"
"ENSG00000224511.3","ENSG00000224511","LINC00365","lncRNA",53.0109068482152,-3.61324270027293,0.299597388866654,-12.0603277416451,1.71100674014118e-33,2.3480975073983e-32,"Downregulated"
"ENSG00000165816.15","ENSG00000165816","VWA2","protein_coding",1026.74346821015,-1.93522565567983,0.160592391257426,-12.0505438677833,1.92674407119837e-33,2.63916588656018e-32,"Downregulated"
"ENSG00000135845.12","ENSG00000135845","PIGC","protein_coding",282.691966671183,-1.42255122648203,0.118105844127326,-12.0447149503324,2.06789996072543e-33,2.82450577104929e-32,"Downregulated"
"ENSG00000166510.16","ENSG00000166510","CCDC68","protein_coding",99.5062055013405,-2.14482543055238,0.178313697655836,-12.0283828934562,2.52049154158867e-33,3.4233330291193e-32,"Downregulated"
"ENSG00000100106.23","ENSG00000100106","TRIOBP","protein_coding",522.224354110484,-1.32826448038349,0.110441103594732,-12.0269033643272,2.56605718882879e-33,3.48195700192012e-32,"Downregulated"
"ENSG00000136044.14","ENSG00000136044","APPL2","protein_coding",654.554464601359,-1.05759050363406,0.0880084396361276,-12.0169214226123,2.89559837586443e-33,3.92177679093713e-32,"Downregulated"
"ENSG00000173905.11","ENSG00000173905","GOLIM4","protein_coding",948.096835595881,-1.36625306582042,0.113703435398095,-12.0159347959623,2.93036947999575e-33,3.96516475295036e-32,"Downregulated"
"ENSG00000185722.20","ENSG00000185722","ANKFY1","protein_coding",1016.28395752678,-1.52615574839924,0.127018319843004,-12.0152411895039,2.95506178464491e-33,3.99484658424198e-32,"Downregulated"
"ENSG00000112234.11","ENSG00000112234","FBXL4","protein_coding",379.357197097921,-1.18634572264602,0.0987566966388927,-12.012812933425,3.04314677531158e-33,4.11009161862212e-32,"Downregulated"
"ENSG00000128191.19","ENSG00000128191","DGCR8","protein_coding",237.259446828249,-1.87573622860524,0.156293338668701,-12.0013830696987,3.49408225567498e-33,4.71473371035772e-32,"Downregulated"
"ENSG00000188352.15","ENSG00000188352","FOCAD","protein_coding",594.78665201836,-1.56168294757557,0.130178097357942,-11.9965107746315,3.70592825774999e-33,4.99593602895933e-32,"Downregulated"
"ENSG00000157184.9","ENSG00000157184","CPT2","protein_coding",260.007332802684,-1.35959409933264,0.113387961517051,-11.9906388750818,3.9782492718437e-33,5.34812508789972e-32,"Downregulated"
"ENSG00000148297.18","ENSG00000148297","MED22","protein_coding",285.925186729136,-2.45502243854903,0.204844088954761,-11.9848341784039,4.26697318176068e-33,5.72034924607547e-32,"Downregulated"
"ENSG00000164631.20","ENSG00000164631","ZNF12","protein_coding",357.000885681191,-2.4428874876691,0.20389117402471,-11.9813302334168,4.45123350498125e-33,5.96185544863107e-32,"Downregulated"
"ENSG00000198198.18","ENSG00000198198","SZT2","protein_coding",249.857384750844,-1.71008256218907,0.142797349009649,-11.9755904017064,4.77029581148254e-33,6.38329888273361e-32,"Downregulated"
"ENSG00000177694.17","ENSG00000177694","NAALADL2","protein_coding",246.431241668736,-1.71280361973187,0.143025654788888,-11.9754992365533,4.77554250126394e-33,6.38442453213257e-32,"Downregulated"
"ENSG00000185504.19","ENSG00000185504","FAAP100","protein_coding",188.771223288621,-1.66098071529413,0.138979463912777,-11.9512672486387,6.39427007348836e-33,8.47036214853686e-32,"Downregulated"
"ENSG00000148484.20","ENSG00000148484","RSU1","protein_coding",430.635855577528,-1.5618992888622,0.130710620437552,-11.9492913707682,6.54811802475063e-33,8.66623985522248e-32,"Downregulated"
"ENSG00000143624.16","ENSG00000143624","INTS3","protein_coding",443.677080372079,-1.56430667714398,0.131199787027061,-11.9230885399328,8.97196850090309e-33,1.17679637271968e-31,"Downregulated"
"ENSG00000114904.15","ENSG00000114904","NEK4","protein_coding",288.135020369292,-1.62881285544303,0.136610081807491,-11.9230794235108,8.97295053722916e-33,1.17679637271968e-31,"Downregulated"
"ENSG00000142039.6","ENSG00000142039","CCDC97","protein_coding",496.277035317918,-1.00239579528479,0.0841152287735128,-11.9169359686796,9.65960699044709e-33,1.26456210032122e-31,"Downregulated"
"ENSG00000143458.14","ENSG00000143458","GABPB2","protein_coding",184.30362941005,-2.21219985445437,0.185695161102442,-11.9130721625749,1.01179400826209e-32,1.3233681198316e-31,"Downregulated"
"ENSG00000181396.15","ENSG00000181396","OGFOD3","protein_coding",248.770980727342,-1.65769181657347,0.139168867990182,-11.911369550627,1.03267019848595e-32,1.34945505107831e-31,"Downregulated"
"ENSG00000234678.3","ENSG00000234678","ELF3-AS1","lncRNA",239.20708722279,-3.53411688036377,0.296744121798271,-11.9096441033002,1.05426276247754e-32,1.37643026611032e-31,"Downregulated"
"ENSG00000117480.18","ENSG00000117480","FAAH","protein_coding",238.090357031297,-1.87974273723706,0.157875213306991,-11.9065095644993,1.09464234905956e-32,1.42786290932234e-31,"Downregulated"
"ENSG00000171135.17","ENSG00000171135","JAGN1","protein_coding",320.713431590547,-1.6141617002152,0.135648845313559,-11.8995609323764,1.1897144340535e-32,1.54769673054787e-31,"Downregulated"
"ENSG00000183840.8","ENSG00000183840","GPR39","protein_coding",195.905537889389,-1.47462136198897,0.124002703682018,-11.8918484694525,1.30486289395866e-32,1.6929340249999e-31,"Downregulated"
"ENSG00000113845.12","ENSG00000113845","TIMMDC1","protein_coding",347.896691041703,-1.04248433148553,0.0877856257307876,-11.8753420370041,1.58982466459162e-32,2.0552844816469e-31,"Downregulated"
"ENSG00000255302.6","ENSG00000255302","EID1","protein_coding",389.405085426058,-1.33019804702001,0.112302974908622,-11.8447267145181,2.29164164653811e-32,2.94419066858425e-31,"Downregulated"
"ENSG00000144579.11","ENSG00000144579","CTDSP1","protein_coding",1100.2430063705,-1.89237002878052,0.159786937156897,-11.8430834363036,2.33700010772069e-32,2.99980562985724e-31,"Downregulated"
"ENSG00000092853.16","ENSG00000092853","CLSPN","protein_coding",167.901321670444,-3.21768522015754,0.272095002499816,-11.8255947025698,2.8785684796275e-32,3.68843628707e-31,"Downregulated"
"ENSG00000027847.16","ENSG00000027847","B4GALT7","protein_coding",138.123654597105,-1.73595062152665,0.146841737180907,-11.8219155864928,3.00747526808396e-32,3.85020597041279e-31,"Downregulated"
"ENSG00000102743.18","ENSG00000102743","SLC25A15","protein_coding",475.140927157135,-1.19568794538663,0.101210720472039,-11.8138467922176,3.31060288858283e-32,4.22707110672619e-31,"Downregulated"
"ENSG00000167785.11","ENSG00000167785","ZNF558","protein_coding",192.164546549699,-1.58693849033431,0.134330309788773,-11.8137037935048,3.31623998298522e-32,4.23054135857586e-31,"Downregulated"
"ENSG00000169570.12","ENSG00000169570","DTWD2","protein_coding",109.979726808634,-2.12294899232537,0.179850600768005,-11.8039583035023,3.72373906796986e-32,4.73372162921221e-31,"Downregulated"
"ENSG00000146828.20","ENSG00000146828","SLC12A9","protein_coding",308.462916125956,-1.29759992319377,0.110037244320398,-11.7923702216271,4.27342214687548e-32,5.41349945389156e-31,"Downregulated"
"ENSG00000170291.19","ENSG00000170291","ELP5","protein_coding",115.409499746197,-2.08265651039128,0.176650797052967,-11.7896808004031,4.41210059527232e-32,5.58429360931759e-31,"Downregulated"
"ENSG00000161956.16","ENSG00000161956","SENP3","protein_coding",100.776245204523,-1.87917521533281,0.159531956286539,-11.779302774659,4.99041495164558e-32,6.2942640103784e-31,"Downregulated"
"ENSG00000155085.17","ENSG00000155085","AK9","protein_coding",68.1859764200453,-2.68853586383572,0.228258837126444,-11.7784524694937,5.04100711950372e-32,6.35254566746503e-31,"Downregulated"
"ENSG00000120697.12","ENSG00000120697","ALG5","protein_coding",446.382585449087,-1.39680790790952,0.118774035805926,-11.7602125618756,6.25765552853686e-32,7.83802453928748e-31,"Downregulated"
"ENSG00000196155.15","ENSG00000196155","PLEKHG4","protein_coding",166.895844150178,-2.62770184527004,0.22376017357284,-11.7433849076572,7.63675444816814e-32,9.53245869619748e-31,"Downregulated"
"ENSG00000178199.15","ENSG00000178199","ZC3H12D","protein_coding",58.8797951293802,-2.53344631943597,0.215762025616195,-11.7418545371953,7.77623090889022e-32,9.69820467570026e-31,"Downregulated"
"ENSG00000173638.21","ENSG00000173638","SLC19A1","protein_coding",211.69741947037,-2.47381077014393,0.21072385281932,-11.73958589427,7.98765947643518e-32,9.95332425902826e-31,"Downregulated"
"ENSG00000135775.16","ENSG00000135775","COG2","protein_coding",375.503394866145,-1.05698336869685,0.0902181283663573,-11.7158645145536,1.0570740847371e-31,1.31269217103771e-30,"Downregulated"
"ENSG00000130204.15","ENSG00000130204","TOMM40","protein_coding",942.140063884485,-1.01429876611295,0.0866294132166612,-11.7084801622305,1.1532836392344e-31,1.42971655259068e-30,"Downregulated"
"ENSG00000196659.10","ENSG00000196659","IFT70B","protein_coding",47.4168187847603,-4.67671910527798,0.399617967591224,-11.7029750525679,1.23062010369696e-31,1.52428602929713e-30,"Downregulated"
"ENSG00000186017.18","ENSG00000186017","ZNF566","protein_coding",106.882199966958,-1.79252363737469,0.153288221361772,-11.693811967093,1.37092240095686e-31,1.69084318592909e-30,"Downregulated"
"ENSG00000172831.16","ENSG00000172831","CES2","protein_coding",335.588791915017,-1.5819025041658,0.135287267765508,-11.692914864004,1.38548406901529e-31,1.70589933119538e-30,"Downregulated"
"ENSG00000253161.8","ENSG00000253161","LINC01605","lncRNA",236.315315218817,-1.61957352781369,0.138520530465562,-11.6919385333739,1.40150629494095e-31,1.72416207353856e-30,"Downregulated"
"ENSG00000103047.10","ENSG00000103047","TANGO6","protein_coding",131.167122426835,-1.88196871402288,0.160971228258409,-11.6913359883279,1.41148611252486e-31,1.73496664484396e-30,"Downregulated"
"ENSG00000132837.17","ENSG00000132837","DMGDH","protein_coding",54.031922303546,-3.39306827939646,0.290266518991635,-11.689492440202,1.44246065124569e-31,1.77153726761462e-30,"Downregulated"
"ENSG00000166260.15","ENSG00000166260","COX11","protein_coding",364.549011669364,-1.10879521803632,0.0948685259163824,-11.6877036648975,1.47315975906292e-31,1.80770797869093e-30,"Downregulated"
"ENSG00000160613.17","ENSG00000160613","PCSK7","protein_coding",369.325040276033,-1.8803912629726,0.160891681958732,-11.6873118614977,1.47997004048393e-31,1.81452841173376e-30,"Downregulated"
"ENSG00000173085.16","ENSG00000173085","COQ2","protein_coding",108.32504039425,-1.9784872806218,0.169511550166527,-11.6716959916781,1.77842042509965e-31,2.17126106154542e-30,"Downregulated"
"ENSG00000075391.20","ENSG00000075391","RASAL2","protein_coding",342.872254382575,-1.71178205224588,0.146772964793855,-11.6627885431769,1.9746744717078e-31,2.40681097089903e-30,"Downregulated"
"ENSG00000126773.15","ENSG00000126773","PCNX4","protein_coding",193.898354861754,-1.83216405664238,0.157098540327109,-11.6625148319486,1.98103392948962e-31,2.41253308455156e-30,"Downregulated"
"ENSG00000152413.17","ENSG00000152413","HOMER1","protein_coding",213.681258580312,-1.20387779738013,0.103341086594168,-11.6495562128923,2.30656862598461e-31,2.8019105220259e-30,"Downregulated"
"ENSG00000243479.4","ENSG00000243479","MNX1-AS1","lncRNA",37.7850287469456,-2.94699012284755,0.253068272266851,-11.6450398797525,2.43207863332064e-31,2.9494295861157e-30,"Downregulated"
"ENSG00000135842.19","ENSG00000135842","NIBAN1","protein_coding",245.611900733513,-4.86863153503433,0.418165885814866,-11.6428233392281,2.49613414484798e-31,3.02457993537934e-30,"Downregulated"
"ENSG00000134779.17","ENSG00000134779","TPGS2","protein_coding",295.905810755879,-1.1404504477502,0.0980238829339142,-11.6344141204758,2.7547511636765e-31,3.33237511385642e-30,"Downregulated"
"ENSG00000128951.16","ENSG00000128951","DUT","protein_coding",453.603953644645,-1.54967071682362,0.133240928429973,-11.6305908033212,2.88096656533505e-31,3.4792472887363e-30,"Downregulated"
"ENSG00000099991.20","ENSG00000099991","CABIN1","protein_coding",408.032266532813,-1.11436098322388,0.0958135167748671,-11.6305195836021,2.88337133460129e-31,3.47925207169374e-30,"Downregulated"
"ENSG00000144724.20","ENSG00000144724","PTPRG","protein_coding",463.57329976759,-1.314020406018,0.112983795808781,-11.6301669333353,2.89530814112862e-31,3.49074921640898e-30,"Downregulated"
"ENSG00000182810.7","ENSG00000182810","DDX28","protein_coding",81.8215893854694,-3.15471329952293,0.271263709486031,-11.6296916587192,2.91147328927272e-31,3.50732093999504e-30,"Downregulated"
"ENSG00000125375.20","ENSG00000125375","DMAC2L","protein_coding",150.68191409242,-2.10062352244841,0.18065391971376,-11.6278878741008,2.97364350479758e-31,3.57923934148891e-30,"Downregulated"
"ENSG00000158079.17","ENSG00000158079","PTPDC1","protein_coding",169.006896003808,-1.64709198894119,0.141682627616463,-11.6252219248777,3.06795065630284e-31,3.68968804241832e-30,"Downregulated"
"ENSG00000139209.18","ENSG00000139209","SLC38A4","protein_coding",636.989943226142,-3.05453466094463,0.262861089465355,-11.620337826178,3.24849177377403e-31,3.89389104925833e-30,"Downregulated"
"ENSG00000171848.18","ENSG00000171848","RRM2","protein_coding",1865.1497609334,-1.62645095503033,0.140145610663264,-11.6054362839683,3.86710271898896e-31,4.6201197529751e-30,"Downregulated"
"ENSG00000137700.19","ENSG00000137700","SLC37A4","protein_coding",444.193521903285,-1.22817479880889,0.106000931818898,-11.5864528521997,4.8271198366595e-31,5.74744024787466e-30,"Downregulated"
"ENSG00000100023.21","ENSG00000100023","PPIL2","protein_coding",198.72961286447,-2.1450259124952,0.185134670999992,-11.586300399104,4.83571660796945e-31,5.7489093587115e-30,"Downregulated"
"ENSG00000158006.16","ENSG00000158006","PAFAH2","protein_coding",137.819871654739,-1.59112298993199,0.137416375405051,-11.5788455723852,5.27516402437275e-31,6.24572524846486e-30,"Downregulated"
"ENSG00000185085.3","ENSG00000185085","INTS5","protein_coding",252.97444582928,-1.52288144646185,0.131529179176011,-11.5782783409904,5.31018026132558e-31,6.27692759764521e-30,"Downregulated"
"ENSG00000198924.10","ENSG00000198924","DCLRE1A","protein_coding",214.079224545911,-1.70743469287623,0.147487967035798,-11.5767728526748,5.40423970191167e-31,6.37770698372182e-30,"Downregulated"
"ENSG00000124596.19","ENSG00000124596","OARD1","protein_coding",261.888191471385,-1.2712923389505,0.109840680869501,-11.5739663018012,5.58402368457866e-31,6.58451352619317e-30,"Downregulated"
"ENSG00000170604.5","ENSG00000170604","IRF2BP1","protein_coding",445.76183691438,-1.70718709672648,0.147624840736149,-11.5643619882222,6.24537810391317e-31,7.3464301527524e-30,"Downregulated"
"ENSG00000125445.13","ENSG00000125445","MRPS7","protein_coding",529.540654350043,-1.20768085740349,0.104436267992593,-11.5638071008928,6.28587933456612e-31,7.38807488374146e-30,"Downregulated"
"ENSG00000111554.17","ENSG00000111554","MDM1","protein_coding",74.8527356489684,-2.22514558158788,0.192515337346477,-11.5582769261817,6.70404963081078e-31,7.8731837317431e-30,"Downregulated"
"ENSG00000118965.18","ENSG00000118965","WDR35","protein_coding",148.146472671795,-2.26089768186285,0.195684532753095,-11.5537883861037,7.06366675272159e-31,8.28879826562277e-30,"Downregulated"
"ENSG00000163808.19","ENSG00000163808","KIF15","protein_coding",208.24828348449,-1.31507792384159,0.113864363161725,-11.5495128354931,7.42400543756703e-31,8.69052397425052e-30,"Downregulated"
"ENSG00000124160.14","ENSG00000124160","NCOA5","protein_coding",440.833057961391,-2.01326689635143,0.17450110751923,-11.537272885959,8.55960691237423e-31,9.97152921013885e-30,"Downregulated"
"ENSG00000142185.20","ENSG00000142185","TRPM2","protein_coding",110.218350294043,-1.60629842524609,0.139313057909167,-11.5301354327705,9.29973033232451e-31,1.08076737751441e-29,"Downregulated"
"ENSG00000204099.14","ENSG00000204099","NEU4","protein_coding",252.456817569143,-3.9522751123369,0.342831538261304,-11.5283300141555,9.49679921695104e-31,1.10190243596521e-29,"Downregulated"
"ENSG00000108528.16","ENSG00000108528","SLC25A11","protein_coding",803.058106208346,-1.07265869765542,0.0930502819302916,-11.5277318392114,9.56300236094434e-31,1.10869624171844e-29,"Downregulated"
"ENSG00000102595.24","ENSG00000102595","UGGT2","protein_coding",402.24353799906,-1.00843379219046,0.0874866519201783,-11.5267160196111,9.67647959270545e-31,1.12095557360102e-29,"Downregulated"
"ENSG00000148429.17","ENSG00000148429","USP6NL","protein_coding",645.905549548627,-1.12382615961561,0.0975252219372794,-11.523441190817,1.00514895581098e-30,1.16346794469751e-29,"Downregulated"
"ENSG00000160959.10","ENSG00000160959","LRRC14","protein_coding",199.031485893856,-2.03673820002887,0.176999738399705,-11.5070124873826,1.2161886806402e-30,1.401033891879e-29,"Downregulated"
"ENSG00000106355.12","ENSG00000106355","LSM5","protein_coding",426.60866972649,-1.06172780422853,0.092399745597476,-11.4905922885737,1.470998944929e-30,1.68786355581244e-29,"Downregulated"
"ENSG00000143971.11","ENSG00000143971","ETAA1","protein_coding",128.083700585654,-1.5437177036571,0.13434909165989,-11.4903471589156,1.47517909244804e-30,1.69132083922129e-29,"Downregulated"
"ENSG00000146802.15","ENSG00000146802","TMEM168","protein_coding",509.546618715214,-1.02859778222776,0.0895294166283971,-11.4889364966722,1.49946501600028e-30,1.71649104046905e-29,"Downregulated"
"ENSG00000223501.11","ENSG00000223501","VPS52","protein_coding",298.42076825911,-1.57003017311413,0.136662393583775,-11.4883848580604,1.50906958461222e-30,1.72471896058362e-29,"Downregulated"
"ENSG00000137033.14","ENSG00000137033","IL33","protein_coding",80.8246841427238,-2.6058566993833,0.2268815097191,-11.4855401950101,1.55957578815844e-30,1.7810380080372e-29,"Downregulated"
"ENSG00000164815.13","ENSG00000164815","ORC5","protein_coding",217.71353989634,-1.29489257351089,0.112766263568592,-11.4829784417149,1.60649292906295e-30,1.83029052892926e-29,"Downregulated"
"ENSG00000171307.21","ENSG00000171307","ZDHHC16","protein_coding",234.261549746796,-1.77212900745509,0.154369824668586,-11.4797630382728,1.66736859952873e-30,1.89815441825376e-29,"Downregulated"
"ENSG00000164574.18","ENSG00000164574","GALNT10","protein_coding",449.540708442487,-1.42947841570817,0.124622080044691,-11.470506792982,1.85569294695712e-30,2.10923154410216e-29,"Downregulated"
"ENSG00000165055.18","ENSG00000165055","METTL2B","protein_coding",305.663471482334,-1.15847983570425,0.101037001162946,-11.465896873126,1.95721345586397e-30,2.2211384026923e-29,"Downregulated"
"ENSG00000119638.16","ENSG00000119638","NEK9","protein_coding",675.57952009169,-1.51222510372519,0.131927363989303,-11.4625583199541,2.03415933818062e-30,2.3066539224502e-29,"Downregulated"
"ENSG00000075407.21","ENSG00000075407","ZNF37A","protein_coding",178.068245333221,-2.27574170497145,0.198979113330054,-11.437088380209,2.72890578320435e-30,3.08481299611524e-29,"Downregulated"
"ENSG00000133111.5","ENSG00000133111","RFXAP","protein_coding",68.6179205608351,-2.85318798522776,0.249508117455677,-11.435251142619,2.78729045688557e-30,3.14835645371674e-29,"Downregulated"
"ENSG00000057019.18","ENSG00000057019","DCBLD2","protein_coding",558.365532103855,-1.43460088161647,0.125489114211653,-11.4320743327332,2.89118451431183e-30,3.260626146413e-29,"Downregulated"
"ENSG00000108312.18","ENSG00000108312","UBTF","protein_coding",633.00514098182,-1.07145936608487,0.0937897207762046,-11.4240596647209,3.17069057687647e-30,3.57306748367759e-29,"Downregulated"
"ENSG00000198176.15","ENSG00000198176","TFDP1","protein_coding",2264.12809849994,-1.44266673544985,0.12630228095601,-11.4223331877302,3.23432484510393e-30,3.6419452723579e-29,"Downregulated"
"ENSG00000170144.25","ENSG00000170144","HNRNPA3","protein_coding",1676.83023776669,-1.25680537443367,0.110037840536843,-11.4215743266324,3.26269433314122e-30,3.66250707016907e-29,"Downregulated"
"ENSG00000064199.9","ENSG00000064199","SPA17","protein_coding",60.8712469316489,-2.07157818799485,0.181538261011227,-11.4112483861831,3.67417871020771e-30,4.11485300373495e-29,"Downregulated"
"ENSG00000127952.19","ENSG00000127952","STYXL1","protein_coding",346.203336582325,-1.00273542150464,0.0879226384286652,-11.4047467117151,3.95928002389355e-30,4.43072479585061e-29,"Downregulated"
"ENSG00000177830.20","ENSG00000177830","CHID1","protein_coding",736.831830795176,-1.00889588701234,0.0885278004017196,-11.3963735960251,4.35900562453538e-30,4.86572470605629e-29,"Downregulated"
"ENSG00000011143.21","ENSG00000011143","MKS1","protein_coding",85.221339689252,-2.28233486452921,0.200269368216127,-11.3963252835858,4.3614245053596e-30,4.86572470605629e-29,"Downregulated"
"ENSG00000213625.10","ENSG00000213625","LEPROT","protein_coding",298.144226261705,-1.03210806532359,0.0906041229054694,-11.3914028658544,4.61498996963005e-30,5.14069443811519e-29,"Downregulated"
"ENSG00000198498.12","ENSG00000198498","TMA16","protein_coding",128.271381210708,-1.77975183479758,0.156257501448354,-11.3898649236102,4.6971730282568e-30,5.22020180410258e-29,"Downregulated"
"ENSG00000141994.18","ENSG00000141994","DUS3L","protein_coding",164.167947365424,-1.53277058895974,0.134618556401711,-11.3860275279275,4.90862009702755e-30,5.45101321426232e-29,"Downregulated"
"ENSG00000225733.8","ENSG00000225733","FGD5-AS1","lncRNA",1401.86954149717,-1.14746356103765,0.100875343524412,-11.3750647179701,5.56615544186086e-30,6.15761256972883e-29,"Downregulated"
"ENSG00000168291.15","ENSG00000168291","PDHB","protein_coding",565.550085826942,-1.19024825718636,0.104647426778292,-11.3738893905919,5.64164176019354e-30,6.23635944994087e-29,"Downregulated"
"ENSG00000162302.15","ENSG00000162302","RPS6KA4","protein_coding",451.222394204365,-1.74626857164718,0.153556974436654,-11.372121507692,5.75710294449104e-30,6.35914145362532e-29,"Downregulated"
"ENSG00000159445.15","ENSG00000159445","THEM4","protein_coding",106.739815176478,-1.75359357859461,0.154210291299029,-11.3714432663526,5.80201896211914e-30,6.40387348050499e-29,"Downregulated"
"ENSG00000081692.15","ENSG00000081692","JMJD4","protein_coding",138.691052067909,-2.63229683647267,0.231639091075528,-11.3637850340829,6.33395869647207e-30,6.98567195047742e-29,"Downregulated"
"ENSG00000165675.21","ENSG00000165675","ENOX2","protein_coding",244.282329705381,-1.55666831122831,0.137049085601142,-11.3584728011884,6.73110277750357e-30,7.4011488203021e-29,"Downregulated"
"ENSG00000135749.22","ENSG00000135749","PCNX2","protein_coding",82.3686709822808,-2.87590330893061,0.253877126654399,-11.3279338979031,9.54292399639289e-30,1.04532165197072e-28,"Downregulated"
"ENSG00000164885.15","ENSG00000164885","CDK5","protein_coding",120.993522787047,-2.04491275823586,0.180587547522614,-11.3236642630621,1.00194508176611e-29,1.09669094599354e-28,"Downregulated"
"ENSG00000113621.17","ENSG00000113621","TXNDC15","protein_coding",92.7394256591527,-1.9173365296385,0.169338016049243,-11.322540409833,1.01487602244806e-29,1.11000628809942e-28,"Downregulated"
"ENSG00000176209.14","ENSG00000176209","SMIM19","protein_coding",134.848636592585,-1.85365876443018,0.163804576652172,-11.3162818909895,1.089973950562e-29,1.1903468343289e-28,"Downregulated"
"ENSG00000254004.9","ENSG00000254004","ZNF260","protein_coding",259.397911330514,-1.91798903616487,0.169541784406894,-11.3127807571128,1.13436414313677e-29,1.2341745617371e-28,"Downregulated"
"ENSG00000132313.16","ENSG00000132313","MRPL35","protein_coding",385.000410332211,-1.17676391662073,0.104029230054025,-11.3118583691296,1.14635452189774e-29,1.24535005482324e-28,"Downregulated"
"ENSG00000113448.21","ENSG00000113448","PDE4D","protein_coding",150.825484849875,-1.48680403255684,0.131470773017905,-11.3090080664115,1.18420693484392e-29,1.28550763294068e-28,"Downregulated"
"ENSG00000135406.16","ENSG00000135406","PRPH","protein_coding",44.0073407705618,-2.99236461566234,0.264665191309988,-11.3062265606267,1.22234088690864e-29,1.32491878332685e-28,"Downregulated"
"ENSG00000137522.20","ENSG00000137522","RNF121","protein_coding",178.656018582712,-1.51428103799619,0.13397851384412,-11.3024170409743,1.27655332825537e-29,1.38058289799081e-28,"Downregulated"
"ENSG00000153187.23","ENSG00000153187","HNRNPU","protein_coding",5596.12412880365,-1.05265492180709,0.0932417676725864,-11.2895212959007,1.4783965164484e-29,1.59411624377755e-28,"Downregulated"
"ENSG00000065457.13","ENSG00000065457","ADAT1","protein_coding",214.466106752193,-1.82318041210673,0.161578649982084,-11.2835477478546,1.58233243634123e-29,1.70238765163008e-28,"Downregulated"
"ENSG00000136059.18","ENSG00000136059","VILL","protein_coding",337.660251580531,-1.0895632276795,0.0965710319249106,-11.2825057987027,1.60119027399469e-29,1.72139832720556e-28,"Downregulated"
"ENSG00000183048.14","ENSG00000183048","SLC25A10","protein_coding",125.831783276313,-2.47122952681923,0.219087713640904,-11.2796353832497,1.65430210063083e-29,1.77717909876516e-28,"Downregulated"
"ENSG00000266962.4","ENSG00000266962","HSD17B1-AS1","lncRNA",80.0422413277712,-2.2824491445143,0.202376249880999,-11.2782460681844,1.68063306014537e-29,1.8041284672316e-28,"Downregulated"
"ENSG00000140854.15","ENSG00000140854","KATNB1","protein_coding",166.907344455004,-1.58323132164196,0.140433819723772,-11.273860703612,1.76650526569303e-29,1.8935054963331e-28,"Downregulated"
"ENSG00000136870.12","ENSG00000136870","ZNF189","protein_coding",207.262030738426,-1.70075489181248,0.151051472836426,-11.2594393147972,2.08078348822188e-29,2.2237989905097e-28,"Downregulated"
"ENSG00000182150.22","ENSG00000182150","ERCC6L2","protein_coding",294.529170433374,-2.1768603008274,0.193504424558267,-11.2496668011429,2.32468580224977e-29,2.48080608587656e-28,"Downregulated"
"ENSG00000226137.6","ENSG00000226137","BAIAP2-DT","lncRNA",90.9860141360026,-4.21390324487292,0.374783313419897,-11.2435722028845,2.49094504675837e-29,2.64847950239342e-28,"Downregulated"
"ENSG00000100211.14","ENSG00000100211","CBY1","protein_coding",111.683754645659,-1.61718376647809,0.144065659452665,-11.2253244293061,3.06260340405374e-29,3.24201961516047e-28,"Downregulated"
"ENSG00000146263.14","ENSG00000146263","MMS22L","protein_coding",372.030197007827,-1.25392933003351,0.111729866049561,-11.2228661356964,3.14896281747805e-29,3.32614935502127e-28,"Downregulated"
"ENSG00000109881.19","ENSG00000109881","CCDC34","protein_coding",128.816949027101,-1.54490157298035,0.13768217020938,-11.220781678782,3.22407940503711e-29,3.40053557043652e-28,"Downregulated"
"ENSG00000135048.16","ENSG00000135048","CEMIP2","protein_coding",1590.27321312557,-1.08610358880916,0.0969062218849515,-11.2077797243875,3.73443555880167e-29,3.9302425648623e-28,"Downregulated"
"ENSG00000131153.11","ENSG00000131153","GINS2","protein_coding",294.747650549896,-3.23365877589956,0.288649895388752,-11.2027020537959,3.95483710005758e-29,4.1528464311455e-28,"Downregulated"
"ENSG00000148225.19","ENSG00000148225","WDR31","protein_coding",70.9112989812184,-3.03509961004943,0.271190780322523,-11.1917507167457,4.47509257631075e-29,4.68591341155313e-28,"Downregulated"
"ENSG00000094914.16","ENSG00000094914","AAAS","protein_coding",292.452220208982,-1.25518489889775,0.112277541349426,-11.1793051736982,5.1491545767741e-29,5.36845669975613e-28,"Downregulated"
"ENSG00000150433.12","ENSG00000150433","TMEM218","protein_coding",66.2186709695821,-2.47003434585398,0.22134759185703,-11.1590748520517,6.46609370508771e-29,6.7029062928563e-28,"Downregulated"
"ENSG00000177971.9","ENSG00000177971","IMP3","protein_coding",364.426322986177,-1.13937927669497,0.102265565880469,-11.141377519259,7.88895788305718e-29,8.14293288043196e-28,"Downregulated"
"ENSG00000134897.16","ENSG00000134897","BIVM","protein_coding",136.898024832416,-1.86651489924625,0.167979195591273,-11.1115837450958,1.10187682593892e-28,1.1301060836169e-27,"Downregulated"
"ENSG00000196391.12","ENSG00000196391","ZNF774","protein_coding",54.9812300955426,-2.98282669257736,0.26846484010049,-11.1106791170898,1.11309733336634e-28,1.14080668706824e-27,"Downregulated"
"ENSG00000272502.1","ENSG00000272502","SNTB1-AS1","lncRNA",115.245602011458,-2.09329088109515,0.188423178471942,-11.1095189990485,1.12765283929928e-28,1.15490777011485e-27,"Downregulated"
"ENSG00000253276.5","ENSG00000253276","CCDC71L","protein_coding",498.882744977742,-1.63892490025544,0.147724103997569,-11.0944988387434,1.33405623704457e-28,1.36340923746473e-27,"Downregulated"
"ENSG00000163807.8","ENSG00000163807","KIAA1143","protein_coding",256.766184204903,-1.77928362151949,0.160399167755558,-11.0928482137205,1.3589088519241e-28,1.38685261141438e-27,"Downregulated"
"ENSG00000038532.19","ENSG00000038532","CLEC16A","protein_coding",259.345280776079,-1.26663454930492,0.114256606693804,-11.0858757839656,1.46905711516458e-28,1.49715722313397e-27,"Downregulated"
"ENSG00000093217.13","ENSG00000093217","XYLB","protein_coding",90.9313821053605,-1.94455719988708,0.175469945705608,-11.0819957917439,1.53414149365379e-28,1.55800830595871e-27,"Downregulated"
"ENSG00000172888.13","ENSG00000172888","ZNF621","protein_coding",364.326339883288,-1.38388937830014,0.124892404479574,-11.0806528552862,1.55732832782102e-28,1.5793423461709e-27,"Downregulated"
"ENSG00000148300.14","ENSG00000148300","REXO4","protein_coding",391.013413279817,-1.12252786542916,0.101321934749194,-11.0788238322512,1.58946794032123e-28,1.61080904833114e-27,"Downregulated"
"ENSG00000118762.10","ENSG00000118762","PKD2","protein_coding",38.2841991803989,-2.65753546481815,0.239913722858735,-11.0770465030171,1.62132934173693e-28,1.64080340924941e-27,"Downregulated"
"ENSG00000188761.14","ENSG00000188761","BCL2L15","protein_coding",220.167266790337,-1.23748301177252,0.11173455068128,-11.0752046186896,1.65501657295942e-28,1.6702298172234e-27,"Downregulated"
"ENSG00000165152.11","ENSG00000165152","PGAP4","protein_coding",82.0792718891283,-1.86533437857957,0.168423461408853,-11.0752644731093,1.65391102495558e-28,1.6702298172234e-27,"Downregulated"
"ENSG00000112167.12","ENSG00000112167","SAYSD1","protein_coding",156.207728384185,-1.6426297283011,0.148629239125528,-11.0518612486052,2.14716412279827e-28,2.1563896373938e-27,"Downregulated"
"ENSG00000091140.17","ENSG00000091140","DLD","protein_coding",1159.54436022491,-1.12731956057164,0.102069945938457,-11.0445787955189,2.32857122626074e-28,2.33211155569943e-27,"Downregulated"
"ENSG00000171792.13","ENSG00000171792","RHNO1","protein_coding",422.607028766277,-1.43893899462035,0.130477786895257,-11.0282296232958,2.79309122599549e-28,2.78195725409805e-27,"Downregulated"
"ENSG00000198464.16","ENSG00000198464","ZNF480","protein_coding",130.964154669994,-1.94745369787721,0.176973674080678,-11.0041999636025,3.64738907647312e-28,3.61298444950433e-27,"Downregulated"
"ENSG00000177602.5","ENSG00000177602","HASPIN","protein_coding",247.352089135105,-2.0549608112172,0.186761317698268,-11.0031393895881,3.69055424939777e-28,3.65324536764156e-27,"Downregulated"
"ENSG00000170915.11","ENSG00000170915","PAQR8","protein_coding",1163.8678321818,-1.84747048645498,0.167943374850542,-11.0005559201076,3.79783314871809e-28,3.75175173764299e-27,"Downregulated"
"ENSG00000289047.3","ENSG00000289047","ENSG00000289047","lncRNA",157.349309541762,-2.17630300952912,0.197862863248423,-10.9990473896898,3.86189956817212e-28,3.81244199877046e-27,"Downregulated"
"ENSG00000166166.15","ENSG00000166166","TRMT61A","protein_coding",125.690997126936,-1.82000212513543,0.1654873762781,-10.9978305661027,3.91435755106938e-28,3.8563473575865e-27,"Downregulated"
"ENSG00000116138.15","ENSG00000116138","DNAJC16","protein_coding",256.784223107519,-1.2046979688974,0.109557572505481,-10.9960264849528,3.99343600296723e-28,3.92891205397157e-27,"Downregulated"
"ENSG00000135392.21","ENSG00000135392","DNAJC14","protein_coding",301.558265034854,-1.24781811916838,0.113582923602539,-10.9859658440812,4.4643751887074e-28,4.37817547570093e-27,"Downregulated"
"ENSG00000181873.15","ENSG00000181873","IBA57","protein_coding",106.976075998088,-1.64462935785496,0.150446637667946,-10.9316458203929,8.13592394676906e-28,7.85515055540155e-27,"Downregulated"
"ENSG00000214114.11","ENSG00000214114","MYCBP","protein_coding",241.866178015737,-1.45592764425002,0.133208611780029,-10.9296810828885,8.31401005934513e-28,8.01640943313571e-27,"Downregulated"
"ENSG00000132549.21","ENSG00000132549","VPS13B","protein_coding",262.108720754096,-1.12849445477062,0.103289680086127,-10.9255295769106,8.70312248596602e-28,8.38044193133685e-27,"Downregulated"
"ENSG00000139291.16","ENSG00000139291","TMEM19","protein_coding",148.312611797867,-2.79810181122512,0.25615774971289,-10.9233541220648,8.91418143910993e-28,8.57228383646855e-27,"Downregulated"
"ENSG00000106003.14","ENSG00000106003","LFNG","protein_coding",374.117904214545,-2.81011545843326,0.257431826132928,-10.9159597732963,9.67024292757354e-28,9.26859527158702e-27,"Downregulated"
"ENSG00000185483.14","ENSG00000185483","ROR1","protein_coding",34.7509157823006,-2.59494280284491,0.237873003077193,-10.9089420374569,1.04464984909232e-27,9.99278258286858e-27,"Downregulated"
"ENSG00000173540.16","ENSG00000173540","GMPPB","protein_coding",141.694371472594,-1.86965716909226,0.171389093251386,-10.9088456775364,1.04575762983282e-27,9.99678072001133e-27,"Downregulated"
"ENSG00000100299.20","ENSG00000100299","ARSA","protein_coding",119.178418416256,-1.46023466056052,0.133883393524521,-10.9067646264364,1.06996831165159e-27,1.02214771077488e-26,"Downregulated"
"ENSG00000184178.19","ENSG00000184178","SCFD2","protein_coding",106.39743968087,-1.93547469519041,0.177607797196695,-10.897464670692,1.18513592521024e-27,1.13067740804126e-26,"Downregulated"
"ENSG00000197557.7","ENSG00000197557","IFT70A","protein_coding",51.9956273639534,-5.84207229957319,0.536301528738588,-10.8932605754716,1.241154795306e-27,1.18178812704169e-26,"Downregulated"
"ENSG00000145743.19","ENSG00000145743","FBXL17","protein_coding",230.629570853697,-1.55100107917104,0.142386265895658,-10.8929121036689,1.24591430087166e-27,1.18554104059304e-26,"Downregulated"
"ENSG00000175893.15","ENSG00000175893","ZDHHC21","protein_coding",108.229122126663,-2.12293374170007,0.194976448432533,-10.888154742621,1.31273086733778e-27,1.24748168717764e-26,"Downregulated"
"ENSG00000145022.7","ENSG00000145022","TCTA","protein_coding",186.597527759808,-2.30379535668755,0.211602863125213,-10.8873543706462,1.3243160967698e-27,1.25766637446841e-26,"Downregulated"
"ENSG00000119004.19","ENSG00000119004","CYP20A1","protein_coding",226.288222923864,-1.40123123933686,0.128798547070224,-10.8792472524777,1.44753370368683e-27,1.37288340535534e-26,"Downregulated"
"ENSG00000174606.16","ENSG00000174606","ANGEL2","protein_coding",239.465435725973,-1.18727684717507,0.109143430967465,-10.8781338157585,1.46532144850603e-27,1.38884489416281e-26,"Downregulated"
"ENSG00000165392.13","ENSG00000165392","WRN","protein_coding",294.788610731436,-1.14088193153326,0.104945861069903,-10.871147465009,1.58198549871183e-27,1.49746138780744e-26,"Downregulated"
"ENSG00000138380.20","ENSG00000138380","CARF","protein_coding",48.0021897964768,-3.08449178401285,0.283867361616068,-10.8659613646765,1.67450152724435e-27,1.5798747482308e-26,"Downregulated"
"ENSG00000172794.22","ENSG00000172794","RAB37","protein_coding",54.7359844773921,-2.69389349340659,0.247961149113535,-10.8641757107406,1.7075822011929e-27,1.61003781780661e-26,"Downregulated"
"ENSG00000164494.14","ENSG00000164494","PDSS2","protein_coding",354.824019507351,-1.14588445701531,0.105500420241165,-10.8614207829306,1.75989502409069e-27,1.65828339981289e-26,"Downregulated"
"ENSG00000107758.18","ENSG00000107758","PPP3CB","protein_coding",264.746890994986,-1.39620787710737,0.128590671565186,-10.8577695420122,1.83168426747973e-27,1.72145060987784e-26,"Downregulated"
"ENSG00000258056.4","ENSG00000258056","CD63-AS1","lncRNA",45.1956533884585,-3.04958982291747,0.28117700621394,-10.8458008852869,2.08799053840415e-27,1.95725477894909e-26,"Downregulated"
"ENSG00000176055.11","ENSG00000176055","MBLAC2","protein_coding",106.732395789561,-2.24175067046225,0.206784958654683,-10.840975499605,2.20111358994856e-27,2.0606290791689e-26,"Downregulated"
"ENSG00000120925.18","ENSG00000120925","RNF170","protein_coding",181.817738818518,-1.90992421199389,0.176328603082996,-10.8316187992195,2.4380651115387e-27,2.2765747162641e-26,"Downregulated"
"ENSG00000074370.21","ENSG00000074370","ATP2A3","protein_coding",523.009148191003,-1.3011191984478,0.120302855836905,-10.8153641856327,2.91134039246448e-27,2.69591980623612e-26,"Downregulated"
"ENSG00000177370.7","ENSG00000177370","TIMM22","protein_coding",207.387833672739,-1.305574121898,0.120725248747567,-10.8144247822419,2.94132034102604e-27,2.72194216999677e-26,"Downregulated"
"ENSG00000112118.22","ENSG00000112118","MCM3","protein_coding",1909.08343626337,-1.88432814208854,0.17450398614449,-10.7981954092917,3.51034867594317e-27,3.236130598713e-26,"Downregulated"
"ENSG00000155254.14","ENSG00000155254","MARVELD1","protein_coding",258.647176371634,-2.29130865465063,0.212267904091888,-10.7944188003984,3.65769382248755e-27,3.36768099590149e-26,"Downregulated"
"ENSG00000272711.1","ENSG00000272711","HK2-DT","lncRNA",28.7443060861574,-4.94606431486556,0.458319326961384,-10.7917428393376,3.76579335662595e-27,3.46280947488726e-26,"Downregulated"
"ENSG00000113790.13","ENSG00000113790","EHHADH","protein_coding",195.981132364558,-1.53505403150718,0.142346903390342,-10.7838948016859,4.10143642606573e-27,3.76666772411562e-26,"Downregulated"
"ENSG00000007541.19","ENSG00000007541","PIGQ","protein_coding",155.859928435556,-2.44662438720629,0.227067970332562,-10.7748546993351,4.52495987054834e-27,4.14773677697575e-26,"Downregulated"
"ENSG00000185219.20","ENSG00000185219","ZNF445","protein_coding",299.4245448841,-1.59624992582343,0.148221722250471,-10.7693386744354,4.80439661606283e-27,4.39831432469884e-26,"Downregulated"
"ENSG00000136925.17","ENSG00000136925","TSTD2","protein_coding",361.81272318668,-1.35511175695338,0.125845069255606,-10.7680957622661,4.86968639136435e-27,4.45246026395282e-26,"Downregulated"
"ENSG00000133422.16","ENSG00000133422","MORC2","protein_coding",327.724910551704,-1.42408573085075,0.132294520276796,-10.7645103355088,5.06299821383575e-27,4.62629067559317e-26,"Downregulated"
"ENSG00000163946.16","ENSG00000163946","TASOR","protein_coding",820.937287056441,-1.57003536629322,0.145927566803211,-10.7590046259763,5.374755446066e-27,4.90188520606598e-26,"Downregulated"
"ENSG00000067221.16","ENSG00000067221","STOML1","protein_coding",83.5764086496769,-2.20488136180503,0.205020556225104,-10.7544404444214,5.64757349403973e-27,5.14099466555425e-26,"Downregulated"
"ENSG00000055732.15","ENSG00000055732","MCOLN3","protein_coding",95.6276626211968,-2.12016998068011,0.197422147308703,-10.7392711992179,6.65677898933083e-27,6.0293775695864e-26,"Downregulated"
"ENSG00000118894.17","ENSG00000118894","EEF2KMT","protein_coding",105.533064537445,-2.58936204594524,0.241115812240089,-10.7390802033627,6.67056363594723e-27,6.03808920750451e-26,"Downregulated"
"ENSG00000135829.19","ENSG00000135829","DHX9","protein_coding",1841.83994070102,-1.81500873321106,0.16933251921998,-10.7186070435365,8.32475931868212e-27,7.49331751840629e-26,"Downregulated"
"ENSG00000157911.13","ENSG00000157911","PEX10","protein_coding",183.965934544605,-1.36232763374758,0.127112012595117,-10.7175364934778,8.42165674600762e-27,7.56643828661763e-26,"Downregulated"
"ENSG00000114631.13","ENSG00000114631","PODXL2","protein_coding",145.861546167058,-1.27752218270827,0.119244825817093,-10.7134391278983,8.80295828084723e-27,7.88945401397886e-26,"Downregulated"
"ENSG00000114395.13","ENSG00000114395","CYB561D2","protein_coding",72.8510079678258,-3.38760799844419,0.316314785459676,-10.7096100282547,9.17474707785328e-27,8.21250368451203e-26,"Downregulated"
"ENSG00000124659.7","ENSG00000124659","TBCC","protein_coding",150.781344157668,-1.91782942409277,0.17910913513363,-10.707602505377,9.3758471631002e-27,8.38733191899062e-26,"Downregulated"
"ENSG00000183665.5","ENSG00000183665","TYW2","protein_coding",75.6680949332987,-2.29788690682305,0.214666123070511,-10.7044692192455,9.69848583317755e-27,8.67060189354775e-26,"Downregulated"
"ENSG00000173349.6","ENSG00000173349","SFT2D3","protein_coding",345.51917093912,-1.34956628568115,0.126191516445963,-10.6945880649517,1.07898028618015e-26,9.63436987512185e-26,"Downregulated"
"ENSG00000149929.18","ENSG00000149929","HIRIP3","protein_coding",171.282839076202,-2.44147169922483,0.228540704030994,-10.6828746746738,1.22420930081689e-26,1.09042662491938e-25,"Downregulated"
"ENSG00000114491.16","ENSG00000114491","UMPS","protein_coding",428.027194282924,-1.0988991588356,0.102957396660519,-10.6733386281998,1.35662516040766e-26,1.2054084503144e-25,"Downregulated"
"ENSG00000155876.6","ENSG00000155876","RRAGA","protein_coding",297.828225034317,-1.01988839390859,0.0955988313163667,-10.6684190576918,1.43039341408334e-26,1.27017532824116e-25,"Downregulated"
"ENSG00000211584.16","ENSG00000211584","SLC48A1","protein_coding",354.430937316553,-1.21617771093068,0.114016085426798,-10.6667204577156,1.45677633131262e-26,1.29281093652067e-25,"Downregulated"
"ENSG00000164690.8","ENSG00000164690","SHH","protein_coding",477.290572120051,-2.46437764004813,0.2310600297102,-10.6655298328274,1.475556345026e-26,1.30867579878316e-25,"Downregulated"
"ENSG00000188917.17","ENSG00000188917","TRMT2B","protein_coding",213.649204686905,-1.53631174765647,0.144172434816076,-10.656071319156,1.63352896871372e-26,1.44436252682119e-25,"Downregulated"
"ENSG00000081026.21","ENSG00000081026","MAGI3","protein_coding",476.743592757192,-1.20090104629229,0.112697464518243,-10.6559721767111,1.63527060269016e-26,1.44502082769425e-25,"Downregulated"
"ENSG00000174306.24","ENSG00000174306","ZHX3","protein_coding",200.15247975919,-1.48448853603141,0.139330202592339,-10.6544633425591,1.66200460513705e-26,1.46774958791262e-25,"Downregulated"
"ENSG00000254685.10","ENSG00000254685","FPGT","protein_coding",90.7614340606151,-1.98074770913513,0.186163326863472,-10.6398383747609,1.94466374478215e-26,1.71423765142232e-25,"Downregulated"
"ENSG00000160214.15","ENSG00000160214","RRP1","protein_coding",217.637353298741,-1.59046922824422,0.14975797479157,-10.6202639990144,2.3988174302639e-26,2.10816629468675e-25,"Downregulated"
"ENSG00000061987.18","ENSG00000061987","MON2","protein_coding",326.740976251151,-1.07849025625095,0.101560616127339,-10.6191779586953,2.42688817920608e-26,2.1315432420033e-25,"Downregulated"
"ENSG00000152926.19","ENSG00000152926","ZNF117","protein_coding",58.4481580709292,-2.54023655258417,0.239250060495083,-10.6174959677236,2.47100638379982e-26,2.16897786275148e-25,"Downregulated"
"ENSG00000242366.5","ENSG00000242366","UGT1A8","protein_coding",29.5651323043985,-3.08668750529948,0.290761047391097,-10.6158907219358,2.5138527635206e-26,2.20525146785354e-25,"Downregulated"
"ENSG00000234616.11","ENSG00000234616","JRK","protein_coding",171.415393048159,-1.7576973944106,0.165601534538559,-10.6140163453699,2.56481547706655e-26,2.24723735753618e-25,"Downregulated"
"ENSG00000196453.10","ENSG00000196453","ZNF777","protein_coding",197.167463870271,-1.31582438213717,0.124018594246083,-10.6098959606513,2.6804737429981e-26,2.34715561834009e-25,"Downregulated"
"ENSG00000249673.10","ENSG00000249673","NOP14-AS1","lncRNA",60.545257603306,-3.06262528877332,0.288979730815882,-10.598062639641,3.0421690135948e-26,2.66065862070101e-25,"Downregulated"
"ENSG00000134851.15","ENSG00000134851","TMEM165","protein_coding",348.027762332201,-1.09809328290295,0.103634581380997,-10.5958191587224,3.11600858873504e-26,2.72359447936962e-25,"Downregulated"
"ENSG00000132467.4","ENSG00000132467","UTP3","protein_coding",157.347323869619,-1.2266059621039,0.115842914153795,-10.5885281897815,3.36846338736791e-26,2.93540417376643e-25,"Downregulated"
"ENSG00000021300.15","ENSG00000021300","PLEKHB1","protein_coding",168.078296170232,-1.58617911078133,0.149884357896684,-10.5826860990704,3.58529659136636e-26,3.12248306502892e-25,"Downregulated"
"ENSG00000166415.17","ENSG00000166415","WDR72","protein_coding",277.935304156479,-1.89889194421319,0.179434886764734,-10.5826240284194,3.58767312976013e-26,3.12267621600504e-25,"Downregulated"
"ENSG00000137168.10","ENSG00000137168","PPIL1","protein_coding",290.98339998409,-1.50804289984402,0.142584758216821,-10.5764663678205,3.83136508304599e-26,3.32878553857929e-25,"Downregulated"
"ENSG00000154252.13","ENSG00000154252","GAL3ST2","protein_coding",92.3308037773082,-4.24865313542686,0.401800808037244,-10.5740283504682,3.93232315585604e-26,3.41036667711943e-25,"Downregulated"
"ENSG00000178988.13","ENSG00000178988","MRFAP1L1","protein_coding",193.719098251309,-1.87773214823399,0.177648951856674,-10.5699027695302,4.10920439819444e-26,3.55525911275426e-25,"Downregulated"
"ENSG00000177383.6","ENSG00000177383","MAGEF1","protein_coding",223.983227433999,-1.92764208287181,0.182463026866686,-10.5645626731832,4.34991431799869e-26,3.7590315024709e-25,"Downregulated"
"ENSG00000267795.8","ENSG00000267795","SMIM22","protein_coding",211.658434097228,-1.55642663754731,0.147330379023991,-10.5641935346808,4.36706085058584e-26,3.77159987167402e-25,"Downregulated"
"ENSG00000125207.8","ENSG00000125207","PIWIL1","protein_coding",35.6615315504216,-2.91054895370911,0.275512293737483,-10.5641345953236,4.36980478738253e-26,3.77172191654245e-25,"Downregulated"
"ENSG00000113966.13","ENSG00000113966","ARL6","protein_coding",38.3125312250302,-2.84986759819938,0.26993723612887,-10.5575193666087,4.68889176048618e-26,4.04232120124722e-25,"Downregulated"
"ENSG00000262879.8","ENSG00000262879","ENSG00000262879","lncRNA",97.2775206150526,-1.5421931226797,0.14627262426787,-10.5432792390152,5.45625023534305e-26,4.6954856538356e-25,"Downregulated"
"ENSG00000155792.12","ENSG00000155792","DEPTOR","protein_coding",106.272830900132,-2.51116975438855,0.238209540373141,-10.5418521460347,5.5396982797624e-26,4.76164338495354e-25,"Downregulated"
"ENSG00000148334.18","ENSG00000148334","PTGES2","protein_coding",752.805915817952,-1.00691087078833,0.095532662850555,-10.5399644555441,5.65202565829162e-26,4.85243814217785e-25,"Downregulated"
"ENSG00000081307.17","ENSG00000081307","UBA5","protein_coding",281.090072981591,-1.12634460527918,0.10686913669981,-10.5394751006834,5.68151144370245e-26,4.87486464429461e-25,"Downregulated"
"ENSG00000007923.19","ENSG00000007923","DNAJC11","protein_coding",334.588526781498,-1.37907341444838,0.130851629231383,-10.5392147010243,5.69726377272765e-26,4.88548796416385e-25,"Downregulated"
"ENSG00000205356.12","ENSG00000205356","TECPR1","protein_coding",169.596106567697,-1.3291431281993,0.126328586161975,-10.5213172139448,6.89034795015706e-26,5.89462352382976e-25,"Downregulated"
"ENSG00000186001.16","ENSG00000186001","LRCH3","protein_coding",194.12075170914,-1.7528512166528,0.166629720249794,-10.5194392334399,7.02906762896199e-26,6.00974914919865e-25,"Downregulated"
"ENSG00000115392.15","ENSG00000115392","FANCL","protein_coding",282.359261469038,-1.60244841007489,0.152428728825201,-10.5127715911907,7.54431846771501e-26,6.44267903559965e-25,"Downregulated"
"ENSG00000047932.16","ENSG00000047932","GOPC","protein_coding",638.36256847717,-1.05360350143918,0.100256483199013,-10.5090809872887,7.8454320584498e-26,6.68800008182673e-25,"Downregulated"
"ENSG00000097046.15","ENSG00000097046","CDC7","protein_coding",88.8318668502629,-2.94012307836363,0.280154770122979,-10.4946386494615,9.14268591401021e-26,7.76645980456248e-25,"Downregulated"
"ENSG00000076770.18","ENSG00000076770","MBNL3","protein_coding",95.3739564742868,-2.52048274877981,0.240181561113921,-10.4940726385916,9.1976417749245e-26,7.80399441464906e-25,"Downregulated"
"ENSG00000115282.23","ENSG00000115282","TTC31","protein_coding",116.188071233958,-2.10543356830723,0.200662492955277,-10.4924120960487,9.36076571707949e-26,7.93311209192491e-25,"Downregulated"
"ENSG00000198830.15","ENSG00000198830","HMGN2","protein_coding",634.490818518037,-1.1898236616357,0.113416578414418,-10.4907384640731,9.52807665201233e-26,8.07018625604691e-25,"Downregulated"
"ENSG00000101342.12","ENSG00000101342","TLDC2","protein_coding",121.493136275738,-1.88370568925099,0.179586506160065,-10.4891271038596,9.69196192548885e-26,8.2042004803846e-25,"Downregulated"
"ENSG00000166004.16","ENSG00000166004","CEP295","protein_coding",189.473936035696,-1.30474707906903,0.124402744088086,-10.4880892188775,9.79899740332204e-26,8.28996324395464e-25,"Downregulated"
"ENSG00000154930.17","ENSG00000154930","ACSS1","protein_coding",684.753195835793,-1.60566596663705,0.153097447666472,-10.4878689430215,9.8218643858052e-26,8.30446083308571e-25,"Downregulated"
"ENSG00000160606.12","ENSG00000160606","TLCD1","protein_coding",91.2385437948124,-1.7735466075272,0.169211065805069,-10.4812684624913,1.05321525830862e-25,8.87911316079612e-25,"Downregulated"
"ENSG00000197013.13","ENSG00000197013","ZNF429","protein_coding",67.8683697636496,-1.68461433743353,0.160739551774381,-10.4803971321141,1.06296438086573e-25,8.95609291134082e-25,"Downregulated"
"ENSG00000185875.15","ENSG00000185875","THNSL1","protein_coding",74.7309849357443,-2.03521631860296,0.194463413339444,-10.4658057968488,1.2401682153138e-25,1.04309447337943e-24,"Downregulated"
"ENSG00000177302.18","ENSG00000177302","TOP3A","protein_coding",478.988374013406,-1.11451566182896,0.106552768991043,-10.4597531568856,1.3219961661206e-25,1.10998658397565e-24,"Downregulated"
"ENSG00000138463.11","ENSG00000138463","SLC49A4","protein_coding",158.004900888574,-1.19599234513959,0.114479456348583,-10.4472224387393,1.50879340883784e-25,1.26316776897042e-24,"Downregulated"
"ENSG00000146243.15","ENSG00000146243","IRAK1BP1","protein_coding",120.304243176374,-2.03976808763388,0.195424879253796,-10.4376069997969,1.6696655033901e-25,1.39382445133234e-24,"Downregulated"
"ENSG00000100413.19","ENSG00000100413","POLR3H","protein_coding",175.180423955708,-2.22002640331416,0.212721800482713,-10.4362900195299,1.69298379533901e-25,1.41247675083782e-24,"Downregulated"
"ENSG00000033011.16","ENSG00000033011","ALG1","protein_coding",132.229432518239,-2.49522489631457,0.239367448375044,-10.4242448722811,1.92179789119071e-25,1.5987769827288e-24,"Downregulated"
"ENSG00000175764.19","ENSG00000175764","TTLL11","protein_coding",79.6708026962256,-4.25377552600786,0.40821968786154,-10.4203095845065,2.00300137222862e-25,1.66537555285927e-24,"Downregulated"
"ENSG00000213977.10","ENSG00000213977","TAX1BP3","protein_coding",141.657566583449,-1.4473484471199,0.139028605332345,-10.4104363534399,2.2220081337353e-25,1.84218202941029e-24,"Downregulated"
"ENSG00000132436.15","ENSG00000132436","FIGNL1","protein_coding",227.728079827191,-2.34949086772271,0.225778729431138,-10.4061656899318,2.32394173789767e-25,1.92558968928605e-24,"Downregulated"
"ENSG00000172878.16","ENSG00000172878","METAP1D","protein_coding",86.7484570566164,-2.40956524209115,0.231571543738313,-10.4052734770127,2.34581552599088e-25,1.94260334872342e-24,"Downregulated"
"ENSG00000204852.19","ENSG00000204852","TCTN1","protein_coding",61.9459328348659,-2.79375222010927,0.268584209833864,-10.4017738862511,2.43359996315705e-25,2.00955730291009e-24,"Downregulated"
"ENSG00000111602.14","ENSG00000111602","TIMELESS","protein_coding",606.266751197862,-1.32064437656816,0.127061762475507,-10.393719958219,2.64818687736708e-25,2.18426432708046e-24,"Downregulated"
"ENSG00000180035.14","ENSG00000180035","ZNF48","protein_coding",123.918040461368,-2.70605346990627,0.260372028871453,-10.3930267841569,2.6675091597768e-25,2.19895009917437e-24,"Downregulated"
"ENSG00000183340.9","ENSG00000183340","JRKL","protein_coding",175.604447962383,-1.62019827963365,0.156039561818964,-10.3832532003223,2.9552955293384e-25,2.43065509711533e-24,"Downregulated"
"ENSG00000111237.20","ENSG00000111237","VPS29","protein_coding",620.859974732245,-1.05051561021944,0.101232089965415,-10.3772984493192,3.1455038650618e-25,2.58269926416292e-24,"Downregulated"
"ENSG00000198700.12","ENSG00000198700","IPO9","protein_coding",1007.31813801954,-1.34922628200518,0.130083072869372,-10.3720357479567,3.32367504666911e-25,2.72282073354035e-24,"Downregulated"
"ENSG00000224789.2","ENSG00000224789","ENSG00000224789","lncRNA",50.0390246101182,-1.85193442459398,0.178609621924117,-10.3686151095532,3.44480819830326e-25,2.81727767549722e-24,"Downregulated"
"ENSG00000183317.19","ENSG00000183317","EPHA10","protein_coding",82.8519900222736,-2.05610400246448,0.198340174940141,-10.3665533373913,3.51992313302958e-25,2.87708550726817e-24,"Downregulated"
"ENSG00000143353.14","ENSG00000143353","LYPLAL1","protein_coding",107.387975071605,-1.81463341658932,0.175050738867361,-10.366328233349,3.52822181202738e-25,2.88224298195608e-24,"Downregulated"
"ENSG00000132570.17","ENSG00000132570","PCBD2","protein_coding",94.3627970327465,-2.63474649695472,0.254177363974247,-10.3657794532076,3.54853446068033e-25,2.89720345939038e-24,"Downregulated"
"ENSG00000137834.17","ENSG00000137834","SMAD6","protein_coding",249.391105645344,-1.76642708600413,0.170422278983795,-10.3650009642935,3.57754853525229e-25,2.91760457922769e-24,"Downregulated"
"ENSG00000166171.15","ENSG00000166171","DPCD","protein_coding",45.0095333100192,-2.84109988528709,0.274181521430998,-10.3621129186931,3.68725373011846e-25,3.00538138677597e-24,"Downregulated"
"ENSG00000165533.21","ENSG00000165533","TTC8","protein_coding",67.4428855178189,-2.01003450472041,0.194159954224544,-10.3524669273244,4.07839277024296e-25,3.31858888413032e-24,"Downregulated"
"ENSG00000183978.9","ENSG00000183978","COA3","protein_coding",454.876254077226,-1.32373362604936,0.127919205785479,-10.3482007875289,4.26423913959593e-25,3.46397722034889e-24,"Downregulated"
"ENSG00000153214.13","ENSG00000153214","TMEM87B","protein_coding",1007.86298707985,-1.09213475036437,0.105602782177734,-10.3419126640647,4.5535709018767e-25,3.6928007560155e-24,"Downregulated"
"ENSG00000106012.21","ENSG00000106012","IQCE","protein_coding",583.391922759435,-1.64656178483104,0.159273239767982,-10.3379688090079,4.74487725396336e-25,3.83935014876812e-24,"Downregulated"
"ENSG00000185515.17","ENSG00000185515","BRCC3","protein_coding",389.181864773363,-1.44408932803546,0.139721195780216,-10.3355065061642,4.86833352814554e-25,3.93485161683687e-24,"Downregulated"
"ENSG00000099800.10","ENSG00000099800","TIMM13","protein_coding",355.444981114498,-1.38828076990476,0.134417533938496,-10.3281225984995,5.25795793285423e-25,4.23324035349575e-24,"Downregulated"
"ENSG00000189369.9","ENSG00000189369","GSPT2","protein_coding",188.324912340908,-2.22329130323093,0.215268342274285,-10.3279993692622,5.26471578598712e-25,4.2363276607732e-24,"Downregulated"
"ENSG00000123415.18","ENSG00000123415","SMUG1","protein_coding",205.464582455921,-1.61056112958094,0.156087402337429,-10.3183287405811,5.82278476429735e-25,4.68278561621516e-24,"Downregulated"
"ENSG00000089053.15","ENSG00000089053","ANAPC5","protein_coding",981.947896284224,-1.22310400886572,0.118543388842907,-10.3177749582186,5.8564598012447e-25,4.70725543203762e-24,"Downregulated"
"ENSG00000160688.21","ENSG00000160688","FLAD1","protein_coding",397.08411216691,-1.02746034961719,0.0995978747271115,-10.3160870895321,5.96029263242169e-25,4.78275530614923e-24,"Downregulated"
"ENSG00000197362.17","ENSG00000197362","ZNF786","protein_coding",61.758713293627,-4.13936034687485,0.401296202410022,-10.3149751281361,6.02969186805612e-25,4.83309151282463e-24,"Downregulated"
"ENSG00000186638.19","ENSG00000186638","KIF24","protein_coding",105.330715021327,-2.27158233876359,0.220582001570108,-10.298130956263,7.18435799724137e-25,5.74590044680033e-24,"Downregulated"
"ENSG00000173141.7","ENSG00000173141","MRPL57","protein_coding",636.761751457726,-1.05631804960993,0.102597355228063,-10.2957629586245,7.36335103474106e-25,5.87932138818002e-24,"Downregulated"
"ENSG00000268858.3","ENSG00000268858","ABHD16B-AS1","lncRNA",55.836468071229,-2.57029607079618,0.249921521431247,-10.2844127071436,8.2845582611854e-25,6.60031986372176e-24,"Downregulated"
"ENSG00000116127.21","ENSG00000116127","ALMS1","protein_coding",252.062711688252,-1.24351217992666,0.120924472605234,-10.2833789814092,8.37392541987869e-25,6.64958505122641e-24,"Downregulated"
"ENSG00000101003.13","ENSG00000101003","GINS1","protein_coding",301.592565496538,-1.14430241258155,0.111290378500883,-10.2821324538174,8.48296074769922e-25,6.72879404245523e-24,"Downregulated"
"ENSG00000196810.6","ENSG00000196810","CTBP1-DT","lncRNA",67.6784295171566,-3.58472172709556,0.348724852927614,-10.2795131950049,8.71667478564514e-25,6.90661842501746e-24,"Downregulated"
"ENSG00000149313.13","ENSG00000149313","AASDHPPT","protein_coding",405.05012108613,-1.13624952966542,0.110597627283184,-10.2737242884612,9.25608647087967e-25,7.30207975699446e-24,"Downregulated"
"ENSG00000106785.17","ENSG00000106785","TRIM14","protein_coding",1048.70374704984,-1.21446292782172,0.118244271238772,-10.2707971819568,9.54129408137732e-25,7.522983342074e-24,"Downregulated"
"ENSG00000134318.18","ENSG00000134318","ROCK2","protein_coding",4575.05748043571,-1.20939285004023,0.117952910621689,-10.2531836108658,1.14508580011726e-24,9.00411471258782e-24,"Downregulated"
"ENSG00000165801.12","ENSG00000165801","ARHGEF40","protein_coding",73.0990474537486,-1.69261555319435,0.165608501385079,-10.2205837202682,1.60372226891744e-24,1.25492133483539e-23,"Downregulated"
"ENSG00000175634.17","ENSG00000175634","RPS6KB2","protein_coding",429.090274108914,-1.19649660403388,0.117139782477215,-10.2142634955517,1.7117410526528e-24,1.33800169013184e-23,"Downregulated"
"ENSG00000164953.18","ENSG00000164953","TMEM67","protein_coding",44.7444275114849,-4.10175299726376,0.401664342123618,-10.211892286922,1.75410064387985e-24,1.37037339790333e-23,"Downregulated"
"ENSG00000119333.14","ENSG00000119333","DYNC2I2","protein_coding",583.696686856014,-2.15985450187102,0.211573374568853,-10.2085364298433,1.81583051236509e-24,1.41707139392541e-23,"Downregulated"
"ENSG00000282221.2","ENSG00000282221","ENSG00000282221","lncRNA",48.0864401966986,-4.12212804749084,0.403797665504765,-10.2083998983451,1.81838701430905e-24,1.41830272397022e-23,"Downregulated"
"ENSG00000291223.1","ENSG00000291223","FAM86DP","lncRNA",46.3192952883368,-2.50492150294218,0.245401789188012,-10.2074296655721,1.83665725537839e-24,1.43101273897547e-23,"Downregulated"
"ENSG00000184584.16","ENSG00000184584","STING1","protein_coding",74.1184138749429,-3.27338350422859,0.320685924959581,-10.2074436370763,1.83639287491267e-24,1.43101273897547e-23,"Downregulated"
"ENSG00000040275.19","ENSG00000040275","SPDL1","protein_coding",130.677821573396,-1.72231697862114,0.168749488333662,-10.2063537829263,1.85712966097491e-24,1.44540940101226e-23,"Downregulated"
"ENSG00000135452.12","ENSG00000135452","TSPAN31","protein_coding",376.158203226624,-1.13150488425347,0.110865354108404,-10.2061179829641,1.86164668880441e-24,1.44814727934265e-23,"Downregulated"
"ENSG00000111671.12","ENSG00000111671","SPSB2","protein_coding",94.7143800976994,-1.63993883747304,0.16081314504904,-10.197790963997,2.02833349801062e-24,1.57527379706162e-23,"Downregulated"
"ENSG00000085998.17","ENSG00000085998","POMGNT1","protein_coding",482.808801589068,-1.34465195833684,0.131918225107201,-10.1930719371348,2.12927465807473e-24,1.65101382262274e-23,"Downregulated"
"ENSG00000280789.3","ENSG00000280789","PAGR1","protein_coding",117.297116236816,-2.95921054591291,0.290559150692811,-10.1845374301823,2.32462801955652e-24,1.79959985360113e-23,"Downregulated"
"ENSG00000135482.9","ENSG00000135482","ZC3H10","protein_coding",53.7671899598118,-2.7222465901266,0.267315518575822,-10.1836459201094,2.34603151214908e-24,1.8142309858092e-23,"Downregulated"
"ENSG00000105298.16","ENSG00000105298","CACTIN","protein_coding",185.151928533114,-1.61577159758063,0.158808897207352,-10.17431407178,2.58212772321122e-24,1.99255564242689e-23,"Downregulated"
"ENSG00000136279.23","ENSG00000136279","DBNL","protein_coding",523.383659368295,-3.26117666550397,0.320649615849698,-10.17053039924,2.6844287845904e-24,2.06929478437681e-23,"Downregulated"
"ENSG00000163629.15","ENSG00000163629","PTPN13","protein_coding",667.096145523528,-1.91558329390047,0.188348626007948,-10.1704128907191,2.68766938870448e-24,2.07069137592266e-23,"Downregulated"
"ENSG00000146858.9","ENSG00000146858","ZC3HAV1L","protein_coding",97.6599600462397,-1.77969201007435,0.174994547676237,-10.1699854864451,2.69948889160267e-24,2.07869250887916e-23,"Downregulated"
"ENSG00000197408.12","ENSG00000197408","CYP2B6","protein_coding",1986.86331144781,-1.65821072755652,0.163079122000931,-10.1681362225329,2.75122488906477e-24,2.11740579353833e-23,"Downregulated"
"ENSG00000223496.3","ENSG00000223496","EXOSC6","protein_coding",176.133349198419,-1.4073225275232,0.13853695067654,-10.1584632883183,3.03827315610673e-24,2.3333680221674e-23,"Downregulated"
"ENSG00000103494.18","ENSG00000103494","RPGRIP1L","protein_coding",59.9128283582724,-2.799436606139,0.275594741325322,-10.1578012435094,3.05897049510744e-24,2.34801908978268e-23,"Downregulated"
"ENSG00000232040.6","ENSG00000232040","SCAND3","protein_coding",23.0517764180398,-4.40261302127935,0.434381812251925,-10.1353530398874,3.84980390516395e-24,2.94880328719006e-23,"Downregulated"
"ENSG00000134698.13","ENSG00000134698","AGO4","protein_coding",309.930192928994,-1.14872647537795,0.113436623035771,-10.1265926703028,4.21067053942593e-24,3.22180767990288e-23,"Downregulated"
"ENSG00000224877.5","ENSG00000224877","NDUFAF8","protein_coding",93.8342177831939,-2.08002552677834,0.205441376954055,-10.1246669858697,4.29438052839603e-24,3.2823925431179e-23,"Downregulated"
"ENSG00000060642.14","ENSG00000060642","PIGV","protein_coding",193.171513482571,-1.57248958684518,0.155518277373642,-10.1112847531559,4.92343462212819e-24,3.75330954991487e-23,"Downregulated"
"ENSG00000147536.13","ENSG00000147536","GINS4","protein_coding",64.5363196511053,-2.38447789997127,0.235856502030896,-10.1098671414151,4.99519697068602e-24,3.80601443213364e-23,"Downregulated"
"ENSG00000173898.18","ENSG00000173898","SPTBN2","protein_coding",549.656415010437,-1.23106511416217,0.121823068224995,-10.1053530509387,5.23068252321594e-24,3.974989571392e-23,"Downregulated"
"ENSG00000179387.12","ENSG00000179387","ELMOD2","protein_coding",205.47781282776,-1.22892831948388,0.12161475317252,-10.1050924121068,5.24461006527466e-24,3.98348475188472e-23,"Downregulated"
"ENSG00000176155.23","ENSG00000176155","CCDC57","protein_coding",59.944164434297,-2.5227905461195,0.249714389300523,-10.1027039458403,5.3739633280486e-24,4.07959541907178e-23,"Downregulated"
"ENSG00000122484.11","ENSG00000122484","RPAP2","protein_coding",89.7566110114695,-1.64550024017415,0.162948346449519,-10.0982935760194,5.62117716226376e-24,4.26503138405898e-23,"Downregulated"
"ENSG00000072858.14","ENSG00000072858","SIDT1","protein_coding",105.509812665167,-1.48734906659293,0.147486151793047,-10.0846692961382,6.4582284559981e-24,4.89245409222815e-23,"Downregulated"
"ENSG00000134086.12","ENSG00000134086","VHL","protein_coding",637.886409341772,-1.20324630705659,0.119462521015732,-10.0721657037367,7.33449672759684e-24,5.54468057257869e-23,"Downregulated"
"ENSG00000054282.18","ENSG00000054282","SDCCAG8","protein_coding",126.419292198022,-1.28191808235725,0.12755814555986,-10.0496763788063,9.21696035669968e-24,6.94603169471096e-23,"Downregulated"
"ENSG00000255874.5","ENSG00000255874","PRECSIT","lncRNA",22.0734299249651,-4.48866494124544,0.446727410169269,-10.0478834274903,9.38617001737396e-24,7.06253249697733e-23,"Downregulated"
"ENSG00000138778.16","ENSG00000138778","CENPE","protein_coding",241.123862581433,-1.32396212223572,0.131793876592317,-10.0457028540953,9.59611223515784e-24,7.21675446351362e-23,"Downregulated"
"ENSG00000137486.19","ENSG00000137486","ARRB1","protein_coding",434.324466005719,-1.40366819666786,0.139770594400218,-10.0426574179731,9.89712609003605e-24,7.4392713328217e-23,"Downregulated"
"ENSG00000132623.18","ENSG00000132623","ANKEF1","protein_coding",158.458308215258,-1.41875090988372,0.141370378434356,-10.0357014361569,1.0620186116166e-23,7.97449415520609e-23,"Downregulated"
"ENSG00000263528.10","ENSG00000263528","IKBKE","protein_coding",56.7565249189564,-5.54097325311755,0.552169815478341,-10.0349079174446,1.07059249071191e-23,8.0347107070932e-23,"Downregulated"
"ENSG00000149761.11","ENSG00000149761","NUDT22","protein_coding",187.445463259441,-1.22888073964529,0.122558471730559,-10.026893468017,1.1611236523974e-23,8.68714711953701e-23,"Downregulated"
"ENSG00000291186.2","ENSG00000291186","ENSG00000291186","lncRNA",39.5746777811869,-3.39718195065945,0.339066938520565,-10.0192073148807,1.25505474380054e-23,9.36573292850534e-23,"Downregulated"
"ENSG00000132793.14","ENSG00000132793","LPIN3","protein_coding",76.2810328690042,-1.90559783869169,0.190346277261472,-10.0112167472235,1.36068615155913e-23,1.01331262633067e-22,"Downregulated"
"ENSG00000089057.17","ENSG00000089057","SLC23A2","protein_coding",204.640058755063,-1.02625647622931,0.102553463920447,-10.0070386410877,1.41937662337462e-23,1.0559346009212e-22,"Downregulated"
"ENSG00000019485.16","ENSG00000019485","PRDM11","protein_coding",204.99985147989,-1.65523066242385,0.165412034427042,-10.0067124387731,1.4240629530782e-23,1.05779191778623e-22,"Downregulated"
"ENSG00000204366.5","ENSG00000204366","ZBTB12","protein_coding",58.7320632726579,-2.84546019312293,0.284538322478001,-10.0002705025539,1.51981341291311e-23,1.12660542096864e-22,"Downregulated"
"ENSG00000146233.10","ENSG00000146233","CYP39A1","protein_coding",81.0534546872021,-2.91649506546192,0.291871317017661,-9.99240040187109,1.64547980308281e-23,1.21789036293545e-22,"Downregulated"
"ENSG00000107614.24","ENSG00000107614","TRDMT1","protein_coding",46.034116529769,-2.64152280117705,0.264450130437253,-9.98873699479537,1.70743324655717e-23,1.26116832870064e-22,"Downregulated"
"ENSG00000143409.20","ENSG00000143409","MINDY1","protein_coding",146.854694410943,-1.29808094264359,0.129965230033135,-9.98790939940345,1.72174580777925e-23,1.27109221835644e-22,"Downregulated"
"ENSG00000171109.21","ENSG00000171109","MFN1","protein_coding",522.282002885616,-1.06845937456657,0.106976963236877,-9.98775196301563,1.72448195618675e-23,1.27246397703963e-22,"Downregulated"
"ENSG00000259974.6","ENSG00000259974","LINC00261","lncRNA",26.5374772796922,-3.19906482638899,0.320484044726768,-9.9819784448751,1.82785227996791e-23,1.34736700108316e-22,"Downregulated"
"ENSG00000126003.8","ENSG00000126003","PLAGL2","protein_coding",1840.55890603123,-1.0654979781857,0.106765560435947,-9.97979099098104,1.86859975330106e-23,1.37600343622149e-22,"Downregulated"
"ENSG00000146463.14","ENSG00000146463","ZMYM4","protein_coding",585.126625808491,-1.06083407787885,0.106312105864291,-9.97848804945155,1.89329681806138e-23,1.39348184293273e-22,"Downregulated"
"ENSG00000168539.6","ENSG00000168539","CHRM1","protein_coding",21.3573998969685,-4.75975482461647,0.47706706400998,-9.97711890778713,1.91959701365782e-23,1.41212182344818e-22,"Downregulated"
"ENSG00000103550.16","ENSG00000103550","KNOP1","protein_coding",277.996690983258,-1.25155190294232,0.125505676518661,-9.97207407392631,2.01966475525409e-23,1.48422827754271e-22,"Downregulated"
"ENSG00000111652.12","ENSG00000111652","COPS7A","protein_coding",324.773854759925,-1.06181738386152,0.106489207422363,-9.97112674198133,2.03902373525294e-23,1.49769548764752e-22,"Downregulated"
"ENSG00000178718.7","ENSG00000178718","RPP25","protein_coding",433.331585465751,-1.39530986980169,0.139968898483077,-9.96871365655846,2.08916987099132e-23,1.53375125483314e-22,"Downregulated"
"ENSG00000231607.16","ENSG00000231607","DLEU2","lncRNA",65.388949618987,-1.72883818218165,0.173435362050486,-9.96819888252319,2.1000243676468e-23,1.54093939928797e-22,"Downregulated"
"ENSG00000176834.16","ENSG00000176834","VSIG10","protein_coding",824.496495657101,-1.37461027151489,0.13793090191839,-9.96593404665917,2.14844771786913e-23,1.57408009743981e-22,"Downregulated"
"ENSG00000165480.18","ENSG00000165480","SKA3","protein_coding",318.063230488375,-1.3463968737366,0.135332092668359,-9.94883657815037,2.55148547207573e-23,1.86559674375991e-22,"Downregulated"
"ENSG00000174564.15","ENSG00000174564","IL20RB","protein_coding",38.6705818197261,-3.80474948550073,0.382517578758352,-9.94660035716765,2.60945527412526e-23,1.9070209698751e-22,"Downregulated"
"ENSG00000140416.28","ENSG00000140416","TPM1","protein_coding",747.713131721871,-1.00619971729055,0.101179179474033,-9.94473094683266,2.65891558094952e-23,1.9421877318105e-22,"Downregulated"
"ENSG00000091262.19","ENSG00000091262","ABCC6","protein_coding",109.415198728759,-2.17537272541248,0.218945969506688,-9.93566006405078,2.91240632982922e-23,2.12413651393483e-22,"Downregulated"
"ENSG00000189362.14","ENSG00000189362","NEMP2","protein_coding",139.270149601975,-2.77884430880569,0.279686348753085,-9.93557362093111,2.9149336414539e-23,2.12491037887072e-22,"Downregulated"
"ENSG00000159423.19","ENSG00000159423","ALDH4A1","protein_coding",276.820360629138,-1.31095464799257,0.131972123113529,-9.93357246260879,2.97405176288381e-23,2.1658270425986e-22,"Downregulated"
"ENSG00000198429.12","ENSG00000198429","ZNF69","protein_coding",171.430376370178,-1.92904719900862,0.194217512256495,-9.93240607706377,3.00905508919424e-23,2.18911778878529e-22,"Downregulated"
"ENSG00000146409.14","ENSG00000146409","SLC18B1","protein_coding",164.534588827249,-1.48841220501039,0.150040072545392,-9.92009787625296,3.40422188923157e-23,2.46793314751095e-22,"Downregulated"
"ENSG00000133597.13","ENSG00000133597","ADCK2","protein_coding",437.319591009461,-1.32701659867614,0.133800649062511,-9.9178636873141,3.4812734206685e-23,2.52253072061639e-22,"Downregulated"
"ENSG00000122592.9","ENSG00000122592","HOXA7","protein_coding",147.826236983299,-4.61882759530407,0.466069910245841,-9.91016045826204,3.76041754558852e-23,2.71935983386571e-22,"Downregulated"
"ENSG00000164087.10","ENSG00000164087","POC1A","protein_coding",213.474635157575,-1.42770367104834,0.144114974522977,-9.90669897957563,3.89296230789042e-23,2.81100198136263e-22,"Downregulated"
"ENSG00000140525.22","ENSG00000140525","FANCI","protein_coding",1328.09062901559,-1.36285072271139,0.137640426334345,-9.90152936173609,4.09957250519311e-23,2.95430157858074e-22,"Downregulated"
"ENSG00000107021.19","ENSG00000107021","TBC1D13","protein_coding",385.637510222938,-1.06074327298988,0.10726087629973,-9.88937727886663,4.62898317360555e-23,3.32754088055018e-22,"Downregulated"
"ENSG00000276043.7","ENSG00000276043","UHRF1","protein_coding",170.162601673528,-2.38812665799347,0.241560145944716,-9.88626103305977,4.77531109217114e-23,3.42762795184469e-22,"Downregulated"
"ENSG00000145348.19","ENSG00000145348","TBCK","protein_coding",47.512473573162,-2.83909918817142,0.287222437027027,-9.8846706321354,4.85174640156463e-23,3.47732486901457e-22,"Downregulated"
"ENSG00000162415.9","ENSG00000162415","ZSWIM5","protein_coding",119.488257713461,-4.55987747439319,0.461334196302909,-9.88410898419332,4.87902782620235e-23,3.49514934539419e-22,"Downregulated"
"ENSG00000100350.18","ENSG00000100350","FOXRED2","protein_coding",166.231357620793,-1.73927824537844,0.176058279274069,-9.87899150525555,5.13470498377437e-23,3.67467380863497e-22,"Downregulated"
"ENSG00000049239.15","ENSG00000049239","H6PD","protein_coding",623.899597492934,-1.64806177172238,0.166894543078107,-9.87486913188695,5.35027525739286e-23,3.82139916363417e-22,"Downregulated"
"ENSG00000267296.3","ENSG00000267296","CEBPA-DT","lncRNA",37.2192568273734,-4.1351170211176,0.418798248018828,-9.87376867185867,5.40932097789477e-23,3.86166894638675e-22,"Downregulated"
"ENSG00000133739.18","ENSG00000133739","LRRCC1","protein_coding",159.553872208015,-1.49357388314398,0.151313929307877,-9.87069657086906,5.57759217430276e-23,3.97396586971463e-22,"Downregulated"
"ENSG00000162694.16","ENSG00000162694","EXTL2","protein_coding",95.7540931430521,-2.07840010609011,0.210792358927011,-9.85994044883657,6.20862035052106e-23,4.41271829915406e-22,"Downregulated"
"ENSG00000149554.17","ENSG00000149554","CHEK1","protein_coding",416.533476275322,-1.4160031244042,0.143670868016586,-9.85588201667112,6.46465725384035e-23,4.59019171595563e-22,"Downregulated"
"ENSG00000101052.15","ENSG00000101052","IFT52","protein_coding",229.630447418121,-1.46630356943045,0.148810206898381,-9.85351475542103,6.61880041445571e-23,4.69733866828071e-22,"Downregulated"
"ENSG00000168806.8","ENSG00000168806","LCMT2","protein_coding",92.8062317447837,-4.18966721969626,0.42524514717576,-9.85235751077157,6.69547250803307e-23,4.74710311088137e-22,"Downregulated"
"ENSG00000163617.13","ENSG00000163617","CCDC191","protein_coding",30.498336249167,-2.79580442941616,0.284021386900416,-9.84364050865093,7.30197133556189e-23,5.16447870155993e-22,"Downregulated"
"ENSG00000141564.16","ENSG00000141564","RPTOR","protein_coding",393.873685154055,-1.24643925996293,0.126663002027052,-9.8405946489151,7.52646485298461e-23,5.32065993411965e-22,"Downregulated"
"ENSG00000172315.7","ENSG00000172315","TP53RK","protein_coding",282.07621726268,-1.03143164776405,0.104887994236802,-9.83364831474816,8.06432192439275e-23,5.69255495997563e-22,"Downregulated"
"ENSG00000115425.16","ENSG00000115425","PECR","protein_coding",295.34945864863,-1.47756421273364,0.150328699894927,-9.828889718107,8.45457037911061e-23,5.95932071663769e-22,"Downregulated"
"ENSG00000142892.17","ENSG00000142892","PIGK","protein_coding",234.875379533689,-1.26575883590762,0.128815560965413,-9.82613301080513,8.68913783443118e-23,6.11573508968318e-22,"Downregulated"
"ENSG00000111877.20","ENSG00000111877","MCM9","protein_coding",174.11865869145,-1.30660522929915,0.133239682540296,-9.8064270672815,1.05643022087092e-22,7.40318508745712e-22,"Downregulated"
"ENSG00000187024.17","ENSG00000187024","PTRH1","protein_coding",60.1409114169433,-1.92648671476012,0.196747710843658,-9.79166012402027,1.22271590815532e-22,8.52723721895426e-22,"Downregulated"
"ENSG00000172432.21","ENSG00000172432","GTPBP2","protein_coding",1311.70748823793,-1.03304462234332,0.105610818218956,-9.78161744946979,1.35035070597767e-22,9.39927110039787e-22,"Downregulated"
"ENSG00000164818.18","ENSG00000164818","DNAAF5","protein_coding",440.076067477927,-1.08066765073235,0.110605220312516,-9.77049408408495,1.50715255530151e-22,1.04756138280237e-21,"Downregulated"
"ENSG00000115073.10","ENSG00000115073","ACTR1B","protein_coding",890.703448583936,-1.244661225589,0.127467393541322,-9.76454598316951,1.59826259903183e-22,1.11035578068884e-21,"Downregulated"
"ENSG00000168936.14","ENSG00000168936","TMEM129","protein_coding",256.769442943356,-1.72759550535209,0.176937327431183,-9.76388380243852,1.60873684445907e-22,1.11656198993778e-21,"Downregulated"
"ENSG00000155636.18","ENSG00000155636","RBM45","protein_coding",52.7476328869283,-2.25211288599953,0.230778583684538,-9.75876032360979,1.69210890698958e-22,1.17330345837766e-21,"Downregulated"
"ENSG00000204220.14","ENSG00000204220","PFDN6","protein_coding",240.063444154636,-1.14565637182683,0.117456729050159,-9.75385898357167,1.77586379926441e-22,1.22902665610983e-21,"Downregulated"
"ENSG00000221838.14","ENSG00000221838","AP4M1","protein_coding",195.534544080889,-1.07161059554403,0.109946890253838,-9.74662032795994,1.90711786587191e-22,1.31671996723276e-21,"Downregulated"
"ENSG00000229931.4","ENSG00000229931","ATXN1-AS1","lncRNA",43.6911234713477,-2.20899600234275,0.226678113783213,-9.74507845276742,1.93629248624776e-22,1.33622622431917e-21,"Downregulated"
"ENSG00000174652.22","ENSG00000174652","ZNF266","protein_coding",202.908503514311,-1.20734662085275,0.12414235430317,-9.7255012411338,2.34746373147446e-22,1.6130604265779e-21,"Downregulated"
"ENSG00000239672.10","ENSG00000239672","NME1","protein_coding",360.497130891011,-1.01915849598641,0.104838389719212,-9.7212337838841,2.44797119006183e-22,1.67973477681705e-21,"Downregulated"
"ENSG00000163032.14","ENSG00000163032","VSNL1","protein_coding",552.276312203089,-1.23271573129421,0.126882485409764,-9.71541286658423,2.59196442947086e-22,1.77685659942723e-21,"Downregulated"
"ENSG00000256751.7","ENSG00000256751","PLBD1-AS1","lncRNA",47.1359256191998,-3.0892000328506,0.318180510302994,-9.70895429738561,2.76155646048847e-22,1.8895408982719e-21,"Downregulated"
"ENSG00000096872.19","ENSG00000096872","IFT74","protein_coding",87.3933285903674,-1.65730018952649,0.1707783203378,-9.7043944819714,2.88785895002312e-22,1.96945185429341e-21,"Downregulated"
"ENSG00000165102.17","ENSG00000165102","HGSNAT","protein_coding",294.143047071401,-1.29103370902625,0.133090691821141,-9.70040572605375,3.00302073065806e-22,2.04318199195759e-21,"Downregulated"
"ENSG00000161888.13","ENSG00000161888","SPC24","protein_coding",133.548951067824,-2.39844743614101,0.247342065125729,-9.6968844944423,3.10845430239456e-22,2.1129324460742e-21,"Downregulated"
"ENSG00000166902.7","ENSG00000166902","MRPL16","protein_coding",310.836729417161,-1.09512098484474,0.112977091316251,-9.69330128865885,3.21950371096384e-22,2.18739089448139e-21,"Downregulated"
"ENSG00000203667.12","ENSG00000203667","COX20","protein_coding",394.361657081807,-1.98062519106872,0.204562885073213,-9.68223140947515,3.58797918777333e-22,2.43317708887277e-21,"Downregulated"
"ENSG00000177842.14","ENSG00000177842","ZNF620","protein_coding",89.1198567613098,-2.85724134379809,0.295109094625436,-9.68198336084697,3.59669682945035e-22,2.43794810347963e-21,"Downregulated"
"ENSG00000178057.17","ENSG00000178057","NDUFAF3","protein_coding",404.707631250814,-1.27211805596876,0.131412140638199,-9.68036933110405,3.65393591821007e-22,2.47558856132306e-21,"Downregulated"
"ENSG00000122417.18","ENSG00000122417","ODF2L","protein_coding",38.7467033509394,-2.79532364919432,0.288931534893598,-9.67469213848093,3.86252400110479e-22,2.61202509678071e-21,"Downregulated"
"ENSG00000280128.1","ENSG00000280128","ENSG00000280128","TEC",54.5406372051534,-5.37453576678129,0.555972038416515,-9.66691739046574,4.16741744966698e-22,2.81426904382916e-21,"Downregulated"
"ENSG00000170006.15","ENSG00000170006","TMEM154","protein_coding",134.878888780426,-3.89188449413677,0.403026703146618,-9.65664176529992,4.60719509592059e-22,3.10546378279447e-21,"Downregulated"
"ENSG00000242515.7","ENSG00000242515","UGT1A10","protein_coding",236.508952484933,-2.00287412075077,0.207582202522159,-9.64858305006649,4.9839598855917e-22,3.35007173756934e-21,"Downregulated"
"ENSG00000143420.21","ENSG00000143420","ENSA","protein_coding",1100.87206977192,-1.19382288040351,0.123763129919139,-9.64603013178076,5.10955716543837e-22,3.43290229214339e-21,"Downregulated"
"ENSG00000143499.16","ENSG00000143499","SMYD2","protein_coding",234.074222053359,-1.00859579772908,0.104582254653106,-9.64404335204423,5.20946459547153e-22,3.49678373865556e-21,"Downregulated"
"ENSG00000171320.16","ENSG00000171320","ESCO2","protein_coding",156.169873194773,-2.67424566956488,0.277678627210569,-9.63072202001685,5.93112458560121e-22,3.97750381742401e-21,"Downregulated"
"ENSG00000165501.19","ENSG00000165501","LRR1","protein_coding",135.122506093637,-1.92851077201454,0.200382805310156,-9.62413301395575,6.32379426985859e-22,4.23887264379235e-21,"Downregulated"
"ENSG00000037897.19","ENSG00000037897","METTL1","protein_coding",107.715082267252,-1.60982731141544,0.167458979365853,-9.61326360349061,7.02851743848195e-22,4.70255192606096e-21,"Downregulated"
"ENSG00000113319.15","ENSG00000113319","RASGRF2","protein_coding",336.486016675881,-1.19757165975062,0.124614527462494,-9.6102090513569,7.24018386739946e-22,4.84193560712289e-21,"Downregulated"
"ENSG00000235106.13","ENSG00000235106","BRD3OS","protein_coding",77.1963831470821,-3.21829276023508,0.335185245565883,-9.60153468211806,7.87628164290652e-22,5.25520596542363e-21,"Downregulated"
"ENSG00000183826.21","ENSG00000183826","BTBD9","protein_coding",133.644478127033,-1.48463560954014,0.154626422172049,-9.60143543829929,7.88387024509265e-22,5.25784848559055e-21,"Downregulated"
"ENSG00000089050.18","ENSG00000089050","RBBP9","protein_coding",204.053693471984,-1.37821200955984,0.143594979003799,-9.59791226073006,8.15800564094785e-22,5.43317177153567e-21,"Downregulated"
"ENSG00000004139.16","ENSG00000004139","SARM1","protein_coding",178.157509999282,-1.56512949272582,0.163160836696545,-9.59255618207409,8.59292549817468e-22,5.7123246018141e-21,"Downregulated"
"ENSG00000177054.16","ENSG00000177054","ZDHHC13","protein_coding",283.163584132434,-1.26595790338382,0.131987060337993,-9.59153041322345,8.67879938611825e-22,5.7667657360672e-21,"Downregulated"
"ENSG00000165125.23","ENSG00000165125","TRPV6","protein_coding",29.8066457353954,-5.20510259247353,0.542802582883995,-9.589310656589,8.86754759875073e-22,5.88593309750588e-21,"Downregulated"
"ENSG00000107719.12","ENSG00000107719","PALD1","protein_coding",505.585799199469,-1.62148121140748,0.169201248081287,-9.58315160079961,9.41279204296993e-22,6.23731972047189e-21,"Downregulated"
"ENSG00000100239.18","ENSG00000100239","PPP6R2","protein_coding",298.906232823152,-1.05598410834455,0.110313109153627,-9.57260761161156,1.04242701877933e-21,6.8855297885825e-21,"Downregulated"
"ENSG00000256269.13","ENSG00000256269","HMBS","protein_coding",348.818102332113,-1.15128631995286,0.120416720190782,-9.56085100249218,1.16792348627785e-21,7.70043092044522e-21,"Downregulated"
"ENSG00000110074.14","ENSG00000110074","FOXRED1","protein_coding",194.383162071767,-1.32053927645372,0.138143182477804,-9.55920699645024,1.18662425285293e-21,7.81661757833845e-21,"Downregulated"
"ENSG00000213839.4","ENSG00000213839","TMX2P1","transcribed_processed_pseudogene",75.6419605589954,-1.77940224597125,0.186193118191007,-9.55675624995892,1.21505310430754e-21,8.00024969905719e-21,"Downregulated"
"ENSG00000189306.14","ENSG00000189306","RRP7A","protein_coding",279.618990681588,-1.47961891593926,0.154843694098726,-9.55556456174365,1.2291192523616e-21,8.08551802325209e-21,"Downregulated"
"ENSG00000187792.7","ENSG00000187792","ZNF70","protein_coding",22.5390515241973,-4.3426910318758,0.454881537807593,-9.54686148135713,1.33684862490727e-21,8.77428001456349e-21,"Downregulated"
"ENSG00000121797.12","ENSG00000121797","CCRL2","protein_coding",27.0258182752798,-3.33450406113373,0.349622763061316,-9.5374340959285,1.46409887766679e-21,9.57910651699645e-21,"Downregulated"
"ENSG00000053770.14","ENSG00000053770","AP5M1","protein_coding",380.966409998233,-1.41738164421515,0.148668884742835,-9.53381500551987,1.51607059208283e-21,9.91466381789911e-21,"Downregulated"
"ENSG00000167595.18","ENSG00000167595","PROSER3","protein_coding",169.147788807379,-1.42285358738339,0.149252889066089,-9.533172833615,1.52548126762648e-21,9.97170705026745e-21,"Downregulated"
"ENSG00000134864.13","ENSG00000134864","GGACT","protein_coding",49.158130403464,-4.25852194714447,0.447084156143409,-9.52510145713705,1.64880785589567e-21,1.07536109125293e-20,"Downregulated"
"ENSG00000260852.2","ENSG00000260852","FBXL19-AS1","lncRNA",32.204390652085,-3.80764311090676,0.399773763756987,-9.52449474203451,1.65846706340025e-21,1.08117429972094e-20,"Downregulated"
"ENSG00000166435.18","ENSG00000166435","XRRA1","protein_coding",55.3432669804674,-2.04280508819992,0.214486454975517,-9.5241682670969,1.66368785271531e-21,1.08409012417042e-20,"Downregulated"
"ENSG00000242485.8","ENSG00000242485","MRPL20","protein_coding",258.463696261587,-1.17281590995227,0.123157487455951,-9.52289571814903,1.68419334527209e-21,1.09646585623015e-20,"Downregulated"
"ENSG00000113494.19","ENSG00000113494","PRLR","protein_coding",63.1908157293804,-2.76084349163721,0.289918162896809,-9.52283728639615,1.68514087836102e-21,1.09659010369142e-20,"Downregulated"
"ENSG00000079974.21","ENSG00000079974","RABL2B","protein_coding",63.0109860931464,-2.86023773957106,0.300714981650148,-9.51145740686326,1.88009786020106e-21,1.21962301656373e-20,"Downregulated"
"ENSG00000132199.22","ENSG00000132199","ENOSF1","protein_coding",137.637750563734,-2.13011139644971,0.224274542379956,-9.49778505328962,2.1440201708483e-21,1.38804417721723e-20,"Downregulated"
"ENSG00000148291.12","ENSG00000148291","SURF2","protein_coding",192.960193186455,-1.71245380232699,0.180370366297274,-9.49409727041655,2.22127599337223e-21,1.43580426832963e-20,"Downregulated"
"ENSG00000184860.12","ENSG00000184860","SDR42E1","protein_coding",184.51712355131,-2.28561588401286,0.24074550690699,-9.49390878931703,2.22529763997593e-21,1.43776252334067e-20,"Downregulated"
"ENSG00000149292.19","ENSG00000149292","TTC12","protein_coding",54.0049896126717,-2.76862967928268,0.291798451229106,-9.48815755402651,2.35153673625345e-21,1.51729609892186e-20,"Downregulated"
"ENSG00000181577.17","ENSG00000181577","LINC03040","protein_coding",1024.98464707942,-1.20997970623079,0.12753229925261,-9.48763343342631,2.36338738604891e-21,1.52426390737075e-20,"Downregulated"
"ENSG00000135637.17","ENSG00000135637","CCDC142","protein_coding",74.2653371125951,-2.00877389992789,0.211762445254673,-9.48597801424171,2.40120665003729e-21,1.54796649343151e-20,"Downregulated"
"ENSG00000107560.14","ENSG00000107560","RAB11FIP2","protein_coding",148.956379202542,-1.46317308109714,0.154377014323416,-9.47792057975563,2.59400600934509e-21,1.66780546084423e-20,"Downregulated"
"ENSG00000069424.17","ENSG00000069424","KCNAB2","protein_coding",435.189305505185,-1.2410715672102,0.131038863799833,-9.47101898796975,2.77126909692193e-21,1.78019644293407e-20,"Downregulated"
"ENSG00000163607.20","ENSG00000163607","GTPBP8","protein_coding",142.778844015998,-1.44796418285776,0.152931800601788,-9.46803854502468,2.85147625942166e-21,1.82847760847517e-20,"Downregulated"
"ENSG00000164647.11","ENSG00000164647","STEAP1","protein_coding",114.225836491833,-1.75157110916481,0.185162804079891,-9.45962726082434,3.09042862349199e-21,1.97384273299453e-20,"Downregulated"
"ENSG00000128915.14","ENSG00000128915","ICE2","protein_coding",464.230317064858,-1.09433851111008,0.115717493695474,-9.45698421355359,3.16952603577471e-21,2.02257909777398e-20,"Downregulated"
"ENSG00000156253.9","ENSG00000156253","RWDD2B","protein_coding",107.25087599008,-1.5076609886282,0.159740597301,-9.43818299231287,3.79299500635131e-21,2.41193872891809e-20,"Downregulated"
"ENSG00000293477.2","ENSG00000293477","CRYZL2P","lncRNA",136.67745109726,-2.2950968826117,0.243298771791539,-9.43324483601653,3.97594787147229e-21,2.52716826988493e-20,"Downregulated"
"ENSG00000127324.11","ENSG00000127324","TSPAN8","protein_coding",3037.13266518893,-1.20988635877959,0.128264184553573,-9.43276849255018,3.99405078603461e-21,2.5375617707678e-20,"Downregulated"
"ENSG00000172086.11","ENSG00000172086","KRCC1","protein_coding",426.701757910336,-2.7371612656044,0.290294931544075,-9.42889788342316,4.14420383150937e-21,2.63180551823987e-20,"Downregulated"
"ENSG00000215256.7","ENSG00000215256","DHRS4-AS1","lncRNA",142.883046517474,-1.58061036717486,0.167869360503416,-9.41571685526673,4.69865094146712e-21,2.97478590842034e-20,"Downregulated"
"ENSG00000104450.15","ENSG00000104450","SPAG1","protein_coding",243.110570980286,-1.57384850031182,0.167195981070493,-9.41319576125611,4.81276722461253e-21,3.04570404450152e-20,"Downregulated"
"ENSG00000143476.20","ENSG00000143476","DTL","protein_coding",450.544284176848,-1.67400468543944,0.177965635105515,-9.40633670341428,5.13730015837927e-21,3.24682747035466e-20,"Downregulated"
"ENSG00000167384.13","ENSG00000167384","ZNF180","protein_coding",93.4487934066781,-2.10369214485957,0.223658786981929,-9.40581040095487,5.16307780127025e-21,3.26169675222356e-20,"Downregulated"
"ENSG00000245937.11","ENSG00000245937","SLC12A2-DT","lncRNA",306.146681920324,-1.13174019021876,0.120350362590179,-9.40371234337366,5.26711571221142e-21,3.32452268734181e-20,"Downregulated"
"ENSG00000100784.14","ENSG00000100784","RPS6KA5","protein_coding",110.284800630856,-1.29541750760036,0.137800457153607,-9.40067641543714,5.4213413505453e-21,3.41740229891703e-20,"Downregulated"
"ENSG00000150347.18","ENSG00000150347","ARID5B","protein_coding",344.229982502204,-1.85241620589829,0.197182001819068,-9.39444872660359,5.75182290549004e-21,3.62257355699095e-20,"Downregulated"
"ENSG00000157150.7","ENSG00000157150","TIMP4","protein_coding",57.9881284258405,-3.31284951898275,0.352781154514146,-9.39066465595432,5.96228116895674e-21,3.75023345054345e-20,"Downregulated"
"ENSG00000177613.9","ENSG00000177613","CSTF2T","protein_coding",263.794092458331,-2.12877677362296,0.22676415320651,-9.38762473486856,6.13685393635973e-21,3.85501895300066e-20,"Downregulated"
"ENSG00000165891.18","ENSG00000165891","E2F7","protein_coding",145.266623960595,-2.2713518710011,0.242318888772111,-9.37339999580964,7.023286849631e-21,4.39850790945776e-20,"Downregulated"
"ENSG00000171103.13","ENSG00000171103","TRMT61B","protein_coding",153.988233005633,-1.34404234668542,0.143402461634786,-9.37251935122563,7.0821497329857e-21,4.4334563252885e-20,"Downregulated"
"ENSG00000083812.15","ENSG00000083812","ZNF324","protein_coding",65.6564662652158,-2.12395790340789,0.226722507646878,-9.36809461686076,7.38536717178131e-21,4.61529715625074e-20,"Downregulated"
"ENSG00000100077.18","ENSG00000100077","GRK3","protein_coding",141.641077307364,-1.54047571195679,0.164608733505998,-9.35840814242495,8.09470133966745e-21,5.04769414003704e-20,"Downregulated"
"ENSG00000213995.14","ENSG00000213995","NAXD","protein_coding",734.88684359981,-1.1143182247035,0.119133440755851,-9.35353010568342,8.47701642573893e-21,5.28382460394876e-20,"Downregulated"
"ENSG00000156239.14","ENSG00000156239","HEMK2","protein_coding",33.1190240037757,-2.65016627416772,0.283389574289231,-9.35167174309287,8.62731619927184e-21,5.37519631813618e-20,"Downregulated"
"ENSG00000215305.12","ENSG00000215305","VPS16","protein_coding",161.450424321072,-1.12953039550678,0.120838695291385,-9.34742296565754,8.98091891498037e-21,5.59069918023606e-20,"Downregulated"
"ENSG00000145916.21","ENSG00000145916","RMND5B","protein_coding",409.884695276938,-1.10287568130946,0.11810103533005,-9.33840823856722,9.77932023162126e-21,6.07726881632313e-20,"Downregulated"
"ENSG00000114993.18","ENSG00000114993","RTKN","protein_coding",492.735176705687,-1.18879639461021,0.127427340136465,-9.32920983312608,1.06663102955173e-20,6.60581917959986e-20,"Downregulated"
"ENSG00000290994.2","ENSG00000290994","ENSG00000290994","lncRNA",26.702643474829,-3.89237534807136,0.417258012943357,-9.32846159289877,1.07418666302783e-20,6.64977066236622e-20,"Downregulated"
"ENSG00000144120.15","ENSG00000144120","TMEM177","protein_coding",171.427491575414,-1.83433091906384,0.196655962530364,-9.32761404974238,1.08280898798214e-20,6.7002851638929e-20,"Downregulated"
"ENSG00000167740.11","ENSG00000167740","CYB5D2","protein_coding",133.451251313839,-2.79416225976951,0.299583078550062,-9.32683605927559,1.09078395935421e-20,6.74675251342772e-20,"Downregulated"
"ENSG00000117472.12","ENSG00000117472","TSPAN1","protein_coding",859.928385682004,-1.03060339627644,0.110562793322452,-9.3214305220268,1.14782141503914e-20,7.08442416812063e-20,"Downregulated"
"ENSG00000138640.17","ENSG00000138640","FAM13A","protein_coding",128.578594897913,-1.28536275654689,0.137940067657064,-9.31826972669361,1.1825292954257e-20,7.29243172311033e-20,"Downregulated"
"ENSG00000130363.16","ENSG00000130363","RSPH3","protein_coding",210.243825983777,-1.33803566012071,0.143595691130355,-9.31807667478025,1.18468245987288e-20,7.30260238557113e-20,"Downregulated"
"ENSG00000253738.4","ENSG00000253738","OTUD6B-AS1","lncRNA",152.902912066784,-1.51150390487768,0.16225961528647,-9.31534258976959,1.21559601846234e-20,7.48679026755474e-20,"Downregulated"
"ENSG00000162227.10","ENSG00000162227","TAF6L","protein_coding",72.9488700129703,-1.96160865429206,0.210800999787535,-9.30549976645815,1.33363650810701e-20,8.19637840351433e-20,"Downregulated"
"ENSG00000094916.18","ENSG00000094916","CBX5","protein_coding",2203.6272826724,-1.2197664609888,0.131105570440564,-9.30369668420591,1.35645669638371e-20,8.32956374745455e-20,"Downregulated"
"ENSG00000242498.10","ENSG00000242498","ARPIN","protein_coding",398.962901411746,-1.71981057363408,0.18488048195877,-9.30228305017948,1.37461759959319e-20,8.4375087900485e-20,"Downregulated"
"ENSG00000273142.1","ENSG00000273142","LINC02604","lncRNA",23.2659294338117,-3.17102837554559,0.34093891193461,-9.30086964128569,1.39301594633725e-20,8.54681926093116e-20,"Downregulated"
"ENSG00000151466.14","ENSG00000151466","SCLT1","protein_coding",85.7995268924117,-1.76275468686148,0.189587793582907,-9.29782795373176,1.43343947092197e-20,8.77996822172495e-20,"Downregulated"
"ENSG00000198466.14","ENSG00000198466","ZNF587","protein_coding",201.356646663359,-1.29801518548662,0.139646474621885,-9.29500862088502,1.47194271849201e-20,9.00438745309677e-20,"Downregulated"
"ENSG00000006530.20","ENSG00000006530","AGK","protein_coding",239.406590279764,-1.27838925742229,0.137562493762505,-9.2931526788789,1.49784542819563e-20,9.1589771921566e-20,"Downregulated"
"ENSG00000136933.19","ENSG00000136933","RABEPK","protein_coding",247.283106058271,-1.20178358406063,0.129403368749829,-9.28711204098552,1.58531318117066e-20,9.68156705500432e-20,"Downregulated"
"ENSG00000171865.12","ENSG00000171865","RNASEH1","protein_coding",435.012296825885,-1.13638292220567,0.122382188336935,-9.28552543183046,1.6091125900296e-20,9.82277154789766e-20,"Downregulated"
"ENSG00000259933.6","ENSG00000259933","PKD1-AS1","lncRNA",119.019582052328,-2.55124105377006,0.274949507890294,-9.27894388080887,1.71166710720773e-20,1.04268514996446e-19,"Downregulated"
"ENSG00000198056.18","ENSG00000198056","PRIM1","protein_coding",112.2437502713,-1.88886014685985,0.203790673268038,-9.26862901314186,1.88553853350778e-20,1.14571171604171e-19,"Downregulated"
"ENSG00000186104.13","ENSG00000186104","CYP2R1","protein_coding",186.501529484399,-1.34014134762317,0.144591570638654,-9.26846109841557,1.88850878869705e-20,1.14703559789596e-19,"Downregulated"
"ENSG00000104731.16","ENSG00000104731","KLHDC4","protein_coding",186.55152429566,-1.10023136837193,0.118808669039079,-9.26053104769681,2.03417946925113e-20,1.23292885271381e-19,"Downregulated"
"ENSG00000204128.8","ENSG00000204128","C2orf72","protein_coding",37.3776562918175,-1.9502927968208,0.210696031649577,-9.25642871178735,2.1138421808416e-20,1.27907310583534e-19,"Downregulated"
"ENSG00000163376.11","ENSG00000163376","KBTBD8","protein_coding",51.5991140152266,-2.3562964647363,0.254743595257063,-9.24967892660287,2.25168021423045e-20,1.35850747979299e-19,"Downregulated"
"ENSG00000078967.15","ENSG00000078967","UBE2D4","protein_coding",149.070376557654,-1.50292705687605,0.162598066140404,-9.24320376343388,2.39224846634853e-20,1.44271597063349e-19,"Downregulated"
"ENSG00000196678.16","ENSG00000196678","ERI2","protein_coding",164.916160039519,-1.56684866714997,0.169522735930659,-9.24270516605437,2.40342539150912e-20,1.448853609557e-19,"Downregulated"
"ENSG00000107890.19","ENSG00000107890","ANKRD26","protein_coding",79.8189264542334,-2.51926332723235,0.272577674516231,-9.24236855312351,2.41100033221311e-20,1.45281566795977e-19,"Downregulated"
"ENSG00000038002.11","ENSG00000038002","AGA","protein_coding",61.7393988876859,-2.5575521513492,0.276910492792921,-9.23602470081115,2.55825463088712e-20,1.54026697593752e-19,"Downregulated"
"ENSG00000157693.17","ENSG00000157693","TMEM268","protein_coding",256.327735684596,-1.17465530355768,0.127212250407275,-9.23382221285276,2.61143075643214e-20,1.57163017118831e-19,"Downregulated"
"ENSG00000221909.5","ENSG00000221909","FAM200A","protein_coding",57.7798386728654,-1.9760018013199,0.214066510861128,-9.23078436403252,2.68657282223541e-20,1.61484086851247e-19,"Downregulated"
"ENSG00000275202.1","ENSG00000275202","ENSG00000275202","lncRNA",40.9752329392746,-3.01225728867614,0.326444737969838,-9.22746467720506,2.77113185474684e-20,1.66428689759599e-19,"Downregulated"
"ENSG00000226124.12","ENSG00000226124","FTCDNL1","protein_coding",63.5178204101765,-3.30563768584883,0.358377495244043,-9.22389862565952,2.86489886420333e-20,1.71917657722711e-19,"Downregulated"
"ENSG00000162390.20","ENSG00000162390","ACOT11","protein_coding",177.414074098027,-2.5660767313661,0.278262072692157,-9.221798380712,2.92158403736285e-20,1.75246671645126e-19,"Downregulated"
"ENSG00000174151.17","ENSG00000174151","CYB561D1","protein_coding",173.089970187737,-1.35020328155694,0.146470301880583,-9.21827335795182,3.0192262766051e-20,1.80953793219855e-19,"Downregulated"
"ENSG00000077514.11","ENSG00000077514","POLD3","protein_coding",298.488854198107,-1.20863955066066,0.131221876942148,-9.21065586642624,3.24138263218335e-20,1.94027745169769e-19,"Downregulated"
"ENSG00000178700.11","ENSG00000178700","DHFR2","protein_coding",55.7970243492096,-2.09744796156058,0.227767596687175,-9.20871973040702,3.30037707035e-20,1.97477557817969e-19,"Downregulated"
"ENSG00000101811.17","ENSG00000101811","CSTF2","protein_coding",364.163216130887,-1.08585215560572,0.118020791843083,-9.20051576208229,3.56235737923849e-20,2.12977240676255e-19,"Downregulated"
"ENSG00000118600.15","ENSG00000118600","RXYLT1","protein_coding",244.20636522472,-1.23282969222566,0.134056151013869,-9.19636796149784,3.70253107175588e-20,2.21083973184533e-19,"Downregulated"
"ENSG00000162069.18","ENSG00000162069","BICDL2","protein_coding",257.758696098689,-1.99045279866272,0.216577717401856,-9.19047823820892,3.91098667618351e-20,2.32859568246719e-19,"Downregulated"
"ENSG00000166188.5","ENSG00000166188","ZNF319","protein_coding",61.5152714007555,-2.20473464696043,0.240007224920055,-9.18611782497303,4.07274980055105e-20,2.42093068538088e-19,"Downregulated"
"ENSG00000291159.2","ENSG00000291159","ENSG00000291159","lncRNA",28.2470333766704,-3.1911881070019,0.347531762059322,-9.18243583864768,4.21448201974089e-20,2.50107589803788e-19,"Downregulated"
"ENSG00000270362.3","ENSG00000270362","HMGN3-AS1","lncRNA",37.5123593380672,-2.79715588268668,0.304623420695567,-9.18234020319169,4.21822759048316e-20,2.50227401724445e-19,"Downregulated"
"ENSG00000155115.9","ENSG00000155115","GTF3C6","protein_coding",136.243625096228,-2.1915639851949,0.238784394825213,-9.17800339004184,4.39158205737194e-20,2.60297779858626e-19,"Downregulated"
"ENSG00000178882.16","ENSG00000178882","RFLNA","protein_coding",490.691833179034,-2.39726188876924,0.261251015794106,-9.17608638375031,4.47043712398196e-20,2.64755107481596e-19,"Downregulated"
"ENSG00000182057.6","ENSG00000182057","OGFRP1","lncRNA",48.5407852467982,-4.69753518126645,0.51213183572092,-9.17251155584538,4.62124264017585e-20,2.73462835203873e-19,"Downregulated"
"ENSG00000241127.11","ENSG00000241127","YAE1","protein_coding",99.4468355877754,-1.88689691776421,0.205737773256351,-9.17136842641492,4.67051893098029e-20,2.76153244992927e-19,"Downregulated"
"ENSG00000155090.17","ENSG00000155090","KLF10","protein_coding",1040.61512091225,-1.03935819535502,0.113328341500697,-9.17121155742517,4.67732140418293e-20,2.76442666351627e-19,"Downregulated"
"ENSG00000196268.13","ENSG00000196268","ZNF493","protein_coding",36.2620847401253,-2.64571450614795,0.288811503626168,-9.16069641593123,5.15634648069338e-20,3.0425803419466e-19,"Downregulated"
"ENSG00000129480.15","ENSG00000129480","DTD2","protein_coding",75.8252834978209,-1.98152761663085,0.216484786414549,-9.15319570233637,5.52737254414966e-20,3.25356145043935e-19,"Downregulated"
"ENSG00000293107.1","ENSG00000293107","ENSG00000293107","lncRNA",33.9355797898571,-4.60546190548247,0.503478098211413,-9.14729344105177,5.83777766006844e-20,3.43348514000454e-19,"Downregulated"
"ENSG00000099256.21","ENSG00000099256","PRTFDC1","protein_coding",89.4541839727456,-1.76110512047653,0.192587140100078,-9.144458552951,5.99293144278177e-20,3.51902603196084e-19,"Downregulated"
"ENSG00000149716.15","ENSG00000149716","LTO1","protein_coding",175.756395323236,-1.38943268095748,0.151957866128328,-9.14353903722308,6.04412677217708e-20,3.54765027065169e-19,"Downregulated"
"ENSG00000180423.6","ENSG00000180423","HARBI1","protein_coding",48.9416461131988,-2.15534253226337,0.235918087874041,-9.13597830368195,6.48180369718277e-20,3.8014690076719e-19,"Downregulated"
"ENSG00000145384.5","ENSG00000145384","FABP2","protein_coding",17.2895036410258,-3.68561473071656,0.403542619746542,-9.13314864494717,6.65354154850122e-20,3.90061181718769e-19,"Downregulated"
"ENSG00000288398.1","ENSG00000288398","ENSG00000288398","lncRNA",60.5652321743267,-1.88291016148094,0.206292622162799,-9.12737519034984,7.01801516631546e-20,4.1109569842459e-19,"Downregulated"
"ENSG00000161395.15","ENSG00000161395","PGAP3","protein_coding",174.05060755361,-1.44230994910416,0.158042433449028,-9.12609302215874,7.10159739864064e-20,4.1582363434788e-19,"Downregulated"
"ENSG00000138496.19","ENSG00000138496","PARP9","protein_coding",187.482956083072,-1.29142349815375,0.141739513174103,-9.11124547582898,8.14415807209293e-20,4.75524330301252e-19,"Downregulated"
"ENSG00000162688.19","ENSG00000162688","AGL","protein_coding",272.573931300661,-1.0884267454765,0.119575950869445,-9.10238837795124,8.83668020295858e-20,5.15751790178315e-19,"Downregulated"
"ENSG00000212719.16","ENSG00000212719","LINC02693","lncRNA",101.782991136013,-1.49811870914228,0.164813835791499,-9.08976301624036,9.92551608359362e-20,5.77673008367224e-19,"Downregulated"
"ENSG00000110274.18","ENSG00000110274","CEP164","protein_coding",199.504413831197,-1.143794569086,0.125968452116686,-9.08000812795956,1.08566744410501e-19,6.30600905810412e-19,"Downregulated"
"ENSG00000102181.24","ENSG00000102181","CD99L2","protein_coding",181.198355646695,-1.31681639243417,0.145216352906438,-9.06796215494127,1.21263662325031e-19,7.02098679350516e-19,"Downregulated"
"ENSG00000158169.16","ENSG00000158169","FANCC","protein_coding",271.033410392506,-1.03531252248365,0.114261994146813,-9.06086516530942,1.29419906950181e-19,7.49022880000807e-19,"Downregulated"
"ENSG00000247626.5","ENSG00000247626","MARS2","protein_coding",265.380010585116,-1.09558353363297,0.120919141848973,-9.0604640165355,1.29896780717057e-19,7.51482693074485e-19,"Downregulated"
"ENSG00000089123.18","ENSG00000089123","TASP1","protein_coding",137.442619771325,-1.16394752596505,0.12848982806959,-9.05867447604219,1.32045372310606e-19,7.63607955117836e-19,"Downregulated"
"ENSG00000205060.13","ENSG00000205060","SLC35B4","protein_coding",139.471862862944,-1.45222804834132,0.160375454749848,-9.05517649572057,1.36347104402769e-19,7.87855756381552e-19,"Downregulated"
"ENSG00000185621.13","ENSG00000185621","LMLN","protein_coding",23.6701534207185,-4.31795410580579,0.476877033009741,-9.05464890719028,1.37007828219624e-19,7.91358089501311e-19,"Downregulated"
"ENSG00000122085.19","ENSG00000122085","MTERF4","protein_coding",175.71083228542,-1.324165132417,0.146266764289274,-9.05308283020586,1.38987792428096e-19,8.01835624151262e-19,"Downregulated"
"ENSG00000137760.17","ENSG00000137760","ALKBH8","protein_coding",146.337469870401,-1.24174450078632,0.137191197439436,-9.0511966070892,1.41410079236153e-19,8.15485423115929e-19,"Downregulated"
"ENSG00000100379.20","ENSG00000100379","KCTD17","protein_coding",72.7303306106249,-2.07267881943104,0.229165850189687,-9.04444889024878,1.50422013083445e-19,8.67110506605127e-19,"Downregulated"
"ENSG00000175329.15","ENSG00000175329","ISX","protein_coding",421.419797600043,-1.9559316882666,0.216331880365736,-9.04134741934406,1.54752351348931e-19,8.91718121570064e-19,"Downregulated"
"ENSG00000137135.20","ENSG00000137135","ARHGEF39","protein_coding",157.59786620101,-1.8413977467991,0.203696966906323,-9.03988790194368,1.56832562653585e-19,9.03345587430744e-19,"Downregulated"
"ENSG00000064651.16","ENSG00000064651","SLC12A2","protein_coding",3188.62003051446,-1.34377584470058,0.148677167981841,-9.03821254427384,1.59254485933919e-19,9.16203259291127e-19,"Downregulated"
"ENSG00000163293.14","ENSG00000163293","NIPAL1","protein_coding",314.112282164632,-1.42860278444234,0.158239540935999,-9.0281024325023,1.74674288133333e-19,1.0033213569672e-18,"Downregulated"
"ENSG00000226688.10","ENSG00000226688","ENTPD1-AS1","lncRNA",53.2161249801628,-1.88147112215156,0.208671053739022,-9.01644520616957,1.94291539632037e-19,1.11362369832445e-18,"Downregulated"
"ENSG00000138780.17","ENSG00000138780","GSTCD","protein_coding",220.254272299631,-1.09281898418518,0.121211400334303,-9.01581023873304,1.9542048122888e-19,1.11938087508653e-18,"Downregulated"
"ENSG00000149179.16","ENSG00000149179","CSTPP1","protein_coding",215.858037812668,-1.55509159981073,0.172502614217361,-9.01488714745648,1.97073263320511e-19,1.12706619259702e-18,"Downregulated"
"ENSG00000122547.14","ENSG00000122547","EEPD1","protein_coding",384.537193374484,-1.27776660892856,0.141758662547882,-9.01367567923379,1.99263355339787e-19,1.13824380984793e-18,"Downregulated"
"ENSG00000109184.17","ENSG00000109184","DCUN1D4","protein_coding",219.345333499482,-1.10155378629788,0.122697958540683,-8.97776784063309,2.76315374056308e-19,1.56665195650392e-18,"Downregulated"
"ENSG00000152253.11","ENSG00000152253","SPC25","protein_coding",118.21830534412,-1.91038088462455,0.212950526514711,-8.9710080359561,2.93813019372813e-19,1.66390710306792e-18,"Downregulated"
"ENSG00000104299.17","ENSG00000104299","INTS9","protein_coding",79.7142911178998,-2.33570576478941,0.260387038393752,-8.97013069159535,2.9616281841108e-19,1.67590455463232e-18,"Downregulated"
"ENSG00000185880.16","ENSG00000185880","TRIM69","protein_coding",140.896683206152,-1.2777110800957,0.142443976260781,-8.9699200600559,2.967297128973e-19,1.6784570645229e-18,"Downregulated"
"ENSG00000127419.19","ENSG00000127419","TMEM175","protein_coding",63.6522871957356,-2.51415781084533,0.280455500926051,-8.9645516045993,3.11545846368954e-19,1.76020366689235e-18,"Downregulated"
"ENSG00000174197.21","ENSG00000174197","MGA","protein_coding",508.889829675977,-1.06416576740339,0.118780597980257,-8.95908747302549,3.27376362333207e-19,1.84604600892328e-18,"Downregulated"
"ENSG00000188321.16","ENSG00000188321","ZNF559","protein_coding",65.2970369275351,-1.75548047469605,0.196006879551866,-8.95621867308757,3.36003277678654e-19,1.89248328803694e-18,"Downregulated"
"ENSG00000166199.15","ENSG00000166199","ALKBH3","protein_coding",170.007805913811,-1.17450530698419,0.131252415146007,-8.94844720135358,3.60517820546222e-19,2.02819264571267e-18,"Downregulated"
"ENSG00000149483.15","ENSG00000149483","TMEM138","protein_coding",146.868509061706,-1.14064895716253,0.127498241391951,-8.94638972827858,3.67298546983489e-19,2.06473644021905e-18,"Downregulated"
"ENSG00000134508.15","ENSG00000134508","CABLES1","protein_coding",117.02991285225,-1.23725103939332,0.138401921936748,-8.93955099813396,3.90754793154001e-19,2.19149321299837e-18,"Downregulated"
"ENSG00000230487.10","ENSG00000230487","PSMG3-AS1","lncRNA",83.1401096584258,-5.18169444132263,0.580035876383332,-8.93340335020617,4.13100225211786e-19,2.3159181678024e-18,"Downregulated"
"ENSG00000109790.20","ENSG00000109790","KLHL5","protein_coding",30.7843633684634,-1.998948982379,0.22385960001345,-8.92947625323596,4.28030379420661e-19,2.39776430559112e-18,"Downregulated"
"ENSG00000063761.18","ENSG00000063761","ADCK1","protein_coding",53.0810243985742,-2.01246241850711,0.225427992113978,-8.92729602759178,4.36548065808985e-19,2.44453422322404e-18,"Downregulated"
"ENSG00000068079.9","ENSG00000068079","IFI35","protein_coding",137.191512220416,-1.47939356840661,0.165822060538574,-8.92157270028898,4.59712859963901e-19,2.57126930397408e-18,"Downregulated"
"ENSG00000093183.16","ENSG00000093183","SEC22C","protein_coding",242.825431134027,-1.01017632897449,0.113235853418935,-8.92099364710198,4.62123117832136e-19,2.58375317269418e-18,"Downregulated"
"ENSG00000180884.12","ENSG00000180884","ZNF792","protein_coding",55.8724914000836,-2.07398350646417,0.232780976828515,-8.90959190360316,5.1220749076094e-19,2.8582637489825e-18,"Downregulated"
"ENSG00000122912.17","ENSG00000122912","SLC25A16","protein_coding",101.418246903149,-1.61798418026211,0.181664710217654,-8.90643085453186,5.27018096600335e-19,2.93977915932719e-18,"Downregulated"
"ENSG00000262814.10","ENSG00000262814","MRPL12","protein_coding",226.563864294566,-1.20904960669864,0.135786053435469,-8.90407796757441,5.38316070258664e-19,2.99972165112287e-18,"Downregulated"
"ENSG00000101104.15","ENSG00000101104","PABPC1L","protein_coding",90.340639160661,-1.72603487231642,0.194028264013106,-8.89579093590117,5.80046864309353e-19,3.22317452360857e-18,"Downregulated"
"ENSG00000197299.15","ENSG00000197299","BLM","protein_coding",206.877349902606,-1.57535831327154,0.177175739564434,-8.8915012695552,6.02887441456775e-19,3.34496355344241e-18,"Downregulated"
"ENSG00000237190.5","ENSG00000237190","CDKN2AIPNL","protein_coding",155.675043903784,-1.20689421275368,0.135746191454414,-8.89081454015579,6.06625560139115e-19,3.36312839232443e-18,"Downregulated"
"ENSG00000181031.18","ENSG00000181031","RPH3AL","protein_coding",125.297433838976,-1.2680577747486,0.142731845971287,-8.8841965583749,6.4384367678831e-19,3.56265084536701e-18,"Downregulated"
"ENSG00000006042.14","ENSG00000006042","TMEM98","protein_coding",53.2717570122603,-2.50813974663187,0.282442407155767,-8.88018117353258,6.67515520632854e-19,3.68941072654894e-18,"Downregulated"
"ENSG00000111981.7","ENSG00000111981","ULBP1","protein_coding",187.196912283618,-1.51561205889211,0.170769568071096,-8.8751882200763,6.98152445263904e-19,3.85286566518069e-18,"Downregulated"
"ENSG00000101846.11","ENSG00000101846","STS","protein_coding",305.334460329566,-1.03257555512399,0.116389751029478,-8.87170516296115,7.20342892961484e-19,3.97381393406845e-18,"Downregulated"
"ENSG00000184220.13","ENSG00000184220","CMSS1","protein_coding",318.082773517632,-1.2420064761831,0.140114288161135,-8.86423856184286,7.70286678476558e-19,4.23803893108667e-18,"Downregulated"
"ENSG00000143919.17","ENSG00000143919","CAMKMT","protein_coding",108.644166916106,-1.23018046653848,0.138814405683652,-8.86205189209236,7.85550170579566e-19,4.32037687743418e-18,"Downregulated"
"ENSG00000174136.15","ENSG00000174136","RGMB","protein_coding",468.200515875896,-1.01788904362373,0.114976624124866,-8.85300861258799,8.51910872320151e-19,4.68001984900062e-18,"Downregulated"
"ENSG00000136877.18","ENSG00000136877","FPGS","protein_coding",338.491866256944,-1.14140688684963,0.129135423563181,-8.83883643507917,9.67205955812763e-19,5.30535530342111e-18,"Downregulated"
"ENSG00000133265.13","ENSG00000133265","HSPBP1","protein_coding",259.649796663176,-1.1041791453914,0.125147904284289,-8.82299349482606,1.11439823371017e-18,6.08051927821074e-18,"Downregulated"
"ENSG00000137501.20","ENSG00000137501","SYTL2","protein_coding",560.704794126733,-1.29131925128724,0.146367093528154,-8.82246972430899,1.11962473997809e-18,6.10673757311347e-18,"Downregulated"
"ENSG00000169105.8","ENSG00000169105","CHST14","protein_coding",86.7359796561031,-1.70612988884303,0.193399431779315,-8.82179369994151,1.12640633042878e-18,6.14141480081785e-18,"Downregulated"
"ENSG00000213020.12","ENSG00000213020","ZNF611","protein_coding",56.6403495555558,-1.97658504893127,0.224265952232932,-8.8135761547892,1.21215701305928e-18,6.59232881432293e-18,"Downregulated"
"ENSG00000101346.17","ENSG00000101346","POFUT1","protein_coding",2936.71798665566,-1.11249305451349,0.126309580738727,-8.80766960041374,1.2777439540964e-18,6.93263398830587e-18,"Downregulated"
"ENSG00000176396.12","ENSG00000176396","EID2","protein_coding",50.2296723671021,-2.25167577943272,0.255791470192779,-8.80277898921232,1.33469240197931e-18,7.23619988383245e-18,"Downregulated"
"ENSG00000233930.5","ENSG00000233930","KRTAP5-AS1","lncRNA",35.3004813238554,-3.04235010807037,0.345774448927761,-8.79865506981394,1.38465568522521e-18,7.50146923001259e-18,"Downregulated"
"ENSG00000176890.18","ENSG00000176890","TYMS","protein_coding",256.115520367919,-1.73021516007728,0.196759981056652,-8.79353184923874,1.44930496908932e-18,7.83413935548019e-18,"Downregulated"
"ENSG00000143748.20","ENSG00000143748","NVL","protein_coding",200.719782395561,-1.13474854409094,0.129055859453912,-8.7926929384882,1.46017140559992e-18,7.88993438104178e-18,"Downregulated"
"ENSG00000158882.17","ENSG00000158882","TOMM40L","protein_coding",108.661933556176,-2.7190767721774,0.309245123458135,-8.79262619171261,1.46103942599574e-18,7.89168220705563e-18,"Downregulated"
"ENSG00000151131.13","ENSG00000151131","NOPCHAP1","protein_coding",242.232797751228,-1.11740763384987,0.127107645674361,-8.79103399265667,1.48189719118742e-18,7.99838141329166e-18,"Downregulated"
"ENSG00000188191.18","ENSG00000188191","PRKAR1B","protein_coding",263.239584168753,-1.18470726264402,0.134855475744663,-8.78501415016442,1.56344854867743e-18,8.43504888278589e-18,"Downregulated"
"ENSG00000111445.16","ENSG00000111445","RFC5","protein_coding",242.019821562787,-1.13156090406487,0.128806358640019,-8.78497704625977,1.56396469417925e-18,8.43504888278589e-18,"Downregulated"
"ENSG00000228223.4","ENSG00000228223","HCG11","lncRNA",144.646126680883,-1.52510435922094,0.173626401159549,-8.78382751145943,1.58003929046781e-18,8.51857492465012e-18,"Downregulated"
"ENSG00000090470.16","ENSG00000090470","PDCD7","protein_coding",244.757733828327,-1.10564747607355,0.126105996167947,-8.767604314398,1.82507917733384e-18,9.7995729669959e-18,"Downregulated"
"ENSG00000174276.7","ENSG00000174276","ZNHIT2","protein_coding",76.6462605467339,-1.77539255170055,0.202534356666805,-8.76588338353525,1.85317767662333e-18,9.9467595887501e-18,"Downregulated"
"ENSG00000007968.9","ENSG00000007968","E2F2","protein_coding",98.1972582797412,-4.92207542054027,0.561813510192939,-8.76104851741626,1.9344251605284e-18,1.03713242420931e-17,"Downregulated"
"ENSG00000114988.14","ENSG00000114988","LMAN2L","protein_coding",301.238587819422,-1.38439892610922,0.158039897093451,-8.75980655245941,1.95585736472691e-18,1.04823538940911e-17,"Downregulated"
"ENSG00000156603.22","ENSG00000156603","MED19","protein_coding",136.226382559493,-1.15877388323953,0.132466281287805,-8.74768938913517,2.17765692307912e-18,1.1640945824147e-17,"Downregulated"
"ENSG00000225791.8","ENSG00000225791","TRAM2-AS1","lncRNA",40.3907789863825,-2.62931853467162,0.300742977549639,-8.74274290989101,2.27518015038268e-18,1.21488248855364e-17,"Downregulated"
"ENSG00000130816.19","ENSG00000130816","DNMT1","protein_coding",1055.65805129876,-1.34339247391438,0.153970541121831,-8.72499676968341,2.66188230992815e-18,1.41563297010931e-17,"Downregulated"
"ENSG00000253710.6","ENSG00000253710","ALG11","protein_coding",155.817818852758,-1.12687578155405,0.129403527895184,-8.70823075601781,3.08654468593456e-18,1.63667053013405e-17,"Downregulated"
"ENSG00000163832.18","ENSG00000163832","ELP6","protein_coding",141.487047294192,-1.73156084792765,0.198911061933425,-8.70520136535795,3.17011414592525e-18,1.6791408699835e-17,"Downregulated"
"ENSG00000152455.18","ENSG00000152455","SUV39H2","protein_coding",218.6451928799,-1.17901001725884,0.135462921404934,-8.70356260614276,3.21624837588273e-18,1.70233277806036e-17,"Downregulated"
"ENSG00000130349.12","ENSG00000130349","MTRES1","protein_coding",131.164753861675,-1.45797287389506,0.167518397107504,-8.70335974477725,3.22200522197487e-18,1.70475719886308e-17,"Downregulated"
"ENSG00000257167.4","ENSG00000257167","TMPO-AS1","lncRNA",49.1230212811527,-2.72564815086198,0.313262860451984,-8.70083401182424,3.29453857104086e-18,1.7418625673668e-17,"Downregulated"
"ENSG00000012963.17","ENSG00000012963","UBR7","protein_coding",309.063214775789,-1.04679640049075,0.120421716250082,-8.69275437261534,3.53756639227747e-18,1.86694873113201e-17,"Downregulated"
"ENSG00000175806.17","ENSG00000175806","MSRA","protein_coding",49.1365674208415,-2.27009898329749,0.261251749802421,-8.68931589937415,3.64628453849325e-18,1.92222464648396e-17,"Downregulated"
"ENSG00000125817.8","ENSG00000125817","CENPB","protein_coding",626.15069499353,-1.12978866122045,0.13005081557037,-8.68728624473047,3.71199978752634e-18,1.95473477183255e-17,"Downregulated"
"ENSG00000163002.15","ENSG00000163002","NUP35","protein_coding",211.833657934254,-1.09677324142364,0.126278899709134,-8.68532465795867,3.77662177937298e-18,1.98804223852791e-17,"Downregulated"
"ENSG00000169621.13","ENSG00000169621","APLF","protein_coding",59.0435532863854,-1.46753007365323,0.169010334519544,-8.68307892428627,3.85196906153492e-18,2.02623359853953e-17,"Downregulated"
"ENSG00000151413.19","ENSG00000151413","NUBPL","protein_coding",112.693695779722,-1.53036798210811,0.176285341772872,-8.68119814567371,3.91621203531899e-18,2.05778625148088e-17,"Downregulated"
"ENSG00000245498.8","ENSG00000245498","MSANTD2-AS1","lncRNA",35.9982725851148,-2.31577919497286,0.266895831492288,-8.67671548867848,4.07362501282547e-18,2.13739948174753e-17,"Downregulated"
"ENSG00000162929.16","ENSG00000162929","SANBR","protein_coding",179.969688788809,-1.01903578936848,0.117486902937053,-8.67361181453948,4.18625686454144e-18,2.19332011861658e-17,"Downregulated"
"ENSG00000203697.14","ENSG00000203697","CAPN8","protein_coding",168.895713813497,-2.26085205124733,0.260801951462397,-8.66884637392488,4.36520455308522e-18,2.28294999578892e-17,"Downregulated"
"ENSG00000138092.13","ENSG00000138092","CENPO","protein_coding",280.739658673396,-1.30721825139639,0.150803118158235,-8.66837680388513,4.38324091363234e-18,2.2915558196378e-17,"Downregulated"
"ENSG00000163728.13","ENSG00000163728","TTC14","protein_coding",68.8162730813995,-1.632109486448,0.188383785927581,-8.66374713944554,4.56505339604948e-18,2.38402716452429e-17,"Downregulated"
"ENSG00000154059.13","ENSG00000154059","IMPACT","protein_coding",363.275410013364,-1.33379681672634,0.153971611031954,-8.66261519111812,4.61062708963453e-18,2.40609318627957e-17,"Downregulated"
"ENSG00000065615.16","ENSG00000065615","CYB5R4","protein_coding",205.575550675752,-1.36974838210358,0.158157157042716,-8.66067908475132,4.68962056357593e-18,2.4455552791415e-17,"Downregulated"
"ENSG00000293476.1","ENSG00000293476","ENSG00000293476","lncRNA",37.9700567431124,-3.93841365862178,0.454962235129626,-8.65657268784005,4.86161070437259e-18,2.532511226735e-17,"Downregulated"
"ENSG00000229619.6","ENSG00000229619","MBNL1-AS1","lncRNA",34.4435925418666,-2.98497064024274,0.344994125496444,-8.65223613865134,5.05000164314553e-18,2.62875803924084e-17,"Downregulated"
"ENSG00000151116.19","ENSG00000151116","UEVLD","protein_coding",305.996878181076,-1.07435866632891,0.124179982001323,-8.65162523793457,5.07711342331825e-18,2.64192200110334e-17,"Downregulated"
"ENSG00000228801.9","ENSG00000228801","PCMTD1-DT","lncRNA",48.9022916025567,-2.62691143152703,0.303683612834042,-8.65015865364654,5.14278835485543e-18,2.67417613342536e-17,"Downregulated"
"ENSG00000156313.16","ENSG00000156313","RPGR","protein_coding",51.7588973816653,-2.02572350240912,0.23427268784808,-8.64686157407624,5.29351188767881e-18,2.74959047585094e-17,"Downregulated"
"ENSG00000179886.6","ENSG00000179886","TIGD5","protein_coding",166.465032477809,-2.20834663317166,0.255591864096465,-8.64012882795906,5.61496702528035e-18,2.91238733465866e-17,"Downregulated"
"ENSG00000005189.22","ENSG00000005189","REXO5","protein_coding",61.2434211979215,-2.12213891011283,0.245630765209526,-8.63954850404274,5.6435601533739e-18,2.92617079580302e-17,"Downregulated"
"ENSG00000094841.16","ENSG00000094841","UPRT","protein_coding",81.557913733533,-2.08251103835987,0.241243035028415,-8.63241932814591,6.00677069972867e-18,3.11004362202458e-17,"Downregulated"
"ENSG00000105983.25","ENSG00000105983","LMBR1","protein_coding",1263.92311039371,-1.06613546531297,0.123505470292666,-8.63229347482818,6.01338552678766e-18,3.11235653765024e-17,"Downregulated"
"ENSG00000184445.13","ENSG00000184445","KNTC1","protein_coding",445.860745345405,-1.45831794338568,0.168954962838813,-8.631400456564,6.060529373616e-18,3.13451790444122e-17,"Downregulated"
"ENSG00000114735.12","ENSG00000114735","HEMK1","protein_coding",122.487868833367,-1.17395471193957,0.136040429081421,-8.62945463981852,6.16451928527725e-18,3.18602758495856e-17,"Downregulated"
"ENSG00000132664.15","ENSG00000132664","POLR3F","protein_coding",79.645675796214,-1.51020008259963,0.175098421756473,-8.6248640476041,6.41688383355999e-18,3.31173363660795e-17,"Downregulated"
"ENSG00000234171.6","ENSG00000234171","RNASEH1-DT","lncRNA",53.8583176331429,-1.83463873673878,0.212863807591546,-8.61883829617094,6.76367911716233e-18,3.48698818092908e-17,"Downregulated"
"ENSG00000269416.8","ENSG00000269416","LINC01224","lncRNA",31.0637412276019,-2.34448386592672,0.272539480023994,-8.60236419956591,7.80905270360555e-18,4.01165514996993e-17,"Downregulated"
"ENSG00000182473.24","ENSG00000182473","EXOC7","protein_coding",828.370685707667,-1.14259163639971,0.132830142351359,-8.6019002627985,7.84069182903879e-18,4.02648143112793e-17,"Downregulated"
"ENSG00000285967.2","ENSG00000285967","NIPBL-DT","lncRNA",53.7864482727908,-2.17012001756257,0.252396913354928,-8.59804499475348,8.10855101926869e-18,4.15667213906055e-17,"Downregulated"
"ENSG00000172954.16","ENSG00000172954","LCLAT1","protein_coding",225.172564337078,-1.31082122035977,0.15257462662066,-8.59134476939477,8.59572812552992e-18,4.40485473816053e-17,"Downregulated"
"ENSG00000141642.11","ENSG00000141642","ELAC1","protein_coding",31.1584173357156,-4.17259735403595,0.485830822588745,-8.5885809628181,8.80500149622822e-18,4.51050129668927e-17,"Downregulated"
"ENSG00000196177.15","ENSG00000196177","ACADSB","protein_coding",56.3729893132898,-2.14222668860321,0.249626085133577,-8.5817421182441,9.34469503468104e-18,4.78189690828382e-17,"Downregulated"
"ENSG00000109452.15","ENSG00000109452","INPP4B","protein_coding",242.156523229411,-1.18878157042326,0.13858256791246,-8.57814650378099,9.64141005359975e-18,4.92677413599322e-17,"Downregulated"
"ENSG00000173214.8","ENSG00000173214","SLC60A2","protein_coding",168.730474840387,-1.74693922028528,0.203940106758061,-8.56594246249813,1.07195406713261e-17,5.46805995807312e-17,"Downregulated"
"ENSG00000116771.8","ENSG00000116771","AGMAT","protein_coding",296.341880413726,-1.25644336129288,0.146912145619335,-8.55234504945878,1.2061257860565e-17,6.14382245748008e-17,"Downregulated"
"ENSG00000133678.16","ENSG00000133678","TMEM254","protein_coding",108.46964386746,-1.45643463452644,0.170386702593747,-8.54781865225139,1.25436601302468e-17,6.38057994410447e-17,"Downregulated"
"ENSG00000227036.11","ENSG00000227036","LINC00511","lncRNA",514.407431762506,-1.63934522841129,0.191852247093643,-8.54483204260375,1.28723344892231e-17,6.54546917255512e-17,"Downregulated"
"ENSG00000157895.13","ENSG00000157895","C12orf43","protein_coding",142.736709266719,-1.53590019410524,0.179803205935372,-8.54211795676938,1.31783803827192e-17,6.69639160260753e-17,"Downregulated"
"ENSG00000134809.11","ENSG00000134809","TIMM10","protein_coding",149.465923469032,-1.04950953131772,0.123045186298593,-8.52946436092902,1.47026882877923e-17,7.45787044685635e-17,"Downregulated"
"ENSG00000288973.1","ENSG00000288973","ENSG00000288973","lncRNA",150.584196850905,-1.3328078138897,0.156331202833558,-8.52553930202093,1.52099484309443e-17,7.70977868699703e-17,"Downregulated"
"ENSG00000277161.4","ENSG00000277161","PIGW","protein_coding",168.539953843008,-1.21727853170745,0.142809571218427,-8.52378815594666,1.54417946042431e-17,7.82182759191512e-17,"Downregulated"
"ENSG00000139410.17","ENSG00000139410","SDSL","protein_coding",55.1802919625884,-4.83723912364848,0.567709954755179,-8.52061705652934,1.58705471984085e-17,8.03058554466953e-17,"Downregulated"
"ENSG00000198554.14","ENSG00000198554","WDHD1","protein_coding",237.606640207371,-1.12441752654174,0.131973192519832,-8.52004490512545,1.59491470377853e-17,8.06754062379002e-17,"Downregulated"
"ENSG00000181938.16","ENSG00000181938","GINS3","protein_coding",80.1725828762966,-2.0424076314675,0.239732796845505,-8.5195169719883,1.6022013020058e-17,8.10157057525054e-17,"Downregulated"
"ENSG00000143416.23","ENSG00000143416","SELENBP1","protein_coding",658.370075977114,-1.75072394579184,0.205669941893983,-8.51229853847233,1.70518863672363e-17,8.60731233834861e-17,"Downregulated"
"ENSG00000275074.4","ENSG00000275074","NUDT18","protein_coding",59.2747110671196,-1.61152625953542,0.189348038861287,-8.51092131308521,1.72556712802585e-17,8.70714443570702e-17,"Downregulated"
"ENSG00000109065.14","ENSG00000109065","NAT9","protein_coding",198.344762399807,-1.05676822489441,0.124169983083764,-8.51065771815017,1.72949479126881e-17,8.7208902279289e-17,"Downregulated"
"ENSG00000136492.12","ENSG00000136492","BRIP1","protein_coding",187.849176807328,-1.90797017828386,0.224289546809963,-8.50672804604866,1.789105180453e-17,9.01833470439127e-17,"Downregulated"
"ENSG00000197121.17","ENSG00000197121","PGAP1","protein_coding",605.258744063928,-1.4633827445816,0.172136142674156,-8.50131019463875,1.87462696817863e-17,9.4362952493382e-17,"Downregulated"
"ENSG00000124233.14","ENSG00000124233","SEMG1","protein_coding",19.8193032409288,-2.65448992766725,0.312403359360105,-8.49699546478769,1.94561034991197e-17,9.77662454609025e-17,"Downregulated"
"ENSG00000204271.14","ENSG00000204271","SPIN3","protein_coding",162.047652269877,-1.31396623920943,0.154703764014074,-8.4934341939469,2.00619083402991e-17,1.00740532109361e-16,"Downregulated"
"ENSG00000112304.13","ENSG00000112304","ACOT13","protein_coding",175.260869631528,-1.0957578627464,0.129026104230741,-8.49252846375045,2.02189267429447e-17,1.01458686412311e-16,"Downregulated"
"ENSG00000163545.12","ENSG00000163545","NUAK2","protein_coding",193.629907092313,-1.27464937119113,0.150099397054621,-8.49203525266184,2.03049396560646e-17,1.01855031324226e-16,"Downregulated"
"ENSG00000100162.18","ENSG00000100162","CENPM","protein_coding",83.6512666787803,-2.62834817353517,0.309680205232916,-8.48729795809304,2.11497004068856e-17,1.05872697166351e-16,"Downregulated"
"ENSG00000215883.13","ENSG00000215883","CYB5RL","protein_coding",46.1542444148628,-1.72668737328224,0.203461028365696,-8.48657547419224,2.12815463722698e-17,1.06495915064549e-16,"Downregulated"
"ENSG00000171448.11","ENSG00000171448","ZBTB26","protein_coding",193.542261854137,-1.19426664314775,0.140814614253626,-8.48112711509268,2.23022792873443e-17,1.11523955063995e-16,"Downregulated"
"ENSG00000143553.13","ENSG00000143553","SNAPIN","protein_coding",177.231218691292,-1.17991946502517,0.139202170165791,-8.47630079056866,2.32467259224517e-17,1.16129456073137e-16,"Downregulated"
"ENSG00000290292.11","ENSG00000290292","HOMEZ","protein_coding",153.98004106197,-1.48307711557188,0.174970584002426,-8.47615114293334,2.32766321046469e-17,1.16238784445397e-16,"Downregulated"
"ENSG00000214029.8","ENSG00000214029","ZNF891","protein_coding",47.5899494258048,-2.33961883052931,0.276209071872298,-8.4704633872815,2.44418734149829e-17,1.2188975551615e-16,"Downregulated"
"ENSG00000006015.20","ENSG00000006015","REX1BD","protein_coding",148.54776676402,-1.13117490827415,0.133575805136002,-8.46841167921409,2.48761750534819e-17,1.23970264399952e-16,"Downregulated"
"ENSG00000158234.15","ENSG00000158234","FAIM","protein_coding",42.1120960477291,-2.09448914912262,0.247650435439875,-8.45744181875715,2.73306824531125e-17,1.36061920340263e-16,"Downregulated"
"ENSG00000173163.13","ENSG00000173163","COMMD1","protein_coding",77.100879800518,-1.44442832553361,0.170935809490443,-8.45012130483032,2.91000312528674e-17,1.44522841986482e-16,"Downregulated"
"ENSG00000180354.18","ENSG00000180354","MTURN","protein_coding",224.807216199186,-1.03988284118569,0.123122954962528,-8.4458892454472,3.01739665154407e-17,1.49548947586103e-16,"Downregulated"
"ENSG00000167272.13","ENSG00000167272","POP5","protein_coding",118.780643439464,-1.21080392150576,0.143410219074923,-8.44294032403082,3.09453107485448e-17,1.53162378199423e-16,"Downregulated"
"ENSG00000255474.1","ENSG00000255474","GAU1","lncRNA",36.9149483519072,-2.48904774785803,0.295093536981934,-8.43477554037523,3.31839063254671e-17,1.6358055320639e-16,"Downregulated"
"ENSG00000111206.15","ENSG00000111206","FOXM1","protein_coding",1097.31823052787,-1.28013294606308,0.15195618727173,-8.42435552672782,3.62741278117483e-17,1.78561365573321e-16,"Downregulated"
"ENSG00000040633.14","ENSG00000040633","PHF23","protein_coding",248.42889968371,-1.39599939318626,0.165850944277938,-8.41719291538553,3.85612397599943e-17,1.89497960868714e-16,"Downregulated"
"ENSG00000166436.19","ENSG00000166436","TRIM66","protein_coding",29.9787767354445,-2.73915731600773,0.325439008022226,-8.41680698529126,3.8688431745753e-17,1.9005856029134e-16,"Downregulated"
"ENSG00000158023.12","ENSG00000158023","CFAP251","protein_coding",24.1967788763648,-2.50377707351761,0.297761255194702,-8.40867315621849,4.14674880754556e-17,2.03159850300711e-16,"Downregulated"
"ENSG00000122783.19","ENSG00000122783","CYREN","protein_coding",700.74264690046,-1.18710160957735,0.141272575684815,-8.40291616276489,4.3552562758732e-17,2.12871412984669e-16,"Downregulated"
"ENSG00000255774.3","ENSG00000255774","LINC02747","lncRNA",42.5119676158363,-3.80003284498806,0.452797384640947,-8.39234715987011,4.76531299012984e-17,2.32599918669456e-16,"Downregulated"
"ENSG00000176108.10","ENSG00000176108","CHMP6","protein_coding",67.3753405864836,-2.56852872902795,0.306155246158352,-8.38962833809955,4.87681443151872e-17,2.37882176848096e-16,"Downregulated"
"ENSG00000139178.14","ENSG00000139178","C1RL","protein_coding",155.037047519229,-1.80067912537644,0.215009839136646,-8.37486848326065,5.52855763511208e-17,2.68678260389149e-16,"Downregulated"
"ENSG00000196418.15","ENSG00000196418","ZNF124","protein_coding",89.9547564526335,-1.55480864548759,0.185665612378373,-8.37424133403339,5.55807564664886e-17,2.70022233560963e-16,"Downregulated"
"ENSG00000241316.9","ENSG00000241316","SUCLG2-DT","lncRNA",21.7059222363285,-3.32443514905723,0.396995902824878,-8.37397848542457,5.57049331086795e-17,2.70534815888399e-16,"Downregulated"
"ENSG00000163866.11","ENSG00000163866","SMIM12","protein_coding",153.401963373038,-1.20137336201732,0.14351444888264,-8.3710969269704,5.70843300513667e-17,2.76688047753562e-16,"Downregulated"
"ENSG00000185608.11","ENSG00000185608","MRPL40","protein_coding",125.435962001989,-1.19568354011744,0.142843973776999,-8.37055640851945,5.73468022340497e-17,2.77856856561634e-16,"Downregulated"
"ENSG00000183323.15","ENSG00000183323","CCDC125","protein_coding",91.4243001714996,-1.59915979634772,0.191119942847966,-8.36730993384528,5.89484994718818e-17,2.85235944689987e-16,"Downregulated"
"ENSG00000156697.15","ENSG00000156697","UTP14A","protein_coding",260.664251069891,-1.1192246823539,0.133864403700358,-8.3608834866898,6.2250302385231e-17,3.0101147219445e-16,"Downregulated"
"ENSG00000236081.2","ENSG00000236081","ELFN1-AS1","lncRNA",27.5913469966578,-3.05296283113475,0.365208275812363,-8.35951163577493,6.29784144364552e-17,3.04329170394501e-16,"Downregulated"
"ENSG00000129521.17","ENSG00000129521","EGLN3","protein_coding",57.7925386238675,-1.53229486659606,0.183359964462655,-8.3567580910398,6.44653044129521e-17,3.11202928565124e-16,"Downregulated"
"ENSG00000234771.3","ENSG00000234771","SLC25A25-AS1","lncRNA",178.033245036561,-1.54801126202783,0.185269986784976,-8.35543462214655,6.5192233130699e-17,3.1460734016986e-16,"Downregulated"
"ENSG00000188827.13","ENSG00000188827","SLX4","protein_coding",111.948266662525,-1.76074122435035,0.210792147082263,-8.35297352734494,6.65655732758297e-17,3.21127925403903e-16,"Downregulated"
"ENSG00000149346.17","ENSG00000149346","SLX4IP","protein_coding",69.8821564394664,-1.75187495300958,0.209890992646101,-8.34659425315804,7.02595751210854e-17,3.38610496393339e-16,"Downregulated"
"ENSG00000293495.2","ENSG00000293495","C19orf48P","lncRNA",350.891750499805,-1.07015091037499,0.12835210366633,-8.33761878307039,7.58014894897709e-17,3.64470864527458e-16,"Downregulated"
"ENSG00000161996.21","ENSG00000161996","WDR90","protein_coding",130.412839486689,-1.71001667276706,0.205157429400983,-8.33514378572567,7.74040703835133e-17,3.7192963793033e-16,"Downregulated"
"ENSG00000125912.13","ENSG00000125912","NCLN","protein_coding",749.654651915308,-1.15907029678459,0.139160053847454,-8.3290446125808,8.14973537890815e-17,3.91208894041527e-16,"Downregulated"
"ENSG00000130023.18","ENSG00000130023","ERMARD","protein_coding",111.700458951632,-1.48039081388671,0.177760382190207,-8.32801322570666,8.22103319208158e-17,3.94370119230871e-16,"Downregulated"
"ENSG00000176024.20","ENSG00000176024","ZNF613","protein_coding",37.0382666397296,-2.76939831573694,0.332662060778386,-8.32495989851355,8.4357294801005e-17,4.04401560124434e-16,"Downregulated"
"ENSG00000135622.16","ENSG00000135622","SEMA4F","protein_coding",87.0095209301478,-1.24525004282676,0.149648102998901,-8.32118829355232,8.70857755012609e-17,4.16929983007688e-16,"Downregulated"
"ENSG00000162994.18","ENSG00000162994","CLHC1","protein_coding",39.073073490278,-2.0796121416422,0.250124094024533,-8.31432153608608,9.22786510482593e-17,4.41208251729256e-16,"Downregulated"
"ENSG00000125459.20","ENSG00000125459","MSTO1","protein_coding",28.0921770208847,-3.01582947842972,0.363111730028686,-8.30551378274523,9.93884335344044e-17,4.74263147441748e-16,"Downregulated"
"ENSG00000205981.11","ENSG00000205981","DNAJC19","protein_coding",174.700699700235,-1.08564317219339,0.130767087730568,-8.30211325368238,1.02275639777478e-16,4.87879714172223e-16,"Downregulated"
"ENSG00000215114.12","ENSG00000215114","UBXN2B","protein_coding",332.824300926452,-1.02737687731501,0.123781975729594,-8.29989076567458,1.04207163390658e-16,4.9660316075548e-16,"Downregulated"
"ENSG00000083838.19","ENSG00000083838","ZNF446","protein_coding",69.1691403785108,-2.12809450676522,0.256582353359232,-8.29400182399042,1.09500773527804e-16,5.21487088388082e-16,"Downregulated"
"ENSG00000183060.18","ENSG00000183060","LYSMD4","protein_coding",66.8099719992372,-1.76475469391744,0.212817136359411,-8.29235241158904,1.11030392208143e-16,5.28598043324707e-16,"Downregulated"
"ENSG00000170364.15","ENSG00000170364","SETMAR","protein_coding",52.4491020358286,-1.96546726777255,0.237078082061564,-8.29037948460442,1.12887721527665e-16,5.37263993556295e-16,"Downregulated"
"ENSG00000039319.19","ENSG00000039319","ZFYVE16","protein_coding",394.639361039845,-1.20732029586625,0.145829897375772,-8.27896280249888,1.24252738869793e-16,5.8961057357598e-16,"Downregulated"
"ENSG00000187741.18","ENSG00000187741","FANCA","protein_coding",147.687274480589,-1.43383262313123,0.173417648062597,-8.26808943120757,1.36122770777784e-16,6.44670324873088e-16,"Downregulated"
"ENSG00000114166.10","ENSG00000114166","KAT2B","protein_coding",220.436196287824,-1.18161071947527,0.143064901306677,-8.25926351385337,1.46574020430852e-16,6.93260673656627e-16,"Downregulated"
"ENSG00000167637.19","ENSG00000167637","ZNF283","protein_coding",84.8361654499269,-1.5520946903572,0.188037068880792,-8.25419530093379,1.52929103376062e-16,7.22140295251186e-16,"Downregulated"
"ENSG00000083817.11","ENSG00000083817","ZNF416","protein_coding",42.0541405584485,-3.15682908462679,0.38298607029183,-8.24267337509517,1.68404835425131e-16,7.93665975603576e-16,"Downregulated"
"ENSG00000055147.21","ENSG00000055147","FAM114A2","protein_coding",130.403759185273,-1.04280337667136,0.126848227958046,-8.22087461100562,2.02024402507286e-16,9.49639195957052e-16,"Downregulated"
"ENSG00000275964.3","ENSG00000275964","ENSG00000275964","lncRNA",42.0122088766613,-3.76448762860727,0.458095742398407,-8.2176874399616,2.07464824487081e-16,9.74264496586774e-16,"Downregulated"
"ENSG00000167995.18","ENSG00000167995","BEST1","protein_coding",157.098909516504,-3.03292794986679,0.369083208807493,-8.21746391461744,2.07851751074756e-16,9.75765330928201e-16,"Downregulated"
"ENSG00000198331.13","ENSG00000198331","HYLS1","protein_coding",39.9286798022241,-2.08149649344115,0.253333835789916,-8.21641723045353,2.09673066717579e-16,9.83678239841744e-16,"Downregulated"
"ENSG00000167716.20","ENSG00000167716","WDR81","protein_coding",239.71990254356,-1.3332987412362,0.162281155407969,-8.21598008643906,2.10438382141447e-16,9.86629904236119e-16,"Downregulated"
"ENSG00000168569.10","ENSG00000168569","TMEM223","protein_coding",141.628162470364,-1.0652156088804,0.129989035753152,-8.19465736251198,2.51307997183181e-16,1.17217750086214e-15,"Downregulated"
"ENSG00000086848.17","ENSG00000086848","ALG9","protein_coding",108.503857863587,-1.31217388359591,0.160249581856532,-8.18831393126922,2.64911089477596e-16,1.23364123030505e-15,"Downregulated"
"ENSG00000205707.13","ENSG00000205707","ETFRF1","protein_coding",81.0132029218001,-1.49595038817946,0.182786821517183,-8.18412605330431,2.74286858099345e-16,1.27648206408982e-15,"Downregulated"
"ENSG00000138286.17","ENSG00000138286","FAM149B1","protein_coding",171.722628697777,-1.04228922548321,0.127377683146982,-8.18266747936144,2.77628488324221e-16,1.29120412477362e-15,"Downregulated"
"ENSG00000179674.4","ENSG00000179674","ARL14","protein_coding",38.4373812491386,-1.67607983113666,0.20499857868576,-8.17605586283555,2.93286059494741e-16,1.3614034510563e-15,"Downregulated"
"ENSG00000196172.11","ENSG00000196172","ZNF681","protein_coding",29.1508628588513,-2.00058993041648,0.244829573408563,-8.17135733467119,3.04938959745326e-16,1.41277986081498e-15,"Downregulated"
"ENSG00000213949.11","ENSG00000213949","ITGA1","protein_coding",141.251707348844,-3.59377600722794,0.439863451350732,-8.17020826848009,3.07857525949284e-16,1.42539018084889e-15,"Downregulated"
"ENSG00000125848.12","ENSG00000125848","FLRT3","protein_coding",13.8164428751132,-4.10448558747601,0.502371514814003,-8.17021958141009,3.07828657953408e-16,1.42539018084889e-15,"Downregulated"
"ENSG00000213793.8","ENSG00000213793","ZNF888","protein_coding",117.478956610448,-1.3954686208938,0.170803685414715,-8.17001470141332,3.08351878217888e-16,1.42722306583636e-15,"Downregulated"
"ENSG00000176422.15","ENSG00000176422","SPRYD4","protein_coding",140.262068970773,-1.53650564926815,0.188241288847421,-8.16242631293058,3.28360898842758e-16,1.51692895952479e-15,"Downregulated"
"ENSG00000181027.13","ENSG00000181027","FKRP","protein_coding",67.4060278435591,-2.76916239896627,0.339289342585673,-8.1616545272625,3.30466258606505e-16,1.5256823892085e-15,"Downregulated"
"ENSG00000139508.17","ENSG00000139508","SLC46A3","protein_coding",325.099095431429,-1.70490450644263,0.208955317907969,-8.15918218072595,3.37300569235496e-16,1.55673880552892e-15,"Downregulated"
"ENSG00000101290.16","ENSG00000101290","CDS2","protein_coding",456.009981904937,-1.24264530382729,0.152360852839681,-8.15593560069425,3.46487045625689e-16,1.59710250165633e-15,"Downregulated"
"ENSG00000162341.20","ENSG00000162341","TPCN2","protein_coding",45.8439515905336,-1.92320800880714,0.236005748617384,-8.14898798047954,3.6698242083068e-16,1.68888829554722e-15,"Downregulated"
"ENSG00000290927.2","ENSG00000290927","ENSG00000290927","lncRNA",42.2403049167323,-2.02305749053165,0.24828801325676,-8.14802722046661,3.699091014092e-16,1.70127664158113e-15,"Downregulated"
"ENSG00000049883.17","ENSG00000049883","PTCD2","protein_coding",115.931836353595,-1.20453332011753,0.147974634611966,-8.14013376871095,3.94841412646536e-16,1.81306772879392e-15,"Downregulated"
"ENSG00000269343.10","ENSG00000269343","ZNF587B","protein_coding",76.4128054323496,-1.7758189590381,0.218198441613536,-8.13855014685834,4.00039353944605e-16,1.83577274140761e-15,"Downregulated"
"ENSG00000168259.19","ENSG00000168259","DNAJC7","protein_coding",732.747856197284,-1.05811331822891,0.130228725852206,-8.12503778490269,4.47223071261554e-16,2.04452894281465e-15,"Downregulated"
"ENSG00000169231.15","ENSG00000169231","THBS3","protein_coding",51.9271506380449,-1.52344193316632,0.187700973398702,-8.11632409561528,4.80516375520285e-16,2.193273484737e-15,"Downregulated"
"ENSG00000094804.14","ENSG00000094804","CDC6","protein_coding",545.013064559269,-1.21726830290347,0.150011800644666,-8.11448364510219,4.87854729708796e-16,2.22396688988357e-15,"Downregulated"
"ENSG00000070718.15","ENSG00000070718","AP3M2","protein_coding",152.984349641407,-1.10295723453772,0.135975130478123,-8.11146296134775,5.00139066155109e-16,2.27781751939656e-15,"Downregulated"
"ENSG00000173480.12","ENSG00000173480","ZNF417","protein_coding",50.8476064866262,-2.09557734066389,0.258516960662302,-8.10615030942329,5.22488026373442e-16,2.37661534155804e-15,"Downregulated"
"ENSG00000119661.17","ENSG00000119661","DNAL1","protein_coding",58.2907188748812,-1.72179350636232,0.212471825596544,-8.1036321005298,5.33422486750413e-16,2.42559105051364e-15,"Downregulated"
"ENSG00000125945.17","ENSG00000125945","ZNF436","protein_coding",105.820295402697,-1.38146431868737,0.170594238607599,-8.0979541276597,5.58911349204522e-16,2.53990068130196e-15,"Downregulated"
"ENSG00000227403.4","ENSG00000227403","LINC01806","lncRNA",40.9223337085561,-2.42265775598056,0.299600751522785,-8.08628731292189,6.1510986290089e-16,2.7909117511458e-15,"Downregulated"
"ENSG00000256628.6","ENSG00000256628","ZBTB11-AS1","lncRNA",22.7812070359597,-4.22103902114714,0.522007603588381,-8.08616386453167,6.15733323844759e-16,2.7928661437115e-15,"Downregulated"
"ENSG00000233184.10","ENSG00000233184","DPH5-DT","lncRNA",47.9027186901099,-1.89952411440392,0.234935386022956,-8.08530441735293,6.20091147681831e-16,2.81175247565867e-15,"Downregulated"
"ENSG00000147041.14","ENSG00000147041","SYTL5","protein_coding",201.379237316396,-1.93312266139566,0.239341451683108,-8.07684021217997,6.64665481814265e-16,3.00916343719223e-15,"Downregulated"
"ENSG00000188760.13","ENSG00000188760","TMEM198","protein_coding",37.5327597964627,-1.82443435485494,0.225887040411192,-8.07675531776344,6.65128174144379e-16,3.01031777005008e-15,"Downregulated"
"ENSG00000101901.15","ENSG00000101901","ALG13","protein_coding",115.404678033799,-1.46756588793408,0.181767612363541,-8.07385798190993,6.81110930293731e-16,3.07976898652629e-15,"Downregulated"
"ENSG00000099953.12","ENSG00000099953","MMP11","protein_coding",81.7720336187509,-1.55383628499281,0.192567012882805,-8.06906781037549,7.08369172779269e-16,3.19902962041669e-15,"Downregulated"
"ENSG00000214039.11","ENSG00000214039","LINC02418","lncRNA",201.213160343503,-4.58260774275175,0.568220223788162,-8.06484449321569,7.33291467182513e-16,3.30848690610491e-15,"Downregulated"
"ENSG00000130544.14","ENSG00000130544","ZNF557","protein_coding",78.0340833208728,-1.41718985270233,0.176053719064862,-8.04975810922921,8.29578303960609e-16,3.73593809229246e-15,"Downregulated"
"ENSG00000131470.16","ENSG00000131470","PSMC3IP","protein_coding",53.1562972023915,-1.79040992425548,0.222420439070342,-8.04966455303708,8.30212666772593e-16,3.73763341623747e-15,"Downregulated"
"ENSG00000293313.2","ENSG00000293313","ZNF37BP","lncRNA",34.9266996022536,-4.3619127844215,0.541891379598242,-8.04942272315794,8.31854622467225e-16,3.74386248099224e-15,"Downregulated"
"ENSG00000175782.13","ENSG00000175782","SLC35E3","protein_coding",43.4884734586798,-1.94129115375724,0.241183244432321,-8.0490299329313,8.34528376870391e-16,3.75472997131503e-15,"Downregulated"
"ENSG00000000457.16","ENSG00000000457","SCYL3","protein_coding",242.114830242168,-1.04969685985828,0.130442942603667,-8.04717249477907,8.47287235645786e-16,3.80858766097355e-15,"Downregulated"
"ENSG00000179943.10","ENSG00000179943","FIZ1","protein_coding",101.746273196845,-1.80189508339873,0.223941345145958,-8.04628141455659,8.53476145708092e-16,3.83521745848114e-15,"Downregulated"
"ENSG00000257135.9","ENSG00000257135","ODC1-DT","lncRNA",24.292928271739,-2.26124104005724,0.281075569439066,-8.04495760542237,8.62752849926702e-16,3.87570189123923e-15,"Downregulated"
"ENSG00000016402.16","ENSG00000016402","IL20RA","protein_coding",520.325047511176,-1.19407310479103,0.148459251881957,-8.04310334084442,8.75913998584922e-16,3.9336057228053e-15,"Downregulated"
"ENSG00000182141.12","ENSG00000182141","ZNF708","protein_coding",82.1856330905597,-1.36934221723201,0.170323981110536,-8.03963251859021,9.01082906848268e-16,4.04162596287375e-15,"Downregulated"
"ENSG00000161618.12","ENSG00000161618","ALDH16A1","protein_coding",115.637910832601,-2.10124567929981,0.261365702072868,-8.03948514527735,9.02167218784446e-16,4.04523741789115e-15,"Downregulated"
"ENSG00000147799.14","ENSG00000147799","ARHGAP39","protein_coding",107.679590551293,-1.30981847961902,0.162996708833945,-8.03585844762923,9.2925975954251e-16,4.16028187682732e-15,"Downregulated"
"ENSG00000163482.14","ENSG00000163482","STK36","protein_coding",77.6189280199102,-1.9928967634304,0.248078580548879,-8.03332862926365,9.48631257996444e-16,4.24438536303935e-15,"Downregulated"
"ENSG00000188636.5","ENSG00000188636","RTL6","protein_coding",265.936034348739,-1.00510906181987,0.125185009199695,-8.02898899992507,9.82791684512473e-16,4.39180298857686e-15,"Downregulated"
"ENSG00000173875.15","ENSG00000173875","ZNF791","protein_coding",233.570597130567,-1.11330387256662,0.13867330513935,-8.02824935518692,9.88733639775309e-16,4.4156326371722e-15,"Downregulated"
"ENSG00000132646.13","ENSG00000132646","PCNA","protein_coding",776.056673639627,-1.33313841212486,0.166084246629799,-8.02688056921149,9.99823315730402e-16,4.46240822037727e-15,"Downregulated"
"ENSG00000197020.14","ENSG00000197020","ZNF100","protein_coding",94.56914173204,-1.22432744923721,0.152561991715521,-8.02511448277489,1.01431306114059e-15,4.525685000631e-15,"Downregulated"
"ENSG00000072133.14","ENSG00000072133","RPS6KA6","protein_coding",89.984192541344,-2.55592266391284,0.318589515993706,-8.02262012904196,1.03513085037703e-15,4.61288938612054e-15,"Downregulated"
"ENSG00000132329.13","ENSG00000132329","RAMP1","protein_coding",23.8474876060996,-2.26033842911355,0.282012878315813,-8.01501847224971,1.10120464273172e-15,4.89529376762824e-15,"Downregulated"
"ENSG00000051341.17","ENSG00000051341","POLQ","protein_coding",174.272723881772,-1.1532334396989,0.143989675170574,-8.00913981042562,1.15513530055464e-15,5.12874411018315e-15,"Downregulated"
"ENSG00000100151.18","ENSG00000100151","PICK1","protein_coding",88.7576176588486,-1.62655765775253,0.203110785359309,-8.00822888294734,1.16372172798861e-15,5.16528492557764e-15,"Downregulated"
"ENSG00000197841.17","ENSG00000197841","ZNF181","protein_coding",74.5035039980179,-1.84944766301326,0.231045184224691,-8.00470119824992,1.1975710273959e-15,5.30577784439663e-15,"Downregulated"
"ENSG00000153363.16","ENSG00000153363","LINC00467","lncRNA",48.0728494805767,-1.659400282899,0.207374085430928,-8.00196552742224,1.22448670498105e-15,5.4217113744532e-15,"Downregulated"
"ENSG00000113273.19","ENSG00000113273","ARSB","protein_coding",47.5078401355339,-2.25156998795847,0.281656107502933,-7.99403928400534,1.30588121561007e-15,5.7803392109411e-15,"Downregulated"
"ENSG00000126870.18","ENSG00000126870","DYNC2I1","protein_coding",103.895941204401,-1.09671403263267,0.13727854270065,-7.98896907744842,1.36071817450985e-15,6.02122985801429e-15,"Downregulated"
"ENSG00000122483.20","ENSG00000122483","CCDC18","protein_coding",64.5052920060705,-1.96661545206711,0.246175416955118,-7.98867521538778,1.36396507492066e-15,6.03375514827542e-15,"Downregulated"
"ENSG00000109046.17","ENSG00000109046","WSB1","protein_coding",368.149263722394,-1.18693220505951,0.148585026220779,-7.9882356604082,1.36883599541467e-15,6.05160806758678e-15,"Downregulated"
"ENSG00000131899.15","ENSG00000131899","LLGL1","protein_coding",273.759257196179,-1.21333518488309,0.152006052298362,-7.98215049030755,1.4380554758155e-15,6.3498781095424e-15,"Downregulated"
"ENSG00000130347.15","ENSG00000130347","RTN4IP1","protein_coding",66.9614349629723,-2.06764786767116,0.259071823459819,-7.9809831885938,1.45172240318736e-15,6.40632188398027e-15,"Downregulated"
"ENSG00000168237.20","ENSG00000168237","GLYCTK","protein_coding",76.4388968975908,-1.89377782848436,0.237629664656123,-7.96945041026281,1.5938156815065e-15,7.02054007793076e-15,"Downregulated"
"ENSG00000126243.10","ENSG00000126243","LRFN3","protein_coding",148.465555024117,-1.90357269759739,0.239383739307862,-7.95197160467645,1.83566334714806e-15,8.05646069862803e-15,"Downregulated"
"ENSG00000115204.17","ENSG00000115204","MPV17","protein_coding",227.908927455875,-1.00229198336442,0.126245573438095,-7.93922476700458,2.03448805971901e-15,8.9101846362792e-15,"Downregulated"
"ENSG00000063587.16","ENSG00000063587","ZNF275","protein_coding",175.480656896577,-1.03730431324943,0.130680675547518,-7.93770241011841,2.05960766616859e-15,9.01474910846125e-15,"Downregulated"
"ENSG00000065308.7","ENSG00000065308","TRAM2","protein_coding",272.637866423004,-1.13131286793172,0.142529048850876,-7.93741961412639,2.06430745848973e-15,9.03259169336751e-15,"Downregulated"
"ENSG00000236144.10","ENSG00000236144","TMEM147-AS1","lncRNA",82.8297973182731,-1.67058845072331,0.210504840478724,-7.93610468492841,2.08629938967187e-15,9.12606421826888e-15,"Downregulated"
"ENSG00000079134.15","ENSG00000079134","THOC1","protein_coding",121.397695024785,-1.14126113946619,0.14405498568617,-7.92239945066867,2.3297046710876e-15,1.01784986715109e-14,"Downregulated"
"ENSG00000237361.6","ENSG00000237361","TUSC8","lncRNA",15.7915494986889,-4.75053520459411,0.599645238039265,-7.92224285833992,2.33264137955406e-15,1.01882576469251e-14,"Downregulated"
"ENSG00000249471.10","ENSG00000249471","ZNF324B","protein_coding",55.8434946762727,-2.39266733674781,0.302026469965856,-7.92204516716136,2.33635405623317e-15,1.02013989101932e-14,"Downregulated"
"ENSG00000091157.16","ENSG00000091157","WDR7","protein_coding",112.500305975476,-1.71824716644312,0.216944186537008,-7.92022682824925,2.37077685845479e-15,1.03485838050382e-14,"Downregulated"
"ENSG00000162396.8","ENSG00000162396","PARS2","protein_coding",107.209743696633,-1.35477713520923,0.171458026001194,-7.90150899789201,2.75546956287818e-15,1.19880711213541e-14,"Downregulated"
"ENSG00000142082.17","ENSG00000142082","SIRT3","protein_coding",103.860753332491,-1.5227964774804,0.192731017683768,-7.90114894728048,2.7634418780604e-15,1.20191475680826e-14,"Downregulated"
"ENSG00000105726.19","ENSG00000105726","ATP13A1","protein_coding",411.907632286374,-1.14046421578303,0.144407193956307,-7.89755817932515,2.84420260250976e-15,1.2359275596873e-14,"Downregulated"
"ENSG00000222011.11","ENSG00000222011","FAM185A","protein_coding",25.7010616138382,-3.33148842197417,0.422032489660674,-7.89391457670185,2.92852650980697e-15,1.27180719748644e-14,"Downregulated"
"ENSG00000258334.2","ENSG00000258334","TROAP-AS1","lncRNA",16.7878543838862,-5.40015338696393,0.684225942351386,-7.89235404960817,2.96539031809153e-15,1.28665977514319e-14,"Downregulated"
"ENSG00000161547.19","ENSG00000161547","SRSF2","protein_coding",1104.68308690954,-1.40228744678313,0.177746720775419,-7.88924510486411,3.04019901067826e-15,1.31832926579142e-14,"Downregulated"
"ENSG00000182986.17","ENSG00000182986","ZNF320","protein_coding",105.086357340658,-1.37979943393042,0.175165492335245,-7.87711903489335,3.35015723628173e-15,1.44970076644356e-14,"Downregulated"
"ENSG00000198863.10","ENSG00000198863","RUNDC1","protein_coding",296.249851895945,-1.03920335707567,0.132023926043199,-7.8713259650803,3.50902031586383e-15,1.51618134816633e-14,"Downregulated"
"ENSG00000196335.14","ENSG00000196335","STK31","protein_coding",22.2637722592786,-2.79544524771702,0.3552764264415,-7.86836682556342,3.59300753664498e-15,1.5510832654471e-14,"Downregulated"
"ENSG00000185090.17","ENSG00000185090","MANEAL","protein_coding",95.6140629759786,-1.33799366784805,0.170096929223216,-7.8660659775475,3.65967581661103e-15,1.57751403730896e-14,"Downregulated"
"ENSG00000153406.16","ENSG00000153406","NMRAL1","protein_coding",292.375506528316,-1.04204341967867,0.132476973373009,-7.86584561186072,3.66612457737914e-15,1.57935426205049e-14,"Downregulated"
"ENSG00000176714.12","ENSG00000176714","CCDC121","protein_coding",27.2719826816106,-3.41935614109359,0.434946989979041,-7.861546854844,3.79418453522263e-15,1.63403632346052e-14,"Downregulated"
"ENSG00000110871.17","ENSG00000110871","COQ5","protein_coding",264.775286352105,-1.06750999318203,0.135822783456989,-7.85957971123507,3.85424488137786e-15,1.6588253292433e-14,"Downregulated"
"ENSG00000198783.6","ENSG00000198783","ZNF830","protein_coding",81.2541072615678,-1.61727135102255,0.205781008609282,-7.85918662733976,3.86635814860346e-15,1.66314224664771e-14,"Downregulated"
"ENSG00000278133.1","ENSG00000278133","ENSG00000278133","lncRNA",43.5870572306571,-2.81643363964307,0.358450581883662,-7.85724387680636,3.92677849395829e-15,1.6886312740191e-14,"Downregulated"
"ENSG00000151498.14","ENSG00000151498","ACAD8","protein_coding",123.311404124122,-1.20565297408923,0.153445729704643,-7.85719469945437,3.92831993156293e-15,1.68879301240611e-14,"Downregulated"
"ENSG00000155100.13","ENSG00000155100","OTUD6B","protein_coding",147.460697387799,-1.1028710816826,0.140396566093891,-7.85539926200933,3.98500669688393e-15,1.7116395095211e-14,"Downregulated"
"ENSG00000085999.15","ENSG00000085999","RAD54L","protein_coding",116.924209130691,-1.55641637682417,0.19816097924594,-7.85430301539073,4.02001331232575e-15,1.72514163228382e-14,"Downregulated"
"ENSG00000162885.16","ENSG00000162885","B3GALNT2","protein_coding",534.644893043147,-1.05968290581709,0.134965791449746,-7.85149254810738,4.11114941163892e-15,1.76320737713735e-14,"Downregulated"
"ENSG00000157470.14","ENSG00000157470","FAM81A","protein_coding",68.5692462280632,-1.70020014861719,0.216544399616631,-7.85150828941875,4.11063334072581e-15,1.76320737713735e-14,"Downregulated"
"ENSG00000153140.11","ENSG00000153140","CETN3","protein_coding",119.046663953043,-1.21925699981626,0.155433609138552,-7.8442301286939,4.35617616988797e-15,1.86498390115263e-14,"Downregulated"
"ENSG00000081386.15","ENSG00000081386","ZNF510","protein_coding",173.083890178663,-1.12193492724966,0.14309314198549,-7.84059188080046,4.48427671264958e-15,1.91812686303771e-14,"Downregulated"
"ENSG00000169255.17","ENSG00000169255","B3GALNT1","protein_coding",19.654717907536,-2.55657204155552,0.326108482167064,-7.83963675083372,4.51851632539623e-15,1.93220237791803e-14,"Downregulated"
"ENSG00000198736.14","ENSG00000198736","MSRB1","protein_coding",212.51486593727,-1.64616683506506,0.210080958152619,-7.83586884571022,4.65611695523284e-15,1.99045566121635e-14,"Downregulated"
"ENSG00000179627.11","ENSG00000179627","ZBTB42","protein_coding",78.3870106420476,-1.83680428814233,0.234445487331309,-7.83467538254056,4.70055532954222e-15,2.00826791968531e-14,"Downregulated"
"ENSG00000168781.26","ENSG00000168781","PPIP5K1","protein_coding",107.859708553716,-1.17402747751492,0.14985453191245,-7.83444759749295,4.70908418721712e-15,2.01072622395847e-14,"Downregulated"
"ENSG00000179023.9","ENSG00000179023","KLHDC7A","protein_coding",50.6736615402508,-3.13055624077221,0.400163393880005,-7.82319494648968,5.14992577475172e-15,2.19437522376929e-14,"Downregulated"
"ENSG00000050344.11","ENSG00000050344","NFE2L3","protein_coding",1922.32572931753,-1.10630032585202,0.141540396059629,-7.81614547260381,5.44654269526244e-15,2.31537978115997e-14,"Downregulated"
"ENSG00000148459.18","ENSG00000148459","PDSS1","protein_coding",103.947273403688,-1.42246703106451,0.182004928218578,-7.8155412877403,5.47273346430452e-15,2.32583147697071e-14,"Downregulated"
"ENSG00000167700.11","ENSG00000167700","SLC33A2","protein_coding",178.110509542364,-1.46398188394943,0.187359647284595,-7.81375234831476,5.55101122622888e-15,2.35771555364915e-14,"Downregulated"
"ENSG00000120093.13","ENSG00000120093","HOXB3","protein_coding",286.398636605928,-1.19206830978764,0.152605069274496,-7.81145944531782,5.65295398255974e-15,2.4003108442794e-14,"Downregulated"
"ENSG00000158062.23","ENSG00000158062","UBXN11","protein_coding",45.1041882226813,-2.14551388588109,0.275645338250537,-7.78360301501274,7.04877064041398e-15,2.97728895718098e-14,"Downregulated"
"ENSG00000161791.16","ENSG00000161791","FMNL3","protein_coding",536.825585856573,-1.4201238479106,0.182465597278361,-7.78296768866587,7.08427317640135e-15,2.99141278765759e-14,"Downregulated"
"ENSG00000204315.6","ENSG00000204315","FKBPL","protein_coding",42.9277110484737,-1.90902661314522,0.245306006235796,-7.78222532109633,7.12598027937966e-15,3.00772487584198e-14,"Downregulated"
"ENSG00000155592.18","ENSG00000155592","ZKSCAN2","protein_coding",111.577370785881,-2.01984827648977,0.25956149469639,-7.78177163316303,7.15158789302205e-15,3.01719975969944e-14,"Downregulated"
"ENSG00000213062.6","ENSG00000213062","ENSG00000213062","lncRNA",19.7885846552913,-3.64363383359025,0.468394667716395,-7.77898230856122,7.31102841121673e-15,3.08356879322913e-14,"Downregulated"
"ENSG00000072756.20","ENSG00000072756","TRNT1","protein_coding",246.134181489072,-1.06156138764799,0.136564158027031,-7.77335285469166,7.64354337780791e-15,3.22006484393001e-14,"Downregulated"
"ENSG00000197566.12","ENSG00000197566","ZNF624","protein_coding",37.9950177925432,-2.28661822470427,0.294170744889343,-7.77309866609755,7.65890368996457e-15,3.22466101902866e-14,"Downregulated"
"ENSG00000186814.17","ENSG00000186814","ZSCAN30","protein_coding",47.2129623735476,-1.92291532464667,0.247421058674314,-7.77183371112256,7.73579633320739e-15,3.25608947025389e-14,"Downregulated"
"ENSG00000286388.1","ENSG00000286388","ENSG00000286388","lncRNA",33.4968538956635,-5.37348516214431,0.69149665844915,-7.7708042352593,7.79893530355792e-15,3.2798076151817e-14,"Downregulated"
"ENSG00000133794.22","ENSG00000133794","BMAL1","protein_coding",228.813032105221,-1.35878963743343,0.174968771881262,-7.765898010392,8.10687678223705e-15,3.405358212411e-14,"Downregulated"
"ENSG00000257743.9","ENSG00000257743","MGAM2","protein_coding",138.439581134363,-1.70379703540103,0.21946260060819,-7.7634960611938,8.26196899171365e-15,3.46849520938338e-14,"Downregulated"
"ENSG00000152348.18","ENSG00000152348","ATG10","protein_coding",55.8833753713617,-2.22720335394097,0.286944338787438,-7.76179576621942,8.37351734292173e-15,3.51328932639322e-14,"Downregulated"
"ENSG00000138002.18","ENSG00000138002","IFT172","protein_coding",133.81506334255,-1.1272845824847,0.145301072739729,-7.75826744585676,8.60974416063892e-15,3.60822476506591e-14,"Downregulated"
"ENSG00000138036.20","ENSG00000138036","DYNC2LI1","protein_coding",135.97332048675,-1.01704223721952,0.131111423659286,-7.75708331764036,8.69048396214798e-15,3.63890475525711e-14,"Downregulated"
"ENSG00000142765.20","ENSG00000142765","SYTL1","protein_coding",136.398063293263,-1.16662781286779,0.150421723613736,-7.75571363524286,8.7848055311013e-15,3.67627495687901e-14,"Downregulated"
"ENSG00000230590.13","ENSG00000230590","FTX","lncRNA",765.738996746311,-1.54347459844275,0.199010471969692,-7.75574563070137,8.78259075200684e-15,3.67627495687901e-14,"Downregulated"
"ENSG00000165275.12","ENSG00000165275","TRMT10B","protein_coding",50.0765453295148,-1.6395068486717,0.211502181992032,-7.75172545847995,9.0652217489768e-15,3.79143415833108e-14,"Downregulated"
"ENSG00000167105.10","ENSG00000167105","TMEM92","protein_coding",87.9655840120958,-1.0688073508735,0.138149458483291,-7.73660181232467,1.02109219650711e-14,4.2570966949888e-14,"Downregulated"
"ENSG00000259768.9","ENSG00000259768","ZFHX3-AS1","lncRNA",75.562446564253,-1.44937415537676,0.187452630365637,-7.7319488798299,1.05912477450448e-14,4.41058512417211e-14,"Downregulated"
"ENSG00000224093.8","ENSG00000224093","BCAR3-AS1","lncRNA",142.020673936462,-1.72575936006765,0.223240307306057,-7.73050073659716,1.07124370548582e-14,4.45465244760415e-14,"Downregulated"
"ENSG00000108384.18","ENSG00000108384","RAD51C","protein_coding",56.5464804076464,-1.57058617899556,0.203170267809455,-7.73039380185562,1.07214399036196e-14,4.45711724277843e-14,"Downregulated"
"ENSG00000186088.18","ENSG00000186088","GSAP","protein_coding",91.9025853251997,-1.21517082030488,0.157223058207204,-7.72896058734214,1.0842823425709e-14,4.50241252393623e-14,"Downregulated"
"ENSG00000241058.5","ENSG00000241058","NSUN6","protein_coding",66.5902058789596,-1.6522628963644,0.213922048707705,-7.72366806668904,1.13028947970792e-14,4.690766076726e-14,"Downregulated"
"ENSG00000254901.10","ENSG00000254901","BORCS8","protein_coding",21.6733965116858,-3.77732343774395,0.489644174425764,-7.71442536240494,1.21528528373359e-14,5.03917434388189e-14,"Downregulated"
"ENSG00000154743.21","ENSG00000154743","TSEN2","protein_coding",145.021873309875,-1.55352883803155,0.201496907750686,-7.7099388540183,1.25878034144807e-14,5.21355950507728e-14,"Downregulated"
"ENSG00000048471.16","ENSG00000048471","SNX29","protein_coding",110.145676857611,-1.4959612942894,0.194150394029885,-7.7051674386977,1.30671844045967e-14,5.40747105629398e-14,"Downregulated"
"ENSG00000185347.21","ENSG00000185347","TEDC1","protein_coding",42.0219177094215,-2.36898278784983,0.307818481197571,-7.69603819313666,1.40349875254518e-14,5.79473046207543e-14,"Downregulated"
"ENSG00000125863.21","ENSG00000125863","MKKS","protein_coding",93.7708953382925,-1.13264834381929,0.147346755550599,-7.68695815246729,1.50674391055137e-14,6.20862460952813e-14,"Downregulated"
"ENSG00000163686.17","ENSG00000163686","ABHD6","protein_coding",177.595595668144,-1.057579701112,0.137600668031941,-7.68586167667809,1.5197063432291e-14,6.25913635347214e-14,"Downregulated"
"ENSG00000197535.17","ENSG00000197535","MYO5A","protein_coding",57.2554317038318,-2.07769831657491,0.270466784655424,-7.68189823834343,1.56748333852271e-14,6.44973553147957e-14,"Downregulated"
"ENSG00000135587.11","ENSG00000135587","SMPD2","protein_coding",154.618330200902,-1.15194417443589,0.149961311509561,-7.68160909530618,1.57102606519733e-14,6.46247792700529e-14,"Downregulated"
"ENSG00000129173.15","ENSG00000129173","E2F8","protein_coding",223.305506974459,-1.35591073046819,0.176646151244529,-7.67585775809639,1.64315380434056e-14,6.74768629427698e-14,"Downregulated"
"ENSG00000196236.15","ENSG00000196236","XPNPEP3","protein_coding",205.259537964189,-1.01940579543645,0.132847589934926,-7.67349860043225,1.67367359759142e-14,6.86717943836206e-14,"Downregulated"
"ENSG00000150455.17","ENSG00000150455","TIRAP","protein_coding",186.155517421733,-1.11600647980308,0.145546188175324,-7.66771355398708,1.75089357463265e-14,7.17589074761777e-14,"Downregulated"
"ENSG00000176444.21","ENSG00000176444","CLK2","protein_coding",159.913990659804,-1.05087129289183,0.13708673567142,-7.66574014433197,1.77802850580241e-14,7.28092373723891e-14,"Downregulated"
"ENSG00000273314.1","ENSG00000273314","ENSG00000273314","lncRNA",22.1255743972537,-3.19971784842258,0.417504441345775,-7.66391331816418,1.80351640239716e-14,7.38112389255567e-14,"Downregulated"
"ENSG00000187815.12","ENSG00000187815","ZFP69","protein_coding",28.5516548633764,-3.23348953145863,0.42257540318567,-7.65186403913319,1.98086618365032e-14,8.08184480108686e-14,"Downregulated"
"ENSG00000109805.12","ENSG00000109805","NCAPG","protein_coding",299.539554863121,-1.01805455381924,0.133093560818028,-7.6491645994142,2.02289170067832e-14,8.25098410532794e-14,"Downregulated"
"ENSG00000288886.3","ENSG00000288886","ENSG00000288886","lncRNA",13.5358214872781,-3.16047093046223,0.413216558596698,-7.64846147791206,2.03398127165788e-14,8.29388198898873e-14,"Downregulated"
"ENSG00000180346.6","ENSG00000180346","TIGD2","protein_coding",62.3508858127527,-1.56326853673805,0.204533201365589,-7.64310403543638,2.12046518240191e-14,8.63681321623621e-14,"Downregulated"
"ENSG00000169372.15","ENSG00000169372","CRADD","protein_coding",40.4184332409664,-2.52891877021817,0.331153992201454,-7.63668513674365,2.22885675590362e-14,9.06556051264532e-14,"Downregulated"
"ENSG00000108244.18","ENSG00000108244","KRT23","protein_coding",1473.85705765031,-1.20857831614447,0.158341115617794,-7.63275104781853,2.29796375692989e-14,9.3309304470238e-14,"Downregulated"
"ENSG00000290476.2","ENSG00000290476","SUGT1P3","lncRNA",67.8771895251478,-1.20293244742334,0.157609536452913,-7.63235826014076,2.30497818353017e-14,9.35679099039756e-14,"Downregulated"
"ENSG00000161328.13","ENSG00000161328","LRRC56","protein_coding",33.8193499051759,-2.00178406105242,0.26242698312337,-7.62796583349573,2.3848674380842e-14,9.66755214341713e-14,"Downregulated"
"ENSG00000099834.21","ENSG00000099834","CDHR5","protein_coding",365.367472194627,-1.13220932063457,0.148463450721446,-7.62618216896275,2.41808067810958e-14,9.79670818763323e-14,"Downregulated"
"ENSG00000134072.13","ENSG00000134072","CAMK1","protein_coding",48.7615643700886,-2.13076094830917,0.27945545201501,-7.62468913361803,2.44623165376364e-14,9.89968978674746e-14,"Downregulated"
"ENSG00000196998.21","ENSG00000196998","WDR45","protein_coding",81.0796507510176,-1.47721792842365,0.193759149906727,-7.6239905528836,2.45951375774578e-14,9.94788539694441e-14,"Downregulated"
"ENSG00000139269.5","ENSG00000139269","INHBE","protein_coding",22.0937926722919,-4.29867809303416,0.564367333530965,-7.61680883643544,2.60023983042887e-14,1.05053458663438e-13,"Downregulated"
"ENSG00000177984.8","ENSG00000177984","LCN15","protein_coding",16.5639215612787,-2.83635865825926,0.372468489179413,-7.61502983650526,2.63630563467727e-14,1.06451215541218e-13,"Downregulated"
"ENSG00000165879.9","ENSG00000165879","FRAT1","protein_coding",30.2705696375957,-2.57051821125417,0.337970880720303,-7.60573871268359,2.83281100873525e-14,1.14290359517236e-13,"Downregulated"
"ENSG00000106351.15","ENSG00000106351","AGFG2","protein_coding",133.496442037163,-1.93299982630362,0.25425522986695,-7.60259612876063,2.90248224944791e-14,1.17003540358829e-13,"Downregulated"
"ENSG00000104147.11","ENSG00000104147","OIP5","protein_coding",105.5966205444,-2.025736602389,0.266591084018901,-7.59866598631399,2.99198916757258e-14,1.20459588277121e-13,"Downregulated"
"ENSG00000158716.11","ENSG00000158716","DUSP23","protein_coding",104.919011038342,-1.18882369968739,0.156483368557572,-7.59712492545177,3.02782215602372e-14,1.21818985799821e-13,"Downregulated"
"ENSG00000272328.2","ENSG00000272328","ENSG00000272328","lncRNA",21.3052185760187,-2.87675432905332,0.379163838427637,-7.58710097720025,3.27142143879962e-14,1.31400885507439e-13,"Downregulated"
"ENSG00000237298.12","ENSG00000237298","TTN-AS1","lncRNA",71.0723309547847,-1.11896295119878,0.147495608547953,-7.58641536663095,3.28876993419284e-14,1.32024526000894e-13,"Downregulated"
"ENSG00000260231.3","ENSG00000260231","KDM7A-DT","lncRNA",217.31294815473,-2.74061875185983,0.361433061526239,-7.58264542896795,3.38579226932147e-14,1.35806536305028e-13,"Downregulated"
"ENSG00000136450.14","ENSG00000136450","SRSF1","protein_coding",665.534642601238,-2.50288639882478,0.330111213072401,-7.58194905144237,3.40401959770539e-14,1.36499867210699e-13,"Downregulated"
"ENSG00000213225.8","ENSG00000213225","NOC2LP1","transcribed_processed_pseudogene",19.9345473606854,-2.35168554635573,0.310308443392824,-7.57854191991385,3.49459993755121e-14,1.4001587585013e-13,"Downregulated"
"ENSG00000248049.9","ENSG00000248049","UBA6-DT","lncRNA",50.0980819188446,-1.57295816507223,0.207729425801562,-7.57214900586509,3.67100039241626e-14,1.46840015696651e-13,"Downregulated"
"ENSG00000000460.19","ENSG00000000460","FIRRM","protein_coding",139.282164726225,-1.07247781791624,0.141639663348592,-7.57187494350891,3.67875523759199e-14,1.47109605141234e-13,"Downregulated"
"ENSG00000142556.21","ENSG00000142556","ZNF614","protein_coding",112.181277364037,-1.25264868821445,0.16550548864043,-7.56862324328045,3.77200365580319e-14,1.50630688839625e-13,"Downregulated"
"ENSG00000143633.15","ENSG00000143633","FSAF1","protein_coding",104.573329226005,-1.05069686922782,0.138982961087081,-7.5598969903188,4.03388691211694e-14,1.60911338096336e-13,"Downregulated"
"ENSG00000196812.8","ENSG00000196812","ZSCAN16","protein_coding",46.9138907756388,-1.39887200661431,0.185070250049251,-7.55860007884593,4.07430471396691e-14,1.62434178582692e-13,"Downregulated"
"ENSG00000161999.15","ENSG00000161999","JMJD8","protein_coding",344.698660698765,-1.22459137270516,0.162173910811709,-7.55109972113189,4.31598206937081e-14,1.71833000410225e-13,"Downregulated"
"ENSG00000126088.16","ENSG00000126088","UROD","protein_coding",127.001267282171,-1.45723021220129,0.193001110477678,-7.55037216415306,4.34016220816823e-14,1.72700798244849e-13,"Downregulated"
"ENSG00000006757.14","ENSG00000006757","PNPLA4","protein_coding",139.520559097328,-1.15948776038796,0.153756583116064,-7.54106092168236,4.66163261065185e-14,1.85289028506765e-13,"Downregulated"
"ENSG00000132357.16","ENSG00000132357","CARD6","protein_coding",16.7727676007095,-2.76202113211088,0.366484780470805,-7.53652342278076,4.8266630761204e-14,1.91740383543598e-13,"Downregulated"
"ENSG00000229809.11","ENSG00000229809","ZNF688","protein_coding",42.908280718069,-2.55257281880185,0.338789878074756,-7.53438335675012,4.90647862898931e-14,1.9459411136101e-13,"Downregulated"
"ENSG00000171219.11","ENSG00000171219","CDC42BPG","protein_coding",229.498967606215,-1.18786547376808,0.157751501013792,-7.52997889804056,5.07485236058998e-14,2.01106809979956e-13,"Downregulated"
"ENSG00000228889.10","ENSG00000228889","UBAC2-AS1","lncRNA",22.2885275482312,-2.52364334809599,0.335934810353668,-7.51230081050289,5.80971010083925e-14,2.29474839960105e-13,"Downregulated"
"ENSG00000005249.16","ENSG00000005249","PRKAR2B","protein_coding",16.0664204881876,-2.55251526882829,0.339927846223291,-7.50899138504704,5.9584646204906e-14,2.35030128688486e-13,"Downregulated"
"ENSG00000174292.14","ENSG00000174292","TNK1","protein_coding",145.961183292623,-1.07052211711845,0.142590127528174,-7.50768749334997,6.0180956883181e-14,2.37317667251989e-13,"Downregulated"
"ENSG00000172339.12","ENSG00000172339","ALG14","protein_coding",125.767284491488,-1.13313630967893,0.150952128049598,-7.50659380771778,6.0685655137343e-14,2.39242794953856e-13,"Downregulated"
"ENSG00000187122.18","ENSG00000187122","SLIT1","protein_coding",38.1303695067721,-2.06069493733865,0.274533910120266,-7.50615811517024,6.08878692282609e-14,2.39974707874886e-13,"Downregulated"
"ENSG00000178038.19","ENSG00000178038","ALS2CL","protein_coding",222.39897059466,-1.19201398516583,0.158825840304825,-7.50516403929025,6.13517239856264e-14,2.41671428105381e-13,"Downregulated"
"ENSG00000130035.11","ENSG00000130035","GALNT8","protein_coding",31.051364748017,-2.65634397061715,0.353934431771414,-7.50518664522792,6.13411371224861e-14,2.41671428105381e-13,"Downregulated"
"ENSG00000104983.10","ENSG00000104983","CCDC61","protein_coding",49.7085120350815,-2.51070044027182,0.334632446169444,-7.50286013508835,6.24401672271241e-14,2.45758528912407e-13,"Downregulated"
"ENSG00000204876.6","ENSG00000204876","ENSG00000204876","lncRNA",315.554907506295,-2.18324767524379,0.291036954037227,-7.50161670179011,6.30354724791879e-14,2.47966902054395e-13,"Downregulated"
"ENSG00000153790.13","ENSG00000153790","SPMIP4","protein_coding",50.3359502231762,-2.11320426030918,0.281911352445281,-7.49598851546552,6.58005526353847e-14,2.58423200214633e-13,"Downregulated"
"ENSG00000278970.5","ENSG00000278970","HEIH","lncRNA",161.344162453351,-1.30612812966306,0.174321911278111,-7.49262166807752,6.75112964025423e-14,2.64854820645816e-13,"Downregulated"
"ENSG00000148824.21","ENSG00000148824","MTG1","protein_coding",30.1764763448458,-2.54079190507456,0.339180488271642,-7.49097307460593,6.83648427481105e-14,2.68058252463641e-13,"Downregulated"
"ENSG00000048342.20","ENSG00000048342","CC2D2A","protein_coding",42.7563211383354,-1.61721083446279,0.215929286358343,-7.48953910670073,6.9115888801222e-14,2.70929797270032e-13,"Downregulated"
"ENSG00000236088.13","ENSG00000236088","COX10-DT","lncRNA",68.3368462535903,-1.53345635761655,0.204761033110038,-7.48900478926807,6.93978088085427e-14,2.71814336554973e-13,"Downregulated"
"ENSG00000128731.19","ENSG00000128731","HERC2","protein_coding",514.358564209302,-1.0943758437111,0.146175670102528,-7.4867167904447,7.06178562323365e-14,2.76219695686645e-13,"Downregulated"
"ENSG00000143942.7","ENSG00000143942","CHAC2","protein_coding",23.3662608773987,-3.5531622312422,0.474618556806977,-7.4863533679473,7.08135776642125e-14,2.76835815351974e-13,"Downregulated"
"ENSG00000204054.15","ENSG00000204054","LINC00963","lncRNA",611.345275375025,-1.14145992427679,0.152549030033173,-7.48257739841785,7.28789460187525e-14,2.8467969965061e-13,"Downregulated"
"ENSG00000257093.8","ENSG00000257093","DENND11","protein_coding",979.294918208951,-1.07645284084146,0.143862340363806,-7.48252001266816,7.29107871285123e-14,2.84727331464942e-13,"Downregulated"
"ENSG00000135315.14","ENSG00000135315","CEP162","protein_coding",32.6630955227502,-2.24811053860756,0.300679724356884,-7.47676133938193,7.61765731575667e-14,2.96840790050943e-13,"Downregulated"
"ENSG00000275835.7","ENSG00000275835","TUBGCP5","protein_coding",114.870679749392,-1.3257514668948,0.177414483994904,-7.47262251109601,7.86121215978934e-14,3.06002381465665e-13,"Downregulated"
"ENSG00000144362.14","ENSG00000144362","PHOSPHO2","protein_coding",67.5160320453425,-1.63624728705037,0.219635239862714,-7.44983950696223,9.34538482148656e-14,3.62218017739992e-13,"Downregulated"
"ENSG00000174327.8","ENSG00000174327","SLC16A13","protein_coding",123.458984753856,-2.02368591881263,0.271643699085857,-7.44978044998946,9.34956901065751e-14,3.62283299739167e-13,"Downregulated"
"ENSG00000132541.13","ENSG00000132541","RIDA","protein_coding",77.8930523699961,-1.28804458639809,0.17292282290199,-7.44866735797004,9.42877691707138e-14,3.65254838498258e-13,"Downregulated"
"ENSG00000002016.20","ENSG00000002016","RAD52","protein_coding",46.8223719341898,-1.70080846153994,0.228398758143716,-7.44666247471334,9.57311214294119e-14,3.70548988182435e-13,"Downregulated"
"ENSG00000109680.13","ENSG00000109680","TBC1D19","protein_coding",28.9629443497209,-2.63979331646243,0.354525074626809,-7.4459989021685,9.62136058280584e-14,3.723171096556e-13,"Downregulated"
"ENSG00000141510.21","ENSG00000141510","TP53","protein_coding",912.588699869963,-1.09291861455406,0.146938406585856,-7.43793702373837,1.02269790659117e-13,3.94803890844945e-13,"Downregulated"
"ENSG00000123104.13","ENSG00000123104","ITPR2","protein_coding",118.442813238032,-1.07214591212121,0.144286910547598,-7.4306526354483,1.08063156286473e-13,4.16613796462774e-13,"Downregulated"
"ENSG00000204576.14","ENSG00000204576","PRR3","protein_coding",44.1786468309736,-2.22571523508814,0.2996639284056,-7.42737121191176,1.10777152939281e-13,4.26849907044952e-13,"Downregulated"
"ENSG00000143443.11","ENSG00000143443","C1orf56","protein_coding",51.5430960166317,-1.86550061503986,0.25122584276294,-7.42559202717122,1.12276571687072e-13,4.32512513792941e-13,"Downregulated"
"ENSG00000006715.18","ENSG00000006715","VPS41","protein_coding",440.083234388195,-1.01345888301775,0.136525702861081,-7.42320941609782,1.14315810287697e-13,4.3966685846319e-13,"Downregulated"
"ENSG00000136932.18","ENSG00000136932","TRMO","protein_coding",130.164807633782,-1.13796337746731,0.153297511784472,-7.42323449494225,1.14294157324713e-13,4.3966685846319e-13,"Downregulated"
"ENSG00000197044.11","ENSG00000197044","ZNF441","protein_coding",72.9176318307446,-1.9590030409105,0.263959641655712,-7.42160062281669,1.15713292004822e-13,4.44923594516815e-13,"Downregulated"
"ENSG00000163507.17","ENSG00000163507","CIP2A","protein_coding",194.082533632681,-1.05747222803377,0.142579017600978,-7.41674508512337,1.20033656532281e-13,4.60680018661497e-13,"Downregulated"
"ENSG00000204923.6","ENSG00000204923","FBXO48","protein_coding",50.5279326105333,-1.49081701431885,0.201279041099401,-7.40671759054442,1.29463747840149e-13,4.95821520533677e-13,"Downregulated"
"ENSG00000076242.20","ENSG00000076242","MLH1","protein_coding",326.450287605468,-1.05639386970183,0.142640497924393,-7.4059883768898,1.30177235730708e-13,4.98422325022305e-13,"Downregulated"
"ENSG00000104381.16","ENSG00000104381","GDAP1","protein_coding",35.0740339323554,-3.09624281746209,0.41873203413679,-7.39432994145038,1.42123115316067e-13,5.43012967877787e-13,"Downregulated"
"ENSG00000165376.14","ENSG00000165376","CLDN2","protein_coding",276.703880515715,-3.19986012297927,0.432888445353053,-7.39188157440779,1.44765437328125e-13,5.52817053427981e-13,"Downregulated"
"ENSG00000148803.15","ENSG00000148803","FUOM","protein_coding",54.5720776427042,-1.4269683581376,0.193720216039619,-7.3661303260459,1.75652110697853e-13,6.67072952891324e-13,"Downregulated"
"ENSG00000183856.13","ENSG00000183856","IQGAP3","protein_coding",446.709295764677,-1.23846980971505,0.168212039974691,-7.36255151475118,1.80427761606456e-13,6.84671149829996e-13,"Downregulated"
"ENSG00000143156.16","ENSG00000143156","NME7","protein_coding",37.6293212418415,-3.16060347550649,0.429351116459124,-7.36134914838958,1.82060678969852e-13,6.90325316491654e-13,"Downregulated"
"ENSG00000171155.10","ENSG00000171155","C1GALT1C1","protein_coding",279.489976003725,-1.11343772176003,0.151404090725401,-7.35407951281487,1.92247276028663e-13,7.27807608204644e-13,"Downregulated"
"ENSG00000197766.11","ENSG00000197766","CFD","protein_coding",109.564805473158,-2.49015090678128,0.338825685746017,-7.34935694529338,1.99162678853649e-13,7.53397426767706e-13,"Downregulated"
"ENSG00000103042.11","ENSG00000103042","SLC38A7","protein_coding",80.7508023654057,-1.38301105503033,0.188276016400749,-7.345657091483,2.04750690917287e-13,7.73728034621468e-13,"Downregulated"
"ENSG00000166263.15","ENSG00000166263","STXBP4","protein_coding",44.2292918387727,-1.95389489301861,0.266008582097698,-7.34523253953136,2.05401674727995e-13,7.75783442835054e-13,"Downregulated"
"ENSG00000106258.18","ENSG00000106258","CYP3A5","protein_coding",200.314770381257,-1.77782886052653,0.242077361445499,-7.34405253721664,2.07221721549332e-13,7.82249853788207e-13,"Downregulated"
"ENSG00000103507.16","ENSG00000103507","BCKDK","protein_coding",241.004028806765,-1.64674302151415,0.224231090766329,-7.3439549167168,2.07372999960868e-13,7.82617061310652e-13,"Downregulated"
"ENSG00000273151.1","ENSG00000273151","GET4-AS1","lncRNA",34.0282312336252,-2.93838265424683,0.400560591190906,-7.3356758474685,2.2060537381665e-13,8.31040571185569e-13,"Downregulated"
"ENSG00000180525.15","ENSG00000180525","DIP2C-AS1","lncRNA",30.767696823621,-4.05023270593284,0.552263472135364,-7.33387759699612,2.23587320471813e-13,8.41617519033122e-13,"Downregulated"
"ENSG00000259431.7","ENSG00000259431","THTPA","protein_coding",18.6777041114911,-3.06262044805549,0.417610300062524,-7.33368034168927,2.23916818947188e-13,8.42638935388898e-13,"Downregulated"
"ENSG00000185730.10","ENSG00000185730","ZNF696","protein_coding",83.4665939418263,-1.06057467562132,0.144761068899752,-7.32638052262363,2.36451801374135e-13,8.8934843122605e-13,"Downregulated"
"ENSG00000204228.6","ENSG00000204228","HSD17B8","protein_coding",66.5865350293084,-1.41266851955432,0.192876607841214,-7.3242086501091,2.40312543517278e-13,9.03400617549258e-13,"Downregulated"
"ENSG00000148219.20","ENSG00000148219","ASTN2","protein_coding",42.4041986770002,-2.21186665820883,0.302137638483366,-7.3207253135084,2.4663422761154e-13,9.26204515819236e-13,"Downregulated"
"ENSG00000167566.19","ENSG00000167566","NCKAP5L","protein_coding",146.821255975743,-1.04692162047954,0.143214485521244,-7.3101657047411,2.66813147136724e-13,1.00042849374008e-12,"Downregulated"
"ENSG00000224189.9","ENSG00000224189","HAGLR","lncRNA",27.4185595502452,-2.13927232443247,0.292814742598288,-7.30589008411823,2.7543726857712e-13,1.03196403728532e-12,"Downregulated"
"ENSG00000169857.11","ENSG00000169857","AVEN","protein_coding",173.351720934377,-1.01084016836269,0.138428984951029,-7.3022291445703,2.83038691021068e-13,1.06016973643766e-12,"Downregulated"
"ENSG00000288922.3","ENSG00000288922","ENSG00000288922","lncRNA",43.0102726461534,-2.48880785483554,0.340868242570012,-7.30137790505477,2.84835481933198e-13,1.0663486965063e-12,"Downregulated"
"ENSG00000197429.13","ENSG00000197429","IPP","protein_coding",151.605817727375,-1.48031853532343,0.203064119103045,-7.28990696072819,3.10169145457147e-13,1.15819924142359e-12,"Downregulated"
"ENSG00000266208.2","ENSG00000266208","GJD3-AS1","lncRNA",18.0980946512714,-3.58726304686665,0.492427334988423,-7.28485766727588,3.22010084566129e-13,1.20148561934406e-12,"Downregulated"
"ENSG00000168306.15","ENSG00000168306","ACOX2","protein_coding",111.168049816243,-3.73038576791299,0.512106934139237,-7.28438831663765,3.23133034411354e-13,1.20536523415427e-12,"Downregulated"
"ENSG00000163393.15","ENSG00000163393","SLC22A15","protein_coding",350.087728709643,-1.75799660699646,0.241407004491227,-7.28229328184364,3.28192611214959e-13,1.22392365458754e-12,"Downregulated"
"ENSG00000260704.2","ENSG00000260704","LINC00543","lncRNA",22.7846399429076,-3.7375599058361,0.513254775527854,-7.28207526562656,3.28723575849982e-13,1.22558838724413e-12,"Downregulated"
"ENSG00000154153.16","ENSG00000154153","RETREG1","protein_coding",220.253603563283,-1.36699496819008,0.18776298583236,-7.28042836627327,3.32761844218089e-13,1.240325269138e-12,"Downregulated"
"ENSG00000180626.12","ENSG00000180626","ZNF594","protein_coding",39.9245657988733,-3.69339206931663,0.507371166487302,-7.27946780044125,3.35139647223434e-13,1.24886700117305e-12,"Downregulated"
"ENSG00000134146.14","ENSG00000134146","DPH6","protein_coding",48.407995512576,-1.88825174853019,0.259423607453562,-7.27864270744211,3.37195414954903e-13,1.25588176651926e-12,"Downregulated"
"ENSG00000160323.21","ENSG00000160323","ADAMTS13","protein_coding",26.0526997334784,-2.52557718430467,0.347777230138079,-7.26205445739487,3.81254634112204e-13,1.41525157724233e-12,"Downregulated"
"ENSG00000124839.15","ENSG00000124839","RAB17","protein_coding",284.94252164364,-1.04299391429939,0.143726120289637,-7.25681533876756,3.96310153394883e-13,1.46963325051143e-12,"Downregulated"
"ENSG00000137040.11","ENSG00000137040","RANBP6","protein_coding",136.757902566823,-1.35831114297266,0.187452152252133,-7.24617523273705,4.28705396375388e-13,1.58692173800054e-12,"Downregulated"
"ENSG00000239789.8","ENSG00000239789","MRPS17","protein_coding",62.2440065486109,-1.54489721499345,0.213248604199319,-7.24458301049167,4.33771675126378e-13,1.60444592035004e-12,"Downregulated"
"ENSG00000124787.16","ENSG00000124787","RPP40","protein_coding",66.0272855212648,-1.36398851027335,0.188602174311853,-7.23209324203231,4.75605455455508e-13,1.75604439756974e-12,"Downregulated"
"ENSG00000064652.13","ENSG00000064652","SNX24","protein_coding",31.0460194452473,-1.58494135719145,0.219289123513171,-7.22763323506219,4.9148388192358e-13,1.81328523850217e-12,"Downregulated"
"ENSG00000157869.18","ENSG00000157869","RAB28","protein_coding",120.190793697223,-1.02701238509928,0.142253629752871,-7.21958650112087,5.2145890180045e-13,1.9165565318012e-12,"Downregulated"
"ENSG00000125843.14","ENSG00000125843","AP5S1","protein_coding",46.2562011917579,-1.87807516414359,0.260156526380841,-7.21901998873665,5.23635589762195e-13,1.9230935040126e-12,"Downregulated"
"ENSG00000291006.1","ENSG00000291006","ENSG00000291006","lncRNA",68.39859809129,-1.53608179893287,0.212818389909867,-7.21780575251711,5.28331096182596e-13,1.93935517879386e-12,"Downregulated"
"ENSG00000197779.17","ENSG00000197779","ZNF81","protein_coding",72.965749955462,-2.01146332740294,0.278733314070074,-7.2164439120372,5.33646587076497e-13,1.95787502276268e-12,"Downregulated"
"ENSG00000178537.12","ENSG00000178537","SLC25A20","protein_coding",148.500200114718,-1.19086377094504,0.165023835203905,-7.21631374930534,5.34157374517359e-13,1.95925301733879e-12,"Downregulated"
"ENSG00000103199.16","ENSG00000103199","ZNF500","protein_coding",69.2259739800683,-1.42335261886862,0.197265471215171,-7.2154169206636,5.37689799992306e-13,1.97171067345357e-12,"Downregulated"
"ENSG00000305287.1","ENSG00000305287","ENSG00000305287","lncRNA",20.6231338426112,-7.57581202958899,1.05038753707932,-7.21239710312452,5.49753710353805e-13,2.01441991667442e-12,"Downregulated"
"ENSG00000272189.1","ENSG00000272189","MAP7-AS1","lncRNA",20.6071427919909,-4.53219618074336,0.628840825768861,-7.20722318752444,5.71043662522692e-13,2.09084506247571e-12,"Downregulated"
"ENSG00000233532.7","ENSG00000233532","LINC00460","lncRNA",23.6933756258354,-1.9553501747383,0.271461626310871,-7.20304450139513,5.88827442801455e-13,2.15449881135499e-12,"Downregulated"
"ENSG00000102043.17","ENSG00000102043","MTMR8","protein_coding",37.4530345822278,-2.08791153888314,0.289911407718581,-7.20189507309725,5.93813830464254e-13,2.17147363893211e-12,"Downregulated"
"ENSG00000047597.8","ENSG00000047597","XK","protein_coding",212.963321322736,-1.05787913263215,0.147012314719664,-7.19585386196664,6.20710830539033e-13,2.26754256520587e-12,"Downregulated"
"ENSG00000184574.12","ENSG00000184574","LPAR5","protein_coding",148.091243324944,-1.30783152045574,0.181855033899466,-7.19161571946775,6.40290322862434e-13,2.33847967714778e-12,"Downregulated"
"ENSG00000197852.13","ENSG00000197852","INKA2","protein_coding",32.8706451939866,-2.77489172260541,0.386164228762317,-7.1857813746735,6.6823900950228e-13,2.4374829412804e-12,"Downregulated"
"ENSG00000118096.11","ENSG00000118096","IFT46","protein_coding",182.381096426589,-1.01382549514899,0.141131651170765,-7.18354449011789,6.79269173097356e-13,2.47647015258538e-12,"Downregulated"
"ENSG00000090530.12","ENSG00000090530","P3H2","protein_coding",19.8975879150613,-2.14467798880857,0.298571788203435,-7.18312336779546,6.81365643215507e-13,2.48286419448809e-12,"Downregulated"
"ENSG00000267106.10","ENSG00000267106","ZNF561-AS1","lncRNA",19.4905186224183,-2.49884750785582,0.347983238135527,-7.1809421661931,6.92326367633908e-13,2.5221703669559e-12,"Downregulated"
"ENSG00000177548.15","ENSG00000177548","RABEP2","protein_coding",124.342710410563,-1.59192056095082,0.221802696789294,-7.17719209006328,7.11576791951544e-13,2.58904616343504e-12,"Downregulated"
"ENSG00000056050.9","ENSG00000056050","HPF1","protein_coding",67.7057400723178,-1.30677187940064,0.182153540859466,-7.17401305093943,7.28306630891118e-13,2.64725851388866e-12,"Downregulated"
"ENSG00000123219.15","ENSG00000123219","CENPK","protein_coding",154.912107880271,-1.02655270059944,0.14327956203389,-7.16468340653242,7.79665232500065e-13,2.82684727280234e-12,"Downregulated"
"ENSG00000123600.23","ENSG00000123600","METTL8","protein_coding",232.920084857756,-1.11684213347579,0.156005788193817,-7.15897881999261,8.12802415797596e-13,2.94184131112356e-12,"Downregulated"
"ENSG00000167840.16","ENSG00000167840","ZNF232","protein_coding",117.093032241223,-1.40060959083203,0.195650654448755,-7.15872683778256,8.14297595189755e-13,2.94651704107114e-12,"Downregulated"
"ENSG00000167333.15","ENSG00000167333","TRIM68","protein_coding",136.868389118192,-1.007665853019,0.140774149000637,-7.15803192683083,8.18434970132989e-13,2.95927135408365e-12,"Downregulated"
"ENSG00000162062.17","ENSG00000162062","TEDC2","protein_coding",54.3982488114475,-2.83565944156379,0.396199408267551,-7.15715213700898,8.23702688370398e-13,2.97609059084114e-12,"Downregulated"
"ENSG00000165487.16","ENSG00000165487","MICU2","protein_coding",651.622722896507,-1.3623027826813,0.190721267263104,-7.14289917548613,9.13826576131644e-13,3.29268392374435e-12,"Downregulated"
"ENSG00000173681.19","ENSG00000173681","BCLAF3","protein_coding",111.023787994188,-1.03507211277047,0.144922007776669,-7.14227002958422,9.18020266470132e-13,3.30697233449793e-12,"Downregulated"
"ENSG00000145103.17","ENSG00000145103","ILDR1","protein_coding",107.559949163283,-1.08041121708161,0.151298503234469,-7.14092468850991,9.27051371043251e-13,3.3378455823997e-12,"Downregulated"
"ENSG00000197563.13","ENSG00000197563","PIGN","protein_coding",211.805174766816,-1.27704027034767,0.178919662150503,-7.13750660491106,9.50390565332263e-13,3.4193297102272e-12,"Downregulated"
"ENSG00000179406.11","ENSG00000179406","LINC00174","lncRNA",18.8684850507064,-2.84635521467977,0.399079185064675,-7.13230687343038,9.87005121937595e-13,3.54929980821827e-12,"Downregulated"
"ENSG00000231770.9","ENSG00000231770","TMEM44-AS1","lncRNA",20.3962427563488,-4.98801546151604,0.699696988808858,-7.12882224919601,1.01231360693636e-12,3.63579895705619e-12,"Downregulated"
"ENSG00000158691.18","ENSG00000158691","ZSCAN12","protein_coding",68.3607981231602,-1.24496649306378,0.174761092417151,-7.12381958618151,1.04976437202441e-12,3.76377666486339e-12,"Downregulated"
"ENSG00000186603.7","ENSG00000186603","HPDL","protein_coding",368.586221840795,-1.33008592537326,0.186719584394866,-7.12344090569771,1.05265395918224e-12,3.77320335801855e-12,"Downregulated"
"ENSG00000197363.13","ENSG00000197363","ZNF517","protein_coding",27.4464375043416,-2.26850684326082,0.318464236232721,-7.1232703241537,1.05395815990828e-12,3.77694402902838e-12,"Downregulated"
"ENSG00000155850.11","ENSG00000155850","SLC26A2","protein_coding",133.38794259951,-1.76628482681476,0.248152724078254,-7.11773297422184,1.09716666821358e-12,3.92830681545203e-12,"Downregulated"
"ENSG00000160602.16","ENSG00000160602","NEK8","protein_coding",20.2145368155379,-2.69679213844108,0.379137881481524,-7.11295882095204,1.13581176501548e-12,4.06323971824348e-12,"Downregulated"
"ENSG00000143167.14","ENSG00000143167","GPA33","protein_coding",5507.38233315305,-1.23557236151767,0.173866061587892,-7.10646085977552,1.19056401083619e-12,4.25385937994034e-12,"Downregulated"
"ENSG00000271122.2","ENSG00000271122","HERPUD2-AS1","lncRNA",36.9649704226832,-4.38525529550866,0.617288798536084,-7.10405778609366,1.21146163060195e-12,4.32745919415418e-12,"Downregulated"
"ENSG00000161955.18","ENSG00000161955","TNFSF13","protein_coding",28.2325132174232,-2.10320355629748,0.296780081471297,-7.0867409492941,1.37307055749586e-12,4.89749902023872e-12,"Downregulated"
"ENSG00000204685.10","ENSG00000204685","STARD7-AS1","lncRNA",41.3496205615412,-1.80244147473045,0.254367494186152,-7.08597409624748,1.38069637406624e-12,4.92348716854525e-12,"Downregulated"
"ENSG00000205758.14","ENSG00000205758","CRYZL1","protein_coding",58.3733698777201,-1.31054664725946,0.185010702515137,-7.08362613320836,1.40430454530564e-12,5.00274864074959e-12,"Downregulated"
"ENSG00000177873.16","ENSG00000177873","ZNF619","protein_coding",93.3069187828134,-1.25734145019405,0.177558263779982,-7.08128939440445,1.42819295147813e-12,5.08410028317883e-12,"Downregulated"
"ENSG00000167114.15","ENSG00000167114","SLC27A4","protein_coding",494.278441975109,-1.13934725562566,0.161090558635696,-7.07271279754066,1.51933735850351e-12,5.4005977432997e-12,"Downregulated"
"ENSG00000291071.2","ENSG00000291071","FAM86JP","lncRNA",20.5356821798436,-4.491452567549,0.635669843065919,-7.06570024760987,1.59808049115421e-12,5.67631923475656e-12,"Downregulated"
"ENSG00000144451.21","ENSG00000144451","SPAG16","protein_coding",72.3958682830204,-1.85267891260702,0.262498998658333,-7.05785135210536,1.69096801107696e-12,5.99596486824744e-12,"Downregulated"
"ENSG00000285230.4","ENSG00000285230","RALY-AS1","lncRNA",35.5848020093445,-2.26622378922052,0.321262702317982,-7.05411419647913,1.73703683692953e-12,6.15630663751108e-12,"Downregulated"
"ENSG00000160949.20","ENSG00000160949","TONSL","protein_coding",202.681433296089,-1.47617134585855,0.209290044866411,-7.05323249751691,1.74808399167286e-12,6.19243050777881e-12,"Downregulated"
"ENSG00000164199.19","ENSG00000164199","ADGRV1","protein_coding",74.6768031551388,-2.61004629091561,0.370069961261231,-7.05284558092838,1.75295355408969e-12,6.20816297797356e-12,"Downregulated"
"ENSG00000187325.7","ENSG00000187325","TAF9B","protein_coding",49.4308329405008,-2.12705549749438,0.301702801263582,-7.05016820720895,1.78701635601106e-12,6.32570616299762e-12,"Downregulated"
"ENSG00000251169.4","ENSG00000251169","LINC01843","lncRNA",50.8716694393892,-2.55799221964562,0.362885003697914,-7.04904361871905,1.80151677793701e-12,6.37547769129747e-12,"Downregulated"
"ENSG00000168386.20","ENSG00000168386","FILIP1L","protein_coding",82.5075146629299,-1.00628442827073,0.142875688075861,-7.04307669011142,1.88040661442765e-12,6.64007131001107e-12,"Downregulated"
"ENSG00000261188.4","ENSG00000261188","TFIP11-DT","lncRNA",20.0873411349013,-3.12207555525482,0.443804571028709,-7.03479810498135,1.99549732700002e-12,7.03105938800981e-12,"Downregulated"
"ENSG00000234494.9","ENSG00000234494","SP2-AS1","lncRNA",27.2809342135729,-2.89036211667161,0.411557082437021,-7.02299204658665,2.17166578685984e-12,7.63507534768871e-12,"Downregulated"
"ENSG00000173436.17","ENSG00000173436","MICOS10","protein_coding",110.457058212601,-1.12043724182446,0.159768546410013,-7.01287748433973,2.3346588170125e-12,8.19619078879487e-12,"Downregulated"
"ENSG00000163378.15","ENSG00000163378","EOGT","protein_coding",77.5953076043216,-1.3058688455953,0.186311024940849,-7.00907982235567,2.39890571685811e-12,8.4135870398615e-12,"Downregulated"
"ENSG00000226200.8","ENSG00000226200","SGMS1-AS1","lncRNA",26.5417239455072,-4.80036195891683,0.685031208407047,-7.00750841714126,2.42599428338492e-12,8.50242059366729e-12,"Downregulated"
"ENSG00000139719.14","ENSG00000139719","VPS33A","protein_coding",124.075917524186,-1.20051108660277,0.171327586906057,-7.00710906096541,2.43292622959205e-12,8.52465351045647e-12,"Downregulated"
"ENSG00000291317.3","ENSG00000291317","TMEM276","protein_coding",25.5998875859293,-2.14523838893448,0.307095657431672,-6.98557057718016,2.83700597123735e-12,9.91795600181003e-12,"Downregulated"
"ENSG00000135414.10","ENSG00000135414","GDF11","protein_coding",251.161883259206,-1.12986896809494,0.161743732195164,-6.98555024519661,2.83741689094013e-12,9.91795600181003e-12,"Downregulated"
"ENSG00000080854.17","ENSG00000080854","IGSF9B","protein_coding",17.0544334853128,-2.58696755227348,0.370401511360207,-6.98422515279025,2.86432391509297e-12,1.00047679386665e-11,"Downregulated"
"ENSG00000232931.7","ENSG00000232931","LINC00342","lncRNA",16.4457262604311,-3.63698888145883,0.521167691041378,-6.97853866227114,2.98266141278573e-12,1.04055679330984e-11,"Downregulated"
"ENSG00000276855.1","ENSG00000276855","ENSG00000276855","lncRNA",12.510756854737,-2.71821826671833,0.389662053939536,-6.97583518650784,3.04059016582781e-12,1.05949104792442e-11,"Downregulated"
"ENSG00000196793.16","ENSG00000196793","ZNF239","protein_coding",25.9062769561901,-3.81773886440541,0.54756758595938,-6.97217834345771,3.12070582636718e-12,1.08610155705363e-11,"Downregulated"
"ENSG00000112874.12","ENSG00000112874","NUDT12","protein_coding",117.165174316313,-1.17656177153445,0.169100299709465,-6.95777460806354,3.45689679373172e-12,1.20022396585434e-11,"Downregulated"
"ENSG00000158805.14","ENSG00000158805","ZNF276","protein_coding",108.405663542442,-1.02616878095691,0.147522756905292,-6.95600328033253,3.50061713481242e-12,1.21482144438941e-11,"Downregulated"
"ENSG00000154114.15","ENSG00000154114","TBCEL","protein_coding",70.4171204539081,-1.29163149694696,0.185752568585618,-6.95350544426853,3.56319194100802e-12,1.23594489251049e-11,"Downregulated"
"ENSG00000241973.13","ENSG00000241973","PI4KA","protein_coding",485.409294542257,-1.07713096151282,0.155108610877983,-6.94436598597448,3.80163765429094e-12,1.31613313153331e-11,"Downregulated"
"ENSG00000205181.9","ENSG00000205181","LINC00654","lncRNA",18.9316960180723,-4.12092214101654,0.593617838250716,-6.94204566554157,3.86462236928039e-12,1.33698036227289e-11,"Downregulated"
"ENSG00000248905.11","ENSG00000248905","FMN1","protein_coding",909.600917463423,-1.06943320454231,0.154194743319928,-6.935600925924,4.044979911352e-12,1.39670833631911e-11,"Downregulated"
"ENSG00000026559.16","ENSG00000026559","KCNG1","protein_coding",32.594645946323,-3.39360797338194,0.489784326386103,-6.92878026216527,4.24484539318355e-12,1.46397666439829e-11,"Downregulated"
"ENSG00000283199.3","ENSG00000283199","C13orf46","protein_coding",15.4546711995508,-2.560740777324,0.369938664950631,-6.92206849388325,4.45095929670692e-12,1.53360204773839e-11,"Downregulated"
"ENSG00000144589.24","ENSG00000144589","STK11IP","protein_coding",118.04332819088,-1.06898613984551,0.154777616220368,-6.9065938987167,4.96428392992408e-12,1.70681856969062e-11,"Downregulated"
"ENSG00000002587.12","ENSG00000002587","HS3ST1","protein_coding",76.8147940550184,-1.26956262751023,0.18382654521765,-6.90630738888702,4.97431530051225e-12,1.70945642245728e-11,"Downregulated"
"ENSG00000169981.13","ENSG00000169981","ZNF35","protein_coding",93.0124600606708,-1.14915715860796,0.166622529150009,-6.89676938929058,5.31984348790565e-12,1.82689980632058e-11,"Downregulated"
"ENSG00000102967.14","ENSG00000102967","DHODH","protein_coding",114.351775818843,-1.36962379348284,0.198792227659528,-6.88972506424447,5.59003191931018e-12,1.91696030701948e-11,"Downregulated"
"ENSG00000178935.6","ENSG00000178935","ZNF552","protein_coding",53.7240928361021,-1.50342796751576,0.21822693961153,-6.8892867681325,5.60728039387088e-12,1.92196564493796e-11,"Downregulated"
"ENSG00000232499.2","ENSG00000232499","ENSG00000232499","processed_pseudogene",43.5142739665887,-1.68199324248377,0.24441783377268,-6.88163059348649,5.91712935385139e-12,2.02147662885465e-11,"Downregulated"
"ENSG00000139531.15","ENSG00000139531","SUOX","protein_coding",138.901555238317,-1.33141642040782,0.193561678059581,-6.87851249149635,6.04807480058148e-12,2.06475147255658e-11,"Downregulated"
"ENSG00000115129.16","ENSG00000115129","TP53I3","protein_coding",79.2254582313928,-2.50594204023841,0.364643090042392,-6.8723146239987,6.31684407836384e-12,2.15396951490938e-11,"Downregulated"
"ENSG00000020129.18","ENSG00000020129","NCDN","protein_coding",137.239810635505,-1.55647530183755,0.226681928716287,-6.86634047386115,6.58697583083287e-12,2.24502478223024e-11,"Downregulated"
"ENSG00000144554.15","ENSG00000144554","FANCD2","protein_coding",214.42416884571,-1.30860224705385,0.190660236303174,-6.86352997576806,6.71794197511595e-12,2.28912332714273e-11,"Downregulated"
"ENSG00000005469.14","ENSG00000005469","CROT","protein_coding",59.7025520470305,-1.38127796664404,0.201297059576433,-6.86188844263552,6.795612569562e-12,2.31450099548984e-11,"Downregulated"
"ENSG00000249115.11","ENSG00000249115","HAUS5","protein_coding",246.481094380556,-1.00832343974952,0.147003666649986,-6.85917203786713,6.92607894936831e-12,2.35782795711171e-11,"Downregulated"
"ENSG00000239900.16","ENSG00000239900","ADSL","protein_coding",30.8069238195218,-2.20315543253748,0.321318281236819,-6.85661402163951,7.05118051800556e-12,2.39928875480011e-11,"Downregulated"
"ENSG00000169955.10","ENSG00000169955","ZNF747","protein_coding",42.4230851629978,-2.27528107849426,0.332219492805505,-6.84872840928181,7.45092970697076e-12,2.52818715320581e-11,"Downregulated"
"ENSG00000132881.14","ENSG00000132881","CPLANE2","protein_coding",29.6070750877652,-1.83778417100236,0.268402730451585,-6.84711428944966,7.53545164771316e-12,2.55566967654246e-11,"Downregulated"
"ENSG00000101898.9","ENSG00000101898","MCTS2","protein_coding",42.260301092815,-1.91267017340738,0.279360161772137,-6.84661034441794,7.56203221443277e-12,2.56408448412634e-11,"Downregulated"
"ENSG00000175536.8","ENSG00000175536","LIPT2","protein_coding",21.7300232615511,-2.66094746375319,0.388877591554118,-6.8426351158958,7.77495126065589e-12,2.63381471878039e-11,"Downregulated"
"ENSG00000089335.24","ENSG00000089335","ZNF302","protein_coding",129.253495257357,-1.49312635612722,0.218719663549565,-6.82666721361729,8.69099826924052e-12,2.93384455899915e-11,"Downregulated"
"ENSG00000139133.8","ENSG00000139133","ALG10","protein_coding",77.9511470195541,-1.31589794287093,0.192770304787942,-6.82624818339366,8.71640859235439e-12,2.94173715231486e-11,"Downregulated"
"ENSG00000165060.17","ENSG00000165060","FXN","protein_coding",92.4423197236702,-1.13647206610001,0.166501556449854,-6.82559424867769,8.75620921659964e-12,2.9544815824671e-11,"Downregulated"
"ENSG00000120832.13","ENSG00000120832","MTERF2","protein_coding",58.2775657858015,-1.61631138544369,0.236941011134224,-6.82157714152771,9.00463932637636e-12,3.03477286320573e-11,"Downregulated"
"ENSG00000204179.13","ENSG00000204179","PTPN20","protein_coding",14.8386188525392,-2.27243491908553,0.333181887192839,-6.82040352862968,9.07851360703e-12,3.05753704840992e-11,"Downregulated"
"ENSG00000185561.11","ENSG00000185561","TLCD2","protein_coding",335.63372647158,-1.65248166685626,0.242492765302594,-6.81456069336424,9.45522503649462e-12,3.18145161896634e-11,"Downregulated"
"ENSG00000289177.3","ENSG00000289177","ENSG00000289177","lncRNA",12.1894531737869,-3.56639781288087,0.523893703168411,-6.80748363897478,9.93206016300306e-12,3.33569909344705e-11,"Downregulated"
"ENSG00000147251.18","ENSG00000147251","DOCK11","protein_coding",137.39169705557,-1.26392141933771,0.185773224294815,-6.80357152725043,1.02056782057165e-11,3.42283472708269e-11,"Downregulated"
"ENSG00000096093.18","ENSG00000096093","EFHC1","protein_coding",56.9736759076885,-1.17261005176229,0.172361328820309,-6.80320846786206,1.02314423412382e-11,3.42988809644283e-11,"Downregulated"
"ENSG00000177096.11","ENSG00000177096","PHETA2","protein_coding",64.3443715791786,-1.79789075951362,0.264545101431174,-6.79615970882518,1.07444666021046e-11,3.59687710782399e-11,"Downregulated"
"ENSG00000100360.17","ENSG00000100360","IFT27","protein_coding",44.7767964635759,-1.52327013162364,0.224245118052146,-6.79287979535598,1.09916962660691e-11,3.67709285059728e-11,"Downregulated"
"ENSG00000120519.18","ENSG00000120519","SLC10A7","protein_coding",86.3047145639152,-1.23902210909033,0.182411214486429,-6.79246674925519,1.10232227806333e-11,3.68678847304265e-11,"Downregulated"
"ENSG00000160953.19","ENSG00000160953","PWWP3A","protein_coding",211.016800929173,-1.5703333308973,0.231249008496916,-6.79065973559945,1.11621910784045e-11,3.73068434290217e-11,"Downregulated"
"ENSG00000204740.12","ENSG00000204740","MALRD1","protein_coding",16.5069198981125,-7.10177073023043,1.04606011555135,-6.78906558490404,1.128621298072e-11,3.7695275067203e-11,"Downregulated"
"ENSG00000121903.17","ENSG00000121903","ZSCAN20","protein_coding",49.9859475147913,-1.48993252242424,0.219608503225689,-6.78449377205153,1.16494260447691e-11,3.88815021282344e-11,"Downregulated"
"ENSG00000071655.20","ENSG00000071655","MBD3","protein_coding",543.550648930029,-1.1012318806714,0.162558887504431,-6.77435665054841,1.24961064078968e-11,4.16498560403038e-11,"Downregulated"
"ENSG00000164093.19","ENSG00000164093","PITX2","protein_coding",116.203345175773,-1.15248725804478,0.170229987504372,-6.77017765753628,1.28624352908519e-11,4.28314366348865e-11,"Downregulated"
"ENSG00000162989.6","ENSG00000162989","KCNJ3","protein_coding",19.1838024642338,-3.77728902264906,0.558054660770581,-6.76867211794855,1.29969708716538e-11,4.3269492734208e-11,"Downregulated"
"ENSG00000289858.1","ENSG00000289858","ENSG00000289858","lncRNA",21.074031085498,-3.1613595401306,0.467068154038708,-6.76851871144398,1.30107564620851e-11,4.33054392853782e-11,"Downregulated"
"ENSG00000196628.22","ENSG00000196628","TCF4","protein_coding",10.4994445377077,-4.82004993561453,0.712232801144741,-6.76752029374029,1.31008279874612e-11,4.35852156093408e-11,"Downregulated"
"ENSG00000145703.18","ENSG00000145703","IQGAP2","protein_coding",112.318055302386,-1.19053385444469,0.175972022398537,-6.76547236439892,1.32874957767707e-11,4.41859542902618e-11,"Downregulated"
"ENSG00000126953.10","ENSG00000126953","TIMM8A","protein_coding",88.081733663913,-1.16165738218509,0.171802048542802,-6.76160378783656,1.36472498391372e-11,4.53614551992608e-11,"Downregulated"
"ENSG00000173614.16","ENSG00000173614","NMNAT1","protein_coding",103.091303699133,-1.28594120878848,0.190402323991446,-6.75381046738828,1.44011854737430e-11,4.77688212143475e-11,"Downregulated"
"ENSG00000138346.18","ENSG00000138346","DNA2","protein_coding",113.941764922203,-1.28549318602942,0.190341208983284,-6.75362520231923,1.44195957657595e-11,4.78189432122166e-11,"Downregulated"
"ENSG00000260565.10","ENSG00000260565","ERVK13-1","lncRNA",23.8111763014625,-3.18881646619513,0.472326105252931,-6.75130260794608,1.46523632927147e-11,4.85797412120845e-11,"Downregulated"
"ENSG00000213963.7","ENSG00000213963","ENSG00000213963","lncRNA",53.9610292727438,-1.69846972548832,0.251887612690703,-6.74296646565903,1.5518503676901e-11,5.13574229928406e-11,"Downregulated"
"ENSG00000293491.2","ENSG00000293491","TMEM198B","lncRNA",37.7984821712948,-1.45921729945854,0.216566866606508,-6.73795268096055,1.60633859357909e-11,5.31000431070897e-11,"Downregulated"
"ENSG00000228594.4","ENSG00000228594","FNDC10","protein_coding",28.9495305253831,-2.1549885845371,0.320015238531686,-6.73401864993915,1.65040009632274e-11,5.45316876331717e-11,"Downregulated"
"ENSG00000113522.16","ENSG00000113522","RAD50","protein_coding",48.7946559583692,-1.61186980666407,0.239419019996306,-6.73242170437813,1.66862183264282e-11,5.5096075640601e-11,"Downregulated"
"ENSG00000167720.15","ENSG00000167720","SRR","protein_coding",63.3661696407748,-3.06878173084005,0.455973012883163,-6.73018280497749,1.69450061215981e-11,5.5937819752665e-11,"Downregulated"
"ENSG00000296655.1","ENSG00000296655","ENSG00000296655","lncRNA",16.8613712927302,-4.61534879975799,0.686874576073129,-6.71934725862763,1.82540414870239e-11,6.00675679450387e-11,"Downregulated"
"ENSG00000309683.1","ENSG00000309683","ENSG00000309683","lncRNA",10.3353402732219,-4.45459549048502,0.664652743236691,-6.70213962977459,2.05389631227315e-11,6.72961007403627e-11,"Downregulated"
"ENSG00000206530.12","ENSG00000206530","CFAP44","protein_coding",21.5874651923045,-1.95168349128276,0.291390234268998,-6.69783425027572,2.11530991521661e-11,6.92300616335119e-11,"Downregulated"
"ENSG00000081138.15","ENSG00000081138","CDH7","protein_coding",9.56823744392404,-4.01906448562371,0.600145779425883,-6.69681371327558,2.13012878382035e-11,6.96993143714711e-11,"Downregulated"
"ENSG00000120458.14","ENSG00000120458","MSANTD2","protein_coding",41.6120564632415,-1.40995877410128,0.210564766232715,-6.69608120735166,2.14082786113242e-11,7.00177778459287e-11,"Downregulated"
"ENSG00000198680.6","ENSG00000198680","TUSC1","protein_coding",51.3668103888686,-1.20884511669239,0.180665836319748,-6.69105538333734,2.21566781856308e-11,7.24001308379169e-11,"Downregulated"
"ENSG00000143578.18","ENSG00000143578","CREB3L4","protein_coding",95.5935880446077,-1.36525055946252,0.204100966882617,-6.68909403181663,2.24556414689237e-11,7.33439612728514e-11,"Downregulated"
"ENSG00000198105.18","ENSG00000198105","ZNF248","protein_coding",65.9189589502172,-1.32642884783971,0.198303764793211,-6.6888737549834,2.24894633140024e-11,7.34378779509966e-11,"Downregulated"
"ENSG00000189298.16","ENSG00000189298","ZKSCAN3","protein_coding",30.7256697831566,-1.73522162947403,0.25978177059194,-6.67953577158301,2.39700328477509e-11,7.80966088196058e-11,"Downregulated"
"ENSG00000126460.13","ENSG00000126460","PRRG2","protein_coding",62.3485418063792,-2.1469871394809,0.321445509777147,-6.67916357260479,2.40309824490186e-11,7.82775899418245e-11,"Downregulated"
"ENSG00000160299.20","ENSG00000160299","PCNT","protein_coding",213.96202984414,-1.38983140862689,0.208256169464982,-6.67366259639468,2.49496868667158e-11,8.11424735351091e-11,"Downregulated"
"ENSG00000138375.16","ENSG00000138375","SMARCAL1","protein_coding",218.805194522099,-1.09162586321319,0.163576626023679,-6.67348318490913,2.49802217257129e-11,8.12053327162476e-11,"Downregulated"
"ENSG00000169740.16","ENSG00000169740","ZNF32","protein_coding",48.9647881258602,-1.71917443333949,0.257784064248596,-6.66904852458834,2.57467122857996e-11,8.35413549057093e-11,"Downregulated"
"ENSG00000181284.5","ENSG00000181284","TMEM102","protein_coding",61.8934333269601,-1.31167015541225,0.196680925071187,-6.66902575802663,2.57507060698181e-11,8.35413549057093e-11,"Downregulated"
"ENSG00000103174.15","ENSG00000103174","NAGPA","protein_coding",58.7495961164253,-1.45712309108077,0.21873213290781,-6.66167824411471,2.70718203483807e-11,8.77880556027597e-11,"Downregulated"
"ENSG00000127081.17","ENSG00000127081","ZNF484","protein_coding",113.310108093034,-1.18960325895266,0.178654790601207,-6.65866980084567,2.76316932898985e-11,8.95234739899863e-11,"Downregulated"
"ENSG00000119401.13","ENSG00000119401","TRIM32","protein_coding",474.104172420967,-1.19548085337473,0.179588865653034,-6.65676487808775,2.79920439771455e-11,9.06504360484454e-11,"Downregulated"
"ENSG00000176809.12","ENSG00000176809","LRRC37A3","protein_coding",53.324780056878,-2.25511374824227,0.338893194637146,-6.65434946445836,2.84555828297175e-11,9.21104101783037e-11,"Downregulated"
"ENSG00000255468.8","ENSG00000255468","B4GAT1-DT","lncRNA",19.7963981646117,-2.51595264061784,0.378279304610009,-6.6510449024212,2.91019472662878e-11,9.41185940154079e-11,"Downregulated"
"ENSG00000232237.5","ENSG00000232237","ASCL5","protein_coding",11.0549313173867,-3.41225475360763,0.513208235457981,-6.64886983070834,2.95352052821554e-11,9.54984816932163e-11,"Downregulated"
"ENSG00000186765.13","ENSG00000186765","FSCN2","protein_coding",38.2719590374981,-4.3855572549078,0.660093289022347,-6.64384463202645,3.05604718855416e-11,9.87034451894961e-11,"Downregulated"
"ENSG00000116151.16","ENSG00000116151","MORN1","protein_coding",40.326492414925,-2.27552815339096,0.342869889976264,-6.63671036715557,3.20761037896592e-11,1.03575511613133e-10,"Downregulated"
"ENSG00000090581.13","ENSG00000090581","GNPTG","protein_coding",129.520444152095,-1.19798254096424,0.180534234839793,-6.63576380417451,3.22826434124544e-11,1.04219217717373e-10,"Downregulated"
"ENSG00000198093.13","ENSG00000198093","ZNF649","protein_coding",61.7166241169004,-1.84782126161168,0.278699699027816,-6.63015162218476,3.35342230804339e-11,1.08091183470117e-10,"Downregulated"
"ENSG00000157036.15","ENSG00000157036","EXOG","protein_coding",54.4976111650157,-1.60093647157058,0.24159774856067,-6.62645443141849,3.43845551878898e-11,1.10782786523544e-10,"Downregulated"
"ENSG00000008300.17","ENSG00000008300","CELSR3","protein_coding",284.106432529055,-1.01071711854584,0.152556154435132,-6.62521366173795,3.4674626270687e-11,1.11692528098421e-10,"Downregulated"
"ENSG00000215041.12","ENSG00000215041","NEURL4","protein_coding",88.7405575320858,-1.04959117179015,0.158475810718766,-6.62303708704649,3.51892685922786e-11,1.13249584818855e-10,"Downregulated"
"ENSG00000243943.12","ENSG00000243943","ZNF512","protein_coding",53.8358123235915,-2.09604790232274,0.316716328448267,-6.61806075042674,3.63941470392678e-11,1.16997333383556e-10,"Downregulated"
"ENSG00000164306.13","ENSG00000164306","PRIMPOL","protein_coding",52.1708881174366,-1.44445933922519,0.218280451450268,-6.61744709445173,3.65454941789542e-11,1.17405741884594e-10,"Downregulated"
"ENSG00000133943.23","ENSG00000133943","DGLUCY","protein_coding",13.0020294287371,-3.42062261915449,0.516964776076787,-6.61674214075739,3.67201184948426e-11,1.17940593357105e-10,"Downregulated"
"ENSG00000114805.20","ENSG00000114805","PLCH1","protein_coding",117.097855288836,-1.13426049112153,0.171431815590031,-6.61639432107544,3.68065775812837e-11,1.18192094462212e-10,"Downregulated"
"ENSG00000135931.21","ENSG00000135931","ARMC9","protein_coding",23.8060200561967,-1.71363871847457,0.259047694689494,-6.61514753307731,3.71181371950417e-11,1.19139766164019e-10,"Downregulated"
"ENSG00000204983.15","ENSG00000204983","PRSS1","protein_coding",18.6547768348457,-2.8974105787046,0.438013838160169,-6.61488365498876,3.71844077820819e-11,1.19299631963235e-10,"Downregulated"
"ENSG00000160051.14","ENSG00000160051","IQCC","protein_coding",17.1593080916256,-3.0041951489601,0.454514498905016,-6.60967946280614,3.85153052171031e-11,1.23460252865795e-10,"Downregulated"
"ENSG00000152582.16","ENSG00000152582","SPEF2","protein_coding",11.7474299283663,-3.34613415188689,0.506613273890904,-6.60490817026531,3.97763825701792e-11,1.27361762308227e-10,"Downregulated"
"ENSG00000173137.14","ENSG00000173137","ADCK5","protein_coding",73.3932198769785,-2.43477592781855,0.368765346609099,-6.60250739449083,4.04261104852073e-11,1.29413561553264e-10,"Downregulated"
"ENSG00000174365.23","ENSG00000174365","SNHG11","lncRNA",66.3933575189611,-1.12218677503791,0.170064416307576,-6.59859833939826,4.15063126274851e-11,1.32783550242277e-10,"Downregulated"
"ENSG00000169884.15","ENSG00000169884","WNT10B","protein_coding",25.508348510674,-1.78747899401168,0.271120702150229,-6.59292698726204,4.3123868763727e-11,1.37745449884049e-10,"Downregulated"
"ENSG00000277639.4","ENSG00000277639","CHD9NB","protein_coding",32.3428659604395,-4.99881135478327,0.75848035088193,-6.59056144166537,4.38166418150218e-11,1.3986580907121e-10,"Downregulated"
"ENSG00000144134.21","ENSG00000144134","RABL2A","protein_coding",22.5166079234235,-2.22173180618356,0.337307612584637,-6.58666369596412,4.49819573548918e-11,1.4345918265561e-10,"Downregulated"
"ENSG00000287222.2","ENSG00000287222","ENSG00000287222","lncRNA",22.0637429936931,-3.52746667634211,0.535597501920632,-6.5860401956558,4.51711580732368e-11,1.43999213109843e-10,"Downregulated"
"ENSG00000184831.16","ENSG00000184831","APOO","protein_coding",78.7334533774803,-1.26624404667337,0.192812508657206,-6.56722976891805,5.12599202355386e-11,1.62764847513897e-10,"Downregulated"
"ENSG00000168404.15","ENSG00000168404","MLKL","protein_coding",85.919539190509,-1.72666731395732,0.263126873624229,-6.56210933598206,5.30518915328328e-11,1.68307358164145e-10,"Downregulated"
"ENSG00000187699.12","ENSG00000187699","AKAP19","protein_coding",17.3694635825201,-3.33650837541969,0.508680286518058,-6.55914621393774,5.41167212763234e-11,1.71647959014331e-10,"Downregulated"
"ENSG00000177034.19","ENSG00000177034","MTX3","protein_coding",215.106482632357,-1.7024626996833,0.259571879782139,-6.55873317676856,5.426680111439e-11,1.72086319857711e-10,"Downregulated"
"ENSG00000111271.17","ENSG00000111271","ACAD10","protein_coding",203.71044103676,-1.04606421001202,0.159610957641953,-6.55383706398533,5.60771520445485e-11,1.77593987637587e-10,"Downregulated"
"ENSG00000274425.1","ENSG00000274425","ENSG00000274425","lncRNA",23.0555972618986,-3.96865166962976,0.605730992321773,-6.55183855529313,5.68329667984276e-11,1.79948296885037e-10,"Downregulated"
"ENSG00000234432.4","ENSG00000234432","LINC02983","lncRNA",17.0761068581664,-4.22761572783825,0.645577305534033,-6.54858169826942,5.80860778236197e-11,1.83835649665843e-10,"Downregulated"
"ENSG00000137757.13","ENSG00000137757","CASP5","protein_coding",24.0334870493695,-5.66608292157981,0.866138247199359,-6.5417766042557,6.07922674524959e-11,1.92190562810116e-10,"Downregulated"
"ENSG00000186472.22","ENSG00000186472","PCLO","protein_coding",40.2093986397825,-3.56616514785144,0.545281593349675,-6.54004314714609,6.15010875388618e-11,1.94304286159404e-10,"Downregulated"
"ENSG00000180938.8","ENSG00000180938","ZNF572","protein_coding",20.0754641533262,-3.51032923794592,0.537008672805919,-6.53682038244211,6.28404412276836e-11,1.98362812953951e-10,"Downregulated"
"ENSG00000148204.14","ENSG00000148204","CRB2","protein_coding",46.6895608598684,-4.66982941441353,0.714668921072099,-6.53425562064202,6.39266821506235e-11,2.01615990800182e-10,"Downregulated"
"ENSG00000139737.24","ENSG00000139737","SLAIN1","protein_coding",32.1396321209485,-1.72608391489972,0.264259352558997,-6.53177985257631,6.49926417578964e-11,2.04710576908375e-10,"Downregulated"
"ENSG00000119900.10","ENSG00000119900","OGFRL1","protein_coding",129.685324085406,-1.39678241771737,0.21387191540485,-6.53092957564498,6.53627296917408e-11,2.05831525139658e-10,"Downregulated"
"ENSG00000183023.21","ENSG00000183023","SLC8A1","protein_coding",35.6404813701091,-3.63346095861458,0.556390924585499,-6.53041018115354,6.55898123570809e-11,2.06501751179408e-10,"Downregulated"
"ENSG00000218510.9","ENSG00000218510","LINC00339","lncRNA",13.6668075622185,-3.15317727012208,0.482862809474603,-6.5301721487994,6.56941393197316e-11,2.0669549870203e-10,"Downregulated"
"ENSG00000166704.15","ENSG00000166704","ZNF606","protein_coding",35.7578161312617,-1.92046118674458,0.294119632844989,-6.52952394972127,6.59790612769808e-11,2.07546897335795e-10,"Downregulated"
"ENSG00000179277.9","ENSG00000179277","MEIS3P1","processed_pseudogene",15.1391097364813,-2.35429200580451,0.360861086944174,-6.52409497998526,6.84133486547296e-11,2.14831256490648e-10,"Downregulated"
"ENSG00000174007.11","ENSG00000174007","CEP19","protein_coding",14.9105030775701,-3.40249157723285,0.521653240131613,-6.52251594636774,6.91377097531185e-11,2.16964852694282e-10,"Downregulated"
"ENSG00000103021.12","ENSG00000103021","CFAP263","protein_coding",93.0594623164848,-1.5270402590027,0.234186549381727,-6.5206147109397,7.00198338544192e-11,2.19685523320685e-10,"Downregulated"
"ENSG00000128833.15","ENSG00000128833","MYO5C","protein_coding",621.335598834743,-2.32542923955271,0.357386081616872,-6.50677057436624,7.67835412259557e-11,2.40178519198478e-10,"Downregulated"
"ENSG00000198718.15","ENSG00000198718","TOGARAM1","protein_coding",62.8410527180824,-1.27021736361573,0.195241613683772,-6.50587413026134,7.72428839170257e-11,2.4151108386743e-10,"Downregulated"
"ENSG00000049541.13","ENSG00000049541","RFC2","protein_coding",318.37593136077,-1.02479392651359,0.157546833981507,-6.5046938781003,7.78517511802648e-11,2.4330980765676e-10,"Downregulated"
"ENSG00000303324.1","ENSG00000303324","ENSG00000303324","lncRNA",21.2479458712781,-2.11653086471284,0.325450951541255,-6.50337894140261,7.85356270711114e-11,2.45288428343652e-10,"Downregulated"
"ENSG00000040531.18","ENSG00000040531","CTNS","protein_coding",140.174396643507,-1.48622226969571,0.228700138891142,-6.49856303936539,8.10908151083588e-11,2.52996360075422e-10,"Downregulated"
"ENSG00000122970.18","ENSG00000122970","IFT81","protein_coding",64.6301129515783,-1.70580718056642,0.262818215803194,-6.49044502244007,8.55831929796576e-11,2.668398521216e-10,"Downregulated"
"ENSG00000171428.17","ENSG00000171428","NAT1","protein_coding",56.7835708716727,-1.51317138029744,0.23320709314197,-6.48853068708447,8.66775039814864e-11,2.69961398602987e-10,"Downregulated"
"ENSG00000187650.5","ENSG00000187650","VMAC","protein_coding",32.1418145713833,-1.64641569950462,0.253788348206679,-6.48735732407943,8.73549957479571e-11,2.72013020708937e-10,"Downregulated"
"ENSG00000163521.18","ENSG00000163521","GLB1L","protein_coding",14.9604478340256,-3.23309382077889,0.498468910610513,-6.48604908342042,8.81164702531151e-11,2.74266298734567e-10,"Downregulated"
"ENSG00000233041.10","ENSG00000233041","PHGR1","protein_coding",1582.81690655208,-1.57915129878645,0.243720073914679,-6.47936492641665,9.21094825168853e-11,2.86510113894548e-10,"Downregulated"
"ENSG00000229155.3","ENSG00000229155","LINC02038","lncRNA",15.8415781576684,-2.72898129452407,0.421819266700681,-6.46955108492122,9.8294496314662e-11,3.05290150148324e-10,"Downregulated"
"ENSG00000178093.15","ENSG00000178093","TSSK6","protein_coding",13.101308366651,-3.033495885481,0.469239695923052,-6.46470431175637,1.01497078014099e-10,3.14966949588933e-10,"Downregulated"
"ENSG00000105204.15","ENSG00000105204","DYRK1B","protein_coding",74.6258558596829,-1.26305014818003,0.195985411975458,-6.44461307323319,1.15895702668742e-10,3.58497443559318e-10,"Downregulated"
"ENSG00000204219.13","ENSG00000204219","TCEA3","protein_coding",246.170269183734,-1.03590266432086,0.160790660326368,-6.44255494826761,1.17478809937333e-10,3.63161884302865e-10,"Downregulated"
"ENSG00000247081.9","ENSG00000247081","BAALC-AS1","lncRNA",26.31120777548,-4.07930471912444,0.633227642686247,-6.44208250577853,1.17845184276016e-10,3.64216764881218e-10,"Downregulated"
"ENSG00000110427.19","ENSG00000110427","KIAA1549L","protein_coding",27.5757358607316,-1.69254024460288,0.262935036174405,-6.4371042719473,1.21774282504108e-10,3.75959288889974e-10,"Downregulated"
"ENSG00000133134.14","ENSG00000133134","BEX2","protein_coding",52.2593989873013,-1.38543449997594,0.215281911664028,-6.43544313252878,1.2311361762281e-10,3.7993239918862e-10,"Downregulated"
"ENSG00000177058.14","ENSG00000177058","SLC38A9","protein_coding",158.29770594056,-1.08674613932519,0.169396620175132,-6.41539446419678,1.40458689974591e-10,4.3235499896172e-10,"Downregulated"
"ENSG00000188985.6","ENSG00000188985","DHFRP1","processed_pseudogene",23.8760609485692,-4.35487608665025,0.680135564817947,-6.40295304630324,1.52400072577822e-10,4.6861486352595e-10,"Downregulated"
"ENSG00000107099.19","ENSG00000107099","DOCK8","protein_coding",79.3433478589171,-1.62582913785674,0.253923918848476,-6.40281996760976,1.52533017820847e-10,4.6892416085272e-10,"Downregulated"
"ENSG00000229404.7","ENSG00000229404","LINC00858","lncRNA",12.739566595316,-3.22692907297108,0.504197051522965,-6.40013475529836,1.55239879978384e-10,4.76942196448322e-10,"Downregulated"
"ENSG00000186446.14","ENSG00000186446","ZNF501","protein_coding",30.6749207696532,-1.52804744305764,0.23881721641803,-6.39839734327578,1.5701625216472e-10,4.82297483334279e-10,"Downregulated"
"ENSG00000103351.15","ENSG00000103351","CLUAP1","protein_coding",94.174197304266,-1.06124595221846,0.165925680550758,-6.39591140259821,1.59592525366069e-10,4.89899359797727e-10,"Downregulated"
"ENSG00000237945.10","ENSG00000237945","LINC00649","lncRNA",56.2647616779706,-1.25212277309195,0.196075639582833,-6.38591706627065,1.70373322356713e-10,5.21887589852775e-10,"Downregulated"
"ENSG00000187372.11","ENSG00000187372","PCDHB13","protein_coding",17.0109303472286,-2.4951981737375,0.39082623218154,-6.38441836365394,1.72050134813269e-10,5.26912627581127e-10,"Downregulated"
"ENSG00000198774.6","ENSG00000198774","RASSF9","protein_coding",16.4403896423473,-2.02964416981448,0.317956897397137,-6.38339405884753,1.73205436037335e-10,5.30226696039936e-10,"Downregulated"
"ENSG00000203705.13","ENSG00000203705","TATDN3","protein_coding",76.2212398961886,-1.11861805181146,0.175308932132555,-6.38083888940493,1.76120519604983e-10,5.38922839973693e-10,"Downregulated"
"ENSG00000140025.18","ENSG00000140025","EFCAB11","protein_coding",57.5181628168547,-1.49209722814938,0.234422894854776,-6.36498081415524,1.95314148417033e-10,5.95767762336274e-10,"Downregulated"
"ENSG00000185133.16","ENSG00000185133","INPP5J","protein_coding",81.23802439654,-1.68196445297754,0.264425918091527,-6.3608154038643,2.00685511116e-10,6.11637103489605e-10,"Downregulated"
"ENSG00000259583.5","ENSG00000259583","ALDH1A3-AS1","lncRNA",27.5625283141654,-2.96370460892438,0.466708082903598,-6.35023201330874,2.14990428636124e-10,6.53996912635329e-10,"Downregulated"
"ENSG00000144026.16","ENSG00000144026","ZNF514","protein_coding",101.402269128554,-1.72974982510927,0.272649469324588,-6.34422590072973,2.23546606096101e-10,6.79596688807362e-10,"Downregulated"
"ENSG00000236204.8","ENSG00000236204","LINC01376","lncRNA",22.7243971992649,-1.8213010162833,0.287128602313073,-6.34315425774765,2.2510782586588e-10,6.83769149538532e-10,"Downregulated"
"ENSG00000168907.15","ENSG00000168907","PLA2G4F","protein_coding",151.557412135831,-1.33606899944025,0.210744153725021,-6.33976779817844,2.30111709002893e-10,6.98236785358024e-10,"Downregulated"
"ENSG00000136936.13","ENSG00000136936","XPA","protein_coding",101.606036581657,-1.0172035279143,0.160462466424687,-6.3391991322265,2.30962564994833e-10,7.00525218063022e-10,"Downregulated"
"ENSG00000022976.18","ENSG00000022976","ZNF839","protein_coding",55.6888637267952,-1.54075735830986,0.243749721755431,-6.32106304455926,2.59770008974026e-10,7.86254588565495e-10,"Downregulated"
"ENSG00000286134.3","ENSG00000286134","ENSG00000286134","lncRNA",12.7288920700045,-6.49553256173674,1.02828685665499,-6.31684876617666,2.66950586387481e-10,8.07482341458437e-10,"Downregulated"
"ENSG00000290849.2","ENSG00000290849","ENSG00000290849","lncRNA",81.2183755629063,-1.16792368695487,0.185012096710679,-6.31268823887372,2.74229588098098e-10,8.28981057721661e-10,"Downregulated"
"ENSG00000237943.8","ENSG00000237943","PRKCQ-AS1","lncRNA",10.0692997727119,-3.17695115558225,0.503344007173171,-6.31168964030052,2.76005313619778e-10,8.34001043573356e-10,"Downregulated"
"ENSG00000150471.19","ENSG00000150471","ADGRL3","protein_coding",9.88567428918889,-4.46598187945619,0.707728229072589,-6.31030626729195,2.78483816548383e-10,8.41314877927697e-10,"Downregulated"
"ENSG00000162086.18","ENSG00000162086","ZNF75A","protein_coding",34.0874972463991,-2.62353279502668,0.415950705087786,-6.30731661934073,2.83914655685166e-10,8.57364282181585e-10,"Downregulated"
"ENSG00000100726.17","ENSG00000100726","TELO2","protein_coding",262.679211111143,-1.18959754634577,0.188926052196021,-6.29663052034505,3.04185162898341e-10,9.14954624475458e-10,"Downregulated"
"ENSG00000188536.15","ENSG00000188536","HBA2","protein_coding",19.2170071153173,-2.05708395189866,0.327114238200396,-6.28857968156816,3.20383612315971e-10,9.61880942548799e-10,"Downregulated"
"ENSG00000164002.14","ENSG00000164002","EXO5","protein_coding",53.41478057476,-2.42870999437427,0.386265192505064,-6.28767500023298,3.22255655708969e-10,9.67300945015404e-10,"Downregulated"
"ENSG00000176473.16","ENSG00000176473","WDR25","protein_coding",49.3063398458266,-1.41094341490563,0.22442573765641,-6.28690554675035,3.23856275885181e-10,9.71501790546064e-10,"Downregulated"
"ENSG00000197863.11","ENSG00000197863","ZNF790","protein_coding",10.9984716469245,-3.04896977724339,0.485146907380751,-6.28463199673766,3.28631212716718e-10,9.85621592444261e-10,"Downregulated"
"ENSG00000116885.20","ENSG00000116885","OSCP1","protein_coding",10.8346154247461,-3.65089088656419,0.581338769408401,-6.28014348721232,3.38260696298047e-10,1.01324390466129e-09,"Downregulated"
"ENSG00000132773.14","ENSG00000132773","TOE1","protein_coding",152.776810291805,-1.03100278990696,0.164185225139415,-6.27951016318001,3.39641394840127e-10,1.01716947592955e-09,"Downregulated"
"ENSG00000270959.3","ENSG00000270959","LPP-AS2","lncRNA",12.5378437178967,-6.66637063416429,1.06225654246809,-6.27566916996844,3.48133721971505e-10,1.04109655361351e-09,"Downregulated"
"ENSG00000123643.16","ENSG00000123643","SLC36A1","protein_coding",161.599515863818,-1.31545318509319,0.209730068825429,-6.27212489110522,3.56153713006382e-10,1.0646410084341e-09,"Downregulated"
"ENSG00000260267.1","ENSG00000260267","ENSG00000260267","lncRNA",54.9951551805534,-1.55323830023662,0.247715681576129,-6.27024615621387,3.60477773133915e-10,1.07734458409088e-09,"Downregulated"
"ENSG00000253846.4","ENSG00000253846","PCDHGA10","protein_coding",15.7162719686904,-2.20159596152317,0.35127707587837,-6.26740573952362,3.67112707261891e-10,1.09626980293413e-09,"Downregulated"
"ENSG00000167131.19","ENSG00000167131","DNAAF19","protein_coding",10.465974694864,-4.26560725429462,0.680782435552208,-6.2657422276687,3.7105370960965e-10,1.10781012766029e-09,"Downregulated"
"ENSG00000259032.2","ENSG00000259032","ENSAP2","processed_pseudogene",45.9299220852474,-1.85575860589811,0.296212507129657,-6.26495695229308,3.72928415707148e-10,1.11294864094481e-09,"Downregulated"
"ENSG00000184675.11","ENSG00000184675","AMER1","protein_coding",130.472499189084,-1.18109694011752,0.188633502440793,-6.2613317615106,3.81703476660198e-10,1.1381989266995e-09,"Downregulated"
"ENSG00000162066.18","ENSG00000162066","AMDHD2","protein_coding",10.3109738340446,-3.00693990957138,0.480470030817174,-6.25832979521581,3.8912226421328e-10,1.15960515175382e-09,"Downregulated"
"ENSG00000261659.2","ENSG00000261659","ENSG00000261659","lncRNA",10.0617276955686,-6.95178409023232,1.11110954414442,-6.25661450472499,3.93424275940288e-10,1.17194339299623e-09,"Downregulated"
"ENSG00000101888.14","ENSG00000101888","NXT2","protein_coding",71.3299584852518,-1.41088481495988,0.2257905564717,-6.24864403988801,4.14031294547833e-10,1.23180897569025e-09,"Downregulated"
"ENSG00000205885.9","ENSG00000205885","C1RL-AS1","lncRNA",20.6767280094756,-1.98022346330037,0.316996656051569,-6.24682760999922,4.18872923473517e-10,1.24519105784168e-09,"Downregulated"
"ENSG00000215375.9","ENSG00000215375","MYL5","protein_coding",28.4441971542458,-2.74228740095264,0.439104391053298,-6.24518327948078,4.23303457305426e-10,1.25810371272974e-09,"Downregulated"
"ENSG00000223546.10","ENSG00000223546","LINC00630","lncRNA",38.110729851077,-1.3873281150389,0.222187566757329,-6.24395025917054,4.26655723251984e-10,1.26780700048549e-09,"Downregulated"
"ENSG00000213918.12","ENSG00000213918","DNASE1","protein_coding",155.103918625868,-1.08242444549631,0.17374894471573,-6.22981881856757,4.66974914929111e-10,1.38477603174804e-09,"Downregulated"
"ENSG00000198298.15","ENSG00000198298","ZNF485","protein_coding",32.1394122512453,-1.64045706406455,0.263336514520282,-6.22950853227842,4.67900675155378e-10,1.38723743542384e-09,"Downregulated"
"ENSG00000125968.12","ENSG00000125968","ID1","protein_coding",1093.19516443127,-2.12128888053581,0.341908853525968,-6.20425256222475,5.49574664769857e-10,1.62274572979722e-09,"Downregulated"
"ENSG00000169951.12","ENSG00000169951","ZNF764","protein_coding",52.3830698990791,-1.44930373336347,0.233734300538438,-6.20064633228758,5.62317486395814e-10,1.659695521965e-09,"Downregulated"
"ENSG00000266680.1","ENSG00000266680","ENSG00000266680","lncRNA",10.8584677914426,-6.55634340635771,1.05803716946855,-6.19670423266033,5.76577003761274e-10,1.69866922921496e-09,"Downregulated"
"ENSG00000167380.19","ENSG00000167380","ZNF226","protein_coding",89.3454401232397,-1.01340721839661,0.163545277003592,-6.19649333177841,5.77349745267141e-10,1.70060010333565e-09,"Downregulated"
"ENSG00000180098.11","ENSG00000180098","TRNAU1AP","protein_coding",59.0102927537162,-1.06980356699793,0.172819842869908,-6.19028202567706,6.00566640667301e-10,1.766472854993e-09,"Downregulated"
"ENSG00000197619.17","ENSG00000197619","ZNF615","protein_coding",57.7551039097003,-1.13252145992548,0.183131738340875,-6.18418997267117,6.24221595901579e-10,1.83233124727682e-09,"Downregulated"
"ENSG00000244300.4","ENSG00000244300","GATA2-AS1","lncRNA",114.843082120471,-1.76575716246284,0.285759520930918,-6.17917176201351,6.44387591207241e-10,1.89037752465088e-09,"Downregulated"
"ENSG00000100294.15","ENSG00000100294","MCAT","protein_coding",89.9990839154801,-1.05798325172985,0.171433087994386,-6.17140637263966,6.76852080390814e-10,1.98200451586658e-09,"Downregulated"
"ENSG00000157429.17","ENSG00000157429","ZNF19","protein_coding",18.8774043408908,-2.67952660855528,0.434406681045538,-6.16824447107062,6.90523269940328e-10,2.01999661444797e-09,"Downregulated"
"ENSG00000110680.15","ENSG00000110680","CALCA","protein_coding",31.9619697266191,-5.39065640011677,0.874373171497265,-6.16516674555085,7.04089056453138e-10,2.05843425582386e-09,"Downregulated"
"ENSG00000145982.15","ENSG00000145982","FARS2","protein_coding",74.9429433559025,-1.08487578955085,0.176009233350225,-6.16374362242773,7.10449369440127e-10,2.07619122039248e-09,"Downregulated"
"ENSG00000121988.20","ENSG00000121988","ZRANB3","protein_coding",86.3761385374039,-1.01728487845862,0.165091765058134,-6.16193592757581,7.18609294168021e-10,2.09961409094415e-09,"Downregulated"
"ENSG00000273270.2","ENSG00000273270","LINC03072","lncRNA",21.3502450090265,-6.52678866956822,1.0603641322726,-6.15523334949081,7.4967030847654e-10,2.1872804732116e-09,"Downregulated"
"ENSG00000183778.20","ENSG00000183778","B3GALT5","protein_coding",24.7296078169787,-3.43736760759174,0.559434860650734,-6.14435718859815,8.0287988281395e-10,2.33735139850136e-09,"Downregulated"
"ENSG00000100297.18","ENSG00000100297","MCM5","protein_coding",275.143268590788,-1.05387353927664,0.171520278865585,-6.14430868610313,8.03125230444698e-10,2.33759607142088e-09,"Downregulated"
"ENSG00000111727.14","ENSG00000111727","HCFC2","protein_coding",83.8636543032194,-1.05981303866984,0.17274126011832,-6.13526286623075,8.5018496143933e-10,2.46812509238357e-09,"Downregulated"
"ENSG00000167536.16","ENSG00000167536","DHRS13","protein_coding",112.109543174006,-1.35678077168707,0.221625793727312,-6.12194433178864,9.24403226144488e-10,2.67875455974523e-09,"Downregulated"
"ENSG00000257594.4","ENSG00000257594","GALNT4","protein_coding",19.3291081295116,-2.60333013066861,0.425261184642034,-6.1217205441874,9.25702753304601e-10,2.68198406655144e-09,"Downregulated"
"ENSG00000240497.4","ENSG00000240497","ENSG00000240497","lncRNA",9.66262472088865,-4.12886044088878,0.674481344893616,-6.12153393440409,9.26787752175302e-10,2.68459086638506e-09,"Downregulated"
"ENSG00000102053.15","ENSG00000102053","ZC3H12B","protein_coding",52.2865610369626,-1.9372594613936,0.316550145671098,-6.11991334670385,9.3626257824284e-10,2.71095250427477e-09,"Downregulated"
"ENSG00000197343.13","ENSG00000197343","ZNF655","protein_coding",57.7351566233777,-1.00986498413292,0.165143341087588,-6.11508146487912,9.65076500022628e-10,2.79270939263737e-09,"Downregulated"
"ENSG00000198496.13","ENSG00000198496","NBR2","lncRNA",124.821904006478,-1.0123746515302,0.165599679662918,-6.11338532532736,9.75394693123586e-10,2.82144109635669e-09,"Downregulated"
"ENSG00000153832.14","ENSG00000153832","FBXO36","protein_coding",53.3770332131336,-1.1375304891451,0.186145436674175,-6.11097703746674,9.90230148322506e-10,2.86176441758766e-09,"Downregulated"
"ENSG00000160298.20","ENSG00000160298","C21orf58","protein_coding",19.0511115848139,-3.14630056136904,0.514861727444777,-6.11096221306623,9.90322146991589e-10,2.86176441758766e-09,"Downregulated"
"ENSG00000102871.18","ENSG00000102871","TRADD","protein_coding",85.8959835630766,-1.01476258216387,0.166146219598796,-6.10764773712146,1.0111020641017e-09,2.92064801932665e-09,"Downregulated"
"ENSG00000135083.19","ENSG00000135083","CCNJL","protein_coding",84.0358131104936,-1.22719182833473,0.201082219214021,-6.10293557098938,1.04137828626243e-09,3.00570685610739e-09,"Downregulated"
"ENSG00000111247.17","ENSG00000111247","RAD51AP1","protein_coding",227.167679856832,-1.32388250571943,0.217060923723285,-6.09912868244841,1.06648190606932e-09,3.07754993682928e-09,"Downregulated"
"ENSG00000225663.10","ENSG00000225663","MCRIP1","protein_coding",67.298227648773,-1.17897966992079,0.19338172045805,-6.0966448489972,1.08317801000914e-09,3.12386382508505e-09,"Downregulated"
"ENSG00000162241.15","ENSG00000162241","SLC25A45","protein_coding",25.4819641095354,-2.22488065839789,0.36496485507297,-6.09615043057515,1.08653172823791e-09,3.13291241655866e-09,"Downregulated"
"ENSG00000108924.15","ENSG00000108924","HLF","protein_coding",13.4886037359918,-3.02502007793152,0.497591981795963,-6.07931837449086,1.20694505619907e-09,3.47251295502024e-09,"Downregulated"
"ENSG00000010361.16","ENSG00000010361","FUZ","protein_coding",35.8181876895396,-2.78499105418253,0.458380017466731,-6.07572526737526,1.2342857277405e-09,3.54906126317763e-09,"Downregulated"
"ENSG00000175548.10","ENSG00000175548","ALG10B","protein_coding",66.7535354897523,-1.71516396754336,0.282368637895671,-6.0742013713898,1.24606284574252e-09,3.58221439406876e-09,"Downregulated"
"ENSG00000244045.15","ENSG00000244045","VMA12","protein_coding",92.8358649047775,-1.04855093904747,0.172829925537101,-6.06695244350133,1.30360136162064e-09,3.74391417610113e-09,"Downregulated"
"ENSG00000162543.8","ENSG00000162543","UBXN10","protein_coding",64.5692779941339,-3.53839891402061,0.583683696504892,-6.06218562418071,1.34284105610801e-09,3.85355496734996e-09,"Downregulated"
"ENSG00000146070.19","ENSG00000146070","PLA2G7","protein_coding",35.4392130050198,-1.71533100168465,0.283004704805031,-6.06113952369232,1.35160520108742e-09,3.87793755180338e-09,"Downregulated"
"ENSG00000168778.15","ENSG00000168778","TCTN2","protein_coding",65.5158799727182,-1.25025354109369,0.206406270783224,-6.05724591772096,1.38471815436426e-09,3.97058478295346e-09,"Downregulated"
"ENSG00000245573.10","ENSG00000245573","BDNF-AS","lncRNA",11.4144797338132,-3.57238590114179,0.589822611389535,-6.05671236090081,1.3893169159703e-09,3.98298333258983e-09,"Downregulated"
"ENSG00000198088.12","ENSG00000198088","NUP62CL","protein_coding",42.9835126468357,-1.41071582148087,0.233219800142403,-6.04886815193003,1.45866971119327e-09,4.17272827765751e-09,"Downregulated"
"ENSG00000189164.17","ENSG00000189164","ZNF527","protein_coding",37.2857814127295,-1.47159608055428,0.243598619343742,-6.04106905252084,1.53096436091839e-09,4.37435637193007e-09,"Downregulated"
"ENSG00000247796.3","ENSG00000247796","MOCS2-DT","lncRNA",17.1710351651157,-6.16302376317396,1.02020135477809,-6.04098762887303,1.53173724457783e-09,4.37570198076521e-09,"Downregulated"
"ENSG00000168350.9","ENSG00000168350","DEGS2","protein_coding",87.0760395510282,-1.72201208673279,0.285578683112211,-6.02990415099074,1.64056950286997e-09,4.68106580736199e-09,"Downregulated"
"ENSG00000156398.15","ENSG00000156398","SFXN2","protein_coding",28.2219477350186,-2.77440305985166,0.460216088628482,-6.0284790740798,1.65509822475984e-09,4.71880453929168e-09,"Downregulated"
"ENSG00000250903.12","ENSG00000250903","GMDS-DT","lncRNA",48.1010763745975,-1.31977865043965,0.219123292700408,-6.02299570335545,1.71217990270101e-09,4.87675140525609e-09,"Downregulated"
"ENSG00000179029.17","ENSG00000179029","TMEM107","protein_coding",33.0744259964353,-1.59552993859135,0.265125775031729,-6.01801140760607,1.76572753373347e-09,5.0213742972656e-09,"Downregulated"
"ENSG00000149289.12","ENSG00000149289","ZC3H12C","protein_coding",48.2284281800764,-1.17136632410483,0.194770350411357,-6.01408952456515,1.80900522718371e-09,5.14142062215070e-09,"Downregulated"
"ENSG00000257621.10","ENSG00000257621","PSMA3-AS1","lncRNA",122.181121693862,-1.22195898608684,0.203204500019487,-6.01344451510499,1.81622113432391e-09,5.15990524968085e-09,"Downregulated"
"ENSG00000267080.9","ENSG00000267080","ASB16-AS1","lncRNA",33.8256398334029,-1.55352058020619,0.258355218548389,-6.01311863927076,1.81987745780737e-09,5.16927952147087e-09,"Downregulated"
"ENSG00000287796.1","ENSG00000287796","ENSG00000287796","lncRNA",9.64338807873474,-4.18289793413929,0.696869189120203,-6.00241479956977,1.94404279693856e-09,5.51116357848859e-09,"Downregulated"
"ENSG00000036473.11","ENSG00000036473","OTC","protein_coding",5.20606623694022,-6.66676190352278,1.11174759320053,-5.99665062852108,2.01428770972065e-09,5.70360638711833e-09,"Downregulated"
"ENSG00000164855.18","ENSG00000164855","TMEM184A","protein_coding",387.360716910701,-1.93176073549691,0.322203594046013,-5.99546613133384,2.02902582257741e-09,5.74421610095562e-09,"Downregulated"
"ENSG00000197935.9","ENSG00000197935","ZNF311","protein_coding",34.0429524178797,-1.56354188985023,0.261026498852677,-5.98997380236362,2.0987484183394e-09,5.93348850537936e-09,"Downregulated"
"ENSG00000153898.15","ENSG00000153898","MCOLN2","protein_coding",47.5049884423401,-1.75442553821793,0.292901369417277,-5.98981678272223,2.10077564227002e-09,5.93806136293684e-09,"Downregulated"
"ENSG00000308820.1","ENSG00000308820","ENSG00000308820","lncRNA",12.535419166247,-6.30601334219921,1.05282350306212,-5.98962060008947,2.10331116617759e-09,5.94406891970469e-09,"Downregulated"
"ENSG00000135245.12","ENSG00000135245","HILPDA","protein_coding",133.183079625571,-1.08517915588918,0.181211405496713,-5.98847049894367,2.1182354996577e-09,5.98274583142454e-09,"Downregulated"
"ENSG00000135838.16","ENSG00000135838","NPL","protein_coding",18.5890776797383,-1.98714608765848,0.331904121778438,-5.98710879819983,2.13603907332021e-09,6.03067957345734e-09,"Downregulated"
"ENSG00000236859.9","ENSG00000236859","NIFK-AS1","lncRNA",27.2281948672687,-2.11221132169458,0.352904290816841,-5.98522425671166,2.16091919953439e-09,6.09854742739092e-09,"Downregulated"
"ENSG00000160094.17","ENSG00000160094","ZNF362","protein_coding",32.4013264788049,-2.69913385420593,0.451107678144563,-5.98334718067236,2.18598130796809e-09,6.16807654109689e-09,"Downregulated"
"ENSG00000154309.11","ENSG00000154309","DISP1","protein_coding",71.8392734966362,-1.27691792722687,0.21374919355185,-5.97390757835596,2.31637061651856e-09,6.52075426856778e-09,"Downregulated"
"ENSG00000166352.20","ENSG00000166352","IFTAP","protein_coding",36.4692170753072,-1.29271195001394,0.216406622311683,-5.97353230786114,2.32170781835493e-09,6.53450955595255e-09,"Downregulated"
"ENSG00000142875.23","ENSG00000142875","PRKACB","protein_coding",28.4242092218419,-1.49144228081957,0.249877514783393,-5.96869343010888,2.3916099867778e-09,6.72341647495323e-09,"Downregulated"
"ENSG00000259345.8","ENSG00000259345","ENSG00000259345","lncRNA",19.416883613295,-2.81865436072745,0.472832544273653,-5.96121056992251,2.50376075116113e-09,7.02779407434186e-09,"Downregulated"
"ENSG00000170264.15","ENSG00000170264","FAM161A","protein_coding",31.6339694837907,-2.12258933185782,0.356097754741869,-5.96069282547557,2.51170722902668e-09,7.04873376511515e-09,"Downregulated"
"ENSG00000005059.18","ENSG00000005059","MCUB","protein_coding",42.4081119992518,-1.82349516687668,0.30602662068478,-5.95861615828173,2.5438280405277e-09,7.13611226545245e-09,"Downregulated"
"ENSG00000247271.10","ENSG00000247271","ZBED5-AS1","lncRNA",23.2727973426509,-1.52169186012402,0.255571535140095,-5.95407410801789,2.61548275556603e-09,7.33002825249719e-09,"Downregulated"
"ENSG00000230082.2","ENSG00000230082","PRRT3-AS1","lncRNA",31.0528873051472,-1.8502360222058,0.310956338110829,-5.95014732115335,2.67901243083765e-09,7.50082073950913e-09,"Downregulated"
"ENSG00000247400.7","ENSG00000247400","DNAJC3-DT","lncRNA",78.7686765439136,-1.18847578945986,0.199744786618005,-5.9499715090573,2.68189168565479e-09,7.50743177680301e-09,"Downregulated"
"ENSG00000274414.1","ENSG00000274414","ENSG00000274414","lncRNA",8.95160339057998,-4.78414855360078,0.805165866390706,-5.94181739850268,2.81879314474682e-09,7.88000583597047e-09,"Downregulated"
"ENSG00000088035.20","ENSG00000088035","ALG6","protein_coding",63.8801527834743,-1.04506383319117,0.175899632489218,-5.94125080537178,2.82855465752185e-09,7.9057693532896e-09,"Downregulated"
"ENSG00000136869.17","ENSG00000136869","TLR4","protein_coding",262.905660318168,-2.81992297372493,0.475446401202483,-5.93110593874068,3.00900981216755e-09,8.39556607584369e-09,"Downregulated"
"ENSG00000108469.17","ENSG00000108469","RECQL5","protein_coding",154.766263874194,-1.01799733034671,0.171742396814242,-5.92746665488654,3.07643793998699e-09,8.58039619443637e-09,"Downregulated"
"ENSG00000234684.9","ENSG00000234684","SDCBP2-AS1","lncRNA",15.2958421497027,-3.27378178531591,0.552536656611475,-5.92500379140984,3.12290184782245e-09,8.70496125767318e-09,"Downregulated"
"ENSG00000073910.24","ENSG00000073910","FRY","protein_coding",17.2952003739164,-1.83833348303333,0.310385566208366,-5.92274152915741,3.16618283380966e-09,8.82221142618142e-09,"Downregulated"
"ENSG00000237440.11","ENSG00000237440","ZNF737","protein_coding",35.5825962639731,-1.26709057989027,0.214053713736058,-5.91949823142372,3.22925311790547e-09,8.99621995092004e-09,"Downregulated"
"ENSG00000119547.6","ENSG00000119547","ONECUT2","protein_coding",24.6625900724396,-1.42290305821735,0.240548262920147,-5.91524977542531,3.31372326134533e-09,9.21913563129516e-09,"Downregulated"
"ENSG00000186272.15","ENSG00000186272","ZNF17","protein_coding",24.5419357683637,-2.21309218192255,0.374184906840546,-5.91443465908054,3.33017402297871e-09,9.25957059497458e-09,"Downregulated"
"ENSG00000160392.16","ENSG00000160392","C19orf47","protein_coding",118.872307545413,-1.25055116419238,0.211460160137076,-5.91388544954154,3.34130303173719e-09,9.2887326944054e-09,"Downregulated"
"ENSG00000153294.14","ENSG00000153294","ADGRF4","protein_coding",81.0164426345697,-2.06335287614735,0.349106826334067,-5.91037676866534,3.4132611977899e-09,9.47968211544102e-09,"Downregulated"
"ENSG00000117242.7","ENSG00000117242","PINK1-AS","lncRNA",45.1414149251739,-1.43126903050996,0.242279085852797,-5.90752200286726,3.47291956358869e-09,9.63613829514213e-09,"Downregulated"
"ENSG00000164011.20","ENSG00000164011","ZNF691","protein_coding",44.3312642479151,-1.32808044945168,0.225119065947898,-5.89945788847155,3.6469783913675e-09,1.0111347015056e-08,"Downregulated"
"ENSG00000227888.5","ENSG00000227888","FAM66A","lncRNA",22.5524344881817,-1.59031692768136,0.269571976089846,-5.89941488261867,3.64792903177756e-09,1.01120481118057e-08,"Downregulated"
"ENSG00000234156.4","ENSG00000234156","ENSG00000234156","lncRNA",18.2983732050777,-1.72643326847892,0.292664216837217,-5.89902410050759,3.65657829602794e-09,1.01340854209288e-08,"Downregulated"
"ENSG00000164296.9","ENSG00000164296","TIGD6","protein_coding",39.4999381616268,-1.28373110021333,0.217695244855907,-5.89691842402454,3.70352838055224e-09,1.02583205831351e-08,"Downregulated"
"ENSG00000242474.4","ENSG00000242474","LINC03015","lncRNA",14.8356156622142,-2.91023725969471,0.49370878258748,-5.89464348687994,3.75491190835066e-09,1.03907167034214e-08,"Downregulated"
"ENSG00000164125.18","ENSG00000164125","GASK1B","protein_coding",28.2657383779242,-1.35986681975794,0.230837088860483,-5.89102395317349,3.83809910714834e-09,1.06128090556752e-08,"Downregulated"
"ENSG00000188738.17","ENSG00000188738","FSIP2","protein_coding",8.72710288358595,-5.36129745199199,0.910210882652888,-5.89017067821253,3.8579695571014e-09,1.06616504236296e-08,"Downregulated"
"ENSG00000160957.17","ENSG00000160957","RECQL4","protein_coding",169.267958568847,-1.36498262194202,0.231982822272085,-5.88398144557911,4.00512758600179e-09,1.10514678172768e-08,"Downregulated"
"ENSG00000150764.16","ENSG00000150764","DIXDC1","protein_coding",43.7337861865054,-1.19671037141261,0.203488791823759,-5.88096455184167,4.07882521855348e-09,1.12462585744439e-08,"Downregulated"
"ENSG00000130487.10","ENSG00000130487","KLHDC7B","protein_coding",8.49090735663648,-4.31786097905778,0.73458736111628,-5.8779407428088,4.15401556587218e-09,1.14470419434531e-08,"Downregulated"
"ENSG00000177225.18","ENSG00000177225","GATD1","protein_coding",278.286225492032,-1.1870230688685,0.20194747989543,-5.8778800779448,4.15553778389678e-09,1.14490596129719e-08,"Downregulated"
"ENSG00000152778.10","ENSG00000152778","IFIT5","protein_coding",102.932489816192,-1.09403600502236,0.186144778245057,-5.87733921594125,4.16913324783275e-09,1.14843335920153e-08,"Downregulated"
"ENSG00000047621.14","ENSG00000047621","FERRY3","protein_coding",110.409617091643,-1.03716070656488,0.176547986201624,-5.87466744242784,4.23693034526225e-09,1.16577927783445e-08,"Downregulated"
"ENSG00000267493.4","ENSG00000267493","CIRBP-AS1","lncRNA",6.30697122645778,-6.35016786998822,1.08112738696278,-5.8736536938795,4.26293432578352e-09,1.17248897797029e-08,"Downregulated"
"ENSG00000287315.1","ENSG00000287315","ENSG00000287315","lncRNA",19.122529621848,-3.27014622235417,0.556884882112397,-5.87221224241126,4.30017706962364e-09,1.18250789550258e-08,"Downregulated"
"ENSG00000267680.8","ENSG00000267680","ZNF224","protein_coding",110.39506568054,-1.03060996277945,0.175765607238441,-5.86354736271778,4.5308153087562e-09,1.24357150481998e-08,"Downregulated"
"ENSG00000169302.17","ENSG00000169302","STK32A","protein_coding",8.46046240414934,-4.84757096277216,0.826873569837571,-5.86252982269636,4.55867701263283e-09,1.25098176987455e-08,"Downregulated"
"ENSG00000228002.2","ENSG00000228002","DHX9P1","processed_pseudogene",53.0846052043889,-1.67221663244219,0.285262283530724,-5.86203199296089,4.57236897470566e-09,1.25426407687743e-08,"Downregulated"
"ENSG00000163138.21","ENSG00000163138","PACRGL","protein_coding",75.4007413158865,-1.07652974001944,0.183715898089934,-5.85975275527027,4.63556826259032e-09,1.27039817060247e-08,"Downregulated"
"ENSG00000132205.13","ENSG00000132205","EMILIN2","protein_coding",76.0502415108617,-1.1804222806738,0.20147437141249,-5.85892028052073,4.65886261262394e-09,1.27654068788327e-08,"Downregulated"
"ENSG00000261437.2","ENSG00000261437","LINC02894","lncRNA",15.6548709236252,-5.1063477430676,0.872503858481624,-5.85252167475102,4.84175122774681e-09,1.32539967496235e-08,"Downregulated"
"ENSG00000106462.14","ENSG00000106462","EZH2","protein_coding",349.58361217742,-1.13455902245445,0.1939951961701,-5.84838720160698,4.96362056814441e-09,1.35722243912356e-08,"Downregulated"
"ENSG00000055163.23","ENSG00000055163","CYFIP2","protein_coding",192.647213952934,-1.3202378560153,0.225915058058245,-5.84395687194483,5.09752306143477e-09,1.3917351960496e-08,"Downregulated"
"ENSG00000131171.15","ENSG00000131171","SH3BGRL","protein_coding",41.1956275052464,-1.14856151648448,0.196557071899045,-5.84339960596483,5.11461273852735e-09,1.39613802612052e-08,"Downregulated"
"ENSG00000277496.1","ENSG00000277496","SLCO4A1-AS2","lncRNA",12.5958796625475,-4.10329323101006,0.702438695976193,-5.84149656691055,5.17339450856202e-09,1.41112051982083e-08,"Downregulated"
"ENSG00000257365.10","ENSG00000257365","FNTB","protein_coding",42.6302507392394,-1.32087554748545,0.226255387772685,-5.83798494474974,5.28359303554614e-09,1.44036550547657e-08,"Downregulated"
"ENSG00000289586.3","ENSG00000289586","ENSG00000289586","lncRNA",25.5649105894793,-2.52001915053074,0.431768721107448,-5.83650233872225,5.33080145314550e-09,1.45241539121986e-08,"Downregulated"
"ENSG00000100599.18","ENSG00000100599","RIN3","protein_coding",61.1210950367395,-1.10019582887395,0.189199204168932,-5.81501298436542,6.06291797883274e-09,1.64693172163532e-08,"Downregulated"
"ENSG00000258738.1","ENSG00000258738","BAZ1A-AS1","lncRNA",22.6012250999012,-1.99204002004761,0.342657573460129,-5.81350063251818,6.11797406682648e-09,1.66126438404439e-08,"Downregulated"
"ENSG00000168453.18","ENSG00000168453","HR","protein_coding",939.417440474171,-1.08728532686417,0.187083859640985,-5.81175377154755,6.18217267971155e-09,1.67806792422513e-08,"Downregulated"
"ENSG00000234072.2","ENSG00000234072","GTF3C2-AS2","lncRNA",30.7721170487773,-1.60748824706344,0.276726631668446,-5.80893944818951,6.28698206213627e-09,1.70586279559652e-08,"Downregulated"
"ENSG00000137338.8","ENSG00000137338","PGBD1","protein_coding",20.5222911389422,-1.85488366209114,0.319317013363534,-5.80890959286094,6.28810312867555e-09,1.70586279559652e-08,"Downregulated"
"ENSG00000214941.10","ENSG00000214941","ZSWIM7","protein_coding",52.6537145045844,-1.18727947887546,0.204536384763883,-5.80473484092357,6.44679446833727e-09,1.7476046658276e-08,"Downregulated"
"ENSG00000196458.13","ENSG00000196458","ZNF605","protein_coding",65.7084214156268,-1.2310439115597,0.212192634910583,-5.80153930450254,6.57088897336106e-09,1.7785827979445e-08,"Downregulated"
"ENSG00000173928.6","ENSG00000173928","SWSAP1","protein_coding",26.0500394936076,-2.00957478006467,0.346412891379434,-5.80109698591886,6.58824784588872e-09,1.78294841797608e-08,"Downregulated"
"ENSG00000134253.10","ENSG00000134253","TRIM45","protein_coding",22.1204939642163,-2.65468536709067,0.457748042868562,-5.79944667912636,6.6534089500212e-09,1.79890303178558e-08,"Downregulated"
"ENSG00000147586.12","ENSG00000147586","MRPS28","protein_coding",39.919183240406,-1.39856112501102,0.241254990443328,-5.7970246436811,6.75017752902624e-09,1.82370568140657e-08,"Downregulated"
"ENSG00000227214.3","ENSG00000227214","HCG15","lncRNA",9.96018831191403,-5.15220594377474,0.88969110392977,-5.79100535120271,6.99663476238982e-09,1.88853102955026e-08,"Downregulated"
"ENSG00000184154.18","ENSG00000184154","LRRC51","protein_coding",14.2110050291647,-2.38822024741437,0.412458181477538,-5.79021184368101,7.02977039156087e-09,1.89678321177547e-08,"Downregulated"
"ENSG00000204116.13","ENSG00000204116","CHIC1","protein_coding",126.140106541574,-1.00245872278307,0.173199163594507,-5.78789586495941,7.12735715450454e-09,1.92238339629778e-08,"Downregulated"
"ENSG00000100479.16","ENSG00000100479","POLE2","protein_coding",31.209127119908,-2.32808067675459,0.40229948375382,-5.78693428843478,7.16826034114021e-09,1.93305598927808e-08,"Downregulated"
"ENSG00000196187.14","ENSG00000196187","TMEM63A","protein_coding",632.254602158544,-1.93091995292207,0.333809983930273,-5.784488319335,7.2733376482932e-09,1.96102714788958e-08,"Downregulated"
"ENSG00000156853.15","ENSG00000156853","ZNF689","protein_coding",128.542165064433,-1.43801536073586,0.248676080455623,-5.78268468001079,7.35177882116343e-09,1.98107063362403e-08,"Downregulated"
"ENSG00000157796.20","ENSG00000157796","WDR19","protein_coding",28.7791207795247,-1.44319884644264,0.249731020108287,-5.77901313908399,7.5140059008579e-09,2.02252922576584e-08,"Downregulated"
"ENSG00000148057.18","ENSG00000148057","IDNK","protein_coding",34.9514395450336,-2.98230786700723,0.517119426569155,-5.76715496223656,8.06209168761936e-09,2.16523040654151e-08,"Downregulated"
"ENSG00000116833.16","ENSG00000116833","NR5A2","protein_coding",36.5892861378172,-1.84151748232876,0.319625667641682,-5.76148184817624,8.33786316623288e-09,2.23804987970081e-08,"Downregulated"
"ENSG00000160055.21","ENSG00000160055","TMEM234","protein_coding",25.9521244748179,-1.43743095720317,0.249565532211861,-5.75973350351484,8.42468408727253e-09,2.26093558875469e-08,"Downregulated"
"ENSG00000177191.4","ENSG00000177191","B3GNT8","protein_coding",112.371726448675,-1.01571910525791,0.1764877303857,-5.75518254463436,8.65482199575161e-09,2.32054912788959e-08,"Downregulated"
"ENSG00000128203.9","ENSG00000128203","ASPHD2","protein_coding",31.216702109961,-1.25174281109442,0.217642925097861,-5.75135998807029,8.85283809802781e-09,2.37144786906874e-08,"Downregulated"
"ENSG00000273247.8","ENSG00000273247","RAB33B-AS1","lncRNA",20.0340682199943,-2.32264180066436,0.404487889267801,-5.74217884463432,9.34660292909009e-09,2.4990953809663e-08,"Downregulated"
"ENSG00000275183.2","ENSG00000275183","LENG9","protein_coding",75.9048931913014,-1.45392040537069,0.253323642759328,-5.73937903913689,9.50243258194389e-09,2.53935557767898e-08,"Downregulated"
"ENSG00000198919.15","ENSG00000198919","DZIP3","protein_coding",79.6142651030665,-1.41137014800929,0.246099711326009,-5.73495247273835,9.75396937905693e-09,2.60417325426111e-08,"Downregulated"
"ENSG00000222033.1","ENSG00000222033","LINC01124","lncRNA",62.0464184266,-6.12551361405951,1.06867225597395,-5.73189168130591,9.93166926433082e-09,2.64674054760357e-08,"Downregulated"
"ENSG00000289378.2","ENSG00000289378","ENSG00000289378","lncRNA",10.950185897559,-6.05734727661061,1.05751335196733,-5.72791564791302,1.01672095907807e-08,2.70751931991167e-08,"Downregulated"
"ENSG00000294003.1","ENSG00000294003","ENSG00000294003","lncRNA",11.0486039032363,-4.07060410257742,0.71131996128775,-5.72260631517795,1.04902157272186e-08,2.79097129280067e-08,"Downregulated"
"ENSG00000263072.11","ENSG00000263072","ZNF213-AS1","lncRNA",27.1604677271047,-2.18625092905781,0.382413811199454,-5.7169769109556,1.08435844063202e-08,2.88022773490456e-08,"Downregulated"
"ENSG00000105619.16","ENSG00000105619","TFPT","protein_coding",45.1025667302937,-1.58040069109239,0.276533376797528,-5.71504499527203,1.09675000318277e-08,2.91154076682996e-08,"Downregulated"
"ENSG00000196517.15","ENSG00000196517","SLC6A9","protein_coding",656.377782056044,-1.54938627831716,0.271149009405911,-5.71415061302225,1.10253318715988e-08,2.92635731654231e-08,"Downregulated"
"ENSG00000161551.17","ENSG00000161551","ZNF577","protein_coding",21.721775111046,-1.98529729031915,0.347757366703121,-5.70885761282517,1.13736990418503e-08,3.01771597426756e-08,"Downregulated"
"ENSG00000290374.2","ENSG00000290374","FAM86EP","lncRNA",12.5917484228431,-3.68301598170532,0.645989296845072,-5.70135759167017,1.18857007131158e-08,3.15010195198381e-08,"Downregulated"
"ENSG00000188878.22","ENSG00000188878","FBF1","protein_coding",18.0676608869386,-2.16061729487031,0.379506237971404,-5.6932326235784,1.246563630239e-08,3.29957993231481e-08,"Downregulated"
"ENSG00000225434.6","ENSG00000225434","LINC01504","lncRNA",11.1302984302994,-2.33041352370486,0.40964377257188,-5.68887819061363,1.27876640960151e-08,3.37988014005928e-08,"Downregulated"
"ENSG00000293279.2","ENSG00000293279","ENSG00000293279","lncRNA",9.87405181167734,-2.98113130253207,0.524088092036678,-5.68822560143847,1.28366168790339e-08,3.39220006949234e-08,"Downregulated"
"ENSG00000198746.15","ENSG00000198746","GPATCH3","protein_coding",87.3536296923553,-1.19749459953474,0.210537349329425,-5.68780125402373,1.28685461622427e-08,3.40001770251998e-08,"Downregulated"
"ENSG00000176472.13","ENSG00000176472","ZNF575","protein_coding",21.6474910812211,-2.24417278166871,0.394925300918509,-5.68252471150686,1.32720729223545e-08,3.50344045156214e-08,"Downregulated"
"ENSG00000169855.22","ENSG00000169855","ROBO1","protein_coding",10.3730266849432,-2.30578363278256,0.405835612668752,-5.68157047041746,1.3346350144084e-08,3.52240586938747e-08,"Downregulated"
"ENSG00000119703.17","ENSG00000119703","ZC2HC1C","protein_coding",18.3650245046211,-2.31200194030074,0.40699605513465,-5.68064950785787,1.34184198897382e-08,3.54013728458193e-08,"Downregulated"
"ENSG00000150760.15","ENSG00000150760","DOCK1","protein_coding",486.530976835816,-1.10073618077654,0.19392854942821,-5.675988316429,1.37890190399781e-08,3.63460283607427e-08,"Downregulated"
"ENSG00000172922.13","ENSG00000172922","RNASEH2C","protein_coding",177.112031580238,-1.23696993023258,0.218576016525001,-5.65922075943356,1.52061849538479e-08,3.99362146341361e-08,"Downregulated"
"ENSG00000100478.19","ENSG00000100478","AP4S1","protein_coding",30.2538901346827,-2.43032574085944,0.429506439043835,-5.65841514802391,1.52777216987009e-08,4.01168224057934e-08,"Downregulated"
"ENSG00000291175.2","ENSG00000291175","ENSG00000291175","lncRNA",11.034120131912,-2.35715636337323,0.417271332691596,-5.64897748467038,1.61404991685514e-08,4.23363102173116e-08,"Downregulated"
"ENSG00000288649.2","ENSG00000288649","ACTL10","protein_coding",28.1076813929484,-4.57036602223623,0.810233462155993,-5.64080136862615,1.69260532927371e-08,4.43246050448765e-08,"Downregulated"
"ENSG00000261572.3","ENSG00000261572","ENSG00000261572","lncRNA",20.0084279218348,-1.87629443059715,0.333105551479152,-5.63273239447823,1.77376583847522e-08,4.63327587079719e-08,"Downregulated"
"ENSG00000165807.10","ENSG00000165807","PPP1R36","protein_coding",17.2098966538088,-2.20385573178887,0.391265086709565,-5.63264090420822,1.77470740272256e-08,4.63489992435671e-08,"Downregulated"
"ENSG00000185522.11","ENSG00000185522","LMNTD2","protein_coding",25.2232823274334,-1.7355926347987,0.308171704077891,-5.63190134536175,1.78233634841064e-08,4.65314688545613e-08,"Downregulated"
"ENSG00000237523.3","ENSG00000237523","LINC00857","lncRNA",56.1970175184615,-1.21859226312731,0.217309569655405,-5.60763276582654,2.05112660201042e-08,5.33373886889199e-08,"Downregulated"
"ENSG00000260807.8","ENSG00000260807","CEROX1","lncRNA",33.7543326655286,-1.70542266821771,0.30432388614739,-5.60397243150259,2.09494043008636e-08,5.44571779602001e-08,"Downregulated"
"ENSG00000127564.19","ENSG00000127564","PKMYT1","protein_coding",292.385670435781,-1.16148270007465,0.207360711647384,-5.60126694612116,2.12790740518114e-08,5.52645772686113e-08,"Downregulated"
"ENSG00000278834.3","ENSG00000278834","ENSG00000278834","lncRNA",16.5949114410954,-4.89278498914928,0.873758312663938,-5.59970064746167,2.14722272222685e-08,5.57362559385841e-08,"Downregulated"
"ENSG00000122507.23","ENSG00000122507","BBS9","protein_coding",29.0664910347308,-1.44800059408441,0.258623700341167,-5.59887045222174,2.15752944678153e-08,5.59837363343921e-08,"Downregulated"
"ENSG00000227354.8","ENSG00000227354","RBM26-AS1","lncRNA",45.879038282021,-1.55788480452975,0.278291077601468,-5.59804079224109,2.16787749848221e-08,5.62321115231863e-08,"Downregulated"
"ENSG00000172296.15","ENSG00000172296","SPTLC3","protein_coding",43.1485846478863,-2.00522018562585,0.358264088227047,-5.59704489375185,2.1803626212912e-08,5.65357221466309e-08,"Downregulated"
"ENSG00000111490.15","ENSG00000111490","TBC1D30","protein_coding",26.1277921527795,-1.50792212474837,0.269456686783865,-5.59615774522564,2.19154315671868e-08,5.68154623026245e-08,"Downregulated"
"ENSG00000215440.14","ENSG00000215440","NPEPL1","protein_coding",246.503245755668,-1.29960888446524,0.232518205679586,-5.58927796929638,2.28015705150564e-08,5.90599392143338e-08,"Downregulated"
"ENSG00000182405.6","ENSG00000182405","PGBD4","protein_coding",17.8724123924822,-3.38036400659631,0.604838969663088,-5.5888660885711,2.28557114283124e-08,5.91895943565232e-08,"Downregulated"
"ENSG00000178096.11","ENSG00000178096","BOLA1","protein_coding",47.7977087145397,-1.3630371797985,0.24398850833355,-5.5864810564567,2.3171681108536e-08,5.99864241916584e-08,"Downregulated"
"ENSG00000100228.16","ENSG00000100228","RAB36","protein_coding",12.8198119327359,-5.90267285336972,1.05675789307306,-5.58564349702152,2.32836438820741e-08,6.02324554613142e-08,"Downregulated"
"ENSG00000169903.9","ENSG00000169903","TM4SF4","protein_coding",22.8874579209709,-2.20519055822365,0.395083230165403,-5.58158481518042,2.38336777892551e-08,6.15791867573339e-08,"Downregulated"
"ENSG00000164620.11","ENSG00000164620","RELL2","protein_coding",55.0916579910237,-1.41623305445436,0.253746716053427,-5.58128623881842,2.38746352409994e-08,6.16630215492004e-08,"Downregulated"
"ENSG00000158125.12","ENSG00000158125","XDH","protein_coding",17.2467859554335,-2.20626238844434,0.395566878776374,-5.57746997238261,2.44041893331551e-08,6.30082864450532e-08,"Downregulated"
"ENSG00000171806.14","ENSG00000171806","METTL18","protein_coding",46.1350212611616,-1.41906360147881,0.25472246070052,-5.57101873771242,2.53254086170889e-08,6.53285549446159e-08,"Downregulated"
"ENSG00000248866.2","ENSG00000248866","USP46-DT","lncRNA",6.40544678528047,-6.08269090693119,1.09406004614621,-5.55974137649688,2.70174703168165e-08,6.95249616968565e-08,"Downregulated"
"ENSG00000090924.17","ENSG00000090924","PLEKHG2","protein_coding",101.216294570527,-2.48986565630778,0.447858170426217,-5.55949588669607,2.70554972629745e-08,6.96055860704823e-08,"Downregulated"
"ENSG00000273265.2","ENSG00000273265","CNNM3-DT","lncRNA",14.8458941359506,-3.17563216566517,0.571920531160963,-5.55257591333335,2.81490406754976e-08,7.23162378070042e-08,"Downregulated"
"ENSG00000184719.14","ENSG00000184719","RNLS","protein_coding",79.8822275269458,-1.15825032817011,0.20872588421899,-5.54914562946541,2.87068986851532e-08,7.36971436218317e-08,"Downregulated"
"ENSG00000272142.5","ENSG00000272142","LYRM4-AS1","lncRNA",25.6618964003374,-1.59752423887853,0.288113019433652,-5.54478323131252,2.9431856041441e-08,7.5504772128264e-08,"Downregulated"
"ENSG00000175147.13","ENSG00000175147","TMEM51-AS1","lncRNA",56.6454291634623,-1.27843374193811,0.231441696065804,-5.52378315433113,3.31776905767017e-08,8.4903954059255e-08,"Downregulated"
"ENSG00000198440.11","ENSG00000198440","ZNF583","protein_coding",8.93616146256212,-4.29092095346846,0.776848297349927,-5.5234992058374,3.32313794738381e-08,8.50263332159006e-08,"Downregulated"
"ENSG00000197168.16","ENSG00000197168","NEK5","protein_coding",7.26222120023166,-3.24421947510817,0.587946481131882,-5.51788228898415,3.43109115694439e-08,8.76955432917779e-08,"Downregulated"
"ENSG00000197774.15","ENSG00000197774","EME2","protein_coding",37.6482186371513,-2.35826227502073,0.427594639635414,-5.51518203556407,3.48419134194078e-08,8.90056423892224e-08,"Downregulated"
"ENSG00000214026.13","ENSG00000214026","MRPL23","protein_coding",23.8813810980577,-1.42240923477671,0.257962497190041,-5.5140156040931,3.50737482411786e-08,8.95820866251604e-08,"Downregulated"
"ENSG00000186222.5","ENSG00000186222","BLOC1S4","protein_coding",59.1872754187188,-1.13455525895346,0.205838554942046,-5.51186952936438,3.55042075155696e-08,9.06016860918532e-08,"Downregulated"
"ENSG00000089091.19","ENSG00000089091","DZANK1","protein_coding",7.07815108168647,-3.55822613806704,0.645640427691341,-5.51115758161307,3.56481384432057e-08,9.09529616758692e-08,"Downregulated"
"ENSG00000134986.16","ENSG00000134986","NREP","protein_coding",9.65806547138042,-2.44023770711008,0.442903079837611,-5.50964266946344,3.59562863765408e-08,9.17068817614976e-08,"Downregulated"
"ENSG00000227268.5","ENSG00000227268","KLLN","protein_coding",10.2932108106056,-5.86253943144439,1.06514166419328,-5.50399972935485,3.71270116836554e-08,9.45596930262802e-08,"Downregulated"
"ENSG00000159184.9","ENSG00000159184","HOXB13","protein_coding",45.3316953590544,-1.18105839123697,0.214585449285742,-5.50390716224318,3.7146521180448e-08,9.45927578539893e-08,"Downregulated"
"ENSG00000169683.10","ENSG00000169683","LRRC45","protein_coding",124.903102551063,-2.18003738613638,0.39733426554068,-5.48665840125782,4.09608130158164e-08,1.03849563020506e-07,"Downregulated"
"ENSG00000256806.6","ENSG00000256806","C17orf100","protein_coding",18.3415047557074,-2.13326557815428,0.389229127856904,-5.48074495323627,4.23538672156001e-08,1.07213094918e-07,"Downregulated"
"ENSG00000137404.17","ENSG00000137404","NRM","protein_coding",96.8678036541961,-1.3511510522183,0.246841057587517,-5.47376949938423,4.40562042471028e-08,1.11327377846384e-07,"Downregulated"
"ENSG00000278385.1","ENSG00000278385","ENSG00000278385","lncRNA",12.0217420011124,-5.64123190839972,1.03063177909173,-5.47356681876354,4.41066464982395e-08,1.11435411620029e-07,"Downregulated"
"ENSG00000143951.18","ENSG00000143951","WDPCP","protein_coding",32.4865774262466,-1.53691904101902,0.281078268987583,-5.46793975412916,4.55296567711145e-08,1.14870436268627e-07,"Downregulated"
"ENSG00000132801.9","ENSG00000132801","ZSWIM3","protein_coding",78.5023523127118,-1.06422920343073,0.194694929512632,-5.46613723374692,4.59948297555517e-08,1.15983482306848e-07,"Downregulated"
"ENSG00000075131.12","ENSG00000075131","TIPIN","protein_coding",64.7897129444685,-1.39532549949433,0.255565452707946,-5.45975790041105,4.76784285684829e-08,1.20124441379425e-07,"Downregulated"
"ENSG00000166133.20","ENSG00000166133","RPUSD2","protein_coding",112.421300671332,-1.02469263702638,0.187979267897012,-5.45109388120278,5.0060932635127e-08,1.25842677493193e-07,"Downregulated"
"ENSG00000176896.11","ENSG00000176896","TCEANC","protein_coding",28.1602639829939,-1.65163998001035,0.303014681989116,-5.45069291417926,5.01739429582344e-08,1.26104887504463e-07,"Downregulated"
"ENSG00000128408.10","ENSG00000128408","RIBC2","protein_coding",19.7045024990244,-5.82757735352114,1.06928949583212,-5.44995286705415,5.03831708232185e-08,1.26586843198697e-07,"Downregulated"
"ENSG00000230658.3","ENSG00000230658","KLHL7-DT","lncRNA",6.83000694259398,-4.3750332103691,0.803106693465525,-5.44763634267594,5.10435852290714e-08,1.28179455404558e-07,"Downregulated"
"ENSG00000264424.1","ENSG00000264424","MYH4","protein_coding",13.5841961452868,-5.91573581500911,1.0859795624769,-5.44737306245109,5.11191722437253e-08,1.28347027747066e-07,"Downregulated"
"ENSG00000173080.6","ENSG00000173080","RXFP4","protein_coding",20.5706673719347,-4.81149684109281,0.883711457173848,-5.44464689467784,5.19082523879601e-08,1.30237949031565e-07,"Downregulated"
"ENSG00000233654.3","ENSG00000233654","NEMP2-DT","lncRNA",31.1748325674483,-4.36472531678033,0.804601143839044,-5.42470682548951,5.80497390969096e-08,1.45119340864657e-07,"Downregulated"
"ENSG00000138111.16","ENSG00000138111","SLC68A1","protein_coding",47.406724308667,-1.52482791564909,0.281199131768264,-5.42259112274109,5.87412526240673e-08,1.46797419042591e-07,"Downregulated"
"ENSG00000198816.9","ENSG00000198816","ZNF358","protein_coding",180.284934807199,-1.06634268583156,0.196697953853944,-5.42121900578265,5.91939863817659e-08,1.47903319076647e-07,"Downregulated"
"ENSG00000177045.12","ENSG00000177045","SIX5","protein_coding",46.9352601275115,-1.1189757868031,0.206520336550889,-5.4182353442339,6.01901534043494e-08,1.50288715219819e-07,"Downregulated"
"ENSG00000086730.19","ENSG00000086730","LAT2","protein_coding",16.2265792352866,-2.26934590957836,0.419330718051496,-5.41182844920909,6.2384440444628e-08,1.55526459818261e-07,"Downregulated"
"ENSG00000132423.14","ENSG00000132423","COQ3","protein_coding",69.5140429181566,-1.26404100395807,0.233666469786756,-5.40959515976611,6.31673794779164e-08,1.57424189749607e-07,"Downregulated"
"ENSG00000021826.20","ENSG00000021826","CPS1","protein_coding",11.0661379941214,-2.14965613424639,0.39774363726931,-5.40462733484499,6.49432741268029e-08,1.61683203684183e-07,"Downregulated"
"ENSG00000260265.2","ENSG00000260265","LINC02562","lncRNA",42.597414128998,-1.27500404922945,0.23597914566499,-5.40303697446013,6.55219468808565e-08,1.63095852661864e-07,"Downregulated"
"ENSG00000023572.11","ENSG00000023572","GLRX2","protein_coding",135.804323699162,-1.02747595708504,0.190335239116178,-5.39824344591218,6.72965124117702e-08,1.67455538782859e-07,"Downregulated"
"ENSG00000112146.18","ENSG00000112146","FBXO9","protein_coding",285.499094062403,-1.14421661766687,0.211970070733721,-5.39801026487484,6.73840131851352e-08,1.67644483962057e-07,"Downregulated"
"ENSG00000118557.17","ENSG00000118557","PMFBP1","protein_coding",25.3783860971756,-2.70370408127807,0.501151818184452,-5.39498009021082,6.85311511641088e-08,1.70469179998329e-07,"Downregulated"
"ENSG00000196542.11","ENSG00000196542","SPTSSB","protein_coding",7.76516584228684,-3.44928521665484,0.639653931749345,-5.39242400530803,6.95135014927222e-08,1.72823754268748e-07,"Downregulated"
"ENSG00000280202.1","ENSG00000280202","ENSG00000280202","TEC",11.1441348994636,-3.02779887142384,0.561491237784574,-5.39242408015191,6.95134725301327e-08,1.72823754268748e-07,"Downregulated"
"ENSG00000189144.17","ENSG00000189144","ZNF573","protein_coding",40.5058186493925,-1.13924097755021,0.211277682963705,-5.39215009162099,6.96195771441813e-08,1.73057789360802e-07,"Downregulated"
"ENSG00000103540.19","ENSG00000103540","CCP110","protein_coding",126.846434611112,-1.14697231319399,0.212915377182919,-5.38698673796869,7.16487186772545e-08,1.77888167049987e-07,"Downregulated"
"ENSG00000057593.16","ENSG00000057593","F7","protein_coding",17.1588757129591,-1.94782050772817,0.361807759548601,-5.38357858924396,7.30193443372365e-08,1.81229035474436e-07,"Downregulated"
"ENSG00000149679.14","ENSG00000149679","CABLES2","protein_coding",250.677409889246,-1.1026621535595,0.20489837619294,-5.38150752605865,7.3864614834485e-08,1.83264166783317e-07,"Downregulated"
"ENSG00000204335.5","ENSG00000204335","SP5","protein_coding",257.609372450872,-1.39651912700958,0.259533995295827,-5.38087168664657,7.41260182640898e-08,1.83881249004312e-07,"Downregulated"
"ENSG00000168903.11","ENSG00000168903","BTNL3","protein_coding",9.35833326185592,-5.76232485469559,1.0709178583767,-5.38073467504792,7.41824630757258e-08,1.83989774926137e-07,"Downregulated"
"ENSG00000083720.15","ENSG00000083720","OXCT1","protein_coding",34.0411256544228,-1.09111640170159,0.202867815956573,-5.3784598437002,7.51257335728758e-08,1.86297421447316e-07,"Downregulated"
"ENSG00000198890.9","ENSG00000198890","PRMT6","protein_coding",53.6479512550008,-5.52751087462128,1.02858594892971,-5.37389304255312,7.70545756656106e-08,1.90851975823967e-07,"Downregulated"
"ENSG00000183401.14","ENSG00000183401","CCDC159","protein_coding",28.4452366131906,-1.35724343134445,0.252657542332485,-5.37186983936693,7.79243499538903e-08,1.92973287684856e-07,"Downregulated"
"ENSG00000228544.1","ENSG00000228544","CCDC183-AS1","lncRNA",19.2619366375748,-6.64051559160417,1.24086144582521,-5.35153671986968,8.72104362009741e-08,2.15343949808233e-07,"Downregulated"
"ENSG00000221886.6","ENSG00000221886","FAM200C","protein_coding",35.1447805745873,-1.38565234767687,0.258988117648769,-5.35025452231767,8.78306162556067e-08,2.16838380030026e-07,"Downregulated"
"ENSG00000153029.18","ENSG00000153029","MR1","protein_coding",106.517432457345,-1.73538911096074,0.324514647048636,-5.34764494220397,8.9106048011271e-08,2.197999740901e-07,"Downregulated"
"ENSG00000285410.1","ENSG00000285410","GABPB1-IT1","lncRNA",47.5632297507587,-1.74030744511181,0.325530685427413,-5.34606266941268,8.98880965752148e-08,2.21578209826163e-07,"Downregulated"
"ENSG00000179431.7","ENSG00000179431","FJX1","protein_coding",29.2666111986282,-2.36661129930127,0.442895888891597,-5.34349349058988,9.11721049765342e-08,2.24666918095551e-07,"Downregulated"
"ENSG00000120784.19","ENSG00000120784","ZFP30","protein_coding",26.0906028980778,-1.46344096722507,0.273905509462619,-5.34286794776865,9.14874127884425e-08,2.25367259243602e-07,"Downregulated"
"ENSG00000196123.15","ENSG00000196123","MATCAP1","protein_coding",40.5177000198485,-1.28433171393537,0.240532933147881,-5.33952543265978,9.31901967373659e-08,2.29483828567189e-07,"Downregulated"
"ENSG00000267259.3","ENSG00000267259","ERVE-1","lncRNA",63.3777156120953,-1.0810627270937,0.202512792844519,-5.33824412724234,9.38510358660268e-08,2.30993412325146e-07,"Downregulated"
"ENSG00000186889.12","ENSG00000186889","TMEM17","protein_coding",8.63283007554873,-2.84152331943945,0.532583446857367,-5.33535793537431,9.53562633822757e-08,2.34538860987091e-07,"Downregulated"
"ENSG00000153896.20","ENSG00000153896","ZNF599","protein_coding",10.0873833792735,-2.89191438771751,0.542599893487587,-5.3297363719141,9.83554333695142e-08,2.41710520670002e-07,"Downregulated"
"ENSG00000178567.8","ENSG00000178567","EPM2AIP1","protein_coding",144.300130304706,-1.18513713656325,0.222365347209154,-5.32968446494736,9.8383547312677e-08,2.41738617778114e-07,"Downregulated"
"ENSG00000115590.16","ENSG00000115590","IL1R2","protein_coding",174.442474862504,-1.12316512557038,0.210822029560541,-5.32755105295033,9.95458038015243e-08,2.4442863244522e-07,"Downregulated"
"ENSG00000158486.16","ENSG00000158486","DNAH3","protein_coding",56.4383739745389,-4.12074358858154,0.775038450516239,-5.31682471474387,1.0559370011376e-07,2.58927902207886e-07,"Downregulated"
"ENSG00000258457.6","ENSG00000258457","AJUBA-DT","lncRNA",5.0146158520623,-5.86827062706685,1.10412678516875,-5.31485215818761,1.06743956576876e-07,2.61571426904309e-07,"Downregulated"
"ENSG00000268996.3","ENSG00000268996","MAN1B1-DT","lncRNA",19.3182113691482,-2.87887916530456,0.54210838445502,-5.31052322350389,1.0931095347313e-07,2.6781645608328e-07,"Downregulated"
"ENSG00000245571.8","ENSG00000245571","FAM111A-DT","lncRNA",49.939834278858,-1.21049982158922,0.22809480251518,-5.30700308924692,1.11442289966923e-07,2.72761639284014e-07,"Downregulated"
"ENSG00000139567.16","ENSG00000139567","ACVRL1","protein_coding",53.9354393474779,-1.47845143087868,0.278735536272955,-5.30413685548472,1.13207361154897e-07,2.76988194809517e-07,"Downregulated"
"ENSG00000187624.10","ENSG00000187624","LIAT1","protein_coding",11.1247870512703,-3.59927469167662,0.679015795208885,-5.30072307164722,1.15344935962154e-07,2.81980231437843e-07,"Downregulated"
"ENSG00000197016.14","ENSG00000197016","ZNF470","protein_coding",18.9925108956461,-1.73977430669866,0.328223313287978,-5.3005811478486,1.15434643349153e-07,2.82151939857637e-07,"Downregulated"
"ENSG00000234614.2","ENSG00000234614","C2CD4D-AS1","lncRNA",10.8348535876666,-3.29070983644326,0.620850037286491,-5.30032961071526,1.15593801169219e-07,2.82493316449295e-07,"Downregulated"
"ENSG00000102879.19","ENSG00000102879","CORO1A","protein_coding",85.4720324088151,-3.187203917599,0.601420702485539,-5.29945827342988,1.16146775346534e-07,2.83796841733597e-07,"Downregulated"
"ENSG00000108187.18","ENSG00000108187","PBLD","protein_coding",25.9329424047256,-2.45088970374755,0.463091487019484,-5.29245251196861,1.20686814483288e-07,2.94294685426857e-07,"Downregulated"
"ENSG00000182489.10","ENSG00000182489","XKRX","protein_coding",19.6210433053542,-2.12386608811832,0.401672174918227,-5.28756090349226,1.23958095987422e-07,3.01966839309081e-07,"Downregulated"
"ENSG00000259673.7","ENSG00000259673","IQCH-AS1","lncRNA",36.6797786008465,-1.49606850195201,0.283042930589664,-5.28565931265357,1.25252811341965e-07,3.05018272889893e-07,"Downregulated"
"ENSG00000106526.14","ENSG00000106526","ACTR3C","protein_coding",16.4875390540794,-2.3296895995233,0.441056443908931,-5.28206680051212,1.27734603638833e-07,3.10800852238745e-07,"Downregulated"
"ENSG00000120318.18","ENSG00000120318","ARAP3","protein_coding",79.106282537723,-1.57718189904657,0.2986776944422,-5.28054799000662,1.2879808236814e-07,3.13283284605419e-07,"Downregulated"
"ENSG00000115318.14","ENSG00000115318","LOXL3","protein_coding",17.7047965308792,-2.33476936999576,0.442261145018645,-5.27916457571087,1.29774206746011e-07,3.15498708968829e-07,"Downregulated"
"ENSG00000280417.1","ENSG00000280417","ENSG00000280417","TEC",5.86223858951326,-5.85213395061175,1.10997036954144,-5.27233348853214,1.34700029368482e-07,3.27364216939131e-07,"Downregulated"
"ENSG00000078579.10","ENSG00000078579","FGF20","protein_coding",17.9996387998728,-2.44594155246353,0.464278169523009,-5.26826741601148,1.37717387847612e-07,3.34360928913989e-07,"Downregulated"
"ENSG00000129295.12","ENSG00000129295","DNAAF11","protein_coding",11.1461534431393,-2.22414957574201,0.422258730568957,-5.26726723387143,1.38469564666548e-07,3.36130809237456e-07,"Downregulated"
"ENSG00000115423.20","ENSG00000115423","DNAH6","protein_coding",8.53704129318524,-2.51953895193739,0.478462699121391,-5.26590464954544,1.39500679592569e-07,3.38520403324768e-07,"Downregulated"
"ENSG00000031081.13","ENSG00000031081","ARHGAP31","protein_coding",22.4541770838452,-1.48308789117191,0.282319280682697,-5.25322920767418,1.49455351348394e-07,3.61828759061297e-07,"Downregulated"
"ENSG00000139192.14","ENSG00000139192","TAPBPL","protein_coding",58.3472371495247,-1.18244888702034,0.225233418471064,-5.24988207809956,1.52196607904345e-07,3.68157776957063e-07,"Downregulated"
"ENSG00000243989.11","ENSG00000243989","ACY1","protein_coding",16.2456387236819,-2.12803719542046,0.405474435014162,-5.24826477739869,1.53538518880622e-07,3.70970359389458e-07,"Downregulated"
"ENSG00000179240.14","ENSG00000179240","GVQW3","protein_coding",27.1490221303298,-1.62086420918982,0.308875351378394,-5.24763210128783,1.54066571984921e-07,3.7212212686758e-07,"Downregulated"
"ENSG00000163704.15","ENSG00000163704","PRRT3","protein_coding",14.7327268704114,-2.59736687568542,0.495406166752828,-5.2429038029745,1.58068960577674e-07,3.81407821626982e-07,"Downregulated"
"ENSG00000105982.19","ENSG00000105982","RNF32","protein_coding",41.7810571476024,-1.52466628884492,0.290996933153437,-5.23945827305678,1.61048654775333e-07,3.88338952579721e-07,"Downregulated"
"ENSG00000243232.7","ENSG00000243232","PCDHAC2","protein_coding",6.25933668916747,-3.84496937009625,0.734104170228736,-5.23763455654831,1.62647713335683e-07,3.91933931104209e-07,"Downregulated"
"ENSG00000187391.24","ENSG00000187391","MAGI2","protein_coding",7.38043874007604,-3.74316998384824,0.714984124215348,-5.23531901908471,1.64700139030571e-07,3.96681804027096e-07,"Downregulated"
"ENSG00000007952.20","ENSG00000007952","NOX1","protein_coding",104.052851476289,-2.37142314909488,0.453192345616246,-5.23270786021384,1.67044639817562e-07,4.01994506847577e-07,"Downregulated"
"ENSG00000109576.16","ENSG00000109576","AADAT","protein_coding",38.4478526371631,-1.4008346140414,0.268388795281305,-5.2194228621696,1.79481548270111e-07,4.30779496113025e-07,"Downregulated"
"ENSG00000137561.7","ENSG00000137561","TTPA","protein_coding",78.1787713903256,-2.53592432317167,0.486325522551774,-5.21445864051213,1.84354828370976e-07,4.42183080561433e-07,"Downregulated"
"ENSG00000162755.16","ENSG00000162755","KLHDC9","protein_coding",11.5036841936006,-3.38553151846587,0.649603973405337,-5.21168536072574,1.87132737159011e-07,4.48549061678528e-07,"Downregulated"
"ENSG00000188825.17","ENSG00000188825","LINC00910","lncRNA",26.2246224337933,-1.51133524298967,0.290209959764608,-5.20773044528013,1.9116435299136e-07,4.57682769461555e-07,"Downregulated"
"ENSG00000124257.8","ENSG00000124257","NEURL2","protein_coding",12.6937209604235,-2.22856819372156,0.428110613660529,-5.2055896831577,1.93381522921528e-07,4.62914606901021e-07,"Downregulated"
"ENSG00000187801.17","ENSG00000187801","ZFP69B","protein_coding",16.9037098973825,-2.10895384789683,0.405193054954723,-5.20481242733168,1.94192654589858e-07,4.64626044298534e-07,"Downregulated"
"ENSG00000128564.10","ENSG00000128564","VGF","protein_coding",25.9855531609292,-1.36963372964,0.26328823166332,-5.20203170869945,1.97121582316853e-07,4.71478126908043e-07,"Downregulated"
"ENSG00000231185.10","ENSG00000231185","SPRY4-AS1","lncRNA",12.7405322152181,-2.53322252079043,0.487005829150743,-5.2016266934791,1.97551730823044e-07,4.72428990608506e-07,"Downregulated"
"ENSG00000146205.17","ENSG00000146205","ANO7","protein_coding",17.9708494847701,-1.91397109768222,0.368051596543092,-5.20027929686791,1.98989279623602e-07,4.75788259413502e-07,"Downregulated"
"ENSG00000231856.5","ENSG00000231856","ENSG00000231856","lncRNA",15.1627207937485,-2.78714210981637,0.536499086260059,-5.19505471900347,2.0465963410362e-07,4.88862274176637e-07,"Downregulated"
"ENSG00000103599.22","ENSG00000103599","IQCH","protein_coding",16.6454636761416,-1.65317783991621,0.318314676485317,-5.19353319856259,2.06340126714543e-07,4.92795174084896e-07,"Downregulated"
"ENSG00000177640.17","ENSG00000177640","CASC2","lncRNA",10.9089793054239,-5.91305645594043,1.13949877695493,-5.18917314833969,2.11229917167895e-07,5.04140968313098e-07,"Downregulated"
"ENSG00000154479.14","ENSG00000154479","CFAP210","protein_coding",6.16305077125836,-5.67172025625596,1.09412797534571,-5.18378140771318,2.17431754351892e-07,5.18345284432904e-07,"Downregulated"
"ENSG00000233757.8","ENSG00000233757","ZNF892","protein_coding",8.38186400345956,-2.49580161652269,0.481656800101503,-5.1817011947028,2.19871247929972e-07,5.23472010021546e-07,"Downregulated"
"ENSG00000236924.4","ENSG00000236924","LINC02851","lncRNA",17.6706126500204,-2.01038817565834,0.388274688647113,-5.17774718373544,2.24581282235504e-07,5.34334582524533e-07,"Downregulated"
"ENSG00000177738.7","ENSG00000177738","ANXA2R-OT1","lncRNA",13.3153373308407,-1.79404217518809,0.346815497361193,-5.17290083297422,2.304873552368e-07,5.47667281864519e-07,"Downregulated"
"ENSG00000160991.19","ENSG00000160991","ORAI2","protein_coding",148.932000227325,-1.00254765179397,0.193857715471337,-5.17156435768585,2.32142290477201e-07,5.50967257385457e-07,"Downregulated"
"ENSG00000223547.11","ENSG00000223547","ZNF844","protein_coding",9.23619653432533,-3.3978688575711,0.657768069653679,-5.16575524768192,2.39469982946265e-07,5.6752232099056e-07,"Downregulated"
"ENSG00000079257.9","ENSG00000079257","LXN","protein_coding",25.6223581212594,-1.19244600887849,0.231124980098779,-5.15931254323464,2.4785824921322e-07,5.86862403167977e-07,"Downregulated"
"ENSG00000236908.3","ENSG00000236908","LINC02827","lncRNA",9.37945578952983,-3.03210509442032,0.587740536690618,-5.15891776240781,2.48381371646004e-07,5.87968447875514e-07,"Downregulated"
"ENSG00000134198.12","ENSG00000134198","TSPAN2","protein_coding",157.601309519264,-1.14752899294249,0.222479472638765,-5.15790953354921,2.49722216353803e-07,5.91045951232943e-07,"Downregulated"
"ENSG00000182648.16","ENSG00000182648","RNF32-DT","lncRNA",47.8269713402642,-1.63119983816478,0.316259565177509,-5.15778815179622,2.4988411288609e-07,5.91332554530572e-07,"Downregulated"
"ENSG00000260920.2","ENSG00000260920","ENSG00000260920","lncRNA",10.9651019213823,-3.29199538296121,0.638669413000997,-5.15445912384107,2.54364036033487e-07,6.0124671508682e-07,"Downregulated"
"ENSG00000170166.7","ENSG00000170166","HOXD4","protein_coding",10.3748216806771,-3.24117499334736,0.628808602861047,-5.15446986348497,2.54349459556996e-07,6.0124671508682e-07,"Downregulated"
"ENSG00000185386.17","ENSG00000185386","MAPK11","protein_coding",12.0536190856142,-2.00226027576233,0.388891160408118,-5.14863920707552,2.62383020636763e-07,6.1959503585921e-07,"Downregulated"
"ENSG00000142621.23","ENSG00000142621","FHAD1","protein_coding",6.52596983726389,-4.17183529995456,0.810828570608613,-5.14515083850974,2.67305941910715e-07,6.30603566688929e-07,"Downregulated"
"ENSG00000232098.4","ENSG00000232098","ZNF584-DT","lncRNA",40.2203260993234,-1.40714460603109,0.273496331408522,-5.14502186842586,2.6748964905825e-07,6.3093424383987e-07,"Downregulated"
"ENSG00000175279.23","ENSG00000175279","CENPS","protein_coding",17.2969505223427,-3.63040069935309,0.705727957068748,-5.14419283378261,2.68673454500576e-07,6.33520290045939e-07,"Downregulated"
"ENSG00000259642.3","ENSG00000259642","ST20-AS1","lncRNA",18.5359726974239,-5.26756367515583,1.02438995093714,-5.14214696301629,2.71616511520221e-07,6.40043330886349e-07,"Downregulated"
"ENSG00000160188.12","ENSG00000160188","RSPH1","protein_coding",11.4097637591465,-2.05680662726647,0.400089390320714,-5.14086770863313,2.73472559513624e-07,6.44312198418378e-07,"Downregulated"
"ENSG00000181004.11","ENSG00000181004","BBS12","protein_coding",10.0097068583594,-2.8608008621669,0.556876126748411,-5.13723021109032,2.78817321775891e-07,6.56157945303055e-07,"Downregulated"
"ENSG00000188001.12","ENSG00000188001","TPRG1","protein_coding",23.2645584216056,-1.56208574956846,0.304471701535526,-5.13047925863215,2.89005405107862e-07,6.79141613559775e-07,"Downregulated"
"ENSG00000164066.15","ENSG00000164066","INTU","protein_coding",35.2672802374576,-1.34812972460186,0.262796078197716,-5.12994613103619,2.8982510570292e-07,6.80847046822292e-07,"Downregulated"
"ENSG00000141519.17","ENSG00000141519","CCDC40","protein_coding",15.7621570353854,-2.14331267770709,0.418223948626391,-5.12479661852594,2.97859090088401e-07,6.9949342627793e-07,"Downregulated"
"ENSG00000100150.22","ENSG00000100150","DEPDC5","protein_coding",58.3820914569481,-1.04294384945035,0.203511891963762,-5.12473172641948,2.97961690432659e-07,6.99621000931642e-07,"Downregulated"
"ENSG00000292993.1","ENSG00000292993","ENSG00000292993","lncRNA",7.71208165992719,-5.62506527675093,1.10015845302021,-5.11295919356774,3.1715082880405e-07,7.42872120741602e-07,"Downregulated"
"ENSG00000104371.6","ENSG00000104371","DKK4","protein_coding",9.19657609022769,-2.579404075002,0.505239213963571,-5.10531250091759,3.30248298158231e-07,7.72801281593586e-07,"Downregulated"
"ENSG00000136155.19","ENSG00000136155","SCEL","protein_coding",32.6422455261743,-1.27342830506708,0.249692428767913,-5.09998765821899,3.39675629292518e-07,7.93836352154034e-07,"Downregulated"
"ENSG00000074657.16","ENSG00000074657","ZNF532","protein_coding",44.4689987428756,-1.22679546457734,0.240640139368295,-5.09805000860542,3.43170171155929e-07,8.01615428818782e-07,"Downregulated"
"ENSG00000107282.10","ENSG00000107282","APBA1","protein_coding",21.857835961586,-2.11586735862842,0.415279696490337,-5.09504167073491,3.48664555810489e-07,8.14187357848148e-07,"Downregulated"
"ENSG00000270820.9","ENSG00000270820","USP34-DT","lncRNA",11.6157501757278,-2.43751529087125,0.478599531011848,-5.09301646350946,3.52411083379947e-07,8.22670976214914e-07,"Downregulated"
"ENSG00000233695.2","ENSG00000233695","GAS6-AS1","lncRNA",19.1736235402099,-1.48167196043062,0.291013341541082,-5.09142279382904,3.55386579542258e-07,8.29216279299051e-07,"Downregulated"
"ENSG00000243667.9","ENSG00000243667","DNAAF10","protein_coding",47.7886386070208,-1.1767851881568,0.231201320086039,-5.0898722711396,3.58304781457496e-07,8.35487191131462e-07,"Downregulated"
"ENSG00000138658.19","ENSG00000138658","ZGRF1","protein_coding",45.7785898708617,-1.38929375429336,0.273486749336885,-5.07993077420365,3.77572429475812e-07,8.77731736920672e-07,"Downregulated"
"ENSG00000265688.2","ENSG00000265688","MILIP","lncRNA",12.0569420048013,-4.56517125080842,0.899904387265897,-5.07295143284988,3.91692495257856e-07,9.09243575408753e-07,"Downregulated"
"ENSG00000259985.1","ENSG00000259985","ENSG00000259985","lncRNA",6.16975283754839,-4.63322883677075,0.914792148710682,-5.06478858973688,4.08853826936352e-07,9.4771427702521e-07,"Downregulated"
"ENSG00000259341.3","ENSG00000259341","LINC03080","lncRNA",7.74328949699932,-4.04057221552533,0.798393077411262,-5.06088082405052,4.17324017596767e-07,9.6626612286505e-07,"Downregulated"
"ENSG00000123689.8","ENSG00000123689","G0S2","protein_coding",55.7749483298476,-1.59631029194212,0.315615097282209,-5.05777545398842,4.24175474869573e-07,9.81816160646837e-07,"Downregulated"
"ENSG00000023171.22","ENSG00000023171","GRAMD1B","protein_coding",42.2156078506873,-1.80402431596922,0.356825798688506,-5.05575640158255,4.28688243490156e-07,9.92103165867029e-07,"Downregulated"
"ENSG00000165046.15","ENSG00000165046","LETM2","protein_coding",12.8384694576002,-2.03507159260427,0.403256873129122,-5.04658873341173,4.49768056698045e-07,1.0387312633734e-06,"Downregulated"
"ENSG00000186153.20","ENSG00000186153","WWOX","protein_coding",47.1647861557104,-1.84984350899838,0.366606068438373,-5.04586167075231,4.51481975992464e-07,1.04252339007055e-06,"Downregulated"
"ENSG00000177943.16","ENSG00000177943","MAMDC4","protein_coding",13.4413656367126,-2.53819114747981,0.503377691119377,-5.04231949937143,4.59922521939221e-07,1.06116815601707e-06,"Downregulated"
"ENSG00000309309.1","ENSG00000309309","ENSG00000309309","lncRNA",12.414036299941,-1.97081672951582,0.391062699377488,-5.0396438541775,4.66398948487159e-07,1.07525510045751e-06,"Downregulated"
"ENSG00000102078.17","ENSG00000102078","SLC25A14","protein_coding",34.9339864100497,-1.35226981752476,0.268487624986309,-5.03661879236974,4.73827095318396e-07,1.0909917803232e-06,"Downregulated"
"ENSG00000135951.18","ENSG00000135951","TSGA10","protein_coding",50.9411779549176,-1.39296362022211,0.27660825960853,-5.03587138790977,4.75679878023293e-07,1.09473603181095e-06,"Downregulated"
"ENSG00000214376.8","ENSG00000214376","VSTM5","protein_coding",14.4523482568261,-3.66608663574348,0.728230006341804,-5.03424275821828,4.79741413154617e-07,1.10355754911694e-06,"Downregulated"
"ENSG00000156172.8","ENSG00000156172","CFAP418","protein_coding",16.6826632621204,-1.97003985397577,0.391365942886935,-5.03375393230091,4.80966976886619e-07,1.10602561552537e-06,"Downregulated"
"ENSG00000100629.19","ENSG00000100629","CEP128","protein_coding",46.2127046650231,-1.62476573446298,0.322806610388639,-5.03324802582842,4.82238543822798e-07,1.10877375489132e-06,"Downregulated"
"ENSG00000144061.16","ENSG00000144061","NPHP1","protein_coding",13.6396646278097,-1.77535637673659,0.352858083318146,-5.03136093707081,4.87010297665079e-07,1.11956745459428e-06,"Downregulated"
"ENSG00000198624.15","ENSG00000198624","CCDC69","protein_coding",71.5123837403415,-1.18175192143484,0.235048284777295,-5.0276985537441,4.96401395216499e-07,1.13989051172199e-06,"Downregulated"
"ENSG00000010704.21","ENSG00000010704","HFE","protein_coding",61.9458096031533,-1.27626744704339,0.253973735867059,-5.02519460402569,5.02922294619571e-07,1.15468154208283e-06,"Downregulated"
"ENSG00000291178.2","ENSG00000291178","ENSG00000291178","lncRNA",46.2846980453351,-1.0868491286955,0.21629922989526,-5.02474802717418,5.04093937894514e-07,1.15700496483486e-06,"Downregulated"
"ENSG00000113119.15","ENSG00000113119","TMCO6","protein_coding",62.6409086931849,-1.12372569291735,0.223726687647712,-5.02276105158634,5.09338973520197e-07,1.16830332451008e-06,"Downregulated"
"ENSG00000231889.10","ENSG00000231889","TRAF3IP2-AS1","lncRNA",29.1676261169451,-1.38905047120138,0.276612158853897,-5.02165370082324,5.12284853098382e-07,1.17468862200977e-06,"Downregulated"
"ENSG00000188993.6","ENSG00000188993","LRRC66","protein_coding",26.5005040619668,-3.52366575956584,0.702052741957918,-5.01908980476149,5.19168768350049e-07,1.18972071330312e-06,"Downregulated"
"ENSG00000259319.3","ENSG00000259319","JDP2-AS1","lncRNA",8.86501433969497,-5.31687512291231,1.06287101269937,-5.00237099270313,5.66294772176455e-07,1.29362292534382e-06,"Downregulated"
"ENSG00000166803.16","ENSG00000166803","PCLAF","protein_coding",67.9587912968483,-1.60376695909418,0.320767110018779,-4.99978616573343,5.73939306930718e-07,1.31025967801512e-06,"Downregulated"
"ENSG00000139437.20","ENSG00000139437","TCHP","protein_coding",122.847852360765,-1.18998867416367,0.23830883761157,-4.99347269740488,5.93031726060212e-07,1.35278069794815e-06,"Downregulated"
"ENSG00000221817.13","ENSG00000221817","PPP3CB-AS1","lncRNA",17.9813591243221,-3.65290840763692,0.731610692132749,-4.99296749885951,5.94585663848425e-07,1.35589857442823e-06,"Downregulated"
"ENSG00000154240.20","ENSG00000154240","CEP112","protein_coding",17.057650037951,-2.0452859701006,0.409689437225379,-4.99228387227236,5.96694678012512e-07,1.36049390713614e-06,"Downregulated"
"ENSG00000263327.7","ENSG00000263327","TAPT1-AS1","lncRNA",11.4734485557789,-5.64431769361864,1.13132617695445,-4.98911614404011,6.06561724825287e-07,1.38233881367637e-06,"Downregulated"
"ENSG00000102038.18","ENSG00000102038","SMARCA1","protein_coding",34.3797339725643,-1.02040916297101,0.204664740061158,-4.98575945551777,6.17188932130169e-07,1.40557017616498e-06,"Downregulated"
"ENSG00000167264.20","ENSG00000167264","DUS2","protein_coding",69.1071400820479,-1.13604303644533,0.228057838689777,-4.98138122755196,6.31320280767378e-07,1.43605297580927e-06,"Downregulated"
"ENSG00000221990.5","ENSG00000221990","EXOC3-AS1","lncRNA",10.3072495576746,-4.55302965425468,0.914829670949156,-4.976915155726,6.46056227387062e-07,1.46795968129403e-06,"Downregulated"
"ENSG00000237638.4","ENSG00000237638","LINC02245","lncRNA",20.7156650370975,-1.38694253551747,0.278795015528065,-4.97477522290155,6.53233938191361e-07,1.48357095005002e-06,"Downregulated"
"ENSG00000136161.15","ENSG00000136161","RCBTB2","protein_coding",29.2369659980229,-2.18656730764905,0.439573873364661,-4.97428860116788,6.54876845435682e-07,1.4870691388364e-06,"Downregulated"
"ENSG00000255240.7","ENSG00000255240","GLYATL1-AS1","lncRNA",8.56052567332802,-3.94731971067899,0.793777046513122,-4.97283176430793,6.5981918299697e-07,1.49782261904638e-06,"Downregulated"
"ENSG00000249743.9","ENSG00000249743","ENSG00000249743","lncRNA",10.4355099729173,-3.59893665383457,0.724874349387798,-4.96491103164858,6.87325710916189e-07,1.5592868194423e-06,"Downregulated"
"ENSG00000196378.16","ENSG00000196378","ZNF34","protein_coding",25.9072895305454,-1.43268429796842,0.288881702651278,-4.95941516828389,7.07057151132609e-07,1.60204381397964e-06,"Downregulated"
"ENSG00000129465.18","ENSG00000129465","RIPK3","protein_coding",32.183413099379,-1.27088346640803,0.256637581513167,-4.95205518581785,7.34337711038304e-07,1.66203687464737e-06,"Downregulated"
"ENSG00000196597.15","ENSG00000196597","ZNF782","protein_coding",33.0179095325505,-1.50066894278012,0.303212133945267,-4.94923776055415,7.45046878752591e-07,1.68574853503241e-06,"Downregulated"
"ENSG00000198885.12","ENSG00000198885","ITPRIPL1","protein_coding",15.9419050595158,-1.6425286374304,0.333220679465516,-4.92925181013677,8.25451252765123e-07,1.86359862207075e-06,"Downregulated"
"ENSG00000174799.14","ENSG00000174799","CEP135","protein_coding",38.7617075208307,-1.16830598914334,0.237036203583824,-4.92880822203258,8.27327347046993e-07,1.86754328869237e-06,"Downregulated"
"ENSG00000188277.10","ENSG00000188277","C15orf62","protein_coding",29.9111916423558,-3.24803646367847,0.659786254812918,-4.92286166919231,8.52877421310866e-07,1.92342041544305e-06,"Downregulated"
"ENSG00000106477.22","ENSG00000106477","CEP41","protein_coding",30.3129476137841,-4.26424817142966,0.866305197490593,-4.92233936005672,8.55157536363773e-07,1.92826248902813e-06,"Downregulated"
"ENSG00000258429.3","ENSG00000258429","PDF","protein_coding",49.0682086062659,-1.41719842171002,0.287964454647074,-4.92143526341444,8.591182080257e-07,1.93659061606913e-06,"Downregulated"
"ENSG00000140365.18","ENSG00000140365","COMMD4","protein_coding",149.307965186091,-1.08669727117118,0.221194807282722,-4.91285163752605,8.97611997879818e-07,2.02116113630738e-06,"Downregulated"
"ENSG00000101057.18","ENSG00000101057","MYBL2","protein_coding",1278.31207945149,-1.24449048436414,0.253713214690114,-4.90510707486862,9.33763871398267e-07,2.10028030797822e-06,"Downregulated"
"ENSG00000141933.10","ENSG00000141933","TPGS1","protein_coding",66.317149656725,-1.20645907302136,0.246010026958989,-4.90410528357237,9.38541426719332e-07,2.11037119565812e-06,"Downregulated"
"ENSG00000059377.21","ENSG00000059377","TBXAS1","protein_coding",32.9201195415358,-1.13341640086878,0.231246203695854,-4.90134057447924,9.51848768569409e-07,2.13996158146259e-06,"Downregulated"
"ENSG00000250132.7","ENSG00000250132","ENSG00000250132","lncRNA",11.7743843288692,-3.49957029102659,0.714250525673538,-4.89963978357103,9.60125212216417e-07,2.15789928279161e-06,"Downregulated"
"ENSG00000236682.5","ENSG00000236682","MAP3K2-DT","lncRNA",21.3034900276628,-1.59086468632962,0.324747100862544,-4.89878025732702,9.64334176401271e-07,2.16668695882283e-06,"Downregulated"
"ENSG00000215458.9","ENSG00000215458","AATBC","lncRNA",5.56768619053203,-5.2064980185946,1.06288504957398,-4.89845822996705,9.65915662999112e-07,2.1695675431158e-06,"Downregulated"
"ENSG00000258735.2","ENSG00000258735","PPP1R13B-DT","lncRNA",5.13429133923443,-4.53332877271334,0.925491663756735,-4.89829238905487,9.66731086705853e-07,2.17106259236653e-06,"Downregulated"
"ENSG00000269934.3","ENSG00000269934","ENSG00000269934","lncRNA",5.86607517470077,-2.89697387548631,0.592176171673997,-4.89208113068275,9.97752971680587e-07,2.23795636365811e-06,"Downregulated"
"ENSG00000264575.2","ENSG00000264575","LINC00526","lncRNA",34.1230837894665,-1.8526243512674,0.378991268790363,-4.88830351469698,1.01708639686004e-06,2.27990967723057e-06,"Downregulated"
"ENSG00000104129.12","ENSG00000104129","DNAJC17","protein_coding",72.7078021216984,-1.05555338585324,0.215957699672897,-4.88777842814609,1.01980211120169e-06,2.2856437048461e-06,"Downregulated"
"ENSG00000216895.9","ENSG00000216895","RBM33-DT","lncRNA",11.5552225960861,-2.55826475342247,0.523466904229525,-4.88715663349892,1.0230270202623e-06,2.29180825129715e-06,"Downregulated"
"ENSG00000259343.10","ENSG00000259343","TMC3-AS1","lncRNA",7.68259143234786,-2.32309814885337,0.475672719060907,-4.88381623701214,1.04052053964336e-06,2.32919735256588e-06,"Downregulated"
"ENSG00000113761.14","ENSG00000113761","ZNF346","protein_coding",76.4600489334737,-1.00540591481996,0.206044069200608,-4.87956736013146,1.06318807307317e-06,2.37773480786673e-06,"Downregulated"
"ENSG00000180425.11","ENSG00000180425","C11orf71","protein_coding",27.7300706614533,-1.3884410814969,0.284811196525214,-4.8749525946884,1.08834587397974e-06,2.43287188118378e-06,"Downregulated"
"ENSG00000184619.9","ENSG00000184619","KRABD2","protein_coding",11.5410203360975,-2.03096427075298,0.416870604931144,-4.87192967488901,1.10513509048692e-06,2.4692595947173e-06,"Downregulated"
"ENSG00000243766.9","ENSG00000243766","HOTTIP","lncRNA",44.1016110574658,-1.82314681846675,0.374405752999202,-4.86944125153608,1.11914249306972e-06,2.49940098775872e-06,"Downregulated"
"ENSG00000179965.14","ENSG00000179965","ZNF771","protein_coding",23.2208871462471,-1.84621685188031,0.37932336459163,-4.86713190965156,1.13229457042088e-06,2.52721591168018e-06,"Downregulated"
"ENSG00000169684.15","ENSG00000169684","CHRNA5","protein_coding",65.4114022743198,-1.11483615696533,0.229115374626843,-4.86582866287804,1.13978229001556e-06,2.54314471853818e-06,"Downregulated"
"ENSG00000186594.17","ENSG00000186594","MIR22HG","lncRNA",51.5213905232063,-1.05408715763662,0.216661568310165,-4.86513213145225,1.14380367975357e-06,2.55129826335325e-06,"Downregulated"
"ENSG00000188452.16","ENSG00000188452","CERKL","protein_coding",5.88690029433415,-4.06706594541711,0.83635388237667,-4.86285295150387,1.15705806015755e-06,2.57903293705595e-06,"Downregulated"
"ENSG00000291202.2","ENSG00000291202","ENSG00000291202","lncRNA",12.0407961483009,-1.86812299943947,0.384308232159017,-4.86100177699677,1.16793205230371e-06,2.6022161231037e-06,"Downregulated"
"ENSG00000103056.14","ENSG00000103056","SMPD3","protein_coding",111.837215048752,-1.15793066314815,0.238361119960633,-4.85788396756732,1.18646901086966e-06,2.64162066454496e-06,"Downregulated"
"ENSG00000067836.15","ENSG00000067836","ROGDI","protein_coding",16.8026644928437,-2.24065935524951,0.461766729439084,-4.85236205295969,1.21999640398563e-06,2.71334989050949e-06,"Downregulated"
"ENSG00000291122.2","ENSG00000291122","CASTOR3P","lncRNA",17.9606579821019,-1.54010911224317,0.318369272962317,-4.83749294620356,1.31487049655743e-06,2.91540747186509e-06,"Downregulated"
"ENSG00000281706.6","ENSG00000281706","LINC01012","lncRNA",19.7445078816258,-1.42923333642989,0.295829333302021,-4.83127660288762,1.35660378080574e-06,3.00288712256558e-06,"Downregulated"
"ENSG00000150051.16","ENSG00000150051","MKX","protein_coding",17.8351336853623,-2.00825769529987,0.415844083636782,-4.8293525730523,1.36977685614677e-06,3.03112020144739e-06,"Downregulated"
"ENSG00000235192.2","ENSG00000235192","ENSG00000235192","lncRNA",9.0666530635877,-3.04356197131983,0.630564505696057,-4.82672580493594,1.3879600663418e-06,3.0699507450283e-06,"Downregulated"
"ENSG00000249572.4","ENSG00000249572","TARS1-DT","lncRNA",8.43621975605181,-3.81175400605029,0.790561097015853,-4.82158054632159,1.42425189011472e-06,3.14878083776393e-06,"Downregulated"
"ENSG00000227258.8","ENSG00000227258","SMIM2-AS1","lncRNA",30.4670867477169,-2.60101143890475,0.539656499273129,-4.8197537552278,1.43735523241807e-06,3.17629643613947e-06,"Downregulated"
"ENSG00000063176.18","ENSG00000063176","SPHK2","protein_coding",170.63108860757,-1.23076252869154,0.255610330103487,-4.81499526327145,1.47203381840326e-06,3.24847176736715e-06,"Downregulated"
"ENSG00000180801.15","ENSG00000180801","ARSJ","protein_coding",73.9379753904593,-1.01917802377605,0.21176520982765,-4.81277365911772,1.48849839975698e-06,3.28380557303671e-06,"Downregulated"
"ENSG00000186523.17","ENSG00000186523","FAM86B1","protein_coding",10.1943161325632,-2.42176458788096,0.503468265394026,-4.81016332972968,1.50807015314751e-06,3.32546449473734e-06,"Downregulated"
"ENSG00000280173.1","ENSG00000280173","ENSG00000280173","TEC",33.2014836036498,-1.19412641921845,0.248259527770337,-4.80999230902884,1.509361033263e-06,3.32780466971662e-06,"Downregulated"
"ENSG00000301936.1","ENSG00000301936","ENSG00000301936","lncRNA",4.75162521749141,-5.38172616672816,1.11896847185142,-4.80954227228913,1.51276303036186e-06,3.33479796714391e-06,"Downregulated"
"ENSG00000165168.11","ENSG00000165168","CYBB","protein_coding",5.31670980718402,-3.59763893689384,0.748388511756956,-4.80718086979694,1.53073493283774e-06,3.37287678982583e-06,"Downregulated"
"ENSG00000204934.11","ENSG00000204934","ATP6V0E2-AS1","lncRNA",6.00022358684613,-3.99588653413469,0.831248841331196,-4.80708824536286,1.53144403588642e-06,3.37392626452813e-06,"Downregulated"
"ENSG00000249042.7","ENSG00000249042","FAM151B-DT","lncRNA",90.3069043847309,-1.09661657580984,0.228133211972979,-4.80691332193985,1.53278405514088e-06,3.376365181198e-06,"Downregulated"
"ENSG00000182224.13","ENSG00000182224","CYB5D1","protein_coding",9.11789233417098,-2.40086105359916,0.499734745313239,-4.80427081790016,1.55316489077811e-06,3.41866123893626e-06,"Downregulated"
"ENSG00000260236.3","ENSG00000260236","PTPN23-DT","lncRNA",6.21975869097438,-5.16588537121567,1.07813774724245,-4.79148919924976,1.65547933896948e-06,3.63613315858529e-06,"Downregulated"
"ENSG00000131848.12","ENSG00000131848","ZSCAN5A","protein_coding",25.6709979179813,-1.76378305132394,0.368151665114075,-4.79091423035507,1.66023090016096e-06,3.64601700335393e-06,"Downregulated"
"ENSG00000180340.7","ENSG00000180340","FZD2","protein_coding",11.1494392761539,-1.79442548145971,0.374788703414764,-4.78783235756679,1.68592386141278e-06,3.70075864883277e-06,"Downregulated"
"ENSG00000299943.1","ENSG00000299943","ENSG00000299943","lncRNA",43.8291178423185,-5.23908698134651,1.09427366427021,-4.7877301194492,1.68678271563373e-06,3.70208316143632e-06,"Downregulated"
"ENSG00000178028.16","ENSG00000178028","DMAP1","protein_coding",94.0837195005752,-1.52372471134554,0.318369485639913,-4.78602623703996,1.7011582811606e-06,3.73306871753171e-06,"Downregulated"
"ENSG00000271155.1","ENSG00000271155","ENSG00000271155","lncRNA",15.0726315060313,-5.11854061626535,1.06974846514896,-4.78480762816764,1.71151176318411e-06,3.75408331649223e-06,"Downregulated"
"ENSG00000144843.14","ENSG00000144843","ADPRH","protein_coding",10.469118702659,-2.25805983240966,0.473653598452243,-4.7673232923561,1.86689611639795e-06,4.07885700570467e-06,"Downregulated"
"ENSG00000196357.14","ENSG00000196357","ZNF565","protein_coding",37.2340115910865,-1.27455756232073,0.268033294298932,-4.75522104690187,1.98229401193376e-06,4.32316099637983e-06,"Downregulated"
"ENSG00000236790.8","ENSG00000236790","LINC00299","lncRNA",27.8192225205383,-1.32107800967448,0.278514434390714,-4.74330177020988,2.10262688155056e-06,4.57801513933754e-06,"Downregulated"
"ENSG00000149050.12","ENSG00000149050","ZNF214","protein_coding",22.9276227276123,-3.67370608144356,0.775480276969967,-4.73733013017149,2.16552240905856e-06,4.70929633134404e-06,"Downregulated"
"ENSG00000293664.1","ENSG00000293664","ENSG00000293664","lncRNA",7.07050941142656,-4.30261751540338,0.910910280917082,-4.72342623147431,2.31904101938763e-06,5.03106922948585e-06,"Downregulated"
"ENSG00000163472.21","ENSG00000163472","TMEM79","protein_coding",111.419832099472,-1.09639989510912,0.232236686395154,-4.72104520662846,2.34635777154246e-06,5.08804680909671e-06,"Downregulated"
"ENSG00000235257.12","ENSG00000235257","ITGA9-AS1","lncRNA",51.2665643005792,-1.30297380098259,0.276026937974866,-4.72045884558281,2.35313216681415e-06,5.10197357293097e-06,"Downregulated"
"ENSG00000169562.15","ENSG00000169562","GJB1","protein_coding",84.4817411603759,-1.14425244974071,0.242408351603694,-4.72035077244953,2.35438281418519e-06,5.10392157713864e-06,"Downregulated"
"ENSG00000283959.3","ENSG00000283959","ENSG00000283959","lncRNA",8.91206702377866,-3.92829090669431,0.83224845944297,-4.7200939360387,2.35735754572614e-06,5.10960597557033e-06,"Downregulated"
"ENSG00000114473.16","ENSG00000114473","DRC9","protein_coding",20.2935041766622,-1.4668600541837,0.311620969279113,-4.70719302868818,2.51151068982535e-06,5.43317105791147e-06,"Downregulated"
"ENSG00000154556.22","ENSG00000154556","SORBS2","protein_coding",30.3302468229557,-1.78822806671053,0.380469928437591,-4.70005099760165,2.6009652940764e-06,5.61830213768894e-06,"Downregulated"
"ENSG00000151117.10","ENSG00000151117","TMEM86A","protein_coding",58.4860107863337,-1.01611957180271,0.216717194377762,-4.68868921416315,2.74960605640949e-06,5.92877413621281e-06,"Downregulated"
"ENSG00000166153.19","ENSG00000166153","DEPDC4","protein_coding",25.9770164295373,-1.2004346391055,0.256120037151276,-4.68700009752249,2.77238834994009e-06,5.97523081013263e-06,"Downregulated"
"ENSG00000158806.16","ENSG00000158806","NPM2","protein_coding",17.8845168695884,-1.36675293920121,0.291907722348883,-4.68214039766886,2.83894924814219e-06,6.1105083178489e-06,"Downregulated"
"ENSG00000128039.15","ENSG00000128039","SRD5A3","protein_coding",13.5872332263251,-2.21141200010756,0.472752077691653,-4.67774147266662,2.90051912093755e-06,6.23772283472962e-06,"Downregulated"
"ENSG00000214900.14","ENSG00000214900","LINC01588","lncRNA",29.0231274161908,-1.35114222076586,0.288843191518155,-4.67777070895902,2.90010571541269e-06,6.23772283472962e-06,"Downregulated"
"ENSG00000240204.4","ENSG00000240204","SMKR1","protein_coding",15.6581463215939,-1.41494520927631,0.302671152714988,-4.67485981595576,2.94154478990186e-06,6.32006925059417e-06,"Downregulated"
"ENSG00000120327.7","ENSG00000120327","PCDHB14","protein_coding",11.5549538498903,-2.04876470942956,0.438687797697928,-4.67021129874304,3.00890078982018e-06,6.45904165991319e-06,"Downregulated"
"ENSG00000254024.2","ENSG00000254024","GRHL2-DT","lncRNA",12.9264078039179,-3.67154430433771,0.786949568528488,-4.66553950998805,3.07808341465244e-06,6.60266205523136e-06,"Downregulated"
"ENSG00000204261.9","ENSG00000204261","PSMB8-AS1","lncRNA",14.9086634082103,-2.59897155304234,0.558056285545111,-4.65718534198331,3.20561833673106e-06,6.86911443677458e-06,"Downregulated"
"ENSG00000161040.21","ENSG00000161040","FBXL13","protein_coding",9.85750472504316,-2.17756700650577,0.467665988080668,-4.65624411867678,3.22030073044095e-06,6.8985363171545e-06,"Downregulated"
"ENSG00000293150.1","ENSG00000293150","ENSG00000293150","lncRNA",3.4569627620157,-5.29940607822305,1.13891829701408,-4.6530168951685,3.27113434135149e-06,7.00432607489153e-06,"Downregulated"
"ENSG00000127399.16","ENSG00000127399","LRRC61","protein_coding",89.1874417091879,-1.07273822176257,0.230643453368252,-4.65106729064539,3.30221548123554e-06,7.06774579147327e-06,"Downregulated"
"ENSG00000246174.11","ENSG00000246174","KCTD21-AS1","lncRNA",9.71289216581614,-1.95729026496775,0.421020780147848,-4.64891605654337,3.33683970611128e-06,7.13974324833377e-06,"Downregulated"
"ENSG00000171574.20","ENSG00000171574","ZNF584","protein_coding",50.2019720554844,-1.03104684426009,0.221812257137632,-4.64828615679402,3.34704369612186e-06,7.16051922707382e-06,"Downregulated"
"ENSG00000172915.21","ENSG00000172915","NBEA","protein_coding",10.6797342509168,-1.90842216980198,0.410594738835707,-4.64794598979409,3.35256662980557e-06,7.17127610319444e-06,"Downregulated"
"ENSG00000279806.1","ENSG00000279806","ENSG00000279806","TEC",73.6355933182148,-1.92529399563745,0.415686016233223,-4.63160635780744,3.62839522526925e-06,7.74642068423718e-06,"Downregulated"
"ENSG00000234665.10","ENSG00000234665","LERFS","lncRNA",21.7078523561229,-1.56569042731164,0.338363231337282,-4.62724753255165,3.70557527833376e-06,7.9030459063448e-06,"Downregulated"
"ENSG00000150773.14","ENSG00000150773","PIH1D2","protein_coding",7.20421821410979,-2.50027738474356,0.542284337687048,-4.61063912597541,4.01432875585738e-06,8.53891858650889e-06,"Downregulated"
"ENSG00000100867.17","ENSG00000100867","DHRS2","protein_coding",44.714549491138,-1.60079252731377,0.347229891483276,-4.61018065142837,4.02319214496641e-06,8.55651607937383e-06,"Downregulated"
"ENSG00000291208.2","ENSG00000291208","ENSG00000291208","lncRNA",5.76057621856802,-3.30464802843406,0.718165503043376,-4.60151318105636,4.19432608931269e-06,8.9113287914264e-06,"Downregulated"
"ENSG00000159915.15","ENSG00000159915","ZNF233","protein_coding",8.51171780025763,-4.91130208783031,1.0678898456754,-4.59907181224678,4.24377487764025e-06,9.01242460825946e-06,"Downregulated"
"ENSG00000183250.14","ENSG00000183250","LINC01547","lncRNA",8.49176206157741,-4.32109503535965,0.9397945467182,-4.5979145659539,4.26740905415636e-06,9.05996074023351e-06,"Downregulated"
"ENSG00000196741.6","ENSG00000196741","LINC01560","lncRNA",17.0777107380003,-2.18993879847968,0.476794684062817,-4.5930436552249,4.3682763644319e-06,9.26460721108549e-06,"Downregulated"
"ENSG00000273111.7","ENSG00000273111","LYPD4","protein_coding",4.60949860981465,-3.55388814248164,0.77377014648779,-4.59295070844106,4.37022314981343e-06,9.2673798488581e-06,"Downregulated"
"ENSG00000279348.1","ENSG00000279348","ENSG00000279348","TEC",18.2829083407413,-1.7024848236993,0.370742992647587,-4.59208901439066,4.38831109106242e-06,9.30437517654376e-06,"Downregulated"
"ENSG00000287778.3","ENSG00000287778","ENSG00000287778","lncRNA",16.0567346904008,-1.86424084975593,0.406042242648435,-4.59124853019308,4.40602290040698e-06,9.33919612003772e-06,"Downregulated"
"ENSG00000291201.2","ENSG00000291201","ENSG00000291201","lncRNA",23.6453055167588,-1.25432604256325,0.273568715013057,-4.58504929009657,4.53879349961187e-06,9.61499713439194e-06,"Downregulated"
"ENSG00000238164.7","ENSG00000238164","TNFRSF14-AS1","lncRNA",10.8058147039332,-2.62575596813241,0.573151600618711,-4.58125906880122,4.62184861849334e-06,9.78379056079544e-06,"Downregulated"
"ENSG00000198205.7","ENSG00000198205","ZXDA","protein_coding",39.9377085489684,-1.21979440989898,0.266441418637434,-4.57809606380621,4.69227209983039e-06,9.92416918720695e-06,"Downregulated"
"ENSG00000136367.16","ENSG00000136367","ZFHX2","protein_coding",8.88724767572878,-4.51364138688351,0.986753513582219,-4.57423391430106,4.77965612525881e-06,1.00986698596371e-05,"Downregulated"
"ENSG00000261211.3","ENSG00000261211","ENSG00000261211","lncRNA",10.4063813867809,-4.75330290111487,1.03998214834749,-4.570562012692,4.86417953191422e-06,1.02682723636564e-05,"Downregulated"
"ENSG00000146955.13","ENSG00000146955","RAB19","protein_coding",84.1256098663986,-1.1475565515498,0.251366364765289,-4.56527488322203,4.9884025316569e-06,1.05167194484684e-05,"Downregulated"
"ENSG00000062370.19","ENSG00000062370","ZNF112","protein_coding",22.7761461739158,-1.59894113621073,0.35030330118393,-4.56444781081636,5.00810762556615e-06,1.05536564940679e-05,"Downregulated"
"ENSG00000153558.19","ENSG00000153558","FBXL2","protein_coding",22.9590685680426,-1.06853317546564,0.234273862120335,-4.56104307068103,5.09001380324201e-06,1.07200232577508e-05,"Downregulated"
"ENSG00000291081.2","ENSG00000291081","ENSG00000291081","lncRNA",8.57169281780516,-2.63359166055672,0.577755162937317,-4.55831782993941,5.15649633248148e-06,1.0855308665067e-05,"Downregulated"
"ENSG00000256294.10","ENSG00000256294","ZNF225","protein_coding",26.3811778096637,-1.61975458434571,0.355361183200999,-4.55805152874433,5.16303718937144e-06,1.0867499629393e-05,"Downregulated"
"ENSG00000227704.3","ENSG00000227704","ENSG00000227704","lncRNA",12.4937302158013,-2.1747651762934,0.477567285232836,-4.55384035619839,5.26753365110123e-06,1.1079404596772e-05,"Downregulated"
"ENSG00000187676.10","ENSG00000187676","B3GLCT","protein_coding",104.418919100909,-1.1403300449891,0.251511099913566,-4.53391538338063,5.7900232019254e-06,1.21413711825066e-05,"Downregulated"
"ENSG00000154957.15","ENSG00000154957","ZNF18","protein_coding",35.2501415594785,-1.00151145764337,0.220904994540166,-4.53367502952167,5.79661896006413e-06,1.215344357194e-05,"Downregulated"
"ENSG00000248487.12","ENSG00000248487","ABHD14A","protein_coding",12.3526946047337,-2.29777441312085,0.506852201379838,-4.53342099899233,5.80359784836016e-06,1.2166315639872e-05,"Downregulated"
"ENSG00000267309.2","ENSG00000267309","ZNF566-AS1","lncRNA",7.59377390358937,-2.63318700207993,0.581433267027106,-4.52878627936708,5.93234652974532e-06,1.24290249976969e-05,"Downregulated"
"ENSG00000236039.4","ENSG00000236039","LINC02889","lncRNA",3.17101106759225,-5.16719825681314,1.14249273035101,-4.52274060004356,6.10440345364692e-06,1.27765763792968e-05,"Downregulated"
"ENSG00000272752.7","ENSG00000272752","STAG3L5P-PVRIG2P-PILRB","lncRNA",34.827672132068,-1.19366120097357,0.264267535508354,-4.51686658626985,6.27614196794171e-06,1.31227599768304e-05,"Downregulated"
"ENSG00000103254.12","ENSG00000103254","ANTKMT","protein_coding",95.1755287955061,-1.13423599508366,0.251459884365232,-4.51060413849646,6.46432565218088e-06,1.35006495678636e-05,"Downregulated"
"ENSG00000293473.2","ENSG00000293473","CENPBD1P","lncRNA",7.71758123475343,-4.87249878567639,1.08249027283466,-4.50119405961684,6.75727754722323e-06,1.40941949070753e-05,"Downregulated"
"ENSG00000167741.12","ENSG00000167741","GGT6","protein_coding",309.084681561361,-1.50135944231709,0.3339351149971,-4.49596156525835,6.92562467437433e-06,1.44370185243143e-05,"Downregulated"
"ENSG00000237036.8","ENSG00000237036","ZEB1-AS1","lncRNA",15.8519235382515,-1.49518543230173,0.332703261251514,-4.49405102516085,6.98808723235275e-06,1.45567572475573e-05,"Downregulated"
"ENSG00000159110.24","ENSG00000159110","IFNAR2","protein_coding",62.9566748880861,-1.00694741440427,0.224196702862622,-4.49135692696283,7.07708346391354e-06,1.47379068198067e-05,"Downregulated"
"ENSG00000260804.4","ENSG00000260804","LINC01963","lncRNA",30.9146983803438,-1.58437423693314,0.353274895311067,-4.48481977622005,7.29755887389978e-06,1.51774143514001e-05,"Downregulated"
"ENSG00000175611.15","ENSG00000175611","ERCC6L2-AS1","lncRNA",45.9414412370538,-1.79793664974704,0.40101635648753,-4.48344966648,7.34459328284583e-06,1.52642830711318e-05,"Downregulated"
"ENSG00000183150.10","ENSG00000183150","GPR19","protein_coding",11.0991176726028,-3.98664328650517,0.889579211854219,-4.48149330984871,7.41225569479344e-06,1.54004888213543e-05,"Downregulated"
"ENSG00000065413.22","ENSG00000065413","ANKRD44","protein_coding",14.9504695335698,-1.74452931390744,0.390091658236064,-4.47210104875337,7.74548097021959e-06,1.60720948196481e-05,"Downregulated"
"ENSG00000285212.2","ENSG00000285212","ENSG00000285212","lncRNA",19.2608260382624,-1.6908816305599,0.378490875389439,-4.46743036756198,7.91647670953669e-06,1.64104678121307e-05,"Downregulated"
"ENSG00000262772.3","ENSG00000262772","LINC01977","lncRNA",8.24342955558761,-3.75873190821145,0.84330137795724,-4.45716324727983,8.30513574931657e-06,1.71792788008986e-05,"Downregulated"
"ENSG00000167523.16","ENSG00000167523","SPATA33","protein_coding",53.4453178851297,-1.3229840411744,0.296946170881974,-4.45529921212635,8.37762709062229e-06,1.73242825053222e-05,"Downregulated"
"ENSG00000291046.2","ENSG00000291046","ENSG00000291046","lncRNA",18.2652383331597,-1.61067629678018,0.361736221497726,-4.45262653021411,8.48262228833043e-06,1.75313979182094e-05,"Downregulated"
"ENSG00000196653.14","ENSG00000196653","ZNF502","protein_coding",24.9056910281721,-2.24878190808065,0.505405536494292,-4.44946037528428,8.60863100058282e-06,1.77816819356394e-05,"Downregulated"
"ENSG00000258012.1","ENSG00000258012","ENSG00000258012","processed_pseudogene",5.94367205409546,-2.76381044948797,0.621225641604332,-4.44896389394094,8.62855182656797e-06,1.78177505087807e-05,"Downregulated"
"ENSG00000274979.1","ENSG00000274979","ENSG00000274979","lncRNA",5.77193976337918,-2.41131299957964,0.542101342647397,-4.44808527461636,8.66391357801037e-06,1.78882227628617e-05,"Downregulated"
"ENSG00000258920.1","ENSG00000258920","FOXN3-AS1","lncRNA",9.18916826867127,-3.98688610477861,0.899040777575354,-4.43459985822996,9.2243456411467e-06,1.90047223530705e-05,"Downregulated"
"ENSG00000268686.2","ENSG00000268686","ENSG00000268686","lncRNA",6.06387645593815,-3.10235825943145,0.701652830327525,-4.42150038500279,9.80178897833442e-06,2.01543027630565e-05,"Downregulated"
"ENSG00000157578.16","ENSG00000157578","LCA5L","protein_coding",5.03762705289037,-4.79675706782641,1.08501714066286,-4.4209044152943,9.82886473421105e-06,2.02042422309485e-05,"Downregulated"
"ENSG00000227121.3","ENSG00000227121","LINC02672","lncRNA",4.42238417689934,-3.92406462315434,0.887885694650379,-4.41956058848263,9.89017910739588e-06,2.03273969116978e-05,"Downregulated"
"ENSG00000290082.2","ENSG00000290082","ENSG00000290082","lncRNA",11.5732867518962,-3.69466658051485,0.83613760814811,-4.41873029571992,9.92824503540665e-06,2.03969559190691e-05,"Downregulated"
"ENSG00000165449.14","ENSG00000165449","SLC16A9","protein_coding",73.7113279409026,-1.21882924256282,0.275922371010866,-4.41729040707186,9.99459072907699e-06,2.05274388953775e-05,"Downregulated"
"ENSG00000225366.7","ENSG00000225366","CRIPTO3","protein_coding",17.6928332846571,-1.55104019249723,0.351365878449721,-4.41431649350998,1.01329625961115e-05,2.07880653939479e-05,"Downregulated"
"ENSG00000261713.8","ENSG00000261713","SSTR5-AS1","lncRNA",57.2866389843089,-4.49463578864318,1.01838141960956,-4.41350922365256,1.01708382707083e-05,2.08628150345513e-05,"Downregulated"
"ENSG00000136052.12","ENSG00000136052","SLC41A2","protein_coding",160.286249243512,-1.06901033634629,0.242404981985538,-4.41001801031492,1.03362022224896e-05,2.11720484252042e-05,"Downregulated"
"ENSG00000104883.10","ENSG00000104883","PEX11G","protein_coding",10.2911309295317,-3.46159014115462,0.786000710352204,-4.40405472356824,1.06246123519672e-05,2.17320934657316e-05,"Downregulated"
"ENSG00000187566.6","ENSG00000187566","NHLRC1","protein_coding",11.7251624238404,-2.29149998279103,0.520493693756227,-4.40255090557207,1.06985476459243e-05,2.18678917467891e-05,"Downregulated"
"ENSG00000258744.4","ENSG00000258744","ENSG00000258744","lncRNA",11.9850395664734,-2.99415361935124,0.680545947968285,-4.399634776006,1.08433216397945e-05,2.21544363744398e-05,"Downregulated"
"ENSG00000253958.3","ENSG00000253958","CLDN23","protein_coding",39.033354550415,-1.03630008164453,0.235607367396611,-4.39841968056995,1.09041966457094e-05,2.22756720876263e-05,"Downregulated"
"ENSG00000160182.4","ENSG00000160182","TFF1","protein_coding",6.53423453867135,-2.80304729760357,0.637348023694378,-4.39798539164796,1.09260331117767e-05,2.23171348634063e-05,"Downregulated"
"ENSG00000160229.15","ENSG00000160229","ZNF66","protein_coding",9.13323471520944,-1.96929523852983,0.448618308251407,-4.38968985952805,1.13512435624302e-05,2.3166064175009e-05,"Downregulated"
"ENSG00000183208.15","ENSG00000183208","GDPGP1","protein_coding",12.2981904083449,-2.12131876441277,0.484901409073997,-4.37474242127651,1.21575948148592e-05,2.4745486524851e-05,"Downregulated"
"ENSG00000259240.2","ENSG00000259240","MIR4713HG","lncRNA",18.6343577601335,-1.82355232261555,0.417428892988268,-4.36853402638519,1.25083330943079e-05,2.54379403876943e-05,"Downregulated"
"ENSG00000267015.2","ENSG00000267015","ENSG00000267015","lncRNA",5.83273588437817,-3.79484712235891,0.869350820381601,-4.36515044719595,1.27035295165746e-05,2.58204137102663e-05,"Downregulated"
"ENSG00000288095.3","ENSG00000288095","ENSG00000288095","lncRNA",9.1086777741271,-2.82334295145738,0.647423161806746,-4.36089271748999,1.29532869673402e-05,2.63096054282684e-05,"Downregulated"
"ENSG00000247708.9","ENSG00000247708","STX18-AS1","lncRNA",34.0823486918047,-1.09167542384533,0.250908510817938,-4.35089037150065,1.35585833461829e-05,2.74812573220814e-05,"Downregulated"
"ENSG00000248538.11","ENSG00000248538","PPP1R3B-DT","lncRNA",22.2742186946021,-1.43089069608716,0.329019766610227,-4.34895055342456,1.36790547237101e-05,2.77138069419832e-05,"Downregulated"
"ENSG00000235376.5","ENSG00000235376","RPEL1","protein_coding",16.6266682117335,-1.54890475946845,0.356434704784644,-4.34554979825631,1.38927248371949e-05,2.81231133315587e-05,"Downregulated"
"ENSG00000288720.2","ENSG00000288720","ENSG00000288720","lncRNA",13.5581814322538,-1.50643412325568,0.346768853541322,-4.34420250801496,1.39782526407686e-05,2.82777888595904e-05,"Downregulated"
"ENSG00000271270.9","ENSG00000271270","TMCC1-DT","lncRNA",6.80269664081702,-2.4822559737264,0.572384872672128,-4.33669038480736,1.44644145026171e-05,2.92150933758783e-05,"Downregulated"
"ENSG00000014138.12","ENSG00000014138","POLA2","protein_coding",45.3148714777961,-1.13337838635872,0.261359757426082,-4.33646861904232,1.44790087113367e-05,2.92401340428923e-05,"Downregulated"
"ENSG00000253669.5","ENSG00000253669","GASAL1","lncRNA",15.6483064760436,-3.81674471680047,0.880442919559807,-4.33502800920782,1.45741564229199e-05,2.94244462079904e-05,"Downregulated"
"ENSG00000168802.15","ENSG00000168802","CHTF8","protein_coding",11.3609411176461,-1.99109241389103,0.459413638897505,-4.33398629320023,1.46433296052117e-05,2.95535633209813e-05,"Downregulated"
"ENSG00000137691.15","ENSG00000137691","CFAP300","protein_coding",6.25035735836809,-2.61427117180752,0.603949934809586,-4.3286223263386,1.50044985255924e-05,3.02511397652873e-05,"Downregulated"
"ENSG00000103064.17","ENSG00000103064","SLC7A6","protein_coding",963.211466716323,-1.57534680616545,0.364055719879984,-4.32721344602079,1.51007610747083e-05,3.04325169649108e-05,"Downregulated"
"ENSG00000293268.2","ENSG00000293268","ENSG00000293268","protein_coding",33.44347499759,-1.32021712779928,0.305297045825876,-4.32436915407382,1.52968962615816e-05,3.08192159909413e-05,"Downregulated"
"ENSG00000102048.18","ENSG00000102048","ASB9","protein_coding",24.0548137931173,-1.26633929518488,0.29324108929992,-4.31842378640772,1.57147468324101e-05,3.16259007214675e-05,"Downregulated"
"ENSG00000238058.3","ENSG00000238058","CAMSAP1-DT","lncRNA",14.5441176498487,-1.95353297550605,0.452912939361001,-4.31326377705664,1.6086200217113e-05,3.23375244203636e-05,"Downregulated"
"ENSG00000170955.12","ENSG00000170955","CAVIN3","protein_coding",4.4858539041473,-3.65088016727463,0.846587299145369,-4.31246744542493,1.61442659226195e-05,3.24497505895425e-05,"Downregulated"
"ENSG00000223723.1","ENSG00000223723","TFDP1P2","processed_pseudogene",10.3667221114341,-2.39459648469923,0.555505347936387,-4.31066324310786,1.62765619835066e-05,3.26975237406401e-05,"Downregulated"
"ENSG00000175920.19","ENSG00000175920","DOK7","protein_coding",53.8807403619997,-1.52195967830777,0.353255190487652,-4.3083858901175,1.64450282964869e-05,3.3026794633133e-05,"Downregulated"
"ENSG00000196605.9","ENSG00000196605","ZNF846","protein_coding",21.7197774039553,-1.54795893413812,0.359305059299503,-4.30820244267088,1.64586708367432e-05,3.304961310324e-05,"Downregulated"
"ENSG00000205413.9","ENSG00000205413","SAMD9","protein_coding",77.8459609896059,-2.32658569689265,0.540119695471342,-4.30753722998811,1.65082316169803e-05,3.31399491055934e-05,"Downregulated"
"ENSG00000257261.8","ENSG00000257261","SLC38A4-AS1","lncRNA",26.3915014910181,-1.34139415162822,0.31168385175637,-4.30370115124454,1.67968202722073e-05,3.36633272555426e-05,"Downregulated"
"ENSG00000291049.2","ENSG00000291049","FAM86B3P","lncRNA",16.3299504003205,-1.47048449374425,0.341694954134168,-4.30350075689692,1.68120273434506e-05,3.3689145500731e-05,"Downregulated"
"ENSG00000277969.3","ENSG00000277969","ENSG00000277969","lncRNA",26.8401356101992,-1.48871156288391,0.346167101166834,-4.30055761470652,1.7036886840417e-05,3.41208629203044e-05,"Downregulated"
"ENSG00000118997.15","ENSG00000118997","DNAH7","protein_coding",5.20339091923957,-2.66672019126332,0.620835190832621,-4.29537537601067,1.74397987303466e-05,3.49036822538575e-05,"Downregulated"
"ENSG00000129646.17","ENSG00000129646","QRICH2","protein_coding",16.3358876407149,-1.73766931749688,0.404615963474527,-4.29461384216067,1.74997666426944e-05,3.50140298475669e-05,"Downregulated"
"ENSG00000259781.1","ENSG00000259781","HMGB1P6","processed_pseudogene",46.7838602332839,-1.13887863039812,0.265644040739827,-4.28723575814577,1.80910260582025e-05,3.61620896048925e-05,"Downregulated"
"ENSG00000189045.17","ENSG00000189045","ANKDD1B","protein_coding",8.69566506942349,-3.37887986321913,0.788612868257689,-4.28458626434059,1.83079563990993e-05,3.65856183309083e-05,"Downregulated"
"ENSG00000121742.20","ENSG00000121742","GJB6","protein_coding",16.2196163400381,-1.43359621667246,0.334592377009135,-4.28460513502171,1.83064026151308e-05,3.65856183309083e-05,"Downregulated"
"ENSG00000144619.17","ENSG00000144619","CNTN4","protein_coding",4.1446759114129,-4.88294331835351,1.14080457369876,-4.28026274695047,1.86672795655026e-05,3.72625641133973e-05,"Downregulated"
"ENSG00000215769.9","ENSG00000215769","ARHGAP27P1-BPTFP1-KPNA2P3","lncRNA",37.597743886108,-1.01964102402456,0.238470658801008,-4.27575043886383,1.90494522164113e-05,3.79873644740674e-05,"Downregulated"
"ENSG00000170917.15","ENSG00000170917","NUDT6","protein_coding",9.00475825852413,-2.16639132457096,0.507688066954607,-4.26717007072113,1.97968238569754e-05,3.94195618762417e-05,"Downregulated"
"ENSG00000235500.2","ENSG00000235500","SNX19P2","processed_pseudogene",9.24256427091231,-2.27879473708309,0.534760540668408,-4.26133673631712,2.0320777807587e-05,4.04128876063608e-05,"Downregulated"
"ENSG00000272086.3","ENSG00000272086","GOLPH3-DT","lncRNA",28.1487537968757,-1.23244072323533,0.289650897862396,-4.25491766927242,2.0912594986023e-05,4.15556460355745e-05,"Downregulated"
"ENSG00000271147.8","ENSG00000271147","ENSG00000271147","lncRNA",20.3816126475694,-2.33071769770819,0.548965423531678,-4.24565482232725,2.17955948733053e-05,4.32332002332249e-05,"Downregulated"
"ENSG00000128655.20","ENSG00000128655","PDE11A","protein_coding",7.04619565775316,-2.78453086715001,0.656581997111836,-4.24094915699573,2.22576555327803e-05,4.41135043737763e-05,"Downregulated"
"ENSG00000178531.7","ENSG00000178531","CTXN1","protein_coding",15.4736497984531,-1.61708954666272,0.38131219998156,-4.24085446712935,2.2267048364635e-05,4.41260857240927e-05,"Downregulated"
"ENSG00000198598.9","ENSG00000198598","MMP17","protein_coding",30.5924740793333,-1.54885941342714,0.365322124446173,-4.23970876599714,2.23809964362273e-05,4.43215906468716e-05,"Downregulated"
"ENSG00000176125.7","ENSG00000176125","UFSP1","protein_coding",8.43782487020989,-3.38859746331153,0.799415565057062,-4.23884348945552,2.24674219187871e-05,4.44745087347442e-05,"Downregulated"
"ENSG00000102837.8","ENSG00000102837","OLFM4","protein_coding",50.1759397462304,-1.08808850560013,0.256701987025411,-4.23872256778605,2.24795250734066e-05,4.44923896973243e-05,"Downregulated"
"ENSG00000204956.7","ENSG00000204956","PCDHGA1","protein_coding",9.54277678880444,-2.5370713484404,0.598836275167686,-4.23666944312946,2.26859736426235e-05,4.48581157086778e-05,"Downregulated"
"ENSG00000168661.17","ENSG00000168661","ZNF30","protein_coding",24.7108519384439,-1.08569694478964,0.256393224375308,-4.23449936102991,2.29061436296855e-05,4.52872896973263e-05,"Downregulated"
"ENSG00000105497.10","ENSG00000105497","ZNF175","protein_coding",47.317156531287,-1.00891949548604,0.238582678111573,-4.22880446925916,2.3493641533975e-05,4.64234869253295e-05,"Downregulated"
"ENSG00000237380.8","ENSG00000237380","HOXD-AS2","lncRNA",7.62928220470346,-2.27177544463487,0.537284876220667,-4.22825124097079,2.35514717244127e-05,4.65314148916413e-05,"Downregulated"
"ENSG00000214184.4","ENSG00000214184","GCC2-AS1","lncRNA",16.7691454298496,-1.33018549120639,0.314988681402145,-4.2229628229344,2.41111603516517e-05,4.75788311296481e-05,"Downregulated"
"ENSG00000139160.15","ENSG00000139160","ETFBKMT","protein_coding",11.2434412058858,-2.20265387083246,0.521655753501946,-4.22242802086577,2.41684593147258e-05,4.76789153810246e-05,"Downregulated"
"ENSG00000267060.9","ENSG00000267060","PTGES3L","protein_coding",11.0779686038651,-2.29120326049983,0.542641682993084,-4.22231342027042,2.4180754523843e-05,4.76966781760627e-05,"Downregulated"
"ENSG00000234912.12","ENSG00000234912","SNHG20","lncRNA",20.1525998809821,-1.30924382424446,0.310305756273153,-4.21920572782405,2.4516448766262e-05,4.83128060267431e-05,"Downregulated"
"ENSG00000148935.14","ENSG00000148935","GAS2","protein_coding",8.75155434836157,-3.03240818104833,0.71899052269295,-4.21759131078748,2.46925839727527e-05,4.86400607493723e-05,"Downregulated"
"ENSG00000160326.16","ENSG00000160326","SLC2A6","protein_coding",19.0577538316531,-1.74636739597548,0.41450175078758,-4.21317254428303,2.51808551958575e-05,4.95614496127077e-05,"Downregulated"
"ENSG00000163586.12","ENSG00000163586","FABP1","protein_coding",242.843618893895,-2.64775350388644,0.628453363629676,-4.21312647384709,2.51859940029862e-05,4.95648323046274e-05,"Downregulated"
"ENSG00000138823.15","ENSG00000138823","MTTP","protein_coding",9.54753107595247,-1.68356542563386,0.399747699292779,-4.21157001932061,2.53601919911627e-05,4.99008692920475e-05,"Downregulated"
"ENSG00000196876.19","ENSG00000196876","SCN8A","protein_coding",9.13131195287355,-2.32867512931489,0.553478225139898,-4.20734732378367,2.58385857470708e-05,5.08145996263468e-05,"Downregulated"
"ENSG00000307342.1","ENSG00000307342","ENSG00000307342","lncRNA",8.22260426696849,-4.66472815608981,1.10898601627319,-4.20630024873162,2.59585312378465e-05,5.10297117063038e-05,"Downregulated"
"ENSG00000291068.2","ENSG00000291068","ENSG00000291068","lncRNA",11.0638359041614,-1.7640878958891,0.419532275079534,-4.2048919729827,2.61206886175637e-05,5.13345564748757e-05,"Downregulated"
"ENSG00000056558.13","ENSG00000056558","TRAF1","protein_coding",31.2986403917154,-1.1564418369645,0.275278745483445,-4.20098484150513,2.6575638673138e-05,5.21720611827576e-05,"Downregulated"
"ENSG00000307433.1","ENSG00000307433","ENSG00000307433","lncRNA",7.9263025355857,-3.33015972583928,0.794604187276437,-4.19096674692043,2.7776837225243e-05,5.44416993600516e-05,"Downregulated"
"ENSG00000308240.1","ENSG00000308240","ENSG00000308240","lncRNA",5.35840022950465,-4.68884781581021,1.11884519673758,-4.19079228250909,2.77982063939445e-05,5.44688489806712e-05,"Downregulated"
"ENSG00000271780.3","ENSG00000271780","ENSG00000271780","lncRNA",11.158853797429,-2.20460547691657,0.526152160534383,-4.19005307262728,2.7888921608004e-05,5.46318264318998e-05,"Downregulated"
"ENSG00000177692.15","ENSG00000177692","DNAJC28","protein_coding",3.77822283409393,-4.72088434247467,1.12741810816932,-4.18734124302859,2.8224131162078e-05,5.52362064552105e-05,"Downregulated"
"ENSG00000214367.11","ENSG00000214367","HAUS3","protein_coding",26.3766113625306,-1.21428967027877,0.290051584524912,-4.18646108163039,2.83337488870953e-05,5.54133183362733e-05,"Downregulated"
"ENSG00000181585.7","ENSG00000181585","TMIE","protein_coding",4.25697676668001,-4.5490753229547,1.08704175479505,-4.18482114683109,2.85390713580807e-05,5.5784761548598e-05,"Downregulated"
"ENSG00000285796.2","ENSG00000285796","ENSG00000285796","lncRNA",10.2765269553242,-1.85290346835374,0.443424695729362,-4.17862037500192,2.93282755847579e-05,5.7281047139395e-05,"Downregulated"
"ENSG00000251191.9","ENSG00000251191","LINC00589","lncRNA",12.7133526382392,-1.65037740357073,0.395524469401512,-4.17263034589997,3.0110323860378e-05,5.87451283501075e-05,"Downregulated"
"ENSG00000162946.25","ENSG00000162946","DISC1","protein_coding",7.35880273594058,-4.60409765532044,1.10429730059256,-4.1692555554106,3.05596179596167e-05,5.95655660350727e-05,"Downregulated"
"ENSG00000198734.14","ENSG00000198734","F5","protein_coding",15.0323635249552,-4.54336144304251,1.09005161492257,-4.16802413834804,3.07251403944004e-05,5.9872090170183e-05,"Downregulated"
"ENSG00000128254.17","ENSG00000128254","YWHAH-AS1","lncRNA",6.97151030428554,-3.8345486759439,0.921620480787675,-4.16065913885362,3.17330406381958e-05,6.17199335563997e-05,"Downregulated"
"ENSG00000227014.7","ENSG00000227014","FKBP14-AS1","lncRNA",8.25702630131401,-2.04960801016625,0.492701248863032,-4.15994076511064,3.18330142629546e-05,6.18977650206277e-05,"Downregulated"
"ENSG00000270175.2","ENSG00000270175","ENSG00000270175","lncRNA",4.01814976983268,-5.03457256513973,1.21131271130704,-4.15629466953029,3.23450598427254e-05,6.28343977534554e-05,"Downregulated"
"ENSG00000198556.16","ENSG00000198556","ZNF789","protein_coding",41.7564431734314,-1.09785236106128,0.26419091835358,-4.15552649539592,3.24539330954518e-05,6.30374478513989e-05,"Downregulated"
"ENSG00000177406.6","ENSG00000177406","NINJ2-AS1","lncRNA",55.1694760972976,-1.2063148380366,0.290437881191991,-4.15343492069885,3.27521390642441e-05,6.35825853073042e-05,"Downregulated"
"ENSG00000254473.3","ENSG00000254473","UBQLN1-AS1","lncRNA",10.811552657119,-2.14864333311066,0.517809105674338,-4.14948928005525,3.33217891488725e-05,6.46451630984553e-05,"Downregulated"
"ENSG00000270574.1","ENSG00000270574","ENSG00000270574","lncRNA",8.69922579939904,-1.738935840317,0.419274994269186,-4.14748283128128,3.3615066874099e-05,6.51966741353644e-05,"Downregulated"
"ENSG00000238123.2","ENSG00000238123","MID1IP1-AS1","lncRNA",4.82183756875207,-4.58674069118116,1.10860849799525,-4.13738546969068,3.51285692062544e-05,6.80683547181493e-05,"Downregulated"
"ENSG00000255561.9","ENSG00000255561","FDXACB1","protein_coding",20.502571956704,-1.20654958007036,0.291650185451973,-4.13697518553111,3.51914149680768e-05,6.81810141333381e-05,"Downregulated"
"ENSG00000049540.21","ENSG00000049540","ELN","protein_coding",7.04547996314945,-4.64630360943988,1.12338501131346,-4.13598504755502,3.53435205671476e-05,6.84579810749667e-05,"Downregulated"
"ENSG00000231160.13","ENSG00000231160","KLF3-AS1","lncRNA",7.58485171238557,-2.09637261930806,0.507236489818828,-4.13292943505865,3.58168715687358e-05,6.93279154232829e-05,"Downregulated"
"ENSG00000230513.5","ENSG00000230513","THAP7-AS1","lncRNA",9.38611704216704,-2.8384868482235,0.687236724470793,-4.13028982176306,3.6230619628558e-05,7.00539212350985e-05,"Downregulated"
"ENSG00000288852.2","ENSG00000288852","ENSG00000288852","lncRNA",8.84996832880015,-2.13871840648408,0.517871707186081,-4.12982284377933,3.63042872614403e-05,7.01869971975444e-05,"Downregulated"
"ENSG00000229848.1","ENSG00000229848","ENSG00000229848","lncRNA",5.27816419887424,-4.73513798970547,1.14677317342059,-4.12909727874215,3.64190302554405e-05,7.03900488746123e-05,"Downregulated"
"ENSG00000112562.22","ENSG00000112562","SMOC2","protein_coding",12.7828072256315,-2.55491995377989,0.618939736783112,-4.12789776119219,3.66094810215006e-05,7.07392798618115e-05,"Downregulated"
"ENSG00000269001.5","ENSG00000269001","ZNF818P","transcribed_unprocessed_pseudogene",7.62721038006614,-2.0645506810788,0.501755865587238,-4.11465181112037,3.87764289686745e-05,7.48365972318592e-05,"Downregulated"
"ENSG00000284428.1","ENSG00000284428","ENSG00000284428","lncRNA",10.703344206216,-1.88223829820599,0.458520206786213,-4.10502802351651,4.04265870409346e-05,7.79071940687798e-05,"Downregulated"
"ENSG00000162078.14","ENSG00000162078","ZG16B","protein_coding",23.738225150415,-1.489872256031,0.363052121655203,-4.10374204463665,4.0652071727035e-05,7.83209018170953e-05,"Downregulated"
"ENSG00000198948.14","ENSG00000198948","MFAP3L","protein_coding",181.619743170099,-1.16777766747109,0.285103794169506,-4.09597378692475,4.20397501028489e-05,8.09083743015254e-05,"Downregulated"
"ENSG00000131018.26","ENSG00000131018","SYNE1","protein_coding",6.65542400984017,-2.11563711904712,0.516980482558403,-4.09229591913679,4.27123099976067e-05,8.21482145302344e-05,"Downregulated"
"ENSG00000268362.6","ENSG00000268362","ENSG00000268362","lncRNA",25.4106394517954,-1.08997831498984,0.26650843898049,-4.08984540662007,4.31660801291634e-05,8.29768978951898e-05,"Downregulated"
"ENSG00000143344.18","ENSG00000143344","RGL1","protein_coding",26.2117501821768,-4.40582245638368,1.0778969537442,-4.08742453634324,4.36188491792637e-05,8.38250049470746e-05,"Downregulated"
"ENSG00000106006.7","ENSG00000106006","HOXA6","protein_coding",39.6719420993387,-2.63071974763741,0.643820608203628,-4.0861067727819,4.38671968373781e-05,8.42799173495007e-05,"Downregulated"
"ENSG00000236423.9","ENSG00000236423","LINC01134","lncRNA",27.1650289552094,-2.4428099393358,0.598167945633038,-4.08381953123647,4.4301441091916e-05,8.50803716278886e-05,"Downregulated"
"ENSG00000254343.2","ENSG00000254343","ENSG00000254343","lncRNA",6.82543689736256,-2.45240096103559,0.600936345085511,-4.08096628052447,4.48488617559696e-05,8.61202735613504e-05,"Downregulated"
"ENSG00000181418.8","ENSG00000181418","DDN","protein_coding",98.1698752314202,-1.04297335682192,0.255702576952609,-4.07885352291626,4.52583399819608e-05,8.6883542590883e-05,"Downregulated"
"ENSG00000225975.9","ENSG00000225975","ZNF567-DT","lncRNA",5.44490216432888,-4.51050144677286,1.10694884163393,-4.07471535912632,4.6070661988809e-05,8.84195515218938e-05,"Downregulated"
"ENSG00000293246.2","ENSG00000293246","ZNF321P","lncRNA",6.0926325276949,-2.43616639331392,0.598391994913895,-4.07118814091834,4.677395163721e-05,8.97332468143502e-05,"Downregulated"
"ENSG00000008853.20","ENSG00000008853","RHOBTB2","protein_coding",254.052910311091,-1.04837835185649,0.257583190867909,-4.07005732138052,4.7001571723238e-05,9.01106994858003e-05,"Downregulated"
"ENSG00000255545.9","ENSG00000255545","B3GAT1-DT","lncRNA",22.7446795949395,-1.85007033936697,0.455050273425721,-4.06563944119674,4.79009436018466e-05,9.17621248748131e-05,"Downregulated"
"ENSG00000261008.10","ENSG00000261008","LINC01572","lncRNA",8.62801837996165,-1.91948266648277,0.472412235324556,-4.06315188929019,4.84145032597622e-05,9.2709167711479e-05,"Downregulated"
"ENSG00000223685.9","ENSG00000223685","LINC00571","lncRNA",6.54468723674187,-4.58923281495657,1.13013651276136,-4.0607774044423,4.8909586028493e-05,9.36077285690598e-05,"Downregulated"
"ENSG00000125388.22","ENSG00000125388","GRK4","protein_coding",15.1660057389444,-1.63341030334121,0.403771190344086,-4.04538595720325,5.22369907094148e-05,9.97257896668211e-05,"Downregulated"
"ENSG00000104537.19","ENSG00000104537","ANXA13","protein_coding",18.0341203514339,-3.57476113542754,0.883841162245921,-4.04457417025446,5.24183119771164e-05,0.000100058769385191,"Downregulated"
"ENSG00000248144.8","ENSG00000248144","ADH1C","protein_coding",4.58454285954802,-2.85145065910329,0.705709062036116,-4.04054703630454,5.33266680035985e-05,0.000101712302277988,"Downregulated"
"ENSG00000253616.5","ENSG00000253616","CHILL1","lncRNA",5.05058251012617,-3.78261244867679,0.936976636217471,-4.03704030865382,5.4129771181119e-05,0.000103135504070047,"Downregulated"
"ENSG00000135976.22","ENSG00000135976","ANKRD36","protein_coding",15.9899002645177,-1.35732081176353,0.336360689591886,-4.03531344108729,5.45294528229205e-05,0.000103856069169374,"Downregulated"
"ENSG00000166192.17","ENSG00000166192","SENP8","protein_coding",22.9829138339888,-1.57682812848073,0.390999495974639,-4.03281371130721,5.51129685192311e-05,0.0001049260561982,"Downregulated"
"ENSG00000187187.16","ENSG00000187187","ZNF546","protein_coding",3.97624412984817,-4.56173416775908,1.13224715831921,-4.02892083609278,5.60334817357596e-05,0.000106580550900988,"Downregulated"
"ENSG00000267128.3","ENSG00000267128","RNF157-AS1","lncRNA",10.3617961880648,-1.76346798337176,0.43799523335175,-4.02622642688793,5.66791127095013e-05,0.0001077944490008,"Downregulated"
"ENSG00000169550.15","ENSG00000169550","MUC15","protein_coding",6.80113285789236,-4.70344443550522,1.16909669632918,-4.02314406522014,5.74263446518079e-05,0.000109158261633526,"Downregulated"
"ENSG00000254469.13","ENSG00000254469","XNDC1N","protein_coding",12.7812871314963,-1.61171353843809,0.400772471100404,-4.02151758081785,5.78243912704603e-05,0.000109900469284133,"Downregulated"
"ENSG00000251247.15","ENSG00000251247","ZNF345","protein_coding",5.71533376454747,-2.44191750234889,0.607529114264704,-4.01942465803364,5.83404339695869e-05,0.000110794072741089,"Downregulated"
"ENSG00000253187.3","ENSG00000253187","HOXA10-AS","lncRNA",18.9067372183557,-1.95700799058109,0.487681167948466,-4.01288407098772,5.99813750028234e-05,0.000113820883401979,"Downregulated"
"ENSG00000263843.1","ENSG00000263843","MIF4GD-DT","lncRNA",6.81228719535583,-2.80654646360674,0.699864101721841,-4.0101306192187,6.06851675928322e-05,0.000115111184392058,"Downregulated"
"ENSG00000196188.14","ENSG00000196188","CTSE","protein_coding",4.34826438759345,-3.30897463249611,0.825542459965888,-4.00824281361959,6.11722081873549e-05,0.000116004663838151,"Downregulated"
"ENSG00000273820.2","ENSG00000273820","USP27X","protein_coding",22.5436985594606,-1.26417350312468,0.315623621399418,-4.00531968272705,6.19336637724239e-05,0.000117417929799839,"Downregulated"
"ENSG00000224914.5","ENSG00000224914","LINC00863","lncRNA",7.24533657400532,-2.66990700882743,0.666970647993314,-4.00303524129625,6.25349826935994e-05,0.000118511438367418,"Downregulated"
"ENSG00000186496.14","ENSG00000186496","ZNF396","protein_coding",11.3367980346349,-1.5108367866254,0.377735396018284,-3.99972256386655,6.34167835653643e-05,0.000120088334957436,"Downregulated"
"ENSG00000235092.8","ENSG00000235092","ID2-AS1","lncRNA",43.8908419482822,-1.09128117935888,0.273519838101633,-3.98976976197751,6.6137462122248e-05,0.000124865047039554,"Downregulated"
"ENSG00000258057.7","ENSG00000258057","BCDIN3D-AS1","lncRNA",11.0730964474186,-1.62467054287581,0.407370829605496,-3.988185762955,6.65805205470758e-05,0.000125652416169843,"Downregulated"
"ENSG00000081041.11","ENSG00000081041","CXCL2","protein_coding",7.64659736854149,-2.11933355289788,0.531412942557208,-3.98811053170714,6.66016330998545e-05,0.000125675894125403,"Downregulated"
"ENSG00000102003.14","ENSG00000102003","SYP","protein_coding",5.65988461853934,-2.82121141372577,0.70787238429096,-3.98548025934312,6.73437762410862e-05,0.00012701015165094,"Downregulated"
"ENSG00000307927.1","ENSG00000307927","ENSG00000307927","lncRNA",17.5227425985129,-2.85011412162308,0.715185519878659,-3.98513957903768,6.74404711680179e-05,0.000127159420786744,"Downregulated"
"ENSG00000293469.2","ENSG00000293469","CHMP1B2P","lncRNA",4.25536982984907,-2.75720336718743,0.692455061039983,-3.98177950067467,6.84012224297344e-05,0.000128937371937007,"Downregulated"
"ENSG00000185267.12","ENSG00000185267","CDNF","protein_coding",14.5775363569537,-1.7737493802514,0.445904302129754,-3.97787007611165,6.95353468252014e-05,0.000130938961303381,"Downregulated"
"ENSG00000155016.20","ENSG00000155016","CYP2U1","protein_coding",28.3959569433861,-1.10978015731221,0.279049022835534,-3.97700786060913,6.97878589468829e-05,0.00013138031330972,"Downregulated"
"ENSG00000215068.11","ENSG00000215068","ANXA2R-AS1","lncRNA",3.87075049188086,-3.26424000736516,0.823119408425113,-3.9656943742958,7.31825859543429e-05,0.000137396299475364,"Downregulated"
"ENSG00000123096.14","ENSG00000123096","SSPN","protein_coding",8.1089806372005,-1.76756813256246,0.446523875930014,-3.95850754650239,7.54195585352676e-05,0.000141412892003247,"Downregulated"
"ENSG00000184949.19","ENSG00000184949","FAM227A","protein_coding",3.67384919792749,-3.41598081808905,0.863247161776712,-3.95712950976678,7.58558089593739e-05,0.000142212468750226,"Downregulated"
"ENSG00000262172.1","ENSG00000262172","ENSG00000262172","lncRNA",11.5343625309973,-3.20592898124873,0.810475563192226,-3.9556146130076,7.63381386826047e-05,0.000143061205972883,"Downregulated"
"ENSG00000248456.2","ENSG00000248456","LINC02485","lncRNA",4.06865668421051,-3.34957169722248,0.847076447425912,-3.95427320332318,7.67676511243531e-05,0.000143847530397482,"Downregulated"
"ENSG00000249815.3","ENSG00000249815","LINC02945","lncRNA",4.45498631444748,-2.64446226769998,0.670449963006197,-3.9443096630845,8.00301888791662e-05,0.000149786581071533,"Downregulated"
"ENSG00000229043.4","ENSG00000229043","ZFAND2A-DT","lncRNA",25.2411629114276,-1.00388059969819,0.254554969840069,-3.94366922134305,8.02443215915666e-05,0.000150148574371205,"Downregulated"
"ENSG00000005243.12","ENSG00000005243","COPZ2","protein_coding",24.7115582804424,-1.5497503466007,0.393100629870984,-3.94237563829223,8.06784859660528e-05,0.000150902506275173,"Downregulated"
"ENSG00000186205.16","ENSG00000186205","MTARC1","protein_coding",78.9905887568064,-1.1406878161006,0.289353925828096,-3.94218883616697,8.07413654053718e-05,0.000151000628139715,"Downregulated"
"ENSG00000291083.2","ENSG00000291083","CYP2B7P","lncRNA",15.2714402546933,-1.28333642131053,0.325578977756384,-3.94170542015399,8.09043031317008e-05,0.000151266308990402,"Downregulated"
"ENSG00000138669.13","ENSG00000138669","PRKG2","protein_coding",22.5038004439369,-1.54134279614619,0.39120978328422,-3.93993929090055,8.15022315017757e-05,0.000152344942464044,"Downregulated"
"ENSG00000184441.4","ENSG00000184441","ENSG00000184441","lncRNA",14.5271109304709,-2.92560971798489,0.7426153466843,-3.93960309472115,8.16165239302131e-05,0.000152519234661076,"Downregulated"
"ENSG00000179546.7","ENSG00000179546","HTR1D","protein_coding",57.9119570632481,-1.07780658488442,0.273714703964898,-3.93770071271963,8.22661122255493e-05,0.000153693502432985,"Downregulated"
"ENSG00000261799.1","ENSG00000261799","ENSG00000261799","lncRNA",43.642853315,-1.07305073198648,0.272699454899248,-3.9349207074247,8.32241677184278e-05,0.00015544330952126,"Downregulated"
"ENSG00000213025.2","ENSG00000213025","COX20P1","processed_pseudogene",14.7448352305411,-1.661822214685,0.422587283603127,-3.93249460919817,8.40688656477129e-05,0.000156960319629819,"Downregulated"
"ENSG00000247735.2","ENSG00000247735","KCTD13-DT","lncRNA",12.3468431580845,-1.97686010236153,0.503335011360851,-3.92752353351449,8.58250252857089e-05,0.000160032973036605,"Downregulated"
"ENSG00000274922.4","ENSG00000274922","ENSG00000274922","lncRNA",5.82138559534763,-3.59036128687169,0.915897065812666,-3.92004890165905,8.853100265431e-05,0.000164845341188007,"Downregulated"
"ENSG00000248932.9","ENSG00000248932","COPB2-DT","lncRNA",35.1589312396012,-1.0724882464971,0.274092328806158,-3.91287217401689,9.12048185980223e-05,0.000169606086375278,"Downregulated"
"ENSG00000269386.7","ENSG00000269386","RAB11B-AS1","lncRNA",22.6787299583162,-1.3969786571687,0.35705807720415,-3.91246899694126,9.13572697648229e-05,0.000169867789765437,"Downregulated"
"ENSG00000296729.1","ENSG00000296729","ENSG00000296729","lncRNA",4.65947784978261,-3.11002432293006,0.795007294800344,-3.91194438500229,9.15559988108855e-05,0.000170215463087537,"Downregulated"
"ENSG00000204856.14","ENSG00000204856","FAM216A","protein_coding",26.859642885988,-1.28447212993009,0.328391171614569,-3.91140883481992,9.17592925133756e-05,0.000170571532465859,"Downregulated"
"ENSG00000259877.3","ENSG00000259877","ZNF778-DT","lncRNA",5.81376559884826,-4.1591915373407,1.06410326950603,-3.90863523920142,9.28189830055106e-05,0.000172452910476392,"Downregulated"
"ENSG00000168734.16","ENSG00000168734","PKIG","protein_coding",11.0651490849599,-1.47442721129457,0.377254678890962,-3.90830728893551,9.29450422697977e-05,0.000172664985588246,"Downregulated"
"ENSG00000308109.1","ENSG00000308109","ENSG00000308109","lncRNA",3.26784677146167,-3.8727084271184,0.991291560310956,-3.90672994926294,9.35536107719973e-05,0.000173684207956416,"Downregulated"
"ENSG00000255121.2","ENSG00000255121","CENATAC-DT","lncRNA",5.30549089641303,-4.38082745309661,1.12158424502138,-3.90592813026997,9.38644089986384e-05,0.000174216574693682,"Downregulated"
"ENSG00000159917.19","ENSG00000159917","ZNF235","protein_coding",35.3708162331677,-1.05130108751428,0.269295459540683,-3.9038945896355,9.46570209224069e-05,0.000175620221125019,"Downregulated"
"ENSG00000165730.18","ENSG00000165730","STOX1","protein_coding",5.17473127982784,-2.36642107442943,0.606234583289959,-3.9034742320162,9.48216498248815e-05,0.00017590314250668,"Downregulated"
"ENSG00000267530.6","ENSG00000267530","LINC01836","lncRNA",12.4821373815466,-2.600830687704,0.667232560928448,-3.89793730102884,9.70155255572701e-05,0.000179719927952954,"Downregulated"
"ENSG00000174586.13","ENSG00000174586","ZNF497","protein_coding",6.90427261613695,-2.77289865281934,0.711458331915535,-3.89748566912354,9.71965720955438e-05,0.000180009293649664,"Downregulated"
"ENSG00000260963.4","ENSG00000260963","LINC03064","lncRNA",9.47379858086584,-2.24994627468237,0.577288731247136,-3.89743667752137,9.72162306193962e-05,0.000180022695391808,"Downregulated"
"ENSG00000234949.3","ENSG00000234949","RAB17-DT","lncRNA",17.734375701866,-1.29932869750388,0.333721686510367,-3.89344999149017,9.88285830412324e-05,0.000182914920234169,"Downregulated"
"ENSG00000021645.20","ENSG00000021645","NRXN3","protein_coding",228.232666341064,-2.30002931208311,0.591728940911855,-3.88696437348284,0.000101505644834396,0.000187654012621517,"Downregulated"
"ENSG00000164241.15","ENSG00000164241","C5orf63","protein_coding",26.7474303348734,-1.22621786733664,0.31609387676579,-3.87928383771004,0.000104764452649464,0.000193357927635766,"Downregulated"
"ENSG00000169989.5","ENSG00000169989","TIGD4","protein_coding",10.1266968338326,-2.17942854673788,0.562258245544915,-3.87620557636407,0.000106098053114877,0.000195669761483939,"Downregulated"
"ENSG00000274349.7","ENSG00000274349","ZNF658","protein_coding",5.62895139635545,-4.31201795166002,1.11297546592024,-3.87431536785471,0.000106924872748616,0.000197144434589433,"Downregulated"
"ENSG00000238005.5","ENSG00000238005","LNCATV","lncRNA",5.41053553246328,-3.59615550394664,0.928813059851005,-3.87177534360199,0.000108045514098794,0.00019913462931702,"Downregulated"
"ENSG00000275765.7","ENSG00000275765","ENSG00000275765","lncRNA",9.646253387268,-3.58027000792638,0.924916661724031,-3.87091092212871,0.000108429411756926,0.0001997913585736,"Downregulated"
"ENSG00000293470.3","ENSG00000293470","ENSG00000293470","lncRNA",18.7923637606813,-1.47696187030211,0.381725866562701,-3.86916894996297,0.000109206951157864,0.000201147322849486,"Downregulated"
"ENSG00000171766.19","ENSG00000171766","GATM","protein_coding",7.83633265854987,-4.18214660491922,1.08098075417154,-3.86884464758523,0.000109352285010558,0.000201389415983354,"Downregulated"
"ENSG00000112852.8","ENSG00000112852","PCDHB2","protein_coding",12.153734553339,-1.43276499238238,0.370447672575667,-3.86765823745248,0.000109885522803638,0.000202320035125184,"Downregulated"
"ENSG00000166961.17","ENSG00000166961","MS4A15","protein_coding",4.75660652511589,-2.50702280601455,0.648313482325438,-3.86699162420948,0.000110186210795905,0.000202822122044234,"Downregulated"
"ENSG00000293303.2","ENSG00000293303","ENSG00000293303","lncRNA",8.60572267832359,-1.88224478875077,0.487452781924103,-3.86138895611809,0.000112744251915426,0.000207372724807508,"Downregulated"
"ENSG00000111962.10","ENSG00000111962","UST","protein_coding",14.1519461992522,-1.5432367801412,0.399680922445048,-3.86117198364248,0.000112844434165209,0.000207530652274391,"Downregulated"
"ENSG00000213300.5","ENSG00000213300","HNRNPA3P6","processed_pseudogene",27.6308515601116,-1.29371209778665,0.335486781536903,-3.85622375898093,0.000115152090240693,0.000211533032294095,"Downregulated"
"ENSG00000161677.14","ENSG00000161677","JOSD2","protein_coding",68.3546372517176,-1.05351366561507,0.273500659314284,-3.85196024117974,0.00011717605115725,0.000215223743139527,"Downregulated"
"ENSG00000150722.13","ENSG00000150722","PPP1R1C","protein_coding",8.04339770158673,-1.83622935100305,0.476977361361264,-3.84972013296934,0.000118252864334786,0.000217174060314246,"Downregulated"
"ENSG00000236756.5","ENSG00000236756","DNAJC9-AS1","lncRNA",11.8555578762642,-1.68658838179531,0.438636864165566,-3.84506757087953,0.000120519223618376,0.000221112114024245,"Downregulated"
"ENSG00000273084.3","ENSG00000273084","LINC03073","lncRNA",20.2602647002197,-1.37292589746824,0.357209311364744,-3.84347735008048,0.000121303199420961,0.000222494110366861,"Downregulated"
"ENSG00000251602.8","ENSG00000251602","MTA1-DT","lncRNA",5.0136776751018,-4.49851796627203,1.17206262307092,-3.83812082880475,0.000123979475465416,0.000227029385701897,"Downregulated"
"ENSG00000105419.20","ENSG00000105419","MEIS3","protein_coding",4.88233604638646,-2.44928837707009,0.640075767928138,-3.82656007272108,0.000129946448353031,0.000237445962619105,"Downregulated"
"ENSG00000114670.16","ENSG00000114670","NEK11","protein_coding",25.0826578894974,-2.25748598823225,0.590679505558751,-3.8218458012976,0.000132456508892376,0.00024181906360145,"Downregulated"
"ENSG00000169413.5","ENSG00000169413","RNASE6","protein_coding",9.17589842997414,-4.15207456281312,1.08649993823818,-3.82151385074716,0.000132634963033517,0.000242114357511239,"Downregulated"
"ENSG00000224536.3","ENSG00000224536","CSRP1-AS1","lncRNA",16.3635401993038,-2.18290374549945,0.571925690801777,-3.81676112929857,0.000135214960765058,0.000246606495268968,"Downregulated"
"ENSG00000203865.13","ENSG00000203865","ATP1A1-AS1","lncRNA",50.8093869653721,-1.05318278942521,0.275997032323962,-3.81592070232479,0.000135676074809587,0.000247385213404698,"Downregulated"
"ENSG00000206337.13","ENSG00000206337","HCP5","lncRNA",172.783670662234,-1.08848918740803,0.285545621206102,-3.81196245563289,0.000137867821405288,0.000251286689448551,"Downregulated"
"ENSG00000289507.1","ENSG00000289507","ENSG00000289507","lncRNA",9.5538229715063,-2.10377269126311,0.552730795412251,-3.80614344039584,0.00014115053977145,0.000256979098287418,"Downregulated"
"ENSG00000250874.2","ENSG00000250874","ENSG00000250874","lncRNA",4.67995088682314,-2.38611562932547,0.627336720637981,-3.80356441895967,0.000142628881471895,0.000259605344171151,"Downregulated"
"ENSG00000132016.14","ENSG00000132016","BRME1","protein_coding",38.3434572087228,-1.6500466946926,0.434140387196355,-3.80072147940089,0.00014427539745102,0.00026240450048446,"Downregulated"
"ENSG00000291106.2","ENSG00000291106","SNHG33","lncRNA",20.5899960270095,-1.99841788161763,0.526384717624143,-3.79649677262205,0.000146755272373062,0.000266780909085602,"Downregulated"
"ENSG00000248771.6","ENSG00000248771","SMIM31","protein_coding",21.376095056194,-1.08484758773268,0.286069046477517,-3.79225785204952,0.000149283789505802,0.00027120730569363,"Downregulated"
"ENSG00000186792.19","ENSG00000186792","HYAL3","protein_coding",63.6065709262759,-1.10670810874511,0.292031922163704,-3.78968196540078,0.000150840282178154,0.000273966332789299,"Downregulated"
"ENSG00000120322.5","ENSG00000120322","PCDHB8","protein_coding",6.2009489435004,-2.26243145414197,0.59733152810366,-3.7875641041826,0.000152131441988461,0.000276207574204057,"Downregulated"
"ENSG00000196611.7","ENSG00000196611","MMP1","protein_coding",6.23896169042005,-2.06851891844699,0.547066829101038,-3.78110828222955,0.000156131741354437,0.000283151194557439,"Downregulated"
"ENSG00000171174.17","ENSG00000171174","RBKS","protein_coding",7.41020868602631,-4.17463969799915,1.10424456648394,-3.78053904425518,0.000156489174700045,0.000283728402321162,"Downregulated"
"ENSG00000212127.6","ENSG00000212127","TAS2R14","protein_coding",8.62065367890369,-1.6266710958818,0.430412021853114,-3.77933471485825,0.000157247931645842,0.00028503277365998,"Downregulated"
"ENSG00000113108.22","ENSG00000113108","APBB3","protein_coding",13.1586824116774,-1.39947629035277,0.370431762143432,-3.77795975770266,0.000158118420847345,0.000286538971479269,"Downregulated"
"ENSG00000288953.1","ENSG00000288953","ENSG00000288953","lncRNA",7.47939521994083,-2.30660835573492,0.612372818055724,-3.76667332011629,0.000165437246634658,0.000299278064939391,"Downregulated"
"ENSG00000171121.18","ENSG00000171121","KCNMB3","protein_coding",7.64686622391164,-2.18355619682757,0.579898104249092,-3.76541358012379,0.00016627362724703,0.000300716012238108,"Downregulated"
"ENSG00000174514.15","ENSG00000174514","SLC60A1","protein_coding",15.1686648214661,-1.55042725966627,0.412571425272819,-3.75796083948623,0.000171303681969205,0.000309465589516045,"Downregulated"
"ENSG00000168038.13","ENSG00000168038","ULK4","protein_coding",20.2239705544102,-1.05333371907637,0.280423389444615,-3.75622633034469,0.000172494706545761,0.00031150072115404,"Downregulated"
"ENSG00000280106.1","ENSG00000280106","ENSG00000280106","TEC",5.79544313431375,-2.29877799629446,0.613286674247265,-3.74829275251404,0.000178042368143071,0.000320959074403456,"Downregulated"
"ENSG00000178878.15","ENSG00000178878","APOLD1","protein_coding",48.5879339232276,-1.29179145808162,0.345166354252947,-3.74251847598958,0.000182185132936328,0.000327978502672454,"Downregulated"
"ENSG00000188010.18","ENSG00000188010","MORN2","protein_coding",7.67652604655079,-2.12385749971605,0.56907099040521,-3.73214859925252,0.000189853442369324,0.000341105391373201,"Downregulated"
"ENSG00000078487.20","ENSG00000078487","ZCWPW1","protein_coding",14.8381128348383,-1.75817167839986,0.47120564826076,-3.73121944715507,0.000190555141002146,0.000342178861740038,"Downregulated"
"ENSG00000266947.4","ENSG00000266947","ENSG00000266947","lncRNA",4.0269661866908,-4.13123141731417,1.1096569661506,-3.72298065378295,0.000196884613444305,0.000352950497035487,"Downregulated"
"ENSG00000277142.1","ENSG00000277142","LINC00235","lncRNA",6.33085822438787,-4.3072355536963,1.15702770294486,-3.72267279576243,0.000197124912273424,0.000353337566934627,"Downregulated"
"ENSG00000224417.2","ENSG00000224417","ENSG00000224417","lncRNA",25.5434918237504,-3.8741494885435,1.04083218025004,-3.72216536157903,0.000197521591983824,0.000353961037594853,"Downregulated"
"ENSG00000152689.21","ENSG00000152689","RASGRP3","protein_coding",9.38509478893408,-1.65466030111908,0.445526590854838,-3.71394286016523,0.000204054886506242,0.000365217168735145,"Downregulated"
"ENSG00000174628.19","ENSG00000174628","IQCK","protein_coding",29.0356184724367,-1.24452599074386,0.335566093997933,-3.70873581390951,0.00020829661681457,0.000372578939876172,"Downregulated"
"ENSG00000170100.16","ENSG00000170100","ZNF778","protein_coding",26.4937701226619,-1.04232209100366,0.281173381909453,-3.70704397381159,0.000209692543473261,0.000374936994449661,"Downregulated"
"ENSG00000250326.3","ENSG00000250326","USP38-DT","lncRNA",8.46770889394326,-2.60026351644157,0.70278185188098,-3.69995825800285,0.000215634932047091,0.000385087053016197,"Downregulated"
"ENSG00000149243.18","ENSG00000149243","KLHL35","protein_coding",8.82001363605485,-1.75215514927834,0.474347478901755,-3.69382199170755,0.000220908472574952,0.000394067649502241,"Downregulated"
"ENSG00000212993.6","ENSG00000212993","POU5F1B","protein_coding",13.7446203580326,-2.65421562594594,0.719042996561166,-3.69131698471409,0.000223095895367108,0.000397803463569088,"Downregulated"
"ENSG00000119737.7","ENSG00000119737","GPR75","protein_coding",5.82142683588596,-2.92868791246441,0.795439654342922,-3.68184801508754,0.000231549439664513,0.000412187013833451,"Downregulated"
"ENSG00000029534.23","ENSG00000029534","ANK1","protein_coding",3.32377128176781,-3.39767386748832,0.922943303113338,-3.68134624957681,0.00023200567932199,0.000412897740971912,"Downregulated"
"ENSG00000206535.10","ENSG00000206535","LNP1","protein_coding",14.2256307335796,-1.5451846253767,0.420025925207017,-3.67878393367058,0.00023434869609598,0.000416862808864974,"Downregulated"
"ENSG00000304501.1","ENSG00000304501","ENSG00000304501","lncRNA",8.84138171079866,-1.79638182019591,0.488497148010175,-3.6773639877187,0.000235656657516397,0.000419137982416252,"Downregulated"
"ENSG00000185010.16","ENSG00000185010","F8","protein_coding",6.74497490292658,-4.19295906368746,1.141431807028,-3.67342055641928,0.000239325106992867,0.000425453808947574,"Downregulated"
"ENSG00000183671.14","ENSG00000183671","CMKLR2","protein_coding",5.38417828024931,-4.23011919826777,1.15191241974254,-3.67225765237711,0.000240417107615999,0.000427185473709055,"Downregulated"
"ENSG00000262823.2","ENSG00000262823","ENSG00000262823","lncRNA",20.8544286518816,-2.03379556388225,0.554658462575261,-3.6667529680146,0.000245649897035542,0.000436162497897461,"Downregulated"
"ENSG00000247853.2","ENSG00000247853","CHD4-AS1","lncRNA",6.09281285514432,-2.75867510366689,0.754373429793861,-3.65690915760477,0.000255274797452777,0.000452697303559184,"Downregulated"
"ENSG00000277782.2","ENSG00000277782","ENSG00000277782","lncRNA",6.41494830349758,-2.57992647447186,0.705551058799737,-3.65661200886122,0.000255570764411985,0.000453166709636423,"Downregulated"
"ENSG00000114656.14","ENSG00000114656","CFAP92","protein_coding",14.711374819152,-2.08088025148805,0.569516643401674,-3.65376547919501,0.000258422324698683,0.000457830847131212,"Downregulated"
"ENSG00000204147.12","ENSG00000204147","ASAH2B","protein_coding",21.8881599223753,-1.08205524432227,0.298098963991176,-3.62985241489901,0.000283583315429808,0.000500266513354689,"Downregulated"
"ENSG00000287051.1","ENSG00000287051","KRT86-AS1","lncRNA",11.6547148014696,-1.93998435790617,0.53479292065404,-3.62754307879321,0.000286131046137026,0.000504638082100253,"Downregulated"
"ENSG00000148734.9","ENSG00000148734","NPFFR1","protein_coding",68.8867903549955,-2.19223453896957,0.604785971410422,-3.62481049925325,0.00028917340970597,0.000509631649453839,"Downregulated"
"ENSG00000284052.2","ENSG00000284052","ENSG00000284052","lncRNA",8.39544910522303,-2.35084708768557,0.648703678934237,-3.62391514650851,0.000290176839459777,0.000511151423052278,"Downregulated"
"ENSG00000105519.19","ENSG00000105519","CAPS","protein_coding",80.5197239209317,-1.12275996932223,0.309914897627342,-3.62280089765898,0.000291430143599896,0.000513296747818387,"Downregulated"
"ENSG00000156968.10","ENSG00000156968","MPV17L","protein_coding",8.44873554750207,-4.12222936445744,1.13835790721708,-3.62120677365432,0.000293232029229848,0.000516282173198756,"Downregulated"
"ENSG00000131778.22","ENSG00000131778","CHD1L","protein_coding",19.2224913119979,-1.32165527132018,0.365217853258431,-3.61881342746124,0.000295956904674759,0.000520763412159616,"Downregulated"
"ENSG00000250162.1","ENSG00000250162","CSNK1A1P3","processed_pseudogene",15.0317014883778,-1.49489011350759,0.413479415738539,-3.61539185895744,0.000299893645296629,0.000527242352012465,"Downregulated"
"ENSG00000309281.1","ENSG00000309281","ENSG00000309281","lncRNA",10.2838202537047,-2.06100923380671,0.570146320615582,-3.61487772398751,0.00030048941256256,0.000528225687391633,"Downregulated"
"ENSG00000145002.15","ENSG00000145002","FAM86B2","protein_coding",6.65022406126351,-1.85619890818407,0.513563932576048,-3.61434826404832,0.000301104096383545,0.000529242033328119,"Downregulated"
"ENSG00000257138.1","ENSG00000257138","TAS2R38","protein_coding",9.21289064379854,-4.03559429927837,1.11665244813766,-3.61401106137268,0.000301496190077838,0.000529866939923361,"Downregulated"
"ENSG00000271646.2","ENSG00000271646","IRF2-DT","lncRNA",3.89166062034394,-3.15979231456374,0.874831181762147,-3.6118880767362,0.000303975764252384,0.00053403040072076,"Downregulated"
"ENSG00000132122.14","ENSG00000132122","SPATA6","protein_coding",13.3586587377567,-1.25604975550183,0.347966812053684,-3.6096826248707,0.000306571872139036,0.000538395488492355,"Downregulated"
"ENSG00000005448.19","ENSG00000005448","WDR54","protein_coding",11.4817534307331,-2.13191876835385,0.590897064677233,-3.60793596007855,0.000308642643832303,0.000541769524517653,"Downregulated"
"ENSG00000174469.23","ENSG00000174469","CNTNAP2","protein_coding",18.1836360336586,-2.55647142528858,0.71041299302896,-3.59857076147868,0.000319970794869917,0.000560567790045313,"Downregulated"
"ENSG00000221916.4","ENSG00000221916","C19orf73","protein_coding",5.86645902009272,-4.04889808086807,1.12774047694009,-3.59027468079713,0.000330329673139193,0.000578156717769709,"Downregulated"
"ENSG00000100473.20","ENSG00000100473","COCH","protein_coding",18.362039837527,-1.42171315927563,0.396181779780957,-3.58853746394312,0.00033253821336939,0.000581951912588962,"Downregulated"
"ENSG00000168517.13","ENSG00000168517","HEXIM2","protein_coding",25.0497124435878,-1.59009230884847,0.44318939520462,-3.58783925349641,0.000333429741397104,0.000583441658093073,"Downregulated"
"ENSG00000273329.3","ENSG00000273329","ENSG00000273329","lncRNA",10.2984083235529,-1.79170196324249,0.499404880283745,-3.58767411769085,0.000333640926100411,0.000583740710014145,"Downregulated"
"ENSG00000267475.4","ENSG00000267475","NUDT19-DT","lncRNA",11.8447758009805,-1.95905299285673,0.546773350685452,-3.58293430065822,0.000339756082963753,0.000594009549319666,"Downregulated"
"ENSG00000277013.2","ENSG00000277013","SUNO1","lncRNA",2.87422134332865,-3.51149311091898,0.980611380644349,-3.58092224935388,0.000342383537680614,0.000598242371360919,"Downregulated"
"ENSG00000291029.2","ENSG00000291029","ENSG00000291029","lncRNA",20.18897877871,-1.22970466278371,0.344009738658035,-3.57462165920282,0.000350734699508488,0.000612096250635478,"Downregulated"
"ENSG00000112212.13","ENSG00000112212","TSPO2","protein_coding",2.8820281052179,-3.27735676981303,0.916903104896509,-3.57437634610579,0.000351063673185216,0.000612596598651433,"Downregulated"
"ENSG00000230865.1","ENSG00000230865","TSEN15P1","processed_pseudogene",9.18604154663253,-1.75224196345966,0.491075371090547,-3.56817316976903,0.00035947889802675,0.000626752669658765,"Downregulated"
"ENSG00000235013.1","ENSG00000235013","COX20P2","processed_pseudogene",12.5582940047332,-2.08808005132388,0.585407627487028,-3.56688220870533,0.000361253763775503,0.000629544197286506,"Downregulated"
"ENSG00000268471.7","ENSG00000268471","MIR4453HG","lncRNA",12.3127339975358,-1.49104155864917,0.418907971314341,-3.55935351139526,0.000371768830269688,0.000647090306061532,"Downregulated"
"ENSG00000270344.5","ENSG00000270344","POC1B-AS1","lncRNA",29.2364260037023,-1.32702656343402,0.373151434843503,-3.5562681515363,0.000376160141607448,0.000654262214615355,"Downregulated"
"ENSG00000197479.7","ENSG00000197479","PCDHB11","protein_coding",8.11648641715325,-3.25054845397307,0.91445581158232,-3.55462605497418,0.000378517017574091,0.000658282565544669,"Downregulated"
"ENSG00000248663.8","ENSG00000248663","LINC00992","lncRNA",11.9748190838237,-1.22233237735715,0.344132171844359,-3.55192707152639,0.000382420837292628,0.000664832386521684,"Downregulated"
"ENSG00000257839.2","ENSG00000257839","PHLDA1-DT","lncRNA",6.06827105875249,-2.78633310509621,0.784783119062542,-3.55044984711777,0.00038457340233216,0.000668414217629847,"Downregulated"
"ENSG00000198443.8","ENSG00000198443","KRTAP4-1","protein_coding",10.4466859896152,-3.73864191689343,1.0544698608068,-3.54551804262372,0.000391842161350502,0.000680313478170776,"Downregulated"
"ENSG00000256008.4","ENSG00000256008","CABP1-DT","lncRNA",7.08893836598347,-1.73987976748521,0.490835789631624,-3.54472881610977,0.00039301721317482,0.000682271855933097,"Downregulated"
"ENSG00000181798.5","ENSG00000181798","LINC00471","lncRNA",9.58624202465762,-1.46065230077769,0.41230652623618,-3.54263686803976,0.00039614779136867,0.000687459441086668,"Downregulated"
"ENSG00000227359.2","ENSG00000227359","LINC02936","lncRNA",18.3836972963123,-1.92858296531064,0.545386800818606,-3.53617462398413,0.000405966249542051,0.000703739579947775,"Downregulated"
"ENSG00000215246.7","ENSG00000215246","LINC02982","lncRNA",14.4171743758982,-3.2348300994497,0.915511513615257,-3.53335818429601,0.000410316156800101,0.000710939950304527,"Downregulated"
"ENSG00000276672.1","ENSG00000276672","ENSG00000276672","lncRNA",9.34772648221167,-1.54100228029235,0.4365433992973,-3.53000934792025,0.000415544984534588,0.000719311743415582,"Downregulated"
"ENSG00000127152.18","ENSG00000127152","BCL11B","protein_coding",35.3260508608234,-1.28218281424742,0.363500258447842,-3.5273229783175,0.000419784358532591,0.00072630311889378,"Downregulated"
"ENSG00000236810.9","ENSG00000236810","ELOA-AS1","lncRNA",10.6429284271633,-1.60419921118747,0.455032671425627,-3.52545940528067,0.000422748963509349,0.000730908849818359,"Downregulated"
"ENSG00000293192.2","ENSG00000293192","ENSG00000293192","lncRNA",7.14504190379891,-1.91466770930752,0.543094305352136,-3.52547925919804,0.000422717276770623,0.000730908849818359,"Downregulated"
"ENSG00000160223.20","ENSG00000160223","ICOSLG","protein_coding",13.8652341933098,-1.33352545296027,0.378681183962907,-3.52149911174592,0.000429114105188098,0.000741294744592432,"Downregulated"
"ENSG00000141756.22","ENSG00000141756","FKBP10","protein_coding",192.888252755314,-2.44900412859215,0.695819603963896,-3.51959633594805,0.000432204043953115,0.000746454654387862,"Downregulated"
"ENSG00000290555.2","ENSG00000290555","LINC00680","lncRNA",17.1006740905015,-1.09799347537285,0.312962801467736,-3.50838332933968,0.000450838931768507,0.000777064438533445,"Downregulated"
"ENSG00000115266.12","ENSG00000115266","APC2","protein_coding",3.70510313069521,-3.06870435843272,0.874768142737508,-3.50802024960521,0.000451454685166192,0.000777940701240006,"Downregulated"
"ENSG00000258404.2","ENSG00000258404","LINC02320","lncRNA",20.04510626262,-1.06482013938619,0.303983497394367,-3.50288798080628,0.000460242972592709,0.000792142655441038,"Downregulated"
"ENSG00000234155.2","ENSG00000234155","LINC02535","lncRNA",19.3178762431568,-1.37797896344478,0.393442583246966,-3.50236355219287,0.000461149915716325,0.000793609378762733,"Downregulated"
"ENSG00000248690.9","ENSG00000248690","HAS2-AS1","lncRNA",17.7389349969574,-1.12847984416041,0.322370589102133,-3.50056699435097,0.000464269527091244,0.000798693493186883,"Downregulated"
"ENSG00000257956.1","ENSG00000257956","NOP56P3","processed_pseudogene",17.0009960395453,-1.23905798355196,0.354025105766782,-3.49991558047357,0.000465405522760283,0.000800457730339666,"Downregulated"
"ENSG00000128872.12","ENSG00000128872","TMOD2","protein_coding",11.5784286539749,-1.37745143731187,0.394012004151023,-3.49596312498108,0.000472353971359072,0.00081192666978243,"Downregulated"
"ENSG00000244355.9","ENSG00000244355","LY6G6D","protein_coding",7.3735736913083,-4.02232845423394,1.15559076621689,-3.48075510104846,0.00050000243277215,0.000858026673266311,"Downregulated"
"ENSG00000173212.7","ENSG00000173212","MAB21L3","protein_coding",24.2914042782498,-3.10745588444733,0.893617382476026,-3.4773897032276,0.000506321318956715,0.000868598216704288,"Downregulated"
"ENSG00000229839.7","ENSG00000229839","ENSG00000229839","lncRNA",4.5117609442356,-2.30929599046276,0.66471815622728,-3.47409795990764,0.000512573864368321,0.000878559484615696,"Downregulated"
"ENSG00000113303.14","ENSG00000113303","BTNL8","protein_coding",6.70469757712621,-3.94876650648647,1.14072671548617,-3.4616235886117,0.000536927532577802,0.000918021920967143,"Downregulated"
"ENSG00000259802.4","ENSG00000259802","MARCHF6-DT","lncRNA",6.38084246829517,-2.3765563905957,0.687637157221859,-3.45611979462729,0.000548011711225894,0.000936089783013396,"Downregulated"
"ENSG00000256663.1","ENSG00000256663","ENSG00000256663","processed_pseudogene",14.5324649198303,-2.07489040868865,0.600676130669604,-3.4542581313755,0.000551808935821981,0.000942447443203017,"Downregulated"
"ENSG00000287828.2","ENSG00000287828","ENSG00000287828","lncRNA",266.119787832606,-3.80601041659693,1.10203468024759,-3.4536212741888,0.000553113546324299,0.000944359273483946,"Downregulated"
"ENSG00000138738.13","ENSG00000138738","PRDM5","protein_coding",9.33704157243701,-1.4394716031254,0.417719542106793,-3.44602408559901,0.000568899651558391,0.000970168716213721,"Downregulated"
"ENSG00000152763.19","ENSG00000152763","DNAI4","protein_coding",9.75029946671411,-1.8761487944047,0.545142317470111,-3.44157614310976,0.000578335677322383,0.000985448634421632,"Downregulated"
"ENSG00000268575.1","ENSG00000268575","ENSG00000268575","lncRNA",5.86002747734984,-1.89908151504368,0.551969563756339,-3.44055476921552,0.000580522932330901,0.000988710581189261,"Downregulated"
"ENSG00000197140.17","ENSG00000197140","ADAM32","protein_coding",7.90743519203334,-1.71094995377747,0.497652606992446,-3.43804077329678,0.000585939463934407,0.000997583965147724,"Downregulated"
"ENSG00000286416.2","ENSG00000286416","ENSG00000286416","lncRNA",5.94304006490503,-2.22802651554641,0.648142645328855,-3.43755580905489,0.000586989742435486,0.000999254710134508,"Downregulated"
"ENSG00000101425.17","ENSG00000101425","BPI","protein_coding",5.48373899314516,-1.99333873315033,0.579883882851786,-3.43747910934751,0.000587156010059181,0.000999420354448867,"Downregulated"
"ENSG00000197757.9","ENSG00000197757","HOXC6","protein_coding",22.842000994774,-2.68710687691042,0.782107792574396,-3.43572446461056,0.00059097167825605,0.00100532475188246,"Downregulated"
"ENSG00000171227.9","ENSG00000171227","TMEM37","protein_coding",43.8568716388674,-1.2606223053186,0.367017292793352,-3.43477631727939,0.000593043123047088,0.00100873015718291,"Downregulated"
"ENSG00000147255.21","ENSG00000147255","IGSF1","protein_coding",8.74879650080358,-1.44138634350471,0.41996163731876,-3.4321857413149,0.000598737340540184,0.00101793776854861,"Downregulated"
"ENSG00000173825.9","ENSG00000173825","TIGD3","protein_coding",11.889077375788,-1.45893008267951,0.425237263088589,-3.43086133158461,0.000601668079795781,0.0010226804846822,"Downregulated"
"ENSG00000163126.17","ENSG00000163126","ANKRD23","protein_coding",10.9965103747245,-1.47059015643268,0.431248795692018,-3.41007365382399,0.000649453378115891,0.00110067575203549,"Downregulated"
"ENSG00000289294.3","ENSG00000289294","ENSG00000289294","lncRNA",9.57864234883385,-1.49731182226616,0.439279182455075,-3.40856540002164,0.000653054292015773,0.00110651967729365,"Downregulated"
"ENSG00000302309.1","ENSG00000302309","ENSG00000302309","lncRNA",13.5992147167921,-1.59327815627469,0.467808194338815,-3.40583635677135,0.000659617039871195,0.00111698646200203,"Downregulated"
"ENSG00000243566.9","ENSG00000243566","UPK3B","protein_coding",15.3492219656102,-1.91994458965652,0.5644400828493,-3.40150291943233,0.00067016412758385,0.00113431657754557,"Downregulated"
"ENSG00000138587.8","ENSG00000138587","MNS1","protein_coding",7.97793549675457,-1.59316941085666,0.468406714876194,-3.40125228836174,0.000670778905549666,0.00113522455905941,"Downregulated"
"ENSG00000143450.19","ENSG00000143450","OAZ3","protein_coding",11.3408280794247,-1.34269983466467,0.39496865124919,-3.39950988621004,0.00067506739345508,0.0011420822631276,"Downregulated"
"ENSG00000183308.7","ENSG00000183308","ENSG00000183308","lncRNA",11.0369979732347,-3.86321062751827,1.13891222504699,-3.39201787684638,0.000693799133637325,0.00117308797627723,"Downregulated"
"ENSG00000255135.6","ENSG00000255135","EMSY-DT","lncRNA",23.7247715634571,-1.28112199665407,0.377934420596801,-3.38979972935789,0.000699437008549911,0.00118193110166806,"Downregulated"
"ENSG00000271254.7","ENSG00000271254","ENSG00000271254","protein_coding",11.8555335309652,-1.6235261229604,0.47904094675132,-3.38911764009019,0.000701179218342646,0.00118450193469553,"Downregulated"
"ENSG00000238197.9","ENSG00000238197","PAXBP1-AS1","lncRNA",3.80363084516818,-2.51069623450986,0.741655945172014,-3.38525734318431,0.000711115520911943,0.00120054591438209,"Downregulated"
"ENSG00000166321.16","ENSG00000166321","NUDT13","protein_coding",13.2740044128607,-1.30954531754984,0.387260872169855,-3.38155856080255,0.000720758681111922,0.0012158345718396,"Downregulated"
"ENSG00000232859.12","ENSG00000232859","LYRM9","protein_coding",10.7340560512604,-1.47202952099422,0.435810242465813,-3.37768454606639,0.000730988847965611,0.00123180120752531,"Downregulated"
"ENSG00000213222.3","ENSG00000213222","TOMM40P4","processed_pseudogene",8.68803991940441,-1.97704078513974,0.586018199425673,-3.37368495906329,0.000741691998999604,0.00124896589001885,"Downregulated"
"ENSG00000253106.1","ENSG00000253106","ENSG00000253106","lncRNA",17.0645179823146,-1.641991927462,0.487093222564796,-3.37100138412123,0.000748954815087781,0.00126061012546482,"Downregulated"
"ENSG00000272831.3","ENSG00000272831","ENSG00000272831","lncRNA",21.7532282172107,-1.02346875296943,0.303740072199169,-3.36955458513988,0.000752897774258599,0.00126709958710436,"Downregulated"
"ENSG00000304564.1","ENSG00000304564","ENSG00000304564","lncRNA",5.81964612258578,-1.91877944938527,0.569473490573766,-3.36939204571583,0.000753341945118461,0.00126769989185517,"Downregulated"
"ENSG00000238249.2","ENSG00000238249","HMGN2P17","processed_pseudogene",27.1402677977076,-1.1862504036715,0.352823328509007,-3.36216544604482,0.000773337734789425,0.00130044215044887,"Downregulated"
"ENSG00000198125.15","ENSG00000198125","MB","protein_coding",3.14566696914705,-2.58990902494471,0.770331854858467,-3.36206922848927,0.00077360725928173,0.00130074444848716,"Downregulated"
"ENSG00000187068.4","ENSG00000187068","C3orf70","protein_coding",10.0522957195344,-1.24987964404,0.371825108305756,-3.36147187513818,0.000775282516966617,0.0013032588140448,"Downregulated"
"ENSG00000268573.1","ENSG00000268573","ENSG00000268573","lncRNA",20.8043877585181,-1.07515740061973,0.319903824751762,-3.36087698061763,0.00077695422544652,0.00130576604837887,"Downregulated"
"ENSG00000146021.17","ENSG00000146021","KLHL3","protein_coding",7.57005288960395,-2.78541048835395,0.829474601414336,-3.35804192630437,0.000784967059848908,0.00131846808429884,"Downregulated"
"ENSG00000135898.12","ENSG00000135898","GPR55","protein_coding",8.23527445230072,-1.52127628271358,0.453621827624673,-3.35362231284048,0.000797611529163715,0.0013386202988582,"Downregulated"
"ENSG00000229241.1","ENSG00000229241","PNPT1P1","processed_pseudogene",14.0464054329276,-1.27786779406025,0.381612169351248,-3.34860336407159,0.000812199781036982,0.00136105448968408,"Downregulated"
"ENSG00000287037.2","ENSG00000287037","ENSG00000287037","lncRNA",5.13691727693233,-2.07194048278909,0.619593895394755,-3.34402985276189,0.00082570851776629,0.00138241310529911,"Downregulated"
"ENSG00000275880.1","ENSG00000275880","NAXD-AS1","lncRNA",4.48313321441095,-2.35545004403185,0.704993785933774,-3.34109334157042,0.000834491629645914,0.00139582787359517,"Downregulated"
"ENSG00000289042.1","ENSG00000289042","ENSG00000289042","lncRNA",6.60913018629819,-1.87519031295063,0.561765115408196,-3.33803267863662,0.000843738257025463,0.00141048042690195,"Downregulated"
"ENSG00000249464.8","ENSG00000249464","LINC01091","lncRNA",6.64295283247032,-2.35110890601504,0.704970795631528,-3.33504440266758,0.000852857799192757,0.00142457529113663,"Downregulated"
"ENSG00000286536.2","ENSG00000286536","ENSG00000286536","lncRNA",9.77642401715549,-3.76060972040424,1.13497645872098,-3.31338125254344,0.000921752388270541,0.00153487712407407,"Downregulated"
"ENSG00000228878.11","ENSG00000228878","SEPTIN7-DT","lncRNA",8.66755245442235,-1.65949454207272,0.501517836917658,-3.3089442087883,0.000936484964603521,0.00155797728240549,"Downregulated"
"ENSG00000293919.1","ENSG00000293919","ENSG00000293919","lncRNA",6.88218113698843,-1.51372869090396,0.457614901232868,-3.30786582085897,0.000940098403078566,0.001563450316435,"Downregulated"
"ENSG00000285569.5","ENSG00000285569","ENSG00000285569","lncRNA",10.0460685048538,-2.51974009082946,0.762450718018465,-3.30479076389097,0.000950473287004985,0.00157943571554595,"Downregulated"
"ENSG00000172367.17","ENSG00000172367","NHERF4","protein_coding",11.7618436338015,-1.25124405553519,0.379038339185475,-3.30110156725576,0.000963060123935791,0.00159998478918692,"Downregulated"
"ENSG00000135773.15","ENSG00000135773","CAPN9","protein_coding",23.3054484278382,-3.5080701238504,1.06301432330424,-3.30011557412135,0.000966450191905306,0.00160488096494691,"Downregulated"
"ENSG00000293316.2","ENSG00000293316","PLEKHA8P1","lncRNA",5.84588982497363,-2.539981944729,0.769964768182825,-3.29882879021017,0.000970891070689922,0.00161188605755967,"Downregulated"
"ENSG00000145736.17","ENSG00000145736","GTF2H2","protein_coding",10.0758367037782,-1.57489130348415,0.477687767893046,-3.29690523672101,0.000977564783049313,0.001622222470623,"Downregulated"
"ENSG00000260219.5","ENSG00000260219","CD2BP2-DT","lncRNA",7.33582073060753,-2.20161675286108,0.668089962121572,-3.29538965960463,0.000982852926193239,0.00163081115255237,"Downregulated"
"ENSG00000286873.2","ENSG00000286873","ENSG00000286873","lncRNA",4.65791832374523,-3.85877230770916,1.17108908664795,-3.29502883401832,0.000984115814509206,0.0016327196776036,"Downregulated"
"ENSG00000175449.17","ENSG00000175449","RFESD","protein_coding",5.63884933440078,-2.17063332717104,0.658950578710986,-3.29407606169366,0.00098745773980082,0.00163788915705545,"Downregulated"
"ENSG00000235726.8","ENSG00000235726","ENSG00000235726","lncRNA",12.0422439158561,-1.40127103018758,0.425409638168017,-3.29393343371817,0.000987958922130314,0.00163853292509871,"Downregulated"
"ENSG00000128266.11","ENSG00000128266","GNAZ","protein_coding",12.8002174038813,-1.39303511229185,0.423136375240974,-3.29216582124031,0.00099418973646976,0.00164830084211415,"Downregulated"
"ENSG00000184378.5","ENSG00000184378","ACTRT3","protein_coding",8.05710206542824,-2.57217147527936,0.782004646266288,-3.28920229254429,0.0010047178317761,0.00166499380424235,"Downregulated"
"ENSG00000204052.7","ENSG00000204052","LRRC73","protein_coding",10.5884232017218,-1.1906976591054,0.362658151810368,-3.2832507780716,0.00102617334605568,0.00169841298892632,"Downregulated"
"ENSG00000178665.17","ENSG00000178665","ZNF713","protein_coding",11.863557258357,-1.48027150979529,0.451491042819049,-3.27862874211785,0.00104312770649926,0.00172568569892549,"Downregulated"
"ENSG00000215182.8","ENSG00000215182","MUC5AC","protein_coding",6.28241279439912,-1.84223834496201,0.562737472787157,-3.27370831701979,0.00106146118026961,0.00175521399183788,"Downregulated"
"ENSG00000269176.2","ENSG00000269176","ENSG00000269176","lncRNA",7.15596554532504,-2.12813752738063,0.651580367110285,-3.26611671376592,0.00109033300143238,0.00180172244660867,"Downregulated"
"ENSG00000269940.1","ENSG00000269940","ENSG00000269940","lncRNA",16.5247390305906,-1.00869860822969,0.309294135138116,-3.26129238687068,0.00110905615303576,0.00183078275085935,"Downregulated"
"ENSG00000168874.16","ENSG00000168874","ATOH8","protein_coding",9.46998635845412,-3.20475361408836,0.983426004265267,-3.25876436070316,0.00111898567978723,0.0018457023072475,"Downregulated"
"ENSG00000273175.3","ENSG00000273175","ENSG00000273175","lncRNA",26.0184504073687,-1.24818517564531,0.383078922808116,-3.25829770663347,0.00112082755597426,0.00184822296401866,"Downregulated"
"ENSG00000151834.18","ENSG00000151834","GABRA2","protein_coding",22.3418295843016,-2.57115588807512,0.789137388445485,-3.2581853625514,0.00112127139471757,0.00184863083643312,"Downregulated"
"ENSG00000153064.13","ENSG00000153064","BANK1","protein_coding",4.58224044863307,-1.78052743505826,0.546587518263203,-3.25753401891784,0.00112384786741746,0.0018524571536185,"Downregulated"
"ENSG00000119686.12","ENSG00000119686","FLVCR2","protein_coding",29.0880126975501,-1.02493824015105,0.315722105244928,-3.24633031113209,0.00116903115962869,0.00192455588339054,"Downregulated"
"ENSG00000280161.1","ENSG00000280161","ENSG00000280161","TEC",4.11634528790418,-3.14261902294811,0.968503403406884,-3.24481980331033,0.00117524968006672,0.00193410383415022,"Downregulated"
"ENSG00000176907.5","ENSG00000176907","TCIM","protein_coding",3.5219599711386,-2.20926150259408,0.68151062313578,-3.24171249514612,0.00118813819897252,0.00195420483253998,"Downregulated"
"ENSG00000089199.12","ENSG00000089199","CHGB","protein_coding",3.62952986914827,-2.23692237674534,0.69061849830843,-3.23901311972436,0.001199440560286,0.00197167565785671,"Downregulated"
"ENSG00000243660.14","ENSG00000243660","ZNF487","protein_coding",9.31950773803,-1.53168307755619,0.473600508979793,-3.23412464411337,0.00122016191539543,0.00200255792501819,"Downregulated"
"ENSG00000236452.1","ENSG00000236452","ENSG00000236452","lncRNA",15.7971475222755,-2.93655384459747,0.908065800348111,-3.23385578828289,0.00122131108271065,0.002004216986824,"Downregulated"
"ENSG00000271533.1","ENSG00000271533","ENSG00000271533","lncRNA",14.3109771644478,-1.36340800853482,0.423247055383833,-3.22130536099862,0.00127608106414283,0.00208960076627773,"Downregulated"
"ENSG00000162676.15","ENSG00000162676","GFI1","protein_coding",6.57829936118771,-1.6086304835416,0.49972140132977,-3.21905461575388,0.00128613986246564,0.00210559634962178,"Downregulated"
"ENSG00000105559.15","ENSG00000105559","PLEKHA4","protein_coding",45.6799061062673,-1.48290667500783,0.461001282028158,-3.21670835378991,0.00129670340675196,0.00212169196913733,"Downregulated"
"ENSG00000166869.5","ENSG00000166869","CHP2","protein_coding",19.3516649454385,-1.00471320656277,0.312909020822623,-3.21087964776925,0.00132329343361651,0.00216178203584382,"Downregulated"
"ENSG00000172264.20","ENSG00000172264","MACROD2","protein_coding",15.1530005155169,-1.28124864662695,0.399068750062314,-3.2105962855445,0.00132459884151597,0.00216367069558718,"Downregulated"
"ENSG00000308452.1","ENSG00000308452","ENSG00000308452","lncRNA",6.14048790120229,-1.72958341777832,0.538729193740268,-3.21048763994064,0.00132509967081774,0.00216424483596198,"Downregulated"
"ENSG00000179743.5","ENSG00000179743","SPEN-AS1","lncRNA",25.0117663903127,-1.11557795429867,0.34760390924659,-3.20933661740633,0.00133041634104671,0.0021722096095916,"Downregulated"
"ENSG00000259230.2","ENSG00000259230","LINC02323","lncRNA",12.4815825501569,-3.56352348624662,1.11041210287693,-3.20919006287306,0.00133109469956854,0.0021730567067869,"Downregulated"
"ENSG00000300428.1","ENSG00000300428","ENSG00000300428","lncRNA",7.11870544219176,-2.61816011480389,0.817840890157388,-3.20130742582465,0.00136805486333432,0.00222937715950084,"Downregulated"
"ENSG00000204764.16","ENSG00000204764","RANBP17","protein_coding",9.90039083223542,-1.65027030797503,0.515989897599399,-3.19826088776695,0.00138259138265531,0.00225179976595198,"Downregulated"
"ENSG00000281468.1","ENSG00000281468","ENSG00000281468","lncRNA",6.99535603400651,-1.8979367898817,0.593583205620157,-3.19742332989155,0.00138661267048429,0.00225809538382495,"Downregulated"
"ENSG00000145920.17","ENSG00000145920","CPLX2","protein_coding",7.89914918407532,-3.55554036434987,1.11344607856689,-3.19327575245152,0.00140668546912763,0.00228769900332146,"Downregulated"
"ENSG00000254231.4","ENSG00000254231","WWP1-AS1","lncRNA",6.61083101970376,-3.56663379800471,1.11826305334937,-3.18944079152226,0.00142548336593045,0.00231671020960683,"Downregulated"
"ENSG00000124615.23","ENSG00000124615","MOCS1","protein_coding",34.0884623474176,-1.33250291367133,0.417829298855859,-3.18910836870492,0.00142712366768366,0.00231911596681673,"Downregulated"
"ENSG00000275389.1","ENSG00000275389","ENSG00000275389","lncRNA",7.2988181499685,-3.64714831839077,1.14491399545438,-3.18552164867486,0.00144493292680959,0.00234647780987501,"Downregulated"
"ENSG00000291176.2","ENSG00000291176","ENSG00000291176","lncRNA",15.9999678238044,-1.19785004421796,0.376335777726124,-3.18292895630478,0.00145793381865391,0.00236652967069136,"Downregulated"
"ENSG00000171889.8","ENSG00000171889","MIR31HG","lncRNA",4.89743109551703,-1.77243567116153,0.557062528588589,-3.1817535378879,0.00146386332361417,0.00237588837336953,"Downregulated"
"ENSG00000180316.13","ENSG00000180316","PNPLA1","protein_coding",15.3319422092094,-1.56098882503865,0.490767171751873,-3.18071157748071,0.0014691381617384,0.00238418255766101,"Downregulated"
"ENSG00000280693.2","ENSG00000280693","SH3PXD2A-AS1","lncRNA",12.4372233975263,-3.56260442820605,1.12051964588756,-3.17942165608719,0.0014756925448015,0.00239347916723708,"Downregulated"
"ENSG00000235652.12","ENSG00000235652","EPM2A-DT","lncRNA",10.8440082993641,-3.37304745042741,1.06124778603823,-3.17837878655973,0.00148101128837498,0.00240129957385659,"Downregulated"
"ENSG00000224505.5","ENSG00000224505","HEXIM2-AS1","lncRNA",6.1812630628986,-1.84066680253808,0.57959501833438,-3.1757809234243,0.00149433756160129,0.00242128129949976,"Downregulated"
"ENSG00000225265.3","ENSG00000225265","TAF1A-AS1","lncRNA",8.49534078619197,-1.80956321825455,0.569904118905643,-3.17520642196684,0.00149729946284382,0.00242553809697436,"Downregulated"
"ENSG00000225968.9","ENSG00000225968","ELFN1","protein_coding",21.1029232212282,-1.94761941094009,0.614671828990182,-3.16855160604928,0.00153200548416034,0.00247898877584319,"Downregulated"
"ENSG00000261652.4","ENSG00000261652","PIERCE2","protein_coding",11.0141502556761,-1.21111174759202,0.383761231641355,-3.155899157432,0.00160004169223423,0.00258417521496249,"Downregulated"
"ENSG00000157890.21","ENSG00000157890","MEGF11","protein_coding",7.20526889993417,-2.66022027121229,0.845488402487344,-3.14637109555398,0.0016531011292059,0.00266571064475931,"Downregulated"
"ENSG00000234350.8","ENSG00000234350","ERICH2-DT","lncRNA",14.0846750077972,-1.88122884255398,0.60038639876311,-3.13336352460617,0.00172815263218512,0.00278023844867082,"Downregulated"
"ENSG00000304056.1","ENSG00000304056","ENSG00000304056","lncRNA",6.01031856223738,-2.64599958723138,0.845038553589264,-3.13121759473886,0.00174083124450991,0.00279970329546527,"Downregulated"
"ENSG00000181634.9","ENSG00000181634","TNFSF15","protein_coding",818.179758621126,-1.08164555167549,0.345870694170075,-3.12731194029297,0.00176412641078473,0.00283370870595127,"Downregulated"
"ENSG00000254369.7","ENSG00000254369","HOXA-AS3","lncRNA",16.6894248440494,-2.48322212302079,0.794545408996717,-3.1253369472695,0.00177601498696696,0.0028518569740859,"Downregulated"
"ENSG00000204947.11","ENSG00000204947","ZNF425","protein_coding",21.8103604056941,-1.78648262242543,0.57226302993066,-3.12178583795968,0.00179757651629153,0.00288552047785742,"Downregulated"
"ENSG00000224186.8","ENSG00000224186","PITX1-AS1","lncRNA",11.1652368733876,-1.51825791840453,0.486391482997662,-3.1214730756538,0.00179948702003269,0.00288794749660174,"Downregulated"
"ENSG00000289915.2","ENSG00000289915","ENSG00000289915","lncRNA",28.6194732527801,-1.55969430242358,0.499741223803492,-3.12100388787794,0.00180235654632383,0.00289191220873838,"Downregulated"
"ENSG00000229167.3","ENSG00000229167","ENSG00000229167","lncRNA",15.1406328500779,-2.62357946645582,0.84138111600828,-3.11818201827815,0.00181970383758544,0.00291780792368756,"Downregulated"
"ENSG00000184515.13","ENSG00000184515","BEX5","protein_coding",6.01605168858341,-1.54758973768937,0.497164241352037,-3.11283396706228,0.00185300230963882,0.0029695576104485,"Downregulated"
"ENSG00000280351.2","ENSG00000280351","ENSG00000280351","TEC",9.3814385859115,-2.96793796069612,0.953668445620969,-3.11212767322252,0.00185744149887182,0.00297601351040911,"Downregulated"
"ENSG00000127720.10","ENSG00000127720","METTL25","protein_coding",19.319191498478,-1.43294256411961,0.461740217155654,-3.10335229828282,0.00191341717791845,0.00305927203689257,"Downregulated"
"ENSG00000235559.1","ENSG00000235559","NOP56P1","processed_pseudogene",8.53988327881015,-1.58182639254175,0.513024873503165,-3.08333274708559,0.00204696136146126,0.0032605588096611,"Downregulated"
"ENSG00000229334.3","ENSG00000229334","TMEM44-AS2","lncRNA",10.1770468269181,-2.27543109168132,0.739393845866336,-3.07742768539713,0.0020879549229593,0.00332366462472827,"Downregulated"
"ENSG00000277283.2","ENSG00000277283","RAB35-AS1","lncRNA",20.2568508759905,-1.23008375801346,0.400225724458532,-3.07347499883385,0.00211581415614459,0.003367271991088,"Downregulated"
"ENSG00000105996.8","ENSG00000105996","HOXA2","protein_coding",6.11649107258499,-2.57124315219373,0.836924216276375,-3.07225326043695,0.00212449390185163,0.00337997207439168,"Downregulated"
"ENSG00000276791.1","ENSG00000276791","ENSG00000276791","lncRNA",13.3109131812476,-1.95857562950965,0.638379544627729,-3.06804258687798,0.00215465909272121,0.00342608290231685,"Downregulated"
"ENSG00000112195.10","ENSG00000112195","TREML2","protein_coding",80.2782399121957,-3.39823465424953,1.11041119656696,-3.06033896700231,0.00221086615678178,0.00351198863795699,"Downregulated"
"ENSG00000175772.12","ENSG00000175772","LINC01106","lncRNA",24.2091384703825,-1.12304035145172,0.367085284613031,-3.05934451345713,0.0022182189968306,0.00352328251885895,"Downregulated"
"ENSG00000237489.7","ENSG00000237489","C10orf143","protein_coding",15.4275149405905,-3.46980450774395,1.13451891081113,-3.05839283477717,0.00222527654450833,0.00353371769482958,"Downregulated"
"ENSG00000286760.4","ENSG00000286760","ENSG00000286760","lncRNA",6.71017575152515,-1.84806697540551,0.606526357535567,-3.04696894445702,0.00231161591154573,0.00366359774607619,"Downregulated"
"ENSG00000115165.12","ENSG00000115165","CYTIP","protein_coding",46.536449192045,-1.10672411870958,0.363230351496634,-3.04689328452179,0.00231219782287639,0.00366411928366591,"Downregulated"
"ENSG00000182327.9","ENSG00000182327","GLTPD2","protein_coding",5.68230571318517,-2.09580274083757,0.689981915151202,-3.03747488856762,0.00238569281149328,0.00377686915273768,"Downregulated"
"ENSG00000257303.5","ENSG00000257303","CNPY2-AS1","lncRNA",6.00942523603274,-2.42145115285836,0.798800423295812,-3.03135937618507,0.00243455293563131,0.00384665734225566,"Downregulated"
"ENSG00000187098.20","ENSG00000187098","MITF","protein_coding",23.3680298539435,-1.19147933899116,0.393089297742657,-3.03106532239192,0.00243692520549243,0.0038495661737515,"Downregulated"
"ENSG00000291177.2","ENSG00000291177","ZNF56P","lncRNA",7.00284092769529,-1.88750970577153,0.623113944063116,-3.02915658324659,0.00245237540421971,0.00387144056186842,"Downregulated"
"ENSG00000205622.14","ENSG00000205622","ETS2-AS1","lncRNA",6.49004169398911,-2.92285855959078,0.965189561912244,-3.0282741079379,0.00245954881612454,0.00388234195003559,"Downregulated"
"ENSG00000236137.2","ENSG00000236137","CD101-AS1","lncRNA",7.41630133024679,-2.39726348555144,0.79165692591077,-3.02815955635515,0.00246048138272045,0.00388339100396261,"Downregulated"
"ENSG00000272994.3","ENSG00000272994","C2orf49-DT","lncRNA",8.64524883219367,-1.3330524653655,0.440321076570098,-3.02745550076635,0.00246622022166528,0.00389160098566782,"Downregulated"
"ENSG00000123838.13","ENSG00000123838","C4BPA","protein_coding",30.6861016427766,-3.41485223856348,1.13051842332148,-3.02060733210397,0.0025226828009837,0.0039776650148902,"Downregulated"
"ENSG00000291035.2","ENSG00000291035","RRP7BP","lncRNA",7.3926720219913,-1.47354590560833,0.487866308960068,-3.02038873877011,0.00252450440520494,0.00397967125424018,"Downregulated"
"ENSG00000005471.21","ENSG00000005471","ABCB4","protein_coding",6.82434174162583,-1.38307150226764,0.462280621445304,-2.99184399714509,0.00277297926599765,0.00435431959289608,"Downregulated"
"ENSG00000296053.1","ENSG00000296053","ENSG00000296053","lncRNA",28.0890763486667,-3.40868359002979,1.14026878601165,-2.98936849964335,0.00279554752555649,0.00438690576506384,"Downregulated"
"ENSG00000265778.5","ENSG00000265778","ZNF516-AS1","lncRNA",9.60316572212046,-1.49604408094987,0.501702041101803,-2.98193740185781,0.00286430558533095,0.00448848578531749,"Downregulated"
"ENSG00000112293.17","ENSG00000112293","GPLD1","protein_coding",9.00560601934654,-1.37435632465028,0.461071615865923,-2.98078709978524,0.00287508597277277,0.00450391805398583,"Downregulated"
"ENSG00000254294.1","ENSG00000254294","IMPDH1P6","processed_pseudogene",15.5693710224544,-1.04350759748494,0.35009388757908,-2.98065071829975,0.00287636656422773,0.00450543712157244,"Downregulated"
"ENSG00000250337.11","ENSG00000250337","PURPL","lncRNA",3.13905853329772,-2.20352353494592,0.739820653502407,-2.97845636576128,0.00289704275603058,0.00453586253461487,"Downregulated"
"ENSG00000188089.14","ENSG00000188089","PLA2G4E","protein_coding",7.38311064191756,-3.41796398479587,1.14785308130376,-2.97770162442188,0.00290418556903767,0.00454655474413891,"Downregulated"
"ENSG00000270084.2","ENSG00000270084","GAS5-AS1","lncRNA",9.798496660794,-1.41703380154078,0.475994117360287,-2.97699855914018,0.00291085378114362,0.00455600961187313,"Downregulated"
"ENSG00000132141.16","ENSG00000132141","CCT6B","protein_coding",18.7284784465376,-2.21366685297235,0.743917399250889,-2.97568904182302,0.00292331114456623,0.00457451950189546,"Downregulated"
"ENSG00000240990.10","ENSG00000240990","HOXA11-AS","lncRNA",18.3133916906012,-1.52630418317839,0.513279190923201,-2.97363347310677,0.0029429638118166,0.00460328457213667,"Downregulated"
"ENSG00000116701.18","ENSG00000116701","NCF2","protein_coding",11.7319440601751,-1.7049874531185,0.573660790494048,-2.97211781138141,0.00295753173414081,0.00462457379058789,"Downregulated"
"ENSG00000006210.8","ENSG00000006210","CX3CL1","protein_coding",105.172236608369,-1.00597766045534,0.340500912371992,-2.95440518337385,0.00313272401504244,0.00488113497752876,"Downregulated"
"ENSG00000273998.2","ENSG00000273998","ENSG00000273998","lncRNA",6.70697036315336,-3.20918302129806,1.08723182797302,-2.95170076770204,0.00316029023785466,0.0049214405896185,"Downregulated"
"ENSG00000151224.15","ENSG00000151224","MAT1A","protein_coding",10.0590461897474,-1.38613603883601,0.470218859592909,-2.94785292116111,0.00319989267312567,0.00498097149505234,"Downregulated"
"ENSG00000135253.17","ENSG00000135253","KCP","protein_coding",11.9517224901812,-1.26017005498104,0.427868870133926,-2.9452249110495,0.00322719978818712,0.00502078146327513,"Downregulated"
"ENSG00000163219.13","ENSG00000163219","ARHGAP25","protein_coding",5.27993913384744,-1.65878065967614,0.563251403379027,-2.94500936832979,0.00322944884358336,0.00502266287199078,"Downregulated"
"ENSG00000144821.12","ENSG00000144821","MYH15","protein_coding",5.05883277201098,-1.90079067536543,0.645530871638108,-2.94453876472547,0.00323436426603772,0.00502922821281316,"Downregulated"
"ENSG00000143248.15","ENSG00000143248","RGS5","protein_coding",16.0872886353918,-1.16814391276839,0.396747842433324,-2.94429808516149,0.00323688078145581,0.00503260125360558,"Downregulated"
"ENSG00000123700.7","ENSG00000123700","KCNJ2","protein_coding",21.0584983826563,-1.28804448382134,0.437972654679087,-2.94092443914134,0.00327234346950839,0.00508500981772631,"Downregulated"
"ENSG00000130830.17","ENSG00000130830","MPP1","protein_coding",214.87339186086,-1.32703973091683,0.453656514289381,-2.92520814562873,0.00344225896205054,0.00533874324465287,"Downregulated"
"ENSG00000258727.2","ENSG00000258727","AP1G2-AS1","lncRNA",8.6044139970726,-1.34027313150717,0.459196032480129,-2.91873848358035,0.00351450929392995,0.00544497206410443,"Downregulated"
"ENSG00000197128.14","ENSG00000197128","ZNF772","protein_coding",40.1043738646387,-3.2778796421773,1.12502478266341,-2.91360660910702,0.00357279821182029,0.00552995745868842,"Downregulated"
"ENSG00000267481.1","ENSG00000267481","ENSG00000267481","lncRNA",16.9801203602376,-1.02345097916027,0.351340035692524,-2.9129927568401,0.00357982904723951,0.00554024802996529,"Downregulated"
"ENSG00000166257.12","ENSG00000166257","SCN3B","protein_coding",4.90760676463046,-1.70567722404109,0.585555158507491,-2.91292323064604,0.00358062616734607,0.00554088995378315,"Downregulated"
"ENSG00000272894.6","ENSG00000272894","MIOS-DT","lncRNA",19.2013388670483,-1.21718345155536,0.417934835019466,-2.91237616385499,0.00358690394166902,0.00554941944300922,"Downregulated"
"ENSG00000294732.1","ENSG00000294732","ENSG00000294732","lncRNA",9.45195271954273,-1.46164625181842,0.502001485451612,-2.91163730422727,0.00359539849490125,0.00556196786807311,"Downregulated"
"ENSG00000104427.15","ENSG00000104427","ZC2HC1A","protein_coding",7.19354689652967,-1.4077766439739,0.484455029699368,-2.90589746760914,0.00366201424660811,0.00566079044926343,"Downregulated"
"ENSG00000307779.1","ENSG00000307779","ENSG00000307779","lncRNA",9.22728128778518,-3.16529398606284,1.09136409369026,-2.90030980894739,0.00372793996159151,0.00575471942089733,"Downregulated"
"ENSG00000108405.6","ENSG00000108405","P2RX1","protein_coding",12.572780564712,-3.23133939049556,1.11751347051543,-2.8915440178141,0.00383353886698188,0.00590891781113607,"Downregulated"
"ENSG00000290865.1","ENSG00000290865","RRN3P3","lncRNA",7.81203741471083,-1.52782295358549,0.529299179735987,-2.88650164609658,0.00389550709470458,0.00599996692703357,"Downregulated"
"ENSG00000260604.4","ENSG00000260604","TGILR","lncRNA",8.80375054131085,-1.36298464262218,0.47232714568509,-2.88567924810934,0.00390569982007387,0.00601438760944751,"Downregulated"
"ENSG00000264278.2","ENSG00000264278","ZNF236-DT","lncRNA",5.44508049696657,-3.32040285096841,1.15354971830424,-2.87842196853858,0.00399670142556628,0.00614733570996673,"Downregulated"
"ENSG00000291102.2","ENSG00000291102","GUSBP1","lncRNA",7.84895852344945,-1.53552444457216,0.533476673465752,-2.87833474441641,0.00399780677176872,0.0061483832894484,"Downregulated"
"ENSG00000099284.16","ENSG00000099284","MACROH2A2","protein_coding",83.187579090624,-1.52010966132497,0.528682645319112,-2.87527815558884,0.0040367170569132,0.00620493249774991,"Downregulated"
"ENSG00000228043.6","ENSG00000228043","SPOPL-DT","lncRNA",12.8470169318078,-1.29240717551559,0.449829512975307,-2.87310445009982,0.00406459709196305,0.00624580013325507,"Downregulated"
"ENSG00000125841.16","ENSG00000125841","NRSN2","protein_coding",13.2942140535599,-1.24130725736881,0.432155781935265,-2.87236063766181,0.00407417732180749,0.00625853060712678,"Downregulated"
"ENSG00000240303.10","ENSG00000240303","ACAD11","protein_coding",6.5354810698062,-1.38877830565,0.483657983905598,-2.87140572855935,0.00408650649883348,0.00627613948506728,"Downregulated"
"ENSG00000156006.7","ENSG00000156006","NAT2","protein_coding",13.3901340383082,-2.62435205330062,0.915266919728919,-2.86730788224914,0.00413980063419677,0.00635529563461648,"Downregulated"
"ENSG00000155666.14","ENSG00000155666","KDM8","protein_coding",18.6977037790708,-1.46535858656761,0.511111817046592,-2.86700197040059,0.00414380432634949,0.00636009450301386,"Downregulated"
"ENSG00000263219.1","ENSG00000263219","RYKP1","processed_pseudogene",6.30302552493226,-1.5755755048579,0.55036672337859,-2.86277392496727,0.0041995008443911,0.00644148668891996,"Downregulated"
"ENSG00000293310.2","ENSG00000293310","ENSG00000293310","lncRNA",16.0628183129509,-3.27267537350594,1.14470881112589,-2.85895883887455,0.00425033931112491,0.00651601790932214,"Downregulated"
"ENSG00000258655.3","ENSG00000258655","ARHGAP5-AS1","lncRNA",17.9406399481184,-1.04472196535667,0.365683450729526,-2.85690250207518,0.00427797222178799,0.00655699348896368,"Downregulated"
"ENSG00000198513.17","ENSG00000198513","ATL1","protein_coding",4.74881739645893,-2.46922101286172,0.864353763064681,-2.85672501049428,0.00428036496241299,0.00655996711456102,"Downregulated"
"ENSG00000256940.6","ENSG00000256940","PPP1R14B-AS1","lncRNA",9.11370552691496,-1.11201470023517,0.390311320230992,-2.84904547369279,0.00438506124371076,0.00671119522059946,"Downregulated"
"ENSG00000137877.10","ENSG00000137877","SPTBN5","protein_coding",6.76720744375067,-2.69422701815905,0.9461604700516,-2.84753707583251,0.00440589617726158,0.00674237036968056,"Downregulated"
"ENSG00000281344.1","ENSG00000281344","HELLPAR","lncRNA",7.28987365537211,-1.87236256684898,0.658282978476079,-2.84431259514485,0.00445073591850216,0.00680739471566578,"Downregulated"
"ENSG00000288829.1","ENSG00000288829","ENSG00000288829","lncRNA",11.6297447352606,-1.38942166238982,0.489165873441971,-2.84038960570427,0.00450584654479145,0.00688587241665272,"Downregulated"
"ENSG00000104490.19","ENSG00000104490","NCALD","protein_coding",10.336782602616,-1.23464405240298,0.435493186269094,-2.83504792114034,0.00458188121975051,0.00699764175746911,"Downregulated"
"ENSG00000271361.1","ENSG00000271361","HTATSF1P2","processed_pseudogene",11.7835777738292,-3.14952784861726,1.11266108374012,-2.83062640964344,0.00464569492934031,0.00709061726340176,"Downregulated"
"ENSG00000140522.14","ENSG00000140522","RLBP1","protein_coding",41.5926591650444,-1.7958505275867,0.634788924570853,-2.82905145013482,0.00466861928770313,0.00712260561294808,"Downregulated"
"ENSG00000297670.1","ENSG00000297670","ENSG00000297670","lncRNA",6.54424911471759,-1.8234414649852,0.644743542297684,-2.82816553460462,0.00468155921256552,0.00714084371208289,"Downregulated"
"ENSG00000167588.15","ENSG00000167588","GPD1","protein_coding",8.17751377374526,-1.64077716549991,0.581463239321108,-2.82180721762499,0.00477538740679102,0.00727936407901709,"Downregulated"
"ENSG00000298107.1","ENSG00000298107","ENSG00000298107","lncRNA",6.27390093619948,-1.50811588081497,0.53510567551262,-2.81835149546905,0.00482709346994613,0.00735199564545026,"Downregulated"
"ENSG00000144395.19","ENSG00000144395","CCDC150","protein_coding",12.5865506895779,-1.05444699997567,0.374709967762944,-2.8140350956523,0.0048923886777967,0.00744831355380079,"Downregulated"
"ENSG00000272347.1","ENSG00000272347","ENSG00000272347","lncRNA",15.8931664336771,-1.24288616995541,0.442200485494667,-2.81068477020114,0.00494361945416309,0.00752472777331493,"Downregulated"
"ENSG00000140543.17","ENSG00000140543","DET1","protein_coding",5.49000355786818,-1.67586482021721,0.59752822563958,-2.80466218716848,0.00503693394308789,0.00766113000663619,"Downregulated"
"ENSG00000289513.3","ENSG00000289513","ENSG00000289513","lncRNA",7.79159866932205,-3.0264912483753,1.0816886094821,-2.79793206829123,0.00514309282493838,0.0078152145558359,"Downregulated"
"ENSG00000257043.1","ENSG00000257043","SRSF3P1","processed_pseudogene",6.64328415236218,-1.73114320650696,0.619407254490135,-2.79483844265265,0.00519256572995205,0.00788377816222787,"Downregulated"
"ENSG00000291064.2","ENSG00000291064","ENSG00000291064","lncRNA",7.80099168749398,-1.42341000946992,0.509711463361501,-2.79257994333237,0.00522895450758209,0.00793570098689701,"Downregulated"
"ENSG00000127325.21","ENSG00000127325","BEST3","protein_coding",14.3238144318071,-3.27664374839858,1.17751471736113,-2.78267753267806,0.0053912360637221,0.00816659277050911,"Downregulated"
"ENSG00000274964.1","ENSG00000274964","ENSG00000274964","lncRNA",8.48781857108621,-1.93849872344064,0.696647657010012,-2.7826099807191,0.0053923585572495,0.00816743940339254,"Downregulated"
"ENSG00000204950.4","ENSG00000204950","LRRC10B","protein_coding",44.79935552234,-1.41661042762297,0.511310401061446,-2.7705488186475,0.00559619105278711,0.00846290313440371,"Downregulated"
"ENSG00000270956.1","ENSG00000270956","ENSG00000270956","lncRNA",3.64542276742526,-1.74269242447999,0.629401169770637,-2.76881027265179,0.00562613872212022,0.0085058245516946,"Downregulated"
"ENSG00000293091.2","ENSG00000293091","ENSG00000293091","lncRNA",11.5184050583491,-1.51527045046705,0.549594010047888,-2.7570723529811,0.00583214450873773,0.0087976931633837,"Downregulated"
"ENSG00000108176.17","ENSG00000108176","DNAJC12","protein_coding",7.59391347333504,-3.12572514740687,1.13399399022977,-2.75638598999412,0.00584439832644185,0.0088143428605261,"Downregulated"
"ENSG00000257851.2","ENSG00000257851","HNRNPA3P10","processed_pseudogene",6.06591829521391,-1.79948552941455,0.652860668212447,-2.75630868427347,0.00584577993892929,0.00881459191290846,"Downregulated"
"ENSG00000262877.6","ENSG00000262877","ENSG00000262877","lncRNA",8.83856193733517,-1.2895723444751,0.46828472469079,-2.75382107611264,0.00589039609554647,0.00887909509222586,"Downregulated"
"ENSG00000231226.2","ENSG00000231226","TRIM31-AS1","lncRNA",9.58776619970044,-1.83085046011604,0.665840090623508,-2.74968492570278,0.00596525924887983,0.00898820306038329,"Downregulated"
"ENSG00000293164.1","ENSG00000293164","ENSG00000293164","protein_coding",6.97238190503993,-2.97569674984975,1.08322462940603,-2.74707264686312,0.00601298140468429,0.00905257911039733,"Downregulated"
"ENSG00000180745.7","ENSG00000180745","CLRN3","protein_coding",1123.72692705821,-1.0229219269208,0.37243609709171,-2.74657031074223,0.00602219761622312,0.00906457081993202,"Downregulated"
"ENSG00000267681.1","ENSG00000267681","ENSG00000267681","transcribed_processed_pseudogene",4.45605075500775,-1.66936572101229,0.611167087123935,-2.73143916971721,0.00630583806457989,0.00946692274234868,"Downregulated"
"ENSG00000151490.17","ENSG00000151490","PTPRO","protein_coding",64.1684266074511,-3.86855680766281,1.41643435719823,-2.73119385166213,0.00631053410305395,0.00947201038026493,"Downregulated"
"ENSG00000073067.15","ENSG00000073067","CYP2W1","protein_coding",1163.91936036305,-1.7890113064582,0.657618544836994,-2.7204392584483,0.00651952483516525,0.00977456589191132,"Downregulated"
"ENSG00000267152.1","ENSG00000267152","ENSG00000267152","lncRNA",11.8945618545133,-1.19432399452336,0.439221255952994,-2.71918532706709,0.00654429298662001,0.00980865590672223,"Downregulated"
"ENSG00000242110.11","ENSG00000242110","AMACR","protein_coding",9.0267768918956,-1.61944168357874,0.596002235274903,-2.71717384219504,0.00658420143609826,0.00986541017493135,"Downregulated"
"ENSG00000137411.21","ENSG00000137411","VARS2","protein_coding",6.12432973042678,-1.53246264096589,0.56488703498422,-2.71286566350155,0.00667041417607554,0.00998735842955747,"Downregulated"
"ENSG00000257829.1","ENSG00000257829","ENSG00000257829","lncRNA",5.27930755160694,-3.04003319209831,1.12080760256011,-2.71235953892029,0.00668060877436035,0.0100015890865734,"Downregulated"
"ENSG00000261770.1","ENSG00000261770","ENSG00000261770","lncRNA",5.74064035952061,-2.97767566335623,1.10213183102432,-2.70174182392389,0.00689772998839456,0.0103042885261122,"Downregulated"
"ENSG00000275719.1","ENSG00000275719","ENSG00000275719","lncRNA",18.068216170071,-1.16408283420879,0.432021814496182,-2.6945001274214,0.00704942996788096,0.0105222308265044,"Downregulated"
"ENSG00000260274.3","ENSG00000260274","ENSG00000260274","lncRNA",7.0496006974031,-2.91759868011926,1.08472204938406,-2.68972008246349,0.00715119753074517,0.0106686385233229,"Downregulated"
"ENSG00000197054.13","ENSG00000197054","ZNF763","protein_coding",6.54972173262689,-1.67958308829041,0.624940636944286,-2.68758821078257,0.00719700901754337,0.0107303554199834,"Downregulated"
"ENSG00000181449.4","ENSG00000181449","SOX2","protein_coding",13.5356690810269,-1.76125743502811,0.657413527443157,-2.67907087625361,0.00738267650859468,0.0109947331171056,"Downregulated"
"ENSG00000171791.15","ENSG00000171791","BCL2","protein_coding",12.1532456684454,-2.4630241688577,0.922560194078538,-2.6697706931934,0.00759030635632552,0.0112819199708584,"Downregulated"
"ENSG00000158286.15","ENSG00000158286","RNF207","protein_coding",13.7609033721134,-1.16202371910084,0.435282129316426,-2.66958747175241,0.00759444890382073,0.0112869196507199,"Downregulated"
"ENSG00000164989.19","ENSG00000164989","CCDC171","protein_coding",8.06436557766693,-1.57432578920408,0.592863872025368,-2.65545914246014,0.00792005271498059,0.0117503484792689,"Downregulated"
"ENSG00000216937.15","ENSG00000216937","CCDC7","protein_coding",9.76285436913068,-1.42896094134796,0.538211347106451,-2.65501823592234,0.00793041212584272,0.011764513514967,"Downregulated"
"ENSG00000204152.16","ENSG00000204152","TIMM23B","protein_coding",8.27016800388983,-1.16154491196724,0.437966795308301,-2.65213008020296,0.00799857201518135,0.0118583432883896,"Downregulated"
"ENSG00000287769.2","ENSG00000287769","ENSG00000287769","lncRNA",7.95400215973215,-1.3800910396712,0.521486848260243,-2.64645416135686,0.00813405283733009,0.0120542687103577,"Downregulated"
"ENSG00000293738.1","ENSG00000293738","ENSG00000293738","lncRNA",12.1803128060079,-1.3483126206191,0.511801775907862,-2.63444302870459,0.00842754454140628,0.0124601436487397,"Downregulated"
"ENSG00000268379.1","ENSG00000268379","ENSG00000268379","transcribed_processed_pseudogene",10.0378611488481,-1.21281329049371,0.46183670864032,-2.62606516070218,0.00863782799509351,0.0127551868050637,"Downregulated"
"ENSG00000274104.3","ENSG00000274104","ENSG00000274104","lncRNA",6.2980404039314,-1.83838756834301,0.702126009657346,-2.61831571976686,0.00883650054271672,0.0130356326484544,"Downregulated"
"ENSG00000156427.10","ENSG00000156427","FGF18","protein_coding",37.5464427460449,-1.23318153389368,0.471140446062017,-2.61743933088553,0.00885922353724886,0.0130634785817878,"Downregulated"
"ENSG00000187860.13","ENSG00000187860","CCDC157","protein_coding",4.97909961151375,-1.86764081267535,0.713743872236731,-2.61668209749043,0.00887889909059036,0.0130858339897117,"Downregulated"
"ENSG00000288817.2","ENSG00000288817","ENSG00000288817","lncRNA",6.84181043040617,-1.24416947616481,0.47553420946441,-2.61636166526505,0.00888723677961998,0.0130954586080582,"Downregulated"
"ENSG00000229267.4","ENSG00000229267","SNHG31","lncRNA",7.31216157877556,-1.37201871425855,0.525185112899298,-2.61244784088468,0.0089896408582835,0.0132382761221669,"Downregulated"
"ENSG00000289100.2","ENSG00000289100","ENSG00000289100","lncRNA",10.1962705909293,-1.07486716015659,0.411805893006405,-2.61013059407548,0.00905076636883524,0.0133228751871163,"Downregulated"
"ENSG00000100206.13","ENSG00000100206","DMC1","protein_coding",5.60689810167781,-2.83965674422205,1.08974288380462,-2.60580434745118,0.00916588021692363,0.0134827381347602,"Downregulated"
"ENSG00000262294.2","ENSG00000262294","RPH3AL-AS2","lncRNA",24.9860699617284,-2.9332338295448,1.12627028378532,-2.60437824896384,0.00920411159009504,0.0135362274369451,"Downregulated"
"ENSG00000227252.3","ENSG00000227252","COPS8-DT","lncRNA",4.83174724005743,-3.0289122587111,1.16857312118383,-2.59197495116322,0.00954267193683406,0.0140014581055583,"Downregulated"
"ENSG00000288009.2","ENSG00000288009","ENSG00000288009","lncRNA",6.56296126580352,-2.0320568140534,0.785751190934244,-2.58613265560224,0.0097059567561989,0.0142338317456825,"Downregulated"
"ENSG00000262468.9","ENSG00000262468","LINC01569","lncRNA",7.45215241255295,-1.44729329046263,0.562259009826418,-2.57406865015723,0.0100510327979095,0.0147145739273972,"Downregulated"
"ENSG00000225680.2","ENSG00000225680","ENSG00000225680","lncRNA",8.18436789952329,-2.94237991740612,1.14467952917703,-2.5704835654059,0.0101556645289022,0.0148587471330491,"Downregulated"
"ENSG00000154856.14","ENSG00000154856","APCDD1","protein_coding",1996.56660850419,-1.35759940997192,0.531166697029761,-2.55588201889068,0.010591902474656,0.0154595478560494,"Downregulated"
"ENSG00000250519.8","ENSG00000250519","ENSG00000250519","lncRNA",6.80082980889343,-1.6611142286244,0.651754116285825,-2.54868237440624,0.010813073279948,0.0157712417444652,"Downregulated"
"ENSG00000166578.12","ENSG00000166578","DRC10","protein_coding",6.70311674088159,-1.36116249478664,0.534316922898162,-2.54748153474837,0.0108503595237495,0.0158240324261022,"Downregulated"
"ENSG00000281641.4","ENSG00000281641","SAMD12-AS1","lncRNA",4.81125506927645,-1.642330324835,0.645093777115146,-2.54587841814176,0.0109003146274597,0.0158888915289827,"Downregulated"
"ENSG00000162194.14","ENSG00000162194","LBHD1","protein_coding",10.4732915881958,-1.1251223391673,0.44204084689381,-2.54529043429688,0.0109186881045757,0.0159124726479797,"Downregulated"
"ENSG00000287672.2","ENSG00000287672","ENSG00000287672","lncRNA",11.2132177052614,-1.51476936652227,0.595325614195085,-2.54443842227472,0.0109453608419348,0.0159433279044446,"Downregulated"
"ENSG00000198225.6","ENSG00000198225","FKBP1C","protein_coding",10.3390394623619,-1.19431724738022,0.470127530968123,-2.54041120485071,0.0110722204877603,0.0161167757441364,"Downregulated"
"ENSG00000299185.1","ENSG00000299185","ENSG00000299185","lncRNA",8.06329755006399,-2.76200505836555,1.08807072978923,-2.53844256880301,0.0111347076599558,0.0162012232337429,"Downregulated"
"ENSG00000213654.12","ENSG00000213654","GPSM3","protein_coding",6.74166953355895,-1.28431822174296,0.508346056589063,-2.52646441355436,0.0115217060527638,0.0167323944399892,"Downregulated"
"ENSG00000172748.16","ENSG00000172748","ZNF596","protein_coding",5.84338478706155,-1.34444905575691,0.534766842942692,-2.51408454637676,0.0119341820076496,0.0172950165654858,"Downregulated"
"ENSG00000213569.4","ENSG00000213569","GTF3C6P2","processed_pseudogene",15.2661288991438,-1.74789498038065,0.697961147946871,-2.504286929899,0.0122698483755595,0.0177548320178341,"Downregulated"
"ENSG00000203724.13","ENSG00000203724","C1orf53","protein_coding",16.4947031262568,-1.51675712434716,0.607349197572252,-2.49733947193817,0.0125129104817225,0.0180866844904371,"Downregulated"
"ENSG00000250305.11","ENSG00000250305","TRMT9B","protein_coding",24.6957840779275,-2.95625295954762,1.18543934415845,-2.49380364682115,0.0126382435363922,0.0182569203876989,"Downregulated"
"ENSG00000272851.1","ENSG00000272851","ENSG00000272851","lncRNA",10.0156637811295,-1.3021584228249,0.522740504107739,-2.49102262516952,0.0127376008267144,0.0183931159008316,"Downregulated"
"ENSG00000260193.2","ENSG00000260193","LINC02846","lncRNA",8.46808499918959,-1.95164171866808,0.789373275705879,-2.47239395952805,0.0134211523617839,0.0193224061222901,"Downregulated"
"ENSG00000164651.19","ENSG00000164651","SP8","protein_coding",6.64974266274292,-1.36219060755035,0.552069772541145,-2.4674247265527,0.0136088830807232,0.0195810100879508,"Downregulated"
"ENSG00000078814.21","ENSG00000078814","MYH7B","protein_coding",150.349456442348,-1.17963417090913,0.478931049189687,-2.46305636877161,0.0137758256120117,0.0198074476405669,"Downregulated"
"ENSG00000102349.20","ENSG00000102349","KLF8","protein_coding",11.5640833889868,-2.68994908490183,1.09736529008887,-2.45127954127654,0.014234935545419,0.0204250184083378,"Downregulated"
"ENSG00000162944.13","ENSG00000162944","RFTN2","protein_coding",16.7941156069165,-1.18385394231432,0.483791465578734,-2.4470335393332,0.0144037434860246,0.020644748353226,"Downregulated"
"ENSG00000113946.6","ENSG00000113946","CLDN16","protein_coding",6.76158494828087,-1.20545981779514,0.49619787098435,-2.42939336963251,0.0151241129926431,0.0216323179519723,"Downregulated"
"ENSG00000261485.2","ENSG00000261485","PAN3-AS1","lncRNA",12.2568090773001,-1.16183484385855,0.479264260347249,-2.42420505759546,0.0153419398705451,0.0219265673179428,"Downregulated"
"ENSG00000260136.7","ENSG00000260136","ENSG00000260136","lncRNA",6.38784328840354,-1.47553532242946,0.609651527860113,-2.42029299526013,0.0155080060770995,0.0221551679879067,"Downregulated"
"ENSG00000273679.1","ENSG00000273679","ENSG00000273679","processed_pseudogene",7.17772705844816,-1.24619444489806,0.516660197950006,-2.41201944690665,0.015864435326902,0.0226286807832149,"Downregulated"
"ENSG00000152475.9","ENSG00000152475","ZNF837","protein_coding",15.1049308120983,-1.05192338988268,0.436505532970432,-2.40987412627812,0.015958025151287,0.0227487409494838,"Downregulated"
"ENSG00000258512.3","ENSG00000258512","LINC00239","lncRNA",10.3636156235593,-1.20996574591361,0.502463740554737,-2.40806579312124,0.0160372905707027,0.0228549921280975,"Downregulated"
"ENSG00000284638.2","ENSG00000284638","SMIM44","protein_coding",10.7111808853429,-2.26582359817289,0.94189398286346,-2.40560364478022,0.0161457713201709,0.0229960214223014,"Downregulated"
"ENSG00000293993.1","ENSG00000293993","ENSG00000293993","lncRNA",7.75791902491913,-1.84804595694082,0.771768325560904,-2.39456051218182,0.0166402973921998,0.0236631527630026,"Downregulated"
"ENSG00000261098.1","ENSG00000261098","ENSG00000261098","lncRNA",12.47819062336,-1.10055898577471,0.460078806355897,-2.39210972244473,0.0167518335620988,0.023812415103672,"Downregulated"
"ENSG00000238062.7","ENSG00000238062","SPATA3-AS1","lncRNA",5.61301152127666,-1.52949941392001,0.639563131143904,-2.39147527341733,0.0167808142594213,0.02384893206311,"Downregulated"
"ENSG00000212939.2","ENSG00000212939","ENSG00000212939","lncRNA",11.9011505594495,-2.59794335365479,1.08847063785076,-2.38678312791657,0.0169965143594393,0.0241412806132505,"Downregulated"
"ENSG00000246526.4","ENSG00000246526","LINC02481","lncRNA",6.69369139063024,-1.99145760714515,0.836842592313069,-2.3797278310616,0.0173254292263409,0.0245747401730579,"Downregulated"
"ENSG00000129007.18","ENSG00000129007","CALML4","protein_coding",6.73647167543918,-1.84575853408975,0.775943599894143,-2.37872769920592,0.0173725038268566,0.0246366890555637,"Downregulated"
"ENSG00000145949.14","ENSG00000145949","MYLK4","protein_coding",8.55319669304094,-1.65798245797112,0.697330524746135,-2.37761348332588,0.0174250802293617,0.0247064145077693,"Downregulated"
"ENSG00000289546.2","ENSG00000289546","ENSG00000289546","lncRNA",6.70609165238755,-1.32712667848813,0.558748457362343,-2.37517734680294,0.0175405202257666,0.0248603637273164,"Downregulated"
"ENSG00000224687.3","ENSG00000224687","RASAL2-AS1","lncRNA",7.82178502718926,-2.36439818876469,0.997031419222635,-2.37143799400841,0.0177190194978071,0.0250986248228151,"Downregulated"
"ENSG00000186907.9","ENSG00000186907","RTN4RL2","protein_coding",4.30883717844594,-1.48560268007767,0.626720635372542,-2.37043843178163,0.0177670027599614,0.0251567566191852,"Downregulated"
"ENSG00000259439.4","ENSG00000259439","LINC01833","lncRNA",9.20657698136598,-1.0145782505092,0.428880038957781,-2.36564577119216,0.017998656172407,0.0254648565118151,"Downregulated"
"ENSG00000288868.3","ENSG00000288868","ENSG00000288868","lncRNA",8.11079530073172,-1.16436996319055,0.493010305919212,-2.36175582784136,0.0181886175315132,0.0257185525677324,"Downregulated"
"ENSG00000203876.11","ENSG00000203876","ADD3-AS1","lncRNA",12.0283899268976,-1.37061662399125,0.582321258251417,-2.35371215556669,0.0185869978639522,0.0262511229942886,"Downregulated"
"ENSG00000177374.15","ENSG00000177374","HIC1","protein_coding",13.4155519640803,-1.16223731272238,0.494586984612971,-2.34991487621103,0.018777704839983,0.0265023859116705,"Downregulated"
"ENSG00000259456.5","ENSG00000259456","ADNP-AS1","lncRNA",5.7481155565609,-2.67471480343547,1.14016700816587,-2.34589738545247,0.0189813324490371,0.026781955978137,"Downregulated"
"ENSG00000162009.12","ENSG00000162009","SSTR5","protein_coding",16.8918139206459,-2.51756849675875,1.07925095404819,-2.33269981121216,0.0196639061171492,0.0277018885437665,"Downregulated"
"ENSG00000254670.2","ENSG00000254670","RASSF10-DT","lncRNA",7.57041369924328,-1.13034079518746,0.485087541803777,-2.33017898374452,0.019796693267972,0.0278754060279294,"Downregulated"
"ENSG00000132522.18","ENSG00000132522","GPS2","protein_coding",6.78127663637153,-1.06352546142417,0.459341252885274,-2.3153275582017,0.0205950126903379,0.0289124211865134,"Downregulated"
"ENSG00000269313.8","ENSG00000269313","MAGIX","protein_coding",7.96668047550815,-1.5224535272987,0.657854628653208,-2.31427044971248,0.0206528916689717,0.0289908665310673,"Downregulated"
"ENSG00000234928.4","ENSG00000234928","LINC01659","lncRNA",6.99865063867943,-1.12749221968164,0.491685212451513,-2.29311801764391,0.0218412113393684,0.030543552516658,"Downregulated"
"ENSG00000166997.10","ENSG00000166997","CNPY4","protein_coding",9.40183556288374,-1.70574172676505,0.745079412858112,-2.28934217927436,0.0220594788037287,0.030824989569341,"Downregulated"
"ENSG00000164675.13","ENSG00000164675","IQUB","protein_coding",3.627833310151,-1.41290563274924,0.618386125570616,-2.28482751201037,0.0223229437853892,0.0311781130819063,"Downregulated"
"ENSG00000234028.5","ENSG00000234028","EIF2AK3-DT","lncRNA",7.24577330649674,-1.10813274966441,0.485223063400972,-2.28375943611874,0.0223856728309274,0.0312627127942373,"Downregulated"
"ENSG00000151320.13","ENSG00000151320","AKAP6","protein_coding",8.87535327849355,-1.73176467455608,0.758568779343079,-2.28293692241828,0.0224340841887447,0.0313273027619279,"Downregulated"
"ENSG00000227070.3","ENSG00000227070","EPS15-AS1","lncRNA",16.8943772948861,-1.18228951709413,0.519229738651097,-2.27700655237043,0.0227858343415776,0.0317909224297817,"Downregulated"
"ENSG00000141469.20","ENSG00000141469","SLC14A1","protein_coding",4.88209518853355,-1.14995877526574,0.506943070386743,-2.26841797914003,0.0233037429692021,0.0324791155135292,"Downregulated"
"ENSG00000084710.16","ENSG00000084710","EFR3B","protein_coding",24.837858446441,-1.14014159507005,0.503672018160065,-2.2636587977133,0.0235951084782968,0.0328599185150372,"Downregulated"
"ENSG00000138696.13","ENSG00000138696","BMPR1B","protein_coding",5.72274814451047,-1.26242584018209,0.558647885480403,-2.259788093705,0.0238344057102978,0.0331725210070331,"Downregulated"
"ENSG00000143365.22","ENSG00000143365","RORC","protein_coding",42.8536119107922,-1.77695653423216,0.78697020864084,-2.2579717945119,0.0239474179591572,0.0333249453681685,"Downregulated"
"ENSG00000197249.16","ENSG00000197249","SERPINA1","protein_coding",653.511126173827,-1.88132573947534,0.838895708862185,-2.2426217223438,0.0249212182554627,0.0346003348302515,"Downregulated"
"ENSG00000171435.16","ENSG00000171435","KSR2","protein_coding",11.9648861528775,-2.55492374185412,1.14320574146198,-2.2348765836207,0.0254254522595597,0.0352598712100995,"Downregulated"
"ENSG00000296867.1","ENSG00000296867","ENSG00000296867","lncRNA",117.959191415744,-1.46135717380677,0.654094166593928,-2.23416940318626,0.0254719288182475,0.035317565292197,"Downregulated"
"ENSG00000163803.14","ENSG00000163803","PLB1","protein_coding",21.9967827582596,-1.01845208759296,0.460245546565902,-2.2128450675777,0.0269083289791044,0.0371988460903539,"Downregulated"
"ENSG00000204186.13","ENSG00000204186","ZDBF2","protein_coding",44.8311394752783,-1.15543486742728,0.525376909582588,-2.19924942713084,0.0278601915469687,0.0384560335173513,"Downregulated"
"ENSG00000304309.1","ENSG00000304309","ENSG00000304309","lncRNA",15.1587676168075,-1.21232517392673,0.551391437945346,-2.19866521403421,0.0279017361599238,0.0385060432748896,"Downregulated"
"ENSG00000214309.7","ENSG00000214309","MBLAC1","protein_coding",6.37756978522059,-2.55706317977832,1.16546047908808,-2.19403679975413,0.0282327641017329,0.0389332207976318,"Downregulated"
"ENSG00000293332.2","ENSG00000293332","ENSG00000293332","lncRNA",7.11927172180175,-1.27096537489596,0.581839062345707,-2.18439334370575,0.0289333569219497,0.0398484724518732,"Downregulated"
"ENSG00000163909.10","ENSG00000163909","HEYL","protein_coding",8.25761809133745,-1.6437582318806,0.752546906660966,-2.1842601668166,0.0289431359999093,0.0398559413636151,"Downregulated"
"ENSG00000301102.1","ENSG00000301102","ENSG00000301102","lncRNA",4.40229636331343,-2.56042865697376,1.17642609507489,-2.17644666986986,0.0295218773023758,0.040598884595372,"Downregulated"
"ENSG00000214595.14","ENSG00000214595","EML6","protein_coding",9.22555327346889,-1.57243164526299,0.725511062027189,-2.16734344596949,0.030208676056653,0.0415052629185151,"Downregulated"
"ENSG00000184613.13","ENSG00000184613","NELL2","protein_coding",433.600987091161,-1.4631889289587,0.675159660701817,-2.16717469085423,0.0302215364378304,0.04151772737293,"Downregulated"
"ENSG00000255837.2","ENSG00000255837","TAS2R20","protein_coding",6.61023877224626,-1.05856691119307,0.4895688026962,-2.16224339737997,0.0305994200938312,0.0420169410649802,"Downregulated"
"ENSG00000184730.14","ENSG00000184730","APOBR","protein_coding",65.6385646532285,-1.6104816594468,0.745215934690962,-2.16109396548889,0.0306880816336576,0.0421346924713374,"Downregulated"
"ENSG00000217236.3","ENSG00000217236","SP9","protein_coding",33.5028453298512,-2.02318519255314,0.938397552279115,-2.15600007442407,0.0310836593444119,0.0426274315831643,"Downregulated"
"ENSG00000149295.16","ENSG00000149295","DRD2","protein_coding",12.6999917609534,-1.01811585055878,0.472228721521145,-2.15598036324267,0.0310851985213138,0.0426274315831643,"Downregulated"
"ENSG00000178403.4","ENSG00000178403","NEUROG2","protein_coding",4.47429706669717,-1.34971452395646,0.628288330741408,-2.14824063716691,0.031694643995076,0.0433883236484039,"Downregulated"
"ENSG00000261423.4","ENSG00000261423","TMEM202-AS1","lncRNA",9.26199066752827,-1.23593653451661,0.575423181418387,-2.14787407672749,0.0317237602579787,0.0434209230882724,"Downregulated"
"ENSG00000298364.1","ENSG00000298364","ENSG00000298364","lncRNA",81.6793484047005,-2.54034081614409,1.18548386785582,-2.14287253080786,0.0321233352345809,0.0439263421607422,"Downregulated"
"ENSG00000280594.4","ENSG00000280594","BTG3-AS1","lncRNA",6.12761173742701,-1.02054125236339,0.480628243952412,-2.12334848233438,0.0337246608187338,0.0460291754176954,"Downregulated"
"ENSG00000227963.3","ENSG00000227963","RBM15-AS1","lncRNA",12.9324078842075,-1.09042965545092,0.514103321185919,-2.12103211653165,0.0339190997954197,0.0462814795438492,"Downregulated"
"ENSG00000166262.18","ENSG00000166262","FAM227B","protein_coding",9.55641804269981,-1.30658545231012,0.618495482187236,-2.11252222520614,0.0346416817213908,0.0472185150024826,"Downregulated"
"ENSG00000213513.3","ENSG00000213513","IMPDH1P5","processed_pseudogene",5.86626127741005,-1.05152779456146,0.499271688202717,-2.10612341818693,0.0351936331206096,0.0479347867654017,"Downregulated"
"ENSG00000275318.1","ENSG00000275318","ENSG00000275318","unprocessed_pseudogene",13.3395688595197,-1.16630529888852,0.554831009779429,-2.10209104814126,0.0355453009022359,0.048377394879339,"Downregulated"
"ENSG00000131711.16","ENSG00000131711","MAP1B","protein_coding",214.339237548561,-1.69178993314497,0.809807901245112,-2.0891250017983,0.0366964722975022,0.0498972862202479,"Downregulated"
