"gene_id","ensembl_gene_id","gene_symbol","gene_type","baseMean","log2FoldChange","lfcSE","stat","pvalue","padj","status"
"ENSG00000186480.15","ENSG00000186480","INSIG1","protein_coding",8130.96701682592,6.2361123387199,0.186482531792106,33.4407318411573,3.51000156582164e-245,5.08669426918872e-241,"Upregulated"
"ENSG00000104549.14","ENSG00000104549","SQLE","protein_coding",2821.92417428338,3.91599261576814,0.133667370564375,29.2965485835018,1.14762573295023e-188,8.31569606095739e-185,"Upregulated"
"ENSG00000109107.16","ENSG00000109107","ALDOC","protein_coding",1075.08804940407,4.99410054950983,0.170923227888167,29.2183842489648,1.1327699613653e-187,5.47203409336867e-184,"Upregulated"
"ENSG00000196139.16","ENSG00000196139","AKR1C3","protein_coding",2014.71308407646,2.92868224915684,0.101415090935102,28.8781701239214,2.24486260893434e-183,8.1331372321691e-180,"Upregulated"
"ENSG00000052802.15","ENSG00000052802","MSMO1","protein_coding",3197.0553112632,4.83422969992455,0.16884874430248,28.6305339130293,2.80134398633547e-180,8.11941540999473e-177,"Upregulated"
"ENSG00000113161.19","ENSG00000113161","HMGCR","protein_coding",3091.53450848178,2.92363074157281,0.102551258659333,28.5089698536502,9.06856333380619e-179,2.19036033055866e-175,"Upregulated"
"ENSG00000117395.15","ENSG00000117395","EBNA1BP2","protein_coding",571.523933092974,-2.62760831475597,0.0948930498190966,-27.690208289914,9.16042843333653e-169,1.89647041222733e-165,"Downregulated"
"ENSG00000101670.14","ENSG00000101670","LIPG","protein_coding",771.624590999648,2.40792715786203,0.0871658763716365,27.6246537991048,5.62792459319899e-168,1.019498540058e-164,"Upregulated"
"ENSG00000164211.15","ENSG00000164211","STARD4","protein_coding",662.582994098221,2.860507397597,0.10407853714094,27.4841237797511,2.71794506522167e-166,4.37649554279915e-163,"Upregulated"
"ENSG00000106541.14","ENSG00000106541","AGR2","protein_coding",1291.7001126553,-3.86646045076193,0.14158820253203,-27.3077868185188,3.42823315841508e-164,4.96819549317513e-161,"Downregulated"
"ENSG00000067064.14","ENSG00000067064","IDI1","protein_coding",1537.34759340842,3.8096929857781,0.140539416771504,27.1076476144205,8.00080339330041e-162,1.05406947977918e-158,"Upregulated"
"ENSG00000131069.22","ENSG00000131069","ACSS2","protein_coding",3288.14444613718,2.83176624824475,0.109137545362707,25.9467650553591,1.97776448686827e-148,2.38848024530791e-145,"Upregulated"
"ENSG00000148730.9","ENSG00000148730","EIF4EBP2","protein_coding",2622.88535609341,-2.54458987627201,0.0983422574805771,-25.8748369364469,1.27872696545176e-147,1.42548547564053e-144,"Downregulated"
"ENSG00000172893.20","ENSG00000172893","DHCR7","protein_coding",2358.76402872387,3.19128954870997,0.123781840059714,25.7815649466065,1.42750495130417e-146,1.47767155387857e-143,"Upregulated"
"ENSG00000112972.16","ENSG00000112972","HMGCS1","protein_coding",2978.15713636111,4.00013214996446,0.157864893708513,25.3389595114823,1.18931513268899e-141,1.14903699352859e-138,"Upregulated"
"ENSG00000057704.15","ENSG00000057704","TMCC3","protein_coding",557.553060295879,1.77713490239954,0.07039080955924,25.2466893551484,1.23146209393639e-140,1.11539679158288e-137,"Upregulated"
"ENSG00000115561.18","ENSG00000115561","CHMP3","protein_coding",1188.72501210008,-2.31413970636315,0.0918681382271121,-25.1897964955189,5.18198969620749e-140,4.41749380455523e-137,"Downregulated"
"ENSG00000078114.21","ENSG00000078114","NEBL","protein_coding",3382.29381229294,-2.46045110759511,0.100152534877422,-24.5670377749948,2.84424539945955e-133,2.28993357383154e-130,"Downregulated"
"ENSG00000168394.15","ENSG00000168394","TAP1","protein_coding",739.331956158443,1.52530520131833,0.0621653708479569,24.5362519440108,6.0641257126948e-133,4.62533209623016e-130,"Upregulated"
"ENSG00000099194.8","ENSG00000099194","SCD","protein_coding",13519.9056196374,2.39394149927851,0.0979743314847425,24.4343744223589,7.37765111366477e-132,5.3458459969615e-129,"Upregulated"
"ENSG00000136937.15","ENSG00000136937","NCBP1","protein_coding",1160.47709706468,-2.3801292635137,0.0989002894442982,-24.065948410133,5.6839532181697e-128,3.92246904941501e-125,"Downregulated"
"ENSG00000071967.14","ENSG00000071967","CYBRD1","protein_coding",748.608197406729,1.94211879591624,0.081865350820894,23.7233307674357,2.07159911158752e-124,1.36461883296029e-121,"Upregulated"
"ENSG00000011347.12","ENSG00000011347","SYT7","protein_coding",2118.4834935864,1.86898015310217,0.0792090259595916,23.5955452104111,4.28213673014328e-123,2.69811849970593e-120,"Upregulated"
"ENSG00000112511.20","ENSG00000112511","PHF1","protein_coding",915.322853053985,3.13703692948718,0.133420216120297,23.5124557635156,3.04186530830926e-122,1.83677966866741e-119,"Upregulated"
"ENSG00000012660.16","ENSG00000012660","ELOVL5","protein_coding",1479.02547468799,2.52746014693224,0.107858840125156,23.4330365874457,1.96883752255163e-121,1.14129573507273e-118,"Upregulated"
"ENSG00000134398.17","ENSG00000134398","ERN2","protein_coding",152.742574731182,-3.7798593854539,0.162007903356551,-23.3313270966484,2.13268575645763e-120,1.18872623009938e-117,"Downregulated"
"ENSG00000138814.19","ENSG00000138814","PPP3CA","protein_coding",278.134718421299,-3.48018274478692,0.14965482953419,-23.2547306065512,1.2740969371539e-119,6.83859733823492e-117,"Downregulated"
"ENSG00000128595.19","ENSG00000128595","CALU","protein_coding",3796.37252992318,1.61270406573737,0.0694148338810594,23.2328448484182,2.12099152587465e-119,1.09776461403484e-116,"Upregulated"
"ENSG00000141458.15","ENSG00000141458","NPC1","protein_coding",1235.27717960554,2.51098929883496,0.109609194653794,22.9085644390148,3.81717181704232e-116,1.90753289560611e-113,"Upregulated"
"ENSG00000179918.19","ENSG00000179918","SEPHS2","protein_coding",776.281642498156,-2.56473657108348,0.112354335345608,-22.8272150175088,2.4614686528512e-115,1.18905345723732e-112,"Downregulated"
"ENSG00000109929.12","ENSG00000109929","SC5D","protein_coding",1858.08054461256,2.35422555761396,0.103234143719122,22.8047182143468,4.11659660078392e-115,1.92444251414711e-112,"Upregulated"
"ENSG00000156515.27","ENSG00000156515","HK1","protein_coding",1239.81829590529,1.99527989145839,0.0885191270244057,22.5406639054209,1.65813728526041e-112,7.50928923062307e-110,"Upregulated"
"ENSG00000198074.12","ENSG00000198074","AKR1B10","protein_coding",366.711721989848,4.46833724376116,0.199384055571507,22.410704963109,3.09499251262805e-111,1.3591706513032e-108,"Upregulated"
"ENSG00000169174.15","ENSG00000169174","PCSK9","protein_coding",1874.14756907732,2.92708297015847,0.132442592928793,22.10076762641,3.10739441651954e-108,1.32448117306474e-105,"Upregulated"
"ENSG00000250786.5","ENSG00000250786","SNHG18","lncRNA",349.154065637561,3.01312246087296,0.136851958451591,22.0173864880333,1.96260948505745e-107,8.12632475927214e-105,"Upregulated"
"ENSG00000079459.16","ENSG00000079459","FDFT1","protein_coding",5414.31422503536,2.77508505422428,0.126956824043561,21.8584946113026,6.45376344024418e-106,2.59799832711163e-103,"Upregulated"
"ENSG00000173530.8","ENSG00000173530","TNFRSF10D","protein_coding",659.486933842055,2.00131656563039,0.0925731672143806,21.6187543955988,1.19663435995967e-103,4.68692571473934e-101,"Upregulated"
"ENSG00000075618.20","ENSG00000075618","FSCN1","protein_coding",319.277713682907,4.29880333391176,0.199210222084138,21.5792306686759,2.81512798173248e-103,1.0736009134544e-100,"Upregulated"
"ENSG00000285517.3","ENSG00000285517","LINC00941","lncRNA",130.534946570878,-3.09164214654769,0.14447094961281,-21.3997496024874,1.34327470236561e-101,4.99147102222627e-99,"Downregulated"
"ENSG00000129292.23","ENSG00000129292","PHF20L1","protein_coding",411.879834012783,-1.80874492698857,0.0848305541617935,-21.3218567868699,7.11776853375052e-101,2.57876753977781e-98,"Downregulated"
"ENSG00000087842.13","ENSG00000087842","PIR","protein_coding",437.469896638979,2.84980610727482,0.134000744134049,21.2670916545358,2.29048699215878e-100,8.09603353423536e-98,"Upregulated"
"ENSG00000188895.14","ENSG00000188895","MSL1","protein_coding",2162.30657043708,2.0276283823617,0.0955982396198194,21.2098924669041,7.73898330675129e-100,2.6703177638438e-97,"Upregulated"
"ENSG00000203499.13","ENSG00000203499","IQANK1","protein_coding",812.16047632599,-2.74944599839782,0.129917233969106,-21.1630583133538,2.09203379310947e-99,7.05064040226568e-97,"Downregulated"
"ENSG00000104856.16","ENSG00000104856","RELB","protein_coding",399.071877905158,2.13568088434496,0.101010308838934,21.1431972527715,3.18736647640414e-99,1.04980261309202e-96,"Upregulated"
"ENSG00000119899.15","ENSG00000119899","SLC17A5","protein_coding",524.046835762248,2.69500204044186,0.127637626915119,21.1144793708369,5.85516197744277e-99,1.88562238615779e-96,"Upregulated"
"ENSG00000214357.11","ENSG00000214357","NEURL1B","protein_coding",1532.17738088597,1.36081670992215,0.064495558110455,21.099386528164,8.05746644902529e-99,2.53845225607119e-96,"Upregulated"
"ENSG00000178719.19","ENSG00000178719","GRINA","protein_coding",1744.73023213229,1.77192642439337,0.0840908449042666,21.0715735632175,1.45030950440967e-98,4.4718904974266e-96,"Upregulated"
"ENSG00000012048.28","ENSG00000012048","BRCA1","protein_coding",554.067782711734,-2.93431317997575,0.13963846943901,-21.0136446766009,4.92090541420442e-98,1.48570335963855e-95,"Downregulated"
"ENSG00000103485.21","ENSG00000103485","QPRT","protein_coding",1901.21514979889,2.895484569001,0.13810385237147,20.9659942085667,1.34090150025345e-97,3.96578460034142e-95,"Upregulated"
"ENSG00000167508.14","ENSG00000167508","MVD","protein_coding",459.35031242648,3.20199472320061,0.153249988317269,20.8939312711177,6.08024053341795e-97,1.76229691620586e-94,"Upregulated"
"ENSG00000163347.7","ENSG00000163347","CLDN1","protein_coding",1140.98601235066,-2.42798987254004,0.116557459658326,-20.8308406828477,2.27433968391475e-96,6.46269229397893e-94,"Downregulated"
"ENSG00000162437.17","ENSG00000162437","RAVER2","protein_coding",563.442336553251,1.38027339197625,0.0662904775486013,20.8215937343987,2.75856522731772e-96,7.6879090912093e-94,"Upregulated"
"ENSG00000129757.17","ENSG00000129757","CDKN1C","protein_coding",199.854236723909,4.60390175226805,0.222368822835746,20.7038994655683,3.19448036127147e-95,8.73479422557474e-93,"Upregulated"
"ENSG00000164615.8","ENSG00000164615","CAMLG","protein_coding",802.282619729294,2.09702292417439,0.101557951666153,20.6485350459592,1.00625086877981e-94,2.70047918339945e-92,"Upregulated"
"ENSG00000106028.13","ENSG00000106028","SSBP1","protein_coding",549.464221526951,-2.08372175403375,0.101141169041103,-20.6021126094256,2.62728105082674e-94,6.92264672519656e-92,"Downregulated"
"ENSG00000102317.20","ENSG00000102317","RBM3","protein_coding",554.014980794727,-2.16521351851445,0.105334752902175,-20.555547517402,6.86514260283106e-94,1.77660083214692e-91,"Downregulated"
"ENSG00000160752.17","ENSG00000160752","FDPS","protein_coding",2190.33756904704,2.38185585717764,0.115978604905696,20.537028007143,1.00528998326332e-93,2.55590569078105e-91,"Upregulated"
"ENSG00000144306.17","ENSG00000144306","SCRN3","protein_coding",224.303496204084,-3.00955160753624,0.146928957824789,-20.4830392326412,3.05020122403811e-93,7.62129588599315e-91,"Downregulated"
"ENSG00000178826.13","ENSG00000178826","TMEM139","protein_coding",439.509521312576,-2.53313365218335,0.123972399477493,-20.4330452815284,8.50299215330947e-93,2.08856546247052e-90,"Downregulated"
"ENSG00000196371.4","ENSG00000196371","FUT4","protein_coding",747.303964896608,-1.57143589100461,0.0774829814403152,-20.281045744414,1.8906875270269e-91,4.56664060694564e-89,"Downregulated"
"ENSG00000039523.22","ENSG00000039523","RIPOR1","protein_coding",732.043298696748,2.32048869709669,0.115011700568694,20.1761097838104,1.5875995391805e-90,3.7717200855416e-88,"Upregulated"
"ENSG00000001630.20","ENSG00000001630","CYP51A1","protein_coding",179.097806003244,2.99445034232801,0.14877712205061,20.127088769128,4.27376756786753e-90,9.98958703121553e-88,"Upregulated"
"ENSG00000006704.13","ENSG00000006704","GTF2IRD1","protein_coding",1359.01552244496,1.95559617492231,0.0979731284328305,19.9605361817454,1.21402711571413e-88,2.79264777157607e-86,"Upregulated"
"ENSG00000234745.16","ENSG00000234745","HLA-B","protein_coding",3197.88605660189,2.51901687031578,0.126267200000309,19.9498909480025,1.50215651313064e-88,3.4014456544202e-86,"Upregulated"
"ENSG00000197183.16","ENSG00000197183","NOL4L","protein_coding",1487.8832520134,2.18481305032159,0.109640357362982,19.9270880072784,2.3695401971127e-88,5.28298100562419e-86,"Upregulated"
"ENSG00000085978.24","ENSG00000085978","ATG16L1","protein_coding",654.402911956465,1.24281836279582,0.0623757682238703,19.9246982952622,2.48539700237836e-88,5.45732929673746e-86,"Upregulated"
"ENSG00000163931.19","ENSG00000163931","TKT","protein_coding",9587.40389544514,3.69396837725378,0.186529141814242,19.8037064950016,2.76575429375334e-87,5.98228525747363e-85,"Upregulated"
"ENSG00000163618.20","ENSG00000163618","CADPS","protein_coding",362.811663977537,-2.49178214019419,0.125913475795452,-19.7896382770191,3.65656563301987e-87,7.79278664025352e-85,"Downregulated"
"ENSG00000254166.5","ENSG00000254166","CASC19","lncRNA",364.054009768,-3.0629657999057,0.154996420364095,-19.7615260578962,6.384506768297e-87,1.34093147950957e-84,"Downregulated"
"ENSG00000117593.14","ENSG00000117593","DARS2","protein_coding",632.968556943063,-2.56754360819092,0.130221677752544,-19.716714240696,1.54975009185861e-86,3.20842547588785e-84,"Downregulated"
"ENSG00000164830.20","ENSG00000164830","OXR1","protein_coding",1212.06057293671,1.63997723848483,0.0832654736588365,19.6957654405991,2.34426850358777e-86,4.78494917661887e-84,"Upregulated"
"ENSG00000168310.14","ENSG00000168310","IRF2","protein_coding",430.239234924142,1.75532046966068,0.0893319839864995,19.6494065319982,5.84927388252294e-86,1.17732884868781e-83,"Upregulated"
"ENSG00000139112.13","ENSG00000139112","GABARAPL1","protein_coding",664.122842399309,3.27752443007936,0.166999746101054,19.6259246292272,9.28719825963632e-86,1.84369968737876e-83,"Upregulated"
"ENSG00000120451.12","ENSG00000120451","SNX19","protein_coding",853.794393664545,-2.10702522540578,0.10739955164915,-19.6185663073247,1.07337909188974e-85,2.10208240536029e-83,"Downregulated"
"ENSG00000120708.18","ENSG00000120708","TGFBI","protein_coding",11733.5917715058,-1.12444680030583,0.0573404679756468,-19.6100038943421,1.27022190146011e-85,2.45440743946132e-83,"Downregulated"
"ENSG00000136100.16","ENSG00000136100","VPS36","protein_coding",603.320660026491,-2.07190479290757,0.105910021347751,-19.5628776818442,3.20470506377292e-85,6.11086655055226e-83,"Downregulated"
"ENSG00000122359.20","ENSG00000122359","ANXA11","protein_coding",2334.29849324861,-1.27690964055377,0.0653262816473568,-19.5466450615812,4.40557552249178e-85,8.29163642492869e-83,"Downregulated"
"ENSG00000109586.14","ENSG00000109586","GALNT7","protein_coding",701.950538244034,-1.56137722172519,0.0799249231659449,-19.5355486108303,5.47543999932924e-85,1.01730867269589e-82,"Downregulated"
"ENSG00000111700.15","ENSG00000111700","SLCO1B3","protein_coding",159.411402668026,-2.51984912484486,0.129120296183549,-19.5155153707424,8.10477178199707e-85,1.48676395778103e-82,"Downregulated"
"ENSG00000185885.19","ENSG00000185885","IFITM1","protein_coding",259.717263318699,2.0264028930164,0.103984064646421,19.4876291853643,1.39810099917064e-84,2.53265995999761e-82,"Upregulated"
"ENSG00000076641.6","ENSG00000076641","PAG1","protein_coding",314.71612275966,-2.49977827362071,0.128429467104843,-19.4642112123693,2.20868564673137e-84,3.95163856696679e-82,"Downregulated"
"ENSG00000231074.12","ENSG00000231074","HCG18","lncRNA",227.454724268881,-3.62360880198613,0.186747598303346,-19.4037772635772,7.17041887231495e-84,1.26724036948278e-81,"Downregulated"
"ENSG00000148296.9","ENSG00000148296","SURF6","protein_coding",534.744601496205,-1.63385080798972,0.0844009917956744,-19.3581944148843,1.73873720114445e-83,3.03587705048016e-81,"Downregulated"
"ENSG00000186174.15","ENSG00000186174","BCL9L","protein_coding",1878.18712641987,1.83742472304526,0.094966416907545,19.3481525667552,2.11280589334532e-83,3.6450932150429e-81,"Upregulated"
"ENSG00000088899.18","ENSG00000088899","LZTS3","protein_coding",260.61847800195,1.99671091341353,0.103216846881274,19.3448160232046,2.25407302217476e-83,3.84306191027725e-81,"Upregulated"
"ENSG00000147592.11","ENSG00000147592","LACTB2","protein_coding",231.13742523119,-1.85174659225733,0.0957569721116686,-19.3379818870827,2.57351338998497e-83,4.33666930786769e-81,"Downregulated"
"ENSG00000170017.14","ENSG00000170017","ALCAM","protein_coding",962.435487213597,-1.68804096971748,0.0873478629574311,-19.3254982155676,3.27803935348037e-83,5.46038463340662e-81,"Downregulated"
"ENSG00000066279.21","ENSG00000066279","ASPM","protein_coding",498.000554546916,-2.60994937432009,0.135311955794317,-19.2883870386692,6.72384954352808e-83,1.10729576800919e-80,"Downregulated"
"ENSG00000254682.3","ENSG00000254682","DHCR7-DT","lncRNA",111.581530822207,3.1839080180739,0.165270340738729,19.2648481502634,1.05975793842101e-82,1.72561933074126e-80,"Upregulated"
"ENSG00000156976.19","ENSG00000156976","EIF4A2","protein_coding",7975.56318897111,2.32330012938541,0.120629960939291,19.259727113355,1.16993460260305e-82,1.88385469565815e-80,"Upregulated"
"ENSG00000143614.13","ENSG00000143614","GATAD2B","protein_coding",842.289287690939,1.3524046821123,0.0702844804693295,19.2418678075377,1.65148768416535e-82,2.6300395075741e-80,"Upregulated"
"ENSG00000125733.20","ENSG00000125733","TRIP10","protein_coding",898.129348714084,2.59438436534313,0.135122073776668,19.2003000903551,3.67960036356531e-82,5.79617048573788e-80,"Upregulated"
"ENSG00000137409.23","ENSG00000137409","MTCH1","protein_coding",2306.71232639858,1.51227346102488,0.0787698801215505,19.1986259048671,3.80012645774061e-82,5.92165942210504e-80,"Upregulated"
"ENSG00000076864.23","ENSG00000076864","RAP1GAP","protein_coding",217.627767029592,2.46592663373355,0.1284953057318,19.1907915988817,4.41857625239567e-82,6.81212840954447e-80,"Upregulated"
"ENSG00000182180.16","ENSG00000182180","MRPS16","protein_coding",907.571521135271,-2.00448074567464,0.104986692868425,-19.0927125229744,2.90296908701243e-81,4.42840294831412e-79,"Downregulated"
"ENSG00000077232.21","ENSG00000077232","DNAJC10","protein_coding",1284.31542093011,-1.62588521408743,0.0852669499334093,-19.0681760677166,4.64215864258557e-81,7.00772531753647e-79,"Downregulated"
"ENSG00000229953.2","ENSG00000229953","BCAN-AS2","lncRNA",243.710555773853,-2.71573143293903,0.142517302443782,-19.0554507163107,5.92044559252691e-81,8.84526778627835e-79,"Downregulated"
"ENSG00000233016.10","ENSG00000233016","SNHG7","lncRNA",1106.54592867375,1.75989964429973,0.0923595807450189,19.0548682670871,5.98670261137427e-81,8.85298920857509e-79,"Upregulated"
"ENSG00000001626.20","ENSG00000001626","CFTR","protein_coding",403.598534663284,-3.38020896394269,0.177758520320363,-19.0157352674333,1.26352920445052e-80,1.84960254857545e-78,"Downregulated"
"ENSG00000132471.13","ENSG00000132471","WBP2","protein_coding",1621.51263132267,2.17839611979696,0.114640323229014,19.0020060868568,1.64148822961072e-80,2.37884474235186e-78,"Upregulated"
"ENSG00000235823.6","ENSG00000235823","OLMALINC","lncRNA",357.699106944062,2.27595483804403,0.120100785773379,18.9503742493292,4.38454047324929e-80,6.29116440973552e-78,"Upregulated"
"ENSG00000118855.23","ENSG00000118855","MFSD1","protein_coding",268.094534314714,-2.42600448227467,0.128243805951784,-18.9171279210692,8.24254203908792e-80,1.1710874434359e-77,"Downregulated"
"ENSG00000159267.19","ENSG00000159267","HLCS","protein_coding",375.032117014542,-2.27154809059192,0.12033770948011,-18.8764444695316,1.78184835334335e-79,2.50704333365552e-77,"Downregulated"
"ENSG00000196365.14","ENSG00000196365","LONP1","protein_coding",2222.76245013483,-1.95170851245287,0.103483730557599,-18.8600517389209,2.42982034093303e-79,3.38586119046168e-77,"Downregulated"
"ENSG00000085982.18","ENSG00000085982","USP40","protein_coding",433.851164661783,-3.01455346906507,0.160011173243436,-18.8396435571336,3.5736414832076e-79,4.93230594044234e-77,"Downregulated"
"ENSG00000197712.14","ENSG00000197712","FAM114A1","protein_coding",331.214490203488,2.717781239155,0.144266695235593,18.8385908106979,3.64542691850636e-79,4.98391763235794e-77,"Upregulated"
"ENSG00000163961.5","ENSG00000163961","RNF168","protein_coding",478.149932262158,1.64080070871848,0.0871018876437397,18.8377169898959,3.70610248635888e-79,5.019517498347e-77,"Upregulated"
"ENSG00000077150.23","ENSG00000077150","NFKB2","protein_coding",470.555781791396,1.55985316479169,0.0831392918578427,18.7619250770001,1.54694051334561e-78,2.07576499253747e-76,"Upregulated"
"ENSG00000130707.20","ENSG00000130707","ASS1","protein_coding",5141.86070174822,1.51132273781931,0.0805693604880505,18.75803318612,1.66445410398161e-78,2.21296044723867e-76,"Upregulated"
"ENSG00000206527.12","ENSG00000206527","HACD2","protein_coding",1707.24702357606,-1.26774822906224,0.0675921407320423,-18.7558526084862,1.73414375239866e-78,2.28465556906922e-76,"Downregulated"
"ENSG00000142798.21","ENSG00000142798","HSPG2","protein_coding",1273.27047826555,2.15786876417515,0.115500427594367,18.6827772772711,6.83677200853339e-78,8.92599098627621e-76,"Upregulated"
"ENSG00000100994.14","ENSG00000100994","PYGB","protein_coding",2229.96521642588,-1.48373966508374,0.0795431876102835,-18.6532588102104,1.18809853515286e-77,1.53731464030672e-75,"Downregulated"
"ENSG00000231365.8","ENSG00000231365","WARS2-AS1","lncRNA",196.018748669348,-3.61093139601886,0.193621749413235,-18.6494100325076,1.27678370330774e-77,1.63744685206512e-75,"Downregulated"
"ENSG00000116455.15","ENSG00000116455","WDR77","protein_coding",348.994637669513,-2.47358625668317,0.133515071940669,-18.5266443760175,1.25897430229547e-76,1.60044347270754e-74,"Downregulated"
"ENSG00000198301.14","ENSG00000198301","SDAD1","protein_coding",385.937788248421,-1.63866202810787,0.0884870296949194,-18.5186691626734,1.46001626237717e-76,1.83987440646696e-74,"Downregulated"
"ENSG00000149182.17","ENSG00000149182","ARFGAP2","protein_coding",581.554632504487,-1.79725269638189,0.0972181502933478,-18.4868020113408,2.63738903543422e-76,3.29491740530283e-74,"Downregulated"
"ENSG00000074695.8","ENSG00000074695","LMAN1","protein_coding",2168.95407196822,1.34238478150095,0.0726274065529069,18.4831710949648,2.82103025912061e-76,3.49421970215179e-74,"Upregulated"
"ENSG00000166866.15","ENSG00000166866","MYO1A","protein_coding",627.573252763037,-3.46357103426044,0.187497239050395,-18.4726508603655,3.42828511840282e-76,4.2103989776181e-74,"Downregulated"
"ENSG00000164379.7","ENSG00000164379","FOXQ1","protein_coding",696.343229389125,-1.66595627681863,0.0901890765486445,-18.4718187675431,3.48154294329684e-76,4.23987565834099e-74,"Downregulated"
"ENSG00000120688.11","ENSG00000120688","WBP4","protein_coding",282.996194882713,-2.0028934181962,0.108581577567454,-18.445978250334,5.61732094866202e-76,6.78385126566749e-74,"Downregulated"
"ENSG00000173039.22","ENSG00000173039","RELA","protein_coding",1098.70841003121,1.03779230910948,0.0563446853441678,18.4186370510436,9.31187969886803e-76,1.11527074872724e-73,"Upregulated"
"ENSG00000143819.15","ENSG00000143819","EPHX1","protein_coding",968.109898709177,2.52736724710795,0.137456485068895,18.3866715771263,1.67981276767955e-75,1.99539726468952e-73,"Upregulated"
"ENSG00000149150.11","ENSG00000149150","SLC43A1","protein_coding",235.452501752623,-2.76214751361586,0.150384215713356,-18.3672701321309,2.40192791952388e-75,2.82997881380001e-73,"Downregulated"
"ENSG00000147155.13","ENSG00000147155","EBP","protein_coding",515.940933287159,2.36209315553927,0.12864523027143,18.3612960274972,2.68130944258466e-75,3.13367229370459e-73,"Upregulated"
"ENSG00000108984.18","ENSG00000108984","MAP2K6","protein_coding",300.665509142365,-3.81614432788669,0.207918148645139,-18.3540703529437,3.06284193049173e-75,3.5509364205349e-73,"Downregulated"
"ENSG00000122642.13","ENSG00000122642","FKBP9","protein_coding",1039.66365342285,-1.43820424572939,0.0784238965635408,-18.3388521707045,4.05263644334076e-75,4.6611751854678e-73,"Downregulated"
"ENSG00000100196.13","ENSG00000100196","KDELR3","protein_coding",390.787432428904,1.99871934218307,0.109084093126505,18.3227387687512,5.44998576753728e-75,6.21899163331892e-73,"Upregulated"
"ENSG00000141965.5","ENSG00000141965","FEM1A","protein_coding",385.775027421668,-2.02020898828797,0.111196568894243,-18.1679075926286,9.26652681638981e-74,1.04914458299313e-71,"Downregulated"
"ENSG00000197713.17","ENSG00000197713","RPE","protein_coding",791.823944491345,-1.31275800010164,0.0722597909994907,-18.1671989628491,9.38695990319697e-74,1.05454126292349e-71,"Downregulated"
"ENSG00000151632.20","ENSG00000151632","AKR1C2","protein_coding",281.621662567389,3.73293340003864,0.20581496814666,18.137327103336,1.61706702090149e-73,1.80265655899264e-71,"Upregulated"
"ENSG00000181019.14","ENSG00000181019","NQO1","protein_coding",5765.40768635256,1.09858219994858,0.060732236316181,18.0889469346922,3.89457909995371e-73,4.3084152913381e-71,"Upregulated"
"ENSG00000197858.14","ENSG00000197858","GPAA1","protein_coding",330.399729319231,-2.09832146838241,0.116214043546046,-18.0556618146672,7.12033730321119e-73,7.81726728773762e-71,"Downregulated"
"ENSG00000065618.23","ENSG00000065618","COL17A1","protein_coding",1733.57783458557,-1.84465941971938,0.102326185712499,-18.0272469541884,1.19074702100575e-72,1.29746660364025e-70,"Downregulated"
"ENSG00000108828.18","ENSG00000108828","VAT1","protein_coding",4205.96191114588,3.05001424557613,0.169201787798781,18.0258984568371,1.22013803656618e-72,1.31957018103859e-70,"Upregulated"
"ENSG00000168710.20","ENSG00000168710","AHCYL1","protein_coding",2305.9176896401,1.4459833777567,0.080381897008473,17.9889182959228,2.37957521378659e-72,2.55442992579224e-70,"Upregulated"
"ENSG00000164764.13","ENSG00000164764","SBSPON","protein_coding",104.517122397703,-3.43081173663087,0.191000389621191,-17.9623284718694,3.84341329968604e-72,4.09549599551839e-70,"Downregulated"
"ENSG00000144455.16","ENSG00000144455","SUMF1","protein_coding",171.728557265316,-3.47236005580684,0.193811492953953,-17.9161720643255,8.81918428456263e-72,9.32902325926143e-70,"Downregulated"
"ENSG00000132823.13","ENSG00000132823","OSER1","protein_coding",1065.30787164541,2.43054259158042,0.135914693592871,17.8828537763624,1.60412009629723e-71,1.68455858228547e-69,"Upregulated"
"ENSG00000100029.20","ENSG00000100029","PES1","protein_coding",452.877098863492,-1.47933140817595,0.082815276049811,-17.8630257452282,2.28888118945574e-71,2.3525153331626e-69,"Downregulated"
"ENSG00000076924.14","ENSG00000076924","XAB2","protein_coding",785.684423606402,1.86182270138217,0.104277124635322,17.8545650150342,2.66347700950796e-71,2.71824710012602e-69,"Upregulated"
"ENSG00000161011.22","ENSG00000161011","SQSTM1","protein_coding",10149.188587378,2.25345253844652,0.126223529692791,17.8528721541148,2.74546514049618e-71,2.78232732979515e-69,"Upregulated"
"ENSG00000196235.16","ENSG00000196235","SUPT5H","protein_coding",1941.7875463769,1.61634005878437,0.090834724876708,17.794296850442,7.82433234647929e-71,7.87432113647069e-69,"Upregulated"
"ENSG00000104419.18","ENSG00000104419","NDRG1","protein_coding",1261.14323640478,2.49728587477354,0.140379201939828,17.7895716763226,8.51281201446559e-71,8.50811529059554e-69,"Upregulated"
"ENSG00000153815.19","ENSG00000153815","CMIP","protein_coding",1303.15651207174,1.28646482067511,0.0723391056112361,17.7838087685077,9.43472814625257e-71,9.36493700654057e-69,"Upregulated"
"ENSG00000143376.16","ENSG00000143376","SNX27","protein_coding",725.019537895703,1.74492214537226,0.0981745814754485,17.7736652313473,1.13056616749731e-70,1.11456904077354e-68,"Upregulated"
"ENSG00000113615.15","ENSG00000113615","SEC24A","protein_coding",1196.30944078241,2.29674991696362,0.129258942376138,17.7685959264635,1.23749514967388e-70,1.21174187223472e-68,"Upregulated"
"ENSG00000147853.19","ENSG00000147853","AK3","protein_coding",1701.2454709279,1.15642315700399,0.065155629490697,17.7486299502195,1.76610157718184e-70,1.71774121184693e-68,"Upregulated"
"ENSG00000163714.20","ENSG00000163714","U2SURP","protein_coding",1084.17033789352,-1.55037425608142,0.0873646944130353,-17.7460044529166,1.85061342477058e-70,1.78793931678501e-68,"Downregulated"
"ENSG00000198355.7","ENSG00000198355","PIM3","protein_coding",913.07012869048,2.14234116310949,0.120750666153043,17.741857923949,1.99237045948973e-70,1.91214786085597e-68,"Upregulated"
"ENSG00000120733.17","ENSG00000120733","KDM3B","protein_coding",843.362013908744,-1.3640062873127,0.0769880903553456,-17.7171076853186,3.0941749486721e-70,2.95005153658921e-68,"Downregulated"
"ENSG00000185787.18","ENSG00000185787","MORF4L1","protein_coding",1470.27002976672,1.17899670902521,0.0666055777601567,17.7011708129118,4.10679887169747e-70,3.88991694435553e-68,"Upregulated"
"ENSG00000169710.11","ENSG00000169710","FASN","protein_coding",4707.62520733573,1.64963511866404,0.0932740014999002,17.6859048838578,5.38495808083032e-70,5.06745535762292e-68,"Upregulated"
"ENSG00000149328.18","ENSG00000149328","GLB1L2","protein_coding",591.879126883908,-2.53114547132435,0.143246707856786,-17.6698334586154,7.16079836709473e-70,6.69511547973786e-68,"Downregulated"
"ENSG00000197782.17","ENSG00000197782","ZNF780A","protein_coding",127.124293214173,-3.5171281904922,0.199131166350456,-17.6623692561631,8.17356107422063e-70,7.59302865946188e-68,"Downregulated"
"ENSG00000033327.14","ENSG00000033327","GAB2","protein_coding",597.820825510796,2.4547797521991,0.139140959204287,17.6423949226553,1.16420511439806e-69,1.0746280584622e-67,"Upregulated"
"ENSG00000105289.17","ENSG00000105289","TJP3","protein_coding",1702.0408323763,1.96736740487218,0.112061122550421,17.556199332083,5.33285591696352e-69,4.89137645244527e-67,"Upregulated"
"ENSG00000164506.18","ENSG00000164506","STXBP5","protein_coding",400.48510032422,-1.66397897503259,0.0954141019794823,-17.439549715517,4.13317488236867e-68,3.7671679493891e-66,"Downregulated"
"ENSG00000204386.15","ENSG00000204386","NEU1","protein_coding",1298.62372985099,1.88806333987386,0.108504911700031,17.4007177213649,8.14756467060884e-68,7.37965670040396e-66,"Upregulated"
"ENSG00000005001.12","ENSG00000005001","PRSS22","protein_coding",569.741971522961,3.81180317927953,0.219147066447896,17.3938133923678,9.19104643840823e-68,8.27308353946658e-66,"Upregulated"
"ENSG00000110696.12","ENSG00000110696","C11orf58","protein_coding",1107.48875657957,-1.07961961619746,0.0621298056251673,-17.3768387866988,1.23580648087748e-67,1.10551280993065e-65,"Downregulated"
"ENSG00000140320.14","ENSG00000140320","BAHD1","protein_coding",837.089995253799,1.37425419018321,0.0791343282920873,17.3660940813296,1.49031805907898e-67,1.32501161424372e-65,"Upregulated"
"ENSG00000241553.15","ENSG00000241553","ARPC4","protein_coding",463.943916532793,-1.91593631031575,0.110373977644537,-17.3585871525451,1.69851945119799e-67,1.50091121260739e-65,"Downregulated"
"ENSG00000242247.13","ENSG00000242247","ARFGAP3","protein_coding",387.690743812905,1.63373014784133,0.0941748627953756,17.3478367724423,2.04812766392874e-67,1.79887673367608e-65,"Upregulated"
"ENSG00000139618.19","ENSG00000139618","BRCA2","protein_coding",348.120454034834,-2.5798214405164,0.148779930191021,-17.339848440607,2.35356684679941e-67,2.05469221348296e-65,"Downregulated"
"ENSG00000175538.13","ENSG00000175538","KCNE3","protein_coding",784.066620746239,-2.87676960902107,0.166052544652403,-17.3244536242609,3.07602959325749e-67,2.65344171818379e-65,"Downregulated"
"ENSG00000131467.14","ENSG00000131467","PSME3","protein_coding",1188.52126373704,-1.03427904949278,0.0597005170223887,-17.3244571584682,3.07584063585066e-67,2.65344171818379e-65,"Downregulated"
"ENSG00000139597.20","ENSG00000139597","N4BP2L1","protein_coding",131.620307474323,2.02138174732458,0.117019168604068,17.2739370091056,7.39228907783081e-67,6.30170901858377e-65,"Upregulated"
"ENSG00000118971.11","ENSG00000118971","CCND2","protein_coding",1523.87358501558,1.51647283827582,0.0878885487958806,17.2544985558676,1.03516470036018e-66,8.77286949568401e-65,"Upregulated"
"ENSG00000150961.17","ENSG00000150961","SEC24D","protein_coding",469.124947015263,2.35119659449204,0.136656048177442,17.2052143015223,2.42677355006646e-66,2.04469780741646e-64,"Upregulated"
"ENSG00000105939.16","ENSG00000105939","ZC3HAV1","protein_coding",1109.34812746635,1.47919983633513,0.0860836860145607,17.1832771668831,3.54317229666928e-66,2.96807242331394e-64,"Upregulated"
"ENSG00000156232.9","ENSG00000156232","WHAMM","protein_coding",251.575658639525,1.80782716413107,0.105373086498387,17.1564412147949,5.62569510386978e-66,4.68549272674028e-64,"Upregulated"
"ENSG00000115875.21","ENSG00000115875","SRSF7","protein_coding",1099.94560946329,-1.33776571354862,0.0780601542510543,-17.1376258013293,7.7761627595649e-66,6.43955146923512e-64,"Downregulated"
"ENSG00000111676.17","ENSG00000111676","ATN1","protein_coding",2197.44579144108,1.37206839765273,0.080198710976807,17.1083597347284,1.28569349161549e-65,1.05865170911885e-63,"Upregulated"
"ENSG00000130956.16","ENSG00000130956","HABP4","protein_coding",524.02977318904,2.65509103027956,0.155348069722303,17.0912392733668,1.72469321130281e-65,1.41210474679098e-63,"Upregulated"
"ENSG00000115339.17","ENSG00000115339","GALNT3","protein_coding",4350.38642099213,1.94372128270487,0.113745168421608,17.0883854644293,1.81119366239675e-65,1.4745965480592e-63,"Upregulated"
"ENSG00000076201.18","ENSG00000076201","PTPN23","protein_coding",1225.3616762497,1.52379762027564,0.0892520412768434,17.0729722085471,2.35879590837022e-65,1.90970225162576e-63,"Upregulated"
"ENSG00000204520.16","ENSG00000204520","MICA","protein_coding",199.047432776197,3.33903080203513,0.195741470434566,17.0583719158855,3.0287949862176e-65,2.43851649668141e-63,"Upregulated"
"ENSG00000141556.24","ENSG00000141556","TBCD","protein_coding",372.142672351806,-2.30112184032985,0.135079797478396,-17.0352775417648,4.49603630541873e-65,3.59980984188554e-63,"Downregulated"
"ENSG00000133606.13","ENSG00000133606","MKRN1","protein_coding",2569.63322484548,1.60227592428914,0.094063370409764,17.0340050256463,4.59490112980814e-65,3.6587531413835e-63,"Upregulated"
"ENSG00000135924.19","ENSG00000135924","DNAJB2","protein_coding",534.573574989367,1.72792381484466,0.101496929318513,17.0243949885635,5.41492474406548e-65,4.28814696125666e-63,"Upregulated"
"ENSG00000137819.16","ENSG00000137819","PAQR5","protein_coding",655.095506473035,1.77251855310868,0.104226354126877,17.0064334299841,7.3583136128133e-65,5.79547178678752e-63,"Upregulated"
"ENSG00000053372.7","ENSG00000053372","MRTO4","protein_coding",312.233987899222,-2.04314434247873,0.120445757034411,-16.9631906742469,1.53763324243466e-64,1.20450707834395e-62,"Downregulated"
"ENSG00000259956.2","ENSG00000259956","RBM15B","protein_coding",993.761272746138,-1.87568273224047,0.110589806211012,-16.9607199479267,1.60367423836409e-64,1.24948640120281e-62,"Downregulated"
"ENSG00000189403.17","ENSG00000189403","HMGB1","protein_coding",1862.41505234342,-1.01115370277174,0.0599010368472198,-16.8804040128844,6.27141630216466e-64,4.86017994924975e-62,"Downregulated"
"ENSG00000217128.15","ENSG00000217128","FNIP1","protein_coding",726.566406760736,1.61830675711486,0.0958771114882753,16.8789686296793,6.42576366664651e-64,4.95330675835325e-62,"Upregulated"
"ENSG00000079691.21","ENSG00000079691","CARMIL1","protein_coding",375.047762076326,-2.41287821756368,0.143052774454341,-16.8670494282082,7.86269800578214e-64,6.02890050263465e-62,"Downregulated"
"ENSG00000134575.15","ENSG00000134575","ACP2","protein_coding",193.65865734977,-3.19640225694931,0.189810461549181,-16.839968834495,1.24301943556543e-63,9.48096718958642e-62,"Downregulated"
"ENSG00000164237.11","ENSG00000164237","CMBL","protein_coding",592.83075797262,1.30168124266953,0.0773041468333888,16.8384400577502,1.27554940286072e-63,9.67814761584162e-62,"Upregulated"
"ENSG00000182827.11","ENSG00000182827","ACBD3","protein_coding",1322.06577434962,2.0480540174562,0.121973716856633,16.7909453793515,2.84280253175257e-63,2.14572366094574e-61,"Upregulated"
"ENSG00000187231.16","ENSG00000187231","SESTD1","protein_coding",438.658673484163,2.00363786897486,0.119335396024537,16.7899712551579,2.88984820432037e-63,2.16993161538916e-61,"Upregulated"
"ENSG00000157637.15","ENSG00000157637","SLC38A10","protein_coding",920.703977292818,-2.16211117551086,0.128980423752136,-16.7630956126011,4.54339660974025e-63,3.39396410661628e-61,"Downregulated"
"ENSG00000168005.11","ENSG00000168005","SPINDOC","protein_coding",639.277704538032,1.73688441630196,0.103634273074682,16.7597491135998,4.80648104850598e-63,3.5720781207666e-61,"Upregulated"
"ENSG00000119138.6","ENSG00000119138","KLF9","protein_coding",293.74154909022,1.6936591138432,0.101060110923234,16.7589279130093,4.87332600085661e-63,3.60327757165377e-61,"Upregulated"
"ENSG00000198001.18","ENSG00000198001","IRAK4","protein_coding",345.37292494994,-1.6552873277885,0.0988044944485151,-16.753158214387,5.36982814246721e-63,3.95023093607283e-61,"Downregulated"
"ENSG00000147383.13","ENSG00000147383","NSDHL","protein_coding",292.254175537827,2.12188212064529,0.126782254295089,16.7364283940445,7.11300921693593e-63,5.20614795817351e-61,"Upregulated"
"ENSG00000161671.18","ENSG00000161671","EMC10","protein_coding",727.008502675568,-2.77023853250119,0.1658043632696,-16.7078747378725,1.14856622082941e-62,8.36433249862299e-61,"Downregulated"
"ENSG00000117899.13","ENSG00000117899","MESD","protein_coding",700.227709597699,-1.68860726208362,0.101071131356356,-16.7071174471169,1.16324305301766e-62,8.42885916216597e-61,"Downregulated"
"ENSG00000143333.9","ENSG00000143333","RGS16","protein_coding",70.3236609340566,-3.45888546870585,0.207203274859802,-16.6931988456563,1.46885363182371e-62,1.05903616081538e-60,"Downregulated"
"ENSG00000106665.18","ENSG00000106665","CLIP2","protein_coding",2316.32020316918,2.18568451353471,0.130946085273716,16.6914842010434,1.51165591700727e-62,1.08450086877571e-60,"Upregulated"
"ENSG00000064270.16","ENSG00000064270","ATP2C2","protein_coding",670.60642273797,-2.3213849199943,0.13922831959368,-16.6732237146075,2.05221654874336e-62,1.46506020809797e-60,"Downregulated"
"ENSG00000166986.17","ENSG00000166986","MARS1","protein_coding",3245.58262661983,-1.18066449619644,0.0708920377524989,-16.6544020122319,2.81140197296482e-62,1.99719791138266e-60,"Downregulated"
"ENSG00000104881.18","ENSG00000104881","PPP1R13L","protein_coding",791.783923886764,1.68237756743262,0.101056476277842,16.6478946169381,3.13436600989617e-62,2.21576742514221e-60,"Upregulated"
"ENSG00000112818.13","ENSG00000112818","MEP1A","protein_coding",1288.00210509735,-2.50062691678488,0.150451223802778,-16.6208479637419,4.92313439625826e-62,3.46340114905702e-60,"Downregulated"
"ENSG00000103275.24","ENSG00000103275","UBE2I","protein_coding",1432.81137143821,1.43350604553276,0.0862861114419613,16.6134041919015,5.57384023301338e-62,3.90222669839758e-60,"Upregulated"
"ENSG00000261373.1","ENSG00000261373","VPS9D1-AS1","lncRNA",109.590628533946,-4.34958481326574,0.26211128023844,-16.5944205427136,7.64783261586387e-62,5.328480301399e-60,"Downregulated"
"ENSG00000064932.18","ENSG00000064932","SBNO2","protein_coding",962.306638709385,1.92707188126441,0.116339066242738,16.5642715168749,1.26300499841798e-61,8.71593735098731e-60,"Upregulated"
"ENSG00000111358.15","ENSG00000111358","GTF2H3","protein_coding",404.847232945396,-1.65589684230142,0.100047510390832,-16.5511049283757,1.57191019604617e-61,1.07962666166356e-59,"Downregulated"
"ENSG00000133935.9","ENSG00000133935","ERG28","protein_coding",429.214040237711,1.64759419229578,0.0996499436977979,16.533819600464,2.09440783214578e-61,1.43170558035173e-59,"Upregulated"
"ENSG00000075643.8","ENSG00000075643","MOCOS","protein_coding",493.178046369918,-1.87822725077846,0.113603481243802,-16.5331839325208,2.11661654360997e-61,1.44009422300449e-59,"Downregulated"
"ENSG00000198933.13","ENSG00000198933","TBKBP1","protein_coding",130.296218148755,2.3521886157829,0.142284878423134,16.5315432100089,2.1750298632113e-61,1.47292209241393e-59,"Upregulated"
"ENSG00000011638.13","ENSG00000011638","LDAF1","protein_coding",561.007836426145,2.93126376865176,0.177466315497411,16.51729659477,2.75471888724791e-61,1.85680865646497e-59,"Upregulated"
"ENSG00000124216.5","ENSG00000124216","SNAI1","protein_coding",122.019113002012,3.53525042765123,0.214357247100866,16.4923298627161,4.16571711100135e-61,2.76924643911154e-59,"Upregulated"
"ENSG00000141349.12","ENSG00000141349","G6PC3","protein_coding",369.190281243202,-1.86702335573711,0.113221947326244,-16.4899420989233,4.33364556086251e-61,2.85568722872572e-59,"Downregulated"
"ENSG00000182240.18","ENSG00000182240","BACE2","protein_coding",838.344978691312,1.57693202147247,0.0956300531017217,16.4899210062665,4.335158641455e-61,2.85568722872572e-59,"Upregulated"
"ENSG00000123179.16","ENSG00000123179","EBPL","protein_coding",780.766248640657,1.25072927286785,0.0758721566893242,16.4846938250253,4.72683148152667e-61,3.09960370272781e-59,"Upregulated"
"ENSG00000149476.18","ENSG00000149476","TKFC","protein_coding",415.112876312414,-2.02862430222412,0.12338342955022,-16.4416268020692,9.62988623461485e-61,6.2863203293711e-59,"Downregulated"
"ENSG00000166889.16","ENSG00000166889","PATL1","protein_coding",1954.68148881294,1.58200546435326,0.0962394952780212,16.4382144750768,1.01876464325802e-60,6.6205996457826e-59,"Upregulated"
"ENSG00000146833.18","ENSG00000146833","TRIM4","protein_coding",878.218372638092,1.26682881483515,0.0771334795469553,16.4238515139715,1.29105127000111e-60,8.35264062716786e-59,"Upregulated"
"ENSG00000126247.13","ENSG00000126247","CAPNS1","protein_coding",2907.09852399728,-1.30269409458481,0.0793543266341483,-16.416169726834,1.46529454080319e-60,9.43779932680882e-59,"Downregulated"
"ENSG00000272405.1","ENSG00000272405","ENSG00000272405","lncRNA",516.043483973767,-2.52812521019829,0.154013424771015,-16.4149665131924,1.49463267218172e-60,9.58416667489271e-59,"Downregulated"
"ENSG00000068366.23","ENSG00000068366","ACSL4","protein_coding",547.839181731244,1.99966346879311,0.121853407777527,16.4104025095792,1.61133668611974e-60,1.02870005529724e-58,"Upregulated"
"ENSG00000137075.19","ENSG00000137075","RNF38","protein_coding",902.91391697275,1.84286611263598,0.112537569826775,16.3755634271526,2.85848073775128e-60,1.81689047594261e-58,"Upregulated"
"ENSG00000163939.21","ENSG00000163939","PBRM1","protein_coding",712.883623585131,-1.66732380626887,0.101886247860246,-16.3645618646776,3.42483628031424e-60,2.16736800761196e-58,"Downregulated"
"ENSG00000178980.17","ENSG00000178980","SELENOW","protein_coding",450.578266604417,1.80844323228418,0.110796463717444,16.3222107602289,6.86054175524035e-60,4.3227378746497e-58,"Upregulated"
"ENSG00000013364.21","ENSG00000013364","MVP","protein_coding",1421.22952433444,1.35353973659025,0.0829667642307718,16.3142403966169,7.81725472560238e-60,4.90422751010518e-58,"Upregulated"
"ENSG00000132613.17","ENSG00000132613","MTSS2","protein_coding",773.709125925252,2.47074802302306,0.151475009033707,16.3112584629274,8.20840328919455e-60,5.12742157185377e-58,"Upregulated"
"ENSG00000076108.14","ENSG00000076108","BAZ2A","protein_coding",3443.91584912996,1.28479034953638,0.0787937619362376,16.3057368751611,8.98488116248027e-60,5.58836471273237e-58,"Upregulated"
"ENSG00000152270.12","ENSG00000152270","PDE3B","protein_coding",251.884741932663,-2.47125580999034,0.15166447754157,-16.2942295391021,1.08461853096544e-59,6.71721869690222e-58,"Downregulated"
"ENSG00000238227.10","ENSG00000238227","TMEM250","protein_coding",755.422163748962,-1.95732151377072,0.120125553492933,-16.2939645800332,1.0893288257479e-59,6.71768227350578e-58,"Downregulated"
"ENSG00000052841.18","ENSG00000052841","TTC17","protein_coding",1490.58745882711,1.15433656507904,0.0708578611097126,16.2908750984132,1.14577940259693e-59,7.03586233154013e-58,"Upregulated"
"ENSG00000083097.16","ENSG00000083097","DOP1A","protein_coding",297.293462062741,-2.66153273353365,0.163561503417175,-16.2723665283586,1.55047755537762e-59,9.48081043566773e-58,"Downregulated"
"ENSG00000171793.19","ENSG00000171793","CTPS1","protein_coding",557.503970251249,-2.01301510727406,0.123821346191718,-16.2574157783523,1.97911086869086e-59,1.20509557601126e-57,"Downregulated"
"ENSG00000099917.19","ENSG00000099917","MED15","protein_coding",724.589404259652,1.9765315102367,0.121746956910126,16.2347508340252,2.86408517027139e-59,1.73666620450096e-57,"Upregulated"
"ENSG00000055044.13","ENSG00000055044","NOP58","protein_coding",832.010566226415,-1.25845051552479,0.0776614534786141,-16.2043131972973,4.70109665190134e-59,2.83867886163976e-57,"Downregulated"
"ENSG00000180263.16","ENSG00000180263","FGD6","protein_coding",410.81687147003,1.45124973568055,0.0895936904159939,16.1981243203872,5.19887525104342e-59,3.12622822149881e-57,"Upregulated"
"ENSG00000007047.18","ENSG00000007047","MARK4","protein_coding",630.038100648197,2.40600384928365,0.148549565369294,16.1966401133678,5.32585637166215e-59,3.18935167512925e-57,"Upregulated"
"ENSG00000023330.17","ENSG00000023330","ALAS1","protein_coding",869.696106002741,1.45541160610483,0.0898844896110527,16.1920216981002,5.74108787343675e-59,3.42386195316236e-57,"Upregulated"
"ENSG00000179335.22","ENSG00000179335","CLK3","protein_coding",691.324153845509,2.16374782148979,0.133731692348732,16.1797684863464,7.00573623535393e-59,4.16094793126021e-57,"Upregulated"
"ENSG00000175792.14","ENSG00000175792","RUVBL1","protein_coding",501.627607619393,-1.72318579348257,0.106665169154425,-16.1550936181221,1.04559715406918e-58,6.18481385990634e-57,"Downregulated"
"ENSG00000141504.14","ENSG00000141504","SAT2","protein_coding",371.844320861141,2.28526362181764,0.141579812216584,16.1411686174701,1.31036632597365e-58,7.71944260000414e-57,"Upregulated"
"ENSG00000123095.8","ENSG00000123095","BHLHE41","protein_coding",317.13358727515,1.91484656953265,0.118641999451017,16.1397024526986,1.34186632914216e-58,7.87300681859438e-57,"Upregulated"
"ENSG00000137193.16","ENSG00000137193","PIM1","protein_coding",1114.47348822394,2.7635123937668,0.171357837356588,16.1271432716326,1.64453323199341e-58,9.60990951534216e-57,"Upregulated"
"ENSG00000140265.16","ENSG00000140265","ZSCAN29","protein_coding",378.386182395887,-2.1762152259515,0.135274482946386,-16.0874037627186,3.12676914843777e-58,1.81980475900242e-56,"Downregulated"
"ENSG00000180182.13","ENSG00000180182","MED14","protein_coding",1949.56577242093,1.20706394584178,0.075085767960471,16.0758020944428,3.77080921277482e-58,2.18586268446131e-56,"Upregulated"
"ENSG00000185127.7","ENSG00000185127","C6orf120","protein_coding",551.715817025984,-1.84860545466089,0.115028139345479,-16.0708976532146,4.08133130166361e-58,2.35644036747845e-56,"Downregulated"
"ENSG00000172269.22","ENSG00000172269","DPAGT1","protein_coding",400.26095340419,-1.65595215840061,0.103054428976734,-16.0687141236256,4.22765293142684e-58,2.43123596358086e-56,"Downregulated"
"ENSG00000164244.23","ENSG00000164244","PRRC1","protein_coding",1208.12196369755,1.70955365370386,0.106480620074277,16.0550685421566,5.26806922160603e-58,3.01758336598872e-56,"Upregulated"
"ENSG00000112701.20","ENSG00000112701","SENP6","protein_coding",1039.20810909175,-1.00597721537839,0.062681705022234,-16.0489765717375,5.81144352007646e-58,3.31572596428929e-56,"Downregulated"
"ENSG00000065833.11","ENSG00000065833","ME1","protein_coding",2222.07316596819,1.60506282578682,0.100012035312358,16.0486967470853,5.83770159882423e-58,3.31764594392787e-56,"Upregulated"
"ENSG00000111540.18","ENSG00000111540","RAB5B","protein_coding",2447.0636970169,1.19286158790618,0.0743587826994816,16.0419730474487,6.50542874596559e-58,3.68268255416146e-56,"Upregulated"
"ENSG00000164951.17","ENSG00000164951","PDP1","protein_coding",1322.3657724615,2.08571780548367,0.130062713006341,16.0362471093616,7.13370151847438e-58,4.02263044380275e-56,"Upregulated"
"ENSG00000071794.18","ENSG00000071794","HLTF","protein_coding",533.040527811916,-1.58054461967796,0.0986688079720428,-16.0186856633132,9.46293958397038e-58,5.31538451360073e-56,"Downregulated"
"ENSG00000203879.14","ENSG00000203879","GDI1","protein_coding",842.891365488558,1.24874962028041,0.0779640692257241,16.016988757539,9.72469923332745e-58,5.44132591850893e-56,"Upregulated"
"ENSG00000140332.20","ENSG00000140332","TLE3","protein_coding",1187.85491509579,1.20718470147456,0.0754068315763769,16.0089566984637,1.10649655887627e-57,6.1674415889365e-56,"Upregulated"
"ENSG00000103089.11","ENSG00000103089","FA2H","protein_coding",358.628973106078,2.34296728593474,0.14661479473586,15.9804287838469,1.7493843176776e-57,9.71343966735013e-56,"Upregulated"
"ENSG00000106460.22","ENSG00000106460","TMEM106B","protein_coding",1838.52114599943,1.61017601038761,0.100774775730936,15.9779666956214,1.81985895183157e-57,1.00661816526501e-55,"Upregulated"
"ENSG00000197150.15","ENSG00000197150","ABCB8","protein_coding",232.307866996629,-2.81466327572687,0.176210712460348,-15.9732812859504,1.9618783823374e-57,1.08104720596325e-55,"Downregulated"
"ENSG00000118007.15","ENSG00000118007","STAG1","protein_coding",481.864566424999,-1.65562264009764,0.103683061880888,-15.9681109919345,2.13143788108294e-57,1.17003021866114e-55,"Downregulated"
"ENSG00000163121.12","ENSG00000163121","NEURL3","protein_coding",118.878194763695,3.85104526707856,0.241335187873937,15.9572472667773,2.5367565157102e-57,1.38727077078008e-55,"Upregulated"
"ENSG00000204385.15","ENSG00000204385","SLC44A4","protein_coding",427.997488100676,1.75397444156741,0.109998445829932,15.9454474864055,3.06437223348798e-57,1.66325402276059e-55,"Upregulated"
"ENSG00000140464.22","ENSG00000140464","PML","protein_coding",479.379837436487,2.26702670889801,0.142224306744943,15.9397979205029,3.35436761304796e-57,1.81386177045862e-55,"Upregulated"
"ENSG00000204388.7","ENSG00000204388","HSPA1B","protein_coding",1341.97614864302,2.42746737122044,0.15249998574378,15.9178203157272,4.76696295560503e-57,2.56813483838766e-55,"Upregulated"
"ENSG00000196872.14","ENSG00000196872","CRACDL","protein_coding",227.317848455163,-2.08174321913231,0.130915209667698,-15.9014619035969,6.19031584517625e-57,3.32259471215905e-55,"Downregulated"
"ENSG00000248275.5","ENSG00000248275","TRIM52-AS1","lncRNA",119.62875416174,1.89292926439443,0.119048896113993,15.9004352512592,6.29260365743691e-57,3.36503366064855e-55,"Upregulated"
"ENSG00000174808.14","ENSG00000174808","BTC","protein_coding",74.1847215223261,-5.50307245221082,0.346130045286949,-15.898858036576,6.45303463100002e-57,3.42554497701291e-55,"Downregulated"
"ENSG00000037474.17","ENSG00000037474","NSUN2","protein_coding",931.132644588757,-1.30639167896694,0.0821688164925853,-15.8988742290674,6.45136704151486e-57,3.42554497701291e-55,"Downregulated"
"ENSG00000149474.16","ENSG00000149474","KAT14","protein_coding",165.860918336308,-2.78362812004001,0.175169987427026,-15.8910105602402,7.31389162781757e-57,3.86835465220191e-55,"Downregulated"
"ENSG00000132481.9","ENSG00000132481","TRIM47","protein_coding",248.145514300712,2.53683789529818,0.159651539642429,15.8898429728891,7.45139952494369e-57,3.92675206965396e-55,"Upregulated"
"ENSG00000293514.2","ENSG00000293514","CUTALP","lncRNA",266.4392780244,-3.90360387765545,0.2458220523196,-15.8797953268255,8.74633298743852e-57,4.59245861065069e-55,"Downregulated"
"ENSG00000091127.16","ENSG00000091127","PUS7","protein_coding",476.705360686963,-1.2840824773977,0.0809056256304605,-15.8713620640275,1.00045954082905e-56,5.2341731645107e-55,"Downregulated"
"ENSG00000213593.13","ENSG00000213593","TMX2","protein_coding",852.373511006046,-1.21699991002936,0.0767185771789912,-15.8631710177575,1.13990069729651e-56,5.94224492993563e-55,"Downregulated"
"ENSG00000184840.14","ENSG00000184840","TMED9","protein_coding",1467.93157246398,1.13933438773573,0.0718472805430476,15.8577245947825,1.24317001033045e-56,6.45735476333654e-55,"Upregulated"
"ENSG00000101311.19","ENSG00000101311","FERMT1","protein_coding",1244.98256350895,-2.53965515708338,0.160206786421811,-15.8523569057598,1.35405719069323e-56,7.0082131455451e-55,"Downregulated"
"ENSG00000145833.18","ENSG00000145833","DDX46","protein_coding",542.814887255115,-1.34636712829489,0.0849335081736718,-15.852013619193,1.36147509498766e-56,7.02152920874064e-55,"Downregulated"
"ENSG00000023445.19","ENSG00000023445","BIRC3","protein_coding",525.637548811886,1.50495410735652,0.0949621885983663,15.8479298926184,1.45288513650771e-56,7.46638702066305e-55,"Upregulated"
"ENSG00000185049.18","ENSG00000185049","NELFA","protein_coding",513.421132591811,1.69940586914558,0.107361752622306,15.8287828545796,1.96995045432305e-56,1.00522964732569e-54,"Upregulated"
"ENSG00000080839.14","ENSG00000080839","RBL1","protein_coding",176.343017665461,-2.73524138950985,0.172889391696359,-15.8207589411482,2.23778840918683e-56,1.13789577634861e-54,"Downregulated"
"ENSG00000114796.18","ENSG00000114796","KLHL24","protein_coding",1142.12365462522,2.38291783243702,0.150633377588752,15.8193215247599,2.28946506542983e-56,1.1601023681192e-54,"Upregulated"
"ENSG00000130202.12","ENSG00000130202","NECTIN2","protein_coding",1946.91589890055,1.39910661883337,0.0884488894134853,15.8182497045582,2.3287701917058e-56,1.17590723408364e-54,"Upregulated"
"ENSG00000106615.12","ENSG00000106615","RHEB","protein_coding",1247.85616434943,1.5943002145667,0.100814085344932,15.8142605679738,2.4810547090699e-56,1.2484529459667e-54,"Upregulated"
"ENSG00000154917.13","ENSG00000154917","RAB6B","protein_coding",654.448193833286,2.13724863811165,0.135213996740639,15.8064156790752,2.81006157561727e-56,1.40911461431991e-54,"Upregulated"
"ENSG00000188559.18","ENSG00000188559","RALGAPA2","protein_coding",747.106918394949,-1.28880295467516,0.0816378014400097,-15.7868405559918,3.83303452441529e-56,1.91545987337332e-54,"Downregulated"
"ENSG00000164823.13","ENSG00000164823","OSGIN2","protein_coding",646.807519244191,2.25217382709386,0.142666517565141,15.7862816414897,3.8671401607217e-56,1.9258623783223e-54,"Upregulated"
"ENSG00000181222.19","ENSG00000181222","POLR2A","protein_coding",2263.18400661667,1.77991031578411,0.112804779088067,15.778678263219,4.36227360435109e-56,2.16500236555671e-54,"Upregulated"
"ENSG00000136731.15","ENSG00000136731","UGGT1","protein_coding",1784.88864512899,-1.23738646957601,0.0784934567864448,-15.7641989566409,5.48635290589778e-56,2.70436143919288e-54,"Downregulated"
"ENSG00000189057.13","ENSG00000189057","FAM111B","protein_coding",347.430480712497,-4.49528089562576,0.28515662633219,-15.7642519251474,5.48175539867698e-56,2.70436143919288e-54,"Downregulated"
"ENSG00000083307.14","ENSG00000083307","GRHL2","protein_coding",768.709595974272,-1.24061006440252,0.0787650439977912,-15.7507696489995,6.785047827865e-56,3.33318349564134e-54,"Downregulated"
"ENSG00000172159.18","ENSG00000172159","FRMD3","protein_coding",186.658632961873,-1.77569917606492,0.112801707866556,-15.7417756313191,7.8217652445235e-56,3.82949398390657e-54,"Downregulated"
"ENSG00000103888.19","ENSG00000103888","CEMIP","protein_coding",1349.30485181698,-2.65832721407311,0.169058118094539,-15.7243393220936,1.03019809246789e-55,5.00994320672638e-54,"Downregulated"
"ENSG00000014164.9","ENSG00000014164","ZC3H3","protein_coding",348.032728953348,1.58171193974358,0.100599097781396,15.7229237103168,1.0534800121956e-55,5.10603088185236e-54,"Upregulated"
"ENSG00000187134.16","ENSG00000187134","AKR1C1","protein_coding",775.816057533693,5.46554584893034,0.347812702739853,15.7140489863543,1.21185995520245e-55,5.85409149026464e-54,"Upregulated"
"ENSG00000166557.16","ENSG00000166557","TMED3","protein_coding",1957.27646984203,1.67227612595662,0.106497475343462,15.7024954869908,1.45407724811196e-55,7.00082640519553e-54,"Upregulated"
"ENSG00000135250.19","ENSG00000135250","SRPK2","protein_coding",891.077889647121,1.4601036186929,0.0930543630455113,15.6908668320989,1.74654182702585e-55,8.38108746929093e-54,"Upregulated"
"ENSG00000183161.6","ENSG00000183161","FANCF","protein_coding",288.300881929208,-1.81024629663932,0.115411950606672,-15.6850853583499,1.91305788596676e-55,9.14984649618164e-54,"Downregulated"
"ENSG00000004142.14","ENSG00000004142","POLDIP2","protein_coding",1409.47434216963,-1.03533205922308,0.0660352758521983,-15.6784695128764,2.12308386138236e-55,1.01209642497214e-53,"Downregulated"
"ENSG00000138668.22","ENSG00000138668","HNRNPD","protein_coding",1233.78190342908,-2.27541159060472,0.145244959374089,-15.6660279324684,2.58220775031399e-55,1.2269296628705e-53,"Downregulated"
"ENSG00000197989.16","ENSG00000197989","SNHG12","lncRNA",160.680392211338,2.70376206868268,0.172625247084048,15.6626108541717,2.7247790906915e-55,1.29044113014057e-53,"Upregulated"
"ENSG00000089289.18","ENSG00000089289","IGBP1","protein_coding",1029.22409190014,2.06371343373217,0.131772927811933,15.6611336486165,2.78881486679885e-55,1.31646596252928e-53,"Upregulated"
"ENSG00000198911.15","ENSG00000198911","SREBF2","protein_coding",3920.4670218759,1.62855312847703,0.104019599108503,15.6562142368793,3.01307106044551e-55,1.4177086301291e-53,"Upregulated"
"ENSG00000104497.17","ENSG00000104497","SNX16","protein_coding",293.405482669834,1.54352668134634,0.0987138396846563,15.6363756721162,4.11491289902437e-55,1.92988083277221e-53,"Upregulated"
"ENSG00000189143.10","ENSG00000189143","CLDN4","protein_coding",7171.56759190504,1.88234357164903,0.120386915538787,15.6357820384772,4.15344217755207e-55,1.94166722700273e-53,"Upregulated"
"ENSG00000111424.14","ENSG00000111424","VDR","protein_coding",927.40712422768,-1.7582820274327,0.112505962219271,-15.6283453138764,4.66767319476871e-55,2.16807435700603e-53,"Downregulated"
"ENSG00000171735.22","ENSG00000171735","CAMTA1","protein_coding",305.768023192413,1.70610480012311,0.109305537814173,15.6085852029162,6.36324405350177e-55,2.94620232662453e-53,"Upregulated"
"ENSG00000168906.15","ENSG00000168906","MAT2A","protein_coding",1631.63597726486,-2.55435811468649,0.16365299871447,-15.6083795271185,6.38378816126102e-55,2.94630121124187e-53,"Downregulated"
"ENSG00000154640.17","ENSG00000154640","BTG3","protein_coding",424.556300284775,1.86190805590477,0.119373308753913,15.597356522496,7.58712664101846e-55,3.49055997719491e-53,"Upregulated"
"ENSG00000074181.11","ENSG00000074181","NOTCH3","protein_coding",967.643377397748,2.07545178045236,0.133228303610908,15.5781596267539,1.0246243155298e-54,4.69900493058793e-53,"Upregulated"
"ENSG00000129317.17","ENSG00000129317","PUS7L","protein_coding",429.684477657803,-2.35684027492167,0.151318770586909,-15.5753332238979,1.0709350752543e-54,4.895896249396e-53,"Downregulated"
"ENSG00000090382.8","ENSG00000090382","LYZ","protein_coding",965.4477366246,-1.51869303181229,0.0975473573012594,-15.568776785229,1.18654654880604e-54,5.40736873751481e-53,"Downregulated"
"ENSG00000121671.14","ENSG00000121671","CRY2","protein_coding",628.612779764583,2.49487218570371,0.160287261154449,15.5650060256486,1.2585827714645e-54,5.69986465299652e-53,"Upregulated"
"ENSG00000180185.14","ENSG00000180185","FAHD1","protein_coding",151.092014943702,-2.67435149234389,0.171818218358864,-15.5650053753798,1.25859556235087e-54,5.69986465299652e-53,"Downregulated"
"ENSG00000228716.9","ENSG00000228716","DHFR","protein_coding",159.005658649983,-3.63488313886845,0.233565887710764,-15.5625599889386,1.30762403724523e-54,5.90345406472207e-53,"Downregulated"
"ENSG00000136240.12","ENSG00000136240","KDELR2","protein_coding",4206.5945560576,1.2563239032866,0.0808691909234614,15.5352599542593,2.00258546840929e-54,8.98497480129644e-53,"Upregulated"
"ENSG00000144043.14","ENSG00000144043","TEX261","protein_coding",628.157364558665,-2.50553659622531,0.16133132613285,-15.5303787322872,2.1609974953969e-54,9.66579497015183e-53,"Downregulated"
"ENSG00000148019.16","ENSG00000148019","CEP78","protein_coding",284.494996756915,-2.66275600205471,0.171539893270222,-15.5226632784488,2.43721734462555e-54,1.08677396179426e-52,"Downregulated"
"ENSG00000171368.14","ENSG00000171368","TPPP","protein_coding",176.294754563527,2.59368794671799,0.167166871575724,15.5155619188763,2.72241027778273e-54,1.21021993084746e-52,"Upregulated"
"ENSG00000171621.16","ENSG00000171621","SPSB1","protein_coding",278.742602482897,1.88206040451925,0.121347083633775,15.5097291847516,2.98133650999494e-54,1.32126999091274e-52,"Upregulated"
"ENSG00000167110.21","ENSG00000167110","GOLGA2","protein_coding",1050.92695224591,1.16983076788915,0.0754687506224566,15.50086304915,3.42263562089198e-54,1.51222059201118e-52,"Upregulated"
"ENSG00000125266.10","ENSG00000125266","EFNB2","protein_coding",1933.33956394531,-1.52843674420637,0.0986055993303521,-15.5005066100329,3.44167668677897e-54,1.516011505921e-52,"Downregulated"
"ENSG00000125877.15","ENSG00000125877","ITPA","protein_coding",151.493141876965,-2.33704670457065,0.15078560571606,-15.4991366282765,3.51584853608717e-54,1.54399021166592e-52,"Downregulated"
"ENSG00000108064.13","ENSG00000108064","TFAM","protein_coding",834.387685966785,-1.30519140821567,0.0842271178838308,-15.4960948564789,3.68627249321902e-54,1.6139414190855e-52,"Downregulated"
"ENSG00000261609.11","ENSG00000261609","GAN","protein_coding",755.691819414334,1.92249333304141,0.124296478250327,15.4669976181433,5.79473726294097e-54,2.52943772332954e-52,"Upregulated"
"ENSG00000136943.14","ENSG00000136943","CTSV","protein_coding",322.975527824838,1.52933416769599,0.0988862304536623,15.4655927390481,5.92255831160989e-54,2.57746892047599e-52,"Upregulated"
"ENSG00000087510.9","ENSG00000087510","TFAP2C","protein_coding",277.371979301968,3.682436245564,0.238156556313951,15.4622501372988,6.23808108924766e-54,2.70665482471189e-52,"Upregulated"
"ENSG00000078081.10","ENSG00000078081","LAMP3","protein_coding",649.769884236458,-2.91923404548941,0.188816233349205,-15.4607153935247,6.38850627031534e-54,2.76191284154005e-52,"Downregulated"
"ENSG00000105429.14","ENSG00000105429","MEGF8","protein_coding",438.014348019676,-2.05634588220311,0.133005878633276,-15.4605638738184,6.40355171651571e-54,2.76191284154005e-52,"Downregulated"
"ENSG00000075223.16","ENSG00000075223","SEMA3C","protein_coding",417.458828770325,-1.43354910192318,0.0927524382149232,-15.4556487086777,6.9112277332903e-54,2.97203300625647e-52,"Downregulated"
"ENSG00000176531.14","ENSG00000176531","PHLDB3","protein_coding",118.435461996081,2.14404757408049,0.138825760822853,15.4441622460573,8.25937914658413e-54,3.54126989918039e-52,"Upregulated"
"ENSG00000198131.17","ENSG00000198131","ZNF544","protein_coding",151.355455143301,-2.77641811706805,0.179839314303858,-15.4383268631518,9.04154257577954e-54,3.86519277310316e-52,"Downregulated"
"ENSG00000165806.23","ENSG00000165806","CASP7","protein_coding",446.885860160528,1.39009481431329,0.090046489640879,15.4375236598031,9.1548261858749e-54,3.90211003193233e-52,"Upregulated"
"ENSG00000004799.10","ENSG00000004799","PDK4","protein_coding",264.495746124239,2.14472835008708,0.13899508576368,15.4302458846175,1.02479040585738e-53,4.355208962371e-52,"Upregulated"
"ENSG00000170113.18","ENSG00000170113","NIPA1","protein_coding",360.31765106922,1.38739526396718,0.0900375276004667,15.4090777583723,1.42227108110236e-53,6.00919898173042e-52,"Upregulated"
"ENSG00000178295.17","ENSG00000178295","GEN1","protein_coding",218.41165891495,-3.53993351084872,0.229772247371916,-15.4062709980761,1.48539578500901e-53,6.25766154545075e-52,"Downregulated"
"ENSG00000184203.10","ENSG00000184203","PPP1R2","protein_coding",1106.70898242705,1.41042002624955,0.0917076640766947,15.3795218801999,2.24600043417016e-53,9.43450385275187e-52,"Upregulated"
"ENSG00000143315.8","ENSG00000143315","PIGM","protein_coding",215.671197810127,-2.86026099626957,0.186130717624811,-15.3669476632819,2.72718130790147e-53,1.14226333855804e-51,"Downregulated"
"ENSG00000090621.17","ENSG00000090621","PABPC4","protein_coding",2616.78694131016,1.54238705287923,0.100372757662393,15.3665903856811,2.74225849019398e-53,1.14526830086142e-51,"Upregulated"
"ENSG00000168282.7","ENSG00000168282","MGAT2","protein_coding",297.54435755495,-2.1274626509736,0.13847884833698,-15.3630874066526,2.89455287199523e-53,1.20539828221135e-51,"Downregulated"
"ENSG00000085276.20","ENSG00000085276","MECOM","protein_coding",773.976511318591,-1.6010536784524,0.104271129839531,-15.3547168896736,3.2934415135369e-53,1.36758035570707e-51,"Downregulated"
"ENSG00000112893.12","ENSG00000112893","MAN2A1","protein_coding",1343.63205320104,2.16410858162905,0.140947960919125,15.3539545199296,3.33238409069767e-53,1.37979743549687e-51,"Upregulated"
"ENSG00000184508.13","ENSG00000184508","HDDC3","protein_coding",170.236684805678,-2.68921286253746,0.175256137845179,-15.3444717862783,3.85685912418285e-53,1.5924103255743e-51,"Downregulated"
"ENSG00000168488.21","ENSG00000168488","ATXN2L","protein_coding",2425.44985831039,1.59423247560105,0.103966728000148,15.3340641402006,4.5275079850293e-53,1.86399561701831e-51,"Upregulated"
"ENSG00000134313.19","ENSG00000134313","KIDINS220","protein_coding",735.528663468693,-1.0772287713911,0.0702994500374572,-15.3234309915245,5.33267195542991e-53,2.18926577841616e-51,"Downregulated"
"ENSG00000178177.19","ENSG00000178177","LCORL","protein_coding",254.763756532743,1.72009210096913,0.112254770236787,15.3231091858352,5.35914452574905e-53,2.19391871376145e-51,"Upregulated"
"ENSG00000186591.15","ENSG00000186591","UBE2H","protein_coding",2464.97282827031,1.31171329150229,0.0856776934077105,15.309857669257,6.57075636308398e-53,2.67481464083745e-51,"Upregulated"
"ENSG00000174485.18","ENSG00000174485","DENND4A","protein_coding",358.454504024002,-2.23169074926231,0.14578048604729,-15.3085698214668,6.70214956886206e-53,2.7206597073375e-51,"Downregulated"
"ENSG00000113328.23","ENSG00000113328","CCNG1","protein_coding",3627.93639306195,1.98710018118178,0.129826898264913,15.3057664300589,6.99728279255756e-53,2.828927108216e-51,"Upregulated"
"ENSG00000186866.19","ENSG00000186866","POFUT2","protein_coding",481.405453143065,2.30386284947114,0.150523510707163,15.3056677900185,7.00789975054889e-53,2.828927108216e-51,"Upregulated"
"ENSG00000205808.7","ENSG00000205808","PLPP6","protein_coding",200.178612789922,-2.26686204295833,0.148207543265989,-15.2951866889122,8.23244177350247e-53,3.31401517171105e-51,"Downregulated"
"ENSG00000068654.19","ENSG00000068654","POLR1A","protein_coding",1065.07952194433,-1.80274313119227,0.117979079366349,-15.2801932416712,1.03632963814699e-52,4.16024629252802e-51,"Downregulated"
"ENSG00000127463.18","ENSG00000127463","EMC1","protein_coding",572.822825717434,-1.23613269910617,0.0809020557413263,-15.2793731602884,1.04945309156407e-52,4.20129121628356e-51,"Downregulated"
"ENSG00000146733.16","ENSG00000146733","PSPH","protein_coding",809.847376065142,-2.09155732787737,0.136898822880947,-15.2781249967086,1.06974526373653e-52,4.27072957632776e-51,"Downregulated"
"ENSG00000136098.21","ENSG00000136098","NEK3","protein_coding",195.822580318997,-3.17124325218501,0.207751909224374,-15.2645685135921,1.31696066593585e-52,5.24324010185231e-51,"Downregulated"
"ENSG00000198742.12","ENSG00000198742","SMURF1","protein_coding",1161.22638237311,1.97096562224855,0.129204699006789,15.2545970649642,1.53439268982198e-52,6.09216955093154e-51,"Upregulated"
"ENSG00000131746.15","ENSG00000131746","TNS4","protein_coding",1436.34820053629,-3.25113094254674,0.213169805206517,-15.2513670470218,1.61221989684524e-52,6.38368599592385e-51,"Downregulated"
"ENSG00000100889.14","ENSG00000100889","PCK2","protein_coding",1070.99980933036,-1.91240111099005,0.125422994970081,-15.2476115838746,1.70766191992522e-52,6.74317072031505e-51,"Downregulated"
"ENSG00000101361.19","ENSG00000101361","NOP56","protein_coding",853.815566927126,-1.65782487154438,0.10875204398894,-15.2440801178227,1.80253680129407e-52,7.09846829466131e-51,"Downregulated"
"ENSG00000161013.19","ENSG00000161013","MGAT4B","protein_coding",5233.22591443449,1.42930900015041,0.0938014583986127,15.2375989089264,1.99051965750294e-52,7.81750972263756e-51,"Upregulated"
"ENSG00000146416.20","ENSG00000146416","AIG1","protein_coding",443.244933886885,-1.34968281110739,0.0887304010485643,-15.2110527525811,2.9870073775142e-52,1.1699381328361e-50,"Downregulated"
"ENSG00000168827.17","ENSG00000168827","GFM1","protein_coding",961.172818505472,-1.10818600003262,0.0728619390966468,-15.2093948331883,3.06362057772146e-52,1.19671130491481e-50,"Downregulated"
"ENSG00000141738.16","ENSG00000141738","GRB7","protein_coding",835.688493030237,1.66073320552141,0.109244616195811,15.2019684205279,3.43152695857198e-52,1.33681958826949e-50,"Upregulated"
"ENSG00000177646.22","ENSG00000177646","ACAD9","protein_coding",277.103553412049,-2.65748724027465,0.174834492894296,-15.2000168632706,3.53530028746223e-52,1.37355420283921e-50,"Downregulated"
"ENSG00000132763.17","ENSG00000132763","MMACHC","protein_coding",163.247528644266,-3.36850798759727,0.222014490767505,-15.1724690399817,5.38137963050555e-52,2.08521266324295e-50,"Downregulated"
"ENSG00000100811.16","ENSG00000100811","YY1","protein_coding",2261.00487024897,1.45298972356534,0.0958018548250667,15.1666136967649,5.88349138485927e-52,2.27369485731681e-50,"Upregulated"
"ENSG00000120437.11","ENSG00000120437","ACAT2","protein_coding",595.957976655802,2.41166975014631,0.159050889891317,15.1628812123859,6.22763455934274e-52,2.40028936260625e-50,"Upregulated"
"ENSG00000086065.16","ENSG00000086065","CHMP5","protein_coding",609.291084035247,1.21975896495039,0.0804615782347806,15.1595207515222,6.55458600827697e-52,2.51960372498541e-50,"Upregulated"
"ENSG00000187866.10","ENSG00000187866","PABIR1","protein_coding",260.809948834838,-1.99044625537463,0.131306188563722,-15.1588152633696,6.62536665332523e-52,2.54007443227485e-50,"Downregulated"
"ENSG00000196670.15","ENSG00000196670","ZFP62","protein_coding",255.179867863335,-2.32920167762474,0.153825531950021,-15.1418405520711,8.5778990612595e-52,3.27997132442672e-50,"Downregulated"
"ENSG00000123983.17","ENSG00000123983","ACSL3","protein_coding",2928.81142425253,1.37601317942124,0.0910260229662117,15.1167010771415,1.25683076171608e-51,4.79315563126038e-50,"Upregulated"
"ENSG00000148346.14","ENSG00000148346","LCN2","protein_coding",2059.12878157144,-3.94933115120834,0.261565839773081,-15.0988032482932,1.64899129484058e-51,6.27222620599204e-50,"Downregulated"
"ENSG00000129255.18","ENSG00000129255","MPDU1","protein_coding",390.0613430425,-1.51892888291951,0.100614848201586,-15.0964684643391,1.70841629832357e-51,6.48124842809035e-50,"Downregulated"
"ENSG00000102893.20","ENSG00000102893","PHKB","protein_coding",795.337024931233,-1.42958588624961,0.0947243008684028,-15.0920711279325,1.82618703202272e-51,6.9099484250844e-50,"Downregulated"
"ENSG00000137124.10","ENSG00000137124","ALDH1B1","protein_coding",1162.86205139846,-1.99699674691094,0.132384500798453,-15.0848228823346,2.03820848243305e-51,7.69211388734888e-50,"Downregulated"
"ENSG00000168477.22","ENSG00000168477","TNXB","protein_coding",52.2434530626833,3.95192145626597,0.262037075358166,15.0815355073868,2.14228146665729e-51,8.06388130254478e-50,"Upregulated"
"ENSG00000124429.20","ENSG00000124429","POF1B","protein_coding",3482.76102267607,-1.32392984071144,0.0877921957687875,-15.0802680023881,2.18380727316299e-51,8.198895078414e-50,"Downregulated"
"ENSG00000179119.16","ENSG00000179119","SPTY2D1","protein_coding",949.087789851167,1.50626203218096,0.10018781738459,15.0343831366131,4.37101047183298e-51,1.63681353379338e-49,"Upregulated"
"ENSG00000159840.18","ENSG00000159840","ZYX","protein_coding",2975.9649466452,2.16134314970326,0.143790657503178,15.031179265979,4.58765306138583e-51,1.7135120661238e-49,"Upregulated"
"ENSG00000159256.14","ENSG00000159256","MORC3","protein_coding",383.11518176326,1.22167221752425,0.0812769106997538,15.0309873616782,4.60096361834797e-51,1.71406593205909e-49,"Upregulated"
"ENSG00000163389.14","ENSG00000163389","POGLUT1","protein_coding",182.449686617261,-4.48981154900746,0.298754111256378,-15.0284510901826,4.78053517074586e-51,1.77639783831921e-49,"Downregulated"
"ENSG00000119862.15","ENSG00000119862","LGALSL","protein_coding",812.874701867908,1.71753903962417,0.11433788491751,15.0216093367767,5.30050162194916e-51,1.9645746676544e-49,"Upregulated"
"ENSG00000120008.17","ENSG00000120008","WDR11","protein_coding",338.071895490546,-1.61774518047596,0.107771634258053,-15.0108624742792,6.23319071862143e-51,2.30437244628219e-49,"Downregulated"
"ENSG00000180667.11","ENSG00000180667","YOD1","protein_coding",443.804255873853,1.5367751320771,0.102498614947602,14.9931307155976,8.14229288416648e-51,3.00249639891452e-49,"Upregulated"
"ENSG00000106799.17","ENSG00000106799","TGFBR1","protein_coding",531.289356395225,-1.30169962204577,0.0868689135691473,-14.984642590351,9.25219416766945e-51,3.40311669740776e-49,"Downregulated"
"ENSG00000158769.21","ENSG00000158769","F11R","protein_coding",1474.44255865361,1.26535102210694,0.0844972050439819,14.9750636301912,1.06865509114156e-50,3.92074672932238e-49,"Upregulated"
"ENSG00000134759.16","ENSG00000134759","ELP2","protein_coding",583.566122557166,1.09567530047179,0.0732391723413928,14.9602359699598,1.33551656080924e-50,4.88745100991099e-49,"Upregulated"
"ENSG00000167978.20","ENSG00000167978","SRRM2","protein_coding",5624.44224254212,1.40570827375974,0.0939778961095379,14.9578606454574,1.38404192299247e-50,5.05227595667679e-49,"Upregulated"
"ENSG00000126522.19","ENSG00000126522","ASL","protein_coding",168.673298936451,-2.54946991851141,0.170484315969874,-14.954278368703,1.46056354758436e-50,5.31821279688256e-49,"Downregulated"
"ENSG00000226479.4","ENSG00000226479","TMEM185B","protein_coding",727.782151284273,-1.86387377371361,0.124711949380133,-14.9454305138985,1.66809648723083e-50,6.0586602237968e-49,"Downregulated"
"ENSG00000177570.17","ENSG00000177570","SAMD12","protein_coding",219.874679651329,-1.783533674496,0.119358857965299,-14.9426167852119,1.74005759152476e-50,6.30422865409422e-49,"Downregulated"
"ENSG00000196981.5","ENSG00000196981","WDR5B","protein_coding",65.0508300077044,-3.60423759792953,0.241355360554092,-14.9333231698484,2.0004309862204e-50,7.22948774371723e-49,"Downregulated"
"ENSG00000189431.8","ENSG00000189431","RASSF10","protein_coding",65.954832156319,-4.2150431141707,0.282495877504419,-14.9207243355428,2.41636021983289e-50,8.7109184840344e-49,"Downregulated"
"ENSG00000172009.17","ENSG00000172009","THOP1","protein_coding",379.424041906668,-1.91084715377814,0.128257555656203,-14.8985152882549,3.36984681135094e-50,1.21180694764511e-48,"Downregulated"
"ENSG00000002834.21","ENSG00000002834","LASP1","protein_coding",4333.18445877948,1.06331691403175,0.0713740686664193,14.8978043972996,3.40588749386419e-50,1.22173568220494e-48,"Upregulated"
"ENSG00000035862.15","ENSG00000035862","TIMP2","protein_coding",849.523659968999,3.07640360475204,0.206634754970621,14.8881227903285,3.93667994870841e-50,1.40865100781931e-48,"Upregulated"
"ENSG00000167767.15","ENSG00000167767","KRT80","protein_coding",2528.8903383895,2.00284340228281,0.13453865390715,14.8867507152632,4.01828721533232e-50,1.43431079617232e-48,"Upregulated"
"ENSG00000034713.9","ENSG00000034713","GABARAPL2","protein_coding",521.353991620457,1.29073485696745,0.0869307296581474,14.8478548614883,7.1830582320188e-50,2.54515598773634e-48,"Upregulated"
"ENSG00000166145.17","ENSG00000166145","SPINT1","protein_coding",4110.75895623256,1.15117597487492,0.0776223092805476,14.8304783192454,9.30674331508201e-50,3.2895932712724e-48,"Upregulated"
"ENSG00000188938.18","ENSG00000188938","FAM120AOS","protein_coding",612.95459849407,-2.11183720532813,0.142490291268943,-14.8209199835388,1.07304684262966e-49,3.77461294298753e-48,"Downregulated"
"ENSG00000125247.18","ENSG00000125247","TMTC4","protein_coding",314.863409341415,-1.5478122214356,0.104434312360348,-14.8209164828405,1.07310276877647e-49,3.77461294298753e-48,"Downregulated"
"ENSG00000153094.27","ENSG00000153094","BCL2L11","protein_coding",406.266291264061,2.12583579051875,0.143559913359475,14.8080041341042,1.30044634863073e-49,4.56321270807664e-48,"Upregulated"
"ENSG00000176407.20","ENSG00000176407","KCMF1","protein_coding",1853.15244496025,2.18589754763463,0.147667645690582,14.8028197877204,1.40468204658291e-49,4.90521740218782e-48,"Upregulated"
"ENSG00000184731.7","ENSG00000184731","FAM110C","protein_coding",402.706852389394,1.64552156870479,0.111183242406519,14.8000861738523,1.46295076746018e-49,5.09641406779636e-48,"Upregulated"
"ENSG00000164332.10","ENSG00000164332","UBLCP1","protein_coding",218.201679222089,-1.66667343106673,0.112626732648801,-14.7982045813568,1.5044500816352e-49,5.22841500792743e-48,"Downregulated"
"ENSG00000118961.17","ENSG00000118961","LDAH","protein_coding",239.642096221201,-1.73870500871581,0.117500835102776,-14.7973842670565,1.52290732127684e-49,5.2798978229531e-48,"Downregulated"
"ENSG00000163960.15","ENSG00000163960","UBXN7","protein_coding",1340.24826922152,1.30077917785261,0.0880057879221854,14.7806094185846,1.9539022694042e-49,6.75798369646913e-48,"Upregulated"
"ENSG00000105287.15","ENSG00000105287","PRKD2","protein_coding",805.702968147973,1.59621962280173,0.108135237457235,14.7613272078216,2.6011123302494e-49,8.97507616427961e-48,"Upregulated"
"ENSG00000107341.7","ENSG00000107341","UBE2R2","protein_coding",1956.69009428413,1.65433952734414,0.112125514817934,14.754353904465,2.88440414870327e-49,9.92892753515626e-48,"Upregulated"
"ENSG00000144645.18","ENSG00000144645","OSBPL10","protein_coding",724.227588847782,1.61921846078731,0.10978839801977,14.7485389166142,3.14397675577103e-49,1.07968035887758e-47,"Upregulated"
"ENSG00000040608.15","ENSG00000040608","RTN4R","protein_coding",153.089995071809,3.64920884639011,0.247495464790944,14.7445483474719,3.33543718362506e-49,1.1427223561488e-47,"Upregulated"
"ENSG00000157020.20","ENSG00000157020","SEC13","protein_coding",997.921399972005,1.47053611874204,0.0997436601123794,14.7431537712292,3.40504760640811e-49,1.16381957339779e-47,"Upregulated"
"ENSG00000276644.6","ENSG00000276644","DACH1","protein_coding",523.174658374444,-1.9982510370733,0.135678860992243,-14.7277993230467,4.27398502667317e-49,1.45737861191877e-47,"Downregulated"
"ENSG00000105339.13","ENSG00000105339","DENND3","protein_coding",247.525004018965,1.47604106258298,0.100314221139681,14.7141755756413,5.22794764771353e-49,1.77848397442874e-47,"Upregulated"
"ENSG00000116786.17","ENSG00000116786","PLEKHM2","protein_coding",837.983505731252,1.37573491609953,0.0935125092829096,14.7117741428307,5.41684068939135e-49,1.83842752390303e-47,"Upregulated"
"ENSG00000176597.14","ENSG00000176597","B3GNT5","protein_coding",1108.12958512898,1.7063906842709,0.11604054318471,14.7051249282306,5.97605329585664e-49,2.02348047578398e-47,"Upregulated"
"ENSG00000089737.21","ENSG00000089737","DDX24","protein_coding",1516.96005413298,1.85435872246335,0.126108254122296,14.7044992048264,6.03154790633377e-49,2.03751030905802e-47,"Upregulated"
"ENSG00000047634.17","ENSG00000047634","SCML1","protein_coding",327.928603709971,2.16892740915948,0.147534752517737,14.7011288672391,6.33940098982503e-49,2.13652556150103e-47,"Upregulated"
"ENSG00000134317.19","ENSG00000134317","GRHL1","protein_coding",266.971892441195,1.3799989187136,0.0940289446705085,14.6763203984616,9.14184926068725e-49,3.07386727345428e-47,"Upregulated"
"ENSG00000231721.9","ENSG00000231721","LINC-PINT","lncRNA",135.435657789482,1.80948783757012,0.123313887240581,14.6738366461506,9.48280031456825e-49,3.18112829071118e-47,"Upregulated"
"ENSG00000204610.16","ENSG00000204610","TRIM15","protein_coding",395.549570639198,1.50948786124961,0.102974937554176,14.658788799512,1.18365568203573e-48,3.96155615336301e-47,"Upregulated"
"ENSG00000163827.16","ENSG00000163827","LRRC2","protein_coding",118.151440082679,-2.14847152653717,0.146574896129442,-14.6578410305666,1.2002915071024e-48,4.00797800021383e-47,"Downregulated"
"ENSG00000088888.20","ENSG00000088888","MAVS","protein_coding",964.223496188874,-1.31573901116054,0.0897878529925663,-14.6538642734834,1.2726687691371e-48,4.23988869019194e-47,"Downregulated"
"ENSG00000137968.17","ENSG00000137968","SLC44A5","protein_coding",50.1052026967032,-3.89562132671169,0.266085446178474,-14.640490048068,1.54947398657607e-48,5.15022408565607e-47,"Downregulated"
"ENSG00000166913.15","ENSG00000166913","YWHAB","protein_coding",2843.68188092226,-1.89608889952244,0.129536136846736,-14.6375285358854,1.61845108505851e-48,5.36718378138855e-47,"Downregulated"
"ENSG00000132434.12","ENSG00000132434","LANCL2","protein_coding",112.151821761816,-2.69287106016338,0.184028131114172,-14.6329316276798,1.73162039196995e-48,5.72937048411608e-47,"Downregulated"
"ENSG00000118482.14","ENSG00000118482","PHF3","protein_coding",1759.26815949641,1.54671062046034,0.105911687838861,14.6037765238298,2.65709499466523e-48,8.77143978648943e-47,"Upregulated"
"ENSG00000108559.15","ENSG00000108559","NUP88","protein_coding",649.677218905037,-1.31549560977264,0.0901246607815294,-14.596400123619,2.96071297819869e-48,9.72939965534137e-47,"Downregulated"
"ENSG00000102870.8","ENSG00000102870","ZNF629","protein_coding",384.324068763878,-3.12389227198238,0.214105102028815,-14.5904616115218,3.23004662403814e-48,1.05904605600816e-46,"Downregulated"
"ENSG00000263465.5","ENSG00000263465","SRSF8","protein_coding",429.289017170687,-1.94464787552103,0.133525924876256,-14.5638225484918,4.77134685461385e-48,1.5608658830037e-46,"Downregulated"
"ENSG00000163558.15","ENSG00000163558","PRKCI","protein_coding",1264.38559043776,1.10345725955184,0.0757741660540616,14.5624467679997,4.86836377710001e-48,1.58901639319219e-46,"Upregulated"
"ENSG00000172164.16","ENSG00000172164","SNTB1","protein_coding",1973.07579796777,-1.78799791589883,0.122839198876455,-14.5555973358073,5.38138112943877e-48,1.75251629950172e-46,"Downregulated"
"ENSG00000069702.13","ENSG00000069702","TGFBR3","protein_coding",630.381839255552,1.2832624993319,0.0883095008321537,14.5314205973256,7.66149154470433e-48,2.48946940506402e-46,"Upregulated"
"ENSG00000204842.20","ENSG00000204842","ATXN2","protein_coding",703.035197300833,1.66680490244813,0.114751008453814,14.525405265776,8.36461334071644e-48,2.71185629829223e-46,"Upregulated"
"ENSG00000013563.16","ENSG00000013563","DNASE1L1","protein_coding",356.801865215428,1.70851260002165,0.117640589693801,14.5231556936991,8.64375395932198e-48,2.79610005309139e-46,"Upregulated"
"ENSG00000104524.16","ENSG00000104524","PYCR3","protein_coding",91.5767888562403,-4.21902514512613,0.290537726753804,-14.5214364835354,8.86331759357321e-48,2.86073938899917e-46,"Downregulated"
"ENSG00000100711.16","ENSG00000100711","ZFYVE21","protein_coding",309.095976296086,1.11985372189694,0.0772134845116429,14.5033439298815,1.15388830741377e-47,3.71603318912006e-46,"Upregulated"
"ENSG00000159210.12","ENSG00000159210","SNF8","protein_coding",400.732741343397,-1.51335218493778,0.104356248079564,-14.501787988621,1.18034740641413e-47,3.7928147702336e-46,"Downregulated"
"ENSG00000142687.21","ENSG00000142687","KIAA0319L","protein_coding",658.980436355044,-1.32366485744563,0.0913138848868527,-14.4957676380299,1.28853756506012e-47,4.122182426678e-46,"Downregulated"
"ENSG00000104365.18","ENSG00000104365","IKBKB","protein_coding",191.049829695848,-1.73474342441811,0.119785375894307,-14.4820969293344,1.57226400647875e-47,5.01877752905066e-46,"Downregulated"
"ENSG00000104133.18","ENSG00000104133","SPG11","protein_coding",757.919176764061,-1.36109122191285,0.0942231057444252,-14.4454081741344,2.67965112937866e-47,8.4974845004279e-46,"Downregulated"
"ENSG00000183291.19","ENSG00000183291","SELENOF","protein_coding",870.774499867204,-1.17038335965391,0.081155284228616,-14.4215299198129,3.78850509820412e-47,1.19875580530948e-45,"Downregulated"
"ENSG00000128928.12","ENSG00000128928","IVD","protein_coding",630.952870766701,-1.88385204317254,0.130757738474996,-14.4071935255502,4.662756144491e-47,1.47217128640443e-45,"Downregulated"
"ENSG00000110711.13","ENSG00000110711","AIP","protein_coding",788.600281029751,1.92796658287289,0.133828699522782,14.4062266894007,4.7284721008316e-47,1.48967429750547e-45,"Upregulated"
"ENSG00000125657.6","ENSG00000125657","TNFSF9","protein_coding",85.1655443960351,5.42408252205516,0.376528240471545,14.4055131568945,4.77756139618195e-47,1.50187461504271e-45,"Upregulated"
"ENSG00000136141.16","ENSG00000136141","LRCH1","protein_coding",938.981134458082,1.07083787831262,0.0743421664657182,14.4041790711927,4.87070791611666e-47,1.52784197230222e-45,"Upregulated"
"ENSG00000170191.6","ENSG00000170191","NANP","protein_coding",211.413085933175,1.45051579542258,0.100750218398158,14.3971479018561,5.39232392402303e-47,1.68417151523581e-45,"Upregulated"
"ENSG00000109255.13","ENSG00000109255","NMU","protein_coding",117.022297874459,2.54933567800319,0.177090929798535,14.3956309953502,5.51195184681499e-47,1.71783239062458e-45,"Upregulated"
"ENSG00000225470.10","ENSG00000225470","JPX","lncRNA",435.330106018942,-1.65813077830059,0.115222264965493,-14.3907150132587,5.91808967856069e-47,1.84044969145282e-45,"Downregulated"
"ENSG00000135631.19","ENSG00000135631","RAB11FIP5","protein_coding",802.081398117766,1.65144335826796,0.114791348944606,14.3864792377768,6.29183135012849e-47,1.95248864938034e-45,"Upregulated"
"ENSG00000162923.18","ENSG00000162923","WDR26","protein_coding",1291.78631163527,1.28519276790895,0.0893634314906797,14.3816407502546,6.74757025943188e-47,2.08943991879673e-45,"Upregulated"
"ENSG00000179094.19","ENSG00000179094","PER1","protein_coding",679.722935486009,4.27720162389868,0.297702878196324,14.3673505940309,8.29440343504369e-47,2.56295297613333e-45,"Upregulated"
"ENSG00000090861.19","ENSG00000090861","AARS1","protein_coding",5334.3077981711,1.43980909671298,0.100221624460337,14.3662518390208,8.42701277106897e-47,2.59838870379429e-45,"Upregulated"
"ENSG00000124608.7","ENSG00000124608","AARS2","protein_coding",207.476412090242,-2.18381689136486,0.152078989220336,-14.359754115678,9.25549363659425e-47,2.8477837320918e-45,"Downregulated"
"ENSG00000261087.1","ENSG00000261087","ZNNT1","lncRNA",59.1437160034638,4.00580977704459,0.279158533432283,14.3495874111128,1.07172920459173e-46,3.29057195613205e-45,"Upregulated"
"ENSG00000182934.14","ENSG00000182934","SRPRA","protein_coding",2832.78881862013,1.52013154093843,0.105945200063938,14.3482813758531,1.09210146927845e-46,3.34603266232205e-45,"Upregulated"
"ENSG00000125304.12","ENSG00000125304","TM9SF2","protein_coding",5621.94282051731,-1.0637969189128,0.074162653270449,-14.3441054493217,1.15986168806624e-46,3.54614252815528e-45,"Downregulated"
"ENSG00000139289.16","ENSG00000139289","PHLDA1","protein_coding",3270.51158937769,1.58204270029743,0.110297151202432,14.343459310149,1.17071358228777e-46,3.57178552305565e-45,"Upregulated"
"ENSG00000187446.14","ENSG00000187446","CHP1","protein_coding",2822.672534443,1.67927777849106,0.117078005265297,14.3432387209352,1.17444146256251e-46,3.57563144442351e-45,"Upregulated"
"ENSG00000100418.10","ENSG00000100418","DESI1","protein_coding",457.938347527293,-1.46298090033441,0.102015425340106,-14.3407812637846,1.21677909124244e-46,3.69676364576216e-45,"Downregulated"
"ENSG00000105438.11","ENSG00000105438","KDELR1","protein_coding",3737.58125362732,1.71503002578265,0.11959548765025,14.3402569735587,1.22600643377407e-46,3.71700527996941e-45,"Upregulated"
"ENSG00000132846.8","ENSG00000132846","ZBED3","protein_coding",504.966175881006,-3.25504579735179,0.227056320091876,-14.3358519861269,1.30633478253202e-46,3.95227633996951e-45,"Downregulated"
"ENSG00000127948.19","ENSG00000127948","POR","protein_coding",3365.56814259515,1.29735116774021,0.09050554048375,14.3344944497971,1.33213065682806e-46,4.02192447474004e-45,"Upregulated"
"ENSG00000244242.4","ENSG00000244242","IFITM10","protein_coding",80.9722576896324,6.69807750508286,0.467416346558942,14.3300026933017,1.42115092090043e-46,4.28177113215989e-45,"Upregulated"
"ENSG00000185630.21","ENSG00000185630","PBX1","protein_coding",482.814132331543,-1.54416442360143,0.107767313162521,-14.3286900107893,1.44826700116986e-46,4.35441605413974e-45,"Downregulated"
"ENSG00000122203.17","ENSG00000122203","KIAA1191","protein_coding",1765.69454012802,1.17262061866389,0.0818632533428265,14.3241389852073,1.54632661593674e-46,4.63962014868638e-45,"Upregulated"
"ENSG00000108846.18","ENSG00000108846","ABCC3","protein_coding",1460.36899237708,-1.04197737124705,0.0727793041414633,-14.3169460540833,1.71495418594617e-46,5.13494133527518e-45,"Downregulated"
"ENSG00000184205.16","ENSG00000184205","TSPYL2","protein_coding",126.997940960974,2.16336143435369,0.151144930214041,14.3131591068922,1.81096297941044e-46,5.41123206136414e-45,"Upregulated"
"ENSG00000168288.15","ENSG00000168288","MMADHC","protein_coding",1682.23501407573,1.62925787303602,0.114062052000355,14.2839607429731,2.75488538243649e-46,8.18110634472739e-45,"Upregulated"
"ENSG00000173674.13","ENSG00000173674","EIF1AX","protein_coding",1349.91698215451,-1.1632669898346,0.0814478468385888,-14.2823541074073,2.81914902421487e-46,8.35482774211082e-45,"Downregulated"
"ENSG00000166012.19","ENSG00000166012","TAF1D","protein_coding",1918.98997025979,2.79699136388784,0.195843101648385,14.2817967053521,2.84179128528937e-46,8.4047427155946e-45,"Upregulated"
"ENSG00000178921.16","ENSG00000178921","PFAS","protein_coding",206.573756873691,-2.63279693837811,0.184551926232131,-14.2658870710814,3.57023032465155e-46,1.05162150131809e-44,"Downregulated"
"ENSG00000130768.17","ENSG00000130768","SMPDL3B","protein_coding",129.320507032836,-1.82323918242135,0.12781646131784,-14.2645099357548,3.6414094965956e-46,1.0704118950236e-44,"Downregulated"
"ENSG00000253368.6","ENSG00000253368","TRNP1","protein_coding",150.47313177136,-1.8725598001909,0.131279715124526,-14.2638929282767,3.67375680305972e-46,1.07773448562635e-44,"Downregulated"
"ENSG00000114248.12","ENSG00000114248","LRRC31","protein_coding",249.30256820362,-4.34895459399651,0.305015179674991,-14.2581579009626,3.98844107643432e-46,1.16768662787245e-44,"Downregulated"
"ENSG00000165312.7","ENSG00000165312","OTUD1","protein_coding",307.42469369664,2.56660032082373,0.18001149289673,14.2579803073804,3.9986024976531e-46,1.1683013587901e-44,"Upregulated"
"ENSG00000049167.18","ENSG00000049167","ERCC8","protein_coding",150.773324919926,-1.81071444960117,0.127011316020502,-14.2563238169179,4.09463193408017e-46,1.19395183075835e-44,"Downregulated"
"ENSG00000128000.19","ENSG00000128000","ZNF780B","protein_coding",150.178918971687,-4.18575785938407,0.294161659925871,-14.2294473740694,6.01552591474209e-46,1.75054219992856e-44,"Downregulated"
"ENSG00000164142.18","ENSG00000164142","FHIP1A","protein_coding",531.920336811526,2.14306048869286,0.150616406079536,14.2285992905791,6.08891683855988e-46,1.76834835319458e-44,"Upregulated"
"ENSG00000081277.14","ENSG00000081277","PKP1","protein_coding",323.474012675841,1.32881647585727,0.0934555765230333,14.2186964683671,7.01474222738708e-46,2.03315288718587e-44,"Upregulated"
"ENSG00000036257.16","ENSG00000036257","CUL3","protein_coding",2517.59166134005,1.06984177316921,0.0752862249637647,14.210325643026,7.90570269647825e-46,2.280945150478e-44,"Upregulated"
"ENSG00000012174.14","ENSG00000012174","MBTPS2","protein_coding",326.207042934121,-1.8135463692571,0.127622621083346,-14.2102266342949,7.91688801194062e-46,2.280945150478e-44,"Downregulated"
"ENSG00000176542.11","ENSG00000176542","USF3","protein_coding",331.286164732068,-1.75234417639063,0.123362833335144,-14.2047983903707,8.5548503778356e-46,2.45985896181733e-44,"Downregulated"
"ENSG00000002933.11","ENSG00000002933","TMEM176A","protein_coding",343.305852735284,1.63394115501727,0.115038077382319,14.203481075114,8.71723056761146e-46,2.50158624526387e-44,"Upregulated"
"ENSG00000116350.20","ENSG00000116350","SRSF4","protein_coding",1337.48939603712,1.16361403314213,0.0820080946134407,14.1890143726302,1.07154182752316e-45,3.06892967677185e-44,"Upregulated"
"ENSG00000027001.12","ENSG00000027001","MIPEP","protein_coding",300.175904900703,-1.63907125036846,0.115518061579267,-14.1888742587994,1.07368474346071e-45,3.06900183475989e-44,"Downregulated"
"ENSG00000152137.9","ENSG00000152137","HSPB8","protein_coding",61.1906516739232,4.79968016448508,0.33827611435064,14.1886463775269,1.07717909584945e-45,3.07292902697839e-44,"Upregulated"
"ENSG00000032742.20","ENSG00000032742","IFT88","protein_coding",183.984530032898,-2.34564752264001,0.165328463071994,-14.1878021428081,1.09022357814787e-45,3.10403145275422e-44,"Downregulated"
"ENSG00000164078.17","ENSG00000164078","MST1R","protein_coding",591.886909311735,-2.48847810695124,0.175401817844562,-14.1872994107534,1.09806596688712e-45,3.12022980237806e-44,"Downregulated"
"ENSG00000165025.17","ENSG00000165025","SYK","protein_coding",2409.68881271053,-2.22263998283871,0.156667550653877,-14.1869836705953,1.10302004168038e-45,3.12817347241331e-44,"Downregulated"
"ENSG00000135446.19","ENSG00000135446","CDK4","protein_coding",1856.28057406835,-1.28514350636556,0.0905929397895135,-14.1859123829241,1.11999526715402e-45,3.17011160382735e-44,"Downregulated"
"ENSG00000122042.11","ENSG00000122042","UBL3","protein_coding",990.546831799872,-1.11800260820418,0.078813644936209,-14.1853940280148,1.12830200124892e-45,3.18739816805056e-44,"Downregulated"
"ENSG00000166478.12","ENSG00000166478","ZNF143","protein_coding",389.46102365348,1.70722833819466,0.120405860354283,14.1789472137926,1.23688216254567e-45,3.48733391043033e-44,"Upregulated"
"ENSG00000120314.20","ENSG00000120314","WDR55","protein_coding",416.465463451376,1.36800742290789,0.0964932823870619,14.1772296378149,1.26752444070801e-45,3.56678916402727e-44,"Upregulated"
"ENSG00000115828.19","ENSG00000115828","QPCT","protein_coding",1696.97282989712,1.22686822047814,0.0866482119147016,14.1591868241424,1.63879492362516e-45,4.60260000642944e-44,"Upregulated"
"ENSG00000198431.19","ENSG00000198431","TXNRD1","protein_coding",4263.78225060105,2.44052275369748,0.172419415324485,14.154570406729,1.75003912407653e-45,4.9055255292296e-44,"Upregulated"
"ENSG00000180573.11","ENSG00000180573","H2AC6","protein_coding",520.352693818129,1.83990412543218,0.130024019951723,14.1504940865182,1.8544972190419e-45,5.18829608076356e-44,"Upregulated"
"ENSG00000157227.16","ENSG00000157227","MMP14","protein_coding",435.032240417384,1.66411608225935,0.117615854583149,14.1487394548742,1.90134927790344e-45,5.30912403379127e-44,"Upregulated"
"ENSG00000196639.9","ENSG00000196639","HRH1","protein_coding",155.138437605244,-1.93003709794618,0.13646520343628,-14.1430712690608,2.06089877599265e-45,5.74356635801643e-44,"Downregulated"
"ENSG00000159792.11","ENSG00000159792","PSKH1","protein_coding",265.350921202299,-2.47294754238444,0.174891741100767,-14.1398760560089,2.15663890868241e-45,5.99885049225057e-44,"Downregulated"
"ENSG00000154359.15","ENSG00000154359","LONRF1","protein_coding",407.321975223959,1.27272797500309,0.0901066445694516,14.1246850449759,2.67593537035891e-45,7.42905275617649e-44,"Upregulated"
"ENSG00000087086.18","ENSG00000087086","FTL","protein_coding",30370.3240802316,2.74406326991223,0.194464251683595,14.1108879712092,3.2545396794298e-45,9.01812409833589e-44,"Upregulated"
"ENSG00000124120.13","ENSG00000124120","TTPAL","protein_coding",208.213942372066,-2.8374828952274,0.201195925580143,-14.1030832858349,3.63532768780768e-45,1.00540398571964e-43,"Downregulated"
"ENSG00000137312.17","ENSG00000137312","FLOT1","protein_coding",1499.95146499179,1.27637094470456,0.0905395736675019,14.0973818740511,3.94122215543282e-45,1.08585915354624e-43,"Upregulated"
"ENSG00000182372.12","ENSG00000182372","CLN8","protein_coding",293.15783540396,1.46902303231171,0.104225315631398,14.094685378618,4.09468656354314e-45,1.12599995595573e-43,"Upregulated"
"ENSG00000197818.14","ENSG00000197818","SLC9A8","protein_coding",221.510263251925,-1.67459667069637,0.118821473978723,-14.0933840881004,4.17085908008567e-45,1.14477442781442e-43,"Downregulated"
"ENSG00000196498.17","ENSG00000196498","NCOR2","protein_coding",4338.36764236072,1.63355402432977,0.11607504566079,14.0732576500859,5.54548537592056e-45,1.51632403901586e-43,"Upregulated"
"ENSG00000122550.20","ENSG00000122550","KLHL7","protein_coding",297.856625604237,1.49524722514458,0.106345158237634,14.0603225377066,6.65820643066867e-45,1.81715117878061e-43,"Upregulated"
"ENSG00000145911.9","ENSG00000145911","N4BP3","protein_coding",160.207226585241,2.96870404500005,0.211154280053673,14.0594073880266,6.74486497909471e-45,1.83734179092182e-43,"Upregulated"
"ENSG00000093009.13","ENSG00000093009","CDC45","protein_coding",83.6413734623137,-3.60676406411104,0.25659499407633,-14.0562526447345,7.0522908873372e-45,1.91748216771652e-43,"Downregulated"
"ENSG00000117139.20","ENSG00000117139","KDM5B","protein_coding",1074.67777936953,1.38965545796291,0.0988876605075297,14.0528702047421,7.39740683360572e-45,2.00755093319502e-43,"Upregulated"
"ENSG00000166401.17","ENSG00000166401","SERPINB8","protein_coding",100.395010074861,-2.68702215114569,0.191252534897429,-14.0496028070256,7.74672927692244e-45,2.09842244263851e-43,"Downregulated"
"ENSG00000105612.12","ENSG00000105612","DNASE2","protein_coding",580.61039212519,1.25178604819112,0.0891110182298658,14.047488998073,7.98141444654889e-45,2.15796004028706e-43,"Upregulated"
"ENSG00000165434.10","ENSG00000165434","PGM2L1","protein_coding",275.087391357537,2.13826126427891,0.152265428944994,14.042985851052,8.50522652654014e-45,2.29530247341936e-43,"Upregulated"
"ENSG00000025039.17","ENSG00000025039","RRAGD","protein_coding",126.120193637179,4.26138861735576,0.303491310006016,14.0412212042292,8.71969829533626e-45,2.34880794974002e-43,"Upregulated"
"ENSG00000136010.16","ENSG00000136010","ALDH1L2","protein_coding",148.054238145482,-1.77101390319157,0.126148918588575,-14.039073208131,8.98803541805322e-45,2.41212239404495e-43,"Downregulated"
"ENSG00000107438.11","ENSG00000107438","PDLIM1","protein_coding",1279.02767156373,1.45132794867282,0.103393798872754,14.0368954859561,9.26847372678865e-45,2.48278597502072e-43,"Upregulated"
"ENSG00000162545.8","ENSG00000162545","CAMK2N1","protein_coding",1984.78690788448,1.20125437307012,0.0855952874449345,14.0341181030897,9.63879998871529e-45,2.57722305233325e-43,"Upregulated"
"ENSG00000165288.12","ENSG00000165288","BRWD3","protein_coding",730.841231590474,1.39422828311672,0.0993770716295264,14.0296776736826,1.02616904478923e-44,2.73871856299917e-43,"Upregulated"
"ENSG00000176920.16","ENSG00000176920","FUT2","protein_coding",192.691407008348,-1.7117601545368,0.122014214508034,-14.0291863652008,1.0333024609064e-44,2.75268736460579e-43,"Downregulated"
"ENSG00000112414.17","ENSG00000112414","ADGRG6","protein_coding",329.582114706852,-1.87407002474579,0.133585487914968,-14.0289941220164,1.03610709304659e-44,2.75509431053784e-43,"Downregulated"
"ENSG00000224781.1","ENSG00000224781","EIF4A2P4","processed_pseudogene",88.9758954999697,2.50474558511545,0.178565570902955,14.0270354046957,1.06511808429942e-44,2.82704968455443e-43,"Upregulated"
"ENSG00000183605.19","ENSG00000183605","SFXN4","protein_coding",283.206059650281,-1.42710723603602,0.101799365452569,-14.0188225112361,1.19582264826928e-44,3.1681648663105e-43,"Downregulated"
"ENSG00000197119.14","ENSG00000197119","SLC25A29","protein_coding",149.4889431226,1.46141580491613,0.104273409555095,14.0152298764524,1.25790315633023e-44,3.32655703312731e-43,"Upregulated"
"ENSG00000164880.18","ENSG00000164880","INTS1","protein_coding",1117.82928943101,-1.33667995232175,0.095381044490794,-14.0141047884075,1.2779962090797e-44,3.37353753405883e-43,"Downregulated"
"ENSG00000148660.24","ENSG00000148660","CAMK2G","protein_coding",567.675676789558,1.30240293609559,0.0929437198790315,14.0128126762163,1.30146641412287e-44,3.4292456860852e-43,"Upregulated"
"ENSG00000110080.22","ENSG00000110080","ST3GAL4","protein_coding",967.041294816369,1.62293208152329,0.115917953582881,14.0006964526241,1.5435068999979e-44,4.05961923680028e-43,"Upregulated"
"ENSG00000138468.18","ENSG00000138468","SENP7","protein_coding",222.413824509365,1.37999163282487,0.0986366885936786,13.9906524894563,1.77773409802333e-44,4.6671961138685e-43,"Upregulated"
"ENSG00000116874.14","ENSG00000116874","WARS2","protein_coding",417.782023191819,1.18509484698402,0.0847248030987954,13.9875786503996,1.85624829486458e-44,4.86451180636122e-43,"Upregulated"
"ENSG00000111684.13","ENSG00000111684","LPCAT3","protein_coding",602.45252200338,-1.83183186882549,0.130993397000998,-13.9841542456642,1.94778548394942e-44,5.09518181108214e-43,"Downregulated"
"ENSG00000054967.15","ENSG00000054967","RELT","protein_coding",111.552668291436,2.08296674104052,0.149004133453761,13.9792547546133,2.086615215299e-44,5.44850949551587e-43,"Upregulated"
"ENSG00000206503.17","ENSG00000206503","HLA-A","protein_coding",3419.80673886224,1.16972636377137,0.0836777407681651,13.9789429426898,2.09577658899428e-44,5.46258890786062e-43,"Upregulated"
"ENSG00000257702.6","ENSG00000257702","LBX2-AS1","lncRNA",86.189947898471,-2.49960247265178,0.17882254060539,-13.9781174352493,2.12022458218972e-44,5.51639042102216e-43,"Downregulated"
"ENSG00000171425.12","ENSG00000171425","ZNF581","protein_coding",265.162115191841,2.27267917012823,0.162595569232864,13.9774975471402,2.13876936379381e-44,5.55466767385302e-43,"Upregulated"
"ENSG00000138802.13","ENSG00000138802","SEC24B","protein_coding",711.457443057958,1.35605034632586,0.097019899923079,13.9770330355008,2.15277154771029e-44,5.58103135409974e-43,"Upregulated"
"ENSG00000152683.16","ENSG00000152683","SLC30A6","protein_coding",524.403413565521,-1.39840224046937,0.100133652698082,-13.9653573278282,2.53630181567934e-44,6.55188697198306e-43,"Downregulated"
"ENSG00000141568.23","ENSG00000141568","FOXK2","protein_coding",1706.25400207611,1.1183777478252,0.0800821805374827,13.9653758216753,2.5356435168041e-44,6.55188697198306e-43,"Upregulated"
"ENSG00000144747.19","ENSG00000144747","TMF1","protein_coding",984.713811010845,1.32218960757173,0.0947517057069477,13.9542565245322,2.96376183309446e-44,7.64249759523219e-43,"Upregulated"
"ENSG00000174173.8","ENSG00000174173","TRMT10C","protein_coding",239.452726080437,-1.35696121163137,0.0972562851331937,-13.9524269282236,3.04079240912955e-44,7.82720490108444e-43,"Downregulated"
"ENSG00000276234.7","ENSG00000276234","TADA2A","protein_coding",122.897355441431,-2.42793361130609,0.174102977420664,-13.9453882252673,3.35616820160872e-44,8.6236860953393e-43,"Downregulated"
"ENSG00000137449.17","ENSG00000137449","CPEB2","protein_coding",209.758120080721,2.37536984934601,0.170358202992737,13.943384043839,3.45177734830925e-44,8.85365616490223e-43,"Upregulated"
"ENSG00000117595.15","ENSG00000117595","IRF6","protein_coding",1125.16058699404,1.66784391462063,0.119673900474979,13.9365718673917,3.79746840543608e-44,9.72312935186919e-43,"Upregulated"
"ENSG00000067606.19","ENSG00000067606","PRKCZ","protein_coding",490.671668206813,1.79721380658822,0.129019020880701,13.9298360375098,4.17312396488152e-44,1.06661221338736e-42,"Upregulated"
"ENSG00000112406.7","ENSG00000112406","HECA","protein_coding",1450.82765108713,1.83997453646612,0.132168290204828,13.9214522153129,4.69271365263425e-44,1.19310186410483e-42,"Upregulated"
"ENSG00000256771.7","ENSG00000256771","ZNF253","protein_coding",115.794117263251,-2.71694810939277,0.195191955709187,-13.9193651681051,4.83176578305043e-44,1.22630384812551e-42,"Downregulated"
"ENSG00000241186.12","ENSG00000241186","CRIPTO","protein_coding",484.652539589269,-2.02020123009468,0.145185951519973,-13.9145778840508,5.16640458489016e-44,1.30894292385014e-42,"Downregulated"
"ENSG00000196584.5","ENSG00000196584","XRCC2","protein_coding",102.989718208099,-3.9233910960159,0.282358734440818,-13.8950583688717,6.78681631315527e-44,1.71349376324471e-42,"Downregulated"
"ENSG00000166734.22","ENSG00000166734","GOLM2","protein_coding",1000.88842747296,-1.17933462777419,0.0848810795224163,-13.8939635830472,6.89138074456273e-44,1.73686764782962e-42,"Downregulated"
"ENSG00000011243.21","ENSG00000011243","AKAP8L","protein_coding",730.705214023001,1.20495663174547,0.0867395147669387,13.8916690389966,7.11576421001527e-44,1.79030650922815e-42,"Upregulated"
"ENSG00000163104.20","ENSG00000163104","SMARCAD1","protein_coding",223.74747144676,-1.73343807279089,0.124790061087413,-13.8908343956708,7.19917439082132e-44,1.80815312429433e-42,"Downregulated"
"ENSG00000107404.23","ENSG00000107404","DVL1","protein_coding",894.237382127229,1.38212527357753,0.0995060269236621,13.8898649288636,7.29727998044543e-44,1.82962251689646e-42,"Upregulated"
"ENSG00000158825.8","ENSG00000158825","CDA","protein_coding",261.52404145859,3.75444903828111,0.270383455820132,13.8856463199386,7.73990471253508e-44,1.93390860506997e-42,"Upregulated"
"ENSG00000179562.4","ENSG00000179562","GCC1","protein_coding",670.629213265432,-1.10063659244194,0.0792715990767374,-13.8843747982993,7.87848098397168e-44,1.96514537727569e-42,"Downregulated"
"ENSG00000070526.17","ENSG00000070526","ST6GALNAC1","protein_coding",62.803625454123,-3.55000955173595,0.255771957639613,-13.8795886167395,8.4225959589175e-44,2.09725533739918e-42,"Downregulated"
"ENSG00000140105.20","ENSG00000140105","WARS1","protein_coding",1548.27028680232,-1.98775243801502,0.143238375183349,-13.8772339149383,8.70385088533158e-44,2.1635713041205e-42,"Downregulated"
"ENSG00000153551.16","ENSG00000153551","CMTM7","protein_coding",384.728981623866,1.41435255733639,0.101935528649233,13.8749715244355,8.98287612555337e-44,2.22731732304863e-42,"Upregulated"
"ENSG00000198961.13","ENSG00000198961","PJA2","protein_coding",1122.9021651449,1.13299415232989,0.0816577868487565,13.8749064363987,8.99103390824902e-44,2.22731732304863e-42,"Upregulated"
"ENSG00000253719.4","ENSG00000253719","ATXN7L3B","protein_coding",1234.37895393009,-1.17679282622216,0.084835950830081,-13.8713931382601,9.44248359630326e-44,2.33516164296291e-42,"Downregulated"
"ENSG00000127995.19","ENSG00000127995","CASD1","protein_coding",148.820120554829,-2.37442871254456,0.171201850215879,-13.8691767031168,9.73881846763255e-44,2.40434339408741e-42,"Downregulated"
"ENSG00000135378.6","ENSG00000135378","PRRG4","protein_coding",851.878072855439,1.22589460599831,0.088445522350152,13.8604484820051,1.09984911013569e-43,2.71071654831401e-42,"Upregulated"
"ENSG00000129116.22","ENSG00000129116","PALLD","protein_coding",631.663750574116,1.35507686154146,0.0978174313753203,13.8531225210985,1.21800051137896e-43,2.99681891526381e-42,"Upregulated"
"ENSG00000130254.15","ENSG00000130254","SAFB2","protein_coding",428.690225535208,1.12633172189973,0.0813759474965558,13.8410888788411,1.44008466237993e-43,3.53723846223897e-42,"Upregulated"
"ENSG00000117450.17","ENSG00000117450","PRDX1","protein_coding",4159.47826154782,1.32780861269882,0.0959878935489981,13.8330841901539,1.6096810916274e-43,3.93381085663816e-42,"Upregulated"
"ENSG00000141002.22","ENSG00000141002","TCF25","protein_coding",318.733832847213,-1.2658974772051,0.0915188088241255,-13.8321017665102,1.63181981787499e-43,3.98120080818929e-42,"Downregulated"
"ENSG00000214654.10","ENSG00000214654","B3GALT9","protein_coding",102.840939711565,-4.14395772639545,0.299809840234048,-13.8219536862447,1.87900067266605e-43,4.57655088206325e-42,"Downregulated"
"ENSG00000204160.14","ENSG00000204160","ZDHHC18","protein_coding",499.059095593611,1.91669893143712,0.138677370852838,13.8212811481052,1.89663982080843e-43,4.61176246361673e-42,"Upregulated"
"ENSG00000130775.18","ENSG00000130775","THEMIS2","protein_coding",54.9132485238056,5.56817414112353,0.403062318698287,13.8146730240283,2.07896059708026e-43,5.04661590835631e-42,"Upregulated"
"ENSG00000135318.14","ENSG00000135318","NT5E","protein_coding",529.406562676434,-1.85329480932564,0.134287485312534,-13.8009495450181,2.51517653512108e-43,6.09530741588206e-42,"Downregulated"
"ENSG00000272763.2","ENSG00000272763","LINC03057","lncRNA",390.52569844955,-1.64650169154163,0.119359845861159,-13.7944354708438,2.75299515254793e-43,6.64940095845409e-42,"Downregulated"
"ENSG00000085415.18","ENSG00000085415","SEH1L","protein_coding",390.337786247419,-1.23155660975696,0.0892849903026019,-13.7935458757738,2.78716336127138e-43,6.72072735965805e-42,"Downregulated"
"ENSG00000183283.18","ENSG00000183283","DAZAP2","protein_coding",3586.74136879666,1.18774385794993,0.0861117495977438,13.7930522083022,2.80630617175519e-43,6.75564602011233e-42,"Upregulated"
"ENSG00000124217.5","ENSG00000124217","MOCS3","protein_coding",129.75743682778,-3.0743519408824,0.223101346215107,-13.7800689822741,3.35951021385275e-43,8.07396716735557e-42,"Downregulated"
"ENSG00000177853.17","ENSG00000177853","ZNF518A","protein_coding",405.3223053148,-1.9019200870694,0.138039314767972,-13.7781043774834,3.45218294378581e-43,8.28295285121589e-42,"Downregulated"
"ENSG00000164896.23","ENSG00000164896","FASTK","protein_coding",373.590923044597,-1.54361516559819,0.112043087430356,-13.7769781340387,3.50645143617239e-43,8.39925524181989e-42,"Downregulated"
"ENSG00000124102.7","ENSG00000124102","PI3","protein_coding",68.8317186769804,-2.52865031114473,0.183553756893314,-13.7760749436169,3.55058455324216e-43,8.49093586560814e-42,"Downregulated"
"ENSG00000116962.17","ENSG00000116962","NID1","protein_coding",270.990417580726,1.34781614025231,0.0978450901824122,13.7750002349589,3.60381914480901e-43,8.60404399449294e-42,"Upregulated"
"ENSG00000151743.12","ENSG00000151743","AMN1","protein_coding",144.5838674398,2.6274480977331,0.190756072151999,13.7738634901199,3.66099090156881e-43,8.72616449762092e-42,"Upregulated"
"ENSG00000170266.17","ENSG00000170266","GLB1","protein_coding",2349.66727161398,1.65661176246631,0.120281943612827,13.7727385566593,3.71845675646095e-43,8.84858379550609e-42,"Upregulated"
"ENSG00000120694.22","ENSG00000120694","HSPH1","protein_coding",6304.42626544681,1.85250421215278,0.134545903033714,13.7685664920513,3.93952689002074e-43,9.35928257216075e-42,"Upregulated"
"ENSG00000160193.14","ENSG00000160193","WDR4","protein_coding",218.301368381628,-3.78547425433025,0.274993037084779,-13.7657094683572,4.09840989294284e-43,9.72081115687849e-42,"Downregulated"
"ENSG00000119801.16","ENSG00000119801","YPEL5","protein_coding",994.491708034649,1.67120857619409,0.121423730357771,13.7634428729041,4.22897974066305e-43,9.99777722702918e-42,"Upregulated"
"ENSG00000236287.10","ENSG00000236287","ZBED5","protein_coding",307.646804294308,-1.69324950565061,0.123041008306651,-13.7616679914601,4.33410577872209e-43,1.02296190464561e-41,"Downregulated"
"ENSG00000168743.15","ENSG00000168743","NPNT","protein_coding",2498.90986147751,1.3020199931751,0.0946243378364967,13.7598848556794,4.44233833374321e-43,1.04680271760336e-41,"Upregulated"
"ENSG00000185989.13","ENSG00000185989","RASA3","protein_coding",425.578463526837,1.53486878902058,0.111585022892246,13.7551505501124,4.7429237162379e-43,1.11581900155389e-41,"Upregulated"
"ENSG00000124214.23","ENSG00000124214","STAU1","protein_coding",3094.74943240004,1.26809084503959,0.0922394024917192,13.7478215467997,5.24862384631655e-43,1.23278860260647e-41,"Upregulated"
"ENSG00000210082.2","ENSG00000210082","MT-RNR2","Mt_rRNA",39364.9108047497,2.6125265793192,0.190136252094607,13.7402865079053,5.82448441240634e-43,1.36583216997723e-41,"Upregulated"
"ENSG00000132300.21","ENSG00000132300","PTCD3","protein_coding",1074.24467673328,-1.35811373446592,0.0989573278355302,-13.724236134621,7.26911921573203e-43,1.6990979947482e-41,"Downregulated"
"ENSG00000183309.14","ENSG00000183309","ZNF623","protein_coding",375.306700690068,-1.61280679255491,0.117529326347831,-13.7225902902036,7.43605467502429e-43,1.7353189106353e-41,"Downregulated"
"ENSG00000047188.18","ENSG00000047188","YTHDC2","protein_coding",248.467629696814,-1.77703945079708,0.129587544523127,-13.7130420777434,8.48253956654561e-43,1.97634989386461e-41,"Downregulated"
"ENSG00000119655.13","ENSG00000119655","NPC2","protein_coding",752.686600077815,2.12078656969897,0.154813124437221,13.6990101931506,1.02917686303868e-42,2.39403388429478e-41,"Upregulated"
"ENSG00000220205.12","ENSG00000220205","VAMP2","protein_coding",257.215881979811,1.41880319602239,0.103632856791584,13.6906695419557,1.15440598290419e-42,2.68103389491147e-41,"Upregulated"
"ENSG00000176022.7","ENSG00000176022","B3GALT6","protein_coding",273.473452915113,-3.60812162224537,0.263550498421754,-13.6904374829577,1.1580988073383e-42,2.68530686655146e-41,"Downregulated"
"ENSG00000013503.12","ENSG00000013503","POLR3B","protein_coding",177.474965957273,-1.88723642936319,0.137905778004922,-13.6849699604018,1.24858738885992e-42,2.89049975069616e-41,"Downregulated"
"ENSG00000122335.19","ENSG00000122335","SERAC1","protein_coding",377.831380277058,1.26449638060402,0.0924014893438483,13.6848051864026,1.25142093326949e-42,2.89243894177695e-41,"Upregulated"
"ENSG00000229644.6","ENSG00000229644","NAMPTP1","processed_pseudogene",209.657962263787,1.76282781242214,0.128819421963661,13.6844878322729,1.25689636590012e-42,2.9004684927746e-41,"Upregulated"
"ENSG00000090612.24","ENSG00000090612","ZNF268","protein_coding",173.430485157351,-2.91610447607064,0.213151491092665,-13.680901133377,1.32046056869592e-42,3.0423075614533e-41,"Downregulated"
"ENSG00000135114.15","ENSG00000135114","OASL","protein_coding",62.0393577661003,3.13730352418287,0.229368818699092,13.6779861446585,1.37446819493917e-42,3.1617131874696e-41,"Upregulated"
"ENSG00000197746.17","ENSG00000197746","PSAP","protein_coding",9740.16828050384,1.40696229543049,0.102864816973795,13.677779602611,1.37837723433082e-42,3.16568032962319e-41,"Upregulated"
"ENSG00000248008.5","ENSG00000248008","NRAV","lncRNA",68.4149694734128,-2.95705184248594,0.216260539375066,-13.6735617650405,1.46066798263553e-42,3.34936715258766e-41,"Downregulated"
"ENSG00000111203.15","ENSG00000111203","ITFG2","protein_coding",141.693794430146,-2.34709567168927,0.171740145326814,-13.6665522625641,1.60837052236003e-42,3.68222837441415e-41,"Downregulated"
"ENSG00000129245.14","ENSG00000129245","FXR2","protein_coding",554.686673599297,1.29854588461798,0.0950253544351071,13.6652569447111,1.63724844362011e-42,3.74242972317707e-41,"Upregulated"
"ENSG00000157193.20","ENSG00000157193","LRP8","protein_coding",339.411656319986,1.21374421339664,0.0888245612247536,13.6645112192054,1.65410703951255e-42,3.77501090025448e-41,"Upregulated"
"ENSG00000160862.15","ENSG00000160862","AZGP1","protein_coding",675.335238382996,2.01551104553521,0.147530565131801,13.6616506805528,1.72039214936716e-42,3.92011368374668e-41,"Upregulated"
"ENSG00000105948.15","ENSG00000105948","IFT56","protein_coding",97.2218407025756,-4.42787054661012,0.324232039151684,-13.6564867500298,1.8468118923356e-42,4.20156953590698e-41,"Downregulated"
"ENSG00000198677.15","ENSG00000198677","SKIC3","protein_coding",954.36221392307,-1.33940952196876,0.0981279237892536,-13.6496266327347,2.02915536414592e-42,4.60917234125433e-41,"Downregulated"
"ENSG00000166562.12","ENSG00000166562","SEC11C","protein_coding",126.829575373039,-2.40957896609533,0.176572590889993,-13.6463929874401,2.12121047764322e-42,4.81073274522778e-41,"Downregulated"
"ENSG00000136104.24","ENSG00000136104","RNASEH2B","protein_coding",454.080152265295,-1.2649537044685,0.0928267020311621,-13.6270456322347,2.76551054425537e-42,6.26215293864826e-41,"Downregulated"
"ENSG00000167600.16","ENSG00000167600","CYP2S1","protein_coding",2955.70894338058,2.12198664695204,0.155793245388741,13.6205304771538,3.02363440985913e-42,6.83596097779696e-41,"Upregulated"
"ENSG00000117519.18","ENSG00000117519","CNN3","protein_coding",1550.54042323014,1.67365432420108,0.122974024550427,13.6098198812285,3.50105584680173e-42,7.89071560370928e-41,"Upregulated"
"ENSG00000119285.13","ENSG00000119285","HEATR1","protein_coding",1057.54905851856,-1.09366251574321,0.0804235234018115,-13.5987888802019,4.07119269097784e-42,9.16144790025634e-41,"Downregulated"
"ENSG00000185838.16","ENSG00000185838","GNB1L","protein_coding",143.80567574738,1.87196952388308,0.13776695282279,13.5879431571009,4.72163596639876e-42,1.06086741744265e-40,"Upregulated"
"ENSG00000196652.14","ENSG00000196652","ZKSCAN5","protein_coding",189.209458396216,-1.74397764268493,0.128372956300285,-13.585241728059,4.89911849719518e-42,1.09904063872063e-40,"Downregulated"
"ENSG00000166189.8","ENSG00000166189","HPS6","protein_coding",186.079561689721,-3.00370828017328,0.221222210855138,-13.577788001315,5.42398730247681e-42,1.21490608945122e-40,"Downregulated"
"ENSG00000163444.14","ENSG00000163444","TMEM183A","protein_coding",493.971158053785,1.3882578546998,0.102260908270356,13.5756456517045,5.58493845099454e-42,1.24845716986444e-40,"Upregulated"
"ENSG00000112183.16","ENSG00000112183","RBM24","protein_coding",40.4447087329317,3.15770807043596,0.232602312907946,13.5755660851302,5.59100678472278e-42,1.24845716986444e-40,"Upregulated"
"ENSG00000146038.14","ENSG00000146038","DCDC2","protein_coding",101.077583273963,-2.28132255099599,0.168179091732101,-13.5648404774953,6.47203165558036e-42,1.44074781494118e-40,"Downregulated"
"ENSG00000131941.9","ENSG00000131941","RHPN2","protein_coding",1234.21888865247,1.68658949269337,0.124408277829864,13.556891246416,7.21288137839251e-42,1.60320670146724e-40,"Upregulated"
"ENSG00000139793.23","ENSG00000139793","MBNL2","protein_coding",2553.72556980606,1.68600119763761,0.124531947078067,13.5387042216619,9.24045225702899e-42,2.05072946567939e-40,"Upregulated"
"ENSG00000106692.17","ENSG00000106692","FKTN","protein_coding",608.229792754147,-2.09255703093758,0.154627788168207,-13.5328653130655,1.00046683907175e-41,2.21693661037123e-40,"Downregulated"
"ENSG00000014824.16","ENSG00000014824","SLC30A9","protein_coding",640.754585751662,-1.55783827775015,0.115150130973397,-13.5287581922946,1.05795702946623e-41,2.34075011771367e-40,"Downregulated"
"ENSG00000072415.12","ENSG00000072415","PALS1","protein_coding",541.653202636114,1.76410294180111,0.130447694510995,13.5234505171911,1.13714428965962e-41,2.51211814721756e-40,"Upregulated"
"ENSG00000115762.19","ENSG00000115762","PLEKHB2","protein_coding",3141.13864863822,1.42897003770928,0.105746047007508,13.5132241643778,1.30670907046362e-41,2.8823177852601e-40,"Upregulated"
"ENSG00000203880.15","ENSG00000203880","PCMTD2","protein_coding",785.046641733606,-1.82050390306575,0.134736236416784,-13.5116131449177,1.33562392125272e-41,2.94162034449762e-40,"Downregulated"
"ENSG00000115414.23","ENSG00000115414","FN1","protein_coding",74.0119340990498,2.94618227806359,0.218051123545402,13.5114290179301,1.33896892274734e-41,2.94451253846047e-40,"Upregulated"
"ENSG00000119509.15","ENSG00000119509","INVS","protein_coding",279.513489328566,-2.40847721305266,0.178302632134899,-13.5078051524807,1.40652521047109e-41,3.08838838638591e-40,"Downregulated"
"ENSG00000174938.17","ENSG00000174938","SEZ6L2","protein_coding",435.265724273172,1.19197518801894,0.0882622888378086,13.5049204333384,1.46271696118468e-41,3.20691288978645e-40,"Upregulated"
"ENSG00000070495.17","ENSG00000070495","JMJD6","protein_coding",508.568328458685,1.7491763615065,0.129525924663156,13.5044499088148,1.47209181660196e-41,3.22259133024102e-40,"Upregulated"
"ENSG00000152503.12","ENSG00000152503","TRIM36","protein_coding",165.843862509627,1.84915636012159,0.137050277728951,13.4925400427041,1.73034799811513e-41,3.78223275847427e-40,"Upregulated"
"ENSG00000178927.21","ENSG00000178927","CYBC1","protein_coding",225.544162159695,-2.40988944142418,0.178613666843747,-13.492189506038,1.73859586673139e-41,3.79453784648665e-40,"Downregulated"
"ENSG00000162413.18","ENSG00000162413","KLHL21","protein_coding",397.931675987599,2.54276258659759,0.188525824816693,13.4876088677504,1.85003783511838e-41,4.031691474667e-40,"Upregulated"
"ENSG00000011426.13","ENSG00000011426","ANLN","protein_coding",1722.36714127909,1.34639333816985,0.0998324601129543,13.4865286966432,1.87733583808105e-41,4.0850376825031e-40,"Upregulated"
"ENSG00000068885.17","ENSG00000068885","IFT80","protein_coding",66.1491464230161,-2.91648262499174,0.216324626170564,-13.481972333063,1.99696214122917e-41,4.33882688915939e-40,"Downregulated"
"ENSG00000213676.15","ENSG00000213676","ATF6B","protein_coding",405.186775589275,-1.30785798486991,0.097032556222181,-13.4785481882517,2.09182470506115e-41,4.53134882298148e-40,"Downregulated"
"ENSG00000132196.18","ENSG00000132196","HSD17B7","protein_coding",86.0367432017197,2.31193379381986,0.171530059023896,13.4783011617677,2.09883915525087e-41,4.53975776685009e-40,"Upregulated"
"ENSG00000100284.24","ENSG00000100284","TOM1","protein_coding",270.998719696302,1.38752971328943,0.102982518816218,13.4734489818181,2.24146121912513e-41,4.84102175671556e-40,"Upregulated"
"ENSG00000117758.16","ENSG00000117758","STX12","protein_coding",596.63493306834,1.50064915314636,0.111385144527213,13.4726148582563,2.2669320625355e-41,4.88874694200365e-40,"Upregulated"
"ENSG00000136271.13","ENSG00000136271","DDX56","protein_coding",630.759872686893,-1.28059507197899,0.0950596004886656,-13.4714964653326,2.30153566364952e-41,4.95599626116031e-40,"Downregulated"
"ENSG00000006634.10","ENSG00000006634","DBF4","protein_coding",559.346203334066,1.41545551469452,0.105091298054316,13.4688175034526,2.38657519202175e-41,5.13149075412154e-40,"Upregulated"
"ENSG00000009830.15","ENSG00000009830","POMT2","protein_coding",138.573174564843,-1.88931794953107,0.140306427204912,-13.4656550463778,2.49099250123101e-41,5.34806864116144e-40,"Downregulated"
"ENSG00000226549.3","ENSG00000226549","SCDP1","processed_pseudogene",103.084958990042,2.37444541852484,0.176367390003475,13.4630637697709,2.57992800396305e-41,5.53081607003439e-40,"Upregulated"
"ENSG00000146676.10","ENSG00000146676","PURB","protein_coding",719.328997839287,-1.63696077938748,0.121601989253201,-13.4616282960551,2.63054702876912e-41,5.63100259097815e-40,"Downregulated"
"ENSG00000075415.17","ENSG00000075415","SLC25A3","protein_coding",7141.66860833261,1.3046652832081,0.0969204786053248,13.4611931552763,2.6460855759014e-41,5.65591034896211e-40,"Upregulated"
"ENSG00000134982.21","ENSG00000134982","APC","protein_coding",282.817995800836,-1.56869444694646,0.116574054847052,-13.4566344887344,2.81446214618879e-41,6.00694925221914e-40,"Downregulated"
"ENSG00000164961.18","ENSG00000164961","WASHC5","protein_coding",411.610513200661,-1.64714936242317,0.122499497275981,-13.4461724256083,3.24225802116899e-41,6.89967742184742e-40,"Downregulated"
"ENSG00000119559.19","ENSG00000119559","C19orf25","protein_coding",240.836919471092,-1.78556484282574,0.132943903060177,-13.4309645025052,3.98191232043817e-41,8.46127175187536e-40,"Downregulated"
"ENSG00000169242.14","ENSG00000169242","EFNA1","protein_coding",750.799511847206,1.92666849578865,0.143450928392748,13.4308541420778,3.98785126409966e-41,8.46148470268407e-40,"Upregulated"
"ENSG00000188690.18","ENSG00000188690","UROS","protein_coding",164.107615232458,-2.9787372243925,0.221837296988576,-13.4275762679614,4.168320858973e-41,8.83147746904045e-40,"Downregulated"
"ENSG00000136319.14","ENSG00000136319","TTC5","protein_coding",78.998392821776,-2.86019154029682,0.213187177106646,-13.4163394774256,4.85088498902155e-41,1.02476713208309e-39,"Downregulated"
"ENSG00000175866.18","ENSG00000175866","BAIAP2","protein_coding",387.546986773376,1.50504826174541,0.112199652140437,13.4140189655989,5.0051248018736e-41,1.05581177043307e-39,"Upregulated"
"ENSG00000104687.16","ENSG00000104687","GSR","protein_coding",1744.62552398519,1.6236866525989,0.121144591562427,13.4028818922733,5.81601228021953e-41,1.22508212158345e-39,"Upregulated"
"ENSG00000137601.20","ENSG00000137601","NEK1","protein_coding",85.6814061398319,-3.28420902912436,0.245096792216264,-13.3996410129534,6.07563150709695e-41,1.27791076634033e-39,"Downregulated"
"ENSG00000105607.16","ENSG00000105607","GCDH","protein_coding",130.05124737315,-2.09915227915987,0.156710097891757,-13.3951309290216,6.45620871471989e-41,1.35599096657566e-39,"Downregulated"
"ENSG00000128581.18","ENSG00000128581","IFT22","protein_coding",107.323800152814,-3.03313038574398,0.226464023185958,-13.3934315176118,6.60568177012652e-41,1.38537684822972e-39,"Downregulated"
"ENSG00000167112.12","ENSG00000167112","TRUB2","protein_coding",425.760678087535,-1.79967170973042,0.134420478236936,-13.3883745492873,7.07113545127108e-41,1.4808510832344e-39,"Downregulated"
"ENSG00000115234.13","ENSG00000115234","SNX17","protein_coding",875.945699713145,-1.27242776092939,0.0950785737537829,-13.3829075331366,7.6110761258745e-41,1.59162648219586e-39,"Downregulated"
"ENSG00000116830.14","ENSG00000116830","TTF2","protein_coding",526.874321686184,-2.11854445609017,0.158341539631052,-13.3795873213469,7.95880269972397e-41,1.66194479429971e-39,"Downregulated"
"ENSG00000185909.17","ENSG00000185909","KLHDC8B","protein_coding",58.9155130018691,2.08161656941879,0.155674391385943,13.3716056371668,8.86072512476081e-41,1.84762055407243e-39,"Upregulated"
"ENSG00000142677.6","ENSG00000142677","IL22RA1","protein_coding",254.354098826112,1.82626177276443,0.13660682241735,13.3687449898,9.20813735752764e-41,1.91730354289211e-39,"Upregulated"
"ENSG00000155858.7","ENSG00000155858","LSM11","protein_coding",164.299880970421,1.72306008040241,0.128950153413445,13.362218150124,1.00523351332612e-40,2.09007805955842e-39,"Upregulated"
"ENSG00000197063.13","ENSG00000197063","MAFG","protein_coding",812.801352833036,1.29673995379514,0.0970466200165857,13.3620310895271,1.00776321854436e-40,2.09233589729869e-39,"Upregulated"
"ENSG00000119326.17","ENSG00000119326","CTNNAL1","protein_coding",1197.01809841017,1.17770809839021,0.0881437010639175,13.3612281328667,1.0186940750756e-40,2.1120049407719e-39,"Upregulated"
"ENSG00000263753.11","ENSG00000263753","LINC00667","lncRNA",196.499090688112,-2.22371700084673,0.166464036768675,-13.3585430463692,1.05611040143546e-40,2.18645027680038e-39,"Downregulated"
"ENSG00000101246.22","ENSG00000101246","ARFRP1","protein_coding",134.588843541485,-4.09314792309147,0.306483057242266,-13.3552176094875,1.10434946406119e-40,2.28305740844148e-39,"Downregulated"
"ENSG00000106804.12","ENSG00000106804","C5","protein_coding",149.955928594673,-3.24947948100457,0.243322477356254,-13.3546210621838,1.11323196384936e-40,2.29814211112605e-39,"Downregulated"
"ENSG00000136854.28","ENSG00000136854","STXBP1","protein_coding",468.935164292458,1.15765425476848,0.086748897736369,13.3448871971446,1.2686246342869e-40,2.61513088541052e-39,"Upregulated"
"ENSG00000124253.13","ENSG00000124253","PCK1","protein_coding",2481.76496864851,4.24925526058483,0.318420698016609,13.3447834486036,1.27039203928306e-40,2.61513088541052e-39,"Upregulated"
"ENSG00000090339.11","ENSG00000090339","ICAM1","protein_coding",139.539773330186,3.94903476272433,0.296036266558847,13.3396992491098,1.36007120713994e-40,2.7957662317549e-39,"Upregulated"
"ENSG00000276900.1","ENSG00000276900","AMN1-AS1","lncRNA",64.214635687431,4.34510927590972,0.326050089850094,13.3265084450903,1.62318442486136e-40,3.33189641431882e-39,"Upregulated"
"ENSG00000105355.11","ENSG00000105355","PLIN3","protein_coding",851.060096287758,1.49313492233629,0.11217206705846,13.3111117722216,1.99490933957346e-40,4.08336527529641e-39,"Upregulated"
"ENSG00000204590.15","ENSG00000204590","GNL1","protein_coding",765.533888612572,1.45281541466443,0.109250566568353,13.2980126355269,2.37702717740152e-40,4.85865696119927e-39,"Upregulated"
"ENSG00000167617.5","ENSG00000167617","CDC42EP5","protein_coding",150.73072000001,1.782115580852,0.134022767606824,13.2971107273362,2.40586830593192e-40,4.91068218162892e-39,"Upregulated"
"ENSG00000186666.7","ENSG00000186666","BCDIN3D","protein_coding",100.060280715452,-2.64023406818977,0.198618569936442,-13.2929870003326,2.54223289735472e-40,5.18172139922146e-39,"Downregulated"
"ENSG00000128973.15","ENSG00000128973","CLN6","protein_coding",263.561901745238,-2.27170497341895,0.170906750587782,-13.292072815182,2.57348918793284e-40,5.23806254375319e-39,"Downregulated"
"ENSG00000204392.13","ENSG00000204392","LSM2","protein_coding",348.337938513422,1.23504372800906,0.0929190745977497,13.2916059846227,2.58959737619908e-40,5.26345654640631e-39,"Upregulated"
"ENSG00000134590.14","ENSG00000134590","RTL8C","protein_coding",208.518954788472,1.56439973992903,0.117705651801283,13.2907784459674,2.61839873791906e-40,5.3145426484486e-39,"Upregulated"
"ENSG00000041353.12","ENSG00000041353","RAB27B","protein_coding",150.970970399998,-1.70112195973029,0.12801679084541,-13.2882721750503,2.70758373196235e-40,5.48787460749627e-39,"Downregulated"
"ENSG00000160360.14","ENSG00000160360","GPSM1","protein_coding",161.319742790298,1.75202420182274,0.131889890143282,13.2839916685,2.86694392397321e-40,5.8027585679078e-39,"Upregulated"
"ENSG00000113504.23","ENSG00000113504","SLC12A7","protein_coding",1626.19405611963,1.16200115629596,0.0874851300762873,13.282270430217,2.93362310334412e-40,5.92943737986931e-39,"Upregulated"
"ENSG00000186687.18","ENSG00000186687","LYRM7","protein_coding",252.693097538066,-2.27858596019215,0.17165564169472,-13.2741687817316,3.26878087357844e-40,6.59765632589119e-39,"Downregulated"
"ENSG00000233588.1","ENSG00000233588","CYP51A1P2","processed_pseudogene",63.5146867723833,3.03156986808275,0.228390985424913,13.2735968647914,3.29383079383918e-40,6.63897021756848e-39,"Upregulated"
"ENSG00000278291.1","ENSG00000278291","ENSG00000278291","lncRNA",363.525456582592,-2.77495524120501,0.209192773200724,-13.2650626441211,3.69112281741361e-40,7.42940998193862e-39,"Downregulated"
"ENSG00000250565.9","ENSG00000250565","ATP6V1E2","protein_coding",75.5347094867854,-2.83652739626958,0.213883425336192,-13.2620252916325,3.8437299038149e-40,7.72584379557358e-39,"Downregulated"
"ENSG00000185551.17","ENSG00000185551","NR2F2","protein_coding",566.875704175292,1.41718165571196,0.106882621314724,13.2592337115213,3.98951440817775e-40,8.00776216112353e-39,"Upregulated"
"ENSG00000112335.17","ENSG00000112335","SNX3","protein_coding",2172.18314150768,1.36893274200155,0.103293417602096,13.2528555427889,4.34356150869167e-40,8.7063476326362e-39,"Upregulated"
"ENSG00000151726.18","ENSG00000151726","ACSL1","protein_coding",1210.12537954483,1.12722664187076,0.0851354218251748,13.2403953337486,5.12781971834629e-40,1.0264138585397e-38,"Upregulated"
"ENSG00000166801.19","ENSG00000166801","FAM111A","protein_coding",433.798613198493,-1.82704046285403,0.138017267753721,-13.2377672199265,5.31041870242058e-40,1.06003564511679e-38,"Downregulated"
"ENSG00000171453.22","ENSG00000171453","POLR1C","protein_coding",284.1863951054,-1.21065722372864,0.0914729233906034,-13.2351430221482,5.49919552926792e-40,1.09620827524279e-38,"Downregulated"
"ENSG00000023909.12","ENSG00000023909","GCLM","protein_coding",810.93301746537,1.99399004777362,0.150685996585395,13.2327495119535,5.67718920562239e-40,1.13013497208626e-38,"Upregulated"
"ENSG00000138757.17","ENSG00000138757","G3BP2","protein_coding",3149.69712981698,1.13579069262266,0.0858527624927027,13.2295183013966,5.9265978548545e-40,1.178165378773e-38,"Upregulated"
"ENSG00000135926.17","ENSG00000135926","TMBIM1","protein_coding",3145.66130066832,1.24658743575616,0.0942591269333606,13.2251112047481,6.28442193634156e-40,1.24758688632139e-38,"Upregulated"
"ENSG00000189339.14","ENSG00000189339","SLC35E2B","protein_coding",202.954002889455,-2.13892659715741,0.161818212113612,-13.2180832380948,6.89999332759635e-40,1.36604785933779e-38,"Downregulated"
"ENSG00000109919.12","ENSG00000109919","MTCH2","protein_coding",1015.73859698253,-1.12854019421772,0.0854040807198727,-13.2141249540447,7.27271524457993e-40,1.43745943024368e-38,"Downregulated"
"ENSG00000171914.19","ENSG00000171914","TLN2","protein_coding",631.039204164499,-1.79059434044414,0.13550691442919,-13.2140440802365,7.2805356182643e-40,1.43745943024368e-38,"Downregulated"
"ENSG00000178764.10","ENSG00000178764","ZHX2","protein_coding",279.375655249665,1.28926016928196,0.0975743627630106,13.2131036552432,7.37208954845883e-40,1.45355539777232e-38,"Upregulated"
"ENSG00000135999.15","ENSG00000135999","EPC2","protein_coding",446.556585980039,-1.13393901503271,0.0858315195097384,-13.211219159461,7.55901199711694e-40,1.4883858948671e-38,"Downregulated"
"ENSG00000174238.17","ENSG00000174238","PITPNA","protein_coding",1318.21752349463,-1.58212930338769,0.119801637885019,-13.2062410107128,8.07576982012223e-40,1.58797905336786e-38,"Downregulated"
"ENSG00000224032.10","ENSG00000224032","EPB41L4A-AS1","lncRNA",703.266207149223,1.75700346677892,0.133056846766617,13.2049083491414,8.21996993306903e-40,1.61414368929589e-38,"Upregulated"
"ENSG00000125898.15","ENSG00000125898","FAM110A","protein_coding",195.813641107874,1.49370200761454,0.113159106968619,13.2000158681772,8.77165749256656e-40,1.72014696051792e-38,"Upregulated"
"ENSG00000244187.10","ENSG00000244187","TMEM141","protein_coding",414.787105869252,-1.66513173892543,0.126163633161974,-13.1981910887717,8.9867201010066e-40,1.75993983383497e-38,"Downregulated"
"ENSG00000119953.16","ENSG00000119953","SMNDC1","protein_coding",630.836870873632,1.89077562637912,0.143301951199182,13.1943466963059,9.45711766993875e-40,1.8495620684582e-38,"Upregulated"
"ENSG00000197903.11","ENSG00000197903","H2BC12","protein_coding",417.09830446225,2.19562589144488,0.166439701860571,13.1917196852719,9.79255879374988e-40,1.91258439405692e-38,"Upregulated"
"ENSG00000133226.21","ENSG00000133226","SRRM1","protein_coding",736.37398706223,1.15290281679967,0.0874315920229072,13.1863413455586,1.05166646307633e-39,2.05124500442829e-38,"Upregulated"
"ENSG00000140632.19","ENSG00000140632","GLYR1","protein_coding",1022.39679987018,-1.37048981372291,0.104024366329054,-13.174699948546,1.22714339796463e-39,2.39029060797088e-38,"Downregulated"
"ENSG00000119048.11","ENSG00000119048","UBE2B","protein_coding",817.231352752875,1.20707723442189,0.0917214345190684,13.1602524617182,1.48588546977081e-39,2.8788037737859e-38,"Upregulated"
"ENSG00000169692.16","ENSG00000169692","AGPAT2","protein_coding",1964.70699521305,1.37616362040584,0.104694820567572,13.144524370407,1.8295229128838e-39,3.53984593504834e-38,"Upregulated"
"ENSG00000136935.16","ENSG00000136935","GOLGA1","protein_coding",209.392528333165,-2.13484927993965,0.162477968305338,-13.1393154543126,1.9599173110464e-39,3.78708288955792e-38,"Downregulated"
"ENSG00000172500.15","ENSG00000172500","FIBP","protein_coding",405.61882829972,-1.33476476912569,0.101595091618253,-13.1380832269055,1.99209107648295e-39,3.83901381388177e-38,"Downregulated"
"ENSG00000142166.17","ENSG00000142166","IFNAR1","protein_coding",501.633152890538,-1.14260962184937,0.0870170871881133,-13.1308649688455,2.19139050142754e-39,4.2174808959745e-38,"Downregulated"
"ENSG00000143862.10","ENSG00000143862","ARL8A","protein_coding",656.69549876968,1.62198365414245,0.123530782788694,13.1301981378758,2.2107732288242e-39,4.24914133051994e-38,"Upregulated"
"ENSG00000101493.13","ENSG00000101493","ZNF516","protein_coding",277.059950133103,1.64180473171822,0.125072208891251,13.1268548486719,2.31055227983603e-39,4.43503624362698e-38,"Upregulated"
"ENSG00000179820.19","ENSG00000179820","MYADM","protein_coding",562.750986851638,2.03598046806549,0.155113270573624,13.1257658389656,2.34401034520455e-39,4.49330660353232e-38,"Upregulated"
"ENSG00000145780.10","ENSG00000145780","FEM1C","protein_coding",695.566072618105,1.77637343863355,0.135367494590139,13.1225996611077,2.44404708436262e-39,4.67888115542709e-38,"Upregulated"
"ENSG00000169155.12","ENSG00000169155","ZBTB43","protein_coding",362.3663363855,1.82585956768768,0.139151195841219,13.1214076648763,2.48279886667857e-39,4.74679698890578e-38,"Upregulated"
"ENSG00000198786.2","ENSG00000198786","MT-ND5","protein_coding",14133.840604805,1.75563504130912,0.133895049903858,13.1120235032567,2.8099964740382e-39,5.35821959233705e-38,"Upregulated"
"ENSG00000274605.5","ENSG00000274605","PCCA-DT","lncRNA",171.174897957453,-1.87959084310795,0.14338235026059,-13.1089415098294,2.92654360313349e-39,5.57312350809599e-38,"Downregulated"
"ENSG00000164713.11","ENSG00000164713","BRI3","protein_coding",1115.00653777273,1.71097429677313,0.13058501864138,13.1023781638528,3.19099947437834e-39,6.06080791385202e-38,"Upregulated"
"ENSG00000168234.16","ENSG00000168234","TTC39C","protein_coding",199.76538262091,1.42902610768771,0.109182293923772,13.0884418739673,3.83391993056225e-39,7.27240414053772e-38,"Upregulated"
"ENSG00000122705.20","ENSG00000122705","CLTA","protein_coding",1167.9334922776,1.11374475886773,0.0851703135537909,13.0766779221063,4.47577428230457e-39,8.47881318943239e-38,"Upregulated"
"ENSG00000204439.4","ENSG00000204439","C6orf47","protein_coding",190.2991847423,-2.11992695384084,0.162119650331744,-13.0763109191443,4.49743043713177e-39,8.50871565207749e-38,"Downregulated"
"ENSG00000075275.19","ENSG00000075275","CELSR1","protein_coding",696.269823292613,-1.41181019151821,0.107993916299114,-13.0730530005772,4.69429909041405e-39,8.86959353562977e-38,"Downregulated"
"ENSG00000100439.13","ENSG00000100439","ABHD4","protein_coding",342.832450330351,2.6469469490448,0.202477005736353,13.0728274028875,4.70824439517435e-39,8.8843590852691e-38,"Upregulated"
"ENSG00000168216.15","ENSG00000168216","LMBRD1","protein_coding",774.390315015771,1.24082868374501,0.0949263433017712,13.0714893314748,4.79180791775956e-39,9.03028352980125e-38,"Upregulated"
"ENSG00000032444.17","ENSG00000032444","PNPLA6","protein_coding",602.800474763241,1.14607433060054,0.0876789149940885,13.0712649749123,4.80596278576744e-39,9.045196453421e-38,"Upregulated"
"ENSG00000196961.15","ENSG00000196961","AP2A1","protein_coding",945.438771783994,1.36253552735854,0.10424338712943,13.070714266669,4.84088399898266e-39,9.09910387979983e-38,"Upregulated"
"ENSG00000137500.12","ENSG00000137500","CCDC90B","protein_coding",382.800425184676,-1.20372735074946,0.0921336047826666,-13.0650195831253,5.21712003591995e-39,9.79358854411295e-38,"Downregulated"
"ENSG00000137955.18","ENSG00000137955","RABGGTB","protein_coding",908.058366866313,1.86161452604258,0.142524670652984,13.0617002481991,5.44968822147031e-39,1.02037314865049e-37,"Upregulated"
"ENSG00000177352.12","ENSG00000177352","CCDC71","protein_coding",108.784043017715,-2.96929319068274,0.227419163549226,-13.0564774944308,5.83665687331453e-39,1.09141717945902e-37,"Downregulated"
"ENSG00000150756.16","ENSG00000150756","ATPSCKMT","protein_coding",107.064065867182,-3.70825825241234,0.284111107163561,-13.0521410776014,6.17862342664152e-39,1.15238881208351e-37,"Downregulated"
"ENSG00000065328.19","ENSG00000065328","MCM10","protein_coding",140.575399281093,-2.60314214464109,0.199557983015483,-13.0445402649671,6.82675434310433e-39,1.27163655450216e-37,"Downregulated"
"ENSG00000164010.17","ENSG00000164010","ERMAP","protein_coding",148.697021531133,-2.71536512800923,0.208279767388473,-13.0371046696277,7.52611743046083e-39,1.40010903468855e-37,"Downregulated"
"ENSG00000102978.15","ENSG00000102978","POLR2C","protein_coding",877.889066653525,1.0932330023203,0.0838741508192319,13.0342065063224,7.81760730892103e-39,1.45061158925587e-37,"Upregulated"
"ENSG00000167642.15","ENSG00000167642","SPINT2","protein_coding",6020.47288374301,1.22179783606561,0.0937373598957268,13.0342676327212,7.8113450068481e-39,1.45061158925587e-37,"Upregulated"
"ENSG00000152256.16","ENSG00000152256","PDK1","protein_coding",347.164940518594,-1.4012864308833,0.107516706843333,-13.0331970911756,7.92174502904147e-39,1.46805535755587e-37,"Downregulated"
"ENSG00000160180.19","ENSG00000160180","TFF3","protein_coding",210.779349532233,-2.870634657393,0.220270162188242,-13.0323355141481,8.01172102566751e-39,1.48283347514653e-37,"Downregulated"
"ENSG00000221823.12","ENSG00000221823","PPP3R1","protein_coding",1340.6577650106,1.0814081029494,0.0829832561711624,13.0316421992272,8.08486230642337e-39,1.49446204776387e-37,"Upregulated"
"ENSG00000265491.7","ENSG00000265491","RNF115","protein_coding",318.044224910684,-1.18692874590413,0.0911587817430009,-13.0204542361084,9.36123721666299e-39,1.72819171648255e-37,"Downregulated"
"ENSG00000131370.18","ENSG00000131370","SH3BP5","protein_coding",208.341070088134,1.8559094386673,0.142571832286593,13.0173640115435,9.74781793522273e-39,1.79498573719502e-37,"Upregulated"
"ENSG00000137310.15","ENSG00000137310","TCF19","protein_coding",307.21193005996,-3.02167117634141,0.23241907485675,-13.0009603480428,1.20816506908787e-38,2.22191981995195e-37,"Downregulated"
"ENSG00000223768.5","ENSG00000223768","LINC00205","lncRNA",94.9040969402688,-4.21035272868133,0.323950831960747,-12.9968881487284,1.27423578731248e-38,2.34045944610044e-37,"Downregulated"
"ENSG00000176058.15","ENSG00000176058","TPRN","protein_coding",1119.99080717028,1.30969552677333,0.100781459887042,12.9954014184877,1.29924257424686e-38,2.38337004885892e-37,"Upregulated"
"ENSG00000141905.21","ENSG00000141905","NFIC","protein_coding",638.031598080441,1.23309244691987,0.0949259725245845,12.9900428104702,1.39349091489341e-38,2.55303038415112e-37,"Upregulated"
"ENSG00000142227.14","ENSG00000142227","EMP3","protein_coding",58.6588873409073,2.37491496500244,0.182879494484247,12.9862288371921,1.46468282775774e-38,2.6766940151154e-37,"Upregulated"
"ENSG00000166377.23","ENSG00000166377","ATP9B","protein_coding",148.188246844359,-1.87688152757462,0.144530968660003,-12.9860163878776,1.46875306139746e-38,2.68075180929119e-37,"Downregulated"
"ENSG00000122435.13","ENSG00000122435","TRMT13","protein_coding",193.261314285988,-1.71878375362867,0.132450524909108,-12.976798354013,1.65661894174795e-38,3.01983920802658e-37,"Downregulated"
"ENSG00000188211.10","ENSG00000188211","NCR3LG1","protein_coding",598.773941186953,1.68568451052035,0.130074311145017,12.9593960227936,2.07877815501158e-38,3.78462977668692e-37,"Upregulated"
"ENSG00000130164.18","ENSG00000130164","LDLR","protein_coding",3624.93668073128,1.86254574065342,0.143780958645778,12.954050092558,2.22877889978356e-38,4.05263034073568e-37,"Upregulated"
"ENSG00000187189.11","ENSG00000187189","TSPYL4","protein_coding",175.442781611607,-2.1334211527269,0.164752777628558,-12.9492272205376,2.37331097266679e-38,4.31002789672771e-37,"Downregulated"
"ENSG00000113552.18","ENSG00000113552","GNPDA1","protein_coding",976.609597687933,1.59267975586941,0.123047644931694,12.9436021043193,2.55369302865009e-38,4.62601492139963e-37,"Upregulated"
"ENSG00000056972.22","ENSG00000056972","TRAF3IP2","protein_coding",697.038597468157,1.90379418443377,0.14712416579829,12.9400508346393,2.67452473006092e-38,4.83885298227751e-37,"Upregulated"
"ENSG00000099783.15","ENSG00000099783","HNRNPM","protein_coding",1468.78610277218,-1.71378651110946,0.13247548121327,-12.9366317103651,2.79622609917828e-38,5.05273174928823e-37,"Downregulated"
"ENSG00000264247.3","ENSG00000264247","ZNF407-AS1","lncRNA",60.9697679962212,-4.79163694495449,0.370412184227207,-12.9359593150298,2.82079952735919e-38,5.09078788922657e-37,"Downregulated"
"ENSG00000165997.7","ENSG00000165997","ARL5B","protein_coding",1105.27378058287,1.29794289944931,0.100370920644147,12.9314635266824,2.99071102354531e-38,5.39071942204212e-37,"Upregulated"
"ENSG00000065154.14","ENSG00000065154","OAT","protein_coding",676.508116572915,1.03486325215437,0.0800303977263352,12.9308772860669,3.01360412354194e-38,5.42523614389687e-37,"Upregulated"
"ENSG00000114784.5","ENSG00000114784","EIF1B","protein_coding",403.24174972457,1.61725602186574,0.12509593358308,12.9281262431418,3.12338284608904e-38,5.61588885924595e-37,"Upregulated"
"ENSG00000139292.15","ENSG00000139292","LGR5","protein_coding",132.739204692498,-2.65566651914655,0.205522365195334,-12.921545139978,3.40239501049222e-38,6.10241441733332e-37,"Downregulated"
"ENSG00000122952.19","ENSG00000122952","ZWINT","protein_coding",369.789230722142,-2.34220055515162,0.181292476799697,-12.9194580850667,3.49594961551746e-38,6.26246005291459e-37,"Downregulated"
"ENSG00000134215.18","ENSG00000134215","VAV3","protein_coding",939.47802036122,-2.30653117497219,0.178716205258057,-12.9061109575468,4.15775482074421e-38,7.43878800768211e-37,"Downregulated"
"ENSG00000198130.18","ENSG00000198130","HIBCH","protein_coding",175.300612467981,-1.7490218397741,0.135563992821917,-12.9018170929186,4.39607444183446e-38,7.85547605561837e-37,"Downregulated"
"ENSG00000071073.15","ENSG00000071073","MGAT4A","protein_coding",916.641091964098,1.15208600917667,0.0893005771780515,12.9012157097214,4.43051927478137e-38,7.90727651848911e-37,"Upregulated"
"ENSG00000178401.18","ENSG00000178401","DNAJC22","protein_coding",396.518480146453,-1.12405326446234,0.0871352840739836,-12.9000929578418,4.49554561729221e-38,8.01346212617451e-37,"Downregulated"
"ENSG00000211459.2","ENSG00000211459","MT-RNR1","Mt_rRNA",4515.54788960968,1.92451217963115,0.149199513393937,12.8989172675771,4.56465503863063e-38,8.12665612037286e-37,"Upregulated"
"ENSG00000067533.8","ENSG00000067533","RRP15","protein_coding",304.309632838269,-1.46800164910747,0.1138453055158,-12.8947051655436,4.82103394055214e-38,8.57256734558056e-37,"Downregulated"
"ENSG00000132437.20","ENSG00000132437","DDC","protein_coding",555.925111480458,-1.52874859057741,0.118569501906807,-12.8932699049285,4.91162409457137e-38,8.72294808560396e-37,"Downregulated"
"ENSG00000256537.6","ENSG00000256537","SMIM10L1","protein_coding",219.547328511768,-2.13614383448601,0.16569600242823,-12.8919455097372,4.99671697785058e-38,8.86320960134768e-37,"Downregulated"
"ENSG00000198792.15","ENSG00000198792","TMEM184B","protein_coding",969.594890457006,1.15701763896093,0.0897594285263567,12.8902072791294,5.11062660347751e-38,9.05418101926603e-37,"Upregulated"
"ENSG00000102316.19","ENSG00000102316","MAGED2","protein_coding",609.670748641822,1.28235157958032,0.0994864144474053,12.8897155124456,5.14331893556882e-38,9.10097411651567e-37,"Upregulated"
"ENSG00000177788.7","ENSG00000177788","RAB4A-AS1","lncRNA",118.646824953033,-2.85861888355156,0.221821625131301,-12.8870162314404,5.3265027913186e-38,9.41361932338892e-37,"Downregulated"
"ENSG00000213585.13","ENSG00000213585","VDAC1","protein_coding",3793.58373460818,1.31991485687164,0.102440256145991,12.884728196995,5.48684654157795e-38,9.68518636791079e-37,"Upregulated"
"ENSG00000114626.20","ENSG00000114626","ABTB1","protein_coding",184.914746416788,1.53805251786389,0.119375032857831,12.8842060273661,5.52410708274432e-38,9.73909487142708e-37,"Upregulated"
"ENSG00000173950.17","ENSG00000173950","XXYLT1","protein_coding",142.797570004741,-1.86883894861758,0.145075141502333,-12.8818688664696,5.69398664002388e-38,1.00263978599303e-36,"Downregulated"
"ENSG00000244649.6","ENSG00000244649","LINC02086","lncRNA",400.831058108879,-2.45782982071741,0.190808081371451,-12.8811620716037,5.74637636177496e-38,1.01063696886945e-36,"Downregulated"
"ENSG00000172273.15","ENSG00000172273","HINFP","protein_coding",328.927907239115,1.0064998662102,0.07814687368283,12.8795922188163,5.86445882978018e-38,1.03015439225666e-36,"Upregulated"
"ENSG00000158195.13","ENSG00000158195","WASF2","protein_coding",2549.90169551676,1.37364331128264,0.106779218506848,12.8643319410934,7.14570566545191e-38,1.2521833918226e-36,"Upregulated"
"ENSG00000048052.27","ENSG00000048052","HDAC9","protein_coding",50.5244234585019,3.40167569627847,0.264443574727822,12.8635218298635,7.22101134078256e-38,1.26385140520073e-36,"Upregulated"
"ENSG00000175155.12","ENSG00000175155","YPEL2","protein_coding",304.872008785038,2.12268570506529,0.165030984712663,12.862346478518,7.33167342148981e-38,1.28167202924283e-36,"Upregulated"
"ENSG00000159176.16","ENSG00000159176","CSRP1","protein_coding",790.543035885125,-1.2521517635921,0.0974642172075551,-12.8472971872906,8.90681485769783e-38,1.55515133635852e-36,"Downregulated"
"ENSG00000156860.17","ENSG00000156860","FBRS","protein_coding",910.432696743305,1.09862108515372,0.085516201448552,12.8469350432347,8.94859969944158e-38,1.56056686936591e-36,"Upregulated"
"ENSG00000122741.18","ENSG00000122741","DCAF10","protein_coding",956.740467959224,1.31048998425736,0.102028128699777,12.8443989021257,9.24673571984401e-38,1.61062132274014e-36,"Upregulated"
"ENSG00000128965.14","ENSG00000128965","CHAC1","protein_coding",277.719411528623,-2.03426858733402,0.158443151447475,-12.8391070787834,9.90098363548648e-38,1.72250966201045e-36,"Downregulated"
"ENSG00000108439.13","ENSG00000108439","PNPO","protein_coding",383.262788002179,-1.64828987228001,0.128393363383072,-12.8378120866123,1.00679739894134e-37,1.74619410313248e-36,"Downregulated"
"ENSG00000166275.18","ENSG00000166275","BORCS7","protein_coding",99.7888771421211,-4.77823629146055,0.372244557375146,-12.8362824836283,1.02688273037817e-37,1.77796708824856e-36,"Downregulated"
"ENSG00000235173.8","ENSG00000235173","HGH1","protein_coding",174.58927974966,-2.0042520746346,0.156158831000562,-12.8347020901263,1.0480534033582e-37,1.81245703120131e-36,"Downregulated"
"ENSG00000126561.20","ENSG00000126561","STAT5A","protein_coding",137.437054675312,2.93160898550988,0.228491737391852,12.8302625686736,1.10987400807908e-37,1.91707915674398e-36,"Upregulated"
"ENSG00000015171.23","ENSG00000015171","ZMYND11","protein_coding",680.715339566096,-1.17644779886542,0.0917168074157283,-12.82695976903,1.15820483807313e-37,1.99817910873283e-36,"Downregulated"
"ENSG00000009307.19","ENSG00000009307","CSDE1","protein_coding",8004.90260571005,1.36075409480162,0.10610325536782,12.8248100407891,1.19078059010806e-37,2.05193725467848e-36,"Upregulated"
"ENSG00000167748.12","ENSG00000167748","KLK1","protein_coding",521.866173946246,1.62623361080679,0.126874414519355,12.8176639629631,1.30575495939923e-37,2.24472133708346e-36,"Upregulated"
"ENSG00000156675.18","ENSG00000156675","RAB11FIP1","protein_coding",2836.14957918812,1.46686997517918,0.114533590106718,12.8073342834395,1.49171591677217e-37,2.56136813576568e-36,"Upregulated"
"ENSG00000204104.14","ENSG00000204104","TRAF3IP1","protein_coding",210.198695166908,-1.7374417236873,0.135750618153414,-12.7987757795975,1.66556204426422e-37,2.85342060513242e-36,"Downregulated"
"ENSG00000004766.19","ENSG00000004766","VPS50","protein_coding",302.646924930903,-1.23883569980613,0.096879627593095,-12.7873705812473,1.92890234011496e-37,3.30031318924982e-36,"Downregulated"
"ENSG00000174371.19","ENSG00000174371","EXO1","protein_coding",141.604501608992,-2.62006963125494,0.204933248577401,-12.7849904758884,1.9888717106802e-37,3.39684316812998e-36,"Downregulated"
"ENSG00000130985.19","ENSG00000130985","UBA1","protein_coding",4755.14533050848,1.13129924269066,0.0884868216972746,12.7849460630532,1.99000817674742e-37,3.39684316812998e-36,"Upregulated"
"ENSG00000145604.19","ENSG00000145604","SKP2","protein_coding",362.501661344398,-2.32468760655632,0.181915454705236,-12.7789450892069,2.14965374031451e-37,3.66503317701623e-36,"Downregulated"
"ENSG00000141429.16","ENSG00000141429","GALNT1","protein_coding",618.432569581685,-1.0118709123993,0.0791907657282792,-12.7776376840609,2.18608938822518e-37,3.72277407921967e-36,"Downregulated"
"ENSG00000184292.7","ENSG00000184292","TACSTD2","protein_coding",270.196831224201,4.12105555232147,0.322629139164421,12.7733519761873,2.30988512045555e-37,3.92436754579623e-36,"Upregulated"
"ENSG00000092094.13","ENSG00000092094","OSGEP","protein_coding",80.8031622896654,-2.75870708534376,0.215998000650265,-12.7719102817556,2.35307634167687e-37,3.99306584819453e-36,"Downregulated"
"ENSG00000140455.19","ENSG00000140455","USP3","protein_coding",859.514244206304,1.12807025808048,0.08833732788702,12.7700292171304,2.41063961351247e-37,4.08596365836523e-36,"Upregulated"
"ENSG00000178951.11","ENSG00000178951","ZBTB7A","protein_coding",1406.59873809162,1.09362415573206,0.085645955878654,12.7691277949136,2.43871837417783e-37,4.12390976412895e-36,"Upregulated"
"ENSG00000106948.19","ENSG00000106948","AKNA","protein_coding",580.663717611622,-1.02187795485502,0.0800476606415996,-12.765869066809,2.5429648075299e-37,4.29518018539899e-36,"Downregulated"
"ENSG00000137274.16","ENSG00000137274","BPHL","protein_coding",107.888776472524,-1.97412281629015,0.154721305299757,-12.759217694457,2.76968619802326e-37,4.67267664514005e-36,"Downregulated"
"ENSG00000187609.18","ENSG00000187609","EXD3","protein_coding",136.608460874183,1.57457633585196,0.123411995773375,12.7586976126972,2.78823841803914e-37,4.69850594816549e-36,"Upregulated"
"ENSG00000276248.1","ENSG00000276248","ENSG00000276248","lncRNA",52.9823867546663,3.03539637686217,0.237992685487438,12.7541582660211,2.955498863172e-37,4.97457485773387e-36,"Upregulated"
"ENSG00000155729.15","ENSG00000155729","KCTD18","protein_coding",148.429505954576,-1.79317213182342,0.140660022682944,-12.7482713113543,3.1873487111698e-37,5.35859135989243e-36,"Downregulated"
"ENSG00000198804.2","ENSG00000198804","MT-CO1","protein_coding",30232.0291747967,1.3313552338757,0.104484074163068,12.742183385746,3.44613529046496e-37,5.78695163724429e-36,"Upregulated"
"ENSG00000143369.17","ENSG00000143369","ECM1","protein_coding",142.676728810092,2.33834176020908,0.183581029843379,12.7373823003609,3.66486145853603e-37,6.14712641864631e-36,"Upregulated"
"ENSG00000226608.3","ENSG00000226608","FTLP3","processed_pseudogene",591.118001222805,2.68011400175321,0.210504080600456,12.7318862138362,3.93223357964311e-37,6.58796867470381e-36,"Upregulated"
"ENSG00000117650.15","ENSG00000117650","NEK2","protein_coding",902.377812574585,1.70267928280768,0.133827011541781,12.7229866615986,4.4068799908772e-37,7.37465413715847e-36,"Upregulated"
"ENSG00000155393.16","ENSG00000155393","HEATR3","protein_coding",173.84183529305,-1.57269806804085,0.123673132139501,-12.7165702107946,4.7840199270901e-37,7.99654172818797e-36,"Downregulated"
"ENSG00000108175.21","ENSG00000108175","ZMIZ1","protein_coding",639.766457090068,1.11693163653142,0.0878344488108217,12.7163277239557,4.79888497187433e-37,8.01214758207405e-36,"Upregulated"
"ENSG00000125637.18","ENSG00000125637","PSD4","protein_coding",620.753216155315,-1.96878587719683,0.154827188075043,-12.7160216605017,4.817712978608e-37,8.03432640805376e-36,"Downregulated"
"ENSG00000129355.8","ENSG00000129355","CDKN2D","protein_coding",127.29238580735,2.22078894852124,0.174725326940244,12.7101719447963,5.19201536820185e-37,8.64858467999785e-36,"Upregulated"
"ENSG00000174307.8","ENSG00000174307","PHLDA3","protein_coding",165.096573748683,2.10739535141465,0.166050892234303,12.6912618358054,6.61119793586397e-37,1.09999403543675e-35,"Upregulated"
"ENSG00000146757.15","ENSG00000146757","ZNF92","protein_coding",368.473041701745,1.32801441068295,0.104730270700331,12.6803301643595,7.60110138953206e-37,1.26324726304012e-35,"Upregulated"
"ENSG00000245910.10","ENSG00000245910","SNHG6","lncRNA",1213.41929391767,1.13279091032339,0.0893414010351787,12.6793501914901,7.69672881161236e-37,1.27767461555425e-35,"Upregulated"
"ENSG00000168792.6","ENSG00000168792","ABHD15","protein_coding",188.376426935131,-2.39502801552613,0.188898505410442,-12.6789145860216,7.73961890823537e-37,1.28332445329688e-35,"Downregulated"
"ENSG00000137440.7","ENSG00000137440","FGFBP1","protein_coding",179.315529701849,3.23272494126937,0.25505551215936,12.6745935184869,8.17815282878474e-37,1.35448903765427e-35,"Upregulated"
"ENSG00000233593.13","ENSG00000233593","LINC02609","lncRNA",40.9695533201386,3.11315135366459,0.245643707617826,12.6734422951637,8.2990966424774e-37,1.37295101076236e-35,"Upregulated"
"ENSG00000171823.9","ENSG00000171823","FBXL14","protein_coding",155.69290004428,-2.67490636416593,0.2111562097285,-12.6679029122813,8.90636576041567e-37,1.4717337810712e-35,"Downregulated"
"ENSG00000147475.19","ENSG00000147475","ERLIN2","protein_coding",844.963022116197,-1.39139718426629,0.109851847659481,-12.6661245478488,9.11053592061369e-37,1.50375725013136e-35,"Downregulated"
"ENSG00000005436.16","ENSG00000005436","GCFC2","protein_coding",111.537464664667,-1.83663432253836,0.145006933802304,-12.6658379318768,9.14387416485043e-37,1.50754293967022e-35,"Downregulated"
"ENSG00000187242.7","ENSG00000187242","KRT12","protein_coding",37.4738636710306,5.71971272314398,0.451829572000023,12.6590048053422,9.97559090916558e-37,1.6427984483594e-35,"Upregulated"
"ENSG00000185379.23","ENSG00000185379","RAD51D","protein_coding",133.58301170533,-2.69640742737333,0.213127292014992,-12.6516289954252,1.09578947051213e-36,1.80251770790713e-35,"Downregulated"
"ENSG00000119969.18","ENSG00000119969","HELLS","protein_coding",257.699521650442,-3.30060076182948,0.261233658556401,-12.6346688251004,1.35965393770238e-36,2.2340254949187e-35,"Downregulated"
"ENSG00000196683.13","ENSG00000196683","TOMM7","protein_coding",1521.82798458502,1.27767976474374,0.101144208629351,12.6322582583633,1.40196174954605e-36,2.30093201295825e-35,"Upregulated"
"ENSG00000054179.14","ENSG00000054179","ENTPD2","protein_coding",208.342374363418,1.34691426535015,0.106657019209501,12.6284634179067,1.47123106523289e-36,2.41188694540216e-35,"Upregulated"
"ENSG00000168887.13","ENSG00000168887","C2orf68","protein_coding",319.772685925959,-2.16791822326932,0.17172315974675,-12.6244953008463,1.54730282621558e-36,2.5337302324877e-35,"Downregulated"
"ENSG00000114023.17","ENSG00000114023","FAM162A","protein_coding",447.704945989321,1.08782616139369,0.0861728466306007,12.6237695971319,1.56163206286688e-36,2.55430833578632e-35,"Upregulated"
"ENSG00000138166.8","ENSG00000138166","DUSP5","protein_coding",1358.08744933765,4.54828397617908,0.360306821813339,12.6233634802934,1.56970843375141e-36,2.56462397090478e-35,"Upregulated"
"ENSG00000177082.15","ENSG00000177082","WDR73","protein_coding",187.086139416266,-2.04163787839702,0.161765364018391,-12.620982809181,1.61789423327473e-36,2.64037423745691e-35,"Downregulated"
"ENSG00000181638.22","ENSG00000181638","ZFP41","protein_coding",85.2789547802579,-3.95714456758883,0.313551930216939,-12.620380186628,1.63032294711044e-36,2.65766480872042e-35,"Downregulated"
"ENSG00000054219.13","ENSG00000054219","LY75","protein_coding",755.493433903639,-1.07453997104074,0.0851860341015791,-12.6140391717194,1.76699520793543e-36,2.87722410712363e-35,"Downregulated"
"ENSG00000149177.16","ENSG00000149177","PTPRJ","protein_coding",1467.94397159417,1.69129187590636,0.134108798913465,12.6113416092681,1.82853531138874e-36,2.97408908334967e-35,"Upregulated"
"ENSG00000106344.10","ENSG00000106344","RBM28","protein_coding",388.952772371147,-1.03893920641531,0.0824480334825788,-12.6011399245178,2.0811477465315e-36,3.38116515053078e-35,"Downregulated"
"ENSG00000186577.16","ENSG00000186577","SMIM29","protein_coding",232.004012363358,1.77525126580056,0.140975585963735,12.5926149103379,2.31863021028162e-36,3.762775924681e-35,"Upregulated"
"ENSG00000150556.19","ENSG00000150556","LYPD6B","protein_coding",109.130856495514,-2.63947139267632,0.209650570619238,-12.5898602845687,2.40097961942837e-36,3.89205779024116e-35,"Downregulated"
"ENSG00000114125.15","ENSG00000114125","RNF7","protein_coding",452.929489583543,1.3894135771561,0.110377866782414,12.5877915351909,2.46473001835122e-36,3.99093490792691e-35,"Upregulated"
"ENSG00000006756.18","ENSG00000006756","ARSD","protein_coding",1185.96965070355,-1.66985143918434,0.132952528092968,-12.5597569533743,3.51410557772228e-36,5.68375201253921e-35,"Downregulated"
"ENSG00000104695.15","ENSG00000104695","PPP2CB","protein_coding",1153.81613600023,1.4138243105102,0.112576727018103,12.5587619036291,3.55857568501185e-36,5.74926185364456e-35,"Upregulated"
"ENSG00000101935.14","ENSG00000101935","AMMECR1","protein_coding",217.523438427196,-2.15486945716841,0.171597230178843,-12.5577170151438,3.60587520425544e-36,5.81919192205678e-35,"Downregulated"
"ENSG00000291080.2","ENSG00000291080","ZNF252P","lncRNA",126.666357093612,-2.76965781684052,0.220589139022463,-12.5557306634144,3.69752187227587e-36,5.96045461323936e-35,"Downregulated"
"ENSG00000166200.17","ENSG00000166200","COPS2","protein_coding",1273.83938530507,1.81594656323562,0.144658037434684,12.5533748102698,3.8092215625322e-36,6.13369320935741e-35,"Upregulated"
"ENSG00000173918.17","ENSG00000173918","C1QTNF1","protein_coding",170.326380644258,-1.71457478395313,0.136639288153295,-12.5481829357129,4.06736553061565e-36,6.54209337066393e-35,"Downregulated"
"ENSG00000005893.19","ENSG00000005893","LAMP2","protein_coding",1943.48885311136,1.27947154055818,0.102005431294392,12.5431707343659,4.33304943709196e-36,6.95399251853119e-35,"Upregulated"
"ENSG00000105229.9","ENSG00000105229","PIAS4","protein_coding",344.962958584823,1.44838292118248,0.115510947229098,12.5389234174476,4.57163930628013e-36,7.32878283480218e-35,"Upregulated"
"ENSG00000146066.4","ENSG00000146066","HIGD2A","protein_coding",826.042833048207,1.2537913170141,0.100014164847787,12.5361374453536,4.73518373786986e-36,7.58257267726078e-35,"Upregulated"
"ENSG00000163344.8","ENSG00000163344","PMVK","protein_coding",183.150166151583,-1.64071441403939,0.130922126858361,-12.5319871698572,4.9896580200678e-36,7.98124989258527e-35,"Downregulated"
"ENSG00000160818.18","ENSG00000160818","GPATCH4","protein_coding",387.806807579753,-1.67504996177939,0.133665121397452,-12.5316907228075,5.00834621835698e-36,8.00231018703741e-35,"Downregulated"
"ENSG00000213445.13","ENSG00000213445","SIPA1","protein_coding",313.536954577769,1.91772163283891,0.153045666567542,12.5303883203552,5.09127795970694e-36,8.12585905199042e-35,"Upregulated"
"ENSG00000008394.15","ENSG00000008394","MGST1","protein_coding",1112.75310936127,1.04324427622119,0.0832709019037838,12.5283172437188,5.22597497041704e-36,8.33166438627984e-35,"Upregulated"
"ENSG00000198832.12","ENSG00000198832","SELENOM","protein_coding",36.7245331071595,3.71530744841582,0.296640449247168,12.5246150949567,5.47563424426189e-36,8.72009796349927e-35,"Upregulated"
"ENSG00000168496.6","ENSG00000168496","FEN1","protein_coding",490.440025001277,-2.08388862112623,0.166404657170245,-12.52301862558,5.58691860368379e-36,8.87780969348526e-35,"Downregulated"
"ENSG00000185022.15","ENSG00000185022","MAFF","protein_coding",438.26474811593,2.72015118478518,0.217210937069824,12.523085722478,5.58219658364639e-36,8.87780969348526e-35,"Upregulated"
"ENSG00000181991.18","ENSG00000181991","MRPS11","protein_coding",168.744144273243,-1.50349408427161,0.120079937130791,-12.520776744195,5.74699628790318e-36,9.12217636410655e-35,"Downregulated"
"ENSG00000104679.12","ENSG00000104679","R3HCC1","protein_coding",104.371882040256,-2.25454837946717,0.180145091081496,-12.5151807686351,6.16673263045095e-36,9.77771217510887e-35,"Downregulated"
"ENSG00000123358.22","ENSG00000123358","NR4A1","protein_coding",759.593358834311,4.01578155805882,0.320950131554925,12.5121667300877,6.40528680360096e-36,1.01448542467525e-34,"Upregulated"
"ENSG00000196535.22","ENSG00000196535","MYO18A","protein_coding",1967.51467741881,1.07055959736866,0.0855981362484895,12.5068096606783,6.85213884289258e-36,1.0840741933537e-34,"Upregulated"
"ENSG00000240230.7","ENSG00000240230","COX19","protein_coding",246.955254975636,-1.57111390792507,0.125674214252103,-12.5014818455392,7.32725839413271e-36,1.15797850215672e-34,"Downregulated"
"ENSG00000137936.20","ENSG00000137936","BCAR3","protein_coding",462.402475904962,2.35071993656682,0.188085606469037,12.4981383780358,7.6419919203519e-36,1.2052118341535e-34,"Upregulated"
"ENSG00000196814.17","ENSG00000196814","MVB12B","protein_coding",452.903222648442,-1.03225372830966,0.0825926519926952,-12.4981303227913,7.64276618539242e-36,1.2052118341535e-34,"Downregulated"
"ENSG00000146072.8","ENSG00000146072","TNFRSF21","protein_coding",3058.136040902,1.54636274245178,0.123739632548614,12.4969075032953,7.76121150635733e-36,1.22255953424055e-34,"Upregulated"
"ENSG00000277972.4","ENSG00000277972","CISD3","protein_coding",578.019077879141,-1.22001298650577,0.0976339748436475,-12.4957832399993,7.87171910846863e-36,1.23862055721962e-34,"Downregulated"
"ENSG00000170439.9","ENSG00000170439","TMT1B","protein_coding",167.694041269037,-2.31234561657459,0.185119516924106,-12.4910957796124,8.34956559448221e-36,1.31238508237783e-34,"Downregulated"
"ENSG00000120063.12","ENSG00000120063","GNA13","protein_coding",1872.71690276727,1.94339856682209,0.155587817618829,12.4906859454972,8.39269016911203e-36,1.31773419209937e-34,"Upregulated"
"ENSG00000125746.20","ENSG00000125746","EML2","protein_coding",988.119856031138,1.77668437047687,0.142287140653857,12.4866123692725,8.83354760300951e-36,1.3839542904088e-34,"Upregulated"
"ENSG00000163933.13","ENSG00000163933","RFT1","protein_coding",193.205192821535,-1.69132819440976,0.135485884232114,-12.4834273621611,9.19420607693922e-36,1.43890317998924e-34,"Downregulated"
"ENSG00000204463.16","ENSG00000204463","BAG6","protein_coding",2443.50450308408,1.25176170757274,0.100282315601275,12.4823773769822,9.31628031540367e-36,1.45643510604995e-34,"Upregulated"
"ENSG00000167528.15","ENSG00000167528","ZNF641","protein_coding",86.7160340176187,-2.11502905473138,0.169507597423956,-12.4774882475709,9.90625455305364e-36,1.54699828645316e-34,"Downregulated"
"ENSG00000104325.9","ENSG00000104325","DECR1","protein_coding",190.960236518339,-1.54038263934681,0.123481313113528,-12.4746214670603,1.02693051384044e-35,1.601967384992e-34,"Downregulated"
"ENSG00000001084.15","ENSG00000001084","GCLC","protein_coding",1986.63673274721,1.50719880541587,0.120958168693322,12.4604962335139,1.22605326089607e-35,1.90848161728312e-34,"Upregulated"
"ENSG00000148400.15","ENSG00000148400","NOTCH1","protein_coding",2708.27882328783,1.69275925089353,0.135930364708279,12.4531355045385,1.34457105363269e-35,2.09072142803058e-34,"Upregulated"
"ENSG00000117525.16","ENSG00000117525","F3","protein_coding",122.201947363114,-2.04910652731048,0.164605667714745,-12.4485782036466,1.42358564409593e-35,2.21121148491299e-34,"Downregulated"
"ENSG00000135643.6","ENSG00000135643","KCNMB4","protein_coding",112.165953678591,2.36213164106636,0.189777074328775,12.4468756272116,1.45427437357331e-35,2.25646083745443e-34,"Upregulated"
"ENSG00000083099.13","ENSG00000083099","LYRM2","protein_coding",357.406048744406,-2.16148621242164,0.173663327495437,-12.4464171198057,1.46265067484924e-35,2.2670303294027e-34,"Downregulated"
"ENSG00000170385.11","ENSG00000170385","SLC30A1","protein_coding",2787.04017696901,1.91995457116242,0.154293994546775,12.4434821770097,1.51741528673615e-35,2.34939982215601e-34,"Upregulated"
"ENSG00000008294.24","ENSG00000008294","SPAG9","protein_coding",2208.78937346803,1.03664785089331,0.0833684519146363,12.4345340123955,1.6972767621422e-35,2.62507308825665e-34,"Upregulated"
"ENSG00000136738.17","ENSG00000136738","STAM","protein_coding",526.525144451224,1.01031536172761,0.0813678299557106,12.4166438047756,2.12281521881761e-35,3.2776616582099e-34,"Upregulated"
"ENSG00000163214.23","ENSG00000163214","DHX57","protein_coding",197.627157935477,-1.78465998620866,0.143805136567463,-12.4102659251773,2.29887986116719e-35,3.54042156727257e-34,"Downregulated"
"ENSG00000101412.15","ENSG00000101412","E2F1","protein_coding",286.702740233584,-2.9789926195067,0.240075228089124,-12.4085797740065,2.34780375062264e-35,3.61192908216807e-34,"Downregulated"
"ENSG00000213606.3","ENSG00000213606","AKR1B10P1","processed_pseudogene",31.9704332306291,4.73117526907871,0.381675340991262,12.3958106824277,2.75346934068179e-35,4.22256906721276e-34,"Upregulated"
"ENSG00000107290.16","ENSG00000107290","SETX","protein_coding",898.53054466937,-1.06367470516698,0.0858296176784402,-12.3928631390626,2.85659213821404e-35,4.37608174069745e-34,"Downregulated"
"ENSG00000157110.18","ENSG00000157110","RBPMS","protein_coding",391.117854335408,1.06272409752918,0.0857593379088705,12.391934492993,2.88986994074136e-35,4.42238597478603e-34,"Upregulated"
"ENSG00000183828.17","ENSG00000183828","NUDT14","protein_coding",149.33806454567,-1.75658859945265,0.14185720921029,-12.3827940027262,3.23868262577612e-35,4.95094816590164e-34,"Downregulated"
"ENSG00000109814.14","ENSG00000109814","UGDH","protein_coding",1107.58494278713,1.33712397329322,0.108037418423369,12.3764894867573,3.50334114163844e-35,5.34988617751573e-34,"Upregulated"
"ENSG00000130479.13","ENSG00000130479","MAP1S","protein_coding",648.709580222102,1.2127107726026,0.098026644980885,12.3712361352271,3.74020549712521e-35,5.69359853617002e-34,"Upregulated"
"ENSG00000134107.7","ENSG00000134107","BHLHE40","protein_coding",1378.11203014567,3.42202953823359,0.276702215597309,12.3671924015735,3.93330933949031e-35,5.9812716629479e-34,"Upregulated"
"ENSG00000134248.16","ENSG00000134248","LAMTOR5","protein_coding",628.138625074655,1.46559917590229,0.118512605971499,12.3666099811758,3.96192641975971e-35,6.01847355085511e-34,"Upregulated"
"ENSG00000163516.16","ENSG00000163516","ANKZF1","protein_coding",430.41206788425,1.17465068637583,0.0950254865457747,12.361427750333,4.22583723005838e-35,6.41265268460796e-34,"Upregulated"
"ENSG00000165861.16","ENSG00000165861","ZFYVE1","protein_coding",158.729544025053,1.58216246524386,0.128032819519556,12.3574757720789,4.43877032641977e-35,6.72873008059365e-34,"Upregulated"
"ENSG00000115514.14","ENSG00000115514","TXNDC9","protein_coding",351.214687017015,-1.2889980906698,0.10432051692365,-12.3561321270407,4.51356767875435e-35,6.83496580987545e-34,"Downregulated"
"ENSG00000126603.11","ENSG00000126603","GLIS2","protein_coding",296.542416366078,2.1790830514288,0.176397511806342,12.3532527704875,4.67809775417057e-35,7.07672157134029e-34,"Upregulated"
"ENSG00000117054.17","ENSG00000117054","ACADM","protein_coding",231.301716325587,-1.82857716038889,0.148198025396598,-12.3387417308387,5.60245696128158e-35,8.45737565446798e-34,"Downregulated"
"ENSG00000176623.14","ENSG00000176623","RMDN1","protein_coding",227.041866720571,-1.78635014410435,0.144792917319164,-12.3372757257645,5.70538311934282e-35,8.60378898704642e-34,"Downregulated"
"ENSG00000160131.16","ENSG00000160131","VMA21","protein_coding",512.653183334571,-1.49359821790283,0.121080912368056,-12.3355381842735,5.82980882777978e-35,8.7822858141564e-34,"Downregulated"
"ENSG00000224870.10","ENSG00000224870","MRPL20-AS1","lncRNA",94.1206107957821,-2.14586729592106,0.173997488216969,-12.3327486960343,6.03522681230921e-35,9.08229563488941e-34,"Downregulated"
"ENSG00000266028.10","ENSG00000266028","SRGAP2","protein_coding",251.596882697687,1.61897000502569,0.131319745734265,12.3284582678206,6.36529464235368e-35,9.56907157230183e-34,"Upregulated"
"ENSG00000064726.12","ENSG00000064726","BTBD1","protein_coding",1389.39912566571,1.10972398428549,0.0900594906570897,12.3221214797991,6.88586557996589e-35,1.03409289103488e-33,"Upregulated"
"ENSG00000111726.15","ENSG00000111726","CMAS","protein_coding",1047.72847321524,1.16371304312174,0.0944551391020565,12.3202723979304,7.04559010497529e-35,1.05589133196796e-33,"Upregulated"
"ENSG00000115520.11","ENSG00000115520","COQ10B","protein_coding",525.403206187889,1.35578199541209,0.110087876751771,12.3154523042454,7.47946651616743e-35,1.11975649537498e-33,"Upregulated"
"ENSG00000140104.15","ENSG00000140104","CLBA1","protein_coding",37.1891246283799,-3.39420898780775,0.275612944147182,-12.3151290963866,7.50949166737913e-35,1.12309136474364e-33,"Downregulated"
"ENSG00000143751.12","ENSG00000143751","SDE2","protein_coding",568.240576651472,1.2898006936646,0.104777737165623,12.3098735337813,8.01486779398367e-35,1.19743777392177e-33,"Upregulated"
"ENSG00000159063.16","ENSG00000159063","ALG8","protein_coding",345.237008973545,-1.96345337027221,0.159574307041643,-12.3043202046293,8.58562342947602e-35,1.28138882327463e-33,"Downregulated"
"ENSG00000176410.8","ENSG00000176410","DNAJC30","protein_coding",103.849558252784,-3.31989632273282,0.269849953611043,-12.3027492808765,8.75428305021589e-35,1.30521676917416e-33,"Downregulated"
"ENSG00000198663.19","ENSG00000198663","C6orf89","protein_coding",713.303531286617,-1.21659878756847,0.0989252329441962,-12.298164496158,9.26557556223599e-35,1.37861109905466e-33,"Downregulated"
"ENSG00000166068.15","ENSG00000166068","SPRED1","protein_coding",868.083777800074,-1.02027044629078,0.0829621761307978,-12.2980193369352,9.28223922704584e-35,1.37967395772665e-33,"Downregulated"
"ENSG00000127955.19","ENSG00000127955","GNAI1","protein_coding",250.532069875725,1.44457640884805,0.117471316751616,12.2972692295813,9.36882400459352e-35,1.39111677740337e-33,"Upregulated"
"ENSG00000130713.19","ENSG00000130713","EXOSC2","protein_coding",460.934904568083,-1.83004212652663,0.148818068719629,-12.2971769642731,9.37952944370711e-35,1.39128086692122e-33,"Downregulated"
"ENSG00000145386.13","ENSG00000145386","CCNA2","protein_coding",573.819197694271,1.48502301085958,0.120813396488529,12.2918736996238,1.00157268421775e-34,1.48412999383268e-33,"Upregulated"
"ENSG00000086544.5","ENSG00000086544","ITPKC","protein_coding",642.025197636085,1.11825812151732,0.0910013520241374,12.2883682126032,1.04596078965153e-34,1.54832111988049e-33,"Upregulated"
"ENSG00000196562.18","ENSG00000196562","SULF2","protein_coding",132.971030616494,2.10236835225086,0.171241634525391,12.2772032518711,1.20077841132946e-34,1.77568170785576e-33,"Upregulated"
"ENSG00000151233.13","ENSG00000151233","GXYLT1","protein_coding",424.432301663536,-1.23658547535741,0.100724643292942,-12.2768910857395,1.20541945404857e-34,1.78072769908989e-33,"Downregulated"
"ENSG00000100625.10","ENSG00000100625","SIX4","protein_coding",127.471734847722,1.51890589300839,0.12372786501004,12.2761828379172,1.21601531910103e-34,1.79455132427821e-33,"Upregulated"
"ENSG00000138434.18","ENSG00000138434","ITPRID2","protein_coding",2651.23618883851,1.1783468389439,0.0959950735544254,12.275076160818,1.23275750383358e-34,1.81740811246758e-33,"Upregulated"
"ENSG00000105856.16","ENSG00000105856","HBP1","protein_coding",851.376663708367,1.29538322131286,0.105530644301214,12.2749484748286,1.23470385607074e-34,1.81842767095297e-33,"Upregulated"
"ENSG00000254635.7","ENSG00000254635","WAC-AS1","lncRNA",170.980494168654,-2.40048126885083,0.195564010526379,-12.2746576038695,1.23914908762001e-34,1.82312168302429e-33,"Downregulated"
"ENSG00000151135.12","ENSG00000151135","TMEM263","protein_coding",605.106390911211,1.63356602065118,0.133111307895726,12.272180677023,1.27765261969276e-34,1.87786427632733e-33,"Upregulated"
"ENSG00000196428.15","ENSG00000196428","TSC22D2","protein_coding",614.343420644428,1.14728055711307,0.0934917945616398,12.2714572171,1.28912135666259e-34,1.89280108416963e-33,"Upregulated"
"ENSG00000167703.17","ENSG00000167703","SLC43A2","protein_coding",283.109405488365,-1.69711076577322,0.138319442714701,-12.2695026271447,1.32062071853721e-34,1.93708860860742e-33,"Downregulated"
"ENSG00000164463.14","ENSG00000164463","CREBRF","protein_coding",467.057555776109,2.16800146624333,0.176818524110762,12.2611670759409,1.46376377689998e-34,2.14271360149843e-33,"Upregulated"
"ENSG00000066422.8","ENSG00000066422","ZBTB11","protein_coding",801.787100293083,1.22680193920106,0.100074508374163,12.2588854957373,1.50556310243467e-34,2.20167714232928e-33,"Upregulated"
"ENSG00000010017.15","ENSG00000010017","RANBP9","protein_coding",550.656950304944,1.29916897603073,0.106004542276812,12.25578591376,1.56425428585679e-34,2.28519890228192e-33,"Upregulated"
"ENSG00000187713.7","ENSG00000187713","TMEM203","protein_coding",302.401107785786,-1.30914499580763,0.106907209744708,-12.2456193453542,1.77318256383674e-34,2.58520741600826e-33,"Downregulated"
"ENSG00000197062.14","ENSG00000197062","ZSCAN26","protein_coding",45.382776392668,-3.06060761701079,0.249994587833716,-12.2426955060585,1.83824562042834e-34,2.67737241520076e-33,"Downregulated"
"ENSG00000162366.10","ENSG00000162366","PDZK1IP1","protein_coding",104.59115597155,1.63612327144832,0.133674643921264,12.2395932650624,1.9098730656101e-34,2.77890366132747e-33,"Upregulated"
"ENSG00000151849.18","ENSG00000151849","CPAP","protein_coding",305.773783360945,1.08830370452377,0.088943404600418,12.2359123693659,1.99846536159444e-34,2.90489067404479e-33,"Upregulated"
"ENSG00000085449.17","ENSG00000085449","WDFY1","protein_coding",1281.16597210949,1.44139052054285,0.11780324538471,12.2355756484951,2.00677059475472e-34,2.91404002597048e-33,"Upregulated"
"ENSG00000143217.11","ENSG00000143217","NECTIN4","protein_coding",219.13802596709,2.28264214269171,0.186560800154594,12.235379247946,2.01163064495915e-34,2.91817330397878e-33,"Upregulated"
"ENSG00000196352.20","ENSG00000196352","CD55","protein_coding",2269.96507398797,1.59334795045582,0.130254701872413,12.2325561192911,2.08279657974835e-34,3.01838880337131e-33,"Upregulated"
"ENSG00000080371.8","ENSG00000080371","RAB21","protein_coding",969.550336505614,1.04693413819535,0.085619044401497,12.2278185363284,2.20788574432484e-34,3.19328145776003e-33,"Upregulated"
"ENSG00000105926.18","ENSG00000105926","PALS2","protein_coding",87.2308077559516,-2.39273530255282,0.195780885968525,-12.2214959377469,2.38652296643534e-34,3.4447700029463e-33,"Downregulated"
"ENSG00000162591.19","ENSG00000162591","MEGF6","protein_coding",247.598856122963,-2.29064022659015,0.187464330318282,-12.2190724107409,2.45874097065445e-34,3.54548001459943e-33,"Downregulated"
"ENSG00000180628.17","ENSG00000180628","PCGF5","protein_coding",1163.15721719855,1.20989128593596,0.0990297325494644,12.2174548470241,2.5081461894257e-34,3.60953868690738e-33,"Upregulated"
"ENSG00000179409.12","ENSG00000179409","GEMIN4","protein_coding",672.336132872584,-1.03809932850958,0.0849718425283635,-12.2169803269014,2.52282564832821e-34,3.6270624301163e-33,"Downregulated"
"ENSG00000166595.13","ENSG00000166595","CIAO2B","protein_coding",483.014937323845,1.33647859390847,0.109426583288971,12.2134727571556,2.63401353758186e-34,3.78316394317506e-33,"Upregulated"
"ENSG00000123191.20","ENSG00000123191","ATP7B","protein_coding",554.580100650256,-1.21449602187298,0.0994450981101186,-12.2127288821027,2.65821243841842e-34,3.81414006510492e-33,"Downregulated"
"ENSG00000130038.12","ENSG00000130038","CRACR2A","protein_coding",51.1811218068395,-2.98754023318288,0.244802563686598,-12.2038764144954,2.96371391976725e-34,4.24408519024378e-33,"Downregulated"
"ENSG00000115827.16","ENSG00000115827","DCAF17","protein_coding",256.378008860834,-1.31672804353197,0.107907139396493,-12.2024182171468,3.01727987423543e-34,4.31652714091015e-33,"Downregulated"
"ENSG00000055118.20","ENSG00000055118","KCNH2","protein_coding",282.063816393726,2.37883955108234,0.195009729984106,12.1985685087417,3.16336234996952e-34,4.52105001733317e-33,"Upregulated"
"ENSG00000110583.15","ENSG00000110583","NAA40","protein_coding",135.352530742722,-2.31376103320226,0.189734005699409,-12.1947619493571,3.31471240421102e-34,4.73269085338188e-33,"Downregulated"
"ENSG00000117318.11","ENSG00000117318","ID3","protein_coding",426.204197143184,-1.53519571962393,0.125939312396968,-12.1899642804537,3.51575451788765e-34,5.0098637633459e-33,"Downregulated"
"ENSG00000074621.16","ENSG00000074621","SLC24A1","protein_coding",96.0951465182418,-2.45380138129847,0.20130704500598,-12.1893467823025,3.54249487596174e-34,5.04300940495457e-33,"Downregulated"
"ENSG00000175283.8","ENSG00000175283","DOLK","protein_coding",167.629661343522,-2.84835026397586,0.233823738672419,-12.1816128685134,3.89502113305212e-34,5.53941572720229e-33,"Downregulated"
"ENSG00000106333.15","ENSG00000106333","PCOLCE","protein_coding",47.6274742104147,2.33633657578881,0.191875190784671,12.1763348676522,4.15539484965616e-34,5.90391981972716e-33,"Upregulated"
"ENSG00000175305.20","ENSG00000175305","CCNE2","protein_coding",89.8454013354522,-2.73912636529002,0.224981424368527,-12.1749000966553,4.22911595713904e-34,6.00277653779227e-33,"Downregulated"
"ENSG00000115524.19","ENSG00000115524","SF3B1","protein_coding",5026.29908388872,1.02023334432349,0.0838414121663306,12.1686087812963,4.56801816214506e-34,6.47746763266205e-33,"Upregulated"
"ENSG00000186141.12","ENSG00000186141","POLR3C","protein_coding",326.824953060943,-1.84070198519049,0.151335979457559,-12.1630163017956,4.89184817483879e-34,6.9298791544246e-33,"Downregulated"
"ENSG00000155096.16","ENSG00000155096","AZIN1","protein_coding",5068.68516817361,1.44719279043829,0.119001400068143,12.1611408740536,5.00547076150841e-34,7.08391428474413e-33,"Upregulated"
"ENSG00000077097.19","ENSG00000077097","TOP2B","protein_coding",1277.24061434859,-1.05914560837704,0.0871173150322922,-12.1576934273565,5.22121544253246e-34,7.38203455543224e-33,"Downregulated"
"ENSG00000172795.18","ENSG00000172795","DCP2","protein_coding",600.635394985748,1.35899839373484,0.111798936260865,12.155736353017,5.3477755619928e-34,7.55360267489275e-33,"Upregulated"
"ENSG00000135069.16","ENSG00000135069","PSAT1","protein_coding",4727.66231356031,-1.03649501707682,0.0852925753065319,-12.1522302891169,5.58217242711513e-34,7.87700514252702e-33,"Downregulated"
"ENSG00000179532.14","ENSG00000179532","DNHD1","protein_coding",91.1020149347472,2.01297985534148,0.165694200948307,12.1487646750503,5.82389012197384e-34,8.21009879840903e-33,"Upregulated"
"ENSG00000204899.7","ENSG00000204899","MZT1","protein_coding",982.670366942313,1.14896152616787,0.0946113430178643,12.1440145496182,6.17217483549181e-34,8.69262951564114e-33,"Upregulated"
"ENSG00000089351.17","ENSG00000089351","GRAMD1A","protein_coding",585.135558020099,1.67717551050774,0.138119279266356,12.1429500603851,6.25301893229706e-34,8.79793692882029e-33,"Upregulated"
"ENSG00000163374.23","ENSG00000163374","YY1AP1","protein_coding",734.051936681818,1.08689348901677,0.0895407970941796,12.1385281825621,6.60025759155459e-34,9.26850126131872e-33,"Upregulated"
"ENSG00000211445.14","ENSG00000211445","GPX3","protein_coding",104.183947260412,2.16570805054081,0.17841551471995,12.1385634760531,6.59741163945128e-34,9.26850126131872e-33,"Upregulated"
"ENSG00000165282.18","ENSG00000165282","PIGO","protein_coding",373.094562650758,-1.69964877762487,0.14003328114775,-12.1374630637381,6.68672142509603e-34,9.3808293216352e-33,"Downregulated"
"ENSG00000115548.19","ENSG00000115548","KDM3A","protein_coding",940.004839739592,1.34275232818059,0.11063754102555,12.1364982964553,6.76600960834731e-34,9.48288309904925e-33,"Upregulated"
"ENSG00000197461.15","ENSG00000197461","PDGFA","protein_coding",200.797611418199,2.98327534515091,0.245959949237201,12.1291102653216,7.40495929655322e-34,1.03683739251835e-32,"Upregulated"
"ENSG00000175643.11","ENSG00000175643","RMI2","protein_coding",199.950217501241,-2.38455664371309,0.196633706739419,-12.1268966712463,7.60781908538e-34,1.06421345738733e-32,"Downregulated"
"ENSG00000118194.24","ENSG00000118194","TNNT2","protein_coding",44.0216636115446,5.19345975451323,0.4284332404602,12.1219813591837,8.07822374793552e-34,1.12892592627851e-32,"Upregulated"
"ENSG00000104218.18","ENSG00000104218","CSPP1","protein_coding",170.086441678026,-1.22367665374093,0.100960165182294,-12.1203907653227,8.2365485857283e-34,1.14994279483983e-32,"Downregulated"
"ENSG00000078804.15","ENSG00000078804","TP53INP2","protein_coding",267.381528899294,2.49472350432879,0.205836575960075,12.1199232580155,8.28366680956176e-34,1.15540807896217e-32,"Upregulated"
"ENSG00000092470.14","ENSG00000092470","WDR76","protein_coding",192.487484381623,-3.38432174030988,0.279280289535754,-12.1180114283597,8.47915500772871e-34,1.18153763819235e-32,"Downregulated"
"ENSG00000146540.17","ENSG00000146540","CHLSN","protein_coding",357.771169100913,-1.45910179417369,0.120481610641585,-12.1105767627418,9.28390395643609e-34,1.29243358440607e-32,"Downregulated"
"ENSG00000186376.18","ENSG00000186376","ZNF75D","protein_coding",86.3496567824885,-2.80068292022175,0.231336015788931,-12.1065581192384,9.75002318873001e-34,1.35602049953047e-32,"Downregulated"
"ENSG00000113391.21","ENSG00000113391","ARB2A","protein_coding",251.387378355471,-1.41969342791341,0.117343874583395,-12.0985729587824,1.07463016807167e-33,1.49314864771761e-32,"Downregulated"
"ENSG00000153132.15","ENSG00000153132","CLGN","protein_coding",71.1114063798095,-2.86121102666023,0.236676453428452,-12.0891241406285,1.20565152329713e-33,1.67039214872103e-32,"Downregulated"
"ENSG00000104738.21","ENSG00000104738","MCM4","protein_coding",887.642589864175,-1.60113143062377,0.132615415137356,-12.0734940878887,1.45809121302725e-33,2.01628414686937e-32,"Downregulated"
"ENSG00000147124.15","ENSG00000147124","ZNF41","protein_coding",112.29271165648,-2.48119947064572,0.205524135776757,-12.0725454519893,1.47500093531268e-33,2.03772293179707e-32,"Downregulated"
"ENSG00000101868.15","ENSG00000101868","POLA1","protein_coding",307.458383771681,-2.61299140212416,0.216479341748401,-12.0703960988622,1.51403786674127e-33,2.08966064426805e-32,"Downregulated"
"ENSG00000158122.14","ENSG00000158122","PRXL2C","protein_coding",201.133209495916,1.61962085988308,0.134197883849555,12.0689001452421,1.54181161279267e-33,2.12394808864937e-32,"Upregulated"
"ENSG00000110318.17","ENSG00000110318","CEP126","protein_coding",58.6606306301954,-2.67238459786192,0.221460776643905,-12.0670785967618,1.57631439400616e-33,2.1694157832799e-32,"Downregulated"
"ENSG00000171970.16","ENSG00000171970","ZNF57","protein_coding",133.265180251901,1.66303565265368,0.13784829391817,12.064245449718,1.63150833396689e-33,2.24324656317345e-32,"Upregulated"
"ENSG00000177105.12","ENSG00000177105","RHOG","protein_coding",696.77359628214,1.81093766979371,0.150152092691218,12.0606888477927,1.7035209691946e-33,2.34004036830029e-32,"Upregulated"
"ENSG00000224511.3","ENSG00000224511","LINC00365","lncRNA",53.0109068482152,-3.61324270027293,0.299597388866654,-12.0603277416451,1.71100674014118e-33,2.3480975073983e-32,"Downregulated"
"ENSG00000165816.15","ENSG00000165816","VWA2","protein_coding",1026.74346821015,-1.93522565567983,0.160592391257426,-12.0505438677833,1.92674407119837e-33,2.63916588656018e-32,"Downregulated"
"ENSG00000184012.16","ENSG00000184012","TMPRSS2","protein_coding",1403.13830577479,1.1788627784603,0.0978585380839832,12.0466011606324,2.02113338441607e-33,2.76584183257391e-32,"Upregulated"
"ENSG00000072803.20","ENSG00000072803","FBXW11","protein_coding",1065.27804944121,1.20849231145537,0.100330889771208,12.0450672191903,2.05908494812547e-33,2.8151187800221e-32,"Upregulated"
"ENSG00000135845.12","ENSG00000135845","PIGC","protein_coding",282.691966671183,-1.42255122648203,0.118105844127326,-12.0447149503324,2.06789996072543e-33,2.82450577104929e-32,"Downregulated"
"ENSG00000241095.1","ENSG00000241095","CYP51A1P1","processed_pseudogene",62.6932520520575,2.84157908509369,0.23620669294388,12.030053211781,2.47001522920875e-33,3.35792314274796e-32,"Upregulated"
"ENSG00000166510.16","ENSG00000166510","CCDC68","protein_coding",99.5062055013405,-2.14482543055238,0.178313697655836,-12.0283828934562,2.52049154158867e-33,3.4233330291193e-32,"Downregulated"
"ENSG00000100106.23","ENSG00000100106","TRIOBP","protein_coding",522.224354110484,-1.32826448038349,0.110441103594732,-12.0269033643272,2.56605718882879e-33,3.48195700192012e-32,"Downregulated"
"ENSG00000171813.16","ENSG00000171813","PWWP2B","protein_coding",406.637842371539,1.27844196773047,0.106374064043542,12.018361611221,2.84557705259592e-33,3.85763354969318e-32,"Upregulated"
"ENSG00000136044.14","ENSG00000136044","APPL2","protein_coding",654.554464601359,-1.05759050363406,0.0880084396361276,-12.0169214226123,2.89559837586443e-33,3.92177679093713e-32,"Downregulated"
"ENSG00000173905.11","ENSG00000173905","GOLIM4","protein_coding",948.096835595881,-1.36625306582042,0.113703435398095,-12.0159347959623,2.93036947999575e-33,3.96516475295036e-32,"Downregulated"
"ENSG00000185722.20","ENSG00000185722","ANKFY1","protein_coding",1016.28395752678,-1.52615574839924,0.127018319843004,-12.0152411895039,2.95506178464491e-33,3.99484658424198e-32,"Downregulated"
"ENSG00000112234.11","ENSG00000112234","FBXL4","protein_coding",379.357197097921,-1.18634572264602,0.0987566966388927,-12.012812933425,3.04314677531158e-33,4.11009161862212e-32,"Downregulated"
"ENSG00000128191.19","ENSG00000128191","DGCR8","protein_coding",237.259446828249,-1.87573622860524,0.156293338668701,-12.0013830696987,3.49408225567498e-33,4.71473371035772e-32,"Downregulated"
"ENSG00000188352.15","ENSG00000188352","FOCAD","protein_coding",594.78665201836,-1.56168294757557,0.130178097357942,-11.9965107746315,3.70592825774999e-33,4.99593602895933e-32,"Downregulated"
"ENSG00000181218.6","ENSG00000181218","H2AC25","protein_coding",180.308594311969,3.01336797276714,0.251228729999201,11.9945197859207,3.7961236419307e-33,5.10802449571586e-32,"Upregulated"
"ENSG00000157184.9","ENSG00000157184","CPT2","protein_coding",260.007332802684,-1.35959409933264,0.113387961517051,-11.9906388750818,3.9782492718437e-33,5.34812508789972e-32,"Downregulated"
"ENSG00000166579.18","ENSG00000166579","NDEL1","protein_coding",457.311685231124,1.16773296790253,0.0974172105009408,11.9869267647656,4.16056545435606e-33,5.58286245967852e-32,"Upregulated"
"ENSG00000105722.13","ENSG00000105722","ERF","protein_coding",1066.63064539862,1.76471512186238,0.147219278596613,11.9869838969784,4.15769755305444e-33,5.58286245967852e-32,"Upregulated"
"ENSG00000148297.18","ENSG00000148297","MED22","protein_coding",285.925186729136,-2.45502243854903,0.204844088954761,-11.9848341784039,4.26697318176068e-33,5.72034924607547e-32,"Downregulated"
"ENSG00000164631.20","ENSG00000164631","ZNF12","protein_coding",357.000885681191,-2.4428874876691,0.20389117402471,-11.9813302334168,4.45123350498125e-33,5.96185544863107e-32,"Downregulated"
"ENSG00000198198.18","ENSG00000198198","SZT2","protein_coding",249.857384750844,-1.71008256218907,0.142797349009649,-11.9755904017064,4.77029581148254e-33,6.38329888273361e-32,"Downregulated"
"ENSG00000177694.17","ENSG00000177694","NAALADL2","protein_coding",246.431241668736,-1.71280361973187,0.143025654788888,-11.9754992365533,4.77554250126394e-33,6.38442453213257e-32,"Downregulated"
"ENSG00000160789.27","ENSG00000160789","LMNA","protein_coding",3165.4400621931,1.02077767883543,0.0852498625968511,11.9739510157654,4.86552510924244e-33,6.49872717816972e-32,"Upregulated"
"ENSG00000111144.12","ENSG00000111144","LTA4H","protein_coding",1683.61168015182,1.65700535922925,0.138464653159334,11.9669917298136,5.29124784322094e-33,7.06084380699428e-32,"Upregulated"
"ENSG00000158711.16","ENSG00000158711","ELK4","protein_coding",592.325404368323,1.09049996403255,0.0911634111318447,11.9620355413799,5.61679454124216e-33,7.48837042241779e-32,"Upregulated"
"ENSG00000115239.26","ENSG00000115239","ASB3","protein_coding",208.957796417151,1.35154128306955,0.113025460265192,11.9578480804097,5.90729670004049e-33,7.86843233244364e-32,"Upregulated"
"ENSG00000105655.21","ENSG00000105655","ISYNA1","protein_coding",33.4674378690329,3.01679241768065,0.252294982017278,11.9574015842854,5.93913906139209e-33,7.90358156819965e-32,"Upregulated"
"ENSG00000109323.13","ENSG00000109323","MANBA","protein_coding",350.113593992751,1.56708896202754,0.131066106148463,11.9564775980484,6.00557654905622e-33,7.98466195861677e-32,"Upregulated"
"ENSG00000097033.17","ENSG00000097033","SH3GLB1","protein_coding",1094.30869481433,1.17017663512107,0.0978732584390913,11.9560404321196,6.03726684690752e-33,8.01943823514059e-32,"Upregulated"
"ENSG00000204592.11","ENSG00000204592","HLA-E","protein_coding",2135.95709858082,1.64399387263867,0.137507913537448,11.9556309913099,6.06709793266325e-33,8.05168344690072e-32,"Upregulated"
"ENSG00000185504.19","ENSG00000185504","FAAP100","protein_coding",188.771223288621,-1.66098071529413,0.138979463912777,-11.9512672486387,6.39427007348836e-33,8.47036214853686e-32,"Downregulated"
"ENSG00000148484.20","ENSG00000148484","RSU1","protein_coding",430.635855577528,-1.5618992888622,0.130710620437552,-11.9492913707682,6.54811802475063e-33,8.66623985522248e-32,"Downregulated"
"ENSG00000168758.13","ENSG00000168758","SEMA4C","protein_coding",271.438284809501,1.0174439622951,0.0851526160831673,11.9484756792601,6.61269725527163e-33,8.74372341454347e-32,"Upregulated"
"ENSG00000123384.15","ENSG00000123384","LRP1","protein_coding",3150.81058278196,1.25152190502479,0.104750083853188,11.9476935863732,6.67521030735866e-33,8.81833616902841e-32,"Upregulated"
"ENSG00000185650.12","ENSG00000185650","ZFP36L1","protein_coding",1101.21141724697,1.34155702664175,0.112358840198294,11.9399330241763,7.32821793252206e-33,9.65459402528269e-32,"Upregulated"
"ENSG00000070770.12","ENSG00000070770","CSNK2A2","protein_coding",1841.11433620961,1.65108577832596,0.138281797706376,11.9400080539294,7.32161048135817e-33,9.65459402528269e-32,"Upregulated"
"ENSG00000164828.20","ENSG00000164828","SUN1","protein_coding",1839.50904186013,1.00293695173117,0.084081369171816,11.9281710277782,8.44076418963473e-33,1.11001410740641e-31,"Upregulated"
"ENSG00000143624.16","ENSG00000143624","INTS3","protein_coding",443.677080372079,-1.56430667714398,0.131199787027061,-11.9230885399328,8.97196850090309e-33,1.17679637271968e-31,"Downregulated"
"ENSG00000114904.15","ENSG00000114904","NEK4","protein_coding",288.135020369292,-1.62881285544303,0.136610081807491,-11.9230794235108,8.97295053722916e-33,1.17679637271968e-31,"Downregulated"
"ENSG00000184545.13","ENSG00000184545","DUSP8","protein_coding",624.725891024243,1.65427812826399,0.138784827711193,11.9197332701705,9.34071009105855e-33,1.22392016853183e-31,"Upregulated"
"ENSG00000142039.6","ENSG00000142039","CCDC97","protein_coding",496.277035317918,-1.00239579528479,0.0841152287735128,-11.9169359686796,9.65960699044709e-33,1.26456210032122e-31,"Downregulated"
"ENSG00000143458.14","ENSG00000143458","GABPB2","protein_coding",184.30362941005,-2.21219985445437,0.185695161102442,-11.9130721625749,1.01179400826209e-32,1.3233681198316e-31,"Downregulated"
"ENSG00000181396.15","ENSG00000181396","OGFOD3","protein_coding",248.770980727342,-1.65769181657347,0.139168867990182,-11.911369550627,1.03267019848595e-32,1.34945505107831e-31,"Downregulated"
"ENSG00000234678.3","ENSG00000234678","ELF3-AS1","lncRNA",239.20708722279,-3.53411688036377,0.296744121798271,-11.9096441033002,1.05426276247754e-32,1.37643026611032e-31,"Downregulated"
"ENSG00000117480.18","ENSG00000117480","FAAH","protein_coding",238.090357031297,-1.87974273723706,0.157875213306991,-11.9065095644993,1.09464234905956e-32,1.42786290932234e-31,"Downregulated"
"ENSG00000139800.9","ENSG00000139800","ZIC5","protein_coding",317.846453279835,1.11465135249097,0.0936514892268787,11.9021209560334,1.15376983151944e-32,1.50363600704853e-31,"Upregulated"
"ENSG00000171135.17","ENSG00000171135","JAGN1","protein_coding",320.713431590547,-1.6141617002152,0.135648845313559,-11.8995609323764,1.1897144340535e-32,1.54769673054787e-31,"Downregulated"
"ENSG00000134531.12","ENSG00000134531","EMP1","protein_coding",1267.82892741918,1.68949620321773,0.141984907095067,11.899125321021,1.19594049892512e-32,1.55440087088994e-31,"Upregulated"
"ENSG00000206075.16","ENSG00000206075","SERPINB5","protein_coding",485.353619863816,2.5077534161379,0.210752698874564,11.8990334621075,1.19725753664384e-32,1.55471829937657e-31,"Upregulated"
"ENSG00000183840.8","ENSG00000183840","GPR39","protein_coding",195.905537889389,-1.47462136198897,0.124002703682018,-11.8918484694525,1.30486289395866e-32,1.6929340249999e-31,"Downregulated"
"ENSG00000151461.22","ENSG00000151461","UPF2","protein_coding",662.742995677594,1.03409617600332,0.0869632697188202,11.8911832472132,1.31529851869248e-32,1.70494688129619e-31,"Upregulated"
"ENSG00000168172.11","ENSG00000168172","HOOK3","protein_coding",515.142325704848,1.33989309897651,0.112774642462813,11.8811558140682,1.48302437899439e-32,1.92064247545904e-31,"Upregulated"
"ENSG00000159713.13","ENSG00000159713","TPPP3","protein_coding",183.586630688286,2.53346269355289,0.213298079983849,11.8775691452297,1.54803847689694e-32,2.00305121492772e-31,"Upregulated"
"ENSG00000113845.12","ENSG00000113845","TIMMDC1","protein_coding",347.896691041703,-1.04248433148553,0.0877856257307876,-11.8753420370041,1.58982466459162e-32,2.0552844816469e-31,"Downregulated"
"ENSG00000162496.12","ENSG00000162496","DHRS3","protein_coding",1044.45145621048,1.02601406741528,0.0864917304588413,11.8625683862752,1.85205361326341e-32,2.38789688286595e-31,"Upregulated"
"ENSG00000108840.19","ENSG00000108840","HDAC5","protein_coding",673.20054924163,1.75777592433773,0.148203363015097,11.8605670517657,1.89686107908216e-32,2.44349428960522e-31,"Upregulated"
"ENSG00000131876.20","ENSG00000131876","SNRPA1","protein_coding",443.140822093419,1.19942206727836,0.101143596068441,11.85860611943,1.94180776583494e-32,2.49917212633037e-31,"Upregulated"
"ENSG00000255302.6","ENSG00000255302","EID1","protein_coding",389.405085426058,-1.33019804702001,0.112302974908622,-11.8447267145181,2.29164164653811e-32,2.94419066858425e-31,"Downregulated"
"ENSG00000144579.11","ENSG00000144579","CTDSP1","protein_coding",1100.2430063705,-1.89237002878052,0.159786937156897,-11.8430834363036,2.33700010772069e-32,2.99980562985724e-31,"Downregulated"
"ENSG00000092853.16","ENSG00000092853","CLSPN","protein_coding",167.901321670444,-3.21768522015754,0.272095002499816,-11.8255947025698,2.8785684796275e-32,3.68843628707e-31,"Downregulated"
"ENSG00000027847.16","ENSG00000027847","B4GALT7","protein_coding",138.123654597105,-1.73595062152665,0.146841737180907,-11.8219155864928,3.00747526808396e-32,3.85020597041279e-31,"Downregulated"
"ENSG00000103160.14","ENSG00000103160","HSDL1","protein_coding",250.450590233359,1.43189869813024,0.121159315236894,11.8183128992646,3.13925558916273e-32,4.01182469119456e-31,"Upregulated"
"ENSG00000102743.18","ENSG00000102743","SLC25A15","protein_coding",475.140927157135,-1.19568794538663,0.101210720472039,-11.8138467922176,3.31060288858283e-32,4.22707110672619e-31,"Downregulated"
"ENSG00000167785.11","ENSG00000167785","ZNF558","protein_coding",192.164546549699,-1.58693849033431,0.134330309788773,-11.8137037935048,3.31623998298522e-32,4.23054135857586e-31,"Downregulated"
"ENSG00000164111.17","ENSG00000164111","ANXA5","protein_coding",1318.52767735196,1.01842957342291,0.0862366079713039,11.8097128050514,3.47747064280311e-32,4.43232230039601e-31,"Upregulated"
"ENSG00000065882.20","ENSG00000065882","TBC1D1","protein_coding",513.768097667042,1.99199513369347,0.168733567545535,11.8055652035918,3.6532784888498e-32,4.65231211427165e-31,"Upregulated"
"ENSG00000165006.16","ENSG00000165006","UBAP1","protein_coding",660.785632687702,1.12306575134002,0.0951308586635412,11.8054831746245,3.65684307562947e-32,4.6527629369642e-31,"Upregulated"
"ENSG00000169570.12","ENSG00000169570","DTWD2","protein_coding",109.979726808634,-2.12294899232537,0.179850600768005,-11.8039583035023,3.72373906796986e-32,4.73372162921221e-31,"Downregulated"
"ENSG00000150991.18","ENSG00000150991","UBC","protein_coding",10317.6277124665,1.68250191115086,0.142599017087364,11.7988324570293,3.95764340381455e-32,5.026658037518e-31,"Upregulated"
"ENSG00000112640.18","ENSG00000112640","PPP2R5D","protein_coding",959.97236088205,1.71791470446473,0.145617734585892,11.7974277607747,4.02425156045628e-32,5.10231440193634e-31,"Upregulated"
"ENSG00000078902.18","ENSG00000078902","TOLLIP","protein_coding",856.332151821668,1.03116914394565,0.0874059428431967,11.7974717782694,4.02214753375649e-32,5.10231440193634e-31,"Upregulated"
"ENSG00000146828.20","ENSG00000146828","SLC12A9","protein_coding",308.462916125956,-1.29759992319377,0.110037244320398,-11.7923702216271,4.27342214687548e-32,5.41349945389156e-31,"Downregulated"
"ENSG00000170291.19","ENSG00000170291","ELP5","protein_coding",115.409499746197,-2.08265651039128,0.176650797052967,-11.7896808004031,4.41210059527232e-32,5.58429360931759e-31,"Downregulated"
"ENSG00000189067.17","ENSG00000189067","LITAF","protein_coding",1084.74047798591,1.09203310218704,0.0926398354933141,11.7879430201045,4.50407538043233e-32,5.69572952994985e-31,"Upregulated"
"ENSG00000141452.13","ENSG00000141452","RMC1","protein_coding",272.449356507432,1.69635190773067,0.143938880088108,11.785223746998,4.65183175400682e-32,5.8774495012264e-31,"Upregulated"
"ENSG00000052344.18","ENSG00000052344","PRSS8","protein_coding",3517.92660873589,1.48478439994472,0.126006933724611,11.783354741333,4.75616830632909e-32,6.0040410361778e-31,"Upregulated"
"ENSG00000161956.16","ENSG00000161956","SENP3","protein_coding",100.776245204523,-1.87917521533281,0.159531956286539,-11.779302774659,4.99041495164558e-32,6.2942640103784e-31,"Downregulated"
"ENSG00000155085.17","ENSG00000155085","AK9","protein_coding",68.1859764200453,-2.68853586383572,0.228258837126444,-11.7784524694937,5.04100711950372e-32,6.35254566746503e-31,"Downregulated"
"ENSG00000134202.14","ENSG00000134202","GSTM3","protein_coding",127.275050368458,2.45534870412637,0.208538003951973,11.7741066740614,5.30763887077532e-32,6.67693598222881e-31,"Upregulated"
"ENSG00000143797.14","ENSG00000143797","MBOAT2","protein_coding",635.399473172008,1.38663859476658,0.117781452726768,11.7729792141666,5.3790711177254e-32,6.76092789575685e-31,"Upregulated"
"ENSG00000291110.2","ENSG00000291110","TRIM16L","lncRNA",58.784535447436,2.11760720579325,0.179947131962173,11.7679408540859,5.71012893714161e-32,7.17081356646934e-31,"Upregulated"
"ENSG00000124813.25","ENSG00000124813","RUNX2","protein_coding",363.970861946902,1.08478232865878,0.0921844216624846,11.7675232875084,5.73845726523499e-32,7.20014915045761e-31,"Upregulated"
"ENSG00000110330.12","ENSG00000110330","BIRC2","protein_coding",655.774267647376,1.00518312190332,0.0854574118388591,11.7623866704356,6.09856187225108e-32,7.64535974504003e-31,"Upregulated"
"ENSG00000120697.12","ENSG00000120697","ALG5","protein_coding",446.382585449087,-1.39680790790952,0.118774035805926,-11.7602125618756,6.25765552853686e-32,7.83802453928748e-31,"Downregulated"
"ENSG00000007171.21","ENSG00000007171","NOS2","protein_coding",149.723693412196,3.03389503652668,0.258024142674981,11.7581828005463,6.40990316010775e-32,8.02178899795177e-31,"Upregulated"
"ENSG00000148339.15","ENSG00000148339","SLC25A25","protein_coding",573.97140985152,1.7821561971869,0.151611449110757,11.7547599976106,6.67501413513635e-32,8.3463593482654e-31,"Upregulated"
"ENSG00000196155.15","ENSG00000196155","PLEKHG4","protein_coding",166.895844150178,-2.62770184527004,0.22376017357284,-11.7433849076572,7.63675444816814e-32,9.53245869619748e-31,"Downregulated"
"ENSG00000178199.15","ENSG00000178199","ZC3H12D","protein_coding",58.8797951293802,-2.53344631943597,0.215762025616195,-11.7418545371953,7.77623090889022e-32,9.69820467570026e-31,"Downregulated"
"ENSG00000173638.21","ENSG00000173638","SLC19A1","protein_coding",211.69741947037,-2.47381077014393,0.21072385281932,-11.73958589427,7.98765947643518e-32,9.95332425902826e-31,"Downregulated"
"ENSG00000123091.7","ENSG00000123091","RNF11","protein_coding",1086.05232532924,1.25338979214509,0.106891598226452,11.7258027098609,9.40056658422276e-32,1.16938206814211e-30,"Upregulated"
"ENSG00000111711.11","ENSG00000111711","GOLT1B","protein_coding",909.827429193613,1.22636962243981,0.104624491592256,11.721630411541,9.87529013299886e-32,1.22738168616998e-30,"Upregulated"
"ENSG00000135775.16","ENSG00000135775","COG2","protein_coding",375.503394866145,-1.05698336869685,0.0902181283663573,-11.7158645145536,1.0570740847371e-31,1.31269217103771e-30,"Downregulated"
"ENSG00000156171.17","ENSG00000156171","DRAM2","protein_coding",948.981689325284,1.15357902628781,0.0984690363684424,11.7151448702255,1.06608851083552e-31,1.32275297080722e-30,"Upregulated"
"ENSG00000130204.15","ENSG00000130204","TOMM40","protein_coding",942.140063884485,-1.01429876611295,0.0866294132166612,-11.7084801622305,1.1532836392344e-31,1.42971655259068e-30,"Downregulated"
"ENSG00000196659.10","ENSG00000196659","IFT70B","protein_coding",47.4168187847603,-4.67671910527798,0.399617967591224,-11.7029750525679,1.23062010369696e-31,1.52428602929713e-30,"Downregulated"
"ENSG00000070540.15","ENSG00000070540","WIPI1","protein_coding",453.500005548467,1.5722763931269,0.13443704063498,11.6952618541783,1.34770859175867e-31,1.66504628403808e-30,"Upregulated"
"ENSG00000171928.16","ENSG00000171928","TVP23B","protein_coding",257.50415529539,1.25638566178557,0.107428533452427,11.6950834327636,1.35054406287355e-31,1.66712815665788e-30,"Upregulated"
"ENSG00000186017.18","ENSG00000186017","ZNF566","protein_coding",106.882199966958,-1.79252363737469,0.153288221361772,-11.693811967093,1.37092240095686e-31,1.69084318592909e-30,"Downregulated"
"ENSG00000160570.16","ENSG00000160570","DEDD2","protein_coding",762.23160820942,1.79533825657633,0.153532228649417,11.6935595371048,1.37500438156289e-31,1.69443567156543e-30,"Upregulated"
"ENSG00000172831.16","ENSG00000172831","CES2","protein_coding",335.588791915017,-1.5819025041658,0.135287267765508,-11.692914864004,1.38548406901529e-31,1.70589933119538e-30,"Downregulated"
"ENSG00000253161.8","ENSG00000253161","LINC01605","lncRNA",236.315315218817,-1.61957352781369,0.138520530465562,-11.6919385333739,1.40150629494095e-31,1.72416207353856e-30,"Downregulated"
"ENSG00000103047.10","ENSG00000103047","TANGO6","protein_coding",131.167122426835,-1.88196871402288,0.160971228258409,-11.6913359883279,1.41148611252486e-31,1.73496664484396e-30,"Downregulated"
"ENSG00000132837.17","ENSG00000132837","DMGDH","protein_coding",54.031922303546,-3.39306827939646,0.290266518991635,-11.689492440202,1.44246065124569e-31,1.77153726761462e-30,"Downregulated"
"ENSG00000166260.15","ENSG00000166260","COX11","protein_coding",364.549011669364,-1.10879521803632,0.0948685259163824,-11.6877036648975,1.47315975906292e-31,1.80770797869093e-30,"Downregulated"
"ENSG00000160613.17","ENSG00000160613","PCSK7","protein_coding",369.325040276033,-1.8803912629726,0.160891681958732,-11.6873118614977,1.47997004048393e-31,1.81452841173376e-30,"Downregulated"
"ENSG00000167994.15","ENSG00000167994","RAB3IL1","protein_coding",231.73717453681,1.7690207747797,0.151371696236971,11.6866020448785,1.49238769658015e-31,1.82820646651221e-30,"Upregulated"
"ENSG00000173085.16","ENSG00000173085","COQ2","protein_coding",108.32504039425,-1.9784872806218,0.169511550166527,-11.6716959916781,1.77842042509965e-31,2.17126106154542e-30,"Downregulated"
"ENSG00000075391.20","ENSG00000075391","RASAL2","protein_coding",342.872254382575,-1.71178205224588,0.146772964793855,-11.6627885431769,1.9746744717078e-31,2.40681097089903e-30,"Downregulated"
"ENSG00000126773.15","ENSG00000126773","PCNX4","protein_coding",193.898354861754,-1.83216405664238,0.157098540327109,-11.6625148319486,1.98103392948962e-31,2.41253308455156e-30,"Downregulated"
"ENSG00000119314.19","ENSG00000119314","PTBP3","protein_coding",6883.26909336992,1.09854342890758,0.0942247887538515,11.6587518362855,2.07055344436944e-31,2.51732051307063e-30,"Upregulated"
"ENSG00000152413.17","ENSG00000152413","HOMER1","protein_coding",213.681258580312,-1.20387779738013,0.103341086594168,-11.6495562128923,2.30656862598461e-31,2.8019105220259e-30,"Downregulated"
"ENSG00000243479.4","ENSG00000243479","MNX1-AS1","lncRNA",37.7850287469456,-2.94699012284755,0.253068272266851,-11.6450398797525,2.43207863332064e-31,2.9494295861157e-30,"Downregulated"
"ENSG00000135842.19","ENSG00000135842","NIBAN1","protein_coding",245.611900733513,-4.86863153503433,0.418165885814866,-11.6428233392281,2.49613414484798e-31,3.02457993537934e-30,"Downregulated"
"ENSG00000130309.14","ENSG00000130309","COLGALT1","protein_coding",1684.02478602361,1.17884004035315,0.10127462312375,11.640033840587,2.57913261860017e-31,3.12253883949488e-30,"Upregulated"
"ENSG00000134779.17","ENSG00000134779","TPGS2","protein_coding",295.905810755879,-1.1404504477502,0.0980238829339142,-11.6344141204758,2.7547511636765e-31,3.33237511385642e-30,"Downregulated"
"ENSG00000108349.20","ENSG00000108349","CASC3","protein_coding",2241.69970392013,1.08908424791175,0.0936283816632263,11.6319883839186,2.83417741944364e-31,3.42559626043179e-30,"Upregulated"
"ENSG00000128951.16","ENSG00000128951","DUT","protein_coding",453.603953644645,-1.54967071682362,0.133240928429973,-11.6305908033212,2.88096656533505e-31,3.4792472887363e-30,"Downregulated"
"ENSG00000099991.20","ENSG00000099991","CABIN1","protein_coding",408.032266532813,-1.11436098322388,0.0958135167748671,-11.6305195836021,2.88337133460129e-31,3.47925207169374e-30,"Downregulated"
"ENSG00000144724.20","ENSG00000144724","PTPRG","protein_coding",463.57329976759,-1.314020406018,0.112983795808781,-11.6301669333353,2.89530814112862e-31,3.49074921640898e-30,"Downregulated"
"ENSG00000182810.7","ENSG00000182810","DDX28","protein_coding",81.8215893854694,-3.15471329952293,0.271263709486031,-11.6296916587192,2.91147328927272e-31,3.50732093999504e-30,"Downregulated"
"ENSG00000125375.20","ENSG00000125375","DMAC2L","protein_coding",150.68191409242,-2.10062352244841,0.18065391971376,-11.6278878741008,2.97364350479758e-31,3.57923934148891e-30,"Downregulated"
"ENSG00000158079.17","ENSG00000158079","PTPDC1","protein_coding",169.006896003808,-1.64709198894119,0.141682627616463,-11.6252219248777,3.06795065630284e-31,3.68968804241832e-30,"Downregulated"
"ENSG00000185963.15","ENSG00000185963","BICD2","protein_coding",835.60498832133,1.38113326935966,0.118828725863198,11.6228905033426,3.15285401501146e-31,3.78865343163732e-30,"Upregulated"
"ENSG00000100417.14","ENSG00000100417","PMM1","protein_coding",322.75500868707,1.317949548025,0.113394234569919,11.6227209701067,3.15911810800447e-31,3.79303559413428e-30,"Upregulated"
"ENSG00000143061.20","ENSG00000143061","IGSF3","protein_coding",688.154664741456,1.13908622379886,0.0980097121157834,11.6221770190816,3.17930012184139e-31,3.81410739782495e-30,"Upregulated"
"ENSG00000139209.18","ENSG00000139209","SLC38A4","protein_coding",636.989943226142,-3.05453466094463,0.262861089465355,-11.620337826178,3.24849177377403e-31,3.89389104925833e-30,"Downregulated"
"ENSG00000162344.6","ENSG00000162344","FGF19","protein_coding",107.949502929142,2.51684895975384,0.216764094657235,11.6110048748326,3.6233220649982e-31,4.33960193107057e-30,"Upregulated"
"ENSG00000108474.18","ENSG00000108474","PIGL","protein_coding",190.176222846554,1.69012451604752,0.145590806595793,11.6087310426121,3.72096574688601e-31,4.45286834053444e-30,"Upregulated"
"ENSG00000171848.18","ENSG00000171848","RRM2","protein_coding",1865.1497609334,-1.62645095503033,0.140145610663264,-11.6054362839683,3.86710271898896e-31,4.6201197529751e-30,"Downregulated"
"ENSG00000158604.18","ENSG00000158604","TMED4","protein_coding",1564.0264265335,1.09844687089981,0.0946834037851359,11.6012609072706,4.06051012365168e-31,4.84719215090281e-30,"Upregulated"
"ENSG00000105556.14","ENSG00000105556","MIER2","protein_coding",251.836017170784,1.14234586967726,0.0985086144125573,11.5964058218612,4.29750455904483e-31,5.12587951190763e-30,"Upregulated"
"ENSG00000102996.7","ENSG00000102996","MMP15","protein_coding",884.057532945587,1.45164078164561,0.125231360323931,11.5916714303087,4.54181959442094e-31,5.41283302321943e-30,"Upregulated"
"ENSG00000137700.19","ENSG00000137700","SLC37A4","protein_coding",444.193521903285,-1.22817479880889,0.106000931818898,-11.5864528521997,4.8271198366595e-31,5.74744024787466e-30,"Downregulated"
"ENSG00000100023.21","ENSG00000100023","PPIL2","protein_coding",198.72961286447,-2.1450259124952,0.185134670999992,-11.586300399104,4.83571660796945e-31,5.7489093587115e-30,"Downregulated"
"ENSG00000114698.17","ENSG00000114698","PLSCR4","protein_coding",81.4375482648209,1.77679154627837,0.153376933905683,11.5844768899278,4.93972927905177e-31,5.86294485765915e-30,"Upregulated"
"ENSG00000130513.8","ENSG00000130513","GDF15","protein_coding",7096.19616168555,2.15609807761431,0.186161335129564,11.5818791056355,5.09175300459833e-31,6.03349832728038e-30,"Upregulated"
"ENSG00000158006.16","ENSG00000158006","PAFAH2","protein_coding",137.819871654739,-1.59112298993199,0.137416375405051,-11.5788455723852,5.27516402437275e-31,6.24572524846486e-30,"Downregulated"
"ENSG00000088448.16","ENSG00000088448","ANKRD10","protein_coding",968.825442322004,1.66592389173291,0.143881437946368,11.5784490029484,5.29962078698369e-31,6.26955954652797e-30,"Upregulated"
"ENSG00000185085.3","ENSG00000185085","INTS5","protein_coding",252.97444582928,-1.52288144646185,0.131529179176011,-11.5782783409904,5.31018026132558e-31,6.27692759764521e-30,"Downregulated"
"ENSG00000198924.10","ENSG00000198924","DCLRE1A","protein_coding",214.079224545911,-1.70743469287623,0.147487967035798,-11.5767728526748,5.40423970191167e-31,6.37770698372182e-30,"Downregulated"
"ENSG00000124596.19","ENSG00000124596","OARD1","protein_coding",261.888191471385,-1.2712923389505,0.109840680869501,-11.5739663018012,5.58402368457866e-31,6.58451352619317e-30,"Downregulated"
"ENSG00000136147.20","ENSG00000136147","PHF11","protein_coding",182.860872739763,1.12715909258664,0.0973952940399435,11.573034443783,5.64502046506592e-31,6.65102736420612e-30,"Upregulated"
"ENSG00000170604.5","ENSG00000170604","IRF2BP1","protein_coding",445.76183691438,-1.70718709672648,0.147624840736149,-11.5643619882222,6.24537810391317e-31,7.3464301527524e-30,"Downregulated"
"ENSG00000125445.13","ENSG00000125445","MRPS7","protein_coding",529.540654350043,-1.20768085740349,0.104436267992593,-11.5638071008928,6.28587933456612e-31,7.38807488374146e-30,"Downregulated"
"ENSG00000111554.17","ENSG00000111554","MDM1","protein_coding",74.8527356489684,-2.22514558158788,0.192515337346477,-11.5582769261817,6.70404963081078e-31,7.8731837317431e-30,"Downregulated"
"ENSG00000118965.18","ENSG00000118965","WDR35","protein_coding",148.146472671795,-2.26089768186285,0.195684532753095,-11.5537883861037,7.06366675272159e-31,8.28879826562277e-30,"Downregulated"
"ENSG00000221926.15","ENSG00000221926","TRIM16","protein_coding",284.259369652576,1.66097827535745,0.143787049117391,11.5516542383549,7.24130589387766e-31,8.49037257395429e-30,"Upregulated"
"ENSG00000166233.17","ENSG00000166233","ARIH1","protein_coding",1463.33094494323,1.37646050695962,0.119176542738316,11.5497603415297,7.40265709942458e-31,8.67253893976241e-30,"Upregulated"
"ENSG00000163808.19","ENSG00000163808","KIF15","protein_coding",208.24828348449,-1.31507792384159,0.113864363161725,-11.5495128354931,7.42400543756703e-31,8.69052397425052e-30,"Downregulated"
"ENSG00000035115.24","ENSG00000035115","SH3YL1","protein_coding",2936.60906066089,1.60209196523584,0.138731434357344,11.5481539757542,7.54230571547217e-31,8.81476567972764e-30,"Upregulated"
"ENSG00000173812.13","ENSG00000173812","EIF1","protein_coding",9994.34083073514,1.89940723990998,0.164537486112019,11.5439179532428,7.92322859826484e-31,9.25249225189799e-30,"Upregulated"
"ENSG00000165233.20","ENSG00000165233","CARD19","protein_coding",325.640636711131,1.30710881955335,0.113257342968508,11.5410514258382,8.19177312383008e-31,9.55838777057532e-30,"Upregulated"
"ENSG00000090238.14","ENSG00000090238","YPEL3","protein_coding",171.842394308502,2.42301707096862,0.209965443162975,11.5400755213222,8.28524481315562e-31,9.65967560999607e-30,"Upregulated"
"ENSG00000124160.14","ENSG00000124160","NCOA5","protein_coding",440.833057961391,-2.01326689635143,0.17450110751923,-11.537272885959,8.55960691237423e-31,9.97152921013885e-30,"Downregulated"
"ENSG00000142185.20","ENSG00000142185","TRPM2","protein_coding",110.218350294043,-1.60629842524609,0.139313057909167,-11.5301354327705,9.29973033232451e-31,1.08076737751441e-29,"Downregulated"
"ENSG00000204099.14","ENSG00000204099","NEU4","protein_coding",252.456817569143,-3.9522751123369,0.342831538261304,-11.5283300141555,9.49679921695104e-31,1.10190243596521e-29,"Downregulated"
"ENSG00000150457.11","ENSG00000150457","LATS2","protein_coding",999.126197969898,2.26800684383088,0.196732945876272,11.5283529849508,9.49426601010925e-31,1.10190243596521e-29,"Upregulated"
"ENSG00000108528.16","ENSG00000108528","SLC25A11","protein_coding",803.058106208346,-1.07265869765542,0.0930502819302916,-11.5277318392114,9.56300236094434e-31,1.10869624171844e-29,"Downregulated"
"ENSG00000102595.24","ENSG00000102595","UGGT2","protein_coding",402.24353799906,-1.00843379219046,0.0874866519201783,-11.5267160196111,9.67647959270545e-31,1.12095557360102e-29,"Downregulated"
"ENSG00000148429.17","ENSG00000148429","USP6NL","protein_coding",645.905549548627,-1.12382615961561,0.0975252219372794,-11.523441190817,1.00514895581098e-30,1.16346794469751e-29,"Downregulated"
"ENSG00000204516.11","ENSG00000204516","MICB","protein_coding",29.0859331437961,3.67811290014595,0.319202148471216,11.5228325303005,1.0122762189326e-30,1.1707826787527e-29,"Upregulated"
"ENSG00000110713.20","ENSG00000110713","NUP98","protein_coding",2923.05142628009,1.15018996958778,0.0999122802194664,11.5119979952543,1.14787722926655e-30,1.32655795905349e-29,"Upregulated"
"ENSG00000129946.13","ENSG00000129946","SHC2","protein_coding",40.4316544128581,3.05136243181649,0.265093153749042,11.510528992028,1.16759980084432e-30,1.3482754034929e-29,"Upregulated"
"ENSG00000063660.11","ENSG00000063660","GPC1","protein_coding",530.037352151958,1.03674025036291,0.0900798996104122,11.5091186252063,1.18685151510095e-30,1.3683255494704e-29,"Upregulated"
"ENSG00000160959.10","ENSG00000160959","LRRC14","protein_coding",199.031485893856,-2.03673820002887,0.176999738399705,-11.5070124873826,1.2161886806402e-30,1.401033891879e-29,"Downregulated"
"ENSG00000013441.19","ENSG00000013441","CLK1","protein_coding",674.704592506766,1.67325010970512,0.145414904897128,11.506730420027,1.22017196685157e-30,1.40450612737196e-29,"Upregulated"
"ENSG00000189077.13","ENSG00000189077","TMEM120A","protein_coding",567.677081047688,1.57894711098379,0.137355080663606,11.4953673599506,1.3918760499293e-30,1.60087839012504e-29,"Upregulated"
"ENSG00000157601.17","ENSG00000157601","MX1","protein_coding",71.5250694926125,1.9390736857585,0.16872148448185,11.492749081206,1.43472275867455e-30,1.64885029490179e-29,"Upregulated"
"ENSG00000176428.8","ENSG00000176428","VPS37D","protein_coding",66.9147307131421,2.84840840899987,0.247874300625956,11.491342191614,1.45828385983993e-30,1.67459981749606e-29,"Upregulated"
"ENSG00000106355.12","ENSG00000106355","LSM5","protein_coding",426.60866972649,-1.06172780422853,0.092399745597476,-11.4905922885737,1.470998944929e-30,1.68786355581244e-29,"Downregulated"
"ENSG00000143971.11","ENSG00000143971","ETAA1","protein_coding",128.083700585654,-1.5437177036571,0.13434909165989,-11.4903471589156,1.47517909244804e-30,1.69132083922129e-29,"Downregulated"
"ENSG00000146802.15","ENSG00000146802","TMEM168","protein_coding",509.546618715214,-1.02859778222776,0.0895294166283971,-11.4889364966722,1.49946501600028e-30,1.71649104046905e-29,"Downregulated"
"ENSG00000100292.19","ENSG00000100292","HMOX1","protein_coding",162.812093648112,3.10128348907521,0.269936565346963,11.488934391267,1.49950155757233e-30,1.71649104046905e-29,"Upregulated"
"ENSG00000218283.2","ENSG00000218283","MORF4L1P1","processed_pseudogene",342.870363627208,1.19200027472795,0.103756627448129,11.4884254051518,1.50836154555243e-30,1.72471896058362e-29,"Upregulated"
"ENSG00000223501.11","ENSG00000223501","VPS52","protein_coding",298.42076825911,-1.57003017311413,0.136662393583775,-11.4883848580604,1.50906958461222e-30,1.72471896058362e-29,"Downregulated"
"ENSG00000137033.14","ENSG00000137033","IL33","protein_coding",80.8246841427238,-2.6058566993833,0.2268815097191,-11.4855401950101,1.55957578815844e-30,1.7810380080372e-29,"Downregulated"
"ENSG00000137203.15","ENSG00000137203","TFAP2A","protein_coding",117.198468656063,2.18261993079621,0.190049213946381,11.4844985963057,1.57848574960996e-30,1.79979665486605e-29,"Upregulated"
"ENSG00000164815.13","ENSG00000164815","ORC5","protein_coding",217.71353989634,-1.29489257351089,0.112766263568592,-11.4829784417149,1.60649292906295e-30,1.83029052892926e-29,"Downregulated"
"ENSG00000171307.21","ENSG00000171307","ZDHHC16","protein_coding",234.261549746796,-1.77212900745509,0.154369824668586,-11.4797630382728,1.66736859952873e-30,1.89815441825376e-29,"Downregulated"
"ENSG00000164574.18","ENSG00000164574","GALNT10","protein_coding",449.540708442487,-1.42947841570817,0.124622080044691,-11.470506792982,1.85569294695712e-30,2.10923154410216e-29,"Downregulated"
"ENSG00000165055.18","ENSG00000165055","METTL2B","protein_coding",305.663471482334,-1.15847983570425,0.101037001162946,-11.465896873126,1.95721345586397e-30,2.2211384026923e-29,"Downregulated"
"ENSG00000119638.16","ENSG00000119638","NEK9","protein_coding",675.57952009169,-1.51222510372519,0.131927363989303,-11.4625583199541,2.03415933818062e-30,2.3066539224502e-29,"Downregulated"
"ENSG00000075407.21","ENSG00000075407","ZNF37A","protein_coding",178.068245333221,-2.27574170497145,0.198979113330054,-11.437088380209,2.72890578320435e-30,3.08481299611524e-29,"Downregulated"
"ENSG00000133111.5","ENSG00000133111","RFXAP","protein_coding",68.6179205608351,-2.85318798522776,0.249508117455677,-11.435251142619,2.78729045688557e-30,3.14835645371674e-29,"Downregulated"
"ENSG00000057019.18","ENSG00000057019","DCBLD2","protein_coding",558.365532103855,-1.43460088161647,0.125489114211653,-11.4320743327332,2.89118451431183e-30,3.260626146413e-29,"Downregulated"
"ENSG00000108312.18","ENSG00000108312","UBTF","protein_coding",633.00514098182,-1.07145936608487,0.0937897207762046,-11.4240596647209,3.17069057687647e-30,3.57306748367759e-29,"Downregulated"
"ENSG00000198176.15","ENSG00000198176","TFDP1","protein_coding",2264.12809849994,-1.44266673544985,0.12630228095601,-11.4223331877302,3.23432484510393e-30,3.6419452723579e-29,"Downregulated"
"ENSG00000090013.13","ENSG00000090013","BLVRB","protein_coding",616.987994504521,1.32588246318628,0.116079546222264,11.4221885451511,3.23971325508903e-30,3.64518047303961e-29,"Upregulated"
"ENSG00000140743.10","ENSG00000140743","CDR2","protein_coding",583.415223468,1.55574262527487,0.136206458994341,11.421944574152,3.24882217000184e-30,3.65259355218516e-29,"Upregulated"
"ENSG00000170144.25","ENSG00000170144","HNRNPA3","protein_coding",1676.83023776669,-1.25680537443367,0.110037840536843,-11.4215743266324,3.26269433314122e-30,3.66250707016907e-29,"Downregulated"
"ENSG00000170412.20","ENSG00000170412","GPRC5C","protein_coding",740.126209772123,1.55034435230623,0.135737592996442,11.4216284382387,3.26066325693778e-30,3.66250707016907e-29,"Upregulated"
"ENSG00000269821.2","ENSG00000269821","KCNQ1OT1","lncRNA",47.7756433977544,2.58551539514454,0.226493928586222,11.4153850007519,3.50349156137837e-30,3.9297677792179e-29,"Upregulated"
"ENSG00000133731.12","ENSG00000133731","IMPA1","protein_coding",264.454353306372,1.51438452393707,0.132701090949287,11.4119975435305,3.64266606589244e-30,4.08271590308687e-29,"Upregulated"
"ENSG00000064199.9","ENSG00000064199","SPA17","protein_coding",60.8712469316489,-2.07157818799485,0.181538261011227,-11.4112483861831,3.67417871020771e-30,4.11485300373495e-29,"Downregulated"
"ENSG00000127952.19","ENSG00000127952","STYXL1","protein_coding",346.203336582325,-1.00273542150464,0.0879226384286652,-11.4047467117151,3.95928002389355e-30,4.43072479585061e-29,"Downregulated"
"ENSG00000137309.23","ENSG00000137309","HMGA1","protein_coding",2983.72501334872,1.30018999079922,0.114005855303148,11.4045895918411,3.96643485285202e-30,4.43530662712434e-29,"Upregulated"
"ENSG00000177830.20","ENSG00000177830","CHID1","protein_coding",736.831830795176,-1.00889588701234,0.0885278004017196,-11.3963735960251,4.35900562453538e-30,4.86572470605629e-29,"Downregulated"
"ENSG00000011143.21","ENSG00000011143","MKS1","protein_coding",85.221339689252,-2.28233486452921,0.200269368216127,-11.3963252835858,4.3614245053596e-30,4.86572470605629e-29,"Downregulated"
"ENSG00000084764.14","ENSG00000084764","MAPRE3","protein_coding",711.276342230305,1.28597269532255,0.112885146313807,11.3918680828716,4.59041245637642e-30,5.11725056290824e-29,"Upregulated"
"ENSG00000213625.10","ENSG00000213625","LEPROT","protein_coding",298.144226261705,-1.03210806532359,0.0906041229054694,-11.3914028658544,4.61498996963005e-30,5.14069443811519e-29,"Downregulated"
"ENSG00000144136.13","ENSG00000144136","SLC20A1","protein_coding",1376.1048245933,1.89315181115665,0.166205287940437,11.3904427146451,4.66612863535198e-30,5.19366637354232e-29,"Upregulated"
"ENSG00000117266.18","ENSG00000117266","CDK18","protein_coding",366.781868602999,1.03212676645791,0.0906148915225117,11.3902554990258,4.67616526088774e-30,5.200843204972e-29,"Upregulated"
"ENSG00000198498.12","ENSG00000198498","TMA16","protein_coding",128.271381210708,-1.77975183479758,0.156257501448354,-11.3898649236102,4.6971730282568e-30,5.22020180410258e-29,"Downregulated"
"ENSG00000141994.18","ENSG00000141994","DUS3L","protein_coding",164.167947365424,-1.53277058895974,0.134618556401711,-11.3860275279275,4.90862009702755e-30,5.45101321426232e-29,"Downregulated"
"ENSG00000160058.21","ENSG00000160058","BSDC1","protein_coding",626.120254233224,1.02441122931204,0.090015896065576,11.3803369636599,5.23968859848541e-30,5.80976030369171e-29,"Upregulated"
"ENSG00000244055.3","ENSG00000244055","ENSG00000244055","lncRNA",30.4043621662636,3.52643806857534,0.309932554322128,11.3780821646446,5.37691667633877e-30,5.95736058665914e-29,"Upregulated"
"ENSG00000225733.8","ENSG00000225733","FGD5-AS1","lncRNA",1401.86954149717,-1.14746356103765,0.100875343524412,-11.3750647179701,5.56615544186086e-30,6.15761256972883e-29,"Downregulated"
"ENSG00000168291.15","ENSG00000168291","PDHB","protein_coding",565.550085826942,-1.19024825718636,0.104647426778292,-11.3738893905919,5.64164176019354e-30,6.23635944994087e-29,"Downregulated"
"ENSG00000162302.15","ENSG00000162302","RPS6KA4","protein_coding",451.222394204365,-1.74626857164718,0.153556974436654,-11.372121507692,5.75710294449104e-30,6.35914145362532e-29,"Downregulated"
"ENSG00000159445.15","ENSG00000159445","THEM4","protein_coding",106.739815176478,-1.75359357859461,0.154210291299029,-11.3714432663526,5.80201896211914e-30,6.40387348050499e-29,"Downregulated"
"ENSG00000081692.15","ENSG00000081692","JMJD4","protein_coding",138.691052067909,-2.63229683647267,0.231639091075528,-11.3637850340829,6.33395869647207e-30,6.98567195047742e-29,"Downregulated"
"ENSG00000185591.12","ENSG00000185591","SP1","protein_coding",2267.47957891144,1.03321230312473,0.0909454735072582,11.3607886492808,6.55501882046338e-30,7.21849033025496e-29,"Upregulated"
"ENSG00000088367.25","ENSG00000088367","EPB41L1","protein_coding",3306.07364854507,1.03240113914604,0.0908788270342386,11.360194369114,6.59976362091372e-30,7.26224558802442e-29,"Upregulated"
"ENSG00000165675.21","ENSG00000165675","ENOX2","protein_coding",244.282329705381,-1.55666831122831,0.137049085601142,-11.3584728011884,6.73110277750357e-30,7.4011488203021e-29,"Downregulated"
"ENSG00000196756.16","ENSG00000196756","SNHG17","lncRNA",312.087161334375,1.41935424224698,0.12504338688873,11.350894098142,7.34081771869e-30,8.0593280590345e-29,"Upregulated"
"ENSG00000196821.12","ENSG00000196821","ILRUN","protein_coding",1605.59137390159,1.13506098150032,0.1000306936047,11.3471269727054,7.66397177522224e-30,8.4013826752285e-29,"Upregulated"
"ENSG00000135749.22","ENSG00000135749","PCNX2","protein_coding",82.3686709822808,-2.87590330893061,0.253877126654399,-11.3279338979031,9.54292399639289e-30,1.04532165197072e-28,"Downregulated"
"ENSG00000164885.15","ENSG00000164885","CDK5","protein_coding",120.993522787047,-2.04491275823586,0.180587547522614,-11.3236642630621,1.00194508176611e-29,1.09669094599354e-28,"Downregulated"
"ENSG00000113621.17","ENSG00000113621","TXNDC15","protein_coding",92.7394256591527,-1.9173365296385,0.169338016049243,-11.322540409833,1.01487602244806e-29,1.11000628809942e-28,"Downregulated"
"ENSG00000162616.11","ENSG00000162616","DNAJB4","protein_coding",167.022111000507,2.08229453773035,0.183946720279804,11.3200960286921,1.04357544126902e-29,1.1405350901109e-28,"Upregulated"
"ENSG00000176209.14","ENSG00000176209","SMIM19","protein_coding",134.848636592585,-1.85365876443018,0.163804576652172,-11.3162818909895,1.089973950562e-29,1.1903468343289e-28,"Downregulated"
"ENSG00000162729.16","ENSG00000162729","IGSF8","protein_coding",540.802536853369,1.39439735420277,0.123235977516901,11.314856118308,1.10783906781455e-29,1.20834290035078e-28,"Upregulated"
"ENSG00000254004.9","ENSG00000254004","ZNF260","protein_coding",259.397911330514,-1.91798903616487,0.169541784406894,-11.3127807571128,1.13436414313677e-29,1.2341745617371e-28,"Downregulated"
"ENSG00000196878.17","ENSG00000196878","LAMB3","protein_coding",5743.54901272191,1.63639627921345,0.14465802595654,11.3121706755841,1.14228074629519e-29,1.24185540699999e-28,"Upregulated"
"ENSG00000132313.16","ENSG00000132313","MRPL35","protein_coding",385.000410332211,-1.17676391662073,0.104029230054025,-11.3118583691296,1.14635452189774e-29,1.24535005482324e-28,"Downregulated"
"ENSG00000113448.21","ENSG00000113448","PDE4D","protein_coding",150.825484849875,-1.48680403255684,0.131470773017905,-11.3090080664115,1.18420693484392e-29,1.28550763294068e-28,"Downregulated"
"ENSG00000135406.16","ENSG00000135406","PRPH","protein_coding",44.0073407705618,-2.99236461566234,0.264665191309988,-11.3062265606267,1.22234088690864e-29,1.32491878332685e-28,"Downregulated"
"ENSG00000153317.17","ENSG00000153317","ASAP1","protein_coding",401.351662595394,1.48063521108604,0.130965828343799,11.3055079314217,1.23238967678655e-29,1.33481249596343e-28,"Upregulated"
"ENSG00000197265.11","ENSG00000197265","GTF2E2","protein_coding",616.004946381351,1.08432833455488,0.0959167682883832,11.3048881223223,1.24112245370214e-29,1.34326710971258e-28,"Upregulated"
"ENSG00000137522.20","ENSG00000137522","RNF121","protein_coding",178.656018582712,-1.51428103799619,0.13397851384412,-11.3024170409743,1.27655332825537e-29,1.38058289799081e-28,"Downregulated"
"ENSG00000128590.7","ENSG00000128590","DNAJB9","protein_coding",631.559867070032,1.17044322732127,0.103586644630453,11.2991711576028,1.32462273153762e-29,1.43150131435072e-28,"Upregulated"
"ENSG00000212907.2","ENSG00000212907","MT-ND4L","protein_coding",3817.90058834704,1.50021241971424,0.13279513730285,11.2971939348418,1.35477999377664e-29,1.46300086958353e-28,"Upregulated"
"ENSG00000198886.2","ENSG00000198886","MT-ND4","protein_coding",33553.8178909425,1.55443993060006,0.137610471203126,11.2959422128972,1.37422284867467e-29,1.48289184832415e-28,"Upregulated"
"ENSG00000153187.23","ENSG00000153187","HNRNPU","protein_coding",5596.12412880365,-1.05265492180709,0.0932417676725864,-11.2895212959007,1.4783965164484e-29,1.59411624377755e-28,"Downregulated"
"ENSG00000111674.11","ENSG00000111674","ENO2","protein_coding",43.3382256215092,2.21484197150499,0.196238017455448,11.2865080896357,1.52994851780437e-29,1.64847687137702e-28,"Upregulated"
"ENSG00000185033.17","ENSG00000185033","SEMA4B","protein_coding",940.327914397073,1.38953280959991,0.123146729047583,11.2835543448581,1.58221374459499e-29,1.70238765163008e-28,"Upregulated"
"ENSG00000065457.13","ENSG00000065457","ADAT1","protein_coding",214.466106752193,-1.82318041210673,0.161578649982084,-11.2835477478546,1.58233243634123e-29,1.70238765163008e-28,"Downregulated"
"ENSG00000136059.18","ENSG00000136059","VILL","protein_coding",337.660251580531,-1.0895632276795,0.0965710319249106,-11.2825057987027,1.60119027399469e-29,1.72139832720556e-28,"Downregulated"
"ENSG00000183048.14","ENSG00000183048","SLC25A10","protein_coding",125.831783276313,-2.47122952681923,0.219087713640904,-11.2796353832497,1.65430210063083e-29,1.77717909876516e-28,"Downregulated"
"ENSG00000266962.4","ENSG00000266962","HSD17B1-AS1","lncRNA",80.0422413277712,-2.2824491445143,0.202376249880999,-11.2782460681844,1.68063306014537e-29,1.8041284672316e-28,"Downregulated"
"ENSG00000143891.19","ENSG00000143891","GALM","protein_coding",334.045750757984,1.50448934539803,0.133416955212286,11.2765978132553,1.71241140004597e-29,1.83688127383169e-28,"Upregulated"
"ENSG00000140854.15","ENSG00000140854","KATNB1","protein_coding",166.907344455004,-1.58323132164196,0.140433819723772,-11.273860703612,1.76650526569303e-29,1.8935054963331e-28,"Downregulated"
"ENSG00000100814.21","ENSG00000100814","CCNB1IP1","protein_coding",1939.90257594051,1.59228097169113,0.14128345466153,11.2701163452275,1.84326173027192e-29,1.97431995529199e-28,"Upregulated"
"ENSG00000101266.21","ENSG00000101266","CSNK2A1","protein_coding",2531.65456500215,1.18421817100031,0.105088980140335,11.2687188458668,1.87274976547143e-29,2.00442316109394e-28,"Upregulated"
"ENSG00000136870.12","ENSG00000136870","ZNF189","protein_coding",207.262030738426,-1.70075489181248,0.151051472836426,-11.2594393147972,2.08078348822188e-29,2.2237989905097e-28,"Downregulated"
"ENSG00000123908.13","ENSG00000123908","AGO2","protein_coding",1722.29907995484,1.05551434684592,0.0937798553207397,11.2552353939545,2.18242625643166e-29,2.33070901313247e-28,"Upregulated"
"ENSG00000182150.22","ENSG00000182150","ERCC6L2","protein_coding",294.529170433374,-2.1768603008274,0.193504424558267,-11.2496668011429,2.32468580224977e-29,2.48080608587656e-28,"Downregulated"
"ENSG00000182749.8","ENSG00000182749","PAQR7","protein_coding",92.7693831130663,2.16329928770542,0.192378373841124,11.2450232555349,2.45032097075246e-29,2.60911473241327e-28,"Upregulated"
"ENSG00000101955.17","ENSG00000101955","SRPX","protein_coding",75.6569865477263,2.3922272345985,0.21274174977248,11.2447473857713,2.45799335490995e-29,2.61536267983517e-28,"Upregulated"
"ENSG00000226137.6","ENSG00000226137","BAIAP2-DT","lncRNA",90.9860141360026,-4.21390324487292,0.374783313419897,-11.2435722028845,2.49094504675837e-29,2.64847950239342e-28,"Downregulated"
"ENSG00000188522.18","ENSG00000188522","FAM83G","protein_coding",1271.85756984782,1.40787317321254,0.125227976535412,11.2424812103741,2.52192826288269e-29,2.67945633326217e-28,"Upregulated"
"ENSG00000164611.15","ENSG00000164611","PTTG1","protein_coding",696.459896881863,1.71560232546672,0.152672487637413,11.2371413606698,2.67917936216604e-29,2.84236217543999e-28,"Upregulated"
"ENSG00000128849.13","ENSG00000128849","CGNL1","protein_coding",58.5037175437785,3.15779478944216,0.281293962775772,11.2259600536089,3.04065907007827e-29,3.2211426347642e-28,"Upregulated"
"ENSG00000100211.14","ENSG00000100211","CBY1","protein_coding",111.683754645659,-1.61718376647809,0.144065659452665,-11.2253244293061,3.06260340405374e-29,3.24201961516047e-28,"Downregulated"
"ENSG00000128524.6","ENSG00000128524","ATP6V1F","protein_coding",818.203448362224,1.04962107590423,0.0935133880360203,11.2242866818164,3.09876886558039e-29,3.27790937226211e-28,"Upregulated"
"ENSG00000154217.17","ENSG00000154217","PITPNC1","protein_coding",87.8603951252391,1.69143523282814,0.150702150864307,11.2236966966127,3.11951843750022e-29,3.29745158251299e-28,"Upregulated"
"ENSG00000146263.14","ENSG00000146263","MMS22L","protein_coding",372.030197007827,-1.25392933003351,0.111729866049561,-11.2228661356964,3.14896281747805e-29,3.32614935502127e-28,"Downregulated"
"ENSG00000168884.17","ENSG00000168884","TNIP2","protein_coding",252.185002445198,1.34425984131964,0.11979905283489,11.2209555043171,3.21774796710017e-29,3.39632946389043e-28,"Upregulated"
"ENSG00000109881.19","ENSG00000109881","CCDC34","protein_coding",128.816949027101,-1.54490157298035,0.13768217020938,-11.220781678782,3.22407940503711e-29,3.40053557043652e-28,"Downregulated"
"ENSG00000132510.13","ENSG00000132510","KDM6B","protein_coding",621.494320857196,1.4218195547827,0.126718501030787,11.2202996659285,3.2417010251732e-29,3.41663500049527e-28,"Upregulated"
"ENSG00000135048.16","ENSG00000135048","CEMIP2","protein_coding",1590.27321312557,-1.08610358880916,0.0969062218849515,-11.2077797243875,3.73443555880167e-29,3.9302425648623e-28,"Downregulated"
"ENSG00000140299.16","ENSG00000140299","BNIP2","protein_coding",612.670588164784,1.01283931792655,0.0903884555090188,11.2054057370799,3.83592108952815e-29,4.03411962477808e-28,"Upregulated"
"ENSG00000152669.10","ENSG00000152669","CCNO","protein_coding",93.8767285895963,1.82638440469772,0.163031542995497,11.2026444155544,3.95741162117853e-29,4.1528464311455e-28,"Upregulated"
"ENSG00000131153.11","ENSG00000131153","GINS2","protein_coding",294.747650549896,-3.23365877589956,0.288649895388752,-11.2027020537959,3.95483710005758e-29,4.1528464311455e-28,"Downregulated"
"ENSG00000148225.19","ENSG00000148225","WDR31","protein_coding",70.9112989812184,-3.03509961004943,0.271190780322523,-11.1917507167457,4.47509257631075e-29,4.68591341155313e-28,"Downregulated"
"ENSG00000116005.14","ENSG00000116005","PCYOX1","protein_coding",1314.97754301164,1.01841650549034,0.0910069982634789,11.1905295738012,4.53715634899121e-29,4.74747074437406e-28,"Upregulated"
"ENSG00000068028.20","ENSG00000068028","RASSF1","protein_coding",321.985484601017,1.43709487585836,0.128451488531169,11.1878413577874,4.67680865823223e-29,4.8900657341343e-28,"Upregulated"
"ENSG00000182481.12","ENSG00000182481","KPNA2","protein_coding",1877.90406764383,1.24922007503312,0.111662361725231,11.1874767444655,4.69607580933809e-29,4.90667127822117e-28,"Upregulated"
"ENSG00000204618.11","ENSG00000204618","RNF39","protein_coding",63.8090441572647,2.62358405507289,0.234595346535511,11.1834445730395,4.91446972701975e-29,5.12746546320879e-28,"Upregulated"
"ENSG00000094914.16","ENSG00000094914","AAAS","protein_coding",292.452220208982,-1.25518489889775,0.112277541349426,-11.1793051736982,5.1491545767741e-29,5.36845669975613e-28,"Downregulated"
"ENSG00000117625.16","ENSG00000117625","RCOR3","protein_coding",357.069371730201,1.33259255691522,0.119265020207186,11.1733730024131,5.50499081410788e-29,5.73532184601376e-28,"Upregulated"
"ENSG00000079313.17","ENSG00000079313","REXO1","protein_coding",530.255890688157,1.17508213805189,0.105212535572666,11.1686514506659,5.80555813285206e-29,6.044119860725e-28,"Upregulated"
"ENSG00000183077.18","ENSG00000183077","AFMID","protein_coding",271.182083347536,1.12700154346899,0.100922150268579,11.1670385586291,5.91191898671195e-29,6.15043287547951e-28,"Upregulated"
"ENSG00000113924.14","ENSG00000113924","HGD","protein_coding",166.5507474638,1.56974622758099,0.140621633743396,11.1629070562886,6.19326815727028e-29,6.42928668589977e-28,"Upregulated"
"ENSG00000150433.12","ENSG00000150433","TMEM218","protein_coding",66.2186709695821,-2.47003434585398,0.22134759185703,-11.1590748520517,6.46609370508771e-29,6.7029062928563e-28,"Downregulated"
"ENSG00000160213.12","ENSG00000160213","CSTB","protein_coding",1245.39063600242,1.42275986425568,0.127511571513725,11.1578882399903,6.55296525791421e-29,6.78810382542478e-28,"Upregulated"
"ENSG00000118263.18","ENSG00000118263","KLF7","protein_coding",496.318670194296,1.72942522419306,0.155022127966158,11.1559894505551,6.69439021512923e-29,6.92965021411806e-28,"Upregulated"
"ENSG00000147533.20","ENSG00000147533","GOLGA7","protein_coding",557.484282769517,1.11938759089195,0.100408558939186,11.1483284166037,7.29641615898004e-29,7.54205870013828e-28,"Upregulated"
"ENSG00000111912.22","ENSG00000111912","NCOA7","protein_coding",991.919291476184,1.47316107735888,0.132216802759285,11.1420110501457,7.83303038850291e-29,8.09096766858049e-28,"Upregulated"
"ENSG00000177971.9","ENSG00000177971","IMP3","protein_coding",364.426322986177,-1.13937927669497,0.102265565880469,-11.141377519259,7.88895788305718e-29,8.14293288043196e-28,"Downregulated"
"ENSG00000273611.7","ENSG00000273611","ZNHIT3","protein_coding",349.613668085393,1.11242014468884,0.099932955587751,11.131664605997,8.79770372488236e-29,9.05513653274113e-28,"Upregulated"
"ENSG00000278311.7","ENSG00000278311","GGNBP2","protein_coding",1098.00013204051,1.25021806370677,0.112313722576707,11.1314809537446,8.81585079275293e-29,9.06737471175128e-28,"Upregulated"
"ENSG00000116604.21","ENSG00000116604","MEF2D","protein_coding",1014.09073468171,1.85337169055315,0.16652093163294,11.1299622959023,8.96734284382872e-29,9.21664769452239e-28,"Upregulated"
"ENSG00000116212.18","ENSG00000116212","LRRC42","protein_coding",704.32371433013,1.53114979856564,0.137607333170087,11.1269491479287,9.2756032214319e-29,9.52672160772439e-28,"Upregulated"
"ENSG00000134897.16","ENSG00000134897","BIVM","protein_coding",136.898024832416,-1.86651489924625,0.167979195591273,-11.1115837450958,1.10187682593892e-28,1.1301060836169e-27,"Downregulated"
"ENSG00000196391.12","ENSG00000196391","ZNF774","protein_coding",54.9812300955426,-2.98282669257736,0.26846484010049,-11.1106791170898,1.11309733336634e-28,1.14080668706824e-27,"Downregulated"
"ENSG00000272502.1","ENSG00000272502","SNTB1-AS1","lncRNA",115.245602011458,-2.09329088109515,0.188423178471942,-11.1095189990485,1.12765283929928e-28,1.15490777011485e-27,"Downregulated"
"ENSG00000169967.19","ENSG00000169967","MAP3K2","protein_coding",1082.43866260797,1.08738771632114,0.0979574006989785,11.1006183153294,1.24579021523078e-28,1.27409963296573e-27,"Upregulated"
"ENSG00000253276.5","ENSG00000253276","CCDC71L","protein_coding",498.882744977742,-1.63892490025544,0.147724103997569,-11.0944988387434,1.33405623704457e-28,1.36340923746473e-27,"Downregulated"
"ENSG00000163807.8","ENSG00000163807","KIAA1143","protein_coding",256.766184204903,-1.77928362151949,0.160399167755558,-11.0928482137205,1.3589088519241e-28,1.38685261141438e-27,"Downregulated"
"ENSG00000162734.15","ENSG00000162734","PEA15","protein_coding",1548.97827382545,1.14813037346007,0.103509933418908,11.0919825328604,1.3721260213032e-28,1.39935610842547e-27,"Upregulated"
"ENSG00000038532.19","ENSG00000038532","CLEC16A","protein_coding",259.345280776079,-1.26663454930492,0.114256606693804,-11.0858757839656,1.46905711516458e-28,1.49715722313397e-27,"Downregulated"
"ENSG00000140519.16","ENSG00000140519","RHCG","protein_coding",23.5722216771833,4.57875259308865,0.413029569374314,11.0857743188335,1.47072372696322e-28,1.49780240696774e-27,"Upregulated"
"ENSG00000073150.15","ENSG00000073150","PANX2","protein_coding",25.3722439630988,4.99602609543778,0.450757469915774,11.0836235201411,1.50649620870671e-28,1.53315611352371e-27,"Upregulated"
"ENSG00000118689.17","ENSG00000118689","FOXO3","protein_coding",987.975213037833,1.54636442069812,0.139527214371759,11.0828875044975,1.51893492288449e-28,1.54473016859242e-27,"Upregulated"
"ENSG00000204498.12","ENSG00000204498","NFKBIL1","protein_coding",225.100129080778,1.33276592103454,0.120259367370127,11.0824291710485,1.52673221178445e-28,1.55157105281769e-27,"Upregulated"
"ENSG00000093217.13","ENSG00000093217","XYLB","protein_coding",90.9313821053605,-1.94455719988708,0.175469945705608,-11.0819957917439,1.53414149365379e-28,1.55800830595871e-27,"Downregulated"
"ENSG00000142186.20","ENSG00000142186","SCYL1","protein_coding",922.437776374885,1.07134874827717,0.0966822233346562,11.0811347869898,1.54896768243486e-28,1.5719635611937e-27,"Upregulated"
"ENSG00000172888.13","ENSG00000172888","ZNF621","protein_coding",364.326339883288,-1.38388937830014,0.124892404479574,-11.0806528552862,1.55732832782102e-28,1.5793423461709e-27,"Downregulated"
"ENSG00000148300.14","ENSG00000148300","REXO4","protein_coding",391.013413279817,-1.12252786542916,0.101321934749194,-11.0788238322512,1.58946794032123e-28,1.61080904833114e-27,"Downregulated"
"ENSG00000197157.13","ENSG00000197157","SND1","protein_coding",6156.16729452644,1.17911400906304,0.106439140529328,11.0778234698179,1.6073237912196e-28,1.62776634398004e-27,"Upregulated"
"ENSG00000118762.10","ENSG00000118762","PKD2","protein_coding",38.2841991803989,-2.65753546481815,0.239913722858735,-11.0770465030171,1.62132934173693e-28,1.64080340924941e-27,"Downregulated"
"ENSG00000101447.16","ENSG00000101447","FAM83D","protein_coding",521.533677644428,1.23095519227317,0.111128174067337,11.0768956891821,1.62406189914561e-28,1.642421845249e-27,"Upregulated"
"ENSG00000231925.16","ENSG00000231925","TAPBP","protein_coding",1389.94037666834,1.27563018134873,0.115167111707236,11.0763408271581,1.63415468596251e-28,1.65147626980256e-27,"Upregulated"
"ENSG00000188761.14","ENSG00000188761","BCL2L15","protein_coding",220.167266790337,-1.23748301177252,0.11173455068128,-11.0752046186896,1.65501657295942e-28,1.6702298172234e-27,"Downregulated"
"ENSG00000165152.11","ENSG00000165152","PGAP4","protein_coding",82.0792718891283,-1.86533437857957,0.168423461408853,-11.0752644731093,1.65391102495558e-28,1.6702298172234e-27,"Downregulated"
"ENSG00000108479.15","ENSG00000108479","GALK1","protein_coding",227.563042083069,1.37880591232961,0.124527260933106,11.0723218514401,1.70914004504466e-28,1.7236504894076e-27,"Upregulated"
"ENSG00000065485.22","ENSG00000065485","PDIA5","protein_coding",568.849937051011,1.09353558566837,0.0987721966747628,11.0712895175265,1.72894591323559e-28,1.74241197319959e-27,"Upregulated"
"ENSG00000127184.15","ENSG00000127184","COX7C","protein_coding",1755.51450879558,1.03645951980134,0.0936977087248791,11.0617381567425,1.92333705211547e-28,1.93428178759593e-27,"Upregulated"
"ENSG00000112167.12","ENSG00000112167","SAYSD1","protein_coding",156.207728384185,-1.6426297283011,0.148629239125528,-11.0518612486052,2.14716412279827e-28,2.1563896373938e-27,"Downregulated"
"ENSG00000151692.17","ENSG00000151692","RNF144A","protein_coding",67.5920253496802,1.89650507470366,0.171676949703846,11.0469406520518,2.2681304841502e-28,2.27472297413873e-27,"Upregulated"
"ENSG00000091140.17","ENSG00000091140","DLD","protein_coding",1159.54436022491,-1.12731956057164,0.102069945938457,-11.0445787955189,2.32857122626074e-28,2.33211155569943e-27,"Downregulated"
"ENSG00000165775.20","ENSG00000165775","FUNDC2","protein_coding",373.639905437041,1.14137280377993,0.103354077480704,11.0433263166905,2.3612681100905e-28,2.36322496211543e-27,"Upregulated"
"ENSG00000151746.17","ENSG00000151746","BICD1","protein_coding",238.574319332649,1.42222884484949,0.128836614061537,11.0390113494459,2.4774399160571e-28,2.47726136923205e-27,"Upregulated"
"ENSG00000087460.30","ENSG00000087460","GNAS","protein_coding",25881.9586502331,1.06027898668899,0.0960487397279028,11.0389682331352,2.47862888861887e-28,2.47726136923205e-27,"Upregulated"
"ENSG00000185436.14","ENSG00000185436","IFNLR1","protein_coding",234.120587554828,1.56012314597061,0.141374085677775,11.0354251876578,2.57829099164107e-28,2.57509256036268e-27,"Upregulated"
"ENSG00000099337.7","ENSG00000099337","KCNK6","protein_coding",238.553013918569,1.14956422767898,0.104216410807118,11.0305490159949,2.72198255418984e-28,2.71486381110249e-27,"Upregulated"
"ENSG00000165215.6","ENSG00000165215","CLDN3","protein_coding",2092.64006496731,1.61354794097908,0.146287683708938,11.0299643829858,2.73973530675394e-28,2.73069078854732e-27,"Upregulated"
"ENSG00000171792.13","ENSG00000171792","RHNO1","protein_coding",422.607028766277,-1.43893899462035,0.130477786895257,-11.0282296232958,2.79309122599549e-28,2.78195725409805e-27,"Downregulated"
"ENSG00000115310.21","ENSG00000115310","RTN4","protein_coding",3988.8874799225,1.10974551906368,0.100660295570029,11.0246598500363,2.90615088008177e-28,2.89059290007859e-27,"Upregulated"
"ENSG00000100075.12","ENSG00000100075","SLC25A1","protein_coding",714.533289755337,1.24964835699555,0.113385364010848,11.0212492405633,3.01840634484709e-28,3.00018825442551e-27,"Upregulated"
"ENSG00000157111.15","ENSG00000157111","TMEM171","protein_coding",127.403355290484,1.43167953788378,0.129928252442464,11.0190009560682,3.09474699057071e-28,3.07395979351273e-27,"Upregulated"
"ENSG00000159346.15","ENSG00000159346","ADIPOR1","protein_coding",2094.57125576398,1.00714062309148,0.091463504168382,11.0113933666631,3.36754824395386e-28,3.34263761310817e-27,"Upregulated"
"ENSG00000143622.14","ENSG00000143622","RIT1","protein_coding",364.373051160915,1.4225393277311,0.129249509705567,11.0061487348902,3.56937587249577e-28,3.53812552285969e-27,"Upregulated"
"ENSG00000198464.16","ENSG00000198464","ZNF480","protein_coding",130.964154669994,-1.94745369787721,0.176973674080678,-11.0041999636025,3.64738907647312e-28,3.61298444950433e-27,"Downregulated"
"ENSG00000177602.5","ENSG00000177602","HASPIN","protein_coding",247.352089135105,-2.0549608112172,0.186761317698268,-11.0031393895881,3.69055424939777e-28,3.65324536764156e-27,"Downregulated"
"ENSG00000123240.19","ENSG00000123240","OPTN","protein_coding",900.388597539333,1.11731862361666,0.10155856459238,11.0017173647656,3.74922656886523e-28,3.70626135306923e-27,"Upregulated"
"ENSG00000170915.11","ENSG00000170915","PAQR8","protein_coding",1163.8678321818,-1.84747048645498,0.167943374850542,-11.0005559201076,3.79783314871809e-28,3.75175173764299e-27,"Downregulated"
"ENSG00000289047.3","ENSG00000289047","ENSG00000289047","lncRNA",157.349309541762,-2.17630300952912,0.197862863248423,-10.9990473896898,3.86189956817212e-28,3.81244199877046e-27,"Downregulated"
"ENSG00000204681.13","ENSG00000204681","GABBR1","protein_coding",145.719250258876,2.23543544731901,0.203246509056439,10.9986412937516,3.87932860855503e-28,3.82704085739819e-27,"Upregulated"
"ENSG00000166166.15","ENSG00000166166","TRMT61A","protein_coding",125.690997126936,-1.82000212513543,0.1654873762781,-10.9978305661027,3.91435755106938e-28,3.8563473575865e-27,"Downregulated"
"ENSG00000116138.15","ENSG00000116138","DNAJC16","protein_coding",256.784223107519,-1.2046979688974,0.109557572505481,-10.9960264849528,3.99343600296723e-28,3.92891205397157e-27,"Downregulated"
"ENSG00000116473.17","ENSG00000116473","RAP1A","protein_coding",466.071331642934,1.15978805319624,0.105487936554668,10.9945088611644,4.06118386960269e-28,3.99285458875727e-27,"Upregulated"
"ENSG00000173166.20","ENSG00000173166","RAPH1","protein_coding",792.034287706126,1.18837982933561,0.108099031908543,10.9934363736119,4.10974681529123e-28,4.03786107438647e-27,"Upregulated"
"ENSG00000186007.11","ENSG00000186007","LEMD1","protein_coding",48.9940311388562,2.58747320338933,0.235369035318757,10.993260858996,4.11774889560698e-28,4.0429821812423e-27,"Upregulated"
"ENSG00000164535.17","ENSG00000164535","DAGLB","protein_coding",345.551296636258,1.24948441751846,0.113734767926497,10.9859495060118,4.46518310315069e-28,4.37817547570093e-27,"Upregulated"
"ENSG00000135392.21","ENSG00000135392","DNAJC14","protein_coding",301.558265034854,-1.24781811916838,0.113582923602539,-10.9859658440812,4.4643751887074e-28,4.37817547570093e-27,"Downregulated"
"ENSG00000126524.14","ENSG00000126524","SBDS","protein_coding",1542.88037684815,1.23046363563867,0.112096342212857,10.9768402014596,4.93898277589135e-28,4.82967195602007e-27,"Upregulated"
"ENSG00000137575.14","ENSG00000137575","SDCBP","protein_coding",1609.11782904995,1.30394193724309,0.11881841933374,10.9742407326641,5.08310874872134e-28,4.96390916350874e-27,"Upregulated"
"ENSG00000115484.17","ENSG00000115484","CCT4","protein_coding",3398.12038532176,1.47514306961926,0.134467486635079,10.970258361581,5.31203902175673e-28,5.18048919941444e-27,"Upregulated"
"ENSG00000143367.19","ENSG00000143367","TUFT1","protein_coding",597.587707892751,1.28244048043863,0.117099393386904,10.9517260794116,6.5193303698459e-28,6.33231472652861e-27,"Upregulated"
"ENSG00000255717.10","ENSG00000255717","SNHG1","lncRNA",1644.30332192963,1.46802267463095,0.134060996366191,10.9504085037605,6.61486185313092e-28,6.42080227565796e-27,"Upregulated"
"ENSG00000173660.14","ENSG00000173660","UQCRH","protein_coding",1460.13791131661,1.1036766019104,0.100860825189161,10.9425696234439,7.21261631024288e-28,6.99305716796347e-27,"Upregulated"
"ENSG00000146278.12","ENSG00000146278","PNRC1","protein_coding",593.890781875324,1.32576727202173,0.121157051818927,10.9425514414392,7.21406325290187e-28,6.99305716796347e-27,"Upregulated"
"ENSG00000156966.9","ENSG00000156966","B3GNT7","protein_coding",37.2449306772443,4.25497853520331,0.388868885920674,10.9419361878988,7.26319583684517e-28,7.0359782130722e-27,"Upregulated"
"ENSG00000302960.1","ENSG00000302960","ENSG00000302960","lncRNA",26.5001122691896,4.64356531138367,0.424472118208653,10.9396238579352,7.45083853249635e-28,7.21292932618151e-27,"Upregulated"
"ENSG00000181873.15","ENSG00000181873","IBA57","protein_coding",106.976075998088,-1.64462935785496,0.150446637667946,-10.9316458203929,8.13592394676906e-28,7.85515055540155e-27,"Downregulated"
"ENSG00000240476.3","ENSG00000240476","LINC00973","lncRNA",23.2478160820892,4.70617558712869,0.430507756049195,10.9316859475835,8.13232647736244e-28,7.85515055540155e-27,"Upregulated"
"ENSG00000214114.11","ENSG00000214114","MYCBP","protein_coding",241.866178015737,-1.45592764425002,0.133208611780029,-10.9296810828885,8.31401005934513e-28,8.01640943313571e-27,"Downregulated"
"ENSG00000132549.21","ENSG00000132549","VPS13B","protein_coding",262.108720754096,-1.12849445477062,0.103289680086127,-10.9255295769106,8.70312248596602e-28,8.38044193133685e-27,"Downregulated"
"ENSG00000151553.17","ENSG00000151553","FHIP2A","protein_coding",328.779863692216,1.0633357646088,0.0973275488902911,10.9253317969346,8.7221041506902e-28,8.39314298484744e-27,"Upregulated"
"ENSG00000139291.16","ENSG00000139291","TMEM19","protein_coding",148.312611797867,-2.79810181122512,0.25615774971289,-10.9233541220648,8.91418143910993e-28,8.57228383646855e-27,"Downregulated"
"ENSG00000105835.15","ENSG00000105835","NAMPT","protein_coding",1478.24998485037,1.57700700929194,0.144401535927117,10.9209850100756,9.14980609487742e-28,8.79303646730528e-27,"Upregulated"
"ENSG00000106003.14","ENSG00000106003","LFNG","protein_coding",374.117904214545,-2.81011545843326,0.257431826132928,-10.9159597732963,9.67024292757354e-28,9.26859527158702e-27,"Downregulated"
"ENSG00000110921.16","ENSG00000110921","MVK","protein_coding",233.927700866383,1.94728026856483,0.178390511526297,10.9158287170323,9.68420143534555e-28,9.27583920694169e-27,"Upregulated"
"ENSG00000152229.20","ENSG00000152229","PSTPIP2","protein_coding",219.423493561611,1.36961056509851,0.125484555752528,10.9145747608938,9.81877189892661e-28,9.39852327339791e-27,"Upregulated"
"ENSG00000185483.14","ENSG00000185483","ROR1","protein_coding",34.7509157823006,-2.59494280284491,0.237873003077193,-10.9089420374569,1.04464984909232e-27,9.99278258286858e-27,"Downregulated"
"ENSG00000173540.16","ENSG00000173540","GMPPB","protein_coding",141.694371472594,-1.86965716909226,0.171389093251386,-10.9088456775364,1.04575762983282e-27,9.99678072001133e-27,"Downregulated"
"ENSG00000100299.20","ENSG00000100299","ARSA","protein_coding",119.178418416256,-1.46023466056052,0.133883393524521,-10.9067646264364,1.06996831165159e-27,1.02214771077488e-26,"Downregulated"
"ENSG00000183762.15","ENSG00000183762","KREMEN1","protein_coding",568.999867060183,1.20386510985574,0.11046264092638,10.8983915263992,1.17312718696691e-27,1.11995778613468e-26,"Upregulated"
"ENSG00000184178.19","ENSG00000184178","SCFD2","protein_coding",106.39743968087,-1.93547469519041,0.177607797196695,-10.897464670692,1.18513592521024e-27,1.13067740804126e-26,"Downregulated"
"ENSG00000100941.11","ENSG00000100941","PNN","protein_coding",993.735034064261,1.05277639864688,0.0966136778069113,10.8967635074499,1.19430142384571e-27,1.13867212068237e-26,"Upregulated"
"ENSG00000197557.7","ENSG00000197557","IFT70A","protein_coding",51.9956273639534,-5.84207229957319,0.536301528738588,-10.8932605754716,1.241154795306e-27,1.18178812704169e-26,"Downregulated"
"ENSG00000145743.19","ENSG00000145743","FBXL17","protein_coding",230.629570853697,-1.55100107917104,0.142386265895658,-10.8929121036689,1.24591430087166e-27,1.18554104059304e-26,"Downregulated"
"ENSG00000133789.17","ENSG00000133789","SWAP70","protein_coding",433.195581613998,1.40338945225378,0.128872577114277,10.8897446119149,1.29001513335716e-27,1.22669942996141e-26,"Upregulated"
"ENSG00000175893.15","ENSG00000175893","ZDHHC21","protein_coding",108.229122126663,-2.12293374170007,0.194976448432533,-10.888154742621,1.31273086733778e-27,1.24748168717764e-26,"Downregulated"
"ENSG00000145022.7","ENSG00000145022","TCTA","protein_coding",186.597527759808,-2.30379535668755,0.211602863125213,-10.8873543706462,1.3243160967698e-27,1.25766637446841e-26,"Downregulated"
"ENSG00000127947.18","ENSG00000127947","PTPN12","protein_coding",1407.41905034005,1.00636467541449,0.0924352385223992,10.8872405318739,1.32597210697158e-27,1.25841439254958e-26,"Upregulated"
"ENSG00000119004.19","ENSG00000119004","CYP20A1","protein_coding",226.288222923864,-1.40123123933686,0.128798547070224,-10.8792472524777,1.44753370368683e-27,1.37288340535534e-26,"Downregulated"
"ENSG00000174606.16","ENSG00000174606","ANGEL2","protein_coding",239.465435725973,-1.18727684717507,0.109143430967465,-10.8781338157585,1.46532144850603e-27,1.38884489416281e-26,"Downregulated"
"ENSG00000165392.13","ENSG00000165392","WRN","protein_coding",294.788610731436,-1.14088193153326,0.104945861069903,-10.871147465009,1.58198549871183e-27,1.49746138780744e-26,"Downregulated"
"ENSG00000024862.20","ENSG00000024862","CCDC28A","protein_coding",227.603533222182,1.17574782323124,0.10815659865379,10.8707914067714,1.58817192489289e-27,1.50233600101487e-26,"Upregulated"
"ENSG00000169991.12","ENSG00000169991","IFFO2","protein_coding",512.185073703172,1.89253832153228,0.174113362677428,10.8695753871488,1.60948142005121e-27,1.52050878353208e-26,"Upregulated"
"ENSG00000070404.12","ENSG00000070404","FSTL3","protein_coding",435.1207147384,1.19011382321535,0.109489828594124,10.8696290650621,1.60853481541545e-27,1.52050878353208e-26,"Upregulated"
"ENSG00000104081.16","ENSG00000104081","BMF","protein_coding",204.481824460357,1.97494509157672,0.181718427119025,10.8681608292985,1.63462709611692e-27,1.54325836331768e-26,"Upregulated"
"ENSG00000138380.20","ENSG00000138380","CARF","protein_coding",48.0021897964768,-3.08449178401285,0.283867361616068,-10.8659613646765,1.67450152724435e-27,1.5798747482308e-26,"Downregulated"
"ENSG00000172794.22","ENSG00000172794","RAB37","protein_coding",54.7359844773921,-2.69389349340659,0.247961149113535,-10.8641757107406,1.7075822011929e-27,1.61003781780661e-26,"Downregulated"
"ENSG00000164494.14","ENSG00000164494","PDSS2","protein_coding",354.824019507351,-1.14588445701531,0.105500420241165,-10.8614207829306,1.75989502409069e-27,1.65828339981289e-26,"Downregulated"
"ENSG00000121578.15","ENSG00000121578","B4GALT4","protein_coding",520.99017354544,1.00638489027979,0.0926577362222586,10.861315323588,1.76192884946429e-27,1.65912104525254e-26,"Upregulated"
"ENSG00000076826.12","ENSG00000076826","CAMSAP3","protein_coding",1005.07774553043,1.44610943571087,0.133146120866742,10.8610707266358,1.76665497607772e-27,1.66249116320248e-26,"Upregulated"
"ENSG00000107758.18","ENSG00000107758","PPP3CB","protein_coding",264.746890994986,-1.39620787710737,0.128590671565186,-10.8577695420122,1.83168426747973e-27,1.72145060987784e-26,"Downregulated"
"ENSG00000122884.15","ENSG00000122884","P4HA1","protein_coding",558.25960332654,1.67323404842128,0.154124507282787,10.8563788972979,1.85978379419179e-27,1.74672629587993e-26,"Upregulated"
"ENSG00000258056.4","ENSG00000258056","CD63-AS1","lncRNA",45.1956533884585,-3.04958982291747,0.28117700621394,-10.8458008852869,2.08799053840415e-27,1.95725477894909e-26,"Downregulated"
"ENSG00000176055.11","ENSG00000176055","MBLAC2","protein_coding",106.732395789561,-2.24175067046225,0.206784958654683,-10.840975499605,2.20111358994856e-27,2.0606290791689e-26,"Downregulated"
"ENSG00000137364.7","ENSG00000137364","TPMT","protein_coding",415.984521363244,1.00121335186996,0.0923832358316022,10.8376086078538,2.28362404855541e-27,2.13649320281892e-26,"Upregulated"
"ENSG00000115756.15","ENSG00000115756","HPCAL1","protein_coding",513.74493355076,1.25185996698785,0.115560188857592,10.8329692030059,2.40236613630361e-27,2.24468665682217e-26,"Upregulated"
"ENSG00000120925.18","ENSG00000120925","RNF170","protein_coding",181.817738818518,-1.90992421199389,0.176328603082996,-10.8316187992195,2.4380651115387e-27,2.2765747162641e-26,"Downregulated"
"ENSG00000132361.20","ENSG00000132361","CLUH","protein_coding",2203.65837042748,1.0507033201104,0.0970110089106021,10.8307637649522,2.4609400901151e-27,2.29645484777515e-26,"Upregulated"
"ENSG00000068323.19","ENSG00000068323","TFE3","protein_coding",529.254312770458,1.13504311981977,0.104807333507824,10.8298062915133,2.48680834160799e-27,2.31611995415057e-26,"Upregulated"
"ENSG00000142453.14","ENSG00000142453","CARM1","protein_coding",1494.29644780576,1.06527671315276,0.0983774622034544,10.8284630370894,2.52355441798483e-27,2.34883433689378e-26,"Upregulated"
"ENSG00000128245.17","ENSG00000128245","YWHAH","protein_coding",1266.13377116345,1.0589458740198,0.0978088294123127,10.8266899868091,2.57288361849827e-27,2.39321112960699e-26,"Upregulated"
"ENSG00000146112.14","ENSG00000146112","PPP1R18","protein_coding",360.624253325583,1.8805748397588,0.173712883732034,10.8257649021574,2.59899940378347e-27,2.41595249259974e-26,"Upregulated"
"ENSG00000096384.22","ENSG00000096384","HSP90AB1","protein_coding",17954.4794715192,1.45173470451753,0.134198939876079,10.8177807206084,2.83560472245939e-27,2.62914802545626e-26,"Upregulated"
"ENSG00000003436.18","ENSG00000003436","TFPI","protein_coding",58.0940351845656,1.89420186899549,0.175107889073891,10.8173416915339,2.84921740948266e-27,2.640080479426e-26,"Upregulated"
"ENSG00000074370.21","ENSG00000074370","ATP2A3","protein_coding",523.009148191003,-1.3011191984478,0.120302855836905,-10.8153641856327,2.91134039246448e-27,2.69591980623612e-26,"Downregulated"
"ENSG00000177370.7","ENSG00000177370","TIMM22","protein_coding",207.387833672739,-1.305574121898,0.120725248747567,-10.8144247822419,2.94132034102604e-27,2.72194216999677e-26,"Downregulated"
"ENSG00000143590.16","ENSG00000143590","EFNA3","protein_coding",255.128175146733,1.77903366595529,0.164520261483237,10.8134624265508,2.97235024355584e-27,2.74890234394456e-26,"Upregulated"
"ENSG00000112118.22","ENSG00000112118","MCM3","protein_coding",1909.08343626337,-1.88432814208854,0.17450398614449,-10.7981954092917,3.51034867594317e-27,3.236130598713e-26,"Downregulated"
"ENSG00000141854.11","ENSG00000141854","MISP3","protein_coding",163.250625021247,2.32144728086352,0.215043569122669,10.7952415891092,3.62507876367536e-27,3.33977377261178e-26,"Upregulated"
"ENSG00000155254.14","ENSG00000155254","MARVELD1","protein_coding",258.647176371634,-2.29130865465063,0.212267904091888,-10.7944188003984,3.65769382248755e-27,3.36768099590149e-26,"Downregulated"
"ENSG00000166439.8","ENSG00000166439","RNF169","protein_coding",441.461820875989,1.04589478638464,0.0969049360668154,10.7929980539227,3.7146981671994e-27,3.41799402152722e-26,"Upregulated"
"ENSG00000272711.1","ENSG00000272711","HK2-DT","lncRNA",28.7443060861574,-4.94606431486556,0.458319326961384,-10.7917428393376,3.76579335662595e-27,3.46280947488726e-26,"Downregulated"
"ENSG00000113790.13","ENSG00000113790","EHHADH","protein_coding",195.981132364558,-1.53505403150718,0.142346903390342,-10.7838948016859,4.10143642606573e-27,3.76666772411562e-26,"Downregulated"
"ENSG00000125740.16","ENSG00000125740","FOSB","protein_coding",28.7012903863755,3.26248876623059,0.302607242105224,10.7812646635078,4.22042921809892e-27,3.87349336470484e-26,"Upregulated"
"ENSG00000176390.14","ENSG00000176390","CRLF3","protein_coding",318.27920497113,1.03909610105054,0.0963962447988622,10.779425103319,4.30568287539132e-27,3.94923773608677e-26,"Upregulated"
"ENSG00000007541.19","ENSG00000007541","PIGQ","protein_coding",155.859928435556,-2.44662438720629,0.227067970332562,-10.7748546993351,4.52495987054834e-27,4.14773677697575e-26,"Downregulated"
"ENSG00000185219.20","ENSG00000185219","ZNF445","protein_coding",299.4245448841,-1.59624992582343,0.148221722250471,-10.7693386744354,4.80439661606283e-27,4.39831432469884e-26,"Downregulated"
"ENSG00000185753.15","ENSG00000185753","CXorf38","protein_coding",1112.29392846122,1.27169718269793,0.118094746718766,10.7684483690573,4.85107519481095e-27,4.43824379565658e-26,"Upregulated"
"ENSG00000136925.17","ENSG00000136925","TSTD2","protein_coding",361.81272318668,-1.35511175695338,0.125845069255606,-10.7680957622661,4.86968639136435e-27,4.45246026395282e-26,"Downregulated"
"ENSG00000133422.16","ENSG00000133422","MORC2","protein_coding",327.724910551704,-1.42408573085075,0.132294520276796,-10.7645103355088,5.06299821383575e-27,4.62629067559317e-26,"Downregulated"
"ENSG00000159388.7","ENSG00000159388","BTG2","protein_coding",367.892923725476,1.17508998305533,0.109193967780304,10.7614917466832,5.23163437465579e-27,4.77736895762519e-26,"Upregulated"
"ENSG00000163946.16","ENSG00000163946","TASOR","protein_coding",820.937287056441,-1.57003536629322,0.145927566803211,-10.7590046259763,5.374755446066e-27,4.90188520606598e-26,"Downregulated"
"ENSG00000156304.17","ENSG00000156304","SCAF4","protein_coding",562.185454454832,1.17247140626505,0.10897570663744,10.7590163206359,5.37407347633746e-27,4.90188520606598e-26,"Upregulated"
"ENSG00000134470.23","ENSG00000134470","IL15RA","protein_coding",98.2542810098049,1.36239993132148,0.126633212816982,10.7586303862519,5.39662446665565e-27,4.91873470256439e-26,"Upregulated"
"ENSG00000101752.15","ENSG00000101752","MIB1","protein_coding",1003.71569603258,1.12290297523036,0.104405283258799,10.7552313463574,5.59933389286313e-27,5.10028578097879e-26,"Upregulated"
"ENSG00000067221.16","ENSG00000067221","STOML1","protein_coding",83.5764086496769,-2.20488136180503,0.205020556225104,-10.7544404444214,5.64757349403973e-27,5.14099466555425e-26,"Downregulated"
"ENSG00000197111.18","ENSG00000197111","PCBP2","protein_coding",3622.11299887478,1.02975108942695,0.0957857234659206,10.750569627355,5.88967596054603e-27,5.35801531828205e-26,"Upregulated"
"ENSG00000103855.20","ENSG00000103855","CD276","protein_coding",824.256496121547,1.07987196721814,0.100517062855623,10.7431707268368,6.38143528310163e-27,5.79447118563339e-26,"Upregulated"
"ENSG00000001617.14","ENSG00000001617","SEMA3F","protein_coding",435.751368704203,1.34780191876119,0.125457586577899,10.7430882063423,6.38714336030135e-27,5.79602264104491e-26,"Upregulated"
"ENSG00000139517.11","ENSG00000139517","LNX2","protein_coding",1333.65666206511,1.11573285914752,0.103861323320055,10.7425249696591,6.42623879240529e-27,5.82785059947043e-26,"Upregulated"
"ENSG00000176454.17","ENSG00000176454","LPCAT4","protein_coding",370.558707497577,1.06938567695817,0.0995484463985149,10.7423643024742,6.43743446886577e-27,5.83435274063807e-26,"Upregulated"
"ENSG00000055732.15","ENSG00000055732","MCOLN3","protein_coding",95.6276626211968,-2.12016998068011,0.197422147308703,-10.7392711992179,6.65677898933083e-27,6.0293775695864e-26,"Downregulated"
"ENSG00000118894.17","ENSG00000118894","EEF2KMT","protein_coding",105.533064537445,-2.58936204594524,0.241115812240089,-10.7390802033627,6.67056363594723e-27,6.03808920750451e-26,"Downregulated"
"ENSG00000103642.13","ENSG00000103642","LACTB","protein_coding",177.815183788079,1.27928255031393,0.11913274049969,10.7382953245943,6.72750805217517e-27,6.0858331268491e-26,"Upregulated"
"ENSG00000135900.6","ENSG00000135900","MRPL44","protein_coding",548.158644081094,1.02606565164957,0.0956083737261448,10.7319642794948,7.20481335704109e-27,6.50948598318201e-26,"Upregulated"
"ENSG00000131061.17","ENSG00000131061","ZNF341","protein_coding",112.410208538881,2.15622499191825,0.200987831834462,10.7281369834078,7.50948697922865e-27,6.7805286793135e-26,"Upregulated"
"ENSG00000071051.16","ENSG00000071051","NCK2","protein_coding",1480.17593213861,1.34293355379588,0.125213577787122,10.7251432115375,7.75668233802713e-27,6.99501185082073e-26,"Upregulated"
"ENSG00000223573.8","ENSG00000223573","TINCR","protein_coding",29.1560042003501,5.90449179761874,0.550613048945037,10.7234868641991,7.89689600539441e-27,7.11702841481193e-26,"Upregulated"
"ENSG00000167658.18","ENSG00000167658","EEF2","protein_coding",48612.5698239806,1.23965709838278,0.115641923706747,10.7197896631881,8.21900293859312e-27,7.40272160261601e-26,"Upregulated"
"ENSG00000135829.19","ENSG00000135829","DHX9","protein_coding",1841.83994070102,-1.81500873321106,0.16933251921998,-10.7186070435365,8.32475931868212e-27,7.49331751840629e-26,"Downregulated"
"ENSG00000188064.11","ENSG00000188064","WNT7B","protein_coding",39.9031435802037,2.35341016289164,0.219570544857961,10.7182416676793,8.35770524920971e-27,7.51830319500603e-26,"Upregulated"
"ENSG00000157911.13","ENSG00000157911","PEX10","protein_coding",183.965934544605,-1.36232763374758,0.127112012595117,-10.7175364934778,8.42165674600762e-27,7.56643828661763e-26,"Downregulated"
"ENSG00000157827.23","ENSG00000157827","FMNL2","protein_coding",878.999659653048,1.0366176053744,0.0967375493820463,10.7157728513514,8.58373159992556e-27,7.70727622962337e-26,"Upregulated"
"ENSG00000114631.13","ENSG00000114631","PODXL2","protein_coding",145.861546167058,-1.27752218270827,0.119244825817093,-10.7134391278983,8.80295828084723e-27,7.88945401397886e-26,"Downregulated"
"ENSG00000163659.15","ENSG00000163659","TIPARP","protein_coding",1483.57931120775,1.91336913342713,0.178647660250873,10.7102949500722,9.10711944711502e-27,8.15700710924542e-26,"Upregulated"
"ENSG00000114395.13","ENSG00000114395","CYB561D2","protein_coding",72.8510079678258,-3.38760799844419,0.316314785459676,-10.7096100282547,9.17474707785328e-27,8.21250368451203e-26,"Downregulated"
"ENSG00000124659.7","ENSG00000124659","TBCC","protein_coding",150.781344157668,-1.91782942409277,0.17910913513363,-10.707602505377,9.3758471631002e-27,8.38733191899062e-26,"Downregulated"
"ENSG00000183665.5","ENSG00000183665","TYW2","protein_coding",75.6680949332987,-2.29788690682305,0.214666123070511,-10.7044692192455,9.69848583317755e-27,8.67060189354775e-26,"Downregulated"
"ENSG00000233429.9","ENSG00000233429","HOTAIRM1","lncRNA",25.6334765218091,3.6382248457361,0.340147908601846,10.696008276784,1.06257612306889e-26,9.49374425124187e-26,"Upregulated"
"ENSG00000173349.6","ENSG00000173349","SFT2D3","protein_coding",345.51917093912,-1.34956628568115,0.126191516445963,-10.6945880649517,1.07898028618015e-26,9.63436987512185e-26,"Downregulated"
"ENSG00000126368.7","ENSG00000126368","NR1D1","protein_coding",1051.71826190481,3.09249084727444,0.289187016306973,10.6937402887817,1.08889194884559e-26,9.71688554351618e-26,"Upregulated"
"ENSG00000176170.16","ENSG00000176170","SPHK1","protein_coding",56.3927167860325,2.6464338125058,0.247506770723237,10.692369363362,1.10511130226731e-26,9.85555261074328e-26,"Upregulated"
"ENSG00000131242.20","ENSG00000131242","RAB11FIP4","protein_coding",896.007939087465,1.24439556109011,0.116420387252436,10.6888113882654,1.14833163798262e-26,1.02346999370505e-25,"Upregulated"
"ENSG00000149929.18","ENSG00000149929","HIRIP3","protein_coding",171.282839076202,-2.44147169922483,0.228540704030994,-10.6828746746738,1.22420930081689e-26,1.09042662491938e-25,"Downregulated"
"ENSG00000104892.19","ENSG00000104892","KLC3","protein_coding",32.728177949709,3.08807733930564,0.289171717923989,10.6790434468331,1.27579437307725e-26,1.13567641613241e-25,"Upregulated"
"ENSG00000114491.16","ENSG00000114491","UMPS","protein_coding",428.027194282924,-1.0988991588356,0.102957396660519,-10.6733386281998,1.35662516040766e-26,1.2054084503144e-25,"Downregulated"
"ENSG00000155876.6","ENSG00000155876","RRAGA","protein_coding",297.828225034317,-1.01988839390859,0.0955988313163667,-10.6684190576918,1.43039341408334e-26,1.27017532824116e-25,"Downregulated"
"ENSG00000211584.16","ENSG00000211584","SLC48A1","protein_coding",354.430937316553,-1.21617771093068,0.114016085426798,-10.6667204577156,1.45677633131262e-26,1.29281093652067e-25,"Downregulated"
"ENSG00000164690.8","ENSG00000164690","SHH","protein_coding",477.290572120051,-2.46437764004813,0.2310600297102,-10.6655298328274,1.475556345026e-26,1.30867579878316e-25,"Downregulated"
"ENSG00000188917.17","ENSG00000188917","TRMT2B","protein_coding",213.649204686905,-1.53631174765647,0.144172434816076,-10.656071319156,1.63352896871372e-26,1.44436252682119e-25,"Downregulated"
"ENSG00000081026.21","ENSG00000081026","MAGI3","protein_coding",476.743592757192,-1.20090104629229,0.112697464518243,-10.6559721767111,1.63527060269016e-26,1.44502082769425e-25,"Downregulated"
"ENSG00000174306.24","ENSG00000174306","ZHX3","protein_coding",200.15247975919,-1.48448853603141,0.139330202592339,-10.6544633425591,1.66200460513705e-26,1.46774958791262e-25,"Downregulated"
"ENSG00000243477.8","ENSG00000243477","NAA80","protein_coding",94.1862069234725,1.6932319507313,0.158954124947696,10.6523309872484,1.70052677629477e-26,1.50085469196491e-25,"Upregulated"
"ENSG00000157514.20","ENSG00000157514","TSC22D3","protein_coding",864.454877242872,1.86350101769696,0.175099525112588,10.6425246813133,1.88939266090084e-26,1.66652942433201e-25,"Upregulated"
"ENSG00000254685.10","ENSG00000254685","FPGT","protein_coding",90.7614340606151,-1.98074770913513,0.186163326863472,-10.6398383747609,1.94466374478215e-26,1.71423765142232e-25,"Downregulated"
"ENSG00000110172.14","ENSG00000110172","CHORDC1","protein_coding",378.105117598232,1.254480788315,0.11793397720274,10.6371447658246,2.00169420065199e-26,1.76343783318229e-25,"Upregulated"
"ENSG00000068137.17","ENSG00000068137","PLEKHH3","protein_coding",380.38179554492,1.54042395303256,0.144861182251743,10.6337938783047,2.07496007278114e-26,1.82687250150329e-25,"Upregulated"
"ENSG00000105245.11","ENSG00000105245","NUMBL","protein_coding",147.368518973713,1.14145527591314,0.107377322033754,10.6303198319132,2.15372603432717e-26,1.89506968363505e-25,"Upregulated"
"ENSG00000160214.15","ENSG00000160214","RRP1","protein_coding",217.637353298741,-1.59046922824422,0.14975797479157,-10.6202639990144,2.3988174302639e-26,2.10816629468675e-25,"Downregulated"
"ENSG00000061987.18","ENSG00000061987","MON2","protein_coding",326.740976251151,-1.07849025625095,0.101560616127339,-10.6191779586953,2.42688817920608e-26,2.1315432420033e-25,"Downregulated"
"ENSG00000152926.19","ENSG00000152926","ZNF117","protein_coding",58.4481580709292,-2.54023655258417,0.239250060495083,-10.6174959677236,2.47100638379982e-26,2.16897786275148e-25,"Downregulated"
"ENSG00000242366.5","ENSG00000242366","UGT1A8","protein_coding",29.5651323043985,-3.08668750529948,0.290761047391097,-10.6158907219358,2.5138527635206e-26,2.20525146785354e-25,"Downregulated"
"ENSG00000234616.11","ENSG00000234616","JRK","protein_coding",171.415393048159,-1.7576973944106,0.165601534538559,-10.6140163453699,2.56481547706655e-26,2.24723735753618e-25,"Downregulated"
"ENSG00000196453.10","ENSG00000196453","ZNF777","protein_coding",197.167463870271,-1.31582438213717,0.124018594246083,-10.6098959606513,2.6804737429981e-26,2.34715561834009e-25,"Downregulated"
"ENSG00000126878.15","ENSG00000126878","AIF1L","protein_coding",285.344532617151,1.08628408612443,0.102391598827858,10.6091134288342,2.70301637520523e-26,2.36546577955762e-25,"Upregulated"
"ENSG00000249673.10","ENSG00000249673","NOP14-AS1","lncRNA",60.545257603306,-3.06262528877332,0.288979730815882,-10.598062639641,3.0421690135948e-26,2.66065862070101e-25,"Downregulated"
"ENSG00000134851.15","ENSG00000134851","TMEM165","protein_coding",348.027762332201,-1.09809328290295,0.103634581380997,-10.5958191587224,3.11600858873504e-26,2.72359447936962e-25,"Downregulated"
"ENSG00000105327.20","ENSG00000105327","BBC3","protein_coding",521.135103382935,1.42188412404952,0.134221122802601,10.5935943192837,3.19098873165774e-26,2.78745079561085e-25,"Upregulated"
"ENSG00000119718.13","ENSG00000119718","EIF2B2","protein_coding",337.002721042223,1.05509360140788,0.099638162101103,10.5892519408103,3.34252252937045e-26,2.91455093234877e-25,"Upregulated"
"ENSG00000132467.4","ENSG00000132467","UTP3","protein_coding",157.347323869619,-1.2266059621039,0.115842914153795,-10.5885281897815,3.36846338736791e-26,2.93540417376643e-25,"Downregulated"
"ENSG00000021300.15","ENSG00000021300","PLEKHB1","protein_coding",168.078296170232,-1.58617911078133,0.149884357896684,-10.5826860990704,3.58529659136636e-26,3.12248306502892e-25,"Downregulated"
"ENSG00000166415.17","ENSG00000166415","WDR72","protein_coding",277.935304156479,-1.89889194421319,0.179434886764734,-10.5826240284194,3.58767312976013e-26,3.12267621600504e-25,"Downregulated"
"ENSG00000116273.8","ENSG00000116273","PHF13","protein_coding",368.120327404043,1.64520513664622,0.155471635843662,10.5820275686852,3.61058991252321e-26,3.1407364353113e-25,"Upregulated"
"ENSG00000137168.10","ENSG00000137168","PPIL1","protein_coding",290.98339998409,-1.50804289984402,0.142584758216821,-10.5764663678205,3.83136508304599e-26,3.32878553857929e-25,"Downregulated"
"ENSG00000072364.15","ENSG00000072364","AFF4","protein_coding",1558.150525209,1.1112134040312,0.105070862015188,10.5758474111554,3.85675000927961e-26,3.348832902006e-25,"Upregulated"
"ENSG00000154252.13","ENSG00000154252","GAL3ST2","protein_coding",92.3308037773082,-4.24865313542686,0.401800808037244,-10.5740283504682,3.93232315585604e-26,3.41036667711943e-25,"Downregulated"
"ENSG00000109265.17","ENSG00000109265","CRACD","protein_coding",83.2086696862219,1.72103407663773,0.162779963475827,10.5727636245189,3.98572966075805e-26,3.45461688060441e-25,"Upregulated"
"ENSG00000178988.13","ENSG00000178988","MRFAP1L1","protein_coding",193.719098251309,-1.87773214823399,0.177648951856674,-10.5699027695302,4.10920439819444e-26,3.55525911275426e-25,"Downregulated"
"ENSG00000070444.17","ENSG00000070444","MNT","protein_coding",733.662300261845,1.65850399311552,0.156986554945189,10.5646244271974,4.34705235902752e-26,3.75879968896342e-25,"Upregulated"
"ENSG00000177383.6","ENSG00000177383","MAGEF1","protein_coding",223.983227433999,-1.92764208287181,0.182463026866686,-10.5645626731832,4.34991431799869e-26,3.7590315024709e-25,"Downregulated"
"ENSG00000267795.8","ENSG00000267795","SMIM22","protein_coding",211.658434097228,-1.55642663754731,0.147330379023991,-10.5641935346808,4.36706085058584e-26,3.77159987167402e-25,"Downregulated"
"ENSG00000125207.8","ENSG00000125207","PIWIL1","protein_coding",35.6615315504216,-2.91054895370911,0.275512293737483,-10.5641345953236,4.36980478738253e-26,3.77172191654245e-25,"Downregulated"
"ENSG00000113966.13","ENSG00000113966","ARL6","protein_coding",38.3125312250302,-2.84986759819938,0.26993723612887,-10.5575193666087,4.68889176048618e-26,4.04232120124722e-25,"Downregulated"
"ENSG00000214293.12","ENSG00000214293","APTR","lncRNA",174.266861394686,1.08984200070596,0.103247498561716,10.5556261980963,4.78438686557289e-26,4.12219586539134e-25,"Upregulated"
"ENSG00000067560.16","ENSG00000067560","RHOA","protein_coding",4304.13832981201,1.06594843314294,0.101044934029513,10.5492516114821,5.12033061279998e-26,4.40902146409372e-25,"Upregulated"
"ENSG00000262879.8","ENSG00000262879","ENSG00000262879","lncRNA",97.2775206150526,-1.5421931226797,0.14627262426787,-10.5432792390152,5.45625023534305e-26,4.6954856538356e-25,"Downregulated"
"ENSG00000155792.12","ENSG00000155792","DEPTOR","protein_coding",106.272830900132,-2.51116975438855,0.238209540373141,-10.5418521460347,5.5396982797624e-26,4.76164338495354e-25,"Downregulated"
"ENSG00000141034.12","ENSG00000141034","GID4","protein_coding",458.70988424152,1.5388742380432,0.145978529407022,10.5417847699539,5.54366915954694e-26,4.76223197748395e-25,"Upregulated"
"ENSG00000148334.18","ENSG00000148334","PTGES2","protein_coding",752.805915817952,-1.00691087078833,0.095532662850555,-10.5399644555441,5.65202565829162e-26,4.85243814217785e-25,"Downregulated"
"ENSG00000081307.17","ENSG00000081307","UBA5","protein_coding",281.090072981591,-1.12634460527918,0.10686913669981,-10.5394751006834,5.68151144370245e-26,4.87486464429461e-25,"Downregulated"
"ENSG00000007923.19","ENSG00000007923","DNAJC11","protein_coding",334.588526781498,-1.37907341444838,0.130851629231383,-10.5392147010243,5.69726377272765e-26,4.88548796416385e-25,"Downregulated"
"ENSG00000168495.15","ENSG00000168495","POLR3D","protein_coding",377.288004322274,1.41945633330705,0.134686906272422,10.5389333870065,5.71432992056841e-26,4.89722467231682e-25,"Upregulated"
"ENSG00000155324.12","ENSG00000155324","GRAMD2B","protein_coding",249.611681797974,1.51355061626106,0.143712315518006,10.5318087096817,6.16385721333902e-26,5.2793509891081e-25,"Upregulated"
"ENSG00000165782.13","ENSG00000165782","PIP4P1","protein_coding",298.922960416534,1.03790515212103,0.098638240245174,10.522340519673,6.81590576413735e-26,5.83438312663192e-25,"Upregulated"
"ENSG00000205356.12","ENSG00000205356","TECPR1","protein_coding",169.596106567697,-1.3291431281993,0.126328586161975,-10.5213172139448,6.89034795015706e-26,5.89462352382976e-25,"Downregulated"
"ENSG00000186001.16","ENSG00000186001","LRCH3","protein_coding",194.12075170914,-1.7528512166528,0.166629720249794,-10.5194392334399,7.02906762896199e-26,6.00974914919865e-25,"Downregulated"
"ENSG00000148344.12","ENSG00000148344","PTGES","protein_coding",545.893255312037,1.51693158554381,0.144204650033022,10.5192972986408,7.03966365799375e-26,6.01525977191305e-25,"Upregulated"
"ENSG00000115392.15","ENSG00000115392","FANCL","protein_coding",282.359261469038,-1.60244841007489,0.152428728825201,-10.5127715911907,7.54431846771501e-26,6.44267903559965e-25,"Downregulated"
"ENSG00000047932.16","ENSG00000047932","GOPC","protein_coding",638.36256847717,-1.05360350143918,0.100256483199013,-10.5090809872887,7.8454320584498e-26,6.68800008182673e-25,"Downregulated"
"ENSG00000268041.3","ENSG00000268041","ERFL","protein_coding",33.8276276787611,3.61806231786111,0.344558956827986,10.5005609233585,8.58683479633383e-26,7.31142243645534e-25,"Upregulated"
"ENSG00000092445.14","ENSG00000092445","TYRO3","protein_coding",529.548117518768,1.1987016643382,0.114158127214742,10.5003620292695,8.60494712458418e-26,7.3182449371757e-25,"Upregulated"
"ENSG00000106211.12","ENSG00000106211","HSPB1","protein_coding",758.996227463093,2.01156621402322,0.191584126391301,10.4996496939141,8.67012729935103e-26,7.36935394851584e-25,"Upregulated"
"ENSG00000097046.15","ENSG00000097046","CDC7","protein_coding",88.8318668502629,-2.94012307836363,0.280154770122979,-10.4946386494615,9.14268591401021e-26,7.76645980456248e-25,"Downregulated"
"ENSG00000165113.15","ENSG00000165113","GKAP1","protein_coding",86.4496015989634,2.03807733200292,0.194202936946412,10.4945752317088,9.14882712664673e-26,7.76712376797683e-25,"Upregulated"
"ENSG00000076770.18","ENSG00000076770","MBNL3","protein_coding",95.3739564742868,-2.52048274877981,0.240181561113921,-10.4940726385916,9.1976417749245e-26,7.80399441464906e-25,"Downregulated"
"ENSG00000080845.21","ENSG00000080845","DLGAP4","protein_coding",1266.62544762963,1.25857273471273,0.119932964386044,10.4939683693768,9.20780127082943e-26,7.80804306710709e-25,"Upregulated"
"ENSG00000115282.23","ENSG00000115282","TTC31","protein_coding",116.188071233958,-2.10543356830723,0.200662492955277,-10.4924120960487,9.36076571707949e-26,7.93311209192491e-25,"Downregulated"
"ENSG00000198830.15","ENSG00000198830","HMGN2","protein_coding",634.490818518037,-1.1898236616357,0.113416578414418,-10.4907384640731,9.52807665201233e-26,8.07018625604691e-25,"Downregulated"
"ENSG00000101342.12","ENSG00000101342","TLDC2","protein_coding",121.493136275738,-1.88370568925099,0.179586506160065,-10.4891271038596,9.69196192548885e-26,8.2042004803846e-25,"Downregulated"
"ENSG00000166004.16","ENSG00000166004","CEP295","protein_coding",189.473936035696,-1.30474707906903,0.124402744088086,-10.4880892188775,9.79899740332204e-26,8.28996324395464e-25,"Downregulated"
"ENSG00000154930.17","ENSG00000154930","ACSS1","protein_coding",684.753195835793,-1.60566596663705,0.153097447666472,-10.4878689430215,9.8218643858052e-26,8.30446083308571e-25,"Downregulated"
"ENSG00000131503.23","ENSG00000131503","ANKHD1","protein_coding",47.8052003482522,2.83501765662952,0.27034926955598,10.4865001532489,9.96514953159221e-26,8.41578945290409e-25,"Upregulated"
"ENSG00000160606.12","ENSG00000160606","TLCD1","protein_coding",91.2385437948124,-1.7735466075272,0.169211065805069,-10.4812684624913,1.05321525830862e-25,8.87911316079612e-25,"Downregulated"
"ENSG00000197013.13","ENSG00000197013","ZNF429","protein_coding",67.8683697636496,-1.68461433743353,0.160739551774381,-10.4803971321141,1.06296438086573e-25,8.95609291134082e-25,"Downregulated"
"ENSG00000070759.19","ENSG00000070759","TESK2","protein_coding",93.3072760496919,1.52807521751321,0.145886019191972,10.4744459131646,1.13198544059412e-25,9.53209355321905e-25,"Upregulated"
"ENSG00000185875.15","ENSG00000185875","THNSL1","protein_coding",74.7309849357443,-2.03521631860296,0.194463413339444,-10.4658057968488,1.2401682153138e-25,1.04309447337943e-24,"Downregulated"
"ENSG00000177302.18","ENSG00000177302","TOP3A","protein_coding",478.988374013406,-1.11451566182896,0.106552768991043,-10.4597531568856,1.3219961661206e-25,1.10998658397565e-24,"Downregulated"
"ENSG00000160746.15","ENSG00000160746","ANO10","protein_coding",283.925263503103,1.00080228040073,0.0957044679520121,10.4572158627176,1.35787021452581e-25,1.13878791370995e-24,"Upregulated"
"ENSG00000138463.11","ENSG00000138463","SLC49A4","protein_coding",158.004900888574,-1.19599234513959,0.114479456348583,-10.4472224387393,1.50879340883784e-25,1.26316776897042e-24,"Downregulated"
"ENSG00000170485.19","ENSG00000170485","NPAS2","protein_coding",510.213096978622,1.09844190054141,0.105154898788764,10.4459413036759,1.52930629792206e-25,1.2796020132498e-24,"Upregulated"
"ENSG00000213085.11","ENSG00000213085","CFAP45","protein_coding",24.8312269345582,5.75336245677333,0.55119464708791,10.4379868113192,1.6629999408182e-25,1.38906023875143e-24,"Upregulated"
"ENSG00000146243.15","ENSG00000146243","IRAK1BP1","protein_coding",120.304243176374,-2.03976808763388,0.195424879253796,-10.4376069997969,1.6696655033901e-25,1.39382445133234e-24,"Downregulated"
"ENSG00000100413.19","ENSG00000100413","POLR3H","protein_coding",175.180423955708,-2.22002640331416,0.212721800482713,-10.4362900195299,1.69298379533901e-25,1.41247675083782e-24,"Downregulated"
"ENSG00000154370.18","ENSG00000154370","TRIM11","protein_coding",575.526081596112,1.07913006741897,0.10346114731838,10.4302928721462,1.80331605069429e-25,1.50193426475067e-24,"Upregulated"
"ENSG00000125148.9","ENSG00000125148","MT2A","protein_coding",129.34108305229,5.2674742847526,0.505282222897882,10.4248161642076,1.91028388494853e-25,1.59011108906801e-24,"Upregulated"
"ENSG00000033011.16","ENSG00000033011","ALG1","protein_coding",132.229432518239,-2.49522489631457,0.239367448375044,-10.4242448722811,1.92179789119071e-25,1.5987769827288e-24,"Downregulated"
"ENSG00000175764.19","ENSG00000175764","TTLL11","protein_coding",79.6708026962256,-4.25377552600786,0.40821968786154,-10.4203095845065,2.00300137222862e-25,1.66537555285927e-24,"Downregulated"
"ENSG00000156983.19","ENSG00000156983","BRPF1","protein_coding",413.914746605423,1.38414545483036,0.132871024883534,10.4172106450117,2.069332401276e-25,1.71953928665664e-24,"Upregulated"
"ENSG00000111897.9","ENSG00000111897","SERINC1","protein_coding",2452.78322944104,1.12458290824407,0.107982029703062,10.4145375979368,2.12829304493229e-25,1.76751993164233e-24,"Upregulated"
"ENSG00000115267.11","ENSG00000115267","IFIH1","protein_coding",270.384991749016,1.05414540916728,0.101246008372678,10.4117231494901,2.19217236303794e-25,1.81952817211603e-24,"Upregulated"
"ENSG00000236255.3","ENSG00000236255","ENSG00000236255","lncRNA",41.6072516408372,3.35376413888805,0.322152200946733,10.4104958123275,2.22062068893058e-25,1.84208557664465e-24,"Upregulated"
"ENSG00000213977.10","ENSG00000213977","TAX1BP3","protein_coding",141.657566583449,-1.4473484471199,0.139028605332345,-10.4104363534399,2.2220081337353e-25,1.84218202941029e-24,"Downregulated"
"ENSG00000132436.15","ENSG00000132436","FIGNL1","protein_coding",227.728079827191,-2.34949086772271,0.225778729431138,-10.4061656899318,2.32394173789767e-25,1.92558968928605e-24,"Downregulated"
"ENSG00000172878.16","ENSG00000172878","METAP1D","protein_coding",86.7484570566164,-2.40956524209115,0.231571543738313,-10.4052734770127,2.34581552599088e-25,1.94260334872342e-24,"Downregulated"
"ENSG00000073792.18","ENSG00000073792","IGF2BP2","protein_coding",1796.56019566173,1.15695180700301,0.111192113176723,10.4049808385619,2.35303428735288e-25,1.9474684690073e-24,"Upregulated"
"ENSG00000153487.15","ENSG00000153487","ING1","protein_coding",612.466664970795,1.27753222178948,0.122814217414555,10.4021525250388,2.42394719478989e-25,2.00369795547994e-24,"Upregulated"
"ENSG00000204852.19","ENSG00000204852","TCTN1","protein_coding",61.9459328348659,-2.79375222010927,0.268584209833864,-10.4017738862511,2.43359996315705e-25,2.00955730291009e-24,"Downregulated"
"ENSG00000163755.11","ENSG00000163755","HPS3","protein_coding",603.257133558889,1.06059070007105,0.101973702656607,10.4006294999658,2.4630063528903e-25,2.03268155273839e-24,"Upregulated"
"ENSG00000111602.14","ENSG00000111602","TIMELESS","protein_coding",606.266751197862,-1.32064437656816,0.127061762475507,-10.393719958219,2.64818687736708e-25,2.18426432708046e-24,"Downregulated"
"ENSG00000180035.14","ENSG00000180035","ZNF48","protein_coding",123.918040461368,-2.70605346990627,0.260372028871453,-10.3930267841569,2.6675091597768e-25,2.19895009917437e-24,"Downregulated"
"ENSG00000091947.12","ENSG00000091947","TMEM101","protein_coding",377.931280134866,1.28376251139913,0.123532209674296,10.3921278084791,2.69277640358692e-25,2.21851709157372e-24,"Upregulated"
"ENSG00000183340.9","ENSG00000183340","JRKL","protein_coding",175.604447962383,-1.62019827963365,0.156039561818964,-10.3832532003223,2.9552955293384e-25,2.43065509711533e-24,"Downregulated"
"ENSG00000111237.20","ENSG00000111237","VPS29","protein_coding",620.859974732245,-1.05051561021944,0.101232089965415,-10.3772984493192,3.1455038650618e-25,2.58269926416292e-24,"Downregulated"
"ENSG00000197958.15","ENSG00000197958","RPL12","protein_coding",7935.12290083449,1.18531155135223,0.114236695579792,10.3759264510966,3.19102012402053e-25,2.61858797493236e-24,"Upregulated"
"ENSG00000140961.16","ENSG00000140961","OSGIN1","protein_coding",156.298188511374,2.53604508871238,0.244505656748429,10.372132581463,3.32030809142372e-25,2.72160095367153e-24,"Upregulated"
"ENSG00000198700.12","ENSG00000198700","IPO9","protein_coding",1007.31813801954,-1.34922628200518,0.130083072869372,-10.3720357479567,3.32367504666911e-25,2.72282073354035e-24,"Downregulated"
"ENSG00000224789.2","ENSG00000224789","ENSG00000224789","lncRNA",50.0390246101182,-1.85193442459398,0.178609621924117,-10.3686151095532,3.44480819830326e-25,2.81727767549722e-24,"Downregulated"
"ENSG00000183317.19","ENSG00000183317","EPHA10","protein_coding",82.8519900222736,-2.05610400246448,0.198340174940141,-10.3665533373913,3.51992313302958e-25,2.87708550726817e-24,"Downregulated"
"ENSG00000143353.14","ENSG00000143353","LYPLAL1","protein_coding",107.387975071605,-1.81463341658932,0.175050738867361,-10.366328233349,3.52822181202738e-25,2.88224298195608e-24,"Downregulated"
"ENSG00000132570.17","ENSG00000132570","PCBD2","protein_coding",94.3627970327465,-2.63474649695472,0.254177363974247,-10.3657794532076,3.54853446068033e-25,2.89720345939038e-24,"Downregulated"
"ENSG00000137834.17","ENSG00000137834","SMAD6","protein_coding",249.391105645344,-1.76642708600413,0.170422278983795,-10.3650009642935,3.57754853525229e-25,2.91760457922769e-24,"Downregulated"
"ENSG00000166171.15","ENSG00000166171","DPCD","protein_coding",45.0095333100192,-2.84109988528709,0.274181521430998,-10.3621129186931,3.68725373011846e-25,3.00538138677597e-24,"Downregulated"
"ENSG00000165533.21","ENSG00000165533","TTC8","protein_coding",67.4428855178189,-2.01003450472041,0.194159954224544,-10.3524669273244,4.07839277024296e-25,3.31858888413032e-24,"Downregulated"
"ENSG00000156639.14","ENSG00000156639","ZFAND3","protein_coding",1553.35781001013,1.09233241624265,0.10553169488512,10.3507521359507,4.15210955045968e-25,3.37667629659156e-24,"Upregulated"
"ENSG00000132950.21","ENSG00000132950","ZMYM5","protein_coding",480.590336862945,1.58915214954077,0.15353788683606,10.3502280921554,4.17489983587147e-25,3.39330613692929e-24,"Upregulated"
"ENSG00000183978.9","ENSG00000183978","COA3","protein_coding",454.876254077226,-1.32373362604936,0.127919205785479,-10.3482007875289,4.26423913959593e-25,3.46397722034889e-24,"Downregulated"
"ENSG00000153214.13","ENSG00000153214","TMEM87B","protein_coding",1007.86298707985,-1.09213475036437,0.105602782177734,-10.3419126640647,4.5535709018767e-25,3.6928007560155e-24,"Downregulated"
"ENSG00000106012.21","ENSG00000106012","IQCE","protein_coding",583.391922759435,-1.64656178483104,0.159273239767982,-10.3379688090079,4.74487725396336e-25,3.83935014876812e-24,"Downregulated"
"ENSG00000185515.17","ENSG00000185515","BRCC3","protein_coding",389.181864773363,-1.44408932803546,0.139721195780216,-10.3355065061642,4.86833352814554e-25,3.93485161683687e-24,"Downregulated"
"ENSG00000225697.15","ENSG00000225697","SLC26A6","protein_coding",506.088574315304,1.22020645594825,0.118070681899867,10.3345422954623,4.91754023589521e-25,3.97019460159294e-24,"Upregulated"
"ENSG00000151929.12","ENSG00000151929","BAG3","protein_coding",594.734927686105,1.79141252638825,0.173356505131207,10.3336908241915,4.96140305925926e-25,4.00337712331766e-24,"Upregulated"
"ENSG00000189120.7","ENSG00000189120","SP6","protein_coding",740.661455634291,1.11643881919406,0.108056778958941,10.3319646388709,5.05151913734782e-25,4.07382389195574e-24,"Upregulated"
"ENSG00000130449.7","ENSG00000130449","ZSWIM6","protein_coding",296.918992650797,1.82385972709122,0.176586263779188,10.3284348853536,5.24087068566805e-25,4.2241767506508e-24,"Upregulated"
"ENSG00000127511.12","ENSG00000127511","SIN3B","protein_coding",482.066342667965,1.0801195823893,0.104579141607261,10.3282506032188,5.25094729515687e-25,4.22994598117917e-24,"Upregulated"
"ENSG00000099800.10","ENSG00000099800","TIMM13","protein_coding",355.444981114498,-1.38828076990476,0.134417533938496,-10.3281225984995,5.25795793285423e-25,4.23324035349575e-24,"Downregulated"
"ENSG00000189369.9","ENSG00000189369","GSPT2","protein_coding",188.324912340908,-2.22329130323093,0.215268342274285,-10.3279993692622,5.26471578598712e-25,4.2363276607732e-24,"Downregulated"
"ENSG00000123415.18","ENSG00000123415","SMUG1","protein_coding",205.464582455921,-1.61056112958094,0.156087402337429,-10.3183287405811,5.82278476429735e-25,4.68278561621516e-24,"Downregulated"
"ENSG00000089053.15","ENSG00000089053","ANAPC5","protein_coding",981.947896284224,-1.22310400886572,0.118543388842907,-10.3177749582186,5.8564598012447e-25,4.70725543203762e-24,"Downregulated"
"ENSG00000272398.7","ENSG00000272398","CD24","protein_coding",2222.30975750213,1.65614855278573,0.160516806409092,10.3176021865579,5.86700534026431e-25,4.71311759374226e-24,"Upregulated"
"ENSG00000160688.21","ENSG00000160688","FLAD1","protein_coding",397.08411216691,-1.02746034961719,0.0995978747271115,-10.3160870895321,5.96029263242169e-25,4.78275530614923e-24,"Downregulated"
"ENSG00000116514.19","ENSG00000116514","RNF19B","protein_coding",548.233960912546,1.66245974629382,0.16116812106663,10.3150656301721,6.02401369028646e-25,4.83121230767191e-24,"Upregulated"
"ENSG00000197362.17","ENSG00000197362","ZNF786","protein_coding",61.758713293627,-4.13936034687485,0.401296202410022,-10.3149751281361,6.02969186805612e-25,4.83309151282463e-24,"Downregulated"
"ENSG00000309250.1","ENSG00000309250","ENSG00000309250","lncRNA",27.8762082189291,3.74837125927012,0.363502218838861,10.3118249765946,6.2306747577169e-25,4.99142833548e-24,"Upregulated"
"ENSG00000151327.16","ENSG00000151327","FAM177A1","protein_coding",531.889683137933,1.38375910643446,0.134194749977831,10.3115740866394,6.24696427471203e-25,5.00171305354291e-24,"Upregulated"
"ENSG00000186638.19","ENSG00000186638","KIF24","protein_coding",105.330715021327,-2.27158233876359,0.220582001570108,-10.298130956263,7.18435799724137e-25,5.74590044680033e-24,"Downregulated"
"ENSG00000170275.17","ENSG00000170275","CRTAP","protein_coding",2458.04384003368,1.23206215752217,0.119640781827308,10.2980115868898,7.19327685122047e-25,5.74986034902852e-24,"Upregulated"
"ENSG00000173141.7","ENSG00000173141","MRPL57","protein_coding",636.761751457726,-1.05631804960993,0.102597355228063,-10.2957629586245,7.36335103474106e-25,5.87932138818002e-24,"Downregulated"
"ENSG00000268858.3","ENSG00000268858","ABHD16B-AS1","lncRNA",55.836468071229,-2.57029607079618,0.249921521431247,-10.2844127071436,8.2845582611854e-25,6.60031986372176e-24,"Downregulated"
"ENSG00000160999.13","ENSG00000160999","SH2B2","protein_coding",57.9417181920095,1.87175828005763,0.182007199878215,10.2839793223019,8.32190941457588e-25,6.61916088013357e-24,"Upregulated"
"ENSG00000155330.11","ENSG00000155330","C16orf87","protein_coding",120.99517175906,1.37662377166863,0.13386520488901,10.2836564050383,8.34984838105091e-25,6.63500067062184e-24,"Upregulated"
"ENSG00000116127.21","ENSG00000116127","ALMS1","protein_coding",252.062711688252,-1.24351217992666,0.120924472605234,-10.2833789814092,8.37392541987869e-25,6.64958505122641e-24,"Downregulated"
"ENSG00000101003.13","ENSG00000101003","GINS1","protein_coding",301.592565496538,-1.14430241258155,0.111290378500883,-10.2821324538174,8.48296074769922e-25,6.72879404245523e-24,"Downregulated"
"ENSG00000263155.9","ENSG00000263155","MYZAP","protein_coding",396.535936118519,2.03079863775568,0.19754310357305,10.2802811185191,8.6475004012997e-25,6.85555666387502e-24,"Upregulated"
"ENSG00000196810.6","ENSG00000196810","CTBP1-DT","lncRNA",67.6784295171566,-3.58472172709556,0.348724852927614,-10.2795131950049,8.71667478564514e-25,6.90661842501746e-24,"Downregulated"
"ENSG00000111344.14","ENSG00000111344","RASAL1","protein_coding",70.169592777683,1.77393660423915,0.172583834137268,10.2786950649631,8.79097501613328e-25,6.96168360294008e-24,"Upregulated"
"ENSG00000156735.13","ENSG00000156735","BAG4","protein_coding",296.052568151268,1.17381458356447,0.114202182050238,10.2783901541224,8.81882636556292e-25,6.9799252697836e-24,"Upregulated"
"ENSG00000273356.1","ENSG00000273356","LINC02019","lncRNA",25.924546150508,4.48420178076534,0.436289776642659,10.2780354269867,8.85133809793384e-25,7.00183360891142e-24,"Upregulated"
"ENSG00000103363.18","ENSG00000103363","ELOB","protein_coding",1141.4577862876,1.03657187158267,0.100867020892433,10.2766182882322,8.98241195189491e-25,7.09777066558675e-24,"Upregulated"
"ENSG00000179348.15","ENSG00000179348","GATA2","protein_coding",236.935819443956,1.74485631113543,0.169804030782893,10.27570607771,9.06779951965979e-25,7.16133790947736e-24,"Upregulated"
"ENSG00000137285.12","ENSG00000137285","TUBB2B","protein_coding",157.558469234934,2.03739721863986,0.198295425244537,10.2745548271089,9.17671124242458e-25,7.24340410268066e-24,"Upregulated"
"ENSG00000149313.13","ENSG00000149313","AASDHPPT","protein_coding",405.05012108613,-1.13624952966542,0.110597627283184,-10.2737242884612,9.25608647087967e-25,7.30207975699446e-24,"Downregulated"
"ENSG00000106785.17","ENSG00000106785","TRIM14","protein_coding",1048.70374704984,-1.21446292782172,0.118244271238772,-10.2707971819568,9.54129408137732e-25,7.522983342074e-24,"Downregulated"
"ENSG00000062038.17","ENSG00000062038","CDH3","protein_coding",1918.05593663862,1.0513232353801,0.102386824080089,10.2681496845505,9.80674740004795e-25,7.72807957158754e-24,"Upregulated"
"ENSG00000087206.19","ENSG00000087206","UIMC1","protein_coding",360.762535666415,1.30442867668735,0.127039419690111,10.2679048744812,9.83165994600976e-25,7.74350086617247e-24,"Upregulated"
"ENSG00000142546.16","ENSG00000142546","NOSIP","protein_coding",371.381399772884,1.11266605600934,0.108446711033179,10.2600258265916,1.06678204474874e-24,8.3975042870716e-24,"Upregulated"
"ENSG00000134318.18","ENSG00000134318","ROCK2","protein_coding",4575.05748043571,-1.20939285004023,0.117952910621689,-10.2531836108658,1.14508580011726e-24,9.00411471258782e-24,"Downregulated"
"ENSG00000245532.13","ENSG00000245532","NEAT1","lncRNA",1022.59377305591,1.50215546923531,0.146656659285454,10.2426679876261,1.27666389870334e-24,1.00333043492456e-23,"Upregulated"
"ENSG00000114541.17","ENSG00000114541","FRMD4B","protein_coding",239.226707978867,1.58923604340466,0.15518106854197,10.241172188957,1.2965586771683e-24,1.01786177408034e-23,"Upregulated"
"ENSG00000105011.11","ENSG00000105011","ASF1B","protein_coding",708.235667467327,1.00740824606667,0.0984599014872659,10.2316601057839,1.43045921166257e-24,1.12115818796181e-23,"Upregulated"
"ENSG00000168575.13","ENSG00000168575","SLC20A2","protein_coding",805.116104381682,1.12655474773849,0.110203985640818,10.2224501336114,1.5731351079173e-24,1.23165175493989e-23,"Upregulated"
"ENSG00000165801.12","ENSG00000165801","ARHGEF40","protein_coding",73.0990474537486,-1.69261555319435,0.165608501385079,-10.2205837202682,1.60372226891744e-24,1.25492133483539e-23,"Downregulated"
"ENSG00000013375.19","ENSG00000013375","PGM3","protein_coding",998.220525121184,1.35391435252973,0.132536782055614,10.215385733159,1.69204811833988e-24,1.32332225207671e-23,"Upregulated"
"ENSG00000175634.17","ENSG00000175634","RPS6KB2","protein_coding",429.090274108914,-1.19649660403388,0.117139782477215,-10.2142634955517,1.7117410526528e-24,1.33800169013184e-23,"Downregulated"
"ENSG00000164953.18","ENSG00000164953","TMEM67","protein_coding",44.7444275114849,-4.10175299726376,0.401664342123618,-10.211892286922,1.75410064387985e-24,1.37037339790333e-23,"Downregulated"
"ENSG00000184678.11","ENSG00000184678","H2BC21","protein_coding",325.871700093976,3.65490476362275,0.358008561787605,10.2089870291736,1.80741844732007e-24,1.41126660229324e-23,"Upregulated"
"ENSG00000119333.14","ENSG00000119333","DYNC2I2","protein_coding",583.696686856014,-2.15985450187102,0.211573374568853,-10.2085364298433,1.81583051236509e-24,1.41707139392541e-23,"Downregulated"
"ENSG00000282221.2","ENSG00000282221","ENSG00000282221","lncRNA",48.0864401966986,-4.12212804749084,0.403797665504765,-10.2083998983451,1.81838701430905e-24,1.41830272397022e-23,"Downregulated"
"ENSG00000291223.1","ENSG00000291223","FAM86DP","lncRNA",46.3192952883368,-2.50492150294218,0.245401789188012,-10.2074296655721,1.83665725537839e-24,1.43101273897547e-23,"Downregulated"
"ENSG00000184584.16","ENSG00000184584","STING1","protein_coding",74.1184138749429,-3.27338350422859,0.320685924959581,-10.2074436370763,1.83639287491267e-24,1.43101273897547e-23,"Downregulated"
"ENSG00000260196.1","ENSG00000260196","ENSG00000260196","lncRNA",102.51737311345,1.78123506611047,0.174509043710643,10.2071218100534,1.84249233313517e-24,1.4347876889734e-23,"Upregulated"
"ENSG00000040275.19","ENSG00000040275","SPDL1","protein_coding",130.677821573396,-1.72231697862114,0.168749488333662,-10.2063537829263,1.85712966097491e-24,1.44540940101226e-23,"Downregulated"
"ENSG00000135452.12","ENSG00000135452","TSPAN31","protein_coding",376.158203226624,-1.13150488425347,0.110865354108404,-10.2061179829641,1.86164668880441e-24,1.44814727934265e-23,"Downregulated"
"ENSG00000068745.17","ENSG00000068745","IP6K2","protein_coding",579.653215235224,1.14184807132501,0.111937975056655,10.2007211649764,1.96805673842728e-24,1.52928033529696e-23,"Upregulated"
"ENSG00000111671.12","ENSG00000111671","SPSB2","protein_coding",94.7143800976994,-1.63993883747304,0.16081314504904,-10.197790963997,2.02833349801062e-24,1.57527379706162e-23,"Downregulated"
"ENSG00000249859.15","ENSG00000249859","PVT1","lncRNA",189.226086994884,1.63797034440522,0.160637968922137,10.1966574614695,2.05213807781112e-24,1.59290760705082e-23,"Upregulated"
"ENSG00000204564.14","ENSG00000204564","C6orf136","protein_coding",175.848421445087,1.40997790733402,0.138308074286167,10.1944728434054,2.09880044400626e-24,1.62825567636717e-23,"Upregulated"
"ENSG00000085998.17","ENSG00000085998","POMGNT1","protein_coding",482.808801589068,-1.34465195833684,0.131918225107201,-10.1930719371348,2.12927465807473e-24,1.65101382262274e-23,"Downregulated"
"ENSG00000280789.3","ENSG00000280789","PAGR1","protein_coding",117.297116236816,-2.95921054591291,0.290559150692811,-10.1845374301823,2.32462801955652e-24,1.79959985360113e-23,"Downregulated"
"ENSG00000135482.9","ENSG00000135482","ZC3H10","protein_coding",53.7671899598118,-2.7222465901266,0.267315518575822,-10.1836459201094,2.34603151214908e-24,1.8142309858092e-23,"Downregulated"
"ENSG00000156804.9","ENSG00000156804","FBXO32","protein_coding",208.938126085102,2.10689948741654,0.206987960745703,10.1788504018598,2.46455651948561e-24,1.90385677400775e-23,"Upregulated"
"ENSG00000105298.16","ENSG00000105298","CACTIN","protein_coding",185.151928533114,-1.61577159758063,0.158808897207352,-10.17431407178,2.58212772321122e-24,1.99255564242689e-23,"Downregulated"
"ENSG00000261578.1","ENSG00000261578","ENSG00000261578","lncRNA",49.5026168546648,2.6867312840819,0.264155414331638,10.1710248524711,2.67083530202109e-24,2.05991193171313e-23,"Upregulated"
"ENSG00000136279.23","ENSG00000136279","DBNL","protein_coding",523.383659368295,-3.26117666550397,0.320649615849698,-10.17053039924,2.6844287845904e-24,2.06929478437681e-23,"Downregulated"
"ENSG00000163629.15","ENSG00000163629","PTPN13","protein_coding",667.096145523528,-1.91558329390047,0.188348626007948,-10.1704128907191,2.68766938870448e-24,2.07069137592266e-23,"Downregulated"
"ENSG00000146858.9","ENSG00000146858","ZC3HAV1L","protein_coding",97.6599600462397,-1.77969201007435,0.174994547676237,-10.1699854864451,2.69948889160267e-24,2.07869250887916e-23,"Downregulated"
"ENSG00000197408.12","ENSG00000197408","CYP2B6","protein_coding",1986.86331144781,-1.65821072755652,0.163079122000931,-10.1681362225329,2.75122488906477e-24,2.11740579353833e-23,"Downregulated"
"ENSG00000116191.21","ENSG00000116191","RALGPS2","protein_coding",723.888458710474,1.05185873052573,0.103456119048013,10.1671968773309,2.77787946572332e-24,2.1356514173614e-23,"Upregulated"
"ENSG00000223496.3","ENSG00000223496","EXOSC6","protein_coding",176.133349198419,-1.4073225275232,0.13853695067654,-10.1584632883183,3.03827315610673e-24,2.3333680221674e-23,"Downregulated"
"ENSG00000103494.18","ENSG00000103494","RPGRIP1L","protein_coding",59.9128283582724,-2.799436606139,0.275594741325322,-10.1578012435094,3.05897049510744e-24,2.34801908978268e-23,"Downregulated"
"ENSG00000105516.12","ENSG00000105516","DBP","protein_coding",208.95495801443,2.42702329421536,0.238972389902389,10.1560824462052,3.11335908784238e-24,2.38850184759194e-23,"Upregulated"
"ENSG00000103811.20","ENSG00000103811","CTSH","protein_coding",1006.37625834311,1.17849887703958,0.116215691776787,10.1406174934027,3.64786340136669e-24,2.79560213710238e-23,"Upregulated"
"ENSG00000232040.6","ENSG00000232040","SCAND3","protein_coding",23.0517764180398,-4.40261302127935,0.434381812251925,-10.1353530398874,3.84980390516395e-24,2.94880328719006e-23,"Downregulated"
"ENSG00000134698.13","ENSG00000134698","AGO4","protein_coding",309.930192928994,-1.14872647537795,0.113436623035771,-10.1265926703028,4.21067053942593e-24,3.22180767990288e-23,"Downregulated"
"ENSG00000224877.5","ENSG00000224877","NDUFAF8","protein_coding",93.8342177831939,-2.08002552677834,0.205441376954055,-10.1246669858697,4.29438052839603e-24,3.2823925431179e-23,"Downregulated"
"ENSG00000125652.10","ENSG00000125652","ALKBH7","protein_coding",421.561056729095,1.20206664118033,0.118742801822097,10.1232800871694,4.35568844826078e-24,3.32749799642568e-23,"Upregulated"
"ENSG00000125775.17","ENSG00000125775","SDCBP2","protein_coding",190.468986881797,1.84581526163079,0.182369257567201,10.1213071010646,4.44440102927933e-24,3.39329599117899e-23,"Upregulated"
"ENSG00000171763.22","ENSG00000171763","AFG2B","protein_coding",138.839107086933,1.23188962176927,0.12181191302669,10.1130471655867,4.8356402536114e-24,3.68832097659665e-23,"Upregulated"
"ENSG00000060642.14","ENSG00000060642","PIGV","protein_coding",193.171513482571,-1.57248958684518,0.155518277373642,-10.1112847531559,4.92343462212819e-24,3.75330954991487e-23,"Downregulated"
"ENSG00000147536.13","ENSG00000147536","GINS4","protein_coding",64.5363196511053,-2.38447789997127,0.235856502030896,-10.1098671414151,4.99519697068602e-24,3.80601443213364e-23,"Downregulated"
"ENSG00000158850.17","ENSG00000158850","B4GALT3","protein_coding",682.950839674018,1.11371964423722,0.11019289926989,10.1070001026966,5.14351370427077e-24,3.91490549381785e-23,"Upregulated"
"ENSG00000171345.15","ENSG00000171345","KRT19","protein_coding",5811.11905054823,1.39821421315834,0.138346341001885,10.1066222860154,5.16338128015386e-24,3.92796438383148e-23,"Upregulated"
"ENSG00000173898.18","ENSG00000173898","SPTBN2","protein_coding",549.656415010437,-1.23106511416217,0.121823068224995,-10.1053530509387,5.23068252321594e-24,3.974989571392e-23,"Downregulated"
"ENSG00000179387.12","ENSG00000179387","ELMOD2","protein_coding",205.47781282776,-1.22892831948388,0.12161475317252,-10.1050924121068,5.24461006527466e-24,3.98348475188472e-23,"Downregulated"
"ENSG00000176155.23","ENSG00000176155","CCDC57","protein_coding",59.944164434297,-2.5227905461195,0.249714389300523,-10.1027039458403,5.3739633280486e-24,4.07959541907178e-23,"Downregulated"
"ENSG00000122484.11","ENSG00000122484","RPAP2","protein_coding",89.7566110114695,-1.64550024017415,0.162948346449519,-10.0982935760194,5.62117716226376e-24,4.26503138405898e-23,"Downregulated"
"ENSG00000072858.14","ENSG00000072858","SIDT1","protein_coding",105.509812665167,-1.48734906659293,0.147486151793047,-10.0846692961382,6.4582284559981e-24,4.89245409222815e-23,"Downregulated"
"ENSG00000134086.12","ENSG00000134086","VHL","protein_coding",637.886409341772,-1.20324630705659,0.119462521015732,-10.0721657037367,7.33449672759684e-24,5.54468057257869e-23,"Downregulated"
"ENSG00000197355.13","ENSG00000197355","UAP1L1","protein_coding",178.89016978784,1.42960627320444,0.141957779810643,10.0706440683377,7.44886778543677e-24,5.62820604517986e-23,"Upregulated"
"ENSG00000167468.21","ENSG00000167468","GPX4","protein_coding",2220.49096259887,1.19527056736756,0.118702594179093,10.069456153285,7.53938154509494e-24,5.69119428212321e-23,"Upregulated"
"ENSG00000173801.19","ENSG00000173801","JUP","protein_coding",5593.07214324966,1.12569113041795,0.111795213415401,10.0692247550455,7.55713939098481e-24,5.70109651505216e-23,"Upregulated"
"ENSG00000054282.18","ENSG00000054282","SDCCAG8","protein_coding",126.419292198022,-1.28191808235725,0.12755814555986,-10.0496763788063,9.21696035669968e-24,6.94603169471096e-23,"Downregulated"
"ENSG00000072954.9","ENSG00000072954","TMEM38A","protein_coding",131.380484238375,1.55972936681807,0.155213937649872,10.0489001853459,9.28983949401595e-24,6.99731569372553e-23,"Upregulated"
"ENSG00000254598.3","ENSG00000254598","CSNK2A3","protein_coding",201.976770281299,1.28247923324938,0.127625450045542,10.0487734444168,9.30179366286652e-24,7.00268019544217e-23,"Upregulated"
"ENSG00000255874.5","ENSG00000255874","PRECSIT","lncRNA",22.0734299249651,-4.48866494124544,0.446727410169269,-10.0478834274903,9.38617001737396e-24,7.06253249697733e-23,"Downregulated"
"ENSG00000138778.16","ENSG00000138778","CENPE","protein_coding",241.123862581433,-1.32396212223572,0.131793876592317,-10.0457028540953,9.59611223515784e-24,7.21675446351362e-23,"Downregulated"
"ENSG00000137486.19","ENSG00000137486","ARRB1","protein_coding",434.324466005719,-1.40366819666786,0.139770594400218,-10.0426574179731,9.89712609003605e-24,7.4392713328217e-23,"Downregulated"
"ENSG00000132623.18","ENSG00000132623","ANKEF1","protein_coding",158.458308215258,-1.41875090988372,0.141370378434356,-10.0357014361569,1.0620186116166e-23,7.97449415520609e-23,"Downregulated"
"ENSG00000263528.10","ENSG00000263528","IKBKE","protein_coding",56.7565249189564,-5.54097325311755,0.552169815478341,-10.0349079174446,1.07059249071191e-23,8.0347107070932e-23,"Downregulated"
"ENSG00000066455.15","ENSG00000066455","GOLGA5","protein_coding",618.788194860168,1.03424209360896,0.103070761545744,10.0342917632364,1.07729721487358e-23,8.08084432605998e-23,"Upregulated"
"ENSG00000197279.7","ENSG00000197279","ZNF165","protein_coding",96.9869874494135,2.32884907221743,0.232127557009697,10.0326264671805,1.09562703619331e-23,8.21408536394901e-23,"Upregulated"
"ENSG00000136715.21","ENSG00000136715","SAP130","protein_coding",667.784561503016,1.00881219217188,0.100581399237675,10.0298086904522,1.12734819307507e-23,8.44316796591416e-23,"Upregulated"
"ENSG00000149761.11","ENSG00000149761","NUDT22","protein_coding",187.445463259441,-1.22888073964529,0.122558471730559,-10.026893468017,1.1611236523974e-23,8.68714711953701e-23,"Downregulated"
"ENSG00000133612.22","ENSG00000133612","AGAP3","protein_coding",1225.3268857487,1.33390109921853,0.133042105078665,10.0261574967551,1.16980778221361e-23,8.74760287917419e-23,"Upregulated"
"ENSG00000213390.13","ENSG00000213390","ARHGAP19","protein_coding",325.911666993662,1.91376946401669,0.190945229504888,10.0226094622998,1.21258388809016e-23,9.05345992076386e-23,"Upregulated"
"ENSG00000291186.2","ENSG00000291186","ENSG00000291186","lncRNA",39.5746777811869,-3.39718195065945,0.339066938520565,-10.0192073148807,1.25505474380054e-23,9.36573292850534e-23,"Downregulated"
"ENSG00000183508.7","ENSG00000183508","TENT5C","protein_coding",59.047320866359,2.89109035131146,0.288687379269909,10.014605967961,1.31484801644541e-23,9.79680074772593e-23,"Upregulated"
"ENSG00000132793.14","ENSG00000132793","LPIN3","protein_coding",76.2810328690042,-1.90559783869169,0.190346277261472,-10.0112167472235,1.36068615155913e-23,1.01331262633067e-22,"Downregulated"
"ENSG00000116663.13","ENSG00000116663","FBXO6","protein_coding",74.8916969426881,1.58237233178263,0.158114950964068,10.0077337540472,1.40944128818468e-23,1.04908182580239e-22,"Upregulated"
"ENSG00000089057.17","ENSG00000089057","SLC23A2","protein_coding",204.640058755063,-1.02625647622931,0.102553463920447,-10.0070386410877,1.41937662337462e-23,1.0559346009212e-22,"Downregulated"
"ENSG00000181788.6","ENSG00000181788","SIAH2","protein_coding",875.173110902707,1.45789258803057,0.145689530566753,10.0068452575773,1.42215298802197e-23,1.05745721407975e-22,"Upregulated"
"ENSG00000019485.16","ENSG00000019485","PRDM11","protein_coding",204.99985147989,-1.65523066242385,0.165412034427042,-10.0067124387731,1.4240629530782e-23,1.05779191778623e-22,"Downregulated"
"ENSG00000163932.18","ENSG00000163932","PRKCD","protein_coding",821.916017597165,1.1182285263731,0.111771703525805,10.0045762129315,1.45513367910935e-23,1.0803174834863e-22,"Upregulated"
"ENSG00000105290.16","ENSG00000105290","APLP1","protein_coding",23.1511326139219,2.84096301544806,0.284009697836533,10.0030493222215,1.47775230945486e-23,1.09654820627854e-22,"Upregulated"
"ENSG00000152465.20","ENSG00000152465","NMT2","protein_coding",181.461365117319,1.18312776112255,0.11829651060636,10.0013749776568,1.50295561588252e-23,1.11467926230141e-22,"Upregulated"
"ENSG00000204366.5","ENSG00000204366","ZBTB12","protein_coding",58.7320632726579,-2.84546019312293,0.284538322478001,-10.0002705025539,1.51981341291311e-23,1.12660542096864e-22,"Downregulated"
"ENSG00000117143.16","ENSG00000117143","UAP1","protein_coding",846.113969210809,1.37149200999198,0.137154333458689,9.99962578947662,1.52974019272586e-23,1.13338419596029e-22,"Upregulated"
"ENSG00000147854.20","ENSG00000147854","UHRF2","protein_coding",386.782078876564,1.55293689216145,0.15535897614656,9.99579767245937,1.59001892370061e-23,1.17744273082622e-22,"Upregulated"
"ENSG00000146233.10","ENSG00000146233","CYP39A1","protein_coding",81.0534546872021,-2.91649506546192,0.291871317017661,-9.99240040187109,1.64547980308281e-23,1.21789036293545e-22,"Downregulated"
"ENSG00000227471.10","ENSG00000227471","AKR1B15","protein_coding",20.332138692261,5.02078822389933,0.502501362689819,9.99159126061619,1.65896909748896e-23,1.22724758350229e-22,"Upregulated"
"ENSG00000183199.6","ENSG00000183199","HSP90AB3P","processed_pseudogene",509.604426370786,1.40126975840055,0.140258060759871,9.99065401880608,1.67473090299948e-23,1.2382755227688e-22,"Upregulated"
"ENSG00000107614.24","ENSG00000107614","TRDMT1","protein_coding",46.034116529769,-2.64152280117705,0.264450130437253,-9.98873699479537,1.70743324655717e-23,1.26116832870064e-22,"Downregulated"
"ENSG00000143409.20","ENSG00000143409","MINDY1","protein_coding",146.854694410943,-1.29808094264359,0.129965230033135,-9.98790939940345,1.72174580777925e-23,1.27109221835644e-22,"Downregulated"
"ENSG00000171109.21","ENSG00000171109","MFN1","protein_coding",522.282002885616,-1.06845937456657,0.106976963236877,-9.98775196301563,1.72448195618675e-23,1.27246397703963e-22,"Downregulated"
"ENSG00000259974.6","ENSG00000259974","LINC00261","lncRNA",26.5374772796922,-3.19906482638899,0.320484044726768,-9.9819784448751,1.82785227996791e-23,1.34736700108316e-22,"Downregulated"
"ENSG00000126003.8","ENSG00000126003","PLAGL2","protein_coding",1840.55890603123,-1.0654979781857,0.106765560435947,-9.97979099098104,1.86859975330106e-23,1.37600343622149e-22,"Downregulated"
"ENSG00000146463.14","ENSG00000146463","ZMYM4","protein_coding",585.126625808491,-1.06083407787885,0.106312105864291,-9.97848804945155,1.89329681806138e-23,1.39348184293273e-22,"Downregulated"
"ENSG00000168539.6","ENSG00000168539","CHRM1","protein_coding",21.3573998969685,-4.75975482461647,0.47706706400998,-9.97711890778713,1.91959701365782e-23,1.41212182344818e-22,"Downregulated"
"ENSG00000131480.10","ENSG00000131480","AOC2","protein_coding",35.3519196448083,5.49194517108613,0.55060789173612,9.97433065074586,1.97428105656022e-23,1.45161243387472e-22,"Upregulated"
"ENSG00000103550.16","ENSG00000103550","KNOP1","protein_coding",277.996690983258,-1.25155190294232,0.125505676518661,-9.97207407392631,2.01966475525409e-23,1.48422827754271e-22,"Downregulated"
"ENSG00000111652.12","ENSG00000111652","COPS7A","protein_coding",324.773854759925,-1.06181738386152,0.106489207422363,-9.97112674198133,2.03902373525294e-23,1.49769548764752e-22,"Downregulated"
"ENSG00000178718.7","ENSG00000178718","RPP25","protein_coding",433.331585465751,-1.39530986980169,0.139968898483077,-9.96871365655846,2.08916987099132e-23,1.53375125483314e-22,"Downregulated"
"ENSG00000231607.16","ENSG00000231607","DLEU2","lncRNA",65.388949618987,-1.72883818218165,0.173435362050486,-9.96819888252319,2.1000243676468e-23,1.54093939928797e-22,"Downregulated"
"ENSG00000122643.26","ENSG00000122643","NT5C3A","protein_coding",927.522024873556,1.13400814032583,0.113783701505801,9.96634953265265,2.13948235096588e-23,1.56830441225076e-22,"Upregulated"
"ENSG00000176834.16","ENSG00000176834","VSIG10","protein_coding",824.496495657101,-1.37461027151489,0.13793090191839,-9.96593404665917,2.14844771786913e-23,1.57408009743981e-22,"Downregulated"
"ENSG00000137843.14","ENSG00000137843","PAK6","protein_coding",149.195112252784,1.199413749017,0.120461139851432,9.95685206446052,2.35398347559233e-23,1.72292568324667e-22,"Upregulated"
"ENSG00000165480.18","ENSG00000165480","SKA3","protein_coding",318.063230488375,-1.3463968737366,0.135332092668359,-9.94883657815037,2.55148547207573e-23,1.86559674375991e-22,"Downregulated"
"ENSG00000174564.15","ENSG00000174564","IL20RB","protein_coding",38.6705818197261,-3.80474948550073,0.382517578758352,-9.94660035716765,2.60945527412526e-23,1.9070209698751e-22,"Downregulated"
"ENSG00000140416.28","ENSG00000140416","TPM1","protein_coding",747.713131721871,-1.00619971729055,0.101179179474033,-9.94473094683266,2.65891558094952e-23,1.9421877318105e-22,"Downregulated"
"ENSG00000091262.19","ENSG00000091262","ABCC6","protein_coding",109.415198728759,-2.17537272541248,0.218945969506688,-9.93566006405078,2.91240632982922e-23,2.12413651393483e-22,"Downregulated"
"ENSG00000189362.14","ENSG00000189362","NEMP2","protein_coding",139.270149601975,-2.77884430880569,0.279686348753085,-9.93557362093111,2.9149336414539e-23,2.12491037887072e-22,"Downregulated"
"ENSG00000095321.20","ENSG00000095321","CRAT","protein_coding",712.540894409433,1.04795473765639,0.105479282019778,9.93517132075179,2.92672417094446e-23,2.13243271419443e-22,"Upregulated"
"ENSG00000159423.19","ENSG00000159423","ALDH4A1","protein_coding",276.820360629138,-1.31095464799257,0.131972123113529,-9.93357246260879,2.97405176288381e-23,2.1658270425986e-22,"Downregulated"
"ENSG00000198429.12","ENSG00000198429","ZNF69","protein_coding",171.430376370178,-1.92904719900862,0.194217512256495,-9.93240607706377,3.00905508919424e-23,2.18911778878529e-22,"Downregulated"
"ENSG00000081803.19","ENSG00000081803","CADPS2","protein_coding",168.016002200368,1.20480881247566,0.121358595469484,9.92767597395782,3.15523620809374e-23,2.29431425628171e-22,"Upregulated"
"ENSG00000018408.17","ENSG00000018408","WWTR1","protein_coding",142.346785054426,2.26255966662979,0.227928994257554,9.92659873746975,3.18949836396422e-23,2.31806470865444e-22,"Upregulated"
"ENSG00000137331.14","ENSG00000137331","IER3","protein_coding",878.957895324567,1.05807169745713,0.106602992552814,9.92534704814162,3.22977201037073e-23,2.34615819420013e-22,"Upregulated"
"ENSG00000137814.14","ENSG00000137814","HAUS2","protein_coding",500.322993929754,1.04112378701927,0.104903005275587,9.9246326097538,3.25298466971033e-23,2.36183636440091e-22,"Upregulated"
"ENSG00000022840.18","ENSG00000022840","RNF10","protein_coding",2567.46876492221,1.25391020852466,0.126352269004131,9.92392315870208,3.27619873353875e-23,2.37749985210033e-22,"Upregulated"
"ENSG00000110047.19","ENSG00000110047","EHD1","protein_coding",926.062871691119,1.14716693509365,0.115625715803146,9.92138234237374,3.36069088231483e-23,2.43759420753286e-22,"Upregulated"
"ENSG00000146409.14","ENSG00000146409","SLC18B1","protein_coding",164.534588827249,-1.48841220501039,0.150040072545392,-9.92009787625296,3.40422188923157e-23,2.46793314751095e-22,"Downregulated"
"ENSG00000133597.13","ENSG00000133597","ADCK2","protein_coding",437.319591009461,-1.32701659867614,0.133800649062511,-9.9178636873141,3.4812734206685e-23,2.52253072061639e-22,"Downregulated"
"ENSG00000102760.15","ENSG00000102760","RGCC","protein_coding",539.410090863207,1.36212128826206,0.137349899187412,9.91716263587105,3.50580497241274e-23,2.53903676462796e-22,"Upregulated"
"ENSG00000122592.9","ENSG00000122592","HOXA7","protein_coding",147.826236983299,-4.61882759530407,0.466069910245841,-9.91016045826204,3.76041754558852e-23,2.71935983386571e-22,"Downregulated"
"ENSG00000118620.15","ENSG00000118620","ZNF430","protein_coding",181.532693429054,1.35750566579047,0.136999506293007,9.90883618870212,3.81058946063259e-23,2.75426745453803e-22,"Upregulated"
"ENSG00000164087.10","ENSG00000164087","POC1A","protein_coding",213.474635157575,-1.42770367104834,0.144114974522977,-9.90669897957563,3.89296230789042e-23,2.81100198136263e-22,"Downregulated"
"ENSG00000140832.12","ENSG00000140832","MARVELD3","protein_coding",297.283106224866,1.35090984438502,0.136378636670395,9.90558255579245,3.93669031981629e-23,2.83974694448869e-22,"Upregulated"
"ENSG00000140525.22","ENSG00000140525","FANCI","protein_coding",1328.09062901559,-1.36285072271139,0.137640426334345,-9.90152936173609,4.09957250519311e-23,2.95430157858074e-22,"Downregulated"
"ENSG00000189334.11","ENSG00000189334","S100A14","protein_coding",1844.43965471615,1.45557317161726,0.147085253825246,9.89611897700265,4.32743544643622e-23,3.11540956233252e-22,"Upregulated"
"ENSG00000167363.16","ENSG00000167363","FN3K","protein_coding",120.631374718588,1.67471723267112,0.16928813040882,9.8927032192203,4.47770440866408e-23,3.22199067975967e-22,"Upregulated"
"ENSG00000107021.19","ENSG00000107021","TBC1D13","protein_coding",385.637510222938,-1.06074327298988,0.10726087629973,-9.88937727886663,4.62898317360555e-23,3.32754088055018e-22,"Downregulated"
"ENSG00000276043.7","ENSG00000276043","UHRF1","protein_coding",170.162601673528,-2.38812665799347,0.241560145944716,-9.88626103305977,4.77531109217114e-23,3.42762795184469e-22,"Downregulated"
"ENSG00000170873.21","ENSG00000170873","MTSS1","protein_coding",58.9070600838375,3.21763430882223,0.325496607851115,9.88530826807882,4.82095697215327e-23,3.45758053540206e-22,"Upregulated"
"ENSG00000145348.19","ENSG00000145348","TBCK","protein_coding",47.512473573162,-2.83909918817142,0.287222437027027,-9.8846706321354,4.85174640156463e-23,3.47732486901457e-22,"Downregulated"
"ENSG00000162415.9","ENSG00000162415","ZSWIM5","protein_coding",119.488257713461,-4.55987747439319,0.461334196302909,-9.88410898419332,4.87902782620235e-23,3.49514934539419e-22,"Downregulated"
"ENSG00000100350.18","ENSG00000100350","FOXRED2","protein_coding",166.231357620793,-1.73927824537844,0.176058279274069,-9.87899150525555,5.13470498377437e-23,3.67467380863497e-22,"Downregulated"
"ENSG00000154429.12","ENSG00000154429","CCSAP","protein_coding",369.684252657397,1.23986042603994,0.125506457877254,9.87885760629563,5.14156987967361e-23,3.67777051807651e-22,"Upregulated"
"ENSG00000049239.15","ENSG00000049239","H6PD","protein_coding",623.899597492934,-1.64806177172238,0.166894543078107,-9.87486913188695,5.35027525739286e-23,3.82139916363417e-22,"Downregulated"
"ENSG00000267296.3","ENSG00000267296","CEBPA-DT","lncRNA",37.2192568273734,-4.1351170211176,0.418798248018828,-9.87376867185867,5.40932097789477e-23,3.86166894638675e-22,"Downregulated"
"ENSG00000123975.7","ENSG00000123975","CKS2","protein_coding",1067.91670321033,1.33564714343791,0.135282523339891,9.8730206272259,5.44982553341081e-23,3.88866920877348e-22,"Upregulated"
"ENSG00000148908.17","ENSG00000148908","RGS10","protein_coding",150.864405190024,1.4123801337027,0.143064676154936,9.87231909135365,5.4880845570635e-23,3.91404140752777e-22,"Upregulated"
"ENSG00000166016.8","ENSG00000166016","ABTB2","protein_coding",350.171542281485,1.83399767853976,0.185798342786874,9.87090439575937,5.56604713968057e-23,3.9676908582514e-22,"Upregulated"
"ENSG00000133739.18","ENSG00000133739","LRRCC1","protein_coding",159.553872208015,-1.49357388314398,0.151313929307877,-9.87069657086906,5.57759217430276e-23,3.97396586971463e-22,"Downregulated"
"ENSG00000158092.9","ENSG00000158092","NCK1","protein_coding",415.62354428918,1.24879733908343,0.12657967983441,9.86570151478575,5.86232134447802e-23,4.17068045774057e-22,"Upregulated"
"ENSG00000069399.16","ENSG00000069399","BCL3","protein_coding",403.375356414756,1.76743146991744,0.179148509839964,9.86573358325061,5.86044824922714e-23,4.17068045774057e-22,"Upregulated"
"ENSG00000162694.16","ENSG00000162694","EXTL2","protein_coding",95.7540931430521,-2.07840010609011,0.210792358927011,-9.85994044883657,6.20862035052106e-23,4.41271829915406e-22,"Downregulated"
"ENSG00000149554.17","ENSG00000149554","CHEK1","protein_coding",416.533476275322,-1.4160031244042,0.143670868016586,-9.85588201667112,6.46465725384035e-23,4.59019171595563e-22,"Downregulated"
"ENSG00000101052.15","ENSG00000101052","IFT52","protein_coding",229.630447418121,-1.46630356943045,0.148810206898381,-9.85351475542103,6.61880041445571e-23,4.69733866828071e-22,"Downregulated"
"ENSG00000197933.15","ENSG00000197933","ZNF823","protein_coding",234.846025495613,1.08993694536761,0.110626153079396,9.85243466420966,6.69033353972906e-23,4.74578138314996e-22,"Upregulated"
"ENSG00000168806.8","ENSG00000168806","LCMT2","protein_coding",92.8062317447837,-4.18966721969626,0.42524514717576,-9.85235751077157,6.69547250803307e-23,4.74710311088137e-22,"Downregulated"
"ENSG00000172183.18","ENSG00000172183","ISG20","protein_coding",229.017164410141,1.25002998446385,0.126961672958524,9.84572710279433,7.15201911561132e-23,5.06831594246646e-22,"Upregulated"
"ENSG00000163617.13","ENSG00000163617","CCDC191","protein_coding",30.498336249167,-2.79580442941616,0.284021386900416,-9.84364050865093,7.30197133556189e-23,5.16447870155993e-22,"Downregulated"
"ENSG00000141564.16","ENSG00000141564","RPTOR","protein_coding",393.873685154055,-1.24643925996293,0.126663002027052,-9.8405946489151,7.52646485298461e-23,5.32065993411965e-22,"Downregulated"
"ENSG00000164181.16","ENSG00000164181","ELOVL7","protein_coding",329.588123047535,1.15259636075353,0.117135684336544,9.83983973186158,7.58315403992996e-23,5.35579611440675e-22,"Upregulated"
"ENSG00000172315.7","ENSG00000172315","TP53RK","protein_coding",282.07621726268,-1.03143164776405,0.104887994236802,-9.83364831474816,8.06432192439275e-23,5.69255495997563e-22,"Downregulated"
"ENSG00000143772.13","ENSG00000143772","ITPKB","protein_coding",232.973207995993,1.09065931161328,0.110930536130485,9.83191238100898,8.20457360991846e-23,5.78873810880907e-22,"Upregulated"
"ENSG00000099875.18","ENSG00000099875","MKNK2","protein_coding",5083.85149492065,1.67307596340889,0.170188363463669,9.83073066429749,8.30142697480517e-23,5.85422285736625e-22,"Upregulated"
"ENSG00000115425.16","ENSG00000115425","PECR","protein_coding",295.34945864863,-1.47756421273364,0.150328699894927,-9.828889718107,8.45457037911061e-23,5.95932071663769e-22,"Downregulated"
"ENSG00000142892.17","ENSG00000142892","PIGK","protein_coding",234.875379533689,-1.26575883590762,0.128815560965413,-9.82613301080513,8.68913783443118e-23,6.11573508968318e-22,"Downregulated"
"ENSG00000171346.17","ENSG00000171346","KRT15","protein_coding",85.0352260637084,1.96624973790313,0.200103701755181,9.82615374256673,8.68734995439452e-23,6.11573508968318e-22,"Upregulated"
"ENSG00000162407.11","ENSG00000162407","PLPP3","protein_coding",112.315116102444,1.71190089663414,0.174271961654717,9.8231573247905,8.94957178960268e-23,6.29292549126259e-22,"Upregulated"
"ENSG00000111877.20","ENSG00000111877","MCM9","protein_coding",174.11865869145,-1.30660522929915,0.133239682540296,-9.8064270672815,1.05643022087092e-22,7.40318508745712e-22,"Downregulated"
"ENSG00000138495.9","ENSG00000138495","COX17","protein_coding",237.938960703458,1.00047284626544,0.102058238502098,9.80296016224963,1.09333651726093e-22,7.6507159865502e-22,"Upregulated"
"ENSG00000162032.18","ENSG00000162032","SPSB3","protein_coding",332.160402307833,1.25572661943596,0.128163089897611,9.79788034479473,1.14972921288495e-22,8.02595171152635e-22,"Upregulated"
"ENSG00000187024.17","ENSG00000187024","PTRH1","protein_coding",60.1409114169433,-1.92648671476012,0.196747710843658,-9.79166012402027,1.22271590815532e-22,8.52723721895426e-22,"Downregulated"
"ENSG00000219665.8","ENSG00000219665","ZNF433-AS1","lncRNA",45.6137946038918,2.38897182121385,0.244007115849551,9.79058259385695,1.23581742595834e-22,8.61446182635316e-22,"Upregulated"
"ENSG00000128340.18","ENSG00000128340","RAC2","protein_coding",26.9388052050981,2.332687511199,0.238373234834431,9.78586170892567,1.29487534008699e-22,9.02179491756759e-22,"Upregulated"
"ENSG00000172432.21","ENSG00000172432","GTPBP2","protein_coding",1311.70748823793,-1.03304462234332,0.105610818218956,-9.78161744946979,1.35035070597767e-22,9.39927110039787e-22,"Downregulated"
"ENSG00000127954.15","ENSG00000127954","STEAP4","protein_coding",29.5968867443063,2.81367028768266,0.287904711527866,9.77292199474937,1.47145807815144e-22,1.02373357986417e-21,"Upregulated"
"ENSG00000164818.18","ENSG00000164818","DNAAF5","protein_coding",440.076067477927,-1.08066765073235,0.110605220312516,-9.77049408408495,1.50715255530151e-22,1.04756138280237e-21,"Downregulated"
"ENSG00000115073.10","ENSG00000115073","ACTR1B","protein_coding",890.703448583936,-1.244661225589,0.127467393541322,-9.76454598316951,1.59826259903183e-22,1.11035578068884e-21,"Downregulated"
"ENSG00000168936.14","ENSG00000168936","TMEM129","protein_coding",256.769442943356,-1.72759550535209,0.176937327431183,-9.76388380243852,1.60873684445907e-22,1.11656198993778e-21,"Downregulated"
"ENSG00000155636.18","ENSG00000155636","RBM45","protein_coding",52.7476328869283,-2.25211288599953,0.230778583684538,-9.75876032360979,1.69210890698958e-22,1.17330345837766e-21,"Downregulated"
"ENSG00000187867.12","ENSG00000187867","PALM3","protein_coding",108.128126712976,5.26727438446524,0.539819402648149,9.75747510857519,1.71368492765794e-22,1.18712820132022e-21,"Upregulated"
"ENSG00000153208.21","ENSG00000153208","MERTK","protein_coding",253.235751896059,1.10224360781937,0.113001569777375,9.7542327065978,1.76933556998621e-22,1.225093697097e-21,"Upregulated"
"ENSG00000204220.14","ENSG00000204220","PFDN6","protein_coding",240.063444154636,-1.14565637182683,0.117456729050159,-9.75385898357167,1.77586379926441e-22,1.22902665610983e-21,"Downregulated"
"ENSG00000111911.9","ENSG00000111911","HINT3","protein_coding",672.299804814257,1.13153457144382,0.116024113742236,9.75258103636703,1.79836777202999e-22,1.24400695714839e-21,"Upregulated"
"ENSG00000130522.6","ENSG00000130522","JUND","protein_coding",2167.88414090271,1.5614535930262,0.160146834601586,9.75013709706342,1.84219316909566e-22,1.27371485718198e-21,"Upregulated"
"ENSG00000221838.14","ENSG00000221838","AP4M1","protein_coding",195.534544080889,-1.07161059554403,0.109946890253838,-9.74662032795994,1.90711786587191e-22,1.31671996723276e-21,"Downregulated"
"ENSG00000229931.4","ENSG00000229931","ATXN1-AS1","lncRNA",43.6911234713477,-2.20899600234275,0.226678113783213,-9.74507845276742,1.93629248624776e-22,1.33622622431917e-21,"Downregulated"
"ENSG00000168994.15","ENSG00000168994","PXDC1","protein_coding",77.2913907239149,2.28994467211397,0.235099877968304,9.74030566031474,2.02943000849133e-22,1.39983339757527e-21,"Upregulated"
"ENSG00000114416.21","ENSG00000114416","FXR1","protein_coding",1656.1268071597,1.50559583950661,0.154711931470745,9.73160780292702,2.21070701672976e-22,1.52052995189595e-21,"Upregulated"
"ENSG00000174652.22","ENSG00000174652","ZNF266","protein_coding",202.908503514311,-1.20734662085275,0.12414235430317,-9.7255012411338,2.34746373147446e-22,1.6130604265779e-21,"Downregulated"
"ENSG00000006652.16","ENSG00000006652","IFRD1","protein_coding",437.452708760926,1.20684339587389,0.124099723780474,9.72478712369043,2.36399345446326e-22,1.62287982672106e-21,"Upregulated"
"ENSG00000239672.10","ENSG00000239672","NME1","protein_coding",360.497130891011,-1.01915849598641,0.104838389719212,-9.7212337838841,2.44797119006183e-22,1.67973477681705e-21,"Downregulated"
"ENSG00000163032.14","ENSG00000163032","VSNL1","protein_coding",552.276312203089,-1.23271573129421,0.126882485409764,-9.71541286658423,2.59196442947086e-22,1.77685659942723e-21,"Downregulated"
"ENSG00000225828.2","ENSG00000225828","FAM229A","protein_coding",20.5823703219572,3.52107511669438,0.362447406644187,9.71472012807368,2.60964950964365e-22,1.7881343117615e-21,"Upregulated"
"ENSG00000187837.5","ENSG00000187837","H1-2","protein_coding",308.011489381303,3.95936905554124,0.40773011317196,9.71075946473292,2.71307961196586e-22,1.8581261690269e-21,"Upregulated"
"ENSG00000256751.7","ENSG00000256751","PLBD1-AS1","lncRNA",47.1359256191998,-3.0892000328506,0.318180510302994,-9.70895429738561,2.76155646048847e-22,1.8895408982719e-21,"Downregulated"
"ENSG00000243335.11","ENSG00000243335","KCTD7","protein_coding",75.0429867531883,1.41719480569206,0.145973553192899,9.70857237282761,2.77192220247873e-22,1.89573839350268e-21,"Upregulated"
"ENSG00000096872.19","ENSG00000096872","IFT74","protein_coding",87.3933285903674,-1.65730018952649,0.1707783203378,-9.7043944819714,2.88785895002312e-22,1.96945185429341e-21,"Downregulated"
"ENSG00000165102.17","ENSG00000165102","HGSNAT","protein_coding",294.143047071401,-1.29103370902625,0.133090691821141,-9.70040572605375,3.00302073065806e-22,2.04318199195759e-21,"Downregulated"
"ENSG00000161888.13","ENSG00000161888","SPC24","protein_coding",133.548951067824,-2.39844743614101,0.247342065125729,-9.6968844944423,3.10845430239456e-22,2.1129324460742e-21,"Downregulated"
"ENSG00000166902.7","ENSG00000166902","MRPL16","protein_coding",310.836729417161,-1.09512098484474,0.112977091316251,-9.69330128865885,3.21950371096384e-22,2.18739089448139e-21,"Downregulated"
"ENSG00000177380.16","ENSG00000177380","PPFIA3","protein_coding",184.464680606729,1.07036504578487,0.110431331382521,9.69258481614479,3.24217489696406e-22,2.20176188410511e-21,"Upregulated"
"ENSG00000088451.13","ENSG00000088451","TGDS","protein_coding",373.134702867853,1.30180212143547,0.134396298123909,9.68629448584402,3.44812358123282e-22,2.33942916382144e-21,"Upregulated"
"ENSG00000203667.12","ENSG00000203667","COX20","protein_coding",394.361657081807,-1.98062519106872,0.204562885073213,-9.68223140947515,3.58797918777333e-22,2.43317708887277e-21,"Downregulated"
"ENSG00000177842.14","ENSG00000177842","ZNF620","protein_coding",89.1198567613098,-2.85724134379809,0.295109094625436,-9.68198336084697,3.59669682945035e-22,2.43794810347963e-21,"Downregulated"
"ENSG00000178057.17","ENSG00000178057","NDUFAF3","protein_coding",404.707631250814,-1.27211805596876,0.131412140638199,-9.68036933110405,3.65393591821007e-22,2.47558856132306e-21,"Downregulated"
"ENSG00000164430.19","ENSG00000164430","CGAS","protein_coding",37.9693471478328,2.24259642298317,0.231793880596409,9.67495956844476,3.8524389346852e-22,2.60642133713622e-21,"Upregulated"
"ENSG00000122417.18","ENSG00000122417","ODF2L","protein_coding",38.7467033509394,-2.79532364919432,0.288931534893598,-9.67469213848093,3.86252400110479e-22,2.61202509678071e-21,"Downregulated"
"ENSG00000172037.16","ENSG00000172037","LAMB2","protein_coding",700.723276235652,1.1248479433538,0.116268403445866,9.67457976558116,3.86676949374121e-22,2.61367646937022e-21,"Upregulated"
"ENSG00000112763.19","ENSG00000112763","BTN2A1","protein_coding",334.163785629572,1.74038685687387,0.179940342847125,9.67202145631389,3.96468257715418e-22,2.67860978592626e-21,"Upregulated"
"ENSG00000280128.1","ENSG00000280128","ENSG00000280128","TEC",54.5406372051534,-5.37453576678129,0.555972038416515,-9.66691739046574,4.16741744966698e-22,2.81426904382916e-21,"Downregulated"
"ENSG00000121274.15","ENSG00000121274","TENT4B","protein_coding",469.961866753035,1.23627946100001,0.127893887571618,9.66644680581564,4.1866178423685e-22,2.82591829397318e-21,"Upregulated"
"ENSG00000132002.11","ENSG00000132002","DNAJB1","protein_coding",2960.52886986915,1.50434821554564,0.155694222969364,9.66219675242316,4.36403859665697e-22,2.94430388001642e-21,"Upregulated"
"ENSG00000114739.16","ENSG00000114739","ACVR2B","protein_coding",423.985648290784,1.27481060155285,0.131998097633276,9.65779525925136,4.55562475771599e-22,3.07213187477059e-21,"Upregulated"
"ENSG00000170006.15","ENSG00000170006","TMEM154","protein_coding",134.878888780426,-3.89188449413677,0.403026703146618,-9.65664176529992,4.60719509592059e-22,3.10546378279447e-21,"Downregulated"
"ENSG00000242515.7","ENSG00000242515","UGT1A10","protein_coding",236.508952484933,-2.00287412075077,0.207582202522159,-9.64858305006649,4.9839598855917e-22,3.35007173756934e-21,"Downregulated"
"ENSG00000143420.21","ENSG00000143420","ENSA","protein_coding",1100.87206977192,-1.19382288040351,0.123763129919139,-9.64603013178076,5.10955716543837e-22,3.43290229214339e-21,"Downregulated"
"ENSG00000189325.9","ENSG00000189325","BNIP5","protein_coding",201.333862858001,2.19561286092679,0.227649114944246,9.64472390531595,5.17502642680344e-22,3.47527724639645e-21,"Upregulated"
"ENSG00000143499.16","ENSG00000143499","SMYD2","protein_coding",234.074222053359,-1.00859579772908,0.104582254653106,-9.64404335204423,5.20946459547153e-22,3.49678373865556e-21,"Downregulated"
"ENSG00000171320.16","ENSG00000171320","ESCO2","protein_coding",156.169873194773,-2.67424566956488,0.277678627210569,-9.63072202001685,5.93112458560121e-22,3.97750381742401e-21,"Downregulated"
"ENSG00000165501.19","ENSG00000165501","LRR1","protein_coding",135.122506093637,-1.92851077201454,0.200382805310156,-9.62413301395575,6.32379426985859e-22,4.23887264379235e-21,"Downregulated"
"ENSG00000100483.16","ENSG00000100483","VCPKMT","protein_coding",73.9274724989438,1.69057151281483,0.175752413932653,9.6190514541817,6.64410095133941e-22,4.44945984227406e-21,"Upregulated"
"ENSG00000037897.19","ENSG00000037897","METTL1","protein_coding",107.715082267252,-1.60982731141544,0.167458979365853,-9.61326360349061,7.02851743848195e-22,4.70255192606096e-21,"Downregulated"
"ENSG00000113319.15","ENSG00000113319","RASGRF2","protein_coding",336.486016675881,-1.19757165975062,0.124614527462494,-9.6102090513569,7.24018386739946e-22,4.84193560712289e-21,"Downregulated"
"ENSG00000298622.1","ENSG00000298622","ENSG00000298622","lncRNA",33.46403619284,3.47299560380191,0.361529141303255,9.60640570019423,7.51257335528255e-22,5.01946579367242e-21,"Upregulated"
"ENSG00000172974.11","ENSG00000172974","VDAC2P5","processed_pseudogene",447.399211186287,1.4992906261194,0.156089377164267,9.60533415763179,7.59112967150711e-22,5.0696152626489e-21,"Upregulated"
"ENSG00000188372.16","ENSG00000188372","ZP3","protein_coding",390.163375378703,1.1505895234457,0.119827030384978,9.60208660557726,7.8342109180438e-22,5.22954328071353e-21,"Upregulated"
"ENSG00000235106.13","ENSG00000235106","BRD3OS","protein_coding",77.1963831470821,-3.21829276023508,0.335185245565883,-9.60153468211806,7.87628164290652e-22,5.25520596542363e-21,"Downregulated"
"ENSG00000183826.21","ENSG00000183826","BTBD9","protein_coding",133.644478127033,-1.48463560954014,0.154626422172049,-9.60143543829929,7.88387024509265e-22,5.25784848559055e-21,"Downregulated"
"ENSG00000089050.18","ENSG00000089050","RBBP9","protein_coding",204.053693471984,-1.37821200955984,0.143594979003799,-9.59791226073006,8.15800564094785e-22,5.43317177153567e-21,"Downregulated"
"ENSG00000215717.9","ENSG00000215717","TMEM167B","protein_coding",693.860487036712,1.37285116856198,0.143045732140474,9.59728855953434,8.20750855192419e-22,5.46362948711463e-21,"Upregulated"
"ENSG00000170802.19","ENSG00000170802","FOXN2","protein_coding",869.88285619234,1.07266674312613,0.111782584960446,9.59600946342129,8.30996158147665e-22,5.52929124144902e-21,"Upregulated"
"ENSG00000004139.16","ENSG00000004139","SARM1","protein_coding",178.157509999282,-1.56512949272582,0.163160836696545,-9.59255618207409,8.59292549817468e-22,5.7123246018141e-21,"Downregulated"
"ENSG00000177054.16","ENSG00000177054","ZDHHC13","protein_coding",283.163584132434,-1.26595790338382,0.131987060337993,-9.59153041322345,8.67879938611825e-22,5.7667657360672e-21,"Downregulated"
"ENSG00000164136.19","ENSG00000164136","IL15","protein_coding",140.672979590605,1.8679426774281,0.194794917308439,9.5892783201853,8.87032699762133e-22,5.88593309750588e-21,"Upregulated"
"ENSG00000165125.23","ENSG00000165125","TRPV6","protein_coding",29.8066457353954,-5.20510259247353,0.542802582883995,-9.589310656589,8.86754759875073e-22,5.88593309750588e-21,"Downregulated"
"ENSG00000204642.16","ENSG00000204642","HLA-F","protein_coding",187.882545352537,1.21372520064521,0.12661133797335,9.58622837475017,9.136389834303e-22,6.05970533083383e-21,"Upregulated"
"ENSG00000156795.10","ENSG00000156795","NTAQ1","protein_coding",231.109280834629,1.25188507253266,0.130629321173762,9.5834921385484,9.38179713888755e-22,6.21962507487458e-21,"Upregulated"
"ENSG00000107719.12","ENSG00000107719","PALD1","protein_coding",505.585799199469,-1.62148121140748,0.169201248081287,-9.58315160079961,9.41279204296993e-22,6.23731972047189e-21,"Downregulated"
"ENSG00000168487.21","ENSG00000168487","BMP1","protein_coding",270.571208954082,1.44737307625791,0.151115066367689,9.57795348305111,9.89868385394323e-22,6.55629462574704e-21,"Upregulated"
"ENSG00000108799.15","ENSG00000108799","EZH1","protein_coding",190.503707209946,1.23548519522056,0.129011324907093,9.57656388778496,1.00327265743595e-21,6.63900792308758e-21,"Upregulated"
"ENSG00000085433.19","ENSG00000085433","WDR47","protein_coding",114.10428178381,1.29307051384315,0.135062152133229,9.57389241486121,1.02954864413538e-21,6.80356541304604e-21,"Upregulated"
"ENSG00000100239.18","ENSG00000100239","PPP6R2","protein_coding",298.906232823152,-1.05598410834455,0.110313109153627,-9.57260761161156,1.04242701877933e-21,6.8855297885825e-21,"Downregulated"
"ENSG00000206418.6","ENSG00000206418","RAB12","protein_coding",211.30640140618,1.25636474880748,0.131336962616775,9.56596470464596,1.11159880051435e-21,7.3357421753433e-21,"Upregulated"
"ENSG00000256269.13","ENSG00000256269","HMBS","protein_coding",348.818102332113,-1.15128631995286,0.120416720190782,-9.56085100249218,1.16792348627785e-21,7.70043092044522e-21,"Downregulated"
"ENSG00000110074.14","ENSG00000110074","FOXRED1","protein_coding",194.383162071767,-1.32053927645372,0.138143182477804,-9.55920699645024,1.18662425285293e-21,7.81661757833845e-21,"Downregulated"
"ENSG00000213839.4","ENSG00000213839","TMX2P1","transcribed_processed_pseudogene",75.6419605589954,-1.77940224597125,0.186193118191007,-9.55675624995892,1.21505310430754e-21,8.00024969905719e-21,"Downregulated"
"ENSG00000189306.14","ENSG00000189306","RRP7A","protein_coding",279.618990681588,-1.47961891593926,0.154843694098726,-9.55556456174365,1.2291192523616e-21,8.08551802325209e-21,"Downregulated"
"ENSG00000187792.7","ENSG00000187792","ZNF70","protein_coding",22.5390515241973,-4.3426910318758,0.454881537807593,-9.54686148135713,1.33684862490727e-21,8.77428001456349e-21,"Downregulated"
"ENSG00000254087.10","ENSG00000254087","LYN","protein_coding",608.425933675936,1.03062397317473,0.107969475656091,9.54551244147479,1.35436354027621e-21,8.88497138365522e-21,"Upregulated"
"ENSG00000146530.17","ENSG00000146530","VWDE","protein_coding",144.414278683811,1.07930203756672,0.113101249576142,9.54279498777872,1.39033707626111e-21,9.10884489564916e-21,"Upregulated"
"ENSG00000142627.15","ENSG00000142627","EPHA2","protein_coding",1886.49645866671,1.34140831098439,0.140585934240318,9.5415541976723,1.4070754139309e-21,9.2143411200572e-21,"Upregulated"
"ENSG00000119630.16","ENSG00000119630","PGF","protein_coding",73.9669345572799,2.82383777876422,0.295990061067674,9.54031283543197,1.42402095193688e-21,9.32109829966993e-21,"Upregulated"
"ENSG00000121797.12","ENSG00000121797","CCRL2","protein_coding",27.0258182752798,-3.33450406113373,0.349622763061316,-9.5374340959285,1.46409887766679e-21,9.57910651699645e-21,"Downregulated"
"ENSG00000053770.14","ENSG00000053770","AP5M1","protein_coding",380.966409998233,-1.41738164421515,0.148668884742835,-9.53381500551987,1.51607059208283e-21,9.91466381789911e-21,"Downregulated"
"ENSG00000167595.18","ENSG00000167595","PROSER3","protein_coding",169.147788807379,-1.42285358738339,0.149252889066089,-9.533172833615,1.52548126762648e-21,9.97170705026745e-21,"Downregulated"
"ENSG00000049860.15","ENSG00000049860","HEXB","protein_coding",2503.13253448453,1.30468914046792,0.13689621004741,9.53049861655102,1.56529583585405e-21,1.02181384023409e-20,"Upregulated"
"ENSG00000134864.13","ENSG00000134864","GGACT","protein_coding",49.158130403464,-4.25852194714447,0.447084156143409,-9.52510145713705,1.64880785589567e-21,1.07536109125293e-20,"Downregulated"
"ENSG00000260852.2","ENSG00000260852","FBXL19-AS1","lncRNA",32.204390652085,-3.80764311090676,0.399773763756987,-9.52449474203451,1.65846706340025e-21,1.08117429972094e-20,"Downregulated"
"ENSG00000166435.18","ENSG00000166435","XRRA1","protein_coding",55.3432669804674,-2.04280508819992,0.214486454975517,-9.5241682670969,1.66368785271531e-21,1.08409012417042e-20,"Downregulated"
"ENSG00000242485.8","ENSG00000242485","MRPL20","protein_coding",258.463696261587,-1.17281590995227,0.123157487455951,-9.52289571814903,1.68419334527209e-21,1.09646585623015e-20,"Downregulated"
"ENSG00000113494.19","ENSG00000113494","PRLR","protein_coding",63.1908157293804,-2.76084349163721,0.289918162896809,-9.52283728639615,1.68514087836102e-21,1.09659010369142e-20,"Downregulated"
"ENSG00000236751.5","ENSG00000236751","LINC01186","lncRNA",38.3208645464703,2.5729648371453,0.270259856244891,9.52033673404256,1.72618801218472e-21,1.12279697812302e-20,"Upregulated"
"ENSG00000174738.16","ENSG00000174738","NR1D2","protein_coding",1750.54793525741,1.4336274037786,0.150631203955536,9.5174662761229,1.77452780084824e-21,1.15320434483824e-20,"Upregulated"
"ENSG00000152409.12","ENSG00000152409","JMY","protein_coding",565.263201884656,1.23153428755688,0.129411121054824,9.51644864458866,1.79198474850682e-21,1.16402702713406e-20,"Upregulated"
"ENSG00000138449.13","ENSG00000138449","SLC40A1","protein_coding",432.02752748271,1.11423057591614,0.117085660674548,9.51637091593362,1.79332510654508e-21,1.16437578154352e-20,"Upregulated"
"ENSG00000102096.11","ENSG00000102096","PIM2","protein_coding",122.895100975329,1.54257583011914,0.162149649272287,9.51328502430985,1.84734736248113e-21,1.19891437425331e-20,"Upregulated"
"ENSG00000079974.21","ENSG00000079974","RABL2B","protein_coding",63.0109860931464,-2.86023773957106,0.300714981650148,-9.51145740686326,1.88009786020106e-21,1.21962301656373e-20,"Downregulated"
"ENSG00000198039.14","ENSG00000198039","ZNF273","protein_coding",144.882436882191,1.05370568297313,0.110805918740691,9.50947110902105,1.91634344695791e-21,1.2425793840409e-20,"Upregulated"
"ENSG00000109099.18","ENSG00000109099","PMP22","protein_coding",32.1332805991548,2.57545718247371,0.271007204132321,9.50327940808624,2.03382283696545e-21,1.31816460435167e-20,"Upregulated"
"ENSG00000132199.22","ENSG00000132199","ENOSF1","protein_coding",137.637750563734,-2.13011139644971,0.224274542379956,-9.49778505328962,2.1440201708483e-21,1.38804417721723e-20,"Downregulated"
"ENSG00000148291.12","ENSG00000148291","SURF2","protein_coding",192.960193186455,-1.71245380232699,0.180370366297274,-9.49409727041655,2.22127599337223e-21,1.43580426832963e-20,"Downregulated"
"ENSG00000184860.12","ENSG00000184860","SDR42E1","protein_coding",184.51712355131,-2.28561588401286,0.24074550690699,-9.49390878931703,2.22529763997593e-21,1.43776252334067e-20,"Downregulated"
"ENSG00000117479.17","ENSG00000117479","SLC19A2","protein_coding",407.841915943129,1.02622264945677,0.108104107533795,9.4929107956047,2.2467123110665e-21,1.45095164046238e-20,"Upregulated"
"ENSG00000102098.21","ENSG00000102098","SCML2","protein_coding",122.983359962748,1.73132698889332,0.182440660334742,9.48980882724653,2.31458356906961e-21,1.49411782106712e-20,"Upregulated"
"ENSG00000149292.19","ENSG00000149292","TTC12","protein_coding",54.0049896126717,-2.76862967928268,0.291798451229106,-9.48815755402651,2.35153673625345e-21,1.51729609892186e-20,"Downregulated"
"ENSG00000181577.17","ENSG00000181577","LINC03040","protein_coding",1024.98464707942,-1.20997970623079,0.12753229925261,-9.48763343342631,2.36338738604891e-21,1.52426390737075e-20,"Downregulated"
"ENSG00000135637.17","ENSG00000135637","CCDC142","protein_coding",74.2653371125951,-2.00877389992789,0.211762445254673,-9.48597801424171,2.40120665003729e-21,1.54796649343151e-20,"Downregulated"
"ENSG00000175573.8","ENSG00000175573","C11orf68","protein_coding",297.079062825897,1.30106273561189,0.137201301401194,9.4828745961193,2.47372678539218e-21,1.59400838478895e-20,"Upregulated"
"ENSG00000170027.8","ENSG00000170027","YWHAG","protein_coding",5177.25434536377,1.05042413811141,0.110797066607753,9.48061325332873,2.52792995614609e-21,1.6267655827917e-20,"Upregulated"
"ENSG00000107560.14","ENSG00000107560","RAB11FIP2","protein_coding",148.956379202542,-1.46317308109714,0.154377014323416,-9.47792057975563,2.59400600934509e-21,1.66780546084423e-20,"Downregulated"
"ENSG00000109445.13","ENSG00000109445","ZNF330","protein_coding",331.321751284275,1.13635768460679,0.119897841756173,9.47771592851282,2.59909728451028e-21,1.67033782027153e-20,"Upregulated"
"ENSG00000069424.17","ENSG00000069424","KCNAB2","protein_coding",435.189305505185,-1.2410715672102,0.131038863799833,-9.47101898796975,2.77126909692193e-21,1.78019644293407e-20,"Downregulated"
"ENSG00000067082.17","ENSG00000067082","KLF6","protein_coding",2122.82933321793,1.40594841915644,0.148449594438867,9.47088083649445,2.77493709122817e-21,1.78176288551523e-20,"Upregulated"
"ENSG00000181378.16","ENSG00000181378","CFAP65","protein_coding",26.8241588095206,5.15272058792671,0.544161540294658,9.46910100470636,2.82262424963969e-21,1.81157974427716e-20,"Upregulated"
"ENSG00000135750.17","ENSG00000135750","KCNK1","protein_coding",566.008906483232,1.14914220705854,0.121365046300646,9.46847747424642,2.83952156143226e-21,1.82161781621409e-20,"Upregulated"
"ENSG00000163607.20","ENSG00000163607","GTPBP8","protein_coding",142.778844015998,-1.44796418285776,0.152931800601788,-9.46803854502468,2.85147625942166e-21,1.82847760847517e-20,"Downregulated"
"ENSG00000162378.15","ENSG00000162378","ZYG11B","protein_coding",471.981542313423,1.1368947357254,0.120097286316857,9.46644816541387,2.89521041127392e-21,1.85570054313054e-20,"Upregulated"
"ENSG00000178307.12","ENSG00000178307","TMEM11","protein_coding",401.201604281371,1.05693700799544,0.111660197772795,9.46565588345172,2.91724447297841e-21,1.86899676845284e-20,"Upregulated"
"ENSG00000089127.16","ENSG00000089127","OAS1","protein_coding",1766.21556313164,1.02819509092586,0.108638597990811,9.46436266613855,2.95356687338051e-21,1.88976119774969e-20,"Upregulated"
"ENSG00000152404.18","ENSG00000152404","CWF19L2","protein_coding",304.758133788792,1.20185770187834,0.126992121895523,9.46403354742836,2.96288196952722e-21,1.89488462058201e-20,"Upregulated"
"ENSG00000188290.13","ENSG00000188290","HES4","protein_coding",122.506938779632,1.92962065270315,0.203928601841578,9.46223646549675,3.01425994772312e-21,1.92689259648891e-20,"Upregulated"
"ENSG00000164647.11","ENSG00000164647","STEAP1","protein_coding",114.225836491833,-1.75157110916481,0.185162804079891,-9.45962726082434,3.09042862349199e-21,1.97384273299453e-20,"Downregulated"
"ENSG00000128915.14","ENSG00000128915","ICE2","protein_coding",464.230317064858,-1.09433851111008,0.115717493695474,-9.45698421355359,3.16952603577471e-21,2.02257909777398e-20,"Downregulated"
"ENSG00000139211.9","ENSG00000139211","AMIGO2","protein_coding",267.276958745081,1.19131267075076,0.125982302325057,9.45619066142293,3.19366286590021e-21,2.03708460618952e-20,"Upregulated"
"ENSG00000176903.5","ENSG00000176903","PNMA1","protein_coding",150.324881830882,1.40316554533051,0.14838739154029,9.4560968473492,3.19652832300802e-21,2.03801533026979e-20,"Upregulated"
"ENSG00000160741.19","ENSG00000160741","CRTC2","protein_coding",489.880260725874,1.47702135357082,0.156326822429744,9.44829128241648,3.44406789925306e-21,2.19294516678275e-20,"Upregulated"
"ENSG00000156253.9","ENSG00000156253","RWDD2B","protein_coding",107.25087599008,-1.5076609886282,0.159740597301,-9.43818299231287,3.79299500635131e-21,2.41193872891809e-20,"Downregulated"
"ENSG00000293477.2","ENSG00000293477","CRYZL2P","lncRNA",136.67745109726,-2.2950968826117,0.243298771791539,-9.43324483601653,3.97594787147229e-21,2.52716826988493e-20,"Downregulated"
"ENSG00000127324.11","ENSG00000127324","TSPAN8","protein_coding",3037.13266518893,-1.20988635877959,0.128264184553573,-9.43276849255018,3.99405078603461e-21,2.5375617707678e-20,"Downregulated"
"ENSG00000172086.11","ENSG00000172086","KRCC1","protein_coding",426.701757910336,-2.7371612656044,0.290294931544075,-9.42889788342316,4.14420383150937e-21,2.63180551823987e-20,"Downregulated"
"ENSG00000112695.15","ENSG00000112695","COX7A2","protein_coding",1179.25218249541,1.04861488767637,0.111276389433806,9.42351646213466,4.36228412062693e-21,2.76666177138404e-20,"Upregulated"
"ENSG00000092871.19","ENSG00000092871","RFFL","protein_coding",675.936676893451,1.12571622326308,0.119465255525339,9.42295915505165,4.3855073365072e-21,2.77895812508362e-20,"Upregulated"
"ENSG00000215256.7","ENSG00000215256","DHRS4-AS1","lncRNA",142.883046517474,-1.58061036717486,0.167869360503416,-9.41571685526673,4.69865094146712e-21,2.97478590842034e-20,"Downregulated"
"ENSG00000104450.15","ENSG00000104450","SPAG1","protein_coding",243.110570980286,-1.57384850031182,0.167195981070493,-9.41319576125611,4.81276722461253e-21,3.04570404450152e-20,"Downregulated"
"ENSG00000168003.21","ENSG00000168003","SLC3A2","protein_coding",5322.41094398928,1.53536900443655,0.163122087508949,9.41239183413662,4.84972986779718e-21,3.06775579415612e-20,"Upregulated"
"ENSG00000131748.18","ENSG00000131748","STARD3","protein_coding",305.440864230263,1.15475116547537,0.122709431674192,9.41045158241279,4.94009854991861e-21,3.12355620355238e-20,"Upregulated"
"ENSG00000143476.20","ENSG00000143476","DTL","protein_coding",450.544284176848,-1.67400468543944,0.177965635105515,-9.40633670341428,5.13730015837927e-21,3.24682747035466e-20,"Downregulated"
"ENSG00000167384.13","ENSG00000167384","ZNF180","protein_coding",93.4487934066781,-2.10369214485957,0.223658786981929,-9.40581040095487,5.16307780127025e-21,3.26169675222356e-20,"Downregulated"
"ENSG00000124225.17","ENSG00000124225","PMEPA1","protein_coding",2463.98346481708,1.18831943690153,0.126345964767372,9.40528206887695,5.18908351756642e-21,3.27669709527549e-20,"Upregulated"
"ENSG00000245937.11","ENSG00000245937","SLC12A2-DT","lncRNA",306.146681920324,-1.13174019021876,0.120350362590179,-9.40371234337366,5.26711571221142e-21,3.32452268734181e-20,"Downregulated"
"ENSG00000182208.16","ENSG00000182208","MOB2","protein_coding",289.145887357148,1.33984846690144,0.142496952992622,9.40264643392629,5.32076331614856e-21,3.35692215836417e-20,"Upregulated"
"ENSG00000100784.14","ENSG00000100784","RPS6KA5","protein_coding",110.284800630856,-1.29541750760036,0.137800457153607,-9.40067641543714,5.4213413505453e-21,3.41740229891703e-20,"Downregulated"
"ENSG00000121900.21","ENSG00000121900","TMEM54","protein_coding",1450.45206263024,1.17093374084456,0.124588137051998,9.39843687008385,5.53796524653806e-21,3.48939966751433e-20,"Upregulated"
"ENSG00000150347.18","ENSG00000150347","ARID5B","protein_coding",344.229982502204,-1.85241620589829,0.197182001819068,-9.39444872660359,5.75182290549004e-21,3.62257355699095e-20,"Downregulated"
"ENSG00000118816.14","ENSG00000118816","CCNI","protein_coding",6512.80760215315,1.38025094492225,0.146924382890917,9.39429465527859,5.76024658153894e-21,3.62630293048055e-20,"Upregulated"
"ENSG00000157150.7","ENSG00000157150","TIMP4","protein_coding",57.9881284258405,-3.31284951898275,0.352781154514146,-9.39066465595432,5.96228116895674e-21,3.75023345054345e-20,"Downregulated"
"ENSG00000177613.9","ENSG00000177613","CSTF2T","protein_coding",263.794092458331,-2.12877677362296,0.22676415320651,-9.38762473486856,6.13685393635973e-21,3.85501895300066e-20,"Downregulated"
"ENSG00000137947.14","ENSG00000137947","GTF2B","protein_coding",253.864334893808,1.01025105630542,0.10762587381504,9.38669318533557,6.19135477907908e-21,3.88756990721032e-20,"Upregulated"
"ENSG00000117616.20","ENSG00000117616","RSRP1","protein_coding",156.417757014866,1.6428359277528,0.175242679757857,9.37463367955113,6.94163945760043e-21,4.34925374057698e-20,"Upregulated"
"ENSG00000165891.18","ENSG00000165891","E2F7","protein_coding",145.266623960595,-2.2713518710011,0.242318888772111,-9.37339999580964,7.023286849631e-21,4.39850790945776e-20,"Downregulated"
"ENSG00000171103.13","ENSG00000171103","TRMT61B","protein_coding",153.988233005633,-1.34404234668542,0.143402461634786,-9.37251935122563,7.0821497329857e-21,4.4334563252885e-20,"Downregulated"
"ENSG00000260708.3","ENSG00000260708","TBC1D22A-DT","lncRNA",21.3681618516418,3.21037977789547,0.342649734056833,9.36927555695401,7.30320612353335e-21,4.56592161959643e-20,"Upregulated"
"ENSG00000083812.15","ENSG00000083812","ZNF324","protein_coding",65.6564662652158,-2.12395790340789,0.226722507646878,-9.36809461686076,7.38536717178131e-21,4.61529715625074e-20,"Downregulated"
"ENSG00000059728.13","ENSG00000059728","MXD1","protein_coding",799.714977708214,1.24975719970965,0.133462305917207,9.36412113608267,7.66858229326068e-21,4.78609365176286e-20,"Upregulated"
"ENSG00000162300.15","ENSG00000162300","ZFPL1","protein_coding",390.65978482161,1.04402757861114,0.111529285847903,9.36101733884431,7.89725809751733e-21,4.9266923955756e-20,"Upregulated"
"ENSG00000100077.18","ENSG00000100077","GRK3","protein_coding",141.641077307364,-1.54047571195679,0.164608733505998,-9.35840814242495,8.09470133966745e-21,5.04769414003704e-20,"Downregulated"
"ENSG00000213995.14","ENSG00000213995","NAXD","protein_coding",734.88684359981,-1.1143182247035,0.119133440755851,-9.35353010568342,8.47701642573893e-21,5.28382460394876e-20,"Downregulated"
"ENSG00000156239.14","ENSG00000156239","HEMK2","protein_coding",33.1190240037757,-2.65016627416772,0.283389574289231,-9.35167174309287,8.62731619927184e-21,5.37519631813618e-20,"Downregulated"
"ENSG00000198517.12","ENSG00000198517","MAFK","protein_coding",638.239345545056,1.08032661084559,0.115568816429906,9.34790754304232,8.93987693469876e-21,5.56754175065124e-20,"Upregulated"
"ENSG00000215305.12","ENSG00000215305","VPS16","protein_coding",161.450424321072,-1.12953039550678,0.120838695291385,-9.34742296565754,8.98091891498037e-21,5.59069918023606e-20,"Downregulated"
"ENSG00000164916.13","ENSG00000164916","FOXK1","protein_coding",1669.10416029939,1.34681987573147,0.14414501986929,9.34350612288067,9.31957426744959e-21,5.79902405684326e-20,"Upregulated"
"ENSG00000145916.21","ENSG00000145916","RMND5B","protein_coding",409.884695276938,-1.10287568130946,0.11810103533005,-9.33840823856722,9.77932023162126e-21,6.07726881632313e-20,"Downregulated"
"ENSG00000106560.12","ENSG00000106560","GIMAP2","protein_coding",52.4877283120949,1.97593681209148,0.211703900894,9.33349269308379,1.02438378665575e-20,6.36048407721299e-20,"Upregulated"
"ENSG00000069966.19","ENSG00000069966","GNB5","protein_coding",136.965773112289,1.14744724952772,0.122961427618196,9.33176583709343,1.04121506756038e-20,6.45945580440286e-20,"Upregulated"
"ENSG00000175550.9","ENSG00000175550","DRAP1","protein_coding",578.802651010357,1.03720863223905,0.111168330853747,9.33007291081487,1.05798103628252e-20,6.55504966986161e-20,"Upregulated"
"ENSG00000114993.18","ENSG00000114993","RTKN","protein_coding",492.735176705687,-1.18879639461021,0.127427340136465,-9.32920983312608,1.06663102955173e-20,6.60581917959986e-20,"Downregulated"
"ENSG00000290994.2","ENSG00000290994","ENSG00000290994","lncRNA",26.702643474829,-3.89237534807136,0.417258012943357,-9.32846159289877,1.07418666302783e-20,6.64977066236622e-20,"Downregulated"
"ENSG00000144120.15","ENSG00000144120","TMEM177","protein_coding",171.427491575414,-1.83433091906384,0.196655962530364,-9.32761404974238,1.08280898798214e-20,6.7002851638929e-20,"Downregulated"
"ENSG00000167740.11","ENSG00000167740","CYB5D2","protein_coding",133.451251313839,-2.79416225976951,0.299583078550062,-9.32683605927559,1.09078395935421e-20,6.74675251342772e-20,"Downregulated"
"ENSG00000266094.10","ENSG00000266094","RASSF5","protein_coding",24.7324988945061,3.83590270999538,0.411361012876569,9.32490583677741,1.1108218430001e-20,6.86483161993922e-20,"Upregulated"
"ENSG00000272886.8","ENSG00000272886","DCP1A","protein_coding",683.446470191441,1.05278234708945,0.11290429254369,9.32455554497238,1.1144970923284e-20,6.88460863683854e-20,"Upregulated"
"ENSG00000117472.12","ENSG00000117472","TSPAN1","protein_coding",859.928385682004,-1.03060339627644,0.110562793322452,-9.3214305220268,1.14782141503914e-20,7.08442416812063e-20,"Downregulated"
"ENSG00000138640.17","ENSG00000138640","FAM13A","protein_coding",128.578594897913,-1.28536275654689,0.137940067657064,-9.31826972669361,1.1825292954257e-20,7.29243172311033e-20,"Downregulated"
"ENSG00000130363.16","ENSG00000130363","RSPH3","protein_coding",210.243825983777,-1.33803566012071,0.143595691130355,-9.31807667478025,1.18468245987288e-20,7.30260238557113e-20,"Downregulated"
"ENSG00000253738.4","ENSG00000253738","OTUD6B-AS1","lncRNA",152.902912066784,-1.51150390487768,0.16225961528647,-9.31534258976959,1.21559601846234e-20,7.48679026755474e-20,"Downregulated"
"ENSG00000121104.9","ENSG00000121104","FAM117A","protein_coding",112.087914794249,1.3417199988361,0.1441062808046,9.31062817904098,1.27078511705821e-20,7.82337209702957e-20,"Upregulated"
"ENSG00000112599.9","ENSG00000112599","GUCA1B","protein_coding",37.6684263297938,2.55738862082864,0.274731865149207,9.3086712727689,1.29441471227179e-20,7.96545987696086e-20,"Upregulated"
"ENSG00000174010.11","ENSG00000174010","KLHL15","protein_coding",183.696572154514,1.25539289590218,0.134882403075873,9.30731412900468,1.31105680741422e-20,8.0644462024817e-20,"Upregulated"
"ENSG00000162227.10","ENSG00000162227","TAF6L","protein_coding",72.9488700129703,-1.96160865429206,0.210800999787535,-9.30549976645815,1.33363650810701e-20,8.19637840351433e-20,"Downregulated"
"ENSG00000094916.18","ENSG00000094916","CBX5","protein_coding",2203.6272826724,-1.2197664609888,0.131105570440564,-9.30369668420591,1.35645669638371e-20,8.32956374745455e-20,"Downregulated"
"ENSG00000242498.10","ENSG00000242498","ARPIN","protein_coding",398.962901411746,-1.71981057363408,0.18488048195877,-9.30228305017948,1.37461759959319e-20,8.4375087900485e-20,"Downregulated"
"ENSG00000273142.1","ENSG00000273142","LINC02604","lncRNA",23.2659294338117,-3.17102837554559,0.34093891193461,-9.30086964128569,1.39301594633725e-20,8.54681926093116e-20,"Downregulated"
"ENSG00000140199.13","ENSG00000140199","SLC12A6","protein_coding",252.246402425213,1.21417474364617,0.130583239536804,9.29809022928979,1.42990865303994e-20,8.76204490480118e-20,"Upregulated"
"ENSG00000151466.14","ENSG00000151466","SCLT1","protein_coding",85.7995268924117,-1.76275468686148,0.189587793582907,-9.29782795373176,1.43343947092197e-20,8.77996822172495e-20,"Downregulated"
"ENSG00000214922.10","ENSG00000214922","HLA-F-AS1","lncRNA",24.1233804270094,3.13404878175687,0.337075113469727,9.29777564856725,1.43414464625002e-20,8.78057634704489e-20,"Upregulated"
"ENSG00000172840.9","ENSG00000172840","PDP2","protein_coding",312.350361745251,1.18145105669945,0.127105021329587,9.29507775806843,1.47098640165913e-20,9.00233738718081e-20,"Upregulated"
"ENSG00000198466.14","ENSG00000198466","ZNF587","protein_coding",201.356646663359,-1.29801518548662,0.139646474621885,-9.29500862088502,1.47194271849201e-20,9.00438745309677e-20,"Downregulated"
"ENSG00000006530.20","ENSG00000006530","AGK","protein_coding",239.406590279764,-1.27838925742229,0.137562493762505,-9.2931526788789,1.49784542819563e-20,9.1589771921566e-20,"Downregulated"
"ENSG00000136933.19","ENSG00000136933","RABEPK","protein_coding",247.283106058271,-1.20178358406063,0.129403368749829,-9.28711204098552,1.58531318117066e-20,9.68156705500432e-20,"Downregulated"
"ENSG00000171865.12","ENSG00000171865","RNASEH1","protein_coding",435.012296825885,-1.13638292220567,0.122382188336935,-9.28552543183046,1.6091125900296e-20,9.82277154789766e-20,"Downregulated"
"ENSG00000106089.14","ENSG00000106089","STX1A","protein_coding",111.944496368915,1.28312741823688,0.138228998650413,9.2826210908318,1.65359700057002e-20,1.00815850787803e-19,"Upregulated"
"ENSG00000259933.6","ENSG00000259933","PKD1-AS1","lncRNA",119.019582052328,-2.55124105377006,0.274949507890294,-9.27894388080887,1.71166710720773e-20,1.04268514996446e-19,"Downregulated"
"ENSG00000172354.12","ENSG00000172354","GNB2","protein_coding",2901.40147969049,1.1237661569117,0.121187663137887,9.27294188050377,1.81081105267651e-20,1.10215345549719e-19,"Upregulated"
"ENSG00000198056.18","ENSG00000198056","PRIM1","protein_coding",112.2437502713,-1.88886014685985,0.203790673268038,-9.26862901314186,1.88553853350778e-20,1.14571171604171e-19,"Downregulated"
"ENSG00000186104.13","ENSG00000186104","CYP2R1","protein_coding",186.501529484399,-1.34014134762317,0.144591570638654,-9.26846109841557,1.88850878869705e-20,1.14703559789596e-19,"Downregulated"
"ENSG00000104731.16","ENSG00000104731","KLHDC4","protein_coding",186.55152429566,-1.10023136837193,0.118808669039079,-9.26053104769681,2.03417946925113e-20,1.23292885271381e-19,"Downregulated"
"ENSG00000090975.16","ENSG00000090975","PITPNM2","protein_coding",170.752917850819,1.21513202394186,0.131236087455422,9.25913022479134,2.06104235397302e-20,1.24764518770999e-19,"Upregulated"
"ENSG00000204128.8","ENSG00000204128","C2orf72","protein_coding",37.3776562918175,-1.9502927968208,0.210696031649577,-9.25642871178735,2.1138421808416e-20,1.27907310583534e-19,"Downregulated"
"ENSG00000091136.17","ENSG00000091136","LAMB1","protein_coding",3864.0833746869,1.81342699528293,0.195926563492012,9.25564641650474,2.12937995282227e-20,1.2879371567738e-19,"Upregulated"
"ENSG00000104897.12","ENSG00000104897","SF3A2","protein_coding",1115.23881549767,1.13189037873691,0.122331049634915,9.25268263547905,2.18927697404824e-20,1.32306096363249e-19,"Upregulated"
"ENSG00000166979.15","ENSG00000166979","EVA1C","protein_coding",201.633716504207,1.25495621518815,0.135631222368037,9.25270887688974,2.18873940358004e-20,1.32306096363249e-19,"Upregulated"
"ENSG00000253341.1","ENSG00000253341","PCBP2P2","processed_pseudogene",367.243550103695,1.07501914280952,0.116216517832505,9.25014071028071,2.24197331681483e-20,1.35377822113669e-19,"Upregulated"
"ENSG00000121690.13","ENSG00000121690","DEPDC7","protein_coding",184.496622307528,1.05757764014551,0.114333963577504,9.24989921676779,2.24704444534223e-20,1.35627522290294e-19,"Upregulated"
"ENSG00000163376.11","ENSG00000163376","KBTBD8","protein_coding",51.5991140152266,-2.3562964647363,0.254743595257063,-9.24967892660287,2.25168021423045e-20,1.35850747979299e-19,"Downregulated"
"ENSG00000078967.15","ENSG00000078967","UBE2D4","protein_coding",149.070376557654,-1.50292705687605,0.162598066140404,-9.24320376343388,2.39224846634853e-20,1.44271597063349e-19,"Downregulated"
"ENSG00000196678.16","ENSG00000196678","ERI2","protein_coding",164.916160039519,-1.56684866714997,0.169522735930659,-9.24270516605437,2.40342539150912e-20,1.448853609557e-19,"Downregulated"
"ENSG00000107890.19","ENSG00000107890","ANKRD26","protein_coding",79.8189264542334,-2.51926332723235,0.272577674516231,-9.24236855312351,2.41100033221311e-20,1.45281566795977e-19,"Downregulated"
"ENSG00000110958.18","ENSG00000110958","PTGES3","protein_coding",5851.99102482637,1.10856285488334,0.120000048172765,9.23802008218638,2.51100388861876e-20,1.5124467312495e-19,"Upregulated"
"ENSG00000038002.11","ENSG00000038002","AGA","protein_coding",61.7393988876859,-2.5575521513492,0.276910492792921,-9.23602470081115,2.55825463088712e-20,1.54026697593752e-19,"Downregulated"
"ENSG00000157693.17","ENSG00000157693","TMEM268","protein_coding",256.327735684596,-1.17465530355768,0.127212250407275,-9.23382221285276,2.61143075643214e-20,1.57163017118831e-19,"Downregulated"
"ENSG00000221909.5","ENSG00000221909","FAM200A","protein_coding",57.7798386728654,-1.9760018013199,0.214066510861128,-9.23078436403252,2.68657282223541e-20,1.61484086851247e-19,"Downregulated"
"ENSG00000275202.1","ENSG00000275202","ENSG00000275202","lncRNA",40.9752329392746,-3.01225728867614,0.326444737969838,-9.22746467720506,2.77113185474684e-20,1.66428689759599e-19,"Downregulated"
"ENSG00000226124.12","ENSG00000226124","FTCDNL1","protein_coding",63.5178204101765,-3.30563768584883,0.358377495244043,-9.22389862565952,2.86489886420333e-20,1.71917657722711e-19,"Downregulated"
"ENSG00000162390.20","ENSG00000162390","ACOT11","protein_coding",177.414074098027,-2.5660767313661,0.278262072692157,-9.221798380712,2.92158403736285e-20,1.75246671645126e-19,"Downregulated"
"ENSG00000174151.17","ENSG00000174151","CYB561D1","protein_coding",173.089970187737,-1.35020328155694,0.146470301880583,-9.21827335795182,3.0192262766051e-20,1.80953793219855e-19,"Downregulated"
"ENSG00000128739.25","ENSG00000128739","SNRPN","protein_coding",122.82641596844,1.08851959626508,0.118174446105654,9.21112501167881,3.22724532667077e-20,1.93261319314516e-19,"Upregulated"
"ENSG00000077514.11","ENSG00000077514","POLD3","protein_coding",298.488854198107,-1.20863955066066,0.131221876942148,-9.21065586642624,3.24138263218335e-20,1.94027745169769e-19,"Downregulated"
"ENSG00000178700.11","ENSG00000178700","DHFR2","protein_coding",55.7970243492096,-2.09744796156058,0.227767596687175,-9.20871973040702,3.30037707035e-20,1.97477557817969e-19,"Downregulated"
"ENSG00000133985.5","ENSG00000133985","TTC9","protein_coding",201.82305083975,1.80704607474262,0.196294746851614,9.20577908337317,3.39201538877895e-20,2.02876958374678e-19,"Upregulated"
"ENSG00000101811.17","ENSG00000101811","CSTF2","protein_coding",364.163216130887,-1.08585215560572,0.118020791843083,-9.20051576208229,3.56235737923849e-20,2.12977240676255e-19,"Downregulated"
"ENSG00000131979.22","ENSG00000131979","GCH1","protein_coding",240.152640409729,1.15836661596676,0.125949905835608,9.19704233426485,3.67937523102077e-20,2.19882498342074e-19,"Upregulated"
"ENSG00000118600.15","ENSG00000118600","RXYLT1","protein_coding",244.20636522472,-1.23282969222566,0.134056151013869,-9.19636796149784,3.70253107175588e-20,2.21083973184533e-19,"Downregulated"
"ENSG00000170340.13","ENSG00000170340","B3GNT2","protein_coding",891.153103843938,1.01026686049132,0.109914983361016,9.19134798185884,3.87948897785909e-20,2.31079137966025e-19,"Upregulated"
"ENSG00000162069.18","ENSG00000162069","BICDL2","protein_coding",257.758696098689,-1.99045279866272,0.216577717401856,-9.19047823820892,3.91098667618351e-20,2.32859568246719e-19,"Downregulated"
"ENSG00000186416.19","ENSG00000186416","NKRF","protein_coding",323.077946657609,1.20592188022097,0.131266923884702,9.18679164966332,4.04732687216721e-20,2.40779396680818e-19,"Upregulated"
"ENSG00000166188.5","ENSG00000166188","ZNF319","protein_coding",61.5152714007555,-2.20473464696043,0.240007224920055,-9.18611782497303,4.07274980055105e-20,2.42093068538088e-19,"Downregulated"
"ENSG00000104312.10","ENSG00000104312","RIPK2","protein_coding",551.883673174707,1.4755395234723,0.160668491111151,9.18375166946407,4.16327998170958e-20,2.47372913058365e-19,"Upregulated"
"ENSG00000291159.2","ENSG00000291159","ENSG00000291159","lncRNA",28.2470333766704,-3.1911881070019,0.347531762059322,-9.18243583864768,4.21448201974089e-20,2.50107589803788e-19,"Downregulated"
"ENSG00000270362.3","ENSG00000270362","HMGN3-AS1","lncRNA",37.5123593380672,-2.79715588268668,0.304623420695567,-9.18234020319169,4.21822759048316e-20,2.50227401724445e-19,"Downregulated"
"ENSG00000155115.9","ENSG00000155115","GTF3C6","protein_coding",136.243625096228,-2.1915639851949,0.238784394825213,-9.17800339004184,4.39158205737194e-20,2.60297779858626e-19,"Downregulated"
"ENSG00000182979.20","ENSG00000182979","MTA1","protein_coding",653.472376551325,1.08525315631914,0.118262499761513,9.17664651523227,4.4472527792769e-20,2.63489727217011e-19,"Upregulated"
"ENSG00000178882.16","ENSG00000178882","RFLNA","protein_coding",490.691833179034,-2.39726188876924,0.261251015794106,-9.17608638375031,4.47043712398196e-20,2.64755107481596e-19,"Downregulated"
"ENSG00000232442.4","ENSG00000232442","MHENCR","lncRNA",35.5309736913749,2.04433929071573,0.222800144848691,9.17566410068583,4.48799475153885e-20,2.65686355961197e-19,"Upregulated"
"ENSG00000182057.6","ENSG00000182057","OGFRP1","lncRNA",48.5407852467982,-4.69753518126645,0.51213183572092,-9.17251155584538,4.62124264017585e-20,2.73462835203873e-19,"Downregulated"
"ENSG00000241127.11","ENSG00000241127","YAE1","protein_coding",99.4468355877754,-1.88689691776421,0.205737773256351,-9.17136842641492,4.67051893098029e-20,2.76153244992927e-19,"Downregulated"
"ENSG00000155090.17","ENSG00000155090","KLF10","protein_coding",1040.61512091225,-1.03935819535502,0.113328341500697,-9.17121155742517,4.67732140418293e-20,2.76442666351627e-19,"Downregulated"
"ENSG00000196268.13","ENSG00000196268","ZNF493","protein_coding",36.2620847401253,-2.64571450614795,0.288811503626168,-9.16069641593123,5.15634648069338e-20,3.0425803419466e-19,"Downregulated"
"ENSG00000124785.11","ENSG00000124785","NRN1","protein_coding",35.0122095202482,2.00351963067846,0.218771606406738,9.1580423236164,5.28472896024281e-20,3.11706520520305e-19,"Upregulated"
"ENSG00000129480.15","ENSG00000129480","DTD2","protein_coding",75.8252834978209,-1.98152761663085,0.216484786414549,-9.15319570233637,5.52737254414966e-20,3.25356145043935e-19,"Downregulated"
"ENSG00000130669.19","ENSG00000130669","PAK4","protein_coding",1262.23586602508,1.00646464585327,0.1099754839696,9.15171826960525,5.60350613224291e-20,3.29703657606432e-19,"Upregulated"
"ENSG00000293107.1","ENSG00000293107","ENSG00000293107","lncRNA",33.9355797898571,-4.60546190548247,0.503478098211413,-9.14729344105177,5.83777766006844e-20,3.43348514000454e-19,"Downregulated"
"ENSG00000186834.4","ENSG00000186834","HEXIM1","protein_coding",327.821839846389,1.22837638759506,0.134308342576167,9.14594256792681,5.91120948875709e-20,3.47526360693987e-19,"Upregulated"
"ENSG00000099256.21","ENSG00000099256","PRTFDC1","protein_coding",89.4541839727456,-1.76110512047653,0.192587140100078,-9.144458552951,5.99293144278177e-20,3.51902603196084e-19,"Downregulated"
"ENSG00000149716.15","ENSG00000149716","LTO1","protein_coding",175.756395323236,-1.38943268095748,0.151957866128328,-9.14353903722308,6.04412677217708e-20,3.54765027065169e-19,"Downregulated"
"ENSG00000180423.6","ENSG00000180423","HARBI1","protein_coding",48.9416461131988,-2.15534253226337,0.235918087874041,-9.13597830368195,6.48180369718277e-20,3.8014690076719e-19,"Downregulated"
"ENSG00000145384.5","ENSG00000145384","FABP2","protein_coding",17.2895036410258,-3.68561473071656,0.403542619746542,-9.13314864494717,6.65354154850122e-20,3.90061181718769e-19,"Downregulated"
"ENSG00000099995.21","ENSG00000099995","SF3A1","protein_coding",1629.18365819203,1.00708990585305,0.110293066262075,9.13103552185265,6.7847175468028e-20,3.97590483980049e-19,"Upregulated"
"ENSG00000288398.1","ENSG00000288398","ENSG00000288398","lncRNA",60.5652321743267,-1.88291016148094,0.206292622162799,-9.12737519034984,7.01801516631546e-20,4.1109569842459e-19,"Downregulated"
"ENSG00000161395.15","ENSG00000161395","PGAP3","protein_coding",174.05060755361,-1.44230994910416,0.158042433449028,-9.12609302215874,7.10159739864064e-20,4.1582363434788e-19,"Downregulated"
"ENSG00000205339.12","ENSG00000205339","IPO7","protein_coding",7845.01104765377,1.15561032629414,0.126640330939255,9.12513665846666,7.16458094533363e-20,4.19342112519285e-19,"Upregulated"
"ENSG00000205940.9","ENSG00000205940","HSP90AB2P","processed_pseudogene",127.459630077789,1.35516697975187,0.148510002688147,9.12508891806807,7.16773942725245e-20,4.19357609122901e-19,"Upregulated"
"ENSG00000128016.10","ENSG00000128016","ZFP36","protein_coding",1251.20336092085,1.87896814089203,0.206012257144257,9.1206618816681,7.46669059718797e-20,4.36671832665246e-19,"Upregulated"
"ENSG00000183421.13","ENSG00000183421","RIPK4","protein_coding",268.872230836375,1.22280978013456,0.134144120183457,9.11564203084138,7.82060299489581e-20,4.57185068987616e-19,"Upregulated"
"ENSG00000249942.2","ENSG00000249942","ENSG00000249942","lncRNA",44.9174682213317,1.93559809101962,0.212394688629914,9.11321325173198,7.9977400530356e-20,4.67351809873354e-19,"Upregulated"
"ENSG00000138496.19","ENSG00000138496","PARP9","protein_coding",187.482956083072,-1.29142349815375,0.141739513174103,-9.11124547582898,8.14415807209293e-20,4.75524330301252e-19,"Downregulated"
"ENSG00000162688.19","ENSG00000162688","AGL","protein_coding",272.573931300661,-1.0884267454765,0.119575950869445,-9.10238837795124,8.83668020295858e-20,5.15751790178315e-19,"Downregulated"
"ENSG00000212719.16","ENSG00000212719","LINC02693","lncRNA",101.782991136013,-1.49811870914228,0.164813835791499,-9.08976301624036,9.92551608359362e-20,5.77673008367224e-19,"Downregulated"
"ENSG00000240849.13","ENSG00000240849","PEDS1","protein_coding",436.86374730401,1.10392978778738,0.121488599674853,9.08669447785137,1.02095782169583e-19,5.93728762119422e-19,"Upregulated"
"ENSG00000186184.22","ENSG00000186184","POLR1D","protein_coding",3146.08074973901,1.27789184084587,0.140670711787002,9.08427791835448,1.04389273530698e-19,6.06822844768102e-19,"Upregulated"
"ENSG00000099860.12","ENSG00000099860","GADD45B","protein_coding",223.05104857358,3.16092406888121,0.348111495248911,9.08020594557226,1.08369604434864e-19,6.29708222722555e-19,"Upregulated"
"ENSG00000110274.18","ENSG00000110274","CEP164","protein_coding",199.504413831197,-1.143794569086,0.125968452116686,-9.08000812795956,1.08566744410501e-19,6.30600905810412e-19,"Downregulated"
"ENSG00000084092.9","ENSG00000084092","NOA1","protein_coding",487.832601605352,1.12426490847174,0.123831414666819,9.07899591954664,1.09581045495849e-19,6.35982583630695e-19,"Upregulated"
"ENSG00000247627.2","ENSG00000247627","MTND4P12","processed_pseudogene",223.459257658637,1.54849748559337,0.170557936912969,9.07901158761983,1.09565273896225e-19,6.35982583630695e-19,"Upregulated"
"ENSG00000169994.22","ENSG00000169994","MYO7B","protein_coding",1307.66897711809,1.39061652024572,0.153202798332901,9.07696553442836,1.11643945483069e-19,6.47695779800092e-19,"Upregulated"
"ENSG00000205639.13","ENSG00000205639","MFSD2B","protein_coding",107.897503206095,1.50155350489638,0.165539843212463,9.07064713701107,1.18312215801964e-19,6.85558029349085e-19,"Upregulated"
"ENSG00000109458.12","ENSG00000109458","GAB1","protein_coding",384.692227967208,1.09457102021294,0.120698037118355,9.06867291586212,1.2047535605225e-19,6.97813293329021e-19,"Upregulated"
"ENSG00000102181.24","ENSG00000102181","CD99L2","protein_coding",181.198355646695,-1.31681639243417,0.145216352906438,-9.06796215494127,1.21263662325031e-19,7.02098679350516e-19,"Downregulated"
"ENSG00000158169.16","ENSG00000158169","FANCC","protein_coding",271.033410392506,-1.03531252248365,0.114261994146813,-9.06086516530942,1.29419906950181e-19,7.49022880000807e-19,"Downregulated"
"ENSG00000247626.5","ENSG00000247626","MARS2","protein_coding",265.380010585116,-1.09558353363297,0.120919141848973,-9.0604640165355,1.29896780717057e-19,7.51482693074485e-19,"Downregulated"
"ENSG00000089123.18","ENSG00000089123","TASP1","protein_coding",137.442619771325,-1.16394752596505,0.12848982806959,-9.05867447604219,1.32045372310606e-19,7.63607955117836e-19,"Downregulated"
"ENSG00000205060.13","ENSG00000205060","SLC35B4","protein_coding",139.471862862944,-1.45222804834132,0.160375454749848,-9.05517649572057,1.36347104402769e-19,7.87855756381552e-19,"Downregulated"
"ENSG00000185621.13","ENSG00000185621","LMLN","protein_coding",23.6701534207185,-4.31795410580579,0.476877033009741,-9.05464890719028,1.37007828219624e-19,7.91358089501311e-19,"Downregulated"
"ENSG00000237643.4","ENSG00000237643","LINC01610","lncRNA",114.111528433397,1.4705773424389,0.162412760703133,9.05456773268517,1.37109767327257e-19,7.91631373747652e-19,"Upregulated"
"ENSG00000122085.19","ENSG00000122085","MTERF4","protein_coding",175.71083228542,-1.324165132417,0.146266764289274,-9.05308283020586,1.38987792428096e-19,8.01835624151262e-19,"Downregulated"
"ENSG00000137760.17","ENSG00000137760","ALKBH8","protein_coding",146.337469870401,-1.24174450078632,0.137191197439436,-9.0511966070892,1.41410079236153e-19,8.15485423115929e-19,"Downregulated"
"ENSG00000100379.20","ENSG00000100379","KCTD17","protein_coding",72.7303306106249,-2.07267881943104,0.229165850189687,-9.04444889024878,1.50422013083445e-19,8.67110506605127e-19,"Downregulated"
"ENSG00000175329.15","ENSG00000175329","ISX","protein_coding",421.419797600043,-1.9559316882666,0.216331880365736,-9.04134741934406,1.54752351348931e-19,8.91718121570064e-19,"Downregulated"
"ENSG00000137135.20","ENSG00000137135","ARHGEF39","protein_coding",157.59786620101,-1.8413977467991,0.203696966906323,-9.03988790194368,1.56832562653585e-19,9.03345587430744e-19,"Downregulated"
"ENSG00000064651.16","ENSG00000064651","SLC12A2","protein_coding",3188.62003051446,-1.34377584470058,0.148677167981841,-9.03821254427384,1.59254485933919e-19,9.16203259291127e-19,"Downregulated"
"ENSG00000135929.11","ENSG00000135929","CYP27A1","protein_coding",59.7493765401197,1.62167193529797,0.179548284390216,9.03195450073781,1.68632540756015e-19,9.6938626760657e-19,"Upregulated"
"ENSG00000163293.14","ENSG00000163293","NIPAL1","protein_coding",314.112282164632,-1.42860278444234,0.158239540935999,-9.0281024325023,1.74674288133333e-19,1.0033213569672e-18,"Downregulated"
"ENSG00000011422.14","ENSG00000011422","PLAUR","protein_coding",491.548696267362,1.88060370469449,0.208350950446985,9.02613451323327,1.77842908011671e-19,1.02111704552501e-18,"Upregulated"
"ENSG00000124762.17","ENSG00000124762","CDKN1A","protein_coding",766.371714051778,1.61710979124038,0.179192029429635,9.02445156956819,1.80597686445787e-19,1.0365234344445e-18,"Upregulated"
"ENSG00000226688.10","ENSG00000226688","ENTPD1-AS1","lncRNA",53.2161249801628,-1.88147112215156,0.208671053739022,-9.01644520616957,1.94291539632037e-19,1.11362369832445e-18,"Downregulated"
"ENSG00000170222.14","ENSG00000170222","ADPRM","protein_coding",113.408566467163,1.54251462088812,0.171078415265714,9.01641869017981,1.94338554586154e-19,1.11362369832445e-18,"Upregulated"
"ENSG00000138780.17","ENSG00000138780","GSTCD","protein_coding",220.254272299631,-1.09281898418518,0.121211400334303,-9.01581023873304,1.9542048122888e-19,1.11938087508653e-18,"Downregulated"
"ENSG00000289588.2","ENSG00000289588","ENSG00000289588","lncRNA",15.3652020203803,4.38725871451234,0.486653045724255,9.01516748545784,1.96569866962077e-19,1.12507524171186e-18,"Upregulated"
"ENSG00000149179.16","ENSG00000149179","CSTPP1","protein_coding",215.858037812668,-1.55509159981073,0.172502614217361,-9.01488714745648,1.97073263320511e-19,1.12706619259702e-18,"Downregulated"
"ENSG00000122547.14","ENSG00000122547","EEPD1","protein_coding",384.537193374484,-1.27776660892856,0.141758662547882,-9.01367567923379,1.99263355339787e-19,1.13824380984793e-18,"Downregulated"
"ENSG00000084234.20","ENSG00000084234","APLP2","protein_coding",8949.29485107483,1.11718388715581,0.123942621553355,9.01371838964114,1.99185736060909e-19,1.13824380984793e-18,"Upregulated"
"ENSG00000225031.1","ENSG00000225031","EIF4BP7","processed_pseudogene",328.598725066014,1.22601514954767,0.136032529926519,9.01266153184042,2.01115210371892e-19,1.14836943605574e-18,"Upregulated"
"ENSG00000122068.15","ENSG00000122068","FYTTD1","protein_coding",929.151221024612,1.16297909380104,0.129046062182282,9.01212384271203,2.02103930075686e-19,1.15356051778529e-18,"Upregulated"
"ENSG00000126705.17","ENSG00000126705","AHDC1","protein_coding",301.469754049659,1.36833054106526,0.151977793233082,9.00348999650696,2.18653937592809e-19,1.2475326234626e-18,"Upregulated"
"ENSG00000111321.13","ENSG00000111321","LTBR","protein_coding",1985.22755319452,1.0214167476641,0.113456849466388,9.00268914982251,2.20255285591865e-19,1.2561745764649e-18,"Upregulated"
"ENSG00000079385.25","ENSG00000079385","CEACAM1","protein_coding",2189.73123254249,1.05481871052434,0.117217024646036,8.99885245944102,2.28089197363485e-19,1.29983037679576e-18,"Upregulated"
"ENSG00000152078.12","ENSG00000152078","TLCD4","protein_coding",258.339748916555,1.15852907417511,0.12878375362485,8.99592566271931,2.34249786769795e-19,1.33441348658328e-18,"Upregulated"
"ENSG00000148926.12","ENSG00000148926","ADM","protein_coding",114.482510575597,2.64610742812525,0.294425514960672,8.98735773113518,2.53245259847803e-19,1.43933808214245e-18,"Upregulated"
"ENSG00000105388.19","ENSG00000105388","CEACAM5","protein_coding",12659.7730411505,1.79641652619018,0.199919439386294,8.98570209932939,2.57087563759446e-19,1.45991887695999e-18,"Upregulated"
"ENSG00000165637.16","ENSG00000165637","VDAC2","protein_coding",868.036133851963,1.40928310450632,0.156971654843053,8.97794640640935,2.75867398714798e-19,1.56472420437372e-18,"Upregulated"
"ENSG00000109184.17","ENSG00000109184","DCUN1D4","protein_coding",219.345333499482,-1.10155378629788,0.122697958540683,-8.97776784063309,2.76315374056308e-19,1.56665195650392e-18,"Downregulated"
"ENSG00000007866.23","ENSG00000007866","TEAD3","protein_coding",368.786651505422,1.06106509167944,0.118226280738057,8.97486654452353,2.83695499459342e-19,1.60786671027172e-18,"Upregulated"
"ENSG00000152253.11","ENSG00000152253","SPC25","protein_coding",118.21830534412,-1.91038088462455,0.212950526514711,-8.9710080359561,2.93813019372813e-19,1.66390710306792e-18,"Downregulated"
"ENSG00000080822.19","ENSG00000080822","CLDND1","protein_coding",586.611624905669,1.23104270944826,0.13723015200176,8.97064305104372,2.94788315663979e-19,1.66877823070406e-18,"Upregulated"
"ENSG00000104299.17","ENSG00000104299","INTS9","protein_coding",79.7142911178998,-2.33570576478941,0.260387038393752,-8.97013069159535,2.9616281841108e-19,1.67590455463232e-18,"Downregulated"
"ENSG00000185880.16","ENSG00000185880","TRIM69","protein_coding",140.896683206152,-1.2777110800957,0.142443976260781,-8.9699200600559,2.967297128973e-19,1.6784570645229e-18,"Downregulated"
"ENSG00000127419.19","ENSG00000127419","TMEM175","protein_coding",63.6522871957356,-2.51415781084533,0.280455500926051,-8.9645516045993,3.11545846368954e-19,1.76020366689235e-18,"Downregulated"
"ENSG00000174718.14","ENSG00000174718","RESF1","protein_coding",1028.85219145923,1.17271555029946,0.130831572827923,8.96355157208022,3.14385453496482e-19,1.77555494624747e-18,"Upregulated"
"ENSG00000118503.20","ENSG00000118503","TNFAIP3","protein_coding",118.066413854092,1.74532209389494,0.194779395111965,8.96050679740367,3.23189525184172e-19,1.82456665327971e-18,"Upregulated"
"ENSG00000174197.21","ENSG00000174197","MGA","protein_coding",508.889829675977,-1.06416576740339,0.118780597980257,-8.95908747302549,3.27376362333207e-19,1.84604600892328e-18,"Downregulated"
"ENSG00000126070.22","ENSG00000126070","AGO3","protein_coding",348.292047572448,1.09463848457376,0.12218643178168,8.95875645611487,3.28360502923374e-19,1.85087530469294e-18,"Upregulated"
"ENSG00000188321.16","ENSG00000188321","ZNF559","protein_coding",65.2970369275351,-1.75548047469605,0.196006879551866,-8.95621867308757,3.36003277678654e-19,1.89248328803694e-18,"Downregulated"
"ENSG00000166199.15","ENSG00000166199","ALKBH3","protein_coding",170.007805913811,-1.17450530698419,0.131252415146007,-8.94844720135358,3.60517820546222e-19,2.02819264571267e-18,"Downregulated"
"ENSG00000140859.18","ENSG00000140859","KIFC3","protein_coding",316.727962005274,1.21651132165527,0.135977000595695,8.94644915188536,3.67100951584256e-19,2.06442646114049e-18,"Upregulated"
"ENSG00000149483.15","ENSG00000149483","TMEM138","protein_coding",146.868509061706,-1.14064895716253,0.127498241391951,-8.94638972827858,3.67298546983489e-19,2.06473644021905e-18,"Downregulated"
"ENSG00000163131.14","ENSG00000163131","CTSS","protein_coding",250.854213214826,1.46480584159253,0.163734233930657,8.94624054132066,3.67795086673337e-19,2.06592495971705e-18,"Upregulated"
"ENSG00000134508.15","ENSG00000134508","CABLES1","protein_coding",117.02991285225,-1.23725103939332,0.138401921936748,-8.93955099813396,3.90754793154001e-19,2.19149321299837e-18,"Downregulated"
"ENSG00000230487.10","ENSG00000230487","PSMG3-AS1","lncRNA",83.1401096584258,-5.18169444132263,0.580035876383332,-8.93340335020617,4.13100225211786e-19,2.3159181678024e-18,"Downregulated"
"ENSG00000109790.20","ENSG00000109790","KLHL5","protein_coding",30.7843633684634,-1.998948982379,0.22385960001345,-8.92947625323596,4.28030379420661e-19,2.39776430559112e-18,"Downregulated"
"ENSG00000063761.18","ENSG00000063761","ADCK1","protein_coding",53.0810243985742,-2.01246241850711,0.225427992113978,-8.92729602759178,4.36548065808985e-19,2.44453422322404e-18,"Downregulated"
"ENSG00000142156.18","ENSG00000142156","COL6A1","protein_coding",557.411336263831,1.74183860131841,0.195232388132242,8.92187314810988,4.58467170120226e-19,2.56529198045649e-18,"Upregulated"
"ENSG00000068079.9","ENSG00000068079","IFI35","protein_coding",137.191512220416,-1.47939356840661,0.165822060538574,-8.92157270028898,4.59712859963901e-19,2.57126930397408e-18,"Downregulated"
"ENSG00000093183.16","ENSG00000093183","SEC22C","protein_coding",242.825431134027,-1.01017632897449,0.113235853418935,-8.92099364710198,4.62123117832136e-19,2.58375317269418e-18,"Downregulated"
"ENSG00000155252.16","ENSG00000155252","PI4K2A","protein_coding",191.407905139503,1.06222970724048,0.119101431232064,8.9186980899564,4.71801628094588e-19,2.63684889870681e-18,"Upregulated"
"ENSG00000125356.9","ENSG00000125356","NDUFA1","protein_coding",478.207669627224,1.25684027415892,0.140963740057979,8.91605368616058,4.83199338194468e-19,2.69950840752283e-18,"Upregulated"
"ENSG00000180884.12","ENSG00000180884","ZNF792","protein_coding",55.8724914000836,-2.07398350646417,0.232780976828515,-8.90959190360316,5.1220749076094e-19,2.8582637489825e-18,"Downregulated"
"ENSG00000122912.17","ENSG00000122912","SLC25A16","protein_coding",101.418246903149,-1.61798418026211,0.181664710217654,-8.90643085453186,5.27018096600335e-19,2.93977915932719e-18,"Downregulated"
"ENSG00000169032.13","ENSG00000169032","MAP2K1","protein_coding",845.688017388581,1.02439380047189,0.115047895966092,8.90406375422815,5.38385041027505e-19,2.99972165112287e-18,"Upregulated"
"ENSG00000262814.10","ENSG00000262814","MRPL12","protein_coding",226.563864294566,-1.20904960669864,0.135786053435469,-8.90407796757441,5.38316070258664e-19,2.99972165112287e-18,"Downregulated"
"ENSG00000124466.9","ENSG00000124466","LYPD3","protein_coding",59.9072259506925,2.66674246329217,0.299525843288193,8.90321327207258,5.425279634809e-19,3.02048223079724e-18,"Upregulated"
"ENSG00000170745.14","ENSG00000170745","KCNS3","protein_coding",184.388852177038,1.05617779012381,0.118691158325563,8.89853806318732,5.65870833395596e-19,3.1480230777616e-18,"Upregulated"
"ENSG00000101104.15","ENSG00000101104","PABPC1L","protein_coding",90.340639160661,-1.72603487231642,0.194028264013106,-8.89579093590117,5.80046864309353e-19,3.22317452360857e-18,"Downregulated"
"ENSG00000168564.8","ENSG00000168564","CDKN2AIP","protein_coding",306.440059524212,1.04231311233629,0.117191774704797,8.89408079160716,5.8904831345029e-19,3.27193873458091e-18,"Upregulated"
"ENSG00000010438.17","ENSG00000010438","PRSS3","protein_coding",873.387540865553,1.11370009387,0.125239183795772,8.89258505298246,5.97034253610727e-19,3.31502697445466e-18,"Upregulated"
"ENSG00000006695.14","ENSG00000006695","COX10","protein_coding",385.020887281326,1.03606946748266,0.116522084347693,8.89161460921949,6.02272683725675e-19,3.34283252874473e-18,"Upregulated"
"ENSG00000197299.15","ENSG00000197299","BLM","protein_coding",206.877349902606,-1.57535831327154,0.177175739564434,-8.8915012695552,6.02887441456775e-19,3.34496355344241e-18,"Downregulated"
"ENSG00000237190.5","ENSG00000237190","CDKN2AIPNL","protein_coding",155.675043903784,-1.20689421275368,0.135746191454414,-8.89081454015579,6.06625560139115e-19,3.36312839232443e-18,"Downregulated"
"ENSG00000159147.20","ENSG00000159147","DONSON","protein_coding",180.8698349797,1.56691485161999,0.176274235489576,8.88907472648012,6.16198787592429e-19,3.41359053126509e-18,"Upregulated"
"ENSG00000181031.18","ENSG00000181031","RPH3AL","protein_coding",125.297433838976,-1.2680577747486,0.142731845971287,-8.8841965583749,6.4384367678831e-19,3.56265084536701e-18,"Downregulated"
"ENSG00000006042.14","ENSG00000006042","TMEM98","protein_coding",53.2717570122603,-2.50813974663187,0.282442407155767,-8.88018117353258,6.67515520632854e-19,3.68941072654894e-18,"Downregulated"
"ENSG00000111981.7","ENSG00000111981","ULBP1","protein_coding",187.196912283618,-1.51561205889211,0.170769568071096,-8.8751882200763,6.98152445263904e-19,3.85286566518069e-18,"Downregulated"
"ENSG00000101846.11","ENSG00000101846","STS","protein_coding",305.334460329566,-1.03257555512399,0.116389751029478,-8.87170516296115,7.20342892961484e-19,3.97381393406845e-18,"Downregulated"
"ENSG00000275993.4","ENSG00000275993","ENSG00000275993","artifact",20.4590515854235,3.25515102332753,0.366947786225255,8.87088339410045,7.25679101047951e-19,4.00020598417151e-18,"Upregulated"
"ENSG00000073905.8","ENSG00000073905","VDAC1P1","processed_pseudogene",149.000039191133,1.1048936385471,0.124598444505198,8.86763589172257,7.47151693316833e-19,4.11387626882506e-18,"Upregulated"
"ENSG00000184220.13","ENSG00000184220","CMSS1","protein_coding",318.082773517632,-1.2420064761831,0.140114288161135,-8.86423856184286,7.70286678476558e-19,4.23803893108667e-18,"Downregulated"
"ENSG00000143919.17","ENSG00000143919","CAMKMT","protein_coding",108.644166916106,-1.23018046653848,0.138814405683652,-8.86205189209236,7.85550170579566e-19,4.32037687743418e-18,"Downregulated"
"ENSG00000174136.15","ENSG00000174136","RGMB","protein_coding",468.200515875896,-1.01788904362373,0.114976624124866,-8.85300861258799,8.51910872320151e-19,4.68001984900062e-18,"Downregulated"
"ENSG00000117399.16","ENSG00000117399","CDC20","protein_coding",884.402175296039,1.51896281424045,0.171594753239405,8.85203530740379,8.59375034979407e-19,4.71923569796194e-18,"Upregulated"
"ENSG00000136877.18","ENSG00000136877","FPGS","protein_coding",338.491866256944,-1.14140688684963,0.129135423563181,-8.83883643507917,9.67205955812763e-19,5.30535530342111e-18,"Downregulated"
"ENSG00000100968.15","ENSG00000100968","NFATC4","protein_coding",30.2013999120932,2.77084794353828,0.31353353057093,8.83748522364639,9.78971841635163e-19,5.36786225084252e-18,"Upregulated"
"ENSG00000153303.18","ENSG00000153303","FRMD1","protein_coding",53.1270237486136,2.33587429653222,0.264505140097414,8.83111116733664,1.03640917450545e-18,5.67421297957424e-18,"Upregulated"
"ENSG00000059122.19","ENSG00000059122","FLYWCH1","protein_coding",263.009446999316,1.02051683681348,0.115571337313051,8.83018973856103,1.04498304734212e-18,5.71683439867197e-18,"Upregulated"
"ENSG00000003249.17","ENSG00000003249","DBNDD1","protein_coding",318.390406549252,1.32289560674455,0.149880117570094,8.82635821342933,1.08139290731488e-18,5.91156017080618e-18,"Upregulated"
"ENSG00000133265.13","ENSG00000133265","HSPBP1","protein_coding",259.649796663176,-1.1041791453914,0.125147904284289,-8.82299349482606,1.11439823371017e-18,6.08051927821074e-18,"Downregulated"
"ENSG00000137501.20","ENSG00000137501","SYTL2","protein_coding",560.704794126733,-1.29131925128724,0.146367093528154,-8.82246972430899,1.11962473997809e-18,6.10673757311347e-18,"Downregulated"
"ENSG00000169105.8","ENSG00000169105","CHST14","protein_coding",86.7359796561031,-1.70612988884303,0.193399431779315,-8.82179369994151,1.12640633042878e-18,6.14141480081785e-18,"Downregulated"
"ENSG00000112984.14","ENSG00000112984","KIF20A","protein_coding",508.579287978858,1.32839058184703,0.15069257145779,8.81523600663432,1.19433204461494e-18,6.50197595438008e-18,"Upregulated"
"ENSG00000063046.20","ENSG00000063046","EIF4B","protein_coding",5729.86411777022,1.24304666649529,0.1410379195744,8.81356354550855,1.21229342327978e-18,6.59232881432293e-18,"Upregulated"
"ENSG00000213020.12","ENSG00000213020","ZNF611","protein_coding",56.6403495555558,-1.97658504893127,0.224265952232932,-8.8135761547892,1.21215701305928e-18,6.59232881432293e-18,"Downregulated"
"ENSG00000091542.10","ENSG00000091542","ALKBH5","protein_coding",1616.38103533803,1.12777119596516,0.127989873694693,8.81140955459757,1.23581969877645e-18,6.71522275015684e-18,"Upregulated"
"ENSG00000101346.17","ENSG00000101346","POFUT1","protein_coding",2936.71798665566,-1.11249305451349,0.126309580738727,-8.80766960041374,1.2777439540964e-18,6.93263398830587e-18,"Downregulated"
"ENSG00000176396.12","ENSG00000176396","EID2","protein_coding",50.2296723671021,-2.25167577943272,0.255791470192779,-8.80277898921232,1.33469240197931e-18,7.23619988383245e-18,"Downregulated"
"ENSG00000233930.5","ENSG00000233930","KRTAP5-AS1","lncRNA",35.3004813238554,-3.04235010807037,0.345774448927761,-8.79865506981394,1.38465568522521e-18,7.50146923001259e-18,"Downregulated"
"ENSG00000186529.18","ENSG00000186529","CYP4F3","protein_coding",131.684717323764,2.04069275778401,0.232014771028781,8.79552947743517,1.42375007632691e-18,7.70174919974977e-18,"Upregulated"
"ENSG00000184271.19","ENSG00000184271","POU6F1","protein_coding",72.9820919473873,1.79991364217408,0.204645158085953,8.79529063383994,1.42678193278647e-18,7.71527006341101e-18,"Upregulated"
"ENSG00000176890.18","ENSG00000176890","TYMS","protein_coding",256.115520367919,-1.73021516007728,0.196759981056652,-8.79353184923874,1.44930496908932e-18,7.83413935548019e-18,"Downregulated"
"ENSG00000143748.20","ENSG00000143748","NVL","protein_coding",200.719782395561,-1.13474854409094,0.129055859453912,-8.7926929384882,1.46017140559992e-18,7.88993438104178e-18,"Downregulated"
"ENSG00000158882.17","ENSG00000158882","TOMM40L","protein_coding",108.661933556176,-2.7190767721774,0.309245123458135,-8.79262619171261,1.46103942599574e-18,7.89168220705563e-18,"Downregulated"
"ENSG00000151131.13","ENSG00000151131","NOPCHAP1","protein_coding",242.232797751228,-1.11740763384987,0.127107645674361,-8.79103399265667,1.48189719118742e-18,7.99838141329166e-18,"Downregulated"
"ENSG00000188191.18","ENSG00000188191","PRKAR1B","protein_coding",263.239584168753,-1.18470726264402,0.134855475744663,-8.78501415016442,1.56344854867743e-18,8.43504888278589e-18,"Downregulated"
"ENSG00000111445.16","ENSG00000111445","RFC5","protein_coding",242.019821562787,-1.13156090406487,0.128806358640019,-8.78497704625977,1.56396469417925e-18,8.43504888278589e-18,"Downregulated"
"ENSG00000228223.4","ENSG00000228223","HCG11","lncRNA",144.646126680883,-1.52510435922094,0.173626401159549,-8.78382751145943,1.58003929046781e-18,8.51857492465012e-18,"Downregulated"
"ENSG00000134824.16","ENSG00000134824","FADS2","protein_coding",81.3326821452729,2.86757205345988,0.326907807682108,8.77180656464579,1.7582226072525e-18,9.46162719060649e-18,"Upregulated"
"ENSG00000139182.17","ENSG00000139182","CLSTN3","protein_coding",178.791802179412,1.19350759827636,0.136076119210508,8.7708821004075,1.77271989259772e-18,9.53256277681862e-18,"Upregulated"
"ENSG00000105520.13","ENSG00000105520","PLPPR2","protein_coding",168.303893924849,1.50873460264615,0.172020931346851,8.77064547223059,1.77644958795642e-18,9.54553482709099e-18,"Upregulated"
"ENSG00000170540.18","ENSG00000170540","ARL6IP1","protein_coding",3722.57503997622,1.39914924796039,0.159553068516597,8.76917793539551,1.79975432997227e-18,9.66717559301637e-18,"Upregulated"
"ENSG00000090470.16","ENSG00000090470","PDCD7","protein_coding",244.757733828327,-1.10564747607355,0.126105996167947,-8.767604314398,1.82507917733384e-18,9.7995729669959e-18,"Downregulated"
"ENSG00000174276.7","ENSG00000174276","ZNHIT2","protein_coding",76.6462605467339,-1.77539255170055,0.202534356666805,-8.76588338353525,1.85317767662333e-18,9.9467595887501e-18,"Downregulated"
"ENSG00000007968.9","ENSG00000007968","E2F2","protein_coding",98.1972582797412,-4.92207542054027,0.561813510192939,-8.76104851741626,1.9344251605284e-18,1.03713242420931e-17,"Downregulated"
"ENSG00000114988.14","ENSG00000114988","LMAN2L","protein_coding",301.238587819422,-1.38439892610922,0.158039897093451,-8.75980655245941,1.95585736472691e-18,1.04823538940911e-17,"Downregulated"
"ENSG00000118508.7","ENSG00000118508","RAB32","protein_coding",190.051806468503,1.16876401097425,0.133443210978387,8.75851234697549,1.97844054636913e-18,1.05955507753072e-17,"Upregulated"
"ENSG00000121481.14","ENSG00000121481","RNF2","protein_coding",430.573186879916,1.11406200031344,0.12728452175464,8.75253318279316,2.08616152647865e-18,1.11559604582025e-17,"Upregulated"
"ENSG00000156603.22","ENSG00000156603","MED19","protein_coding",136.226382559493,-1.15877388323953,0.132466281287805,-8.74768938913517,2.17765692307912e-18,1.1640945824147e-17,"Downregulated"
"ENSG00000065911.14","ENSG00000065911","MTHFD2","protein_coding",4405.92185159769,1.11226325165142,0.127200060020958,8.74420382716925,2.24593691526691e-18,1.2001518354e-17,"Upregulated"
"ENSG00000050820.19","ENSG00000050820","BCAR1","protein_coding",884.575210437518,1.28540566022213,0.147008326013687,8.74376094931149,2.25476259542785e-18,1.20442386778255e-17,"Upregulated"
"ENSG00000225791.8","ENSG00000225791","TRAM2-AS1","lncRNA",40.3907789863825,-2.62931853467162,0.300742977549639,-8.74274290989101,2.27518015038268e-18,1.21488248855364e-17,"Downregulated"
"ENSG00000110171.22","ENSG00000110171","TRIM3","protein_coding",96.4424066318163,1.35861454530639,0.155408761553752,8.74220045075438,2.28613402439623e-18,1.22028192565562e-17,"Upregulated"
"ENSG00000143702.19","ENSG00000143702","CEP170","protein_coding",53.0249679198098,1.6299777854137,0.186711624153631,8.72992130405609,2.54849886626186e-18,1.35782520477452e-17,"Upregulated"
"ENSG00000130222.13","ENSG00000130222","GADD45G","protein_coding",58.0494594011609,2.87041875937484,0.328848628068803,8.72869312617074,2.57632218567197e-18,1.37164074631735e-17,"Upregulated"
"ENSG00000130203.12","ENSG00000130203","APOE","protein_coding",25.867557653194,2.47653050481491,0.283794474362861,8.7264930382274,2.62691513936195e-18,1.39806295261232e-17,"Upregulated"
"ENSG00000103121.11","ENSG00000103121","CMC2","protein_coding",221.067746450248,1.0876736429271,0.124649515904812,8.72585533150162,2.64176227356225e-18,1.40544856345316e-17,"Upregulated"
"ENSG00000130816.19","ENSG00000130816","DNMT1","protein_coding",1055.65805129876,-1.34339247391438,0.153970541121831,-8.72499676968341,2.66188230992815e-18,1.41563297010931e-17,"Downregulated"
"ENSG00000291152.2","ENSG00000291152","SBDSP1","lncRNA",199.015737367582,1.07979130793061,0.123856705596871,8.71806901957419,2.82986442433835e-18,1.50386487852993e-17,"Upregulated"
"ENSG00000128272.21","ENSG00000128272","ATF4","protein_coding",2897.47038064745,1.0065800148217,0.115545633653477,8.71153658510757,2.99783004530899e-18,1.59021057893916e-17,"Upregulated"
"ENSG00000253710.6","ENSG00000253710","ALG11","protein_coding",155.817818852758,-1.12687578155405,0.129403527895184,-8.70823075601781,3.08654468593456e-18,1.63667053013405e-17,"Downregulated"
"ENSG00000163832.18","ENSG00000163832","ELP6","protein_coding",141.487047294192,-1.73156084792765,0.198911061933425,-8.70520136535795,3.17011414592525e-18,1.6791408699835e-17,"Downregulated"
"ENSG00000152455.18","ENSG00000152455","SUV39H2","protein_coding",218.6451928799,-1.17901001725884,0.135462921404934,-8.70356260614276,3.21624837588273e-18,1.70233277806036e-17,"Downregulated"
"ENSG00000130349.12","ENSG00000130349","MTRES1","protein_coding",131.164753861675,-1.45797287389506,0.167518397107504,-8.70335974477725,3.22200522197487e-18,1.70475719886308e-17,"Downregulated"
"ENSG00000257167.4","ENSG00000257167","TMPO-AS1","lncRNA",49.1230212811527,-2.72564815086198,0.313262860451984,-8.70083401182424,3.29453857104086e-18,1.7418625673668e-17,"Downregulated"
"ENSG00000214274.12","ENSG00000214274","ANG","protein_coding",95.3560626588158,2.08840265791116,0.240154677124457,8.69607322629352,3.43566777783377e-18,1.81449334680638e-17,"Upregulated"
"ENSG00000121858.13","ENSG00000121858","TNFSF10","protein_coding",68.4460899421158,1.58803402868232,0.182637097429683,8.69502445577205,3.46755092166226e-18,1.83066477073696e-17,"Upregulated"
"ENSG00000012963.17","ENSG00000012963","UBR7","protein_coding",309.063214775789,-1.04679640049075,0.120421716250082,-8.69275437261534,3.53756639227747e-18,1.86694873113201e-17,"Downregulated"
"ENSG00000050426.18","ENSG00000050426","LETMD1","protein_coding",980.097977550068,1.36626948569578,0.157225530288617,8.68987042490955,3.62853101164109e-18,1.91356155097172e-17,"Upregulated"
"ENSG00000175806.17","ENSG00000175806","MSRA","protein_coding",49.1365674208415,-2.27009898329749,0.261251749802421,-8.68931589937415,3.64628453849325e-18,1.92222464648396e-17,"Downregulated"
"ENSG00000073605.21","ENSG00000073605","GSDMB","protein_coding",150.530770260893,2.0169634647951,0.232131470488342,8.68888419373708,3.66016524384407e-18,1.92884053504684e-17,"Upregulated"
"ENSG00000125817.8","ENSG00000125817","CENPB","protein_coding",626.15069499353,-1.12978866122045,0.13005081557037,-8.68728624473047,3.71199978752634e-18,1.95473477183255e-17,"Downregulated"
"ENSG00000163002.15","ENSG00000163002","NUP35","protein_coding",211.833657934254,-1.09677324142364,0.126278899709134,-8.68532465795867,3.77662177937298e-18,1.98804223852791e-17,"Downregulated"
"ENSG00000169621.13","ENSG00000169621","APLF","protein_coding",59.0435532863854,-1.46753007365323,0.169010334519544,-8.68307892428627,3.85196906153492e-18,2.02623359853953e-17,"Downregulated"
"ENSG00000164879.9","ENSG00000164879","CA3","protein_coding",19.6388919201997,3.34997254514165,0.385833831197664,8.68242303880669,3.87425353707204e-18,2.03721633741829e-17,"Upregulated"
"ENSG00000151413.19","ENSG00000151413","NUBPL","protein_coding",112.693695779722,-1.53036798210811,0.176285341772872,-8.68119814567371,3.91621203531899e-18,2.05778625148088e-17,"Downregulated"
"ENSG00000024422.14","ENSG00000024422","EHD2","protein_coding",40.6102528903113,1.92268960617673,0.221560350553896,8.67794982888431,4.02966719082649e-18,2.11586728005281e-17,"Upregulated"
"ENSG00000245498.8","ENSG00000245498","MSANTD2-AS1","lncRNA",35.9982725851148,-2.31577919497286,0.266895831492288,-8.67671548867848,4.07362501282547e-18,2.13739948174753e-17,"Downregulated"
"ENSG00000162929.16","ENSG00000162929","SANBR","protein_coding",179.969688788809,-1.01903578936848,0.117486902937053,-8.67361181453948,4.18625686454144e-18,2.19332011861658e-17,"Downregulated"
"ENSG00000104369.7","ENSG00000104369","JPH1","protein_coding",446.214544303579,1.44981039993247,0.167203475318776,8.67093460329328,4.28587824959834e-18,2.24470356317959e-17,"Upregulated"
"ENSG00000203697.14","ENSG00000203697","CAPN8","protein_coding",168.895713813497,-2.26085205124733,0.260801951462397,-8.66884637392488,4.36520455308522e-18,2.28294999578892e-17,"Downregulated"
"ENSG00000138092.13","ENSG00000138092","CENPO","protein_coding",280.739658673396,-1.30721825139639,0.150803118158235,-8.66837680388513,4.38324091363234e-18,2.2915558196378e-17,"Downregulated"
"ENSG00000163728.13","ENSG00000163728","TTC14","protein_coding",68.8162730813995,-1.632109486448,0.188383785927581,-8.66374713944554,4.56505339604948e-18,2.38402716452429e-17,"Downregulated"
"ENSG00000167705.14","ENSG00000167705","RILP","protein_coding",94.726061110981,1.25373145707811,0.144720452848771,8.66312558037821,4.59002282912039e-18,2.39620356050478e-17,"Upregulated"
"ENSG00000154059.13","ENSG00000154059","IMPACT","protein_coding",363.275410013364,-1.33379681672634,0.153971611031954,-8.66261519111812,4.61062708963453e-18,2.40609318627957e-17,"Downregulated"
"ENSG00000065615.16","ENSG00000065615","CYB5R4","protein_coding",205.575550675752,-1.36974838210358,0.158157157042716,-8.66067908475132,4.68962056357593e-18,2.4455552791415e-17,"Downregulated"
"ENSG00000293476.1","ENSG00000293476","ENSG00000293476","lncRNA",37.9700567431124,-3.93841365862178,0.454962235129626,-8.65657268784005,4.86161070437259e-18,2.532511226735e-17,"Downregulated"
"ENSG00000223617.4","ENSG00000223617","LINC00370","lncRNA",194.754386761094,2.19573670307258,0.25370159232521,8.6548006378216,4.93773985659889e-18,2.57124419697561e-17,"Upregulated"
"ENSG00000229619.6","ENSG00000229619","MBNL1-AS1","lncRNA",34.4435925418666,-2.98497064024274,0.344994125496444,-8.65223613865134,5.05000164314553e-18,2.62875803924084e-17,"Downregulated"
"ENSG00000151116.19","ENSG00000151116","UEVLD","protein_coding",305.996878181076,-1.07435866632891,0.124179982001323,-8.65162523793457,5.07711342331825e-18,2.64192200110334e-17,"Downregulated"
"ENSG00000228801.9","ENSG00000228801","PCMTD1-DT","lncRNA",48.9022916025567,-2.62691143152703,0.303683612834042,-8.65015865364654,5.14278835485543e-18,2.67417613342536e-17,"Downregulated"
"ENSG00000156313.16","ENSG00000156313","RPGR","protein_coding",51.7588973816653,-2.02572350240912,0.23427268784808,-8.64686157407624,5.29351188767881e-18,2.74959047585094e-17,"Downregulated"
"ENSG00000170421.15","ENSG00000170421","KRT8","protein_coding",17435.97499521,1.07545287050888,0.124410099566362,8.64441773021188,5.40803633680344e-18,2.80706527911732e-17,"Upregulated"
"ENSG00000179886.6","ENSG00000179886","TIGD5","protein_coding",166.465032477809,-2.20834663317166,0.255591864096465,-8.64012882795906,5.61496702528035e-18,2.91238733465866e-17,"Downregulated"
"ENSG00000005189.22","ENSG00000005189","REXO5","protein_coding",61.2434211979215,-2.12213891011283,0.245630765209526,-8.63954850404274,5.6435601533739e-18,2.92617079580302e-17,"Downregulated"
"ENSG00000128487.21","ENSG00000128487","SPECC1","protein_coding",381.88209298877,1.0021433841173,0.116072823820882,8.63374691102339,5.93742920131755e-18,3.07633979211634e-17,"Upregulated"
"ENSG00000094841.16","ENSG00000094841","UPRT","protein_coding",81.557913733533,-2.08251103835987,0.241243035028415,-8.63241932814591,6.00677069972867e-18,3.11004362202458e-17,"Downregulated"
"ENSG00000105983.25","ENSG00000105983","LMBR1","protein_coding",1263.92311039371,-1.06613546531297,0.123505470292666,-8.63229347482818,6.01338552678766e-18,3.11235653765024e-17,"Downregulated"
"ENSG00000092820.21","ENSG00000092820","EZR","protein_coding",6857.78128657055,1.14285300939588,0.13240581944484,8.6314409305249,6.05838481817049e-18,3.13451790444122e-17,"Upregulated"
"ENSG00000184445.13","ENSG00000184445","KNTC1","protein_coding",445.860745345405,-1.45831794338568,0.168954962838813,-8.631400456564,6.060529373616e-18,3.13451790444122e-17,"Downregulated"
"ENSG00000114735.12","ENSG00000114735","HEMK1","protein_coding",122.487868833367,-1.17395471193957,0.136040429081421,-8.62945463981852,6.16451928527725e-18,3.18602758495856e-17,"Downregulated"
"ENSG00000023902.15","ENSG00000023902","PLEKHO1","protein_coding",35.4090402128411,2.71170637389787,0.314402068955114,8.62496351538007,6.41130906983364e-18,3.3100353060217e-17,"Upregulated"
"ENSG00000132664.15","ENSG00000132664","POLR3F","protein_coding",79.645675796214,-1.51020008259963,0.175098421756473,-8.6248640476041,6.41688383355999e-18,3.31173363660795e-17,"Downregulated"
"ENSG00000234171.6","ENSG00000234171","RNASEH1-DT","lncRNA",53.8583176331429,-1.83463873673878,0.212863807591546,-8.61883829617094,6.76367911716233e-18,3.48698818092908e-17,"Downregulated"
"ENSG00000164626.11","ENSG00000164626","KCNK5","protein_coding",448.300647458727,1.19510101974363,0.138746965933035,8.61352903616243,7.08452738388312e-18,3.65002407089389e-17,"Upregulated"
"ENSG00000115112.10","ENSG00000115112","TFCP2L1","protein_coding",683.210131609309,1.57654839053515,0.183153534108367,8.60779672207878,7.44781765413679e-18,3.83015519672641e-17,"Upregulated"
"ENSG00000169908.14","ENSG00000169908","TM4SF1","protein_coding",1649.37312849277,1.12876070180839,0.131187120122999,8.60420368059058,7.68484107181336e-18,3.94924527704678e-17,"Upregulated"
"ENSG00000269416.8","ENSG00000269416","LINC01224","lncRNA",31.0637412276019,-2.34448386592672,0.272539480023994,-8.60236419956591,7.80905270360555e-18,4.01165514996993e-17,"Downregulated"
"ENSG00000182473.24","ENSG00000182473","EXOC7","protein_coding",828.370685707667,-1.14259163639971,0.132830142351359,-8.6019002627985,7.84069182903879e-18,4.02648143112793e-17,"Downregulated"
"ENSG00000167165.20","ENSG00000167165","UGT1A6","protein_coding",93.9678536335789,1.70613782059496,0.198345681364724,8.60184002422348,7.84480919240398e-18,4.02716878555857e-17,"Upregulated"
"ENSG00000144852.21","ENSG00000144852","NR1I2","protein_coding",113.43065637604,1.63785100342969,0.190476925953918,8.59868456626569,8.0634977173497e-18,4.13503923990912e-17,"Upregulated"
"ENSG00000285967.2","ENSG00000285967","NIPBL-DT","lncRNA",53.7864482727908,-2.17012001756257,0.252396913354928,-8.59804499475348,8.10855101926869e-18,4.15667213906055e-17,"Downregulated"
"ENSG00000172954.16","ENSG00000172954","LCLAT1","protein_coding",225.172564337078,-1.31082122035977,0.15257462662066,-8.59134476939477,8.59572812552992e-18,4.40485473816053e-17,"Downregulated"
"ENSG00000141642.11","ENSG00000141642","ELAC1","protein_coding",31.1584173357156,-4.17259735403595,0.485830822588745,-8.5885809628181,8.80500149622822e-18,4.51050129668927e-17,"Downregulated"
"ENSG00000131759.20","ENSG00000131759","RARA","protein_coding",472.013205349319,1.18735001168777,0.138262821905361,8.58763039351597,8.87813373425933e-18,4.54635738787584e-17,"Upregulated"
"ENSG00000196177.15","ENSG00000196177","ACADSB","protein_coding",56.3729893132898,-2.14222668860321,0.249626085133577,-8.5817421182441,9.34469503468104e-18,4.78189690828382e-17,"Downregulated"
"ENSG00000135862.8","ENSG00000135862","LAMC1","protein_coding",2692.24312714696,1.19589784212742,0.139393298341061,8.57930658331471,9.54467668621749e-18,4.87906365208691e-17,"Upregulated"
"ENSG00000109452.15","ENSG00000109452","INPP4B","protein_coding",242.156523229411,-1.18878157042326,0.13858256791246,-8.57814650378099,9.64141005359975e-18,4.92677413599322e-17,"Downregulated"
"ENSG00000173214.8","ENSG00000173214","SLC60A2","protein_coding",168.730474840387,-1.74693922028528,0.203940106758061,-8.56594246249813,1.07195406713261e-17,5.46805995807312e-17,"Downregulated"
"ENSG00000165886.7","ENSG00000165886","UBTD1","protein_coding",71.5569709973999,2.56036378020767,0.299137034607877,8.55916681651914,1.13686118497359e-17,5.79507291334408e-17,"Upregulated"
"ENSG00000116771.8","ENSG00000116771","AGMAT","protein_coding",296.341880413726,-1.25644336129288,0.146912145619335,-8.55234504945878,1.2061257860565e-17,6.14382245748008e-17,"Downregulated"
"ENSG00000133678.16","ENSG00000133678","TMEM254","protein_coding",108.46964386746,-1.45643463452644,0.170386702593747,-8.54781865225139,1.25436601302468e-17,6.38057994410447e-17,"Downregulated"
"ENSG00000227036.11","ENSG00000227036","LINC00511","lncRNA",514.407431762506,-1.63934522841129,0.191852247093643,-8.54483204260375,1.28723344892231e-17,6.54546917255512e-17,"Downregulated"
"ENSG00000157895.13","ENSG00000157895","C12orf43","protein_coding",142.736709266719,-1.53590019410524,0.179803205935372,-8.54211795676938,1.31783803827192e-17,6.69639160260753e-17,"Downregulated"
"ENSG00000138398.19","ENSG00000138398","PPIG","protein_coding",1136.52658757279,1.07566346192871,0.125949944812541,8.54040439263142,1.33752916859178e-17,6.79406684585774e-17,"Upregulated"
"ENSG00000165424.9","ENSG00000165424","ZCCHC24","protein_coding",38.570728845297,2.26819663927,0.265902879910653,8.53016951163577,1.4613342902376e-17,7.41514584528129e-17,"Upregulated"
"ENSG00000134809.11","ENSG00000134809","TIMM10","protein_coding",149.465923469032,-1.04950953131772,0.123045186298593,-8.52946436092902,1.47026882877923e-17,7.45787044685635e-17,"Downregulated"
"ENSG00000288973.1","ENSG00000288973","ENSG00000288973","lncRNA",150.584196850905,-1.3328078138897,0.156331202833558,-8.52553930202093,1.52099484309443e-17,7.70977868699703e-17,"Downregulated"
"ENSG00000277161.4","ENSG00000277161","PIGW","protein_coding",168.539953843008,-1.21727853170745,0.142809571218427,-8.52378815594666,1.54417946042431e-17,7.82182759191512e-17,"Downregulated"
"ENSG00000139410.17","ENSG00000139410","SDSL","protein_coding",55.1802919625884,-4.83723912364848,0.567709954755179,-8.52061705652934,1.58705471984085e-17,8.03058554466953e-17,"Downregulated"
"ENSG00000198554.14","ENSG00000198554","WDHD1","protein_coding",237.606640207371,-1.12441752654174,0.131973192519832,-8.52004490512545,1.59491470377853e-17,8.06754062379002e-17,"Downregulated"
"ENSG00000181938.16","ENSG00000181938","GINS3","protein_coding",80.1725828762966,-2.0424076314675,0.239732796845505,-8.5195169719883,1.6022013020058e-17,8.10157057525054e-17,"Downregulated"
"ENSG00000143416.23","ENSG00000143416","SELENBP1","protein_coding",658.370075977114,-1.75072394579184,0.205669941893983,-8.51229853847233,1.70518863672363e-17,8.60731233834861e-17,"Downregulated"
"ENSG00000275074.4","ENSG00000275074","NUDT18","protein_coding",59.2747110671196,-1.61152625953542,0.189348038861287,-8.51092131308521,1.72556712802585e-17,8.70714443570702e-17,"Downregulated"
"ENSG00000109065.14","ENSG00000109065","NAT9","protein_coding",198.344762399807,-1.05676822489441,0.124169983083764,-8.51065771815017,1.72949479126881e-17,8.7208902279289e-17,"Downregulated"
"ENSG00000136492.12","ENSG00000136492","BRIP1","protein_coding",187.849176807328,-1.90797017828386,0.224289546809963,-8.50672804604866,1.789105180453e-17,9.01833470439127e-17,"Downregulated"
"ENSG00000181444.15","ENSG00000181444","ZNF467","protein_coding",30.1922726031562,2.60008394243189,0.305818252179408,8.50205611961497,1.86261722350065e-17,9.3856219759984e-17,"Upregulated"
"ENSG00000197121.17","ENSG00000197121","PGAP1","protein_coding",605.258744063928,-1.4633827445816,0.172136142674156,-8.50131019463875,1.87462696817863e-17,9.4362952493382e-17,"Downregulated"
"ENSG00000118257.18","ENSG00000118257","NRP2","protein_coding",480.746931773825,1.62011222612241,0.190610451311581,8.49959808066399,1.90248252596663e-17,9.57318637719042e-17,"Upregulated"
"ENSG00000124233.14","ENSG00000124233","SEMG1","protein_coding",19.8193032409288,-2.65448992766725,0.312403359360105,-8.49699546478769,1.94561034991197e-17,9.77662454609025e-17,"Downregulated"
"ENSG00000187608.11","ENSG00000187608","ISG15","protein_coding",52.6103645761023,1.98836731779728,0.234063822976663,8.49497924331317,1.97968289489569e-17,9.94438977914328e-17,"Upregulated"
"ENSG00000204271.14","ENSG00000204271","SPIN3","protein_coding",162.047652269877,-1.31396623920943,0.154703764014074,-8.4934341939469,2.00619083402991e-17,1.00740532109361e-16,"Downregulated"
"ENSG00000120910.17","ENSG00000120910","PPP3CC","protein_coding",166.607926787894,1.26774441065728,0.149265609997733,8.49321160230095,2.01003852060818e-17,1.00898781574831e-16,"Upregulated"
"ENSG00000112304.13","ENSG00000112304","ACOT13","protein_coding",175.260869631528,-1.0957578627464,0.129026104230741,-8.49252846375045,2.02189267429447e-17,1.01458686412311e-16,"Downregulated"
"ENSG00000163545.12","ENSG00000163545","NUAK2","protein_coding",193.629907092313,-1.27464937119113,0.150099397054621,-8.49203525266184,2.03049396560646e-17,1.01855031324226e-16,"Downregulated"
"ENSG00000141101.15","ENSG00000141101","NOB1","protein_coding",866.958951500365,1.0890228582034,0.128258680757304,8.49083158951316,2.05163695287154e-17,1.02808861414296e-16,"Upregulated"
"ENSG00000132535.23","ENSG00000132535","DLG4","protein_coding",20.4563535981721,2.70832783566933,0.319037637411529,8.48905432488469,2.0832533009652e-17,1.04357092421665e-16,"Upregulated"
"ENSG00000233426.3","ENSG00000233426","EIF3FP3","processed_pseudogene",270.066311675789,1.04618192780278,0.123245234068051,8.48861974837197,2.09105698094046e-17,1.04711809840322e-16,"Upregulated"
"ENSG00000100162.18","ENSG00000100162","CENPM","protein_coding",83.6512666787803,-2.62834817353517,0.309680205232916,-8.48729795809304,2.11497004068856e-17,1.05872697166351e-16,"Downregulated"
"ENSG00000215883.13","ENSG00000215883","CYB5RL","protein_coding",46.1542444148628,-1.72668737328224,0.203461028365696,-8.48657547419224,2.12815463722698e-17,1.06495915064549e-16,"Downregulated"
"ENSG00000171448.11","ENSG00000171448","ZBTB26","protein_coding",193.542261854137,-1.19426664314775,0.140814614253626,-8.48112711509268,2.23022792873443e-17,1.11523955063995e-16,"Downregulated"
"ENSG00000143553.13","ENSG00000143553","SNAPIN","protein_coding",177.231218691292,-1.17991946502517,0.139202170165791,-8.47630079056866,2.32467259224517e-17,1.16129456073137e-16,"Downregulated"
"ENSG00000290292.11","ENSG00000290292","HOMEZ","protein_coding",153.98004106197,-1.48307711557188,0.174970584002426,-8.47615114293334,2.32766321046469e-17,1.16238784445397e-16,"Downregulated"
"ENSG00000159753.16","ENSG00000159753","CARMIL2","protein_coding",23.5231104658778,3.34000314378617,0.394190685559119,8.47306460082566,2.39019940200144e-17,1.19279510102634e-16,"Upregulated"
"ENSG00000214029.8","ENSG00000214029","ZNF891","protein_coding",47.5899494258048,-2.33961883052931,0.276209071872298,-8.4704633872815,2.44418734149829e-17,1.2188975551615e-16,"Downregulated"
"ENSG00000233559.3","ENSG00000233559","LINC00513","lncRNA",66.3211311567021,1.33894592011554,0.15810115415326,8.4689193275439,2.47680133846718e-17,1.23473701400297e-16,"Upregulated"
"ENSG00000006015.20","ENSG00000006015","REX1BD","protein_coding",148.54776676402,-1.13117490827415,0.133575805136002,-8.46841167921409,2.48761750534819e-17,1.23970264399952e-16,"Downregulated"
"ENSG00000158234.15","ENSG00000158234","FAIM","protein_coding",42.1120960477291,-2.09448914912262,0.247650435439875,-8.45744181875715,2.73306824531125e-17,1.36061920340263e-16,"Downregulated"
"ENSG00000065717.18","ENSG00000065717","TLE2","protein_coding",28.7739601464493,2.41142299808936,0.285197561302144,8.45527215267683,2.78437157206316e-17,1.38520812984344e-16,"Upregulated"
"ENSG00000011007.15","ENSG00000011007","ELOA","protein_coding",725.840407804264,1.10770341246124,0.131015302597952,8.45476360773256,2.79653325941126e-17,1.39030394495328e-16,"Upregulated"
"ENSG00000075461.8","ENSG00000075461","CACNG4","protein_coding",461.23620650075,1.44788579551726,0.171255613892585,8.45453040987848,2.80212762160561e-17,1.39260745858397e-16,"Upregulated"
"ENSG00000112773.18","ENSG00000112773","TENT5A","protein_coding",144.172432155675,1.27734310552515,0.15111068849555,8.45302948614893,2.83839957744054e-17,1.41015038314255e-16,"Upregulated"
"ENSG00000173163.13","ENSG00000173163","COMMD1","protein_coding",77.100879800518,-1.44442832553361,0.170935809490443,-8.45012130483032,2.91000312528674e-17,1.44522841986482e-16,"Downregulated"
"ENSG00000180354.18","ENSG00000180354","MTURN","protein_coding",224.807216199186,-1.03988284118569,0.123122954962528,-8.4458892454472,3.01739665154407e-17,1.49548947586103e-16,"Downregulated"
"ENSG00000167272.13","ENSG00000167272","POP5","protein_coding",118.780643439464,-1.21080392150576,0.143410219074923,-8.44294032403082,3.09453107485448e-17,1.53162378199423e-16,"Downregulated"
"ENSG00000026950.20","ENSG00000026950","BTN3A1","protein_coding",144.465565575565,1.18849624228982,0.140778590288047,8.44230816531149,3.1113178192672e-17,1.53888115484028e-16,"Upregulated"
"ENSG00000167123.22","ENSG00000167123","CERCAM","protein_coding",51.4112922303499,1.70878113096969,0.202536110415716,8.43692084074453,3.25806959581258e-17,1.60926873151043e-16,"Upregulated"
"ENSG00000120647.12","ENSG00000120647","CCDC77","protein_coding",90.7286010484455,1.41810589316249,0.168099940923711,8.43608799247625,3.28135787200741e-17,1.62021936221913e-16,"Upregulated"
"ENSG00000169679.17","ENSG00000169679","BUB1","protein_coding",1050.09607908206,1.354791049465,0.160609833483495,8.43529328236443,3.30373279761524e-17,1.63015647609942e-16,"Upregulated"
"ENSG00000179361.20","ENSG00000179361","ARID3B","protein_coding",109.769832728453,1.5134702072878,0.179422229725231,8.43524355708624,3.30513779679562e-17,1.63029465456644e-16,"Upregulated"
"ENSG00000255474.1","ENSG00000255474","GAU1","lncRNA",36.9149483519072,-2.48904774785803,0.295093536981934,-8.43477554037523,3.31839063254671e-17,1.6358055320639e-16,"Downregulated"
"ENSG00000150907.12","ENSG00000150907","FOXO1","protein_coding",292.785319714318,1.43769882014825,0.170449098114052,8.43476930095723,3.31856766786355e-17,1.6358055320639e-16,"Upregulated"
"ENSG00000111206.15","ENSG00000111206","FOXM1","protein_coding",1097.31823052787,-1.28013294606308,0.15195618727173,-8.42435552672782,3.62741278117483e-17,1.78561365573321e-16,"Downregulated"
"ENSG00000150977.14","ENSG00000150977","RILPL2","protein_coding",95.3125842479913,1.39591563326,0.165792384088956,8.4196607759197,3.77575973804742e-17,1.85674618675885e-16,"Upregulated"
"ENSG00000040633.14","ENSG00000040633","PHF23","protein_coding",248.42889968371,-1.39599939318626,0.165850944277938,-8.41719291538553,3.85612397599943e-17,1.89497960868714e-16,"Downregulated"
"ENSG00000166436.19","ENSG00000166436","TRIM66","protein_coding",29.9787767354445,-2.73915731600773,0.325439008022226,-8.41680698529126,3.8688431745753e-17,1.9005856029134e-16,"Downregulated"
"ENSG00000069956.16","ENSG00000069956","MAPK6","protein_coding",1057.84798607862,1.15231496837161,0.13695523491226,8.4138073956051,3.96912248088127e-17,1.94852720165757e-16,"Upregulated"
"ENSG00000146411.8","ENSG00000146411","SLC2A12","protein_coding",132.263830556346,1.61747777087149,0.192299011968352,8.41126407418927,4.05615363589702e-17,1.99057834376633e-16,"Upregulated"
"ENSG00000158023.12","ENSG00000158023","CFAP251","protein_coding",24.1967788763648,-2.50377707351761,0.297761255194702,-8.40867315621849,4.14674880754556e-17,2.03159850300711e-16,"Downregulated"
"ENSG00000127666.13","ENSG00000127666","TICAM1","protein_coding",410.753042590765,1.26510105998289,0.150504454138036,8.40573833663812,4.25178153416074e-17,2.08164925652221e-16,"Upregulated"
"ENSG00000122783.19","ENSG00000122783","CYREN","protein_coding",700.74264690046,-1.18710160957735,0.141272575684815,-8.40291616276489,4.3552562758732e-17,2.12871412984669e-16,"Downregulated"
"ENSG00000143507.20","ENSG00000143507","DUSP10","protein_coding",32.0894684245806,2.20533799088073,0.262604926813344,8.39793075340227,4.54415020801411e-17,2.22029078943157e-16,"Upregulated"
"ENSG00000090857.16","ENSG00000090857","PDPR","protein_coding",317.428385990502,1.03064652408054,0.122728929558794,8.39774719608221,4.5512571874022e-17,2.22301379035499e-16,"Upregulated"
"ENSG00000255774.3","ENSG00000255774","LINC02747","lncRNA",42.5119676158363,-3.80003284498806,0.452797384640947,-8.39234715987011,4.76531299012984e-17,2.32599918669456e-16,"Downregulated"
"ENSG00000176108.10","ENSG00000176108","CHMP6","protein_coding",67.3753405864836,-2.56852872902795,0.306155246158352,-8.38962833809955,4.87681443151872e-17,2.37882176848096e-16,"Downregulated"
"ENSG00000164949.10","ENSG00000164949","GEM","protein_coding",111.563662394878,1.2623788460539,0.150485878870711,8.38868640384833,4.9160411179587e-17,2.39634268017011e-16,"Upregulated"
"ENSG00000115216.16","ENSG00000115216","NRBP1","protein_coding",794.742962927378,1.01575430764419,0.121131020171681,8.38558369445372,5.04746680901087e-17,2.45957932065183e-16,"Upregulated"
"ENSG00000148498.19","ENSG00000148498","PARD3","protein_coding",905.826209995854,1.04809614551536,0.12504402232646,8.38181726735432,5.21167024759079e-17,2.5370347742051e-16,"Upregulated"
"ENSG00000106993.14","ENSG00000106993","CDC37L1","protein_coding",170.354431273555,1.05073559963337,0.125423088803142,8.37752928635458,5.40503187187548e-17,2.62763240144983e-16,"Upregulated"
"ENSG00000139178.14","ENSG00000139178","C1RL","protein_coding",155.037047519229,-1.80067912537644,0.215009839136646,-8.37486848326065,5.52855763511208e-17,2.68678260389149e-16,"Downregulated"
"ENSG00000196418.15","ENSG00000196418","ZNF124","protein_coding",89.9547564526335,-1.55480864548759,0.185665612378373,-8.37424133403339,5.55807564664886e-17,2.70022233560963e-16,"Downregulated"
"ENSG00000241316.9","ENSG00000241316","SUCLG2-DT","lncRNA",21.7059222363285,-3.32443514905723,0.396995902824878,-8.37397848542457,5.57049331086795e-17,2.70534815888399e-16,"Downregulated"
"ENSG00000162642.16","ENSG00000162642","C1orf52","protein_coding",178.193068145559,1.02804514277306,0.122776659225826,8.37329464130601,5.60292826404893e-17,2.72018882420761e-16,"Upregulated"
"ENSG00000011105.16","ENSG00000011105","TSPAN9","protein_coding",102.99688440817,1.0840143946014,0.129468319337124,8.37281583750788,5.62574888362352e-17,2.73035340996222e-16,"Upregulated"
"ENSG00000140044.15","ENSG00000140044","JDP2","protein_coding",627.11409520638,1.2040146909958,0.143824877692973,8.37139381106267,5.69406695936509e-17,2.76166058819006e-16,"Upregulated"
"ENSG00000163866.11","ENSG00000163866","SMIM12","protein_coding",153.401963373038,-1.20137336201732,0.14351444888264,-8.3710969269704,5.70843300513667e-17,2.76688047753562e-16,"Downregulated"
"ENSG00000185608.11","ENSG00000185608","MRPL40","protein_coding",125.435962001989,-1.19568354011744,0.142843973776999,-8.37055640851945,5.73468022340497e-17,2.77856856561634e-16,"Downregulated"
"ENSG00000131015.7","ENSG00000131015","ULBP2","protein_coding",27.7934745115844,2.36912403011578,0.283088898221912,8.36883411888034,5.81910989932337e-17,2.81853411300115e-16,"Upregulated"
"ENSG00000183323.15","ENSG00000183323","CCDC125","protein_coding",91.4243001714996,-1.59915979634772,0.191119942847966,-8.36730993384528,5.89484994718818e-17,2.85235944689987e-16,"Downregulated"
"ENSG00000156697.15","ENSG00000156697","UTP14A","protein_coding",260.664251069891,-1.1192246823539,0.133864403700358,-8.3608834866898,6.2250302385231e-17,3.0101147219445e-16,"Downregulated"
"ENSG00000236081.2","ENSG00000236081","ELFN1-AS1","lncRNA",27.5913469966578,-3.05296283113475,0.365208275812363,-8.35951163577493,6.29784144364552e-17,3.04329170394501e-16,"Downregulated"
"ENSG00000129521.17","ENSG00000129521","EGLN3","protein_coding",57.7925386238675,-1.53229486659606,0.183359964462655,-8.3567580910398,6.44653044129521e-17,3.11202928565124e-16,"Downregulated"
"ENSG00000234771.3","ENSG00000234771","SLC25A25-AS1","lncRNA",178.033245036561,-1.54801126202783,0.185269986784976,-8.35543462214655,6.5192233130699e-17,3.1460734016986e-16,"Downregulated"
"ENSG00000188827.13","ENSG00000188827","SLX4","protein_coding",111.948266662525,-1.76074122435035,0.210792147082263,-8.35297352734494,6.65655732758297e-17,3.21127925403903e-16,"Downregulated"
"ENSG00000008256.19","ENSG00000008256","CYTH3","protein_coding",590.675724930585,1.11982163562828,0.13411778588959,8.34953864023785,6.85301244469367e-17,3.30385416994347e-16,"Upregulated"
"ENSG00000149346.17","ENSG00000149346","SLX4IP","protein_coding",69.8821564394664,-1.75187495300958,0.209890992646101,-8.34659425315804,7.02595751210854e-17,3.38610496393339e-16,"Downregulated"
"ENSG00000105613.11","ENSG00000105613","MAST1","protein_coding",20.9451682410067,3.34135589827165,0.400398414471047,8.34507774633872,7.11670511736423e-17,3.42642161331702e-16,"Upregulated"
"ENSG00000174456.17","ENSG00000174456","C12orf76","protein_coding",133.33757610565,1.31460411486728,0.157566457310625,8.34317238138877,7.23236196919339e-17,3.48094950705914e-16,"Upregulated"
"ENSG00000103316.14","ENSG00000103316","CRYM","protein_coding",16.9761092359518,2.59733583209405,0.311339731793722,8.3424489933553,7.27675587217186e-17,3.49999157316676e-16,"Upregulated"
"ENSG00000293495.2","ENSG00000293495","C19orf48P","lncRNA",350.891750499805,-1.07015091037499,0.12835210366633,-8.33761878307039,7.58014894897709e-17,3.64470864527458e-16,"Downregulated"
"ENSG00000161996.21","ENSG00000161996","WDR90","protein_coding",130.412839486689,-1.71001667276706,0.205157429400983,-8.33514378572567,7.74040703835133e-17,3.7192963793033e-16,"Downregulated"
"ENSG00000141867.20","ENSG00000141867","BRD4","protein_coding",2182.34938309103,1.15075237713785,0.138115323855694,8.3318226031181,7.96071723468261e-17,3.82262141037178e-16,"Upregulated"
"ENSG00000125912.13","ENSG00000125912","NCLN","protein_coding",749.654651915308,-1.15907029678459,0.139160053847454,-8.3290446125808,8.14973537890815e-17,3.91208894041527e-16,"Downregulated"
"ENSG00000101384.14","ENSG00000101384","JAG1","protein_coding",2395.12599284208,1.23904154768471,0.148775011398824,8.32829072594177,8.20178986639924e-17,3.93577280608801e-16,"Upregulated"
"ENSG00000130023.18","ENSG00000130023","ERMARD","protein_coding",111.700458951632,-1.48039081388671,0.177760382190207,-8.32801322570666,8.22103319208158e-17,3.94370119230871e-16,"Downregulated"
"ENSG00000179085.10","ENSG00000179085","DPM3","protein_coding",103.116009805148,1.33610942525081,0.160465842578245,8.32644133968456,8.33087940703297e-17,3.99507294396829e-16,"Upregulated"
"ENSG00000176024.20","ENSG00000176024","ZNF613","protein_coding",37.0382666397296,-2.76939831573694,0.332662060778386,-8.32495989851355,8.4357294801005e-17,4.04401560124434e-16,"Downregulated"
"ENSG00000106829.23","ENSG00000106829","TLE4","protein_coding",139.228648768832,1.37566080795089,0.165262846059048,8.32407792045027,8.49876899875068e-17,4.07288889979811e-16,"Upregulated"
"ENSG00000135622.16","ENSG00000135622","SEMA4F","protein_coding",87.0095209301478,-1.24525004282676,0.149648102998901,-8.32118829355232,8.70857755012609e-17,4.16929983007688e-16,"Downregulated"
"ENSG00000114270.19","ENSG00000114270","COL7A1","protein_coding",15.1775838527403,3.59156935096402,0.43172116177856,8.31918763529646,8.85682442822407e-17,4.23887383136801e-16,"Upregulated"
"ENSG00000171877.22","ENSG00000171877","FRMD5","protein_coding",102.995759773871,1.19593257989274,0.143823740174046,8.31526546622624,9.15471166470082e-17,4.37855054273413e-16,"Upregulated"
"ENSG00000162994.18","ENSG00000162994","CLHC1","protein_coding",39.073073490278,-2.0796121416422,0.250124094024533,-8.31432153608608,9.22786510482593e-17,4.41208251729256e-16,"Downregulated"
"ENSG00000100532.15","ENSG00000100532","CGRRF1","protein_coding",98.2557437774583,1.49639222659002,0.180143271776175,8.30667841122186,9.84182064909009e-17,4.6994288252591e-16,"Upregulated"
"ENSG00000125459.20","ENSG00000125459","MSTO1","protein_coding",28.0921770208847,-3.01582947842972,0.363111730028686,-8.30551378274523,9.93884335344044e-17,4.74263147441748e-16,"Downregulated"
"ENSG00000205981.11","ENSG00000205981","DNAJC19","protein_coding",174.700699700235,-1.08564317219339,0.130767087730568,-8.30211325368238,1.02275639777478e-16,4.87879714172223e-16,"Downregulated"
"ENSG00000065054.16","ENSG00000065054","NHERF2","protein_coding",275.476032462409,1.08929201061354,0.131208359873164,8.30200157723589,1.02371847750376e-16,4.8817795906497e-16,"Upregulated"
"ENSG00000215114.12","ENSG00000215114","UBXN2B","protein_coding",332.824300926452,-1.02737687731501,0.123781975729594,-8.29989076567458,1.04207163390658e-16,4.9660316075548e-16,"Downregulated"
"ENSG00000083838.19","ENSG00000083838","ZNF446","protein_coding",69.1691403785108,-2.12809450676522,0.256582353359232,-8.29400182399042,1.09500773527804e-16,5.21487088388082e-16,"Downregulated"
"ENSG00000183060.18","ENSG00000183060","LYSMD4","protein_coding",66.8099719992372,-1.76475469391744,0.212817136359411,-8.29235241158904,1.11030392208143e-16,5.28598043324707e-16,"Downregulated"
"ENSG00000170364.15","ENSG00000170364","SETMAR","protein_coding",52.4491020358286,-1.96546726777255,0.237078082061564,-8.29037948460442,1.12887721527665e-16,5.37263993556295e-16,"Downregulated"
"ENSG00000154710.20","ENSG00000154710","RABGEF1","protein_coding",68.1085896387295,1.93395683416964,0.233287581111576,8.2900119455766,1.13237095337514e-16,5.38573017929521e-16,"Upregulated"
"ENSG00000159685.13","ENSG00000159685","CHCHD6","protein_coding",157.989944191904,1.01703199042046,0.122720360467284,8.28739409294348,1.15756593852714e-16,5.50195001021166e-16,"Upregulated"
"ENSG00000130695.18","ENSG00000130695","CEP85","protein_coding",418.836233812299,1.00035629106153,0.120737857072145,8.28535734623631,1.17754978620549e-16,5.59326499563749e-16,"Upregulated"
"ENSG00000173585.20","ENSG00000173585","CCR9","protein_coding",17.6372344276853,3.2274124811827,0.389636485533317,8.28313723435105,1.1997203406967e-16,5.69484021532151e-16,"Upregulated"
"ENSG00000039319.19","ENSG00000039319","ZFYVE16","protein_coding",394.639361039845,-1.20732029586625,0.145829897375772,-8.27896280249888,1.24252738869793e-16,5.8961057357598e-16,"Downregulated"
"ENSG00000110492.19","ENSG00000110492","MDK","protein_coding",786.103649746682,1.11347818609186,0.134596922748978,8.27268679959707,1.30973430226841e-16,6.2089203495171e-16,"Upregulated"
"ENSG00000187741.18","ENSG00000187741","FANCA","protein_coding",147.687274480589,-1.43383262313123,0.173417648062597,-8.26808943120757,1.36122770777784e-16,6.44670324873088e-16,"Downregulated"
"ENSG00000272734.2","ENSG00000272734","ADIRF-AS1","lncRNA",67.9294151104873,1.83194727628744,0.221604593861903,8.26673871855315,1.37673235589696e-16,6.51587371053521e-16,"Upregulated"
"ENSG00000143878.10","ENSG00000143878","RHOB","protein_coding",2081.39706796941,1.25108326533107,0.151369109278987,8.2651161210522,1.39558829105866e-16,6.60295968463014e-16,"Upregulated"
"ENSG00000114166.10","ENSG00000114166","KAT2B","protein_coding",220.436196287824,-1.18161071947527,0.143064901306677,-8.25926351385337,1.46574020430852e-16,6.93260673656627e-16,"Downregulated"
"ENSG00000141682.14","ENSG00000141682","PMAIP1","protein_coding",386.531945617792,1.21666939453895,0.147339260306653,8.25760487738793,1.48624596826486e-16,7.02500866669746e-16,"Upregulated"
"ENSG00000070669.19","ENSG00000070669","ASNS","protein_coding",88.3885062813921,1.25921355999873,0.15251401514732,8.25637931558225,1.50157907691592e-16,7.09516921508492e-16,"Upregulated"
"ENSG00000167637.19","ENSG00000167637","ZNF283","protein_coding",84.8361654499269,-1.5520946903572,0.188037068880792,-8.25419530093379,1.52929103376062e-16,7.22140295251186e-16,"Downregulated"
"ENSG00000083817.11","ENSG00000083817","ZNF416","protein_coding",42.0541405584485,-3.15682908462679,0.38298607029183,-8.24267337509517,1.68404835425131e-16,7.93665975603576e-16,"Downregulated"
"ENSG00000074416.18","ENSG00000074416","MGLL","protein_coding",1290.09424691004,1.2012116550049,0.145836510427096,8.23670047704132,1.77024932966576e-16,8.33748888057073e-16,"Upregulated"
"ENSG00000163710.11","ENSG00000163710","PCOLCE2","protein_coding",49.8756577102192,1.36740128979055,0.166321334791146,8.2214424956824,2.01069909495625e-16,9.45459159120894e-16,"Upregulated"
"ENSG00000055147.21","ENSG00000055147","FAM114A2","protein_coding",130.403759185273,-1.04280337667136,0.126848227958046,-8.22087461100562,2.02024402507286e-16,9.49639195957052e-16,"Downregulated"
"ENSG00000275964.3","ENSG00000275964","ENSG00000275964","lncRNA",42.0122088766613,-3.76448762860727,0.458095742398407,-8.2176874399616,2.07464824487081e-16,9.74264496586774e-16,"Downregulated"
"ENSG00000167995.18","ENSG00000167995","BEST1","protein_coding",157.098909516504,-3.03292794986679,0.369083208807493,-8.21746391461744,2.07851751074756e-16,9.75765330928201e-16,"Downregulated"
"ENSG00000154914.19","ENSG00000154914","USP43","protein_coding",150.163217205646,1.02081891617804,0.124238638904776,8.21659771208909,2.09357895307317e-16,9.82517687433172e-16,"Upregulated"
"ENSG00000198331.13","ENSG00000198331","HYLS1","protein_coding",39.9286798022241,-2.08149649344115,0.253333835789916,-8.21641723045353,2.09673066717579e-16,9.83678239841744e-16,"Downregulated"
"ENSG00000132017.13","ENSG00000132017","DCAF15","protein_coding",296.119958414939,1.01936632557877,0.124068236620057,8.21617485142832,2.10097064239061e-16,9.85348432023451e-16,"Upregulated"
"ENSG00000167716.20","ENSG00000167716","WDR81","protein_coding",239.71990254356,-1.3332987412362,0.162281155407969,-8.21598008643906,2.10438382141447e-16,9.86629904236119e-16,"Downregulated"
"ENSG00000101400.8","ENSG00000101400","SNTA1","protein_coding",115.626127243262,1.49108878668974,0.181501519562003,8.21529643546796,2.11640785739745e-16,9.91625692512247e-16,"Upregulated"
"ENSG00000139880.22","ENSG00000139880","CDH24","protein_coding",325.087986018129,1.0595398565797,0.129272501139187,8.19617356547393,2.48159947148997e-16,1.15823959873857e-15,"Upregulated"
"ENSG00000168569.10","ENSG00000168569","TMEM223","protein_coding",141.628162470364,-1.0652156088804,0.129989035753152,-8.19465736251198,2.51307997183181e-16,1.17217750086214e-15,"Downregulated"
"ENSG00000138623.11","ENSG00000138623","SEMA7A","protein_coding",31.3908719487953,4.20560749249849,0.513382359985769,8.19195948340544,2.5700716170561e-16,1.19760379017289e-15,"Upregulated"
"ENSG00000137267.9","ENSG00000137267","TUBB2A","protein_coding",113.238943303272,1.84881160627518,0.225784383269789,8.18839451826057,2.64733806031191e-16,1.23321193089168e-15,"Upregulated"
"ENSG00000086848.17","ENSG00000086848","ALG9","protein_coding",108.503857863587,-1.31217388359591,0.160249581856532,-8.18831393126922,2.64911089477596e-16,1.23364123030505e-15,"Downregulated"
"ENSG00000205707.13","ENSG00000205707","ETFRF1","protein_coding",81.0132029218001,-1.49595038817946,0.182786821517183,-8.18412605330431,2.74286858099345e-16,1.27648206408982e-15,"Downregulated"
"ENSG00000138286.17","ENSG00000138286","FAM149B1","protein_coding",171.722628697777,-1.04228922548321,0.127377683146982,-8.18266747936144,2.77628488324221e-16,1.29120412477362e-15,"Downregulated"
"ENSG00000173535.17","ENSG00000173535","TNFRSF10C","protein_coding",18.5497108795407,2.94007051259602,0.359531580491258,8.17750281791312,2.89786657836821e-16,1.34602187351641e-15,"Upregulated"
"ENSG00000179674.4","ENSG00000179674","ARL14","protein_coding",38.4373812491386,-1.67607983113666,0.20499857868576,-8.17605586283555,2.93286059494741e-16,1.3614034510563e-15,"Downregulated"
"ENSG00000102081.18","ENSG00000102081","FMR1","protein_coding",692.358354732128,1.08508944199893,0.132787162400692,8.17164417388948,3.04214667602716e-16,1.40987494816072e-15,"Upregulated"
"ENSG00000196172.11","ENSG00000196172","ZNF681","protein_coding",29.1508628588513,-2.00058993041648,0.244829573408563,-8.17135733467119,3.04938959745326e-16,1.41277986081498e-15,"Downregulated"
"ENSG00000213949.11","ENSG00000213949","ITGA1","protein_coding",141.251707348844,-3.59377600722794,0.439863451350732,-8.17020826848009,3.07857525949284e-16,1.42539018084889e-15,"Downregulated"
"ENSG00000125848.12","ENSG00000125848","FLRT3","protein_coding",13.8164428751132,-4.10448558747601,0.502371514814003,-8.17021958141009,3.07828657953408e-16,1.42539018084889e-15,"Downregulated"
"ENSG00000213793.8","ENSG00000213793","ZNF888","protein_coding",117.478956610448,-1.3954686208938,0.170803685414715,-8.17001470141332,3.08351878217888e-16,1.42722306583636e-15,"Downregulated"
"ENSG00000070423.20","ENSG00000070423","RNF126","protein_coding",660.657512287824,1.33883947258843,0.163873819739279,8.16994120670714,3.08539781721232e-16,1.42763681887104e-15,"Upregulated"
"ENSG00000286743.1","ENSG00000286743","ENSG00000286743","lncRNA",38.9649371950687,8.43754500406931,1.03283809762295,8.16928134572895,3.10231908061338e-16,1.43500823862908e-15,"Upregulated"
"ENSG00000176422.15","ENSG00000176422","SPRYD4","protein_coding",140.262068970773,-1.53650564926815,0.188241288847421,-8.16242631293058,3.28360898842758e-16,1.51692895952479e-15,"Downregulated"
"ENSG00000218980.2","ENSG00000218980","FTH1P15","processed_pseudogene",133.3792121801,1.83234132019457,0.224494146917217,8.16208950369762,3.29278052448553e-16,1.52068117784718e-15,"Upregulated"
"ENSG00000181027.13","ENSG00000181027","FKRP","protein_coding",67.4060278435591,-2.76916239896627,0.339289342585673,-8.1616545272625,3.30466258606505e-16,1.5256823892085e-15,"Downregulated"
"ENSG00000139508.17","ENSG00000139508","SLC46A3","protein_coding",325.099095431429,-1.70490450644263,0.208955317907969,-8.15918218072595,3.37300569235496e-16,1.55673880552892e-15,"Downregulated"
"ENSG00000129657.18","ENSG00000129657","SEC14L1","protein_coding",653.554649113428,1.20317694081407,0.14746516349242,8.15905880629168,3.37645238527132e-16,1.5578334278049e-15,"Upregulated"
"ENSG00000117592.11","ENSG00000117592","PRDX6","protein_coding",1713.34354984574,1.24336380321506,0.152419781343725,8.15749630562145,3.42040525844442e-16,1.57710827252232e-15,"Upregulated"
"ENSG00000101290.16","ENSG00000101290","CDS2","protein_coding",456.009981904937,-1.24264530382729,0.152360852839681,-8.15593560069425,3.46487045625689e-16,1.59710250165633e-15,"Downregulated"
"ENSG00000162341.20","ENSG00000162341","TPCN2","protein_coding",45.8439515905336,-1.92320800880714,0.236005748617384,-8.14898798047954,3.6698242083068e-16,1.68888829554722e-15,"Downregulated"
"ENSG00000290927.2","ENSG00000290927","ENSG00000290927","lncRNA",42.2403049167323,-2.02305749053165,0.24828801325676,-8.14802722046661,3.699091014092e-16,1.70127664158113e-15,"Downregulated"
"ENSG00000165355.10","ENSG00000165355","FBXO33","protein_coding",158.200728671936,1.04318444190487,0.128109404971073,8.14291848549618,3.85862053884793e-16,1.77352137167727e-15,"Upregulated"
"ENSG00000049883.17","ENSG00000049883","PTCD2","protein_coding",115.931836353595,-1.20453332011753,0.147974634611966,-8.14013376871095,3.94841412646536e-16,1.81306772879392e-15,"Downregulated"
"ENSG00000269343.10","ENSG00000269343","ZNF587B","protein_coding",76.4128054323496,-1.7758189590381,0.218198441613536,-8.13855014685834,4.00039353944605e-16,1.83577274140761e-15,"Downregulated"
"ENSG00000108602.20","ENSG00000108602","ALDH3A1","protein_coding",369.033575449622,1.18833242969074,0.146020769764605,8.13810550106271,4.01510907106717e-16,1.84194240765766e-15,"Upregulated"
"ENSG00000166886.15","ENSG00000166886","NAB2","protein_coding",213.197167354828,1.27128416377754,0.156230608602687,8.13722851845614,4.04428931564639e-16,1.85474179627682e-15,"Upregulated"
"ENSG00000151651.18","ENSG00000151651","ADAM8","protein_coding",15.1113353971671,2.83685963811064,0.348727635088931,8.13488623402958,4.12325370061693e-16,1.88916195476891e-15,"Upregulated"
"ENSG00000167487.13","ENSG00000167487","KLHL26","protein_coding",134.523537790294,1.17258370058058,0.144197333551632,8.13179877671398,4.22966520917475e-16,1.93669220257063e-15,"Upregulated"
"ENSG00000168259.19","ENSG00000168259","DNAJC7","protein_coding",732.747856197284,-1.05811331822891,0.130228725852206,-8.12503778490269,4.47223071261554e-16,2.04452894281465e-15,"Downregulated"
"ENSG00000279145.2","ENSG00000279145","ENSG00000279145","lncRNA",15.0255031502374,3.04738790792067,0.375066962445166,8.12491691631247,4.47668956021176e-16,2.04592195227338e-15,"Upregulated"
"ENSG00000251629.8","ENSG00000251629","LINC02241","lncRNA",17.687919720181,2.49327807738208,0.307017166183476,8.12097287059214,4.62461411973352e-16,2.11219375427602e-15,"Upregulated"
"ENSG00000169231.15","ENSG00000169231","THBS3","protein_coding",51.9271506380449,-1.52344193316632,0.187700973398702,-8.11632409561528,4.80516375520285e-16,2.193273484737e-15,"Downregulated"
"ENSG00000094804.14","ENSG00000094804","CDC6","protein_coding",545.013064559269,-1.21726830290347,0.150011800644666,-8.11448364510219,4.87854729708796e-16,2.22396688988357e-15,"Downregulated"
"ENSG00000070718.15","ENSG00000070718","AP3M2","protein_coding",152.984349641407,-1.10295723453772,0.135975130478123,-8.11146296134775,5.00139066155109e-16,2.27781751939656e-15,"Downregulated"
"ENSG00000173480.12","ENSG00000173480","ZNF417","protein_coding",50.8476064866262,-2.09557734066389,0.258516960662302,-8.10615030942329,5.22488026373442e-16,2.37661534155804e-15,"Downregulated"
"ENSG00000119661.17","ENSG00000119661","DNAL1","protein_coding",58.2907188748812,-1.72179350636232,0.212471825596544,-8.1036321005298,5.33422486750413e-16,2.42559105051364e-15,"Downregulated"
"ENSG00000125945.17","ENSG00000125945","ZNF436","protein_coding",105.820295402697,-1.38146431868737,0.170594238607599,-8.0979541276597,5.58911349204522e-16,2.53990068130196e-15,"Downregulated"
"ENSG00000138834.16","ENSG00000138834","MAPK8IP3","protein_coding",378.134665567356,1.68183687727319,0.207952039207308,8.08761906680111,6.08423429330321e-16,2.76143825175541e-15,"Upregulated"
"ENSG00000227403.4","ENSG00000227403","LINC01806","lncRNA",40.9223337085561,-2.42265775598056,0.299600751522785,-8.08628731292189,6.1510986290089e-16,2.7909117511458e-15,"Downregulated"
"ENSG00000256628.6","ENSG00000256628","ZBTB11-AS1","lncRNA",22.7812070359597,-4.22103902114714,0.522007603588381,-8.08616386453167,6.15733323844759e-16,2.7928661437115e-15,"Downregulated"
"ENSG00000233184.10","ENSG00000233184","DPH5-DT","lncRNA",47.9027186901099,-1.89952411440392,0.234935386022956,-8.08530441735293,6.20091147681831e-16,2.81175247565867e-15,"Downregulated"
"ENSG00000138767.16","ENSG00000138767","CNOT6L","protein_coding",484.625439717408,1.22172043223512,0.151110082619503,8.08496965296106,6.21796781191669e-16,2.818604614648e-15,"Upregulated"
"ENSG00000171169.10","ENSG00000171169","NAIF1","protein_coding",88.797185574242,1.36923721812634,0.169466086393748,8.07971227319766,6.49197634575782e-16,2.94097284159807e-15,"Upregulated"
"ENSG00000124067.19","ENSG00000124067","SLC12A4","protein_coding",201.322400315389,1.28604941299022,0.159220676180913,8.07715080627445,6.62975380137831e-16,3.0024497527992e-15,"Upregulated"
"ENSG00000147041.14","ENSG00000147041","SYTL5","protein_coding",201.379237316396,-1.93312266139566,0.239341451683108,-8.07684021217997,6.64665481814265e-16,3.00916343719223e-15,"Downregulated"
"ENSG00000188760.13","ENSG00000188760","TMEM198","protein_coding",37.5327597964627,-1.82443435485494,0.225887040411192,-8.07675531776344,6.65128174144379e-16,3.01031777005008e-15,"Downregulated"
"ENSG00000101901.15","ENSG00000101901","ALG13","protein_coding",115.404678033799,-1.46756588793408,0.181767612363541,-8.07385798190993,6.81110930293731e-16,3.07976898652629e-15,"Downregulated"
"ENSG00000013588.12","ENSG00000013588","GPRC5A","protein_coding",7034.50642677632,1.11265672627268,0.137828067512478,8.07278768652796,6.87110285399425e-16,3.10495860804754e-15,"Upregulated"
"ENSG00000099953.12","ENSG00000099953","MMP11","protein_coding",81.7720336187509,-1.55383628499281,0.192567012882805,-8.06906781037549,7.08369172779269e-16,3.19902962041669e-15,"Downregulated"
"ENSG00000214039.11","ENSG00000214039","LINC02418","lncRNA",201.213160343503,-4.58260774275175,0.568220223788162,-8.06484449321569,7.33291467182513e-16,3.30848690610491e-15,"Downregulated"
"ENSG00000135074.18","ENSG00000135074","ADAM19","protein_coding",99.7737974079338,4.73684225696976,0.588296925427169,8.05178822501968,8.15930009886025e-16,3.67675923609088e-15,"Upregulated"
"ENSG00000174032.19","ENSG00000174032","SLC25A30","protein_coding",190.434972750396,1.18670801627793,0.147410946108612,8.05033851016443,8.25653521612677e-16,3.71941897271088e-15,"Upregulated"
"ENSG00000130544.14","ENSG00000130544","ZNF557","protein_coding",78.0340833208728,-1.41718985270233,0.176053719064862,-8.04975810922921,8.29578303960609e-16,3.73593809229246e-15,"Downregulated"
"ENSG00000131470.16","ENSG00000131470","PSMC3IP","protein_coding",53.1562972023915,-1.79040992425548,0.222420439070342,-8.04966455303708,8.30212666772593e-16,3.73763341623747e-15,"Downregulated"
"ENSG00000293313.2","ENSG00000293313","ZNF37BP","lncRNA",34.9266996022536,-4.3619127844215,0.541891379598242,-8.04942272315794,8.31854622467225e-16,3.74386248099224e-15,"Downregulated"
"ENSG00000175782.13","ENSG00000175782","SLC35E3","protein_coding",43.4884734586798,-1.94129115375724,0.241183244432321,-8.0490299329313,8.34528376870391e-16,3.75472997131503e-15,"Downregulated"
"ENSG00000000457.16","ENSG00000000457","SCYL3","protein_coding",242.114830242168,-1.04969685985828,0.130442942603667,-8.04717249477907,8.47287235645786e-16,3.80858766097355e-15,"Downregulated"
"ENSG00000179943.10","ENSG00000179943","FIZ1","protein_coding",101.746273196845,-1.80189508339873,0.223941345145958,-8.04628141455659,8.53476145708092e-16,3.83521745848114e-15,"Downregulated"
"ENSG00000257135.9","ENSG00000257135","ODC1-DT","lncRNA",24.292928271739,-2.26124104005724,0.281075569439066,-8.04495760542237,8.62752849926702e-16,3.87570189123923e-15,"Downregulated"
"ENSG00000016402.16","ENSG00000016402","IL20RA","protein_coding",520.325047511176,-1.19407310479103,0.148459251881957,-8.04310334084442,8.75913998584922e-16,3.9336057228053e-15,"Downregulated"
"ENSG00000161647.21","ENSG00000161647","MPP3","protein_coding",62.0022071302557,1.81471732682185,0.225665683274604,8.04161847068964,8.86595717350159e-16,3.97910967353314e-15,"Upregulated"
"ENSG00000182141.12","ENSG00000182141","ZNF708","protein_coding",82.1856330905597,-1.36934221723201,0.170323981110536,-8.03963251859021,9.01082906848268e-16,4.04162596287375e-15,"Downregulated"
"ENSG00000161618.12","ENSG00000161618","ALDH16A1","protein_coding",115.637910832601,-2.10124567929981,0.261365702072868,-8.03948514527735,9.02167218784446e-16,4.04523741789115e-15,"Downregulated"
"ENSG00000147799.14","ENSG00000147799","ARHGAP39","protein_coding",107.679590551293,-1.30981847961902,0.162996708833945,-8.03585844762923,9.2925975954251e-16,4.16028187682732e-15,"Downregulated"
"ENSG00000163482.14","ENSG00000163482","STK36","protein_coding",77.6189280199102,-1.9928967634304,0.248078580548879,-8.03332862926365,9.48631257996444e-16,4.24438536303935e-15,"Downregulated"
"ENSG00000159231.8","ENSG00000159231","CBR3","protein_coding",14.2640489723336,2.73411691376578,0.34038707624161,8.03237579979411,9.56030005748099e-16,4.27484938083969e-15,"Upregulated"
"ENSG00000188636.5","ENSG00000188636","RTL6","protein_coding",265.936034348739,-1.00510906181987,0.125185009199695,-8.02898899992507,9.82791684512473e-16,4.39180298857686e-15,"Downregulated"
"ENSG00000173875.15","ENSG00000173875","ZNF791","protein_coding",233.570597130567,-1.11330387256662,0.13867330513935,-8.02824935518692,9.88733639775309e-16,4.4156326371722e-15,"Downregulated"
"ENSG00000132646.13","ENSG00000132646","PCNA","protein_coding",776.056673639627,-1.33313841212486,0.166084246629799,-8.02688056921149,9.99823315730402e-16,4.46240822037727e-15,"Downregulated"
"ENSG00000197020.14","ENSG00000197020","ZNF100","protein_coding",94.56914173204,-1.22432744923721,0.152561991715521,-8.02511448277489,1.01431306114059e-15,4.525685000631e-15,"Downregulated"
"ENSG00000072133.14","ENSG00000072133","RPS6KA6","protein_coding",89.984192541344,-2.55592266391284,0.318589515993706,-8.02262012904196,1.03513085037703e-15,4.61288938612054e-15,"Downregulated"
"ENSG00000128683.16","ENSG00000128683","GAD1","protein_coding",45.4457663313984,3.50092608843683,0.436535477589644,8.01979740058563,1.05919721004502e-15,4.71433844225198e-15,"Upregulated"
"ENSG00000104142.13","ENSG00000104142","VPS18","protein_coding",257.481457711316,1.12386502711087,0.140140308764524,8.01957007957854,1.06115914145405e-15,4.72162059501138e-15,"Upregulated"
"ENSG00000132329.13","ENSG00000132329","RAMP1","protein_coding",23.8474876060996,-2.26033842911355,0.282012878315813,-8.01501847224971,1.10120464273172e-15,4.89529376762824e-15,"Downregulated"
"ENSG00000139890.12","ENSG00000139890","REM2","protein_coding",14.7717443705536,5.51206168131802,0.688055042697839,8.0110766425102,1.13708555284897e-15,5.05169951927876e-15,"Upregulated"
"ENSG00000133247.16","ENSG00000133247","KMT5C","protein_coding",131.333528500699,1.07010653888037,0.133603333893081,8.00957960926895,1.15101211424959e-15,5.11200354266167e-15,"Upregulated"
"ENSG00000051341.17","ENSG00000051341","POLQ","protein_coding",174.272723881772,-1.1532334396989,0.143989675170574,-8.00913981042562,1.15513530055464e-15,5.12874411018315e-15,"Downregulated"
"ENSG00000100151.18","ENSG00000100151","PICK1","protein_coding",88.7576176588486,-1.62655765775253,0.203110785359309,-8.00822888294734,1.16372172798861e-15,5.16528492557764e-15,"Downregulated"
"ENSG00000197841.17","ENSG00000197841","ZNF181","protein_coding",74.5035039980179,-1.84944766301326,0.231045184224691,-8.00470119824992,1.1975710273959e-15,5.30577784439663e-15,"Downregulated"
"ENSG00000179598.7","ENSG00000179598","PLD6","protein_coding",123.64141530527,2.18275096788401,0.272737963286417,8.00310650406883,1.21318920203259e-15,5.37333065888029e-15,"Upregulated"
"ENSG00000153363.16","ENSG00000153363","LINC00467","lncRNA",48.0728494805767,-1.659400282899,0.207374085430928,-8.00196552742224,1.22448670498105e-15,5.4217113744532e-15,"Downregulated"
"ENSG00000113273.19","ENSG00000113273","ARSB","protein_coding",47.5078401355339,-2.25156998795847,0.281656107502933,-7.99403928400534,1.30588121561007e-15,5.7803392109411e-15,"Downregulated"
"ENSG00000126870.18","ENSG00000126870","DYNC2I1","protein_coding",103.895941204401,-1.09671403263267,0.13727854270065,-7.98896907744842,1.36071817450985e-15,6.02122985801429e-15,"Downregulated"
"ENSG00000122483.20","ENSG00000122483","CCDC18","protein_coding",64.5052920060705,-1.96661545206711,0.246175416955118,-7.98867521538778,1.36396507492066e-15,6.03375514827542e-15,"Downregulated"
"ENSG00000109046.17","ENSG00000109046","WSB1","protein_coding",368.149263722394,-1.18693220505951,0.148585026220779,-7.9882356604082,1.36883599541467e-15,6.05160806758678e-15,"Downregulated"
"ENSG00000178127.15","ENSG00000178127","NDUFV2","protein_coding",13.330115459423,3.22732327877013,0.404127863663693,7.98589646730186,1.39504736441552e-15,6.16372756253345e-15,"Upregulated"
"ENSG00000128482.18","ENSG00000128482","RNF112","protein_coding",17.0489046398945,4.22220761826185,0.52883533223969,7.98397414253738,1.41695716521861e-15,6.25862335822864e-15,"Upregulated"
"ENSG00000131899.15","ENSG00000131899","LLGL1","protein_coding",273.759257196179,-1.21333518488309,0.152006052298362,-7.98215049030755,1.4380554758155e-15,6.3498781095424e-15,"Downregulated"
"ENSG00000130347.15","ENSG00000130347","RTN4IP1","protein_coding",66.9614349629723,-2.06764786767116,0.259071823459819,-7.9809831885938,1.45172240318736e-15,6.40632188398027e-15,"Downregulated"
"ENSG00000120539.17","ENSG00000120539","MASTL","protein_coding",213.187230339156,1.29074651268003,0.161798706174248,7.97748352381733,1.49346832361253e-15,6.584527820442e-15,"Upregulated"
"ENSG00000168237.20","ENSG00000168237","GLYCTK","protein_coding",76.4388968975908,-1.89377782848436,0.237629664656123,-7.96945041026281,1.5938156815065e-15,7.02054007793076e-15,"Downregulated"
"ENSG00000155465.23","ENSG00000155465","SLC7A7","protein_coding",233.800307195095,1.68214448138229,0.211121780455757,7.9676501294702,1.61719938689828e-15,7.1192143119471e-15,"Upregulated"
"ENSG00000130234.15","ENSG00000130234","ACE2","protein_coding",126.779008963732,2.45783619719225,0.308513858132277,7.96669625173998,1.6297258481272e-15,7.17217946889139e-15,"Upregulated"
"ENSG00000105717.16","ENSG00000105717","PBX4","protein_coding",51.4470301792614,1.98420015042539,0.249098860333671,7.96551275974337,1.64540054231328e-15,7.23896316308562e-15,"Upregulated"
"ENSG00000184163.4","ENSG00000184163","C1QTNF12","protein_coding",15.0559031458051,6.11421715191427,0.768431500897651,7.95674974903018,1.7661742648359e-15,7.76088461067372e-15,"Upregulated"
"ENSG00000036672.18","ENSG00000036672","USP2","protein_coding",62.2684221442269,1.77216273766112,0.222767152163687,7.95522463903901,1.78806780222407e-15,7.85232684540339e-15,"Upregulated"
"ENSG00000140740.13","ENSG00000140740","UQCRC2","protein_coding",2179.96548287615,1.17369536224013,0.147549871615027,7.95456715341931,1.79758851214725e-15,7.89174574917842e-15,"Upregulated"
"ENSG00000126243.10","ENSG00000126243","LRFN3","protein_coding",148.465555024117,-1.90357269759739,0.239383739307862,-7.95197160467645,1.83566334714806e-15,8.05646069862803e-15,"Downregulated"
"ENSG00000143845.16","ENSG00000143845","ETNK2","protein_coding",37.4063930398777,2.19438991407851,0.276046381038409,7.94935222778082,1.87489276175381e-15,8.22116366212897e-15,"Upregulated"
"ENSG00000022267.21","ENSG00000022267","FHL1","protein_coding",27.8455602868358,2.12165655870284,0.267031232089929,7.94534984577503,1.9364348908323e-15,8.48588280554632e-15,"Upregulated"
"ENSG00000115204.17","ENSG00000115204","MPV17","protein_coding",227.908927455875,-1.00229198336442,0.126245573438095,-7.93922476700458,2.03448805971901e-15,8.9101846362792e-15,"Downregulated"
"ENSG00000063587.16","ENSG00000063587","ZNF275","protein_coding",175.480656896577,-1.03730431324943,0.130680675547518,-7.93770241011841,2.05960766616859e-15,9.01474910846125e-15,"Downregulated"
"ENSG00000065308.7","ENSG00000065308","TRAM2","protein_coding",272.637866423004,-1.13131286793172,0.142529048850876,-7.93741961412639,2.06430745848973e-15,9.03259169336751e-15,"Downregulated"
"ENSG00000236144.10","ENSG00000236144","TMEM147-AS1","lncRNA",82.8297973182731,-1.67058845072331,0.210504840478724,-7.93610468492841,2.08629938967187e-15,9.12606421826888e-15,"Downregulated"
"ENSG00000095397.20","ENSG00000095397","WHRN","protein_coding",91.8683176437586,1.19409540382077,0.150485452749828,7.93495571831702,2.10570440588345e-15,9.20816784854042e-15,"Upregulated"
"ENSG00000079134.15","ENSG00000079134","THOC1","protein_coding",121.397695024785,-1.14126113946619,0.14405498568617,-7.92239945066867,2.3297046710876e-15,1.01784986715109e-14,"Downregulated"
"ENSG00000237361.6","ENSG00000237361","TUSC8","lncRNA",15.7915494986889,-4.75053520459411,0.599645238039265,-7.92224285833992,2.33264137955406e-15,1.01882576469251e-14,"Downregulated"
"ENSG00000249471.10","ENSG00000249471","ZNF324B","protein_coding",55.8434946762727,-2.39266733674781,0.302026469965856,-7.92204516716136,2.33635405623317e-15,1.02013989101932e-14,"Downregulated"
"ENSG00000091157.16","ENSG00000091157","WDR7","protein_coding",112.500305975476,-1.71824716644312,0.216944186537008,-7.92022682824925,2.37077685845479e-15,1.03485838050382e-14,"Downregulated"
"ENSG00000101782.17","ENSG00000101782","RIOK3","protein_coding",1110.73622683061,1.33850961405324,0.169062931123506,7.91722706543765,2.42865982603717e-15,1.05980542604428e-14,"Upregulated"
"ENSG00000170293.11","ENSG00000170293","CMTM8","protein_coding",251.496947775879,1.01813787843231,0.128776573639891,7.90623519211975,2.65289751255813e-15,1.15556930423783e-14,"Upregulated"
"ENSG00000162396.8","ENSG00000162396","PARS2","protein_coding",107.209743696633,-1.35477713520923,0.171458026001194,-7.90150899789201,2.75546956287818e-15,1.19880711213541e-14,"Downregulated"
"ENSG00000142082.17","ENSG00000142082","SIRT3","protein_coding",103.860753332491,-1.5227964774804,0.192731017683768,-7.90114894728048,2.7634418780604e-15,1.20191475680826e-14,"Downregulated"
"ENSG00000105726.19","ENSG00000105726","ATP13A1","protein_coding",411.907632286374,-1.14046421578303,0.144407193956307,-7.89755817932515,2.84420260250976e-15,1.2359275596873e-14,"Downregulated"
"ENSG00000222011.11","ENSG00000222011","FAM185A","protein_coding",25.7010616138382,-3.33148842197417,0.422032489660674,-7.89391457670185,2.92852650980697e-15,1.27180719748644e-14,"Downregulated"
"ENSG00000267534.4","ENSG00000267534","S1PR2","protein_coding",32.6341780232234,1.74939538867946,0.221638551917031,7.89301037002957,2.94983093691585e-15,1.28067555236023e-14,"Upregulated"
"ENSG00000258334.2","ENSG00000258334","TROAP-AS1","lncRNA",16.7878543838862,-5.40015338696393,0.684225942351386,-7.89235404960817,2.96539031809153e-15,1.28665977514319e-14,"Downregulated"
"ENSG00000161547.19","ENSG00000161547","SRSF2","protein_coding",1104.68308690954,-1.40228744678313,0.177746720775419,-7.88924510486411,3.04019901067826e-15,1.31832926579142e-14,"Downregulated"
"ENSG00000144895.14","ENSG00000144895","EIF2A","protein_coding",2264.63224408971,1.24444396192634,0.157889637219203,7.88173298668517,3.22871401883336e-15,1.39840178006375e-14,"Upregulated"
"ENSG00000136250.15","ENSG00000136250","AOAH","protein_coding",503.189618710833,1.26367417817162,0.160351158448284,7.88066759479741,3.25636528784294e-15,1.40995655068479e-14,"Upregulated"
"ENSG00000182986.17","ENSG00000182986","ZNF320","protein_coding",105.086357340658,-1.37979943393042,0.175165492335245,-7.87711903489335,3.35015723628173e-15,1.44970076644356e-14,"Downregulated"
"ENSG00000137507.13","ENSG00000137507","LRRC32","protein_coding",24.0131916440552,5.31396972240016,0.674623972549324,7.87693580220593,3.35507181596864e-15,1.45096092978268e-14,"Upregulated"
"ENSG00000198863.10","ENSG00000198863","RUNDC1","protein_coding",296.249851895945,-1.03920335707567,0.132023926043199,-7.8713259650803,3.50902031586383e-15,1.51618134816633e-14,"Downregulated"
"ENSG00000196335.14","ENSG00000196335","STK31","protein_coding",22.2637722592786,-2.79544524771702,0.3552764264415,-7.86836682556342,3.59300753664498e-15,1.5510832654471e-14,"Downregulated"
"ENSG00000185090.17","ENSG00000185090","MANEAL","protein_coding",95.6140629759786,-1.33799366784805,0.170096929223216,-7.8660659775475,3.65967581661103e-15,1.57751403730896e-14,"Downregulated"
"ENSG00000102886.16","ENSG00000102886","GDPD3","protein_coding",283.910494711589,1.93211922391138,0.245632557896226,7.8658922109489,3.6647599739245e-15,1.57923584722313e-14,"Upregulated"
"ENSG00000153406.16","ENSG00000153406","NMRAL1","protein_coding",292.375506528316,-1.04204341967867,0.132476973373009,-7.86584561186072,3.66612457737914e-15,1.57935426205049e-14,"Downregulated"
"ENSG00000176714.12","ENSG00000176714","CCDC121","protein_coding",27.2719826816106,-3.41935614109359,0.434946989979041,-7.861546854844,3.79418453522263e-15,1.63403632346052e-14,"Downregulated"
"ENSG00000240065.11","ENSG00000240065","PSMB9","protein_coding",75.9527305545962,1.40017976140469,0.178150131940861,7.85954939325832,3.85517782838216e-15,1.6588253292433e-14,"Upregulated"
"ENSG00000110871.17","ENSG00000110871","COQ5","protein_coding",264.775286352105,-1.06750999318203,0.135822783456989,-7.85957971123507,3.85424488137786e-15,1.6588253292433e-14,"Downregulated"
"ENSG00000198783.6","ENSG00000198783","ZNF830","protein_coding",81.2541072615678,-1.61727135102255,0.205781008609282,-7.85918662733976,3.86635814860346e-15,1.66314224664771e-14,"Downregulated"
"ENSG00000278133.1","ENSG00000278133","ENSG00000278133","lncRNA",43.5870572306571,-2.81643363964307,0.358450581883662,-7.85724387680636,3.92677849395829e-15,1.6886312740191e-14,"Downregulated"
"ENSG00000151498.14","ENSG00000151498","ACAD8","protein_coding",123.311404124122,-1.20565297408923,0.153445729704643,-7.85719469945437,3.92831993156293e-15,1.68879301240611e-14,"Downregulated"
"ENSG00000155100.13","ENSG00000155100","OTUD6B","protein_coding",147.460697387799,-1.1028710816826,0.140396566093891,-7.85539926200933,3.98500669688393e-15,1.7116395095211e-14,"Downregulated"
"ENSG00000085999.15","ENSG00000085999","RAD54L","protein_coding",116.924209130691,-1.55641637682417,0.19816097924594,-7.85430301539073,4.02001331232575e-15,1.72514163228382e-14,"Downregulated"
"ENSG00000162885.16","ENSG00000162885","B3GALNT2","protein_coding",534.644893043147,-1.05968290581709,0.134965791449746,-7.85149254810738,4.11114941163892e-15,1.76320737713735e-14,"Downregulated"
"ENSG00000157470.14","ENSG00000157470","FAM81A","protein_coding",68.5692462280632,-1.70020014861719,0.216544399616631,-7.85150828941875,4.11063334072581e-15,1.76320737713735e-14,"Downregulated"
"ENSG00000235899.5","ENSG00000235899","LINC01564","lncRNA",52.3043019461213,2.81316972142127,0.35840144953496,7.84921412865788,4.18652295774154e-15,1.79500268353818e-14,"Upregulated"
"ENSG00000274512.8","ENSG00000274512","TBC1D3L","protein_coding",16.7504974390464,3.45369403684895,0.440015422253207,7.84902951620074,4.19268946109133e-15,1.79711492665293e-14,"Upregulated"
"ENSG00000180096.14","ENSG00000180096","SEPTIN1","protein_coding",21.2612661034767,2.40804033436844,0.306979413880359,7.8443055966839,4.35355749291097e-15,1.86441356936365e-14,"Upregulated"
"ENSG00000153140.11","ENSG00000153140","CETN3","protein_coding",119.046663953043,-1.21925699981626,0.155433609138552,-7.8442301286939,4.35617616988797e-15,1.86498390115263e-14,"Downregulated"
"ENSG00000010030.15","ENSG00000010030","ETV7","protein_coding",22.4662732172049,2.16195888259778,0.275705548762676,7.8415501331051,4.45018187723743e-15,1.90410498272586e-14,"Upregulated"
"ENSG00000081386.15","ENSG00000081386","ZNF510","protein_coding",173.083890178663,-1.12193492724966,0.14309314198549,-7.84059188080046,4.48427671264958e-15,1.91812686303771e-14,"Downregulated"
"ENSG00000169255.17","ENSG00000169255","B3GALNT1","protein_coding",19.654717907536,-2.55657204155552,0.326108482167064,-7.83963675083372,4.51851632539623e-15,1.93220237791803e-14,"Downregulated"
"ENSG00000198736.14","ENSG00000198736","MSRB1","protein_coding",212.51486593727,-1.64616683506506,0.210080958152619,-7.83586884571022,4.65611695523284e-15,1.99045566121635e-14,"Downregulated"
"ENSG00000164867.13","ENSG00000164867","NOS3","protein_coding",53.2086667999018,3.34566326151223,0.427001587318861,7.83524783249547,4.67918840362098e-15,1.99972864480316e-14,"Upregulated"
"ENSG00000179627.11","ENSG00000179627","ZBTB42","protein_coding",78.3870106420476,-1.83680428814233,0.234445487331309,-7.83467538254056,4.70055532954222e-15,2.00826791968531e-14,"Downregulated"
"ENSG00000168781.26","ENSG00000168781","PPIP5K1","protein_coding",107.859708553716,-1.17402747751492,0.14985453191245,-7.83444759749295,4.70908418721712e-15,2.01072622395847e-14,"Downregulated"
"ENSG00000168679.20","ENSG00000168679","SLC16A4","protein_coding",281.950905778487,1.84772575547154,0.236078869283478,7.82673079161877,5.00719690542741e-15,2.13675787848805e-14,"Upregulated"
"ENSG00000179023.9","ENSG00000179023","KLHDC7A","protein_coding",50.6736615402508,-3.13055624077221,0.400163393880005,-7.82319494648968,5.14992577475172e-15,2.19437522376929e-14,"Downregulated"
"ENSG00000134070.7","ENSG00000134070","IRAK2","protein_coding",171.344931856722,1.05540012456287,0.134975289539403,7.8192099321615,5.3155898285324e-15,2.26170075734268e-14,"Upregulated"
"ENSG00000143761.19","ENSG00000143761","ARF1","protein_coding",6564.49466425216,1.14704408184349,0.146699678961135,7.81899517412969,5.32466515606705e-15,2.26489719523697e-14,"Upregulated"
"ENSG00000050344.11","ENSG00000050344","NFE2L3","protein_coding",1922.32572931753,-1.10630032585202,0.141540396059629,-7.81614547260381,5.44654269526244e-15,2.31537978115997e-14,"Downregulated"
"ENSG00000148459.18","ENSG00000148459","PDSS1","protein_coding",103.947273403688,-1.42246703106451,0.182004928218578,-7.8155412877403,5.47273346430452e-15,2.32583147697071e-14,"Downregulated"
"ENSG00000167700.11","ENSG00000167700","SLC33A2","protein_coding",178.110509542364,-1.46398188394943,0.187359647284595,-7.81375234831476,5.55101122622888e-15,2.35771555364915e-14,"Downregulated"
"ENSG00000120093.13","ENSG00000120093","HOXB3","protein_coding",286.398636605928,-1.19206830978764,0.152605069274496,-7.81145944531782,5.65295398255974e-15,2.4003108442794e-14,"Downregulated"
"ENSG00000120129.8","ENSG00000120129","DUSP1","protein_coding",124.573895528252,1.77902630643842,0.227949482854414,7.80447616797024,5.97491954401094e-15,2.53553540356681e-14,"Upregulated"
"ENSG00000119950.22","ENSG00000119950","MXI1","protein_coding",622.362246562559,1.6781863509484,0.215166650087349,7.79947241018588,6.2166528999951e-15,2.63503170010907e-14,"Upregulated"
"ENSG00000108821.16","ENSG00000108821","COL1A1","protein_coding",35.1572320086894,1.69968105435784,0.217949633074279,7.79850385790089,6.26454385285959e-15,2.65377870551421e-14,"Upregulated"
"ENSG00000095209.14","ENSG00000095209","TMEM38B","protein_coding",938.966739347755,1.08337122654514,0.138933564570938,7.79776456388252,6.30134313144845e-15,2.66858751200909e-14,"Upregulated"
"ENSG00000158062.23","ENSG00000158062","UBXN11","protein_coding",45.1041882226813,-2.14551388588109,0.275645338250537,-7.78360301501274,7.04877064041398e-15,2.97728895718098e-14,"Downregulated"
"ENSG00000161791.16","ENSG00000161791","FMNL3","protein_coding",536.825585856573,-1.4201238479106,0.182465597278361,-7.78296768866587,7.08427317640135e-15,2.99141278765759e-14,"Downregulated"
"ENSG00000204315.6","ENSG00000204315","FKBPL","protein_coding",42.9277110484737,-1.90902661314522,0.245306006235796,-7.78222532109633,7.12598027937966e-15,3.00772487584198e-14,"Downregulated"
"ENSG00000155592.18","ENSG00000155592","ZKSCAN2","protein_coding",111.577370785881,-2.01984827648977,0.25956149469639,-7.78177163316303,7.15158789302205e-15,3.01719975969944e-14,"Downregulated"
"ENSG00000213062.6","ENSG00000213062","ENSG00000213062","lncRNA",19.7885846552913,-3.64363383359025,0.468394667716395,-7.77898230856122,7.31102841121673e-15,3.08356879322913e-14,"Downregulated"
"ENSG00000072756.20","ENSG00000072756","TRNT1","protein_coding",246.134181489072,-1.06156138764799,0.136564158027031,-7.77335285469166,7.64354337780791e-15,3.22006484393001e-14,"Downregulated"
"ENSG00000197566.12","ENSG00000197566","ZNF624","protein_coding",37.9950177925432,-2.28661822470427,0.294170744889343,-7.77309866609755,7.65890368996457e-15,3.22466101902866e-14,"Downregulated"
"ENSG00000186814.17","ENSG00000186814","ZSCAN30","protein_coding",47.2129623735476,-1.92291532464667,0.247421058674314,-7.77183371112256,7.73579633320739e-15,3.25608947025389e-14,"Downregulated"
"ENSG00000286388.1","ENSG00000286388","ENSG00000286388","lncRNA",33.4968538956635,-5.37348516214431,0.69149665844915,-7.7708042352593,7.79893530355792e-15,3.2798076151817e-14,"Downregulated"
"ENSG00000167996.18","ENSG00000167996","FTH1","protein_coding",34865.817636775,1.82699398402411,0.235244391691965,7.76636573940696,8.07701088540912e-15,3.39379651352128e-14,"Upregulated"
"ENSG00000133794.22","ENSG00000133794","BMAL1","protein_coding",228.813032105221,-1.35878963743343,0.174968771881262,-7.765898010392,8.10687678223705e-15,3.405358212411e-14,"Downregulated"
"ENSG00000257743.9","ENSG00000257743","MGAM2","protein_coding",138.439581134363,-1.70379703540103,0.21946260060819,-7.7634960611938,8.26196899171365e-15,3.46849520938338e-14,"Downregulated"
"ENSG00000152348.18","ENSG00000152348","ATG10","protein_coding",55.8833753713617,-2.22720335394097,0.286944338787438,-7.76179576621942,8.37351734292173e-15,3.51328932639322e-14,"Downregulated"
"ENSG00000184254.20","ENSG00000184254","ALDH1A3","protein_coding",30.9162688765006,2.49799243917026,0.321902271882872,7.76009571028808,8.4865315967152e-15,3.55967629231828e-14,"Upregulated"
"ENSG00000138002.18","ENSG00000138002","IFT172","protein_coding",133.81506334255,-1.1272845824847,0.145301072739729,-7.75826744585676,8.60974416063892e-15,3.60822476506591e-14,"Downregulated"
"ENSG00000204256.17","ENSG00000204256","BRD2","protein_coding",3445.3905522127,1.1152220597348,0.143747770522525,7.75818682739185,8.61521763370054e-15,3.60947481779671e-14,"Upregulated"
"ENSG00000138036.20","ENSG00000138036","DYNC2LI1","protein_coding",135.97332048675,-1.01704223721952,0.131111423659286,-7.75708331764036,8.69048396214798e-15,3.63890475525711e-14,"Downregulated"
"ENSG00000142765.20","ENSG00000142765","SYTL1","protein_coding",136.398063293263,-1.16662781286779,0.150421723613736,-7.75571363524286,8.7848055311013e-15,3.67627495687901e-14,"Downregulated"
"ENSG00000230590.13","ENSG00000230590","FTX","lncRNA",765.738996746311,-1.54347459844275,0.199010471969692,-7.75574563070137,8.78259075200684e-15,3.67627495687901e-14,"Downregulated"
"ENSG00000165275.12","ENSG00000165275","TRMT10B","protein_coding",50.0765453295148,-1.6395068486717,0.211502181992032,-7.75172545847995,9.0652217489768e-15,3.79143415833108e-14,"Downregulated"
"ENSG00000144674.21","ENSG00000144674","GOLGA4","protein_coding",2069.22512055604,1.11809585311735,0.1442714902536,7.74994318802667,9.19336702572162e-15,3.84170342954895e-14,"Upregulated"
"ENSG00000167105.10","ENSG00000167105","TMEM92","protein_coding",87.9655840120958,-1.0688073508735,0.138149458483291,-7.73660181232467,1.02109219650711e-14,4.2570966949888e-14,"Downregulated"
"ENSG00000259768.9","ENSG00000259768","ZFHX3-AS1","lncRNA",75.562446564253,-1.44937415537676,0.187452630365637,-7.7319488798299,1.05912477450448e-14,4.41058512417211e-14,"Downregulated"
"ENSG00000224093.8","ENSG00000224093","BCAR3-AS1","lncRNA",142.020673936462,-1.72575936006765,0.223240307306057,-7.73050073659716,1.07124370548582e-14,4.45465244760415e-14,"Downregulated"
"ENSG00000118804.10","ENSG00000118804","STBD1","protein_coding",24.0292207408247,2.13685810841771,0.276418560528581,7.73051601285929,1.07111515519279e-14,4.45465244760415e-14,"Upregulated"
"ENSG00000108384.18","ENSG00000108384","RAD51C","protein_coding",56.5464804076464,-1.57058617899556,0.203170267809455,-7.73039380185562,1.07214399036196e-14,4.45711724277843e-14,"Downregulated"
"ENSG00000186088.18","ENSG00000186088","GSAP","protein_coding",91.9025853251997,-1.21517082030488,0.157223058207204,-7.72896058734214,1.0842823425709e-14,4.50241252393623e-14,"Downregulated"
"ENSG00000241058.5","ENSG00000241058","NSUN6","protein_coding",66.5902058789596,-1.6522628963644,0.213922048707705,-7.72366806668904,1.13028947970792e-14,4.690766076726e-14,"Downregulated"
"ENSG00000254901.10","ENSG00000254901","BORCS8","protein_coding",21.6733965116858,-3.77732343774395,0.489644174425764,-7.71442536240494,1.21528528373359e-14,5.03917434388189e-14,"Downregulated"
"ENSG00000126775.10","ENSG00000126775","ATG14","protein_coding",145.174860940595,1.10146128588711,0.142831186313371,7.71163017207256,1.24220665718584e-14,5.14785784270436e-14,"Upregulated"
"ENSG00000154743.21","ENSG00000154743","TSEN2","protein_coding",145.021873309875,-1.55352883803155,0.201496907750686,-7.7099388540183,1.25878034144807e-14,5.21355950507728e-14,"Downregulated"
"ENSG00000048471.16","ENSG00000048471","SNX29","protein_coding",110.145676857611,-1.4959612942894,0.194150394029885,-7.7051674386977,1.30671844045967e-14,5.40747105629398e-14,"Downregulated"
"ENSG00000127561.18","ENSG00000127561","SYNGR3","protein_coding",37.923862394,1.81548293395202,0.235650284976026,7.70414062574429,1.31726727538611e-14,5.44645858912853e-14,"Upregulated"
"ENSG00000163283.7","ENSG00000163283","ALPP","protein_coding",42.3319143869097,4.26438170398685,0.553708338445156,7.70149446541021,1.34484001410149e-14,5.55887663558436e-14,"Upregulated"
"ENSG00000185347.21","ENSG00000185347","TEDC1","protein_coding",42.0219177094215,-2.36898278784983,0.307818481197571,-7.69603819313666,1.40349875254518e-14,5.79473046207543e-14,"Downregulated"
"ENSG00000115718.20","ENSG00000115718","PROC","protein_coding",34.1383171464112,1.6618457253875,0.215953909893827,7.6953722495904,1.41082828127646e-14,5.82167524267041e-14,"Upregulated"
"ENSG00000122861.18","ENSG00000122861","PLAU","protein_coding",37.5100872317007,3.45162017325363,0.448607697755815,7.69407255051696,1.42524171104811e-14,5.87780389200603e-14,"Upregulated"
"ENSG00000125863.21","ENSG00000125863","MKKS","protein_coding",93.7708953382925,-1.13264834381929,0.147346755550599,-7.68695815246729,1.50674391055137e-14,6.20862460952813e-14,"Downregulated"
"ENSG00000163686.17","ENSG00000163686","ABHD6","protein_coding",177.595595668144,-1.057579701112,0.137600668031941,-7.68586167667809,1.5197063432291e-14,6.25913635347214e-14,"Downregulated"
"ENSG00000124635.12","ENSG00000124635","H2BC11","protein_coding",53.1206026234874,2.62279670235378,0.341250130068585,7.68584821294178,1.51986619016481e-14,6.25913635347214e-14,"Upregulated"
"ENSG00000197535.17","ENSG00000197535","MYO5A","protein_coding",57.2554317038318,-2.07769831657491,0.270466784655424,-7.68189823834343,1.56748333852271e-14,6.44973553147957e-14,"Downregulated"
"ENSG00000135587.11","ENSG00000135587","SMPD2","protein_coding",154.618330200902,-1.15194417443589,0.149961311509561,-7.68160909530618,1.57102606519733e-14,6.46247792700529e-14,"Downregulated"
"ENSG00000175745.15","ENSG00000175745","NR2F1","protein_coding",66.4113916747118,1.18526150547214,0.154333651036751,7.67986435563494,1.59257129292918e-14,6.54738813535592e-14,"Upregulated"
"ENSG00000129173.15","ENSG00000129173","E2F8","protein_coding",223.305506974459,-1.35591073046819,0.176646151244529,-7.67585775809639,1.64315380434056e-14,6.74768629427698e-14,"Downregulated"
"ENSG00000274386.6","ENSG00000274386","TMEM269","protein_coding",16.8233667889512,5.33788372441971,0.695426262799242,7.6757005163043,1.64517085574864e-14,6.75405553583832e-14,"Upregulated"
"ENSG00000196236.15","ENSG00000196236","XPNPEP3","protein_coding",205.259537964189,-1.01940579543645,0.132847589934926,-7.67349860043225,1.67367359759142e-14,6.86717943836206e-14,"Downregulated"
"ENSG00000165632.10","ENSG00000165632","TAF3","protein_coding",182.66206858774,1.07973967576764,0.140732224447062,7.67229879304435,1.68940843581542e-14,6.92977838999067e-14,"Upregulated"
"ENSG00000124191.20","ENSG00000124191","TOX2","protein_coding",65.287522732052,1.17534598535097,0.153245541355752,7.66969123507786,1.72410873199294e-14,7.0681142133074e-14,"Upregulated"
"ENSG00000150455.17","ENSG00000150455","TIRAP","protein_coding",186.155517421733,-1.11600647980308,0.145546188175324,-7.66771355398708,1.75089357463265e-14,7.17589074761777e-14,"Downregulated"
"ENSG00000269893.11","ENSG00000269893","SNHG8","lncRNA",676.104987496577,1.05769754649992,0.137960231277635,7.66668435319874,1.76499414389949e-14,7.23163560457773e-14,"Upregulated"
"ENSG00000176444.21","ENSG00000176444","CLK2","protein_coding",159.913990659804,-1.05087129289183,0.13708673567142,-7.66574014433197,1.77802850580241e-14,7.28092373723891e-14,"Downregulated"
"ENSG00000273314.1","ENSG00000273314","ENSG00000273314","lncRNA",22.1255743972537,-3.19971784842258,0.417504441345775,-7.66391331816418,1.80351640239716e-14,7.38112389255567e-14,"Downregulated"
"ENSG00000161270.21","ENSG00000161270","NPHS1","protein_coding",10.1628250245763,3.62366284620042,0.472862984779969,7.66324064863434,1.81299175379534e-14,7.41780815810333e-14,"Upregulated"
"ENSG00000239857.9","ENSG00000239857","GET4","protein_coding",41.8811760307387,1.5489890054345,0.202283108817519,7.65753015409635,1.8954285342734e-14,7.7441641721709e-14,"Upregulated"
"ENSG00000081320.14","ENSG00000081320","STK17B","protein_coding",874.38334699186,1.0444088390524,0.136436283641261,7.65492001965192,1.93432590842556e-14,7.89863371792143e-14,"Upregulated"
"ENSG00000187815.12","ENSG00000187815","ZFP69","protein_coding",28.5516548633764,-3.23348953145863,0.42257540318567,-7.65186403913319,1.98086618365032e-14,8.08184480108686e-14,"Downregulated"
"ENSG00000109805.12","ENSG00000109805","NCAPG","protein_coding",299.539554863121,-1.01805455381924,0.133093560818028,-7.6491645994142,2.02289170067832e-14,8.25098410532794e-14,"Downregulated"
"ENSG00000288886.3","ENSG00000288886","ENSG00000288886","lncRNA",13.5358214872781,-3.16047093046223,0.413216558596698,-7.64846147791206,2.03398127165788e-14,8.29388198898873e-14,"Downregulated"
"ENSG00000174939.13","ENSG00000174939","ASPHD1","protein_coding",65.7865083315476,1.24476945317916,0.16281848851024,7.64513578628924,2.08724946657246e-14,8.50391320482657e-14,"Upregulated"
"ENSG00000180346.6","ENSG00000180346","TIGD2","protein_coding",62.3508858127527,-1.56326853673805,0.204533201365589,-7.64310403543638,2.12046518240191e-14,8.63681321623621e-14,"Downregulated"
"ENSG00000217930.10","ENSG00000217930","PAM16","protein_coding",24.2456258190608,2.21294348704914,0.28963589039648,7.64043255834026,2.16493173165489e-14,8.81297490312997e-14,"Upregulated"
"ENSG00000169372.15","ENSG00000169372","CRADD","protein_coding",40.4184332409664,-2.52891877021817,0.331153992201454,-7.63668513674365,2.22885675590362e-14,9.06556051264532e-14,"Downregulated"
"ENSG00000232368.1","ENSG00000232368","FTLP2","processed_pseudogene",31.3809702421674,2.93450880941264,0.384356584644699,7.63486024865508,2.26065510131617e-14,9.18458472898065e-14,"Upregulated"
"ENSG00000150782.15","ENSG00000150782","IL18","protein_coding",223.35904764788,1.65483719318657,0.216790117985121,7.63336082182561,2.2871159545513e-14,9.28948554186026e-14,"Upregulated"
"ENSG00000108244.18","ENSG00000108244","KRT23","protein_coding",1473.85705765031,-1.20857831614447,0.158341115617794,-7.63275104781853,2.29796375692989e-14,9.3309304470238e-14,"Downregulated"
"ENSG00000290476.2","ENSG00000290476","SUGT1P3","lncRNA",67.8771895251478,-1.20293244742334,0.157609536452913,-7.63235826014076,2.30497818353017e-14,9.35679099039756e-14,"Downregulated"
"ENSG00000161328.13","ENSG00000161328","LRRC56","protein_coding",33.8193499051759,-2.00178406105242,0.26242698312337,-7.62796583349573,2.3848674380842e-14,9.66755214341713e-14,"Downregulated"
"ENSG00000099834.21","ENSG00000099834","CDHR5","protein_coding",365.367472194627,-1.13220932063457,0.148463450721446,-7.62618216896275,2.41808067810958e-14,9.79670818763323e-14,"Downregulated"
"ENSG00000134072.13","ENSG00000134072","CAMK1","protein_coding",48.7615643700886,-2.13076094830917,0.27945545201501,-7.62468913361803,2.44623165376364e-14,9.89968978674746e-14,"Downregulated"
"ENSG00000113369.10","ENSG00000113369","ARRDC3","protein_coding",200.514743058956,2.5004410498145,0.327968220386672,7.62403456916191,2.45867478710262e-14,9.9472682899752e-14,"Upregulated"
"ENSG00000196998.21","ENSG00000196998","WDR45","protein_coding",81.0796507510176,-1.47721792842365,0.193759149906727,-7.6239905528836,2.45951375774578e-14,9.94788539694441e-14,"Downregulated"
"ENSG00000099625.16","ENSG00000099625","CBARP","protein_coding",52.1189421832579,1.44003444165037,0.188977988522525,7.62011731053387,2.53445276472339e-14,1.02424120095849e-13,"Upregulated"
"ENSG00000139269.5","ENSG00000139269","INHBE","protein_coding",22.0937926722919,-4.29867809303416,0.564367333530965,-7.61680883643544,2.60023983042887e-14,1.05053458663438e-13,"Downregulated"
"ENSG00000177984.8","ENSG00000177984","LCN15","protein_coding",16.5639215612787,-2.83635865825926,0.372468489179413,-7.61502983650526,2.63630563467727e-14,1.06451215541218e-13,"Downregulated"
"ENSG00000165879.9","ENSG00000165879","FRAT1","protein_coding",30.2705696375957,-2.57051821125417,0.337970880720303,-7.60573871268359,2.83281100873525e-14,1.14290359517236e-13,"Downregulated"
"ENSG00000131931.10","ENSG00000131931","THAP1","protein_coding",176.941886520994,1.01473992699089,0.133448325090956,7.6039914798426,2.87134165436954e-14,1.15780420854545e-13,"Upregulated"
"ENSG00000106351.15","ENSG00000106351","AGFG2","protein_coding",133.496442037163,-1.93299982630362,0.25425522986695,-7.60259612876063,2.90248224944791e-14,1.17003540358829e-13,"Downregulated"
"ENSG00000116954.10","ENSG00000116954","RRAGC","protein_coding",184.444256955515,1.16865306854741,0.153797471301718,7.59864943588546,2.99237177613605e-14,1.20459588277121e-13,"Upregulated"
"ENSG00000104147.11","ENSG00000104147","OIP5","protein_coding",105.5966205444,-2.025736602389,0.266591084018901,-7.59866598631399,2.99198916757258e-14,1.20459588277121e-13,"Downregulated"
"ENSG00000231683.6","ENSG00000231683","KILH","lncRNA",13.3835627107175,3.46526960400305,0.456085493102628,7.59785096524281,3.01088788909147e-14,1.21171305994762e-13,"Upregulated"
"ENSG00000158716.11","ENSG00000158716","DUSP23","protein_coding",104.919011038342,-1.18882369968739,0.156483368557572,-7.59712492545177,3.02782215602372e-14,1.21818985799821e-13,"Downregulated"
"ENSG00000149925.23","ENSG00000149925","ALDOA","protein_coding",106.09364048016,1.29074723407707,0.169944302545736,7.59511919341753,3.07509251227263e-14,1.23652166170519e-13,"Upregulated"
"ENSG00000272328.2","ENSG00000272328","ENSG00000272328","lncRNA",21.3052185760187,-2.87675432905332,0.379163838427637,-7.58710097720025,3.27142143879962e-14,1.31400885507439e-13,"Downregulated"
"ENSG00000237298.12","ENSG00000237298","TTN-AS1","lncRNA",71.0723309547847,-1.11896295119878,0.147495608547953,-7.58641536663095,3.28876993419284e-14,1.32024526000894e-13,"Downregulated"
"ENSG00000260231.3","ENSG00000260231","KDM7A-DT","lncRNA",217.31294815473,-2.74061875185983,0.361433061526239,-7.58264542896795,3.38579226932147e-14,1.35806536305028e-13,"Downregulated"
"ENSG00000136450.14","ENSG00000136450","SRSF1","protein_coding",665.534642601238,-2.50288639882478,0.330111213072401,-7.58194905144237,3.40401959770539e-14,1.36499867210699e-13,"Downregulated"
"ENSG00000213225.8","ENSG00000213225","NOC2LP1","transcribed_processed_pseudogene",19.9345473606854,-2.35168554635573,0.310308443392824,-7.57854191991385,3.49459993755121e-14,1.4001587585013e-13,"Downregulated"
"ENSG00000248049.9","ENSG00000248049","UBA6-DT","lncRNA",50.0980819188446,-1.57295816507223,0.207729425801562,-7.57214900586509,3.67100039241626e-14,1.46840015696651e-13,"Downregulated"
"ENSG00000000460.19","ENSG00000000460","FIRRM","protein_coding",139.282164726225,-1.07247781791624,0.141639663348592,-7.57187494350891,3.67875523759199e-14,1.47109605141234e-13,"Downregulated"
"ENSG00000100906.14","ENSG00000100906","NFKBIA","protein_coding",426.195239456225,1.37842387982584,0.182096236825375,7.56975489365939,3.73929078982686e-14,1.4940667804293e-13,"Upregulated"
"ENSG00000142556.21","ENSG00000142556","ZNF614","protein_coding",112.181277364037,-1.25264868821445,0.16550548864043,-7.56862324328045,3.77200365580319e-14,1.50630688839625e-13,"Downregulated"
"ENSG00000143633.15","ENSG00000143633","FSAF1","protein_coding",104.573329226005,-1.05069686922782,0.138982961087081,-7.5598969903188,4.03388691211694e-14,1.60911338096336e-13,"Downregulated"
"ENSG00000196812.8","ENSG00000196812","ZSCAN16","protein_coding",46.9138907756388,-1.39887200661431,0.185070250049251,-7.55860007884593,4.07430471396691e-14,1.62434178582692e-13,"Downregulated"
"ENSG00000165655.18","ENSG00000165655","ZNF503","protein_coding",107.559070763748,1.36546169432887,0.18076519699745,7.55378644235445,4.22783205018602e-14,1.68369722647144e-13,"Upregulated"
"ENSG00000161999.15","ENSG00000161999","JMJD8","protein_coding",344.698660698765,-1.22459137270516,0.162173910811709,-7.55109972113189,4.31598206937081e-14,1.71833000410225e-13,"Downregulated"
"ENSG00000126088.16","ENSG00000126088","UROD","protein_coding",127.001267282171,-1.45723021220129,0.193001110477678,-7.55037216415306,4.34016220816823e-14,1.72700798244849e-13,"Downregulated"
"ENSG00000162433.17","ENSG00000162433","AK4","protein_coding",89.5295213266198,1.08308050490833,0.143548437830867,7.5450525360955,4.52105209155282e-14,1.79750581373891e-13,"Upregulated"
"ENSG00000006757.14","ENSG00000006757","PNPLA4","protein_coding",139.520559097328,-1.15948776038796,0.153756583116064,-7.54106092168236,4.66163261065185e-14,1.85289028506765e-13,"Downregulated"
"ENSG00000114737.18","ENSG00000114737","CISH","protein_coding",108.374930475975,1.37845793804372,0.182877417268167,7.53760611143356,4.78677100983907e-14,1.90210818411264e-13,"Upregulated"
"ENSG00000132357.16","ENSG00000132357","CARD6","protein_coding",16.7727676007095,-2.76202113211088,0.366484780470805,-7.53652342278076,4.8266630761204e-14,1.91740383543598e-13,"Downregulated"
"ENSG00000158373.11","ENSG00000158373","H2BC5","protein_coding",275.65898547858,2.6927147309687,0.357299965011809,7.53628601917077,4.8354538999479e-14,1.91987391556288e-13,"Upregulated"
"ENSG00000229809.11","ENSG00000229809","ZNF688","protein_coding",42.908280718069,-2.55257281880185,0.338789878074756,-7.53438335675012,4.90647862898931e-14,1.9459411136101e-13,"Downregulated"
"ENSG00000171219.11","ENSG00000171219","CDC42BPG","protein_coding",229.498967606215,-1.18786547376808,0.157751501013792,-7.52997889804056,5.07485236058998e-14,2.01106809979956e-13,"Downregulated"
"ENSG00000107968.12","ENSG00000107968","MAP3K8","protein_coding",129.798386601028,1.32739968700236,0.176498748052442,7.52073145928467,5.44706284045837e-14,2.15503234190343e-13,"Upregulated"
"ENSG00000228889.10","ENSG00000228889","UBAC2-AS1","lncRNA",22.2885275482312,-2.52364334809599,0.335934810353668,-7.51230081050289,5.80971010083925e-14,2.29474839960105e-13,"Downregulated"
"ENSG00000140465.17","ENSG00000140465","CYP1A1","protein_coding",67.2953474227271,3.17054735294858,0.422057947102203,7.51211385715436,5.81801523876475e-14,2.29740263869697e-13,"Upregulated"
"ENSG00000087586.20","ENSG00000087586","AURKA","protein_coding",1106.21828233969,1.23517471210212,0.164438582223399,7.51146534712923,5.84691494963928e-14,2.30818554753943e-13,"Upregulated"
"ENSG00000147889.19","ENSG00000147889","CDKN2A","protein_coding",213.827705937897,1.0918597352676,0.145393023467533,7.50971201524965,5.92575757539217e-14,2.3380364492944e-13,"Upregulated"
"ENSG00000005249.16","ENSG00000005249","PRKAR2B","protein_coding",16.0664204881876,-2.55251526882829,0.339927846223291,-7.50899138504704,5.9584646204906e-14,2.35030128688486e-13,"Downregulated"
"ENSG00000174292.14","ENSG00000174292","TNK1","protein_coding",145.961183292623,-1.07052211711845,0.142590127528174,-7.50768749334997,6.0180956883181e-14,2.37317667251989e-13,"Downregulated"
"ENSG00000172339.12","ENSG00000172339","ALG14","protein_coding",125.767284491488,-1.13313630967893,0.150952128049598,-7.50659380771778,6.0685655137343e-14,2.39242794953856e-13,"Downregulated"
"ENSG00000187122.18","ENSG00000187122","SLIT1","protein_coding",38.1303695067721,-2.06069493733865,0.274533910120266,-7.50615811517024,6.08878692282609e-14,2.39974707874886e-13,"Downregulated"
"ENSG00000178038.19","ENSG00000178038","ALS2CL","protein_coding",222.39897059466,-1.19201398516583,0.158825840304825,-7.50516403929025,6.13517239856264e-14,2.41671428105381e-13,"Downregulated"
"ENSG00000130035.11","ENSG00000130035","GALNT8","protein_coding",31.051364748017,-2.65634397061715,0.353934431771414,-7.50518664522792,6.13411371224861e-14,2.41671428105381e-13,"Downregulated"
"ENSG00000104983.10","ENSG00000104983","CCDC61","protein_coding",49.7085120350815,-2.51070044027182,0.334632446169444,-7.50286013508835,6.24401672271241e-14,2.45758528912407e-13,"Downregulated"
"ENSG00000204876.6","ENSG00000204876","ENSG00000204876","lncRNA",315.554907506295,-2.18324767524379,0.291036954037227,-7.50161670179011,6.30354724791879e-14,2.47966902054395e-13,"Downregulated"
"ENSG00000174775.20","ENSG00000174775","HRAS","protein_coding",305.397191693931,1.28759253605912,0.17164759674695,7.5013723492869,6.31531127846744e-14,2.48294875332475e-13,"Upregulated"
"ENSG00000205189.14","ENSG00000205189","ZBTB10","protein_coding",687.903502519114,1.17898382585184,0.157171087997292,7.50127673527431,6.31992036243427e-14,2.48408695124484e-13,"Upregulated"
"ENSG00000172602.12","ENSG00000172602","RND1","protein_coding",30.8144817004766,3.24636423575772,0.432807611869553,7.50070966112344,6.34732428065106e-14,2.4941817645118e-13,"Upregulated"
"ENSG00000175592.11","ENSG00000175592","FOSL1","protein_coding",297.444500784135,1.53306070323161,0.204430035292613,7.49919502306619,6.42109332334719e-14,2.52248534675922e-13,"Upregulated"
"ENSG00000153790.13","ENSG00000153790","SPMIP4","protein_coding",50.3359502231762,-2.11320426030918,0.281911352445281,-7.49598851546552,6.58005526353847e-14,2.58423200214633e-13,"Downregulated"
"ENSG00000278970.5","ENSG00000278970","HEIH","lncRNA",161.344162453351,-1.30612812966306,0.174321911278111,-7.49262166807752,6.75112964025423e-14,2.64854820645816e-13,"Downregulated"
"ENSG00000148824.21","ENSG00000148824","MTG1","protein_coding",30.1764763448458,-2.54079190507456,0.339180488271642,-7.49097307460593,6.83648427481105e-14,2.68058252463641e-13,"Downregulated"
"ENSG00000048342.20","ENSG00000048342","CC2D2A","protein_coding",42.7563211383354,-1.61721083446279,0.215929286358343,-7.48953910670073,6.9115888801222e-14,2.70929797270032e-13,"Downregulated"
"ENSG00000236088.13","ENSG00000236088","COX10-DT","lncRNA",68.3368462535903,-1.53345635761655,0.204761033110038,-7.48900478926807,6.93978088085427e-14,2.71814336554973e-13,"Downregulated"
"ENSG00000128731.19","ENSG00000128731","HERC2","protein_coding",514.358564209302,-1.0943758437111,0.146175670102528,-7.4867167904447,7.06178562323365e-14,2.76219695686645e-13,"Downregulated"
"ENSG00000143942.7","ENSG00000143942","CHAC2","protein_coding",23.3662608773987,-3.5531622312422,0.474618556806977,-7.4863533679473,7.08135776642125e-14,2.76835815351974e-13,"Downregulated"
"ENSG00000185222.12","ENSG00000185222","TCEAL9","protein_coding",77.6287485754509,1.12480628166924,0.150301497195654,7.48366651467901,7.22772229926146e-14,2.82405369535986e-13,"Upregulated"
"ENSG00000204054.15","ENSG00000204054","LINC00963","lncRNA",611.345275375025,-1.14145992427679,0.152549030033173,-7.48257739841785,7.28789460187525e-14,2.8467969965061e-13,"Downregulated"
"ENSG00000257093.8","ENSG00000257093","DENND11","protein_coding",979.294918208951,-1.07645284084146,0.143862340363806,-7.48252001266816,7.29107871285123e-14,2.84727331464942e-13,"Downregulated"
"ENSG00000109089.9","ENSG00000109089","CDR2L","protein_coding",144.225575071564,1.58434360977884,0.211841333401018,7.47891633961565,7.49379574796445e-14,2.92171342425345e-13,"Upregulated"
"ENSG00000135315.14","ENSG00000135315","CEP162","protein_coding",32.6630955227502,-2.24811053860756,0.300679724356884,-7.47676133938193,7.61765731575667e-14,2.96840790050943e-13,"Downregulated"
"ENSG00000146242.11","ENSG00000146242","TPBG","protein_coding",115.591420617046,1.3346533350259,0.178520560166945,7.47618836607833,7.65092699452032e-14,2.98057080657496e-13,"Upregulated"
"ENSG00000275835.7","ENSG00000275835","TUBGCP5","protein_coding",114.870679749392,-1.3257514668948,0.177414483994904,-7.47262251109601,7.86121215978934e-14,3.06002381465665e-13,"Downregulated"
"ENSG00000167771.8","ENSG00000167771","RCOR2","protein_coding",21.2803250627546,1.95651230853488,0.262054037195349,7.46606436395554,8.26289408990695e-14,3.21292892811729e-13,"Upregulated"
"ENSG00000151779.16","ENSG00000151779","NBAS","protein_coding",894.973767729892,1.00069911396863,0.134094998688008,7.46261325000572,8.48230521484841e-14,3.29559161323279e-13,"Upregulated"
"ENSG00000102401.22","ENSG00000102401","ARMCX3","protein_coding",47.0628960738623,1.39074947376458,0.186375738827188,7.46207356448961,8.51713062727566e-14,3.30823524659552e-13,"Upregulated"
"ENSG00000129467.16","ENSG00000129467","ADCY4","protein_coding",12.7491986239268,3.20734057657103,0.429918330642871,7.4603485079945,8.62939218269853e-14,3.35004424086973e-13,"Upregulated"
"ENSG00000015520.17","ENSG00000015520","NPC1L1","protein_coding",21.342536656841,6.41358632807654,0.860597009644662,7.45248502632456,9.15982567347671e-14,3.55311010867303e-13,"Upregulated"
"ENSG00000144362.14","ENSG00000144362","PHOSPHO2","protein_coding",67.5160320453425,-1.63624728705037,0.219635239862714,-7.44983950696223,9.34538482148656e-14,3.62218017739992e-13,"Downregulated"
"ENSG00000174327.8","ENSG00000174327","SLC16A13","protein_coding",123.458984753856,-2.02368591881263,0.271643699085857,-7.44978044998946,9.34956901065751e-14,3.62283299739167e-13,"Downregulated"
"ENSG00000132541.13","ENSG00000132541","RIDA","protein_coding",77.8930523699961,-1.28804458639809,0.17292282290199,-7.44866735797004,9.42877691707138e-14,3.65254838498258e-13,"Downregulated"
"ENSG00000002016.20","ENSG00000002016","RAD52","protein_coding",46.8223719341898,-1.70080846153994,0.228398758143716,-7.44666247471334,9.57311214294119e-14,3.70548988182435e-13,"Downregulated"
"ENSG00000109680.13","ENSG00000109680","TBC1D19","protein_coding",28.9629443497209,-2.63979331646243,0.354525074626809,-7.4459989021685,9.62136058280584e-14,3.723171096556e-13,"Downregulated"
"ENSG00000222041.13","ENSG00000222041","CYTOR","lncRNA",90.5086758627952,1.44151407365367,0.193702999180602,7.44187792523364,9.92639333437029e-14,3.83915911934065e-13,"Upregulated"
"ENSG00000182179.15","ENSG00000182179","UBA7","protein_coding",36.5021298437859,1.81283006639726,0.243644807556965,7.44046255109874,1.00333358158192e-13,3.87845032389574e-13,"Upregulated"
"ENSG00000141510.21","ENSG00000141510","TP53","protein_coding",912.588699869963,-1.09291861455406,0.146938406585856,-7.43793702373837,1.02269790659117e-13,3.94803890844945e-13,"Downregulated"
"ENSG00000123104.13","ENSG00000123104","ITPR2","protein_coding",118.442813238032,-1.07214591212121,0.144286910547598,-7.4306526354483,1.08063156286473e-13,4.16613796462774e-13,"Downregulated"
"ENSG00000204576.14","ENSG00000204576","PRR3","protein_coding",44.1786468309736,-2.22571523508814,0.2996639284056,-7.42737121191176,1.10777152939281e-13,4.26849907044952e-13,"Downregulated"
"ENSG00000143443.11","ENSG00000143443","C1orf56","protein_coding",51.5430960166317,-1.86550061503986,0.25122584276294,-7.42559202717122,1.12276571687072e-13,4.32512513792941e-13,"Downregulated"
"ENSG00000006715.18","ENSG00000006715","VPS41","protein_coding",440.083234388195,-1.01345888301775,0.136525702861081,-7.42320941609782,1.14315810287697e-13,4.3966685846319e-13,"Downregulated"
"ENSG00000136932.18","ENSG00000136932","TRMO","protein_coding",130.164807633782,-1.13796337746731,0.153297511784472,-7.42323449494225,1.14294157324713e-13,4.3966685846319e-13,"Downregulated"
"ENSG00000197044.11","ENSG00000197044","ZNF441","protein_coding",72.9176318307446,-1.9590030409105,0.263959641655712,-7.42160062281669,1.15713292004822e-13,4.44923594516815e-13,"Downregulated"
"ENSG00000237973.1","ENSG00000237973","MTCO1P12","unprocessed_pseudogene",85.2392131997949,1.74934623174622,0.2357503024133,7.42033504873048,1.1682442188126e-13,4.49076796260801e-13,"Upregulated"
"ENSG00000196267.16","ENSG00000196267","ZNF836","protein_coding",35.9294079675094,1.52833835862439,0.205983078730166,7.41972771766599,1.17361354056616e-13,4.50901575553678e-13,"Upregulated"
"ENSG00000163507.17","ENSG00000163507","CIP2A","protein_coding",194.082533632681,-1.05747222803377,0.142579017600978,-7.41674508512337,1.20033656532281e-13,4.60680018661497e-13,"Downregulated"
"ENSG00000074660.19","ENSG00000074660","SCARF1","protein_coding",12.9985698135011,3.16653698515542,0.427195948326659,7.41237597771902,1.24056453765925e-13,4.7599315011273e-13,"Upregulated"
"ENSG00000134954.16","ENSG00000134954","ETS1","protein_coding",50.7088161405728,1.92657125506653,0.260088738575654,7.40736129375372,1.28837120625883e-13,4.93813158452869e-13,"Upregulated"
"ENSG00000071282.14","ENSG00000071282","LMCD1","protein_coding",36.7485210045924,2.12177207864718,0.286458836336029,7.40690043213833,1.29285452722085e-13,4.9535953142789e-13,"Upregulated"
"ENSG00000204923.6","ENSG00000204923","FBXO48","protein_coding",50.5279326105333,-1.49081701431885,0.201279041099401,-7.40671759054442,1.29463747840149e-13,4.95821520533677e-13,"Downregulated"
"ENSG00000076242.20","ENSG00000076242","MLH1","protein_coding",326.450287605468,-1.05639386970183,0.142640497924393,-7.4059883768898,1.30177235730708e-13,4.98422325022305e-13,"Downregulated"
"ENSG00000204389.11","ENSG00000204389","HSPA1A","protein_coding",62.5183835114626,1.98070703123047,0.267480814802883,7.40504335868027,1.31107625243503e-13,5.01719489049075e-13,"Upregulated"
"ENSG00000153234.18","ENSG00000153234","NR4A2","protein_coding",96.3426520304352,1.28117842483803,0.173111650142968,7.40087928097234,1.35285678024775e-13,5.17161710877088e-13,"Upregulated"
"ENSG00000104381.16","ENSG00000104381","GDAP1","protein_coding",35.0740339323554,-3.09624281746209,0.41873203413679,-7.39432994145038,1.42123115316067e-13,5.43012967877787e-13,"Downregulated"
"ENSG00000165376.14","ENSG00000165376","CLDN2","protein_coding",276.703880515715,-3.19986012297927,0.432888445353053,-7.39188157440779,1.44765437328125e-13,5.52817053427981e-13,"Downregulated"
"ENSG00000197576.16","ENSG00000197576","HOXA4","protein_coding",24.1727993590424,3.45837467674089,0.468210261806352,7.38637095094522,1.508904564954e-13,5.75600025146442e-13,"Upregulated"
"ENSG00000166819.14","ENSG00000166819","PLIN1","protein_coding",15.6387098663945,2.47358568716947,0.335165941082325,7.38018212465656,1.58073149624963e-13,6.02207172545993e-13,"Upregulated"
"ENSG00000153561.15","ENSG00000153561","RMND5A","protein_coding",2573.93851889919,1.14758621025733,0.155515566466333,7.37923692356399,1.59199314388554e-13,6.06338098322978e-13,"Upregulated"
"ENSG00000179454.16","ENSG00000179454","KLHL28","protein_coding",210.568300585345,1.34324454833315,0.182178756201053,7.3732227420125,1.66551864840835e-13,6.33342856277455e-13,"Upregulated"
"ENSG00000310781.1","ENSG00000310781","ENSG00000310781","snoRNA",20.8399957091519,2.70753510786219,0.367497599838298,7.36749058783928,1.73869706916413e-13,6.6065018160269e-13,"Upregulated"
"ENSG00000148803.15","ENSG00000148803","FUOM","protein_coding",54.5720776427042,-1.4269683581376,0.193720216039619,-7.3661303260459,1.75652110697853e-13,6.67072952891324e-13,"Downregulated"
"ENSG00000183856.13","ENSG00000183856","IQGAP3","protein_coding",446.709295764677,-1.23846980971505,0.168212039974691,-7.36255151475118,1.80427761606456e-13,6.84671149829996e-13,"Downregulated"
"ENSG00000143156.16","ENSG00000143156","NME7","protein_coding",37.6293212418415,-3.16060347550649,0.429351116459124,-7.36134914838958,1.82060678969852e-13,6.90325316491654e-13,"Downregulated"
"ENSG00000137726.19","ENSG00000137726","FXYD6","protein_coding",15.4289302498274,2.60833508644463,0.354539133831951,7.35697370908838,1.88126383051993e-13,7.12951763386372e-13,"Upregulated"
"ENSG00000148154.12","ENSG00000148154","UGCG","protein_coding",753.813948897114,1.37242211642728,0.186605819401785,7.35465871764847,1.91415540804365e-13,7.25037641750357e-13,"Upregulated"
"ENSG00000099992.18","ENSG00000099992","TBC1D10A","protein_coding",76.7802929603304,1.3185577977533,0.179294838669252,7.35413137120844,1.92172663148674e-13,7.27715242840499e-13,"Upregulated"
"ENSG00000171155.10","ENSG00000171155","C1GALT1C1","protein_coding",279.489976003725,-1.11343772176003,0.151404090725401,-7.35407951281487,1.92247276028663e-13,7.27807608204644e-13,"Downregulated"
"ENSG00000051128.21","ENSG00000051128","HOMER3","protein_coding",50.5146152388374,1.9740808221978,0.268440582047592,7.35388370543696,1.92529256693631e-13,7.28684770959544e-13,"Upregulated"
"ENSG00000197766.11","ENSG00000197766","CFD","protein_coding",109.564805473158,-2.49015090678128,0.338825685746017,-7.34935694529338,1.99162678853649e-13,7.53397426767706e-13,"Downregulated"
"ENSG00000142871.20","ENSG00000142871","CCN1","protein_coding",51.9755225724694,1.99658773849209,0.271802915422121,7.34571862627487,2.04656505303687e-13,7.73573832775437e-13,"Upregulated"
"ENSG00000103042.11","ENSG00000103042","SLC38A7","protein_coding",80.7508023654057,-1.38301105503033,0.188276016400749,-7.345657091483,2.04750690917287e-13,7.73728034621468e-13,"Downregulated"
"ENSG00000166263.15","ENSG00000166263","STXBP4","protein_coding",44.2292918387727,-1.95389489301861,0.266008582097698,-7.34523253953136,2.05401674727995e-13,7.75783442835054e-13,"Downregulated"
"ENSG00000106258.18","ENSG00000106258","CYP3A5","protein_coding",200.314770381257,-1.77782886052653,0.242077361445499,-7.34405253721664,2.07221721549332e-13,7.82249853788207e-13,"Downregulated"
"ENSG00000103507.16","ENSG00000103507","BCKDK","protein_coding",241.004028806765,-1.64674302151415,0.224231090766329,-7.3439549167168,2.07372999960868e-13,7.82617061310652e-13,"Downregulated"
"ENSG00000223825.5","ENSG00000223825","DAZAP2P1","transcribed_processed_pseudogene",99.3326509271991,1.27329982785046,0.173402683773241,7.34302261155053,2.08823231142535e-13,7.87884994979852e-13,"Upregulated"
"ENSG00000203288.7","ENSG00000203288","TDRKH-AS1","lncRNA",27.7864870368082,2.2953914378722,0.312686218565806,7.3408781762127,2.12196891717948e-13,7.99988906029269e-13,"Upregulated"
"ENSG00000273151.1","ENSG00000273151","GET4-AS1","lncRNA",34.0282312336252,-2.93838265424683,0.400560591190906,-7.3356758474685,2.2060537381665e-13,8.31040571185569e-13,"Downregulated"
"ENSG00000180525.15","ENSG00000180525","DIP2C-AS1","lncRNA",30.767696823621,-4.05023270593284,0.552263472135364,-7.33387759699612,2.23587320471813e-13,8.41617519033122e-13,"Downregulated"
"ENSG00000259431.7","ENSG00000259431","THTPA","protein_coding",18.6777041114911,-3.06262044805549,0.417610300062524,-7.33368034168927,2.23916818947188e-13,8.42638935388898e-13,"Downregulated"
"ENSG00000185730.10","ENSG00000185730","ZNF696","protein_coding",83.4665939418263,-1.06057467562132,0.144761068899752,-7.32638052262363,2.36451801374135e-13,8.8934843122605e-13,"Downregulated"
"ENSG00000137343.20","ENSG00000137343","ATAT1","protein_coding",77.9075376835568,1.01209511768128,0.138163683227504,7.32533393753503,2.38304554403021e-13,8.96084484278305e-13,"Upregulated"
"ENSG00000204228.6","ENSG00000204228","HSD17B8","protein_coding",66.5865350293084,-1.41266851955432,0.192876607841214,-7.3242086501091,2.40312543517278e-13,9.03400617549258e-13,"Downregulated"
"ENSG00000279088.3","ENSG00000279088","ENSG00000279088","lncRNA",24.7573494461561,2.08652242061638,0.284909943666025,7.32344541495623,2.4168392791599e-13,9.08320405435303e-13,"Upregulated"
"ENSG00000160471.14","ENSG00000160471","COX6B2","protein_coding",18.2620316224222,3.61065645719572,0.493084680455254,7.32258900005185,2.43231891951413e-13,9.13901109193642e-13,"Upregulated"
"ENSG00000148219.20","ENSG00000148219","ASTN2","protein_coding",42.4041986770002,-2.21186665820883,0.302137638483366,-7.3207253135084,2.4663422761154e-13,9.26204515819236e-13,"Downregulated"
"ENSG00000173258.15","ENSG00000173258","ZNF483","protein_coding",11.1359779987548,2.95731783725476,0.404261372772015,7.31536089381102,2.56690570300277e-13,9.63470537371567e-13,"Upregulated"
"ENSG00000232019.2","ENSG00000232019","ENSG00000232019","lncRNA",68.9271755287896,1.78310933074258,0.243871975755384,7.31166147819762,2.63859179237827e-13,9.89864671373179e-13,"Upregulated"
"ENSG00000167566.19","ENSG00000167566","NCKAP5L","protein_coding",146.821255975743,-1.04692162047954,0.143214485521244,-7.3101657047411,2.66813147136724e-13,1.00042849374008e-12,"Downregulated"
"ENSG00000224189.9","ENSG00000224189","HAGLR","lncRNA",27.4185595502452,-2.13927232443247,0.292814742598288,-7.30589008411823,2.7543726857712e-13,1.03196403728532e-12,"Downregulated"
"ENSG00000169857.11","ENSG00000169857","AVEN","protein_coding",173.351720934377,-1.01084016836269,0.138428984951029,-7.3022291445703,2.83038691021068e-13,1.06016973643766e-12,"Downregulated"
"ENSG00000174943.13","ENSG00000174943","KCTD13","protein_coding",168.902469414778,1.18328947111249,0.162047155198453,7.30213047963328,2.83246380570869e-13,1.0606735264168e-12,"Upregulated"
"ENSG00000288922.3","ENSG00000288922","ENSG00000288922","lncRNA",43.0102726461534,-2.48880785483554,0.340868242570012,-7.30137790505477,2.84835481933198e-13,1.0663486965063e-12,"Downregulated"
"ENSG00000197429.13","ENSG00000197429","IPP","protein_coding",151.605817727375,-1.48031853532343,0.203064119103045,-7.28990696072819,3.10169145457147e-13,1.15819924142359e-12,"Downregulated"
"ENSG00000266208.2","ENSG00000266208","GJD3-AS1","lncRNA",18.0980946512714,-3.58726304686665,0.492427334988423,-7.28485766727588,3.22010084566129e-13,1.20148561934406e-12,"Downregulated"
"ENSG00000168306.15","ENSG00000168306","ACOX2","protein_coding",111.168049816243,-3.73038576791299,0.512106934139237,-7.28438831663765,3.23133034411354e-13,1.20536523415427e-12,"Downregulated"
"ENSG00000163393.15","ENSG00000163393","SLC22A15","protein_coding",350.087728709643,-1.75799660699646,0.241407004491227,-7.28229328184364,3.28192611214959e-13,1.22392365458754e-12,"Downregulated"
"ENSG00000260704.2","ENSG00000260704","LINC00543","lncRNA",22.7846399429076,-3.7375599058361,0.513254775527854,-7.28207526562656,3.28723575849982e-13,1.22558838724413e-12,"Downregulated"
"ENSG00000154153.16","ENSG00000154153","RETREG1","protein_coding",220.253603563283,-1.36699496819008,0.18776298583236,-7.28042836627327,3.32761844218089e-13,1.240325269138e-12,"Downregulated"
"ENSG00000180626.12","ENSG00000180626","ZNF594","protein_coding",39.9245657988733,-3.69339206931663,0.507371166487302,-7.27946780044125,3.35139647223434e-13,1.24886700117305e-12,"Downregulated"
"ENSG00000197696.11","ENSG00000197696","NMB","protein_coding",78.3357186701034,1.71001758864074,0.234915053789017,7.27930186277697,3.35552099399021e-13,1.25008252557599e-12,"Upregulated"
"ENSG00000134146.14","ENSG00000134146","DPH6","protein_coding",48.407995512576,-1.88825174853019,0.259423607453562,-7.27864270744211,3.37195414954903e-13,1.25588176651926e-12,"Downregulated"
"ENSG00000106853.22","ENSG00000106853","PTGR1","protein_coding",218.283884630019,1.27154566942021,0.17482924143627,7.27307205004218,3.51402768600431e-13,1.30644661943495e-12,"Upregulated"
"ENSG00000104408.13","ENSG00000104408","EIF3E","protein_coding",5342.0679529246,1.09768066814805,0.151061888352569,7.26643020366678,3.69111792509573e-13,1.37158156334583e-12,"Upregulated"
"ENSG00000160323.21","ENSG00000160323","ADAMTS13","protein_coding",26.0526997334784,-2.52557718430467,0.347777230138079,-7.26205445739487,3.81254634112204e-13,1.41525157724233e-12,"Downregulated"
"ENSG00000288873.3","ENSG00000288873","ENSG00000288873","lncRNA",32.056931663015,2.29361450963912,0.316004171476315,7.25817795038516,3.92339192306801e-13,1.45565273295191e-12,"Upregulated"
"ENSG00000124839.15","ENSG00000124839","RAB17","protein_coding",284.94252164364,-1.04299391429939,0.143726120289637,-7.25681533876756,3.96310153394883e-13,1.46963325051143e-12,"Downregulated"
"ENSG00000188732.13","ENSG00000188732","FAM221A","protein_coding",43.5050194869053,1.3548459329854,0.186895186381592,7.24922861426274,4.19151893620154e-13,1.55235094360932e-12,"Upregulated"
"ENSG00000105649.12","ENSG00000105649","RAB3A","protein_coding",25.7264218786606,2.23772461371569,0.308711970288537,7.24858388751239,4.21151561374964e-13,1.55935831053806e-12,"Upregulated"
"ENSG00000137040.11","ENSG00000137040","RANBP6","protein_coding",136.757902566823,-1.35831114297266,0.187452152252133,-7.24617523273705,4.28705396375388e-13,1.58692173800054e-12,"Downregulated"
"ENSG00000117407.19","ENSG00000117407","ARTN","protein_coding",33.1294652844243,2.38738473993759,0.329521623779849,7.24500174693417,4.32433631908361e-13,1.59990507878886e-12,"Upregulated"
"ENSG00000239789.8","ENSG00000239789","MRPS17","protein_coding",62.2440065486109,-1.54489721499345,0.213248604199319,-7.24458301049167,4.33771675126378e-13,1.60444592035004e-12,"Downregulated"
"ENSG00000069696.8","ENSG00000069696","DRD4","protein_coding",17.1607325514379,2.76795960333559,0.382289925320183,7.2404722698808,4.47125006456829e-13,1.6529937738705e-12,"Upregulated"
"ENSG00000274020.6","ENSG00000274020","LINC01138","lncRNA",55.0980242931417,1.40078725318428,0.193473548801875,7.24020033673308,4.48022450961211e-13,1.65588915055595e-12,"Upregulated"
"ENSG00000169583.15","ENSG00000169583","CLIC3","protein_coding",32.6303299907328,2.75575603064898,0.380879319281477,7.23524720598554,4.64681931318488e-13,1.71614947723434e-12,"Upregulated"
"ENSG00000124787.16","ENSG00000124787","RPP40","protein_coding",66.0272855212648,-1.36398851027335,0.188602174311853,-7.23209324203231,4.75605455455508e-13,1.75604439756974e-12,"Downregulated"
"ENSG00000144655.17","ENSG00000144655","CSRNP1","protein_coding",255.226694083154,1.39477188896532,0.192941133962528,7.22900223669363,4.8655542048512e-13,1.7960165954331e-12,"Upregulated"
"ENSG00000064652.13","ENSG00000064652","SNX24","protein_coding",31.0460194452473,-1.58494135719145,0.219289123513171,-7.22763323506219,4.9148388192358e-13,1.81328523850217e-12,"Downregulated"
"ENSG00000167535.10","ENSG00000167535","CACNB3","protein_coding",303.047668750364,1.35796386996297,0.187888798548065,7.22748711182789,4.92012817750678e-13,1.81477468944841e-12,"Upregulated"
"ENSG00000143320.11","ENSG00000143320","CRABP2","protein_coding",12.387641827467,4.02458902548978,0.557080538747087,7.22442940573971,5.0321018099743e-13,1.85371681317101e-12,"Upregulated"
"ENSG00000196296.16","ENSG00000196296","ATP2A1","protein_coding",14.0718751551397,2.5535361306442,0.3535066120582,7.22344658782166,5.06862127543791e-13,1.86669528649673e-12,"Upregulated"
"ENSG00000157869.18","ENSG00000157869","RAB28","protein_coding",120.190793697223,-1.02701238509928,0.142253629752871,-7.21958650112087,5.2145890180045e-13,1.9165565318012e-12,"Downregulated"
"ENSG00000138764.17","ENSG00000138764","CCNG2","protein_coding",277.825308714739,1.0236983103899,0.141799483359013,7.21933737796539,5.22415001237893e-13,1.91958372158711e-12,"Upregulated"
"ENSG00000125843.14","ENSG00000125843","AP5S1","protein_coding",46.2562011917579,-1.87807516414359,0.260156526380841,-7.21901998873665,5.23635589762195e-13,1.9230935040126e-12,"Downregulated"
"ENSG00000291006.1","ENSG00000291006","ENSG00000291006","lncRNA",68.39859809129,-1.53608179893287,0.212818389909867,-7.21780575251711,5.28331096182596e-13,1.93935517879386e-12,"Downregulated"
"ENSG00000197779.17","ENSG00000197779","ZNF81","protein_coding",72.965749955462,-2.01146332740294,0.278733314070074,-7.2164439120372,5.33646587076497e-13,1.95787502276268e-12,"Downregulated"
"ENSG00000178537.12","ENSG00000178537","SLC25A20","protein_coding",148.500200114718,-1.19086377094504,0.165023835203905,-7.21631374930534,5.34157374517359e-13,1.95925301733879e-12,"Downregulated"
"ENSG00000103199.16","ENSG00000103199","ZNF500","protein_coding",69.2259739800683,-1.42335261886862,0.197265471215171,-7.2154169206636,5.37689799992306e-13,1.97171067345357e-12,"Downregulated"
"ENSG00000104808.9","ENSG00000104808","DHDH","protein_coding",12.15330492002,3.58866222482292,0.497528892410969,7.21297251187295,5.47434690134708e-13,2.00642982534957e-12,"Upregulated"
"ENSG00000305287.1","ENSG00000305287","ENSG00000305287","lncRNA",20.6231338426112,-7.57581202958899,1.05038753707932,-7.21239710312452,5.49753710353805e-13,2.01441991667442e-12,"Downregulated"
"ENSG00000272189.1","ENSG00000272189","MAP7-AS1","lncRNA",20.6071427919909,-4.53219618074336,0.628840825768861,-7.20722318752444,5.71043662522692e-13,2.09084506247571e-12,"Downregulated"
"ENSG00000233532.7","ENSG00000233532","LINC00460","lncRNA",23.6933756258354,-1.9553501747383,0.271461626310871,-7.20304450139513,5.88827442801455e-13,2.15449881135499e-12,"Downregulated"
"ENSG00000102043.17","ENSG00000102043","MTMR8","protein_coding",37.4530345822278,-2.08791153888314,0.289911407718581,-7.20189507309725,5.93813830464254e-13,2.17147363893211e-12,"Downregulated"
"ENSG00000047597.8","ENSG00000047597","XK","protein_coding",212.963321322736,-1.05787913263215,0.147012314719664,-7.19585386196664,6.20710830539033e-13,2.26754256520587e-12,"Downregulated"
"ENSG00000184574.12","ENSG00000184574","LPAR5","protein_coding",148.091243324944,-1.30783152045574,0.181855033899466,-7.19161571946775,6.40290322862434e-13,2.33847967714778e-12,"Downregulated"
"ENSG00000197852.13","ENSG00000197852","INKA2","protein_coding",32.8706451939866,-2.77489172260541,0.386164228762317,-7.1857813746735,6.6823900950228e-13,2.4374829412804e-12,"Downregulated"
"ENSG00000250722.7","ENSG00000250722","SELENOP","protein_coding",114.645332577311,2.35550747485438,0.327902532095371,7.18355988226794,6.79192666544102e-13,2.47647015258538e-12,"Upregulated"
"ENSG00000118096.11","ENSG00000118096","IFT46","protein_coding",182.381096426589,-1.01382549514899,0.141131651170765,-7.18354449011789,6.79269173097356e-13,2.47647015258538e-12,"Downregulated"
"ENSG00000090530.12","ENSG00000090530","P3H2","protein_coding",19.8975879150613,-2.14467798880857,0.298571788203435,-7.18312336779546,6.81365643215507e-13,2.48286419448809e-12,"Downregulated"
"ENSG00000267106.10","ENSG00000267106","ZNF561-AS1","lncRNA",19.4905186224183,-2.49884750785582,0.347983238135527,-7.1809421661931,6.92326367633908e-13,2.5221703669559e-12,"Downregulated"
"ENSG00000177548.15","ENSG00000177548","RABEP2","protein_coding",124.342710410563,-1.59192056095082,0.221802696789294,-7.17719209006328,7.11576791951544e-13,2.58904616343504e-12,"Downregulated"
"ENSG00000198901.16","ENSG00000198901","PRC1","protein_coding",64.3439810477203,1.18878631919459,0.165671556990028,7.17556073470201,7.20114198991199e-13,2.6187942212749e-12,"Upregulated"
"ENSG00000056050.9","ENSG00000056050","HPF1","protein_coding",67.7057400723178,-1.30677187940064,0.182153540859466,-7.17401305093943,7.28306630891118e-13,2.64725851388866e-12,"Downregulated"
"ENSG00000142178.11","ENSG00000142178","SIK1","protein_coding",10.7643422167948,3.63593804983259,0.507255821307475,7.16785869595502,7.61798699239815e-13,2.7641429016984e-12,"Upregulated"
"ENSG00000123219.15","ENSG00000123219","CENPK","protein_coding",154.912107880271,-1.02655270059944,0.14327956203389,-7.16468340653242,7.79665232500065e-13,2.82684727280234e-12,"Downregulated"
"ENSG00000169715.16","ENSG00000169715","MT1E","protein_coding",36.6956070887421,7.85211243249611,1.09610927656136,7.1636219128892,7.85729219313743e-13,2.84740881377713e-12,"Upregulated"
"ENSG00000267519.7","ENSG00000267519","MIR23AHG","lncRNA",55.3333619140607,1.42341865225989,0.198724161174529,7.16278606409499,7.90536723104832e-13,2.86339869813427e-12,"Upregulated"
"ENSG00000123600.23","ENSG00000123600","METTL8","protein_coding",232.920084857756,-1.11684213347579,0.156005788193817,-7.15897881999261,8.12802415797596e-13,2.94184131112356e-12,"Downregulated"
"ENSG00000167840.16","ENSG00000167840","ZNF232","protein_coding",117.093032241223,-1.40060959083203,0.195650654448755,-7.15872683778256,8.14297595189755e-13,2.94651704107114e-12,"Downregulated"
"ENSG00000255353.1","ENSG00000255353","ASS1P13","processed_pseudogene",74.3184612133072,1.62836317271211,0.227472086017953,7.15851866142203,8.15534881283611e-13,2.95025748865754e-12,"Upregulated"
"ENSG00000167333.15","ENSG00000167333","TRIM68","protein_coding",136.868389118192,-1.007665853019,0.140774149000637,-7.15803192683083,8.18434970132989e-13,2.95927135408365e-12,"Downregulated"
"ENSG00000297695.1","ENSG00000297695","ENSG00000297695","lncRNA",11.7226413072453,3.86194124158756,0.539564607078876,7.15751402319649,8.21531887613487e-13,2.96898755992385e-12,"Upregulated"
"ENSG00000162062.17","ENSG00000162062","TEDC2","protein_coding",54.3982488114475,-2.83565944156379,0.396199408267551,-7.15715213700898,8.23702688370398e-13,2.97609059084114e-12,"Downregulated"
"ENSG00000196684.14","ENSG00000196684","HSH2D","protein_coding",75.9951595270514,1.06486689440987,0.149040577583422,7.14481191415028,9.01191996898359e-13,3.2479667791721e-12,"Upregulated"
"ENSG00000165487.16","ENSG00000165487","MICU2","protein_coding",651.622722896507,-1.3623027826813,0.190721267263104,-7.14289917548613,9.13826576131644e-13,3.29268392374435e-12,"Downregulated"
"ENSG00000173681.19","ENSG00000173681","BCLAF3","protein_coding",111.023787994188,-1.03507211277047,0.144922007776669,-7.14227002958422,9.18020266470132e-13,3.30697233449793e-12,"Downregulated"
"ENSG00000145103.17","ENSG00000145103","ILDR1","protein_coding",107.559949163283,-1.08041121708161,0.151298503234469,-7.14092468850991,9.27051371043251e-13,3.3378455823997e-12,"Downregulated"
"ENSG00000197563.13","ENSG00000197563","PIGN","protein_coding",211.805174766816,-1.27704027034767,0.178919662150503,-7.13750660491106,9.50390565332263e-13,3.4193297102272e-12,"Downregulated"
"ENSG00000179406.11","ENSG00000179406","LINC00174","lncRNA",18.8684850507064,-2.84635521467977,0.399079185064675,-7.13230687343038,9.87005121937595e-13,3.54929980821827e-12,"Downregulated"
"ENSG00000100060.20","ENSG00000100060","MFNG","protein_coding",29.2139409529804,2.04910169813264,0.287352231410723,7.13097541673093,9.96601198665418e-13,3.58202990353652e-12,"Upregulated"
"ENSG00000231770.9","ENSG00000231770","TMEM44-AS1","lncRNA",20.3962427563488,-4.98801546151604,0.699696988808858,-7.12882224919601,1.01231360693636e-12,3.63579895705619e-12,"Downregulated"
"ENSG00000197043.17","ENSG00000197043","ANXA6","protein_coding",205.534187333778,1.26957144881498,0.178100184463971,7.12841175676493,1.0153365840254e-12,3.64484958526036e-12,"Upregulated"
"ENSG00000158691.18","ENSG00000158691","ZSCAN12","protein_coding",68.3607981231602,-1.24496649306378,0.174761092417151,-7.12381958618151,1.04976437202441e-12,3.76377666486339e-12,"Downregulated"
"ENSG00000186603.7","ENSG00000186603","HPDL","protein_coding",368.586221840795,-1.33008592537326,0.186719584394866,-7.12344090569771,1.05265395918224e-12,3.77320335801855e-12,"Downregulated"
"ENSG00000197363.13","ENSG00000197363","ZNF517","protein_coding",27.4464375043416,-2.26850684326082,0.318464236232721,-7.1232703241537,1.05395815990828e-12,3.77694402902838e-12,"Downregulated"
"ENSG00000155850.11","ENSG00000155850","SLC26A2","protein_coding",133.38794259951,-1.76628482681476,0.248152724078254,-7.11773297422184,1.09716666821358e-12,3.92830681545203e-12,"Downregulated"
"ENSG00000160602.16","ENSG00000160602","NEK8","protein_coding",20.2145368155379,-2.69679213844108,0.379137881481524,-7.11295882095204,1.13581176501548e-12,4.06323971824348e-12,"Downregulated"
"ENSG00000143167.14","ENSG00000143167","GPA33","protein_coding",5507.38233315305,-1.23557236151767,0.173866061587892,-7.10646085977552,1.19056401083619e-12,4.25385937994034e-12,"Downregulated"
"ENSG00000271122.2","ENSG00000271122","HERPUD2-AS1","lncRNA",36.9649704226832,-4.38525529550866,0.617288798536084,-7.10405778609366,1.21146163060195e-12,4.32745919415418e-12,"Downregulated"
"ENSG00000198909.10","ENSG00000198909","MAP3K3","protein_coding",135.357076461373,1.02641354937595,0.144733975997428,7.09172495471407,1.32450557775827e-12,4.72660301228092e-12,"Upregulated"
"ENSG00000161955.18","ENSG00000161955","TNFSF13","protein_coding",28.2325132174232,-2.10320355629748,0.296780081471297,-7.0867409492941,1.37307055749586e-12,4.89749902023872e-12,"Downregulated"
"ENSG00000204685.10","ENSG00000204685","STARD7-AS1","lncRNA",41.3496205615412,-1.80244147473045,0.254367494186152,-7.08597409624748,1.38069637406624e-12,4.92348716854525e-12,"Downregulated"
"ENSG00000235954.10","ENSG00000235954","TTC28-AS1","lncRNA",57.5666400726803,1.29781121173824,0.183191251749348,7.08446063523806,1.39586881956087e-12,4.97514287581802e-12,"Upregulated"
"ENSG00000205758.14","ENSG00000205758","CRYZL1","protein_coding",58.3733698777201,-1.31054664725946,0.185010702515137,-7.08362613320836,1.40430454530564e-12,5.00274864074959e-12,"Downregulated"
"ENSG00000148426.14","ENSG00000148426","PROSER2","protein_coding",320.943175929857,1.20155893497558,0.169662436361892,7.08205635107492,1.42030875225521e-12,5.05851915401388e-12,"Upregulated"
"ENSG00000177873.16","ENSG00000177873","ZNF619","protein_coding",93.3069187828134,-1.25734145019405,0.177558263779982,-7.08128939440445,1.42819295147813e-12,5.08410028317883e-12,"Downregulated"
"ENSG00000260552.4","ENSG00000260552","COSMOC","lncRNA",52.2274505047578,1.3125453495621,0.185355272388793,7.08124097386866,1.42869214581921e-12,5.08462833428585e-12,"Upregulated"
"ENSG00000167114.15","ENSG00000167114","SLC27A4","protein_coding",494.278441975109,-1.13934725562566,0.161090558635696,-7.07271279754066,1.51933735850351e-12,5.4005977432997e-12,"Downregulated"
"ENSG00000291071.2","ENSG00000291071","FAM86JP","lncRNA",20.5356821798436,-4.491452567549,0.635669843065919,-7.06570024760987,1.59808049115421e-12,5.67631923475656e-12,"Downregulated"
"ENSG00000196976.9","ENSG00000196976","LAGE3","protein_coding",121.784095357904,1.30307181875283,0.184517562757674,7.06204764076658,1.64066712788017e-12,5.82187757523004e-12,"Upregulated"
"ENSG00000144451.21","ENSG00000144451","SPAG16","protein_coding",72.3958682830204,-1.85267891260702,0.262498998658333,-7.05785135210536,1.69096801107696e-12,5.99596486824744e-12,"Downregulated"
"ENSG00000285230.4","ENSG00000285230","RALY-AS1","lncRNA",35.5848020093445,-2.26622378922052,0.321262702317982,-7.05411419647913,1.73703683692953e-12,6.15630663751108e-12,"Downregulated"
"ENSG00000160949.20","ENSG00000160949","TONSL","protein_coding",202.681433296089,-1.47617134585855,0.209290044866411,-7.05323249751691,1.74808399167286e-12,6.19243050777881e-12,"Downregulated"
"ENSG00000164199.19","ENSG00000164199","ADGRV1","protein_coding",74.6768031551388,-2.61004629091561,0.370069961261231,-7.05284558092838,1.75295355408969e-12,6.20816297797356e-12,"Downregulated"
"ENSG00000187325.7","ENSG00000187325","TAF9B","protein_coding",49.4308329405008,-2.12705549749438,0.301702801263582,-7.05016820720895,1.78701635601106e-12,6.32570616299762e-12,"Downregulated"
"ENSG00000251169.4","ENSG00000251169","LINC01843","lncRNA",50.8716694393892,-2.55799221964562,0.362885003697914,-7.04904361871905,1.80151677793701e-12,6.37547769129747e-12,"Downregulated"
"ENSG00000230074.6","ENSG00000230074","ENSG00000230074","lncRNA",24.3953182773327,2.46777743249426,0.350198874072925,7.04678859698553,1.83094161027835e-12,6.47792259837533e-12,"Upregulated"
"ENSG00000187193.11","ENSG00000187193","MT1X","protein_coding",47.3531175640961,4.67105332229634,0.663061287462893,7.04467808725411,1.85890760013839e-12,6.56895609392965e-12,"Upregulated"
"ENSG00000168386.20","ENSG00000168386","FILIP1L","protein_coding",82.5075146629299,-1.00628442827073,0.142875688075861,-7.04307669011142,1.88040661442765e-12,6.64007131001107e-12,"Downregulated"
"ENSG00000229891.5","ENSG00000229891","LINC01315","lncRNA",31.6448577945716,2.41243281328952,0.342629739248148,7.04093234458649,1.90957716477979e-12,6.73979353920818e-12,"Upregulated"
"ENSG00000105696.11","ENSG00000105696","TMEM59L","protein_coding",13.1799632787291,7.50500124593924,1.06596997774309,7.04053716581128,1.91500120036767e-12,6.75729179345711e-12,"Upregulated"
"ENSG00000010404.20","ENSG00000010404","IDS","protein_coding",34.8347748793621,2.18712963773121,0.310720669412958,7.03889329880545,1.93772678466353e-12,6.83415345907614e-12,"Upregulated"
"ENSG00000261188.4","ENSG00000261188","TFIP11-DT","lncRNA",20.0873411349013,-3.12207555525482,0.443804571028709,-7.03479810498135,1.99549732700002e-12,7.03105938800981e-12,"Downregulated"
"ENSG00000143382.18","ENSG00000143382","ADAMTSL4","protein_coding",17.311500822163,2.24046281902978,0.318687326037932,7.03028528584507,2.06111673963484e-12,7.25697371010402e-12,"Upregulated"
"ENSG00000050438.19","ENSG00000050438","SLC4A8","protein_coding",49.6985551058341,1.71291782852245,0.243681449528644,7.02933207199716,2.07524547311354e-12,7.30494471614315e-12,"Upregulated"
"ENSG00000155367.18","ENSG00000155367","PPM1J","protein_coding",25.0855084654344,2.25048741932898,0.320319250075249,7.02576388649855,2.12898223437745e-12,7.48682614428487e-12,"Upregulated"
"ENSG00000234494.9","ENSG00000234494","SP2-AS1","lncRNA",27.2809342135729,-2.89036211667161,0.411557082437021,-7.02299204658665,2.17166578685984e-12,7.63507534768871e-12,"Downregulated"
"ENSG00000110195.16","ENSG00000110195","FOLR1","protein_coding",57.7691719862196,2.65038209231166,0.377461656887827,7.02159290605587,2.1935287939367e-12,7.70820060177755e-12,"Upregulated"
"ENSG00000173436.17","ENSG00000173436","MICOS10","protein_coding",110.457058212601,-1.12043724182446,0.159768546410013,-7.01287748433973,2.3346588170125e-12,8.19619078879487e-12,"Downregulated"
"ENSG00000163378.15","ENSG00000163378","EOGT","protein_coding",77.5953076043216,-1.3058688455953,0.186311024940849,-7.00907982235567,2.39890571685811e-12,8.4135870398615e-12,"Downregulated"
"ENSG00000226200.8","ENSG00000226200","SGMS1-AS1","lncRNA",26.5417239455072,-4.80036195891683,0.685031208407047,-7.00750841714126,2.42599428338492e-12,8.50242059366729e-12,"Downregulated"
"ENSG00000139719.14","ENSG00000139719","VPS33A","protein_coding",124.075917524186,-1.20051108660277,0.171327586906057,-7.00710906096541,2.43292622959205e-12,8.52465351045647e-12,"Downregulated"
"ENSG00000173726.13","ENSG00000173726","TOMM20","protein_coding",3742.92223075802,1.11647967180712,0.159659375669728,6.99288511635341,2.69290020500133e-12,9.42189999296942e-12,"Upregulated"
"ENSG00000291317.3","ENSG00000291317","TMEM276","protein_coding",25.5998875859293,-2.14523838893448,0.307095657431672,-6.98557057718016,2.83700597123735e-12,9.91795600181003e-12,"Downregulated"
"ENSG00000135414.10","ENSG00000135414","GDF11","protein_coding",251.161883259206,-1.12986896809494,0.161743732195164,-6.98555024519661,2.83741689094013e-12,9.91795600181003e-12,"Downregulated"
"ENSG00000080854.17","ENSG00000080854","IGSF9B","protein_coding",17.0544334853128,-2.58696755227348,0.370401511360207,-6.98422515279025,2.86432391509297e-12,1.00047679386665e-11,"Downregulated"
"ENSG00000232931.7","ENSG00000232931","LINC00342","lncRNA",16.4457262604311,-3.63698888145883,0.521167691041378,-6.97853866227114,2.98266141278573e-12,1.04055679330984e-11,"Downregulated"
"ENSG00000276855.1","ENSG00000276855","ENSG00000276855","lncRNA",12.510756854737,-2.71821826671833,0.389662053939536,-6.97583518650784,3.04059016582781e-12,1.05949104792442e-11,"Downregulated"
"ENSG00000213398.9","ENSG00000213398","LCAT","protein_coding",19.401298382526,2.58906229871646,0.371295547734699,6.97304967568967,3.10143049195388e-12,1.07991183780384e-11,"Upregulated"
"ENSG00000121380.14","ENSG00000121380","BCL2L14","protein_coding",500.686784654264,1.33489170129884,0.191450246276364,6.97252538067715,3.11301474407516e-12,1.08368507497327e-11,"Upregulated"
"ENSG00000196793.16","ENSG00000196793","ZNF239","protein_coding",25.9062769561901,-3.81773886440541,0.54756758595938,-6.97217834345771,3.12070582636718e-12,1.08610155705363e-11,"Downregulated"
"ENSG00000148180.24","ENSG00000148180","GSN","protein_coding",813.293784078321,1.28768658313984,0.184741755833872,6.97019781655527,3.16495642238504e-12,1.10123765842026e-11,"Upregulated"
"ENSG00000231684.3","ENSG00000231684","EIF1P3","processed_pseudogene",37.6907293427042,1.59028820238047,0.228360094568951,6.96394965758915,3.30862882397279e-12,1.14984769585165e-11,"Upregulated"
"ENSG00000163995.23","ENSG00000163995","ABLIM2","protein_coding",264.204064522043,1.29079674100654,0.185450143928547,6.96034370026632,3.39443573770366e-12,1.17938534430116e-11,"Upregulated"
"ENSG00000226742.6","ENSG00000226742","HSBP1L1","protein_coding",250.181204458305,1.2014870705063,0.172632602434172,6.95979237736658,3.40774582505358e-12,1.18372609052437e-11,"Upregulated"
"ENSG00000112874.12","ENSG00000112874","NUDT12","protein_coding",117.165174316313,-1.17656177153445,0.169100299709465,-6.95777460806354,3.45689679373172e-12,1.20022396585434e-11,"Downregulated"
"ENSG00000158805.14","ENSG00000158805","ZNF276","protein_coding",108.405663542442,-1.02616878095691,0.147522756905292,-6.95600328033253,3.50061713481242e-12,1.21482144438941e-11,"Downregulated"
"ENSG00000158246.9","ENSG00000158246","TENT5B","protein_coding",26.8284121703242,4.09145780838752,0.588333913361692,6.9543123649107,3.54285830280405e-12,1.22918607910549e-11,"Upregulated"
"ENSG00000154114.15","ENSG00000154114","TBCEL","protein_coding",70.4171204539081,-1.29163149694696,0.185752568585618,-6.95350544426853,3.56319194100802e-12,1.23594489251049e-11,"Downregulated"
"ENSG00000100523.19","ENSG00000100523","DDHD1","protein_coding",90.8243384386582,1.16623702112617,0.16781043771787,6.94972873550868,3.65989265042263e-12,1.26796950250836e-11,"Upregulated"
"ENSG00000241973.13","ENSG00000241973","PI4KA","protein_coding",485.409294542257,-1.07713096151282,0.155108610877983,-6.94436598597448,3.80163765429094e-12,1.31613313153331e-11,"Downregulated"
"ENSG00000103460.19","ENSG00000103460","TOX3","protein_coding",451.540970942232,1.15727540202027,0.166704534817531,6.94207511083597,3.86381670859924e-12,1.33698036227289e-11,"Upregulated"
"ENSG00000205181.9","ENSG00000205181","LINC00654","lncRNA",18.9316960180723,-4.12092214101654,0.593617838250716,-6.94204566554157,3.86462236928039e-12,1.33698036227289e-11,"Downregulated"
"ENSG00000248905.11","ENSG00000248905","FMN1","protein_coding",909.600917463423,-1.06943320454231,0.154194743319928,-6.935600925924,4.044979911352e-12,1.39670833631911e-11,"Downregulated"
"ENSG00000250067.14","ENSG00000250067","YJEFN3","protein_coding",12.6356135200409,2.67837912410571,0.386383502232619,6.93191895779549,4.1516979620707e-12,1.43287465745007e-11,"Upregulated"
"ENSG00000026559.16","ENSG00000026559","KCNG1","protein_coding",32.594645946323,-3.39360797338194,0.489784326386103,-6.92878026216527,4.24484539318355e-12,1.46397666439829e-11,"Downregulated"
"ENSG00000011478.14","ENSG00000011478","QPCTL","protein_coding",93.6835465113818,1.10209879833274,0.159063201170596,6.92868488891241,4.24770763486115e-12,1.46461525206776e-11,"Upregulated"
"ENSG00000283199.3","ENSG00000283199","C13orf46","protein_coding",15.4546711995508,-2.560740777324,0.369938664950631,-6.92206849388325,4.45095929670692e-12,1.53360204773839e-11,"Downregulated"
"ENSG00000144589.24","ENSG00000144589","STK11IP","protein_coding",118.04332819088,-1.06898613984551,0.154777616220368,-6.9065938987167,4.96428392992408e-12,1.70681856969062e-11,"Downregulated"
"ENSG00000002587.12","ENSG00000002587","HS3ST1","protein_coding",76.8147940550184,-1.26956262751023,0.18382654521765,-6.90630738888702,4.97431530051225e-12,1.70945642245728e-11,"Downregulated"
"ENSG00000169981.13","ENSG00000169981","ZNF35","protein_coding",93.0124600606708,-1.14915715860796,0.166622529150009,-6.89676938929058,5.31984348790565e-12,1.82689980632058e-11,"Downregulated"
"ENSG00000224546.2","ENSG00000224546","EIF4BP3","processed_pseudogene",108.317930919601,1.27665386677351,0.185276799340459,6.89052202606093,5.55880185442235e-12,1.90715332562237e-11,"Upregulated"
"ENSG00000213199.10","ENSG00000213199","ASIC3","protein_coding",40.4617297209252,1.83170665053142,0.265846525666363,6.89009061126572,5.57568615603173e-12,1.91249334374466e-11,"Upregulated"
"ENSG00000102967.14","ENSG00000102967","DHODH","protein_coding",114.351775818843,-1.36962379348284,0.198792227659528,-6.88972506424447,5.59003191931018e-12,1.91696030701948e-11,"Downregulated"
"ENSG00000178935.6","ENSG00000178935","ZNF552","protein_coding",53.7240928361021,-1.50342796751576,0.21822693961153,-6.8892867681325,5.60728039387088e-12,1.92196564493796e-11,"Downregulated"
"ENSG00000100100.16","ENSG00000100100","PIK3IP1","protein_coding",86.1773672562103,1.749685738302,0.254044443949519,6.88732141156245,5.68526756271791e-12,1.94639493311854e-11,"Upregulated"
"ENSG00000117707.19","ENSG00000117707","PROX1","protein_coding",443.447942176215,1.77487069125703,0.257819172401616,6.88416875565886,5.81259366729662e-12,1.9876382120449e-11,"Upregulated"
"ENSG00000232499.2","ENSG00000232499","ENSG00000232499","processed_pseudogene",43.5142739665887,-1.68199324248377,0.24441783377268,-6.88163059348649,5.91712935385139e-12,2.02147662885465e-11,"Downregulated"
"ENSG00000139531.15","ENSG00000139531","SUOX","protein_coding",138.901555238317,-1.33141642040782,0.193561678059581,-6.87851249149635,6.04807480058148e-12,2.06475147255658e-11,"Downregulated"
"ENSG00000127528.7","ENSG00000127528","KLF2","protein_coding",131.967324562585,1.84076271885434,0.26778023874396,6.87415444652881,6.23586191599921e-12,2.1273566592905e-11,"Upregulated"
"ENSG00000115129.16","ENSG00000115129","TP53I3","protein_coding",79.2254582313928,-2.50594204023841,0.364643090042392,-6.8723146239987,6.31684407836384e-12,2.15396951490938e-11,"Downregulated"
"ENSG00000020129.18","ENSG00000020129","NCDN","protein_coding",137.239810635505,-1.55647530183755,0.226681928716287,-6.86634047386115,6.58697583083287e-12,2.24502478223024e-11,"Downregulated"
"ENSG00000144554.15","ENSG00000144554","FANCD2","protein_coding",214.42416884571,-1.30860224705385,0.190660236303174,-6.86352997576806,6.71794197511595e-12,2.28912332714273e-11,"Downregulated"
"ENSG00000005469.14","ENSG00000005469","CROT","protein_coding",59.7025520470305,-1.38127796664404,0.201297059576433,-6.86188844263552,6.795612569562e-12,2.31450099548984e-11,"Downregulated"
"ENSG00000249115.11","ENSG00000249115","HAUS5","protein_coding",246.481094380556,-1.00832343974952,0.147003666649986,-6.85917203786713,6.92607894936831e-12,2.35782795711171e-11,"Downregulated"
"ENSG00000239900.16","ENSG00000239900","ADSL","protein_coding",30.8069238195218,-2.20315543253748,0.321318281236819,-6.85661402163951,7.05118051800556e-12,2.39928875480011e-11,"Downregulated"
"ENSG00000172137.21","ENSG00000172137","CALB2","protein_coding",19.9944128816437,2.32367961310337,0.339274389827234,6.84896851273284,7.43843654003052e-12,2.52513053029099e-11,"Upregulated"
"ENSG00000169955.10","ENSG00000169955","ZNF747","protein_coding",42.4230851629978,-2.27528107849426,0.332219492805505,-6.84872840928181,7.45092970697076e-12,2.52818715320581e-11,"Downregulated"
"ENSG00000132881.14","ENSG00000132881","CPLANE2","protein_coding",29.6070750877652,-1.83778417100236,0.268402730451585,-6.84711428944966,7.53545164771316e-12,2.55566967654246e-11,"Downregulated"
"ENSG00000101898.9","ENSG00000101898","MCTS2","protein_coding",42.260301092815,-1.91267017340738,0.279360161772137,-6.84661034441794,7.56203221443277e-12,2.56408448412634e-11,"Downregulated"
"ENSG00000175536.8","ENSG00000175536","LIPT2","protein_coding",21.7300232615511,-2.66094746375319,0.388877591554118,-6.8426351158958,7.77495126065589e-12,2.63381471878039e-11,"Downregulated"
"ENSG00000136274.10","ENSG00000136274","NACAD","protein_coding",10.2189871709367,3.63252117504955,0.53105612674128,6.84018315980985,7.90919912835822e-12,2.67804004131232e-11,"Upregulated"
"ENSG00000163295.5","ENSG00000163295","ALPI","protein_coding",20.3859215672013,2.15737675099191,0.315436883198055,6.83932940599513,7.9564743238177e-12,2.69341803085181e-11,"Upregulated"
"ENSG00000174529.7","ENSG00000174529","TMEM81","protein_coding",22.373622701691,2.40540753086804,0.351852239317129,6.83641387514381,8.12001366761875e-12,2.74685429671174e-11,"Upregulated"
"ENSG00000148572.18","ENSG00000148572","NRBF2","protein_coding",136.760352318562,1.05375623690268,0.154183437199677,6.83443212864688,8.23305030185517e-12,2.78249451899452e-11,"Upregulated"
"ENSG00000247675.9","ENSG00000247675","LRP4-AS1","lncRNA",8.83416350876042,4.04888656036649,0.592573389283237,6.83271748882265,8.3320944876258e-12,2.81399937810937e-11,"Upregulated"
"ENSG00000089335.24","ENSG00000089335","ZNF302","protein_coding",129.253495257357,-1.49312635612722,0.218719663549565,-6.82666721361729,8.69099826924052e-12,2.93384455899915e-11,"Downregulated"
"ENSG00000139133.8","ENSG00000139133","ALG10","protein_coding",77.9511470195541,-1.31589794287093,0.192770304787942,-6.82624818339366,8.71640859235439e-12,2.94173715231486e-11,"Downregulated"
"ENSG00000165060.17","ENSG00000165060","FXN","protein_coding",92.4423197236702,-1.13647206610001,0.166501556449854,-6.82559424867769,8.75620921659964e-12,2.9544815824671e-11,"Downregulated"
"ENSG00000170498.12","ENSG00000170498","KISS1","protein_coding",18.3774446755554,3.65335533049602,0.535280669581942,6.82512098437876,8.78512465395152e-12,2.96354810253877e-11,"Upregulated"
"ENSG00000120832.13","ENSG00000120832","MTERF2","protein_coding",58.2775657858015,-1.61631138544369,0.236941011134224,-6.82157714152771,9.00463932637636e-12,3.03477286320573e-11,"Downregulated"
"ENSG00000296618.1","ENSG00000296618","ENSG00000296618","lncRNA",47.2843259405903,1.35052640325088,0.197993816725093,6.8210534328253,9.03753165636008e-12,3.04515016889027e-11,"Upregulated"
"ENSG00000204179.13","ENSG00000204179","PTPN20","protein_coding",14.8386188525392,-2.27243491908553,0.333181887192839,-6.82040352862968,9.07851360703e-12,3.05753704840992e-11,"Downregulated"
"ENSG00000185561.11","ENSG00000185561","TLCD2","protein_coding",335.63372647158,-1.65248166685626,0.242492765302594,-6.81456069336424,9.45522503649462e-12,3.18145161896634e-11,"Downregulated"
"ENSG00000149485.21","ENSG00000149485","FADS1","protein_coding",357.838740878436,1.0363063474826,0.152130387882147,6.81196151478563,9.62768663188536e-12,3.23872875276886e-11,"Upregulated"
"ENSG00000289177.3","ENSG00000289177","ENSG00000289177","lncRNA",12.1894531737869,-3.56639781288087,0.523893703168411,-6.80748363897478,9.93206016300306e-12,3.33569909344705e-11,"Downregulated"
"ENSG00000142694.9","ENSG00000142694","EVA1B","protein_coding",41.690751171382,1.60272935095352,0.235508856987534,6.80538885651489,1.00776656126259e-11,3.38146631299316e-11,"Upregulated"
"ENSG00000213462.6","ENSG00000213462","ERV3-1","protein_coding",29.0553326066673,1.47628345342323,0.216983503765555,6.80366676638384,1.01989301887662e-11,3.42136334017593e-11,"Upregulated"
"ENSG00000147251.18","ENSG00000147251","DOCK11","protein_coding",137.39169705557,-1.26392141933771,0.185773224294815,-6.80357152725043,1.02056782057165e-11,3.42283472708269e-11,"Downregulated"
"ENSG00000096093.18","ENSG00000096093","EFHC1","protein_coding",56.9736759076885,-1.17261005176229,0.172361328820309,-6.80320846786206,1.02314423412382e-11,3.42988809644283e-11,"Downregulated"
"ENSG00000177096.11","ENSG00000177096","PHETA2","protein_coding",64.3443715791786,-1.79789075951362,0.264545101431174,-6.79615970882518,1.07444666021046e-11,3.59687710782399e-11,"Downregulated"
"ENSG00000232187.1","ENSG00000232187","FTH1P7","processed_pseudogene",97.0628961210389,1.85846372314055,0.273503331366881,6.79503139450826,1.08288944647271e-11,3.62430343147404e-11,"Upregulated"
"ENSG00000100360.17","ENSG00000100360","IFT27","protein_coding",44.7767964635759,-1.52327013162364,0.224245118052146,-6.79287979535598,1.09916962660691e-11,3.67709285059728e-11,"Downregulated"
"ENSG00000120519.18","ENSG00000120519","SLC10A7","protein_coding",86.3047145639152,-1.23902210909033,0.182411214486429,-6.79246674925519,1.10232227806333e-11,3.68678847304265e-11,"Downregulated"
"ENSG00000167920.13","ENSG00000167920","KRT10-AS1","lncRNA",43.5220149693738,1.66974357120128,0.245876376825245,6.79098818992296,1.11368043274208e-11,3.72305809257168e-11,"Upregulated"
"ENSG00000160953.19","ENSG00000160953","PWWP3A","protein_coding",211.016800929173,-1.5703333308973,0.231249008496916,-6.79065973559945,1.11621910784045e-11,3.73068434290217e-11,"Downregulated"
"ENSG00000178381.15","ENSG00000178381","ZFAND2A","protein_coding",271.47161414189,1.0047947242775,0.147983597753849,6.78990604045754,1.12206598426676e-11,3.74936136591975e-11,"Upregulated"
"ENSG00000219507.4","ENSG00000219507","FTH1P8","processed_pseudogene",32.8896778403334,2.26230021341472,0.333189242061504,6.78983570843238,1.12261312096621e-11,3.75032488451873e-11,"Upregulated"
"ENSG00000204740.12","ENSG00000204740","MALRD1","protein_coding",16.5069198981125,-7.10177073023043,1.04606011555135,-6.78906558490404,1.128621298072e-11,3.7695275067203e-11,"Downregulated"
"ENSG00000121903.17","ENSG00000121903","ZSCAN20","protein_coding",49.9859475147913,-1.48993252242424,0.219608503225689,-6.78449377205153,1.16494260447691e-11,3.88815021282344e-11,"Downregulated"
"ENSG00000049246.17","ENSG00000049246","PER3","protein_coding",53.1893920582892,1.48171202238455,0.218472010073299,6.78215951731038,1.18392643092377e-11,3.94969195141512e-11,"Upregulated"
"ENSG00000071655.20","ENSG00000071655","MBD3","protein_coding",543.550648930029,-1.1012318806714,0.162558887504431,-6.77435665054841,1.24961064078968e-11,4.16498560403038e-11,"Downregulated"
"ENSG00000164093.19","ENSG00000164093","PITX2","protein_coding",116.203345175773,-1.15248725804478,0.170229987504372,-6.77017765753628,1.28624352908519e-11,4.28314366348865e-11,"Downregulated"
"ENSG00000162989.6","ENSG00000162989","KCNJ3","protein_coding",19.1838024642338,-3.77728902264906,0.558054660770581,-6.76867211794855,1.29969708716538e-11,4.3269492734208e-11,"Downregulated"
"ENSG00000289858.1","ENSG00000289858","ENSG00000289858","lncRNA",21.074031085498,-3.1613595401306,0.467068154038708,-6.76851871144398,1.30107564620851e-11,4.33054392853782e-11,"Downregulated"
"ENSG00000196628.22","ENSG00000196628","TCF4","protein_coding",10.4994445377077,-4.82004993561453,0.712232801144741,-6.76752029374029,1.31008279874612e-11,4.35852156093408e-11,"Downregulated"
"ENSG00000145703.18","ENSG00000145703","IQGAP2","protein_coding",112.318055302386,-1.19053385444469,0.175972022398537,-6.76547236439892,1.32874957767707e-11,4.41859542902618e-11,"Downregulated"
"ENSG00000126953.10","ENSG00000126953","TIMM8A","protein_coding",88.081733663913,-1.16165738218509,0.171802048542802,-6.76160378783656,1.36472498391372e-11,4.53614551992608e-11,"Downregulated"
"ENSG00000173614.16","ENSG00000173614","NMNAT1","protein_coding",103.091303699133,-1.28594120878848,0.190402323991446,-6.75381046738828,1.44011854737430e-11,4.77688212143475e-11,"Downregulated"
"ENSG00000138346.18","ENSG00000138346","DNA2","protein_coding",113.941764922203,-1.28549318602942,0.190341208983284,-6.75362520231923,1.44195957657595e-11,4.78189432122166e-11,"Downregulated"
"ENSG00000260565.10","ENSG00000260565","ERVK13-1","lncRNA",23.8111763014625,-3.18881646619513,0.472326105252931,-6.75130260794608,1.46523632927147e-11,4.85797412120845e-11,"Downregulated"
"ENSG00000120885.24","ENSG00000120885","CLU","protein_coding",548.886420873101,2.27867253168987,0.337657911075334,6.74846481290197,1.49417624843682e-11,4.95165840209157e-11,"Upregulated"
"ENSG00000108878.7","ENSG00000108878","CACNG1","protein_coding",13.9405161893414,7.26363275901735,1.07668391282739,6.74630007236102,1.51662800742716e-11,5.0226172494594e-11,"Upregulated"
"ENSG00000185955.6","ENSG00000185955","SPACDR","protein_coding",8.18494567197734,4.43193219093997,0.657082348429752,6.74486569534409,1.53168639100262e-11,5.07016883928961e-11,"Upregulated"
"ENSG00000213963.7","ENSG00000213963","ENSG00000213963","lncRNA",53.9610292727438,-1.69846972548832,0.251887612690703,-6.74296646565903,1.5518503676901e-11,5.13574229928406e-11,"Downregulated"
"ENSG00000254910.2","ENSG00000254910","ENSG00000254910","lncRNA",14.3096604742093,2.31788454066903,0.34383877194323,6.74119596102945,1.57088167812507e-11,5.19753819164122e-11,"Upregulated"
"ENSG00000293491.2","ENSG00000293491","TMEM198B","lncRNA",37.7984821712948,-1.45921729945854,0.216566866606508,-6.73795268096055,1.60633859357909e-11,5.31000431070897e-11,"Downregulated"
"ENSG00000138670.21","ENSG00000138670","RASGEF1B","protein_coding",54.6360407948355,2.16011672927395,0.320762549883243,6.73431711420247,1.64701618841026e-11,5.44322887170843e-11,"Upregulated"
"ENSG00000228594.4","ENSG00000228594","FNDC10","protein_coding",28.9495305253831,-2.1549885845371,0.320015238531686,-6.73401864993915,1.65040009632274e-11,5.45316876331717e-11,"Downregulated"
"ENSG00000113522.16","ENSG00000113522","RAD50","protein_coding",48.7946559583692,-1.61186980666407,0.239419019996306,-6.73242170437813,1.66862183264282e-11,5.5096075640601e-11,"Downregulated"
"ENSG00000167720.15","ENSG00000167720","SRR","protein_coding",63.3661696407748,-3.06878173084005,0.455973012883163,-6.73018280497749,1.69450061215981e-11,5.5937819752665e-11,"Downregulated"
"ENSG00000163584.20","ENSG00000163584","RPL22L1","protein_coding",761.53952782555,1.06543044264208,0.158448333934059,6.72415049239633,1.76619816801871e-11,5.82383250305511e-11,"Upregulated"
"ENSG00000235385.4","ENSG00000235385","LINC02154","lncRNA",9.71160239465386,4.46095635833136,0.663579351081549,6.7225665642859,1.78551124148585e-11,5.88349907039856e-11,"Upregulated"
"ENSG00000181652.20","ENSG00000181652","ATG9B","protein_coding",24.7901246459194,3.46149020867933,0.51492586730056,6.72230786700578,1.78868516026029e-11,5.8924222219818e-11,"Upregulated"
"ENSG00000296655.1","ENSG00000296655","ENSG00000296655","lncRNA",16.8613712927302,-4.61534879975799,0.686874576073129,-6.71934725862763,1.82540414870239e-11,6.00675679450387e-11,"Downregulated"
"ENSG00000279656.1","ENSG00000279656","ENSG00000279656","TEC",13.3472152422561,2.83139808527249,0.421391939331092,6.71915578111672,1.82780419812603e-11,6.01328908949886e-11,"Upregulated"
"ENSG00000130590.15","ENSG00000130590","SAMD10","protein_coding",78.3830243883713,1.13383740343274,0.168943178418164,6.71135356898689,1.92827238564152e-11,6.3308843254909e-11,"Upregulated"
"ENSG00000105991.11","ENSG00000105991","HOXA1","protein_coding",54.6867383010542,1.19959808277675,0.178749243815572,6.71106661583677,1.93206872794926e-11,6.34191166601147e-11,"Upregulated"
"ENSG00000249264.1","ENSG00000249264","EEF1A1P9","processed_pseudogene",69.8582763382589,1.29702344475381,0.193499909909369,6.70296665957781,2.04230075481948e-11,6.69313037965716e-11,"Upregulated"
"ENSG00000309683.1","ENSG00000309683","ENSG00000309683","lncRNA",10.3353402732219,-4.45459549048502,0.664652743236691,-6.70213962977459,2.05389631227315e-11,6.72961007403627e-11,"Downregulated"
"ENSG00000105643.13","ENSG00000105643","ARRDC2","protein_coding",222.851988547581,1.0938150123603,0.163211867493732,6.70181053104064,2.05852842190904e-11,6.74326263343261e-11,"Upregulated"
"ENSG00000161682.17","ENSG00000161682","FAM171A2","protein_coding",19.6531690452352,2.74595575237571,0.409891254675308,6.69922990806647,2.09520733729359e-11,6.86186321628446e-11,"Upregulated"
"ENSG00000206530.12","ENSG00000206530","CFAP44","protein_coding",21.5874651923045,-1.95168349128276,0.291390234268998,-6.69783425027572,2.11530991521661e-11,6.92300616335119e-11,"Downregulated"
"ENSG00000081138.15","ENSG00000081138","CDH7","protein_coding",9.56823744392404,-4.01906448562371,0.600145779425883,-6.69681371327558,2.13012878382035e-11,6.96993143714711e-11,"Downregulated"
"ENSG00000120458.14","ENSG00000120458","MSANTD2","protein_coding",41.6120564632415,-1.40995877410128,0.210564766232715,-6.69608120735166,2.14082786113242e-11,7.00177778459287e-11,"Downregulated"
"ENSG00000233476.3","ENSG00000233476","EEF1A1P6","processed_pseudogene",134.435697033172,1.13180433080765,0.169069078747245,6.69433073861883,2.16660897890464e-11,7.08449849329559e-11,"Upregulated"
"ENSG00000143839.17","ENSG00000143839","REN","protein_coding",47.9260341985261,3.31572729582313,0.495333217088026,6.69393285456543,2.17251132588415e-11,7.1021958345845e-11,"Upregulated"
"ENSG00000198680.6","ENSG00000198680","TUSC1","protein_coding",51.3668103888686,-1.20884511669239,0.180665836319748,-6.69105538333734,2.21566781856308e-11,7.24001308379169e-11,"Downregulated"
"ENSG00000143578.18","ENSG00000143578","CREB3L4","protein_coding",95.5935880446077,-1.36525055946252,0.204100966882617,-6.68909403181663,2.24556414689237e-11,7.33439612728514e-11,"Downregulated"
"ENSG00000198105.18","ENSG00000198105","ZNF248","protein_coding",65.9189589502172,-1.32642884783971,0.198303764793211,-6.6888737549834,2.24894633140024e-11,7.34378779509966e-11,"Downregulated"
"ENSG00000115641.21","ENSG00000115641","FHL2","protein_coding",1458.23909783602,1.19811619289162,0.179171648561295,6.68697420887848,2.27832011658074e-11,7.43635475889371e-11,"Upregulated"
"ENSG00000187244.14","ENSG00000187244","BCAM","protein_coding",476.596985962957,1.08863184951923,0.162904105803609,6.68265446195472,2.34652417736984e-11,7.65035509076349e-11,"Upregulated"
"ENSG00000189298.16","ENSG00000189298","ZKSCAN3","protein_coding",30.7256697831566,-1.73522162947403,0.25978177059194,-6.67953577158301,2.39700328477509e-11,7.80966088196058e-11,"Downregulated"
"ENSG00000126460.13","ENSG00000126460","PRRG2","protein_coding",62.3485418063792,-2.1469871394809,0.321445509777147,-6.67916357260479,2.40309824490186e-11,7.82775899418245e-11,"Downregulated"
"ENSG00000185507.23","ENSG00000185507","IRF7","protein_coding",87.1565104485844,1.25397234562717,0.187771179543006,6.67819389897355,2.41904851596986e-11,7.8779440659405e-11,"Upregulated"
"ENSG00000160299.20","ENSG00000160299","PCNT","protein_coding",213.96202984414,-1.38983140862689,0.208256169464982,-6.67366259639468,2.49496868667158e-11,8.11424735351091e-11,"Downregulated"
"ENSG00000284946.1","ENSG00000284946","ENSG00000284946","protein_coding",14.9829414101219,2.60178244153004,0.389863762113616,6.67356829325374,2.4965732190351e-11,8.11764395114577e-11,"Upregulated"
"ENSG00000138375.16","ENSG00000138375","SMARCAL1","protein_coding",218.805194522099,-1.09162586321319,0.163576626023679,-6.67348318490913,2.49802217257129e-11,8.12053327162476e-11,"Downregulated"
"ENSG00000158156.10","ENSG00000158156","XKR8","protein_coding",52.2241582666986,1.21678837226203,0.182371192364065,6.67204264274905,2.52267238515255e-11,8.19882668886089e-11,"Upregulated"
"ENSG00000169740.16","ENSG00000169740","ZNF32","protein_coding",48.9647881258602,-1.71917443333949,0.257784064248596,-6.66904852458834,2.57467122857996e-11,8.35413549057093e-11,"Downregulated"
"ENSG00000181284.5","ENSG00000181284","TMEM102","protein_coding",61.8934333269601,-1.31167015541225,0.196680925071187,-6.66902575802663,2.57507060698181e-11,8.35413549057093e-11,"Downregulated"
"ENSG00000103174.15","ENSG00000103174","NAGPA","protein_coding",58.7495961164253,-1.45712309108077,0.21873213290781,-6.66167824411471,2.70718203483807e-11,8.77880556027597e-11,"Downregulated"
"ENSG00000125144.16","ENSG00000125144","MT1G","protein_coding",22.9395977831167,5.48692842737223,0.823707594367237,6.66125754441686,2.71494397039388e-11,8.80200626822107e-11,"Upregulated"
"ENSG00000127081.17","ENSG00000127081","ZNF484","protein_coding",113.310108093034,-1.18960325895266,0.178654790601207,-6.65866980084567,2.76316932898985e-11,8.95234739899863e-11,"Downregulated"
"ENSG00000119401.13","ENSG00000119401","TRIM32","protein_coding",474.104172420967,-1.19548085337473,0.179588865653034,-6.65676487808775,2.79920439771455e-11,9.06504360484454e-11,"Downregulated"
"ENSG00000176809.12","ENSG00000176809","LRRC37A3","protein_coding",53.324780056878,-2.25511374824227,0.338893194637146,-6.65434946445836,2.84555828297175e-11,9.21104101783037e-11,"Downregulated"
"ENSG00000255468.8","ENSG00000255468","B4GAT1-DT","lncRNA",19.7963981646117,-2.51595264061784,0.378279304610009,-6.6510449024212,2.91019472662878e-11,9.41185940154079e-11,"Downregulated"
"ENSG00000232237.5","ENSG00000232237","ASCL5","protein_coding",11.0549313173867,-3.41225475360763,0.513208235457981,-6.64886983070834,2.95352052821554e-11,9.54984816932163e-11,"Downregulated"
"ENSG00000186765.13","ENSG00000186765","FSCN2","protein_coding",38.2719590374981,-4.3855572549078,0.660093289022347,-6.64384463202645,3.05604718855416e-11,9.87034451894961e-11,"Downregulated"
"ENSG00000116151.16","ENSG00000116151","MORN1","protein_coding",40.326492414925,-2.27552815339096,0.342869889976264,-6.63671036715557,3.20761037896592e-11,1.03575511613133e-10,"Downregulated"
"ENSG00000090581.13","ENSG00000090581","GNPTG","protein_coding",129.520444152095,-1.19798254096424,0.180534234839793,-6.63576380417451,3.22826434124544e-11,1.04219217717373e-10,"Downregulated"
"ENSG00000198093.13","ENSG00000198093","ZNF649","protein_coding",61.7166241169004,-1.84782126161168,0.278699699027816,-6.63015162218476,3.35342230804339e-11,1.08091183470117e-10,"Downregulated"
"ENSG00000157036.15","ENSG00000157036","EXOG","protein_coding",54.4976111650157,-1.60093647157058,0.24159774856067,-6.62645443141849,3.43845551878898e-11,1.10782786523544e-10,"Downregulated"
"ENSG00000008300.17","ENSG00000008300","CELSR3","protein_coding",284.106432529055,-1.01071711854584,0.152556154435132,-6.62521366173795,3.4674626270687e-11,1.11692528098421e-10,"Downregulated"
"ENSG00000215041.12","ENSG00000215041","NEURL4","protein_coding",88.7405575320858,-1.04959117179015,0.158475810718766,-6.62303708704649,3.51892685922786e-11,1.13249584818855e-10,"Downregulated"
"ENSG00000135480.19","ENSG00000135480","KRT7","protein_coding",19.1871609013582,1.96734989662571,0.297110900695075,6.62160120016868,3.55328625884225e-11,1.14329983266301e-10,"Upregulated"
"ENSG00000164603.14","ENSG00000164603","SAMTOR","protein_coding",147.652750686112,1.07753205009842,0.162734750838929,6.62140105013547,3.55810165413976e-11,1.14459509815302e-10,"Upregulated"
"ENSG00000243943.12","ENSG00000243943","ZNF512","protein_coding",53.8358123235915,-2.09604790232274,0.316716328448267,-6.61806075042674,3.63941470392678e-11,1.16997333383556e-10,"Downregulated"
"ENSG00000171223.6","ENSG00000171223","JUNB","protein_coding",1034.3320698293,1.28276967428249,0.193833992820873,6.61787778095214,3.64392088570996e-11,1.1709024717452e-10,"Upregulated"
"ENSG00000164306.13","ENSG00000164306","PRIMPOL","protein_coding",52.1708881174366,-1.44445933922519,0.218280451450268,-6.61744709445173,3.65454941789542e-11,1.17405741884594e-10,"Downregulated"
"ENSG00000133943.23","ENSG00000133943","DGLUCY","protein_coding",13.0020294287371,-3.42062261915449,0.516964776076787,-6.61674214075739,3.67201184948426e-11,1.17940593357105e-10,"Downregulated"
"ENSG00000114805.20","ENSG00000114805","PLCH1","protein_coding",117.097855288836,-1.13426049112153,0.171431815590031,-6.61639432107544,3.68065775812837e-11,1.18192094462212e-10,"Downregulated"
"ENSG00000142945.15","ENSG00000142945","KIF2C","protein_coding",983.981690248587,1.0013837036921,0.151367439185301,6.61558198435419,3.70092804036934e-11,1.18816679576944e-10,"Upregulated"
"ENSG00000135931.21","ENSG00000135931","ARMC9","protein_coding",23.8060200561967,-1.71363871847457,0.259047694689494,-6.61514753307731,3.71181371950417e-11,1.19139766164019e-10,"Downregulated"
"ENSG00000204983.15","ENSG00000204983","PRSS1","protein_coding",18.6547768348457,-2.8974105787046,0.438013838160169,-6.61488365498876,3.71844077820819e-11,1.19299631963235e-10,"Downregulated"
"ENSG00000160051.14","ENSG00000160051","IQCC","protein_coding",17.1593080916256,-3.0041951489601,0.454514498905016,-6.60967946280614,3.85153052171031e-11,1.23460252865795e-10,"Downregulated"
"ENSG00000204175.8","ENSG00000204175","GPRIN2","protein_coding",356.959960793396,1.77572017321193,0.268705872525895,6.60841594759267,3.88453982412256e-11,1.24463301196516e-10,"Upregulated"
"ENSG00000107864.17","ENSG00000107864","CPEB3","protein_coding",114.090252191207,1.03986820423717,0.157406839581752,6.60624536392588,3.94189367275969e-11,1.26273039579207e-10,"Upregulated"
"ENSG00000152582.16","ENSG00000152582","SPEF2","protein_coding",11.7474299283663,-3.34613415188689,0.506613273890904,-6.60490817026531,3.97763825701792e-11,1.27361762308227e-10,"Downregulated"
"ENSG00000173137.14","ENSG00000173137","ADCK5","protein_coding",73.3932198769785,-2.43477592781855,0.368765346609099,-6.60250739449083,4.04261104852073e-11,1.29413561553264e-10,"Downregulated"
"ENSG00000174365.23","ENSG00000174365","SNHG11","lncRNA",66.3933575189611,-1.12218677503791,0.170064416307576,-6.59859833939826,4.15063126274851e-11,1.32783550242277e-10,"Downregulated"
"ENSG00000231412.4","ENSG00000231412","LINC03078","lncRNA",162.664387875128,2.30905179196059,0.350027061708395,6.59678077657962,4.20181353697536e-11,1.34331969507714e-10,"Upregulated"
"ENSG00000169884.15","ENSG00000169884","WNT10B","protein_coding",25.508348510674,-1.78747899401168,0.271120702150229,-6.59292698726204,4.3123868763727e-11,1.37745449884049e-10,"Downregulated"
"ENSG00000277639.4","ENSG00000277639","CHD9NB","protein_coding",32.3428659604395,-4.99881135478327,0.75848035088193,-6.59056144166537,4.38166418150218e-11,1.3986580907121e-10,"Downregulated"
"ENSG00000105376.7","ENSG00000105376","ICAM5","protein_coding",9.12598948191283,3.04675342804672,0.462553120342002,6.58681845188724,4.49351170182669e-11,1.43341341806895e-10,"Upregulated"
"ENSG00000144134.21","ENSG00000144134","RABL2A","protein_coding",22.5166079234235,-2.22173180618356,0.337307612584637,-6.58666369596412,4.49819573548918e-11,1.4345918265561e-10,"Downregulated"
"ENSG00000287222.2","ENSG00000287222","ENSG00000287222","lncRNA",22.0637429936931,-3.52746667634211,0.535597501920632,-6.5860401956558,4.51711580732368e-11,1.43999213109843e-10,"Downregulated"
"ENSG00000164849.12","ENSG00000164849","GPR146","protein_coding",38.2307045978849,1.81224307446494,0.275202110869705,6.58513508031539,4.54472009061347e-11,1.44847335722829e-10,"Upregulated"
"ENSG00000286177.1","ENSG00000286177","ENSG00000286177","lncRNA",17.511672963506,1.99979649048557,0.303911298761743,6.58019790193238,4.69822500589431e-11,1.49673943252188e-10,"Upregulated"
"ENSG00000204257.17","ENSG00000204257","HLA-DMA","protein_coding",27.6010828192476,1.61186800730256,0.245117423977413,6.57590138288616,4.83593001818442e-11,1.53925538817326e-10,"Upregulated"
"ENSG00000181260.8","ENSG00000181260","MTHFD2P7","processed_pseudogene",85.6141558906708,1.05679642357217,0.160780459909096,6.572915789454,4.93393661148388e-11,1.56941636026392e-10,"Upregulated"
"ENSG00000225402.1","ENSG00000225402","ENSG00000225402","processed_pseudogene",108.37739717064,1.04601115013802,0.15922872187903,6.56923661632287,5.05738649372805e-11,1.60727291813831e-10,"Upregulated"
"ENSG00000184831.16","ENSG00000184831","APOO","protein_coding",78.7334533774803,-1.26624404667337,0.192812508657206,-6.56722976891805,5.12599202355386e-11,1.62764847513897e-10,"Downregulated"
"ENSG00000239569.6","ENSG00000239569","KMT2E-AS1","lncRNA",46.1134828690755,1.4541059722188,0.221558582104592,6.56307671951227,5.27087106936522e-11,1.67291860572144e-10,"Upregulated"
"ENSG00000080823.25","ENSG00000080823","MOK","protein_coding",57.8332683998883,1.0065542211615,0.153383695446883,6.56232866360999,5.2973893617658e-11,1.68096708190738e-10,"Upregulated"
"ENSG00000168404.15","ENSG00000168404","MLKL","protein_coding",85.919539190509,-1.72666731395732,0.263126873624229,-6.56210933598206,5.30518915328328e-11,1.68307358164145e-10,"Downregulated"
"ENSG00000187699.12","ENSG00000187699","AKAP19","protein_coding",17.3694635825201,-3.33650837541969,0.508680286518058,-6.55914621393774,5.41167212763234e-11,1.71647959014331e-10,"Downregulated"
"ENSG00000177034.19","ENSG00000177034","MTX3","protein_coding",215.106482632357,-1.7024626996833,0.259571879782139,-6.55873317676856,5.426680111439e-11,1.72086319857711e-10,"Downregulated"
"ENSG00000111271.17","ENSG00000111271","ACAD10","protein_coding",203.71044103676,-1.04606421001202,0.159610957641953,-6.55383706398533,5.60771520445485e-11,1.77593987637587e-10,"Downregulated"
"ENSG00000274425.1","ENSG00000274425","ENSG00000274425","lncRNA",23.0555972618986,-3.96865166962976,0.605730992321773,-6.55183855529313,5.68329667984276e-11,1.79948296885037e-10,"Downregulated"
"ENSG00000101213.9","ENSG00000101213","PTK6","protein_coding",325.610661889789,1.12165396509864,0.171202776039938,6.55161085026434,5.6919712194166e-11,1.80183588710759e-10,"Upregulated"
"ENSG00000234432.4","ENSG00000234432","LINC02983","lncRNA",17.0761068581664,-4.22761572783825,0.645577305534033,-6.54858169826942,5.80860778236197e-11,1.83835649665843e-10,"Downregulated"
"ENSG00000164638.13","ENSG00000164638","SLC29A4","protein_coding",121.971606705625,1.09921276821824,0.168004872859422,6.54274337112833,6.04004286166668e-11,1.91035140007144e-10,"Upregulated"
"ENSG00000172059.13","ENSG00000172059","KLF11","protein_coding",704.9671351115,1.23190213636218,0.188295897539438,6.54237374504756,6.05499486493009e-11,1.91466256998837e-10,"Upregulated"
"ENSG00000137757.13","ENSG00000137757","CASP5","protein_coding",24.0334870493695,-5.66608292157981,0.866138247199359,-6.5417766042557,6.07922674524959e-11,1.92190562810116e-10,"Downregulated"
"ENSG00000186472.22","ENSG00000186472","PCLO","protein_coding",40.2093986397825,-3.56616514785144,0.545281593349675,-6.54004314714609,6.15010875388618e-11,1.94304286159404e-10,"Downregulated"
"ENSG00000180938.8","ENSG00000180938","ZNF572","protein_coding",20.0754641533262,-3.51032923794592,0.537008672805919,-6.53682038244211,6.28404412276836e-11,1.98362812953951e-10,"Downregulated"
"ENSG00000126106.15","ENSG00000126106","TMEM53","protein_coding",119.120109760389,1.0220155827126,0.156375081386297,6.53566779087962,6.33263406400867e-11,1.99853076776162e-10,"Upregulated"
"ENSG00000119508.19","ENSG00000119508","NR4A3","protein_coding",18.8471413186771,4.55609588107758,0.697224580825433,6.53461740503137,6.37723521969959e-11,2.01216836063328e-10,"Upregulated"
"ENSG00000131471.8","ENSG00000131471","AOC3","protein_coding",15.0209389104904,5.78356754373312,0.88507155577455,6.53457622267814,6.37899013655426e-11,2.01228395861873e-10,"Upregulated"
"ENSG00000148204.14","ENSG00000148204","CRB2","protein_coding",46.6895608598684,-4.66982941441353,0.714668921072099,-6.53425562064202,6.39266821506235e-11,2.01615990800182e-10,"Downregulated"
"ENSG00000139737.24","ENSG00000139737","SLAIN1","protein_coding",32.1396321209485,-1.72608391489972,0.264259352558997,-6.53177985257631,6.49926417578964e-11,2.04710576908375e-10,"Downregulated"
"ENSG00000119900.10","ENSG00000119900","OGFRL1","protein_coding",129.685324085406,-1.39678241771737,0.21387191540485,-6.53092957564498,6.53627296917408e-11,2.05831525139658e-10,"Downregulated"
"ENSG00000183023.21","ENSG00000183023","SLC8A1","protein_coding",35.6404813701091,-3.63346095861458,0.556390924585499,-6.53041018115354,6.55898123570809e-11,2.06501751179408e-10,"Downregulated"
"ENSG00000218510.9","ENSG00000218510","LINC00339","lncRNA",13.6668075622185,-3.15317727012208,0.482862809474603,-6.5301721487994,6.56941393197316e-11,2.0669549870203e-10,"Downregulated"
"ENSG00000166704.15","ENSG00000166704","ZNF606","protein_coding",35.7578161312617,-1.92046118674458,0.294119632844989,-6.52952394972127,6.59790612769808e-11,2.07546897335795e-10,"Downregulated"
"ENSG00000167680.20","ENSG00000167680","SEMA6B","protein_coding",9.07520239074659,4.30965173280357,0.660257558991283,6.52722816136736,6.69979504185642e-11,2.1061481506851e-10,"Upregulated"
"ENSG00000159871.16","ENSG00000159871","LYPD5","protein_coding",20.1516262661249,1.86894170407633,0.286454640688902,6.52438968899813,6.82789790714472e-11,2.14455779086132e-10,"Upregulated"
"ENSG00000179277.9","ENSG00000179277","MEIS3P1","processed_pseudogene",15.1391097364813,-2.35429200580451,0.360861086944174,-6.52409497998526,6.84133486547296e-11,2.14831256490648e-10,"Downregulated"
"ENSG00000174007.11","ENSG00000174007","CEP19","protein_coding",14.9105030775701,-3.40249157723285,0.521653240131613,-6.52251594636774,6.91377097531185e-11,2.16964852694282e-10,"Downregulated"
"ENSG00000103021.12","ENSG00000103021","CFAP263","protein_coding",93.0594623164848,-1.5270402590027,0.234186549381727,-6.5206147109397,7.00198338544192e-11,2.19685523320685e-10,"Downregulated"
"ENSG00000164488.13","ENSG00000164488","DACT2","protein_coding",46.4842714839579,1.23642522636651,0.189644477499336,6.51970066658462,7.04478354335216e-11,2.20980526212683e-10,"Upregulated"
"ENSG00000127585.15","ENSG00000127585","FBXL16","protein_coding",121.184151822708,1.07624915281557,0.165135829014144,6.51735700992781,7.15569780020466e-11,2.24362554133635e-10,"Upregulated"
"ENSG00000235071.1","ENSG00000235071","ENSG00000235071","processed_pseudogene",51.5404385549427,1.28133564112762,0.196878406418459,6.50825890171105,7.60268067386063e-11,2.3791416179138e-10,"Upregulated"
"ENSG00000128833.15","ENSG00000128833","MYO5C","protein_coding",621.335598834743,-2.32542923955271,0.357386081616872,-6.50677057436624,7.67835412259557e-11,2.40178519198478e-10,"Downregulated"
"ENSG00000226564.1","ENSG00000226564","FTH1P20","processed_pseudogene",26.7690516170176,1.93396267504916,0.2972374070649,6.50645789891073,7.69434536010772e-11,2.40626786704102e-10,"Upregulated"
"ENSG00000198718.15","ENSG00000198718","TOGARAM1","protein_coding",62.8410527180824,-1.27021736361573,0.195241613683772,-6.50587413026134,7.72428839170257e-11,2.4151108386743e-10,"Downregulated"
"ENSG00000049541.13","ENSG00000049541","RFC2","protein_coding",318.37593136077,-1.02479392651359,0.157546833981507,-6.5046938781003,7.78517511802648e-11,2.4330980765676e-10,"Downregulated"
"ENSG00000002822.18","ENSG00000002822","MAD1L1","protein_coding",40.7680928537199,1.74089625618361,0.267663845038387,6.50403963200161,7.81912822154707e-11,2.44318253960026e-10,"Upregulated"
"ENSG00000234753.8","ENSG00000234753","FOXP4-AS1","lncRNA",23.1979991406486,1.77113804897581,0.272339537687014,6.50341872508901,7.85148503489422e-11,2.45276398201524e-10,"Upregulated"
"ENSG00000303324.1","ENSG00000303324","ENSG00000303324","lncRNA",21.2479458712781,-2.11653086471284,0.325450951541255,-6.50337894140261,7.85356270711114e-11,2.45288428343652e-10,"Downregulated"
"ENSG00000204839.10","ENSG00000204839","MROH6","protein_coding",125.16211768788,1.18295756221887,0.181974347622002,6.50068307801338,7.99561170648468e-11,2.49563654642205e-10,"Upregulated"
"ENSG00000040531.18","ENSG00000040531","CTNS","protein_coding",140.174396643507,-1.48622226969571,0.228700138891142,-6.49856303936539,8.10908151083588e-11,2.52996360075422e-10,"Downregulated"
"ENSG00000122970.18","ENSG00000122970","IFT81","protein_coding",64.6301129515783,-1.70580718056642,0.262818215803194,-6.49044502244007,8.55831929796576e-11,2.668398521216e-10,"Downregulated"
"ENSG00000232803.1","ENSG00000232803","SLCO4A1-AS1","lncRNA",15.8203230764003,1.9574444791855,0.301632823872187,6.48949426013047,8.61249876835783e-11,2.68413617529122e-10,"Upregulated"
"ENSG00000159921.22","ENSG00000159921","GNE","protein_coding",847.974467399787,2.00621998436544,0.309157069142357,6.48932269260724,8.62231124954315e-11,2.68661652608857e-10,"Upregulated"
"ENSG00000171428.17","ENSG00000171428","NAT1","protein_coding",56.7835708716727,-1.51317138029744,0.23320709314197,-6.48853068708447,8.66775039814864e-11,2.69961398602987e-10,"Downregulated"
"ENSG00000187650.5","ENSG00000187650","VMAC","protein_coding",32.1418145713833,-1.64641569950462,0.253788348206679,-6.48735732407943,8.73549957479571e-11,2.72013020708937e-10,"Downregulated"
"ENSG00000163521.18","ENSG00000163521","GLB1L","protein_coding",14.9604478340256,-3.23309382077889,0.498468910610513,-6.48604908342042,8.81164702531151e-11,2.74266298734567e-10,"Downregulated"
"ENSG00000233041.10","ENSG00000233041","PHGR1","protein_coding",1582.81690655208,-1.57915129878645,0.243720073914679,-6.47936492641665,9.21094825168853e-11,2.86510113894548e-10,"Downregulated"
"ENSG00000151611.19","ENSG00000151611","MMAA","protein_coding",73.2234256949458,1.22088587634851,0.188504933883361,6.47667862690503,9.37636011718452e-11,2.91467633672754e-10,"Upregulated"
"ENSG00000229155.3","ENSG00000229155","LINC02038","lncRNA",15.8415781576684,-2.72898129452407,0.421819266700681,-6.46955108492122,9.8294496314662e-11,3.05290150148324e-10,"Downregulated"
"ENSG00000178093.15","ENSG00000178093","TSSK6","protein_coding",13.101308366651,-3.033495885481,0.469239695923052,-6.46470431175637,1.01497078014099e-10,3.14966949588933e-10,"Downregulated"
"ENSG00000107731.14","ENSG00000107731","UNC5B","protein_coding",97.6783813329723,1.10296925486737,0.170680215773346,6.46219744842629,1.03193326134623e-10,3.20162209878602e-10,"Upregulated"
"ENSG00000170684.11","ENSG00000170684","ZNF296","protein_coding",66.1977712607564,1.09552763716528,0.169685917044158,6.45620836571955,1.07358768619804e-10,3.32729528408513e-10,"Upregulated"
"ENSG00000105204.15","ENSG00000105204","DYRK1B","protein_coding",74.6258558596829,-1.26305014818003,0.195985411975458,-6.44461307323319,1.15895702668742e-10,3.58497443559318e-10,"Downregulated"
"ENSG00000159128.18","ENSG00000159128","IFNGR2","protein_coding",730.552622265009,1.01546406925911,0.15760249577118,6.44319789664657,1.16981998116639e-10,3.61780434636433e-10,"Upregulated"
"ENSG00000204219.13","ENSG00000204219","TCEA3","protein_coding",246.170269183734,-1.03590266432086,0.160790660326368,-6.44255494826761,1.17478809937333e-10,3.63161884302865e-10,"Downregulated"
"ENSG00000247081.9","ENSG00000247081","BAALC-AS1","lncRNA",26.31120777548,-4.07930471912444,0.633227642686247,-6.44208250577853,1.17845184276016e-10,3.64216764881218e-10,"Downregulated"
"ENSG00000060656.22","ENSG00000060656","PTPRU","protein_coding",544.964996195381,1.40044695715326,0.217440887006046,6.4405870323474,1.19012286899052e-10,3.67588674710372e-10,"Upregulated"
"ENSG00000241388.7","ENSG00000241388","HNF1A-AS1","lncRNA",86.0715823505934,1.53680391306649,0.238710267179913,6.43794643281187,1.21100720270606e-10,3.7395943706832e-10,"Upregulated"
"ENSG00000110427.19","ENSG00000110427","KIAA1549L","protein_coding",27.5757358607316,-1.69254024460288,0.262935036174405,-6.4371042719473,1.21774282504108e-10,3.75959288889974e-10,"Downregulated"
"ENSG00000133134.14","ENSG00000133134","BEX2","protein_coding",52.2593989873013,-1.38543449997594,0.215281911664028,-6.43544313252878,1.2311361762281e-10,3.7993239918862e-10,"Downregulated"
"ENSG00000004777.20","ENSG00000004777","ARHGAP33","protein_coding",97.8338919582369,1.45677519178539,0.22676486126234,6.42416635309326,1.32594139924047e-10,4.08667434236344e-10,"Upregulated"
"ENSG00000237264.4","ENSG00000237264","FTH1P11","processed_pseudogene",63.4915774248017,1.69785908488949,0.264434556609785,6.42071560788839,1.35635213455384e-10,4.1768497947204e-10,"Upregulated"
"ENSG00000177058.14","ENSG00000177058","SLC38A9","protein_coding",158.29770594056,-1.08674613932519,0.169396620175132,-6.41539446419678,1.40458689974591e-10,4.3235499896172e-10,"Downregulated"
"ENSG00000104976.15","ENSG00000104976","SNAPC2","protein_coding",155.591676307728,1.06266802532093,0.165827629144487,6.4082688198781,1.4718123625293e-10,4.5275960003767e-10,"Upregulated"
"ENSG00000188985.6","ENSG00000188985","DHFRP1","processed_pseudogene",23.8760609485692,-4.35487608665025,0.680135564817947,-6.40295304630324,1.52400072577822e-10,4.6861486352595e-10,"Downregulated"
"ENSG00000107099.19","ENSG00000107099","DOCK8","protein_coding",79.3433478589171,-1.62582913785674,0.253923918848476,-6.40281996760976,1.52533017820847e-10,4.6892416085272e-10,"Downregulated"
"ENSG00000229404.7","ENSG00000229404","LINC00858","lncRNA",12.739566595316,-3.22692907297108,0.504197051522965,-6.40013475529836,1.55239879978384e-10,4.76942196448322e-10,"Downregulated"
"ENSG00000186446.14","ENSG00000186446","ZNF501","protein_coding",30.6749207696532,-1.52804744305764,0.23881721641803,-6.39839734327578,1.5701625216472e-10,4.82297483334279e-10,"Downregulated"
"ENSG00000103351.15","ENSG00000103351","CLUAP1","protein_coding",94.174197304266,-1.06124595221846,0.165925680550758,-6.39591140259821,1.59592525366069e-10,4.89899359797727e-10,"Downregulated"
"ENSG00000141540.13","ENSG00000141540","TTYH2","protein_coding",51.0535146920339,1.22043279979987,0.190876837121942,6.39382346334772,1.61788211447518e-10,4.96429125618765e-10,"Upregulated"
"ENSG00000136167.17","ENSG00000136167","LCP1","protein_coding",14.7663919031068,2.38871140327638,0.373677417966446,6.39244248762946,1.63256640742967e-10,5.0072280161843e-10,"Upregulated"
"ENSG00000131016.19","ENSG00000131016","AKAP12","protein_coding",17.35867177728,2.62349968219163,0.410763772920347,6.38688184096598,1.69302350669278e-10,5.1882631970801e-10,"Upregulated"
"ENSG00000237945.10","ENSG00000237945","LINC00649","lncRNA",56.2647616779706,-1.25212277309195,0.196075639582833,-6.38591706627065,1.70373322356713e-10,5.21887589852775e-10,"Downregulated"
"ENSG00000187372.11","ENSG00000187372","PCDHB13","protein_coding",17.0109303472286,-2.4951981737375,0.39082623218154,-6.38441836365394,1.72050134813269e-10,5.26912627581127e-10,"Downregulated"
"ENSG00000198774.6","ENSG00000198774","RASSF9","protein_coding",16.4403896423473,-2.02964416981448,0.317956897397137,-6.38339405884753,1.73205436037335e-10,5.30226696039936e-10,"Downregulated"
"ENSG00000203705.13","ENSG00000203705","TATDN3","protein_coding",76.2212398961886,-1.11861805181146,0.175308932132555,-6.38083888940493,1.76120519604983e-10,5.38922839973693e-10,"Downregulated"
"ENSG00000150967.21","ENSG00000150967","ABCB9","protein_coding",53.7193068086482,1.11052843610262,0.174276173707221,6.37223329201778,1.86295211517389e-10,5.68855921894227e-10,"Upregulated"
"ENSG00000140025.18","ENSG00000140025","EFCAB11","protein_coding",57.5181628168547,-1.49209722814938,0.234422894854776,-6.36498081415524,1.95314148417033e-10,5.95767762336274e-10,"Downregulated"
"ENSG00000258441.1","ENSG00000258441","LINC00641","lncRNA",54.3262822626383,1.11556693770427,0.175359563356282,6.36159737372151,1.99666265211618e-10,6.08658711705251e-10,"Upregulated"
"ENSG00000185133.16","ENSG00000185133","INPP5J","protein_coding",81.23802439654,-1.68196445297754,0.264425918091527,-6.3608154038643,2.00685511116e-10,6.11637103489605e-10,"Downregulated"
"ENSG00000162927.17","ENSG00000162927","PUS10","protein_coding",80.142031802356,1.33193486681365,0.209718841667952,6.35105008315132,2.13850065040145e-10,6.50937858131018e-10,"Upregulated"
"ENSG00000259583.5","ENSG00000259583","ALDH1A3-AS1","lncRNA",27.5625283141654,-2.96370460892438,0.466708082903598,-6.35023201330874,2.14990428636124e-10,6.53996912635329e-10,"Downregulated"
"ENSG00000144026.16","ENSG00000144026","ZNF514","protein_coding",101.402269128554,-1.72974982510927,0.272649469324588,-6.34422590072973,2.23546606096101e-10,6.79596688807362e-10,"Downregulated"
"ENSG00000236204.8","ENSG00000236204","LINC01376","lncRNA",22.7243971992649,-1.8213010162833,0.287128602313073,-6.34315425774765,2.2510782586588e-10,6.83769149538532e-10,"Downregulated"
"ENSG00000168907.15","ENSG00000168907","PLA2G4F","protein_coding",151.557412135831,-1.33606899944025,0.210744153725021,-6.33976779817844,2.30111709002893e-10,6.98236785358024e-10,"Downregulated"
"ENSG00000136936.13","ENSG00000136936","XPA","protein_coding",101.606036581657,-1.0172035279143,0.160462466424687,-6.3391991322265,2.30962564994833e-10,7.00525218063022e-10,"Downregulated"
"ENSG00000156875.16","ENSG00000156875","SLC71A1","protein_coding",34.0230344399645,1.58510606580142,0.250314908787309,6.33244768951528,2.41302110311339e-10,7.31120673767914e-10,"Upregulated"
"ENSG00000101605.16","ENSG00000101605","MYOM1","protein_coding",34.2613429221971,1.6362390322917,0.258633992529869,6.32646550550674,2.50840341319193e-10,7.59702868630667e-10,"Upregulated"
"ENSG00000022976.18","ENSG00000022976","ZNF839","protein_coding",55.6888637267952,-1.54075735830986,0.243749721755431,-6.32106304455926,2.59770008974026e-10,7.86254588565495e-10,"Downregulated"
"ENSG00000072182.14","ENSG00000072182","ASIC4","protein_coding",9.62643454755075,5.84178055626391,0.924604465200706,6.31814010869591,2.64729954933479e-10,8.00932464905214e-10,"Upregulated"
"ENSG00000286134.3","ENSG00000286134","ENSG00000286134","lncRNA",12.7288920700045,-6.49553256173674,1.02828685665499,-6.31684876617666,2.66950586387481e-10,8.07482341458437e-10,"Downregulated"
"ENSG00000230551.4","ENSG00000230551","ENSG00000230551","lncRNA",40.0710818651329,1.29123956817196,0.204542137761081,6.31282914271784,2.73979930324737e-10,8.28399155073251e-10,"Upregulated"
"ENSG00000290849.2","ENSG00000290849","ENSG00000290849","lncRNA",81.2183755629063,-1.16792368695487,0.185012096710679,-6.31268823887372,2.74229588098098e-10,8.28981057721661e-10,"Downregulated"
"ENSG00000237943.8","ENSG00000237943","PRKCQ-AS1","lncRNA",10.0692997727119,-3.17695115558225,0.503344007173171,-6.31168964030052,2.76005313619778e-10,8.34001043573356e-10,"Downregulated"
"ENSG00000150471.19","ENSG00000150471","ADGRL3","protein_coding",9.88567428918889,-4.46598187945619,0.707728229072589,-6.31030626729195,2.78483816548383e-10,8.41314877927697e-10,"Downregulated"
"ENSG00000170442.13","ENSG00000170442","KRT86","protein_coding",9.3309893037315,6.87113370956493,1.08932996331323,6.30766979792438,2.8326774177275e-10,8.55589019126865e-10,"Upregulated"
"ENSG00000162086.18","ENSG00000162086","ZNF75A","protein_coding",34.0874972463991,-2.62353279502668,0.415950705087786,-6.30731661934073,2.83914655685166e-10,8.57364282181585e-10,"Downregulated"
"ENSG00000177173.5","ENSG00000177173","NAP1L4P1","processed_pseudogene",17.3756170276179,2.12431894996899,0.336910033815466,6.30530033763415,2.87635582624342e-10,8.67696682637793e-10,"Upregulated"
"ENSG00000188266.15","ENSG00000188266","HYKK","protein_coding",53.6148390421257,1.12140577975544,0.177895279381759,6.30374107538249,2.90545720715104e-10,8.7611081660493e-10,"Upregulated"
"ENSG00000279873.3","ENSG00000279873","LINC01126","lncRNA",14.7731978268604,2.15165895766634,0.341390459071873,6.30263354024593,2.92630219204278e-10,8.81662606384282e-10,"Upregulated"
"ENSG00000100726.17","ENSG00000100726","TELO2","protein_coding",262.679211111143,-1.18959754634577,0.188926052196021,-6.29663052034505,3.04185162898341e-10,9.14954624475458e-10,"Downregulated"
"ENSG00000127423.12","ENSG00000127423","AUNIP","protein_coding",115.288629193217,1.1530633295936,0.183298978297487,6.29061514855922,3.16210389515415e-10,9.49942156894152e-10,"Upregulated"
"ENSG00000188536.15","ENSG00000188536","HBA2","protein_coding",19.2170071153173,-2.05708395189866,0.327114238200396,-6.28857968156816,3.20383612315971e-10,9.61880942548799e-10,"Downregulated"
"ENSG00000140807.8","ENSG00000140807","NKD1","protein_coding",4736.21510176792,1.29754264442072,0.206332551267001,6.28859884905729,3.20344064416575e-10,9.61880942548799e-10,"Upregulated"
"ENSG00000164002.14","ENSG00000164002","EXO5","protein_coding",53.41478057476,-2.42870999437427,0.386265192505064,-6.28767500023298,3.22255655708969e-10,9.67300945015404e-10,"Downregulated"
"ENSG00000176473.16","ENSG00000176473","WDR25","protein_coding",49.3063398458266,-1.41094341490563,0.22442573765641,-6.28690554675035,3.23856275885181e-10,9.71501790546064e-10,"Downregulated"
"ENSG00000197863.11","ENSG00000197863","ZNF790","protein_coding",10.9984716469245,-3.04896977724339,0.485146907380751,-6.28463199673766,3.28631212716718e-10,9.85621592444261e-10,"Downregulated"
"ENSG00000116885.20","ENSG00000116885","OSCP1","protein_coding",10.8346154247461,-3.65089088656419,0.581338769408401,-6.28014348721232,3.38260696298047e-10,1.01324390466129e-09,"Downregulated"
"ENSG00000132773.14","ENSG00000132773","TOE1","protein_coding",152.776810291805,-1.03100278990696,0.164185225139415,-6.27951016318001,3.39641394840127e-10,1.01716947592955e-09,"Downregulated"
"ENSG00000198915.14","ENSG00000198915","RASGEF1A","protein_coding",7.29601063840277,4.52658411663565,0.720866444350512,6.27936582720816,3.39956828209719e-10,1.01790379223455e-09,"Upregulated"
"ENSG00000270959.3","ENSG00000270959","LPP-AS2","lncRNA",12.5378437178967,-6.66637063416429,1.06225654246809,-6.27566916996844,3.48133721971505e-10,1.04109655361351e-09,"Downregulated"
"ENSG00000123643.16","ENSG00000123643","SLC36A1","protein_coding",161.599515863818,-1.31545318509319,0.209730068825429,-6.27212489110522,3.56153713006382e-10,1.0646410084341e-09,"Downregulated"
"ENSG00000260267.1","ENSG00000260267","ENSG00000260267","lncRNA",54.9951551805534,-1.55323830023662,0.247715681576129,-6.27024615621387,3.60477773133915e-10,1.07734458409088e-09,"Downregulated"
"ENSG00000253846.4","ENSG00000253846","PCDHGA10","protein_coding",15.7162719686904,-2.20159596152317,0.35127707587837,-6.26740573952362,3.67112707261891e-10,1.09626980293413e-09,"Downregulated"
"ENSG00000167131.19","ENSG00000167131","DNAAF19","protein_coding",10.465974694864,-4.26560725429462,0.680782435552208,-6.2657422276687,3.7105370960965e-10,1.10781012766029e-09,"Downregulated"
"ENSG00000259032.2","ENSG00000259032","ENSAP2","processed_pseudogene",45.9299220852474,-1.85575860589811,0.296212507129657,-6.26495695229308,3.72928415707148e-10,1.11294864094481e-09,"Downregulated"
"ENSG00000184675.11","ENSG00000184675","AMER1","protein_coding",130.472499189084,-1.18109694011752,0.188633502440793,-6.2613317615106,3.81703476660198e-10,1.1381989266995e-09,"Downregulated"
"ENSG00000162066.18","ENSG00000162066","AMDHD2","protein_coding",10.3109738340446,-3.00693990957138,0.480470030817174,-6.25832979521581,3.8912226421328e-10,1.15960515175382e-09,"Downregulated"
"ENSG00000206077.15","ENSG00000206077","ZDHHC11B","protein_coding",39.9449169280278,1.45078278382391,0.231831100894334,6.25792992496361,3.90121029887381e-10,1.16234250927794e-09,"Upregulated"
"ENSG00000261659.2","ENSG00000261659","ENSG00000261659","lncRNA",10.0617276955686,-6.95178409023232,1.11110954414442,-6.25661450472499,3.93424275940288e-10,1.17194339299623e-09,"Downregulated"
"ENSG00000174804.5","ENSG00000174804","FZD4","protein_coding",45.1597754401526,1.29372413929006,0.206851070239566,6.25437488813436,3.99111260716128e-10,1.1886396198722e-09,"Upregulated"
"ENSG00000101888.14","ENSG00000101888","NXT2","protein_coding",71.3299584852518,-1.41088481495988,0.2257905564717,-6.24864403988801,4.14031294547833e-10,1.23180897569025e-09,"Downregulated"
"ENSG00000205885.9","ENSG00000205885","C1RL-AS1","lncRNA",20.6767280094756,-1.98022346330037,0.316996656051569,-6.24682760999922,4.18872923473517e-10,1.24519105784168e-09,"Downregulated"
"ENSG00000215375.9","ENSG00000215375","MYL5","protein_coding",28.4441971542458,-2.74228740095264,0.439104391053298,-6.24518327948078,4.23303457305426e-10,1.25810371272974e-09,"Downregulated"
"ENSG00000223546.10","ENSG00000223546","LINC00630","lncRNA",38.110729851077,-1.3873281150389,0.222187566757329,-6.24395025917054,4.26655723251984e-10,1.26780700048549e-09,"Downregulated"
"ENSG00000160712.15","ENSG00000160712","IL6R","protein_coding",90.0398743133759,3.50779503346853,0.562729953158789,6.23353175671229,4.5603485486766e-10,1.35344196533732e-09,"Upregulated"
"ENSG00000213918.12","ENSG00000213918","DNASE1","protein_coding",155.103918625868,-1.08242444549631,0.17374894471573,-6.22981881856757,4.66974914929111e-10,1.38477603174804e-09,"Downregulated"
"ENSG00000198298.15","ENSG00000198298","ZNF485","protein_coding",32.1394122512453,-1.64045706406455,0.263336514520282,-6.22950853227842,4.67900675155378e-10,1.38723743542384e-09,"Downregulated"
"ENSG00000124508.19","ENSG00000124508","BTN2A2","protein_coding",57.4316737887485,1.11829268762623,0.179664470034978,6.22433966720584,4.83588388333411e-10,1.43199078948259e-09,"Upregulated"
"ENSG00000244687.15","ENSG00000244687","UBE2V1","protein_coding",40.3278121971826,1.59456000168106,0.256307830392871,6.22126916386794,4.93149303087549e-10,1.45881194128287e-09,"Upregulated"
"ENSG00000214021.20","ENSG00000214021","TTLL3","protein_coding",28.4026712220155,1.85947325897258,0.298901981933993,6.22101348054365,4.9395371750085e-10,1.4605952405677e-09,"Upregulated"
"ENSG00000143178.13","ENSG00000143178","TBX19","protein_coding",34.3023393723128,1.7452633647181,0.280884913393538,6.21344643837411,5.18349063949517e-10,1.53210577906514e-09,"Upregulated"
"ENSG00000125968.12","ENSG00000125968","ID1","protein_coding",1093.19516443127,-2.12128888053581,0.341908853525968,-6.20425256222475,5.49574664769857e-10,1.62274572979722e-09,"Downregulated"
"ENSG00000169951.12","ENSG00000169951","ZNF764","protein_coding",52.3830698990791,-1.44930373336347,0.233734300538438,-6.20064633228758,5.62317486395814e-10,1.659695521965e-09,"Downregulated"
"ENSG00000266680.1","ENSG00000266680","ENSG00000266680","lncRNA",10.8584677914426,-6.55634340635771,1.05803716946855,-6.19670423266033,5.76577003761274e-10,1.69866922921496e-09,"Downregulated"
"ENSG00000167380.19","ENSG00000167380","ZNF226","protein_coding",89.3454401232397,-1.01340721839661,0.163545277003592,-6.19649333177841,5.77349745267141e-10,1.70060010333565e-09,"Downregulated"
"ENSG00000259005.1","ENSG00000259005","ENSG00000259005","lncRNA",7.99326210038548,6.83032515069171,1.10235086556273,6.19614440743868,5.78630424688662e-10,1.70402603425891e-09,"Upregulated"
"ENSG00000180098.11","ENSG00000180098","TRNAU1AP","protein_coding",59.0102927537162,-1.06980356699793,0.172819842869908,-6.19028202567706,6.00566640667301e-10,1.766472854993e-09,"Downregulated"
"ENSG00000197587.14","ENSG00000197587","DMBX1","protein_coding",17.2033786096049,1.70120860269321,0.274986622050161,6.18651405661069,6.15092021720705e-10,1.80699646843228e-09,"Upregulated"
"ENSG00000197619.17","ENSG00000197619","ZNF615","protein_coding",57.7551039097003,-1.13252145992548,0.183131738340875,-6.18418997267117,6.24221595901579e-10,1.83233124727682e-09,"Downregulated"
"ENSG00000244300.4","ENSG00000244300","GATA2-AS1","lncRNA",114.843082120471,-1.76575716246284,0.285759520930918,-6.17917176201351,6.44387591207241e-10,1.89037752465088e-09,"Downregulated"
"ENSG00000155099.10","ENSG00000155099","PIP4P2","protein_coding",103.826562096912,1.02882021591955,0.166707170367608,6.17142150305163,6.76787299786361e-10,1.98200451586658e-09,"Upregulated"
"ENSG00000100294.15","ENSG00000100294","MCAT","protein_coding",89.9990839154801,-1.05798325172985,0.171433087994386,-6.17140637263966,6.76852080390814e-10,1.98200451586658e-09,"Downregulated"
"ENSG00000188026.15","ENSG00000188026","RILPL1","protein_coding",90.4982559098883,1.05430212636577,0.170850070996942,6.1709200365778,6.7893754526592e-10,1.98770967797853e-09,"Upregulated"
"ENSG00000157429.17","ENSG00000157429","ZNF19","protein_coding",18.8774043408908,-2.67952660855528,0.434406681045538,-6.16824447107062,6.90523269940328e-10,2.01999661444797e-09,"Downregulated"
"ENSG00000110680.15","ENSG00000110680","CALCA","protein_coding",31.9619697266191,-5.39065640011677,0.874373171497265,-6.16516674555085,7.04089056453138e-10,2.05843425582386e-09,"Downregulated"
"ENSG00000145982.15","ENSG00000145982","FARS2","protein_coding",74.9429433559025,-1.08487578955085,0.176009233350225,-6.16374362242773,7.10449369440127e-10,2.07619122039248e-09,"Downregulated"
"ENSG00000121988.20","ENSG00000121988","ZRANB3","protein_coding",86.3761385374039,-1.01728487845862,0.165091765058134,-6.16193592757581,7.18609294168021e-10,2.09961409094415e-09,"Downregulated"
"ENSG00000198910.16","ENSG00000198910","L1CAM","protein_coding",47.934663166218,2.39591203038281,0.388830277446446,6.16184533292371,7.1902063478011e-10,2.1003924691057e-09,"Upregulated"
"ENSG00000273270.2","ENSG00000273270","LINC03072","lncRNA",21.3502450090265,-6.52678866956822,1.0603641322726,-6.15523334949081,7.4967030847654e-10,2.1872804732116e-09,"Downregulated"
"ENSG00000183778.20","ENSG00000183778","B3GALT5","protein_coding",24.7296078169787,-3.43736760759174,0.559434860650734,-6.14435718859815,8.0287988281395e-10,2.33735139850136e-09,"Downregulated"
"ENSG00000100297.18","ENSG00000100297","MCM5","protein_coding",275.143268590788,-1.05387353927664,0.171520278865585,-6.14430868610313,8.03125230444698e-10,2.33759607142088e-09,"Downregulated"
"ENSG00000100373.12","ENSG00000100373","UPK3A","protein_coding",25.0761913825202,2.31214635893159,0.376417781628153,6.14250035938965,8.12324939649044e-10,2.36200100830537e-09,"Upregulated"
"ENSG00000185669.7","ENSG00000185669","SNAI3","protein_coding",9.83310856469628,2.75016357303054,0.448046223408269,6.13812466068827,8.35013279173229e-10,2.4265114180426e-09,"Upregulated"
"ENSG00000111727.14","ENSG00000111727","HCFC2","protein_coding",83.8636543032194,-1.05981303866984,0.17274126011832,-6.13526286623075,8.5018496143933e-10,2.46812509238357e-09,"Downregulated"
"ENSG00000166897.18","ENSG00000166897","ELFN2","protein_coding",41.1034602626482,1.14830511564744,0.187204134780322,6.13397303961763,8.57110502014562e-10,2.48773190370419e-09,"Upregulated"
"ENSG00000205220.14","ENSG00000205220","PSMB10","protein_coding",92.8852084345625,1.43796683366387,0.234547627154255,6.13080955501697,8.74330172763649e-10,2.53669526800617e-09,"Upregulated"
"ENSG00000277938.1","ENSG00000277938","ENSG00000277938","lncRNA",18.3004657372653,1.94491544356696,0.317261967691315,6.13031387821213,8.77058667859935e-10,2.54410212462493e-09,"Upregulated"
"ENSG00000167536.16","ENSG00000167536","DHRS13","protein_coding",112.109543174006,-1.35678077168707,0.221625793727312,-6.12194433178864,9.24403226144488e-10,2.67875455974523e-09,"Downregulated"
"ENSG00000257594.4","ENSG00000257594","GALNT4","protein_coding",19.3291081295116,-2.60333013066861,0.425261184642034,-6.1217205441874,9.25702753304601e-10,2.68198406655144e-09,"Downregulated"
"ENSG00000240497.4","ENSG00000240497","ENSG00000240497","lncRNA",9.66262472088865,-4.12886044088878,0.674481344893616,-6.12153393440409,9.26787752175302e-10,2.68459086638506e-09,"Downregulated"
"ENSG00000102053.15","ENSG00000102053","ZC3H12B","protein_coding",52.2865610369626,-1.9372594613936,0.316550145671098,-6.11991334670385,9.3626257824284e-10,2.71095250427477e-09,"Downregulated"
"ENSG00000197343.13","ENSG00000197343","ZNF655","protein_coding",57.7351566233777,-1.00986498413292,0.165143341087588,-6.11508146487912,9.65076500022628e-10,2.79270939263737e-09,"Downregulated"
"ENSG00000198496.13","ENSG00000198496","NBR2","lncRNA",124.821904006478,-1.0123746515302,0.165599679662918,-6.11338532532736,9.75394693123586e-10,2.82144109635669e-09,"Downregulated"
"ENSG00000153832.14","ENSG00000153832","FBXO36","protein_coding",53.3770332131336,-1.1375304891451,0.186145436674175,-6.11097703746674,9.90230148322506e-10,2.86176441758766e-09,"Downregulated"
"ENSG00000160298.20","ENSG00000160298","C21orf58","protein_coding",19.0511115848139,-3.14630056136904,0.514861727444777,-6.11096221306623,9.90322146991589e-10,2.86176441758766e-09,"Downregulated"
"ENSG00000102871.18","ENSG00000102871","TRADD","protein_coding",85.8959835630766,-1.01476258216387,0.166146219598796,-6.10764773712146,1.0111020641017e-09,2.92064801932665e-09,"Downregulated"
"ENSG00000135083.19","ENSG00000135083","CCNJL","protein_coding",84.0358131104936,-1.22719182833473,0.201082219214021,-6.10293557098938,1.04137828626243e-09,3.00570685610739e-09,"Downregulated"
"ENSG00000111247.17","ENSG00000111247","RAD51AP1","protein_coding",227.167679856832,-1.32388250571943,0.217060923723285,-6.09912868244841,1.06648190606932e-09,3.07754993682928e-09,"Downregulated"
"ENSG00000225663.10","ENSG00000225663","MCRIP1","protein_coding",67.298227648773,-1.17897966992079,0.19338172045805,-6.0966448489972,1.08317801000914e-09,3.12386382508505e-09,"Downregulated"
"ENSG00000162241.15","ENSG00000162241","SLC25A45","protein_coding",25.4819641095354,-2.22488065839789,0.36496485507297,-6.09615043057515,1.08653172823791e-09,3.13291241655866e-09,"Downregulated"
"ENSG00000162772.20","ENSG00000162772","ATF3","protein_coding",728.45232598523,1.74738453298105,0.287071388167843,6.0869337906967,1.15093536921661e-09,3.31425561277068e-09,"Upregulated"
"ENSG00000154447.17","ENSG00000154447","SH3RF1","protein_coding",455.806379635093,1.07172473488119,0.176233415304362,6.08127994926658,1.19226912365959e-09,3.43233296386069e-09,"Upregulated"
"ENSG00000166974.15","ENSG00000166974","MAPRE2","protein_coding",220.221834123094,1.17101268745569,0.19256421695429,6.08115415198691,1.19320505846289e-09,3.43366316664897e-09,"Upregulated"
"ENSG00000108924.15","ENSG00000108924","HLF","protein_coding",13.4886037359918,-3.02502007793152,0.497591981795963,-6.07931837449086,1.20694505619907e-09,3.47251295502024e-09,"Downregulated"
"ENSG00000010361.16","ENSG00000010361","FUZ","protein_coding",35.8181876895396,-2.78499105418253,0.458380017466731,-6.07572526737526,1.2342857277405e-09,3.54906126317763e-09,"Downregulated"
"ENSG00000175548.10","ENSG00000175548","ALG10B","protein_coding",66.7535354897523,-1.71516396754336,0.282368637895671,-6.0742013713898,1.24606284574252e-09,3.58221439406876e-09,"Downregulated"
"ENSG00000162840.4","ENSG00000162840","MT2P1","processed_pseudogene",22.842243111068,6.64533057497633,1.09441087890433,6.07206187645839,1.26278253889203e-09,3.62812144203475e-09,"Upregulated"
"ENSG00000244045.15","ENSG00000244045","VMA12","protein_coding",92.8358649047775,-1.04855093904747,0.172829925537101,-6.06695244350133,1.30360136162064e-09,3.74391417610113e-09,"Downregulated"
"ENSG00000162543.8","ENSG00000162543","UBXN10","protein_coding",64.5692779941339,-3.53839891402061,0.583683696504892,-6.06218562418071,1.34284105610801e-09,3.85355496734996e-09,"Downregulated"
"ENSG00000146070.19","ENSG00000146070","PLA2G7","protein_coding",35.4392130050198,-1.71533100168465,0.283004704805031,-6.06113952369232,1.35160520108742e-09,3.87793755180338e-09,"Downregulated"
"ENSG00000168778.15","ENSG00000168778","TCTN2","protein_coding",65.5158799727182,-1.25025354109369,0.206406270783224,-6.05724591772096,1.38471815436426e-09,3.97058478295346e-09,"Downregulated"
"ENSG00000245573.10","ENSG00000245573","BDNF-AS","lncRNA",11.4144797338132,-3.57238590114179,0.589822611389535,-6.05671236090081,1.3893169159703e-09,3.98298333258983e-09,"Downregulated"
"ENSG00000163286.10","ENSG00000163286","ALPG","protein_coding",50.2124398286604,4.49055488291983,0.741782916317193,6.05373187241162,1.41528108450147e-09,4.05501254974206e-09,"Upregulated"
"ENSG00000100092.25","ENSG00000100092","SH3BP1","protein_coding",102.469016546083,1.17457421523643,0.194096658151646,6.05149118187673,1.43511142042177e-09,4.107769050909e-09,"Upregulated"
"ENSG00000198088.12","ENSG00000198088","NUP62CL","protein_coding",42.9835126468357,-1.41071582148087,0.233219800142403,-6.04886815193003,1.45866971119327e-09,4.17272827765751e-09,"Downregulated"
"ENSG00000188293.8","ENSG00000188293","IGFL1","protein_coding",9.87496319990032,3.02068200389959,0.499384193432278,6.04881380633692,1.45916177058294e-09,4.17331209380067e-09,"Upregulated"
"ENSG00000115525.20","ENSG00000115525","ST3GAL5","protein_coding",52.2290795458448,1.02341642963033,0.169232105650918,6.04741296395246,1.47190134688824e-09,4.20891758466936e-09,"Upregulated"
"ENSG00000189164.17","ENSG00000189164","ZNF527","protein_coding",37.2857814127295,-1.47159608055428,0.243598619343742,-6.04106905252084,1.53096436091839e-09,4.37435637193007e-09,"Downregulated"
"ENSG00000247796.3","ENSG00000247796","MOCS2-DT","lncRNA",17.1710351651157,-6.16302376317396,1.02020135477809,-6.04098762887303,1.53173724457783e-09,4.37570198076521e-09,"Downregulated"
"ENSG00000197943.15","ENSG00000197943","PLCG2","protein_coding",52.1775000735321,1.51139385260831,0.250412161188601,6.03562480925194,1.58348783627273e-09,4.51908344294297e-09,"Upregulated"
"ENSG00000168350.9","ENSG00000168350","DEGS2","protein_coding",87.0760395510282,-1.72201208673279,0.285578683112211,-6.02990415099074,1.64056950286997e-09,4.68106580736199e-09,"Downregulated"
"ENSG00000156398.15","ENSG00000156398","SFXN2","protein_coding",28.2219477350186,-2.77440305985166,0.460216088628482,-6.0284790740798,1.65509822475984e-09,4.71880453929168e-09,"Downregulated"
"ENSG00000235847.2","ENSG00000235847","LDHAP7","processed_pseudogene",40.2734164104828,1.16697217816461,0.193647577411233,6.02626789224638,1.67788985258119e-09,4.78190358772991e-09,"Upregulated"
"ENSG00000250903.12","ENSG00000250903","GMDS-DT","lncRNA",48.1010763745975,-1.31977865043965,0.219123292700408,-6.02299570335545,1.71217990270101e-09,4.87675140525609e-09,"Downregulated"
"ENSG00000107872.16","ENSG00000107872","FBXL15","protein_coding",78.8868840075956,1.13160843088938,0.187909238551387,6.02210109312919,1.7216729901703e-09,4.902826679809e-09,"Upregulated"
"ENSG00000143494.18","ENSG00000143494","VASH2","protein_coding",23.3249185643616,1.63117853623245,0.270924139568867,6.02079437745269,1.73563133395587e-09,4.94160496889755e-09,"Upregulated"
"ENSG00000173805.18","ENSG00000173805","HAP1","protein_coding",7.48300597005447,3.19002212608519,0.529981934122981,6.01911484278058,1.75373417059602e-09,4.99118531034516e-09,"Upregulated"
"ENSG00000176749.11","ENSG00000176749","CDK5R1","protein_coding",59.5001320798671,1.05877531788716,0.175920260121358,6.01849563635688,1.76045458761198e-09,5.00834469644147e-09,"Upregulated"
"ENSG00000179029.17","ENSG00000179029","TMEM107","protein_coding",33.0744259964353,-1.59552993859135,0.265125775031729,-6.01801140760607,1.76572753373347e-09,5.0213742972656e-09,"Downregulated"
"ENSG00000100344.13","ENSG00000100344","PNPLA3","protein_coding",6.59676811584138,3.78823091216964,0.629574835367183,6.01712568444743,1.77541234871408e-09,5.04792539877663e-09,"Upregulated"
"ENSG00000149289.12","ENSG00000149289","ZC3H12C","protein_coding",48.2284281800764,-1.17136632410483,0.194770350411357,-6.01408952456515,1.80900522718371e-09,5.14142062215070e-09,"Downregulated"
"ENSG00000257621.10","ENSG00000257621","PSMA3-AS1","lncRNA",122.181121693862,-1.22195898608684,0.203204500019487,-6.01344451510499,1.81622113432391e-09,5.15990524968085e-09,"Downregulated"
"ENSG00000267080.9","ENSG00000267080","ASB16-AS1","lncRNA",33.8256398334029,-1.55352058020619,0.258355218548389,-6.01311863927076,1.81987745780737e-09,5.16927952147087e-09,"Downregulated"
"ENSG00000143387.16","ENSG00000143387","CTSK","protein_coding",11.1035335419433,2.50599219302983,0.41687063265151,6.01143855370777,1.83884210135392e-09,5.22110104483171e-09,"Upregulated"
"ENSG00000310469.1","ENSG00000310469","HLA-H","lncRNA",9.4996335774369,2.57929903748503,0.42960682358099,6.00385956625473,1.92681373926473e-09,5.4655284222792e-09,"Upregulated"
"ENSG00000225462.1","ENSG00000225462","FDPSP1","processed_pseudogene",20.9691848548221,2.17567181919172,0.362385472875208,6.00375010049297,1.92811390898052e-09,5.46814613873693e-09,"Upregulated"
"ENSG00000287796.1","ENSG00000287796","ENSG00000287796","lncRNA",9.64338807873474,-4.18289793413929,0.696869189120203,-6.00241479956977,1.94404279693856e-09,5.51116357848859e-09,"Downregulated"
"ENSG00000036473.11","ENSG00000036473","OTC","protein_coding",5.20606623694022,-6.66676190352278,1.11174759320053,-5.99665062852108,2.01428770972065e-09,5.70360638711833e-09,"Downregulated"
"ENSG00000164855.18","ENSG00000164855","TMEM184A","protein_coding",387.360716910701,-1.93176073549691,0.322203594046013,-5.99546613133384,2.02902582257741e-09,5.74421610095562e-09,"Downregulated"
"ENSG00000197935.9","ENSG00000197935","ZNF311","protein_coding",34.0429524178797,-1.56354188985023,0.261026498852677,-5.98997380236362,2.0987484183394e-09,5.93348850537936e-09,"Downregulated"
"ENSG00000153898.15","ENSG00000153898","MCOLN2","protein_coding",47.5049884423401,-1.75442553821793,0.292901369417277,-5.98981678272223,2.10077564227002e-09,5.93806136293684e-09,"Downregulated"
"ENSG00000308820.1","ENSG00000308820","ENSG00000308820","lncRNA",12.535419166247,-6.30601334219921,1.05282350306212,-5.98962060008947,2.10331116617759e-09,5.94406891970469e-09,"Downregulated"
"ENSG00000135245.12","ENSG00000135245","HILPDA","protein_coding",133.183079625571,-1.08517915588918,0.181211405496713,-5.98847049894367,2.1182354996577e-09,5.98274583142454e-09,"Downregulated"
"ENSG00000135838.16","ENSG00000135838","NPL","protein_coding",18.5890776797383,-1.98714608765848,0.331904121778438,-5.98710879819983,2.13603907332021e-09,6.03067957345734e-09,"Downregulated"
"ENSG00000236859.9","ENSG00000236859","NIFK-AS1","lncRNA",27.2281948672687,-2.11221132169458,0.352904290816841,-5.98522425671166,2.16091919953439e-09,6.09854742739092e-09,"Downregulated"
"ENSG00000160094.17","ENSG00000160094","ZNF362","protein_coding",32.4013264788049,-2.69913385420593,0.451107678144563,-5.98334718067236,2.18598130796809e-09,6.16807654109689e-09,"Downregulated"
"ENSG00000205100.3","ENSG00000205100","HSP90AA4P","processed_pseudogene",77.0519515461171,1.09720474829233,0.183386643106455,5.9830134283848,2.19046701062917e-09,6.17953044929686e-09,"Upregulated"
"ENSG00000268621.7","ENSG00000268621","IGFL2-AS1","lncRNA",201.082190884855,3.73009379319616,0.623687650194312,5.98070811893427,2.22169666012684e-09,6.26519322797395e-09,"Upregulated"
"ENSG00000112651.14","ENSG00000112651","MRPL2","protein_coding",50.4757543266558,1.14939486964573,0.192234883732013,5.9791170433357,2.24350322741821e-09,6.32422656521002e-09,"Upregulated"
"ENSG00000154309.11","ENSG00000154309","DISP1","protein_coding",71.8392734966362,-1.27691792722687,0.21374919355185,-5.97390757835596,2.31637061651856e-09,6.52075426856778e-09,"Downregulated"
"ENSG00000166352.20","ENSG00000166352","IFTAP","protein_coding",36.4692170753072,-1.29271195001394,0.216406622311683,-5.97353230786114,2.32170781835493e-09,6.53450955595255e-09,"Downregulated"
"ENSG00000142875.23","ENSG00000142875","PRKACB","protein_coding",28.4242092218419,-1.49144228081957,0.249877514783393,-5.96869343010888,2.3916099867778e-09,6.72341647495323e-09,"Downregulated"
"ENSG00000129514.9","ENSG00000129514","FOXA1","protein_coding",51.4635676412452,1.09346994027055,0.183329921100134,5.96449250459942,2.45395532914305e-09,6.89467247575438e-09,"Upregulated"
"ENSG00000259345.8","ENSG00000259345","ENSG00000259345","lncRNA",19.416883613295,-2.81865436072745,0.472832544273653,-5.96121056992251,2.50376075116113e-09,7.02779407434186e-09,"Downregulated"
"ENSG00000170264.15","ENSG00000170264","FAM161A","protein_coding",31.6339694837907,-2.12258933185782,0.356097754741869,-5.96069282547557,2.51170722902668e-09,7.04873376511515e-09,"Downregulated"
"ENSG00000005059.18","ENSG00000005059","MCUB","protein_coding",42.4081119992518,-1.82349516687668,0.30602662068478,-5.95861615828173,2.5438280405277e-09,7.13611226545245e-09,"Downregulated"
"ENSG00000134058.14","ENSG00000134058","CDK7","protein_coding",484.040981239477,1.16244926811859,0.195139899345695,5.95700454912751,2.56903094555111e-09,7.20402408338366e-09,"Upregulated"
"ENSG00000247271.10","ENSG00000247271","ZBED5-AS1","lncRNA",23.2727973426509,-1.52169186012402,0.255571535140095,-5.95407410801789,2.61548275556603e-09,7.33002825249719e-09,"Downregulated"
"ENSG00000230082.2","ENSG00000230082","PRRT3-AS1","lncRNA",31.0528873051472,-1.8502360222058,0.310956338110829,-5.95014732115335,2.67901243083765e-09,7.50082073950913e-09,"Downregulated"
"ENSG00000247400.7","ENSG00000247400","DNAJC3-DT","lncRNA",78.7686765439136,-1.18847578945986,0.199744786618005,-5.9499715090573,2.68189168565479e-09,7.50743177680301e-09,"Downregulated"
"ENSG00000274414.1","ENSG00000274414","ENSG00000274414","lncRNA",8.95160339057998,-4.78414855360078,0.805165866390706,-5.94181739850268,2.81879314474682e-09,7.88000583597047e-09,"Downregulated"
"ENSG00000088035.20","ENSG00000088035","ALG6","protein_coding",63.8801527834743,-1.04506383319117,0.175899632489218,-5.94125080537178,2.82855465752185e-09,7.9057693532896e-09,"Downregulated"
"ENSG00000136869.17","ENSG00000136869","TLR4","protein_coding",262.905660318168,-2.81992297372493,0.475446401202483,-5.93110593874068,3.00900981216755e-09,8.39556607584369e-09,"Downregulated"
"ENSG00000108469.17","ENSG00000108469","RECQL5","protein_coding",154.766263874194,-1.01799733034671,0.171742396814242,-5.92746665488654,3.07643793998699e-09,8.58039619443637e-09,"Downregulated"
"ENSG00000234684.9","ENSG00000234684","SDCBP2-AS1","lncRNA",15.2958421497027,-3.27378178531591,0.552536656611475,-5.92500379140984,3.12290184782245e-09,8.70496125767318e-09,"Downregulated"
"ENSG00000073910.24","ENSG00000073910","FRY","protein_coding",17.2952003739164,-1.83833348303333,0.310385566208366,-5.92274152915741,3.16618283380966e-09,8.82221142618142e-09,"Downregulated"
"ENSG00000237440.11","ENSG00000237440","ZNF737","protein_coding",35.5825962639731,-1.26709057989027,0.214053713736058,-5.91949823142372,3.22925311790547e-09,8.99621995092004e-09,"Downregulated"
"ENSG00000119547.6","ENSG00000119547","ONECUT2","protein_coding",24.6625900724396,-1.42290305821735,0.240548262920147,-5.91524977542531,3.31372326134533e-09,9.21913563129516e-09,"Downregulated"
"ENSG00000186272.15","ENSG00000186272","ZNF17","protein_coding",24.5419357683637,-2.21309218192255,0.374184906840546,-5.91443465908054,3.33017402297871e-09,9.25957059497458e-09,"Downregulated"
"ENSG00000160392.16","ENSG00000160392","C19orf47","protein_coding",118.872307545413,-1.25055116419238,0.211460160137076,-5.91388544954154,3.34130303173719e-09,9.2887326944054e-09,"Downregulated"
"ENSG00000153294.14","ENSG00000153294","ADGRF4","protein_coding",81.0164426345697,-2.06335287614735,0.349106826334067,-5.91037676866534,3.4132611977899e-09,9.47968211544102e-09,"Downregulated"
"ENSG00000054598.9","ENSG00000054598","FOXC1","protein_coding",110.534206404234,1.04474370325926,0.176796658180835,5.90929553764898,3.435738245354e-09,9.53845184897896e-09,"Upregulated"
"ENSG00000117242.7","ENSG00000117242","PINK1-AS","lncRNA",45.1414149251739,-1.43126903050996,0.242279085852797,-5.90752200286726,3.47291956358869e-09,9.63613829514213e-09,"Downregulated"
"ENSG00000164011.20","ENSG00000164011","ZNF691","protein_coding",44.3312642479151,-1.32808044945168,0.225119065947898,-5.89945788847155,3.6469783913675e-09,1.0111347015056e-08,"Downregulated"
"ENSG00000227888.5","ENSG00000227888","FAM66A","lncRNA",22.5524344881817,-1.59031692768136,0.269571976089846,-5.89941488261867,3.64792903177756e-09,1.01120481118057e-08,"Downregulated"
"ENSG00000234156.4","ENSG00000234156","ENSG00000234156","lncRNA",18.2983732050777,-1.72643326847892,0.292664216837217,-5.89902410050759,3.65657829602794e-09,1.01340854209288e-08,"Downregulated"
"ENSG00000188766.15","ENSG00000188766","SPRED3","protein_coding",21.1983966561457,1.7564139903926,0.297756750627864,5.89882172843754,3.66106528299143e-09,1.01445808950501e-08,"Upregulated"
"ENSG00000164296.9","ENSG00000164296","TIGD6","protein_coding",39.4999381616268,-1.28373110021333,0.217695244855907,-5.89691842402454,3.70352838055224e-09,1.02583205831351e-08,"Downregulated"
"ENSG00000100593.20","ENSG00000100593","ISM2","protein_coding",86.1871521598806,1.53855084398781,0.260950022270316,5.89595981100945,3.72509638258094e-09,1.0316089580807e-08,"Upregulated"
"ENSG00000242474.4","ENSG00000242474","LINC03015","lncRNA",14.8356156622142,-2.91023725969471,0.49370878258748,-5.89464348687994,3.75491190835066e-09,1.03907167034214e-08,"Downregulated"
"ENSG00000164125.18","ENSG00000164125","GASK1B","protein_coding",28.2657383779242,-1.35986681975794,0.230837088860483,-5.89102395317349,3.83809910714834e-09,1.06128090556752e-08,"Downregulated"
"ENSG00000188738.17","ENSG00000188738","FSIP2","protein_coding",8.72710288358595,-5.36129745199199,0.910210882652888,-5.89017067821253,3.8579695571014e-09,1.06616504236296e-08,"Downregulated"
"ENSG00000095637.25","ENSG00000095637","SORBS1","protein_coding",525.688966608931,1.11701992198543,0.189674509000545,5.88914097034629,3.88208200567306e-09,1.07241960400713e-08,"Upregulated"
"ENSG00000160957.17","ENSG00000160957","RECQL4","protein_coding",169.267958568847,-1.36498262194202,0.231982822272085,-5.88398144557911,4.00512758600179e-09,1.10514678172768e-08,"Downregulated"
"ENSG00000151623.17","ENSG00000151623","NR3C2","protein_coding",48.0870669577848,1.14121406112849,0.194029162169982,5.88166257260192,4.06165727112934e-09,1.12010536961382e-08,"Upregulated"
"ENSG00000150764.16","ENSG00000150764","DIXDC1","protein_coding",43.7337861865054,-1.19671037141261,0.203488791823759,-5.88096455184167,4.07882521855348e-09,1.12462585744439e-08,"Downregulated"
"ENSG00000130487.10","ENSG00000130487","KLHDC7B","protein_coding",8.49090735663648,-4.31786097905778,0.73458736111628,-5.8779407428088,4.15401556587218e-09,1.14470419434531e-08,"Downregulated"
"ENSG00000177225.18","ENSG00000177225","GATD1","protein_coding",278.286225492032,-1.1870230688685,0.20194747989543,-5.8778800779448,4.15553778389678e-09,1.14490596129719e-08,"Downregulated"
"ENSG00000152778.10","ENSG00000152778","IFIT5","protein_coding",102.932489816192,-1.09403600502236,0.186144778245057,-5.87733921594125,4.16913324783275e-09,1.14843335920153e-08,"Downregulated"
"ENSG00000047621.14","ENSG00000047621","FERRY3","protein_coding",110.409617091643,-1.03716070656488,0.176547986201624,-5.87466744242784,4.23693034526225e-09,1.16577927783445e-08,"Downregulated"
"ENSG00000267493.4","ENSG00000267493","CIRBP-AS1","lncRNA",6.30697122645778,-6.35016786998822,1.08112738696278,-5.8736536938795,4.26293432578352e-09,1.17248897797029e-08,"Downregulated"
"ENSG00000287315.1","ENSG00000287315","ENSG00000287315","lncRNA",19.122529621848,-3.27014622235417,0.556884882112397,-5.87221224241126,4.30017706962364e-09,1.18250789550258e-08,"Downregulated"
"ENSG00000173846.16","ENSG00000173846","PLK3","protein_coding",64.8129132235733,1.21977286878349,0.207831097523908,5.86905849661488,4.38276796258869e-09,1.20430552358429e-08,"Upregulated"
"ENSG00000267680.8","ENSG00000267680","ZNF224","protein_coding",110.39506568054,-1.03060996277945,0.175765607238441,-5.86354736271778,4.5308153087562e-09,1.24357150481998e-08,"Downregulated"
"ENSG00000169302.17","ENSG00000169302","STK32A","protein_coding",8.46046240414934,-4.84757096277216,0.826873569837571,-5.86252982269636,4.55867701263283e-09,1.25098176987455e-08,"Downregulated"
"ENSG00000228002.2","ENSG00000228002","DHX9P1","processed_pseudogene",53.0846052043889,-1.67221663244219,0.285262283530724,-5.86203199296089,4.57236897470566e-09,1.25426407687743e-08,"Downregulated"
"ENSG00000163138.21","ENSG00000163138","PACRGL","protein_coding",75.4007413158865,-1.07652974001944,0.183715898089934,-5.85975275527027,4.63556826259032e-09,1.27039817060247e-08,"Downregulated"
"ENSG00000132205.13","ENSG00000132205","EMILIN2","protein_coding",76.0502415108617,-1.1804222806738,0.20147437141249,-5.85892028052073,4.65886261262394e-09,1.27654068788327e-08,"Downregulated"
"ENSG00000261437.2","ENSG00000261437","LINC02894","lncRNA",15.6548709236252,-5.1063477430676,0.872503858481624,-5.85252167475102,4.84175122774681e-09,1.32539967496235e-08,"Downregulated"
"ENSG00000115963.16","ENSG00000115963","RND3","protein_coding",898.355747135478,1.58360796438868,0.270707313213133,5.84988985185588,4.9189865084337e-09,1.34527179619214e-08,"Upregulated"
"ENSG00000106462.14","ENSG00000106462","EZH2","protein_coding",349.58361217742,-1.13455902245445,0.1939951961701,-5.84838720160698,4.96362056814441e-09,1.35722243912356e-08,"Downregulated"
"ENSG00000087074.11","ENSG00000087074","PPP1R15A","protein_coding",1186.39244363828,1.16108097676133,0.198664110661978,5.84444252609309,5.08267482333665e-09,1.38820436373529e-08,"Upregulated"
"ENSG00000055163.23","ENSG00000055163","CYFIP2","protein_coding",192.647213952934,-1.3202378560153,0.225915058058245,-5.84395687194483,5.09752306143477e-09,1.3917351960496e-08,"Downregulated"
"ENSG00000131171.15","ENSG00000131171","SH3BGRL","protein_coding",41.1956275052464,-1.14856151648448,0.196557071899045,-5.84339960596483,5.11461273852735e-09,1.39613802612052e-08,"Downregulated"
"ENSG00000271447.8","ENSG00000271447","MMP28","protein_coding",56.2019040743267,1.51554081610459,0.259410633384216,5.84224631169959,5.15015806494218e-09,1.4050468877474e-08,"Upregulated"
"ENSG00000277496.1","ENSG00000277496","SLCO4A1-AS2","lncRNA",12.5958796625475,-4.10329323101006,0.702438695976193,-5.84149656691055,5.17339450856202e-09,1.41112051982083e-08,"Downregulated"
"ENSG00000257365.10","ENSG00000257365","FNTB","protein_coding",42.6302507392394,-1.32087554748545,0.226255387772685,-5.83798494474974,5.28359303554614e-09,1.44036550547657e-08,"Downregulated"
"ENSG00000289586.3","ENSG00000289586","ENSG00000289586","lncRNA",25.5649105894793,-2.52001915053074,0.431768721107448,-5.83650233872225,5.33080145314550e-09,1.45241539121986e-08,"Downregulated"
"ENSG00000137673.11","ENSG00000137673","MMP7","protein_coding",7.91198449885875,3.26056466930066,0.559549583227163,5.82712375638916,5.63907957335064e-09,1.53496508596915e-08,"Upregulated"
"ENSG00000100599.18","ENSG00000100599","RIN3","protein_coding",61.1210950367395,-1.10019582887395,0.189199204168932,-5.81501298436542,6.06291797883274e-09,1.64693172163532e-08,"Downregulated"
"ENSG00000258738.1","ENSG00000258738","BAZ1A-AS1","lncRNA",22.6012250999012,-1.99204002004761,0.342657573460129,-5.81350063251818,6.11797406682648e-09,1.66126438404439e-08,"Downregulated"
"ENSG00000173706.16","ENSG00000173706","HEG1","protein_coding",29.7035288881957,2.11249806735827,0.363401093706362,5.81313073610402,6.13151372165277e-09,1.66462901562743e-08,"Upregulated"
"ENSG00000168453.18","ENSG00000168453","HR","protein_coding",939.417440474171,-1.08728532686417,0.187083859640985,-5.81175377154755,6.18217267971155e-09,1.67806792422513e-08,"Downregulated"
"ENSG00000234072.2","ENSG00000234072","GTF3C2-AS2","lncRNA",30.7721170487773,-1.60748824706344,0.276726631668446,-5.80893944818951,6.28698206213627e-09,1.70586279559652e-08,"Downregulated"
"ENSG00000137338.8","ENSG00000137338","PGBD1","protein_coding",20.5222911389422,-1.85488366209114,0.319317013363534,-5.80890959286094,6.28810312867555e-09,1.70586279559652e-08,"Downregulated"
"ENSG00000249898.11","ENSG00000249898","MCPH1-AS1","lncRNA",16.7718470309906,1.82865976395782,0.314867818533054,5.80770614309652,6.33345486900400e-09,1.71720164568019e-08,"Upregulated"
"ENSG00000214941.10","ENSG00000214941","ZSWIM7","protein_coding",52.6537145045844,-1.18727947887546,0.204536384763883,-5.80473484092357,6.44679446833727e-09,1.7476046658276e-08,"Downregulated"
"ENSG00000131650.17","ENSG00000131650","KREMEN2","protein_coding",28.6761065970731,1.47598200426907,0.254306922888214,5.80393953694241,6.47746429643658e-09,1.75526201540686e-08,"Upregulated"
"ENSG00000196458.13","ENSG00000196458","ZNF605","protein_coding",65.7084214156268,-1.2310439115597,0.212192634910583,-5.80153930450254,6.57088897336106e-09,1.7785827979445e-08,"Downregulated"
"ENSG00000173928.6","ENSG00000173928","SWSAP1","protein_coding",26.0500394936076,-2.00957478006467,0.346412891379434,-5.80109698591886,6.58824784588872e-09,1.78294841797608e-08,"Downregulated"
"ENSG00000179715.15","ENSG00000179715","PCED1B","protein_coding",67.543003395082,1.11922426227864,0.192981905610715,5.79963317667903,6.64601393829717e-09,1.79723892505696e-08,"Upregulated"
"ENSG00000134253.10","ENSG00000134253","TRIM45","protein_coding",22.1204939642163,-2.65468536709067,0.457748042868562,-5.79944667912636,6.6534089500212e-09,1.79890303178558e-08,"Downregulated"
"ENSG00000206538.11","ENSG00000206538","VGLL3","protein_coding",17.0263026770418,2.92371558217008,0.504226615451217,5.79841581657433,6.694429370423e-09,1.80898136185288e-08,"Upregulated"
"ENSG00000147586.12","ENSG00000147586","MRPS28","protein_coding",39.919183240406,-1.39856112501102,0.241254990443328,-5.7970246436811,6.75017752902624e-09,1.82370568140657e-08,"Downregulated"
"ENSG00000065665.23","ENSG00000065665","SEC61A2","protein_coding",38.8024247307659,1.14559283731839,0.197664513262432,5.79564241659013,6.80601426007541e-09,1.83810582663088e-08,"Upregulated"
"ENSG00000227214.3","ENSG00000227214","HCG15","lncRNA",9.96018831191403,-5.15220594377474,0.88969110392977,-5.79100535120271,6.99663476238982e-09,1.88853102955026e-08,"Downregulated"
"ENSG00000184154.18","ENSG00000184154","LRRC51","protein_coding",14.2110050291647,-2.38822024741437,0.412458181477538,-5.79021184368101,7.02977039156087e-09,1.89678321177547e-08,"Downregulated"
"ENSG00000204116.13","ENSG00000204116","CHIC1","protein_coding",126.140106541574,-1.00245872278307,0.173199163594507,-5.78789586495941,7.12735715450454e-09,1.92238339629778e-08,"Downregulated"
"ENSG00000100479.16","ENSG00000100479","POLE2","protein_coding",31.209127119908,-2.32808067675459,0.40229948375382,-5.78693428843478,7.16826034114021e-09,1.93305598927808e-08,"Downregulated"
"ENSG00000196187.14","ENSG00000196187","TMEM63A","protein_coding",632.254602158544,-1.93091995292207,0.333809983930273,-5.784488319335,7.2733376482932e-09,1.96102714788958e-08,"Downregulated"
"ENSG00000156853.15","ENSG00000156853","ZNF689","protein_coding",128.542165064433,-1.43801536073586,0.248676080455623,-5.78268468001079,7.35177882116343e-09,1.98107063362403e-08,"Downregulated"
"ENSG00000233822.8","ENSG00000233822","H2BC15","protein_coding",18.1824504700136,2.43201894783025,0.420733880958151,5.78042096893109,7.45139358789837e-09,2.0064213280532e-08,"Upregulated"
"ENSG00000157796.20","ENSG00000157796","WDR19","protein_coding",28.7791207795247,-1.44319884644264,0.249731020108287,-5.77901313908399,7.5140059008579e-09,2.02252922576584e-08,"Downregulated"
"ENSG00000095059.19","ENSG00000095059","DHPS","protein_coding",32.1762076825292,1.57193514159551,0.272274879642277,5.77333885395805,7.7715930014209e-09,2.08875975104955e-08,"Upregulated"
"ENSG00000148057.18","ENSG00000148057","IDNK","protein_coding",34.9514395450336,-2.98230786700723,0.517119426569155,-5.76715496223656,8.06209168761936e-09,2.16523040654151e-08,"Downregulated"
"ENSG00000116833.16","ENSG00000116833","NR5A2","protein_coding",36.5892861378172,-1.84151748232876,0.319625667641682,-5.76148184817624,8.33786316623288e-09,2.23804987970081e-08,"Downregulated"
"ENSG00000160055.21","ENSG00000160055","TMEM234","protein_coding",25.9521244748179,-1.43743095720317,0.249565532211861,-5.75973350351484,8.42468408727253e-09,2.26093558875469e-08,"Downregulated"
"ENSG00000175183.12","ENSG00000175183","CSRP2","protein_coding",9.75135183314626,2.6498338670789,0.46028494238364,5.75694232654324,8.56511568368377e-09,2.29692184470661e-08,"Upregulated"
"ENSG00000177191.4","ENSG00000177191","B3GNT8","protein_coding",112.371726448675,-1.01571910525791,0.1764877303857,-5.75518254463436,8.65482199575161e-09,2.32054912788959e-08,"Downregulated"
"ENSG00000101210.17","ENSG00000101210","EEF1A2","protein_coding",18.3104724631623,5.14649332985809,0.894290510794292,5.75483387975019,8.67270357070406e-09,2.32491343223535e-08,"Upregulated"
"ENSG00000197258.5","ENSG00000197258","EIF4BP6","processed_pseudogene",127.799163736041,1.05339596055038,0.18308111539906,5.75371172638039,8.73049831914124e-09,2.33910855317055e-08,"Upregulated"
"ENSG00000128203.9","ENSG00000128203","ASPHD2","protein_coding",31.216702109961,-1.25174281109442,0.217642925097861,-5.75135998807029,8.85283809802781e-09,2.37144786906874e-08,"Downregulated"
"ENSG00000273802.4","ENSG00000273802","H2BC8","protein_coding",23.5628512918343,1.88496739941217,0.327882680223456,5.74890810983839,8.98216147703844e-09,2.4043125992841e-08,"Upregulated"
"ENSG00000105173.16","ENSG00000105173","CCNE1","protein_coding",80.1685971788058,1.17232587443183,0.204054746109269,5.74515367461268,9.18375413670031e-09,2.45691277365813e-08,"Upregulated"
"ENSG00000273247.8","ENSG00000273247","RAB33B-AS1","lncRNA",20.0340682199943,-2.32264180066436,0.404487889267801,-5.74217884463432,9.34660292909009e-09,2.4990953809663e-08,"Downregulated"
"ENSG00000275183.2","ENSG00000275183","LENG9","protein_coding",75.9048931913014,-1.45392040537069,0.253323642759328,-5.73937903913689,9.50243258194389e-09,2.53935557767898e-08,"Downregulated"
"ENSG00000198919.15","ENSG00000198919","DZIP3","protein_coding",79.6142651030665,-1.41137014800929,0.246099711326009,-5.73495247273835,9.75396937905693e-09,2.60417325426111e-08,"Downregulated"
"ENSG00000222033.1","ENSG00000222033","LINC01124","lncRNA",62.0464184266,-6.12551361405951,1.06867225597395,-5.73189168130591,9.93166926433082e-09,2.64674054760357e-08,"Downregulated"
"ENSG00000104863.14","ENSG00000104863","LIN7B","protein_coding",16.2851651100442,2.18258177460615,0.380978881983752,5.72887862771153,1.01096692670521e-08,2.69269117842526e-08,"Upregulated"
"ENSG00000289378.2","ENSG00000289378","ENSG00000289378","lncRNA",10.950185897559,-6.05734727661061,1.05751335196733,-5.72791564791302,1.01672095907807e-08,2.70751931991167e-08,"Downregulated"
"ENSG00000103253.21","ENSG00000103253","HAGHL","protein_coding",85.4299373052476,1.02942944560241,0.179804151547449,5.7252818510742,1.03262158432426e-08,2.74935733970738e-08,"Upregulated"
"ENSG00000269825.6","ENSG00000269825","ENSG00000269825","protein_coding",84.1181339666631,1.03801872699785,0.18133056201461,5.72445546666433,1.03766021567751e-08,2.76226521778077e-08,"Upregulated"
"ENSG00000294003.1","ENSG00000294003","ENSG00000294003","lncRNA",11.0486039032363,-4.07060410257742,0.71131996128775,-5.72260631517795,1.04902157272186e-08,2.79097129280067e-08,"Downregulated"
"ENSG00000263072.11","ENSG00000263072","ZNF213-AS1","lncRNA",27.1604677271047,-2.18625092905781,0.382413811199454,-5.7169769109556,1.08435844063202e-08,2.88022773490456e-08,"Downregulated"
"ENSG00000272275.1","ENSG00000272275","ENSG00000272275","lncRNA",16.5980620913657,2.83070608666132,0.495219889759178,5.71605895723994,1.09022925612542e-08,2.89502381204075e-08,"Upregulated"
"ENSG00000105619.16","ENSG00000105619","TFPT","protein_coding",45.1025667302937,-1.58040069109239,0.276533376797528,-5.71504499527203,1.09675000318277e-08,2.91154076682996e-08,"Downregulated"
"ENSG00000196517.15","ENSG00000196517","SLC6A9","protein_coding",656.377782056044,-1.54938627831716,0.271149009405911,-5.71415061302225,1.10253318715988e-08,2.92635731654231e-08,"Downregulated"
"ENSG00000161551.17","ENSG00000161551","ZNF577","protein_coding",21.721775111046,-1.98529729031915,0.347757366703121,-5.70885761282517,1.13736990418503e-08,3.01771597426756e-08,"Downregulated"
"ENSG00000128591.19","ENSG00000128591","FLNC","protein_coding",24.5604318463501,2.89580106788458,0.507510421454424,5.70589478652634,1.1573347504671e-08,3.0690018671124e-08,"Upregulated"
"ENSG00000290374.2","ENSG00000290374","FAM86EP","lncRNA",12.5917484228431,-3.68301598170532,0.645989296845072,-5.70135759167017,1.18857007131158e-08,3.15010195198381e-08,"Downregulated"
"ENSG00000188878.22","ENSG00000188878","FBF1","protein_coding",18.0676608869386,-2.16061729487031,0.379506237971404,-5.6932326235784,1.246563630239e-08,3.29957993231481e-08,"Downregulated"
"ENSG00000163141.22","ENSG00000163141","BNIPL","protein_coding",11.8836319812753,2.78631934107438,0.489658101616164,5.69033644471084,1.26789304316788e-08,3.35297554408556e-08,"Upregulated"
"ENSG00000225434.6","ENSG00000225434","LINC01504","lncRNA",11.1302984302994,-2.33041352370486,0.40964377257188,-5.68887819061363,1.27876640960151e-08,3.37988014005928e-08,"Downregulated"
"ENSG00000293279.2","ENSG00000293279","ENSG00000293279","lncRNA",9.87405181167734,-2.98113130253207,0.524088092036678,-5.68822560143847,1.28366168790339e-08,3.39220006949234e-08,"Downregulated"
"ENSG00000198746.15","ENSG00000198746","GPATCH3","protein_coding",87.3536296923553,-1.19749459953474,0.210537349329425,-5.68780125402373,1.28685461622427e-08,3.40001770251998e-08,"Downregulated"
"ENSG00000130584.14","ENSG00000130584","ZBTB46","protein_coding",21.1169307124339,1.38918916184653,0.244360644795544,5.68499548283995,1.30816117396386e-08,3.45505225680412e-08,"Upregulated"
"ENSG00000176472.13","ENSG00000176472","ZNF575","protein_coding",21.6474910812211,-2.24417278166871,0.394925300918509,-5.68252471150686,1.32720729223545e-08,3.50344045156214e-08,"Downregulated"
"ENSG00000169855.22","ENSG00000169855","ROBO1","protein_coding",10.3730266849432,-2.30578363278256,0.405835612668752,-5.68157047041746,1.3346350144084e-08,3.52240586938747e-08,"Downregulated"
"ENSG00000119703.17","ENSG00000119703","ZC2HC1C","protein_coding",18.3650245046211,-2.31200194030074,0.40699605513465,-5.68064950785787,1.34184198897382e-08,3.54013728458193e-08,"Downregulated"
"ENSG00000167755.16","ENSG00000167755","KLK6","protein_coding",89.2661260027117,1.78439085700685,0.314149531418399,5.68006849779544,1.34640810714045e-08,3.55153736597733e-08,"Upregulated"
"ENSG00000269374.1","ENSG00000269374","ENSG00000269374","processed_pseudogene",23.5963140089475,1.54181854857002,0.271587547030576,5.67705907515869,1.37030159838692e-08,3.61259064286397e-08,"Upregulated"
"ENSG00000150760.15","ENSG00000150760","DOCK1","protein_coding",486.530976835816,-1.10073618077654,0.19392854942821,-5.675988316429,1.37890190399781e-08,3.63460283607427e-08,"Downregulated"
"ENSG00000280832.4","ENSG00000280832","GSEC","lncRNA",28.120010220186,1.42054961558719,0.250334039509179,5.67461627820337,1.38999875246858e-08,3.66318638311959e-08,"Upregulated"
"ENSG00000115194.13","ENSG00000115194","SLC30A3","protein_coding",6.76248855355156,3.94928044511447,0.695961237966885,5.67456954449292,1.39037825178474e-08,3.66352029542989e-08,"Upregulated"
"ENSG00000253251.5","ENSG00000253251","SHLD3","protein_coding",50.4734788800678,1.38833086119709,0.245073209720513,5.66496379910465,1.4705557956334e-08,3.86774856448625e-08,"Upregulated"
"ENSG00000175984.18","ENSG00000175984","DENND2C","protein_coding",30.6233573598761,2.3451416410949,0.414223655139849,5.66153480612579,1.50025068358767e-08,3.94155781482099e-08,"Upregulated"
"ENSG00000172922.13","ENSG00000172922","RNASEH2C","protein_coding",177.112031580238,-1.23696993023258,0.218576016525001,-5.65922075943356,1.52061849538479e-08,3.99362146341361e-08,"Downregulated"
"ENSG00000100478.19","ENSG00000100478","AP4S1","protein_coding",30.2538901346827,-2.43032574085944,0.429506439043835,-5.65841514802391,1.52777216987009e-08,4.01168224057934e-08,"Downregulated"
"ENSG00000291175.2","ENSG00000291175","ENSG00000291175","lncRNA",11.034120131912,-2.35715636337323,0.417271332691596,-5.64897748467038,1.61404991685514e-08,4.23363102173116e-08,"Downregulated"
"ENSG00000183379.11","ENSG00000183379","SYNDIG1L","protein_coding",5.68926357185741,6.53167825415969,1.1564192284534,5.64819236263925,1.62143689134851e-08,4.25223731983762e-08,"Upregulated"
"ENSG00000168961.19","ENSG00000168961","LGALS9","protein_coding",19.1881144254896,1.7737879723889,0.314162674702136,5.64608120321952,1.641463373192e-08,4.30397814443613e-08,"Upregulated"
"ENSG00000173991.7","ENSG00000173991","TCAP","protein_coding",6.29551531338192,3.53821653196237,0.627081838589432,5.64235210498408,1.67742609497389e-08,4.39509292503373e-08,"Upregulated"
"ENSG00000288649.2","ENSG00000288649","ACTL10","protein_coding",28.1076813929484,-4.57036602223623,0.810233462155993,-5.64080136862615,1.69260532927371e-08,4.43246050448765e-08,"Downregulated"
"ENSG00000291142.2","ENSG00000291142","ENSG00000291142","lncRNA",18.4040989529829,1.68786475406893,0.299483169672621,5.63592523718116,1.74120912828076e-08,4.55562424391493e-08,"Upregulated"
"ENSG00000151014.8","ENSG00000151014","NOCT","protein_coding",34.0226168969857,1.66057890361904,0.29465748956263,5.63562428392332,1.74425294009341e-08,4.56276418913966e-08,"Upregulated"
"ENSG00000198590.12","ENSG00000198590","APRG1","lncRNA",6.7538498228992,3.23250963280257,0.573725555234487,5.63424376569981,1.75828170775519e-08,4.59665194818469e-08,"Upregulated"
"ENSG00000261572.3","ENSG00000261572","ENSG00000261572","lncRNA",20.0084279218348,-1.87629443059715,0.333105551479152,-5.63273239447823,1.77376583847522e-08,4.63327587079719e-08,"Downregulated"
"ENSG00000165807.10","ENSG00000165807","PPP1R36","protein_coding",17.2098966538088,-2.20385573178887,0.391265086709565,-5.63264090420822,1.77470740272256e-08,4.63489992435671e-08,"Downregulated"
"ENSG00000067057.21","ENSG00000067057","PFKP","protein_coding",481.905206890683,1.11388258862504,0.197757180144663,5.63257722329079,1.77536305587123e-08,4.63577682985332e-08,"Upregulated"
"ENSG00000185522.11","ENSG00000185522","LMNTD2","protein_coding",25.2232823274334,-1.7355926347987,0.308171704077891,-5.63190134536175,1.78233634841064e-08,4.65314688545613e-08,"Downregulated"
"ENSG00000243244.9","ENSG00000243244","STON1","protein_coding",78.0693598698075,2.56230253810417,0.455145793200283,5.62963027755955,1.80596321068464e-08,4.71143453631717e-08,"Upregulated"
"ENSG00000237523.3","ENSG00000237523","LINC00857","lncRNA",56.1970175184615,-1.21859226312731,0.217309569655405,-5.60763276582654,2.05112660201042e-08,5.33373886889199e-08,"Downregulated"
"ENSG00000260807.8","ENSG00000260807","CEROX1","lncRNA",33.7543326655286,-1.70542266821771,0.30432388614739,-5.60397243150259,2.09494043008636e-08,5.44571779602001e-08,"Downregulated"
"ENSG00000187994.15","ENSG00000187994","RINL","protein_coding",25.3181943751469,1.88670387788623,0.336805501700532,5.6017608630508,2.12185156725116e-08,5.51171767567732e-08,"Upregulated"
"ENSG00000127564.19","ENSG00000127564","PKMYT1","protein_coding",292.385670435781,-1.16148270007465,0.207360711647384,-5.60126694612116,2.12790740518114e-08,5.52645772686113e-08,"Downregulated"
"ENSG00000278834.3","ENSG00000278834","ENSG00000278834","lncRNA",16.5949114410954,-4.89278498914928,0.873758312663938,-5.59970064746167,2.14722272222685e-08,5.57362559385841e-08,"Downregulated"
"ENSG00000122507.23","ENSG00000122507","BBS9","protein_coding",29.0664910347308,-1.44800059408441,0.258623700341167,-5.59887045222174,2.15752944678153e-08,5.59837363343921e-08,"Downregulated"
"ENSG00000227354.8","ENSG00000227354","RBM26-AS1","lncRNA",45.879038282021,-1.55788480452975,0.278291077601468,-5.59804079224109,2.16787749848221e-08,5.62321115231863e-08,"Downregulated"
"ENSG00000172296.15","ENSG00000172296","SPTLC3","protein_coding",43.1485846478863,-2.00522018562585,0.358264088227047,-5.59704489375185,2.1803626212912e-08,5.65357221466309e-08,"Downregulated"
"ENSG00000111490.15","ENSG00000111490","TBC1D30","protein_coding",26.1277921527795,-1.50792212474837,0.269456686783865,-5.59615774522564,2.19154315671868e-08,5.68154623026245e-08,"Downregulated"
"ENSG00000084731.17","ENSG00000084731","KIF3C","protein_coding",205.842258968271,1.11186103174301,0.198709507856934,5.59540931752254,2.20101868746603e-08,5.70509082789443e-08,"Upregulated"
"ENSG00000215440.14","ENSG00000215440","NPEPL1","protein_coding",246.503245755668,-1.29960888446524,0.232518205679586,-5.58927796929638,2.28015705150564e-08,5.90599392143338e-08,"Downregulated"
"ENSG00000182405.6","ENSG00000182405","PGBD4","protein_coding",17.8724123924822,-3.38036400659631,0.604838969663088,-5.5888660885711,2.28557114283124e-08,5.91895943565232e-08,"Downregulated"
"ENSG00000178096.11","ENSG00000178096","BOLA1","protein_coding",47.7977087145397,-1.3630371797985,0.24398850833355,-5.5864810564567,2.3171681108536e-08,5.99864241916584e-08,"Downregulated"
"ENSG00000129455.18","ENSG00000129455","KLK8","protein_coding",5.04404461471383,4.27928319930771,0.766070034632318,5.58602086735005,2.3233133151018e-08,6.01240295758131e-08,"Upregulated"
"ENSG00000100228.16","ENSG00000100228","RAB36","protein_coding",12.8198119327359,-5.90267285336972,1.05675789307306,-5.58564349702152,2.32836438820741e-08,6.02324554613142e-08,"Downregulated"
"ENSG00000170271.13","ENSG00000170271","FAXDC2","protein_coding",15.8071509998861,2.8693481442106,0.513935414609381,5.58309091501598,2.36281147527104e-08,6.10589584515475e-08,"Upregulated"
"ENSG00000169903.9","ENSG00000169903","TM4SF4","protein_coding",22.8874579209709,-2.20519055822365,0.395083230165403,-5.58158481518042,2.38336777892551e-08,6.15791867573339e-08,"Downregulated"
"ENSG00000144029.16","ENSG00000144029","MRPS5","protein_coding",61.9589184101043,1.03494210724814,0.185427390855604,5.5813874232533,2.38607475383513e-08,6.16381378477338e-08,"Upregulated"
"ENSG00000164620.11","ENSG00000164620","RELL2","protein_coding",55.0916579910237,-1.41623305445436,0.253746716053427,-5.58128623881842,2.38746352409994e-08,6.16630215492004e-08,"Downregulated"
"ENSG00000158125.12","ENSG00000158125","XDH","protein_coding",17.2467859554335,-2.20626238844434,0.395566878776374,-5.57746997238261,2.44041893331551e-08,6.30082864450532e-08,"Downregulated"
"ENSG00000171806.14","ENSG00000171806","METTL18","protein_coding",46.1350212611616,-1.41906360147881,0.25472246070052,-5.57101873771242,2.53254086170889e-08,6.53285549446159e-08,"Downregulated"
"ENSG00000161277.13","ENSG00000161277","THAP8","protein_coding",55.8342398712876,1.09466314747805,0.19661823178366,5.56745494834127,2.58486878724637e-08,6.66309471091683e-08,"Upregulated"
"ENSG00000248866.2","ENSG00000248866","USP46-DT","lncRNA",6.40544678528047,-6.08269090693119,1.09406004614621,-5.55974137649688,2.70174703168165e-08,6.95249616968565e-08,"Downregulated"
"ENSG00000090924.17","ENSG00000090924","PLEKHG2","protein_coding",101.216294570527,-2.48986565630778,0.447858170426217,-5.55949588669607,2.70554972629745e-08,6.96055860704823e-08,"Downregulated"
"ENSG00000273265.2","ENSG00000273265","CNNM3-DT","lncRNA",14.8458941359506,-3.17563216566517,0.571920531160963,-5.55257591333335,2.81490406754976e-08,7.23162378070042e-08,"Downregulated"
"ENSG00000168899.7","ENSG00000168899","VAMP5","protein_coding",49.7874885530168,1.56141480467482,0.281265521185969,5.55139072180281,2.83405853830677e-08,7.27825205336554e-08,"Upregulated"
"ENSG00000184719.14","ENSG00000184719","RNLS","protein_coding",79.8822275269458,-1.15825032817011,0.20872588421899,-5.54914562946541,2.87068986851532e-08,7.36971436218317e-08,"Downregulated"
"ENSG00000196408.14","ENSG00000196408","NOXO1","protein_coding",53.3082535296691,1.4082187752177,0.253812138056851,5.54827198572464,2.8850682100926e-08,7.40531500188841e-08,"Upregulated"
"ENSG00000272142.5","ENSG00000272142","LYRM4-AS1","lncRNA",25.6618964003374,-1.59752423887853,0.288113019433652,-5.54478323131252,2.9431856041441e-08,7.5504772128264e-08,"Downregulated"
"ENSG00000138678.13","ENSG00000138678","GPAT3","protein_coding",194.427780735119,1.31217390783723,0.236915745274657,5.53856775671885,3.04955263394059e-08,7.81643381164964e-08,"Upregulated"
"ENSG00000175147.13","ENSG00000175147","TMEM51-AS1","lncRNA",56.6454291634623,-1.27843374193811,0.231441696065804,-5.52378315433113,3.31776905767017e-08,8.4903954059255e-08,"Downregulated"
"ENSG00000198440.11","ENSG00000198440","ZNF583","protein_coding",8.93616146256212,-4.29092095346846,0.776848297349927,-5.5234992058374,3.32313794738381e-08,8.50263332159006e-08,"Downregulated"
"ENSG00000133106.17","ENSG00000133106","EPSTI1","protein_coding",166.379594673163,1.00354324052036,0.181836351893394,5.51893628568128,3.41057814241462e-08,8.72020085389426e-08,"Upregulated"
"ENSG00000197168.16","ENSG00000197168","NEK5","protein_coding",7.26222120023166,-3.24421947510817,0.587946481131882,-5.51788228898415,3.43109115694439e-08,8.76955432917779e-08,"Downregulated"
"ENSG00000197774.15","ENSG00000197774","EME2","protein_coding",37.6482186371513,-2.35826227502073,0.427594639635414,-5.51518203556407,3.48419134194078e-08,8.90056423892224e-08,"Downregulated"
"ENSG00000214026.13","ENSG00000214026","MRPL23","protein_coding",23.8813810980577,-1.42240923477671,0.257962497190041,-5.5140156040931,3.50737482411786e-08,8.95820866251604e-08,"Downregulated"
"ENSG00000260710.5","ENSG00000260710","UBE2I-AS1","lncRNA",5.28964653849363,4.33573768674356,0.786423709845634,5.51323368365206,3.52299962578282e-08,8.99494548570201e-08,"Upregulated"
"ENSG00000148842.20","ENSG00000148842","CNNM2","protein_coding",183.875493680358,1.00958227150069,0.183146948624617,5.51241655447919,3.53940012414012e-08,9.03363624498744e-08,"Upregulated"
"ENSG00000186222.5","ENSG00000186222","BLOC1S4","protein_coding",59.1872754187188,-1.13455525895346,0.205838554942046,-5.51186952936438,3.55042075155696e-08,9.06016860918532e-08,"Downregulated"
"ENSG00000089091.19","ENSG00000089091","DZANK1","protein_coding",7.07815108168647,-3.55822613806704,0.645640427691341,-5.51115758161307,3.56481384432057e-08,9.09529616758692e-08,"Downregulated"
"ENSG00000134986.16","ENSG00000134986","NREP","protein_coding",9.65806547138042,-2.44023770711008,0.442903079837611,-5.50964266946344,3.59562863765408e-08,9.17068817614976e-08,"Downregulated"
"ENSG00000268234.1","ENSG00000268234","FKBP4P6","processed_pseudogene",56.4066358060645,1.10731962810042,0.201013210559684,5.50869082194794,3.61512213525344e-08,9.21716220691288e-08,"Upregulated"
"ENSG00000247516.9","ENSG00000247516","MIR4458HG","lncRNA",38.6088145688469,1.23744849021371,0.224689038156419,5.50738256021307,3.6420822009956e-08,9.28263370679356e-08,"Upregulated"
"ENSG00000230002.3","ENSG00000230002","ALMS1-IT1","lncRNA",16.096802873835,2.13263210436817,0.387249459165879,5.5071273926677,3.6473632559207e-08,9.2944589950418e-08,"Upregulated"
"ENSG00000227268.5","ENSG00000227268","KLLN","protein_coding",10.2932108106056,-5.86253943144439,1.06514166419328,-5.50399972935485,3.71270116836554e-08,9.45596930262802e-08,"Downregulated"
"ENSG00000159184.9","ENSG00000159184","HOXB13","protein_coding",45.3316953590544,-1.18105839123697,0.214585449285742,-5.50390716224318,3.7146521180448e-08,9.45927578539893e-08,"Downregulated"
"ENSG00000280033.1","ENSG00000280033","ENSG00000280033","TEC",7.33074835846302,4.01318460302458,0.72978004303885,5.49917011475598,3.81582867793832e-08,9.70720780781697e-08,"Upregulated"
"ENSG00000137198.12","ENSG00000137198","GMPR","protein_coding",33.3477246089111,1.36537513431946,0.248576476032888,5.49277693573393,3.95662414908796e-08,1.00507269357726e-07,"Upregulated"
"ENSG00000181722.20","ENSG00000181722","ZBTB20","protein_coding",31.0765512424648,1.6729850076289,0.304647197430764,5.49154898432675,3.98423783433401e-08,1.0115552679602e-07,"Upregulated"
"ENSG00000169683.10","ENSG00000169683","LRRC45","protein_coding",124.903102551063,-2.18003738613638,0.39733426554068,-5.48665840125782,4.09608130158164e-08,1.03849563020506e-07,"Downregulated"
"ENSG00000254612.2","ENSG00000254612","DNAJB6P1","processed_pseudogene",53.4512357401553,1.0425192223352,0.190108889410342,5.48380049753994,4.16284213779439e-08,1.05486812836014e-07,"Upregulated"
"ENSG00000256806.6","ENSG00000256806","C17orf100","protein_coding",18.3415047557074,-2.13326557815428,0.389229127856904,-5.48074495323627,4.23538672156001e-08,1.07213094918e-07,"Downregulated"
"ENSG00000059804.20","ENSG00000059804","SLC2A3","protein_coding",33.044466660366,2.54494749645,0.464483120282712,5.47909576326692,4.27504950703228e-08,1.0817883264521e-07,"Upregulated"
"ENSG00000137404.17","ENSG00000137404","NRM","protein_coding",96.8678036541961,-1.3511510522183,0.246841057587517,-5.47376949938423,4.40562042471028e-08,1.11327377846384e-07,"Downregulated"
"ENSG00000278385.1","ENSG00000278385","ENSG00000278385","lncRNA",12.0217420011124,-5.64123190839972,1.03063177909173,-5.47356681876354,4.41066464982395e-08,1.11435411620029e-07,"Downregulated"
"ENSG00000132879.16","ENSG00000132879","FBXO44","protein_coding",115.998937634655,1.0972300072506,0.200525865013973,5.4717629926401,4.45580483006146e-08,1.12517030139834e-07,"Upregulated"
"ENSG00000277476.1","ENSG00000277476","ENSG00000277476","lncRNA",18.8155683241601,1.7234048911486,0.315071599239126,5.46988333861412,4.50331901641552e-08,1.13657435015489e-07,"Upregulated"
"ENSG00000143951.18","ENSG00000143951","WDPCP","protein_coding",32.4865774262466,-1.53691904101902,0.281078268987583,-5.46793975412916,4.55296567711145e-08,1.14870436268627e-07,"Downregulated"
"ENSG00000132801.9","ENSG00000132801","ZSWIM3","protein_coding",78.5023523127118,-1.06422920343073,0.194694929512632,-5.46613723374692,4.59948297555517e-08,1.15983482306848e-07,"Downregulated"
"ENSG00000075131.12","ENSG00000075131","TIPIN","protein_coding",64.7897129444685,-1.39532549949433,0.255565452707946,-5.45975790041105,4.76784285684829e-08,1.20124441379425e-07,"Downregulated"
"ENSG00000196338.17","ENSG00000196338","NLGN3","protein_coding",14.1593251862652,2.33915705358966,0.428710813629617,5.45625857623123,4.86271659864969e-08,1.223870943863e-07,"Upregulated"
"ENSG00000175874.11","ENSG00000175874","CREG2","protein_coding",20.6909408663947,2.16237909831405,0.396608229956681,5.45217909005628,4.97563086537582e-08,1.25120323617953e-07,"Upregulated"
"ENSG00000246228.8","ENSG00000246228","CASC8","lncRNA",5.76219968211029,3.5803421960633,0.656747647102853,5.45162546353605,4.99114894186426e-08,1.25488775963735e-07,"Upregulated"
"ENSG00000166133.20","ENSG00000166133","RPUSD2","protein_coding",112.421300671332,-1.02469263702638,0.187979267897012,-5.45109388120278,5.0060932635127e-08,1.25842677493193e-07,"Downregulated"
"ENSG00000176896.11","ENSG00000176896","TCEANC","protein_coding",28.1602639829939,-1.65163998001035,0.303014681989116,-5.45069291417926,5.01739429582344e-08,1.26104887504463e-07,"Downregulated"
"ENSG00000272205.3","ENSG00000272205","POU2F1-DT","lncRNA",5.72766729544193,3.86422743504356,0.708988515745579,5.45033854459533,5.02740258628131e-08,1.2633452103414e-07,"Upregulated"
"ENSG00000128408.10","ENSG00000128408","RIBC2","protein_coding",19.7045024990244,-5.82757735352114,1.06928949583212,-5.44995286705415,5.03831708232185e-08,1.26586843198697e-07,"Downregulated"
"ENSG00000162783.11","ENSG00000162783","IER5","protein_coding",400.786239852301,1.01436514423792,0.18617805877694,5.44836030035755,5.08362970662982e-08,1.27703175088368e-07,"Upregulated"
"ENSG00000230658.3","ENSG00000230658","KLHL7-DT","lncRNA",6.83000694259398,-4.3750332103691,0.803106693465525,-5.44763634267594,5.10435852290714e-08,1.28179455404558e-07,"Downregulated"
"ENSG00000264424.1","ENSG00000264424","MYH4","protein_coding",13.5841961452868,-5.91573581500911,1.0859795624769,-5.44737306245109,5.11191722437253e-08,1.28347027747066e-07,"Downregulated"
"ENSG00000229152.2","ENSG00000229152","ANKRD10-IT1","lncRNA",28.9617105814131,1.30564598612016,0.239759092447776,5.44565785927201,5.16142645441352e-08,1.29522757017075e-07,"Upregulated"
"ENSG00000173080.6","ENSG00000173080","RXFP4","protein_coding",20.5706673719347,-4.81149684109281,0.883711457173848,-5.44464689467784,5.19082523879601e-08,1.30237949031565e-07,"Downregulated"
"ENSG00000100918.16","ENSG00000100918","REC8","protein_coding",7.88504394617237,2.73511280002519,0.502387519088849,5.44422919778283,5.20301915967375e-08,1.30521297666595e-07,"Upregulated"
"ENSG00000233654.3","ENSG00000233654","NEMP2-DT","lncRNA",31.1748325674483,-4.36472531678033,0.804601143839044,-5.42470682548951,5.80497390969096e-08,1.45119340864657e-07,"Downregulated"
"ENSG00000138111.16","ENSG00000138111","SLC68A1","protein_coding",47.406724308667,-1.52482791564909,0.281199131768264,-5.42259112274109,5.87412526240673e-08,1.46797419042591e-07,"Downregulated"
"ENSG00000198816.9","ENSG00000198816","ZNF358","protein_coding",180.284934807199,-1.06634268583156,0.196697953853944,-5.42121900578265,5.91939863817659e-08,1.47903319076647e-07,"Downregulated"
"ENSG00000185100.14","ENSG00000185100","ADSS1","protein_coding",20.1997110987228,1.62408858902789,0.299619777659981,5.42049861231443,5.94330338757242e-08,1.48475008951387e-07,"Upregulated"
"ENSG00000165914.17","ENSG00000165914","TTC7B","protein_coding",68.0008124662548,1.16868441265719,0.215639418819245,5.41962327229613,5.97247561415886e-08,1.49152363605704e-07,"Upregulated"
"ENSG00000177045.12","ENSG00000177045","SIX5","protein_coding",46.9352601275115,-1.1189757868031,0.206520336550889,-5.4182353442339,6.01901534043494e-08,1.50288715219819e-07,"Downregulated"
"ENSG00000288061.4","ENSG00000288061","ENSG00000288061","lncRNA",10.6713272871275,2.23494532198293,0.412642464304042,5.41617869055809,6.08862537176099e-08,1.51869808756558e-07,"Upregulated"
"ENSG00000086730.19","ENSG00000086730","LAT2","protein_coding",16.2265792352866,-2.26934590957836,0.419330718051496,-5.41182844920909,6.2384440444628e-08,1.55526459818261e-07,"Downregulated"
"ENSG00000132423.14","ENSG00000132423","COQ3","protein_coding",69.5140429181566,-1.26404100395807,0.233666469786756,-5.40959515976611,6.31673794779164e-08,1.57424189749607e-07,"Downregulated"
"ENSG00000254589.1","ENSG00000254589","EIF4A2P3","processed_pseudogene",6.52716817276978,3.53167573036786,0.653355197513333,5.40544522154168,6.46476067126328e-08,1.61030099085506e-07,"Upregulated"
"ENSG00000021826.20","ENSG00000021826","CPS1","protein_coding",11.0661379941214,-2.14965613424639,0.39774363726931,-5.40462733484499,6.49432741268029e-08,1.61683203684183e-07,"Downregulated"
"ENSG00000260265.2","ENSG00000260265","LINC02562","lncRNA",42.597414128998,-1.27500404922945,0.23597914566499,-5.40303697446013,6.55219468808565e-08,1.63095852661864e-07,"Downregulated"
"ENSG00000023572.11","ENSG00000023572","GLRX2","protein_coding",135.804323699162,-1.02747595708504,0.190335239116178,-5.39824344591218,6.72965124117702e-08,1.67455538782859e-07,"Downregulated"
"ENSG00000112146.18","ENSG00000112146","FBXO9","protein_coding",285.499094062403,-1.14421661766687,0.211970070733721,-5.39801026487484,6.73840131851352e-08,1.67644483962057e-07,"Downregulated"
"ENSG00000118557.17","ENSG00000118557","PMFBP1","protein_coding",25.3783860971756,-2.70370408127807,0.501151818184452,-5.39498009021082,6.85311511641088e-08,1.70469179998329e-07,"Downregulated"
"ENSG00000196542.11","ENSG00000196542","SPTSSB","protein_coding",7.76516584228684,-3.44928521665484,0.639653931749345,-5.39242400530803,6.95135014927222e-08,1.72823754268748e-07,"Downregulated"
"ENSG00000280202.1","ENSG00000280202","ENSG00000280202","TEC",11.1441348994636,-3.02779887142384,0.561491237784574,-5.39242408015191,6.95134725301327e-08,1.72823754268748e-07,"Downregulated"
"ENSG00000189144.17","ENSG00000189144","ZNF573","protein_coding",40.5058186493925,-1.13924097755021,0.211277682963705,-5.39215009162099,6.96195771441813e-08,1.73057789360802e-07,"Downregulated"
"ENSG00000228887.3","ENSG00000228887","EEF1DP1","processed_pseudogene",54.6228867216133,1.00600443376276,0.186674457760344,5.38908453696584,7.08174905260346e-08,1.75896340653918e-07,"Upregulated"
"ENSG00000153814.15","ENSG00000153814","JAZF1","protein_coding",33.2352569163272,1.23447599087678,0.229076687755547,5.38892020384943,7.08822669382541e-08,1.76015389388139e-07,"Upregulated"
"ENSG00000103540.19","ENSG00000103540","CCP110","protein_coding",126.846434611112,-1.14697231319399,0.212915377182919,-5.38698673796869,7.16487186772545e-08,1.77888167049987e-07,"Downregulated"
"ENSG00000057593.16","ENSG00000057593","F7","protein_coding",17.1588757129591,-1.94782050772817,0.361807759548601,-5.38357858924396,7.30193443372365e-08,1.81229035474436e-07,"Downregulated"
"ENSG00000149679.14","ENSG00000149679","CABLES2","protein_coding",250.677409889246,-1.1026621535595,0.20489837619294,-5.38150752605865,7.3864614834485e-08,1.83264166783317e-07,"Downregulated"
"ENSG00000204335.5","ENSG00000204335","SP5","protein_coding",257.609372450872,-1.39651912700958,0.259533995295827,-5.38087168664657,7.41260182640898e-08,1.83881249004312e-07,"Downregulated"
"ENSG00000168903.11","ENSG00000168903","BTNL3","protein_coding",9.35833326185592,-5.76232485469559,1.0709178583767,-5.38073467504792,7.41824630757258e-08,1.83989774926137e-07,"Downregulated"
"ENSG00000083720.15","ENSG00000083720","OXCT1","protein_coding",34.0411256544228,-1.09111640170159,0.202867815956573,-5.3784598437002,7.51257335728758e-08,1.86297421447316e-07,"Downregulated"
"ENSG00000183696.16","ENSG00000183696","UPP1","protein_coding",170.992409978968,1.1849936204196,0.220408009063603,5.37636370590163,7.6005184182368e-08,1.88349372293242e-07,"Upregulated"
"ENSG00000198890.9","ENSG00000198890","PRMT6","protein_coding",53.6479512550008,-5.52751087462128,1.02858594892971,-5.37389304255312,7.70545756656106e-08,1.90851975823967e-07,"Downregulated"
"ENSG00000183401.14","ENSG00000183401","CCDC159","protein_coding",28.4452366131906,-1.35724343134445,0.252657542332485,-5.37186983936693,7.79243499538903e-08,1.92973287684856e-07,"Downregulated"
"ENSG00000105711.16","ENSG00000105711","SCN1B","protein_coding",5.52091149373417,3.64409604030473,0.680582815126916,5.35437563116425,8.58523463175952e-08,2.12171248778068e-07,"Upregulated"
"ENSG00000277151.1","ENSG00000277151","ENSG00000277151","lncRNA",10.5671861889604,1.94106324685122,0.362546366476006,5.35397241935862,8.60439811492308e-08,2.12572344837138e-07,"Upregulated"
"ENSG00000228544.1","ENSG00000228544","CCDC183-AS1","lncRNA",19.2619366375748,-6.64051559160417,1.24086144582521,-5.35153671986968,8.72104362009741e-08,2.15343949808233e-07,"Downregulated"
"ENSG00000221886.6","ENSG00000221886","FAM200C","protein_coding",35.1447805745873,-1.38565234767687,0.258988117648769,-5.35025452231767,8.78306162556067e-08,2.16838380030026e-07,"Downregulated"
"ENSG00000153029.18","ENSG00000153029","MR1","protein_coding",106.517432457345,-1.73538911096074,0.324514647048636,-5.34764494220397,8.9106048011271e-08,2.197999740901e-07,"Downregulated"
"ENSG00000285410.1","ENSG00000285410","GABPB1-IT1","lncRNA",47.5632297507587,-1.74030744511181,0.325530685427413,-5.34606266941268,8.98880965752148e-08,2.21578209826163e-07,"Downregulated"
"ENSG00000179431.7","ENSG00000179431","FJX1","protein_coding",29.2666111986282,-2.36661129930127,0.442895888891597,-5.34349349058988,9.11721049765342e-08,2.24666918095551e-07,"Downregulated"
"ENSG00000120784.19","ENSG00000120784","ZFP30","protein_coding",26.0906028980778,-1.46344096722507,0.273905509462619,-5.34286794776865,9.14874127884425e-08,2.25367259243602e-07,"Downregulated"
"ENSG00000142623.12","ENSG00000142623","PADI1","protein_coding",44.9887189947861,2.80541686453172,0.525336294803477,5.34023042436312,9.28285175255192e-08,2.28632031947625e-07,"Upregulated"
"ENSG00000196123.15","ENSG00000196123","MATCAP1","protein_coding",40.5177000198485,-1.28433171393537,0.240532933147881,-5.33952543265978,9.31901967373659e-08,2.29483828567189e-07,"Downregulated"
"ENSG00000113916.19","ENSG00000113916","BCL6","protein_coding",242.361795040638,2.17922300827438,0.408211404824164,5.33846674179297,9.3735896681948e-08,2.30749212623542e-07,"Upregulated"
"ENSG00000267259.3","ENSG00000267259","ERVE-1","lncRNA",63.3777156120953,-1.0810627270937,0.202512792844519,-5.33824412724234,9.38510358660268e-08,2.30993412325146e-07,"Downregulated"
"ENSG00000183929.7","ENSG00000183929","DUSP5P1","processed_pseudogene",5.63884389069196,3.39504159308877,0.636172877482898,5.33666510040745,9.46716682087212e-08,2.32934094343088e-07,"Upregulated"
"ENSG00000186889.12","ENSG00000186889","TMEM17","protein_coding",8.63283007554873,-2.84152331943945,0.532583446857367,-5.33535793537431,9.53562633822757e-08,2.34538860987091e-07,"Downregulated"
"ENSG00000153896.20","ENSG00000153896","ZNF599","protein_coding",10.0873833792735,-2.89191438771751,0.542599893487587,-5.3297363719141,9.83554333695142e-08,2.41710520670002e-07,"Downregulated"
"ENSG00000178567.8","ENSG00000178567","EPM2AIP1","protein_coding",144.300130304706,-1.18513713656325,0.222365347209154,-5.32968446494736,9.8383547312677e-08,2.41738617778114e-07,"Downregulated"
"ENSG00000295208.1","ENSG00000295208","ENSG00000295208","lncRNA",9.36672207925225,2.59769963237699,0.487534115280344,5.32824175982691,9.91680679208132e-08,2.43624960215024e-07,"Upregulated"
"ENSG00000115590.16","ENSG00000115590","IL1R2","protein_coding",174.442474862504,-1.12316512557038,0.210822029560541,-5.32755105295033,9.95458038015243e-08,2.4442863244522e-07,"Downregulated"
"ENSG00000158486.16","ENSG00000158486","DNAH3","protein_coding",56.4383739745389,-4.12074358858154,0.775038450516239,-5.31682471474387,1.0559370011376e-07,2.58927902207886e-07,"Downregulated"
"ENSG00000170175.12","ENSG00000170175","CHRNB1","protein_coding",67.4976042177788,1.00150801476501,0.188367050614489,5.31678980744189,1.05613950938365e-07,2.58933746743153e-07,"Upregulated"
"ENSG00000258457.6","ENSG00000258457","AJUBA-DT","lncRNA",5.0146158520623,-5.86827062706685,1.10412678516875,-5.31485215818761,1.06743956576876e-07,2.61571426904309e-07,"Downregulated"
"ENSG00000268996.3","ENSG00000268996","MAN1B1-DT","lncRNA",19.3182113691482,-2.87887916530456,0.54210838445502,-5.31052322350389,1.0931095347313e-07,2.6781645608328e-07,"Downregulated"
"ENSG00000245571.8","ENSG00000245571","FAM111A-DT","lncRNA",49.939834278858,-1.21049982158922,0.22809480251518,-5.30700308924692,1.11442289966923e-07,2.72761639284014e-07,"Downregulated"
"ENSG00000172638.15","ENSG00000172638","EFEMP2","protein_coding",9.31936384175797,2.13448496534491,0.402226775275319,5.306670506666,1.1164572549175e-07,2.73213416721791e-07,"Upregulated"
"ENSG00000139567.16","ENSG00000139567","ACVRL1","protein_coding",53.9354393474779,-1.47845143087868,0.278735536272955,-5.30413685548472,1.13207361154897e-07,2.76988194809517e-07,"Downregulated"
"ENSG00000261559.1","ENSG00000261559","FSCN1P1","transcribed_processed_pseudogene",6.33812388998099,3.40572844409703,0.64212340350916,5.30385347346781,1.1338333454907e-07,2.77371925098772e-07,"Upregulated"
"ENSG00000187624.10","ENSG00000187624","LIAT1","protein_coding",11.1247870512703,-3.59927469167662,0.679015795208885,-5.30072307164722,1.15344935962154e-07,2.81980231437843e-07,"Downregulated"
"ENSG00000197016.14","ENSG00000197016","ZNF470","protein_coding",18.9925108956461,-1.73977430669866,0.328223313287978,-5.3005811478486,1.15434643349153e-07,2.82151939857637e-07,"Downregulated"
"ENSG00000234614.2","ENSG00000234614","C2CD4D-AS1","lncRNA",10.8348535876666,-3.29070983644326,0.620850037286491,-5.30032961071526,1.15593801169219e-07,2.82493316449295e-07,"Downregulated"
"ENSG00000102879.19","ENSG00000102879","CORO1A","protein_coding",85.4720324088151,-3.187203917599,0.601420702485539,-5.29945827342988,1.16146775346534e-07,2.83796841733597e-07,"Downregulated"
"ENSG00000289727.1","ENSG00000289727","ENSG00000289727","lncRNA",6.27532305526582,3.25689305977997,0.614890294565205,5.29670591415489,1.17910361415876e-07,2.88057477686931e-07,"Upregulated"
"ENSG00000156587.17","ENSG00000156587","UBE2L6","protein_coding",15.9476761524143,1.57674518745942,0.297807797340471,5.29450605907675,1.19338532638088e-07,2.91448266766291e-07,"Upregulated"
"ENSG00000108187.18","ENSG00000108187","PBLD","protein_coding",25.9329424047256,-2.45088970374755,0.463091487019484,-5.29245251196861,1.20686814483288e-07,2.94294685426857e-07,"Downregulated"
"ENSG00000169826.10","ENSG00000169826","CSGALNACT2","protein_coding",64.7606793295215,1.21596492401916,0.229805381994329,5.29128131580994,1.21462365599964e-07,2.96086224100029e-07,"Upregulated"
"ENSG00000182489.10","ENSG00000182489","XKRX","protein_coding",19.6210433053542,-2.12386608811832,0.401672174918227,-5.28756090349226,1.23958095987422e-07,3.01966839309081e-07,"Downregulated"
"ENSG00000259673.7","ENSG00000259673","IQCH-AS1","lncRNA",36.6797786008465,-1.49606850195201,0.283042930589664,-5.28565931265357,1.25252811341965e-07,3.05018272889893e-07,"Downregulated"
"ENSG00000106526.14","ENSG00000106526","ACTR3C","protein_coding",16.4875390540794,-2.3296895995233,0.441056443908931,-5.28206680051212,1.27734603638833e-07,3.10800852238745e-07,"Downregulated"
"ENSG00000120318.18","ENSG00000120318","ARAP3","protein_coding",79.106282537723,-1.57718189904657,0.2986776944422,-5.28054799000662,1.2879808236814e-07,3.13283284605419e-07,"Downregulated"
"ENSG00000115318.14","ENSG00000115318","LOXL3","protein_coding",17.7047965308792,-2.33476936999576,0.442261145018645,-5.27916457571087,1.29774206746011e-07,3.15498708968829e-07,"Downregulated"
"ENSG00000280417.1","ENSG00000280417","ENSG00000280417","TEC",5.86223858951326,-5.85213395061175,1.10997036954144,-5.27233348853214,1.34700029368482e-07,3.27364216939131e-07,"Downregulated"
"ENSG00000078579.10","ENSG00000078579","FGF20","protein_coding",17.9996387998728,-2.44594155246353,0.464278169523009,-5.26826741601148,1.37717387847612e-07,3.34360928913989e-07,"Downregulated"
"ENSG00000129295.12","ENSG00000129295","DNAAF11","protein_coding",11.1461534431393,-2.22414957574201,0.422258730568957,-5.26726723387143,1.38469564666548e-07,3.36130809237456e-07,"Downregulated"
"ENSG00000115423.20","ENSG00000115423","DNAH6","protein_coding",8.53704129318524,-2.51953895193739,0.478462699121391,-5.26590464954544,1.39500679592569e-07,3.38520403324768e-07,"Downregulated"
"ENSG00000204540.11","ENSG00000204540","PSORS1C1","protein_coding",18.4436417410943,1.56081655090539,0.296519172476549,5.26379639424103,1.41110720166846e-07,3.42198218985597e-07,"Upregulated"
"ENSG00000305513.1","ENSG00000305513","ENSG00000305513","lncRNA",10.7456471364149,1.97738349327065,0.37568879428684,5.2633549984483,1.41450075191138e-07,3.42963776086662e-07,"Upregulated"
"ENSG00000031081.13","ENSG00000031081","ARHGAP31","protein_coding",22.4541770838452,-1.48308789117191,0.282319280682697,-5.25322920767418,1.49455351348394e-07,3.61828759061297e-07,"Downregulated"
"ENSG00000139192.14","ENSG00000139192","TAPBPL","protein_coding",58.3472371495247,-1.18244888702034,0.225233418471064,-5.24988207809956,1.52196607904345e-07,3.68157776957063e-07,"Downregulated"
"ENSG00000171097.16","ENSG00000171097","KYAT1","protein_coding",7.22328239135476,3.13326812822617,0.596959331430679,5.24871287415333,1.5316558127461e-07,3.70254479371416e-07,"Upregulated"
"ENSG00000105270.17","ENSG00000105270","CLIP3","protein_coding",10.0591904722732,2.00006524740435,0.381075220667698,5.2484788801013,1.53360218145424e-07,3.70663155664357e-07,"Upregulated"
"ENSG00000243989.11","ENSG00000243989","ACY1","protein_coding",16.2456387236819,-2.12803719542046,0.405474435014162,-5.24826477739869,1.53538518880622e-07,3.70970359389458e-07,"Downregulated"
"ENSG00000273748.1","ENSG00000273748","ENSG00000273748","protein_coding",22.3558865560066,1.46012846583256,0.278238671035721,5.24775531883239,1.53963592887193e-07,3.71935387251408e-07,"Upregulated"
"ENSG00000179240.14","ENSG00000179240","GVQW3","protein_coding",27.1490221303298,-1.62086420918982,0.308875351378394,-5.24763210128783,1.54066571984921e-07,3.7212212686758e-07,"Downregulated"
"ENSG00000163704.15","ENSG00000163704","PRRT3","protein_coding",14.7327268704114,-2.59736687568542,0.495406166752828,-5.2429038029745,1.58068960577674e-07,3.81407821626982e-07,"Downregulated"
"ENSG00000087085.18","ENSG00000087085","ACHE","protein_coding",5.33609387440672,3.41429833859977,0.65145700799465,5.24101866539106,1.59692559338037e-07,3.85197165433893e-07,"Upregulated"
"ENSG00000105982.19","ENSG00000105982","RNF32","protein_coding",41.7810571476024,-1.52466628884492,0.290996933153437,-5.23945827305678,1.61048654775333e-07,3.88338952579721e-07,"Downregulated"
"ENSG00000243232.7","ENSG00000243232","PCDHAC2","protein_coding",6.25933668916747,-3.84496937009625,0.734104170228736,-5.23763455654831,1.62647713335683e-07,3.91933931104209e-07,"Downregulated"
"ENSG00000187391.24","ENSG00000187391","MAGI2","protein_coding",7.38043874007604,-3.74316998384824,0.714984124215348,-5.23531901908471,1.64700139030571e-07,3.96681804027096e-07,"Downregulated"
"ENSG00000116661.13","ENSG00000116661","FBXO2","protein_coding",126.817122177811,2.3046013711181,0.440209804139321,5.23523408485631,1.64775896428255e-07,3.967323959193e-07,"Upregulated"
"ENSG00000007952.20","ENSG00000007952","NOX1","protein_coding",104.052851476289,-2.37142314909488,0.453192345616246,-5.23270786021384,1.67044639817562e-07,4.01994506847577e-07,"Downregulated"
"ENSG00000272512.1","ENSG00000272512","ENSG00000272512","lncRNA",6.56984980291552,3.43269156150794,0.657202979549182,5.22318319959938,1.75873233995713e-07,4.22398890796465e-07,"Upregulated"
"ENSG00000172465.16","ENSG00000172465","TCEAL1","protein_coding",117.090148273088,1.06709389804921,0.204348924193482,5.22192080169143,1.77076704252759e-07,4.25218823203146e-07,"Upregulated"
"ENSG00000109576.16","ENSG00000109576","AADAT","protein_coding",38.4478526371631,-1.4008346140414,0.268388795281305,-5.2194228621696,1.79481548270111e-07,4.30779496113025e-07,"Downregulated"
"ENSG00000267532.7","ENSG00000267532","MIR497HG","lncRNA",22.1311375105814,1.57894347603587,0.302552631608286,5.21873985244366,1.80144580570644e-07,4.32299265048811e-07,"Upregulated"
"ENSG00000137561.7","ENSG00000137561","TTPA","protein_coding",78.1787713903256,-2.53592432317167,0.486325522551774,-5.21445864051213,1.84354828370976e-07,4.42183080561433e-07,"Downregulated"
"ENSG00000143816.9","ENSG00000143816","WNT9A","protein_coding",7.02200034798401,3.74455191451695,0.718146507270847,5.21418941205642,1.84622749342795e-07,4.42752421558131e-07,"Upregulated"
"ENSG00000181649.10","ENSG00000181649","PHLDA2","protein_coding",688.363143994341,1.03984085725022,0.199442761666076,5.21373073940486,1.85080061574242e-07,4.43775687017524e-07,"Upregulated"
"ENSG00000162755.16","ENSG00000162755","KLHDC9","protein_coding",11.5036841936006,-3.38553151846587,0.649603973405337,-5.21168536072574,1.87132737159011e-07,4.48549061678528e-07,"Downregulated"
"ENSG00000271858.5","ENSG00000271858","ENSG00000271858","lncRNA",8.80585570521327,2.4612267476387,0.472411246973614,5.20992411464786,1.88917884821147e-07,4.52528592864143e-07,"Upregulated"
"ENSG00000301902.1","ENSG00000301902","ENSG00000301902","lncRNA",6.02038132874801,5.62303369796468,1.0794835864944,5.20900342378095,1.8985761057142e-07,4.54704427764174e-07,"Upregulated"
"ENSG00000188825.17","ENSG00000188825","LINC00910","lncRNA",26.2246224337933,-1.51133524298967,0.290209959764608,-5.20773044528013,1.9116435299136e-07,4.57682769461555e-07,"Downregulated"
"ENSG00000124257.8","ENSG00000124257","NEURL2","protein_coding",12.6937209604235,-2.22856819372156,0.428110613660529,-5.2055896831577,1.93381522921528e-07,4.62914606901021e-07,"Downregulated"
"ENSG00000074211.15","ENSG00000074211","PPP2R2C","protein_coding",25.8093150699918,3.04548637715625,0.58511690420681,5.2049194874736,1.94080733378799e-07,4.64434938594047e-07,"Upregulated"
"ENSG00000187801.17","ENSG00000187801","ZFP69B","protein_coding",16.9037098973825,-2.10895384789683,0.405193054954723,-5.20481242733168,1.94192654589858e-07,4.64626044298534e-07,"Downregulated"
"ENSG00000128564.10","ENSG00000128564","VGF","protein_coding",25.9855531609292,-1.36963372964,0.26328823166332,-5.20203170869945,1.97121582316853e-07,4.71478126908043e-07,"Downregulated"
"ENSG00000231185.10","ENSG00000231185","SPRY4-AS1","lncRNA",12.7405322152181,-2.53322252079043,0.487005829150743,-5.2016266934791,1.97551730823044e-07,4.72428990608506e-07,"Downregulated"
"ENSG00000146205.17","ENSG00000146205","ANO7","protein_coding",17.9708494847701,-1.91397109768222,0.368051596543092,-5.20027929686791,1.98989279623602e-07,4.75788259413502e-07,"Downregulated"
"ENSG00000179846.11","ENSG00000179846","NKPD1","protein_coding",14.1876550246148,2.38781316381821,0.459337582283216,5.19838405546783,2.01028452719334e-07,4.80584681096765e-07,"Upregulated"
"ENSG00000231856.5","ENSG00000231856","ENSG00000231856","lncRNA",15.1627207937485,-2.78714210981637,0.536499086260059,-5.19505471900347,2.0465963410362e-07,4.88862274176637e-07,"Downregulated"
"ENSG00000103599.22","ENSG00000103599","IQCH","protein_coding",16.6454636761416,-1.65317783991621,0.318314676485317,-5.19353319856259,2.06340126714543e-07,4.92795174084896e-07,"Downregulated"
"ENSG00000177640.17","ENSG00000177640","CASC2","lncRNA",10.9089793054239,-5.91305645594043,1.13949877695493,-5.18917314833969,2.11229917167895e-07,5.04140968313098e-07,"Downregulated"
"ENSG00000154479.14","ENSG00000154479","CFAP210","protein_coding",6.16305077125836,-5.67172025625596,1.09412797534571,-5.18378140771318,2.17431754351892e-07,5.18345284432904e-07,"Downregulated"
"ENSG00000233757.8","ENSG00000233757","ZNF892","protein_coding",8.38186400345956,-2.49580161652269,0.481656800101503,-5.1817011947028,2.19871247929972e-07,5.23472010021546e-07,"Downregulated"
"ENSG00000236924.4","ENSG00000236924","LINC02851","lncRNA",17.6706126500204,-2.01038817565834,0.388274688647113,-5.17774718373544,2.24581282235504e-07,5.34334582524533e-07,"Downregulated"
"ENSG00000105974.15","ENSG00000105974","CAV1","protein_coding",32.2097243263107,1.28702310391578,0.248687771581384,5.17525689233416,2.27597606407198e-07,5.4115578540658e-07,"Upregulated"
"ENSG00000180596.11","ENSG00000180596","H2BC4","protein_coding",40.3362831844856,2.26810600702237,0.438358471806151,5.17408959310672,2.29024916775905e-07,5.44460153201511e-07,"Upregulated"
"ENSG00000177738.7","ENSG00000177738","ANXA2R-OT1","lncRNA",13.3153373308407,-1.79404217518809,0.346815497361193,-5.17290083297422,2.304873552368e-07,5.47667281864519e-07,"Downregulated"
"ENSG00000104723.23","ENSG00000104723","TUSC3","protein_coding",5.27696429440864,3.94872495827904,0.763435289114719,5.1723112811015,2.31215977600531e-07,5.49218480148647e-07,"Upregulated"
"ENSG00000128218.9","ENSG00000128218","VPREB3","protein_coding",6.83765601043687,3.4215512614346,0.6615118126832,5.17232072932489,2.31204283090549e-07,5.49218480148647e-07,"Upregulated"
"ENSG00000160991.19","ENSG00000160991","ORAI2","protein_coding",148.932000227325,-1.00254765179397,0.193857715471337,-5.17156435768585,2.32142290477201e-07,5.50967257385457e-07,"Downregulated"
"ENSG00000132688.13","ENSG00000132688","NES","protein_coding",145.973670114247,1.63382145991611,0.316023346120739,5.16993911991519,2.34170268788768e-07,5.55598483183829e-07,"Upregulated"
"ENSG00000223547.11","ENSG00000223547","ZNF844","protein_coding",9.23619653432533,-3.3978688575711,0.657768069653679,-5.16575524768192,2.39469982946265e-07,5.6752232099056e-07,"Downregulated"
"ENSG00000079257.9","ENSG00000079257","LXN","protein_coding",25.6223581212594,-1.19244600887849,0.231124980098779,-5.15931254323464,2.4785824921322e-07,5.86862403167977e-07,"Downregulated"
"ENSG00000236908.3","ENSG00000236908","LINC02827","lncRNA",9.37945578952983,-3.03210509442032,0.587740536690618,-5.15891776240781,2.48381371646004e-07,5.87968447875514e-07,"Downregulated"
"ENSG00000134198.12","ENSG00000134198","TSPAN2","protein_coding",157.601309519264,-1.14752899294249,0.222479472638765,-5.15790953354921,2.49722216353803e-07,5.91045951232943e-07,"Downregulated"
"ENSG00000182648.16","ENSG00000182648","RNF32-DT","lncRNA",47.8269713402642,-1.63119983816478,0.316259565177509,-5.15778815179622,2.4988411288609e-07,5.91332554530572e-07,"Downregulated"
"ENSG00000008086.14","ENSG00000008086","CDKL5","protein_coding",51.7707178502646,1.03765107953985,0.201205798813408,5.15716289321329,2.50719677797374e-07,5.93116155834076e-07,"Upregulated"
"ENSG00000260920.2","ENSG00000260920","ENSG00000260920","lncRNA",10.9651019213823,-3.29199538296121,0.638669413000997,-5.15445912384107,2.54364036033487e-07,6.0124671508682e-07,"Downregulated"
"ENSG00000170166.7","ENSG00000170166","HOXD4","protein_coding",10.3748216806771,-3.24117499334736,0.628808602861047,-5.15446986348497,2.54349459556996e-07,6.0124671508682e-07,"Downregulated"
"ENSG00000150672.20","ENSG00000150672","DLG2","protein_coding",22.170900220623,1.28791089423698,0.250054927476046,5.15051195845905,2.59776366990958e-07,6.13639626802439e-07,"Upregulated"
"ENSG00000185386.17","ENSG00000185386","MAPK11","protein_coding",12.0536190856142,-2.00226027576233,0.388891160408118,-5.14863920707552,2.62383020636763e-07,6.1959503585921e-07,"Downregulated"
"ENSG00000140297.15","ENSG00000140297","GCNT3","protein_coding",1012.88145196318,1.45635702725312,0.282896621495549,5.14801845124202,2.63252602579085e-07,6.21547200484866e-07,"Upregulated"
"ENSG00000276564.1","ENSG00000276564","ENSG00000276564","lncRNA",8.70274257437568,2.44959753827791,0.475874669736875,5.14756866473343,2.63884421734862e-07,6.22937455576091e-07,"Upregulated"
"ENSG00000142621.23","ENSG00000142621","FHAD1","protein_coding",6.52596983726389,-4.17183529995456,0.810828570608613,-5.14515083850974,2.67305941910715e-07,6.30603566688929e-07,"Downregulated"
"ENSG00000232098.4","ENSG00000232098","ZNF584-DT","lncRNA",40.2203260993234,-1.40714460603109,0.273496331408522,-5.14502186842586,2.6748964905825e-07,6.3093424383987e-07,"Downregulated"
"ENSG00000175279.23","ENSG00000175279","CENPS","protein_coding",17.2969505223427,-3.63040069935309,0.705727957068748,-5.14419283378261,2.68673454500576e-07,6.33520290045939e-07,"Downregulated"
"ENSG00000250471.2","ENSG00000250471","GMPSP1","processed_pseudogene",38.3615601080805,1.03469696462998,0.201172614347446,5.14332911557712,2.69912167330267e-07,6.36234080831201e-07,"Upregulated"
"ENSG00000154040.23","ENSG00000154040","CABYR","protein_coding",8.07590206841168,2.83533953820869,0.551277676674154,5.14321485918718,2.70076442158756e-07,6.3651777520974e-07,"Upregulated"
"ENSG00000259642.3","ENSG00000259642","ST20-AS1","lncRNA",18.5359726974239,-5.26756367515583,1.02438995093714,-5.14214696301629,2.71616511520221e-07,6.40043330886349e-07,"Downregulated"
"ENSG00000160188.12","ENSG00000160188","RSPH1","protein_coding",11.4097637591465,-2.05680662726647,0.400089390320714,-5.14086770863313,2.73472559513624e-07,6.44312198418378e-07,"Downregulated"
"ENSG00000181004.11","ENSG00000181004","BBS12","protein_coding",10.0097068583594,-2.8608008621669,0.556876126748411,-5.13723021109032,2.78817321775891e-07,6.56157945303055e-07,"Downregulated"
"ENSG00000099822.3","ENSG00000099822","HCN2","protein_coding",17.7328730480365,1.77639563302629,0.345987061812572,5.13428341429887,2.832210350643e-07,6.66088808852943e-07,"Upregulated"
"ENSG00000166165.16","ENSG00000166165","CKB","protein_coding",645.864426402651,1.07483496224925,0.209413716819606,5.13259101921744,2.85780448576069e-07,6.7178106419536e-07,"Upregulated"
"ENSG00000188001.12","ENSG00000188001","TPRG1","protein_coding",23.2645584216056,-1.56208574956846,0.304471701535526,-5.13047925863215,2.89005405107862e-07,6.79141613559775e-07,"Downregulated"
"ENSG00000164066.15","ENSG00000164066","INTU","protein_coding",35.2672802374576,-1.34812972460186,0.262796078197716,-5.12994613103619,2.8982510570292e-07,6.80847046822292e-07,"Downregulated"
"ENSG00000141519.17","ENSG00000141519","CCDC40","protein_coding",15.7621570353854,-2.14331267770709,0.418223948626391,-5.12479661852594,2.97859090088401e-07,6.9949342627793e-07,"Downregulated"
"ENSG00000100150.22","ENSG00000100150","DEPDC5","protein_coding",58.3820914569481,-1.04294384945035,0.203511891963762,-5.12473172641948,2.97961690432659e-07,6.99621000931642e-07,"Downregulated"
"ENSG00000257497.2","ENSG00000257497","GLIPR1-AS1","lncRNA",13.0166968146437,3.11419774517384,0.608316851302652,5.1193678730173,3.06561456631401e-07,7.18881655259267e-07,"Upregulated"
"ENSG00000160781.19","ENSG00000160781","PAQR6","protein_coding",16.0930852280816,1.68930399580491,0.330109109223966,5.11741102745149,3.0975810128873e-07,7.2614273760535e-07,"Upregulated"
"ENSG00000170523.3","ENSG00000170523","KRT83","protein_coding",272.225602085103,2.85402544993044,0.557985191970854,5.11487668669085,3.13945984925678e-07,7.35603106474199e-07,"Upregulated"
"ENSG00000304538.1","ENSG00000304538","ENSG00000304538","lncRNA",4.99352975507872,5.62020665059062,1.09900721497187,5.11389422564842,3.15584116539372e-07,7.39321858533557e-07,"Upregulated"
"ENSG00000292993.1","ENSG00000292993","ENSG00000292993","lncRNA",7.71208165992719,-5.62506527675093,1.10015845302021,-5.11295919356774,3.1715082880405e-07,7.42872120741602e-07,"Downregulated"
"ENSG00000264112.2","ENSG00000264112","ENSG00000264112","lncRNA",58.1975594416945,1.55387148674574,0.303956809812947,5.11214566208263,3.18520065030035e-07,7.45958756046424e-07,"Upregulated"
"ENSG00000213005.3","ENSG00000213005","PTTG3P","processed_pseudogene",20.5248558149355,1.61825120290886,0.316741280723416,5.1090631420473,3.23760151124821e-07,7.57985801308709e-07,"Upregulated"
"ENSG00000104371.6","ENSG00000104371","DKK4","protein_coding",9.19657609022769,-2.579404075002,0.505239213963571,-5.10531250091759,3.30248298158231e-07,7.72801281593586e-07,"Downregulated"
"ENSG00000173868.13","ENSG00000173868","PHOSPHO1","protein_coding",17.8924371260402,2.10267102919058,0.412245437792201,5.10053195603943,3.38700186977008e-07,7.91812084154026e-07,"Upregulated"
"ENSG00000136155.19","ENSG00000136155","SCEL","protein_coding",32.6422455261743,-1.27342830506708,0.249692428767913,-5.09998765821899,3.39675629292518e-07,7.93836352154034e-07,"Downregulated"
"ENSG00000163132.8","ENSG00000163132","MSX1","protein_coding",441.853197974282,2.06133215082259,0.404335586210166,5.09807254450057,3.43129329023984e-07,8.01615428818782e-07,"Upregulated"
"ENSG00000074657.16","ENSG00000074657","ZNF532","protein_coding",44.4689987428756,-1.22679546457734,0.240640139368295,-5.09805000860542,3.43170171155929e-07,8.01615428818782e-07,"Downregulated"
"ENSG00000107282.10","ENSG00000107282","APBA1","protein_coding",21.857835961586,-2.11586735862842,0.415279696490337,-5.09504167073491,3.48664555810489e-07,8.14187357848148e-07,"Downregulated"
"ENSG00000270820.9","ENSG00000270820","USP34-DT","lncRNA",11.6157501757278,-2.43751529087125,0.478599531011848,-5.09301646350946,3.52411083379947e-07,8.22670976214914e-07,"Downregulated"
"ENSG00000233695.2","ENSG00000233695","GAS6-AS1","lncRNA",19.1736235402099,-1.48167196043062,0.291013341541082,-5.09142279382904,3.55386579542258e-07,8.29216279299051e-07,"Downregulated"
"ENSG00000257704.5","ENSG00000257704","INAFM1","protein_coding",42.1667316004326,1.04394918069088,0.205046165304313,5.09128848687091,3.5563844524211e-07,8.29670371611181e-07,"Upregulated"
"ENSG00000005513.12","ENSG00000005513","SOX8","protein_coding",90.5860749150809,1.06539992406251,0.209290139269182,5.09054047067273,3.57044354181024e-07,8.3281615657354e-07,"Upregulated"
"ENSG00000243667.9","ENSG00000243667","DNAAF10","protein_coding",47.7886386070208,-1.1767851881568,0.231201320086039,-5.0898722711396,3.58304781457496e-07,8.35487191131462e-07,"Downregulated"
"ENSG00000242960.1","ENSG00000242960","FTH1P23","processed_pseudogene",33.2798363998772,1.5903973476537,0.312508595602156,5.08913153121195,3.59707061177231e-07,8.38487169145959e-07,"Upregulated"
"ENSG00000272619.2","ENSG00000272619","FAM131B-AS1","lncRNA",9.33733965792519,2.0620138168433,0.405220135623983,5.08862624427112,3.60666647013376e-07,8.40588782328377e-07,"Upregulated"
"ENSG00000260260.4","ENSG00000260260","SNHG19","lncRNA",27.0964854868713,1.51578776758306,0.298000104662429,5.08653434635576,3.64665705116573e-07,8.49089877658961e-07,"Upregulated"
"ENSG00000084636.20","ENSG00000084636","COL16A1","protein_coding",26.986517098309,1.31680736873297,0.258946018033946,5.08525822768338,3.67126227197523e-07,8.54681652135985e-07,"Upregulated"
"ENSG00000175793.12","ENSG00000175793","SFN","protein_coding",1558.92477124715,1.53324615673595,0.301606318931345,5.08360090786085,3.70345681157285e-07,8.617613377218e-07,"Upregulated"
"ENSG00000102057.13","ENSG00000102057","KCND1","protein_coding",11.8349397541294,2.68821203260892,0.529114454083131,5.08058702963833,3.76270302306189e-07,8.74845053910042e-07,"Upregulated"
"ENSG00000138658.19","ENSG00000138658","ZGRF1","protein_coding",45.7785898708617,-1.38929375429336,0.273486749336885,-5.07993077420365,3.77572429475812e-07,8.77731736920672e-07,"Downregulated"
"ENSG00000204792.3","ENSG00000204792","LINC01291","lncRNA",6.33961350908636,3.31793334798909,0.654015488398122,5.07317243528237,3.91237669557029e-07,9.08333275748232e-07,"Upregulated"
"ENSG00000265688.2","ENSG00000265688","MILIP","lncRNA",12.0569420048013,-4.56517125080842,0.899904387265897,-5.07295143284988,3.91692495257856e-07,9.09243575408753e-07,"Downregulated"
"ENSG00000085465.15","ENSG00000085465","OVGP1","protein_coding",53.103188351915,1.2448677549736,0.245748205528141,5.06562297087069,4.07066895019891e-07,9.43723155115702e-07,"Upregulated"
"ENSG00000259985.1","ENSG00000259985","ENSG00000259985","lncRNA",6.16975283754839,-4.63322883677075,0.914792148710682,-5.06478858973688,4.08853826936352e-07,9.4771427702521e-07,"Downregulated"
"ENSG00000259341.3","ENSG00000259341","LINC03080","lncRNA",7.74328949699932,-4.04057221552533,0.798393077411262,-5.06088082405052,4.17324017596767e-07,9.6626612286505e-07,"Downregulated"
"ENSG00000123689.8","ENSG00000123689","G0S2","protein_coding",55.7749483298476,-1.59631029194212,0.315615097282209,-5.05777545398842,4.24175474869573e-07,9.81816160646837e-07,"Downregulated"
"ENSG00000023171.22","ENSG00000023171","GRAMD1B","protein_coding",42.2156078506873,-1.80402431596922,0.356825798688506,-5.05575640158255,4.28688243490156e-07,9.92103165867029e-07,"Downregulated"
"ENSG00000069667.17","ENSG00000069667","RORA","protein_coding",1044.96030414219,2.39851629908914,0.475271044964803,5.04662828611148,4.49674998560277e-07,1.03868187426451e-06,"Upregulated"
"ENSG00000165046.15","ENSG00000165046","LETM2","protein_coding",12.8384694576002,-2.03507159260427,0.403256873129122,-5.04658873341173,4.49768056698045e-07,1.0387312633734e-06,"Downregulated"
"ENSG00000186153.20","ENSG00000186153","WWOX","protein_coding",47.1647861557104,-1.84984350899838,0.366606068438373,-5.04586167075231,4.51481975992464e-07,1.04252339007055e-06,"Downregulated"
"ENSG00000171943.14","ENSG00000171943","SRGAP2C","protein_coding",14.284566653438,1.5796056981308,0.313060926195979,5.04568141838933,4.51907862068766e-07,1.043340566688e-06,"Upregulated"
"ENSG00000177943.16","ENSG00000177943","MAMDC4","protein_coding",13.4413656367126,-2.53819114747981,0.503377691119377,-5.04231949937143,4.59922521939221e-07,1.06116815601707e-06,"Downregulated"
"ENSG00000269068.2","ENSG00000269068","ENSG00000269068","lncRNA",4.6909760740633,4.1312998825483,0.819566046700098,5.04083825724916,4.63497087516957e-07,1.06890512289875e-06,"Upregulated"
"ENSG00000309309.1","ENSG00000309309","ENSG00000309309","lncRNA",12.414036299941,-1.97081672951582,0.391062699377488,-5.0396438541775,4.66398948487159e-07,1.07525510045751e-06,"Downregulated"
"ENSG00000102078.17","ENSG00000102078","SLC25A14","protein_coding",34.9339864100497,-1.35226981752476,0.268487624986309,-5.03661879236974,4.73827095318396e-07,1.0909917803232e-06,"Downregulated"
"ENSG00000128274.19","ENSG00000128274","A4GALT","protein_coding",14.5348569630762,1.75449413273549,0.348367201416182,5.03633558384119,4.74528336253439e-07,1.09225931527713e-06,"Upregulated"
"ENSG00000135951.18","ENSG00000135951","TSGA10","protein_coding",50.9411779549176,-1.39296362022211,0.27660825960853,-5.03587138790977,4.75679878023293e-07,1.09473603181095e-06,"Downregulated"
"ENSG00000214376.8","ENSG00000214376","VSTM5","protein_coding",14.4523482568261,-3.66608663574348,0.728230006341804,-5.03424275821828,4.79741413154617e-07,1.10355754911694e-06,"Downregulated"
"ENSG00000156172.8","ENSG00000156172","CFAP418","protein_coding",16.6826632621204,-1.97003985397577,0.391365942886935,-5.03375393230091,4.80966976886619e-07,1.10602561552537e-06,"Downregulated"
"ENSG00000100629.19","ENSG00000100629","CEP128","protein_coding",46.2127046650231,-1.62476573446298,0.322806610388639,-5.03324802582842,4.82238543822798e-07,1.10877375489132e-06,"Downregulated"
"ENSG00000144061.16","ENSG00000144061","NPHP1","protein_coding",13.6396646278097,-1.77535637673659,0.352858083318146,-5.03136093707081,4.87010297665079e-07,1.11956745459428e-06,"Downregulated"
"ENSG00000232677.12","ENSG00000232677","LINC00665","lncRNA",7.76428782677471,2.55269461656228,0.507619591734929,5.02875511135759,4.93674390362049e-07,1.13434743382382e-06,"Upregulated"
"ENSG00000173269.16","ENSG00000173269","MMRN2","protein_coding",10.1886853954654,4.67965416334411,0.930652986884301,5.02835560546681,4.9470382329697e-07,1.13653262638232e-06,"Upregulated"
"ENSG00000198624.15","ENSG00000198624","CCDC69","protein_coding",71.5123837403415,-1.18175192143484,0.235048284777295,-5.0276985537441,4.96401395216499e-07,1.13989051172199e-06,"Downregulated"
"ENSG00000010704.21","ENSG00000010704","HFE","protein_coding",61.9458096031533,-1.27626744704339,0.253973735867059,-5.02519460402569,5.02922294619571e-07,1.15468154208283e-06,"Downregulated"
"ENSG00000291178.2","ENSG00000291178","ENSG00000291178","lncRNA",46.2846980453351,-1.0868491286955,0.21629922989526,-5.02474802717418,5.04093937894514e-07,1.15700496483486e-06,"Downregulated"
"ENSG00000113119.15","ENSG00000113119","TMCO6","protein_coding",62.6409086931849,-1.12372569291735,0.223726687647712,-5.02276105158634,5.09338973520197e-07,1.16830332451008e-06,"Downregulated"
"ENSG00000231889.10","ENSG00000231889","TRAF3IP2-AS1","lncRNA",29.1676261169451,-1.38905047120138,0.276612158853897,-5.02165370082324,5.12284853098382e-07,1.17468862200977e-06,"Downregulated"
"ENSG00000273117.2","ENSG00000273117","INSIG1-DT","lncRNA",35.4967774880702,1.6030663683175,0.319234138999296,5.02160067636449,5.12426325221853e-07,1.17482713259217e-06,"Upregulated"
"ENSG00000188993.6","ENSG00000188993","LRRC66","protein_coding",26.5005040619668,-3.52366575956584,0.702052741957918,-5.01908980476149,5.19168768350049e-07,1.18972071330312e-06,"Downregulated"
"ENSG00000176490.7","ENSG00000176490","DIRAS1","protein_coding",11.3356174443032,1.86138954109192,0.371199163578298,5.01453053705303,5.31631092350964e-07,1.21770156319743e-06,"Upregulated"
"ENSG00000159403.20","ENSG00000159403","C1R","protein_coding",10.528982772468,2.46085946930165,0.49093061563309,5.01264209429717,5.36877016749788e-07,1.22874632450062e-06,"Upregulated"
"ENSG00000259319.3","ENSG00000259319","JDP2-AS1","lncRNA",8.86501433969497,-5.31687512291231,1.06287101269937,-5.00237099270313,5.66294772176455e-07,1.29362292534382e-06,"Downregulated"
"ENSG00000166803.16","ENSG00000166803","PCLAF","protein_coding",67.9587912968483,-1.60376695909418,0.320767110018779,-4.99978616573343,5.73939306930718e-07,1.31025967801512e-06,"Downregulated"
"ENSG00000167191.14","ENSG00000167191","GPRC5B","protein_coding",6.1710559329245,2.84437677823769,0.569276383083335,4.99647774395957,5.83869102529138e-07,1.33229901336046e-06,"Upregulated"
"ENSG00000139437.20","ENSG00000139437","TCHP","protein_coding",122.847852360765,-1.18998867416367,0.23830883761157,-4.99347269740488,5.93031726060212e-07,1.35278069794815e-06,"Downregulated"
"ENSG00000221817.13","ENSG00000221817","PPP3CB-AS1","lncRNA",17.9813591243221,-3.65290840763692,0.731610692132749,-4.99296749885951,5.94585663848425e-07,1.35589857442823e-06,"Downregulated"
"ENSG00000154240.20","ENSG00000154240","CEP112","protein_coding",17.057650037951,-2.0452859701006,0.409689437225379,-4.99228387227236,5.96694678012512e-07,1.36049390713614e-06,"Downregulated"
"ENSG00000263327.7","ENSG00000263327","TAPT1-AS1","lncRNA",11.4734485557789,-5.64431769361864,1.13132617695445,-4.98911614404011,6.06561724825287e-07,1.38233881367637e-06,"Downregulated"
"ENSG00000102038.18","ENSG00000102038","SMARCA1","protein_coding",34.3797339725643,-1.02040916297101,0.204664740061158,-4.98575945551777,6.17188932130169e-07,1.40557017616498e-06,"Downregulated"
"ENSG00000167264.20","ENSG00000167264","DUS2","protein_coding",69.1071400820479,-1.13604303644533,0.228057838689777,-4.98138122755196,6.31320280767378e-07,1.43605297580927e-06,"Downregulated"
"ENSG00000147437.12","ENSG00000147437","GNRH1","protein_coding",5.7666185207814,2.80245792139947,0.562602553613224,4.98123924856212,6.3178371870157e-07,1.43688161510093e-06,"Upregulated"
"ENSG00000070731.13","ENSG00000070731","ST6GALNAC2","protein_coding",57.4086597001089,1.02950721410355,0.206838427051673,4.97734985117807,6.44607499559892e-07,1.46512733431963e-06,"Upregulated"
"ENSG00000221990.5","ENSG00000221990","EXOC3-AS1","lncRNA",10.3072495576746,-4.55302965425468,0.914829670949156,-4.976915155726,6.46056227387062e-07,1.46795968129403e-06,"Downregulated"
"ENSG00000297553.1","ENSG00000297553","ENSG00000297553","lncRNA",7.47112253899857,2.32008474189159,0.466257293813988,4.9759752237081,6.49199514140667e-07,1.47487056888643e-06,"Upregulated"
"ENSG00000237638.4","ENSG00000237638","LINC02245","lncRNA",20.7156650370975,-1.38694253551747,0.278795015528065,-4.97477522290155,6.53233938191361e-07,1.48357095005002e-06,"Downregulated"
"ENSG00000136161.15","ENSG00000136161","RCBTB2","protein_coding",29.2369659980229,-2.18656730764905,0.439573873364661,-4.97428860116788,6.54876845435682e-07,1.4870691388364e-06,"Downregulated"
"ENSG00000255240.7","ENSG00000255240","GLYATL1-AS1","lncRNA",8.56052567332802,-3.94731971067899,0.793777046513122,-4.97283176430793,6.5981918299697e-07,1.49782261904638e-06,"Downregulated"
"ENSG00000249743.9","ENSG00000249743","ENSG00000249743","lncRNA",10.4355099729173,-3.59893665383457,0.724874349387798,-4.96491103164858,6.87325710916189e-07,1.5592868194423e-06,"Downregulated"
"ENSG00000196378.16","ENSG00000196378","ZNF34","protein_coding",25.9072895305454,-1.43268429796842,0.288881702651278,-4.95941516828389,7.07057151132609e-07,1.60204381397964e-06,"Downregulated"
"ENSG00000129465.18","ENSG00000129465","RIPK3","protein_coding",32.183413099379,-1.27088346640803,0.256637581513167,-4.95205518581785,7.34337711038304e-07,1.66203687464737e-06,"Downregulated"
"ENSG00000196597.15","ENSG00000196597","ZNF782","protein_coding",33.0179095325505,-1.50066894278012,0.303212133945267,-4.94923776055415,7.45046878752591e-07,1.68574853503241e-06,"Downregulated"
"ENSG00000198885.12","ENSG00000198885","ITPRIPL1","protein_coding",15.9419050595158,-1.6425286374304,0.333220679465516,-4.92925181013677,8.25451252765123e-07,1.86359862207075e-06,"Downregulated"
"ENSG00000174799.14","ENSG00000174799","CEP135","protein_coding",38.7617075208307,-1.16830598914334,0.237036203583824,-4.92880822203258,8.27327347046993e-07,1.86754328869237e-06,"Downregulated"
"ENSG00000248641.1","ENSG00000248641","HMGA1P2","processed_pseudogene",39.0985458655589,1.3144306868492,0.266814998197397,4.92637481299587,8.37692391531429e-07,1.8903516253618e-06,"Upregulated"
"ENSG00000188277.10","ENSG00000188277","C15orf62","protein_coding",29.9111916423558,-3.24803646367847,0.659786254812918,-4.92286166919231,8.52877421310866e-07,1.92342041544305e-06,"Downregulated"
"ENSG00000106477.22","ENSG00000106477","CEP41","protein_coding",30.3129476137841,-4.26424817142966,0.866305197490593,-4.92233936005672,8.55157536363773e-07,1.92826248902813e-06,"Downregulated"
"ENSG00000088002.13","ENSG00000088002","SULT2B1","protein_coding",239.92435492875,1.06022653253451,0.215395987231626,4.92222044691295,8.5567746566191e-07,1.92913469700877e-06,"Upregulated"
"ENSG00000258429.3","ENSG00000258429","PDF","protein_coding",49.0682086062659,-1.41719842171002,0.287964454647074,-4.92143526341444,8.591182080257e-07,1.93659061606913e-06,"Downregulated"
"ENSG00000140365.18","ENSG00000140365","COMMD4","protein_coding",149.307965186091,-1.08669727117118,0.221194807282722,-4.91285163752605,8.97611997879818e-07,2.02116113630738e-06,"Downregulated"
"ENSG00000299712.1","ENSG00000299712","ENSG00000299712","lncRNA",6.32684670987656,5.32264860073327,1.08469092884172,4.90706473079575,9.24495281549256e-07,2.08040149382171e-06,"Upregulated"
"ENSG00000101057.18","ENSG00000101057","MYBL2","protein_coding",1278.31207945149,-1.24449048436414,0.253713214690114,-4.90510707486862,9.33763871398267e-07,2.10028030797822e-06,"Downregulated"
"ENSG00000141933.10","ENSG00000141933","TPGS1","protein_coding",66.317149656725,-1.20645907302136,0.246010026958989,-4.90410528357237,9.38541426719332e-07,2.11037119565812e-06,"Downregulated"
"ENSG00000059377.21","ENSG00000059377","TBXAS1","protein_coding",32.9201195415358,-1.13341640086878,0.231246203695854,-4.90134057447924,9.51848768569409e-07,2.13996158146259e-06,"Downregulated"
"ENSG00000250132.7","ENSG00000250132","ENSG00000250132","lncRNA",11.7743843288692,-3.49957029102659,0.714250525673538,-4.89963978357103,9.60125212216417e-07,2.15789928279161e-06,"Downregulated"
"ENSG00000286587.2","ENSG00000286587","ENSG00000286587","lncRNA",9.76472849510153,3.2969926902511,0.672973199826004,4.8991441131735,9.62550268210994e-07,2.16301418621705e-06,"Upregulated"
"ENSG00000236682.5","ENSG00000236682","MAP3K2-DT","lncRNA",21.3034900276628,-1.59086468632962,0.324747100862544,-4.89878025732702,9.64334176401271e-07,2.16668695882283e-06,"Downregulated"
"ENSG00000215458.9","ENSG00000215458","AATBC","lncRNA",5.56768619053203,-5.2064980185946,1.06288504957398,-4.89845822996705,9.65915662999112e-07,2.1695675431158e-06,"Downregulated"
"ENSG00000258735.2","ENSG00000258735","PPP1R13B-DT","lncRNA",5.13429133923443,-4.53332877271334,0.925491663756735,-4.89829238905487,9.66731086705853e-07,2.17106259236653e-06,"Downregulated"
"ENSG00000256916.2","ENSG00000256916","MMP20-AS1","lncRNA",4.43355584541689,5.42104786167178,1.10678685321107,4.89800528976645,9.68144292995897e-07,2.1735626791784e-06,"Upregulated"
"ENSG00000188859.8","ENSG00000188859","FAM78B","protein_coding",21.4071534280192,1.48991430092433,0.304450900499007,4.89377531313688,9.89197688969996e-07,2.21945392608038e-06,"Upregulated"
"ENSG00000213362.3","ENSG00000213362","FTH1P12","processed_pseudogene",24.1959439573414,1.79556350102918,0.366938054563111,4.89336954480516,9.91240283667469e-07,2.22369259921191e-06,"Upregulated"
"ENSG00000269934.3","ENSG00000269934","ENSG00000269934","lncRNA",5.86607517470077,-2.89697387548631,0.592176171673997,-4.89208113068275,9.97752971680587e-07,2.23795636365811e-06,"Downregulated"
"ENSG00000264575.2","ENSG00000264575","LINC00526","lncRNA",34.1230837894665,-1.8526243512674,0.378991268790363,-4.88830351469698,1.01708639686004e-06,2.27990967723057e-06,"Downregulated"
"ENSG00000104129.12","ENSG00000104129","DNAJC17","protein_coding",72.7078021216984,-1.05555338585324,0.215957699672897,-4.88777842814609,1.01980211120169e-06,2.2856437048461e-06,"Downregulated"
"ENSG00000253144.1","ENSG00000253144","ENSG00000253144","processed_pseudogene",60.388147394572,1.05870018653376,0.216617346020805,4.88742109522511,1.02165420398118e-06,2.28910801494681e-06,"Upregulated"
"ENSG00000216895.9","ENSG00000216895","RBM33-DT","lncRNA",11.5552225960861,-2.55826475342247,0.523466904229525,-4.88715663349892,1.0230270202623e-06,2.29180825129715e-06,"Downregulated"
"ENSG00000259343.10","ENSG00000259343","TMC3-AS1","lncRNA",7.68259143234786,-2.32309814885337,0.475672719060907,-4.88381623701214,1.04052053964336e-06,2.32919735256588e-06,"Downregulated"
"ENSG00000278828.2","ENSG00000278828","H3C10","protein_coding",16.9696077756514,2.03423461473642,0.416620129237869,4.88270842423693,1.0463854223165e-06,2.34196409887423e-06,"Upregulated"
"ENSG00000113761.14","ENSG00000113761","ZNF346","protein_coding",76.4600489334737,-1.00540591481996,0.206044069200608,-4.87956736013146,1.06318807307317e-06,2.37773480786673e-06,"Downregulated"
"ENSG00000180425.11","ENSG00000180425","C11orf71","protein_coding",27.7300706614533,-1.3884410814969,0.284811196525214,-4.8749525946884,1.08834587397974e-06,2.43287188118378e-06,"Downregulated"
"ENSG00000184619.9","ENSG00000184619","KRABD2","protein_coding",11.5410203360975,-2.03096427075298,0.416870604931144,-4.87192967488901,1.10513509048692e-06,2.4692595947173e-06,"Downregulated"
"ENSG00000243766.9","ENSG00000243766","HOTTIP","lncRNA",44.1016110574658,-1.82314681846675,0.374405752999202,-4.86944125153608,1.11914249306972e-06,2.49940098775872e-06,"Downregulated"
"ENSG00000167117.12","ENSG00000167117","ANKRD40CL","protein_coding",145.006048744471,1.05192726018924,0.216119956683653,4.86733051556643,1.13115765746133e-06,2.52506727848576e-06,"Upregulated"
"ENSG00000179965.14","ENSG00000179965","ZNF771","protein_coding",23.2208871462471,-1.84621685188031,0.37932336459163,-4.86713190965156,1.13229457042088e-06,2.52721591168018e-06,"Downregulated"
"ENSG00000169684.15","ENSG00000169684","CHRNA5","protein_coding",65.4114022743198,-1.11483615696533,0.229115374626843,-4.86582866287804,1.13978229001556e-06,2.54314471853818e-06,"Downregulated"
"ENSG00000186594.17","ENSG00000186594","MIR22HG","lncRNA",51.5213905232063,-1.05408715763662,0.216661568310165,-4.86513213145225,1.14380367975357e-06,2.55129826335325e-06,"Downregulated"
"ENSG00000188452.16","ENSG00000188452","CERKL","protein_coding",5.88690029433415,-4.06706594541711,0.83635388237667,-4.86285295150387,1.15705806015755e-06,2.57903293705595e-06,"Downregulated"
"ENSG00000291202.2","ENSG00000291202","ENSG00000291202","lncRNA",12.0407961483009,-1.86812299943947,0.384308232159017,-4.86100177699677,1.16793205230371e-06,2.6022161231037e-06,"Downregulated"
"ENSG00000103056.14","ENSG00000103056","SMPD3","protein_coding",111.837215048752,-1.15793066314815,0.238361119960633,-4.85788396756732,1.18646901086966e-06,2.64162066454496e-06,"Downregulated"
"ENSG00000142920.20","ENSG00000142920","AZIN2","protein_coding",8.87779923458337,2.01606438134743,0.415131230463583,4.85645076400556,1.19508479530893e-06,2.6595775266611e-06,"Upregulated"
"ENSG00000099139.16","ENSG00000099139","PCSK5","protein_coding",75.4774953597345,2.46268698239018,0.507394833459205,4.85359097096163,1.21245684100203e-06,2.6974093552044e-06,"Upregulated"
"ENSG00000067836.15","ENSG00000067836","ROGDI","protein_coding",16.8026644928437,-2.24065935524951,0.461766729439084,-4.85236205295969,1.21999640398563e-06,2.71334989050949e-06,"Downregulated"
"ENSG00000232801.1","ENSG00000232801","SDCBPP3","processed_pseudogene",15.6799351400764,1.37525789836569,0.283603476379835,4.84922792879938,1.23942939452514e-06,2.7548789548249e-06,"Upregulated"
"ENSG00000160179.22","ENSG00000160179","ABCG1","protein_coding",42.2443183716719,1.08322024373787,0.223748917604747,4.84123121279803,1.29037126828677e-06,2.86415383979351e-06,"Upregulated"
"ENSG00000223822.2","ENSG00000223822","EEF1A1P1","processed_pseudogene",76.7259524394695,1.00850570550178,0.208414189265673,4.83894934915492,1.30527303240657e-06,2.8950132821604e-06,"Upregulated"
"ENSG00000291122.2","ENSG00000291122","CASTOR3P","lncRNA",17.9606579821019,-1.54010911224317,0.318369272962317,-4.83749294620356,1.31487049655743e-06,2.91540747186509e-06,"Downregulated"
"ENSG00000164256.11","ENSG00000164256","PRDM9","protein_coding",4.68227597460821,5.50430439391373,1.13805136822631,4.83660452207212,1.32075836294697e-06,2.92801440964165e-06,"Upregulated"
"ENSG00000228288.11","ENSG00000228288","PCAT6","lncRNA",10.0126568068345,1.85329945253488,0.383324603830793,4.83480432514309,1.33276668189781e-06,2.95328054343473e-06,"Upregulated"
"ENSG00000281706.6","ENSG00000281706","LINC01012","lncRNA",19.7445078816258,-1.42923333642989,0.295829333302021,-4.83127660288762,1.35660378080574e-06,3.00288712256558e-06,"Downregulated"
"ENSG00000150051.16","ENSG00000150051","MKX","protein_coding",17.8351336853623,-2.00825769529987,0.415844083636782,-4.8293525730523,1.36977685614677e-06,3.03112020144739e-06,"Downregulated"
"ENSG00000235192.2","ENSG00000235192","ENSG00000235192","lncRNA",9.0666530635877,-3.04356197131983,0.630564505696057,-4.82672580493594,1.3879600663418e-06,3.0699507450283e-06,"Downregulated"
"ENSG00000166046.14","ENSG00000166046","TCP11L2","protein_coding",184.337858318072,1.17361062302672,0.243148246923654,4.82672870512292,1.38793986303247e-06,3.0699507450283e-06,"Upregulated"
"ENSG00000169035.14","ENSG00000169035","KLK7","protein_coding",12.2824863116975,1.64996799698138,0.342000438887007,4.82446163622178,1.40381933758254e-06,3.10408145258563e-06,"Upregulated"
"ENSG00000249572.4","ENSG00000249572","TARS1-DT","lncRNA",8.43621975605181,-3.81175400605029,0.790561097015853,-4.82158054632159,1.42425189011472e-06,3.14878083776393e-06,"Downregulated"
"ENSG00000227258.8","ENSG00000227258","SMIM2-AS1","lncRNA",30.4670867477169,-2.60101143890475,0.539656499273129,-4.8197537552278,1.43735523241807e-06,3.17629643613947e-06,"Downregulated"
"ENSG00000138798.15","ENSG00000138798","EGF","protein_coding",57.8195060017863,1.87256884841771,0.388774139332251,4.81659827383062,1.46026261941655e-06,3.22396798912014e-06,"Upregulated"
"ENSG00000063176.18","ENSG00000063176","SPHK2","protein_coding",170.63108860757,-1.23076252869154,0.255610330103487,-4.81499526327145,1.47203381840326e-06,3.24847176736715e-06,"Downregulated"
"ENSG00000180801.15","ENSG00000180801","ARSJ","protein_coding",73.9379753904593,-1.01917802377605,0.21176520982765,-4.81277365911772,1.48849839975698e-06,3.28380557303671e-06,"Downregulated"
"ENSG00000186523.17","ENSG00000186523","FAM86B1","protein_coding",10.1943161325632,-2.42176458788096,0.503468265394026,-4.81016332972968,1.50807015314751e-06,3.32546449473734e-06,"Downregulated"
"ENSG00000280173.1","ENSG00000280173","ENSG00000280173","TEC",33.2014836036498,-1.19412641921845,0.248259527770337,-4.80999230902884,1.509361033263e-06,3.32780466971662e-06,"Downregulated"
"ENSG00000301936.1","ENSG00000301936","ENSG00000301936","lncRNA",4.75162521749141,-5.38172616672816,1.11896847185142,-4.80954227228913,1.51276303036186e-06,3.33479796714391e-06,"Downregulated"
"ENSG00000121753.13","ENSG00000121753","ADGRB2","protein_coding",12.703809970972,1.88106800559247,0.391117561804556,4.8094695541502,1.51331342552729e-06,3.33550390307856e-06,"Upregulated"
"ENSG00000165168.11","ENSG00000165168","CYBB","protein_coding",5.31670980718402,-3.59763893689384,0.748388511756956,-4.80718086979694,1.53073493283774e-06,3.37287678982583e-06,"Downregulated"
"ENSG00000204934.11","ENSG00000204934","ATP6V0E2-AS1","lncRNA",6.00022358684613,-3.99588653413469,0.831248841331196,-4.80708824536286,1.53144403588642e-06,3.37392626452813e-06,"Downregulated"
"ENSG00000249042.7","ENSG00000249042","FAM151B-DT","lncRNA",90.3069043847309,-1.09661657580984,0.228133211972979,-4.80691332193985,1.53278405514088e-06,3.376365181198e-06,"Downregulated"
"ENSG00000105048.20","ENSG00000105048","TNNT1","protein_coding",34.5037594710466,1.29228963994999,0.2689469862636,4.8049976610758,1.54753314170143e-06,3.40678266588745e-06,"Upregulated"
"ENSG00000182224.13","ENSG00000182224","CYB5D1","protein_coding",9.11789233417098,-2.40086105359916,0.499734745313239,-4.80427081790016,1.55316489077811e-06,3.41866123893626e-06,"Downregulated"
"ENSG00000260236.3","ENSG00000260236","PTPN23-DT","lncRNA",6.21975869097438,-5.16588537121567,1.07813774724245,-4.79148919924976,1.65547933896948e-06,3.63613315858529e-06,"Downregulated"
"ENSG00000131848.12","ENSG00000131848","ZSCAN5A","protein_coding",25.6709979179813,-1.76378305132394,0.368151665114075,-4.79091423035507,1.66023090016096e-06,3.64601700335393e-06,"Downregulated"
"ENSG00000180340.7","ENSG00000180340","FZD2","protein_coding",11.1494392761539,-1.79442548145971,0.374788703414764,-4.78783235756679,1.68592386141278e-06,3.70075864883277e-06,"Downregulated"
"ENSG00000299943.1","ENSG00000299943","ENSG00000299943","lncRNA",43.8291178423185,-5.23908698134651,1.09427366427021,-4.7877301194492,1.68678271563373e-06,3.70208316143632e-06,"Downregulated"
"ENSG00000178028.16","ENSG00000178028","DMAP1","protein_coding",94.0837195005752,-1.52372471134554,0.318369485639913,-4.78602623703996,1.7011582811606e-06,3.73306871753171e-06,"Downregulated"
"ENSG00000271155.1","ENSG00000271155","ENSG00000271155","lncRNA",15.0726315060313,-5.11854061626535,1.06974846514896,-4.78480762816764,1.71151176318411e-06,3.75408331649223e-06,"Downregulated"
"ENSG00000227376.1","ENSG00000227376","FTH1P16","processed_pseudogene",14.371841404128,2.07585293508957,0.434309295291948,4.77966499357136,1.75587524961863e-06,3.84847914662329e-06,"Upregulated"
"ENSG00000166278.18","ENSG00000166278","C2","protein_coding",11.3218442270229,2.14297315254961,0.448944790104604,4.77335565482404,1.8118141945421e-06,3.96568664964568e-06,"Upregulated"
"ENSG00000144843.14","ENSG00000144843","ADPRH","protein_coding",10.469118702659,-2.25805983240966,0.473653598452243,-4.7673232923561,1.86689611639795e-06,4.07885700570467e-06,"Downregulated"
"ENSG00000205426.11","ENSG00000205426","KRT81","protein_coding",6.65387580805623,4.46225678439126,0.936449423416613,4.76508039068551,1.88778368496269e-06,4.12200710599356e-06,"Upregulated"
"ENSG00000239264.11","ENSG00000239264","TXNDC5","protein_coding",21.3015028058128,1.39267596768433,0.292859543648134,4.75543992978971,1.98014734415212e-06,4.31912933646184e-06,"Upregulated"
"ENSG00000196357.14","ENSG00000196357","ZNF565","protein_coding",37.2340115910865,-1.27455756232073,0.268033294298932,-4.75522104690187,1.98229401193376e-06,4.32316099637983e-06,"Downregulated"
"ENSG00000203392.3","ENSG00000203392","ENSG00000203392","lncRNA",4.61450765823034,4.01020597686197,0.843699109626023,4.75312339566119,2.00298016770097e-06,4.36696082297614e-06,"Upregulated"
"ENSG00000273113.1","ENSG00000273113","ENSG00000273113","lncRNA",6.10835447824444,2.7601042138067,0.581178878532942,4.74914749272026,2.04275925332877e-06,4.45167926304368e-06,"Upregulated"
"ENSG00000236790.8","ENSG00000236790","LINC00299","lncRNA",27.8192225205383,-1.32107800967448,0.278514434390714,-4.74330177020988,2.10262688155056e-06,4.57801513933754e-06,"Downregulated"
"ENSG00000149050.12","ENSG00000149050","ZNF214","protein_coding",22.9276227276123,-3.67370608144356,0.775480276969967,-4.73733013017149,2.16552240905856e-06,4.70929633134404e-06,"Downregulated"
"ENSG00000290683.2","ENSG00000290683","ENSG00000290683","lncRNA",27.2890450927343,1.05759423644168,0.223774231776215,4.72616631524995,2.28798276984882e-06,4.96591976945472e-06,"Upregulated"
"ENSG00000293664.1","ENSG00000293664","ENSG00000293664","lncRNA",7.07050941142656,-4.30261751540338,0.910910280917082,-4.72342623147431,2.31904101938763e-06,5.03106922948585e-06,"Downregulated"
"ENSG00000163472.21","ENSG00000163472","TMEM79","protein_coding",111.419832099472,-1.09639989510912,0.232236686395154,-4.72104520662846,2.34635777154246e-06,5.08804680909671e-06,"Downregulated"
"ENSG00000235257.12","ENSG00000235257","ITGA9-AS1","lncRNA",51.2665643005792,-1.30297380098259,0.276026937974866,-4.72045884558281,2.35313216681415e-06,5.10197357293097e-06,"Downregulated"
"ENSG00000169562.15","ENSG00000169562","GJB1","protein_coding",84.4817411603759,-1.14425244974071,0.242408351603694,-4.72035077244953,2.35438281418519e-06,5.10392157713864e-06,"Downregulated"
"ENSG00000283959.3","ENSG00000283959","ENSG00000283959","lncRNA",8.91206702377866,-3.92829090669431,0.83224845944297,-4.7200939360387,2.35735754572614e-06,5.10960597557033e-06,"Downregulated"
"ENSG00000167524.19","ENSG00000167524","RSKR","protein_coding",22.5673968275955,1.27505267053016,0.27023667768704,4.71828132821701,2.37845437499184e-06,5.15148121392643e-06,"Upregulated"
"ENSG00000236937.2","ENSG00000236937","PTGES3P4","processed_pseudogene",22.0923646797201,1.4356297623729,0.304750061367777,4.71084322651002,2.46693955440306e-06,5.33914098303602e-06,"Upregulated"
"ENSG00000114473.16","ENSG00000114473","DRC9","protein_coding",20.2935041766622,-1.4668600541837,0.311620969279113,-4.70719302868818,2.51151068982535e-06,5.43317105791147e-06,"Downregulated"
"ENSG00000284773.1","ENSG00000284773","ENSG00000284773","protein_coding",8.27173646399033,3.45517413214804,0.734188076819563,4.70611583222046,2.52481095625012e-06,5.46112841462339e-06,"Upregulated"
"ENSG00000258102.5","ENSG00000258102","MAP1LC3B2","protein_coding",40.2274592734418,1.05097993022927,0.223474975750932,4.70289761391723,2.56495059949186e-06,5.54546681901179e-06,"Upregulated"
"ENSG00000154556.22","ENSG00000154556","SORBS2","protein_coding",30.3302468229557,-1.78822806671053,0.380469928437591,-4.70005099760165,2.6009652940764e-06,5.61830213768894e-06,"Downregulated"
"ENSG00000139055.8","ENSG00000139055","ERP27","protein_coding",290.531111561288,2.5009922575461,0.532130500530436,4.69996035756845,2.60211998560313e-06,5.6199586931983e-06,"Upregulated"
"ENSG00000138646.11","ENSG00000138646","HERC5","protein_coding",11.363336249568,2.22879237314621,0.474622902017046,4.69592251801235,2.65406139954867e-06,5.72957810252633e-06,"Upregulated"
"ENSG00000134245.19","ENSG00000134245","WNT2B","protein_coding",9.30113944996078,4.4021339647946,0.938024720470061,4.69298289131294,2.6925001578881e-06,5.80909815216829e-06,"Upregulated"
"ENSG00000163884.6","ENSG00000163884","KLF15","protein_coding",8.49631495725375,1.88151099320001,0.40114309346356,4.6903736443637,2.72706594343764e-06,5.88104756730629e-06,"Upregulated"
"ENSG00000151117.10","ENSG00000151117","TMEM86A","protein_coding",58.4860107863337,-1.01611957180271,0.216717194377762,-4.68868921416315,2.74960605640949e-06,5.92877413621281e-06,"Downregulated"
"ENSG00000166153.19","ENSG00000166153","DEPDC4","protein_coding",25.9770164295373,-1.2004346391055,0.256120037151276,-4.68700009752249,2.77238834994009e-06,5.97523081013263e-06,"Downregulated"
"ENSG00000158806.16","ENSG00000158806","NPM2","protein_coding",17.8845168695884,-1.36675293920121,0.291907722348883,-4.68214039766886,2.83894924814219e-06,6.1105083178489e-06,"Downregulated"
"ENSG00000128039.15","ENSG00000128039","SRD5A3","protein_coding",13.5872332263251,-2.21141200010756,0.472752077691653,-4.67774147266662,2.90051912093755e-06,6.23772283472962e-06,"Downregulated"
"ENSG00000214900.14","ENSG00000214900","LINC01588","lncRNA",29.0231274161908,-1.35114222076586,0.288843191518155,-4.67777070895902,2.90010571541269e-06,6.23772283472962e-06,"Downregulated"
"ENSG00000240204.4","ENSG00000240204","SMKR1","protein_coding",15.6581463215939,-1.41494520927631,0.302671152714988,-4.67485981595576,2.94154478990186e-06,6.32006925059417e-06,"Downregulated"
"ENSG00000120327.7","ENSG00000120327","PCDHB14","protein_coding",11.5549538498903,-2.04876470942956,0.438687797697928,-4.67021129874304,3.00890078982018e-06,6.45904165991319e-06,"Downregulated"
"ENSG00000306000.1","ENSG00000306000","ENSG00000306000","lncRNA",10.902124254923,1.84289387848266,0.394937641060012,4.66629079349423,3.06685592281873e-06,6.58052650777155e-06,"Upregulated"
"ENSG00000254024.2","ENSG00000254024","GRHL2-DT","lncRNA",12.9264078039179,-3.67154430433771,0.786949568528488,-4.66553950998805,3.07808341465244e-06,6.60266205523136e-06,"Downregulated"
"ENSG00000267394.3","ENSG00000267394","ATXN7L3-AS1","lncRNA",9.39507419380782,2.01575133543783,0.43272870487126,4.65823346763541,3.1893439065022e-06,6.8368888616156e-06,"Upregulated"
"ENSG00000204261.9","ENSG00000204261","PSMB8-AS1","lncRNA",14.9086634082103,-2.59897155304234,0.558056285545111,-4.65718534198331,3.20561833673106e-06,6.86911443677458e-06,"Downregulated"
"ENSG00000161040.21","ENSG00000161040","FBXL13","protein_coding",9.85750472504316,-2.17756700650577,0.467665988080668,-4.65624411867678,3.22030073044095e-06,6.8985363171545e-06,"Downregulated"
"ENSG00000293150.1","ENSG00000293150","ENSG00000293150","lncRNA",3.4569627620157,-5.29940607822305,1.13891829701408,-4.6530168951685,3.27113434135149e-06,7.00432607489153e-06,"Downregulated"
"ENSG00000127399.16","ENSG00000127399","LRRC61","protein_coding",89.1874417091879,-1.07273822176257,0.230643453368252,-4.65106729064539,3.30221548123554e-06,7.06774579147327e-06,"Downregulated"
"ENSG00000246174.11","ENSG00000246174","KCTD21-AS1","lncRNA",9.71289216581614,-1.95729026496775,0.421020780147848,-4.64891605654337,3.33683970611128e-06,7.13974324833377e-06,"Downregulated"
"ENSG00000171574.20","ENSG00000171574","ZNF584","protein_coding",50.2019720554844,-1.03104684426009,0.221812257137632,-4.64828615679402,3.34704369612186e-06,7.16051922707382e-06,"Downregulated"
"ENSG00000172915.21","ENSG00000172915","NBEA","protein_coding",10.6797342509168,-1.90842216980198,0.410594738835707,-4.64794598979409,3.35256662980557e-06,7.17127610319444e-06,"Downregulated"
"ENSG00000297070.1","ENSG00000297070","ENSG00000297070","lncRNA",7.1628274391452,2.80655228339633,0.604789875361724,4.6405411163964,3.47498022780224e-06,7.42983379482297e-06,"Upregulated"
"ENSG00000290920.2","ENSG00000290920","ENSG00000290920","lncRNA",21.7243470464917,1.3128166088395,0.283032629785337,4.63839314157944,3.51128397567611e-06,7.50302674365941e-06,"Upregulated"
"ENSG00000106034.20","ENSG00000106034","CPED1","protein_coding",11.4296601153544,1.73907383961104,0.375168216192924,4.63545088456201,3.56160287317122e-06,7.60718479557809e-06,"Upregulated"
"ENSG00000279806.1","ENSG00000279806","ENSG00000279806","TEC",73.6355933182148,-1.92529399563745,0.415686016233223,-4.63160635780744,3.62839522526925e-06,7.74642068423718e-06,"Downregulated"
"ENSG00000234665.10","ENSG00000234665","LERFS","lncRNA",21.7078523561229,-1.56569042731164,0.338363231337282,-4.62724753255165,3.70557527833376e-06,7.9030459063448e-06,"Downregulated"
"ENSG00000166825.17","ENSG00000166825","ANPEP","protein_coding",11.5411965170705,2.02012896042454,0.437727534879843,4.61503743642509,3.9302446528087e-06,8.3686608152371e-06,"Upregulated"
"ENSG00000135740.19","ENSG00000135740","SLC9A5","protein_coding",6.8674238930998,2.36393529655389,0.512274784672872,4.61458453018227,3.93882443929858e-06,8.38446588929421e-06,"Upregulated"
"ENSG00000150773.14","ENSG00000150773","PIH1D2","protein_coding",7.20421821410979,-2.50027738474356,0.542284337687048,-4.61063912597541,4.01432875585738e-06,8.53891858650889e-06,"Downregulated"
"ENSG00000100867.17","ENSG00000100867","DHRS2","protein_coding",44.714549491138,-1.60079252731377,0.347229891483276,-4.61018065142837,4.02319214496641e-06,8.55651607937383e-06,"Downregulated"
"ENSG00000072163.22","ENSG00000072163","LIMS2","protein_coding",21.2944143497029,3.14158062335512,0.682206683878617,4.60502762226541,4.12411116118265e-06,8.76471901273778e-06,"Upregulated"
"ENSG00000291208.2","ENSG00000291208","ENSG00000291208","lncRNA",5.76057621856802,-3.30464802843406,0.718165503043376,-4.60151318105636,4.19432608931269e-06,8.9113287914264e-06,"Downregulated"
"ENSG00000159915.15","ENSG00000159915","ZNF233","protein_coding",8.51171780025763,-4.91130208783031,1.0678898456754,-4.59907181224678,4.24377487764025e-06,9.01242460825946e-06,"Downregulated"
"ENSG00000183250.14","ENSG00000183250","LINC01547","lncRNA",8.49176206157741,-4.32109503535965,0.9397945467182,-4.5979145659539,4.26740905415636e-06,9.05996074023351e-06,"Downregulated"
"ENSG00000279233.1","ENSG00000279233","ENSG00000279233","TEC",15.7657612100086,1.42174502525214,0.309519375973581,4.59339587636507,4.36090657349346e-06,9.25033051274404e-06,"Upregulated"
"ENSG00000196741.6","ENSG00000196741","LINC01560","lncRNA",17.0777107380003,-2.18993879847968,0.476794684062817,-4.5930436552249,4.3682763644319e-06,9.26460721108549e-06,"Downregulated"
"ENSG00000273111.7","ENSG00000273111","LYPD4","protein_coding",4.60949860981465,-3.55388814248164,0.77377014648779,-4.59295070844106,4.37022314981343e-06,9.2673798488581e-06,"Downregulated"
"ENSG00000279348.1","ENSG00000279348","ENSG00000279348","TEC",18.2829083407413,-1.7024848236993,0.370742992647587,-4.59208901439066,4.38831109106242e-06,9.30437517654376e-06,"Downregulated"
"ENSG00000163703.22","ENSG00000163703","CRELD1","protein_coding",24.1098724706547,1.34249054490737,0.292392540353506,4.59139806810491,4.40286663631793e-06,9.33387116640132e-06,"Upregulated"
"ENSG00000287778.3","ENSG00000287778","ENSG00000287778","lncRNA",16.0567346904008,-1.86424084975593,0.406042242648435,-4.59124853019308,4.40602290040698e-06,9.33919612003772e-06,"Downregulated"
"ENSG00000291201.2","ENSG00000291201","ENSG00000291201","lncRNA",23.6453055167588,-1.25432604256325,0.273568715013057,-4.58504929009657,4.53879349961187e-06,9.61499713439194e-06,"Downregulated"
"ENSG00000238164.7","ENSG00000238164","TNFRSF14-AS1","lncRNA",10.8058147039332,-2.62575596813241,0.573151600618711,-4.58125906880122,4.62184861849334e-06,9.78379056079544e-06,"Downregulated"
"ENSG00000198205.7","ENSG00000198205","ZXDA","protein_coding",39.9377085489684,-1.21979440989898,0.266441418637434,-4.57809606380621,4.69227209983039e-06,9.92416918720695e-06,"Downregulated"
"ENSG00000136367.16","ENSG00000136367","ZFHX2","protein_coding",8.88724767572878,-4.51364138688351,0.986753513582219,-4.57423391430106,4.77965612525881e-06,1.00986698596371e-05,"Downregulated"
"ENSG00000261211.3","ENSG00000261211","ENSG00000261211","lncRNA",10.4063813867809,-4.75330290111487,1.03998214834749,-4.570562012692,4.86417953191422e-06,1.02682723636564e-05,"Downregulated"
"ENSG00000146955.13","ENSG00000146955","RAB19","protein_coding",84.1256098663986,-1.1475565515498,0.251366364765289,-4.56527488322203,4.9884025316569e-06,1.05167194484684e-05,"Downregulated"
"ENSG00000062370.19","ENSG00000062370","ZNF112","protein_coding",22.7761461739158,-1.59894113621073,0.35030330118393,-4.56444781081636,5.00810762556615e-06,1.05536564940679e-05,"Downregulated"
"ENSG00000260083.4","ENSG00000260083","MIR762HG","lncRNA",17.2481495816142,1.66588485480538,0.365195391604838,4.56162616807597,5.07589607001915e-06,1.06933981460558e-05,"Upregulated"
"ENSG00000153558.19","ENSG00000153558","FBXL2","protein_coding",22.9590685680426,-1.06853317546564,0.234273862120335,-4.56104307068103,5.09001380324201e-06,1.07200232577508e-05,"Downregulated"
"ENSG00000291081.2","ENSG00000291081","ENSG00000291081","lncRNA",8.57169281780516,-2.63359166055672,0.577755162937317,-4.55831782993941,5.15649633248148e-06,1.0855308665067e-05,"Downregulated"
"ENSG00000256294.10","ENSG00000256294","ZNF225","protein_coding",26.3811778096637,-1.61975458434571,0.355361183200999,-4.55805152874433,5.16303718937144e-06,1.0867499629393e-05,"Downregulated"
"ENSG00000227704.3","ENSG00000227704","ENSG00000227704","lncRNA",12.4937302158013,-2.1747651762934,0.477567285232836,-4.55384035619839,5.26753365110123e-06,1.1079404596772e-05,"Downregulated"
"ENSG00000187676.10","ENSG00000187676","B3GLCT","protein_coding",104.418919100909,-1.1403300449891,0.251511099913566,-4.53391538338063,5.7900232019254e-06,1.21413711825066e-05,"Downregulated"
"ENSG00000154957.15","ENSG00000154957","ZNF18","protein_coding",35.2501415594785,-1.00151145764337,0.220904994540166,-4.53367502952167,5.79661896006413e-06,1.215344357194e-05,"Downregulated"
"ENSG00000248487.12","ENSG00000248487","ABHD14A","protein_coding",12.3526946047337,-2.29777441312085,0.506852201379838,-4.53342099899233,5.80359784836016e-06,1.2166315639872e-05,"Downregulated"
"ENSG00000267309.2","ENSG00000267309","ZNF566-AS1","lncRNA",7.59377390358937,-2.63318700207993,0.581433267027106,-4.52878627936708,5.93234652974532e-06,1.24290249976969e-05,"Downregulated"
"ENSG00000198853.14","ENSG00000198853","RUSC2","protein_coding",22.3264627663326,1.43208431366217,0.316299618159694,4.52761948305337,5.96518732317376e-06,1.24957221306745e-05,"Upregulated"
"ENSG00000236039.4","ENSG00000236039","LINC02889","lncRNA",3.17101106759225,-5.16719825681314,1.14249273035101,-4.52274060004356,6.10440345364692e-06,1.27765763792968e-05,"Downregulated"
"ENSG00000289942.1","ENSG00000289942","ENSG00000289942","lncRNA",12.9405225027193,5.05698415008574,1.11883302745081,4.51987385607285,6.18764888247124e-06,1.29470701133083e-05,"Upregulated"
"ENSG00000272752.7","ENSG00000272752","STAG3L5P-PVRIG2P-PILRB","lncRNA",34.827672132068,-1.19366120097357,0.264267535508354,-4.51686658626985,6.27614196794171e-06,1.31227599768304e-05,"Downregulated"
"ENSG00000149646.12","ENSG00000149646","CNBD2","protein_coding",15.3830342655167,1.72570544678481,0.382102543487364,4.51634116599876,6.2917269431308e-06,1.31515515447644e-05,"Upregulated"
"ENSG00000103254.12","ENSG00000103254","ANTKMT","protein_coding",95.1755287955061,-1.13423599508366,0.251459884365232,-4.51060413849646,6.46432565218088e-06,1.35006495678636e-05,"Downregulated"
"ENSG00000177469.15","ENSG00000177469","CAVIN1","protein_coding",268.277386109621,1.09159680920518,0.242055166733116,4.50970257705238,6.49185771163464e-06,1.35561962474077e-05,"Upregulated"
"ENSG00000086548.11","ENSG00000086548","CEACAM6","protein_coding",1218.81442053701,1.45532703912736,0.322748452067662,4.50916814566862,6.50823120656887e-06,1.35884291378182e-05,"Upregulated"
"ENSG00000293473.2","ENSG00000293473","CENPBD1P","lncRNA",7.71758123475343,-4.87249878567639,1.08249027283466,-4.50119405961684,6.75727754722323e-06,1.40941949070753e-05,"Downregulated"
"ENSG00000214049.9","ENSG00000214049","UCA1","lncRNA",4167.34550054327,2.01888818561855,0.449039380416077,4.49601588116361,6.92385671899206e-06,1.44354095197285e-05,"Upregulated"
"ENSG00000167741.12","ENSG00000167741","GGT6","protein_coding",309.084681561361,-1.50135944231709,0.3339351149971,-4.49596156525835,6.92562467437433e-06,1.44370185243143e-05,"Downregulated"
"ENSG00000237036.8","ENSG00000237036","ZEB1-AS1","lncRNA",15.8519235382515,-1.49518543230173,0.332703261251514,-4.49405102516085,6.98808723235275e-06,1.45567572475573e-05,"Downregulated"
"ENSG00000159110.24","ENSG00000159110","IFNAR2","protein_coding",62.9566748880861,-1.00694741440427,0.224196702862622,-4.49135692696283,7.07708346391354e-06,1.47379068198067e-05,"Downregulated"
"ENSG00000260804.4","ENSG00000260804","LINC01963","lncRNA",30.9146983803438,-1.58437423693314,0.353274895311067,-4.48481977622005,7.29755887389978e-06,1.51774143514001e-05,"Downregulated"
"ENSG00000290862.2","ENSG00000290862","NMRAL2P","lncRNA",16.291445556268,1.58125227762759,0.352627935786603,4.48419457777871,7.31898542873198e-06,1.52154263137547e-05,"Upregulated"
"ENSG00000175611.15","ENSG00000175611","ERCC6L2-AS1","lncRNA",45.9414412370538,-1.79793664974704,0.40101635648753,-4.48344966648,7.34459328284583e-06,1.52642830711318e-05,"Downregulated"
"ENSG00000183150.10","ENSG00000183150","GPR19","protein_coding",11.0991176726028,-3.98664328650517,0.889579211854219,-4.48149330984871,7.41225569479344e-06,1.54004888213543e-05,"Downregulated"
"ENSG00000147231.15","ENSG00000147231","RADX","protein_coding",19.1533243155901,1.21939053238381,0.27242745447129,4.47601925712782,7.60476284941876e-06,1.57868819959571e-05,"Upregulated"
"ENSG00000277662.1","ENSG00000277662","ENSG00000277662","lncRNA",11.4154025231548,1.79321323763494,0.400633491382139,4.47594441355505,7.6074277252782e-06,1.57901521905946e-05,"Upregulated"
"ENSG00000065413.22","ENSG00000065413","ANKRD44","protein_coding",14.9504695335698,-1.74452931390744,0.390091658236064,-4.47210104875337,7.74548097021959e-06,1.60720948196481e-05,"Downregulated"
"ENSG00000271754.1","ENSG00000271754","ENSG00000271754","lncRNA",14.9754927591723,1.99901410563658,0.447031927544732,4.47174795012052,7.75828368309364e-06,1.60963560680591e-05,"Upregulated"
"ENSG00000205309.16","ENSG00000205309","NT5M","protein_coding",51.2512823633924,1.04008555326867,0.23266409723826,4.47033111517661,7.80985929965837e-06,1.61964054050728e-05,"Upregulated"
"ENSG00000285212.2","ENSG00000285212","ENSG00000285212","lncRNA",19.2608260382624,-1.6908816305599,0.378490875389439,-4.46743036756198,7.91647670953669e-06,1.64104678121307e-05,"Downregulated"
"ENSG00000128512.25","ENSG00000128512","DOCK4","protein_coding",17.9404090983362,1.42878858161261,0.319822181045308,4.46744680729382,7.91586856260442e-06,1.64104678121307e-05,"Upregulated"
"ENSG00000277027.2","ENSG00000277027","RMRP","ribozyme",39.9519890299333,1.1247847317234,0.251779271478341,4.46734445261973,7.91965564556789e-06,1.64147096132108e-05,"Upregulated"
"ENSG00000108465.17","ENSG00000108465","CDK5RAP3","protein_coding",27.3666516977315,1.24841859712892,0.279722740995585,4.46305721403117,8.07984671841411e-06,1.67371553235073e-05,"Upregulated"
"ENSG00000262772.3","ENSG00000262772","LINC01977","lncRNA",8.24342955558761,-3.75873190821145,0.84330137795724,-4.45716324727983,8.30513574931657e-06,1.71792788008986e-05,"Downregulated"
"ENSG00000167523.16","ENSG00000167523","SPATA33","protein_coding",53.4453178851297,-1.3229840411744,0.296946170881974,-4.45529921212635,8.37762709062229e-06,1.73242825053222e-05,"Downregulated"
"ENSG00000291046.2","ENSG00000291046","ENSG00000291046","lncRNA",18.2652383331597,-1.61067629678018,0.361736221497726,-4.45262653021411,8.48262228833043e-06,1.75313979182094e-05,"Downregulated"
"ENSG00000196653.14","ENSG00000196653","ZNF502","protein_coding",24.9056910281721,-2.24878190808065,0.505405536494292,-4.44946037528428,8.60863100058282e-06,1.77816819356394e-05,"Downregulated"
"ENSG00000209082.1","ENSG00000209082","MT-TL1","Mt_tRNA",31.6072870297128,1.01016689522534,0.227040305387641,4.44928442771698,8.61568569030549e-06,1.77937176890277e-05,"Upregulated"
"ENSG00000258012.1","ENSG00000258012","ENSG00000258012","processed_pseudogene",5.94367205409546,-2.76381044948797,0.621225641604332,-4.44896389394094,8.62855182656797e-06,1.78177505087807e-05,"Downregulated"
"ENSG00000274979.1","ENSG00000274979","ENSG00000274979","lncRNA",5.77193976337918,-2.41131299957964,0.542101342647397,-4.44808527461636,8.66391357801037e-06,1.78882227628617e-05,"Downregulated"
"ENSG00000258920.1","ENSG00000258920","FOXN3-AS1","lncRNA",9.18916826867127,-3.98688610477861,0.899040777575354,-4.43459985822996,9.2243456411467e-06,1.90047223530705e-05,"Downregulated"
"ENSG00000274015.4","ENSG00000274015","ENSG00000274015","lncRNA",8.70542109348472,2.08580802059466,0.470460244185175,4.43354788502315,9.26949075986365e-06,1.90923053001626e-05,"Upregulated"
"ENSG00000268686.2","ENSG00000268686","ENSG00000268686","lncRNA",6.06387645593815,-3.10235825943145,0.701652830327525,-4.42150038500279,9.80178897833442e-06,2.01543027630565e-05,"Downregulated"
"ENSG00000157578.16","ENSG00000157578","LCA5L","protein_coding",5.03762705289037,-4.79675706782641,1.08501714066286,-4.4209044152943,9.82886473421105e-06,2.02042422309485e-05,"Downregulated"
"ENSG00000227121.3","ENSG00000227121","LINC02672","lncRNA",4.42238417689934,-3.92406462315434,0.887885694650379,-4.41956058848263,9.89017910739588e-06,2.03273969116978e-05,"Downregulated"
"ENSG00000262470.2","ENSG00000262470","TVP23CP2","processed_pseudogene",17.3843433912438,1.41444175648871,0.320099857770976,4.41875159313787,9.92726687929482e-06,2.03969559190691e-05,"Upregulated"
"ENSG00000290082.2","ENSG00000290082","ENSG00000290082","lncRNA",11.5732867518962,-3.69466658051485,0.83613760814811,-4.41873029571992,9.92824503540665e-06,2.03969559190691e-05,"Downregulated"
"ENSG00000165449.14","ENSG00000165449","SLC16A9","protein_coding",73.7113279409026,-1.21882924256282,0.275922371010866,-4.41729040707186,9.99459072907699e-06,2.05274388953775e-05,"Downregulated"
"ENSG00000111701.7","ENSG00000111701","APOBEC1","protein_coding",17.0234576856057,1.68717866396636,0.382155133774363,4.41490513892333,1.01054293602525e-05,2.07374514710817e-05,"Upregulated"
"ENSG00000225366.7","ENSG00000225366","CRIPTO3","protein_coding",17.6928332846571,-1.55104019249723,0.351365878449721,-4.41431649350998,1.01329625961115e-05,2.07880653939479e-05,"Downregulated"
"ENSG00000261713.8","ENSG00000261713","SSTR5-AS1","lncRNA",57.2866389843089,-4.49463578864318,1.01838141960956,-4.41350922365256,1.01708382707083e-05,2.08628150345513e-05,"Downregulated"
"ENSG00000279108.1","ENSG00000279108","ENSG00000279108","TEC",10.7205161294671,2.01059252464266,0.455776371124039,4.41135752536737,1.02724537680527e-05,2.10563507788713e-05,"Upregulated"
"ENSG00000139926.18","ENSG00000139926","FRMD6","protein_coding",8.7057913129844,1.97639713556581,0.448135701981589,4.41026485242412,1.03244265099726e-05,2.11539076746108e-05,"Upregulated"
"ENSG00000136052.12","ENSG00000136052","SLC41A2","protein_coding",160.286249243512,-1.06901033634629,0.242404981985538,-4.41001801031492,1.03362022224896e-05,2.11720484252042e-05,"Downregulated"
"ENSG00000140057.11","ENSG00000140057","AK7","protein_coding",20.0155705440033,1.34777528586708,0.305927360736029,4.4055401995574,1.05520580110567e-05,2.1598930041841e-05,"Upregulated"
"ENSG00000105369.11","ENSG00000105369","CD79A","protein_coding",7.04085594087499,2.4808788538126,0.563265273627723,4.40445908876016,1.06048151024659e-05,2.16977241938354e-05,"Upregulated"
"ENSG00000104883.10","ENSG00000104883","PEX11G","protein_coding",10.2911309295317,-3.46159014115462,0.786000710352204,-4.40405472356824,1.06246123519672e-05,2.17320934657316e-05,"Downregulated"
"ENSG00000187566.6","ENSG00000187566","NHLRC1","protein_coding",11.7251624238404,-2.29149998279103,0.520493693756227,-4.40255090557207,1.06985476459243e-05,2.18678917467891e-05,"Downregulated"
"ENSG00000258744.4","ENSG00000258744","ENSG00000258744","lncRNA",11.9850395664734,-2.99415361935124,0.680545947968285,-4.399634776006,1.08433216397945e-05,2.21544363744398e-05,"Downregulated"
"ENSG00000253958.3","ENSG00000253958","CLDN23","protein_coding",39.033354550415,-1.03630008164453,0.235607367396611,-4.39841968056995,1.09041966457094e-05,2.22756720876263e-05,"Downregulated"
"ENSG00000160182.4","ENSG00000160182","TFF1","protein_coding",6.53423453867135,-2.80304729760357,0.637348023694378,-4.39798539164796,1.09260331117767e-05,2.23171348634063e-05,"Downregulated"
"ENSG00000160229.15","ENSG00000160229","ZNF66","protein_coding",9.13323471520944,-1.96929523852983,0.448618308251407,-4.38968985952805,1.13512435624302e-05,2.3166064175009e-05,"Downregulated"
"ENSG00000099994.13","ENSG00000099994","SUSD2","protein_coding",5.69037882522121,2.87910597374368,0.657400036466663,4.37953424708956,1.18933230221975e-05,2.42314125175996e-05,"Upregulated"
"ENSG00000183208.15","ENSG00000183208","GDPGP1","protein_coding",12.2981904083449,-2.12131876441277,0.484901409073997,-4.37474242127651,1.21575948148592e-05,2.4745486524851e-05,"Downregulated"
"ENSG00000237070.1","ENSG00000237070","ENSG00000237070","lncRNA",7.28618625363384,1.97095903202453,0.450602917895134,4.37404853308832,1.21963245335505e-05,2.48173455686905e-05,"Upregulated"
"ENSG00000259240.2","ENSG00000259240","MIR4713HG","lncRNA",18.6343577601335,-1.82355232261555,0.417428892988268,-4.36853402638519,1.25083330943079e-05,2.54379403876943e-05,"Downregulated"
"ENSG00000267015.2","ENSG00000267015","ENSG00000267015","lncRNA",5.83273588437817,-3.79484712235891,0.869350820381601,-4.36515044719595,1.27035295165746e-05,2.58204137102663e-05,"Downregulated"
"ENSG00000288095.3","ENSG00000288095","ENSG00000288095","lncRNA",9.1086777741271,-2.82334295145738,0.647423161806746,-4.36089271748999,1.29532869673402e-05,2.63096054282684e-05,"Downregulated"
"ENSG00000176244.8","ENSG00000176244","ACBD7","protein_coding",97.1988363205904,1.02129978398957,0.234346112280293,4.35808289735157,1.31206689681801e-05,2.66309152222501e-05,"Upregulated"
"ENSG00000293970.1","ENSG00000293970","ENSG00000293970","lncRNA",28.0982999933602,1.41717606367617,0.325686787857225,4.35134649765845,1.35304031998567e-05,2.74318135383775e-05,"Upregulated"
"ENSG00000247708.9","ENSG00000247708","STX18-AS1","lncRNA",34.0823486918047,-1.09167542384533,0.250908510817938,-4.35089037150065,1.35585833461829e-05,2.74812573220814e-05,"Downregulated"
"ENSG00000248538.11","ENSG00000248538","PPP1R3B-DT","lncRNA",22.2742186946021,-1.43089069608716,0.329019766610227,-4.34895055342456,1.36790547237101e-05,2.77138069419832e-05,"Downregulated"
"ENSG00000071575.13","ENSG00000071575","TRIB2","protein_coding",16.6527509055611,4.64800720516081,1.06877960626328,4.3488921176288,1.36826996428474e-05,2.77173166374258e-05,"Upregulated"
"ENSG00000235376.5","ENSG00000235376","RPEL1","protein_coding",16.6266682117335,-1.54890475946845,0.356434704784644,-4.34554979825631,1.38927248371949e-05,2.81231133315587e-05,"Downregulated"
"ENSG00000115657.16","ENSG00000115657","ABCB6","protein_coding",21.1436707889698,1.23592772727282,0.284449470360124,4.34498164369258,1.39287310166352e-05,2.81920628342287e-05,"Upregulated"
"ENSG00000213937.4","ENSG00000213937","CLDN9","protein_coding",54.0123311040913,1.33874930583196,0.308128588488656,4.34477473316712,1.39418658426585e-05,2.82147074140213e-05,"Upregulated"
"ENSG00000203797.14","ENSG00000203797","DDO","protein_coding",7.25797046322633,1.85604981104399,0.427239736933948,4.34428179448799,1.39732055523253e-05,2.82741824719769e-05,"Upregulated"
"ENSG00000179862.7","ENSG00000179862","CITED4","protein_coding",33.2658277144917,1.10116576450074,0.253479965875987,4.34419249148659,1.39788903802171e-05,2.82777888595904e-05,"Upregulated"
"ENSG00000288720.2","ENSG00000288720","ENSG00000288720","lncRNA",13.5581814322538,-1.50643412325568,0.346768853541322,-4.34420250801496,1.39782526407686e-05,2.82777888595904e-05,"Downregulated"
"ENSG00000289575.2","ENSG00000289575","ENSG00000289575","lncRNA",6.44899099388339,2.14391977754486,0.493650973297437,4.3429870364159,1.40558431162796e-05,2.84294875702894e-05,"Upregulated"
"ENSG00000271270.9","ENSG00000271270","TMCC1-DT","lncRNA",6.80269664081702,-2.4822559737264,0.572384872672128,-4.33669038480736,1.44644145026171e-05,2.92150933758783e-05,"Downregulated"
"ENSG00000014138.12","ENSG00000014138","POLA2","protein_coding",45.3148714777961,-1.13337838635872,0.261359757426082,-4.33646861904232,1.44790087113367e-05,2.92401340428923e-05,"Downregulated"
"ENSG00000253669.5","ENSG00000253669","GASAL1","lncRNA",15.6483064760436,-3.81674471680047,0.880442919559807,-4.33502800920782,1.45741564229199e-05,2.94244462079904e-05,"Downregulated"
"ENSG00000168802.15","ENSG00000168802","CHTF8","protein_coding",11.3609411176461,-1.99109241389103,0.459413638897505,-4.33398629320023,1.46433296052117e-05,2.95535633209813e-05,"Downregulated"
"ENSG00000179344.19","ENSG00000179344","HLA-DQB1","protein_coding",18.4256571858805,1.2153970561949,0.280492621963593,4.33308030595062,1.4703744419093e-05,2.96654133539602e-05,"Upregulated"
"ENSG00000137691.15","ENSG00000137691","CFAP300","protein_coding",6.25035735836809,-2.61427117180752,0.603949934809586,-4.3286223263386,1.50044985255924e-05,3.02511397652873e-05,"Downregulated"
"ENSG00000103064.17","ENSG00000103064","SLC7A6","protein_coding",963.211466716323,-1.57534680616545,0.364055719879984,-4.32721344602079,1.51007610747083e-05,3.04325169649108e-05,"Downregulated"
"ENSG00000293268.2","ENSG00000293268","ENSG00000293268","protein_coding",33.44347499759,-1.32021712779928,0.305297045825876,-4.32436915407382,1.52968962615816e-05,3.08192159909413e-05,"Downregulated"
"ENSG00000198203.12","ENSG00000198203","SULT1C2","protein_coding",33.3066148190905,1.00525199375597,0.232588825289505,4.32201328892187,1.54611874110568e-05,3.112425725254e-05,"Upregulated"
"ENSG00000102048.18","ENSG00000102048","ASB9","protein_coding",24.0548137931173,-1.26633929518488,0.29324108929992,-4.31842378640772,1.57147468324101e-05,3.16259007214675e-05,"Downregulated"
"ENSG00000238058.3","ENSG00000238058","CAMSAP1-DT","lncRNA",14.5441176498487,-1.95353297550605,0.452912939361001,-4.31326377705664,1.6086200217113e-05,3.23375244203636e-05,"Downregulated"
"ENSG00000170955.12","ENSG00000170955","CAVIN3","protein_coding",4.4858539041473,-3.65088016727463,0.846587299145369,-4.31246744542493,1.61442659226195e-05,3.24497505895425e-05,"Downregulated"
"ENSG00000058668.18","ENSG00000058668","ATP2B4","protein_coding",633.445065824677,1.23706463251521,0.286973010605417,4.31073511026495,1.62712725052717e-05,3.26914295225838e-05,"Upregulated"
"ENSG00000223723.1","ENSG00000223723","TFDP1P2","processed_pseudogene",10.3667221114341,-2.39459648469923,0.555505347936387,-4.31066324310786,1.62765619835066e-05,3.26975237406401e-05,"Downregulated"
"ENSG00000175920.19","ENSG00000175920","DOK7","protein_coding",53.8807403619997,-1.52195967830777,0.353255190487652,-4.3083858901175,1.64450282964869e-05,3.3026794633133e-05,"Downregulated"
"ENSG00000196605.9","ENSG00000196605","ZNF846","protein_coding",21.7197774039553,-1.54795893413812,0.359305059299503,-4.30820244267088,1.64586708367432e-05,3.304961310324e-05,"Downregulated"
"ENSG00000205413.9","ENSG00000205413","SAMD9","protein_coding",77.8459609896059,-2.32658569689265,0.540119695471342,-4.30753722998811,1.65082316169803e-05,3.31399491055934e-05,"Downregulated"
"ENSG00000171608.20","ENSG00000171608","PIK3CD","protein_coding",13.3280617396212,1.57389029713007,0.365691532123426,4.30387405470154,1.67837099028759e-05,3.36417045522099e-05,"Upregulated"
"ENSG00000257261.8","ENSG00000257261","SLC38A4-AS1","lncRNA",26.3915014910181,-1.34139415162822,0.31168385175637,-4.30370115124454,1.67968202722073e-05,3.36633272555426e-05,"Downregulated"
"ENSG00000291049.2","ENSG00000291049","FAM86B3P","lncRNA",16.3299504003205,-1.47048449374425,0.341694954134168,-4.30350075689692,1.68120273434506e-05,3.3689145500731e-05,"Downregulated"
"ENSG00000277969.3","ENSG00000277969","ENSG00000277969","lncRNA",26.8401356101992,-1.48871156288391,0.346167101166834,-4.30055761470652,1.7036886840417e-05,3.41208629203044e-05,"Downregulated"
"ENSG00000085662.16","ENSG00000085662","AKR1B1","protein_coding",8.18797673006648,3.84387170014819,0.893961077010696,4.29981997986049,1.7093690536207e-05,3.42251676223697e-05,"Upregulated"
"ENSG00000289092.1","ENSG00000289092","ENSG00000289092","lncRNA",7.57031470309653,2.62001631323686,0.609340722864249,4.2997558097238,1.7098640666515e-05,3.42303495702631e-05,"Upregulated"
"ENSG00000118997.15","ENSG00000118997","DNAH7","protein_coding",5.20339091923957,-2.66672019126332,0.620835190832621,-4.29537537601067,1.74397987303466e-05,3.49036822538575e-05,"Downregulated"
"ENSG00000129646.17","ENSG00000129646","QRICH2","protein_coding",16.3358876407149,-1.73766931749688,0.404615963474527,-4.29461384216067,1.74997666426944e-05,3.50140298475669e-05,"Downregulated"
"ENSG00000185467.10","ENSG00000185467","KPNA7","protein_coding",11.2662200927626,1.50912527201577,0.351415337100505,4.29442062622373,1.75150128873981e-05,3.50396972341486e-05,"Upregulated"
"ENSG00000259781.1","ENSG00000259781","HMGB1P6","processed_pseudogene",46.7838602332839,-1.13887863039812,0.265644040739827,-4.28723575814577,1.80910260582025e-05,3.61620896048925e-05,"Downregulated"
"ENSG00000189045.17","ENSG00000189045","ANKDD1B","protein_coding",8.69566506942349,-3.37887986321913,0.788612868257689,-4.28458626434059,1.83079563990993e-05,3.65856183309083e-05,"Downregulated"
"ENSG00000121742.20","ENSG00000121742","GJB6","protein_coding",16.2196163400381,-1.43359621667246,0.334592377009135,-4.28460513502171,1.83064026151308e-05,3.65856183309083e-05,"Downregulated"
"ENSG00000275718.3","ENSG00000275718","CCL15","protein_coding",15.7212694479137,1.7152174589616,0.400338455583715,4.28441843404907,1.83217808254912e-05,3.66031496723214e-05,"Upregulated"
"ENSG00000184786.8","ENSG00000184786","DYNLT2","protein_coding",11.0967471939608,1.63894465009357,0.382597397621889,4.28373182954396,1.83784410718406e-05,3.67112843574244e-05,"Upregulated"
"ENSG00000248367.3","ENSG00000248367","ENSG00000248367","lncRNA",5.5419306585274,2.604612926028,0.608428309846391,4.28088713801891,1.86149751824814e-05,3.71735180301116e-05,"Upregulated"
"ENSG00000144619.17","ENSG00000144619","CNTN4","protein_coding",4.1446759114129,-4.88294331835351,1.14080457369876,-4.28026274695047,1.86672795655026e-05,3.72625641133973e-05,"Downregulated"
"ENSG00000141574.10","ENSG00000141574","SECTM1","protein_coding",106.231820918203,1.24238696579394,0.290300307536894,4.27966121129942,1.87178017592537e-05,3.73582678825375e-05,"Upregulated"
"ENSG00000251562.13","ENSG00000251562","MALAT1","lncRNA",1410.05659682403,1.04241813303944,0.243578312829952,4.27960158245771,1.87228169971674e-05,3.73631319089713e-05,"Upregulated"
"ENSG00000244541.7","ENSG00000244541","LINC01213","lncRNA",6.76710806320614,2.48655130474028,0.581350042248717,4.27720155505978,1.89257434312859e-05,3.77472988998342e-05,"Upregulated"
"ENSG00000215769.9","ENSG00000215769","ARHGAP27P1-BPTFP1-KPNA2P3","lncRNA",37.597743886108,-1.01964102402456,0.238470658801008,-4.27575043886383,1.90494522164113e-05,3.79873644740674e-05,"Downregulated"
"ENSG00000170917.15","ENSG00000170917","NUDT6","protein_coding",9.00475825852413,-2.16639132457096,0.507688066954607,-4.26717007072113,1.97968238569754e-05,3.94195618762417e-05,"Downregulated"
"ENSG00000278989.1","ENSG00000278989","ENSG00000278989","TEC",9.66297703078965,2.1478610484155,0.503689977109217,4.26425211147247,2.00572877471442e-05,3.99053012124675e-05,"Upregulated"
"ENSG00000235500.2","ENSG00000235500","SNX19P2","processed_pseudogene",9.24256427091231,-2.27879473708309,0.534760540668408,-4.26133673631712,2.0320777807587e-05,4.04128876063608e-05,"Downregulated"
"ENSG00000198467.18","ENSG00000198467","TPM2","protein_coding",24.1019990118553,1.04086535347395,0.244581886161134,4.25569272447354,2.08402759454684e-05,4.1417619171932e-05,"Upregulated"
"ENSG00000272086.3","ENSG00000272086","GOLPH3-DT","lncRNA",28.1487537968757,-1.23244072323533,0.289650897862396,-4.25491766927242,2.0912594986023e-05,4.15556460355745e-05,"Downregulated"
"ENSG00000185585.22","ENSG00000185585","OLFML2A","protein_coding",30.3111107105604,2.58002409100972,0.607638624306857,4.24598435287553,2.17635819050463e-05,4.31815209430355e-05,"Upregulated"
"ENSG00000271147.8","ENSG00000271147","ENSG00000271147","lncRNA",20.3816126475694,-2.33071769770819,0.548965423531678,-4.24565482232725,2.17955948733053e-05,4.32332002332249e-05,"Downregulated"
"ENSG00000073737.19","ENSG00000073737","DHRS9","protein_coding",8.4160946294987,1.98953307717226,0.4689481907726,4.24254345430882,2.21000731751327e-05,4.38131683247638e-05,"Upregulated"
"ENSG00000128655.20","ENSG00000128655","PDE11A","protein_coding",7.04619565775316,-2.78453086715001,0.656581997111836,-4.24094915699573,2.22576555327803e-05,4.41135043737763e-05,"Downregulated"
"ENSG00000178531.7","ENSG00000178531","CTXN1","protein_coding",15.4736497984531,-1.61708954666272,0.38131219998156,-4.24085446712935,2.2267048364635e-05,4.41260857240927e-05,"Downregulated"
"ENSG00000198598.9","ENSG00000198598","MMP17","protein_coding",30.5924740793333,-1.54885941342714,0.365322124446173,-4.23970876599714,2.23809964362273e-05,4.43215906468716e-05,"Downregulated"
"ENSG00000176125.7","ENSG00000176125","UFSP1","protein_coding",8.43782487020989,-3.38859746331153,0.799415565057062,-4.23884348945552,2.24674219187871e-05,4.44745087347442e-05,"Downregulated"
"ENSG00000102837.8","ENSG00000102837","OLFM4","protein_coding",50.1759397462304,-1.08808850560013,0.256701987025411,-4.23872256778605,2.24795250734066e-05,4.44923896973243e-05,"Downregulated"
"ENSG00000262152.9","ENSG00000262152","GREP1","protein_coding",6.98273817831822,4.72993905940346,1.11604443033678,4.23812791931243,2.25391342978137e-05,4.45921002380773e-05,"Upregulated"
"ENSG00000204956.7","ENSG00000204956","PCDHGA1","protein_coding",9.54277678880444,-2.5370713484404,0.598836275167686,-4.23666944312946,2.26859736426235e-05,4.48581157086778e-05,"Downregulated"
"ENSG00000168661.17","ENSG00000168661","ZNF30","protein_coding",24.7108519384439,-1.08569694478964,0.256393224375308,-4.23449936102991,2.29061436296855e-05,4.52872896973263e-05,"Downregulated"
"ENSG00000272758.8","ENSG00000272758","WDR5B-DT","lncRNA",19.7988707106929,1.39980721148219,0.330951139989545,4.22964916067796,2.34056046310549e-05,4.62558328532999e-05,"Upregulated"
"ENSG00000105497.10","ENSG00000105497","ZNF175","protein_coding",47.317156531287,-1.00891949548604,0.238582678111573,-4.22880446925916,2.3493641533975e-05,4.64234869253295e-05,"Downregulated"
"ENSG00000237380.8","ENSG00000237380","HOXD-AS2","lncRNA",7.62928220470346,-2.27177544463487,0.537284876220667,-4.22825124097079,2.35514717244127e-05,4.65314148916413e-05,"Downregulated"
"ENSG00000259838.1","ENSG00000259838","ELOCP2","unprocessed_pseudogene",19.9549256411886,1.3514779418541,0.319794624677513,4.22608085804117,2.37796574146704e-05,4.69502445849323e-05,"Upregulated"
"ENSG00000151136.15","ENSG00000151136","ABTB3","protein_coding",14.0744479545869,4.731152894599,1.12000131177761,4.22423870833684,2.39749828757838e-05,4.7316553429914e-05,"Upregulated"
"ENSG00000214184.4","ENSG00000214184","GCC2-AS1","lncRNA",16.7691454298496,-1.33018549120639,0.314988681402145,-4.2229628229344,2.41111603516517e-05,4.75788311296481e-05,"Downregulated"
"ENSG00000139160.15","ENSG00000139160","ETFBKMT","protein_coding",11.2434412058858,-2.20265387083246,0.521655753501946,-4.22242802086577,2.41684593147258e-05,4.76789153810246e-05,"Downregulated"
"ENSG00000267060.9","ENSG00000267060","PTGES3L","protein_coding",11.0779686038651,-2.29120326049983,0.542641682993084,-4.22231342027042,2.4180754523843e-05,4.76966781760627e-05,"Downregulated"
"ENSG00000234912.12","ENSG00000234912","SNHG20","lncRNA",20.1525998809821,-1.30924382424446,0.310305756273153,-4.21920572782405,2.4516448766262e-05,4.83128060267431e-05,"Downregulated"
"ENSG00000148935.14","ENSG00000148935","GAS2","protein_coding",8.75155434836157,-3.03240818104833,0.71899052269295,-4.21759131078748,2.46925839727527e-05,4.86400607493723e-05,"Downregulated"
"ENSG00000160326.16","ENSG00000160326","SLC2A6","protein_coding",19.0577538316531,-1.74636739597548,0.41450175078758,-4.21317254428303,2.51808551958575e-05,4.95614496127077e-05,"Downregulated"
"ENSG00000163586.12","ENSG00000163586","FABP1","protein_coding",242.843618893895,-2.64775350388644,0.628453363629676,-4.21312647384709,2.51859940029862e-05,4.95648323046274e-05,"Downregulated"
"ENSG00000138823.15","ENSG00000138823","MTTP","protein_coding",9.54753107595247,-1.68356542563386,0.399747699292779,-4.21157001932061,2.53601919911627e-05,4.99008692920475e-05,"Downregulated"
"ENSG00000196876.19","ENSG00000196876","SCN8A","protein_coding",9.13131195287355,-2.32867512931489,0.553478225139898,-4.20734732378367,2.58385857470708e-05,5.08145996263468e-05,"Downregulated"
"ENSG00000307342.1","ENSG00000307342","ENSG00000307342","lncRNA",8.22260426696849,-4.66472815608981,1.10898601627319,-4.20630024873162,2.59585312378465e-05,5.10297117063038e-05,"Downregulated"
"ENSG00000291068.2","ENSG00000291068","ENSG00000291068","lncRNA",11.0638359041614,-1.7640878958891,0.419532275079534,-4.2048919729827,2.61206886175637e-05,5.13345564748757e-05,"Downregulated"
"ENSG00000056558.13","ENSG00000056558","TRAF1","protein_coding",31.2986403917154,-1.1564418369645,0.275278745483445,-4.20098484150513,2.6575638673138e-05,5.21720611827576e-05,"Downregulated"
"ENSG00000304746.1","ENSG00000304746","ENSG00000304746","lncRNA",9.84561359275979,3.91982032296334,0.933200119293836,4.20040701015932,2.66435581652412e-05,5.22983130069993e-05,"Upregulated"
"ENSG00000253227.3","ENSG00000253227","LINC03148","lncRNA",17.5575492805121,2.33228106264099,0.555504563978673,4.19849127059652,2.68699209491124e-05,5.27354949071692e-05,"Upregulated"
"ENSG00000285793.2","ENSG00000285793","ANAPC1P2","lncRNA",9.65276694812487,1.74187997277887,0.415477436906084,4.19247790144766,2.75923967642574e-05,5.41021531467486e-05,"Upregulated"
"ENSG00000279529.3","ENSG00000279529","ENSG00000279529","lncRNA",11.1050672956822,2.0193486727282,0.481700436865717,4.19212547505149,2.76353069438673e-05,5.41789594467702e-05,"Upregulated"
"ENSG00000307433.1","ENSG00000307433","ENSG00000307433","lncRNA",7.9263025355857,-3.33015972583928,0.794604187276437,-4.19096674692043,2.7776837225243e-05,5.44416993600516e-05,"Downregulated"
"ENSG00000308240.1","ENSG00000308240","ENSG00000308240","lncRNA",5.35840022950465,-4.68884781581021,1.11884519673758,-4.19079228250909,2.77982063939445e-05,5.44688489806712e-05,"Downregulated"
"ENSG00000019505.9","ENSG00000019505","SYT13","protein_coding",104.733567160213,4.43099800895175,1.05749916433118,4.19007235032111,2.78865522954983e-05,5.46318264318998e-05,"Upregulated"
"ENSG00000271780.3","ENSG00000271780","ENSG00000271780","lncRNA",11.158853797429,-2.20460547691657,0.526152160534383,-4.19005307262728,2.7888921608004e-05,5.46318264318998e-05,"Downregulated"
"ENSG00000279865.1","ENSG00000279865","ENSG00000279865","TEC",30.8604101511462,1.61723872651458,0.386092214167214,4.18873695757607,2.80511312131102e-05,5.49198856444735e-05,"Upregulated"
"ENSG00000177692.15","ENSG00000177692","DNAJC28","protein_coding",3.77822283409393,-4.72088434247467,1.12741810816932,-4.18734124302859,2.8224131162078e-05,5.52362064552105e-05,"Downregulated"
"ENSG00000214367.11","ENSG00000214367","HAUS3","protein_coding",26.3766113625306,-1.21428967027877,0.290051584524912,-4.18646108163039,2.83337488870953e-05,5.54133183362733e-05,"Downregulated"
"ENSG00000181585.7","ENSG00000181585","TMIE","protein_coding",4.25697676668001,-4.5490753229547,1.08704175479505,-4.18482114683109,2.85390713580807e-05,5.5784761548598e-05,"Downregulated"
"ENSG00000285796.2","ENSG00000285796","ENSG00000285796","lncRNA",10.2765269553242,-1.85290346835374,0.443424695729362,-4.17862037500192,2.93282755847579e-05,5.7281047139395e-05,"Downregulated"
"ENSG00000251191.9","ENSG00000251191","LINC00589","lncRNA",12.7133526382392,-1.65037740357073,0.395524469401512,-4.17263034589997,3.0110323860378e-05,5.87451283501075e-05,"Downregulated"
"ENSG00000162946.25","ENSG00000162946","DISC1","protein_coding",7.35880273594058,-4.60409765532044,1.10429730059256,-4.1692555554106,3.05596179596167e-05,5.95655660350727e-05,"Downregulated"
"ENSG00000198734.14","ENSG00000198734","F5","protein_coding",15.0323635249552,-4.54336144304251,1.09005161492257,-4.16802413834804,3.07251403944004e-05,5.9872090170183e-05,"Downregulated"
"ENSG00000128254.17","ENSG00000128254","YWHAH-AS1","lncRNA",6.97151030428554,-3.8345486759439,0.921620480787675,-4.16065913885362,3.17330406381958e-05,6.17199335563997e-05,"Downregulated"
"ENSG00000227014.7","ENSG00000227014","FKBP14-AS1","lncRNA",8.25702630131401,-2.04960801016625,0.492701248863032,-4.15994076511064,3.18330142629546e-05,6.18977650206277e-05,"Downregulated"
"ENSG00000304189.1","ENSG00000304189","ENSG00000304189","lncRNA",7.12509367891324,4.72368876947673,1.13580386001765,4.15889480196283,3.19791125994856e-05,6.2165164291314e-05,"Upregulated"
"ENSG00000270175.2","ENSG00000270175","ENSG00000270175","lncRNA",4.01814976983268,-5.03457256513973,1.21131271130704,-4.15629466953029,3.23450598427254e-05,6.28343977534554e-05,"Downregulated"
"ENSG00000198556.16","ENSG00000198556","ZNF789","protein_coding",41.7564431734314,-1.09785236106128,0.26419091835358,-4.15552649539592,3.24539330954518e-05,6.30374478513989e-05,"Downregulated"
"ENSG00000177406.6","ENSG00000177406","NINJ2-AS1","lncRNA",55.1694760972976,-1.2063148380366,0.290437881191991,-4.15343492069885,3.27521390642441e-05,6.35825853073042e-05,"Downregulated"
"ENSG00000254473.3","ENSG00000254473","UBQLN1-AS1","lncRNA",10.811552657119,-2.14864333311066,0.517809105674338,-4.14948928005525,3.33217891488725e-05,6.46451630984553e-05,"Downregulated"
"ENSG00000236901.6","ENSG00000236901","MIR600HG","lncRNA",62.3292578457467,1.0011819457865,0.241365073225008,4.14799843411132,3.35394692626847e-05,6.50587590088109e-05,"Upregulated"
"ENSG00000270574.1","ENSG00000270574","ENSG00000270574","lncRNA",8.69922579939904,-1.738935840317,0.419274994269186,-4.14748283128128,3.3615066874099e-05,6.51966741353644e-05,"Downregulated"
"ENSG00000167772.14","ENSG00000167772","ANGPTL4","protein_coding",15.5784108470163,3.29020024235798,0.794985998052924,4.13868954977361,3.49295222004823e-05,6.7691713791039e-05,"Upregulated"
"ENSG00000238123.2","ENSG00000238123","MID1IP1-AS1","lncRNA",4.82183756875207,-4.58674069118116,1.10860849799525,-4.13738546969068,3.51285692062544e-05,6.80683547181493e-05,"Downregulated"
"ENSG00000255561.9","ENSG00000255561","FDXACB1","protein_coding",20.502571956704,-1.20654958007036,0.291650185451973,-4.13697518553111,3.51914149680768e-05,6.81810141333381e-05,"Downregulated"
"ENSG00000049540.21","ENSG00000049540","ELN","protein_coding",7.04547996314945,-4.64630360943988,1.12338501131346,-4.13598504755502,3.53435205671476e-05,6.84579810749667e-05,"Downregulated"
"ENSG00000231160.13","ENSG00000231160","KLF3-AS1","lncRNA",7.58485171238557,-2.09637261930806,0.507236489818828,-4.13292943505865,3.58168715687358e-05,6.93279154232829e-05,"Downregulated"
"ENSG00000230513.5","ENSG00000230513","THAP7-AS1","lncRNA",9.38611704216704,-2.8384868482235,0.687236724470793,-4.13028982176306,3.6230619628558e-05,7.00539212350985e-05,"Downregulated"
"ENSG00000288852.2","ENSG00000288852","ENSG00000288852","lncRNA",8.84996832880015,-2.13871840648408,0.517871707186081,-4.12982284377933,3.63042872614403e-05,7.01869971975444e-05,"Downregulated"
"ENSG00000229848.1","ENSG00000229848","ENSG00000229848","lncRNA",5.27816419887424,-4.73513798970547,1.14677317342059,-4.12909727874215,3.64190302554405e-05,7.03900488746123e-05,"Downregulated"
"ENSG00000112562.22","ENSG00000112562","SMOC2","protein_coding",12.7828072256315,-2.55491995377989,0.618939736783112,-4.12789776119219,3.66094810215006e-05,7.07392798618115e-05,"Downregulated"
"ENSG00000261526.4","ENSG00000261526","ENSG00000261526","lncRNA",9.90768654340731,1.81560599795364,0.441250504228962,4.11468311209347,3.87711677170293e-05,7.48364095038876e-05,"Upregulated"
"ENSG00000269001.5","ENSG00000269001","ZNF818P","transcribed_unprocessed_pseudogene",7.62721038006614,-2.0645506810788,0.501755865587238,-4.11465181112037,3.87764289686745e-05,7.48365972318592e-05,"Downregulated"
"ENSG00000284428.1","ENSG00000284428","ENSG00000284428","lncRNA",10.703344206216,-1.88223829820599,0.458520206786213,-4.10502802351651,4.04265870409346e-05,7.79071940687798e-05,"Downregulated"
"ENSG00000162078.14","ENSG00000162078","ZG16B","protein_coding",23.738225150415,-1.489872256031,0.363052121655203,-4.10374204463665,4.0652071727035e-05,7.83209018170953e-05,"Downregulated"
"ENSG00000198948.14","ENSG00000198948","MFAP3L","protein_coding",181.619743170099,-1.16777766747109,0.285103794169506,-4.09597378692475,4.20397501028489e-05,8.09083743015254e-05,"Downregulated"
"ENSG00000131018.26","ENSG00000131018","SYNE1","protein_coding",6.65542400984017,-2.11563711904712,0.516980482558403,-4.09229591913679,4.27123099976067e-05,8.21482145302344e-05,"Downregulated"
"ENSG00000215788.13","ENSG00000215788","TNFRSF25","protein_coding",36.8268620316237,1.15005936962824,0.281153125522189,4.09050892638032,4.30427643687887e-05,8.2750827969287e-05,"Upregulated"
"ENSG00000268362.6","ENSG00000268362","ENSG00000268362","lncRNA",25.4106394517954,-1.08997831498984,0.26650843898049,-4.08984540662007,4.31660801291634e-05,8.29768978951898e-05,"Downregulated"
"ENSG00000143344.18","ENSG00000143344","RGL1","protein_coding",26.2117501821768,-4.40582245638368,1.0778969537442,-4.08742453634324,4.36188491792637e-05,8.38250049470746e-05,"Downregulated"
"ENSG00000106006.7","ENSG00000106006","HOXA6","protein_coding",39.6719420993387,-2.63071974763741,0.643820608203628,-4.0861067727819,4.38671968373781e-05,8.42799173495007e-05,"Downregulated"
"ENSG00000269765.2","ENSG00000269765","ENSG00000269765","unprocessed_pseudogene",28.0337517955086,1.06861633154011,0.261572363609018,4.08535640690779,4.40092105899641e-05,8.45303485579536e-05,"Upregulated"
"ENSG00000236423.9","ENSG00000236423","LINC01134","lncRNA",27.1650289552094,-2.4428099393358,0.598167945633038,-4.08381953123647,4.4301441091916e-05,8.50803716278886e-05,"Downregulated"
"ENSG00000254343.2","ENSG00000254343","ENSG00000254343","lncRNA",6.82543689736256,-2.45240096103559,0.600936345085511,-4.08096628052447,4.48488617559696e-05,8.61202735613504e-05,"Downregulated"
"ENSG00000181418.8","ENSG00000181418","DDN","protein_coding",98.1698752314202,-1.04297335682192,0.255702576952609,-4.07885352291626,4.52583399819608e-05,8.6883542590883e-05,"Downregulated"
"ENSG00000225975.9","ENSG00000225975","ZNF567-DT","lncRNA",5.44490216432888,-4.51050144677286,1.10694884163393,-4.07471535912632,4.6070661988809e-05,8.84195515218938e-05,"Downregulated"
"ENSG00000293246.2","ENSG00000293246","ZNF321P","lncRNA",6.0926325276949,-2.43616639331392,0.598391994913895,-4.07118814091834,4.677395163721e-05,8.97332468143502e-05,"Downregulated"
"ENSG00000008853.20","ENSG00000008853","RHOBTB2","protein_coding",254.052910311091,-1.04837835185649,0.257583190867909,-4.07005732138052,4.7001571723238e-05,9.01106994858003e-05,"Downregulated"
"ENSG00000243725.9","ENSG00000243725","TTC4","protein_coding",12.8279172164486,1.46842176366248,0.360824859282786,4.06962471095054,4.70889283346525e-05,9.02542982972867e-05,"Upregulated"
"ENSG00000133874.4","ENSG00000133874","RNF122","protein_coding",23.3783093331071,1.0288025645644,0.252951340137432,4.06719554838268,4.75823129946098e-05,9.11758402641657e-05,"Upregulated"
"ENSG00000255545.9","ENSG00000255545","B3GAT1-DT","lncRNA",22.7446795949395,-1.85007033936697,0.455050273425721,-4.06563944119674,4.79009436018466e-05,9.17621248748131e-05,"Downregulated"
"ENSG00000261008.10","ENSG00000261008","LINC01572","lncRNA",8.62801837996165,-1.91948266648277,0.472412235324556,-4.06315188929019,4.84145032597622e-05,9.2709167711479e-05,"Downregulated"
"ENSG00000167037.21","ENSG00000167037","SGSM1","protein_coding",11.5426694604687,1.61376081678414,0.397267724901231,4.062149315516,4.86229587127763e-05,9.30960387984613e-05,"Upregulated"
"ENSG00000223685.9","ENSG00000223685","LINC00571","lncRNA",6.54468723674187,-4.58923281495657,1.13013651276136,-4.0607774044423,4.8909586028493e-05,9.36077285690598e-05,"Downregulated"
"ENSG00000291073.2","ENSG00000291073","ENSG00000291073","lncRNA",8.68521101457759,2.34255644353312,0.577214878635664,4.05837848301852,4.94146351052202e-05,9.45368834250629e-05,"Upregulated"
"ENSG00000249992.2","ENSG00000249992","TMEM158","protein_coding",6.49867229808325,3.44488354465712,0.850067320990686,4.05248320879149,5.06768621703223e-05,9.69005260024161e-05,"Upregulated"
"ENSG00000227533.8","ENSG00000227533","SLC2A1-DT","lncRNA",24.8232606948457,1.57894223118781,0.38991753633351,4.04942605566037,5.13433971519925e-05,9.81361793097698e-05,"Upregulated"
"ENSG00000139190.18","ENSG00000139190","VAMP1","protein_coding",12.1266091768123,1.63945994144885,0.404957827489835,4.04847080401231,5.1553363575419e-05,9.85115170009194e-05,"Upregulated"
"ENSG00000125388.22","ENSG00000125388","GRK4","protein_coding",15.1660057389444,-1.63341030334121,0.403771190344086,-4.04538595720325,5.22369907094148e-05,9.97257896668211e-05,"Downregulated"
"ENSG00000104537.19","ENSG00000104537","ANXA13","protein_coding",18.0341203514339,-3.57476113542754,0.883841162245921,-4.04457417025446,5.24183119771164e-05,0.000100058769385191,"Downregulated"
"ENSG00000248144.8","ENSG00000248144","ADH1C","protein_coding",4.58454285954802,-2.85145065910329,0.705709062036116,-4.04054703630454,5.33266680035985e-05,0.000101712302277988,"Downregulated"
"ENSG00000253616.5","ENSG00000253616","CHILL1","lncRNA",5.05058251012617,-3.78261244867679,0.936976636217471,-4.03704030865382,5.4129771181119e-05,0.000103135504070047,"Downregulated"
"ENSG00000162148.13","ENSG00000162148","SAXO4","protein_coding",9.13169903785333,1.70696313284207,0.422878976567887,4.03652871726065,5.42478881904103e-05,0.00010334696932502,"Upregulated"
"ENSG00000135976.22","ENSG00000135976","ANKRD36","protein_coding",15.9899002645177,-1.35732081176353,0.336360689591886,-4.03531344108729,5.45294528229205e-05,0.000103856069169374,"Downregulated"
"ENSG00000166192.17","ENSG00000166192","SENP8","protein_coding",22.9829138339888,-1.57682812848073,0.390999495974639,-4.03281371130721,5.51129685192311e-05,0.0001049260561982,"Downregulated"
"ENSG00000147168.15","ENSG00000147168","IL2RG","protein_coding",55.9787138938204,1.05725126164164,0.26221466479403,4.03200660982144,5.53026313472288e-05,0.000105231845257883,"Upregulated"
"ENSG00000187187.16","ENSG00000187187","ZNF546","protein_coding",3.97624412984817,-4.56173416775908,1.13224715831921,-4.02892083609278,5.60334817357596e-05,0.000106580550900988,"Downregulated"
"ENSG00000267128.3","ENSG00000267128","RNF157-AS1","lncRNA",10.3617961880648,-1.76346798337176,0.43799523335175,-4.02622642688793,5.66791127095013e-05,0.0001077944490008,"Downregulated"
"ENSG00000169550.15","ENSG00000169550","MUC15","protein_coding",6.80113285789236,-4.70344443550522,1.16909669632918,-4.02314406522014,5.74263446518079e-05,0.000109158261633526,"Downregulated"
"ENSG00000254469.13","ENSG00000254469","XNDC1N","protein_coding",12.7812871314963,-1.61171353843809,0.400772471100404,-4.02151758081785,5.78243912704603e-05,0.000109900469284133,"Downregulated"
"ENSG00000151835.18","ENSG00000151835","SACS","protein_coding",69.2779086383081,1.0037932904493,0.249646842103309,4.02085314595692,5.79877478127792e-05,0.000110182042913701,"Upregulated"
"ENSG00000251247.15","ENSG00000251247","ZNF345","protein_coding",5.71533376454747,-2.44191750234889,0.607529114264704,-4.01942465803364,5.83404339695869e-05,0.000110794072741089,"Downregulated"
"ENSG00000253187.3","ENSG00000253187","HOXA10-AS","lncRNA",18.9067372183557,-1.95700799058109,0.487681167948466,-4.01288407098772,5.99813750028234e-05,0.000113820883401979,"Downregulated"
"ENSG00000263843.1","ENSG00000263843","MIF4GD-DT","lncRNA",6.81228719535583,-2.80654646360674,0.699864101721841,-4.0101306192187,6.06851675928322e-05,0.000115111184392058,"Downregulated"
"ENSG00000196188.14","ENSG00000196188","CTSE","protein_coding",4.34826438759345,-3.30897463249611,0.825542459965888,-4.00824281361959,6.11722081873549e-05,0.000116004663838151,"Downregulated"
"ENSG00000273820.2","ENSG00000273820","USP27X","protein_coding",22.5436985594606,-1.26417350312468,0.315623621399418,-4.00531968272705,6.19336637724239e-05,0.000117417929799839,"Downregulated"
"ENSG00000224914.5","ENSG00000224914","LINC00863","lncRNA",7.24533657400532,-2.66990700882743,0.666970647993314,-4.00303524129625,6.25349826935994e-05,0.000118511438367418,"Downregulated"
"ENSG00000186496.14","ENSG00000186496","ZNF396","protein_coding",11.3367980346349,-1.5108367866254,0.377735396018284,-3.99972256386655,6.34167835653643e-05,0.000120088334957436,"Downregulated"
"ENSG00000146674.18","ENSG00000146674","IGFBP3","protein_coding",51.0869946737082,1.0850712818332,0.271483226269161,3.9968262376454,6.41973879448688e-05,0.000121455423772459,"Upregulated"
"ENSG00000102409.12","ENSG00000102409","BEX4","protein_coding",11.0924359430587,1.61950529222799,0.405281977134761,3.99599632748901,6.44227324208744e-05,0.000121834038658921,"Upregulated"
"ENSG00000299591.1","ENSG00000299591","ITPR3-AS1","lncRNA",19.5767036974522,1.15028606301187,0.287898197946541,3.9954611429192,6.45684472840196e-05,0.000122093676675367,"Upregulated"
"ENSG00000134138.24","ENSG00000134138","MEIS2","protein_coding",23.3722474990742,1.16260584922038,0.291127281526375,3.99346238911329,6.51154113919529e-05,0.000123079762865812,"Upregulated"
"ENSG00000235092.8","ENSG00000235092","ID2-AS1","lncRNA",43.8908419482822,-1.09128117935888,0.273519838101633,-3.98976976197751,6.6137462122248e-05,0.000124865047039554,"Downregulated"
"ENSG00000258057.7","ENSG00000258057","BCDIN3D-AS1","lncRNA",11.0730964474186,-1.62467054287581,0.407370829605496,-3.988185762955,6.65805205470758e-05,0.000125652416169843,"Downregulated"
"ENSG00000081041.11","ENSG00000081041","CXCL2","protein_coding",7.64659736854149,-2.11933355289788,0.531412942557208,-3.98811053170714,6.66016330998545e-05,0.000125675894125403,"Downregulated"
"ENSG00000102003.14","ENSG00000102003","SYP","protein_coding",5.65988461853934,-2.82121141372577,0.70787238429096,-3.98548025934312,6.73437762410862e-05,0.00012701015165094,"Downregulated"
"ENSG00000307927.1","ENSG00000307927","ENSG00000307927","lncRNA",17.5227425985129,-2.85011412162308,0.715185519878659,-3.98513957903768,6.74404711680179e-05,0.000127159420786744,"Downregulated"
"ENSG00000293469.2","ENSG00000293469","CHMP1B2P","lncRNA",4.25536982984907,-2.75720336718743,0.692455061039983,-3.98177950067467,6.84012224297344e-05,0.000128937371937007,"Downregulated"
"ENSG00000166681.16","ENSG00000166681","BEX3","protein_coding",15.168519159787,1.384316179648,0.347961629017303,3.97835871603865,6.93926256543907e-05,0.000130704176109102,"Upregulated"
"ENSG00000185267.12","ENSG00000185267","CDNF","protein_coding",14.5775363569537,-1.7737493802514,0.445904302129754,-3.97787007611165,6.95353468252014e-05,0.000130938961303381,"Downregulated"
"ENSG00000155016.20","ENSG00000155016","CYP2U1","protein_coding",28.3959569433861,-1.10978015731221,0.279049022835534,-3.97700786060913,6.97878589468829e-05,0.00013138031330972,"Downregulated"
"ENSG00000179148.11","ENSG00000179148","ALOXE3","protein_coding",9.68276736505678,1.85233338642969,0.465911406368573,3.97572019295949,7.01665865987976e-05,0.000132058983505166,"Upregulated"
"ENSG00000099617.4","ENSG00000099617","EFNA2","protein_coding",35.3538929931506,1.41855956588579,0.3570785985418,3.9726815655678,7.10680274961378e-05,0.000133651421551262,"Upregulated"
"ENSG00000141505.14","ENSG00000141505","ASGR1","protein_coding",10.8941228863402,1.39044819830118,0.350281741845347,3.96951377190273,7.20194444220217e-05,0.000135317747771806,"Upregulated"
"ENSG00000254966.2","ENSG00000254966","IGSF22-AS1","lncRNA",9.59561753547129,2.29762749703599,0.578991901734146,3.96832406490373,7.23798638541076e-05,0.000135959687229258,"Upregulated"
"ENSG00000215068.11","ENSG00000215068","ANXA2R-AS1","lncRNA",3.87075049188086,-3.26424000736516,0.823119408425113,-3.9656943742958,7.31825859543429e-05,0.000137396299475364,"Downregulated"
"ENSG00000213942.3","ENSG00000213942","RPL31P10","processed_pseudogene",14.4152734044458,1.46273985366504,0.369169649734981,3.96224298155364,7.42489184984248e-05,0.000139362171594246,"Upregulated"
"ENSG00000100342.24","ENSG00000100342","APOL1","protein_coding",31.2955876142978,1.14588191686468,0.289311518217814,3.9607200014829,7.47241118655244e-05,0.000140199615374829,"Upregulated"
"ENSG00000123096.14","ENSG00000123096","SSPN","protein_coding",8.1089806372005,-1.76756813256246,0.446523875930014,-3.95850754650239,7.54195585352676e-05,0.000141412892003247,"Downregulated"
"ENSG00000184949.19","ENSG00000184949","FAM227A","protein_coding",3.67384919792749,-3.41598081808905,0.863247161776712,-3.95712950976678,7.58558089593739e-05,0.000142212468750226,"Downregulated"
"ENSG00000262172.1","ENSG00000262172","ENSG00000262172","lncRNA",11.5343625309973,-3.20592898124873,0.810475563192226,-3.9556146130076,7.63381386826047e-05,0.000143061205972883,"Downregulated"
"ENSG00000248456.2","ENSG00000248456","LINC02485","lncRNA",4.06865668421051,-3.34957169722248,0.847076447425912,-3.95427320332318,7.67676511243531e-05,0.000143847530397482,"Downregulated"
"ENSG00000105472.16","ENSG00000105472","CLEC11A","protein_coding",8.24862131793062,1.75306046327479,0.44340269157845,3.95365318382292,7.6966949409388e-05,0.000144202331071862,"Upregulated"
"ENSG00000221821.4","ENSG00000221821","PEX39","protein_coding",15.1835437049914,1.34298392661059,0.339735108635051,3.95303250231122,7.71669504221827e-05,0.000144539672420612,"Upregulated"
"ENSG00000249815.3","ENSG00000249815","LINC02945","lncRNA",4.45498631444748,-2.64446226769998,0.670449963006197,-3.9443096630845,8.00301888791662e-05,0.000149786581071533,"Downregulated"
"ENSG00000229043.4","ENSG00000229043","ZFAND2A-DT","lncRNA",25.2411629114276,-1.00388059969819,0.254554969840069,-3.94366922134305,8.02443215915666e-05,0.000150148574371205,"Downregulated"
"ENSG00000005243.12","ENSG00000005243","COPZ2","protein_coding",24.7115582804424,-1.5497503466007,0.393100629870984,-3.94237563829223,8.06784859660528e-05,0.000150902506275173,"Downregulated"
"ENSG00000186205.16","ENSG00000186205","MTARC1","protein_coding",78.9905887568064,-1.1406878161006,0.289353925828096,-3.94218883616697,8.07413654053718e-05,0.000151000628139715,"Downregulated"
"ENSG00000205323.11","ENSG00000205323","SARNP","protein_coding",31.0901778339802,1.0040506240525,0.254718434291942,3.94180588791512,8.08704144188183e-05,0.000151222457517099,"Upregulated"
"ENSG00000291083.2","ENSG00000291083","CYP2B7P","lncRNA",15.2714402546933,-1.28333642131053,0.325578977756384,-3.94170542015399,8.09043031317008e-05,0.000151266308990402,"Downregulated"
"ENSG00000134873.12","ENSG00000134873","CLDN10","protein_coding",7.82488945479314,1.6001575502773,0.405975816069788,3.94150953563752,8.09704154097085e-05,0.00015137038959204,"Upregulated"
"ENSG00000138669.13","ENSG00000138669","PRKG2","protein_coding",22.5038004439369,-1.54134279614619,0.39120978328422,-3.93993929090055,8.15022315017757e-05,0.000152344942464044,"Downregulated"
"ENSG00000184441.4","ENSG00000184441","ENSG00000184441","lncRNA",14.5271109304709,-2.92560971798489,0.7426153466843,-3.93960309472115,8.16165239302131e-05,0.000152519234661076,"Downregulated"
"ENSG00000179546.7","ENSG00000179546","HTR1D","protein_coding",57.9119570632481,-1.07780658488442,0.273714703964898,-3.93770071271963,8.22661122255493e-05,0.000153693502432985,"Downregulated"
"ENSG00000166446.17","ENSG00000166446","CDYL2","protein_coding",35.7492969412173,1.2124251820589,0.307930132873068,3.93733854737328,8.23903297741426e-05,0.000153905730740767,"Upregulated"
"ENSG00000261799.1","ENSG00000261799","ENSG00000261799","lncRNA",43.642853315,-1.07305073198648,0.272699454899248,-3.9349207074247,8.32241677184278e-05,0.00015544330952126,"Downregulated"
"ENSG00000125508.5","ENSG00000125508","SRMS","protein_coding",6.40485229427019,1.86119729319686,0.473102655654924,3.93402419316454,8.35353696127984e-05,0.000156004455725345,"Upregulated"
"ENSG00000225159.1","ENSG00000225159","NPM1P39","processed_pseudogene",24.8218886132051,1.11186300158604,0.282727602663944,3.93262982145972,8.40215762084081e-05,0.00015689224100145,"Upregulated"
"ENSG00000213025.2","ENSG00000213025","COX20P1","processed_pseudogene",14.7448352305411,-1.661822214685,0.422587283603127,-3.93249460919817,8.40688656477129e-05,0.000156960319629819,"Downregulated"
"ENSG00000107984.11","ENSG00000107984","DKK1","protein_coding",13.390217711042,1.50878688318768,0.383775351053037,3.93143248790663,8.44412100871102e-05,0.000157594593249504,"Upregulated"
"ENSG00000303745.1","ENSG00000303745","ENSG00000303745","lncRNA",30.1470654174181,1.64716936271459,0.419225735093267,3.92907501813585,8.527323649625e-05,0.000159045012008192,"Upregulated"
"ENSG00000247735.2","ENSG00000247735","KCTD13-DT","lncRNA",12.3468431580845,-1.97686010236153,0.503335011360851,-3.92752353351449,8.58250252857089e-05,0.000160032973036605,"Downregulated"
"ENSG00000255198.7","ENSG00000255198","SNHG9","lncRNA",12.0962567699853,1.93191067147478,0.491980459312879,3.92680366649719,8.60821917931323e-05,0.000160491846579966,"Upregulated"
"ENSG00000182324.8","ENSG00000182324","KCNJ14","protein_coding",62.0144744177089,1.00734410899838,0.256560371183628,3.92634335673529,8.62470150848688e-05,0.000160778459301508,"Upregulated"
"ENSG00000289609.3","ENSG00000289609","ENSG00000289609","lncRNA",8.05649120409729,2.69495578586829,0.686985552184343,3.92287112487212,8.74999612868073e-05,0.000163051232990666,"Upregulated"
"ENSG00000066735.18","ENSG00000066735","KIF26A","protein_coding",241.739569458498,1.75797714212939,0.448166591102706,3.92259748278852,8.75994319491891e-05,0.000163215603986584,"Upregulated"
"ENSG00000274922.4","ENSG00000274922","ENSG00000274922","lncRNA",5.82138559534763,-3.59036128687169,0.915897065812666,-3.92004890165905,8.853100265431e-05,0.000164845341188007,"Downregulated"
"ENSG00000100097.14","ENSG00000100097","LGALS1","protein_coding",33.4549657340343,1.25469859083498,0.320330434023616,3.91688849253229,8.96992129605542e-05,0.000166928010225269,"Upregulated"
"ENSG00000248932.9","ENSG00000248932","COPB2-DT","lncRNA",35.1589312396012,-1.0724882464971,0.274092328806158,-3.91287217401689,9.12048185980223e-05,0.000169606086375278,"Downregulated"
"ENSG00000269386.7","ENSG00000269386","RAB11B-AS1","lncRNA",22.6787299583162,-1.3969786571687,0.35705807720415,-3.91246899694126,9.13572697648229e-05,0.000169867789765437,"Downregulated"
"ENSG00000296729.1","ENSG00000296729","ENSG00000296729","lncRNA",4.65947784978261,-3.11002432293006,0.795007294800344,-3.91194438500229,9.15559988108855e-05,0.000170215463087537,"Downregulated"
"ENSG00000204856.14","ENSG00000204856","FAM216A","protein_coding",26.859642885988,-1.28447212993009,0.328391171614569,-3.91140883481992,9.17592925133756e-05,0.000170571532465859,"Downregulated"
"ENSG00000259877.3","ENSG00000259877","ZNF778-DT","lncRNA",5.81376559884826,-4.1591915373407,1.06410326950603,-3.90863523920142,9.28189830055106e-05,0.000172452910476392,"Downregulated"
"ENSG00000168734.16","ENSG00000168734","PKIG","protein_coding",11.0651490849599,-1.47442721129457,0.377254678890962,-3.90830728893551,9.29450422697977e-05,0.000172664985588246,"Downregulated"
"ENSG00000308109.1","ENSG00000308109","ENSG00000308109","lncRNA",3.26784677146167,-3.8727084271184,0.991291560310956,-3.90672994926294,9.35536107719973e-05,0.000173684207956416,"Downregulated"
"ENSG00000255121.2","ENSG00000255121","CENATAC-DT","lncRNA",5.30549089641303,-4.38082745309661,1.12158424502138,-3.90592813026997,9.38644089986384e-05,0.000174216574693682,"Downregulated"
"ENSG00000277075.4","ENSG00000277075","H2AC8","protein_coding",11.7905425845362,2.2253831190552,0.570000566497851,3.90417703043386,9.45465574239182e-05,0.000175437734979183,"Upregulated"
"ENSG00000159917.19","ENSG00000159917","ZNF235","protein_coding",35.3708162331677,-1.05130108751428,0.269295459540683,-3.9038945896355,9.46570209224069e-05,0.000175620221125019,"Downregulated"
"ENSG00000165730.18","ENSG00000165730","STOX1","protein_coding",5.17473127982784,-2.36642107442943,0.606234583289959,-3.9034742320162,9.48216498248815e-05,0.00017590314250668,"Downregulated"
"ENSG00000187288.14","ENSG00000187288","CIDEC","protein_coding",11.3447700895067,2.06233699616682,0.528945585387811,3.898958707926,9.66072458940951e-05,0.000179009360375556,"Upregulated"
"ENSG00000267530.6","ENSG00000267530","LINC01836","lncRNA",12.4821373815466,-2.600830687704,0.667232560928448,-3.89793730102884,9.70155255572701e-05,0.000179719927952954,"Downregulated"
"ENSG00000174586.13","ENSG00000174586","ZNF497","protein_coding",6.90427261613695,-2.77289865281934,0.711458331915535,-3.89748566912354,9.71965720955438e-05,0.000180009293649664,"Downregulated"
"ENSG00000260963.4","ENSG00000260963","LINC03064","lncRNA",9.47379858086584,-2.24994627468237,0.577288731247136,-3.89743667752137,9.72162306193962e-05,0.000180022695391808,"Downregulated"
"ENSG00000151687.16","ENSG00000151687","ANKAR","protein_coding",24.7300847247991,1.00850017476067,0.258861337624872,3.89590884453413,9.78311810505691e-05,0.000181115160422183,"Upregulated"
"ENSG00000234949.3","ENSG00000234949","RAB17-DT","lncRNA",17.734375701866,-1.29932869750388,0.333721686510367,-3.89344999149017,9.88285830412324e-05,0.000182914920234169,"Downregulated"
"ENSG00000159899.18","ENSG00000159899","NPR2","protein_coding",15.9607198799865,1.43870457927129,0.369917475920136,3.88925820736814,0.000100551092758098,0.000185984229259777,"Upregulated"
"ENSG00000021645.20","ENSG00000021645","NRXN3","protein_coding",228.232666341064,-2.30002931208311,0.591728940911855,-3.88696437348284,0.000101505644834396,0.000187654012621517,"Downregulated"
"ENSG00000204060.8","ENSG00000204060","FOXO6","protein_coding",19.7897106733833,3.5579153310521,0.916067770465211,3.88389969144452,0.000102794329717601,0.000189939490790192,"Upregulated"
"ENSG00000164241.15","ENSG00000164241","C5orf63","protein_coding",26.7474303348734,-1.22621786733664,0.31609387676579,-3.87928383771004,0.000104764452649464,0.000193357927635766,"Downregulated"
"ENSG00000169989.5","ENSG00000169989","TIGD4","protein_coding",10.1266968338326,-2.17942854673788,0.562258245544915,-3.87620557636407,0.000106098053114877,0.000195669761483939,"Downregulated"
"ENSG00000100359.23","ENSG00000100359","SGSM3","protein_coding",6.00917000316087,1.97856206562047,0.510618612434941,3.87483342251368,0.000106697661211055,0.000196750541579159,"Upregulated"
"ENSG00000274349.7","ENSG00000274349","ZNF658","protein_coding",5.62895139635545,-4.31201795166002,1.11297546592024,-3.87431536785471,0.000106924872748616,0.000197144434589433,"Downregulated"
"ENSG00000238005.5","ENSG00000238005","LNCATV","lncRNA",5.41053553246328,-3.59615550394664,0.928813059851005,-3.87177534360199,0.000108045514098794,0.00019913462931702,"Downregulated"
"ENSG00000275765.7","ENSG00000275765","ENSG00000275765","lncRNA",9.646253387268,-3.58027000792638,0.924916661724031,-3.87091092212871,0.000108429411756926,0.0001997913585736,"Downregulated"
"ENSG00000293470.3","ENSG00000293470","ENSG00000293470","lncRNA",18.7923637606813,-1.47696187030211,0.381725866562701,-3.86916894996297,0.000109206951157864,0.000201147322849486,"Downregulated"
"ENSG00000171766.19","ENSG00000171766","GATM","protein_coding",7.83633265854987,-4.18214660491922,1.08098075417154,-3.86884464758523,0.000109352285010558,0.000201389415983354,"Downregulated"
"ENSG00000112852.8","ENSG00000112852","PCDHB2","protein_coding",12.153734553339,-1.43276499238238,0.370447672575667,-3.86765823745248,0.000109885522803638,0.000202320035125184,"Downregulated"
"ENSG00000166961.17","ENSG00000166961","MS4A15","protein_coding",4.75660652511589,-2.50702280601455,0.648313482325438,-3.86699162420948,0.000110186210795905,0.000202822122044234,"Downregulated"
"ENSG00000115844.12","ENSG00000115844","DLX2","protein_coding",11.1196994362467,2.0269033107037,0.524692354422599,3.86303191502422,0.000111988370222205,0.000206008563247042,"Upregulated"
"ENSG00000293303.2","ENSG00000293303","ENSG00000293303","lncRNA",8.60572267832359,-1.88224478875077,0.487452781924103,-3.86138895611809,0.000112744251915426,0.000207372724807508,"Downregulated"
"ENSG00000111962.10","ENSG00000111962","UST","protein_coding",14.1519461992522,-1.5432367801412,0.399680922445048,-3.86117198364248,0.000112844434165209,0.000207530652274391,"Downregulated"
"ENSG00000007516.17","ENSG00000007516","BAIAP3","protein_coding",33.7869526373949,1.63980033856233,0.425206426948763,3.85648060479558,0.000115031220450636,0.000211364580546548,"Upregulated"
"ENSG00000213300.5","ENSG00000213300","HNRNPA3P6","processed_pseudogene",27.6308515601116,-1.29371209778665,0.335486781536903,-3.85622375898093,0.000115152090240693,0.000211533032294095,"Downregulated"
"ENSG00000161677.14","ENSG00000161677","JOSD2","protein_coding",68.3546372517176,-1.05351366561507,0.273500659314284,-3.85196024117974,0.00011717605115725,0.000215223743139527,"Downregulated"
"ENSG00000150722.13","ENSG00000150722","PPP1R1C","protein_coding",8.04339770158673,-1.83622935100305,0.476977361361264,-3.84972013296934,0.000118252864334786,0.000217174060314246,"Downregulated"
"ENSG00000164898.14","ENSG00000164898","FMC1","protein_coding",14.6004075344165,1.31595068990428,0.342147263251794,3.84615290327733,0.000119986902383635,0.000220191235829257,"Upregulated"
"ENSG00000236756.5","ENSG00000236756","DNAJC9-AS1","lncRNA",11.8555578762642,-1.68658838179531,0.438636864165566,-3.84506757087953,0.000120519223618376,0.000221112114024245,"Downregulated"
"ENSG00000273084.3","ENSG00000273084","LINC03073","lncRNA",20.2602647002197,-1.37292589746824,0.357209311364744,-3.84347735008048,0.000121303199420961,0.000222494110366861,"Downregulated"
"ENSG00000144908.16","ENSG00000144908","ALDH1L1","protein_coding",5.60397421674066,1.91511486723105,0.498552341779908,3.84135166308475,0.000122358670238356,0.000224231392146466,"Upregulated"
"ENSG00000251602.8","ENSG00000251602","MTA1-DT","lncRNA",5.0136776751018,-4.49851796627203,1.17206262307092,-3.83812082880475,0.000123979475465416,0.000227029385701897,"Downregulated"
"ENSG00000105419.20","ENSG00000105419","MEIS3","protein_coding",4.88233604638646,-2.44928837707009,0.640075767928138,-3.82656007272108,0.000129946448353031,0.000237445962619105,"Downregulated"
"ENSG00000136114.19","ENSG00000136114","THSD1","protein_coding",7.26537207257079,2.70395654980351,0.706892686133529,3.8251301829041,0.000130703001123079,0.000238798271845142,"Upregulated"
"ENSG00000114670.16","ENSG00000114670","NEK11","protein_coding",25.0826578894974,-2.25748598823225,0.590679505558751,-3.8218458012976,0.000132456508892376,0.00024181906360145,"Downregulated"
"ENSG00000169413.5","ENSG00000169413","RNASE6","protein_coding",9.17589842997414,-4.15207456281312,1.08649993823818,-3.82151385074716,0.000132634963033517,0.000242114357511239,"Downregulated"
"ENSG00000224536.3","ENSG00000224536","CSRP1-AS1","lncRNA",16.3635401993038,-2.18290374549945,0.571925690801777,-3.81676112929857,0.000135214960765058,0.000246606495268968,"Downregulated"
"ENSG00000203865.13","ENSG00000203865","ATP1A1-AS1","lncRNA",50.8093869653721,-1.05318278942521,0.275997032323962,-3.81592070232479,0.000135676074809587,0.000247385213404698,"Downregulated"
"ENSG00000290775.2","ENSG00000290775","ENSG00000290775","lncRNA",10.4993151980189,1.3350625800796,0.350205221385203,3.81222922604891,0.000137719064265778,0.000251047129476685,"Upregulated"
"ENSG00000171759.12","ENSG00000171759","PAH","protein_coding",23.4613749755151,1.45610637304191,0.381956610587132,3.81222979961945,0.000137718744592994,0.000251047129476685,"Upregulated"
"ENSG00000206337.13","ENSG00000206337","HCP5","lncRNA",172.783670662234,-1.08848918740803,0.285545621206102,-3.81196245563289,0.000137867821405288,0.000251286689448551,"Downregulated"
"ENSG00000105639.22","ENSG00000105639","JAK3","protein_coding",10.302113865314,1.61627724177766,0.424507600654465,3.807416496868,0.000140426132378438,0.000255756630693517,"Upregulated"
"ENSG00000165507.11","ENSG00000165507","DEPP1","protein_coding",6.88486499338381,2.06319175681333,0.541892018313615,3.8073853961423,0.000140443787821002,0.000255756644018845,"Upregulated"
"ENSG00000289507.1","ENSG00000289507","ENSG00000289507","lncRNA",9.5538229715063,-2.10377269126311,0.552730795412251,-3.80614344039584,0.00014115053977145,0.000256979098287418,"Downregulated"
"ENSG00000060566.16","ENSG00000060566","CREB3L3","protein_coding",16.1351210886916,4.30751090145868,1.13241943630148,3.80381223014607,0.000142486200861772,0.000259378221691847,"Upregulated"
"ENSG00000250874.2","ENSG00000250874","ENSG00000250874","lncRNA",4.67995088682314,-2.38611562932547,0.627336720637981,-3.80356441895967,0.000142628881471895,0.000259605344171151,"Downregulated"
"ENSG00000102575.16","ENSG00000102575","ACP5","protein_coding",7.67129320492242,4.12540984374758,1.08494747015143,3.80240514609594,0.000143298137237957,0.000260725248569048,"Upregulated"
"ENSG00000132016.14","ENSG00000132016","BRME1","protein_coding",38.3434572087228,-1.6500466946926,0.434140387196355,-3.80072147940089,0.00014427539745102,0.00026240450048446,"Downregulated"
"ENSG00000171903.19","ENSG00000171903","CYP4F11","protein_coding",7.26611509729583,1.62468873148311,0.427631858557171,3.79926962636696,0.000145123140837515,0.000263847015056739,"Upregulated"
"ENSG00000291106.2","ENSG00000291106","SNHG33","lncRNA",20.5899960270095,-1.99841788161763,0.526384717624143,-3.79649677262205,0.000146755272373062,0.000266780909085602,"Downregulated"
"ENSG00000178977.5","ENSG00000178977","LINC00324","lncRNA",5.66737809413676,2.27433517074301,0.599570568983504,3.79327353342053,0.000148674225675311,0.000270133761094109,"Upregulated"
"ENSG00000301056.1","ENSG00000301056","ENSG00000301056","lncRNA",45.7960416379888,1.2726929795661,0.335512669948457,3.79327844686645,0.000148671282561706,0.000270133761094109,"Upregulated"
"ENSG00000248771.6","ENSG00000248771","SMIM31","protein_coding",21.376095056194,-1.08484758773268,0.286069046477517,-3.79225785204952,0.000149283789505802,0.00027120730569363,"Downregulated"
"ENSG00000186792.19","ENSG00000186792","HYAL3","protein_coding",63.6065709262759,-1.10670810874511,0.292031922163704,-3.78968196540078,0.000150840282178154,0.000273966332789299,"Downregulated"
"ENSG00000120322.5","ENSG00000120322","PCDHB8","protein_coding",6.2009489435004,-2.26243145414197,0.59733152810366,-3.7875641041826,0.000152131441988461,0.000276207574204057,"Downregulated"
"ENSG00000175106.17","ENSG00000175106","TVP23C","protein_coding",17.3198584267867,1.03685917352833,0.274045591912018,3.78352801186897,0.000154620913566712,0.000280586811846831,"Upregulated"
"ENSG00000196611.7","ENSG00000196611","MMP1","protein_coding",6.23896169042005,-2.06851891844699,0.547066829101038,-3.78110828222955,0.000156131741354437,0.000283151194557439,"Downregulated"
"ENSG00000182985.21","ENSG00000182985","CADM1","protein_coding",42.0133774805294,1.32242387172445,0.349760555127193,3.78094056730767,0.000156236972228403,0.000283306581773525,"Upregulated"
"ENSG00000171174.17","ENSG00000171174","RBKS","protein_coding",7.41020868602631,-4.17463969799915,1.10424456648394,-3.78053904425518,0.000156489174700045,0.000283728402321162,"Downregulated"
"ENSG00000212127.6","ENSG00000212127","TAS2R14","protein_coding",8.62065367890369,-1.6266710958818,0.430412021853114,-3.77933471485825,0.000157247931645842,0.00028503277365998,"Downregulated"
"ENSG00000272808.5","ENSG00000272808","GCAWKR","lncRNA",6.87229116119723,2.25303146910929,0.596313216652339,3.77826854443652,0.00015792253314129,0.000286219778674784,"Upregulated"
"ENSG00000113108.22","ENSG00000113108","APBB3","protein_coding",13.1586824116774,-1.39947629035277,0.370431762143432,-3.77795975770266,0.000158118420847345,0.000286538971479269,"Downregulated"
"ENSG00000225674.1","ENSG00000225674","IPO7P2","processed_pseudogene",18.7497077593707,1.25016026174791,0.33092124435034,3.77781808539434,0.000158208371236662,0.00028666613102797,"Upregulated"
"ENSG00000267270.9","ENSG00000267270","PARD6G-AS1","lncRNA",8.34377810265117,1.68042302448432,0.445264659097084,3.77398697640167,0.000160659151351506,0.000291034052673254,"Upregulated"
"ENSG00000224520.2","ENSG00000224520","KRT8P45","processed_pseudogene",17.8025155767262,1.42928884781306,0.37902895436211,3.77092259407594,0.00016264512157848,0.000294521192292307,"Upregulated"
"ENSG00000288953.1","ENSG00000288953","ENSG00000288953","lncRNA",7.47939521994083,-2.30660835573492,0.612372818055724,-3.76667332011629,0.000165437246634658,0.000299278064939391,"Downregulated"
"ENSG00000162733.21","ENSG00000162733","DDR2","protein_coding",7.91103753830597,2.03408667784149,0.540094810583636,3.76616593602043,0.000165773637563625,0.000299849170690471,"Upregulated"
"ENSG00000171121.18","ENSG00000171121","KCNMB3","protein_coding",7.64686622391164,-2.18355619682757,0.579898104249092,-3.76541358012379,0.00016627362724703,0.000300716012238108,"Downregulated"
"ENSG00000235674.2","ENSG00000235674","LDHAP2","processed_pseudogene",17.1238505923305,1.14370126655096,0.304005458133716,3.76210767257971,0.00016848747912242,0.0003045678617241,"Upregulated"
"ENSG00000174514.15","ENSG00000174514","SLC60A1","protein_coding",15.1686648214661,-1.55042725966627,0.412571425272819,-3.75796083948623,0.000171303681969205,0.000309465589516045,"Downregulated"
"ENSG00000168038.13","ENSG00000168038","ULK4","protein_coding",20.2239705544102,-1.05333371907637,0.280423389444615,-3.75622633034469,0.000172494706545761,0.00031150072115404,"Downregulated"
"ENSG00000280106.1","ENSG00000280106","ENSG00000280106","TEC",5.79544313431375,-2.29877799629446,0.613286674247265,-3.74829275251404,0.000178042368143071,0.000320959074403456,"Downregulated"
"ENSG00000267156.1","ENSG00000267156","TPMTP1","processed_pseudogene",13.3087007877219,1.22072833531479,0.325932882995381,3.74533653706887,0.000180152116266067,0.000324479799767319,"Upregulated"
"ENSG00000147065.20","ENSG00000147065","MSN","protein_coding",8.98287333030324,1.47849153280432,0.394930508725276,3.74367515332375,0.000181348082291229,0.000326552734662585,"Upregulated"
"ENSG00000178878.15","ENSG00000178878","APOLD1","protein_coding",48.5879339232276,-1.29179145808162,0.345166354252947,-3.74251847598958,0.000182185132936328,0.000327978502672454,"Downregulated"
"ENSG00000188010.18","ENSG00000188010","MORN2","protein_coding",7.67652604655079,-2.12385749971605,0.56907099040521,-3.73214859925252,0.000189853442369324,0.000341105391373201,"Downregulated"
"ENSG00000078487.20","ENSG00000078487","ZCWPW1","protein_coding",14.8381128348383,-1.75817167839986,0.47120564826076,-3.73121944715507,0.000190555141002146,0.000342178861740038,"Downregulated"
"ENSG00000233008.9","ENSG00000233008","LINC01725","lncRNA",7.18913189119861,1.74550968541263,0.468003736958974,3.72969176860579,0.000191714149569399,0.000344107190433457,"Upregulated"
"ENSG00000267073.2","ENSG00000267073","ENSG00000267073","lncRNA",10.1487128028035,1.35645669371519,0.364285161118493,3.72361226449729,0.000196392470542636,0.000352111800458231,"Upregulated"
"ENSG00000266947.4","ENSG00000266947","ENSG00000266947","lncRNA",4.0269661866908,-4.13123141731417,1.1096569661506,-3.72298065378295,0.000196884613444305,0.000352950497035487,"Downregulated"
"ENSG00000277142.1","ENSG00000277142","LINC00235","lncRNA",6.33085822438787,-4.3072355536963,1.15702770294486,-3.72267279576243,0.000197124912273424,0.000353337566934627,"Downregulated"
"ENSG00000295821.1","ENSG00000295821","ENSG00000295821","lncRNA",9.40830348302914,1.56078301290181,0.419280789499578,3.7225245038406,0.000197240759969111,0.000353501495606277,"Upregulated"
"ENSG00000224417.2","ENSG00000224417","ENSG00000224417","lncRNA",25.5434918237504,-3.8741494885435,1.04083218025004,-3.72216536157903,0.000197521591983824,0.000353961037594853,"Downregulated"
"ENSG00000105499.16","ENSG00000105499","PLA2G4C","protein_coding",13.3962266163932,1.28482252781298,0.345909501586285,3.71433141304589,0.000203741641407383,0.000364701564633869,"Upregulated"
"ENSG00000152689.21","ENSG00000152689","RASGRP3","protein_coding",9.38509478893408,-1.65466030111908,0.445526590854838,-3.71394286016523,0.000204054886506242,0.000365217168735145,"Downregulated"
"ENSG00000174628.19","ENSG00000174628","IQCK","protein_coding",29.0356184724367,-1.24452599074386,0.335566093997933,-3.70873581390951,0.00020829661681457,0.000372578939876172,"Downregulated"
"ENSG00000170100.16","ENSG00000170100","ZNF778","protein_coding",26.4937701226619,-1.04232209100366,0.281173381909453,-3.70704397381159,0.000209692543473261,0.000374936994449661,"Downregulated"
"ENSG00000210195.2","ENSG00000210195","MT-TT","Mt_tRNA",13.0744089305056,1.39140496590672,0.375779433189916,3.70271718730149,0.000213302619803359,0.000381203794079452,"Upregulated"
"ENSG00000178301.6","ENSG00000178301","AQP11","protein_coding",25.4163249729252,1.03475928755078,0.279488191164214,3.70233634287184,0.000213623158417702,0.000381729569887712,"Upregulated"
"ENSG00000250326.3","ENSG00000250326","USP38-DT","lncRNA",8.46770889394326,-2.60026351644157,0.70278185188098,-3.69995825800285,0.000215634932047091,0.000385087053016197,"Downregulated"
"ENSG00000243927.8","ENSG00000243927","MRPS6","protein_coding",11.0189956143159,2.18345980078935,0.590797005043841,3.69578684751004,0.000219206828355469,0.000391176623140926,"Upregulated"
"ENSG00000149243.18","ENSG00000149243","KLHL35","protein_coding",8.82001363605485,-1.75215514927834,0.474347478901755,-3.69382199170755,0.000220908472574952,0.000394067649502241,"Downregulated"
"ENSG00000291150.2","ENSG00000291150","LSP1P5","lncRNA",9.32307937364443,1.68865323541761,0.457210918944756,3.69337906302637,0.000221293775702329,0.000394706387381926,"Upregulated"
"ENSG00000212993.6","ENSG00000212993","POU5F1B","protein_coding",13.7446203580326,-2.65421562594594,0.719042996561166,-3.69131698471409,0.000223095895367108,0.000397803463569088,"Downregulated"
"ENSG00000196154.14","ENSG00000196154","S100A4","protein_coding",286.679536257782,1.63673159102756,0.443510560087157,3.69040049622701,0.000223901259691888,0.000399111568936636,"Upregulated"
"ENSG00000140968.14","ENSG00000140968","IRF8","protein_coding",406.296542202711,1.254996137168,0.340501619097185,3.68572737038822,0.000228050377756629,0.000406107898064521,"Upregulated"
"ENSG00000119737.7","ENSG00000119737","GPR75","protein_coding",5.82142683588596,-2.92868791246441,0.795439654342922,-3.68184801508754,0.000231549439664513,0.000412187013833451,"Downregulated"
"ENSG00000029534.23","ENSG00000029534","ANK1","protein_coding",3.32377128176781,-3.39767386748832,0.922943303113338,-3.68134624957681,0.00023200567932199,0.000412897740971912,"Downregulated"
"ENSG00000206535.10","ENSG00000206535","LNP1","protein_coding",14.2256307335796,-1.5451846253767,0.420025925207017,-3.67878393367058,0.00023434869609598,0.000416862808864974,"Downregulated"
"ENSG00000304501.1","ENSG00000304501","ENSG00000304501","lncRNA",8.84138171079866,-1.79638182019591,0.488497148010175,-3.6773639877187,0.000235656657516397,0.000419137982416252,"Downregulated"
"ENSG00000305069.1","ENSG00000305069","ENSG00000305069","lncRNA",6.96040307974792,1.86381126533502,0.507259263013205,3.67427743805735,0.000238523449958438,0.000424080706268885,"Upregulated"
"ENSG00000185010.16","ENSG00000185010","F8","protein_coding",6.74497490292658,-4.19295906368746,1.141431807028,-3.67342055641928,0.000239325106992867,0.000425453808947574,"Downregulated"
"ENSG00000183671.14","ENSG00000183671","CMKLR2","protein_coding",5.38417828024931,-4.23011919826777,1.15191241974254,-3.67225765237711,0.000240417107615999,0.000427185473709055,"Downregulated"
"ENSG00000262823.2","ENSG00000262823","ENSG00000262823","lncRNA",20.8544286518816,-2.03379556388225,0.554658462575261,-3.6667529680146,0.000245649897035542,0.000436162497897461,"Downregulated"
"ENSG00000303699.1","ENSG00000303699","ENSG00000303699","lncRNA",7.12064638695349,1.58403555582519,0.432174711888593,3.66526664390657,0.000247081016747018,0.000438649772718092,"Upregulated"
"ENSG00000196220.18","ENSG00000196220","SRGAP3","protein_coding",13.2303768472402,1.73845775574341,0.474796332875723,3.66148100852844,0.000250761452615592,0.000444965712171564,"Upregulated"
"ENSG00000247853.2","ENSG00000247853","CHD4-AS1","lncRNA",6.09281285514432,-2.75867510366689,0.754373429793861,-3.65690915760477,0.000255274797452777,0.000452697303559184,"Downregulated"
"ENSG00000277782.2","ENSG00000277782","ENSG00000277782","lncRNA",6.41494830349758,-2.57992647447186,0.705551058799737,-3.65661200886122,0.000255570764411985,0.000453166709636423,"Downregulated"
"ENSG00000142046.17","ENSG00000142046","TMEM91","protein_coding",7.39694069881685,1.80189776523991,0.492942296852652,3.65539288623579,0.000256788410044021,0.000455103049817532,"Upregulated"
"ENSG00000308813.1","ENSG00000308813","ENSG00000308813","lncRNA",8.19551491407787,2.33785220902295,0.639822132781851,3.6539095621127,0.000258277273238897,0.000457629813397492,"Upregulated"
"ENSG00000114656.14","ENSG00000114656","CFAP92","protein_coding",14.711374819152,-2.08088025148805,0.569516643401674,-3.65376547919501,0.000258422324698683,0.000457830847131212,"Downregulated"
"ENSG00000198218.14","ENSG00000198218","QRICH1","protein_coding",7.77455555380288,1.66524439391158,0.455980642243468,3.65200677317884,0.000260199020436725,0.000460922161614597,"Upregulated"
"ENSG00000095932.8","ENSG00000095932","SMIM24","protein_coding",56.5766233135074,1.0655490701395,0.291863043723165,3.6508530047065,0.000261370805183201,0.0004628847254937,"Upregulated"
"ENSG00000215126.14","ENSG00000215126","ZNG1F","protein_coding",16.8198452434438,1.22211477628703,0.334794742074147,3.65034041071162,0.000261892989174201,0.000463681503691637,"Upregulated"
"ENSG00000281026.1","ENSG00000281026","N4BP2L2-IT2","lncRNA",14.9361438324234,1.2269002074398,0.336107837671802,3.65031715992839,0.000261916698124464,0.000463681503691637,"Upregulated"
"ENSG00000181016.11","ENSG00000181016","LSMEM1","protein_coding",7.83676461506498,1.55880504774219,0.427795780655133,3.64380650354947,0.000268635406482118,0.00047508960772453,"Upregulated"
"ENSG00000125845.9","ENSG00000125845","BMP2","protein_coding",75.8718202004535,1.04057655654065,0.285572994374387,3.64381988857268,0.000268621429483344,0.00047508960772453,"Upregulated"
"ENSG00000305512.1","ENSG00000305512","ENSG00000305512","lncRNA",28.5568647535895,1.14702993483165,0.315143485934014,3.63970694628866,0.000272948500319106,0.000482327724256126,"Upregulated"
"ENSG00000280355.1","ENSG00000280355","ENSG00000280355","TEC",17.577092427967,1.2082236313114,0.332827460511105,3.63018012232525,0.000283223505419581,0.000499814301088719,"Upregulated"
"ENSG00000204147.12","ENSG00000204147","ASAH2B","protein_coding",21.8881599223753,-1.08205524432227,0.298098963991176,-3.62985241489901,0.000283583315429808,0.000500266513354689,"Downregulated"
"ENSG00000136383.9","ENSG00000136383","ALPK3","protein_coding",30.2959301902,1.25452654832257,0.345693023562573,3.62901899319206,0.000284500310667279,0.000501823089361027,"Upregulated"
"ENSG00000287051.1","ENSG00000287051","KRT86-AS1","lncRNA",11.6547148014696,-1.93998435790617,0.53479292065404,-3.62754307879321,0.000286131046137026,0.000504638082100253,"Downregulated"
"ENSG00000070831.20","ENSG00000070831","CDC42","protein_coding",11.6176130066594,1.45672766982193,0.401618427777491,3.62714350007116,0.000286574044083598,0.000505357878663848,"Upregulated"
"ENSG00000188886.6","ENSG00000188886","ASTL","protein_coding",5.38856694614711,2.20336986172985,0.60756213229185,3.62657536508783,0.000287205020479973,0.000506408949604059,"Upregulated"
"ENSG00000148734.9","ENSG00000148734","NPFFR1","protein_coding",68.8867903549955,-2.19223453896957,0.604785971410422,-3.62481049925325,0.00028917340970597,0.000509631649453839,"Downregulated"
"ENSG00000291156.2","ENSG00000291156","ENSG00000291156","lncRNA",10.9402361763985,1.27046310177149,0.350556440368927,3.62413282276158,0.000289932588087067,0.000510845357636204,"Upregulated"
"ENSG00000284052.2","ENSG00000284052","ENSG00000284052","lncRNA",8.39544910522303,-2.35084708768557,0.648703678934237,-3.62391514650851,0.000290176839459777,0.000511151423052278,"Downregulated"
"ENSG00000105519.19","ENSG00000105519","CAPS","protein_coding",80.5197239209317,-1.12275996932223,0.309914897627342,-3.62280089765898,0.000291430143599896,0.000513296747818387,"Downregulated"
"ENSG00000156968.10","ENSG00000156968","MPV17L","protein_coding",8.44873554750207,-4.12222936445744,1.13835790721708,-3.62120677365432,0.000293232029229848,0.000516282173198756,"Downregulated"
"ENSG00000095752.7","ENSG00000095752","IL11","protein_coding",12.4908805458579,1.62915012253735,0.450104616902431,3.61949213884758,0.000295181777815836,0.000519588767655422,"Upregulated"
"ENSG00000239713.11","ENSG00000239713","APOBEC3G","protein_coding",5.09978345345274,1.86012426591979,0.513988137394461,3.6190023282429,0.000295740978029967,0.000520446661033428,"Upregulated"
"ENSG00000131778.22","ENSG00000131778","CHD1L","protein_coding",19.2224913119979,-1.32165527132018,0.365217853258431,-3.61881342746124,0.000295956904674759,0.000520763412159616,"Downregulated"
"ENSG00000110375.4","ENSG00000110375","UPK2","protein_coding",8.11057462379279,4.18819507676463,1.15739919368687,3.61862622646491,0.000296171034017396,0.000521076924241847,"Upregulated"
"ENSG00000250162.1","ENSG00000250162","CSNK1A1P3","processed_pseudogene",15.0317014883778,-1.49489011350759,0.413479415738539,-3.61539185895744,0.000299893645296629,0.000527242352012465,"Downregulated"
"ENSG00000309281.1","ENSG00000309281","ENSG00000309281","lncRNA",10.2838202537047,-2.06100923380671,0.570146320615582,-3.61487772398751,0.00030048941256256,0.000528225687391633,"Downregulated"
"ENSG00000145002.15","ENSG00000145002","FAM86B2","protein_coding",6.65022406126351,-1.85619890818407,0.513563932576048,-3.61434826404832,0.000301104096383545,0.000529242033328119,"Downregulated"
"ENSG00000257138.1","ENSG00000257138","TAS2R38","protein_coding",9.21289064379854,-4.03559429927837,1.11665244813766,-3.61401106137268,0.000301496190077838,0.000529866939923361,"Downregulated"
"ENSG00000233947.1","ENSG00000233947","ASS1P3","processed_pseudogene",14.4525606224475,1.861137262504,0.515166857968475,3.61268826539671,0.000303038937042079,0.000532513674744006,"Upregulated"
"ENSG00000271646.2","ENSG00000271646","IRF2-DT","lncRNA",3.89166062034394,-3.15979231456374,0.874831181762147,-3.6118880767362,0.000303975764252384,0.00053403040072076,"Downregulated"
"ENSG00000165194.17","ENSG00000165194","PCDH19","protein_coding",12.0305023892905,4.22364379781363,1.16956609344555,3.61129124850973,0.000304676270653481,0.000535196183552757,"Upregulated"
"ENSG00000132122.14","ENSG00000132122","SPATA6","protein_coding",13.3586587377567,-1.25604975550183,0.347966812053684,-3.6096826248707,0.000306571872139036,0.000538395488492355,"Downregulated"
"ENSG00000243759.1","ENSG00000243759","ST13P15","processed_pseudogene",35.8339825086429,1.01908352968043,0.282318736064505,3.60969145684891,0.000306561434455412,0.000538395488492355,"Upregulated"
"ENSG00000005448.19","ENSG00000005448","WDR54","protein_coding",11.4817534307331,-2.13191876835385,0.590897064677233,-3.60793596007855,0.000308642643832303,0.000541769524517653,"Downregulated"
"ENSG00000127578.7","ENSG00000127578","WFIKKN1","protein_coding",19.3153522144219,1.54753314913972,0.429038709720713,3.60697791149686,0.000309784020141844,0.000543509687638693,"Upregulated"
"ENSG00000267751.7","ENSG00000267751","BSG-AS1","lncRNA",22.0322868192312,1.12974908806021,0.313215691133297,3.60693643403523,0.000309833523677301,0.000543530737820052,"Upregulated"
"ENSG00000183578.9","ENSG00000183578","TNFAIP8L3","protein_coding",11.3395795731235,1.34324810027934,0.372638093604367,3.60469883067155,0.000312515117686959,0.000547969641321162,"Upregulated"
"ENSG00000174469.23","ENSG00000174469","CNTNAP2","protein_coding",18.1836360336586,-2.55647142528858,0.71041299302896,-3.59857076147868,0.000319970794869917,0.000560567790045313,"Downregulated"
"ENSG00000221916.4","ENSG00000221916","C19orf73","protein_coding",5.86645902009272,-4.04889808086807,1.12774047694009,-3.59027468079713,0.000330329673139193,0.000578156717769709,"Downregulated"
"ENSG00000100473.20","ENSG00000100473","COCH","protein_coding",18.362039837527,-1.42171315927563,0.396181779780957,-3.58853746394312,0.00033253821336939,0.000581951912588962,"Downregulated"
"ENSG00000168517.13","ENSG00000168517","HEXIM2","protein_coding",25.0497124435878,-1.59009230884847,0.44318939520462,-3.58783925349641,0.000333429741397104,0.000583441658093073,"Downregulated"
"ENSG00000273329.3","ENSG00000273329","ENSG00000273329","lncRNA",10.2984083235529,-1.79170196324249,0.499404880283745,-3.58767411769085,0.000333640926100411,0.000583740710014145,"Downregulated"
"ENSG00000259216.2","ENSG00000259216","ENSG00000259216","processed_pseudogene",16.984409031172,1.18514278492188,0.3306772225335,3.58398675252518,0.000338389255474153,0.000591762651180333,"Upregulated"
"ENSG00000267475.4","ENSG00000267475","NUDT19-DT","lncRNA",11.8447758009805,-1.95905299285673,0.546773350685452,-3.58293430065822,0.000339756082963753,0.000594009549319666,"Downregulated"
"ENSG00000277013.2","ENSG00000277013","SUNO1","lncRNA",2.87422134332865,-3.51149311091898,0.980611380644349,-3.58092224935388,0.000342383537680614,0.000598242371360919,"Downregulated"
"ENSG00000185275.6","ENSG00000185275","CD24P4","processed_pseudogene",29.7153265089441,1.58353663680803,0.442354321899931,3.57979239358773,0.000343867291534445,0.000600617667701238,"Upregulated"
"ENSG00000291029.2","ENSG00000291029","ENSG00000291029","lncRNA",20.18897877871,-1.22970466278371,0.344009738658035,-3.57462165920282,0.000350734699508488,0.000612096250635478,"Downregulated"
"ENSG00000112212.13","ENSG00000112212","TSPO2","protein_coding",2.8820281052179,-3.27735676981303,0.916903104896509,-3.57437634610579,0.000351063673185216,0.000612596598651433,"Downregulated"
"ENSG00000257331.1","ENSG00000257331","RACGAP1P1","processed_pseudogene",16.1524680496979,1.25026676022382,0.349795361626254,3.57428055766987,0.000351192207248975,0.000612747106603919,"Upregulated"
"ENSG00000230865.1","ENSG00000230865","TSEN15P1","processed_pseudogene",9.18604154663253,-1.75224196345966,0.491075371090547,-3.56817316976903,0.00035947889802675,0.000626752669658765,"Downregulated"
"ENSG00000235013.1","ENSG00000235013","COX20P2","processed_pseudogene",12.5582940047332,-2.08808005132388,0.585407627487028,-3.56688220870533,0.000361253763775503,0.000629544197286506,"Downregulated"
"ENSG00000268471.7","ENSG00000268471","MIR4453HG","lncRNA",12.3127339975358,-1.49104155864917,0.418907971314341,-3.55935351139526,0.000371768830269688,0.000647090306061532,"Downregulated"
"ENSG00000196369.14","ENSG00000196369","SRGAP2B","protein_coding",12.8611965285169,1.23323515745885,0.346624351167267,3.55784339243882,0.000373912120181366,0.000650664558797834,"Upregulated"
"ENSG00000270344.5","ENSG00000270344","POC1B-AS1","lncRNA",29.2364260037023,-1.32702656343402,0.373151434843503,-3.5562681515363,0.000376160141607448,0.000654262214615355,"Downregulated"
"ENSG00000197479.7","ENSG00000197479","PCDHB11","protein_coding",8.11648641715325,-3.25054845397307,0.91445581158232,-3.55462605497418,0.000378517017574091,0.000658282565544669,"Downregulated"
"ENSG00000248663.8","ENSG00000248663","LINC00992","lncRNA",11.9748190838237,-1.22233237735715,0.344132171844359,-3.55192707152639,0.000382420837292628,0.000664832386521684,"Downregulated"
"ENSG00000257839.2","ENSG00000257839","PHLDA1-DT","lncRNA",6.06827105875249,-2.78633310509621,0.784783119062542,-3.55044984711777,0.00038457340233216,0.000668414217629847,"Downregulated"
"ENSG00000198443.8","ENSG00000198443","KRTAP4-1","protein_coding",10.4466859896152,-3.73864191689343,1.0544698608068,-3.54551804262372,0.000391842161350502,0.000680313478170776,"Downregulated"
"ENSG00000256008.4","ENSG00000256008","CABP1-DT","lncRNA",7.08893836598347,-1.73987976748521,0.490835789631624,-3.54472881610977,0.00039301721317482,0.000682271855933097,"Downregulated"
"ENSG00000303133.1","ENSG00000303133","ENSG00000303133","lncRNA",5.95962321820127,2.90636189344558,0.820373843908779,3.54272861698984,0.000396010002928456,0.000687302630232238,"Upregulated"
"ENSG00000181798.5","ENSG00000181798","LINC00471","lncRNA",9.58624202465762,-1.46065230077769,0.41230652623618,-3.54263686803976,0.00039614779136867,0.000687459441086668,"Downregulated"
"ENSG00000215244.5","ENSG00000215244","LINC02649","lncRNA",9.46204184088406,1.84792638067747,0.522052765284319,3.53973104552193,0.000400534997322186,0.000694823220157185,"Upregulated"
"ENSG00000227359.2","ENSG00000227359","LINC02936","lncRNA",18.3836972963123,-1.92858296531064,0.545386800818606,-3.53617462398413,0.000405966249542051,0.000703739579947775,"Downregulated"
"ENSG00000215246.7","ENSG00000215246","LINC02982","lncRNA",14.4171743758982,-3.2348300994497,0.915511513615257,-3.53335818429601,0.000410316156800101,0.000710939950304527,"Downregulated"
"ENSG00000280138.1","ENSG00000280138","ENSG00000280138","TEC",12.6659254830555,1.2016139094399,0.340075421268118,3.53337475833791,0.000410290431824154,0.000710939950304527,"Upregulated"
"ENSG00000239779.9","ENSG00000239779","WBP1","protein_coding",30.9440057816942,1.02964894056191,0.291671968294107,3.53016077130754,0.000415307216994077,0.000718986045714749,"Upregulated"
"ENSG00000276672.1","ENSG00000276672","ENSG00000276672","lncRNA",9.34772648221167,-1.54100228029235,0.4365433992973,-3.53000934792025,0.000415544984534588,0.000719311743415582,"Downregulated"
"ENSG00000127152.18","ENSG00000127152","BCL11B","protein_coding",35.3260508608234,-1.28218281424742,0.363500258447842,-3.5273229783175,0.000419784358532591,0.00072630311889378,"Downregulated"
"ENSG00000236810.9","ENSG00000236810","ELOA-AS1","lncRNA",10.6429284271633,-1.60419921118747,0.455032671425627,-3.52545940528067,0.000422748963509349,0.000730908849818359,"Downregulated"
"ENSG00000293192.2","ENSG00000293192","ENSG00000293192","lncRNA",7.14504190379891,-1.91466770930752,0.543094305352136,-3.52547925919804,0.000422717276770623,0.000730908849818359,"Downregulated"
"ENSG00000160223.20","ENSG00000160223","ICOSLG","protein_coding",13.8652341933098,-1.33352545296027,0.378681183962907,-3.52149911174592,0.000429114105188098,0.000741294744592432,"Downregulated"
"ENSG00000141756.22","ENSG00000141756","FKBP10","protein_coding",192.888252755314,-2.44900412859215,0.695819603963896,-3.51959633594805,0.000432204043953115,0.000746454654387862,"Downregulated"
"ENSG00000176928.9","ENSG00000176928","GCNT4","protein_coding",7.51463839795645,2.3442262270895,0.667312259379756,3.51293745040498,0.000443181795351631,0.00076450310418234,"Upregulated"
"ENSG00000290555.2","ENSG00000290555","LINC00680","lncRNA",17.1006740905015,-1.09799347537285,0.312962801467736,-3.50838332933968,0.000450838931768507,0.000777064438533445,"Downregulated"
"ENSG00000308809.1","ENSG00000308809","ENSG00000308809","lncRNA",10.3489577571405,1.57495141035281,0.44895601207547,3.50803055976909,0.000451437189153672,0.000777940701240006,"Upregulated"
"ENSG00000115266.12","ENSG00000115266","APC2","protein_coding",3.70510313069521,-3.06870435843272,0.874768142737508,-3.50802024960521,0.000451454685166192,0.000777940701240006,"Downregulated"
"ENSG00000258404.2","ENSG00000258404","LINC02320","lncRNA",20.04510626262,-1.06482013938619,0.303983497394367,-3.50288798080628,0.000460242972592709,0.000792142655441038,"Downregulated"
"ENSG00000234155.2","ENSG00000234155","LINC02535","lncRNA",19.3178762431568,-1.37797896344478,0.393442583246966,-3.50236355219287,0.000461149915716325,0.000793609378762733,"Downregulated"
"ENSG00000248690.9","ENSG00000248690","HAS2-AS1","lncRNA",17.7389349969574,-1.12847984416041,0.322370589102133,-3.50056699435097,0.000464269527091244,0.000798693493186883,"Downregulated"
"ENSG00000257956.1","ENSG00000257956","NOP56P3","processed_pseudogene",17.0009960395453,-1.23905798355196,0.354025105766782,-3.49991558047357,0.000465405522760283,0.000800457730339666,"Downregulated"
"ENSG00000177679.17","ENSG00000177679","SRRM3","protein_coding",16.4500818519019,1.28614726178326,0.367880763455583,3.49609816425899,0.000472114983085922,0.000811612139369061,"Upregulated"
"ENSG00000128872.12","ENSG00000128872","TMOD2","protein_coding",11.5784286539749,-1.37745143731187,0.394012004151023,-3.49596312498108,0.000472353971359072,0.00081192666978243,"Downregulated"
"ENSG00000267219.2","ENSG00000267219","ENSG00000267219","lncRNA",7.55822789157462,1.69011326929359,0.483697008259572,3.49415696279562,0.00047556132873357,0.000817149013043266,"Upregulated"
"ENSG00000274204.1","ENSG00000274204","ENSG00000274204","lncRNA",7.53952390865572,1.88540996112513,0.540934275073657,3.48546958106583,0.000491274076450345,0.000843547857336304,"Upregulated"
"ENSG00000244355.9","ENSG00000244355","LY6G6D","protein_coding",7.3735736913083,-4.02232845423394,1.15559076621689,-3.48075510104846,0.00050000243277215,0.000858026673266311,"Downregulated"
"ENSG00000111348.11","ENSG00000111348","ARHGDIB","protein_coding",57.3925120094905,1.25868792296037,0.361610618627847,3.48078252717394,0.000499951240724425,0.000858026673266311,"Upregulated"
"ENSG00000173212.7","ENSG00000173212","MAB21L3","protein_coding",24.2914042782498,-3.10745588444733,0.893617382476026,-3.4773897032276,0.000506321318956715,0.000868598216704288,"Downregulated"
"ENSG00000228218.1","ENSG00000228218","ATF4P3","processed_pseudogene",12.9035099344939,1.24845078970943,0.359321954631806,3.4744628699037,0.000511877200859068,0.00087746917374611,"Upregulated"
"ENSG00000229839.7","ENSG00000229839","ENSG00000229839","lncRNA",4.5117609442356,-2.30929599046276,0.66471815622728,-3.47409795990764,0.000512573864368321,0.000878559484615696,"Downregulated"
"ENSG00000260285.1","ENSG00000260285","TRMT61A-DT","lncRNA",8.64039927631669,1.50823947413409,0.434793881457269,3.46886085213304,0.000522670086595214,0.000894594885430239,"Upregulated"
"ENSG00000113303.14","ENSG00000113303","BTNL8","protein_coding",6.70469757712621,-3.94876650648647,1.14072671548617,-3.4616235886117,0.000536927532577802,0.000918021920967143,"Downregulated"
"ENSG00000184368.18","ENSG00000184368","MAP7D2","protein_coding",8.58587442856364,1.65743531873296,0.478834851714273,3.46139240449852,0.000537388883773386,0.00091870233616184,"Upregulated"
"ENSG00000108576.12","ENSG00000108576","SLC6A4","protein_coding",42.2074170072391,1.3738297062947,0.396908077602238,3.46132967258853,0.000537514135316221,0.000918808073720532,"Upregulated"
"ENSG00000215784.8","ENSG00000215784","FAM72D","protein_coding",13.0175735285479,1.41791388589388,0.409741212699666,3.46051078570217,0.00053915163500793,0.000921498466155787,"Upregulated"
"ENSG00000259802.4","ENSG00000259802","MARCHF6-DT","lncRNA",6.38084246829517,-2.3765563905957,0.687637157221859,-3.45611979462729,0.000548011711225894,0.000936089783013396,"Downregulated"
"ENSG00000279443.1","ENSG00000279443","ENSG00000279443","TEC",9.48685647188219,2.01722979421089,0.583988037730758,3.4542313607131,0.000551863718121778,0.000942447443203017,"Upregulated"
"ENSG00000256663.1","ENSG00000256663","ENSG00000256663","processed_pseudogene",14.5324649198303,-2.07489040868865,0.600676130669604,-3.4542581313755,0.000551808935821981,0.000942447443203017,"Downregulated"
"ENSG00000287828.2","ENSG00000287828","ENSG00000287828","lncRNA",266.119787832606,-3.80601041659693,1.10203468024759,-3.4536212741888,0.000553113546324299,0.000944359273483946,"Downregulated"
"ENSG00000125971.20","ENSG00000125971","DYNLRB1","protein_coding",16.8425345085974,1.09978354857622,0.318455565681362,3.45349137240903,0.000553380004400743,0.00094470291244853,"Upregulated"
"ENSG00000138738.13","ENSG00000138738","PRDM5","protein_coding",9.33704157243701,-1.4394716031254,0.417719542106793,-3.44602408559901,0.000568899651558391,0.000970168716213721,"Downregulated"
"ENSG00000254759.1","ENSG00000254759","NAP1L1P1","processed_pseudogene",46.7029212084072,1.00142251995398,0.29070965673187,3.44475147888748,0.000571584659002803,0.000974632883664975,"Upregulated"
"ENSG00000152763.19","ENSG00000152763","DNAI4","protein_coding",9.75029946671411,-1.8761487944047,0.545142317470111,-3.44157614310976,0.000578335677322383,0.000985448634421632,"Downregulated"
"ENSG00000268575.1","ENSG00000268575","ENSG00000268575","lncRNA",5.86002747734984,-1.89908151504368,0.551969563756339,-3.44055476921552,0.000580522932330901,0.000988710581189261,"Downregulated"
"ENSG00000197140.17","ENSG00000197140","ADAM32","protein_coding",7.90743519203334,-1.71094995377747,0.497652606992446,-3.43804077329678,0.000585939463934407,0.000997583965147724,"Downregulated"
"ENSG00000286416.2","ENSG00000286416","ENSG00000286416","lncRNA",5.94304006490503,-2.22802651554641,0.648142645328855,-3.43755580905489,0.000586989742435486,0.000999254710134508,"Downregulated"
"ENSG00000101425.17","ENSG00000101425","BPI","protein_coding",5.48373899314516,-1.99333873315033,0.579883882851786,-3.43747910934751,0.000587156010059181,0.000999420354448867,"Downregulated"
"ENSG00000197757.9","ENSG00000197757","HOXC6","protein_coding",22.842000994774,-2.68710687691042,0.782107792574396,-3.43572446461056,0.00059097167825605,0.00100532475188246,"Downregulated"
"ENSG00000171227.9","ENSG00000171227","TMEM37","protein_coding",43.8568716388674,-1.2606223053186,0.367017292793352,-3.43477631727939,0.000593043123047088,0.00100873015718291,"Downregulated"
"ENSG00000197208.8","ENSG00000197208","SLC22A4","protein_coding",15.1141520097921,1.42837457790643,0.415933882086321,3.43413854803488,0.00059444027582281,0.00101098796822253,"Upregulated"
"ENSG00000147255.21","ENSG00000147255","IGSF1","protein_coding",8.74879650080358,-1.44138634350471,0.41996163731876,-3.4321857413149,0.000598737340540184,0.00101793776854861,"Downregulated"
"ENSG00000173825.9","ENSG00000173825","TIGD3","protein_coding",11.889077375788,-1.45893008267951,0.425237263088589,-3.43086133158461,0.000601668079795781,0.0010226804846822,"Downregulated"
"ENSG00000299510.1","ENSG00000299510","ENSG00000299510","lncRNA",9.53546295459225,2.8616396441218,0.834493348480607,3.42919407246576,0.000605376482280452,0.00102850128736323,"Upregulated"
"ENSG00000242173.12","ENSG00000242173","ARHGDIG","protein_coding",8.48721420107549,1.49884028329678,0.438717192720063,3.41641565037357,0.000634513173444233,0.00107611058040419,"Upregulated"
"ENSG00000231742.7","ENSG00000231742","LINC01273","lncRNA",7.87747233597141,1.61101493440196,0.471770221543375,3.41482963704576,0.000638219160180133,0.00108226913987017,"Upregulated"
"ENSG00000162383.13","ENSG00000162383","SLC1A7","protein_coding",12.2419704109469,2.35940850729915,0.691279340585127,3.41310432523855,0.000642273499585662,0.00108863480187081,"Upregulated"
"ENSG00000163126.17","ENSG00000163126","ANKRD23","protein_coding",10.9965103747245,-1.47059015643268,0.431248795692018,-3.41007365382399,0.000649453378115891,0.00110067575203549,"Downregulated"
"ENSG00000188610.14","ENSG00000188610","FAM72B","protein_coding",10.3304108154664,1.24781355096663,0.365949934052547,3.40979307510261,0.000650121850789395,0.00110167982479419,"Upregulated"
"ENSG00000289294.3","ENSG00000289294","ENSG00000289294","lncRNA",9.57864234883385,-1.49731182226616,0.439279182455075,-3.40856540002164,0.000653054292015773,0.00110651967729365,"Downregulated"
"ENSG00000302309.1","ENSG00000302309","ENSG00000302309","lncRNA",13.5992147167921,-1.59327815627469,0.467808194338815,-3.40583635677135,0.000659617039871195,0.00111698646200203,"Downregulated"
"ENSG00000243566.9","ENSG00000243566","UPK3B","protein_coding",15.3492219656102,-1.91994458965652,0.5644400828493,-3.40150291943233,0.00067016412758385,0.00113431657754557,"Downregulated"
"ENSG00000138587.8","ENSG00000138587","MNS1","protein_coding",7.97793549675457,-1.59316941085666,0.468406714876194,-3.40125228836174,0.000670778905549666,0.00113522455905941,"Downregulated"
"ENSG00000143450.19","ENSG00000143450","OAZ3","protein_coding",11.3408280794247,-1.34269983466467,0.39496865124919,-3.39950988621004,0.00067506739345508,0.0011420822631276,"Downregulated"
"ENSG00000183308.7","ENSG00000183308","ENSG00000183308","lncRNA",11.0369979732347,-3.86321062751827,1.13891222504699,-3.39201787684638,0.000693799133637325,0.00117308797627723,"Downregulated"
"ENSG00000214533.3","ENSG00000214533","KRT18P33","processed_pseudogene",9.56425616488925,1.59946986260022,0.471642422767405,3.39127649547549,0.000695678789547632,0.00117612891018715,"Upregulated"
"ENSG00000143226.18","ENSG00000143226","FCGR2A","protein_coding",13.1551996767827,1.28262943154524,0.37825665053651,3.3908972379626,0.000696642166093139,0.0011776202345762,"Upregulated"
"ENSG00000255135.6","ENSG00000255135","EMSY-DT","lncRNA",23.7247715634571,-1.28112199665407,0.377934420596801,-3.38979972935789,0.000699437008549911,0.00118193110166806,"Downregulated"
"ENSG00000271254.7","ENSG00000271254","ENSG00000271254","protein_coding",11.8555335309652,-1.6235261229604,0.47904094675132,-3.38911764009019,0.000701179218342646,0.00118450193469553,"Downregulated"
"ENSG00000238197.9","ENSG00000238197","PAXBP1-AS1","lncRNA",3.80363084516818,-2.51069623450986,0.741655945172014,-3.38525734318431,0.000711115520911943,0.00120054591438209,"Downregulated"
"ENSG00000166321.16","ENSG00000166321","NUDT13","protein_coding",13.2740044128607,-1.30954531754984,0.387260872169855,-3.38155856080255,0.000720758681111922,0.0012158345718396,"Downregulated"
"ENSG00000107551.23","ENSG00000107551","RASSF4","protein_coding",12.2557413195239,1.13761685108629,0.336718400282056,3.3785407929396,0.000728716201265866,0.00122840004521867,"Upregulated"
"ENSG00000232859.12","ENSG00000232859","LYRM9","protein_coding",10.7340560512604,-1.47202952099422,0.435810242465813,-3.37768454606639,0.000730988847965611,0.00123180120752531,"Downregulated"
"ENSG00000213222.3","ENSG00000213222","TOMM40P4","processed_pseudogene",8.68803991940441,-1.97704078513974,0.586018199425673,-3.37368495906329,0.000741691998999604,0.00124896589001885,"Downregulated"
"ENSG00000253106.1","ENSG00000253106","ENSG00000253106","lncRNA",17.0645179823146,-1.641991927462,0.487093222564796,-3.37100138412123,0.000748954815087781,0.00126061012546482,"Downregulated"
"ENSG00000272831.3","ENSG00000272831","ENSG00000272831","lncRNA",21.7532282172107,-1.02346875296943,0.303740072199169,-3.36955458513988,0.000752897774258599,0.00126709958710436,"Downregulated"
"ENSG00000304564.1","ENSG00000304564","ENSG00000304564","lncRNA",5.81964612258578,-1.91877944938527,0.569473490573766,-3.36939204571583,0.000753341945118461,0.00126769989185517,"Downregulated"
"ENSG00000238249.2","ENSG00000238249","HMGN2P17","processed_pseudogene",27.1402677977076,-1.1862504036715,0.352823328509007,-3.36216544604482,0.000773337734789425,0.00130044215044887,"Downregulated"
"ENSG00000198125.15","ENSG00000198125","MB","protein_coding",3.14566696914705,-2.58990902494471,0.770331854858467,-3.36206922848927,0.00077360725928173,0.00130074444848716,"Downregulated"
"ENSG00000187068.4","ENSG00000187068","C3orf70","protein_coding",10.0522957195344,-1.24987964404,0.371825108305756,-3.36147187513818,0.000775282516966617,0.0013032588140448,"Downregulated"
"ENSG00000268573.1","ENSG00000268573","ENSG00000268573","lncRNA",20.8043877585181,-1.07515740061973,0.319903824751762,-3.36087698061763,0.00077695422544652,0.00130576604837887,"Downregulated"
"ENSG00000230183.4","ENSG00000230183","CNOT6LP1","processed_pseudogene",14.0857509428557,1.28922329876174,0.383789964986695,3.3591897036871,0.000781713851297625,0.00131330826953457,"Upregulated"
"ENSG00000146021.17","ENSG00000146021","KLHL3","protein_coding",7.57005288960395,-2.78541048835395,0.829474601414336,-3.35804192630437,0.000784967059848908,0.00131846808429884,"Downregulated"
"ENSG00000135898.12","ENSG00000135898","GPR55","protein_coding",8.23527445230072,-1.52127628271358,0.453621827624673,-3.35362231284048,0.000797611529163715,0.0013386202988582,"Downregulated"
"ENSG00000234975.6","ENSG00000234975","FTH1P2","processed_pseudogene",13.3046464856529,1.67308583043656,0.499066616152165,3.35242986865393,0.000801055336659694,0.00134377751347057,"Upregulated"
"ENSG00000246889.4","ENSG00000246889","CTTN-DT","lncRNA",11.6212517634775,1.39359436349816,0.415925258185927,3.3505884436458,0.000806400533084148,0.00135227453430404,"Upregulated"
"ENSG00000235453.14","ENSG00000235453","SMIM27","protein_coding",12.6103454839159,1.21661927394321,0.363136703438268,3.35030654413052,0.000807221732056844,0.0013534950064755,"Upregulated"
"ENSG00000110934.15","ENSG00000110934","BIN2","protein_coding",24.0538163929726,1.19698101577558,0.35739761085412,3.34915785507071,0.000810575997920477,0.00135880478448393,"Upregulated"
"ENSG00000229241.1","ENSG00000229241","PNPT1P1","processed_pseudogene",14.0464054329276,-1.27786779406025,0.381612169351248,-3.34860336407159,0.000812199781036982,0.00136105448968408,"Downregulated"
"ENSG00000287037.2","ENSG00000287037","ENSG00000287037","lncRNA",5.13691727693233,-2.07194048278909,0.619593895394755,-3.34402985276189,0.00082570851776629,0.00138241310529911,"Downregulated"
"ENSG00000182379.11","ENSG00000182379","NXPH4","protein_coding",112.321515840216,1.10299532945099,0.330108397505825,3.34131254395467,0.000833833013538678,0.00139488722523404,"Upregulated"
"ENSG00000275880.1","ENSG00000275880","NAXD-AS1","lncRNA",4.48313321441095,-2.35545004403185,0.704993785933774,-3.34109334157042,0.000834491629645914,0.00139582787359517,"Downregulated"
"ENSG00000243081.3","ENSG00000243081","ENSG00000243081","lncRNA",6.64242679085178,1.66643558119043,0.499219444453354,3.33808227965796,0.000843587651879365,0.00141039135337284,"Upregulated"
"ENSG00000289042.1","ENSG00000289042","ENSG00000289042","lncRNA",6.60913018629819,-1.87519031295063,0.561765115408196,-3.33803267863662,0.000843738257025463,0.00141048042690195,"Downregulated"
"ENSG00000249464.8","ENSG00000249464","LINC01091","lncRNA",6.64295283247032,-2.35110890601504,0.704970795631528,-3.33504440266758,0.000852857799192757,0.00142457529113663,"Downregulated"
"ENSG00000107736.24","ENSG00000107736","CDH23","protein_coding",6.62743902451404,3.72670790025725,1.12050484370411,3.3259185992786,0.000881276612599021,0.00147001158722203,"Upregulated"
"ENSG00000286536.2","ENSG00000286536","ENSG00000286536","lncRNA",9.77642401715549,-3.76060972040424,1.13497645872098,-3.31338125254344,0.000921752388270541,0.00153487712407407,"Downregulated"
"ENSG00000249602.1","ENSG00000249602","ENSG00000249602","lncRNA",8.30197293962399,1.47408257930285,0.445018099576261,3.31241039568154,0.000924957505647394,0.00153968345644866,"Upregulated"
"ENSG00000228878.11","ENSG00000228878","SEPTIN7-DT","lncRNA",8.66755245442235,-1.65949454207272,0.501517836917658,-3.3089442087883,0.000936484964603521,0.00155797728240549,"Downregulated"
"ENSG00000293919.1","ENSG00000293919","ENSG00000293919","lncRNA",6.88218113698843,-1.51372869090396,0.457614901232868,-3.30786582085897,0.000940098403078566,0.001563450316435,"Downregulated"
"ENSG00000236493.2","ENSG00000236493","EIF2S2P3","processed_pseudogene",12.2692765749719,1.2789158138189,0.386941850178598,3.30518865619885,0.000949124896575698,0.00157755683004645,"Upregulated"
"ENSG00000285569.5","ENSG00000285569","ENSG00000285569","lncRNA",10.0460685048538,-2.51974009082946,0.762450718018465,-3.30479076389097,0.000950473287004985,0.00157943571554595,"Downregulated"
"ENSG00000269906.1","ENSG00000269906","ENSG00000269906","lncRNA",5.92008240140738,1.55540414819129,0.471021577227449,3.30219298518506,0.00095932042633448,0.00159395455382244,"Upregulated"
"ENSG00000172367.17","ENSG00000172367","NHERF4","protein_coding",11.7618436338015,-1.25124405553519,0.379038339185475,-3.30110156725576,0.000963060123935791,0.00159998478918692,"Downregulated"
"ENSG00000198121.17","ENSG00000198121","LPAR1","protein_coding",6.4767026932051,1.62751254478238,0.493046279538471,3.30093261489744,0.000963640237446268,0.00160076505285091,"Upregulated"
"ENSG00000167779.11","ENSG00000167779","IGFBP6","protein_coding",5.9789997082256,1.55363544325934,0.470676632677142,3.30085526962,0.000963905917569376,0.00160102287191007,"Upregulated"
"ENSG00000135773.15","ENSG00000135773","CAPN9","protein_coding",23.3054484278382,-3.5080701238504,1.06301432330424,-3.30011557412135,0.000966450191905306,0.00160488096494691,"Downregulated"
"ENSG00000293316.2","ENSG00000293316","PLEKHA8P1","lncRNA",5.84588982497363,-2.539981944729,0.769964768182825,-3.29882879021017,0.000970891070689922,0.00161188605755967,"Downregulated"
"ENSG00000145736.17","ENSG00000145736","GTF2H2","protein_coding",10.0758367037782,-1.57489130348415,0.477687767893046,-3.29690523672101,0.000977564783049313,0.001622222470623,"Downregulated"
"ENSG00000260219.5","ENSG00000260219","CD2BP2-DT","lncRNA",7.33582073060753,-2.20161675286108,0.668089962121572,-3.29538965960463,0.000982852926193239,0.00163081115255237,"Downregulated"
"ENSG00000286873.2","ENSG00000286873","ENSG00000286873","lncRNA",4.65791832374523,-3.85877230770916,1.17108908664795,-3.29502883401832,0.000984115814509206,0.0016327196776036,"Downregulated"
"ENSG00000175449.17","ENSG00000175449","RFESD","protein_coding",5.63884933440078,-2.17063332717104,0.658950578710986,-3.29407606169366,0.00098745773980082,0.00163788915705545,"Downregulated"
"ENSG00000235726.8","ENSG00000235726","ENSG00000235726","lncRNA",12.0422439158561,-1.40127103018758,0.425409638168017,-3.29393343371817,0.000987958922130314,0.00163853292509871,"Downregulated"
"ENSG00000128266.11","ENSG00000128266","GNAZ","protein_coding",12.8002174038813,-1.39303511229185,0.423136375240974,-3.29216582124031,0.00099418973646976,0.00164830084211415,"Downregulated"
"ENSG00000240882.1","ENSG00000240882","PTOV1P1","processed_pseudogene",8.31887785304166,1.66767082273587,0.506564080374857,3.29212213685146,0.000994344183121651,0.0016483683255318,"Upregulated"
"ENSG00000184378.5","ENSG00000184378","ACTRT3","protein_coding",8.05710206542824,-2.57217147527936,0.782004646266288,-3.28920229254429,0.0010047178317761,0.00166499380424235,"Downregulated"
"ENSG00000204052.7","ENSG00000204052","LRRC73","protein_coding",10.5884232017218,-1.1906976591054,0.362658151810368,-3.2832507780716,0.00102617334605568,0.00169841298892632,"Downregulated"
"ENSG00000178665.17","ENSG00000178665","ZNF713","protein_coding",11.863557258357,-1.48027150979529,0.451491042819049,-3.27862874211785,0.00104312770649926,0.00172568569892549,"Downregulated"
"ENSG00000215182.8","ENSG00000215182","MUC5AC","protein_coding",6.28241279439912,-1.84223834496201,0.562737472787157,-3.27370831701979,0.00106146118026961,0.00175521399183788,"Downregulated"
"ENSG00000251571.1","ENSG00000251571","DDX3P3","processed_pseudogene",18.0106032227625,1.14470374159142,0.349842116481256,3.27205813040738,0.00106767621373883,0.0017650882602673,"Upregulated"
"ENSG00000269176.2","ENSG00000269176","ENSG00000269176","lncRNA",7.15596554532504,-2.12813752738063,0.651580367110285,-3.26611671376592,0.00109033300143238,0.00180172244660867,"Downregulated"
"ENSG00000269940.1","ENSG00000269940","ENSG00000269940","lncRNA",16.5247390305906,-1.00869860822969,0.309294135138116,-3.26129238687068,0.00110905615303576,0.00183078275085935,"Downregulated"
"ENSG00000249863.2","ENSG00000249863","ENSG00000249863","processed_pseudogene",13.4030002875851,1.27616179017211,0.391453569183493,3.26005915039674,0.0011138898098997,0.00183813381064296,"Upregulated"
"ENSG00000168874.16","ENSG00000168874","ATOH8","protein_coding",9.46998635845412,-3.20475361408836,0.983426004265267,-3.25876436070316,0.00111898567978723,0.0018457023072475,"Downregulated"
"ENSG00000273175.3","ENSG00000273175","ENSG00000273175","lncRNA",26.0184504073687,-1.24818517564531,0.383078922808116,-3.25829770663347,0.00112082755597426,0.00184822296401866,"Downregulated"
"ENSG00000151834.18","ENSG00000151834","GABRA2","protein_coding",22.3418295843016,-2.57115588807512,0.789137388445485,-3.2581853625514,0.00112127139471757,0.00184863083643312,"Downregulated"
"ENSG00000153064.13","ENSG00000153064","BANK1","protein_coding",4.58224044863307,-1.78052743505826,0.546587518263203,-3.25753401891784,0.00112384786741746,0.0018524571536185,"Downregulated"
"ENSG00000150201.17","ENSG00000150201","FXYD4","protein_coding",14.6454669169732,1.38933855750277,0.42752025535173,3.24976077767294,0.00115502124944627,0.00190275866170005,"Upregulated"
"ENSG00000119686.12","ENSG00000119686","FLVCR2","protein_coding",29.0880126975501,-1.02493824015105,0.315722105244928,-3.24633031113209,0.00116903115962869,0.00192455588339054,"Downregulated"
"ENSG00000280161.1","ENSG00000280161","ENSG00000280161","TEC",4.11634528790418,-3.14261902294811,0.968503403406884,-3.24481980331033,0.00117524968006672,0.00193410383415022,"Downregulated"
"ENSG00000223478.3","ENSG00000223478","ZDHHC12-DT","lncRNA",13.0164757748543,1.26509672126926,0.390018118932642,3.24368704903103,0.00117993308957145,0.00194114999819156,"Upregulated"
"ENSG00000176907.5","ENSG00000176907","TCIM","protein_coding",3.5219599711386,-2.20926150259408,0.68151062313578,-3.24171249514612,0.00118813819897252,0.00195420483253998,"Downregulated"
"ENSG00000089199.12","ENSG00000089199","CHGB","protein_coding",3.62952986914827,-2.23692237674534,0.69061849830843,-3.23901311972436,0.001199440560286,0.00197167565785671,"Downregulated"
"ENSG00000243660.14","ENSG00000243660","ZNF487","protein_coding",9.31950773803,-1.53168307755619,0.473600508979793,-3.23412464411337,0.00122016191539543,0.00200255792501819,"Downregulated"
"ENSG00000236452.1","ENSG00000236452","ENSG00000236452","lncRNA",15.7971475222755,-2.93655384459747,0.908065800348111,-3.23385578828289,0.00122131108271065,0.002004216986824,"Downregulated"
"ENSG00000231663.4","ENSG00000231663","COA6-AS1","lncRNA",5.39068077825523,1.6533488265595,0.51146545321234,3.23257185050404,0.00122681280133171,0.00201278966567408,"Upregulated"
"ENSG00000262585.2","ENSG00000262585","LINC01979","lncRNA",26.2056335723961,1.89017326442564,0.586051538032972,3.22526798712931,0.00125854799877417,0.00206205512699098,"Upregulated"
"ENSG00000271533.1","ENSG00000271533","ENSG00000271533","lncRNA",14.3109771644478,-1.36340800853482,0.423247055383833,-3.22130536099862,0.00127608106414283,0.00208960076627773,"Downregulated"
"ENSG00000162676.15","ENSG00000162676","GFI1","protein_coding",6.57829936118771,-1.6086304835416,0.49972140132977,-3.21905461575388,0.00128613986246564,0.00210559634962178,"Downregulated"
"ENSG00000186897.7","ENSG00000186897","C1QL4","protein_coding",6.00044718148006,1.49016853676798,0.463143176826866,3.21751158459805,0.00129307804989518,0.0021162379558533,"Upregulated"
"ENSG00000105559.15","ENSG00000105559","PLEKHA4","protein_coding",45.6799061062673,-1.48290667500783,0.461001282028158,-3.21670835378991,0.00129670340675196,0.00212169196913733,"Downregulated"
"ENSG00000223529.1","ENSG00000223529","EEF1A1P8","processed_pseudogene",18.4073070262692,1.10195583146977,0.34267538389537,3.21574260439505,0.00130107470575326,0.00212836376970044,"Upregulated"
"ENSG00000250988.9","ENSG00000250988","SNHG21","lncRNA",17.0886696126852,1.01776319476964,0.316583668943771,3.21483163728956,0.00130521050303956,0.00213416570123539,"Upregulated"
"ENSG00000166869.5","ENSG00000166869","CHP2","protein_coding",19.3516649454385,-1.00471320656277,0.312909020822623,-3.21087964776925,0.00132329343361651,0.00216178203584382,"Downregulated"
"ENSG00000172264.20","ENSG00000172264","MACROD2","protein_coding",15.1530005155169,-1.28124864662695,0.399068750062314,-3.2105962855445,0.00132459884151597,0.00216367069558718,"Downregulated"
"ENSG00000308452.1","ENSG00000308452","ENSG00000308452","lncRNA",6.14048790120229,-1.72958341777832,0.538729193740268,-3.21048763994064,0.00132509967081774,0.00216424483596198,"Downregulated"
"ENSG00000179743.5","ENSG00000179743","SPEN-AS1","lncRNA",25.0117663903127,-1.11557795429867,0.34760390924659,-3.20933661740633,0.00133041634104671,0.0021722096095916,"Downregulated"
"ENSG00000259230.2","ENSG00000259230","LINC02323","lncRNA",12.4815825501569,-3.56352348624662,1.11041210287693,-3.20919006287306,0.00133109469956854,0.0021730567067869,"Downregulated"
"ENSG00000107796.16","ENSG00000107796","ACTA2","protein_coding",9.51317580748405,1.5402822533351,0.480056023741636,3.20854687194607,0.00133407561963128,0.00217767784182209,"Upregulated"
"ENSG00000300428.1","ENSG00000300428","ENSG00000300428","lncRNA",7.11870544219176,-2.61816011480389,0.817840890157388,-3.20130742582465,0.00136805486333432,0.00222937715950084,"Downregulated"
"ENSG00000204764.16","ENSG00000204764","RANBP17","protein_coding",9.90039083223542,-1.65027030797503,0.515989897599399,-3.19826088776695,0.00138259138265531,0.00225179976595198,"Downregulated"
"ENSG00000281468.1","ENSG00000281468","ENSG00000281468","lncRNA",6.99535603400651,-1.8979367898817,0.593583205620157,-3.19742332989155,0.00138661267048429,0.00225809538382495,"Downregulated"
"ENSG00000270442.1","ENSG00000270442","ENSG00000270442","processed_pseudogene",17.2859472715234,1.0221199569006,0.319784590209101,3.19627645669936,0.00139213654261577,0.00226658159483066,"Upregulated"
"ENSG00000185745.11","ENSG00000185745","IFIT1","protein_coding",13.648262851834,3.8044377178538,1.19044939555842,3.19579961319499,0.00139443920849168,0.00226956570187123,"Upregulated"
"ENSG00000157303.13","ENSG00000157303","SUSD3","protein_coding",57.9615613142739,1.94163466472667,0.607930071869959,3.19384540191326,0.00140391278629279,0.00228370233460042,"Upregulated"
"ENSG00000145920.17","ENSG00000145920","CPLX2","protein_coding",7.89914918407532,-3.55554036434987,1.11344607856689,-3.19327575245152,0.00140668546912763,0.00228769900332146,"Downregulated"
"ENSG00000254231.4","ENSG00000254231","WWP1-AS1","lncRNA",6.61083101970376,-3.56663379800471,1.11826305334937,-3.18944079152226,0.00142548336593045,0.00231671020960683,"Downregulated"
"ENSG00000124615.23","ENSG00000124615","MOCS1","protein_coding",34.0884623474176,-1.33250291367133,0.417829298855859,-3.18910836870492,0.00142712366768366,0.00231911596681673,"Downregulated"
"ENSG00000270441.1","ENSG00000270441","LAMB2P1","unprocessed_pseudogene",11.4380439919738,1.76988176756613,0.555363754990586,3.18688742587483,0.00143812737579502,0.00233621140343252,"Upregulated"
"ENSG00000275389.1","ENSG00000275389","ENSG00000275389","lncRNA",7.2988181499685,-3.64714831839077,1.14491399545438,-3.18552164867486,0.00144493292680959,0.00234647780987501,"Downregulated"
"ENSG00000128596.19","ENSG00000128596","CCDC136","protein_coding",8.205968022611,1.56415191038913,0.491266202693056,3.18391923119209,0.00145295547563381,0.00235924154093951,"Upregulated"
"ENSG00000147036.13","ENSG00000147036","LANCL3","protein_coding",10.7396018767936,1.33928657052679,0.420657306900672,3.18379485761086,0.00145357986919766,0.0023599909774157,"Upregulated"
"ENSG00000291176.2","ENSG00000291176","ENSG00000291176","lncRNA",15.9999678238044,-1.19785004421796,0.376335777726124,-3.18292895630478,0.00145793381865391,0.00236652967069136,"Downregulated"
"ENSG00000171889.8","ENSG00000171889","MIR31HG","lncRNA",4.89743109551703,-1.77243567116153,0.557062528588589,-3.1817535378879,0.00146386332361417,0.00237588837336953,"Downregulated"
"ENSG00000180316.13","ENSG00000180316","PNPLA1","protein_coding",15.3319422092094,-1.56098882503865,0.490767171751873,-3.18071157748071,0.0014691381617384,0.00238418255766101,"Downregulated"
"ENSG00000161638.13","ENSG00000161638","ITGA5","protein_coding",46.0741203122705,1.07982047220065,0.339571017652394,3.17995475487258,0.00147298048896476,0.00239015040265113,"Upregulated"
"ENSG00000280693.2","ENSG00000280693","SH3PXD2A-AS1","lncRNA",12.4372233975263,-3.56260442820605,1.12051964588756,-3.17942165608719,0.0014756925448015,0.00239347916723708,"Downregulated"
"ENSG00000235652.12","ENSG00000235652","EPM2A-DT","lncRNA",10.8440082993641,-3.37304745042741,1.06124778603823,-3.17837878655973,0.00148101128837498,0.00240129957385659,"Downregulated"
"ENSG00000287431.2","ENSG00000287431","RENO1","lncRNA",13.356430365746,1.09045331058212,0.34330675390256,3.17632350131864,0.00149154520307089,0.00241729737004063,"Upregulated"
"ENSG00000224505.5","ENSG00000224505","HEXIM2-AS1","lncRNA",6.1812630628986,-1.84066680253808,0.57959501833438,-3.1757809234243,0.00149433756160129,0.00242128129949976,"Downregulated"
"ENSG00000225265.3","ENSG00000225265","TAF1A-AS1","lncRNA",8.49534078619197,-1.80956321825455,0.569904118905643,-3.17520642196684,0.00149729946284382,0.00242553809697436,"Downregulated"
"ENSG00000294531.1","ENSG00000294531","ENSG00000294531","lncRNA",9.96186425976726,1.23948018809301,0.390881631364511,3.17098601887781,0.00151922454941578,0.00245940596181115,"Upregulated"
"ENSG00000224660.2","ENSG00000224660","SH3BP5-AS1","lncRNA",14.7647813685895,1.13565891308009,0.358381738198485,3.16885262845373,0.00153041973520474,0.00247669936377298,"Upregulated"
"ENSG00000225968.9","ENSG00000225968","ELFN1","protein_coding",21.1029232212282,-1.94761941094009,0.614671828990182,-3.16855160604928,0.00153200548416034,0.00247898877584319,"Downregulated"
"ENSG00000279415.1","ENSG00000279415","ENSG00000279415","TEC",17.282978108912,1.05257175363688,0.333043858949852,3.16045987743426,0.0015752029833592,0.00254490988125323,"Upregulated"
"ENSG00000261652.4","ENSG00000261652","PIERCE2","protein_coding",11.0141502556761,-1.21111174759202,0.383761231641355,-3.155899157432,0.00160004169223423,0.00258417521496249,"Downregulated"
"ENSG00000291124.2","ENSG00000291124","ENSG00000291124","lncRNA",6.96615321230417,1.52650556405019,0.483800098878102,3.15524028951224,0.00160365969357915,0.00258944136817259,"Upregulated"
"ENSG00000157890.21","ENSG00000157890","MEGF11","protein_coding",7.20526889993417,-2.66022027121229,0.845488402487344,-3.14637109555398,0.0016531011292059,0.00266571064475931,"Downregulated"
"ENSG00000130508.13","ENSG00000130508","PXDN","protein_coding",23.3783656414749,2.46105132376894,0.783234075300945,3.14216579867688,0.00167703042161952,0.00270279413591082,"Upregulated"
"ENSG00000300700.1","ENSG00000300700","ENSG00000300700","lncRNA",19.2295755280199,1.01841148224905,0.324320002793845,3.14014391180307,0.00168864858515753,0.00272121597866151,"Upregulated"
"ENSG00000259612.1","ENSG00000259612","EEF1A1P22","processed_pseudogene",15.3026113446383,1.06198122359364,0.338586787368656,3.13651111978372,0.00170970953269694,0.00275301228309378,"Upregulated"
"ENSG00000234350.8","ENSG00000234350","ERICH2-DT","lncRNA",14.0846750077972,-1.88122884255398,0.60038639876311,-3.13336352460617,0.00172815263218512,0.00278023844867082,"Downregulated"
"ENSG00000228857.4","ENSG00000228857","ACTR3-AS1","lncRNA",12.6370416061151,1.24550026581733,0.39775522365555,3.13132346665524,0.00174020373025373,0.00279900471241255,"Upregulated"
"ENSG00000304056.1","ENSG00000304056","ENSG00000304056","lncRNA",6.01031856223738,-2.64599958723138,0.845038553589264,-3.13121759473886,0.00174083124450991,0.00279970329546527,"Downregulated"
"ENSG00000224668.1","ENSG00000224668","IPO8P1","processed_pseudogene",11.7098736103297,1.12842903063523,0.360501423997044,3.13016525184235,0.00174707991642122,0.00280850606198296,"Upregulated"
"ENSG00000181634.9","ENSG00000181634","TNFSF15","protein_coding",818.179758621126,-1.08164555167549,0.345870694170075,-3.12731194029297,0.00176412641078473,0.00283370870595127,"Downregulated"
"ENSG00000254369.7","ENSG00000254369","HOXA-AS3","lncRNA",16.6894248440494,-2.48322212302079,0.794545408996717,-3.1253369472695,0.00177601498696696,0.0028518569740859,"Downregulated"
"ENSG00000204758.9","ENSG00000204758","RPL26L1-AS1","lncRNA",5.48591790358113,1.61303552187878,0.516642083523203,3.12215278879104,0.00179533737964888,0.00288256473585991,"Upregulated"
"ENSG00000204947.11","ENSG00000204947","ZNF425","protein_coding",21.8103604056941,-1.78648262242543,0.57226302993066,-3.12178583795968,0.00179757651629153,0.00288552047785742,"Downregulated"
"ENSG00000224186.8","ENSG00000224186","PITX1-AS1","lncRNA",11.1652368733876,-1.51825791840453,0.486391482997662,-3.1214730756538,0.00179948702003269,0.00288794749660174,"Downregulated"
"ENSG00000289915.2","ENSG00000289915","ENSG00000289915","lncRNA",28.6194732527801,-1.55969430242358,0.499741223803492,-3.12100388787794,0.00180235654632383,0.00289191220873838,"Downregulated"
"ENSG00000181856.17","ENSG00000181856","SLC2A4","protein_coding",9.95044450961421,1.24794428394395,0.400003956526927,3.11982985063284,0.00180955533055523,0.00290249871061498,"Upregulated"
"ENSG00000229167.3","ENSG00000229167","ENSG00000229167","lncRNA",15.1406328500779,-2.62357946645582,0.84138111600828,-3.11818201827815,0.00181970383758544,0.00291780792368756,"Downregulated"
"ENSG00000241224.10","ENSG00000241224","C3orf85","protein_coding",35.3676161912899,1.07358923346615,0.344316172150121,3.11803313437762,0.00182062334059466,0.00291895933752603,"Upregulated"
"ENSG00000197405.9","ENSG00000197405","C5AR1","protein_coding",11.8554257264789,2.40879452990879,0.773214213634543,3.11530037528164,0.00183757681112765,0.00294516292267883,"Upregulated"
"ENSG00000184515.13","ENSG00000184515","BEX5","protein_coding",6.01605168858341,-1.54758973768937,0.497164241352037,-3.11283396706228,0.00185300230963882,0.0029695576104485,"Downregulated"
"ENSG00000280351.2","ENSG00000280351","ENSG00000280351","TEC",9.3814385859115,-2.96793796069612,0.953668445620969,-3.11212767322252,0.00185744149887182,0.00297601351040911,"Downregulated"
"ENSG00000234899.12","ENSG00000234899","SOX9-AS1","lncRNA",11.7586028472335,1.17768391050053,0.378817742102043,3.10884042538666,0.00187823130990369,0.00300732826683507,"Upregulated"
"ENSG00000213928.12","ENSG00000213928","IRF9","protein_coding",7.40195442812893,1.47041760343592,0.473005903896286,3.10866649089085,0.00187933726952536,0.00300876664935501,"Upregulated"
"ENSG00000257316.1","ENSG00000257316","ASS1P14","processed_pseudogene",10.1885239577355,2.22229774883941,0.715415233285356,3.10630476602252,0.00189441358048163,0.00303122906131608,"Upregulated"
"ENSG00000127720.10","ENSG00000127720","METTL25","protein_coding",19.319191498478,-1.43294256411961,0.461740217155654,-3.10335229828282,0.00191341717791845,0.00305927203689257,"Downregulated"
"ENSG00000213754.2","ENSG00000213754","KPNA4P1","processed_pseudogene",8.92592786447793,1.26513509507398,0.408267302783307,3.09879112642402,0.00194311958503228,0.00310470661811332,"Upregulated"
"ENSG00000130208.12","ENSG00000130208","APOC1","protein_coding",8.67663058556971,1.46924661238509,0.474867040786828,3.09401682195216,0.00197466289748193,0.00315197871024432,"Upregulated"
"ENSG00000279133.1","ENSG00000279133","ENSG00000279133","TEC",7.85137978807048,1.59247881937697,0.514940482701989,3.09254928068763,0.00198445281536531,0.00316690785158838,"Upregulated"
"ENSG00000169213.9","ENSG00000169213","RAB3B","protein_coding",91.5697878724027,3.38043912797138,1.09371561817369,3.09078436094394,0.00199628553317063,0.00318473909585082,"Upregulated"
"ENSG00000196358.14","ENSG00000196358","NTNG2","protein_coding",8.95132816331668,3.7444538099467,1.21414700459879,3.08402013575286,0.00204223772709996,0.0032541076570789,"Upregulated"
"ENSG00000235559.1","ENSG00000235559","NOP56P1","processed_pseudogene",8.53988327881015,-1.58182639254175,0.513024873503165,-3.08333274708559,0.00204696136146126,0.0032605588096611,"Downregulated"
"ENSG00000229334.3","ENSG00000229334","TMEM44-AS2","lncRNA",10.1770468269181,-2.27543109168132,0.739393845866336,-3.07742768539713,0.0020879549229593,0.00332366462472827,"Downregulated"
"ENSG00000277283.2","ENSG00000277283","RAB35-AS1","lncRNA",20.2568508759905,-1.23008375801346,0.400225724458532,-3.07347499883385,0.00211581415614459,0.003367271991088,"Downregulated"
"ENSG00000105996.8","ENSG00000105996","HOXA2","protein_coding",6.11649107258499,-2.57124315219373,0.836924216276375,-3.07225326043695,0.00212449390185163,0.00337997207439168,"Downregulated"
"ENSG00000276791.1","ENSG00000276791","ENSG00000276791","lncRNA",13.3109131812476,-1.95857562950965,0.638379544627729,-3.06804258687798,0.00215465909272121,0.00342608290231685,"Downregulated"
"ENSG00000112195.10","ENSG00000112195","TREML2","protein_coding",80.2782399121957,-3.39823465424953,1.11041119656696,-3.06033896700231,0.00221086615678178,0.00351198863795699,"Downregulated"
"ENSG00000175772.12","ENSG00000175772","LINC01106","lncRNA",24.2091384703825,-1.12304035145172,0.367085284613031,-3.05934451345713,0.0022182189968306,0.00352328251885895,"Downregulated"
"ENSG00000237489.7","ENSG00000237489","C10orf143","protein_coding",15.4275149405905,-3.46980450774395,1.13451891081113,-3.05839283477717,0.00222527654450833,0.00353371769482958,"Downregulated"
"ENSG00000165828.17","ENSG00000165828","PRAP1","protein_coding",12.8884999528982,1.44205024974044,0.471650106191139,3.0574577018245,0.00223223142883062,0.00354398530528191,"Upregulated"
"ENSG00000286760.4","ENSG00000286760","ENSG00000286760","lncRNA",6.71017575152515,-1.84806697540551,0.606526357535567,-3.04696894445702,0.00231161591154573,0.00366359774607619,"Downregulated"
"ENSG00000115165.12","ENSG00000115165","CYTIP","protein_coding",46.536449192045,-1.10672411870958,0.363230351496634,-3.04689328452179,0.00231219782287639,0.00366411928366591,"Downregulated"
"ENSG00000168970.22","ENSG00000168970","JMJD7-PLA2G4B","protein_coding",17.8608992530007,1.29463998832755,0.425846568370361,3.04015597280002,0.00236455659355916,0.003745453509002,"Upregulated"
"ENSG00000166313.22","ENSG00000166313","APBB1","protein_coding",14.3591810665446,1.46346717891526,0.481667242395966,3.03833653215756,0.00237888129306423,0.00376732025998108,"Upregulated"
"ENSG00000182327.9","ENSG00000182327","GLTPD2","protein_coding",5.68230571318517,-2.09580274083757,0.689981915151202,-3.03747488856762,0.00238569281149328,0.00377686915273768,"Downregulated"
"ENSG00000293413.2","ENSG00000293413","ENSG00000293413","lncRNA",14.5338619485916,1.29734430837106,0.427191125268704,3.03691774391387,0.00239010668623434,0.00378344359332693,"Upregulated"
"ENSG00000257303.5","ENSG00000257303","CNPY2-AS1","lncRNA",6.00942523603274,-2.42145115285836,0.798800423295812,-3.03135937618507,0.00243455293563131,0.00384665734225566,"Downregulated"
"ENSG00000167550.13","ENSG00000167550","RHEBL1","protein_coding",12.1702831743264,1.21853707762454,0.401988826662956,3.03127101253044,0.00243526558445348,0.00384736387767358,"Upregulated"
"ENSG00000187098.20","ENSG00000187098","MITF","protein_coding",23.3680298539435,-1.19147933899116,0.393089297742657,-3.03106532239192,0.00243692520549243,0.0038495661737515,"Downregulated"
"ENSG00000278662.7","ENSG00000278662","GOLGA6L10","protein_coding",11.0335785340948,1.03214130614916,0.340673260562039,3.02971035779664,0.00244788369711837,0.00386519182159941,"Upregulated"
"ENSG00000291177.2","ENSG00000291177","ZNF56P","lncRNA",7.00284092769529,-1.88750970577153,0.623113944063116,-3.02915658324659,0.00245237540421971,0.00387144056186842,"Downregulated"
"ENSG00000205622.14","ENSG00000205622","ETS2-AS1","lncRNA",6.49004169398911,-2.92285855959078,0.965189561912244,-3.0282741079379,0.00245954881612454,0.00388234195003559,"Downregulated"
"ENSG00000236137.2","ENSG00000236137","CD101-AS1","lncRNA",7.41630133024679,-2.39726348555144,0.79165692591077,-3.02815955635515,0.00246048138272045,0.00388339100396261,"Downregulated"
"ENSG00000272994.3","ENSG00000272994","C2orf49-DT","lncRNA",8.64524883219367,-1.3330524653655,0.440321076570098,-3.02745550076635,0.00246622022166528,0.00389160098566782,"Downregulated"
"ENSG00000123838.13","ENSG00000123838","C4BPA","protein_coding",30.6861016427766,-3.41485223856348,1.13051842332148,-3.02060733210397,0.0025226828009837,0.0039776650148902,"Downregulated"
"ENSG00000291035.2","ENSG00000291035","RRP7BP","lncRNA",7.3926720219913,-1.47354590560833,0.487866308960068,-3.02038873877011,0.00252450440520494,0.00397967125424018,"Downregulated"
"ENSG00000134321.14","ENSG00000134321","RSAD2","protein_coding",5.59898250336852,3.52387996632273,1.1719351633324,3.00688986607636,0.00263935367174024,0.00415168928805595,"Upregulated"
"ENSG00000235489.4","ENSG00000235489","DBF4P1","processed_pseudogene",11.7531013573221,1.19495867878004,0.397806012355037,3.00387284673203,0.00266566705807873,0.00419217004944948,"Upregulated"
"ENSG00000213530.3","ENSG00000213530","MTHFD2P5","processed_pseudogene",12.6406988211519,1.12390208284296,0.374698100319416,2.99948700536479,0.00270434659267703,0.00425115422725627,"Upregulated"
"ENSG00000197536.12","ENSG00000197536","CARINH","lncRNA",13.3091249469472,1.00887465418129,0.336741652089354,2.99599009484454,0.00273555319415718,0.00429881120036065,"Upregulated"
"ENSG00000005471.21","ENSG00000005471","ABCB4","protein_coding",6.82434174162583,-1.38307150226764,0.462280621445304,-2.99184399714509,0.00277297926599765,0.00435431959289608,"Downregulated"
"ENSG00000296053.1","ENSG00000296053","ENSG00000296053","lncRNA",28.0890763486667,-3.40868359002979,1.14026878601165,-2.98936849964335,0.00279554752555649,0.00438690576506384,"Downregulated"
"ENSG00000274290.3","ENSG00000274290","H2BC6","protein_coding",9.0672744164697,1.96651608093688,0.658244393153077,2.98751664486956,0.00281253979110849,0.00441261520545028,"Upregulated"
"ENSG00000233175.3","ENSG00000233175","FMNL1-AS1","lncRNA",6.97292629828795,1.27456931288143,0.426802846786113,2.98631867729824,0.00282358230003979,0.00442754324736817,"Upregulated"
"ENSG00000265778.5","ENSG00000265778","ZNF516-AS1","lncRNA",9.60316572212046,-1.49604408094987,0.501702041101803,-2.98193740185781,0.00286430558533095,0.00448848578531749,"Downregulated"
"ENSG00000112293.17","ENSG00000112293","GPLD1","protein_coding",9.00560601934654,-1.37435632465028,0.461071615865923,-2.98078709978524,0.00287508597277277,0.00450391805398583,"Downregulated"
"ENSG00000254294.1","ENSG00000254294","IMPDH1P6","processed_pseudogene",15.5693710224544,-1.04350759748494,0.35009388757908,-2.98065071829975,0.00287636656422773,0.00450543712157244,"Downregulated"
"ENSG00000250337.11","ENSG00000250337","PURPL","lncRNA",3.13905853329772,-2.20352353494592,0.739820653502407,-2.97845636576128,0.00289704275603058,0.00453586253461487,"Downregulated"
"ENSG00000188089.14","ENSG00000188089","PLA2G4E","protein_coding",7.38311064191756,-3.41796398479587,1.14785308130376,-2.97770162442188,0.00290418556903767,0.00454655474413891,"Downregulated"
"ENSG00000270084.2","ENSG00000270084","GAS5-AS1","lncRNA",9.798496660794,-1.41703380154078,0.475994117360287,-2.97699855914018,0.00291085378114362,0.00455600961187313,"Downregulated"
"ENSG00000132141.16","ENSG00000132141","CCT6B","protein_coding",18.7284784465376,-2.21366685297235,0.743917399250889,-2.97568904182302,0.00292331114456623,0.00457451950189546,"Downregulated"
"ENSG00000240990.10","ENSG00000240990","HOXA11-AS","lncRNA",18.3133916906012,-1.52630418317839,0.513279190923201,-2.97363347310677,0.0029429638118166,0.00460328457213667,"Downregulated"
"ENSG00000116701.18","ENSG00000116701","NCF2","protein_coding",11.7319440601751,-1.7049874531185,0.573660790494048,-2.97211781138141,0.00295753173414081,0.00462457379058789,"Downregulated"
"ENSG00000305635.1","ENSG00000305635","ENSG00000305635","lncRNA",15.4506034852943,1.58234148770833,0.532513132066656,2.97146003060497,0.00296387450554147,0.00463299205418045,"Upregulated"
"ENSG00000197181.14","ENSG00000197181","PIWIL2","protein_coding",9.07705997561644,1.26485098948555,0.4270473178342,2.96185208679059,0.00305794647137184,0.00477026482918414,"Upregulated"
"ENSG00000229951.7","ENSG00000229951","FOSL2-AS1","lncRNA",7.68196660732162,1.54983647933927,0.523927278077116,2.95811373866117,0.00309527891911887,0.00482538533733549,"Upregulated"
"ENSG00000006210.8","ENSG00000006210","CX3CL1","protein_coding",105.172236608369,-1.00597766045534,0.340500912371992,-2.95440518337385,0.00313272401504244,0.00488113497752876,"Downregulated"
"ENSG00000273998.2","ENSG00000273998","ENSG00000273998","lncRNA",6.70697036315336,-3.20918302129806,1.08723182797302,-2.95170076770204,0.00316029023785466,0.0049214405896185,"Downregulated"
"ENSG00000151224.15","ENSG00000151224","MAT1A","protein_coding",10.0590461897474,-1.38613603883601,0.470218859592909,-2.94785292116111,0.00319989267312567,0.00498097149505234,"Downregulated"
"ENSG00000290319.2","ENSG00000290319","ENSG00000290319","lncRNA",7.20918953318913,1.27158988018545,0.431720897433355,2.94539802855327,0.00322539444734466,0.00501851152361163,"Upregulated"
"ENSG00000135253.17","ENSG00000135253","KCP","protein_coding",11.9517224901812,-1.26017005498104,0.427868870133926,-2.9452249110495,0.00322719978818712,0.00502078146327513,"Downregulated"
"ENSG00000163219.13","ENSG00000163219","ARHGAP25","protein_coding",5.27993913384744,-1.65878065967614,0.563251403379027,-2.94500936832979,0.00322944884358336,0.00502266287199078,"Downregulated"
"ENSG00000144821.12","ENSG00000144821","MYH15","protein_coding",5.05883277201098,-1.90079067536543,0.645530871638108,-2.94453876472547,0.00323436426603772,0.00502922821281316,"Downregulated"
"ENSG00000143248.15","ENSG00000143248","RGS5","protein_coding",16.0872886353918,-1.16814391276839,0.396747842433324,-2.94429808516149,0.00323688078145581,0.00503260125360558,"Downregulated"
"ENSG00000123700.7","ENSG00000123700","KCNJ2","protein_coding",21.0584983826563,-1.28804448382134,0.437972654679087,-2.94092443914134,0.00327234346950839,0.00508500981772631,"Downregulated"
"ENSG00000171703.19","ENSG00000171703","TCEA2","protein_coding",28.8592178134269,3.49811113738338,1.19013625434482,2.93925264826851,0.00329004763454829,0.00511197280153038,"Upregulated"
"ENSG00000073670.16","ENSG00000073670","ADAM11","protein_coding",6.83000644621402,1.32325614825992,0.451428444191813,2.9312644457505,0.00337585274560091,0.00523967634028579,"Upregulated"
"ENSG00000240541.4","ENSG00000240541","TM4SF1-AS1","lncRNA",4.71752853452042,1.51936202984974,0.519097176685906,2.92693179252076,0.00342323946786938,0.00531095025889766,"Upregulated"
"ENSG00000130830.17","ENSG00000130830","MPP1","protein_coding",214.87339186086,-1.32703973091683,0.453656514289381,-2.92520814562873,0.00344225896205054,0.00533874324465287,"Downregulated"
"ENSG00000258727.2","ENSG00000258727","AP1G2-AS1","lncRNA",8.6044139970726,-1.34027313150717,0.459196032480129,-2.91873848358035,0.00351450929392995,0.00544497206410443,"Downregulated"
"ENSG00000197128.14","ENSG00000197128","ZNF772","protein_coding",40.1043738646387,-3.2778796421773,1.12502478266341,-2.91360660910702,0.00357279821182029,0.00552995745868842,"Downregulated"
"ENSG00000267481.1","ENSG00000267481","ENSG00000267481","lncRNA",16.9801203602376,-1.02345097916027,0.351340035692524,-2.9129927568401,0.00357982904723951,0.00554024802996529,"Downregulated"
"ENSG00000166257.12","ENSG00000166257","SCN3B","protein_coding",4.90760676463046,-1.70567722404109,0.585555158507491,-2.91292323064604,0.00358062616734607,0.00554088995378315,"Downregulated"
"ENSG00000272894.6","ENSG00000272894","MIOS-DT","lncRNA",19.2013388670483,-1.21718345155536,0.417934835019466,-2.91237616385499,0.00358690394166902,0.00554941944300922,"Downregulated"
"ENSG00000294732.1","ENSG00000294732","ENSG00000294732","lncRNA",9.45195271954273,-1.46164625181842,0.502001485451612,-2.91163730422727,0.00359539849490125,0.00556196786807311,"Downregulated"
"ENSG00000104427.15","ENSG00000104427","ZC2HC1A","protein_coding",7.19354689652967,-1.4077766439739,0.484455029699368,-2.90589746760914,0.00366201424660811,0.00566079044926343,"Downregulated"
"ENSG00000307779.1","ENSG00000307779","ENSG00000307779","lncRNA",9.22728128778518,-3.16529398606284,1.09136409369026,-2.90030980894739,0.00372793996159151,0.00575471942089733,"Downregulated"
"ENSG00000230450.1","ENSG00000230450","NEK2P4","transcribed_processed_pseudogene",9.44172298940471,1.59845547888483,0.551170174864359,2.90011243674098,0.00373028825228633,0.00575773110577629,"Upregulated"
"ENSG00000196696.14","ENSG00000196696","PDXDC2P-NPIPB14P","lncRNA",5.86592609391395,1.45130764357463,0.500862935109295,2.8976143807845,0.00376012599517285,0.00580254987988979,"Upregulated"
"ENSG00000159618.18","ENSG00000159618","ADGRG5","protein_coding",36.820889686254,2.69581358184783,0.93088035615861,2.89598288761021,0.00377973010512907,0.00583093982153827,"Upregulated"
"ENSG00000145287.14","ENSG00000145287","PLAC8","protein_coding",9.34653379913228,1.46487402039617,0.506466294311693,2.89234256425097,0.003823807698644,0.00589517246476052,"Upregulated"
"ENSG00000108405.6","ENSG00000108405","P2RX1","protein_coding",12.572780564712,-3.23133939049556,1.11751347051543,-2.8915440178141,0.00383353886698188,0.00590891781113607,"Downregulated"
"ENSG00000290865.1","ENSG00000290865","RRN3P3","lncRNA",7.81203741471083,-1.52782295358549,0.529299179735987,-2.88650164609658,0.00389550709470458,0.00599996692703357,"Downregulated"
"ENSG00000260604.4","ENSG00000260604","TGILR","lncRNA",8.80375054131085,-1.36298464262218,0.47232714568509,-2.88567924810934,0.00390569982007387,0.00601438760944751,"Downregulated"
"ENSG00000196189.16","ENSG00000196189","SEMA4A","protein_coding",18.2294659205698,1.13585581579964,0.394087710569651,2.8822411492045,0.00394857413775372,0.00607718101150456,"Upregulated"
"ENSG00000230734.1","ENSG00000230734","RPL10P3","processed_pseudogene",8.28159249636157,1.89787864979711,0.658699750440166,2.88124999065033,0.00396101336164366,0.00609503139062857,"Upregulated"
"ENSG00000264278.2","ENSG00000264278","ZNF236-DT","lncRNA",5.44508049696657,-3.32040285096841,1.15354971830424,-2.87842196853858,0.00399670142556628,0.00614733570996673,"Downregulated"
"ENSG00000291102.2","ENSG00000291102","GUSBP1","lncRNA",7.84895852344945,-1.53552444457216,0.533476673465752,-2.87833474441641,0.00399780677176872,0.0061483832894484,"Downregulated"
"ENSG00000099284.16","ENSG00000099284","MACROH2A2","protein_coding",83.187579090624,-1.52010966132497,0.528682645319112,-2.87527815558884,0.0040367170569132,0.00620493249774991,"Downregulated"
"ENSG00000228043.6","ENSG00000228043","SPOPL-DT","lncRNA",12.8470169318078,-1.29240717551559,0.449829512975307,-2.87310445009982,0.00406459709196305,0.00624580013325507,"Downregulated"
"ENSG00000125841.16","ENSG00000125841","NRSN2","protein_coding",13.2942140535599,-1.24130725736881,0.432155781935265,-2.87236063766181,0.00407417732180749,0.00625853060712678,"Downregulated"
"ENSG00000240303.10","ENSG00000240303","ACAD11","protein_coding",6.5354810698062,-1.38877830565,0.483657983905598,-2.87140572855935,0.00408650649883348,0.00627613948506728,"Downregulated"
"ENSG00000156006.7","ENSG00000156006","NAT2","protein_coding",13.3901340383082,-2.62435205330062,0.915266919728919,-2.86730788224914,0.00413980063419677,0.00635529563461648,"Downregulated"
"ENSG00000155666.14","ENSG00000155666","KDM8","protein_coding",18.6977037790708,-1.46535858656761,0.511111817046592,-2.86700197040059,0.00414380432634949,0.00636009450301386,"Downregulated"
"ENSG00000153162.11","ENSG00000153162","BMP6","protein_coding",7.43817136555781,1.6988056399408,0.592904500619097,2.86522642038802,0.00416711170112991,0.00639383618557699,"Upregulated"
"ENSG00000263219.1","ENSG00000263219","RYKP1","processed_pseudogene",6.30302552493226,-1.5755755048579,0.55036672337859,-2.86277392496727,0.0041995008443911,0.00644148668891996,"Downregulated"
"ENSG00000293310.2","ENSG00000293310","ENSG00000293310","lncRNA",16.0628183129509,-3.27267537350594,1.14470881112589,-2.85895883887455,0.00425033931112491,0.00651601790932214,"Downregulated"
"ENSG00000258655.3","ENSG00000258655","ARHGAP5-AS1","lncRNA",17.9406399481184,-1.04472196535667,0.365683450729526,-2.85690250207518,0.00427797222178799,0.00655699348896368,"Downregulated"
"ENSG00000198513.17","ENSG00000198513","ATL1","protein_coding",4.74881739645893,-2.46922101286172,0.864353763064681,-2.85672501049428,0.00428036496241299,0.00655996711456102,"Downregulated"
"ENSG00000256940.6","ENSG00000256940","PPP1R14B-AS1","lncRNA",9.11370552691496,-1.11201470023517,0.390311320230992,-2.84904547369279,0.00438506124371076,0.00671119522059946,"Downregulated"
"ENSG00000137877.10","ENSG00000137877","SPTBN5","protein_coding",6.76720744375067,-2.69422701815905,0.9461604700516,-2.84753707583251,0.00440589617726158,0.00674237036968056,"Downregulated"
"ENSG00000281344.1","ENSG00000281344","HELLPAR","lncRNA",7.28987365537211,-1.87236256684898,0.658282978476079,-2.84431259514485,0.00445073591850216,0.00680739471566578,"Downregulated"
"ENSG00000288829.1","ENSG00000288829","ENSG00000288829","lncRNA",11.6297447352606,-1.38942166238982,0.489165873441971,-2.84038960570427,0.00450584654479145,0.00688587241665272,"Downregulated"
"ENSG00000196550.13","ENSG00000196550","FAM72A","protein_coding",21.3320374365635,1.06625070421097,0.37580494124588,2.8372450364173,0.00455046742308234,0.00695186315573575,"Upregulated"
"ENSG00000104490.19","ENSG00000104490","NCALD","protein_coding",10.336782602616,-1.23464405240298,0.435493186269094,-2.83504792114034,0.00458188121975051,0.00699764175746911,"Downregulated"
"ENSG00000271361.1","ENSG00000271361","HTATSF1P2","processed_pseudogene",11.7835777738292,-3.14952784861726,1.11266108374012,-2.83062640964344,0.00464569492934031,0.00709061726340176,"Downregulated"
"ENSG00000290995.2","ENSG00000290995","ENSG00000290995","lncRNA",4.90759651641967,1.76844730276921,0.62485939780998,2.8301523654238,0.00465258414525579,0.00709963666768947,"Upregulated"
"ENSG00000140522.14","ENSG00000140522","RLBP1","protein_coding",41.5926591650444,-1.7958505275867,0.634788924570853,-2.82905145013482,0.00466861928770313,0.00712260561294808,"Downregulated"
"ENSG00000297670.1","ENSG00000297670","ENSG00000297670","lncRNA",6.54424911471759,-1.8234414649852,0.644743542297684,-2.82816553460462,0.00468155921256552,0.00714084371208289,"Downregulated"
"ENSG00000268061.7","ENSG00000268061","NAPA-AS1","lncRNA",26.8944570845651,1.02143321304246,0.361198133606447,2.82790279906427,0.00468540303777614,0.00714595462254807,"Upregulated"
"ENSG00000167588.15","ENSG00000167588","GPD1","protein_coding",8.17751377374526,-1.64077716549991,0.581463239321108,-2.82180721762499,0.00477538740679102,0.00727936407901709,"Downregulated"
"ENSG00000298107.1","ENSG00000298107","ENSG00000298107","lncRNA",6.27390093619948,-1.50811588081497,0.53510567551262,-2.81835149546905,0.00482709346994613,0.00735199564545026,"Downregulated"
"ENSG00000144395.19","ENSG00000144395","CCDC150","protein_coding",12.5865506895779,-1.05444699997567,0.374709967762944,-2.8140350956523,0.0048923886777967,0.00744831355380079,"Downregulated"
"ENSG00000272347.1","ENSG00000272347","ENSG00000272347","lncRNA",15.8931664336771,-1.24288616995541,0.442200485494667,-2.81068477020114,0.00494361945416309,0.00752472777331493,"Downregulated"
"ENSG00000107742.16","ENSG00000107742","SPOCK2","protein_coding",12.6269971944305,1.22377528340476,0.436177529232586,2.80568163508533,0.00502102739711245,0.0076393416313862,"Upregulated"
"ENSG00000140543.17","ENSG00000140543","DET1","protein_coding",5.49000355786818,-1.67586482021721,0.59752822563958,-2.80466218716848,0.00503693394308789,0.00766113000663619,"Downregulated"
"ENSG00000218180.2","ENSG00000218180","SLC25A5P7","processed_pseudogene",12.4634442774513,1.207472707395,0.431055926571948,2.80119732257865,0.00509133770493858,0.0077406279920237,"Upregulated"
"ENSG00000289513.3","ENSG00000289513","ENSG00000289513","lncRNA",7.79159866932205,-3.0264912483753,1.0816886094821,-2.79793206829123,0.00514309282493838,0.0078152145558359,"Downregulated"
"ENSG00000257043.1","ENSG00000257043","SRSF3P1","processed_pseudogene",6.64328415236218,-1.73114320650696,0.619407254490135,-2.79483844265265,0.00519256572995205,0.00788377816222787,"Downregulated"
"ENSG00000291064.2","ENSG00000291064","ENSG00000291064","lncRNA",7.80099168749398,-1.42341000946992,0.509711463361501,-2.79257994333237,0.00522895450758209,0.00793570098689701,"Downregulated"
"ENSG00000303584.1","ENSG00000303584","ENSG00000303584","lncRNA",9.30616179566816,1.21418319567603,0.43508589338966,2.79067470153213,0.00525983060474311,0.00797838236591345,"Upregulated"
"ENSG00000127325.21","ENSG00000127325","BEST3","protein_coding",14.3238144318071,-3.27664374839858,1.17751471736113,-2.78267753267806,0.0053912360637221,0.00816659277050911,"Downregulated"
"ENSG00000274964.1","ENSG00000274964","ENSG00000274964","lncRNA",8.48781857108621,-1.93849872344064,0.696647657010012,-2.7826099807191,0.0053923585572495,0.00816743940339254,"Downregulated"
"ENSG00000281183.1","ENSG00000281183","NPTN-IT1","lncRNA",7.2070105592936,1.29238568911501,0.464622739962191,2.78158079223625,0.00540948643587696,0.00819166953278254,"Upregulated"
"ENSG00000204950.4","ENSG00000204950","LRRC10B","protein_coding",44.79935552234,-1.41661042762297,0.511310401061446,-2.7705488186475,0.00559619105278711,0.00846290313440371,"Downregulated"
"ENSG00000270956.1","ENSG00000270956","ENSG00000270956","lncRNA",3.64542276742526,-1.74269242447999,0.629401169770637,-2.76881027265179,0.00562613872212022,0.0085058245516946,"Downregulated"
"ENSG00000238110.1","ENSG00000238110","ENSG00000238110","processed_pseudogene",11.6663659504734,1.254263560431,0.453933478213353,2.76309992681678,0.00572552347831042,0.00864765880642778,"Upregulated"
"ENSG00000293091.2","ENSG00000293091","ENSG00000293091","lncRNA",11.5184050583491,-1.51527045046705,0.549594010047888,-2.7570723529811,0.00583214450873773,0.0087976931633837,"Downregulated"
"ENSG00000108176.17","ENSG00000108176","DNAJC12","protein_coding",7.59391347333504,-3.12572514740687,1.13399399022977,-2.75638598999412,0.00584439832644185,0.0088143428605261,"Downregulated"
"ENSG00000257851.2","ENSG00000257851","HNRNPA3P10","processed_pseudogene",6.06591829521391,-1.79948552941455,0.652860668212447,-2.75630868427347,0.00584577993892929,0.00881459191290846,"Downregulated"
"ENSG00000262877.6","ENSG00000262877","ENSG00000262877","lncRNA",8.83856193733517,-1.2895723444751,0.46828472469079,-2.75382107611264,0.00589039609554647,0.00887909509222586,"Downregulated"
"ENSG00000226781.1","ENSG00000226781","TBCAP1","processed_pseudogene",8.36430882416455,1.25620436800668,0.456483765427869,2.7519146641047,0.00592479577041736,0.00893001979250009,"Upregulated"
"ENSG00000111644.9","ENSG00000111644","ACRBP","protein_coding",7.86335214337227,1.2644648600192,0.459814142172769,2.74994773767548,0.00596047703984467,0.00898193129473109,"Upregulated"
"ENSG00000231226.2","ENSG00000231226","TRIM31-AS1","lncRNA",9.58776619970044,-1.83085046011604,0.665840090623508,-2.74968492570278,0.00596525924887983,0.00898820306038329,"Downregulated"
"ENSG00000261801.9","ENSG00000261801","LOXL1-AS1","lncRNA",33.9088724985448,1.61566549814472,0.587873051631531,2.74832379824309,0.00599008211656072,0.0090229439722447,"Upregulated"
"ENSG00000293164.1","ENSG00000293164","ENSG00000293164","protein_coding",6.97238190503993,-2.97569674984975,1.08322462940603,-2.74707264686312,0.00601298140468429,0.00905257911039733,"Downregulated"
"ENSG00000180745.7","ENSG00000180745","CLRN3","protein_coding",1123.72692705821,-1.0229219269208,0.37243609709171,-2.74657031074223,0.00602219761622312,0.00906457081993202,"Downregulated"
"ENSG00000289045.1","ENSG00000289045","ENSG00000289045","lncRNA",10.1540131837155,1.45628291842116,0.530594618800825,2.74462436447707,0.00605801957067235,0.00911564942562389,"Upregulated"
"ENSG00000189410.14","ENSG00000189410","SH2D5","protein_coding",12.6634341871583,1.06893434312704,0.390192545661707,2.73950477786367,0.0061531820448755,0.00925211809445276,"Upregulated"
"ENSG00000184979.14","ENSG00000184979","USP18","protein_coding",7.47330159045485,1.28661351352814,0.470418382835742,2.73504089226333,0.00623725270420423,0.00937561105583733,"Upregulated"
"ENSG00000267681.1","ENSG00000267681","ENSG00000267681","transcribed_processed_pseudogene",4.45605075500775,-1.66936572101229,0.611167087123935,-2.73143916971721,0.00630583806457989,0.00946692274234868,"Downregulated"
"ENSG00000227619.4","ENSG00000227619","ENSG00000227619","lncRNA",10.8611301221182,1.78251440750394,0.652647546530379,2.73120525309593,0.00631031577963235,0.00947201038026493,"Upregulated"
"ENSG00000151490.17","ENSG00000151490","PTPRO","protein_coding",64.1684266074511,-3.86855680766281,1.41643435719823,-2.73119385166213,0.00631053410305395,0.00947201038026493,"Downregulated"
"ENSG00000137941.19","ENSG00000137941","TTLL7","protein_coding",13.7167878557853,1.0065123976395,0.369581619337705,2.72338326630849,0.00646170466663095,0.00969088523531157,"Upregulated"
"ENSG00000073067.15","ENSG00000073067","CYP2W1","protein_coding",1163.91936036305,-1.7890113064582,0.657618544836994,-2.7204392584483,0.00651952483516525,0.00977456589191132,"Downregulated"
"ENSG00000267152.1","ENSG00000267152","ENSG00000267152","lncRNA",11.8945618545133,-1.19432399452336,0.439221255952994,-2.71918532706709,0.00654429298662001,0.00980865590672223,"Downregulated"
"ENSG00000242110.11","ENSG00000242110","AMACR","protein_coding",9.0267768918956,-1.61944168357874,0.596002235274903,-2.71717384219504,0.00658420143609826,0.00986541017493135,"Downregulated"
"ENSG00000250526.1","ENSG00000250526","CCT6P2","processed_pseudogene",14.0334263211961,1.0713677008429,0.394479357669969,2.7159030758188,0.00660952648345978,0.00990233203745468,"Upregulated"
"ENSG00000137411.21","ENSG00000137411","VARS2","protein_coding",6.12432973042678,-1.53246264096589,0.56488703498422,-2.71286566350155,0.00667041417607554,0.00998735842955747,"Downregulated"
"ENSG00000257829.1","ENSG00000257829","ENSG00000257829","lncRNA",5.27930755160694,-3.04003319209831,1.12080760256011,-2.71235953892029,0.00668060877436035,0.0100015890865734,"Downregulated"
"ENSG00000198959.14","ENSG00000198959","TGM2","protein_coding",44.4957175289005,1.08462047867687,0.400629699630696,2.70728924909133,0.0067835125751732,0.0101472609660828,"Upregulated"
"ENSG00000182218.12","ENSG00000182218","HHIPL1","protein_coding",5.84834288329289,3.06662404160132,1.13303177364734,2.70656491099941,0.00679832905315412,0.0101683749239663,"Upregulated"
"ENSG00000196890.5","ENSG00000196890","H2BC26","protein_coding",10.495191950457,1.47530861506146,0.545311501543534,2.70544195544293,0.0068213568274968,0.0101975555131095,"Upregulated"
"ENSG00000205277.12","ENSG00000205277","MUC12","protein_coding",36.6903839844325,1.12260142613783,0.414998291051401,2.70507481679915,0.0068289007084712,0.0102077802029051,"Upregulated"
"ENSG00000261770.1","ENSG00000261770","ENSG00000261770","lncRNA",5.74064035952061,-2.97767566335623,1.10213183102432,-2.70174182392389,0.00689772998839456,0.0103042885261122,"Downregulated"
"ENSG00000237294.1","ENSG00000237294","EIF4BP9","processed_pseudogene",8.43840408515551,1.32080380651521,0.489849995561806,2.69634340814965,0.00701053509075108,0.0104684878449423,"Upregulated"
"ENSG00000105427.11","ENSG00000105427","CNFN","protein_coding",6.74619177837061,1.37443835113902,0.509893310334427,2.69554105394628,0.00702744173540389,0.0104915716111541,"Upregulated"
"ENSG00000275719.1","ENSG00000275719","ENSG00000275719","lncRNA",18.068216170071,-1.16408283420879,0.432021814496182,-2.6945001274214,0.00704942996788096,0.0105222308265044,"Downregulated"
"ENSG00000260274.3","ENSG00000260274","ENSG00000260274","lncRNA",7.0496006974031,-2.91759868011926,1.08472204938406,-2.68972008246349,0.00715119753074517,0.0106686385233229,"Downregulated"
"ENSG00000215093.3","ENSG00000215093","EEF1A1P29","processed_pseudogene",9.16390292818278,1.2843220725879,0.477662982466274,2.68876199272692,0.00717175330014444,0.0106949010934033,"Upregulated"
"ENSG00000197054.13","ENSG00000197054","ZNF763","protein_coding",6.54972173262689,-1.67958308829041,0.624940636944286,-2.68758821078257,0.00719700901754337,0.0107303554199834,"Downregulated"
"ENSG00000181449.4","ENSG00000181449","SOX2","protein_coding",13.5356690810269,-1.76125743502811,0.657413527443157,-2.67907087625361,0.00738267650859468,0.0109947331171056,"Downregulated"
"ENSG00000176855.11","ENSG00000176855","KRT18P28","processed_pseudogene",12.0601069720503,1.07928281467144,0.402943280361123,2.67849810947132,0.00739531496389915,0.0110106728288143,"Upregulated"
"ENSG00000259426.7","ENSG00000259426","KIF23-AS1","lncRNA",9.29327041375494,1.15211735956119,0.430349467637599,2.67716692177112,0.00742476344821768,0.0110494631229791,"Upregulated"
"ENSG00000182890.5","ENSG00000182890","GLUD2","protein_coding",18.0810697724189,1.07268142236603,0.401431694225137,2.67213933976134,0.00753693449135525,0.0112048886590809,"Upregulated"
"ENSG00000171791.15","ENSG00000171791","BCL2","protein_coding",12.1532456684454,-2.4630241688577,0.922560194078538,-2.6697706931934,0.00759030635632552,0.0112819199708584,"Downregulated"
"ENSG00000158286.15","ENSG00000158286","RNF207","protein_coding",13.7609033721134,-1.16202371910084,0.435282129316426,-2.66958747175241,0.00759444890382073,0.0112869196507199,"Downregulated"
"ENSG00000164989.19","ENSG00000164989","CCDC171","protein_coding",8.06436557766693,-1.57432578920408,0.592863872025368,-2.65545914246014,0.00792005271498059,0.0117503484792689,"Downregulated"
"ENSG00000216937.15","ENSG00000216937","CCDC7","protein_coding",9.76285436913068,-1.42896094134796,0.538211347106451,-2.65501823592234,0.00793041212584272,0.011764513514967,"Downregulated"
"ENSG00000250144.1","ENSG00000250144","EEF1A1P35","processed_pseudogene",10.154681611919,1.28052824270247,0.482370262278862,2.65465834616934,0.00793887698389855,0.0117758654299547,"Upregulated"
"ENSG00000204152.16","ENSG00000204152","TIMM23B","protein_coding",8.27016800388983,-1.16154491196724,0.437966795308301,-2.65213008020296,0.00799857201518135,0.0118583432883896,"Downregulated"
"ENSG00000270504.2","ENSG00000270504","ENSG00000270504","lncRNA",8.05634613351298,1.0351667110957,0.390929908802453,2.64795987154516,0.00809791369067483,0.0120031671479247,"Upregulated"
"ENSG00000226138.4","ENSG00000226138","ATP6V1FP2","processed_pseudogene",9.93200504619226,1.0906834206401,0.412011457985873,2.64721623513078,0.00811574399965182,0.0120283659278947,"Upregulated"
"ENSG00000287769.2","ENSG00000287769","ENSG00000287769","lncRNA",7.95400215973215,-1.3800910396712,0.521486848260243,-2.64645416135686,0.00813405283733009,0.0120542687103577,"Downregulated"
"ENSG00000225308.2","ENSG00000225308","ASS1P11","processed_pseudogene",40.0378475286363,1.08126462578957,0.409368877530151,2.64129660347698,0.00825893807724359,0.0122293379600914,"Upregulated"
"ENSG00000276570.1","ENSG00000276570","ENSG00000276570","lncRNA",6.60959724420081,1.41352765953166,0.536230180842203,2.63604644056322,0.0083878250939566,0.0124113090934878,"Upregulated"
"ENSG00000103710.12","ENSG00000103710","RASL12","protein_coding",8.8612113512984,1.11857921759168,0.424419342637372,2.63555192993974,0.00840005713311068,0.0124219290501232,"Upregulated"
"ENSG00000293738.1","ENSG00000293738","ENSG00000293738","lncRNA",12.1803128060079,-1.3483126206191,0.511801775907862,-2.63444302870459,0.00842754454140628,0.0124601436487397,"Downregulated"
"ENSG00000268379.1","ENSG00000268379","ENSG00000268379","transcribed_processed_pseudogene",10.0378611488481,-1.21281329049371,0.46183670864032,-2.62606516070218,0.00863782799509351,0.0127551868050637,"Downregulated"
"ENSG00000100167.21","ENSG00000100167","SEPTIN3","protein_coding",5.97891066002596,1.46372291590423,0.557767881375213,2.62425099181998,0.00868397650711794,0.0128220262395469,"Upregulated"
"ENSG00000274104.3","ENSG00000274104","ENSG00000274104","lncRNA",6.2980404039314,-1.83838756834301,0.702126009657346,-2.61831571976686,0.00883650054271672,0.0130356326484544,"Downregulated"
"ENSG00000019186.12","ENSG00000019186","CYP24A1","protein_coding",124.635607327225,1.55875890154152,0.59533886632775,2.61827169315597,0.00883764082052612,0.0130356326484544,"Upregulated"
"ENSG00000156427.10","ENSG00000156427","FGF18","protein_coding",37.5464427460449,-1.23318153389368,0.471140446062017,-2.61743933088553,0.00885922353724886,0.0130634785817878,"Downregulated"
"ENSG00000187860.13","ENSG00000187860","CCDC157","protein_coding",4.97909961151375,-1.86764081267535,0.713743872236731,-2.61668209749043,0.00887889909059036,0.0130858339897117,"Downregulated"
"ENSG00000288817.2","ENSG00000288817","ENSG00000288817","lncRNA",6.84181043040617,-1.24416947616481,0.47553420946441,-2.61636166526505,0.00888723677961998,0.0130954586080582,"Downregulated"
"ENSG00000229267.4","ENSG00000229267","SNHG31","lncRNA",7.31216157877556,-1.37201871425855,0.525185112899298,-2.61244784088468,0.0089896408582835,0.0132382761221669,"Downregulated"
"ENSG00000289100.2","ENSG00000289100","ENSG00000289100","lncRNA",10.1962705909293,-1.07486716015659,0.411805893006405,-2.61013059407548,0.00905076636883524,0.0133228751871163,"Downregulated"
"ENSG00000268069.2","ENSG00000268069","ENSG00000268069","lncRNA",7.96884117299188,1.30315042193458,0.500093900636949,2.60581146915572,0.0091656896518752,0.0134827381347602,"Upregulated"
"ENSG00000100206.13","ENSG00000100206","DMC1","protein_coding",5.60689810167781,-2.83965674422205,1.08974288380462,-2.60580434745118,0.00916588021692363,0.0134827381347602,"Downregulated"
"ENSG00000262294.2","ENSG00000262294","RPH3AL-AS2","lncRNA",24.9860699617284,-2.9332338295448,1.12627028378532,-2.60437824896384,0.00920411159009504,0.0135362274369451,"Downregulated"
"ENSG00000187595.20","ENSG00000187595","ZNF385C","protein_coding",10.037660328428,1.48398569962855,0.570161332346727,2.60274700411655,0.00924801705620982,0.0135966585349085,"Upregulated"
"ENSG00000227252.3","ENSG00000227252","COPS8-DT","lncRNA",4.83174724005743,-3.0289122587111,1.16857312118383,-2.59197495116322,0.00954267193683406,0.0140014581055583,"Downregulated"
"ENSG00000288009.2","ENSG00000288009","ENSG00000288009","lncRNA",6.56296126580352,-2.0320568140534,0.785751190934244,-2.58613265560224,0.0097059567561989,0.0142338317456825,"Downregulated"
"ENSG00000174844.16","ENSG00000174844","DNAH12","protein_coding",9.46662512253962,1.0092963282568,0.390451214393689,2.58494862110771,0.00973935093949686,0.0142770254718985,"Upregulated"
"ENSG00000235253.1","ENSG00000235253","EEF1A1P50","processed_pseudogene",15.6768890578789,1.0347400131442,0.401876520479211,2.5747710065528,0.0100306471524768,0.0146876971338481,"Upregulated"
"ENSG00000262468.9","ENSG00000262468","LINC01569","lncRNA",7.45215241255295,-1.44729329046263,0.562259009826418,-2.57406865015723,0.0100510327979095,0.0147145739273972,"Downregulated"
"ENSG00000213326.4","ENSG00000213326","RPS7P11","processed_pseudogene",12.0055486129777,1.02380270681528,0.398215712432566,2.57097516459411,0.0101412599275175,0.0148391699181728,"Upregulated"
"ENSG00000225680.2","ENSG00000225680","ENSG00000225680","lncRNA",8.18436789952329,-2.94237991740612,1.14467952917703,-2.5704835654059,0.0101556645289022,0.0148587471330491,"Downregulated"
"ENSG00000171488.17","ENSG00000171488","LRRC8C","protein_coding",9.59151533109317,1.11052699495505,0.434080562986561,2.55834305805908,0.0105172281183709,0.0153582899930906,"Upregulated"
"ENSG00000154856.14","ENSG00000154856","APCDD1","protein_coding",1996.56660850419,-1.35759940997192,0.531166697029761,-2.55588201889068,0.010591902474656,0.0154595478560494,"Downregulated"
"ENSG00000250519.8","ENSG00000250519","ENSG00000250519","lncRNA",6.80082980889343,-1.6611142286244,0.651754116285825,-2.54868237440624,0.010813073279948,0.0157712417444652,"Downregulated"
"ENSG00000166578.12","ENSG00000166578","DRC10","protein_coding",6.70311674088159,-1.36116249478664,0.534316922898162,-2.54748153474837,0.0108503595237495,0.0158240324261022,"Downregulated"
"ENSG00000197872.13","ENSG00000197872","CYRIA","protein_coding",8.30374868516359,2.10422170393715,0.826520457247593,2.54587976073145,0.0109002727053188,0.0158888915289827,"Upregulated"
"ENSG00000281641.4","ENSG00000281641","SAMD12-AS1","lncRNA",4.81125506927645,-1.642330324835,0.645093777115146,-2.54587841814176,0.0109003146274597,0.0158888915289827,"Downregulated"
"ENSG00000162194.14","ENSG00000162194","LBHD1","protein_coding",10.4732915881958,-1.1251223391673,0.44204084689381,-2.54529043429688,0.0109186881045757,0.0159124726479797,"Downregulated"
"ENSG00000287672.2","ENSG00000287672","ENSG00000287672","lncRNA",11.2132177052614,-1.51476936652227,0.595325614195085,-2.54443842227472,0.0109453608419348,0.0159433279044446,"Downregulated"
"ENSG00000198225.6","ENSG00000198225","FKBP1C","protein_coding",10.3390394623619,-1.19431724738022,0.470127530968123,-2.54041120485071,0.0110722204877603,0.0161167757441364,"Downregulated"
"ENSG00000299185.1","ENSG00000299185","ENSG00000299185","lncRNA",8.06329755006399,-2.76200505836555,1.08807072978923,-2.53844256880301,0.0111347076599558,0.0162012232337429,"Downregulated"
"ENSG00000168675.21","ENSG00000168675","LDLRAD4","protein_coding",22.5211645453791,3.00845652151885,1.18620787214766,2.53619672585038,0.0112063761014048,0.0162981445201974,"Upregulated"
"ENSG00000100739.13","ENSG00000100739","BDKRB1","protein_coding",8.20009010567203,1.08022421817587,0.426843926075428,2.53072411761338,0.0113827339501372,0.0165388590741316,"Upregulated"
"ENSG00000213654.12","ENSG00000213654","GPSM3","protein_coding",6.74166953355895,-1.28431822174296,0.508346056589063,-2.52646441355436,0.0115217060527638,0.0167323944399892,"Downregulated"
"ENSG00000233017.4","ENSG00000233017","ENSG00000233017","lncRNA",5.68171158034709,2.48675154512123,0.985064573582303,2.52445536243159,0.0115877720063779,0.01681822653144,"Upregulated"
"ENSG00000172748.16","ENSG00000172748","ZNF596","protein_coding",5.84338478706155,-1.34444905575691,0.534766842942692,-2.51408454637676,0.0119341820076496,0.0172950165654858,"Downregulated"
"ENSG00000213569.4","ENSG00000213569","GTF3C6P2","processed_pseudogene",15.2661288991438,-1.74789498038065,0.697961147946871,-2.504286929899,0.0122698483755595,0.0177548320178341,"Downregulated"
"ENSG00000110076.22","ENSG00000110076","NRXN2","protein_coding",39.5527278482964,2.79760657242919,1.11906118780435,2.49995853928079,0.0124207841987721,0.0179642719170264,"Upregulated"
"ENSG00000176043.5","ENSG00000176043","RPL36P3","processed_pseudogene",7.68734148497189,1.30011469561524,0.520161835442165,2.49944268692853,0.0124388817694662,0.017988651292596,"Upregulated"
"ENSG00000203724.13","ENSG00000203724","C1orf53","protein_coding",16.4947031262568,-1.51675712434716,0.607349197572252,-2.49733947193817,0.0125129104817225,0.0180866844904371,"Downregulated"
"ENSG00000250305.11","ENSG00000250305","TRMT9B","protein_coding",24.6957840779275,-2.95625295954762,1.18543934415845,-2.49380364682115,0.0126382435363922,0.0182569203876989,"Downregulated"
"ENSG00000272851.1","ENSG00000272851","ENSG00000272851","lncRNA",10.0156637811295,-1.3021584228249,0.522740504107739,-2.49102262516952,0.0127376008267144,0.0183931159008316,"Downregulated"
"ENSG00000242951.1","ENSG00000242951","ENSG00000242951","processed_pseudogene",15.1568721362659,1.01055357383849,0.40703914245429,2.48269384547453,0.0130393101113658,0.0187969444080287,"Upregulated"
"ENSG00000118292.11","ENSG00000118292","C1orf54","protein_coding",12.5269462903258,1.22632720802749,0.495141948354465,2.47671846851801,0.0132596447463313,0.0190993710032634,"Upregulated"
"ENSG00000260193.2","ENSG00000260193","LINC02846","lncRNA",8.46808499918959,-1.95164171866808,0.789373275705879,-2.47239395952805,0.0134211523617839,0.0193224061222901,"Downregulated"
"ENSG00000164651.19","ENSG00000164651","SP8","protein_coding",6.64974266274292,-1.36219060755035,0.552069772541145,-2.4674247265527,0.0136088830807232,0.0195810100879508,"Downregulated"
"ENSG00000078814.21","ENSG00000078814","MYH7B","protein_coding",150.349456442348,-1.17963417090913,0.478931049189687,-2.46305636877161,0.0137758256120117,0.0198074476405669,"Downregulated"
"ENSG00000279792.1","ENSG00000279792","ENSG00000279792","TEC",9.00719360238509,1.18241475858948,0.48042854025108,2.46116676992489,0.0138485977051429,0.019898262734774,"Upregulated"
"ENSG00000102349.20","ENSG00000102349","KLF8","protein_coding",11.5640833889868,-2.68994908490183,1.09736529008887,-2.45127954127654,0.014234935545419,0.0204250184083378,"Downregulated"
"ENSG00000162944.13","ENSG00000162944","RFTN2","protein_coding",16.7941156069165,-1.18385394231432,0.483791465578734,-2.4470335393332,0.0144037434860246,0.020644748353226,"Downregulated"
"ENSG00000113946.6","ENSG00000113946","CLDN16","protein_coding",6.76158494828087,-1.20545981779514,0.49619787098435,-2.42939336963251,0.0151241129926431,0.0216323179519723,"Downregulated"
"ENSG00000234139.7","ENSG00000234139","ENSG00000234139","lncRNA",8.67456871454673,1.08149200519665,0.445178626699649,2.42934395394122,0.015126174753931,0.0216331318004508,"Upregulated"
"ENSG00000261485.2","ENSG00000261485","PAN3-AS1","lncRNA",12.2568090773001,-1.16183484385855,0.479264260347249,-2.42420505759546,0.0153419398705451,0.0219265673179428,"Downregulated"
"ENSG00000260136.7","ENSG00000260136","ENSG00000260136","lncRNA",6.38784328840354,-1.47553532242946,0.609651527860113,-2.42029299526013,0.0155080060770995,0.0221551679879067,"Downregulated"
"ENSG00000273679.1","ENSG00000273679","ENSG00000273679","processed_pseudogene",7.17772705844816,-1.24619444489806,0.516660197950006,-2.41201944690665,0.015864435326902,0.0226286807832149,"Downregulated"
"ENSG00000282564.4","ENSG00000282564","ENSG00000282564","lncRNA",29.1518822009727,3.40990197998812,1.41383626794984,2.41180825339324,0.0158736271958605,0.022639563558942,"Upregulated"
"ENSG00000152475.9","ENSG00000152475","ZNF837","protein_coding",15.1049308120983,-1.05192338988268,0.436505532970432,-2.40987412627812,0.015958025151287,0.0227487409494838,"Downregulated"
"ENSG00000258512.3","ENSG00000258512","LINC00239","lncRNA",10.3636156235593,-1.20996574591361,0.502463740554737,-2.40806579312124,0.0160372905707027,0.0228549921280975,"Downregulated"
"ENSG00000243830.2","ENSG00000243830","RPL15P17","processed_pseudogene",12.2941710203879,1.02025018421713,0.423869506180602,2.40699123041521,0.0160845560962665,0.022913367709867,"Upregulated"
"ENSG00000284638.2","ENSG00000284638","SMIM44","protein_coding",10.7111808853429,-2.26582359817289,0.94189398286346,-2.40560364478022,0.0161457713201709,0.0229960214223014,"Downregulated"
"ENSG00000289504.1","ENSG00000289504","ENSG00000289504","lncRNA",10.3317428613811,1.02329130492149,0.426505966984131,2.39924264637443,0.0164290238504292,0.0233787719599784,"Upregulated"
"ENSG00000293993.1","ENSG00000293993","ENSG00000293993","lncRNA",7.75791902491913,-1.84804595694082,0.771768325560904,-2.39456051218182,0.0166402973921998,0.0236631527630026,"Downregulated"
"ENSG00000230311.2","ENSG00000230311","TOMM20P4","processed_pseudogene",10.1683287488383,1.11652676123358,0.466688521335154,2.39244530385983,0.0167365224719142,0.0237929844676261,"Upregulated"
"ENSG00000261098.1","ENSG00000261098","ENSG00000261098","lncRNA",12.47819062336,-1.10055898577471,0.460078806355897,-2.39210972244473,0.0167518335620988,0.023812415103672,"Downregulated"
"ENSG00000238062.7","ENSG00000238062","SPATA3-AS1","lncRNA",5.61301152127666,-1.52949941392001,0.639563131143904,-2.39147527341733,0.0167808142594213,0.02384893206311,"Downregulated"
"ENSG00000163536.15","ENSG00000163536","SERPINI1","protein_coding",129.681789463861,1.48962191832442,0.623281142637874,2.38996789156814,0.0168498458201237,0.0239399966299248,"Upregulated"
"ENSG00000212939.2","ENSG00000212939","ENSG00000212939","lncRNA",11.9011505594495,-2.59794335365479,1.08847063785076,-2.38678312791657,0.0169965143594393,0.0241412806132505,"Downregulated"
"ENSG00000246526.4","ENSG00000246526","LINC02481","lncRNA",6.69369139063024,-1.99145760714515,0.836842592313069,-2.3797278310616,0.0173254292263409,0.0245747401730579,"Downregulated"
"ENSG00000129007.18","ENSG00000129007","CALML4","protein_coding",6.73647167543918,-1.84575853408975,0.775943599894143,-2.37872769920592,0.0173725038268566,0.0246366890555637,"Downregulated"
"ENSG00000145949.14","ENSG00000145949","MYLK4","protein_coding",8.55319669304094,-1.65798245797112,0.697330524746135,-2.37761348332588,0.0174250802293617,0.0247064145077693,"Downregulated"
"ENSG00000289546.2","ENSG00000289546","ENSG00000289546","lncRNA",6.70609165238755,-1.32712667848813,0.558748457362343,-2.37517734680294,0.0175405202257666,0.0248603637273164,"Downregulated"
"ENSG00000224687.3","ENSG00000224687","RASAL2-AS1","lncRNA",7.82178502718926,-2.36439818876469,0.997031419222635,-2.37143799400841,0.0177190194978071,0.0250986248228151,"Downregulated"
"ENSG00000186907.9","ENSG00000186907","RTN4RL2","protein_coding",4.30883717844594,-1.48560268007767,0.626720635372542,-2.37043843178163,0.0177670027599614,0.0251567566191852,"Downregulated"
"ENSG00000259439.4","ENSG00000259439","LINC01833","lncRNA",9.20657698136598,-1.0145782505092,0.428880038957781,-2.36564577119216,0.017998656172407,0.0254648565118151,"Downregulated"
"ENSG00000288868.3","ENSG00000288868","ENSG00000288868","lncRNA",8.11079530073172,-1.16436996319055,0.493010305919212,-2.36175582784136,0.0181886175315132,0.0257185525677324,"Downregulated"
"ENSG00000006377.11","ENSG00000006377","DLX6","protein_coding",51.2052559530921,2.64160201382988,1.12174714252793,2.35489970393583,0.0185277057106112,0.0261724837857664,"Upregulated"
"ENSG00000203876.11","ENSG00000203876","ADD3-AS1","lncRNA",12.0283899268976,-1.37061662399125,0.582321258251417,-2.35371215556669,0.0185869978639522,0.0262511229942886,"Downregulated"
"ENSG00000148735.17","ENSG00000148735","PLEKHS1","protein_coding",45.9226951489978,2.64098235310958,1.12368869999279,2.35027935506206,0.0187593260188953,0.0264790252913052,"Upregulated"
"ENSG00000177374.15","ENSG00000177374","HIC1","protein_coding",13.4155519640803,-1.16223731272238,0.494586984612971,-2.34991487621103,0.018777704839983,0.0265023859116705,"Downregulated"
"ENSG00000259456.5","ENSG00000259456","ADNP-AS1","lncRNA",5.7481155565609,-2.67471480343547,1.14016700816587,-2.34589738545247,0.0189813324490371,0.026781955978137,"Downregulated"
"ENSG00000165512.7","ENSG00000165512","ZNF22","protein_coding",75.5432333867857,1.57726962907676,0.673715782077772,2.34114988996159,0.0192244472682008,0.0271091456466639,"Upregulated"
"ENSG00000226453.5","ENSG00000226453","LINC02542","lncRNA",26.6116302388053,2.78216609698094,1.19222593529388,2.33358964489826,0.0196172193293262,0.0276441795527611,"Upregulated"
"ENSG00000162009.12","ENSG00000162009","SSTR5","protein_coding",16.8918139206459,-2.51756849675875,1.07925095404819,-2.33269981121216,0.0196639061171492,0.0277018885437665,"Downregulated"
"ENSG00000141527.20","ENSG00000141527","CARD14","protein_coding",8.35834266375561,1.01306161567609,0.434495622717443,2.33158071729273,0.0197227592113023,0.0277766983955484,"Upregulated"
"ENSG00000254670.2","ENSG00000254670","RASSF10-DT","lncRNA",7.57041369924328,-1.13034079518746,0.485087541803777,-2.33017898374452,0.019796693267972,0.0278754060279294,"Downregulated"
"ENSG00000273226.1","ENSG00000273226","ENSG00000273226","lncRNA",7.54692170134635,1.13861603513535,0.48984555013898,2.32443886611259,0.0201019845295417,0.0282778062320052,"Upregulated"
"ENSG00000132522.18","ENSG00000132522","GPS2","protein_coding",6.78127663637153,-1.06352546142417,0.459341252885274,-2.3153275582017,0.0205950126903379,0.0289124211865134,"Downregulated"
"ENSG00000269313.8","ENSG00000269313","MAGIX","protein_coding",7.96668047550815,-1.5224535272987,0.657854628653208,-2.31427044971248,0.0206528916689717,0.0289908665310673,"Downregulated"
"ENSG00000236893.1","ENSG00000236893","ASS1P7","processed_pseudogene",7.34436014203762,2.08370347639851,0.902921440619824,2.30773507268597,0.0210138760923667,0.0294747476123285,"Upregulated"
"ENSG00000234928.4","ENSG00000234928","LINC01659","lncRNA",6.99865063867943,-1.12749221968164,0.491685212451513,-2.29311801764391,0.0218412113393684,0.030543552516658,"Downregulated"
"ENSG00000251369.11","ENSG00000251369","ZNF550","protein_coding",35.4752055028508,2.91526298487746,1.2718659303701,2.29211500620129,0.021899007698719,0.0306184678793861,"Upregulated"
"ENSG00000145832.18","ENSG00000145832","SLC25A48","protein_coding",7.90342209304116,1.97802255181122,0.863222686686073,2.29143948869657,0.0219380078811185,0.0306670792141573,"Upregulated"
"ENSG00000166997.10","ENSG00000166997","CNPY4","protein_coding",9.40183556288374,-1.70574172676505,0.745079412858112,-2.28934217927436,0.0220594788037287,0.030824989569341,"Downregulated"
"ENSG00000237886.3","ENSG00000237886","NALT1","lncRNA",8.92461400266505,1.09312995552076,0.478130896872898,2.28625667713614,0.0222392467633058,0.0310642085873569,"Upregulated"
"ENSG00000164675.13","ENSG00000164675","IQUB","protein_coding",3.627833310151,-1.41290563274924,0.618386125570616,-2.28482751201037,0.0223229437853892,0.0311781130819063,"Downregulated"
"ENSG00000234028.5","ENSG00000234028","EIF2AK3-DT","lncRNA",7.24577330649674,-1.10813274966441,0.485223063400972,-2.28375943611874,0.0223856728309274,0.0312627127942373,"Downregulated"
"ENSG00000151320.13","ENSG00000151320","AKAP6","protein_coding",8.87535327849355,-1.73176467455608,0.758568779343079,-2.28293692241828,0.0224340841887447,0.0313273027619279,"Downregulated"
"ENSG00000227070.3","ENSG00000227070","EPS15-AS1","lncRNA",16.8943772948861,-1.18228951709413,0.519229738651097,-2.27700655237043,0.0227858343415776,0.0317909224297817,"Downregulated"
"ENSG00000167723.16","ENSG00000167723","TRPV3","protein_coding",50.0619663051307,1.94096769419892,0.853418924059335,2.27434339628491,0.0229453478777004,0.032001153059728,"Upregulated"
"ENSG00000141469.20","ENSG00000141469","SLC14A1","protein_coding",4.88209518853355,-1.14995877526574,0.506943070386743,-2.26841797914003,0.0233037429692021,0.0324791155135292,"Downregulated"
"ENSG00000084710.16","ENSG00000084710","EFR3B","protein_coding",24.837858446441,-1.14014159507005,0.503672018160065,-2.2636587977133,0.0235951084782968,0.0328599185150372,"Downregulated"
"ENSG00000138696.13","ENSG00000138696","BMPR1B","protein_coding",5.72274814451047,-1.26242584018209,0.558647885480403,-2.259788093705,0.0238344057102978,0.0331725210070331,"Downregulated"
"ENSG00000143365.22","ENSG00000143365","RORC","protein_coding",42.8536119107922,-1.77695653423216,0.78697020864084,-2.2579717945119,0.0239474179591572,0.0333249453681685,"Downregulated"
"ENSG00000224020.4","ENSG00000224020","MIR181A2HG","lncRNA",7.6882125876753,1.58135537973178,0.701809449719499,2.25325461257871,0.0242430997448167,0.0337008154917874,"Upregulated"
"ENSG00000187775.17","ENSG00000187775","DNAH17","protein_coding",15.4960595749152,1.68110115642215,0.746897225339602,2.25077975843032,0.0243994901890288,0.0339052077686649,"Upregulated"
"ENSG00000269887.1","ENSG00000269887","ENSG00000269887","lncRNA",11.9956208617297,1.04437738661133,0.46469930253508,2.24742619778838,0.0246128022960998,0.0341819579180717,"Upregulated"
"ENSG00000197249.16","ENSG00000197249","SERPINA1","protein_coding",653.511126173827,-1.88132573947534,0.838895708862185,-2.2426217223438,0.0249212182554627,0.0346003348302515,"Downregulated"
"ENSG00000297852.1","ENSG00000297852","ENSG00000297852","lncRNA",5.14310506008529,1.16438958147835,0.520270585032726,2.23804615324372,0.0252180455412555,0.0349889819036739,"Upregulated"
"ENSG00000171435.16","ENSG00000171435","KSR2","protein_coding",11.9648861528775,-2.55492374185412,1.14320574146198,-2.2348765836207,0.0254254522595597,0.0352598712100995,"Downregulated"
"ENSG00000296867.1","ENSG00000296867","ENSG00000296867","lncRNA",117.959191415744,-1.46135717380677,0.654094166593928,-2.23416940318626,0.0254719288182475,0.035317565292197,"Downregulated"
"ENSG00000145284.13","ENSG00000145284","SCD5","protein_coding",7.28883118639393,1.00770534535597,0.451969600695581,2.22958655583276,0.0257749031991664,0.0357171444982137,"Upregulated"
"ENSG00000306812.1","ENSG00000306812","ENSG00000306812","lncRNA",17.2571007349631,1.02230596000086,0.458714099057913,2.22863426718391,0.0258382491112352,0.0357946569276379,"Upregulated"
"ENSG00000291146.2","ENSG00000291146","RP9P","lncRNA",8.81948241231349,1.07234627120346,0.48352381229375,2.21777344556506,0.0265702835625002,0.036770105938479,"Upregulated"
"ENSG00000163803.14","ENSG00000163803","PLB1","protein_coding",21.9967827582596,-1.01845208759296,0.460245546565902,-2.2128450675777,0.0269083289791044,0.0371988460903539,"Downregulated"
"ENSG00000129991.16","ENSG00000129991","TNNI3","protein_coding",5.08377038327016,1.16070336162813,0.524546972053962,2.21277297070877,0.0269133016514315,0.0372021716456072,"Upregulated"
"ENSG00000244675.2","ENSG00000244675","ENSG00000244675","lncRNA",19.5285274584723,1.18850231090895,0.539650432143673,2.2023558958117,0.0276401787081158,0.0381633830747928,"Upregulated"
"ENSG00000204186.13","ENSG00000204186","ZDBF2","protein_coding",44.8311394752783,-1.15543486742728,0.525376909582588,-2.19924942713084,0.0278601915469687,0.0384560335173513,"Downregulated"
"ENSG00000304309.1","ENSG00000304309","ENSG00000304309","lncRNA",15.1587676168075,-1.21232517392673,0.551391437945346,-2.19866521403421,0.0279017361599238,0.0385060432748896,"Downregulated"
"ENSG00000225486.1","ENSG00000225486","ENSG00000225486","processed_pseudogene",7.65896657150435,1.34152013302566,0.611311960981583,2.19449351337995,0.0281999497672454,0.0388916703489646,"Upregulated"
"ENSG00000214309.7","ENSG00000214309","MBLAC1","protein_coding",6.37756978522059,-2.55706317977832,1.16546047908808,-2.19403679975413,0.0282327641017329,0.0389332207976318,"Downregulated"
"ENSG00000293332.2","ENSG00000293332","ENSG00000293332","lncRNA",7.11927172180175,-1.27096537489596,0.581839062345707,-2.18439334370575,0.0289333569219497,0.0398484724518732,"Downregulated"
"ENSG00000163909.10","ENSG00000163909","HEYL","protein_coding",8.25761809133745,-1.6437582318806,0.752546906660966,-2.1842601668166,0.0289431359999093,0.0398559413636151,"Downregulated"
"ENSG00000301102.1","ENSG00000301102","ENSG00000301102","lncRNA",4.40229636331343,-2.56042865697376,1.17642609507489,-2.17644666986986,0.0295218773023758,0.040598884595372,"Downregulated"
"ENSG00000219200.13","ENSG00000219200","RNASEK","protein_coding",6.51818064440538,1.17489380282045,0.540845233470067,2.17232903261867,0.0298308536757159,0.041008227230931,"Upregulated"
"ENSG00000204323.7","ENSG00000204323","SMIM5","protein_coding",15.9984067622565,1.14986567969745,0.529828370423216,2.17026068041422,0.0299871035001927,0.0412152033312588,"Upregulated"
"ENSG00000214595.14","ENSG00000214595","EML6","protein_coding",9.22555327346889,-1.57243164526299,0.725511062027189,-2.16734344596949,0.030208676056653,0.0415052629185151,"Downregulated"
"ENSG00000184613.13","ENSG00000184613","NELL2","protein_coding",433.600987091161,-1.4631889289587,0.675159660701817,-2.16717469085423,0.0302215364378304,0.04151772737293,"Downregulated"
"ENSG00000255837.2","ENSG00000255837","TAS2R20","protein_coding",6.61023877224626,-1.05856691119307,0.4895688026962,-2.16224339737997,0.0305994200938312,0.0420169410649802,"Downregulated"
"ENSG00000184730.14","ENSG00000184730","APOBR","protein_coding",65.6385646532285,-1.6104816594468,0.745215934690962,-2.16109396548889,0.0306880816336576,0.0421346924713374,"Downregulated"
"ENSG00000217236.3","ENSG00000217236","SP9","protein_coding",33.5028453298512,-2.02318519255314,0.938397552279115,-2.15600007442407,0.0310836593444119,0.0426274315831643,"Downregulated"
"ENSG00000149295.16","ENSG00000149295","DRD2","protein_coding",12.6999917609534,-1.01811585055878,0.472228721521145,-2.15598036324267,0.0310851985213138,0.0426274315831643,"Downregulated"
"ENSG00000178403.4","ENSG00000178403","NEUROG2","protein_coding",4.47429706669717,-1.34971452395646,0.628288330741408,-2.14824063716691,0.031694643995076,0.0433883236484039,"Downregulated"
"ENSG00000261423.4","ENSG00000261423","TMEM202-AS1","lncRNA",9.26199066752827,-1.23593653451661,0.575423181418387,-2.14787407672749,0.0317237602579787,0.0434209230882724,"Downregulated"
"ENSG00000132563.19","ENSG00000132563","REEP2","protein_coding",6.04090041494926,1.00119514254681,0.467003091032788,2.14387262476709,0.0320430942007888,0.0438331622765557,"Upregulated"
"ENSG00000298364.1","ENSG00000298364","ENSG00000298364","lncRNA",81.6793484047005,-2.54034081614409,1.18548386785582,-2.14287253080786,0.0321233352345809,0.0439263421607422,"Downregulated"
"ENSG00000272779.1","ENSG00000272779","BMS1P20","transcribed_unprocessed_pseudogene",5.67350917534534,1.15732885584278,0.540552154597998,2.14101238150363,0.0322730396006526,0.0441185633329552,"Upregulated"
"ENSG00000286264.3","ENSG00000286264","ENSG00000286264","protein_coding",5.03827590011067,1.04723903282092,0.489255555167808,2.14047448569436,0.0323164405946773,0.0441737273248503,"Upregulated"
"ENSG00000303794.1","ENSG00000303794","ENSG00000303794","lncRNA",5.41375581551799,1.60032517929441,0.750943394891501,2.13108629782359,0.0330820333324673,0.0451818704225913,"Upregulated"
"ENSG00000280594.4","ENSG00000280594","BTG3-AS1","lncRNA",6.12761173742701,-1.02054125236339,0.480628243952412,-2.12334848233438,0.0337246608187338,0.0460291754176954,"Downregulated"
"ENSG00000103355.16","ENSG00000103355","PRSS33","protein_coding",57.2063610412751,1.30941599667987,0.616715308396452,2.12320981634871,0.0337362737534392,0.0460406892583897,"Upregulated"
"ENSG00000227963.3","ENSG00000227963","RBM15-AS1","lncRNA",12.9324078842075,-1.09042965545092,0.514103321185919,-2.12103211653165,0.0339190997954197,0.0462814795438492,"Downregulated"
"ENSG00000166262.18","ENSG00000166262","FAM227B","protein_coding",9.55641804269981,-1.30658545231012,0.618495482187236,-2.11252222520614,0.0346416817213908,0.0472185150024826,"Downregulated"
"ENSG00000213513.3","ENSG00000213513","IMPDH1P5","processed_pseudogene",5.86626127741005,-1.05152779456146,0.499271688202717,-2.10612341818693,0.0351936331206096,0.0479347867654017,"Downregulated"
"ENSG00000028277.24","ENSG00000028277","POU2F2","protein_coding",6.84678403371426,1.00822194069512,0.479596052190048,2.1022315260752,0.0355329994412553,0.0483651946935918,"Upregulated"
"ENSG00000275318.1","ENSG00000275318","ENSG00000275318","unprocessed_pseudogene",13.3395688595197,-1.16630529888852,0.554831009779429,-2.10209104814126,0.0355453009022359,0.048377394879339,"Downregulated"
"ENSG00000131711.16","ENSG00000131711","MAP1B","protein_coding",214.339237548561,-1.69178993314497,0.809807901245112,-2.0891250017983,0.0366964722975022,0.0498972862202479,"Downregulated"
