"gene_id","ensembl_gene_id","gene_symbol","gene_type","baseMean","log2FoldChange","lfcSE","stat","pvalue","padj","status"
"ENSG00000186480.15","ENSG00000186480","INSIG1","protein_coding",8130.96701682592,6.2361123387199,0.186482531792106,33.4407318411573,3.51000156582164e-245,5.08669426918872e-241,"Upregulated"
"ENSG00000104549.14","ENSG00000104549","SQLE","protein_coding",2821.92417428338,3.91599261576814,0.133667370564375,29.2965485835018,1.14762573295023e-188,8.31569606095739e-185,"Upregulated"
"ENSG00000109107.16","ENSG00000109107","ALDOC","protein_coding",1075.08804940407,4.99410054950983,0.170923227888167,29.2183842489648,1.1327699613653e-187,5.47203409336867e-184,"Upregulated"
"ENSG00000196139.16","ENSG00000196139","AKR1C3","protein_coding",2014.71308407646,2.92868224915684,0.101415090935102,28.8781701239214,2.24486260893434e-183,8.1331372321691e-180,"Upregulated"
"ENSG00000052802.15","ENSG00000052802","MSMO1","protein_coding",3197.0553112632,4.83422969992455,0.16884874430248,28.6305339130293,2.80134398633547e-180,8.11941540999473e-177,"Upregulated"
"ENSG00000113161.19","ENSG00000113161","HMGCR","protein_coding",3091.53450848178,2.92363074157281,0.102551258659333,28.5089698536502,9.06856333380619e-179,2.19036033055866e-175,"Upregulated"
"ENSG00000101670.14","ENSG00000101670","LIPG","protein_coding",771.624590999648,2.40792715786203,0.0871658763716365,27.6246537991048,5.62792459319899e-168,1.019498540058e-164,"Upregulated"
"ENSG00000164211.15","ENSG00000164211","STARD4","protein_coding",662.582994098221,2.860507397597,0.10407853714094,27.4841237797511,2.71794506522167e-166,4.37649554279915e-163,"Upregulated"
"ENSG00000067064.14","ENSG00000067064","IDI1","protein_coding",1537.34759340842,3.8096929857781,0.140539416771504,27.1076476144205,8.00080339330041e-162,1.05406947977918e-158,"Upregulated"
"ENSG00000131069.22","ENSG00000131069","ACSS2","protein_coding",3288.14444613718,2.83176624824475,0.109137545362707,25.9467650553591,1.97776448686827e-148,2.38848024530791e-145,"Upregulated"
"ENSG00000172893.20","ENSG00000172893","DHCR7","protein_coding",2358.76402872387,3.19128954870997,0.123781840059714,25.7815649466065,1.42750495130417e-146,1.47767155387857e-143,"Upregulated"
"ENSG00000112972.16","ENSG00000112972","HMGCS1","protein_coding",2978.15713636111,4.00013214996446,0.157864893708513,25.3389595114823,1.18931513268899e-141,1.14903699352859e-138,"Upregulated"
"ENSG00000057704.15","ENSG00000057704","TMCC3","protein_coding",557.553060295879,1.77713490239954,0.07039080955924,25.2466893551484,1.23146209393639e-140,1.11539679158288e-137,"Upregulated"
"ENSG00000168394.15","ENSG00000168394","TAP1","protein_coding",739.331956158443,1.52530520131833,0.0621653708479569,24.5362519440108,6.0641257126948e-133,4.62533209623016e-130,"Upregulated"
"ENSG00000099194.8","ENSG00000099194","SCD","protein_coding",13519.9056196374,2.39394149927851,0.0979743314847425,24.4343744223589,7.37765111366477e-132,5.3458459969615e-129,"Upregulated"
"ENSG00000071967.14","ENSG00000071967","CYBRD1","protein_coding",748.608197406729,1.94211879591624,0.081865350820894,23.7233307674357,2.07159911158752e-124,1.36461883296029e-121,"Upregulated"
"ENSG00000011347.12","ENSG00000011347","SYT7","protein_coding",2118.4834935864,1.86898015310217,0.0792090259595916,23.5955452104111,4.28213673014328e-123,2.69811849970593e-120,"Upregulated"
"ENSG00000112511.20","ENSG00000112511","PHF1","protein_coding",915.322853053985,3.13703692948718,0.133420216120297,23.5124557635156,3.04186530830926e-122,1.83677966866741e-119,"Upregulated"
"ENSG00000012660.16","ENSG00000012660","ELOVL5","protein_coding",1479.02547468799,2.52746014693224,0.107858840125156,23.4330365874457,1.96883752255163e-121,1.14129573507273e-118,"Upregulated"
"ENSG00000128595.19","ENSG00000128595","CALU","protein_coding",3796.37252992318,1.61270406573737,0.0694148338810594,23.2328448484182,2.12099152587465e-119,1.09776461403484e-116,"Upregulated"
"ENSG00000141458.15","ENSG00000141458","NPC1","protein_coding",1235.27717960554,2.51098929883496,0.109609194653794,22.9085644390148,3.81717181704232e-116,1.90753289560611e-113,"Upregulated"
"ENSG00000109929.12","ENSG00000109929","SC5D","protein_coding",1858.08054461256,2.35422555761396,0.103234143719122,22.8047182143468,4.11659660078392e-115,1.92444251414711e-112,"Upregulated"
"ENSG00000156515.27","ENSG00000156515","HK1","protein_coding",1239.81829590529,1.99527989145839,0.0885191270244057,22.5406639054209,1.65813728526041e-112,7.50928923062307e-110,"Upregulated"
"ENSG00000198074.12","ENSG00000198074","AKR1B10","protein_coding",366.711721989848,4.46833724376116,0.199384055571507,22.410704963109,3.09499251262805e-111,1.3591706513032e-108,"Upregulated"
"ENSG00000169174.15","ENSG00000169174","PCSK9","protein_coding",1874.14756907732,2.92708297015847,0.132442592928793,22.10076762641,3.10739441651954e-108,1.32448117306474e-105,"Upregulated"
"ENSG00000250786.5","ENSG00000250786","SNHG18","lncRNA",349.154065637561,3.01312246087296,0.136851958451591,22.0173864880333,1.96260948505745e-107,8.12632475927214e-105,"Upregulated"
"ENSG00000079459.16","ENSG00000079459","FDFT1","protein_coding",5414.31422503536,2.77508505422428,0.126956824043561,21.8584946113026,6.45376344024418e-106,2.59799832711163e-103,"Upregulated"
"ENSG00000173530.8","ENSG00000173530","TNFRSF10D","protein_coding",659.486933842055,2.00131656563039,0.0925731672143806,21.6187543955988,1.19663435995967e-103,4.68692571473934e-101,"Upregulated"
"ENSG00000075618.20","ENSG00000075618","FSCN1","protein_coding",319.277713682907,4.29880333391176,0.199210222084138,21.5792306686759,2.81512798173248e-103,1.0736009134544e-100,"Upregulated"
"ENSG00000087842.13","ENSG00000087842","PIR","protein_coding",437.469896638979,2.84980610727482,0.134000744134049,21.2670916545358,2.29048699215878e-100,8.09603353423536e-98,"Upregulated"
"ENSG00000188895.14","ENSG00000188895","MSL1","protein_coding",2162.30657043708,2.0276283823617,0.0955982396198194,21.2098924669041,7.73898330675129e-100,2.6703177638438e-97,"Upregulated"
"ENSG00000104856.16","ENSG00000104856","RELB","protein_coding",399.071877905158,2.13568088434496,0.101010308838934,21.1431972527715,3.18736647640414e-99,1.04980261309202e-96,"Upregulated"
"ENSG00000119899.15","ENSG00000119899","SLC17A5","protein_coding",524.046835762248,2.69500204044186,0.127637626915119,21.1144793708369,5.85516197744277e-99,1.88562238615779e-96,"Upregulated"
"ENSG00000214357.11","ENSG00000214357","NEURL1B","protein_coding",1532.17738088597,1.36081670992215,0.064495558110455,21.099386528164,8.05746644902529e-99,2.53845225607119e-96,"Upregulated"
"ENSG00000178719.19","ENSG00000178719","GRINA","protein_coding",1744.73023213229,1.77192642439337,0.0840908449042666,21.0715735632175,1.45030950440967e-98,4.4718904974266e-96,"Upregulated"
"ENSG00000103485.21","ENSG00000103485","QPRT","protein_coding",1901.21514979889,2.895484569001,0.13810385237147,20.9659942085667,1.34090150025345e-97,3.96578460034142e-95,"Upregulated"
"ENSG00000167508.14","ENSG00000167508","MVD","protein_coding",459.35031242648,3.20199472320061,0.153249988317269,20.8939312711177,6.08024053341795e-97,1.76229691620586e-94,"Upregulated"
"ENSG00000162437.17","ENSG00000162437","RAVER2","protein_coding",563.442336553251,1.38027339197625,0.0662904775486013,20.8215937343987,2.75856522731772e-96,7.6879090912093e-94,"Upregulated"
"ENSG00000129757.17","ENSG00000129757","CDKN1C","protein_coding",199.854236723909,4.60390175226805,0.222368822835746,20.7038994655683,3.19448036127147e-95,8.73479422557474e-93,"Upregulated"
"ENSG00000164615.8","ENSG00000164615","CAMLG","protein_coding",802.282619729294,2.09702292417439,0.101557951666153,20.6485350459592,1.00625086877981e-94,2.70047918339945e-92,"Upregulated"
"ENSG00000160752.17","ENSG00000160752","FDPS","protein_coding",2190.33756904704,2.38185585717764,0.115978604905696,20.537028007143,1.00528998326332e-93,2.55590569078105e-91,"Upregulated"
"ENSG00000039523.22","ENSG00000039523","RIPOR1","protein_coding",732.043298696748,2.32048869709669,0.115011700568694,20.1761097838104,1.5875995391805e-90,3.7717200855416e-88,"Upregulated"
"ENSG00000001630.20","ENSG00000001630","CYP51A1","protein_coding",179.097806003244,2.99445034232801,0.14877712205061,20.127088769128,4.27376756786753e-90,9.98958703121553e-88,"Upregulated"
"ENSG00000006704.13","ENSG00000006704","GTF2IRD1","protein_coding",1359.01552244496,1.95559617492231,0.0979731284328305,19.9605361817454,1.21402711571413e-88,2.79264777157607e-86,"Upregulated"
"ENSG00000234745.16","ENSG00000234745","HLA-B","protein_coding",3197.88605660189,2.51901687031578,0.126267200000309,19.9498909480025,1.50215651313064e-88,3.4014456544202e-86,"Upregulated"
"ENSG00000197183.16","ENSG00000197183","NOL4L","protein_coding",1487.8832520134,2.18481305032159,0.109640357362982,19.9270880072784,2.3695401971127e-88,5.28298100562419e-86,"Upregulated"
"ENSG00000085978.24","ENSG00000085978","ATG16L1","protein_coding",654.402911956465,1.24281836279582,0.0623757682238703,19.9246982952622,2.48539700237836e-88,5.45732929673746e-86,"Upregulated"
"ENSG00000163931.19","ENSG00000163931","TKT","protein_coding",9587.40389544514,3.69396837725378,0.186529141814242,19.8037064950016,2.76575429375334e-87,5.98228525747363e-85,"Upregulated"
"ENSG00000164830.20","ENSG00000164830","OXR1","protein_coding",1212.06057293671,1.63997723848483,0.0832654736588365,19.6957654405991,2.34426850358777e-86,4.78494917661887e-84,"Upregulated"
"ENSG00000168310.14","ENSG00000168310","IRF2","protein_coding",430.239234924142,1.75532046966068,0.0893319839864995,19.6494065319982,5.84927388252294e-86,1.17732884868781e-83,"Upregulated"
"ENSG00000139112.13","ENSG00000139112","GABARAPL1","protein_coding",664.122842399309,3.27752443007936,0.166999746101054,19.6259246292272,9.28719825963632e-86,1.84369968737876e-83,"Upregulated"
"ENSG00000185885.19","ENSG00000185885","IFITM1","protein_coding",259.717263318699,2.0264028930164,0.103984064646421,19.4876291853643,1.39810099917064e-84,2.53265995999761e-82,"Upregulated"
"ENSG00000186174.15","ENSG00000186174","BCL9L","protein_coding",1878.18712641987,1.83742472304526,0.094966416907545,19.3481525667552,2.11280589334532e-83,3.6450932150429e-81,"Upregulated"
"ENSG00000088899.18","ENSG00000088899","LZTS3","protein_coding",260.61847800195,1.99671091341353,0.103216846881274,19.3448160232046,2.25407302217476e-83,3.84306191027725e-81,"Upregulated"
"ENSG00000254682.3","ENSG00000254682","DHCR7-DT","lncRNA",111.581530822207,3.1839080180739,0.165270340738729,19.2648481502634,1.05975793842101e-82,1.72561933074126e-80,"Upregulated"
"ENSG00000156976.19","ENSG00000156976","EIF4A2","protein_coding",7975.56318897111,2.32330012938541,0.120629960939291,19.259727113355,1.16993460260305e-82,1.88385469565815e-80,"Upregulated"
"ENSG00000143614.13","ENSG00000143614","GATAD2B","protein_coding",842.289287690939,1.3524046821123,0.0702844804693295,19.2418678075377,1.65148768416535e-82,2.6300395075741e-80,"Upregulated"
"ENSG00000125733.20","ENSG00000125733","TRIP10","protein_coding",898.129348714084,2.59438436534313,0.135122073776668,19.2003000903551,3.67960036356531e-82,5.79617048573788e-80,"Upregulated"
"ENSG00000137409.23","ENSG00000137409","MTCH1","protein_coding",2306.71232639858,1.51227346102488,0.0787698801215505,19.1986259048671,3.80012645774061e-82,5.92165942210504e-80,"Upregulated"
"ENSG00000076864.23","ENSG00000076864","RAP1GAP","protein_coding",217.627767029592,2.46592663373355,0.1284953057318,19.1907915988817,4.41857625239567e-82,6.81212840954447e-80,"Upregulated"
"ENSG00000233016.10","ENSG00000233016","SNHG7","lncRNA",1106.54592867375,1.75989964429973,0.0923595807450189,19.0548682670871,5.98670261137427e-81,8.85298920857509e-79,"Upregulated"
"ENSG00000132471.13","ENSG00000132471","WBP2","protein_coding",1621.51263132267,2.17839611979696,0.114640323229014,19.0020060868568,1.64148822961072e-80,2.37884474235186e-78,"Upregulated"
"ENSG00000235823.6","ENSG00000235823","OLMALINC","lncRNA",357.699106944062,2.27595483804403,0.120100785773379,18.9503742493292,4.38454047324929e-80,6.29116440973552e-78,"Upregulated"
"ENSG00000197712.14","ENSG00000197712","FAM114A1","protein_coding",331.214490203488,2.717781239155,0.144266695235593,18.8385908106979,3.64542691850636e-79,4.98391763235794e-77,"Upregulated"
"ENSG00000163961.5","ENSG00000163961","RNF168","protein_coding",478.149932262158,1.64080070871848,0.0871018876437397,18.8377169898959,3.70610248635888e-79,5.019517498347e-77,"Upregulated"
"ENSG00000077150.23","ENSG00000077150","NFKB2","protein_coding",470.555781791396,1.55985316479169,0.0831392918578427,18.7619250770001,1.54694051334561e-78,2.07576499253747e-76,"Upregulated"
"ENSG00000130707.20","ENSG00000130707","ASS1","protein_coding",5141.86070174822,1.51132273781931,0.0805693604880505,18.75803318612,1.66445410398161e-78,2.21296044723867e-76,"Upregulated"
"ENSG00000142798.21","ENSG00000142798","HSPG2","protein_coding",1273.27047826555,2.15786876417515,0.115500427594367,18.6827772772711,6.83677200853339e-78,8.92599098627621e-76,"Upregulated"
"ENSG00000074695.8","ENSG00000074695","LMAN1","protein_coding",2168.95407196822,1.34238478150095,0.0726274065529069,18.4831710949648,2.82103025912061e-76,3.49421970215179e-74,"Upregulated"
"ENSG00000173039.22","ENSG00000173039","RELA","protein_coding",1098.70841003121,1.03779230910948,0.0563446853441678,18.4186370510436,9.31187969886803e-76,1.11527074872724e-73,"Upregulated"
"ENSG00000143819.15","ENSG00000143819","EPHX1","protein_coding",968.109898709177,2.52736724710795,0.137456485068895,18.3866715771263,1.67981276767955e-75,1.99539726468952e-73,"Upregulated"
"ENSG00000147155.13","ENSG00000147155","EBP","protein_coding",515.940933287159,2.36209315553927,0.12864523027143,18.3612960274972,2.68130944258466e-75,3.13367229370459e-73,"Upregulated"
"ENSG00000100196.13","ENSG00000100196","KDELR3","protein_coding",390.787432428904,1.99871934218307,0.109084093126505,18.3227387687512,5.44998576753728e-75,6.21899163331892e-73,"Upregulated"
"ENSG00000151632.20","ENSG00000151632","AKR1C2","protein_coding",281.621662567389,3.73293340003864,0.20581496814666,18.137327103336,1.61706702090149e-73,1.80265655899264e-71,"Upregulated"
"ENSG00000181019.14","ENSG00000181019","NQO1","protein_coding",5765.40768635256,1.09858219994858,0.060732236316181,18.0889469346922,3.89457909995371e-73,4.3084152913381e-71,"Upregulated"
"ENSG00000108828.18","ENSG00000108828","VAT1","protein_coding",4205.96191114588,3.05001424557613,0.169201787798781,18.0258984568371,1.22013803656618e-72,1.31957018103859e-70,"Upregulated"
"ENSG00000168710.20","ENSG00000168710","AHCYL1","protein_coding",2305.9176896401,1.4459833777567,0.080381897008473,17.9889182959228,2.37957521378659e-72,2.55442992579224e-70,"Upregulated"
"ENSG00000132823.13","ENSG00000132823","OSER1","protein_coding",1065.30787164541,2.43054259158042,0.135914693592871,17.8828537763624,1.60412009629723e-71,1.68455858228547e-69,"Upregulated"
"ENSG00000076924.14","ENSG00000076924","XAB2","protein_coding",785.684423606402,1.86182270138217,0.104277124635322,17.8545650150342,2.66347700950796e-71,2.71824710012602e-69,"Upregulated"
"ENSG00000161011.22","ENSG00000161011","SQSTM1","protein_coding",10149.188587378,2.25345253844652,0.126223529692791,17.8528721541148,2.74546514049618e-71,2.78232732979515e-69,"Upregulated"
"ENSG00000196235.16","ENSG00000196235","SUPT5H","protein_coding",1941.7875463769,1.61634005878437,0.090834724876708,17.794296850442,7.82433234647929e-71,7.87432113647069e-69,"Upregulated"
"ENSG00000104419.18","ENSG00000104419","NDRG1","protein_coding",1261.14323640478,2.49728587477354,0.140379201939828,17.7895716763226,8.51281201446559e-71,8.50811529059554e-69,"Upregulated"
"ENSG00000153815.19","ENSG00000153815","CMIP","protein_coding",1303.15651207174,1.28646482067511,0.0723391056112361,17.7838087685077,9.43472814625257e-71,9.36493700654057e-69,"Upregulated"
"ENSG00000143376.16","ENSG00000143376","SNX27","protein_coding",725.019537895703,1.74492214537226,0.0981745814754485,17.7736652313473,1.13056616749731e-70,1.11456904077354e-68,"Upregulated"
"ENSG00000113615.15","ENSG00000113615","SEC24A","protein_coding",1196.30944078241,2.29674991696362,0.129258942376138,17.7685959264635,1.23749514967388e-70,1.21174187223472e-68,"Upregulated"
"ENSG00000147853.19","ENSG00000147853","AK3","protein_coding",1701.2454709279,1.15642315700399,0.065155629490697,17.7486299502195,1.76610157718184e-70,1.71774121184693e-68,"Upregulated"
"ENSG00000198355.7","ENSG00000198355","PIM3","protein_coding",913.07012869048,2.14234116310949,0.120750666153043,17.741857923949,1.99237045948973e-70,1.91214786085597e-68,"Upregulated"
"ENSG00000185787.18","ENSG00000185787","MORF4L1","protein_coding",1470.27002976672,1.17899670902521,0.0666055777601567,17.7011708129118,4.10679887169747e-70,3.88991694435553e-68,"Upregulated"
"ENSG00000169710.11","ENSG00000169710","FASN","protein_coding",4707.62520733573,1.64963511866404,0.0932740014999002,17.6859048838578,5.38495808083032e-70,5.06745535762292e-68,"Upregulated"
"ENSG00000033327.14","ENSG00000033327","GAB2","protein_coding",597.820825510796,2.4547797521991,0.139140959204287,17.6423949226553,1.16420511439806e-69,1.0746280584622e-67,"Upregulated"
"ENSG00000105289.17","ENSG00000105289","TJP3","protein_coding",1702.0408323763,1.96736740487218,0.112061122550421,17.556199332083,5.33285591696352e-69,4.89137645244527e-67,"Upregulated"
"ENSG00000204386.15","ENSG00000204386","NEU1","protein_coding",1298.62372985099,1.88806333987386,0.108504911700031,17.4007177213649,8.14756467060884e-68,7.37965670040396e-66,"Upregulated"
"ENSG00000005001.12","ENSG00000005001","PRSS22","protein_coding",569.741971522961,3.81180317927953,0.219147066447896,17.3938133923678,9.19104643840823e-68,8.27308353946658e-66,"Upregulated"
"ENSG00000140320.14","ENSG00000140320","BAHD1","protein_coding",837.089995253799,1.37425419018321,0.0791343282920873,17.3660940813296,1.49031805907898e-67,1.32501161424372e-65,"Upregulated"
"ENSG00000242247.13","ENSG00000242247","ARFGAP3","protein_coding",387.690743812905,1.63373014784133,0.0941748627953756,17.3478367724423,2.04812766392874e-67,1.79887673367608e-65,"Upregulated"
"ENSG00000139597.20","ENSG00000139597","N4BP2L1","protein_coding",131.620307474323,2.02138174732458,0.117019168604068,17.2739370091056,7.39228907783081e-67,6.30170901858377e-65,"Upregulated"
"ENSG00000118971.11","ENSG00000118971","CCND2","protein_coding",1523.87358501558,1.51647283827582,0.0878885487958806,17.2544985558676,1.03516470036018e-66,8.77286949568401e-65,"Upregulated"
"ENSG00000150961.17","ENSG00000150961","SEC24D","protein_coding",469.124947015263,2.35119659449204,0.136656048177442,17.2052143015223,2.42677355006646e-66,2.04469780741646e-64,"Upregulated"
"ENSG00000105939.16","ENSG00000105939","ZC3HAV1","protein_coding",1109.34812746635,1.47919983633513,0.0860836860145607,17.1832771668831,3.54317229666928e-66,2.96807242331394e-64,"Upregulated"
"ENSG00000156232.9","ENSG00000156232","WHAMM","protein_coding",251.575658639525,1.80782716413107,0.105373086498387,17.1564412147949,5.62569510386978e-66,4.68549272674028e-64,"Upregulated"
"ENSG00000111676.17","ENSG00000111676","ATN1","protein_coding",2197.44579144108,1.37206839765273,0.080198710976807,17.1083597347284,1.28569349161549e-65,1.05865170911885e-63,"Upregulated"
"ENSG00000130956.16","ENSG00000130956","HABP4","protein_coding",524.02977318904,2.65509103027956,0.155348069722303,17.0912392733668,1.72469321130281e-65,1.41210474679098e-63,"Upregulated"
"ENSG00000115339.17","ENSG00000115339","GALNT3","protein_coding",4350.38642099213,1.94372128270487,0.113745168421608,17.0883854644293,1.81119366239675e-65,1.4745965480592e-63,"Upregulated"
"ENSG00000076201.18","ENSG00000076201","PTPN23","protein_coding",1225.3616762497,1.52379762027564,0.0892520412768434,17.0729722085471,2.35879590837022e-65,1.90970225162576e-63,"Upregulated"
"ENSG00000204520.16","ENSG00000204520","MICA","protein_coding",199.047432776197,3.33903080203513,0.195741470434566,17.0583719158855,3.0287949862176e-65,2.43851649668141e-63,"Upregulated"
"ENSG00000133606.13","ENSG00000133606","MKRN1","protein_coding",2569.63322484548,1.60227592428914,0.094063370409764,17.0340050256463,4.59490112980814e-65,3.6587531413835e-63,"Upregulated"
"ENSG00000135924.19","ENSG00000135924","DNAJB2","protein_coding",534.573574989367,1.72792381484466,0.101496929318513,17.0243949885635,5.41492474406548e-65,4.28814696125666e-63,"Upregulated"
"ENSG00000137819.16","ENSG00000137819","PAQR5","protein_coding",655.095506473035,1.77251855310868,0.104226354126877,17.0064334299841,7.3583136128133e-65,5.79547178678752e-63,"Upregulated"
"ENSG00000217128.15","ENSG00000217128","FNIP1","protein_coding",726.566406760736,1.61830675711486,0.0958771114882753,16.8789686296793,6.42576366664651e-64,4.95330675835325e-62,"Upregulated"
"ENSG00000164237.11","ENSG00000164237","CMBL","protein_coding",592.83075797262,1.30168124266953,0.0773041468333888,16.8384400577502,1.27554940286072e-63,9.67814761584162e-62,"Upregulated"
"ENSG00000182827.11","ENSG00000182827","ACBD3","protein_coding",1322.06577434962,2.0480540174562,0.121973716856633,16.7909453793515,2.84280253175257e-63,2.14572366094574e-61,"Upregulated"
"ENSG00000187231.16","ENSG00000187231","SESTD1","protein_coding",438.658673484163,2.00363786897486,0.119335396024537,16.7899712551579,2.88984820432037e-63,2.16993161538916e-61,"Upregulated"
"ENSG00000168005.11","ENSG00000168005","SPINDOC","protein_coding",639.277704538032,1.73688441630196,0.103634273074682,16.7597491135998,4.80648104850598e-63,3.5720781207666e-61,"Upregulated"
"ENSG00000119138.6","ENSG00000119138","KLF9","protein_coding",293.74154909022,1.6936591138432,0.101060110923234,16.7589279130093,4.87332600085661e-63,3.60327757165377e-61,"Upregulated"
"ENSG00000147383.13","ENSG00000147383","NSDHL","protein_coding",292.254175537827,2.12188212064529,0.126782254295089,16.7364283940445,7.11300921693593e-63,5.20614795817351e-61,"Upregulated"
"ENSG00000106665.18","ENSG00000106665","CLIP2","protein_coding",2316.32020316918,2.18568451353471,0.130946085273716,16.6914842010434,1.51165591700727e-62,1.08450086877571e-60,"Upregulated"
"ENSG00000104881.18","ENSG00000104881","PPP1R13L","protein_coding",791.783923886764,1.68237756743262,0.101056476277842,16.6478946169381,3.13436600989617e-62,2.21576742514221e-60,"Upregulated"
"ENSG00000103275.24","ENSG00000103275","UBE2I","protein_coding",1432.81137143821,1.43350604553276,0.0862861114419613,16.6134041919015,5.57384023301338e-62,3.90222669839758e-60,"Upregulated"
"ENSG00000064932.18","ENSG00000064932","SBNO2","protein_coding",962.306638709385,1.92707188126441,0.116339066242738,16.5642715168749,1.26300499841798e-61,8.71593735098731e-60,"Upregulated"
"ENSG00000133935.9","ENSG00000133935","ERG28","protein_coding",429.214040237711,1.64759419229578,0.0996499436977979,16.533819600464,2.09440783214578e-61,1.43170558035173e-59,"Upregulated"
"ENSG00000198933.13","ENSG00000198933","TBKBP1","protein_coding",130.296218148755,2.3521886157829,0.142284878423134,16.5315432100089,2.1750298632113e-61,1.47292209241393e-59,"Upregulated"
"ENSG00000011638.13","ENSG00000011638","LDAF1","protein_coding",561.007836426145,2.93126376865176,0.177466315497411,16.51729659477,2.75471888724791e-61,1.85680865646497e-59,"Upregulated"
"ENSG00000124216.5","ENSG00000124216","SNAI1","protein_coding",122.019113002012,3.53525042765123,0.214357247100866,16.4923298627161,4.16571711100135e-61,2.76924643911154e-59,"Upregulated"
"ENSG00000182240.18","ENSG00000182240","BACE2","protein_coding",838.344978691312,1.57693202147247,0.0956300531017217,16.4899210062665,4.335158641455e-61,2.85568722872572e-59,"Upregulated"
"ENSG00000123179.16","ENSG00000123179","EBPL","protein_coding",780.766248640657,1.25072927286785,0.0758721566893242,16.4846938250253,4.72683148152667e-61,3.09960370272781e-59,"Upregulated"
"ENSG00000166889.16","ENSG00000166889","PATL1","protein_coding",1954.68148881294,1.58200546435326,0.0962394952780212,16.4382144750768,1.01876464325802e-60,6.6205996457826e-59,"Upregulated"
"ENSG00000146833.18","ENSG00000146833","TRIM4","protein_coding",878.218372638092,1.26682881483515,0.0771334795469553,16.4238515139715,1.29105127000111e-60,8.35264062716786e-59,"Upregulated"
"ENSG00000068366.23","ENSG00000068366","ACSL4","protein_coding",547.839181731244,1.99966346879311,0.121853407777527,16.4104025095792,1.61133668611974e-60,1.02870005529724e-58,"Upregulated"
"ENSG00000137075.19","ENSG00000137075","RNF38","protein_coding",902.91391697275,1.84286611263598,0.112537569826775,16.3755634271526,2.85848073775128e-60,1.81689047594261e-58,"Upregulated"
"ENSG00000178980.17","ENSG00000178980","SELENOW","protein_coding",450.578266604417,1.80844323228418,0.110796463717444,16.3222107602289,6.86054175524035e-60,4.3227378746497e-58,"Upregulated"
"ENSG00000013364.21","ENSG00000013364","MVP","protein_coding",1421.22952433444,1.35353973659025,0.0829667642307718,16.3142403966169,7.81725472560238e-60,4.90422751010518e-58,"Upregulated"
"ENSG00000132613.17","ENSG00000132613","MTSS2","protein_coding",773.709125925252,2.47074802302306,0.151475009033707,16.3112584629274,8.20840328919455e-60,5.12742157185377e-58,"Upregulated"
"ENSG00000076108.14","ENSG00000076108","BAZ2A","protein_coding",3443.91584912996,1.28479034953638,0.0787937619362376,16.3057368751611,8.98488116248027e-60,5.58836471273237e-58,"Upregulated"
"ENSG00000052841.18","ENSG00000052841","TTC17","protein_coding",1490.58745882711,1.15433656507904,0.0708578611097126,16.2908750984132,1.14577940259693e-59,7.03586233154013e-58,"Upregulated"
"ENSG00000099917.19","ENSG00000099917","MED15","protein_coding",724.589404259652,1.9765315102367,0.121746956910126,16.2347508340252,2.86408517027139e-59,1.73666620450096e-57,"Upregulated"
"ENSG00000180263.16","ENSG00000180263","FGD6","protein_coding",410.81687147003,1.45124973568055,0.0895936904159939,16.1981243203872,5.19887525104342e-59,3.12622822149881e-57,"Upregulated"
"ENSG00000007047.18","ENSG00000007047","MARK4","protein_coding",630.038100648197,2.40600384928365,0.148549565369294,16.1966401133678,5.32585637166215e-59,3.18935167512925e-57,"Upregulated"
"ENSG00000023330.17","ENSG00000023330","ALAS1","protein_coding",869.696106002741,1.45541160610483,0.0898844896110527,16.1920216981002,5.74108787343675e-59,3.42386195316236e-57,"Upregulated"
"ENSG00000179335.22","ENSG00000179335","CLK3","protein_coding",691.324153845509,2.16374782148979,0.133731692348732,16.1797684863464,7.00573623535393e-59,4.16094793126021e-57,"Upregulated"
"ENSG00000141504.14","ENSG00000141504","SAT2","protein_coding",371.844320861141,2.28526362181764,0.141579812216584,16.1411686174701,1.31036632597365e-58,7.71944260000414e-57,"Upregulated"
"ENSG00000123095.8","ENSG00000123095","BHLHE41","protein_coding",317.13358727515,1.91484656953265,0.118641999451017,16.1397024526986,1.34186632914216e-58,7.87300681859438e-57,"Upregulated"
"ENSG00000137193.16","ENSG00000137193","PIM1","protein_coding",1114.47348822394,2.7635123937668,0.171357837356588,16.1271432716326,1.64453323199341e-58,9.60990951534216e-57,"Upregulated"
"ENSG00000180182.13","ENSG00000180182","MED14","protein_coding",1949.56577242093,1.20706394584178,0.075085767960471,16.0758020944428,3.77080921277482e-58,2.18586268446131e-56,"Upregulated"
"ENSG00000164244.23","ENSG00000164244","PRRC1","protein_coding",1208.12196369755,1.70955365370386,0.106480620074277,16.0550685421566,5.26806922160603e-58,3.01758336598872e-56,"Upregulated"
"ENSG00000065833.11","ENSG00000065833","ME1","protein_coding",2222.07316596819,1.60506282578682,0.100012035312358,16.0486967470853,5.83770159882423e-58,3.31764594392787e-56,"Upregulated"
"ENSG00000111540.18","ENSG00000111540","RAB5B","protein_coding",2447.0636970169,1.19286158790618,0.0743587826994816,16.0419730474487,6.50542874596559e-58,3.68268255416146e-56,"Upregulated"
"ENSG00000164951.17","ENSG00000164951","PDP1","protein_coding",1322.3657724615,2.08571780548367,0.130062713006341,16.0362471093616,7.13370151847438e-58,4.02263044380275e-56,"Upregulated"
"ENSG00000203879.14","ENSG00000203879","GDI1","protein_coding",842.891365488558,1.24874962028041,0.0779640692257241,16.016988757539,9.72469923332745e-58,5.44132591850893e-56,"Upregulated"
"ENSG00000140332.20","ENSG00000140332","TLE3","protein_coding",1187.85491509579,1.20718470147456,0.0754068315763769,16.0089566984637,1.10649655887627e-57,6.1674415889365e-56,"Upregulated"
"ENSG00000103089.11","ENSG00000103089","FA2H","protein_coding",358.628973106078,2.34296728593474,0.14661479473586,15.9804287838469,1.7493843176776e-57,9.71343966735013e-56,"Upregulated"
"ENSG00000106460.22","ENSG00000106460","TMEM106B","protein_coding",1838.52114599943,1.61017601038761,0.100774775730936,15.9779666956214,1.81985895183157e-57,1.00661816526501e-55,"Upregulated"
"ENSG00000163121.12","ENSG00000163121","NEURL3","protein_coding",118.878194763695,3.85104526707856,0.241335187873937,15.9572472667773,2.5367565157102e-57,1.38727077078008e-55,"Upregulated"
"ENSG00000204385.15","ENSG00000204385","SLC44A4","protein_coding",427.997488100676,1.75397444156741,0.109998445829932,15.9454474864055,3.06437223348798e-57,1.66325402276059e-55,"Upregulated"
"ENSG00000140464.22","ENSG00000140464","PML","protein_coding",479.379837436487,2.26702670889801,0.142224306744943,15.9397979205029,3.35436761304796e-57,1.81386177045862e-55,"Upregulated"
"ENSG00000204388.7","ENSG00000204388","HSPA1B","protein_coding",1341.97614864302,2.42746737122044,0.15249998574378,15.9178203157272,4.76696295560503e-57,2.56813483838766e-55,"Upregulated"
"ENSG00000248275.5","ENSG00000248275","TRIM52-AS1","lncRNA",119.62875416174,1.89292926439443,0.119048896113993,15.9004352512592,6.29260365743691e-57,3.36503366064855e-55,"Upregulated"
"ENSG00000132481.9","ENSG00000132481","TRIM47","protein_coding",248.145514300712,2.53683789529818,0.159651539642429,15.8898429728891,7.45139952494369e-57,3.92675206965396e-55,"Upregulated"
"ENSG00000184840.14","ENSG00000184840","TMED9","protein_coding",1467.93157246398,1.13933438773573,0.0718472805430476,15.8577245947825,1.24317001033045e-56,6.45735476333654e-55,"Upregulated"
"ENSG00000023445.19","ENSG00000023445","BIRC3","protein_coding",525.637548811886,1.50495410735652,0.0949621885983663,15.8479298926184,1.45288513650771e-56,7.46638702066305e-55,"Upregulated"
"ENSG00000185049.18","ENSG00000185049","NELFA","protein_coding",513.421132591811,1.69940586914558,0.107361752622306,15.8287828545796,1.96995045432305e-56,1.00522964732569e-54,"Upregulated"
"ENSG00000114796.18","ENSG00000114796","KLHL24","protein_coding",1142.12365462522,2.38291783243702,0.150633377588752,15.8193215247599,2.28946506542983e-56,1.1601023681192e-54,"Upregulated"
"ENSG00000130202.12","ENSG00000130202","NECTIN2","protein_coding",1946.91589890055,1.39910661883337,0.0884488894134853,15.8182497045582,2.3287701917058e-56,1.17590723408364e-54,"Upregulated"
"ENSG00000106615.12","ENSG00000106615","RHEB","protein_coding",1247.85616434943,1.5943002145667,0.100814085344932,15.8142605679738,2.4810547090699e-56,1.2484529459667e-54,"Upregulated"
"ENSG00000154917.13","ENSG00000154917","RAB6B","protein_coding",654.448193833286,2.13724863811165,0.135213996740639,15.8064156790752,2.81006157561727e-56,1.40911461431991e-54,"Upregulated"
"ENSG00000164823.13","ENSG00000164823","OSGIN2","protein_coding",646.807519244191,2.25217382709386,0.142666517565141,15.7862816414897,3.8671401607217e-56,1.9258623783223e-54,"Upregulated"
"ENSG00000181222.19","ENSG00000181222","POLR2A","protein_coding",2263.18400661667,1.77991031578411,0.112804779088067,15.778678263219,4.36227360435109e-56,2.16500236555671e-54,"Upregulated"
"ENSG00000014164.9","ENSG00000014164","ZC3H3","protein_coding",348.032728953348,1.58171193974358,0.100599097781396,15.7229237103168,1.0534800121956e-55,5.10603088185236e-54,"Upregulated"
"ENSG00000187134.16","ENSG00000187134","AKR1C1","protein_coding",775.816057533693,5.46554584893034,0.347812702739853,15.7140489863543,1.21185995520245e-55,5.85409149026464e-54,"Upregulated"
"ENSG00000166557.16","ENSG00000166557","TMED3","protein_coding",1957.27646984203,1.67227612595662,0.106497475343462,15.7024954869908,1.45407724811196e-55,7.00082640519553e-54,"Upregulated"
"ENSG00000135250.19","ENSG00000135250","SRPK2","protein_coding",891.077889647121,1.4601036186929,0.0930543630455113,15.6908668320989,1.74654182702585e-55,8.38108746929093e-54,"Upregulated"
"ENSG00000197989.16","ENSG00000197989","SNHG12","lncRNA",160.680392211338,2.70376206868268,0.172625247084048,15.6626108541717,2.7247790906915e-55,1.29044113014057e-53,"Upregulated"
"ENSG00000089289.18","ENSG00000089289","IGBP1","protein_coding",1029.22409190014,2.06371343373217,0.131772927811933,15.6611336486165,2.78881486679885e-55,1.31646596252928e-53,"Upregulated"
"ENSG00000198911.15","ENSG00000198911","SREBF2","protein_coding",3920.4670218759,1.62855312847703,0.104019599108503,15.6562142368793,3.01307106044551e-55,1.4177086301291e-53,"Upregulated"
"ENSG00000104497.17","ENSG00000104497","SNX16","protein_coding",293.405482669834,1.54352668134634,0.0987138396846563,15.6363756721162,4.11491289902437e-55,1.92988083277221e-53,"Upregulated"
"ENSG00000189143.10","ENSG00000189143","CLDN4","protein_coding",7171.56759190504,1.88234357164903,0.120386915538787,15.6357820384772,4.15344217755207e-55,1.94166722700273e-53,"Upregulated"
"ENSG00000171735.22","ENSG00000171735","CAMTA1","protein_coding",305.768023192413,1.70610480012311,0.109305537814173,15.6085852029162,6.36324405350177e-55,2.94620232662453e-53,"Upregulated"
"ENSG00000154640.17","ENSG00000154640","BTG3","protein_coding",424.556300284775,1.86190805590477,0.119373308753913,15.597356522496,7.58712664101846e-55,3.49055997719491e-53,"Upregulated"
"ENSG00000074181.11","ENSG00000074181","NOTCH3","protein_coding",967.643377397748,2.07545178045236,0.133228303610908,15.5781596267539,1.0246243155298e-54,4.69900493058793e-53,"Upregulated"
"ENSG00000121671.14","ENSG00000121671","CRY2","protein_coding",628.612779764583,2.49487218570371,0.160287261154449,15.5650060256486,1.2585827714645e-54,5.69986465299652e-53,"Upregulated"
"ENSG00000136240.12","ENSG00000136240","KDELR2","protein_coding",4206.5945560576,1.2563239032866,0.0808691909234614,15.5352599542593,2.00258546840929e-54,8.98497480129644e-53,"Upregulated"
"ENSG00000171368.14","ENSG00000171368","TPPP","protein_coding",176.294754563527,2.59368794671799,0.167166871575724,15.5155619188763,2.72241027778273e-54,1.21021993084746e-52,"Upregulated"
"ENSG00000171621.16","ENSG00000171621","SPSB1","protein_coding",278.742602482897,1.88206040451925,0.121347083633775,15.5097291847516,2.98133650999494e-54,1.32126999091274e-52,"Upregulated"
"ENSG00000167110.21","ENSG00000167110","GOLGA2","protein_coding",1050.92695224591,1.16983076788915,0.0754687506224566,15.50086304915,3.42263562089198e-54,1.51222059201118e-52,"Upregulated"
"ENSG00000261609.11","ENSG00000261609","GAN","protein_coding",755.691819414334,1.92249333304141,0.124296478250327,15.4669976181433,5.79473726294097e-54,2.52943772332954e-52,"Upregulated"
"ENSG00000136943.14","ENSG00000136943","CTSV","protein_coding",322.975527824838,1.52933416769599,0.0988862304536623,15.4655927390481,5.92255831160989e-54,2.57746892047599e-52,"Upregulated"
"ENSG00000087510.9","ENSG00000087510","TFAP2C","protein_coding",277.371979301968,3.682436245564,0.238156556313951,15.4622501372988,6.23808108924766e-54,2.70665482471189e-52,"Upregulated"
"ENSG00000176531.14","ENSG00000176531","PHLDB3","protein_coding",118.435461996081,2.14404757408049,0.138825760822853,15.4441622460573,8.25937914658413e-54,3.54126989918039e-52,"Upregulated"
"ENSG00000165806.23","ENSG00000165806","CASP7","protein_coding",446.885860160528,1.39009481431329,0.090046489640879,15.4375236598031,9.1548261858749e-54,3.90211003193233e-52,"Upregulated"
"ENSG00000004799.10","ENSG00000004799","PDK4","protein_coding",264.495746124239,2.14472835008708,0.13899508576368,15.4302458846175,1.02479040585738e-53,4.355208962371e-52,"Upregulated"
"ENSG00000170113.18","ENSG00000170113","NIPA1","protein_coding",360.31765106922,1.38739526396718,0.0900375276004667,15.4090777583723,1.42227108110236e-53,6.00919898173042e-52,"Upregulated"
"ENSG00000184203.10","ENSG00000184203","PPP1R2","protein_coding",1106.70898242705,1.41042002624955,0.0917076640766947,15.3795218801999,2.24600043417016e-53,9.43450385275187e-52,"Upregulated"
"ENSG00000090621.17","ENSG00000090621","PABPC4","protein_coding",2616.78694131016,1.54238705287923,0.100372757662393,15.3665903856811,2.74225849019398e-53,1.14526830086142e-51,"Upregulated"
"ENSG00000112893.12","ENSG00000112893","MAN2A1","protein_coding",1343.63205320104,2.16410858162905,0.140947960919125,15.3539545199296,3.33238409069767e-53,1.37979743549687e-51,"Upregulated"
"ENSG00000168488.21","ENSG00000168488","ATXN2L","protein_coding",2425.44985831039,1.59423247560105,0.103966728000148,15.3340641402006,4.5275079850293e-53,1.86399561701831e-51,"Upregulated"
"ENSG00000178177.19","ENSG00000178177","LCORL","protein_coding",254.763756532743,1.72009210096913,0.112254770236787,15.3231091858352,5.35914452574905e-53,2.19391871376145e-51,"Upregulated"
"ENSG00000186591.15","ENSG00000186591","UBE2H","protein_coding",2464.97282827031,1.31171329150229,0.0856776934077105,15.309857669257,6.57075636308398e-53,2.67481464083745e-51,"Upregulated"
"ENSG00000113328.23","ENSG00000113328","CCNG1","protein_coding",3627.93639306195,1.98710018118178,0.129826898264913,15.3057664300589,6.99728279255756e-53,2.828927108216e-51,"Upregulated"
"ENSG00000186866.19","ENSG00000186866","POFUT2","protein_coding",481.405453143065,2.30386284947114,0.150523510707163,15.3056677900185,7.00789975054889e-53,2.828927108216e-51,"Upregulated"
"ENSG00000198742.12","ENSG00000198742","SMURF1","protein_coding",1161.22638237311,1.97096562224855,0.129204699006789,15.2545970649642,1.53439268982198e-52,6.09216955093154e-51,"Upregulated"
"ENSG00000161013.19","ENSG00000161013","MGAT4B","protein_coding",5233.22591443449,1.42930900015041,0.0938014583986127,15.2375989089264,1.99051965750294e-52,7.81750972263756e-51,"Upregulated"
"ENSG00000141738.16","ENSG00000141738","GRB7","protein_coding",835.688493030237,1.66073320552141,0.109244616195811,15.2019684205279,3.43152695857198e-52,1.33681958826949e-50,"Upregulated"
"ENSG00000100811.16","ENSG00000100811","YY1","protein_coding",2261.00487024897,1.45298972356534,0.0958018548250667,15.1666136967649,5.88349138485927e-52,2.27369485731681e-50,"Upregulated"
"ENSG00000120437.11","ENSG00000120437","ACAT2","protein_coding",595.957976655802,2.41166975014631,0.159050889891317,15.1628812123859,6.22763455934274e-52,2.40028936260625e-50,"Upregulated"
"ENSG00000086065.16","ENSG00000086065","CHMP5","protein_coding",609.291084035247,1.21975896495039,0.0804615782347806,15.1595207515222,6.55458600827697e-52,2.51960372498541e-50,"Upregulated"
"ENSG00000123983.17","ENSG00000123983","ACSL3","protein_coding",2928.81142425253,1.37601317942124,0.0910260229662117,15.1167010771415,1.25683076171608e-51,4.79315563126038e-50,"Upregulated"
"ENSG00000168477.22","ENSG00000168477","TNXB","protein_coding",52.2434530626833,3.95192145626597,0.262037075358166,15.0815355073868,2.14228146665729e-51,8.06388130254478e-50,"Upregulated"
"ENSG00000179119.16","ENSG00000179119","SPTY2D1","protein_coding",949.087789851167,1.50626203218096,0.10018781738459,15.0343831366131,4.37101047183298e-51,1.63681353379338e-49,"Upregulated"
"ENSG00000159840.18","ENSG00000159840","ZYX","protein_coding",2975.9649466452,2.16134314970326,0.143790657503178,15.031179265979,4.58765306138583e-51,1.7135120661238e-49,"Upregulated"
"ENSG00000159256.14","ENSG00000159256","MORC3","protein_coding",383.11518176326,1.22167221752425,0.0812769106997538,15.0309873616782,4.60096361834797e-51,1.71406593205909e-49,"Upregulated"
"ENSG00000119862.15","ENSG00000119862","LGALSL","protein_coding",812.874701867908,1.71753903962417,0.11433788491751,15.0216093367767,5.30050162194916e-51,1.9645746676544e-49,"Upregulated"
"ENSG00000180667.11","ENSG00000180667","YOD1","protein_coding",443.804255873853,1.5367751320771,0.102498614947602,14.9931307155976,8.14229288416648e-51,3.00249639891452e-49,"Upregulated"
"ENSG00000158769.21","ENSG00000158769","F11R","protein_coding",1474.44255865361,1.26535102210694,0.0844972050439819,14.9750636301912,1.06865509114156e-50,3.92074672932238e-49,"Upregulated"
"ENSG00000134759.16","ENSG00000134759","ELP2","protein_coding",583.566122557166,1.09567530047179,0.0732391723413928,14.9602359699598,1.33551656080924e-50,4.88745100991099e-49,"Upregulated"
"ENSG00000167978.20","ENSG00000167978","SRRM2","protein_coding",5624.44224254212,1.40570827375974,0.0939778961095379,14.9578606454574,1.38404192299247e-50,5.05227595667679e-49,"Upregulated"
"ENSG00000002834.21","ENSG00000002834","LASP1","protein_coding",4333.18445877948,1.06331691403175,0.0713740686664193,14.8978043972996,3.40588749386419e-50,1.22173568220494e-48,"Upregulated"
"ENSG00000035862.15","ENSG00000035862","TIMP2","protein_coding",849.523659968999,3.07640360475204,0.206634754970621,14.8881227903285,3.93667994870841e-50,1.40865100781931e-48,"Upregulated"
"ENSG00000167767.15","ENSG00000167767","KRT80","protein_coding",2528.8903383895,2.00284340228281,0.13453865390715,14.8867507152632,4.01828721533232e-50,1.43431079617232e-48,"Upregulated"
"ENSG00000034713.9","ENSG00000034713","GABARAPL2","protein_coding",521.353991620457,1.29073485696745,0.0869307296581474,14.8478548614883,7.1830582320188e-50,2.54515598773634e-48,"Upregulated"
"ENSG00000166145.17","ENSG00000166145","SPINT1","protein_coding",4110.75895623256,1.15117597487492,0.0776223092805476,14.8304783192454,9.30674331508201e-50,3.2895932712724e-48,"Upregulated"
"ENSG00000153094.27","ENSG00000153094","BCL2L11","protein_coding",406.266291264061,2.12583579051875,0.143559913359475,14.8080041341042,1.30044634863073e-49,4.56321270807664e-48,"Upregulated"
"ENSG00000176407.20","ENSG00000176407","KCMF1","protein_coding",1853.15244496025,2.18589754763463,0.147667645690582,14.8028197877204,1.40468204658291e-49,4.90521740218782e-48,"Upregulated"
"ENSG00000184731.7","ENSG00000184731","FAM110C","protein_coding",402.706852389394,1.64552156870479,0.111183242406519,14.8000861738523,1.46295076746018e-49,5.09641406779636e-48,"Upregulated"
"ENSG00000163960.15","ENSG00000163960","UBXN7","protein_coding",1340.24826922152,1.30077917785261,0.0880057879221854,14.7806094185846,1.9539022694042e-49,6.75798369646913e-48,"Upregulated"
"ENSG00000105287.15","ENSG00000105287","PRKD2","protein_coding",805.702968147973,1.59621962280173,0.108135237457235,14.7613272078216,2.6011123302494e-49,8.97507616427961e-48,"Upregulated"
"ENSG00000107341.7","ENSG00000107341","UBE2R2","protein_coding",1956.69009428413,1.65433952734414,0.112125514817934,14.754353904465,2.88440414870327e-49,9.92892753515626e-48,"Upregulated"
"ENSG00000144645.18","ENSG00000144645","OSBPL10","protein_coding",724.227588847782,1.61921846078731,0.10978839801977,14.7485389166142,3.14397675577103e-49,1.07968035887758e-47,"Upregulated"
"ENSG00000040608.15","ENSG00000040608","RTN4R","protein_coding",153.089995071809,3.64920884639011,0.247495464790944,14.7445483474719,3.33543718362506e-49,1.1427223561488e-47,"Upregulated"
"ENSG00000157020.20","ENSG00000157020","SEC13","protein_coding",997.921399972005,1.47053611874204,0.0997436601123794,14.7431537712292,3.40504760640811e-49,1.16381957339779e-47,"Upregulated"
"ENSG00000105339.13","ENSG00000105339","DENND3","protein_coding",247.525004018965,1.47604106258298,0.100314221139681,14.7141755756413,5.22794764771353e-49,1.77848397442874e-47,"Upregulated"
"ENSG00000116786.17","ENSG00000116786","PLEKHM2","protein_coding",837.983505731252,1.37573491609953,0.0935125092829096,14.7117741428307,5.41684068939135e-49,1.83842752390303e-47,"Upregulated"
"ENSG00000176597.14","ENSG00000176597","B3GNT5","protein_coding",1108.12958512898,1.7063906842709,0.11604054318471,14.7051249282306,5.97605329585664e-49,2.02348047578398e-47,"Upregulated"
"ENSG00000089737.21","ENSG00000089737","DDX24","protein_coding",1516.96005413298,1.85435872246335,0.126108254122296,14.7044992048264,6.03154790633377e-49,2.03751030905802e-47,"Upregulated"
"ENSG00000047634.17","ENSG00000047634","SCML1","protein_coding",327.928603709971,2.16892740915948,0.147534752517737,14.7011288672391,6.33940098982503e-49,2.13652556150103e-47,"Upregulated"
"ENSG00000134317.19","ENSG00000134317","GRHL1","protein_coding",266.971892441195,1.3799989187136,0.0940289446705085,14.6763203984616,9.14184926068725e-49,3.07386727345428e-47,"Upregulated"
"ENSG00000231721.9","ENSG00000231721","LINC-PINT","lncRNA",135.435657789482,1.80948783757012,0.123313887240581,14.6738366461506,9.48280031456825e-49,3.18112829071118e-47,"Upregulated"
"ENSG00000204610.16","ENSG00000204610","TRIM15","protein_coding",395.549570639198,1.50948786124961,0.102974937554176,14.658788799512,1.18365568203573e-48,3.96155615336301e-47,"Upregulated"
"ENSG00000118482.14","ENSG00000118482","PHF3","protein_coding",1759.26815949641,1.54671062046034,0.105911687838861,14.6037765238298,2.65709499466523e-48,8.77143978648943e-47,"Upregulated"
"ENSG00000163558.15","ENSG00000163558","PRKCI","protein_coding",1264.38559043776,1.10345725955184,0.0757741660540616,14.5624467679997,4.86836377710001e-48,1.58901639319219e-46,"Upregulated"
"ENSG00000069702.13","ENSG00000069702","TGFBR3","protein_coding",630.381839255552,1.2832624993319,0.0883095008321537,14.5314205973256,7.66149154470433e-48,2.48946940506402e-46,"Upregulated"
"ENSG00000204842.20","ENSG00000204842","ATXN2","protein_coding",703.035197300833,1.66680490244813,0.114751008453814,14.525405265776,8.36461334071644e-48,2.71185629829223e-46,"Upregulated"
"ENSG00000013563.16","ENSG00000013563","DNASE1L1","protein_coding",356.801865215428,1.70851260002165,0.117640589693801,14.5231556936991,8.64375395932198e-48,2.79610005309139e-46,"Upregulated"
"ENSG00000100711.16","ENSG00000100711","ZFYVE21","protein_coding",309.095976296086,1.11985372189694,0.0772134845116429,14.5033439298815,1.15388830741377e-47,3.71603318912006e-46,"Upregulated"
"ENSG00000110711.13","ENSG00000110711","AIP","protein_coding",788.600281029751,1.92796658287289,0.133828699522782,14.4062266894007,4.7284721008316e-47,1.48967429750547e-45,"Upregulated"
"ENSG00000125657.6","ENSG00000125657","TNFSF9","protein_coding",85.1655443960351,5.42408252205516,0.376528240471545,14.4055131568945,4.77756139618195e-47,1.50187461504271e-45,"Upregulated"
"ENSG00000136141.16","ENSG00000136141","LRCH1","protein_coding",938.981134458082,1.07083787831262,0.0743421664657182,14.4041790711927,4.87070791611666e-47,1.52784197230222e-45,"Upregulated"
"ENSG00000170191.6","ENSG00000170191","NANP","protein_coding",211.413085933175,1.45051579542258,0.100750218398158,14.3971479018561,5.39232392402303e-47,1.68417151523581e-45,"Upregulated"
"ENSG00000109255.13","ENSG00000109255","NMU","protein_coding",117.022297874459,2.54933567800319,0.177090929798535,14.3956309953502,5.51195184681499e-47,1.71783239062458e-45,"Upregulated"
"ENSG00000135631.19","ENSG00000135631","RAB11FIP5","protein_coding",802.081398117766,1.65144335826796,0.114791348944606,14.3864792377768,6.29183135012849e-47,1.95248864938034e-45,"Upregulated"
"ENSG00000162923.18","ENSG00000162923","WDR26","protein_coding",1291.78631163527,1.28519276790895,0.0893634314906797,14.3816407502546,6.74757025943188e-47,2.08943991879673e-45,"Upregulated"
"ENSG00000179094.19","ENSG00000179094","PER1","protein_coding",679.722935486009,4.27720162389868,0.297702878196324,14.3673505940309,8.29440343504369e-47,2.56295297613333e-45,"Upregulated"
"ENSG00000090861.19","ENSG00000090861","AARS1","protein_coding",5334.3077981711,1.43980909671298,0.100221624460337,14.3662518390208,8.42701277106897e-47,2.59838870379429e-45,"Upregulated"
"ENSG00000261087.1","ENSG00000261087","ZNNT1","lncRNA",59.1437160034638,4.00580977704459,0.279158533432283,14.3495874111128,1.07172920459173e-46,3.29057195613205e-45,"Upregulated"
"ENSG00000182934.14","ENSG00000182934","SRPRA","protein_coding",2832.78881862013,1.52013154093843,0.105945200063938,14.3482813758531,1.09210146927845e-46,3.34603266232205e-45,"Upregulated"
"ENSG00000139289.16","ENSG00000139289","PHLDA1","protein_coding",3270.51158937769,1.58204270029743,0.110297151202432,14.343459310149,1.17071358228777e-46,3.57178552305565e-45,"Upregulated"
"ENSG00000187446.14","ENSG00000187446","CHP1","protein_coding",2822.672534443,1.67927777849106,0.117078005265297,14.3432387209352,1.17444146256251e-46,3.57563144442351e-45,"Upregulated"
"ENSG00000105438.11","ENSG00000105438","KDELR1","protein_coding",3737.58125362732,1.71503002578265,0.11959548765025,14.3402569735587,1.22600643377407e-46,3.71700527996941e-45,"Upregulated"
"ENSG00000127948.19","ENSG00000127948","POR","protein_coding",3365.56814259515,1.29735116774021,0.09050554048375,14.3344944497971,1.33213065682806e-46,4.02192447474004e-45,"Upregulated"
"ENSG00000244242.4","ENSG00000244242","IFITM10","protein_coding",80.9722576896324,6.69807750508286,0.467416346558942,14.3300026933017,1.42115092090043e-46,4.28177113215989e-45,"Upregulated"
"ENSG00000122203.17","ENSG00000122203","KIAA1191","protein_coding",1765.69454012802,1.17262061866389,0.0818632533428265,14.3241389852073,1.54632661593674e-46,4.63962014868638e-45,"Upregulated"
"ENSG00000184205.16","ENSG00000184205","TSPYL2","protein_coding",126.997940960974,2.16336143435369,0.151144930214041,14.3131591068922,1.81096297941044e-46,5.41123206136414e-45,"Upregulated"
"ENSG00000168288.15","ENSG00000168288","MMADHC","protein_coding",1682.23501407573,1.62925787303602,0.114062052000355,14.2839607429731,2.75488538243649e-46,8.18110634472739e-45,"Upregulated"
"ENSG00000166012.19","ENSG00000166012","TAF1D","protein_coding",1918.98997025979,2.79699136388784,0.195843101648385,14.2817967053521,2.84179128528937e-46,8.4047427155946e-45,"Upregulated"
"ENSG00000165312.7","ENSG00000165312","OTUD1","protein_coding",307.42469369664,2.56660032082373,0.18001149289673,14.2579803073804,3.9986024976531e-46,1.1683013587901e-44,"Upregulated"
"ENSG00000164142.18","ENSG00000164142","FHIP1A","protein_coding",531.920336811526,2.14306048869286,0.150616406079536,14.2285992905791,6.08891683855988e-46,1.76834835319458e-44,"Upregulated"
"ENSG00000081277.14","ENSG00000081277","PKP1","protein_coding",323.474012675841,1.32881647585727,0.0934555765230333,14.2186964683671,7.01474222738708e-46,2.03315288718587e-44,"Upregulated"
"ENSG00000036257.16","ENSG00000036257","CUL3","protein_coding",2517.59166134005,1.06984177316921,0.0752862249637647,14.210325643026,7.90570269647825e-46,2.280945150478e-44,"Upregulated"
"ENSG00000002933.11","ENSG00000002933","TMEM176A","protein_coding",343.305852735284,1.63394115501727,0.115038077382319,14.203481075114,8.71723056761146e-46,2.50158624526387e-44,"Upregulated"
"ENSG00000116350.20","ENSG00000116350","SRSF4","protein_coding",1337.48939603712,1.16361403314213,0.0820080946134407,14.1890143726302,1.07154182752316e-45,3.06892967677185e-44,"Upregulated"
"ENSG00000152137.9","ENSG00000152137","HSPB8","protein_coding",61.1906516739232,4.79968016448508,0.33827611435064,14.1886463775269,1.07717909584945e-45,3.07292902697839e-44,"Upregulated"
"ENSG00000166478.12","ENSG00000166478","ZNF143","protein_coding",389.46102365348,1.70722833819466,0.120405860354283,14.1789472137926,1.23688216254567e-45,3.48733391043033e-44,"Upregulated"
"ENSG00000120314.20","ENSG00000120314","WDR55","protein_coding",416.465463451376,1.36800742290789,0.0964932823870619,14.1772296378149,1.26752444070801e-45,3.56678916402727e-44,"Upregulated"
"ENSG00000115828.19","ENSG00000115828","QPCT","protein_coding",1696.97282989712,1.22686822047814,0.0866482119147016,14.1591868241424,1.63879492362516e-45,4.60260000642944e-44,"Upregulated"
"ENSG00000198431.19","ENSG00000198431","TXNRD1","protein_coding",4263.78225060105,2.44052275369748,0.172419415324485,14.154570406729,1.75003912407653e-45,4.9055255292296e-44,"Upregulated"
"ENSG00000180573.11","ENSG00000180573","H2AC6","protein_coding",520.352693818129,1.83990412543218,0.130024019951723,14.1504940865182,1.8544972190419e-45,5.18829608076356e-44,"Upregulated"
"ENSG00000157227.16","ENSG00000157227","MMP14","protein_coding",435.032240417384,1.66411608225935,0.117615854583149,14.1487394548742,1.90134927790344e-45,5.30912403379127e-44,"Upregulated"
"ENSG00000154359.15","ENSG00000154359","LONRF1","protein_coding",407.321975223959,1.27272797500309,0.0901066445694516,14.1246850449759,2.67593537035891e-45,7.42905275617649e-44,"Upregulated"
"ENSG00000087086.18","ENSG00000087086","FTL","protein_coding",30370.3240802316,2.74406326991223,0.194464251683595,14.1108879712092,3.2545396794298e-45,9.01812409833589e-44,"Upregulated"
"ENSG00000137312.17","ENSG00000137312","FLOT1","protein_coding",1499.95146499179,1.27637094470456,0.0905395736675019,14.0973818740511,3.94122215543282e-45,1.08585915354624e-43,"Upregulated"
"ENSG00000182372.12","ENSG00000182372","CLN8","protein_coding",293.15783540396,1.46902303231171,0.104225315631398,14.094685378618,4.09468656354314e-45,1.12599995595573e-43,"Upregulated"
"ENSG00000196498.17","ENSG00000196498","NCOR2","protein_coding",4338.36764236072,1.63355402432977,0.11607504566079,14.0732576500859,5.54548537592056e-45,1.51632403901586e-43,"Upregulated"
"ENSG00000122550.20","ENSG00000122550","KLHL7","protein_coding",297.856625604237,1.49524722514458,0.106345158237634,14.0603225377066,6.65820643066867e-45,1.81715117878061e-43,"Upregulated"
"ENSG00000145911.9","ENSG00000145911","N4BP3","protein_coding",160.207226585241,2.96870404500005,0.211154280053673,14.0594073880266,6.74486497909471e-45,1.83734179092182e-43,"Upregulated"
"ENSG00000117139.20","ENSG00000117139","KDM5B","protein_coding",1074.67777936953,1.38965545796291,0.0988876605075297,14.0528702047421,7.39740683360572e-45,2.00755093319502e-43,"Upregulated"
"ENSG00000105612.12","ENSG00000105612","DNASE2","protein_coding",580.61039212519,1.25178604819112,0.0891110182298658,14.047488998073,7.98141444654889e-45,2.15796004028706e-43,"Upregulated"
"ENSG00000165434.10","ENSG00000165434","PGM2L1","protein_coding",275.087391357537,2.13826126427891,0.152265428944994,14.042985851052,8.50522652654014e-45,2.29530247341936e-43,"Upregulated"
"ENSG00000025039.17","ENSG00000025039","RRAGD","protein_coding",126.120193637179,4.26138861735576,0.303491310006016,14.0412212042292,8.71969829533626e-45,2.34880794974002e-43,"Upregulated"
"ENSG00000107438.11","ENSG00000107438","PDLIM1","protein_coding",1279.02767156373,1.45132794867282,0.103393798872754,14.0368954859561,9.26847372678865e-45,2.48278597502072e-43,"Upregulated"
"ENSG00000162545.8","ENSG00000162545","CAMK2N1","protein_coding",1984.78690788448,1.20125437307012,0.0855952874449345,14.0341181030897,9.63879998871529e-45,2.57722305233325e-43,"Upregulated"
"ENSG00000165288.12","ENSG00000165288","BRWD3","protein_coding",730.841231590474,1.39422828311672,0.0993770716295264,14.0296776736826,1.02616904478923e-44,2.73871856299917e-43,"Upregulated"
"ENSG00000224781.1","ENSG00000224781","EIF4A2P4","processed_pseudogene",88.9758954999697,2.50474558511545,0.178565570902955,14.0270354046957,1.06511808429942e-44,2.82704968455443e-43,"Upregulated"
"ENSG00000197119.14","ENSG00000197119","SLC25A29","protein_coding",149.4889431226,1.46141580491613,0.104273409555095,14.0152298764524,1.25790315633023e-44,3.32655703312731e-43,"Upregulated"
"ENSG00000148660.24","ENSG00000148660","CAMK2G","protein_coding",567.675676789558,1.30240293609559,0.0929437198790315,14.0128126762163,1.30146641412287e-44,3.4292456860852e-43,"Upregulated"
"ENSG00000110080.22","ENSG00000110080","ST3GAL4","protein_coding",967.041294816369,1.62293208152329,0.115917953582881,14.0006964526241,1.5435068999979e-44,4.05961923680028e-43,"Upregulated"
"ENSG00000138468.18","ENSG00000138468","SENP7","protein_coding",222.413824509365,1.37999163282487,0.0986366885936786,13.9906524894563,1.77773409802333e-44,4.6671961138685e-43,"Upregulated"
"ENSG00000116874.14","ENSG00000116874","WARS2","protein_coding",417.782023191819,1.18509484698402,0.0847248030987954,13.9875786503996,1.85624829486458e-44,4.86451180636122e-43,"Upregulated"
"ENSG00000054967.15","ENSG00000054967","RELT","protein_coding",111.552668291436,2.08296674104052,0.149004133453761,13.9792547546133,2.086615215299e-44,5.44850949551587e-43,"Upregulated"
"ENSG00000206503.17","ENSG00000206503","HLA-A","protein_coding",3419.80673886224,1.16972636377137,0.0836777407681651,13.9789429426898,2.09577658899428e-44,5.46258890786062e-43,"Upregulated"
"ENSG00000171425.12","ENSG00000171425","ZNF581","protein_coding",265.162115191841,2.27267917012823,0.162595569232864,13.9774975471402,2.13876936379381e-44,5.55466767385302e-43,"Upregulated"
"ENSG00000138802.13","ENSG00000138802","SEC24B","protein_coding",711.457443057958,1.35605034632586,0.097019899923079,13.9770330355008,2.15277154771029e-44,5.58103135409974e-43,"Upregulated"
"ENSG00000141568.23","ENSG00000141568","FOXK2","protein_coding",1706.25400207611,1.1183777478252,0.0800821805374827,13.9653758216753,2.5356435168041e-44,6.55188697198306e-43,"Upregulated"
"ENSG00000144747.19","ENSG00000144747","TMF1","protein_coding",984.713811010845,1.32218960757173,0.0947517057069477,13.9542565245322,2.96376183309446e-44,7.64249759523219e-43,"Upregulated"
"ENSG00000137449.17","ENSG00000137449","CPEB2","protein_coding",209.758120080721,2.37536984934601,0.170358202992737,13.943384043839,3.45177734830925e-44,8.85365616490223e-43,"Upregulated"
"ENSG00000117595.15","ENSG00000117595","IRF6","protein_coding",1125.16058699404,1.66784391462063,0.119673900474979,13.9365718673917,3.79746840543608e-44,9.72312935186919e-43,"Upregulated"
"ENSG00000067606.19","ENSG00000067606","PRKCZ","protein_coding",490.671668206813,1.79721380658822,0.129019020880701,13.9298360375098,4.17312396488152e-44,1.06661221338736e-42,"Upregulated"
"ENSG00000112406.7","ENSG00000112406","HECA","protein_coding",1450.82765108713,1.83997453646612,0.132168290204828,13.9214522153129,4.69271365263425e-44,1.19310186410483e-42,"Upregulated"
"ENSG00000011243.21","ENSG00000011243","AKAP8L","protein_coding",730.705214023001,1.20495663174547,0.0867395147669387,13.8916690389966,7.11576421001527e-44,1.79030650922815e-42,"Upregulated"
"ENSG00000107404.23","ENSG00000107404","DVL1","protein_coding",894.237382127229,1.38212527357753,0.0995060269236621,13.8898649288636,7.29727998044543e-44,1.82962251689646e-42,"Upregulated"
"ENSG00000158825.8","ENSG00000158825","CDA","protein_coding",261.52404145859,3.75444903828111,0.270383455820132,13.8856463199386,7.73990471253508e-44,1.93390860506997e-42,"Upregulated"
"ENSG00000153551.16","ENSG00000153551","CMTM7","protein_coding",384.728981623866,1.41435255733639,0.101935528649233,13.8749715244355,8.98287612555337e-44,2.22731732304863e-42,"Upregulated"
"ENSG00000198961.13","ENSG00000198961","PJA2","protein_coding",1122.9021651449,1.13299415232989,0.0816577868487565,13.8749064363987,8.99103390824902e-44,2.22731732304863e-42,"Upregulated"
"ENSG00000135378.6","ENSG00000135378","PRRG4","protein_coding",851.878072855439,1.22589460599831,0.088445522350152,13.8604484820051,1.09984911013569e-43,2.71071654831401e-42,"Upregulated"
"ENSG00000129116.22","ENSG00000129116","PALLD","protein_coding",631.663750574116,1.35507686154146,0.0978174313753203,13.8531225210985,1.21800051137896e-43,2.99681891526381e-42,"Upregulated"
"ENSG00000130254.15","ENSG00000130254","SAFB2","protein_coding",428.690225535208,1.12633172189973,0.0813759474965558,13.8410888788411,1.44008466237993e-43,3.53723846223897e-42,"Upregulated"
"ENSG00000117450.17","ENSG00000117450","PRDX1","protein_coding",4159.47826154782,1.32780861269882,0.0959878935489981,13.8330841901539,1.6096810916274e-43,3.93381085663816e-42,"Upregulated"
"ENSG00000204160.14","ENSG00000204160","ZDHHC18","protein_coding",499.059095593611,1.91669893143712,0.138677370852838,13.8212811481052,1.89663982080843e-43,4.61176246361673e-42,"Upregulated"
"ENSG00000130775.18","ENSG00000130775","THEMIS2","protein_coding",54.9132485238056,5.56817414112353,0.403062318698287,13.8146730240283,2.07896059708026e-43,5.04661590835631e-42,"Upregulated"
"ENSG00000183283.18","ENSG00000183283","DAZAP2","protein_coding",3586.74136879666,1.18774385794993,0.0861117495977438,13.7930522083022,2.80630617175519e-43,6.75564602011233e-42,"Upregulated"
"ENSG00000116962.17","ENSG00000116962","NID1","protein_coding",270.990417580726,1.34781614025231,0.0978450901824122,13.7750002349589,3.60381914480901e-43,8.60404399449294e-42,"Upregulated"
"ENSG00000151743.12","ENSG00000151743","AMN1","protein_coding",144.5838674398,2.6274480977331,0.190756072151999,13.7738634901199,3.66099090156881e-43,8.72616449762092e-42,"Upregulated"
"ENSG00000170266.17","ENSG00000170266","GLB1","protein_coding",2349.66727161398,1.65661176246631,0.120281943612827,13.7727385566593,3.71845675646095e-43,8.84858379550609e-42,"Upregulated"
"ENSG00000120694.22","ENSG00000120694","HSPH1","protein_coding",6304.42626544681,1.85250421215278,0.134545903033714,13.7685664920513,3.93952689002074e-43,9.35928257216075e-42,"Upregulated"
"ENSG00000119801.16","ENSG00000119801","YPEL5","protein_coding",994.491708034649,1.67120857619409,0.121423730357771,13.7634428729041,4.22897974066305e-43,9.99777722702918e-42,"Upregulated"
"ENSG00000168743.15","ENSG00000168743","NPNT","protein_coding",2498.90986147751,1.3020199931751,0.0946243378364967,13.7598848556794,4.44233833374321e-43,1.04680271760336e-41,"Upregulated"
"ENSG00000185989.13","ENSG00000185989","RASA3","protein_coding",425.578463526837,1.53486878902058,0.111585022892246,13.7551505501124,4.7429237162379e-43,1.11581900155389e-41,"Upregulated"
"ENSG00000124214.23","ENSG00000124214","STAU1","protein_coding",3094.74943240004,1.26809084503959,0.0922394024917192,13.7478215467997,5.24862384631655e-43,1.23278860260647e-41,"Upregulated"
"ENSG00000210082.2","ENSG00000210082","MT-RNR2","Mt_rRNA",39364.9108047497,2.6125265793192,0.190136252094607,13.7402865079053,5.82448441240634e-43,1.36583216997723e-41,"Upregulated"
"ENSG00000119655.13","ENSG00000119655","NPC2","protein_coding",752.686600077815,2.12078656969897,0.154813124437221,13.6990101931506,1.02917686303868e-42,2.39403388429478e-41,"Upregulated"
"ENSG00000220205.12","ENSG00000220205","VAMP2","protein_coding",257.215881979811,1.41880319602239,0.103632856791584,13.6906695419557,1.15440598290419e-42,2.68103389491147e-41,"Upregulated"
"ENSG00000122335.19","ENSG00000122335","SERAC1","protein_coding",377.831380277058,1.26449638060402,0.0924014893438483,13.6848051864026,1.25142093326949e-42,2.89243894177695e-41,"Upregulated"
"ENSG00000229644.6","ENSG00000229644","NAMPTP1","processed_pseudogene",209.657962263787,1.76282781242214,0.128819421963661,13.6844878322729,1.25689636590012e-42,2.9004684927746e-41,"Upregulated"
"ENSG00000135114.15","ENSG00000135114","OASL","protein_coding",62.0393577661003,3.13730352418287,0.229368818699092,13.6779861446585,1.37446819493917e-42,3.1617131874696e-41,"Upregulated"
"ENSG00000197746.17","ENSG00000197746","PSAP","protein_coding",9740.16828050384,1.40696229543049,0.102864816973795,13.677779602611,1.37837723433082e-42,3.16568032962319e-41,"Upregulated"
"ENSG00000129245.14","ENSG00000129245","FXR2","protein_coding",554.686673599297,1.29854588461798,0.0950253544351071,13.6652569447111,1.63724844362011e-42,3.74242972317707e-41,"Upregulated"
"ENSG00000157193.20","ENSG00000157193","LRP8","protein_coding",339.411656319986,1.21374421339664,0.0888245612247536,13.6645112192054,1.65410703951255e-42,3.77501090025448e-41,"Upregulated"
"ENSG00000160862.15","ENSG00000160862","AZGP1","protein_coding",675.335238382996,2.01551104553521,0.147530565131801,13.6616506805528,1.72039214936716e-42,3.92011368374668e-41,"Upregulated"
"ENSG00000167600.16","ENSG00000167600","CYP2S1","protein_coding",2955.70894338058,2.12198664695204,0.155793245388741,13.6205304771538,3.02363440985913e-42,6.83596097779696e-41,"Upregulated"
"ENSG00000117519.18","ENSG00000117519","CNN3","protein_coding",1550.54042323014,1.67365432420108,0.122974024550427,13.6098198812285,3.50105584680173e-42,7.89071560370928e-41,"Upregulated"
"ENSG00000185838.16","ENSG00000185838","GNB1L","protein_coding",143.80567574738,1.87196952388308,0.13776695282279,13.5879431571009,4.72163596639876e-42,1.06086741744265e-40,"Upregulated"
"ENSG00000163444.14","ENSG00000163444","TMEM183A","protein_coding",493.971158053785,1.3882578546998,0.102260908270356,13.5756456517045,5.58493845099454e-42,1.24845716986444e-40,"Upregulated"
"ENSG00000112183.16","ENSG00000112183","RBM24","protein_coding",40.4447087329317,3.15770807043596,0.232602312907946,13.5755660851302,5.59100678472278e-42,1.24845716986444e-40,"Upregulated"
"ENSG00000131941.9","ENSG00000131941","RHPN2","protein_coding",1234.21888865247,1.68658949269337,0.124408277829864,13.556891246416,7.21288137839251e-42,1.60320670146724e-40,"Upregulated"
"ENSG00000139793.23","ENSG00000139793","MBNL2","protein_coding",2553.72556980606,1.68600119763761,0.124531947078067,13.5387042216619,9.24045225702899e-42,2.05072946567939e-40,"Upregulated"
"ENSG00000072415.12","ENSG00000072415","PALS1","protein_coding",541.653202636114,1.76410294180111,0.130447694510995,13.5234505171911,1.13714428965962e-41,2.51211814721756e-40,"Upregulated"
"ENSG00000115762.19","ENSG00000115762","PLEKHB2","protein_coding",3141.13864863822,1.42897003770928,0.105746047007508,13.5132241643778,1.30670907046362e-41,2.8823177852601e-40,"Upregulated"
"ENSG00000115414.23","ENSG00000115414","FN1","protein_coding",74.0119340990498,2.94618227806359,0.218051123545402,13.5114290179301,1.33896892274734e-41,2.94451253846047e-40,"Upregulated"
"ENSG00000174938.17","ENSG00000174938","SEZ6L2","protein_coding",435.265724273172,1.19197518801894,0.0882622888378086,13.5049204333384,1.46271696118468e-41,3.20691288978645e-40,"Upregulated"
"ENSG00000070495.17","ENSG00000070495","JMJD6","protein_coding",508.568328458685,1.7491763615065,0.129525924663156,13.5044499088148,1.47209181660196e-41,3.22259133024102e-40,"Upregulated"
"ENSG00000152503.12","ENSG00000152503","TRIM36","protein_coding",165.843862509627,1.84915636012159,0.137050277728951,13.4925400427041,1.73034799811513e-41,3.78223275847427e-40,"Upregulated"
"ENSG00000162413.18","ENSG00000162413","KLHL21","protein_coding",397.931675987599,2.54276258659759,0.188525824816693,13.4876088677504,1.85003783511838e-41,4.031691474667e-40,"Upregulated"
"ENSG00000011426.13","ENSG00000011426","ANLN","protein_coding",1722.36714127909,1.34639333816985,0.0998324601129543,13.4865286966432,1.87733583808105e-41,4.0850376825031e-40,"Upregulated"
"ENSG00000132196.18","ENSG00000132196","HSD17B7","protein_coding",86.0367432017197,2.31193379381986,0.171530059023896,13.4783011617677,2.09883915525087e-41,4.53975776685009e-40,"Upregulated"
"ENSG00000100284.24","ENSG00000100284","TOM1","protein_coding",270.998719696302,1.38752971328943,0.102982518816218,13.4734489818181,2.24146121912513e-41,4.84102175671556e-40,"Upregulated"
"ENSG00000117758.16","ENSG00000117758","STX12","protein_coding",596.63493306834,1.50064915314636,0.111385144527213,13.4726148582563,2.2669320625355e-41,4.88874694200365e-40,"Upregulated"
"ENSG00000006634.10","ENSG00000006634","DBF4","protein_coding",559.346203334066,1.41545551469452,0.105091298054316,13.4688175034526,2.38657519202175e-41,5.13149075412154e-40,"Upregulated"
"ENSG00000226549.3","ENSG00000226549","SCDP1","processed_pseudogene",103.084958990042,2.37444541852484,0.176367390003475,13.4630637697709,2.57992800396305e-41,5.53081607003439e-40,"Upregulated"
"ENSG00000075415.17","ENSG00000075415","SLC25A3","protein_coding",7141.66860833261,1.3046652832081,0.0969204786053248,13.4611931552763,2.6460855759014e-41,5.65591034896211e-40,"Upregulated"
"ENSG00000169242.14","ENSG00000169242","EFNA1","protein_coding",750.799511847206,1.92666849578865,0.143450928392748,13.4308541420778,3.98785126409966e-41,8.46148470268407e-40,"Upregulated"
"ENSG00000175866.18","ENSG00000175866","BAIAP2","protein_coding",387.546986773376,1.50504826174541,0.112199652140437,13.4140189655989,5.0051248018736e-41,1.05581177043307e-39,"Upregulated"
"ENSG00000104687.16","ENSG00000104687","GSR","protein_coding",1744.62552398519,1.6236866525989,0.121144591562427,13.4028818922733,5.81601228021953e-41,1.22508212158345e-39,"Upregulated"
"ENSG00000185909.17","ENSG00000185909","KLHDC8B","protein_coding",58.9155130018691,2.08161656941879,0.155674391385943,13.3716056371668,8.86072512476081e-41,1.84762055407243e-39,"Upregulated"
"ENSG00000142677.6","ENSG00000142677","IL22RA1","protein_coding",254.354098826112,1.82626177276443,0.13660682241735,13.3687449898,9.20813735752764e-41,1.91730354289211e-39,"Upregulated"
"ENSG00000155858.7","ENSG00000155858","LSM11","protein_coding",164.299880970421,1.72306008040241,0.128950153413445,13.362218150124,1.00523351332612e-40,2.09007805955842e-39,"Upregulated"
"ENSG00000197063.13","ENSG00000197063","MAFG","protein_coding",812.801352833036,1.29673995379514,0.0970466200165857,13.3620310895271,1.00776321854436e-40,2.09233589729869e-39,"Upregulated"
"ENSG00000119326.17","ENSG00000119326","CTNNAL1","protein_coding",1197.01809841017,1.17770809839021,0.0881437010639175,13.3612281328667,1.0186940750756e-40,2.1120049407719e-39,"Upregulated"
"ENSG00000136854.28","ENSG00000136854","STXBP1","protein_coding",468.935164292458,1.15765425476848,0.086748897736369,13.3448871971446,1.2686246342869e-40,2.61513088541052e-39,"Upregulated"
"ENSG00000124253.13","ENSG00000124253","PCK1","protein_coding",2481.76496864851,4.24925526058483,0.318420698016609,13.3447834486036,1.27039203928306e-40,2.61513088541052e-39,"Upregulated"
"ENSG00000090339.11","ENSG00000090339","ICAM1","protein_coding",139.539773330186,3.94903476272433,0.296036266558847,13.3396992491098,1.36007120713994e-40,2.7957662317549e-39,"Upregulated"
"ENSG00000276900.1","ENSG00000276900","AMN1-AS1","lncRNA",64.214635687431,4.34510927590972,0.326050089850094,13.3265084450903,1.62318442486136e-40,3.33189641431882e-39,"Upregulated"
"ENSG00000105355.11","ENSG00000105355","PLIN3","protein_coding",851.060096287758,1.49313492233629,0.11217206705846,13.3111117722216,1.99490933957346e-40,4.08336527529641e-39,"Upregulated"
"ENSG00000204590.15","ENSG00000204590","GNL1","protein_coding",765.533888612572,1.45281541466443,0.109250566568353,13.2980126355269,2.37702717740152e-40,4.85865696119927e-39,"Upregulated"
"ENSG00000167617.5","ENSG00000167617","CDC42EP5","protein_coding",150.73072000001,1.782115580852,0.134022767606824,13.2971107273362,2.40586830593192e-40,4.91068218162892e-39,"Upregulated"
"ENSG00000204392.13","ENSG00000204392","LSM2","protein_coding",348.337938513422,1.23504372800906,0.0929190745977497,13.2916059846227,2.58959737619908e-40,5.26345654640631e-39,"Upregulated"
"ENSG00000134590.14","ENSG00000134590","RTL8C","protein_coding",208.518954788472,1.56439973992903,0.117705651801283,13.2907784459674,2.61839873791906e-40,5.3145426484486e-39,"Upregulated"
"ENSG00000160360.14","ENSG00000160360","GPSM1","protein_coding",161.319742790298,1.75202420182274,0.131889890143282,13.2839916685,2.86694392397321e-40,5.8027585679078e-39,"Upregulated"
"ENSG00000113504.23","ENSG00000113504","SLC12A7","protein_coding",1626.19405611963,1.16200115629596,0.0874851300762873,13.282270430217,2.93362310334412e-40,5.92943737986931e-39,"Upregulated"
"ENSG00000233588.1","ENSG00000233588","CYP51A1P2","processed_pseudogene",63.5146867723833,3.03156986808275,0.228390985424913,13.2735968647914,3.29383079383918e-40,6.63897021756848e-39,"Upregulated"
"ENSG00000185551.17","ENSG00000185551","NR2F2","protein_coding",566.875704175292,1.41718165571196,0.106882621314724,13.2592337115213,3.98951440817775e-40,8.00776216112353e-39,"Upregulated"
"ENSG00000112335.17","ENSG00000112335","SNX3","protein_coding",2172.18314150768,1.36893274200155,0.103293417602096,13.2528555427889,4.34356150869167e-40,8.7063476326362e-39,"Upregulated"
"ENSG00000151726.18","ENSG00000151726","ACSL1","protein_coding",1210.12537954483,1.12722664187076,0.0851354218251748,13.2403953337486,5.12781971834629e-40,1.0264138585397e-38,"Upregulated"
"ENSG00000023909.12","ENSG00000023909","GCLM","protein_coding",810.93301746537,1.99399004777362,0.150685996585395,13.2327495119535,5.67718920562239e-40,1.13013497208626e-38,"Upregulated"
"ENSG00000138757.17","ENSG00000138757","G3BP2","protein_coding",3149.69712981698,1.13579069262266,0.0858527624927027,13.2295183013966,5.9265978548545e-40,1.178165378773e-38,"Upregulated"
"ENSG00000135926.17","ENSG00000135926","TMBIM1","protein_coding",3145.66130066832,1.24658743575616,0.0942591269333606,13.2251112047481,6.28442193634156e-40,1.24758688632139e-38,"Upregulated"
"ENSG00000178764.10","ENSG00000178764","ZHX2","protein_coding",279.375655249665,1.28926016928196,0.0975743627630106,13.2131036552432,7.37208954845883e-40,1.45355539777232e-38,"Upregulated"
"ENSG00000224032.10","ENSG00000224032","EPB41L4A-AS1","lncRNA",703.266207149223,1.75700346677892,0.133056846766617,13.2049083491414,8.21996993306903e-40,1.61414368929589e-38,"Upregulated"
"ENSG00000125898.15","ENSG00000125898","FAM110A","protein_coding",195.813641107874,1.49370200761454,0.113159106968619,13.2000158681772,8.77165749256656e-40,1.72014696051792e-38,"Upregulated"
"ENSG00000119953.16","ENSG00000119953","SMNDC1","protein_coding",630.836870873632,1.89077562637912,0.143301951199182,13.1943466963059,9.45711766993875e-40,1.8495620684582e-38,"Upregulated"
"ENSG00000197903.11","ENSG00000197903","H2BC12","protein_coding",417.09830446225,2.19562589144488,0.166439701860571,13.1917196852719,9.79255879374988e-40,1.91258439405692e-38,"Upregulated"
"ENSG00000133226.21","ENSG00000133226","SRRM1","protein_coding",736.37398706223,1.15290281679967,0.0874315920229072,13.1863413455586,1.05166646307633e-39,2.05124500442829e-38,"Upregulated"
"ENSG00000119048.11","ENSG00000119048","UBE2B","protein_coding",817.231352752875,1.20707723442189,0.0917214345190684,13.1602524617182,1.48588546977081e-39,2.8788037737859e-38,"Upregulated"
"ENSG00000169692.16","ENSG00000169692","AGPAT2","protein_coding",1964.70699521305,1.37616362040584,0.104694820567572,13.144524370407,1.8295229128838e-39,3.53984593504834e-38,"Upregulated"
"ENSG00000143862.10","ENSG00000143862","ARL8A","protein_coding",656.69549876968,1.62198365414245,0.123530782788694,13.1301981378758,2.2107732288242e-39,4.24914133051994e-38,"Upregulated"
"ENSG00000101493.13","ENSG00000101493","ZNF516","protein_coding",277.059950133103,1.64180473171822,0.125072208891251,13.1268548486719,2.31055227983603e-39,4.43503624362698e-38,"Upregulated"
"ENSG00000179820.19","ENSG00000179820","MYADM","protein_coding",562.750986851638,2.03598046806549,0.155113270573624,13.1257658389656,2.34401034520455e-39,4.49330660353232e-38,"Upregulated"
"ENSG00000145780.10","ENSG00000145780","FEM1C","protein_coding",695.566072618105,1.77637343863355,0.135367494590139,13.1225996611077,2.44404708436262e-39,4.67888115542709e-38,"Upregulated"
"ENSG00000169155.12","ENSG00000169155","ZBTB43","protein_coding",362.3663363855,1.82585956768768,0.139151195841219,13.1214076648763,2.48279886667857e-39,4.74679698890578e-38,"Upregulated"
"ENSG00000198786.2","ENSG00000198786","MT-ND5","protein_coding",14133.840604805,1.75563504130912,0.133895049903858,13.1120235032567,2.8099964740382e-39,5.35821959233705e-38,"Upregulated"
"ENSG00000164713.11","ENSG00000164713","BRI3","protein_coding",1115.00653777273,1.71097429677313,0.13058501864138,13.1023781638528,3.19099947437834e-39,6.06080791385202e-38,"Upregulated"
"ENSG00000168234.16","ENSG00000168234","TTC39C","protein_coding",199.76538262091,1.42902610768771,0.109182293923772,13.0884418739673,3.83391993056225e-39,7.27240414053772e-38,"Upregulated"
"ENSG00000122705.20","ENSG00000122705","CLTA","protein_coding",1167.9334922776,1.11374475886773,0.0851703135537909,13.0766779221063,4.47577428230457e-39,8.47881318943239e-38,"Upregulated"
"ENSG00000100439.13","ENSG00000100439","ABHD4","protein_coding",342.832450330351,2.6469469490448,0.202477005736353,13.0728274028875,4.70824439517435e-39,8.8843590852691e-38,"Upregulated"
"ENSG00000168216.15","ENSG00000168216","LMBRD1","protein_coding",774.390315015771,1.24082868374501,0.0949263433017712,13.0714893314748,4.79180791775956e-39,9.03028352980125e-38,"Upregulated"
"ENSG00000032444.17","ENSG00000032444","PNPLA6","protein_coding",602.800474763241,1.14607433060054,0.0876789149940885,13.0712649749123,4.80596278576744e-39,9.045196453421e-38,"Upregulated"
"ENSG00000196961.15","ENSG00000196961","AP2A1","protein_coding",945.438771783994,1.36253552735854,0.10424338712943,13.070714266669,4.84088399898266e-39,9.09910387979983e-38,"Upregulated"
"ENSG00000137955.18","ENSG00000137955","RABGGTB","protein_coding",908.058366866313,1.86161452604258,0.142524670652984,13.0617002481991,5.44968822147031e-39,1.02037314865049e-37,"Upregulated"
"ENSG00000102978.15","ENSG00000102978","POLR2C","protein_coding",877.889066653525,1.0932330023203,0.0838741508192319,13.0342065063224,7.81760730892103e-39,1.45061158925587e-37,"Upregulated"
"ENSG00000167642.15","ENSG00000167642","SPINT2","protein_coding",6020.47288374301,1.22179783606561,0.0937373598957268,13.0342676327212,7.8113450068481e-39,1.45061158925587e-37,"Upregulated"
"ENSG00000221823.12","ENSG00000221823","PPP3R1","protein_coding",1340.6577650106,1.0814081029494,0.0829832561711624,13.0316421992272,8.08486230642337e-39,1.49446204776387e-37,"Upregulated"
"ENSG00000131370.18","ENSG00000131370","SH3BP5","protein_coding",208.341070088134,1.8559094386673,0.142571832286593,13.0173640115435,9.74781793522273e-39,1.79498573719502e-37,"Upregulated"
"ENSG00000176058.15","ENSG00000176058","TPRN","protein_coding",1119.99080717028,1.30969552677333,0.100781459887042,12.9954014184877,1.29924257424686e-38,2.38337004885892e-37,"Upregulated"
"ENSG00000141905.21","ENSG00000141905","NFIC","protein_coding",638.031598080441,1.23309244691987,0.0949259725245845,12.9900428104702,1.39349091489341e-38,2.55303038415112e-37,"Upregulated"
"ENSG00000142227.14","ENSG00000142227","EMP3","protein_coding",58.6588873409073,2.37491496500244,0.182879494484247,12.9862288371921,1.46468282775774e-38,2.6766940151154e-37,"Upregulated"
"ENSG00000188211.10","ENSG00000188211","NCR3LG1","protein_coding",598.773941186953,1.68568451052035,0.130074311145017,12.9593960227936,2.07877815501158e-38,3.78462977668692e-37,"Upregulated"
"ENSG00000130164.18","ENSG00000130164","LDLR","protein_coding",3624.93668073128,1.86254574065342,0.143780958645778,12.954050092558,2.22877889978356e-38,4.05263034073568e-37,"Upregulated"
"ENSG00000113552.18","ENSG00000113552","GNPDA1","protein_coding",976.609597687933,1.59267975586941,0.123047644931694,12.9436021043193,2.55369302865009e-38,4.62601492139963e-37,"Upregulated"
"ENSG00000056972.22","ENSG00000056972","TRAF3IP2","protein_coding",697.038597468157,1.90379418443377,0.14712416579829,12.9400508346393,2.67452473006092e-38,4.83885298227751e-37,"Upregulated"
"ENSG00000165997.7","ENSG00000165997","ARL5B","protein_coding",1105.27378058287,1.29794289944931,0.100370920644147,12.9314635266824,2.99071102354531e-38,5.39071942204212e-37,"Upregulated"
"ENSG00000065154.14","ENSG00000065154","OAT","protein_coding",676.508116572915,1.03486325215437,0.0800303977263352,12.9308772860669,3.01360412354194e-38,5.42523614389687e-37,"Upregulated"
"ENSG00000114784.5","ENSG00000114784","EIF1B","protein_coding",403.24174972457,1.61725602186574,0.12509593358308,12.9281262431418,3.12338284608904e-38,5.61588885924595e-37,"Upregulated"
"ENSG00000071073.15","ENSG00000071073","MGAT4A","protein_coding",916.641091964098,1.15208600917667,0.0893005771780515,12.9012157097214,4.43051927478137e-38,7.90727651848911e-37,"Upregulated"
"ENSG00000211459.2","ENSG00000211459","MT-RNR1","Mt_rRNA",4515.54788960968,1.92451217963115,0.149199513393937,12.8989172675771,4.56465503863063e-38,8.12665612037286e-37,"Upregulated"
"ENSG00000198792.15","ENSG00000198792","TMEM184B","protein_coding",969.594890457006,1.15701763896093,0.0897594285263567,12.8902072791294,5.11062660347751e-38,9.05418101926603e-37,"Upregulated"
"ENSG00000102316.19","ENSG00000102316","MAGED2","protein_coding",609.670748641822,1.28235157958032,0.0994864144474053,12.8897155124456,5.14331893556882e-38,9.10097411651567e-37,"Upregulated"
"ENSG00000213585.13","ENSG00000213585","VDAC1","protein_coding",3793.58373460818,1.31991485687164,0.102440256145991,12.884728196995,5.48684654157795e-38,9.68518636791079e-37,"Upregulated"
"ENSG00000114626.20","ENSG00000114626","ABTB1","protein_coding",184.914746416788,1.53805251786389,0.119375032857831,12.8842060273661,5.52410708274432e-38,9.73909487142708e-37,"Upregulated"
"ENSG00000172273.15","ENSG00000172273","HINFP","protein_coding",328.927907239115,1.0064998662102,0.07814687368283,12.8795922188163,5.86445882978018e-38,1.03015439225666e-36,"Upregulated"
"ENSG00000158195.13","ENSG00000158195","WASF2","protein_coding",2549.90169551676,1.37364331128264,0.106779218506848,12.8643319410934,7.14570566545191e-38,1.2521833918226e-36,"Upregulated"
"ENSG00000048052.27","ENSG00000048052","HDAC9","protein_coding",50.5244234585019,3.40167569627847,0.264443574727822,12.8635218298635,7.22101134078256e-38,1.26385140520073e-36,"Upregulated"
"ENSG00000175155.12","ENSG00000175155","YPEL2","protein_coding",304.872008785038,2.12268570506529,0.165030984712663,12.862346478518,7.33167342148981e-38,1.28167202924283e-36,"Upregulated"
"ENSG00000156860.17","ENSG00000156860","FBRS","protein_coding",910.432696743305,1.09862108515372,0.085516201448552,12.8469350432347,8.94859969944158e-38,1.56056686936591e-36,"Upregulated"
"ENSG00000122741.18","ENSG00000122741","DCAF10","protein_coding",956.740467959224,1.31048998425736,0.102028128699777,12.8443989021257,9.24673571984401e-38,1.61062132274014e-36,"Upregulated"
"ENSG00000126561.20","ENSG00000126561","STAT5A","protein_coding",137.437054675312,2.93160898550988,0.228491737391852,12.8302625686736,1.10987400807908e-37,1.91707915674398e-36,"Upregulated"
"ENSG00000009307.19","ENSG00000009307","CSDE1","protein_coding",8004.90260571005,1.36075409480162,0.10610325536782,12.8248100407891,1.19078059010806e-37,2.05193725467848e-36,"Upregulated"
"ENSG00000167748.12","ENSG00000167748","KLK1","protein_coding",521.866173946246,1.62623361080679,0.126874414519355,12.8176639629631,1.30575495939923e-37,2.24472133708346e-36,"Upregulated"
"ENSG00000156675.18","ENSG00000156675","RAB11FIP1","protein_coding",2836.14957918812,1.46686997517918,0.114533590106718,12.8073342834395,1.49171591677217e-37,2.56136813576568e-36,"Upregulated"
"ENSG00000130985.19","ENSG00000130985","UBA1","protein_coding",4755.14533050848,1.13129924269066,0.0884868216972746,12.7849460630532,1.99000817674742e-37,3.39684316812998e-36,"Upregulated"
"ENSG00000184292.7","ENSG00000184292","TACSTD2","protein_coding",270.196831224201,4.12105555232147,0.322629139164421,12.7733519761873,2.30988512045555e-37,3.92436754579623e-36,"Upregulated"
"ENSG00000140455.19","ENSG00000140455","USP3","protein_coding",859.514244206304,1.12807025808048,0.08833732788702,12.7700292171304,2.41063961351247e-37,4.08596365836523e-36,"Upregulated"
"ENSG00000178951.11","ENSG00000178951","ZBTB7A","protein_coding",1406.59873809162,1.09362415573206,0.085645955878654,12.7691277949136,2.43871837417783e-37,4.12390976412895e-36,"Upregulated"
"ENSG00000187609.18","ENSG00000187609","EXD3","protein_coding",136.608460874183,1.57457633585196,0.123411995773375,12.7586976126972,2.78823841803914e-37,4.69850594816549e-36,"Upregulated"
"ENSG00000276248.1","ENSG00000276248","ENSG00000276248","lncRNA",52.9823867546663,3.03539637686217,0.237992685487438,12.7541582660211,2.955498863172e-37,4.97457485773387e-36,"Upregulated"
"ENSG00000198804.2","ENSG00000198804","MT-CO1","protein_coding",30232.0291747967,1.3313552338757,0.104484074163068,12.742183385746,3.44613529046496e-37,5.78695163724429e-36,"Upregulated"
"ENSG00000143369.17","ENSG00000143369","ECM1","protein_coding",142.676728810092,2.33834176020908,0.183581029843379,12.7373823003609,3.66486145853603e-37,6.14712641864631e-36,"Upregulated"
"ENSG00000226608.3","ENSG00000226608","FTLP3","processed_pseudogene",591.118001222805,2.68011400175321,0.210504080600456,12.7318862138362,3.93223357964311e-37,6.58796867470381e-36,"Upregulated"
"ENSG00000117650.15","ENSG00000117650","NEK2","protein_coding",902.377812574585,1.70267928280768,0.133827011541781,12.7229866615986,4.4068799908772e-37,7.37465413715847e-36,"Upregulated"
"ENSG00000108175.21","ENSG00000108175","ZMIZ1","protein_coding",639.766457090068,1.11693163653142,0.0878344488108217,12.7163277239557,4.79888497187433e-37,8.01214758207405e-36,"Upregulated"
"ENSG00000129355.8","ENSG00000129355","CDKN2D","protein_coding",127.29238580735,2.22078894852124,0.174725326940244,12.7101719447963,5.19201536820185e-37,8.64858467999785e-36,"Upregulated"
"ENSG00000174307.8","ENSG00000174307","PHLDA3","protein_coding",165.096573748683,2.10739535141465,0.166050892234303,12.6912618358054,6.61119793586397e-37,1.09999403543675e-35,"Upregulated"
"ENSG00000146757.15","ENSG00000146757","ZNF92","protein_coding",368.473041701745,1.32801441068295,0.104730270700331,12.6803301643595,7.60110138953206e-37,1.26324726304012e-35,"Upregulated"
"ENSG00000245910.10","ENSG00000245910","SNHG6","lncRNA",1213.41929391767,1.13279091032339,0.0893414010351787,12.6793501914901,7.69672881161236e-37,1.27767461555425e-35,"Upregulated"
"ENSG00000137440.7","ENSG00000137440","FGFBP1","protein_coding",179.315529701849,3.23272494126937,0.25505551215936,12.6745935184869,8.17815282878474e-37,1.35448903765427e-35,"Upregulated"
"ENSG00000233593.13","ENSG00000233593","LINC02609","lncRNA",40.9695533201386,3.11315135366459,0.245643707617826,12.6734422951637,8.2990966424774e-37,1.37295101076236e-35,"Upregulated"
"ENSG00000187242.7","ENSG00000187242","KRT12","protein_coding",37.4738636710306,5.71971272314398,0.451829572000023,12.6590048053422,9.97559090916558e-37,1.6427984483594e-35,"Upregulated"
"ENSG00000196683.13","ENSG00000196683","TOMM7","protein_coding",1521.82798458502,1.27767976474374,0.101144208629351,12.6322582583633,1.40196174954605e-36,2.30093201295825e-35,"Upregulated"
"ENSG00000054179.14","ENSG00000054179","ENTPD2","protein_coding",208.342374363418,1.34691426535015,0.106657019209501,12.6284634179067,1.47123106523289e-36,2.41188694540216e-35,"Upregulated"
"ENSG00000114023.17","ENSG00000114023","FAM162A","protein_coding",447.704945989321,1.08782616139369,0.0861728466306007,12.6237695971319,1.56163206286688e-36,2.55430833578632e-35,"Upregulated"
"ENSG00000138166.8","ENSG00000138166","DUSP5","protein_coding",1358.08744933765,4.54828397617908,0.360306821813339,12.6233634802934,1.56970843375141e-36,2.56462397090478e-35,"Upregulated"
"ENSG00000149177.16","ENSG00000149177","PTPRJ","protein_coding",1467.94397159417,1.69129187590636,0.134108798913465,12.6113416092681,1.82853531138874e-36,2.97408908334967e-35,"Upregulated"
"ENSG00000186577.16","ENSG00000186577","SMIM29","protein_coding",232.004012363358,1.77525126580056,0.140975585963735,12.5926149103379,2.31863021028162e-36,3.762775924681e-35,"Upregulated"
"ENSG00000114125.15","ENSG00000114125","RNF7","protein_coding",452.929489583543,1.3894135771561,0.110377866782414,12.5877915351909,2.46473001835122e-36,3.99093490792691e-35,"Upregulated"
"ENSG00000104695.15","ENSG00000104695","PPP2CB","protein_coding",1153.81613600023,1.4138243105102,0.112576727018103,12.5587619036291,3.55857568501185e-36,5.74926185364456e-35,"Upregulated"
"ENSG00000166200.17","ENSG00000166200","COPS2","protein_coding",1273.83938530507,1.81594656323562,0.144658037434684,12.5533748102698,3.8092215625322e-36,6.13369320935741e-35,"Upregulated"
"ENSG00000005893.19","ENSG00000005893","LAMP2","protein_coding",1943.48885311136,1.27947154055818,0.102005431294392,12.5431707343659,4.33304943709196e-36,6.95399251853119e-35,"Upregulated"
"ENSG00000105229.9","ENSG00000105229","PIAS4","protein_coding",344.962958584823,1.44838292118248,0.115510947229098,12.5389234174476,4.57163930628013e-36,7.32878283480218e-35,"Upregulated"
"ENSG00000146066.4","ENSG00000146066","HIGD2A","protein_coding",826.042833048207,1.2537913170141,0.100014164847787,12.5361374453536,4.73518373786986e-36,7.58257267726078e-35,"Upregulated"
"ENSG00000213445.13","ENSG00000213445","SIPA1","protein_coding",313.536954577769,1.91772163283891,0.153045666567542,12.5303883203552,5.09127795970694e-36,8.12585905199042e-35,"Upregulated"
"ENSG00000008394.15","ENSG00000008394","MGST1","protein_coding",1112.75310936127,1.04324427622119,0.0832709019037838,12.5283172437188,5.22597497041704e-36,8.33166438627984e-35,"Upregulated"
"ENSG00000198832.12","ENSG00000198832","SELENOM","protein_coding",36.7245331071595,3.71530744841582,0.296640449247168,12.5246150949567,5.47563424426189e-36,8.72009796349927e-35,"Upregulated"
"ENSG00000185022.15","ENSG00000185022","MAFF","protein_coding",438.26474811593,2.72015118478518,0.217210937069824,12.523085722478,5.58219658364639e-36,8.87780969348526e-35,"Upregulated"
"ENSG00000123358.22","ENSG00000123358","NR4A1","protein_coding",759.593358834311,4.01578155805882,0.320950131554925,12.5121667300877,6.40528680360096e-36,1.01448542467525e-34,"Upregulated"
"ENSG00000196535.22","ENSG00000196535","MYO18A","protein_coding",1967.51467741881,1.07055959736866,0.0855981362484895,12.5068096606783,6.85213884289258e-36,1.0840741933537e-34,"Upregulated"
"ENSG00000137936.20","ENSG00000137936","BCAR3","protein_coding",462.402475904962,2.35071993656682,0.188085606469037,12.4981383780358,7.6419919203519e-36,1.2052118341535e-34,"Upregulated"
"ENSG00000146072.8","ENSG00000146072","TNFRSF21","protein_coding",3058.136040902,1.54636274245178,0.123739632548614,12.4969075032953,7.76121150635733e-36,1.22255953424055e-34,"Upregulated"
"ENSG00000120063.12","ENSG00000120063","GNA13","protein_coding",1872.71690276727,1.94339856682209,0.155587817618829,12.4906859454972,8.39269016911203e-36,1.31773419209937e-34,"Upregulated"
"ENSG00000125746.20","ENSG00000125746","EML2","protein_coding",988.119856031138,1.77668437047687,0.142287140653857,12.4866123692725,8.83354760300951e-36,1.3839542904088e-34,"Upregulated"
"ENSG00000204463.16","ENSG00000204463","BAG6","protein_coding",2443.50450308408,1.25176170757274,0.100282315601275,12.4823773769822,9.31628031540367e-36,1.45643510604995e-34,"Upregulated"
"ENSG00000001084.15","ENSG00000001084","GCLC","protein_coding",1986.63673274721,1.50719880541587,0.120958168693322,12.4604962335139,1.22605326089607e-35,1.90848161728312e-34,"Upregulated"
"ENSG00000148400.15","ENSG00000148400","NOTCH1","protein_coding",2708.27882328783,1.69275925089353,0.135930364708279,12.4531355045385,1.34457105363269e-35,2.09072142803058e-34,"Upregulated"
"ENSG00000135643.6","ENSG00000135643","KCNMB4","protein_coding",112.165953678591,2.36213164106636,0.189777074328775,12.4468756272116,1.45427437357331e-35,2.25646083745443e-34,"Upregulated"
"ENSG00000170385.11","ENSG00000170385","SLC30A1","protein_coding",2787.04017696901,1.91995457116242,0.154293994546775,12.4434821770097,1.51741528673615e-35,2.34939982215601e-34,"Upregulated"
"ENSG00000008294.24","ENSG00000008294","SPAG9","protein_coding",2208.78937346803,1.03664785089331,0.0833684519146363,12.4345340123955,1.6972767621422e-35,2.62507308825665e-34,"Upregulated"
"ENSG00000136738.17","ENSG00000136738","STAM","protein_coding",526.525144451224,1.01031536172761,0.0813678299557106,12.4166438047756,2.12281521881761e-35,3.2776616582099e-34,"Upregulated"
"ENSG00000213606.3","ENSG00000213606","AKR1B10P1","processed_pseudogene",31.9704332306291,4.73117526907871,0.381675340991262,12.3958106824277,2.75346934068179e-35,4.22256906721276e-34,"Upregulated"
"ENSG00000157110.18","ENSG00000157110","RBPMS","protein_coding",391.117854335408,1.06272409752918,0.0857593379088705,12.391934492993,2.88986994074136e-35,4.42238597478603e-34,"Upregulated"
"ENSG00000109814.14","ENSG00000109814","UGDH","protein_coding",1107.58494278713,1.33712397329322,0.108037418423369,12.3764894867573,3.50334114163844e-35,5.34988617751573e-34,"Upregulated"
"ENSG00000130479.13","ENSG00000130479","MAP1S","protein_coding",648.709580222102,1.2127107726026,0.098026644980885,12.3712361352271,3.74020549712521e-35,5.69359853617002e-34,"Upregulated"
"ENSG00000134107.7","ENSG00000134107","BHLHE40","protein_coding",1378.11203014567,3.42202953823359,0.276702215597309,12.3671924015735,3.93330933949031e-35,5.9812716629479e-34,"Upregulated"
"ENSG00000134248.16","ENSG00000134248","LAMTOR5","protein_coding",628.138625074655,1.46559917590229,0.118512605971499,12.3666099811758,3.96192641975971e-35,6.01847355085511e-34,"Upregulated"
"ENSG00000163516.16","ENSG00000163516","ANKZF1","protein_coding",430.41206788425,1.17465068637583,0.0950254865457747,12.361427750333,4.22583723005838e-35,6.41265268460796e-34,"Upregulated"
"ENSG00000165861.16","ENSG00000165861","ZFYVE1","protein_coding",158.729544025053,1.58216246524386,0.128032819519556,12.3574757720789,4.43877032641977e-35,6.72873008059365e-34,"Upregulated"
"ENSG00000126603.11","ENSG00000126603","GLIS2","protein_coding",296.542416366078,2.1790830514288,0.176397511806342,12.3532527704875,4.67809775417057e-35,7.07672157134029e-34,"Upregulated"
"ENSG00000266028.10","ENSG00000266028","SRGAP2","protein_coding",251.596882697687,1.61897000502569,0.131319745734265,12.3284582678206,6.36529464235368e-35,9.56907157230183e-34,"Upregulated"
"ENSG00000064726.12","ENSG00000064726","BTBD1","protein_coding",1389.39912566571,1.10972398428549,0.0900594906570897,12.3221214797991,6.88586557996589e-35,1.03409289103488e-33,"Upregulated"
"ENSG00000111726.15","ENSG00000111726","CMAS","protein_coding",1047.72847321524,1.16371304312174,0.0944551391020565,12.3202723979304,7.04559010497529e-35,1.05589133196796e-33,"Upregulated"
"ENSG00000115520.11","ENSG00000115520","COQ10B","protein_coding",525.403206187889,1.35578199541209,0.110087876751771,12.3154523042454,7.47946651616743e-35,1.11975649537498e-33,"Upregulated"
"ENSG00000143751.12","ENSG00000143751","SDE2","protein_coding",568.240576651472,1.2898006936646,0.104777737165623,12.3098735337813,8.01486779398367e-35,1.19743777392177e-33,"Upregulated"
"ENSG00000127955.19","ENSG00000127955","GNAI1","protein_coding",250.532069875725,1.44457640884805,0.117471316751616,12.2972692295813,9.36882400459352e-35,1.39111677740337e-33,"Upregulated"
"ENSG00000145386.13","ENSG00000145386","CCNA2","protein_coding",573.819197694271,1.48502301085958,0.120813396488529,12.2918736996238,1.00157268421775e-34,1.48412999383268e-33,"Upregulated"
"ENSG00000086544.5","ENSG00000086544","ITPKC","protein_coding",642.025197636085,1.11825812151732,0.0910013520241374,12.2883682126032,1.04596078965153e-34,1.54832111988049e-33,"Upregulated"
"ENSG00000196562.18","ENSG00000196562","SULF2","protein_coding",132.971030616494,2.10236835225086,0.171241634525391,12.2772032518711,1.20077841132946e-34,1.77568170785576e-33,"Upregulated"
"ENSG00000100625.10","ENSG00000100625","SIX4","protein_coding",127.471734847722,1.51890589300839,0.12372786501004,12.2761828379172,1.21601531910103e-34,1.79455132427821e-33,"Upregulated"
"ENSG00000138434.18","ENSG00000138434","ITPRID2","protein_coding",2651.23618883851,1.1783468389439,0.0959950735544254,12.275076160818,1.23275750383358e-34,1.81740811246758e-33,"Upregulated"
"ENSG00000105856.16","ENSG00000105856","HBP1","protein_coding",851.376663708367,1.29538322131286,0.105530644301214,12.2749484748286,1.23470385607074e-34,1.81842767095297e-33,"Upregulated"
"ENSG00000151135.12","ENSG00000151135","TMEM263","protein_coding",605.106390911211,1.63356602065118,0.133111307895726,12.272180677023,1.27765261969276e-34,1.87786427632733e-33,"Upregulated"
"ENSG00000196428.15","ENSG00000196428","TSC22D2","protein_coding",614.343420644428,1.14728055711307,0.0934917945616398,12.2714572171,1.28912135666259e-34,1.89280108416963e-33,"Upregulated"
"ENSG00000164463.14","ENSG00000164463","CREBRF","protein_coding",467.057555776109,2.16800146624333,0.176818524110762,12.2611670759409,1.46376377689998e-34,2.14271360149843e-33,"Upregulated"
"ENSG00000066422.8","ENSG00000066422","ZBTB11","protein_coding",801.787100293083,1.22680193920106,0.100074508374163,12.2588854957373,1.50556310243467e-34,2.20167714232928e-33,"Upregulated"
"ENSG00000010017.15","ENSG00000010017","RANBP9","protein_coding",550.656950304944,1.29916897603073,0.106004542276812,12.25578591376,1.56425428585679e-34,2.28519890228192e-33,"Upregulated"
"ENSG00000162366.10","ENSG00000162366","PDZK1IP1","protein_coding",104.59115597155,1.63612327144832,0.133674643921264,12.2395932650624,1.9098730656101e-34,2.77890366132747e-33,"Upregulated"
"ENSG00000151849.18","ENSG00000151849","CPAP","protein_coding",305.773783360945,1.08830370452377,0.088943404600418,12.2359123693659,1.99846536159444e-34,2.90489067404479e-33,"Upregulated"
"ENSG00000085449.17","ENSG00000085449","WDFY1","protein_coding",1281.16597210949,1.44139052054285,0.11780324538471,12.2355756484951,2.00677059475472e-34,2.91404002597048e-33,"Upregulated"
"ENSG00000143217.11","ENSG00000143217","NECTIN4","protein_coding",219.13802596709,2.28264214269171,0.186560800154594,12.235379247946,2.01163064495915e-34,2.91817330397878e-33,"Upregulated"
"ENSG00000196352.20","ENSG00000196352","CD55","protein_coding",2269.96507398797,1.59334795045582,0.130254701872413,12.2325561192911,2.08279657974835e-34,3.01838880337131e-33,"Upregulated"
"ENSG00000080371.8","ENSG00000080371","RAB21","protein_coding",969.550336505614,1.04693413819535,0.085619044401497,12.2278185363284,2.20788574432484e-34,3.19328145776003e-33,"Upregulated"
"ENSG00000180628.17","ENSG00000180628","PCGF5","protein_coding",1163.15721719855,1.20989128593596,0.0990297325494644,12.2174548470241,2.5081461894257e-34,3.60953868690738e-33,"Upregulated"
"ENSG00000166595.13","ENSG00000166595","CIAO2B","protein_coding",483.014937323845,1.33647859390847,0.109426583288971,12.2134727571556,2.63401353758186e-34,3.78316394317506e-33,"Upregulated"
"ENSG00000055118.20","ENSG00000055118","KCNH2","protein_coding",282.063816393726,2.37883955108234,0.195009729984106,12.1985685087417,3.16336234996952e-34,4.52105001733317e-33,"Upregulated"
"ENSG00000106333.15","ENSG00000106333","PCOLCE","protein_coding",47.6274742104147,2.33633657578881,0.191875190784671,12.1763348676522,4.15539484965616e-34,5.90391981972716e-33,"Upregulated"
"ENSG00000115524.19","ENSG00000115524","SF3B1","protein_coding",5026.29908388872,1.02023334432349,0.0838414121663306,12.1686087812963,4.56801816214506e-34,6.47746763266205e-33,"Upregulated"
"ENSG00000155096.16","ENSG00000155096","AZIN1","protein_coding",5068.68516817361,1.44719279043829,0.119001400068143,12.1611408740536,5.00547076150841e-34,7.08391428474413e-33,"Upregulated"
"ENSG00000172795.18","ENSG00000172795","DCP2","protein_coding",600.635394985748,1.35899839373484,0.111798936260865,12.155736353017,5.3477755619928e-34,7.55360267489275e-33,"Upregulated"
"ENSG00000179532.14","ENSG00000179532","DNHD1","protein_coding",91.1020149347472,2.01297985534148,0.165694200948307,12.1487646750503,5.82389012197384e-34,8.21009879840903e-33,"Upregulated"
"ENSG00000204899.7","ENSG00000204899","MZT1","protein_coding",982.670366942313,1.14896152616787,0.0946113430178643,12.1440145496182,6.17217483549181e-34,8.69262951564114e-33,"Upregulated"
"ENSG00000089351.17","ENSG00000089351","GRAMD1A","protein_coding",585.135558020099,1.67717551050774,0.138119279266356,12.1429500603851,6.25301893229706e-34,8.79793692882029e-33,"Upregulated"
"ENSG00000163374.23","ENSG00000163374","YY1AP1","protein_coding",734.051936681818,1.08689348901677,0.0895407970941796,12.1385281825621,6.60025759155459e-34,9.26850126131872e-33,"Upregulated"
"ENSG00000211445.14","ENSG00000211445","GPX3","protein_coding",104.183947260412,2.16570805054081,0.17841551471995,12.1385634760531,6.59741163945128e-34,9.26850126131872e-33,"Upregulated"
"ENSG00000115548.19","ENSG00000115548","KDM3A","protein_coding",940.004839739592,1.34275232818059,0.11063754102555,12.1364982964553,6.76600960834731e-34,9.48288309904925e-33,"Upregulated"
"ENSG00000197461.15","ENSG00000197461","PDGFA","protein_coding",200.797611418199,2.98327534515091,0.245959949237201,12.1291102653216,7.40495929655322e-34,1.03683739251835e-32,"Upregulated"
"ENSG00000118194.24","ENSG00000118194","TNNT2","protein_coding",44.0216636115446,5.19345975451323,0.4284332404602,12.1219813591837,8.07822374793552e-34,1.12892592627851e-32,"Upregulated"
"ENSG00000078804.15","ENSG00000078804","TP53INP2","protein_coding",267.381528899294,2.49472350432879,0.205836575960075,12.1199232580155,8.28366680956176e-34,1.15540807896217e-32,"Upregulated"
"ENSG00000158122.14","ENSG00000158122","PRXL2C","protein_coding",201.133209495916,1.61962085988308,0.134197883849555,12.0689001452421,1.54181161279267e-33,2.12394808864937e-32,"Upregulated"
"ENSG00000171970.16","ENSG00000171970","ZNF57","protein_coding",133.265180251901,1.66303565265368,0.13784829391817,12.064245449718,1.63150833396689e-33,2.24324656317345e-32,"Upregulated"
"ENSG00000177105.12","ENSG00000177105","RHOG","protein_coding",696.77359628214,1.81093766979371,0.150152092691218,12.0606888477927,1.7035209691946e-33,2.34004036830029e-32,"Upregulated"
"ENSG00000184012.16","ENSG00000184012","TMPRSS2","protein_coding",1403.13830577479,1.1788627784603,0.0978585380839832,12.0466011606324,2.02113338441607e-33,2.76584183257391e-32,"Upregulated"
"ENSG00000072803.20","ENSG00000072803","FBXW11","protein_coding",1065.27804944121,1.20849231145537,0.100330889771208,12.0450672191903,2.05908494812547e-33,2.8151187800221e-32,"Upregulated"
"ENSG00000241095.1","ENSG00000241095","CYP51A1P1","processed_pseudogene",62.6932520520575,2.84157908509369,0.23620669294388,12.030053211781,2.47001522920875e-33,3.35792314274796e-32,"Upregulated"
"ENSG00000171813.16","ENSG00000171813","PWWP2B","protein_coding",406.637842371539,1.27844196773047,0.106374064043542,12.018361611221,2.84557705259592e-33,3.85763354969318e-32,"Upregulated"
"ENSG00000181218.6","ENSG00000181218","H2AC25","protein_coding",180.308594311969,3.01336797276714,0.251228729999201,11.9945197859207,3.7961236419307e-33,5.10802449571586e-32,"Upregulated"
"ENSG00000166579.18","ENSG00000166579","NDEL1","protein_coding",457.311685231124,1.16773296790253,0.0974172105009408,11.9869267647656,4.16056545435606e-33,5.58286245967852e-32,"Upregulated"
"ENSG00000105722.13","ENSG00000105722","ERF","protein_coding",1066.63064539862,1.76471512186238,0.147219278596613,11.9869838969784,4.15769755305444e-33,5.58286245967852e-32,"Upregulated"
"ENSG00000160789.27","ENSG00000160789","LMNA","protein_coding",3165.4400621931,1.02077767883543,0.0852498625968511,11.9739510157654,4.86552510924244e-33,6.49872717816972e-32,"Upregulated"
"ENSG00000111144.12","ENSG00000111144","LTA4H","protein_coding",1683.61168015182,1.65700535922925,0.138464653159334,11.9669917298136,5.29124784322094e-33,7.06084380699428e-32,"Upregulated"
"ENSG00000158711.16","ENSG00000158711","ELK4","protein_coding",592.325404368323,1.09049996403255,0.0911634111318447,11.9620355413799,5.61679454124216e-33,7.48837042241779e-32,"Upregulated"
"ENSG00000115239.26","ENSG00000115239","ASB3","protein_coding",208.957796417151,1.35154128306955,0.113025460265192,11.9578480804097,5.90729670004049e-33,7.86843233244364e-32,"Upregulated"
"ENSG00000105655.21","ENSG00000105655","ISYNA1","protein_coding",33.4674378690329,3.01679241768065,0.252294982017278,11.9574015842854,5.93913906139209e-33,7.90358156819965e-32,"Upregulated"
"ENSG00000109323.13","ENSG00000109323","MANBA","protein_coding",350.113593992751,1.56708896202754,0.131066106148463,11.9564775980484,6.00557654905622e-33,7.98466195861677e-32,"Upregulated"
"ENSG00000097033.17","ENSG00000097033","SH3GLB1","protein_coding",1094.30869481433,1.17017663512107,0.0978732584390913,11.9560404321196,6.03726684690752e-33,8.01943823514059e-32,"Upregulated"
"ENSG00000204592.11","ENSG00000204592","HLA-E","protein_coding",2135.95709858082,1.64399387263867,0.137507913537448,11.9556309913099,6.06709793266325e-33,8.05168344690072e-32,"Upregulated"
"ENSG00000168758.13","ENSG00000168758","SEMA4C","protein_coding",271.438284809501,1.0174439622951,0.0851526160831673,11.9484756792601,6.61269725527163e-33,8.74372341454347e-32,"Upregulated"
"ENSG00000123384.15","ENSG00000123384","LRP1","protein_coding",3150.81058278196,1.25152190502479,0.104750083853188,11.9476935863732,6.67521030735866e-33,8.81833616902841e-32,"Upregulated"
"ENSG00000185650.12","ENSG00000185650","ZFP36L1","protein_coding",1101.21141724697,1.34155702664175,0.112358840198294,11.9399330241763,7.32821793252206e-33,9.65459402528269e-32,"Upregulated"
"ENSG00000070770.12","ENSG00000070770","CSNK2A2","protein_coding",1841.11433620961,1.65108577832596,0.138281797706376,11.9400080539294,7.32161048135817e-33,9.65459402528269e-32,"Upregulated"
"ENSG00000164828.20","ENSG00000164828","SUN1","protein_coding",1839.50904186013,1.00293695173117,0.084081369171816,11.9281710277782,8.44076418963473e-33,1.11001410740641e-31,"Upregulated"
"ENSG00000184545.13","ENSG00000184545","DUSP8","protein_coding",624.725891024243,1.65427812826399,0.138784827711193,11.9197332701705,9.34071009105855e-33,1.22392016853183e-31,"Upregulated"
"ENSG00000139800.9","ENSG00000139800","ZIC5","protein_coding",317.846453279835,1.11465135249097,0.0936514892268787,11.9021209560334,1.15376983151944e-32,1.50363600704853e-31,"Upregulated"
"ENSG00000134531.12","ENSG00000134531","EMP1","protein_coding",1267.82892741918,1.68949620321773,0.141984907095067,11.899125321021,1.19594049892512e-32,1.55440087088994e-31,"Upregulated"
"ENSG00000206075.16","ENSG00000206075","SERPINB5","protein_coding",485.353619863816,2.5077534161379,0.210752698874564,11.8990334621075,1.19725753664384e-32,1.55471829937657e-31,"Upregulated"
"ENSG00000151461.22","ENSG00000151461","UPF2","protein_coding",662.742995677594,1.03409617600332,0.0869632697188202,11.8911832472132,1.31529851869248e-32,1.70494688129619e-31,"Upregulated"
"ENSG00000168172.11","ENSG00000168172","HOOK3","protein_coding",515.142325704848,1.33989309897651,0.112774642462813,11.8811558140682,1.48302437899439e-32,1.92064247545904e-31,"Upregulated"
"ENSG00000159713.13","ENSG00000159713","TPPP3","protein_coding",183.586630688286,2.53346269355289,0.213298079983849,11.8775691452297,1.54803847689694e-32,2.00305121492772e-31,"Upregulated"
"ENSG00000162496.12","ENSG00000162496","DHRS3","protein_coding",1044.45145621048,1.02601406741528,0.0864917304588413,11.8625683862752,1.85205361326341e-32,2.38789688286595e-31,"Upregulated"
"ENSG00000108840.19","ENSG00000108840","HDAC5","protein_coding",673.20054924163,1.75777592433773,0.148203363015097,11.8605670517657,1.89686107908216e-32,2.44349428960522e-31,"Upregulated"
"ENSG00000131876.20","ENSG00000131876","SNRPA1","protein_coding",443.140822093419,1.19942206727836,0.101143596068441,11.85860611943,1.94180776583494e-32,2.49917212633037e-31,"Upregulated"
"ENSG00000103160.14","ENSG00000103160","HSDL1","protein_coding",250.450590233359,1.43189869813024,0.121159315236894,11.8183128992646,3.13925558916273e-32,4.01182469119456e-31,"Upregulated"
"ENSG00000164111.17","ENSG00000164111","ANXA5","protein_coding",1318.52767735196,1.01842957342291,0.0862366079713039,11.8097128050514,3.47747064280311e-32,4.43232230039601e-31,"Upregulated"
"ENSG00000065882.20","ENSG00000065882","TBC1D1","protein_coding",513.768097667042,1.99199513369347,0.168733567545535,11.8055652035918,3.6532784888498e-32,4.65231211427165e-31,"Upregulated"
"ENSG00000165006.16","ENSG00000165006","UBAP1","protein_coding",660.785632687702,1.12306575134002,0.0951308586635412,11.8054831746245,3.65684307562947e-32,4.6527629369642e-31,"Upregulated"
"ENSG00000150991.18","ENSG00000150991","UBC","protein_coding",10317.6277124665,1.68250191115086,0.142599017087364,11.7988324570293,3.95764340381455e-32,5.026658037518e-31,"Upregulated"
"ENSG00000112640.18","ENSG00000112640","PPP2R5D","protein_coding",959.97236088205,1.71791470446473,0.145617734585892,11.7974277607747,4.02425156045628e-32,5.10231440193634e-31,"Upregulated"
"ENSG00000078902.18","ENSG00000078902","TOLLIP","protein_coding",856.332151821668,1.03116914394565,0.0874059428431967,11.7974717782694,4.02214753375649e-32,5.10231440193634e-31,"Upregulated"
"ENSG00000189067.17","ENSG00000189067","LITAF","protein_coding",1084.74047798591,1.09203310218704,0.0926398354933141,11.7879430201045,4.50407538043233e-32,5.69572952994985e-31,"Upregulated"
"ENSG00000141452.13","ENSG00000141452","RMC1","protein_coding",272.449356507432,1.69635190773067,0.143938880088108,11.785223746998,4.65183175400682e-32,5.8774495012264e-31,"Upregulated"
"ENSG00000052344.18","ENSG00000052344","PRSS8","protein_coding",3517.92660873589,1.48478439994472,0.126006933724611,11.783354741333,4.75616830632909e-32,6.0040410361778e-31,"Upregulated"
"ENSG00000134202.14","ENSG00000134202","GSTM3","protein_coding",127.275050368458,2.45534870412637,0.208538003951973,11.7741066740614,5.30763887077532e-32,6.67693598222881e-31,"Upregulated"
"ENSG00000143797.14","ENSG00000143797","MBOAT2","protein_coding",635.399473172008,1.38663859476658,0.117781452726768,11.7729792141666,5.3790711177254e-32,6.76092789575685e-31,"Upregulated"
"ENSG00000291110.2","ENSG00000291110","TRIM16L","lncRNA",58.784535447436,2.11760720579325,0.179947131962173,11.7679408540859,5.71012893714161e-32,7.17081356646934e-31,"Upregulated"
"ENSG00000124813.25","ENSG00000124813","RUNX2","protein_coding",363.970861946902,1.08478232865878,0.0921844216624846,11.7675232875084,5.73845726523499e-32,7.20014915045761e-31,"Upregulated"
"ENSG00000110330.12","ENSG00000110330","BIRC2","protein_coding",655.774267647376,1.00518312190332,0.0854574118388591,11.7623866704356,6.09856187225108e-32,7.64535974504003e-31,"Upregulated"
"ENSG00000007171.21","ENSG00000007171","NOS2","protein_coding",149.723693412196,3.03389503652668,0.258024142674981,11.7581828005463,6.40990316010775e-32,8.02178899795177e-31,"Upregulated"
"ENSG00000148339.15","ENSG00000148339","SLC25A25","protein_coding",573.97140985152,1.7821561971869,0.151611449110757,11.7547599976106,6.67501413513635e-32,8.3463593482654e-31,"Upregulated"
"ENSG00000123091.7","ENSG00000123091","RNF11","protein_coding",1086.05232532924,1.25338979214509,0.106891598226452,11.7258027098609,9.40056658422276e-32,1.16938206814211e-30,"Upregulated"
"ENSG00000111711.11","ENSG00000111711","GOLT1B","protein_coding",909.827429193613,1.22636962243981,0.104624491592256,11.721630411541,9.87529013299886e-32,1.22738168616998e-30,"Upregulated"
"ENSG00000156171.17","ENSG00000156171","DRAM2","protein_coding",948.981689325284,1.15357902628781,0.0984690363684424,11.7151448702255,1.06608851083552e-31,1.32275297080722e-30,"Upregulated"
"ENSG00000070540.15","ENSG00000070540","WIPI1","protein_coding",453.500005548467,1.5722763931269,0.13443704063498,11.6952618541783,1.34770859175867e-31,1.66504628403808e-30,"Upregulated"
"ENSG00000171928.16","ENSG00000171928","TVP23B","protein_coding",257.50415529539,1.25638566178557,0.107428533452427,11.6950834327636,1.35054406287355e-31,1.66712815665788e-30,"Upregulated"
"ENSG00000160570.16","ENSG00000160570","DEDD2","protein_coding",762.23160820942,1.79533825657633,0.153532228649417,11.6935595371048,1.37500438156289e-31,1.69443567156543e-30,"Upregulated"
"ENSG00000167994.15","ENSG00000167994","RAB3IL1","protein_coding",231.73717453681,1.7690207747797,0.151371696236971,11.6866020448785,1.49238769658015e-31,1.82820646651221e-30,"Upregulated"
"ENSG00000119314.19","ENSG00000119314","PTBP3","protein_coding",6883.26909336992,1.09854342890758,0.0942247887538515,11.6587518362855,2.07055344436944e-31,2.51732051307063e-30,"Upregulated"
"ENSG00000130309.14","ENSG00000130309","COLGALT1","protein_coding",1684.02478602361,1.17884004035315,0.10127462312375,11.640033840587,2.57913261860017e-31,3.12253883949488e-30,"Upregulated"
"ENSG00000108349.20","ENSG00000108349","CASC3","protein_coding",2241.69970392013,1.08908424791175,0.0936283816632263,11.6319883839186,2.83417741944364e-31,3.42559626043179e-30,"Upregulated"
"ENSG00000185963.15","ENSG00000185963","BICD2","protein_coding",835.60498832133,1.38113326935966,0.118828725863198,11.6228905033426,3.15285401501146e-31,3.78865343163732e-30,"Upregulated"
"ENSG00000100417.14","ENSG00000100417","PMM1","protein_coding",322.75500868707,1.317949548025,0.113394234569919,11.6227209701067,3.15911810800447e-31,3.79303559413428e-30,"Upregulated"
"ENSG00000143061.20","ENSG00000143061","IGSF3","protein_coding",688.154664741456,1.13908622379886,0.0980097121157834,11.6221770190816,3.17930012184139e-31,3.81410739782495e-30,"Upregulated"
"ENSG00000162344.6","ENSG00000162344","FGF19","protein_coding",107.949502929142,2.51684895975384,0.216764094657235,11.6110048748326,3.6233220649982e-31,4.33960193107057e-30,"Upregulated"
"ENSG00000108474.18","ENSG00000108474","PIGL","protein_coding",190.176222846554,1.69012451604752,0.145590806595793,11.6087310426121,3.72096574688601e-31,4.45286834053444e-30,"Upregulated"
"ENSG00000158604.18","ENSG00000158604","TMED4","protein_coding",1564.0264265335,1.09844687089981,0.0946834037851359,11.6012609072706,4.06051012365168e-31,4.84719215090281e-30,"Upregulated"
"ENSG00000105556.14","ENSG00000105556","MIER2","protein_coding",251.836017170784,1.14234586967726,0.0985086144125573,11.5964058218612,4.29750455904483e-31,5.12587951190763e-30,"Upregulated"
"ENSG00000102996.7","ENSG00000102996","MMP15","protein_coding",884.057532945587,1.45164078164561,0.125231360323931,11.5916714303087,4.54181959442094e-31,5.41283302321943e-30,"Upregulated"
"ENSG00000114698.17","ENSG00000114698","PLSCR4","protein_coding",81.4375482648209,1.77679154627837,0.153376933905683,11.5844768899278,4.93972927905177e-31,5.86294485765915e-30,"Upregulated"
"ENSG00000130513.8","ENSG00000130513","GDF15","protein_coding",7096.19616168555,2.15609807761431,0.186161335129564,11.5818791056355,5.09175300459833e-31,6.03349832728038e-30,"Upregulated"
"ENSG00000088448.16","ENSG00000088448","ANKRD10","protein_coding",968.825442322004,1.66592389173291,0.143881437946368,11.5784490029484,5.29962078698369e-31,6.26955954652797e-30,"Upregulated"
"ENSG00000136147.20","ENSG00000136147","PHF11","protein_coding",182.860872739763,1.12715909258664,0.0973952940399435,11.573034443783,5.64502046506592e-31,6.65102736420612e-30,"Upregulated"
"ENSG00000221926.15","ENSG00000221926","TRIM16","protein_coding",284.259369652576,1.66097827535745,0.143787049117391,11.5516542383549,7.24130589387766e-31,8.49037257395429e-30,"Upregulated"
"ENSG00000166233.17","ENSG00000166233","ARIH1","protein_coding",1463.33094494323,1.37646050695962,0.119176542738316,11.5497603415297,7.40265709942458e-31,8.67253893976241e-30,"Upregulated"
"ENSG00000035115.24","ENSG00000035115","SH3YL1","protein_coding",2936.60906066089,1.60209196523584,0.138731434357344,11.5481539757542,7.54230571547217e-31,8.81476567972764e-30,"Upregulated"
"ENSG00000173812.13","ENSG00000173812","EIF1","protein_coding",9994.34083073514,1.89940723990998,0.164537486112019,11.5439179532428,7.92322859826484e-31,9.25249225189799e-30,"Upregulated"
"ENSG00000165233.20","ENSG00000165233","CARD19","protein_coding",325.640636711131,1.30710881955335,0.113257342968508,11.5410514258382,8.19177312383008e-31,9.55838777057532e-30,"Upregulated"
"ENSG00000090238.14","ENSG00000090238","YPEL3","protein_coding",171.842394308502,2.42301707096862,0.209965443162975,11.5400755213222,8.28524481315562e-31,9.65967560999607e-30,"Upregulated"
"ENSG00000150457.11","ENSG00000150457","LATS2","protein_coding",999.126197969898,2.26800684383088,0.196732945876272,11.5283529849508,9.49426601010925e-31,1.10190243596521e-29,"Upregulated"
"ENSG00000204516.11","ENSG00000204516","MICB","protein_coding",29.0859331437961,3.67811290014595,0.319202148471216,11.5228325303005,1.0122762189326e-30,1.1707826787527e-29,"Upregulated"
"ENSG00000110713.20","ENSG00000110713","NUP98","protein_coding",2923.05142628009,1.15018996958778,0.0999122802194664,11.5119979952543,1.14787722926655e-30,1.32655795905349e-29,"Upregulated"
"ENSG00000129946.13","ENSG00000129946","SHC2","protein_coding",40.4316544128581,3.05136243181649,0.265093153749042,11.510528992028,1.16759980084432e-30,1.3482754034929e-29,"Upregulated"
"ENSG00000063660.11","ENSG00000063660","GPC1","protein_coding",530.037352151958,1.03674025036291,0.0900798996104122,11.5091186252063,1.18685151510095e-30,1.3683255494704e-29,"Upregulated"
"ENSG00000013441.19","ENSG00000013441","CLK1","protein_coding",674.704592506766,1.67325010970512,0.145414904897128,11.506730420027,1.22017196685157e-30,1.40450612737196e-29,"Upregulated"
"ENSG00000189077.13","ENSG00000189077","TMEM120A","protein_coding",567.677081047688,1.57894711098379,0.137355080663606,11.4953673599506,1.3918760499293e-30,1.60087839012504e-29,"Upregulated"
"ENSG00000157601.17","ENSG00000157601","MX1","protein_coding",71.5250694926125,1.9390736857585,0.16872148448185,11.492749081206,1.43472275867455e-30,1.64885029490179e-29,"Upregulated"
"ENSG00000176428.8","ENSG00000176428","VPS37D","protein_coding",66.9147307131421,2.84840840899987,0.247874300625956,11.491342191614,1.45828385983993e-30,1.67459981749606e-29,"Upregulated"
"ENSG00000100292.19","ENSG00000100292","HMOX1","protein_coding",162.812093648112,3.10128348907521,0.269936565346963,11.488934391267,1.49950155757233e-30,1.71649104046905e-29,"Upregulated"
"ENSG00000218283.2","ENSG00000218283","MORF4L1P1","processed_pseudogene",342.870363627208,1.19200027472795,0.103756627448129,11.4884254051518,1.50836154555243e-30,1.72471896058362e-29,"Upregulated"
"ENSG00000137203.15","ENSG00000137203","TFAP2A","protein_coding",117.198468656063,2.18261993079621,0.190049213946381,11.4844985963057,1.57848574960996e-30,1.79979665486605e-29,"Upregulated"
"ENSG00000090013.13","ENSG00000090013","BLVRB","protein_coding",616.987994504521,1.32588246318628,0.116079546222264,11.4221885451511,3.23971325508903e-30,3.64518047303961e-29,"Upregulated"
"ENSG00000140743.10","ENSG00000140743","CDR2","protein_coding",583.415223468,1.55574262527487,0.136206458994341,11.421944574152,3.24882217000184e-30,3.65259355218516e-29,"Upregulated"
"ENSG00000170412.20","ENSG00000170412","GPRC5C","protein_coding",740.126209772123,1.55034435230623,0.135737592996442,11.4216284382387,3.26066325693778e-30,3.66250707016907e-29,"Upregulated"
"ENSG00000269821.2","ENSG00000269821","KCNQ1OT1","lncRNA",47.7756433977544,2.58551539514454,0.226493928586222,11.4153850007519,3.50349156137837e-30,3.9297677792179e-29,"Upregulated"
"ENSG00000133731.12","ENSG00000133731","IMPA1","protein_coding",264.454353306372,1.51438452393707,0.132701090949287,11.4119975435305,3.64266606589244e-30,4.08271590308687e-29,"Upregulated"
"ENSG00000137309.23","ENSG00000137309","HMGA1","protein_coding",2983.72501334872,1.30018999079922,0.114005855303148,11.4045895918411,3.96643485285202e-30,4.43530662712434e-29,"Upregulated"
"ENSG00000084764.14","ENSG00000084764","MAPRE3","protein_coding",711.276342230305,1.28597269532255,0.112885146313807,11.3918680828716,4.59041245637642e-30,5.11725056290824e-29,"Upregulated"
"ENSG00000144136.13","ENSG00000144136","SLC20A1","protein_coding",1376.1048245933,1.89315181115665,0.166205287940437,11.3904427146451,4.66612863535198e-30,5.19366637354232e-29,"Upregulated"
"ENSG00000117266.18","ENSG00000117266","CDK18","protein_coding",366.781868602999,1.03212676645791,0.0906148915225117,11.3902554990258,4.67616526088774e-30,5.200843204972e-29,"Upregulated"
"ENSG00000160058.21","ENSG00000160058","BSDC1","protein_coding",626.120254233224,1.02441122931204,0.090015896065576,11.3803369636599,5.23968859848541e-30,5.80976030369171e-29,"Upregulated"
"ENSG00000244055.3","ENSG00000244055","ENSG00000244055","lncRNA",30.4043621662636,3.52643806857534,0.309932554322128,11.3780821646446,5.37691667633877e-30,5.95736058665914e-29,"Upregulated"
"ENSG00000185591.12","ENSG00000185591","SP1","protein_coding",2267.47957891144,1.03321230312473,0.0909454735072582,11.3607886492808,6.55501882046338e-30,7.21849033025496e-29,"Upregulated"
"ENSG00000088367.25","ENSG00000088367","EPB41L1","protein_coding",3306.07364854507,1.03240113914604,0.0908788270342386,11.360194369114,6.59976362091372e-30,7.26224558802442e-29,"Upregulated"
"ENSG00000196756.16","ENSG00000196756","SNHG17","lncRNA",312.087161334375,1.41935424224698,0.12504338688873,11.350894098142,7.34081771869e-30,8.0593280590345e-29,"Upregulated"
"ENSG00000196821.12","ENSG00000196821","ILRUN","protein_coding",1605.59137390159,1.13506098150032,0.1000306936047,11.3471269727054,7.66397177522224e-30,8.4013826752285e-29,"Upregulated"
"ENSG00000162616.11","ENSG00000162616","DNAJB4","protein_coding",167.022111000507,2.08229453773035,0.183946720279804,11.3200960286921,1.04357544126902e-29,1.1405350901109e-28,"Upregulated"
"ENSG00000162729.16","ENSG00000162729","IGSF8","protein_coding",540.802536853369,1.39439735420277,0.123235977516901,11.314856118308,1.10783906781455e-29,1.20834290035078e-28,"Upregulated"
"ENSG00000196878.17","ENSG00000196878","LAMB3","protein_coding",5743.54901272191,1.63639627921345,0.14465802595654,11.3121706755841,1.14228074629519e-29,1.24185540699999e-28,"Upregulated"
"ENSG00000153317.17","ENSG00000153317","ASAP1","protein_coding",401.351662595394,1.48063521108604,0.130965828343799,11.3055079314217,1.23238967678655e-29,1.33481249596343e-28,"Upregulated"
"ENSG00000197265.11","ENSG00000197265","GTF2E2","protein_coding",616.004946381351,1.08432833455488,0.0959167682883832,11.3048881223223,1.24112245370214e-29,1.34326710971258e-28,"Upregulated"
"ENSG00000128590.7","ENSG00000128590","DNAJB9","protein_coding",631.559867070032,1.17044322732127,0.103586644630453,11.2991711576028,1.32462273153762e-29,1.43150131435072e-28,"Upregulated"
"ENSG00000212907.2","ENSG00000212907","MT-ND4L","protein_coding",3817.90058834704,1.50021241971424,0.13279513730285,11.2971939348418,1.35477999377664e-29,1.46300086958353e-28,"Upregulated"
"ENSG00000198886.2","ENSG00000198886","MT-ND4","protein_coding",33553.8178909425,1.55443993060006,0.137610471203126,11.2959422128972,1.37422284867467e-29,1.48289184832415e-28,"Upregulated"
"ENSG00000111674.11","ENSG00000111674","ENO2","protein_coding",43.3382256215092,2.21484197150499,0.196238017455448,11.2865080896357,1.52994851780437e-29,1.64847687137702e-28,"Upregulated"
"ENSG00000185033.17","ENSG00000185033","SEMA4B","protein_coding",940.327914397073,1.38953280959991,0.123146729047583,11.2835543448581,1.58221374459499e-29,1.70238765163008e-28,"Upregulated"
"ENSG00000143891.19","ENSG00000143891","GALM","protein_coding",334.045750757984,1.50448934539803,0.133416955212286,11.2765978132553,1.71241140004597e-29,1.83688127383169e-28,"Upregulated"
"ENSG00000100814.21","ENSG00000100814","CCNB1IP1","protein_coding",1939.90257594051,1.59228097169113,0.14128345466153,11.2701163452275,1.84326173027192e-29,1.97431995529199e-28,"Upregulated"
"ENSG00000101266.21","ENSG00000101266","CSNK2A1","protein_coding",2531.65456500215,1.18421817100031,0.105088980140335,11.2687188458668,1.87274976547143e-29,2.00442316109394e-28,"Upregulated"
"ENSG00000123908.13","ENSG00000123908","AGO2","protein_coding",1722.29907995484,1.05551434684592,0.0937798553207397,11.2552353939545,2.18242625643166e-29,2.33070901313247e-28,"Upregulated"
"ENSG00000182749.8","ENSG00000182749","PAQR7","protein_coding",92.7693831130663,2.16329928770542,0.192378373841124,11.2450232555349,2.45032097075246e-29,2.60911473241327e-28,"Upregulated"
"ENSG00000101955.17","ENSG00000101955","SRPX","protein_coding",75.6569865477263,2.3922272345985,0.21274174977248,11.2447473857713,2.45799335490995e-29,2.61536267983517e-28,"Upregulated"
"ENSG00000188522.18","ENSG00000188522","FAM83G","protein_coding",1271.85756984782,1.40787317321254,0.125227976535412,11.2424812103741,2.52192826288269e-29,2.67945633326217e-28,"Upregulated"
"ENSG00000164611.15","ENSG00000164611","PTTG1","protein_coding",696.459896881863,1.71560232546672,0.152672487637413,11.2371413606698,2.67917936216604e-29,2.84236217543999e-28,"Upregulated"
"ENSG00000128849.13","ENSG00000128849","CGNL1","protein_coding",58.5037175437785,3.15779478944216,0.281293962775772,11.2259600536089,3.04065907007827e-29,3.2211426347642e-28,"Upregulated"
"ENSG00000128524.6","ENSG00000128524","ATP6V1F","protein_coding",818.203448362224,1.04962107590423,0.0935133880360203,11.2242866818164,3.09876886558039e-29,3.27790937226211e-28,"Upregulated"
"ENSG00000154217.17","ENSG00000154217","PITPNC1","protein_coding",87.8603951252391,1.69143523282814,0.150702150864307,11.2236966966127,3.11951843750022e-29,3.29745158251299e-28,"Upregulated"
"ENSG00000168884.17","ENSG00000168884","TNIP2","protein_coding",252.185002445198,1.34425984131964,0.11979905283489,11.2209555043171,3.21774796710017e-29,3.39632946389043e-28,"Upregulated"
"ENSG00000132510.13","ENSG00000132510","KDM6B","protein_coding",621.494320857196,1.4218195547827,0.126718501030787,11.2202996659285,3.2417010251732e-29,3.41663500049527e-28,"Upregulated"
"ENSG00000140299.16","ENSG00000140299","BNIP2","protein_coding",612.670588164784,1.01283931792655,0.0903884555090188,11.2054057370799,3.83592108952815e-29,4.03411962477808e-28,"Upregulated"
"ENSG00000152669.10","ENSG00000152669","CCNO","protein_coding",93.8767285895963,1.82638440469772,0.163031542995497,11.2026444155544,3.95741162117853e-29,4.1528464311455e-28,"Upregulated"
"ENSG00000116005.14","ENSG00000116005","PCYOX1","protein_coding",1314.97754301164,1.01841650549034,0.0910069982634789,11.1905295738012,4.53715634899121e-29,4.74747074437406e-28,"Upregulated"
"ENSG00000068028.20","ENSG00000068028","RASSF1","protein_coding",321.985484601017,1.43709487585836,0.128451488531169,11.1878413577874,4.67680865823223e-29,4.8900657341343e-28,"Upregulated"
"ENSG00000182481.12","ENSG00000182481","KPNA2","protein_coding",1877.90406764383,1.24922007503312,0.111662361725231,11.1874767444655,4.69607580933809e-29,4.90667127822117e-28,"Upregulated"
"ENSG00000204618.11","ENSG00000204618","RNF39","protein_coding",63.8090441572647,2.62358405507289,0.234595346535511,11.1834445730395,4.91446972701975e-29,5.12746546320879e-28,"Upregulated"
"ENSG00000117625.16","ENSG00000117625","RCOR3","protein_coding",357.069371730201,1.33259255691522,0.119265020207186,11.1733730024131,5.50499081410788e-29,5.73532184601376e-28,"Upregulated"
"ENSG00000079313.17","ENSG00000079313","REXO1","protein_coding",530.255890688157,1.17508213805189,0.105212535572666,11.1686514506659,5.80555813285206e-29,6.044119860725e-28,"Upregulated"
"ENSG00000183077.18","ENSG00000183077","AFMID","protein_coding",271.182083347536,1.12700154346899,0.100922150268579,11.1670385586291,5.91191898671195e-29,6.15043287547951e-28,"Upregulated"
"ENSG00000113924.14","ENSG00000113924","HGD","protein_coding",166.5507474638,1.56974622758099,0.140621633743396,11.1629070562886,6.19326815727028e-29,6.42928668589977e-28,"Upregulated"
"ENSG00000160213.12","ENSG00000160213","CSTB","protein_coding",1245.39063600242,1.42275986425568,0.127511571513725,11.1578882399903,6.55296525791421e-29,6.78810382542478e-28,"Upregulated"
"ENSG00000118263.18","ENSG00000118263","KLF7","protein_coding",496.318670194296,1.72942522419306,0.155022127966158,11.1559894505551,6.69439021512923e-29,6.92965021411806e-28,"Upregulated"
"ENSG00000147533.20","ENSG00000147533","GOLGA7","protein_coding",557.484282769517,1.11938759089195,0.100408558939186,11.1483284166037,7.29641615898004e-29,7.54205870013828e-28,"Upregulated"
"ENSG00000111912.22","ENSG00000111912","NCOA7","protein_coding",991.919291476184,1.47316107735888,0.132216802759285,11.1420110501457,7.83303038850291e-29,8.09096766858049e-28,"Upregulated"
"ENSG00000273611.7","ENSG00000273611","ZNHIT3","protein_coding",349.613668085393,1.11242014468884,0.099932955587751,11.131664605997,8.79770372488236e-29,9.05513653274113e-28,"Upregulated"
"ENSG00000278311.7","ENSG00000278311","GGNBP2","protein_coding",1098.00013204051,1.25021806370677,0.112313722576707,11.1314809537446,8.81585079275293e-29,9.06737471175128e-28,"Upregulated"
"ENSG00000116604.21","ENSG00000116604","MEF2D","protein_coding",1014.09073468171,1.85337169055315,0.16652093163294,11.1299622959023,8.96734284382872e-29,9.21664769452239e-28,"Upregulated"
"ENSG00000116212.18","ENSG00000116212","LRRC42","protein_coding",704.32371433013,1.53114979856564,0.137607333170087,11.1269491479287,9.2756032214319e-29,9.52672160772439e-28,"Upregulated"
"ENSG00000169967.19","ENSG00000169967","MAP3K2","protein_coding",1082.43866260797,1.08738771632114,0.0979574006989785,11.1006183153294,1.24579021523078e-28,1.27409963296573e-27,"Upregulated"
"ENSG00000162734.15","ENSG00000162734","PEA15","protein_coding",1548.97827382545,1.14813037346007,0.103509933418908,11.0919825328604,1.3721260213032e-28,1.39935610842547e-27,"Upregulated"
"ENSG00000140519.16","ENSG00000140519","RHCG","protein_coding",23.5722216771833,4.57875259308865,0.413029569374314,11.0857743188335,1.47072372696322e-28,1.49780240696774e-27,"Upregulated"
"ENSG00000073150.15","ENSG00000073150","PANX2","protein_coding",25.3722439630988,4.99602609543778,0.450757469915774,11.0836235201411,1.50649620870671e-28,1.53315611352371e-27,"Upregulated"
"ENSG00000118689.17","ENSG00000118689","FOXO3","protein_coding",987.975213037833,1.54636442069812,0.139527214371759,11.0828875044975,1.51893492288449e-28,1.54473016859242e-27,"Upregulated"
"ENSG00000204498.12","ENSG00000204498","NFKBIL1","protein_coding",225.100129080778,1.33276592103454,0.120259367370127,11.0824291710485,1.52673221178445e-28,1.55157105281769e-27,"Upregulated"
"ENSG00000142186.20","ENSG00000142186","SCYL1","protein_coding",922.437776374885,1.07134874827717,0.0966822233346562,11.0811347869898,1.54896768243486e-28,1.5719635611937e-27,"Upregulated"
"ENSG00000197157.13","ENSG00000197157","SND1","protein_coding",6156.16729452644,1.17911400906304,0.106439140529328,11.0778234698179,1.6073237912196e-28,1.62776634398004e-27,"Upregulated"
"ENSG00000101447.16","ENSG00000101447","FAM83D","protein_coding",521.533677644428,1.23095519227317,0.111128174067337,11.0768956891821,1.62406189914561e-28,1.642421845249e-27,"Upregulated"
"ENSG00000231925.16","ENSG00000231925","TAPBP","protein_coding",1389.94037666834,1.27563018134873,0.115167111707236,11.0763408271581,1.63415468596251e-28,1.65147626980256e-27,"Upregulated"
"ENSG00000108479.15","ENSG00000108479","GALK1","protein_coding",227.563042083069,1.37880591232961,0.124527260933106,11.0723218514401,1.70914004504466e-28,1.7236504894076e-27,"Upregulated"
"ENSG00000065485.22","ENSG00000065485","PDIA5","protein_coding",568.849937051011,1.09353558566837,0.0987721966747628,11.0712895175265,1.72894591323559e-28,1.74241197319959e-27,"Upregulated"
"ENSG00000127184.15","ENSG00000127184","COX7C","protein_coding",1755.51450879558,1.03645951980134,0.0936977087248791,11.0617381567425,1.92333705211547e-28,1.93428178759593e-27,"Upregulated"
"ENSG00000151692.17","ENSG00000151692","RNF144A","protein_coding",67.5920253496802,1.89650507470366,0.171676949703846,11.0469406520518,2.2681304841502e-28,2.27472297413873e-27,"Upregulated"
"ENSG00000165775.20","ENSG00000165775","FUNDC2","protein_coding",373.639905437041,1.14137280377993,0.103354077480704,11.0433263166905,2.3612681100905e-28,2.36322496211543e-27,"Upregulated"
"ENSG00000151746.17","ENSG00000151746","BICD1","protein_coding",238.574319332649,1.42222884484949,0.128836614061537,11.0390113494459,2.4774399160571e-28,2.47726136923205e-27,"Upregulated"
"ENSG00000087460.30","ENSG00000087460","GNAS","protein_coding",25881.9586502331,1.06027898668899,0.0960487397279028,11.0389682331352,2.47862888861887e-28,2.47726136923205e-27,"Upregulated"
"ENSG00000185436.14","ENSG00000185436","IFNLR1","protein_coding",234.120587554828,1.56012314597061,0.141374085677775,11.0354251876578,2.57829099164107e-28,2.57509256036268e-27,"Upregulated"
"ENSG00000099337.7","ENSG00000099337","KCNK6","protein_coding",238.553013918569,1.14956422767898,0.104216410807118,11.0305490159949,2.72198255418984e-28,2.71486381110249e-27,"Upregulated"
"ENSG00000165215.6","ENSG00000165215","CLDN3","protein_coding",2092.64006496731,1.61354794097908,0.146287683708938,11.0299643829858,2.73973530675394e-28,2.73069078854732e-27,"Upregulated"
"ENSG00000115310.21","ENSG00000115310","RTN4","protein_coding",3988.8874799225,1.10974551906368,0.100660295570029,11.0246598500363,2.90615088008177e-28,2.89059290007859e-27,"Upregulated"
"ENSG00000100075.12","ENSG00000100075","SLC25A1","protein_coding",714.533289755337,1.24964835699555,0.113385364010848,11.0212492405633,3.01840634484709e-28,3.00018825442551e-27,"Upregulated"
"ENSG00000157111.15","ENSG00000157111","TMEM171","protein_coding",127.403355290484,1.43167953788378,0.129928252442464,11.0190009560682,3.09474699057071e-28,3.07395979351273e-27,"Upregulated"
"ENSG00000159346.15","ENSG00000159346","ADIPOR1","protein_coding",2094.57125576398,1.00714062309148,0.091463504168382,11.0113933666631,3.36754824395386e-28,3.34263761310817e-27,"Upregulated"
"ENSG00000143622.14","ENSG00000143622","RIT1","protein_coding",364.373051160915,1.4225393277311,0.129249509705567,11.0061487348902,3.56937587249577e-28,3.53812552285969e-27,"Upregulated"
"ENSG00000123240.19","ENSG00000123240","OPTN","protein_coding",900.388597539333,1.11731862361666,0.10155856459238,11.0017173647656,3.74922656886523e-28,3.70626135306923e-27,"Upregulated"
"ENSG00000204681.13","ENSG00000204681","GABBR1","protein_coding",145.719250258876,2.23543544731901,0.203246509056439,10.9986412937516,3.87932860855503e-28,3.82704085739819e-27,"Upregulated"
"ENSG00000116473.17","ENSG00000116473","RAP1A","protein_coding",466.071331642934,1.15978805319624,0.105487936554668,10.9945088611644,4.06118386960269e-28,3.99285458875727e-27,"Upregulated"
"ENSG00000173166.20","ENSG00000173166","RAPH1","protein_coding",792.034287706126,1.18837982933561,0.108099031908543,10.9934363736119,4.10974681529123e-28,4.03786107438647e-27,"Upregulated"
"ENSG00000186007.11","ENSG00000186007","LEMD1","protein_coding",48.9940311388562,2.58747320338933,0.235369035318757,10.993260858996,4.11774889560698e-28,4.0429821812423e-27,"Upregulated"
"ENSG00000164535.17","ENSG00000164535","DAGLB","protein_coding",345.551296636258,1.24948441751846,0.113734767926497,10.9859495060118,4.46518310315069e-28,4.37817547570093e-27,"Upregulated"
"ENSG00000126524.14","ENSG00000126524","SBDS","protein_coding",1542.88037684815,1.23046363563867,0.112096342212857,10.9768402014596,4.93898277589135e-28,4.82967195602007e-27,"Upregulated"
"ENSG00000137575.14","ENSG00000137575","SDCBP","protein_coding",1609.11782904995,1.30394193724309,0.11881841933374,10.9742407326641,5.08310874872134e-28,4.96390916350874e-27,"Upregulated"
"ENSG00000115484.17","ENSG00000115484","CCT4","protein_coding",3398.12038532176,1.47514306961926,0.134467486635079,10.970258361581,5.31203902175673e-28,5.18048919941444e-27,"Upregulated"
"ENSG00000143367.19","ENSG00000143367","TUFT1","protein_coding",597.587707892751,1.28244048043863,0.117099393386904,10.9517260794116,6.5193303698459e-28,6.33231472652861e-27,"Upregulated"
"ENSG00000255717.10","ENSG00000255717","SNHG1","lncRNA",1644.30332192963,1.46802267463095,0.134060996366191,10.9504085037605,6.61486185313092e-28,6.42080227565796e-27,"Upregulated"
"ENSG00000173660.14","ENSG00000173660","UQCRH","protein_coding",1460.13791131661,1.1036766019104,0.100860825189161,10.9425696234439,7.21261631024288e-28,6.99305716796347e-27,"Upregulated"
"ENSG00000146278.12","ENSG00000146278","PNRC1","protein_coding",593.890781875324,1.32576727202173,0.121157051818927,10.9425514414392,7.21406325290187e-28,6.99305716796347e-27,"Upregulated"
"ENSG00000156966.9","ENSG00000156966","B3GNT7","protein_coding",37.2449306772443,4.25497853520331,0.388868885920674,10.9419361878988,7.26319583684517e-28,7.0359782130722e-27,"Upregulated"
"ENSG00000302960.1","ENSG00000302960","ENSG00000302960","lncRNA",26.5001122691896,4.64356531138367,0.424472118208653,10.9396238579352,7.45083853249635e-28,7.21292932618151e-27,"Upregulated"
"ENSG00000240476.3","ENSG00000240476","LINC00973","lncRNA",23.2478160820892,4.70617558712869,0.430507756049195,10.9316859475835,8.13232647736244e-28,7.85515055540155e-27,"Upregulated"
"ENSG00000151553.17","ENSG00000151553","FHIP2A","protein_coding",328.779863692216,1.0633357646088,0.0973275488902911,10.9253317969346,8.7221041506902e-28,8.39314298484744e-27,"Upregulated"
"ENSG00000105835.15","ENSG00000105835","NAMPT","protein_coding",1478.24998485037,1.57700700929194,0.144401535927117,10.9209850100756,9.14980609487742e-28,8.79303646730528e-27,"Upregulated"
"ENSG00000110921.16","ENSG00000110921","MVK","protein_coding",233.927700866383,1.94728026856483,0.178390511526297,10.9158287170323,9.68420143534555e-28,9.27583920694169e-27,"Upregulated"
"ENSG00000152229.20","ENSG00000152229","PSTPIP2","protein_coding",219.423493561611,1.36961056509851,0.125484555752528,10.9145747608938,9.81877189892661e-28,9.39852327339791e-27,"Upregulated"
"ENSG00000183762.15","ENSG00000183762","KREMEN1","protein_coding",568.999867060183,1.20386510985574,0.11046264092638,10.8983915263992,1.17312718696691e-27,1.11995778613468e-26,"Upregulated"
"ENSG00000100941.11","ENSG00000100941","PNN","protein_coding",993.735034064261,1.05277639864688,0.0966136778069113,10.8967635074499,1.19430142384571e-27,1.13867212068237e-26,"Upregulated"
"ENSG00000133789.17","ENSG00000133789","SWAP70","protein_coding",433.195581613998,1.40338945225378,0.128872577114277,10.8897446119149,1.29001513335716e-27,1.22669942996141e-26,"Upregulated"
"ENSG00000127947.18","ENSG00000127947","PTPN12","protein_coding",1407.41905034005,1.00636467541449,0.0924352385223992,10.8872405318739,1.32597210697158e-27,1.25841439254958e-26,"Upregulated"
"ENSG00000024862.20","ENSG00000024862","CCDC28A","protein_coding",227.603533222182,1.17574782323124,0.10815659865379,10.8707914067714,1.58817192489289e-27,1.50233600101487e-26,"Upregulated"
"ENSG00000169991.12","ENSG00000169991","IFFO2","protein_coding",512.185073703172,1.89253832153228,0.174113362677428,10.8695753871488,1.60948142005121e-27,1.52050878353208e-26,"Upregulated"
"ENSG00000070404.12","ENSG00000070404","FSTL3","protein_coding",435.1207147384,1.19011382321535,0.109489828594124,10.8696290650621,1.60853481541545e-27,1.52050878353208e-26,"Upregulated"
"ENSG00000104081.16","ENSG00000104081","BMF","protein_coding",204.481824460357,1.97494509157672,0.181718427119025,10.8681608292985,1.63462709611692e-27,1.54325836331768e-26,"Upregulated"
"ENSG00000121578.15","ENSG00000121578","B4GALT4","protein_coding",520.99017354544,1.00638489027979,0.0926577362222586,10.861315323588,1.76192884946429e-27,1.65912104525254e-26,"Upregulated"
"ENSG00000076826.12","ENSG00000076826","CAMSAP3","protein_coding",1005.07774553043,1.44610943571087,0.133146120866742,10.8610707266358,1.76665497607772e-27,1.66249116320248e-26,"Upregulated"
"ENSG00000122884.15","ENSG00000122884","P4HA1","protein_coding",558.25960332654,1.67323404842128,0.154124507282787,10.8563788972979,1.85978379419179e-27,1.74672629587993e-26,"Upregulated"
"ENSG00000137364.7","ENSG00000137364","TPMT","protein_coding",415.984521363244,1.00121335186996,0.0923832358316022,10.8376086078538,2.28362404855541e-27,2.13649320281892e-26,"Upregulated"
"ENSG00000115756.15","ENSG00000115756","HPCAL1","protein_coding",513.74493355076,1.25185996698785,0.115560188857592,10.8329692030059,2.40236613630361e-27,2.24468665682217e-26,"Upregulated"
"ENSG00000132361.20","ENSG00000132361","CLUH","protein_coding",2203.65837042748,1.0507033201104,0.0970110089106021,10.8307637649522,2.4609400901151e-27,2.29645484777515e-26,"Upregulated"
"ENSG00000068323.19","ENSG00000068323","TFE3","protein_coding",529.254312770458,1.13504311981977,0.104807333507824,10.8298062915133,2.48680834160799e-27,2.31611995415057e-26,"Upregulated"
"ENSG00000142453.14","ENSG00000142453","CARM1","protein_coding",1494.29644780576,1.06527671315276,0.0983774622034544,10.8284630370894,2.52355441798483e-27,2.34883433689378e-26,"Upregulated"
"ENSG00000128245.17","ENSG00000128245","YWHAH","protein_coding",1266.13377116345,1.0589458740198,0.0978088294123127,10.8266899868091,2.57288361849827e-27,2.39321112960699e-26,"Upregulated"
"ENSG00000146112.14","ENSG00000146112","PPP1R18","protein_coding",360.624253325583,1.8805748397588,0.173712883732034,10.8257649021574,2.59899940378347e-27,2.41595249259974e-26,"Upregulated"
"ENSG00000096384.22","ENSG00000096384","HSP90AB1","protein_coding",17954.4794715192,1.45173470451753,0.134198939876079,10.8177807206084,2.83560472245939e-27,2.62914802545626e-26,"Upregulated"
"ENSG00000003436.18","ENSG00000003436","TFPI","protein_coding",58.0940351845656,1.89420186899549,0.175107889073891,10.8173416915339,2.84921740948266e-27,2.640080479426e-26,"Upregulated"
"ENSG00000143590.16","ENSG00000143590","EFNA3","protein_coding",255.128175146733,1.77903366595529,0.164520261483237,10.8134624265508,2.97235024355584e-27,2.74890234394456e-26,"Upregulated"
"ENSG00000141854.11","ENSG00000141854","MISP3","protein_coding",163.250625021247,2.32144728086352,0.215043569122669,10.7952415891092,3.62507876367536e-27,3.33977377261178e-26,"Upregulated"
"ENSG00000166439.8","ENSG00000166439","RNF169","protein_coding",441.461820875989,1.04589478638464,0.0969049360668154,10.7929980539227,3.7146981671994e-27,3.41799402152722e-26,"Upregulated"
"ENSG00000125740.16","ENSG00000125740","FOSB","protein_coding",28.7012903863755,3.26248876623059,0.302607242105224,10.7812646635078,4.22042921809892e-27,3.87349336470484e-26,"Upregulated"
"ENSG00000176390.14","ENSG00000176390","CRLF3","protein_coding",318.27920497113,1.03909610105054,0.0963962447988622,10.779425103319,4.30568287539132e-27,3.94923773608677e-26,"Upregulated"
"ENSG00000185753.15","ENSG00000185753","CXorf38","protein_coding",1112.29392846122,1.27169718269793,0.118094746718766,10.7684483690573,4.85107519481095e-27,4.43824379565658e-26,"Upregulated"
"ENSG00000159388.7","ENSG00000159388","BTG2","protein_coding",367.892923725476,1.17508998305533,0.109193967780304,10.7614917466832,5.23163437465579e-27,4.77736895762519e-26,"Upregulated"
"ENSG00000156304.17","ENSG00000156304","SCAF4","protein_coding",562.185454454832,1.17247140626505,0.10897570663744,10.7590163206359,5.37407347633746e-27,4.90188520606598e-26,"Upregulated"
"ENSG00000134470.23","ENSG00000134470","IL15RA","protein_coding",98.2542810098049,1.36239993132148,0.126633212816982,10.7586303862519,5.39662446665565e-27,4.91873470256439e-26,"Upregulated"
"ENSG00000101752.15","ENSG00000101752","MIB1","protein_coding",1003.71569603258,1.12290297523036,0.104405283258799,10.7552313463574,5.59933389286313e-27,5.10028578097879e-26,"Upregulated"
"ENSG00000197111.18","ENSG00000197111","PCBP2","protein_coding",3622.11299887478,1.02975108942695,0.0957857234659206,10.750569627355,5.88967596054603e-27,5.35801531828205e-26,"Upregulated"
"ENSG00000103855.20","ENSG00000103855","CD276","protein_coding",824.256496121547,1.07987196721814,0.100517062855623,10.7431707268368,6.38143528310163e-27,5.79447118563339e-26,"Upregulated"
"ENSG00000001617.14","ENSG00000001617","SEMA3F","protein_coding",435.751368704203,1.34780191876119,0.125457586577899,10.7430882063423,6.38714336030135e-27,5.79602264104491e-26,"Upregulated"
"ENSG00000139517.11","ENSG00000139517","LNX2","protein_coding",1333.65666206511,1.11573285914752,0.103861323320055,10.7425249696591,6.42623879240529e-27,5.82785059947043e-26,"Upregulated"
"ENSG00000176454.17","ENSG00000176454","LPCAT4","protein_coding",370.558707497577,1.06938567695817,0.0995484463985149,10.7423643024742,6.43743446886577e-27,5.83435274063807e-26,"Upregulated"
"ENSG00000103642.13","ENSG00000103642","LACTB","protein_coding",177.815183788079,1.27928255031393,0.11913274049969,10.7382953245943,6.72750805217517e-27,6.0858331268491e-26,"Upregulated"
"ENSG00000135900.6","ENSG00000135900","MRPL44","protein_coding",548.158644081094,1.02606565164957,0.0956083737261448,10.7319642794948,7.20481335704109e-27,6.50948598318201e-26,"Upregulated"
"ENSG00000131061.17","ENSG00000131061","ZNF341","protein_coding",112.410208538881,2.15622499191825,0.200987831834462,10.7281369834078,7.50948697922865e-27,6.7805286793135e-26,"Upregulated"
"ENSG00000071051.16","ENSG00000071051","NCK2","protein_coding",1480.17593213861,1.34293355379588,0.125213577787122,10.7251432115375,7.75668233802713e-27,6.99501185082073e-26,"Upregulated"
"ENSG00000223573.8","ENSG00000223573","TINCR","protein_coding",29.1560042003501,5.90449179761874,0.550613048945037,10.7234868641991,7.89689600539441e-27,7.11702841481193e-26,"Upregulated"
"ENSG00000167658.18","ENSG00000167658","EEF2","protein_coding",48612.5698239806,1.23965709838278,0.115641923706747,10.7197896631881,8.21900293859312e-27,7.40272160261601e-26,"Upregulated"
"ENSG00000188064.11","ENSG00000188064","WNT7B","protein_coding",39.9031435802037,2.35341016289164,0.219570544857961,10.7182416676793,8.35770524920971e-27,7.51830319500603e-26,"Upregulated"
"ENSG00000157827.23","ENSG00000157827","FMNL2","protein_coding",878.999659653048,1.0366176053744,0.0967375493820463,10.7157728513514,8.58373159992556e-27,7.70727622962337e-26,"Upregulated"
"ENSG00000163659.15","ENSG00000163659","TIPARP","protein_coding",1483.57931120775,1.91336913342713,0.178647660250873,10.7102949500722,9.10711944711502e-27,8.15700710924542e-26,"Upregulated"
"ENSG00000233429.9","ENSG00000233429","HOTAIRM1","lncRNA",25.6334765218091,3.6382248457361,0.340147908601846,10.696008276784,1.06257612306889e-26,9.49374425124187e-26,"Upregulated"
"ENSG00000126368.7","ENSG00000126368","NR1D1","protein_coding",1051.71826190481,3.09249084727444,0.289187016306973,10.6937402887817,1.08889194884559e-26,9.71688554351618e-26,"Upregulated"
"ENSG00000176170.16","ENSG00000176170","SPHK1","protein_coding",56.3927167860325,2.6464338125058,0.247506770723237,10.692369363362,1.10511130226731e-26,9.85555261074328e-26,"Upregulated"
"ENSG00000131242.20","ENSG00000131242","RAB11FIP4","protein_coding",896.007939087465,1.24439556109011,0.116420387252436,10.6888113882654,1.14833163798262e-26,1.02346999370505e-25,"Upregulated"
"ENSG00000104892.19","ENSG00000104892","KLC3","protein_coding",32.728177949709,3.08807733930564,0.289171717923989,10.6790434468331,1.27579437307725e-26,1.13567641613241e-25,"Upregulated"
"ENSG00000243477.8","ENSG00000243477","NAA80","protein_coding",94.1862069234725,1.6932319507313,0.158954124947696,10.6523309872484,1.70052677629477e-26,1.50085469196491e-25,"Upregulated"
"ENSG00000157514.20","ENSG00000157514","TSC22D3","protein_coding",864.454877242872,1.86350101769696,0.175099525112588,10.6425246813133,1.88939266090084e-26,1.66652942433201e-25,"Upregulated"
"ENSG00000110172.14","ENSG00000110172","CHORDC1","protein_coding",378.105117598232,1.254480788315,0.11793397720274,10.6371447658246,2.00169420065199e-26,1.76343783318229e-25,"Upregulated"
"ENSG00000068137.17","ENSG00000068137","PLEKHH3","protein_coding",380.38179554492,1.54042395303256,0.144861182251743,10.6337938783047,2.07496007278114e-26,1.82687250150329e-25,"Upregulated"
"ENSG00000105245.11","ENSG00000105245","NUMBL","protein_coding",147.368518973713,1.14145527591314,0.107377322033754,10.6303198319132,2.15372603432717e-26,1.89506968363505e-25,"Upregulated"
"ENSG00000126878.15","ENSG00000126878","AIF1L","protein_coding",285.344532617151,1.08628408612443,0.102391598827858,10.6091134288342,2.70301637520523e-26,2.36546577955762e-25,"Upregulated"
"ENSG00000105327.20","ENSG00000105327","BBC3","protein_coding",521.135103382935,1.42188412404952,0.134221122802601,10.5935943192837,3.19098873165774e-26,2.78745079561085e-25,"Upregulated"
"ENSG00000119718.13","ENSG00000119718","EIF2B2","protein_coding",337.002721042223,1.05509360140788,0.099638162101103,10.5892519408103,3.34252252937045e-26,2.91455093234877e-25,"Upregulated"
"ENSG00000116273.8","ENSG00000116273","PHF13","protein_coding",368.120327404043,1.64520513664622,0.155471635843662,10.5820275686852,3.61058991252321e-26,3.1407364353113e-25,"Upregulated"
"ENSG00000072364.15","ENSG00000072364","AFF4","protein_coding",1558.150525209,1.1112134040312,0.105070862015188,10.5758474111554,3.85675000927961e-26,3.348832902006e-25,"Upregulated"
"ENSG00000109265.17","ENSG00000109265","CRACD","protein_coding",83.2086696862219,1.72103407663773,0.162779963475827,10.5727636245189,3.98572966075805e-26,3.45461688060441e-25,"Upregulated"
"ENSG00000070444.17","ENSG00000070444","MNT","protein_coding",733.662300261845,1.65850399311552,0.156986554945189,10.5646244271974,4.34705235902752e-26,3.75879968896342e-25,"Upregulated"
"ENSG00000214293.12","ENSG00000214293","APTR","lncRNA",174.266861394686,1.08984200070596,0.103247498561716,10.5556261980963,4.78438686557289e-26,4.12219586539134e-25,"Upregulated"
"ENSG00000067560.16","ENSG00000067560","RHOA","protein_coding",4304.13832981201,1.06594843314294,0.101044934029513,10.5492516114821,5.12033061279998e-26,4.40902146409372e-25,"Upregulated"
"ENSG00000141034.12","ENSG00000141034","GID4","protein_coding",458.70988424152,1.5388742380432,0.145978529407022,10.5417847699539,5.54366915954694e-26,4.76223197748395e-25,"Upregulated"
"ENSG00000168495.15","ENSG00000168495","POLR3D","protein_coding",377.288004322274,1.41945633330705,0.134686906272422,10.5389333870065,5.71432992056841e-26,4.89722467231682e-25,"Upregulated"
"ENSG00000155324.12","ENSG00000155324","GRAMD2B","protein_coding",249.611681797974,1.51355061626106,0.143712315518006,10.5318087096817,6.16385721333902e-26,5.2793509891081e-25,"Upregulated"
"ENSG00000165782.13","ENSG00000165782","PIP4P1","protein_coding",298.922960416534,1.03790515212103,0.098638240245174,10.522340519673,6.81590576413735e-26,5.83438312663192e-25,"Upregulated"
"ENSG00000148344.12","ENSG00000148344","PTGES","protein_coding",545.893255312037,1.51693158554381,0.144204650033022,10.5192972986408,7.03966365799375e-26,6.01525977191305e-25,"Upregulated"
"ENSG00000268041.3","ENSG00000268041","ERFL","protein_coding",33.8276276787611,3.61806231786111,0.344558956827986,10.5005609233585,8.58683479633383e-26,7.31142243645534e-25,"Upregulated"
"ENSG00000092445.14","ENSG00000092445","TYRO3","protein_coding",529.548117518768,1.1987016643382,0.114158127214742,10.5003620292695,8.60494712458418e-26,7.3182449371757e-25,"Upregulated"
"ENSG00000106211.12","ENSG00000106211","HSPB1","protein_coding",758.996227463093,2.01156621402322,0.191584126391301,10.4996496939141,8.67012729935103e-26,7.36935394851584e-25,"Upregulated"
"ENSG00000165113.15","ENSG00000165113","GKAP1","protein_coding",86.4496015989634,2.03807733200292,0.194202936946412,10.4945752317088,9.14882712664673e-26,7.76712376797683e-25,"Upregulated"
"ENSG00000080845.21","ENSG00000080845","DLGAP4","protein_coding",1266.62544762963,1.25857273471273,0.119932964386044,10.4939683693768,9.20780127082943e-26,7.80804306710709e-25,"Upregulated"
"ENSG00000131503.23","ENSG00000131503","ANKHD1","protein_coding",47.8052003482522,2.83501765662952,0.27034926955598,10.4865001532489,9.96514953159221e-26,8.41578945290409e-25,"Upregulated"
"ENSG00000070759.19","ENSG00000070759","TESK2","protein_coding",93.3072760496919,1.52807521751321,0.145886019191972,10.4744459131646,1.13198544059412e-25,9.53209355321905e-25,"Upregulated"
"ENSG00000160746.15","ENSG00000160746","ANO10","protein_coding",283.925263503103,1.00080228040073,0.0957044679520121,10.4572158627176,1.35787021452581e-25,1.13878791370995e-24,"Upregulated"
"ENSG00000170485.19","ENSG00000170485","NPAS2","protein_coding",510.213096978622,1.09844190054141,0.105154898788764,10.4459413036759,1.52930629792206e-25,1.2796020132498e-24,"Upregulated"
"ENSG00000213085.11","ENSG00000213085","CFAP45","protein_coding",24.8312269345582,5.75336245677333,0.55119464708791,10.4379868113192,1.6629999408182e-25,1.38906023875143e-24,"Upregulated"
"ENSG00000154370.18","ENSG00000154370","TRIM11","protein_coding",575.526081596112,1.07913006741897,0.10346114731838,10.4302928721462,1.80331605069429e-25,1.50193426475067e-24,"Upregulated"
"ENSG00000125148.9","ENSG00000125148","MT2A","protein_coding",129.34108305229,5.2674742847526,0.505282222897882,10.4248161642076,1.91028388494853e-25,1.59011108906801e-24,"Upregulated"
"ENSG00000156983.19","ENSG00000156983","BRPF1","protein_coding",413.914746605423,1.38414545483036,0.132871024883534,10.4172106450117,2.069332401276e-25,1.71953928665664e-24,"Upregulated"
"ENSG00000111897.9","ENSG00000111897","SERINC1","protein_coding",2452.78322944104,1.12458290824407,0.107982029703062,10.4145375979368,2.12829304493229e-25,1.76751993164233e-24,"Upregulated"
"ENSG00000115267.11","ENSG00000115267","IFIH1","protein_coding",270.384991749016,1.05414540916728,0.101246008372678,10.4117231494901,2.19217236303794e-25,1.81952817211603e-24,"Upregulated"
"ENSG00000236255.3","ENSG00000236255","ENSG00000236255","lncRNA",41.6072516408372,3.35376413888805,0.322152200946733,10.4104958123275,2.22062068893058e-25,1.84208557664465e-24,"Upregulated"
"ENSG00000073792.18","ENSG00000073792","IGF2BP2","protein_coding",1796.56019566173,1.15695180700301,0.111192113176723,10.4049808385619,2.35303428735288e-25,1.9474684690073e-24,"Upregulated"
"ENSG00000153487.15","ENSG00000153487","ING1","protein_coding",612.466664970795,1.27753222178948,0.122814217414555,10.4021525250388,2.42394719478989e-25,2.00369795547994e-24,"Upregulated"
"ENSG00000163755.11","ENSG00000163755","HPS3","protein_coding",603.257133558889,1.06059070007105,0.101973702656607,10.4006294999658,2.4630063528903e-25,2.03268155273839e-24,"Upregulated"
"ENSG00000091947.12","ENSG00000091947","TMEM101","protein_coding",377.931280134866,1.28376251139913,0.123532209674296,10.3921278084791,2.69277640358692e-25,2.21851709157372e-24,"Upregulated"
"ENSG00000197958.15","ENSG00000197958","RPL12","protein_coding",7935.12290083449,1.18531155135223,0.114236695579792,10.3759264510966,3.19102012402053e-25,2.61858797493236e-24,"Upregulated"
"ENSG00000140961.16","ENSG00000140961","OSGIN1","protein_coding",156.298188511374,2.53604508871238,0.244505656748429,10.372132581463,3.32030809142372e-25,2.72160095367153e-24,"Upregulated"
"ENSG00000156639.14","ENSG00000156639","ZFAND3","protein_coding",1553.35781001013,1.09233241624265,0.10553169488512,10.3507521359507,4.15210955045968e-25,3.37667629659156e-24,"Upregulated"
"ENSG00000132950.21","ENSG00000132950","ZMYM5","protein_coding",480.590336862945,1.58915214954077,0.15353788683606,10.3502280921554,4.17489983587147e-25,3.39330613692929e-24,"Upregulated"
"ENSG00000225697.15","ENSG00000225697","SLC26A6","protein_coding",506.088574315304,1.22020645594825,0.118070681899867,10.3345422954623,4.91754023589521e-25,3.97019460159294e-24,"Upregulated"
"ENSG00000151929.12","ENSG00000151929","BAG3","protein_coding",594.734927686105,1.79141252638825,0.173356505131207,10.3336908241915,4.96140305925926e-25,4.00337712331766e-24,"Upregulated"
"ENSG00000189120.7","ENSG00000189120","SP6","protein_coding",740.661455634291,1.11643881919406,0.108056778958941,10.3319646388709,5.05151913734782e-25,4.07382389195574e-24,"Upregulated"
"ENSG00000130449.7","ENSG00000130449","ZSWIM6","protein_coding",296.918992650797,1.82385972709122,0.176586263779188,10.3284348853536,5.24087068566805e-25,4.2241767506508e-24,"Upregulated"
"ENSG00000127511.12","ENSG00000127511","SIN3B","protein_coding",482.066342667965,1.0801195823893,0.104579141607261,10.3282506032188,5.25094729515687e-25,4.22994598117917e-24,"Upregulated"
"ENSG00000272398.7","ENSG00000272398","CD24","protein_coding",2222.30975750213,1.65614855278573,0.160516806409092,10.3176021865579,5.86700534026431e-25,4.71311759374226e-24,"Upregulated"
"ENSG00000116514.19","ENSG00000116514","RNF19B","protein_coding",548.233960912546,1.66245974629382,0.16116812106663,10.3150656301721,6.02401369028646e-25,4.83121230767191e-24,"Upregulated"
"ENSG00000309250.1","ENSG00000309250","ENSG00000309250","lncRNA",27.8762082189291,3.74837125927012,0.363502218838861,10.3118249765946,6.2306747577169e-25,4.99142833548e-24,"Upregulated"
"ENSG00000151327.16","ENSG00000151327","FAM177A1","protein_coding",531.889683137933,1.38375910643446,0.134194749977831,10.3115740866394,6.24696427471203e-25,5.00171305354291e-24,"Upregulated"
"ENSG00000170275.17","ENSG00000170275","CRTAP","protein_coding",2458.04384003368,1.23206215752217,0.119640781827308,10.2980115868898,7.19327685122047e-25,5.74986034902852e-24,"Upregulated"
"ENSG00000160999.13","ENSG00000160999","SH2B2","protein_coding",57.9417181920095,1.87175828005763,0.182007199878215,10.2839793223019,8.32190941457588e-25,6.61916088013357e-24,"Upregulated"
"ENSG00000155330.11","ENSG00000155330","C16orf87","protein_coding",120.99517175906,1.37662377166863,0.13386520488901,10.2836564050383,8.34984838105091e-25,6.63500067062184e-24,"Upregulated"
"ENSG00000263155.9","ENSG00000263155","MYZAP","protein_coding",396.535936118519,2.03079863775568,0.19754310357305,10.2802811185191,8.6475004012997e-25,6.85555666387502e-24,"Upregulated"
"ENSG00000111344.14","ENSG00000111344","RASAL1","protein_coding",70.169592777683,1.77393660423915,0.172583834137268,10.2786950649631,8.79097501613328e-25,6.96168360294008e-24,"Upregulated"
"ENSG00000156735.13","ENSG00000156735","BAG4","protein_coding",296.052568151268,1.17381458356447,0.114202182050238,10.2783901541224,8.81882636556292e-25,6.9799252697836e-24,"Upregulated"
"ENSG00000273356.1","ENSG00000273356","LINC02019","lncRNA",25.924546150508,4.48420178076534,0.436289776642659,10.2780354269867,8.85133809793384e-25,7.00183360891142e-24,"Upregulated"
"ENSG00000103363.18","ENSG00000103363","ELOB","protein_coding",1141.4577862876,1.03657187158267,0.100867020892433,10.2766182882322,8.98241195189491e-25,7.09777066558675e-24,"Upregulated"
"ENSG00000179348.15","ENSG00000179348","GATA2","protein_coding",236.935819443956,1.74485631113543,0.169804030782893,10.27570607771,9.06779951965979e-25,7.16133790947736e-24,"Upregulated"
"ENSG00000137285.12","ENSG00000137285","TUBB2B","protein_coding",157.558469234934,2.03739721863986,0.198295425244537,10.2745548271089,9.17671124242458e-25,7.24340410268066e-24,"Upregulated"
"ENSG00000062038.17","ENSG00000062038","CDH3","protein_coding",1918.05593663862,1.0513232353801,0.102386824080089,10.2681496845505,9.80674740004795e-25,7.72807957158754e-24,"Upregulated"
"ENSG00000087206.19","ENSG00000087206","UIMC1","protein_coding",360.762535666415,1.30442867668735,0.127039419690111,10.2679048744812,9.83165994600976e-25,7.74350086617247e-24,"Upregulated"
"ENSG00000142546.16","ENSG00000142546","NOSIP","protein_coding",371.381399772884,1.11266605600934,0.108446711033179,10.2600258265916,1.06678204474874e-24,8.3975042870716e-24,"Upregulated"
"ENSG00000245532.13","ENSG00000245532","NEAT1","lncRNA",1022.59377305591,1.50215546923531,0.146656659285454,10.2426679876261,1.27666389870334e-24,1.00333043492456e-23,"Upregulated"
"ENSG00000114541.17","ENSG00000114541","FRMD4B","protein_coding",239.226707978867,1.58923604340466,0.15518106854197,10.241172188957,1.2965586771683e-24,1.01786177408034e-23,"Upregulated"
"ENSG00000105011.11","ENSG00000105011","ASF1B","protein_coding",708.235667467327,1.00740824606667,0.0984599014872659,10.2316601057839,1.43045921166257e-24,1.12115818796181e-23,"Upregulated"
"ENSG00000168575.13","ENSG00000168575","SLC20A2","protein_coding",805.116104381682,1.12655474773849,0.110203985640818,10.2224501336114,1.5731351079173e-24,1.23165175493989e-23,"Upregulated"
"ENSG00000013375.19","ENSG00000013375","PGM3","protein_coding",998.220525121184,1.35391435252973,0.132536782055614,10.215385733159,1.69204811833988e-24,1.32332225207671e-23,"Upregulated"
"ENSG00000184678.11","ENSG00000184678","H2BC21","protein_coding",325.871700093976,3.65490476362275,0.358008561787605,10.2089870291736,1.80741844732007e-24,1.41126660229324e-23,"Upregulated"
"ENSG00000260196.1","ENSG00000260196","ENSG00000260196","lncRNA",102.51737311345,1.78123506611047,0.174509043710643,10.2071218100534,1.84249233313517e-24,1.4347876889734e-23,"Upregulated"
"ENSG00000068745.17","ENSG00000068745","IP6K2","protein_coding",579.653215235224,1.14184807132501,0.111937975056655,10.2007211649764,1.96805673842728e-24,1.52928033529696e-23,"Upregulated"
"ENSG00000249859.15","ENSG00000249859","PVT1","lncRNA",189.226086994884,1.63797034440522,0.160637968922137,10.1966574614695,2.05213807781112e-24,1.59290760705082e-23,"Upregulated"
"ENSG00000204564.14","ENSG00000204564","C6orf136","protein_coding",175.848421445087,1.40997790733402,0.138308074286167,10.1944728434054,2.09880044400626e-24,1.62825567636717e-23,"Upregulated"
"ENSG00000156804.9","ENSG00000156804","FBXO32","protein_coding",208.938126085102,2.10689948741654,0.206987960745703,10.1788504018598,2.46455651948561e-24,1.90385677400775e-23,"Upregulated"
"ENSG00000261578.1","ENSG00000261578","ENSG00000261578","lncRNA",49.5026168546648,2.6867312840819,0.264155414331638,10.1710248524711,2.67083530202109e-24,2.05991193171313e-23,"Upregulated"
"ENSG00000116191.21","ENSG00000116191","RALGPS2","protein_coding",723.888458710474,1.05185873052573,0.103456119048013,10.1671968773309,2.77787946572332e-24,2.1356514173614e-23,"Upregulated"
"ENSG00000105516.12","ENSG00000105516","DBP","protein_coding",208.95495801443,2.42702329421536,0.238972389902389,10.1560824462052,3.11335908784238e-24,2.38850184759194e-23,"Upregulated"
"ENSG00000103811.20","ENSG00000103811","CTSH","protein_coding",1006.37625834311,1.17849887703958,0.116215691776787,10.1406174934027,3.64786340136669e-24,2.79560213710238e-23,"Upregulated"
"ENSG00000125652.10","ENSG00000125652","ALKBH7","protein_coding",421.561056729095,1.20206664118033,0.118742801822097,10.1232800871694,4.35568844826078e-24,3.32749799642568e-23,"Upregulated"
"ENSG00000125775.17","ENSG00000125775","SDCBP2","protein_coding",190.468986881797,1.84581526163079,0.182369257567201,10.1213071010646,4.44440102927933e-24,3.39329599117899e-23,"Upregulated"
"ENSG00000171763.22","ENSG00000171763","AFG2B","protein_coding",138.839107086933,1.23188962176927,0.12181191302669,10.1130471655867,4.8356402536114e-24,3.68832097659665e-23,"Upregulated"
"ENSG00000158850.17","ENSG00000158850","B4GALT3","protein_coding",682.950839674018,1.11371964423722,0.11019289926989,10.1070001026966,5.14351370427077e-24,3.91490549381785e-23,"Upregulated"
"ENSG00000171345.15","ENSG00000171345","KRT19","protein_coding",5811.11905054823,1.39821421315834,0.138346341001885,10.1066222860154,5.16338128015386e-24,3.92796438383148e-23,"Upregulated"
"ENSG00000197355.13","ENSG00000197355","UAP1L1","protein_coding",178.89016978784,1.42960627320444,0.141957779810643,10.0706440683377,7.44886778543677e-24,5.62820604517986e-23,"Upregulated"
"ENSG00000167468.21","ENSG00000167468","GPX4","protein_coding",2220.49096259887,1.19527056736756,0.118702594179093,10.069456153285,7.53938154509494e-24,5.69119428212321e-23,"Upregulated"
"ENSG00000173801.19","ENSG00000173801","JUP","protein_coding",5593.07214324966,1.12569113041795,0.111795213415401,10.0692247550455,7.55713939098481e-24,5.70109651505216e-23,"Upregulated"
"ENSG00000072954.9","ENSG00000072954","TMEM38A","protein_coding",131.380484238375,1.55972936681807,0.155213937649872,10.0489001853459,9.28983949401595e-24,6.99731569372553e-23,"Upregulated"
"ENSG00000254598.3","ENSG00000254598","CSNK2A3","protein_coding",201.976770281299,1.28247923324938,0.127625450045542,10.0487734444168,9.30179366286652e-24,7.00268019544217e-23,"Upregulated"
"ENSG00000066455.15","ENSG00000066455","GOLGA5","protein_coding",618.788194860168,1.03424209360896,0.103070761545744,10.0342917632364,1.07729721487358e-23,8.08084432605998e-23,"Upregulated"
"ENSG00000197279.7","ENSG00000197279","ZNF165","protein_coding",96.9869874494135,2.32884907221743,0.232127557009697,10.0326264671805,1.09562703619331e-23,8.21408536394901e-23,"Upregulated"
"ENSG00000136715.21","ENSG00000136715","SAP130","protein_coding",667.784561503016,1.00881219217188,0.100581399237675,10.0298086904522,1.12734819307507e-23,8.44316796591416e-23,"Upregulated"
"ENSG00000133612.22","ENSG00000133612","AGAP3","protein_coding",1225.3268857487,1.33390109921853,0.133042105078665,10.0261574967551,1.16980778221361e-23,8.74760287917419e-23,"Upregulated"
"ENSG00000213390.13","ENSG00000213390","ARHGAP19","protein_coding",325.911666993662,1.91376946401669,0.190945229504888,10.0226094622998,1.21258388809016e-23,9.05345992076386e-23,"Upregulated"
"ENSG00000183508.7","ENSG00000183508","TENT5C","protein_coding",59.047320866359,2.89109035131146,0.288687379269909,10.014605967961,1.31484801644541e-23,9.79680074772593e-23,"Upregulated"
"ENSG00000116663.13","ENSG00000116663","FBXO6","protein_coding",74.8916969426881,1.58237233178263,0.158114950964068,10.0077337540472,1.40944128818468e-23,1.04908182580239e-22,"Upregulated"
"ENSG00000181788.6","ENSG00000181788","SIAH2","protein_coding",875.173110902707,1.45789258803057,0.145689530566753,10.0068452575773,1.42215298802197e-23,1.05745721407975e-22,"Upregulated"
"ENSG00000163932.18","ENSG00000163932","PRKCD","protein_coding",821.916017597165,1.1182285263731,0.111771703525805,10.0045762129315,1.45513367910935e-23,1.0803174834863e-22,"Upregulated"
"ENSG00000105290.16","ENSG00000105290","APLP1","protein_coding",23.1511326139219,2.84096301544806,0.284009697836533,10.0030493222215,1.47775230945486e-23,1.09654820627854e-22,"Upregulated"
"ENSG00000152465.20","ENSG00000152465","NMT2","protein_coding",181.461365117319,1.18312776112255,0.11829651060636,10.0013749776568,1.50295561588252e-23,1.11467926230141e-22,"Upregulated"
"ENSG00000117143.16","ENSG00000117143","UAP1","protein_coding",846.113969210809,1.37149200999198,0.137154333458689,9.99962578947662,1.52974019272586e-23,1.13338419596029e-22,"Upregulated"
"ENSG00000147854.20","ENSG00000147854","UHRF2","protein_coding",386.782078876564,1.55293689216145,0.15535897614656,9.99579767245937,1.59001892370061e-23,1.17744273082622e-22,"Upregulated"
"ENSG00000227471.10","ENSG00000227471","AKR1B15","protein_coding",20.332138692261,5.02078822389933,0.502501362689819,9.99159126061619,1.65896909748896e-23,1.22724758350229e-22,"Upregulated"
"ENSG00000183199.6","ENSG00000183199","HSP90AB3P","processed_pseudogene",509.604426370786,1.40126975840055,0.140258060759871,9.99065401880608,1.67473090299948e-23,1.2382755227688e-22,"Upregulated"
"ENSG00000131480.10","ENSG00000131480","AOC2","protein_coding",35.3519196448083,5.49194517108613,0.55060789173612,9.97433065074586,1.97428105656022e-23,1.45161243387472e-22,"Upregulated"
"ENSG00000122643.26","ENSG00000122643","NT5C3A","protein_coding",927.522024873556,1.13400814032583,0.113783701505801,9.96634953265265,2.13948235096588e-23,1.56830441225076e-22,"Upregulated"
"ENSG00000137843.14","ENSG00000137843","PAK6","protein_coding",149.195112252784,1.199413749017,0.120461139851432,9.95685206446052,2.35398347559233e-23,1.72292568324667e-22,"Upregulated"
"ENSG00000095321.20","ENSG00000095321","CRAT","protein_coding",712.540894409433,1.04795473765639,0.105479282019778,9.93517132075179,2.92672417094446e-23,2.13243271419443e-22,"Upregulated"
"ENSG00000081803.19","ENSG00000081803","CADPS2","protein_coding",168.016002200368,1.20480881247566,0.121358595469484,9.92767597395782,3.15523620809374e-23,2.29431425628171e-22,"Upregulated"
"ENSG00000018408.17","ENSG00000018408","WWTR1","protein_coding",142.346785054426,2.26255966662979,0.227928994257554,9.92659873746975,3.18949836396422e-23,2.31806470865444e-22,"Upregulated"
"ENSG00000137331.14","ENSG00000137331","IER3","protein_coding",878.957895324567,1.05807169745713,0.106602992552814,9.92534704814162,3.22977201037073e-23,2.34615819420013e-22,"Upregulated"
"ENSG00000137814.14","ENSG00000137814","HAUS2","protein_coding",500.322993929754,1.04112378701927,0.104903005275587,9.9246326097538,3.25298466971033e-23,2.36183636440091e-22,"Upregulated"
"ENSG00000022840.18","ENSG00000022840","RNF10","protein_coding",2567.46876492221,1.25391020852466,0.126352269004131,9.92392315870208,3.27619873353875e-23,2.37749985210033e-22,"Upregulated"
"ENSG00000110047.19","ENSG00000110047","EHD1","protein_coding",926.062871691119,1.14716693509365,0.115625715803146,9.92138234237374,3.36069088231483e-23,2.43759420753286e-22,"Upregulated"
"ENSG00000102760.15","ENSG00000102760","RGCC","protein_coding",539.410090863207,1.36212128826206,0.137349899187412,9.91716263587105,3.50580497241274e-23,2.53903676462796e-22,"Upregulated"
"ENSG00000118620.15","ENSG00000118620","ZNF430","protein_coding",181.532693429054,1.35750566579047,0.136999506293007,9.90883618870212,3.81058946063259e-23,2.75426745453803e-22,"Upregulated"
"ENSG00000140832.12","ENSG00000140832","MARVELD3","protein_coding",297.283106224866,1.35090984438502,0.136378636670395,9.90558255579245,3.93669031981629e-23,2.83974694448869e-22,"Upregulated"
"ENSG00000189334.11","ENSG00000189334","S100A14","protein_coding",1844.43965471615,1.45557317161726,0.147085253825246,9.89611897700265,4.32743544643622e-23,3.11540956233252e-22,"Upregulated"
"ENSG00000167363.16","ENSG00000167363","FN3K","protein_coding",120.631374718588,1.67471723267112,0.16928813040882,9.8927032192203,4.47770440866408e-23,3.22199067975967e-22,"Upregulated"
"ENSG00000170873.21","ENSG00000170873","MTSS1","protein_coding",58.9070600838375,3.21763430882223,0.325496607851115,9.88530826807882,4.82095697215327e-23,3.45758053540206e-22,"Upregulated"
"ENSG00000154429.12","ENSG00000154429","CCSAP","protein_coding",369.684252657397,1.23986042603994,0.125506457877254,9.87885760629563,5.14156987967361e-23,3.67777051807651e-22,"Upregulated"
"ENSG00000123975.7","ENSG00000123975","CKS2","protein_coding",1067.91670321033,1.33564714343791,0.135282523339891,9.8730206272259,5.44982553341081e-23,3.88866920877348e-22,"Upregulated"
"ENSG00000148908.17","ENSG00000148908","RGS10","protein_coding",150.864405190024,1.4123801337027,0.143064676154936,9.87231909135365,5.4880845570635e-23,3.91404140752777e-22,"Upregulated"
"ENSG00000166016.8","ENSG00000166016","ABTB2","protein_coding",350.171542281485,1.83399767853976,0.185798342786874,9.87090439575937,5.56604713968057e-23,3.9676908582514e-22,"Upregulated"
"ENSG00000158092.9","ENSG00000158092","NCK1","protein_coding",415.62354428918,1.24879733908343,0.12657967983441,9.86570151478575,5.86232134447802e-23,4.17068045774057e-22,"Upregulated"
"ENSG00000069399.16","ENSG00000069399","BCL3","protein_coding",403.375356414756,1.76743146991744,0.179148509839964,9.86573358325061,5.86044824922714e-23,4.17068045774057e-22,"Upregulated"
"ENSG00000197933.15","ENSG00000197933","ZNF823","protein_coding",234.846025495613,1.08993694536761,0.110626153079396,9.85243466420966,6.69033353972906e-23,4.74578138314996e-22,"Upregulated"
"ENSG00000172183.18","ENSG00000172183","ISG20","protein_coding",229.017164410141,1.25002998446385,0.126961672958524,9.84572710279433,7.15201911561132e-23,5.06831594246646e-22,"Upregulated"
"ENSG00000164181.16","ENSG00000164181","ELOVL7","protein_coding",329.588123047535,1.15259636075353,0.117135684336544,9.83983973186158,7.58315403992996e-23,5.35579611440675e-22,"Upregulated"
"ENSG00000143772.13","ENSG00000143772","ITPKB","protein_coding",232.973207995993,1.09065931161328,0.110930536130485,9.83191238100898,8.20457360991846e-23,5.78873810880907e-22,"Upregulated"
"ENSG00000099875.18","ENSG00000099875","MKNK2","protein_coding",5083.85149492065,1.67307596340889,0.170188363463669,9.83073066429749,8.30142697480517e-23,5.85422285736625e-22,"Upregulated"
"ENSG00000171346.17","ENSG00000171346","KRT15","protein_coding",85.0352260637084,1.96624973790313,0.200103701755181,9.82615374256673,8.68734995439452e-23,6.11573508968318e-22,"Upregulated"
"ENSG00000162407.11","ENSG00000162407","PLPP3","protein_coding",112.315116102444,1.71190089663414,0.174271961654717,9.8231573247905,8.94957178960268e-23,6.29292549126259e-22,"Upregulated"
"ENSG00000138495.9","ENSG00000138495","COX17","protein_coding",237.938960703458,1.00047284626544,0.102058238502098,9.80296016224963,1.09333651726093e-22,7.6507159865502e-22,"Upregulated"
"ENSG00000162032.18","ENSG00000162032","SPSB3","protein_coding",332.160402307833,1.25572661943596,0.128163089897611,9.79788034479473,1.14972921288495e-22,8.02595171152635e-22,"Upregulated"
"ENSG00000219665.8","ENSG00000219665","ZNF433-AS1","lncRNA",45.6137946038918,2.38897182121385,0.244007115849551,9.79058259385695,1.23581742595834e-22,8.61446182635316e-22,"Upregulated"
"ENSG00000128340.18","ENSG00000128340","RAC2","protein_coding",26.9388052050981,2.332687511199,0.238373234834431,9.78586170892567,1.29487534008699e-22,9.02179491756759e-22,"Upregulated"
"ENSG00000127954.15","ENSG00000127954","STEAP4","protein_coding",29.5968867443063,2.81367028768266,0.287904711527866,9.77292199474937,1.47145807815144e-22,1.02373357986417e-21,"Upregulated"
"ENSG00000187867.12","ENSG00000187867","PALM3","protein_coding",108.128126712976,5.26727438446524,0.539819402648149,9.75747510857519,1.71368492765794e-22,1.18712820132022e-21,"Upregulated"
"ENSG00000153208.21","ENSG00000153208","MERTK","protein_coding",253.235751896059,1.10224360781937,0.113001569777375,9.7542327065978,1.76933556998621e-22,1.225093697097e-21,"Upregulated"
"ENSG00000111911.9","ENSG00000111911","HINT3","protein_coding",672.299804814257,1.13153457144382,0.116024113742236,9.75258103636703,1.79836777202999e-22,1.24400695714839e-21,"Upregulated"
"ENSG00000130522.6","ENSG00000130522","JUND","protein_coding",2167.88414090271,1.5614535930262,0.160146834601586,9.75013709706342,1.84219316909566e-22,1.27371485718198e-21,"Upregulated"
"ENSG00000168994.15","ENSG00000168994","PXDC1","protein_coding",77.2913907239149,2.28994467211397,0.235099877968304,9.74030566031474,2.02943000849133e-22,1.39983339757527e-21,"Upregulated"
"ENSG00000114416.21","ENSG00000114416","FXR1","protein_coding",1656.1268071597,1.50559583950661,0.154711931470745,9.73160780292702,2.21070701672976e-22,1.52052995189595e-21,"Upregulated"
"ENSG00000006652.16","ENSG00000006652","IFRD1","protein_coding",437.452708760926,1.20684339587389,0.124099723780474,9.72478712369043,2.36399345446326e-22,1.62287982672106e-21,"Upregulated"
"ENSG00000225828.2","ENSG00000225828","FAM229A","protein_coding",20.5823703219572,3.52107511669438,0.362447406644187,9.71472012807368,2.60964950964365e-22,1.7881343117615e-21,"Upregulated"
"ENSG00000187837.5","ENSG00000187837","H1-2","protein_coding",308.011489381303,3.95936905554124,0.40773011317196,9.71075946473292,2.71307961196586e-22,1.8581261690269e-21,"Upregulated"
"ENSG00000243335.11","ENSG00000243335","KCTD7","protein_coding",75.0429867531883,1.41719480569206,0.145973553192899,9.70857237282761,2.77192220247873e-22,1.89573839350268e-21,"Upregulated"
"ENSG00000177380.16","ENSG00000177380","PPFIA3","protein_coding",184.464680606729,1.07036504578487,0.110431331382521,9.69258481614479,3.24217489696406e-22,2.20176188410511e-21,"Upregulated"
"ENSG00000088451.13","ENSG00000088451","TGDS","protein_coding",373.134702867853,1.30180212143547,0.134396298123909,9.68629448584402,3.44812358123282e-22,2.33942916382144e-21,"Upregulated"
"ENSG00000164430.19","ENSG00000164430","CGAS","protein_coding",37.9693471478328,2.24259642298317,0.231793880596409,9.67495956844476,3.8524389346852e-22,2.60642133713622e-21,"Upregulated"
"ENSG00000172037.16","ENSG00000172037","LAMB2","protein_coding",700.723276235652,1.1248479433538,0.116268403445866,9.67457976558116,3.86676949374121e-22,2.61367646937022e-21,"Upregulated"
"ENSG00000112763.19","ENSG00000112763","BTN2A1","protein_coding",334.163785629572,1.74038685687387,0.179940342847125,9.67202145631389,3.96468257715418e-22,2.67860978592626e-21,"Upregulated"
"ENSG00000121274.15","ENSG00000121274","TENT4B","protein_coding",469.961866753035,1.23627946100001,0.127893887571618,9.66644680581564,4.1866178423685e-22,2.82591829397318e-21,"Upregulated"
"ENSG00000132002.11","ENSG00000132002","DNAJB1","protein_coding",2960.52886986915,1.50434821554564,0.155694222969364,9.66219675242316,4.36403859665697e-22,2.94430388001642e-21,"Upregulated"
"ENSG00000114739.16","ENSG00000114739","ACVR2B","protein_coding",423.985648290784,1.27481060155285,0.131998097633276,9.65779525925136,4.55562475771599e-22,3.07213187477059e-21,"Upregulated"
"ENSG00000189325.9","ENSG00000189325","BNIP5","protein_coding",201.333862858001,2.19561286092679,0.227649114944246,9.64472390531595,5.17502642680344e-22,3.47527724639645e-21,"Upregulated"
"ENSG00000100483.16","ENSG00000100483","VCPKMT","protein_coding",73.9274724989438,1.69057151281483,0.175752413932653,9.6190514541817,6.64410095133941e-22,4.44945984227406e-21,"Upregulated"
"ENSG00000298622.1","ENSG00000298622","ENSG00000298622","lncRNA",33.46403619284,3.47299560380191,0.361529141303255,9.60640570019423,7.51257335528255e-22,5.01946579367242e-21,"Upregulated"
"ENSG00000172974.11","ENSG00000172974","VDAC2P5","processed_pseudogene",447.399211186287,1.4992906261194,0.156089377164267,9.60533415763179,7.59112967150711e-22,5.0696152626489e-21,"Upregulated"
"ENSG00000188372.16","ENSG00000188372","ZP3","protein_coding",390.163375378703,1.1505895234457,0.119827030384978,9.60208660557726,7.8342109180438e-22,5.22954328071353e-21,"Upregulated"
"ENSG00000215717.9","ENSG00000215717","TMEM167B","protein_coding",693.860487036712,1.37285116856198,0.143045732140474,9.59728855953434,8.20750855192419e-22,5.46362948711463e-21,"Upregulated"
"ENSG00000170802.19","ENSG00000170802","FOXN2","protein_coding",869.88285619234,1.07266674312613,0.111782584960446,9.59600946342129,8.30996158147665e-22,5.52929124144902e-21,"Upregulated"
"ENSG00000164136.19","ENSG00000164136","IL15","protein_coding",140.672979590605,1.8679426774281,0.194794917308439,9.5892783201853,8.87032699762133e-22,5.88593309750588e-21,"Upregulated"
"ENSG00000204642.16","ENSG00000204642","HLA-F","protein_coding",187.882545352537,1.21372520064521,0.12661133797335,9.58622837475017,9.136389834303e-22,6.05970533083383e-21,"Upregulated"
"ENSG00000156795.10","ENSG00000156795","NTAQ1","protein_coding",231.109280834629,1.25188507253266,0.130629321173762,9.5834921385484,9.38179713888755e-22,6.21962507487458e-21,"Upregulated"
"ENSG00000168487.21","ENSG00000168487","BMP1","protein_coding",270.571208954082,1.44737307625791,0.151115066367689,9.57795348305111,9.89868385394323e-22,6.55629462574704e-21,"Upregulated"
"ENSG00000108799.15","ENSG00000108799","EZH1","protein_coding",190.503707209946,1.23548519522056,0.129011324907093,9.57656388778496,1.00327265743595e-21,6.63900792308758e-21,"Upregulated"
"ENSG00000085433.19","ENSG00000085433","WDR47","protein_coding",114.10428178381,1.29307051384315,0.135062152133229,9.57389241486121,1.02954864413538e-21,6.80356541304604e-21,"Upregulated"
"ENSG00000206418.6","ENSG00000206418","RAB12","protein_coding",211.30640140618,1.25636474880748,0.131336962616775,9.56596470464596,1.11159880051435e-21,7.3357421753433e-21,"Upregulated"
"ENSG00000254087.10","ENSG00000254087","LYN","protein_coding",608.425933675936,1.03062397317473,0.107969475656091,9.54551244147479,1.35436354027621e-21,8.88497138365522e-21,"Upregulated"
"ENSG00000146530.17","ENSG00000146530","VWDE","protein_coding",144.414278683811,1.07930203756672,0.113101249576142,9.54279498777872,1.39033707626111e-21,9.10884489564916e-21,"Upregulated"
"ENSG00000142627.15","ENSG00000142627","EPHA2","protein_coding",1886.49645866671,1.34140831098439,0.140585934240318,9.5415541976723,1.4070754139309e-21,9.2143411200572e-21,"Upregulated"
"ENSG00000119630.16","ENSG00000119630","PGF","protein_coding",73.9669345572799,2.82383777876422,0.295990061067674,9.54031283543197,1.42402095193688e-21,9.32109829966993e-21,"Upregulated"
"ENSG00000049860.15","ENSG00000049860","HEXB","protein_coding",2503.13253448453,1.30468914046792,0.13689621004741,9.53049861655102,1.56529583585405e-21,1.02181384023409e-20,"Upregulated"
"ENSG00000236751.5","ENSG00000236751","LINC01186","lncRNA",38.3208645464703,2.5729648371453,0.270259856244891,9.52033673404256,1.72618801218472e-21,1.12279697812302e-20,"Upregulated"
"ENSG00000174738.16","ENSG00000174738","NR1D2","protein_coding",1750.54793525741,1.4336274037786,0.150631203955536,9.5174662761229,1.77452780084824e-21,1.15320434483824e-20,"Upregulated"
"ENSG00000152409.12","ENSG00000152409","JMY","protein_coding",565.263201884656,1.23153428755688,0.129411121054824,9.51644864458866,1.79198474850682e-21,1.16402702713406e-20,"Upregulated"
"ENSG00000138449.13","ENSG00000138449","SLC40A1","protein_coding",432.02752748271,1.11423057591614,0.117085660674548,9.51637091593362,1.79332510654508e-21,1.16437578154352e-20,"Upregulated"
"ENSG00000102096.11","ENSG00000102096","PIM2","protein_coding",122.895100975329,1.54257583011914,0.162149649272287,9.51328502430985,1.84734736248113e-21,1.19891437425331e-20,"Upregulated"
"ENSG00000198039.14","ENSG00000198039","ZNF273","protein_coding",144.882436882191,1.05370568297313,0.110805918740691,9.50947110902105,1.91634344695791e-21,1.2425793840409e-20,"Upregulated"
"ENSG00000109099.18","ENSG00000109099","PMP22","protein_coding",32.1332805991548,2.57545718247371,0.271007204132321,9.50327940808624,2.03382283696545e-21,1.31816460435167e-20,"Upregulated"
"ENSG00000117479.17","ENSG00000117479","SLC19A2","protein_coding",407.841915943129,1.02622264945677,0.108104107533795,9.4929107956047,2.2467123110665e-21,1.45095164046238e-20,"Upregulated"
"ENSG00000102098.21","ENSG00000102098","SCML2","protein_coding",122.983359962748,1.73132698889332,0.182440660334742,9.48980882724653,2.31458356906961e-21,1.49411782106712e-20,"Upregulated"
"ENSG00000175573.8","ENSG00000175573","C11orf68","protein_coding",297.079062825897,1.30106273561189,0.137201301401194,9.4828745961193,2.47372678539218e-21,1.59400838478895e-20,"Upregulated"
"ENSG00000170027.8","ENSG00000170027","YWHAG","protein_coding",5177.25434536377,1.05042413811141,0.110797066607753,9.48061325332873,2.52792995614609e-21,1.6267655827917e-20,"Upregulated"
"ENSG00000109445.13","ENSG00000109445","ZNF330","protein_coding",331.321751284275,1.13635768460679,0.119897841756173,9.47771592851282,2.59909728451028e-21,1.67033782027153e-20,"Upregulated"
"ENSG00000067082.17","ENSG00000067082","KLF6","protein_coding",2122.82933321793,1.40594841915644,0.148449594438867,9.47088083649445,2.77493709122817e-21,1.78176288551523e-20,"Upregulated"
"ENSG00000181378.16","ENSG00000181378","CFAP65","protein_coding",26.8241588095206,5.15272058792671,0.544161540294658,9.46910100470636,2.82262424963969e-21,1.81157974427716e-20,"Upregulated"
"ENSG00000135750.17","ENSG00000135750","KCNK1","protein_coding",566.008906483232,1.14914220705854,0.121365046300646,9.46847747424642,2.83952156143226e-21,1.82161781621409e-20,"Upregulated"
"ENSG00000162378.15","ENSG00000162378","ZYG11B","protein_coding",471.981542313423,1.1368947357254,0.120097286316857,9.46644816541387,2.89521041127392e-21,1.85570054313054e-20,"Upregulated"
"ENSG00000178307.12","ENSG00000178307","TMEM11","protein_coding",401.201604281371,1.05693700799544,0.111660197772795,9.46565588345172,2.91724447297841e-21,1.86899676845284e-20,"Upregulated"
"ENSG00000089127.16","ENSG00000089127","OAS1","protein_coding",1766.21556313164,1.02819509092586,0.108638597990811,9.46436266613855,2.95356687338051e-21,1.88976119774969e-20,"Upregulated"
"ENSG00000152404.18","ENSG00000152404","CWF19L2","protein_coding",304.758133788792,1.20185770187834,0.126992121895523,9.46403354742836,2.96288196952722e-21,1.89488462058201e-20,"Upregulated"
"ENSG00000188290.13","ENSG00000188290","HES4","protein_coding",122.506938779632,1.92962065270315,0.203928601841578,9.46223646549675,3.01425994772312e-21,1.92689259648891e-20,"Upregulated"
"ENSG00000139211.9","ENSG00000139211","AMIGO2","protein_coding",267.276958745081,1.19131267075076,0.125982302325057,9.45619066142293,3.19366286590021e-21,2.03708460618952e-20,"Upregulated"
"ENSG00000176903.5","ENSG00000176903","PNMA1","protein_coding",150.324881830882,1.40316554533051,0.14838739154029,9.4560968473492,3.19652832300802e-21,2.03801533026979e-20,"Upregulated"
"ENSG00000160741.19","ENSG00000160741","CRTC2","protein_coding",489.880260725874,1.47702135357082,0.156326822429744,9.44829128241648,3.44406789925306e-21,2.19294516678275e-20,"Upregulated"
"ENSG00000112695.15","ENSG00000112695","COX7A2","protein_coding",1179.25218249541,1.04861488767637,0.111276389433806,9.42351646213466,4.36228412062693e-21,2.76666177138404e-20,"Upregulated"
"ENSG00000092871.19","ENSG00000092871","RFFL","protein_coding",675.936676893451,1.12571622326308,0.119465255525339,9.42295915505165,4.3855073365072e-21,2.77895812508362e-20,"Upregulated"
"ENSG00000168003.21","ENSG00000168003","SLC3A2","protein_coding",5322.41094398928,1.53536900443655,0.163122087508949,9.41239183413662,4.84972986779718e-21,3.06775579415612e-20,"Upregulated"
"ENSG00000131748.18","ENSG00000131748","STARD3","protein_coding",305.440864230263,1.15475116547537,0.122709431674192,9.41045158241279,4.94009854991861e-21,3.12355620355238e-20,"Upregulated"
"ENSG00000124225.17","ENSG00000124225","PMEPA1","protein_coding",2463.98346481708,1.18831943690153,0.126345964767372,9.40528206887695,5.18908351756642e-21,3.27669709527549e-20,"Upregulated"
"ENSG00000182208.16","ENSG00000182208","MOB2","protein_coding",289.145887357148,1.33984846690144,0.142496952992622,9.40264643392629,5.32076331614856e-21,3.35692215836417e-20,"Upregulated"
"ENSG00000121900.21","ENSG00000121900","TMEM54","protein_coding",1450.45206263024,1.17093374084456,0.124588137051998,9.39843687008385,5.53796524653806e-21,3.48939966751433e-20,"Upregulated"
"ENSG00000118816.14","ENSG00000118816","CCNI","protein_coding",6512.80760215315,1.38025094492225,0.146924382890917,9.39429465527859,5.76024658153894e-21,3.62630293048055e-20,"Upregulated"
"ENSG00000137947.14","ENSG00000137947","GTF2B","protein_coding",253.864334893808,1.01025105630542,0.10762587381504,9.38669318533557,6.19135477907908e-21,3.88756990721032e-20,"Upregulated"
"ENSG00000117616.20","ENSG00000117616","RSRP1","protein_coding",156.417757014866,1.6428359277528,0.175242679757857,9.37463367955113,6.94163945760043e-21,4.34925374057698e-20,"Upregulated"
"ENSG00000260708.3","ENSG00000260708","TBC1D22A-DT","lncRNA",21.3681618516418,3.21037977789547,0.342649734056833,9.36927555695401,7.30320612353335e-21,4.56592161959643e-20,"Upregulated"
"ENSG00000059728.13","ENSG00000059728","MXD1","protein_coding",799.714977708214,1.24975719970965,0.133462305917207,9.36412113608267,7.66858229326068e-21,4.78609365176286e-20,"Upregulated"
"ENSG00000162300.15","ENSG00000162300","ZFPL1","protein_coding",390.65978482161,1.04402757861114,0.111529285847903,9.36101733884431,7.89725809751733e-21,4.9266923955756e-20,"Upregulated"
"ENSG00000198517.12","ENSG00000198517","MAFK","protein_coding",638.239345545056,1.08032661084559,0.115568816429906,9.34790754304232,8.93987693469876e-21,5.56754175065124e-20,"Upregulated"
"ENSG00000164916.13","ENSG00000164916","FOXK1","protein_coding",1669.10416029939,1.34681987573147,0.14414501986929,9.34350612288067,9.31957426744959e-21,5.79902405684326e-20,"Upregulated"
"ENSG00000106560.12","ENSG00000106560","GIMAP2","protein_coding",52.4877283120949,1.97593681209148,0.211703900894,9.33349269308379,1.02438378665575e-20,6.36048407721299e-20,"Upregulated"
"ENSG00000069966.19","ENSG00000069966","GNB5","protein_coding",136.965773112289,1.14744724952772,0.122961427618196,9.33176583709343,1.04121506756038e-20,6.45945580440286e-20,"Upregulated"
"ENSG00000175550.9","ENSG00000175550","DRAP1","protein_coding",578.802651010357,1.03720863223905,0.111168330853747,9.33007291081487,1.05798103628252e-20,6.55504966986161e-20,"Upregulated"
"ENSG00000266094.10","ENSG00000266094","RASSF5","protein_coding",24.7324988945061,3.83590270999538,0.411361012876569,9.32490583677741,1.1108218430001e-20,6.86483161993922e-20,"Upregulated"
"ENSG00000272886.8","ENSG00000272886","DCP1A","protein_coding",683.446470191441,1.05278234708945,0.11290429254369,9.32455554497238,1.1144970923284e-20,6.88460863683854e-20,"Upregulated"
"ENSG00000121104.9","ENSG00000121104","FAM117A","protein_coding",112.087914794249,1.3417199988361,0.1441062808046,9.31062817904098,1.27078511705821e-20,7.82337209702957e-20,"Upregulated"
"ENSG00000112599.9","ENSG00000112599","GUCA1B","protein_coding",37.6684263297938,2.55738862082864,0.274731865149207,9.3086712727689,1.29441471227179e-20,7.96545987696086e-20,"Upregulated"
"ENSG00000174010.11","ENSG00000174010","KLHL15","protein_coding",183.696572154514,1.25539289590218,0.134882403075873,9.30731412900468,1.31105680741422e-20,8.0644462024817e-20,"Upregulated"
"ENSG00000140199.13","ENSG00000140199","SLC12A6","protein_coding",252.246402425213,1.21417474364617,0.130583239536804,9.29809022928979,1.42990865303994e-20,8.76204490480118e-20,"Upregulated"
"ENSG00000214922.10","ENSG00000214922","HLA-F-AS1","lncRNA",24.1233804270094,3.13404878175687,0.337075113469727,9.29777564856725,1.43414464625002e-20,8.78057634704489e-20,"Upregulated"
"ENSG00000172840.9","ENSG00000172840","PDP2","protein_coding",312.350361745251,1.18145105669945,0.127105021329587,9.29507775806843,1.47098640165913e-20,9.00233738718081e-20,"Upregulated"
"ENSG00000106089.14","ENSG00000106089","STX1A","protein_coding",111.944496368915,1.28312741823688,0.138228998650413,9.2826210908318,1.65359700057002e-20,1.00815850787803e-19,"Upregulated"
"ENSG00000172354.12","ENSG00000172354","GNB2","protein_coding",2901.40147969049,1.1237661569117,0.121187663137887,9.27294188050377,1.81081105267651e-20,1.10215345549719e-19,"Upregulated"
"ENSG00000090975.16","ENSG00000090975","PITPNM2","protein_coding",170.752917850819,1.21513202394186,0.131236087455422,9.25913022479134,2.06104235397302e-20,1.24764518770999e-19,"Upregulated"
"ENSG00000091136.17","ENSG00000091136","LAMB1","protein_coding",3864.0833746869,1.81342699528293,0.195926563492012,9.25564641650474,2.12937995282227e-20,1.2879371567738e-19,"Upregulated"
"ENSG00000104897.12","ENSG00000104897","SF3A2","protein_coding",1115.23881549767,1.13189037873691,0.122331049634915,9.25268263547905,2.18927697404824e-20,1.32306096363249e-19,"Upregulated"
"ENSG00000166979.15","ENSG00000166979","EVA1C","protein_coding",201.633716504207,1.25495621518815,0.135631222368037,9.25270887688974,2.18873940358004e-20,1.32306096363249e-19,"Upregulated"
"ENSG00000253341.1","ENSG00000253341","PCBP2P2","processed_pseudogene",367.243550103695,1.07501914280952,0.116216517832505,9.25014071028071,2.24197331681483e-20,1.35377822113669e-19,"Upregulated"
"ENSG00000121690.13","ENSG00000121690","DEPDC7","protein_coding",184.496622307528,1.05757764014551,0.114333963577504,9.24989921676779,2.24704444534223e-20,1.35627522290294e-19,"Upregulated"
"ENSG00000110958.18","ENSG00000110958","PTGES3","protein_coding",5851.99102482637,1.10856285488334,0.120000048172765,9.23802008218638,2.51100388861876e-20,1.5124467312495e-19,"Upregulated"
"ENSG00000128739.25","ENSG00000128739","SNRPN","protein_coding",122.82641596844,1.08851959626508,0.118174446105654,9.21112501167881,3.22724532667077e-20,1.93261319314516e-19,"Upregulated"
"ENSG00000133985.5","ENSG00000133985","TTC9","protein_coding",201.82305083975,1.80704607474262,0.196294746851614,9.20577908337317,3.39201538877895e-20,2.02876958374678e-19,"Upregulated"
"ENSG00000131979.22","ENSG00000131979","GCH1","protein_coding",240.152640409729,1.15836661596676,0.125949905835608,9.19704233426485,3.67937523102077e-20,2.19882498342074e-19,"Upregulated"
"ENSG00000170340.13","ENSG00000170340","B3GNT2","protein_coding",891.153103843938,1.01026686049132,0.109914983361016,9.19134798185884,3.87948897785909e-20,2.31079137966025e-19,"Upregulated"
"ENSG00000186416.19","ENSG00000186416","NKRF","protein_coding",323.077946657609,1.20592188022097,0.131266923884702,9.18679164966332,4.04732687216721e-20,2.40779396680818e-19,"Upregulated"
"ENSG00000104312.10","ENSG00000104312","RIPK2","protein_coding",551.883673174707,1.4755395234723,0.160668491111151,9.18375166946407,4.16327998170958e-20,2.47372913058365e-19,"Upregulated"
"ENSG00000182979.20","ENSG00000182979","MTA1","protein_coding",653.472376551325,1.08525315631914,0.118262499761513,9.17664651523227,4.4472527792769e-20,2.63489727217011e-19,"Upregulated"
"ENSG00000232442.4","ENSG00000232442","MHENCR","lncRNA",35.5309736913749,2.04433929071573,0.222800144848691,9.17566410068583,4.48799475153885e-20,2.65686355961197e-19,"Upregulated"
"ENSG00000124785.11","ENSG00000124785","NRN1","protein_coding",35.0122095202482,2.00351963067846,0.218771606406738,9.1580423236164,5.28472896024281e-20,3.11706520520305e-19,"Upregulated"
"ENSG00000130669.19","ENSG00000130669","PAK4","protein_coding",1262.23586602508,1.00646464585327,0.1099754839696,9.15171826960525,5.60350613224291e-20,3.29703657606432e-19,"Upregulated"
"ENSG00000186834.4","ENSG00000186834","HEXIM1","protein_coding",327.821839846389,1.22837638759506,0.134308342576167,9.14594256792681,5.91120948875709e-20,3.47526360693987e-19,"Upregulated"
"ENSG00000099995.21","ENSG00000099995","SF3A1","protein_coding",1629.18365819203,1.00708990585305,0.110293066262075,9.13103552185265,6.7847175468028e-20,3.97590483980049e-19,"Upregulated"
"ENSG00000205339.12","ENSG00000205339","IPO7","protein_coding",7845.01104765377,1.15561032629414,0.126640330939255,9.12513665846666,7.16458094533363e-20,4.19342112519285e-19,"Upregulated"
"ENSG00000205940.9","ENSG00000205940","HSP90AB2P","processed_pseudogene",127.459630077789,1.35516697975187,0.148510002688147,9.12508891806807,7.16773942725245e-20,4.19357609122901e-19,"Upregulated"
"ENSG00000128016.10","ENSG00000128016","ZFP36","protein_coding",1251.20336092085,1.87896814089203,0.206012257144257,9.1206618816681,7.46669059718797e-20,4.36671832665246e-19,"Upregulated"
"ENSG00000183421.13","ENSG00000183421","RIPK4","protein_coding",268.872230836375,1.22280978013456,0.134144120183457,9.11564203084138,7.82060299489581e-20,4.57185068987616e-19,"Upregulated"
"ENSG00000249942.2","ENSG00000249942","ENSG00000249942","lncRNA",44.9174682213317,1.93559809101962,0.212394688629914,9.11321325173198,7.9977400530356e-20,4.67351809873354e-19,"Upregulated"
"ENSG00000240849.13","ENSG00000240849","PEDS1","protein_coding",436.86374730401,1.10392978778738,0.121488599674853,9.08669447785137,1.02095782169583e-19,5.93728762119422e-19,"Upregulated"
"ENSG00000186184.22","ENSG00000186184","POLR1D","protein_coding",3146.08074973901,1.27789184084587,0.140670711787002,9.08427791835448,1.04389273530698e-19,6.06822844768102e-19,"Upregulated"
"ENSG00000099860.12","ENSG00000099860","GADD45B","protein_coding",223.05104857358,3.16092406888121,0.348111495248911,9.08020594557226,1.08369604434864e-19,6.29708222722555e-19,"Upregulated"
"ENSG00000084092.9","ENSG00000084092","NOA1","protein_coding",487.832601605352,1.12426490847174,0.123831414666819,9.07899591954664,1.09581045495849e-19,6.35982583630695e-19,"Upregulated"
"ENSG00000247627.2","ENSG00000247627","MTND4P12","processed_pseudogene",223.459257658637,1.54849748559337,0.170557936912969,9.07901158761983,1.09565273896225e-19,6.35982583630695e-19,"Upregulated"
"ENSG00000169994.22","ENSG00000169994","MYO7B","protein_coding",1307.66897711809,1.39061652024572,0.153202798332901,9.07696553442836,1.11643945483069e-19,6.47695779800092e-19,"Upregulated"
"ENSG00000205639.13","ENSG00000205639","MFSD2B","protein_coding",107.897503206095,1.50155350489638,0.165539843212463,9.07064713701107,1.18312215801964e-19,6.85558029349085e-19,"Upregulated"
"ENSG00000109458.12","ENSG00000109458","GAB1","protein_coding",384.692227967208,1.09457102021294,0.120698037118355,9.06867291586212,1.2047535605225e-19,6.97813293329021e-19,"Upregulated"
"ENSG00000237643.4","ENSG00000237643","LINC01610","lncRNA",114.111528433397,1.4705773424389,0.162412760703133,9.05456773268517,1.37109767327257e-19,7.91631373747652e-19,"Upregulated"
"ENSG00000135929.11","ENSG00000135929","CYP27A1","protein_coding",59.7493765401197,1.62167193529797,0.179548284390216,9.03195450073781,1.68632540756015e-19,9.6938626760657e-19,"Upregulated"
"ENSG00000011422.14","ENSG00000011422","PLAUR","protein_coding",491.548696267362,1.88060370469449,0.208350950446985,9.02613451323327,1.77842908011671e-19,1.02111704552501e-18,"Upregulated"
"ENSG00000124762.17","ENSG00000124762","CDKN1A","protein_coding",766.371714051778,1.61710979124038,0.179192029429635,9.02445156956819,1.80597686445787e-19,1.0365234344445e-18,"Upregulated"
"ENSG00000170222.14","ENSG00000170222","ADPRM","protein_coding",113.408566467163,1.54251462088812,0.171078415265714,9.01641869017981,1.94338554586154e-19,1.11362369832445e-18,"Upregulated"
"ENSG00000289588.2","ENSG00000289588","ENSG00000289588","lncRNA",15.3652020203803,4.38725871451234,0.486653045724255,9.01516748545784,1.96569866962077e-19,1.12507524171186e-18,"Upregulated"
"ENSG00000084234.20","ENSG00000084234","APLP2","protein_coding",8949.29485107483,1.11718388715581,0.123942621553355,9.01371838964114,1.99185736060909e-19,1.13824380984793e-18,"Upregulated"
"ENSG00000225031.1","ENSG00000225031","EIF4BP7","processed_pseudogene",328.598725066014,1.22601514954767,0.136032529926519,9.01266153184042,2.01115210371892e-19,1.14836943605574e-18,"Upregulated"
"ENSG00000122068.15","ENSG00000122068","FYTTD1","protein_coding",929.151221024612,1.16297909380104,0.129046062182282,9.01212384271203,2.02103930075686e-19,1.15356051778529e-18,"Upregulated"
"ENSG00000126705.17","ENSG00000126705","AHDC1","protein_coding",301.469754049659,1.36833054106526,0.151977793233082,9.00348999650696,2.18653937592809e-19,1.2475326234626e-18,"Upregulated"
"ENSG00000111321.13","ENSG00000111321","LTBR","protein_coding",1985.22755319452,1.0214167476641,0.113456849466388,9.00268914982251,2.20255285591865e-19,1.2561745764649e-18,"Upregulated"
"ENSG00000079385.25","ENSG00000079385","CEACAM1","protein_coding",2189.73123254249,1.05481871052434,0.117217024646036,8.99885245944102,2.28089197363485e-19,1.29983037679576e-18,"Upregulated"
"ENSG00000152078.12","ENSG00000152078","TLCD4","protein_coding",258.339748916555,1.15852907417511,0.12878375362485,8.99592566271931,2.34249786769795e-19,1.33441348658328e-18,"Upregulated"
"ENSG00000148926.12","ENSG00000148926","ADM","protein_coding",114.482510575597,2.64610742812525,0.294425514960672,8.98735773113518,2.53245259847803e-19,1.43933808214245e-18,"Upregulated"
"ENSG00000105388.19","ENSG00000105388","CEACAM5","protein_coding",12659.7730411505,1.79641652619018,0.199919439386294,8.98570209932939,2.57087563759446e-19,1.45991887695999e-18,"Upregulated"
"ENSG00000165637.16","ENSG00000165637","VDAC2","protein_coding",868.036133851963,1.40928310450632,0.156971654843053,8.97794640640935,2.75867398714798e-19,1.56472420437372e-18,"Upregulated"
"ENSG00000007866.23","ENSG00000007866","TEAD3","protein_coding",368.786651505422,1.06106509167944,0.118226280738057,8.97486654452353,2.83695499459342e-19,1.60786671027172e-18,"Upregulated"
"ENSG00000080822.19","ENSG00000080822","CLDND1","protein_coding",586.611624905669,1.23104270944826,0.13723015200176,8.97064305104372,2.94788315663979e-19,1.66877823070406e-18,"Upregulated"
"ENSG00000174718.14","ENSG00000174718","RESF1","protein_coding",1028.85219145923,1.17271555029946,0.130831572827923,8.96355157208022,3.14385453496482e-19,1.77555494624747e-18,"Upregulated"
"ENSG00000118503.20","ENSG00000118503","TNFAIP3","protein_coding",118.066413854092,1.74532209389494,0.194779395111965,8.96050679740367,3.23189525184172e-19,1.82456665327971e-18,"Upregulated"
"ENSG00000126070.22","ENSG00000126070","AGO3","protein_coding",348.292047572448,1.09463848457376,0.12218643178168,8.95875645611487,3.28360502923374e-19,1.85087530469294e-18,"Upregulated"
"ENSG00000140859.18","ENSG00000140859","KIFC3","protein_coding",316.727962005274,1.21651132165527,0.135977000595695,8.94644915188536,3.67100951584256e-19,2.06442646114049e-18,"Upregulated"
"ENSG00000163131.14","ENSG00000163131","CTSS","protein_coding",250.854213214826,1.46480584159253,0.163734233930657,8.94624054132066,3.67795086673337e-19,2.06592495971705e-18,"Upregulated"
"ENSG00000142156.18","ENSG00000142156","COL6A1","protein_coding",557.411336263831,1.74183860131841,0.195232388132242,8.92187314810988,4.58467170120226e-19,2.56529198045649e-18,"Upregulated"
"ENSG00000155252.16","ENSG00000155252","PI4K2A","protein_coding",191.407905139503,1.06222970724048,0.119101431232064,8.9186980899564,4.71801628094588e-19,2.63684889870681e-18,"Upregulated"
"ENSG00000125356.9","ENSG00000125356","NDUFA1","protein_coding",478.207669627224,1.25684027415892,0.140963740057979,8.91605368616058,4.83199338194468e-19,2.69950840752283e-18,"Upregulated"
"ENSG00000169032.13","ENSG00000169032","MAP2K1","protein_coding",845.688017388581,1.02439380047189,0.115047895966092,8.90406375422815,5.38385041027505e-19,2.99972165112287e-18,"Upregulated"
"ENSG00000124466.9","ENSG00000124466","LYPD3","protein_coding",59.9072259506925,2.66674246329217,0.299525843288193,8.90321327207258,5.425279634809e-19,3.02048223079724e-18,"Upregulated"
"ENSG00000170745.14","ENSG00000170745","KCNS3","protein_coding",184.388852177038,1.05617779012381,0.118691158325563,8.89853806318732,5.65870833395596e-19,3.1480230777616e-18,"Upregulated"
"ENSG00000168564.8","ENSG00000168564","CDKN2AIP","protein_coding",306.440059524212,1.04231311233629,0.117191774704797,8.89408079160716,5.8904831345029e-19,3.27193873458091e-18,"Upregulated"
"ENSG00000010438.17","ENSG00000010438","PRSS3","protein_coding",873.387540865553,1.11370009387,0.125239183795772,8.89258505298246,5.97034253610727e-19,3.31502697445466e-18,"Upregulated"
"ENSG00000006695.14","ENSG00000006695","COX10","protein_coding",385.020887281326,1.03606946748266,0.116522084347693,8.89161460921949,6.02272683725675e-19,3.34283252874473e-18,"Upregulated"
"ENSG00000159147.20","ENSG00000159147","DONSON","protein_coding",180.8698349797,1.56691485161999,0.176274235489576,8.88907472648012,6.16198787592429e-19,3.41359053126509e-18,"Upregulated"
"ENSG00000275993.4","ENSG00000275993","ENSG00000275993","artifact",20.4590515854235,3.25515102332753,0.366947786225255,8.87088339410045,7.25679101047951e-19,4.00020598417151e-18,"Upregulated"
"ENSG00000073905.8","ENSG00000073905","VDAC1P1","processed_pseudogene",149.000039191133,1.1048936385471,0.124598444505198,8.86763589172257,7.47151693316833e-19,4.11387626882506e-18,"Upregulated"
"ENSG00000117399.16","ENSG00000117399","CDC20","protein_coding",884.402175296039,1.51896281424045,0.171594753239405,8.85203530740379,8.59375034979407e-19,4.71923569796194e-18,"Upregulated"
"ENSG00000100968.15","ENSG00000100968","NFATC4","protein_coding",30.2013999120932,2.77084794353828,0.31353353057093,8.83748522364639,9.78971841635163e-19,5.36786225084252e-18,"Upregulated"
"ENSG00000153303.18","ENSG00000153303","FRMD1","protein_coding",53.1270237486136,2.33587429653222,0.264505140097414,8.83111116733664,1.03640917450545e-18,5.67421297957424e-18,"Upregulated"
"ENSG00000059122.19","ENSG00000059122","FLYWCH1","protein_coding",263.009446999316,1.02051683681348,0.115571337313051,8.83018973856103,1.04498304734212e-18,5.71683439867197e-18,"Upregulated"
"ENSG00000003249.17","ENSG00000003249","DBNDD1","protein_coding",318.390406549252,1.32289560674455,0.149880117570094,8.82635821342933,1.08139290731488e-18,5.91156017080618e-18,"Upregulated"
"ENSG00000112984.14","ENSG00000112984","KIF20A","protein_coding",508.579287978858,1.32839058184703,0.15069257145779,8.81523600663432,1.19433204461494e-18,6.50197595438008e-18,"Upregulated"
"ENSG00000063046.20","ENSG00000063046","EIF4B","protein_coding",5729.86411777022,1.24304666649529,0.1410379195744,8.81356354550855,1.21229342327978e-18,6.59232881432293e-18,"Upregulated"
"ENSG00000091542.10","ENSG00000091542","ALKBH5","protein_coding",1616.38103533803,1.12777119596516,0.127989873694693,8.81140955459757,1.23581969877645e-18,6.71522275015684e-18,"Upregulated"
"ENSG00000186529.18","ENSG00000186529","CYP4F3","protein_coding",131.684717323764,2.04069275778401,0.232014771028781,8.79552947743517,1.42375007632691e-18,7.70174919974977e-18,"Upregulated"
"ENSG00000184271.19","ENSG00000184271","POU6F1","protein_coding",72.9820919473873,1.79991364217408,0.204645158085953,8.79529063383994,1.42678193278647e-18,7.71527006341101e-18,"Upregulated"
"ENSG00000134824.16","ENSG00000134824","FADS2","protein_coding",81.3326821452729,2.86757205345988,0.326907807682108,8.77180656464579,1.7582226072525e-18,9.46162719060649e-18,"Upregulated"
"ENSG00000139182.17","ENSG00000139182","CLSTN3","protein_coding",178.791802179412,1.19350759827636,0.136076119210508,8.7708821004075,1.77271989259772e-18,9.53256277681862e-18,"Upregulated"
"ENSG00000105520.13","ENSG00000105520","PLPPR2","protein_coding",168.303893924849,1.50873460264615,0.172020931346851,8.77064547223059,1.77644958795642e-18,9.54553482709099e-18,"Upregulated"
"ENSG00000170540.18","ENSG00000170540","ARL6IP1","protein_coding",3722.57503997622,1.39914924796039,0.159553068516597,8.76917793539551,1.79975432997227e-18,9.66717559301637e-18,"Upregulated"
"ENSG00000118508.7","ENSG00000118508","RAB32","protein_coding",190.051806468503,1.16876401097425,0.133443210978387,8.75851234697549,1.97844054636913e-18,1.05955507753072e-17,"Upregulated"
"ENSG00000121481.14","ENSG00000121481","RNF2","protein_coding",430.573186879916,1.11406200031344,0.12728452175464,8.75253318279316,2.08616152647865e-18,1.11559604582025e-17,"Upregulated"
"ENSG00000065911.14","ENSG00000065911","MTHFD2","protein_coding",4405.92185159769,1.11226325165142,0.127200060020958,8.74420382716925,2.24593691526691e-18,1.2001518354e-17,"Upregulated"
"ENSG00000050820.19","ENSG00000050820","BCAR1","protein_coding",884.575210437518,1.28540566022213,0.147008326013687,8.74376094931149,2.25476259542785e-18,1.20442386778255e-17,"Upregulated"
"ENSG00000110171.22","ENSG00000110171","TRIM3","protein_coding",96.4424066318163,1.35861454530639,0.155408761553752,8.74220045075438,2.28613402439623e-18,1.22028192565562e-17,"Upregulated"
"ENSG00000143702.19","ENSG00000143702","CEP170","protein_coding",53.0249679198098,1.6299777854137,0.186711624153631,8.72992130405609,2.54849886626186e-18,1.35782520477452e-17,"Upregulated"
"ENSG00000130222.13","ENSG00000130222","GADD45G","protein_coding",58.0494594011609,2.87041875937484,0.328848628068803,8.72869312617074,2.57632218567197e-18,1.37164074631735e-17,"Upregulated"
"ENSG00000130203.12","ENSG00000130203","APOE","protein_coding",25.867557653194,2.47653050481491,0.283794474362861,8.7264930382274,2.62691513936195e-18,1.39806295261232e-17,"Upregulated"
"ENSG00000103121.11","ENSG00000103121","CMC2","protein_coding",221.067746450248,1.0876736429271,0.124649515904812,8.72585533150162,2.64176227356225e-18,1.40544856345316e-17,"Upregulated"
"ENSG00000291152.2","ENSG00000291152","SBDSP1","lncRNA",199.015737367582,1.07979130793061,0.123856705596871,8.71806901957419,2.82986442433835e-18,1.50386487852993e-17,"Upregulated"
"ENSG00000128272.21","ENSG00000128272","ATF4","protein_coding",2897.47038064745,1.0065800148217,0.115545633653477,8.71153658510757,2.99783004530899e-18,1.59021057893916e-17,"Upregulated"
"ENSG00000214274.12","ENSG00000214274","ANG","protein_coding",95.3560626588158,2.08840265791116,0.240154677124457,8.69607322629352,3.43566777783377e-18,1.81449334680638e-17,"Upregulated"
"ENSG00000121858.13","ENSG00000121858","TNFSF10","protein_coding",68.4460899421158,1.58803402868232,0.182637097429683,8.69502445577205,3.46755092166226e-18,1.83066477073696e-17,"Upregulated"
"ENSG00000050426.18","ENSG00000050426","LETMD1","protein_coding",980.097977550068,1.36626948569578,0.157225530288617,8.68987042490955,3.62853101164109e-18,1.91356155097172e-17,"Upregulated"
"ENSG00000073605.21","ENSG00000073605","GSDMB","protein_coding",150.530770260893,2.0169634647951,0.232131470488342,8.68888419373708,3.66016524384407e-18,1.92884053504684e-17,"Upregulated"
"ENSG00000164879.9","ENSG00000164879","CA3","protein_coding",19.6388919201997,3.34997254514165,0.385833831197664,8.68242303880669,3.87425353707204e-18,2.03721633741829e-17,"Upregulated"
"ENSG00000024422.14","ENSG00000024422","EHD2","protein_coding",40.6102528903113,1.92268960617673,0.221560350553896,8.67794982888431,4.02966719082649e-18,2.11586728005281e-17,"Upregulated"
"ENSG00000104369.7","ENSG00000104369","JPH1","protein_coding",446.214544303579,1.44981039993247,0.167203475318776,8.67093460329328,4.28587824959834e-18,2.24470356317959e-17,"Upregulated"
"ENSG00000167705.14","ENSG00000167705","RILP","protein_coding",94.726061110981,1.25373145707811,0.144720452848771,8.66312558037821,4.59002282912039e-18,2.39620356050478e-17,"Upregulated"
"ENSG00000223617.4","ENSG00000223617","LINC00370","lncRNA",194.754386761094,2.19573670307258,0.25370159232521,8.6548006378216,4.93773985659889e-18,2.57124419697561e-17,"Upregulated"
"ENSG00000170421.15","ENSG00000170421","KRT8","protein_coding",17435.97499521,1.07545287050888,0.124410099566362,8.64441773021188,5.40803633680344e-18,2.80706527911732e-17,"Upregulated"
"ENSG00000128487.21","ENSG00000128487","SPECC1","protein_coding",381.88209298877,1.0021433841173,0.116072823820882,8.63374691102339,5.93742920131755e-18,3.07633979211634e-17,"Upregulated"
"ENSG00000092820.21","ENSG00000092820","EZR","protein_coding",6857.78128657055,1.14285300939588,0.13240581944484,8.6314409305249,6.05838481817049e-18,3.13451790444122e-17,"Upregulated"
"ENSG00000023902.15","ENSG00000023902","PLEKHO1","protein_coding",35.4090402128411,2.71170637389787,0.314402068955114,8.62496351538007,6.41130906983364e-18,3.3100353060217e-17,"Upregulated"
"ENSG00000164626.11","ENSG00000164626","KCNK5","protein_coding",448.300647458727,1.19510101974363,0.138746965933035,8.61352903616243,7.08452738388312e-18,3.65002407089389e-17,"Upregulated"
"ENSG00000115112.10","ENSG00000115112","TFCP2L1","protein_coding",683.210131609309,1.57654839053515,0.183153534108367,8.60779672207878,7.44781765413679e-18,3.83015519672641e-17,"Upregulated"
"ENSG00000169908.14","ENSG00000169908","TM4SF1","protein_coding",1649.37312849277,1.12876070180839,0.131187120122999,8.60420368059058,7.68484107181336e-18,3.94924527704678e-17,"Upregulated"
"ENSG00000167165.20","ENSG00000167165","UGT1A6","protein_coding",93.9678536335789,1.70613782059496,0.198345681364724,8.60184002422348,7.84480919240398e-18,4.02716878555857e-17,"Upregulated"
"ENSG00000144852.21","ENSG00000144852","NR1I2","protein_coding",113.43065637604,1.63785100342969,0.190476925953918,8.59868456626569,8.0634977173497e-18,4.13503923990912e-17,"Upregulated"
"ENSG00000131759.20","ENSG00000131759","RARA","protein_coding",472.013205349319,1.18735001168777,0.138262821905361,8.58763039351597,8.87813373425933e-18,4.54635738787584e-17,"Upregulated"
"ENSG00000135862.8","ENSG00000135862","LAMC1","protein_coding",2692.24312714696,1.19589784212742,0.139393298341061,8.57930658331471,9.54467668621749e-18,4.87906365208691e-17,"Upregulated"
"ENSG00000165886.7","ENSG00000165886","UBTD1","protein_coding",71.5569709973999,2.56036378020767,0.299137034607877,8.55916681651914,1.13686118497359e-17,5.79507291334408e-17,"Upregulated"
"ENSG00000138398.19","ENSG00000138398","PPIG","protein_coding",1136.52658757279,1.07566346192871,0.125949944812541,8.54040439263142,1.33752916859178e-17,6.79406684585774e-17,"Upregulated"
"ENSG00000165424.9","ENSG00000165424","ZCCHC24","protein_coding",38.570728845297,2.26819663927,0.265902879910653,8.53016951163577,1.4613342902376e-17,7.41514584528129e-17,"Upregulated"
"ENSG00000181444.15","ENSG00000181444","ZNF467","protein_coding",30.1922726031562,2.60008394243189,0.305818252179408,8.50205611961497,1.86261722350065e-17,9.3856219759984e-17,"Upregulated"
"ENSG00000118257.18","ENSG00000118257","NRP2","protein_coding",480.746931773825,1.62011222612241,0.190610451311581,8.49959808066399,1.90248252596663e-17,9.57318637719042e-17,"Upregulated"
"ENSG00000187608.11","ENSG00000187608","ISG15","protein_coding",52.6103645761023,1.98836731779728,0.234063822976663,8.49497924331317,1.97968289489569e-17,9.94438977914328e-17,"Upregulated"
"ENSG00000120910.17","ENSG00000120910","PPP3CC","protein_coding",166.607926787894,1.26774441065728,0.149265609997733,8.49321160230095,2.01003852060818e-17,1.00898781574831e-16,"Upregulated"
"ENSG00000141101.15","ENSG00000141101","NOB1","protein_coding",866.958951500365,1.0890228582034,0.128258680757304,8.49083158951316,2.05163695287154e-17,1.02808861414296e-16,"Upregulated"
"ENSG00000132535.23","ENSG00000132535","DLG4","protein_coding",20.4563535981721,2.70832783566933,0.319037637411529,8.48905432488469,2.0832533009652e-17,1.04357092421665e-16,"Upregulated"
"ENSG00000233426.3","ENSG00000233426","EIF3FP3","processed_pseudogene",270.066311675789,1.04618192780278,0.123245234068051,8.48861974837197,2.09105698094046e-17,1.04711809840322e-16,"Upregulated"
"ENSG00000159753.16","ENSG00000159753","CARMIL2","protein_coding",23.5231104658778,3.34000314378617,0.394190685559119,8.47306460082566,2.39019940200144e-17,1.19279510102634e-16,"Upregulated"
"ENSG00000233559.3","ENSG00000233559","LINC00513","lncRNA",66.3211311567021,1.33894592011554,0.15810115415326,8.4689193275439,2.47680133846718e-17,1.23473701400297e-16,"Upregulated"
"ENSG00000065717.18","ENSG00000065717","TLE2","protein_coding",28.7739601464493,2.41142299808936,0.285197561302144,8.45527215267683,2.78437157206316e-17,1.38520812984344e-16,"Upregulated"
"ENSG00000011007.15","ENSG00000011007","ELOA","protein_coding",725.840407804264,1.10770341246124,0.131015302597952,8.45476360773256,2.79653325941126e-17,1.39030394495328e-16,"Upregulated"
"ENSG00000075461.8","ENSG00000075461","CACNG4","protein_coding",461.23620650075,1.44788579551726,0.171255613892585,8.45453040987848,2.80212762160561e-17,1.39260745858397e-16,"Upregulated"
"ENSG00000112773.18","ENSG00000112773","TENT5A","protein_coding",144.172432155675,1.27734310552515,0.15111068849555,8.45302948614893,2.83839957744054e-17,1.41015038314255e-16,"Upregulated"
"ENSG00000026950.20","ENSG00000026950","BTN3A1","protein_coding",144.465565575565,1.18849624228982,0.140778590288047,8.44230816531149,3.1113178192672e-17,1.53888115484028e-16,"Upregulated"
"ENSG00000167123.22","ENSG00000167123","CERCAM","protein_coding",51.4112922303499,1.70878113096969,0.202536110415716,8.43692084074453,3.25806959581258e-17,1.60926873151043e-16,"Upregulated"
"ENSG00000120647.12","ENSG00000120647","CCDC77","protein_coding",90.7286010484455,1.41810589316249,0.168099940923711,8.43608799247625,3.28135787200741e-17,1.62021936221913e-16,"Upregulated"
"ENSG00000169679.17","ENSG00000169679","BUB1","protein_coding",1050.09607908206,1.354791049465,0.160609833483495,8.43529328236443,3.30373279761524e-17,1.63015647609942e-16,"Upregulated"
"ENSG00000179361.20","ENSG00000179361","ARID3B","protein_coding",109.769832728453,1.5134702072878,0.179422229725231,8.43524355708624,3.30513779679562e-17,1.63029465456644e-16,"Upregulated"
"ENSG00000150907.12","ENSG00000150907","FOXO1","protein_coding",292.785319714318,1.43769882014825,0.170449098114052,8.43476930095723,3.31856766786355e-17,1.6358055320639e-16,"Upregulated"
"ENSG00000150977.14","ENSG00000150977","RILPL2","protein_coding",95.3125842479913,1.39591563326,0.165792384088956,8.4196607759197,3.77575973804742e-17,1.85674618675885e-16,"Upregulated"
"ENSG00000069956.16","ENSG00000069956","MAPK6","protein_coding",1057.84798607862,1.15231496837161,0.13695523491226,8.4138073956051,3.96912248088127e-17,1.94852720165757e-16,"Upregulated"
"ENSG00000146411.8","ENSG00000146411","SLC2A12","protein_coding",132.263830556346,1.61747777087149,0.192299011968352,8.41126407418927,4.05615363589702e-17,1.99057834376633e-16,"Upregulated"
"ENSG00000127666.13","ENSG00000127666","TICAM1","protein_coding",410.753042590765,1.26510105998289,0.150504454138036,8.40573833663812,4.25178153416074e-17,2.08164925652221e-16,"Upregulated"
"ENSG00000143507.20","ENSG00000143507","DUSP10","protein_coding",32.0894684245806,2.20533799088073,0.262604926813344,8.39793075340227,4.54415020801411e-17,2.22029078943157e-16,"Upregulated"
"ENSG00000090857.16","ENSG00000090857","PDPR","protein_coding",317.428385990502,1.03064652408054,0.122728929558794,8.39774719608221,4.5512571874022e-17,2.22301379035499e-16,"Upregulated"
"ENSG00000164949.10","ENSG00000164949","GEM","protein_coding",111.563662394878,1.2623788460539,0.150485878870711,8.38868640384833,4.9160411179587e-17,2.39634268017011e-16,"Upregulated"
"ENSG00000115216.16","ENSG00000115216","NRBP1","protein_coding",794.742962927378,1.01575430764419,0.121131020171681,8.38558369445372,5.04746680901087e-17,2.45957932065183e-16,"Upregulated"
"ENSG00000148498.19","ENSG00000148498","PARD3","protein_coding",905.826209995854,1.04809614551536,0.12504402232646,8.38181726735432,5.21167024759079e-17,2.5370347742051e-16,"Upregulated"
"ENSG00000106993.14","ENSG00000106993","CDC37L1","protein_coding",170.354431273555,1.05073559963337,0.125423088803142,8.37752928635458,5.40503187187548e-17,2.62763240144983e-16,"Upregulated"
"ENSG00000162642.16","ENSG00000162642","C1orf52","protein_coding",178.193068145559,1.02804514277306,0.122776659225826,8.37329464130601,5.60292826404893e-17,2.72018882420761e-16,"Upregulated"
"ENSG00000011105.16","ENSG00000011105","TSPAN9","protein_coding",102.99688440817,1.0840143946014,0.129468319337124,8.37281583750788,5.62574888362352e-17,2.73035340996222e-16,"Upregulated"
"ENSG00000140044.15","ENSG00000140044","JDP2","protein_coding",627.11409520638,1.2040146909958,0.143824877692973,8.37139381106267,5.69406695936509e-17,2.76166058819006e-16,"Upregulated"
"ENSG00000131015.7","ENSG00000131015","ULBP2","protein_coding",27.7934745115844,2.36912403011578,0.283088898221912,8.36883411888034,5.81910989932337e-17,2.81853411300115e-16,"Upregulated"
"ENSG00000008256.19","ENSG00000008256","CYTH3","protein_coding",590.675724930585,1.11982163562828,0.13411778588959,8.34953864023785,6.85301244469367e-17,3.30385416994347e-16,"Upregulated"
"ENSG00000105613.11","ENSG00000105613","MAST1","protein_coding",20.9451682410067,3.34135589827165,0.400398414471047,8.34507774633872,7.11670511736423e-17,3.42642161331702e-16,"Upregulated"
"ENSG00000174456.17","ENSG00000174456","C12orf76","protein_coding",133.33757610565,1.31460411486728,0.157566457310625,8.34317238138877,7.23236196919339e-17,3.48094950705914e-16,"Upregulated"
"ENSG00000103316.14","ENSG00000103316","CRYM","protein_coding",16.9761092359518,2.59733583209405,0.311339731793722,8.3424489933553,7.27675587217186e-17,3.49999157316676e-16,"Upregulated"
"ENSG00000141867.20","ENSG00000141867","BRD4","protein_coding",2182.34938309103,1.15075237713785,0.138115323855694,8.3318226031181,7.96071723468261e-17,3.82262141037178e-16,"Upregulated"
"ENSG00000101384.14","ENSG00000101384","JAG1","protein_coding",2395.12599284208,1.23904154768471,0.148775011398824,8.32829072594177,8.20178986639924e-17,3.93577280608801e-16,"Upregulated"
"ENSG00000179085.10","ENSG00000179085","DPM3","protein_coding",103.116009805148,1.33610942525081,0.160465842578245,8.32644133968456,8.33087940703297e-17,3.99507294396829e-16,"Upregulated"
"ENSG00000106829.23","ENSG00000106829","TLE4","protein_coding",139.228648768832,1.37566080795089,0.165262846059048,8.32407792045027,8.49876899875068e-17,4.07288889979811e-16,"Upregulated"
"ENSG00000114270.19","ENSG00000114270","COL7A1","protein_coding",15.1775838527403,3.59156935096402,0.43172116177856,8.31918763529646,8.85682442822407e-17,4.23887383136801e-16,"Upregulated"
"ENSG00000171877.22","ENSG00000171877","FRMD5","protein_coding",102.995759773871,1.19593257989274,0.143823740174046,8.31526546622624,9.15471166470082e-17,4.37855054273413e-16,"Upregulated"
"ENSG00000100532.15","ENSG00000100532","CGRRF1","protein_coding",98.2557437774583,1.49639222659002,0.180143271776175,8.30667841122186,9.84182064909009e-17,4.6994288252591e-16,"Upregulated"
"ENSG00000065054.16","ENSG00000065054","NHERF2","protein_coding",275.476032462409,1.08929201061354,0.131208359873164,8.30200157723589,1.02371847750376e-16,4.8817795906497e-16,"Upregulated"
"ENSG00000154710.20","ENSG00000154710","RABGEF1","protein_coding",68.1085896387295,1.93395683416964,0.233287581111576,8.2900119455766,1.13237095337514e-16,5.38573017929521e-16,"Upregulated"
"ENSG00000159685.13","ENSG00000159685","CHCHD6","protein_coding",157.989944191904,1.01703199042046,0.122720360467284,8.28739409294348,1.15756593852714e-16,5.50195001021166e-16,"Upregulated"
"ENSG00000130695.18","ENSG00000130695","CEP85","protein_coding",418.836233812299,1.00035629106153,0.120737857072145,8.28535734623631,1.17754978620549e-16,5.59326499563749e-16,"Upregulated"
"ENSG00000173585.20","ENSG00000173585","CCR9","protein_coding",17.6372344276853,3.2274124811827,0.389636485533317,8.28313723435105,1.1997203406967e-16,5.69484021532151e-16,"Upregulated"
"ENSG00000110492.19","ENSG00000110492","MDK","protein_coding",786.103649746682,1.11347818609186,0.134596922748978,8.27268679959707,1.30973430226841e-16,6.2089203495171e-16,"Upregulated"
"ENSG00000272734.2","ENSG00000272734","ADIRF-AS1","lncRNA",67.9294151104873,1.83194727628744,0.221604593861903,8.26673871855315,1.37673235589696e-16,6.51587371053521e-16,"Upregulated"
"ENSG00000143878.10","ENSG00000143878","RHOB","protein_coding",2081.39706796941,1.25108326533107,0.151369109278987,8.2651161210522,1.39558829105866e-16,6.60295968463014e-16,"Upregulated"
"ENSG00000141682.14","ENSG00000141682","PMAIP1","protein_coding",386.531945617792,1.21666939453895,0.147339260306653,8.25760487738793,1.48624596826486e-16,7.02500866669746e-16,"Upregulated"
"ENSG00000070669.19","ENSG00000070669","ASNS","protein_coding",88.3885062813921,1.25921355999873,0.15251401514732,8.25637931558225,1.50157907691592e-16,7.09516921508492e-16,"Upregulated"
"ENSG00000074416.18","ENSG00000074416","MGLL","protein_coding",1290.09424691004,1.2012116550049,0.145836510427096,8.23670047704132,1.77024932966576e-16,8.33748888057073e-16,"Upregulated"
"ENSG00000163710.11","ENSG00000163710","PCOLCE2","protein_coding",49.8756577102192,1.36740128979055,0.166321334791146,8.2214424956824,2.01069909495625e-16,9.45459159120894e-16,"Upregulated"
"ENSG00000154914.19","ENSG00000154914","USP43","protein_coding",150.163217205646,1.02081891617804,0.124238638904776,8.21659771208909,2.09357895307317e-16,9.82517687433172e-16,"Upregulated"
"ENSG00000132017.13","ENSG00000132017","DCAF15","protein_coding",296.119958414939,1.01936632557877,0.124068236620057,8.21617485142832,2.10097064239061e-16,9.85348432023451e-16,"Upregulated"
"ENSG00000101400.8","ENSG00000101400","SNTA1","protein_coding",115.626127243262,1.49108878668974,0.181501519562003,8.21529643546796,2.11640785739745e-16,9.91625692512247e-16,"Upregulated"
"ENSG00000139880.22","ENSG00000139880","CDH24","protein_coding",325.087986018129,1.0595398565797,0.129272501139187,8.19617356547393,2.48159947148997e-16,1.15823959873857e-15,"Upregulated"
"ENSG00000138623.11","ENSG00000138623","SEMA7A","protein_coding",31.3908719487953,4.20560749249849,0.513382359985769,8.19195948340544,2.5700716170561e-16,1.19760379017289e-15,"Upregulated"
"ENSG00000137267.9","ENSG00000137267","TUBB2A","protein_coding",113.238943303272,1.84881160627518,0.225784383269789,8.18839451826057,2.64733806031191e-16,1.23321193089168e-15,"Upregulated"
"ENSG00000173535.17","ENSG00000173535","TNFRSF10C","protein_coding",18.5497108795407,2.94007051259602,0.359531580491258,8.17750281791312,2.89786657836821e-16,1.34602187351641e-15,"Upregulated"
"ENSG00000102081.18","ENSG00000102081","FMR1","protein_coding",692.358354732128,1.08508944199893,0.132787162400692,8.17164417388948,3.04214667602716e-16,1.40987494816072e-15,"Upregulated"
"ENSG00000070423.20","ENSG00000070423","RNF126","protein_coding",660.657512287824,1.33883947258843,0.163873819739279,8.16994120670714,3.08539781721232e-16,1.42763681887104e-15,"Upregulated"
"ENSG00000286743.1","ENSG00000286743","ENSG00000286743","lncRNA",38.9649371950687,8.43754500406931,1.03283809762295,8.16928134572895,3.10231908061338e-16,1.43500823862908e-15,"Upregulated"
"ENSG00000218980.2","ENSG00000218980","FTH1P15","processed_pseudogene",133.3792121801,1.83234132019457,0.224494146917217,8.16208950369762,3.29278052448553e-16,1.52068117784718e-15,"Upregulated"
"ENSG00000129657.18","ENSG00000129657","SEC14L1","protein_coding",653.554649113428,1.20317694081407,0.14746516349242,8.15905880629168,3.37645238527132e-16,1.5578334278049e-15,"Upregulated"
"ENSG00000117592.11","ENSG00000117592","PRDX6","protein_coding",1713.34354984574,1.24336380321506,0.152419781343725,8.15749630562145,3.42040525844442e-16,1.57710827252232e-15,"Upregulated"
"ENSG00000165355.10","ENSG00000165355","FBXO33","protein_coding",158.200728671936,1.04318444190487,0.128109404971073,8.14291848549618,3.85862053884793e-16,1.77352137167727e-15,"Upregulated"
"ENSG00000108602.20","ENSG00000108602","ALDH3A1","protein_coding",369.033575449622,1.18833242969074,0.146020769764605,8.13810550106271,4.01510907106717e-16,1.84194240765766e-15,"Upregulated"
"ENSG00000166886.15","ENSG00000166886","NAB2","protein_coding",213.197167354828,1.27128416377754,0.156230608602687,8.13722851845614,4.04428931564639e-16,1.85474179627682e-15,"Upregulated"
"ENSG00000151651.18","ENSG00000151651","ADAM8","protein_coding",15.1113353971671,2.83685963811064,0.348727635088931,8.13488623402958,4.12325370061693e-16,1.88916195476891e-15,"Upregulated"
"ENSG00000167487.13","ENSG00000167487","KLHL26","protein_coding",134.523537790294,1.17258370058058,0.144197333551632,8.13179877671398,4.22966520917475e-16,1.93669220257063e-15,"Upregulated"
"ENSG00000279145.2","ENSG00000279145","ENSG00000279145","lncRNA",15.0255031502374,3.04738790792067,0.375066962445166,8.12491691631247,4.47668956021176e-16,2.04592195227338e-15,"Upregulated"
"ENSG00000251629.8","ENSG00000251629","LINC02241","lncRNA",17.687919720181,2.49327807738208,0.307017166183476,8.12097287059214,4.62461411973352e-16,2.11219375427602e-15,"Upregulated"
"ENSG00000138834.16","ENSG00000138834","MAPK8IP3","protein_coding",378.134665567356,1.68183687727319,0.207952039207308,8.08761906680111,6.08423429330321e-16,2.76143825175541e-15,"Upregulated"
"ENSG00000138767.16","ENSG00000138767","CNOT6L","protein_coding",484.625439717408,1.22172043223512,0.151110082619503,8.08496965296106,6.21796781191669e-16,2.818604614648e-15,"Upregulated"
"ENSG00000171169.10","ENSG00000171169","NAIF1","protein_coding",88.797185574242,1.36923721812634,0.169466086393748,8.07971227319766,6.49197634575782e-16,2.94097284159807e-15,"Upregulated"
"ENSG00000124067.19","ENSG00000124067","SLC12A4","protein_coding",201.322400315389,1.28604941299022,0.159220676180913,8.07715080627445,6.62975380137831e-16,3.0024497527992e-15,"Upregulated"
"ENSG00000013588.12","ENSG00000013588","GPRC5A","protein_coding",7034.50642677632,1.11265672627268,0.137828067512478,8.07278768652796,6.87110285399425e-16,3.10495860804754e-15,"Upregulated"
"ENSG00000135074.18","ENSG00000135074","ADAM19","protein_coding",99.7737974079338,4.73684225696976,0.588296925427169,8.05178822501968,8.15930009886025e-16,3.67675923609088e-15,"Upregulated"
"ENSG00000174032.19","ENSG00000174032","SLC25A30","protein_coding",190.434972750396,1.18670801627793,0.147410946108612,8.05033851016443,8.25653521612677e-16,3.71941897271088e-15,"Upregulated"
"ENSG00000161647.21","ENSG00000161647","MPP3","protein_coding",62.0022071302557,1.81471732682185,0.225665683274604,8.04161847068964,8.86595717350159e-16,3.97910967353314e-15,"Upregulated"
"ENSG00000159231.8","ENSG00000159231","CBR3","protein_coding",14.2640489723336,2.73411691376578,0.34038707624161,8.03237579979411,9.56030005748099e-16,4.27484938083969e-15,"Upregulated"
"ENSG00000128683.16","ENSG00000128683","GAD1","protein_coding",45.4457663313984,3.50092608843683,0.436535477589644,8.01979740058563,1.05919721004502e-15,4.71433844225198e-15,"Upregulated"
"ENSG00000104142.13","ENSG00000104142","VPS18","protein_coding",257.481457711316,1.12386502711087,0.140140308764524,8.01957007957854,1.06115914145405e-15,4.72162059501138e-15,"Upregulated"
"ENSG00000139890.12","ENSG00000139890","REM2","protein_coding",14.7717443705536,5.51206168131802,0.688055042697839,8.0110766425102,1.13708555284897e-15,5.05169951927876e-15,"Upregulated"
"ENSG00000133247.16","ENSG00000133247","KMT5C","protein_coding",131.333528500699,1.07010653888037,0.133603333893081,8.00957960926895,1.15101211424959e-15,5.11200354266167e-15,"Upregulated"
"ENSG00000179598.7","ENSG00000179598","PLD6","protein_coding",123.64141530527,2.18275096788401,0.272737963286417,8.00310650406883,1.21318920203259e-15,5.37333065888029e-15,"Upregulated"
"ENSG00000178127.15","ENSG00000178127","NDUFV2","protein_coding",13.330115459423,3.22732327877013,0.404127863663693,7.98589646730186,1.39504736441552e-15,6.16372756253345e-15,"Upregulated"
"ENSG00000128482.18","ENSG00000128482","RNF112","protein_coding",17.0489046398945,4.22220761826185,0.52883533223969,7.98397414253738,1.41695716521861e-15,6.25862335822864e-15,"Upregulated"
"ENSG00000120539.17","ENSG00000120539","MASTL","protein_coding",213.187230339156,1.29074651268003,0.161798706174248,7.97748352381733,1.49346832361253e-15,6.584527820442e-15,"Upregulated"
"ENSG00000155465.23","ENSG00000155465","SLC7A7","protein_coding",233.800307195095,1.68214448138229,0.211121780455757,7.9676501294702,1.61719938689828e-15,7.1192143119471e-15,"Upregulated"
"ENSG00000130234.15","ENSG00000130234","ACE2","protein_coding",126.779008963732,2.45783619719225,0.308513858132277,7.96669625173998,1.6297258481272e-15,7.17217946889139e-15,"Upregulated"
"ENSG00000105717.16","ENSG00000105717","PBX4","protein_coding",51.4470301792614,1.98420015042539,0.249098860333671,7.96551275974337,1.64540054231328e-15,7.23896316308562e-15,"Upregulated"
"ENSG00000184163.4","ENSG00000184163","C1QTNF12","protein_coding",15.0559031458051,6.11421715191427,0.768431500897651,7.95674974903018,1.7661742648359e-15,7.76088461067372e-15,"Upregulated"
"ENSG00000036672.18","ENSG00000036672","USP2","protein_coding",62.2684221442269,1.77216273766112,0.222767152163687,7.95522463903901,1.78806780222407e-15,7.85232684540339e-15,"Upregulated"
"ENSG00000140740.13","ENSG00000140740","UQCRC2","protein_coding",2179.96548287615,1.17369536224013,0.147549871615027,7.95456715341931,1.79758851214725e-15,7.89174574917842e-15,"Upregulated"
"ENSG00000143845.16","ENSG00000143845","ETNK2","protein_coding",37.4063930398777,2.19438991407851,0.276046381038409,7.94935222778082,1.87489276175381e-15,8.22116366212897e-15,"Upregulated"
"ENSG00000022267.21","ENSG00000022267","FHL1","protein_coding",27.8455602868358,2.12165655870284,0.267031232089929,7.94534984577503,1.9364348908323e-15,8.48588280554632e-15,"Upregulated"
"ENSG00000095397.20","ENSG00000095397","WHRN","protein_coding",91.8683176437586,1.19409540382077,0.150485452749828,7.93495571831702,2.10570440588345e-15,9.20816784854042e-15,"Upregulated"
"ENSG00000101782.17","ENSG00000101782","RIOK3","protein_coding",1110.73622683061,1.33850961405324,0.169062931123506,7.91722706543765,2.42865982603717e-15,1.05980542604428e-14,"Upregulated"
"ENSG00000170293.11","ENSG00000170293","CMTM8","protein_coding",251.496947775879,1.01813787843231,0.128776573639891,7.90623519211975,2.65289751255813e-15,1.15556930423783e-14,"Upregulated"
"ENSG00000267534.4","ENSG00000267534","S1PR2","protein_coding",32.6341780232234,1.74939538867946,0.221638551917031,7.89301037002957,2.94983093691585e-15,1.28067555236023e-14,"Upregulated"
"ENSG00000144895.14","ENSG00000144895","EIF2A","protein_coding",2264.63224408971,1.24444396192634,0.157889637219203,7.88173298668517,3.22871401883336e-15,1.39840178006375e-14,"Upregulated"
"ENSG00000136250.15","ENSG00000136250","AOAH","protein_coding",503.189618710833,1.26367417817162,0.160351158448284,7.88066759479741,3.25636528784294e-15,1.40995655068479e-14,"Upregulated"
"ENSG00000137507.13","ENSG00000137507","LRRC32","protein_coding",24.0131916440552,5.31396972240016,0.674623972549324,7.87693580220593,3.35507181596864e-15,1.45096092978268e-14,"Upregulated"
"ENSG00000102886.16","ENSG00000102886","GDPD3","protein_coding",283.910494711589,1.93211922391138,0.245632557896226,7.8658922109489,3.6647599739245e-15,1.57923584722313e-14,"Upregulated"
"ENSG00000240065.11","ENSG00000240065","PSMB9","protein_coding",75.9527305545962,1.40017976140469,0.178150131940861,7.85954939325832,3.85517782838216e-15,1.6588253292433e-14,"Upregulated"
"ENSG00000235899.5","ENSG00000235899","LINC01564","lncRNA",52.3043019461213,2.81316972142127,0.35840144953496,7.84921412865788,4.18652295774154e-15,1.79500268353818e-14,"Upregulated"
"ENSG00000274512.8","ENSG00000274512","TBC1D3L","protein_coding",16.7504974390464,3.45369403684895,0.440015422253207,7.84902951620074,4.19268946109133e-15,1.79711492665293e-14,"Upregulated"
"ENSG00000180096.14","ENSG00000180096","SEPTIN1","protein_coding",21.2612661034767,2.40804033436844,0.306979413880359,7.8443055966839,4.35355749291097e-15,1.86441356936365e-14,"Upregulated"
"ENSG00000010030.15","ENSG00000010030","ETV7","protein_coding",22.4662732172049,2.16195888259778,0.275705548762676,7.8415501331051,4.45018187723743e-15,1.90410498272586e-14,"Upregulated"
"ENSG00000164867.13","ENSG00000164867","NOS3","protein_coding",53.2086667999018,3.34566326151223,0.427001587318861,7.83524783249547,4.67918840362098e-15,1.99972864480316e-14,"Upregulated"
"ENSG00000168679.20","ENSG00000168679","SLC16A4","protein_coding",281.950905778487,1.84772575547154,0.236078869283478,7.82673079161877,5.00719690542741e-15,2.13675787848805e-14,"Upregulated"
"ENSG00000134070.7","ENSG00000134070","IRAK2","protein_coding",171.344931856722,1.05540012456287,0.134975289539403,7.8192099321615,5.3155898285324e-15,2.26170075734268e-14,"Upregulated"
"ENSG00000143761.19","ENSG00000143761","ARF1","protein_coding",6564.49466425216,1.14704408184349,0.146699678961135,7.81899517412969,5.32466515606705e-15,2.26489719523697e-14,"Upregulated"
"ENSG00000120129.8","ENSG00000120129","DUSP1","protein_coding",124.573895528252,1.77902630643842,0.227949482854414,7.80447616797024,5.97491954401094e-15,2.53553540356681e-14,"Upregulated"
"ENSG00000119950.22","ENSG00000119950","MXI1","protein_coding",622.362246562559,1.6781863509484,0.215166650087349,7.79947241018588,6.2166528999951e-15,2.63503170010907e-14,"Upregulated"
"ENSG00000108821.16","ENSG00000108821","COL1A1","protein_coding",35.1572320086894,1.69968105435784,0.217949633074279,7.79850385790089,6.26454385285959e-15,2.65377870551421e-14,"Upregulated"
"ENSG00000095209.14","ENSG00000095209","TMEM38B","protein_coding",938.966739347755,1.08337122654514,0.138933564570938,7.79776456388252,6.30134313144845e-15,2.66858751200909e-14,"Upregulated"
"ENSG00000167996.18","ENSG00000167996","FTH1","protein_coding",34865.817636775,1.82699398402411,0.235244391691965,7.76636573940696,8.07701088540912e-15,3.39379651352128e-14,"Upregulated"
"ENSG00000184254.20","ENSG00000184254","ALDH1A3","protein_coding",30.9162688765006,2.49799243917026,0.321902271882872,7.76009571028808,8.4865315967152e-15,3.55967629231828e-14,"Upregulated"
"ENSG00000204256.17","ENSG00000204256","BRD2","protein_coding",3445.3905522127,1.1152220597348,0.143747770522525,7.75818682739185,8.61521763370054e-15,3.60947481779671e-14,"Upregulated"
"ENSG00000144674.21","ENSG00000144674","GOLGA4","protein_coding",2069.22512055604,1.11809585311735,0.1442714902536,7.74994318802667,9.19336702572162e-15,3.84170342954895e-14,"Upregulated"
"ENSG00000118804.10","ENSG00000118804","STBD1","protein_coding",24.0292207408247,2.13685810841771,0.276418560528581,7.73051601285929,1.07111515519279e-14,4.45465244760415e-14,"Upregulated"
"ENSG00000126775.10","ENSG00000126775","ATG14","protein_coding",145.174860940595,1.10146128588711,0.142831186313371,7.71163017207256,1.24220665718584e-14,5.14785784270436e-14,"Upregulated"
"ENSG00000127561.18","ENSG00000127561","SYNGR3","protein_coding",37.923862394,1.81548293395202,0.235650284976026,7.70414062574429,1.31726727538611e-14,5.44645858912853e-14,"Upregulated"
"ENSG00000163283.7","ENSG00000163283","ALPP","protein_coding",42.3319143869097,4.26438170398685,0.553708338445156,7.70149446541021,1.34484001410149e-14,5.55887663558436e-14,"Upregulated"
"ENSG00000115718.20","ENSG00000115718","PROC","protein_coding",34.1383171464112,1.6618457253875,0.215953909893827,7.6953722495904,1.41082828127646e-14,5.82167524267041e-14,"Upregulated"
"ENSG00000122861.18","ENSG00000122861","PLAU","protein_coding",37.5100872317007,3.45162017325363,0.448607697755815,7.69407255051696,1.42524171104811e-14,5.87780389200603e-14,"Upregulated"
"ENSG00000124635.12","ENSG00000124635","H2BC11","protein_coding",53.1206026234874,2.62279670235378,0.341250130068585,7.68584821294178,1.51986619016481e-14,6.25913635347214e-14,"Upregulated"
"ENSG00000175745.15","ENSG00000175745","NR2F1","protein_coding",66.4113916747118,1.18526150547214,0.154333651036751,7.67986435563494,1.59257129292918e-14,6.54738813535592e-14,"Upregulated"
"ENSG00000274386.6","ENSG00000274386","TMEM269","protein_coding",16.8233667889512,5.33788372441971,0.695426262799242,7.6757005163043,1.64517085574864e-14,6.75405553583832e-14,"Upregulated"
"ENSG00000165632.10","ENSG00000165632","TAF3","protein_coding",182.66206858774,1.07973967576764,0.140732224447062,7.67229879304435,1.68940843581542e-14,6.92977838999067e-14,"Upregulated"
"ENSG00000124191.20","ENSG00000124191","TOX2","protein_coding",65.287522732052,1.17534598535097,0.153245541355752,7.66969123507786,1.72410873199294e-14,7.0681142133074e-14,"Upregulated"
"ENSG00000269893.11","ENSG00000269893","SNHG8","lncRNA",676.104987496577,1.05769754649992,0.137960231277635,7.66668435319874,1.76499414389949e-14,7.23163560457773e-14,"Upregulated"
"ENSG00000161270.21","ENSG00000161270","NPHS1","protein_coding",10.1628250245763,3.62366284620042,0.472862984779969,7.66324064863434,1.81299175379534e-14,7.41780815810333e-14,"Upregulated"
"ENSG00000239857.9","ENSG00000239857","GET4","protein_coding",41.8811760307387,1.5489890054345,0.202283108817519,7.65753015409635,1.8954285342734e-14,7.7441641721709e-14,"Upregulated"
"ENSG00000081320.14","ENSG00000081320","STK17B","protein_coding",874.38334699186,1.0444088390524,0.136436283641261,7.65492001965192,1.93432590842556e-14,7.89863371792143e-14,"Upregulated"
"ENSG00000174939.13","ENSG00000174939","ASPHD1","protein_coding",65.7865083315476,1.24476945317916,0.16281848851024,7.64513578628924,2.08724946657246e-14,8.50391320482657e-14,"Upregulated"
"ENSG00000217930.10","ENSG00000217930","PAM16","protein_coding",24.2456258190608,2.21294348704914,0.28963589039648,7.64043255834026,2.16493173165489e-14,8.81297490312997e-14,"Upregulated"
"ENSG00000232368.1","ENSG00000232368","FTLP2","processed_pseudogene",31.3809702421674,2.93450880941264,0.384356584644699,7.63486024865508,2.26065510131617e-14,9.18458472898065e-14,"Upregulated"
"ENSG00000150782.15","ENSG00000150782","IL18","protein_coding",223.35904764788,1.65483719318657,0.216790117985121,7.63336082182561,2.2871159545513e-14,9.28948554186026e-14,"Upregulated"
"ENSG00000113369.10","ENSG00000113369","ARRDC3","protein_coding",200.514743058956,2.5004410498145,0.327968220386672,7.62403456916191,2.45867478710262e-14,9.9472682899752e-14,"Upregulated"
"ENSG00000099625.16","ENSG00000099625","CBARP","protein_coding",52.1189421832579,1.44003444165037,0.188977988522525,7.62011731053387,2.53445276472339e-14,1.02424120095849e-13,"Upregulated"
"ENSG00000131931.10","ENSG00000131931","THAP1","protein_coding",176.941886520994,1.01473992699089,0.133448325090956,7.6039914798426,2.87134165436954e-14,1.15780420854545e-13,"Upregulated"
"ENSG00000116954.10","ENSG00000116954","RRAGC","protein_coding",184.444256955515,1.16865306854741,0.153797471301718,7.59864943588546,2.99237177613605e-14,1.20459588277121e-13,"Upregulated"
"ENSG00000231683.6","ENSG00000231683","KILH","lncRNA",13.3835627107175,3.46526960400305,0.456085493102628,7.59785096524281,3.01088788909147e-14,1.21171305994762e-13,"Upregulated"
"ENSG00000149925.23","ENSG00000149925","ALDOA","protein_coding",106.09364048016,1.29074723407707,0.169944302545736,7.59511919341753,3.07509251227263e-14,1.23652166170519e-13,"Upregulated"
"ENSG00000100906.14","ENSG00000100906","NFKBIA","protein_coding",426.195239456225,1.37842387982584,0.182096236825375,7.56975489365939,3.73929078982686e-14,1.4940667804293e-13,"Upregulated"
"ENSG00000165655.18","ENSG00000165655","ZNF503","protein_coding",107.559070763748,1.36546169432887,0.18076519699745,7.55378644235445,4.22783205018602e-14,1.68369722647144e-13,"Upregulated"
"ENSG00000162433.17","ENSG00000162433","AK4","protein_coding",89.5295213266198,1.08308050490833,0.143548437830867,7.5450525360955,4.52105209155282e-14,1.79750581373891e-13,"Upregulated"
"ENSG00000114737.18","ENSG00000114737","CISH","protein_coding",108.374930475975,1.37845793804372,0.182877417268167,7.53760611143356,4.78677100983907e-14,1.90210818411264e-13,"Upregulated"
"ENSG00000158373.11","ENSG00000158373","H2BC5","protein_coding",275.65898547858,2.6927147309687,0.357299965011809,7.53628601917077,4.8354538999479e-14,1.91987391556288e-13,"Upregulated"
"ENSG00000107968.12","ENSG00000107968","MAP3K8","protein_coding",129.798386601028,1.32739968700236,0.176498748052442,7.52073145928467,5.44706284045837e-14,2.15503234190343e-13,"Upregulated"
"ENSG00000140465.17","ENSG00000140465","CYP1A1","protein_coding",67.2953474227271,3.17054735294858,0.422057947102203,7.51211385715436,5.81801523876475e-14,2.29740263869697e-13,"Upregulated"
"ENSG00000087586.20","ENSG00000087586","AURKA","protein_coding",1106.21828233969,1.23517471210212,0.164438582223399,7.51146534712923,5.84691494963928e-14,2.30818554753943e-13,"Upregulated"
"ENSG00000147889.19","ENSG00000147889","CDKN2A","protein_coding",213.827705937897,1.0918597352676,0.145393023467533,7.50971201524965,5.92575757539217e-14,2.3380364492944e-13,"Upregulated"
"ENSG00000174775.20","ENSG00000174775","HRAS","protein_coding",305.397191693931,1.28759253605912,0.17164759674695,7.5013723492869,6.31531127846744e-14,2.48294875332475e-13,"Upregulated"
"ENSG00000205189.14","ENSG00000205189","ZBTB10","protein_coding",687.903502519114,1.17898382585184,0.157171087997292,7.50127673527431,6.31992036243427e-14,2.48408695124484e-13,"Upregulated"
"ENSG00000172602.12","ENSG00000172602","RND1","protein_coding",30.8144817004766,3.24636423575772,0.432807611869553,7.50070966112344,6.34732428065106e-14,2.4941817645118e-13,"Upregulated"
"ENSG00000175592.11","ENSG00000175592","FOSL1","protein_coding",297.444500784135,1.53306070323161,0.204430035292613,7.49919502306619,6.42109332334719e-14,2.52248534675922e-13,"Upregulated"
"ENSG00000185222.12","ENSG00000185222","TCEAL9","protein_coding",77.6287485754509,1.12480628166924,0.150301497195654,7.48366651467901,7.22772229926146e-14,2.82405369535986e-13,"Upregulated"
"ENSG00000109089.9","ENSG00000109089","CDR2L","protein_coding",144.225575071564,1.58434360977884,0.211841333401018,7.47891633961565,7.49379574796445e-14,2.92171342425345e-13,"Upregulated"
"ENSG00000146242.11","ENSG00000146242","TPBG","protein_coding",115.591420617046,1.3346533350259,0.178520560166945,7.47618836607833,7.65092699452032e-14,2.98057080657496e-13,"Upregulated"
"ENSG00000167771.8","ENSG00000167771","RCOR2","protein_coding",21.2803250627546,1.95651230853488,0.262054037195349,7.46606436395554,8.26289408990695e-14,3.21292892811729e-13,"Upregulated"
"ENSG00000151779.16","ENSG00000151779","NBAS","protein_coding",894.973767729892,1.00069911396863,0.134094998688008,7.46261325000572,8.48230521484841e-14,3.29559161323279e-13,"Upregulated"
"ENSG00000102401.22","ENSG00000102401","ARMCX3","protein_coding",47.0628960738623,1.39074947376458,0.186375738827188,7.46207356448961,8.51713062727566e-14,3.30823524659552e-13,"Upregulated"
"ENSG00000129467.16","ENSG00000129467","ADCY4","protein_coding",12.7491986239268,3.20734057657103,0.429918330642871,7.4603485079945,8.62939218269853e-14,3.35004424086973e-13,"Upregulated"
"ENSG00000015520.17","ENSG00000015520","NPC1L1","protein_coding",21.342536656841,6.41358632807654,0.860597009644662,7.45248502632456,9.15982567347671e-14,3.55311010867303e-13,"Upregulated"
"ENSG00000222041.13","ENSG00000222041","CYTOR","lncRNA",90.5086758627952,1.44151407365367,0.193702999180602,7.44187792523364,9.92639333437029e-14,3.83915911934065e-13,"Upregulated"
"ENSG00000182179.15","ENSG00000182179","UBA7","protein_coding",36.5021298437859,1.81283006639726,0.243644807556965,7.44046255109874,1.00333358158192e-13,3.87845032389574e-13,"Upregulated"
"ENSG00000237973.1","ENSG00000237973","MTCO1P12","unprocessed_pseudogene",85.2392131997949,1.74934623174622,0.2357503024133,7.42033504873048,1.1682442188126e-13,4.49076796260801e-13,"Upregulated"
"ENSG00000196267.16","ENSG00000196267","ZNF836","protein_coding",35.9294079675094,1.52833835862439,0.205983078730166,7.41972771766599,1.17361354056616e-13,4.50901575553678e-13,"Upregulated"
"ENSG00000074660.19","ENSG00000074660","SCARF1","protein_coding",12.9985698135011,3.16653698515542,0.427195948326659,7.41237597771902,1.24056453765925e-13,4.7599315011273e-13,"Upregulated"
"ENSG00000134954.16","ENSG00000134954","ETS1","protein_coding",50.7088161405728,1.92657125506653,0.260088738575654,7.40736129375372,1.28837120625883e-13,4.93813158452869e-13,"Upregulated"
"ENSG00000071282.14","ENSG00000071282","LMCD1","protein_coding",36.7485210045924,2.12177207864718,0.286458836336029,7.40690043213833,1.29285452722085e-13,4.9535953142789e-13,"Upregulated"
"ENSG00000204389.11","ENSG00000204389","HSPA1A","protein_coding",62.5183835114626,1.98070703123047,0.267480814802883,7.40504335868027,1.31107625243503e-13,5.01719489049075e-13,"Upregulated"
"ENSG00000153234.18","ENSG00000153234","NR4A2","protein_coding",96.3426520304352,1.28117842483803,0.173111650142968,7.40087928097234,1.35285678024775e-13,5.17161710877088e-13,"Upregulated"
"ENSG00000197576.16","ENSG00000197576","HOXA4","protein_coding",24.1727993590424,3.45837467674089,0.468210261806352,7.38637095094522,1.508904564954e-13,5.75600025146442e-13,"Upregulated"
"ENSG00000166819.14","ENSG00000166819","PLIN1","protein_coding",15.6387098663945,2.47358568716947,0.335165941082325,7.38018212465656,1.58073149624963e-13,6.02207172545993e-13,"Upregulated"
"ENSG00000153561.15","ENSG00000153561","RMND5A","protein_coding",2573.93851889919,1.14758621025733,0.155515566466333,7.37923692356399,1.59199314388554e-13,6.06338098322978e-13,"Upregulated"
"ENSG00000179454.16","ENSG00000179454","KLHL28","protein_coding",210.568300585345,1.34324454833315,0.182178756201053,7.3732227420125,1.66551864840835e-13,6.33342856277455e-13,"Upregulated"
"ENSG00000310781.1","ENSG00000310781","ENSG00000310781","snoRNA",20.8399957091519,2.70753510786219,0.367497599838298,7.36749058783928,1.73869706916413e-13,6.6065018160269e-13,"Upregulated"
"ENSG00000137726.19","ENSG00000137726","FXYD6","protein_coding",15.4289302498274,2.60833508644463,0.354539133831951,7.35697370908838,1.88126383051993e-13,7.12951763386372e-13,"Upregulated"
"ENSG00000148154.12","ENSG00000148154","UGCG","protein_coding",753.813948897114,1.37242211642728,0.186605819401785,7.35465871764847,1.91415540804365e-13,7.25037641750357e-13,"Upregulated"
"ENSG00000099992.18","ENSG00000099992","TBC1D10A","protein_coding",76.7802929603304,1.3185577977533,0.179294838669252,7.35413137120844,1.92172663148674e-13,7.27715242840499e-13,"Upregulated"
"ENSG00000051128.21","ENSG00000051128","HOMER3","protein_coding",50.5146152388374,1.9740808221978,0.268440582047592,7.35388370543696,1.92529256693631e-13,7.28684770959544e-13,"Upregulated"
"ENSG00000142871.20","ENSG00000142871","CCN1","protein_coding",51.9755225724694,1.99658773849209,0.271802915422121,7.34571862627487,2.04656505303687e-13,7.73573832775437e-13,"Upregulated"
"ENSG00000223825.5","ENSG00000223825","DAZAP2P1","transcribed_processed_pseudogene",99.3326509271991,1.27329982785046,0.173402683773241,7.34302261155053,2.08823231142535e-13,7.87884994979852e-13,"Upregulated"
"ENSG00000203288.7","ENSG00000203288","TDRKH-AS1","lncRNA",27.7864870368082,2.2953914378722,0.312686218565806,7.3408781762127,2.12196891717948e-13,7.99988906029269e-13,"Upregulated"
"ENSG00000137343.20","ENSG00000137343","ATAT1","protein_coding",77.9075376835568,1.01209511768128,0.138163683227504,7.32533393753503,2.38304554403021e-13,8.96084484278305e-13,"Upregulated"
"ENSG00000279088.3","ENSG00000279088","ENSG00000279088","lncRNA",24.7573494461561,2.08652242061638,0.284909943666025,7.32344541495623,2.4168392791599e-13,9.08320405435303e-13,"Upregulated"
"ENSG00000160471.14","ENSG00000160471","COX6B2","protein_coding",18.2620316224222,3.61065645719572,0.493084680455254,7.32258900005185,2.43231891951413e-13,9.13901109193642e-13,"Upregulated"
"ENSG00000173258.15","ENSG00000173258","ZNF483","protein_coding",11.1359779987548,2.95731783725476,0.404261372772015,7.31536089381102,2.56690570300277e-13,9.63470537371567e-13,"Upregulated"
"ENSG00000232019.2","ENSG00000232019","ENSG00000232019","lncRNA",68.9271755287896,1.78310933074258,0.243871975755384,7.31166147819762,2.63859179237827e-13,9.89864671373179e-13,"Upregulated"
"ENSG00000174943.13","ENSG00000174943","KCTD13","protein_coding",168.902469414778,1.18328947111249,0.162047155198453,7.30213047963328,2.83246380570869e-13,1.0606735264168e-12,"Upregulated"
"ENSG00000197696.11","ENSG00000197696","NMB","protein_coding",78.3357186701034,1.71001758864074,0.234915053789017,7.27930186277697,3.35552099399021e-13,1.25008252557599e-12,"Upregulated"
"ENSG00000106853.22","ENSG00000106853","PTGR1","protein_coding",218.283884630019,1.27154566942021,0.17482924143627,7.27307205004218,3.51402768600431e-13,1.30644661943495e-12,"Upregulated"
"ENSG00000104408.13","ENSG00000104408","EIF3E","protein_coding",5342.0679529246,1.09768066814805,0.151061888352569,7.26643020366678,3.69111792509573e-13,1.37158156334583e-12,"Upregulated"
"ENSG00000288873.3","ENSG00000288873","ENSG00000288873","lncRNA",32.056931663015,2.29361450963912,0.316004171476315,7.25817795038516,3.92339192306801e-13,1.45565273295191e-12,"Upregulated"
"ENSG00000188732.13","ENSG00000188732","FAM221A","protein_coding",43.5050194869053,1.3548459329854,0.186895186381592,7.24922861426274,4.19151893620154e-13,1.55235094360932e-12,"Upregulated"
"ENSG00000105649.12","ENSG00000105649","RAB3A","protein_coding",25.7264218786606,2.23772461371569,0.308711970288537,7.24858388751239,4.21151561374964e-13,1.55935831053806e-12,"Upregulated"
"ENSG00000117407.19","ENSG00000117407","ARTN","protein_coding",33.1294652844243,2.38738473993759,0.329521623779849,7.24500174693417,4.32433631908361e-13,1.59990507878886e-12,"Upregulated"
"ENSG00000069696.8","ENSG00000069696","DRD4","protein_coding",17.1607325514379,2.76795960333559,0.382289925320183,7.2404722698808,4.47125006456829e-13,1.6529937738705e-12,"Upregulated"
"ENSG00000274020.6","ENSG00000274020","LINC01138","lncRNA",55.0980242931417,1.40078725318428,0.193473548801875,7.24020033673308,4.48022450961211e-13,1.65588915055595e-12,"Upregulated"
"ENSG00000169583.15","ENSG00000169583","CLIC3","protein_coding",32.6303299907328,2.75575603064898,0.380879319281477,7.23524720598554,4.64681931318488e-13,1.71614947723434e-12,"Upregulated"
"ENSG00000144655.17","ENSG00000144655","CSRNP1","protein_coding",255.226694083154,1.39477188896532,0.192941133962528,7.22900223669363,4.8655542048512e-13,1.7960165954331e-12,"Upregulated"
"ENSG00000167535.10","ENSG00000167535","CACNB3","protein_coding",303.047668750364,1.35796386996297,0.187888798548065,7.22748711182789,4.92012817750678e-13,1.81477468944841e-12,"Upregulated"
"ENSG00000143320.11","ENSG00000143320","CRABP2","protein_coding",12.387641827467,4.02458902548978,0.557080538747087,7.22442940573971,5.0321018099743e-13,1.85371681317101e-12,"Upregulated"
"ENSG00000196296.16","ENSG00000196296","ATP2A1","protein_coding",14.0718751551397,2.5535361306442,0.3535066120582,7.22344658782166,5.06862127543791e-13,1.86669528649673e-12,"Upregulated"
"ENSG00000138764.17","ENSG00000138764","CCNG2","protein_coding",277.825308714739,1.0236983103899,0.141799483359013,7.21933737796539,5.22415001237893e-13,1.91958372158711e-12,"Upregulated"
"ENSG00000104808.9","ENSG00000104808","DHDH","protein_coding",12.15330492002,3.58866222482292,0.497528892410969,7.21297251187295,5.47434690134708e-13,2.00642982534957e-12,"Upregulated"
"ENSG00000250722.7","ENSG00000250722","SELENOP","protein_coding",114.645332577311,2.35550747485438,0.327902532095371,7.18355988226794,6.79192666544102e-13,2.47647015258538e-12,"Upregulated"
"ENSG00000198901.16","ENSG00000198901","PRC1","protein_coding",64.3439810477203,1.18878631919459,0.165671556990028,7.17556073470201,7.20114198991199e-13,2.6187942212749e-12,"Upregulated"
"ENSG00000142178.11","ENSG00000142178","SIK1","protein_coding",10.7643422167948,3.63593804983259,0.507255821307475,7.16785869595502,7.61798699239815e-13,2.7641429016984e-12,"Upregulated"
"ENSG00000169715.16","ENSG00000169715","MT1E","protein_coding",36.6956070887421,7.85211243249611,1.09610927656136,7.1636219128892,7.85729219313743e-13,2.84740881377713e-12,"Upregulated"
"ENSG00000267519.7","ENSG00000267519","MIR23AHG","lncRNA",55.3333619140607,1.42341865225989,0.198724161174529,7.16278606409499,7.90536723104832e-13,2.86339869813427e-12,"Upregulated"
"ENSG00000255353.1","ENSG00000255353","ASS1P13","processed_pseudogene",74.3184612133072,1.62836317271211,0.227472086017953,7.15851866142203,8.15534881283611e-13,2.95025748865754e-12,"Upregulated"
"ENSG00000297695.1","ENSG00000297695","ENSG00000297695","lncRNA",11.7226413072453,3.86194124158756,0.539564607078876,7.15751402319649,8.21531887613487e-13,2.96898755992385e-12,"Upregulated"
"ENSG00000196684.14","ENSG00000196684","HSH2D","protein_coding",75.9951595270514,1.06486689440987,0.149040577583422,7.14481191415028,9.01191996898359e-13,3.2479667791721e-12,"Upregulated"
"ENSG00000100060.20","ENSG00000100060","MFNG","protein_coding",29.2139409529804,2.04910169813264,0.287352231410723,7.13097541673093,9.96601198665418e-13,3.58202990353652e-12,"Upregulated"
"ENSG00000197043.17","ENSG00000197043","ANXA6","protein_coding",205.534187333778,1.26957144881498,0.178100184463971,7.12841175676493,1.0153365840254e-12,3.64484958526036e-12,"Upregulated"
"ENSG00000198909.10","ENSG00000198909","MAP3K3","protein_coding",135.357076461373,1.02641354937595,0.144733975997428,7.09172495471407,1.32450557775827e-12,4.72660301228092e-12,"Upregulated"
"ENSG00000235954.10","ENSG00000235954","TTC28-AS1","lncRNA",57.5666400726803,1.29781121173824,0.183191251749348,7.08446063523806,1.39586881956087e-12,4.97514287581802e-12,"Upregulated"
"ENSG00000148426.14","ENSG00000148426","PROSER2","protein_coding",320.943175929857,1.20155893497558,0.169662436361892,7.08205635107492,1.42030875225521e-12,5.05851915401388e-12,"Upregulated"
"ENSG00000260552.4","ENSG00000260552","COSMOC","lncRNA",52.2274505047578,1.3125453495621,0.185355272388793,7.08124097386866,1.42869214581921e-12,5.08462833428585e-12,"Upregulated"
"ENSG00000196976.9","ENSG00000196976","LAGE3","protein_coding",121.784095357904,1.30307181875283,0.184517562757674,7.06204764076658,1.64066712788017e-12,5.82187757523004e-12,"Upregulated"
"ENSG00000230074.6","ENSG00000230074","ENSG00000230074","lncRNA",24.3953182773327,2.46777743249426,0.350198874072925,7.04678859698553,1.83094161027835e-12,6.47792259837533e-12,"Upregulated"
"ENSG00000187193.11","ENSG00000187193","MT1X","protein_coding",47.3531175640961,4.67105332229634,0.663061287462893,7.04467808725411,1.85890760013839e-12,6.56895609392965e-12,"Upregulated"
"ENSG00000229891.5","ENSG00000229891","LINC01315","lncRNA",31.6448577945716,2.41243281328952,0.342629739248148,7.04093234458649,1.90957716477979e-12,6.73979353920818e-12,"Upregulated"
"ENSG00000105696.11","ENSG00000105696","TMEM59L","protein_coding",13.1799632787291,7.50500124593924,1.06596997774309,7.04053716581128,1.91500120036767e-12,6.75729179345711e-12,"Upregulated"
"ENSG00000010404.20","ENSG00000010404","IDS","protein_coding",34.8347748793621,2.18712963773121,0.310720669412958,7.03889329880545,1.93772678466353e-12,6.83415345907614e-12,"Upregulated"
"ENSG00000143382.18","ENSG00000143382","ADAMTSL4","protein_coding",17.311500822163,2.24046281902978,0.318687326037932,7.03028528584507,2.06111673963484e-12,7.25697371010402e-12,"Upregulated"
"ENSG00000050438.19","ENSG00000050438","SLC4A8","protein_coding",49.6985551058341,1.71291782852245,0.243681449528644,7.02933207199716,2.07524547311354e-12,7.30494471614315e-12,"Upregulated"
"ENSG00000155367.18","ENSG00000155367","PPM1J","protein_coding",25.0855084654344,2.25048741932898,0.320319250075249,7.02576388649855,2.12898223437745e-12,7.48682614428487e-12,"Upregulated"
"ENSG00000110195.16","ENSG00000110195","FOLR1","protein_coding",57.7691719862196,2.65038209231166,0.377461656887827,7.02159290605587,2.1935287939367e-12,7.70820060177755e-12,"Upregulated"
"ENSG00000173726.13","ENSG00000173726","TOMM20","protein_coding",3742.92223075802,1.11647967180712,0.159659375669728,6.99288511635341,2.69290020500133e-12,9.42189999296942e-12,"Upregulated"
"ENSG00000213398.9","ENSG00000213398","LCAT","protein_coding",19.401298382526,2.58906229871646,0.371295547734699,6.97304967568967,3.10143049195388e-12,1.07991183780384e-11,"Upregulated"
"ENSG00000121380.14","ENSG00000121380","BCL2L14","protein_coding",500.686784654264,1.33489170129884,0.191450246276364,6.97252538067715,3.11301474407516e-12,1.08368507497327e-11,"Upregulated"
"ENSG00000148180.24","ENSG00000148180","GSN","protein_coding",813.293784078321,1.28768658313984,0.184741755833872,6.97019781655527,3.16495642238504e-12,1.10123765842026e-11,"Upregulated"
"ENSG00000231684.3","ENSG00000231684","EIF1P3","processed_pseudogene",37.6907293427042,1.59028820238047,0.228360094568951,6.96394965758915,3.30862882397279e-12,1.14984769585165e-11,"Upregulated"
"ENSG00000163995.23","ENSG00000163995","ABLIM2","protein_coding",264.204064522043,1.29079674100654,0.185450143928547,6.96034370026632,3.39443573770366e-12,1.17938534430116e-11,"Upregulated"
"ENSG00000226742.6","ENSG00000226742","HSBP1L1","protein_coding",250.181204458305,1.2014870705063,0.172632602434172,6.95979237736658,3.40774582505358e-12,1.18372609052437e-11,"Upregulated"
"ENSG00000158246.9","ENSG00000158246","TENT5B","protein_coding",26.8284121703242,4.09145780838752,0.588333913361692,6.9543123649107,3.54285830280405e-12,1.22918607910549e-11,"Upregulated"
"ENSG00000100523.19","ENSG00000100523","DDHD1","protein_coding",90.8243384386582,1.16623702112617,0.16781043771787,6.94972873550868,3.65989265042263e-12,1.26796950250836e-11,"Upregulated"
"ENSG00000103460.19","ENSG00000103460","TOX3","protein_coding",451.540970942232,1.15727540202027,0.166704534817531,6.94207511083597,3.86381670859924e-12,1.33698036227289e-11,"Upregulated"
"ENSG00000250067.14","ENSG00000250067","YJEFN3","protein_coding",12.6356135200409,2.67837912410571,0.386383502232619,6.93191895779549,4.1516979620707e-12,1.43287465745007e-11,"Upregulated"
"ENSG00000011478.14","ENSG00000011478","QPCTL","protein_coding",93.6835465113818,1.10209879833274,0.159063201170596,6.92868488891241,4.24770763486115e-12,1.46461525206776e-11,"Upregulated"
"ENSG00000224546.2","ENSG00000224546","EIF4BP3","processed_pseudogene",108.317930919601,1.27665386677351,0.185276799340459,6.89052202606093,5.55880185442235e-12,1.90715332562237e-11,"Upregulated"
"ENSG00000213199.10","ENSG00000213199","ASIC3","protein_coding",40.4617297209252,1.83170665053142,0.265846525666363,6.89009061126572,5.57568615603173e-12,1.91249334374466e-11,"Upregulated"
"ENSG00000100100.16","ENSG00000100100","PIK3IP1","protein_coding",86.1773672562103,1.749685738302,0.254044443949519,6.88732141156245,5.68526756271791e-12,1.94639493311854e-11,"Upregulated"
"ENSG00000117707.19","ENSG00000117707","PROX1","protein_coding",443.447942176215,1.77487069125703,0.257819172401616,6.88416875565886,5.81259366729662e-12,1.9876382120449e-11,"Upregulated"
"ENSG00000127528.7","ENSG00000127528","KLF2","protein_coding",131.967324562585,1.84076271885434,0.26778023874396,6.87415444652881,6.23586191599921e-12,2.1273566592905e-11,"Upregulated"
"ENSG00000172137.21","ENSG00000172137","CALB2","protein_coding",19.9944128816437,2.32367961310337,0.339274389827234,6.84896851273284,7.43843654003052e-12,2.52513053029099e-11,"Upregulated"
"ENSG00000136274.10","ENSG00000136274","NACAD","protein_coding",10.2189871709367,3.63252117504955,0.53105612674128,6.84018315980985,7.90919912835822e-12,2.67804004131232e-11,"Upregulated"
"ENSG00000163295.5","ENSG00000163295","ALPI","protein_coding",20.3859215672013,2.15737675099191,0.315436883198055,6.83932940599513,7.9564743238177e-12,2.69341803085181e-11,"Upregulated"
"ENSG00000174529.7","ENSG00000174529","TMEM81","protein_coding",22.373622701691,2.40540753086804,0.351852239317129,6.83641387514381,8.12001366761875e-12,2.74685429671174e-11,"Upregulated"
"ENSG00000148572.18","ENSG00000148572","NRBF2","protein_coding",136.760352318562,1.05375623690268,0.154183437199677,6.83443212864688,8.23305030185517e-12,2.78249451899452e-11,"Upregulated"
"ENSG00000247675.9","ENSG00000247675","LRP4-AS1","lncRNA",8.83416350876042,4.04888656036649,0.592573389283237,6.83271748882265,8.3320944876258e-12,2.81399937810937e-11,"Upregulated"
"ENSG00000170498.12","ENSG00000170498","KISS1","protein_coding",18.3774446755554,3.65335533049602,0.535280669581942,6.82512098437876,8.78512465395152e-12,2.96354810253877e-11,"Upregulated"
"ENSG00000296618.1","ENSG00000296618","ENSG00000296618","lncRNA",47.2843259405903,1.35052640325088,0.197993816725093,6.8210534328253,9.03753165636008e-12,3.04515016889027e-11,"Upregulated"
"ENSG00000149485.21","ENSG00000149485","FADS1","protein_coding",357.838740878436,1.0363063474826,0.152130387882147,6.81196151478563,9.62768663188536e-12,3.23872875276886e-11,"Upregulated"
"ENSG00000142694.9","ENSG00000142694","EVA1B","protein_coding",41.690751171382,1.60272935095352,0.235508856987534,6.80538885651489,1.00776656126259e-11,3.38146631299316e-11,"Upregulated"
"ENSG00000213462.6","ENSG00000213462","ERV3-1","protein_coding",29.0553326066673,1.47628345342323,0.216983503765555,6.80366676638384,1.01989301887662e-11,3.42136334017593e-11,"Upregulated"
"ENSG00000232187.1","ENSG00000232187","FTH1P7","processed_pseudogene",97.0628961210389,1.85846372314055,0.273503331366881,6.79503139450826,1.08288944647271e-11,3.62430343147404e-11,"Upregulated"
"ENSG00000167920.13","ENSG00000167920","KRT10-AS1","lncRNA",43.5220149693738,1.66974357120128,0.245876376825245,6.79098818992296,1.11368043274208e-11,3.72305809257168e-11,"Upregulated"
"ENSG00000178381.15","ENSG00000178381","ZFAND2A","protein_coding",271.47161414189,1.0047947242775,0.147983597753849,6.78990604045754,1.12206598426676e-11,3.74936136591975e-11,"Upregulated"
"ENSG00000219507.4","ENSG00000219507","FTH1P8","processed_pseudogene",32.8896778403334,2.26230021341472,0.333189242061504,6.78983570843238,1.12261312096621e-11,3.75032488451873e-11,"Upregulated"
"ENSG00000049246.17","ENSG00000049246","PER3","protein_coding",53.1893920582892,1.48171202238455,0.218472010073299,6.78215951731038,1.18392643092377e-11,3.94969195141512e-11,"Upregulated"
"ENSG00000120885.24","ENSG00000120885","CLU","protein_coding",548.886420873101,2.27867253168987,0.337657911075334,6.74846481290197,1.49417624843682e-11,4.95165840209157e-11,"Upregulated"
"ENSG00000108878.7","ENSG00000108878","CACNG1","protein_coding",13.9405161893414,7.26363275901735,1.07668391282739,6.74630007236102,1.51662800742716e-11,5.0226172494594e-11,"Upregulated"
"ENSG00000185955.6","ENSG00000185955","SPACDR","protein_coding",8.18494567197734,4.43193219093997,0.657082348429752,6.74486569534409,1.53168639100262e-11,5.07016883928961e-11,"Upregulated"
"ENSG00000254910.2","ENSG00000254910","ENSG00000254910","lncRNA",14.3096604742093,2.31788454066903,0.34383877194323,6.74119596102945,1.57088167812507e-11,5.19753819164122e-11,"Upregulated"
"ENSG00000138670.21","ENSG00000138670","RASGEF1B","protein_coding",54.6360407948355,2.16011672927395,0.320762549883243,6.73431711420247,1.64701618841026e-11,5.44322887170843e-11,"Upregulated"
"ENSG00000163584.20","ENSG00000163584","RPL22L1","protein_coding",761.53952782555,1.06543044264208,0.158448333934059,6.72415049239633,1.76619816801871e-11,5.82383250305511e-11,"Upregulated"
"ENSG00000235385.4","ENSG00000235385","LINC02154","lncRNA",9.71160239465386,4.46095635833136,0.663579351081549,6.7225665642859,1.78551124148585e-11,5.88349907039856e-11,"Upregulated"
"ENSG00000181652.20","ENSG00000181652","ATG9B","protein_coding",24.7901246459194,3.46149020867933,0.51492586730056,6.72230786700578,1.78868516026029e-11,5.8924222219818e-11,"Upregulated"
"ENSG00000279656.1","ENSG00000279656","ENSG00000279656","TEC",13.3472152422561,2.83139808527249,0.421391939331092,6.71915578111672,1.82780419812603e-11,6.01328908949886e-11,"Upregulated"
"ENSG00000130590.15","ENSG00000130590","SAMD10","protein_coding",78.3830243883713,1.13383740343274,0.168943178418164,6.71135356898689,1.92827238564152e-11,6.3308843254909e-11,"Upregulated"
"ENSG00000105991.11","ENSG00000105991","HOXA1","protein_coding",54.6867383010542,1.19959808277675,0.178749243815572,6.71106661583677,1.93206872794926e-11,6.34191166601147e-11,"Upregulated"
"ENSG00000249264.1","ENSG00000249264","EEF1A1P9","processed_pseudogene",69.8582763382589,1.29702344475381,0.193499909909369,6.70296665957781,2.04230075481948e-11,6.69313037965716e-11,"Upregulated"
"ENSG00000105643.13","ENSG00000105643","ARRDC2","protein_coding",222.851988547581,1.0938150123603,0.163211867493732,6.70181053104064,2.05852842190904e-11,6.74326263343261e-11,"Upregulated"
"ENSG00000161682.17","ENSG00000161682","FAM171A2","protein_coding",19.6531690452352,2.74595575237571,0.409891254675308,6.69922990806647,2.09520733729359e-11,6.86186321628446e-11,"Upregulated"
"ENSG00000233476.3","ENSG00000233476","EEF1A1P6","processed_pseudogene",134.435697033172,1.13180433080765,0.169069078747245,6.69433073861883,2.16660897890464e-11,7.08449849329559e-11,"Upregulated"
"ENSG00000143839.17","ENSG00000143839","REN","protein_coding",47.9260341985261,3.31572729582313,0.495333217088026,6.69393285456543,2.17251132588415e-11,7.1021958345845e-11,"Upregulated"
"ENSG00000115641.21","ENSG00000115641","FHL2","protein_coding",1458.23909783602,1.19811619289162,0.179171648561295,6.68697420887848,2.27832011658074e-11,7.43635475889371e-11,"Upregulated"
"ENSG00000187244.14","ENSG00000187244","BCAM","protein_coding",476.596985962957,1.08863184951923,0.162904105803609,6.68265446195472,2.34652417736984e-11,7.65035509076349e-11,"Upregulated"
"ENSG00000185507.23","ENSG00000185507","IRF7","protein_coding",87.1565104485844,1.25397234562717,0.187771179543006,6.67819389897355,2.41904851596986e-11,7.8779440659405e-11,"Upregulated"
"ENSG00000284946.1","ENSG00000284946","ENSG00000284946","protein_coding",14.9829414101219,2.60178244153004,0.389863762113616,6.67356829325374,2.4965732190351e-11,8.11764395114577e-11,"Upregulated"
"ENSG00000158156.10","ENSG00000158156","XKR8","protein_coding",52.2241582666986,1.21678837226203,0.182371192364065,6.67204264274905,2.52267238515255e-11,8.19882668886089e-11,"Upregulated"
"ENSG00000125144.16","ENSG00000125144","MT1G","protein_coding",22.9395977831167,5.48692842737223,0.823707594367237,6.66125754441686,2.71494397039388e-11,8.80200626822107e-11,"Upregulated"
"ENSG00000135480.19","ENSG00000135480","KRT7","protein_coding",19.1871609013582,1.96734989662571,0.297110900695075,6.62160120016868,3.55328625884225e-11,1.14329983266301e-10,"Upregulated"
"ENSG00000164603.14","ENSG00000164603","SAMTOR","protein_coding",147.652750686112,1.07753205009842,0.162734750838929,6.62140105013547,3.55810165413976e-11,1.14459509815302e-10,"Upregulated"
"ENSG00000171223.6","ENSG00000171223","JUNB","protein_coding",1034.3320698293,1.28276967428249,0.193833992820873,6.61787778095214,3.64392088570996e-11,1.1709024717452e-10,"Upregulated"
"ENSG00000142945.15","ENSG00000142945","KIF2C","protein_coding",983.981690248587,1.0013837036921,0.151367439185301,6.61558198435419,3.70092804036934e-11,1.18816679576944e-10,"Upregulated"
"ENSG00000204175.8","ENSG00000204175","GPRIN2","protein_coding",356.959960793396,1.77572017321193,0.268705872525895,6.60841594759267,3.88453982412256e-11,1.24463301196516e-10,"Upregulated"
"ENSG00000107864.17","ENSG00000107864","CPEB3","protein_coding",114.090252191207,1.03986820423717,0.157406839581752,6.60624536392588,3.94189367275969e-11,1.26273039579207e-10,"Upregulated"
"ENSG00000231412.4","ENSG00000231412","LINC03078","lncRNA",162.664387875128,2.30905179196059,0.350027061708395,6.59678077657962,4.20181353697536e-11,1.34331969507714e-10,"Upregulated"
"ENSG00000105376.7","ENSG00000105376","ICAM5","protein_coding",9.12598948191283,3.04675342804672,0.462553120342002,6.58681845188724,4.49351170182669e-11,1.43341341806895e-10,"Upregulated"
"ENSG00000164849.12","ENSG00000164849","GPR146","protein_coding",38.2307045978849,1.81224307446494,0.275202110869705,6.58513508031539,4.54472009061347e-11,1.44847335722829e-10,"Upregulated"
"ENSG00000286177.1","ENSG00000286177","ENSG00000286177","lncRNA",17.511672963506,1.99979649048557,0.303911298761743,6.58019790193238,4.69822500589431e-11,1.49673943252188e-10,"Upregulated"
"ENSG00000204257.17","ENSG00000204257","HLA-DMA","protein_coding",27.6010828192476,1.61186800730256,0.245117423977413,6.57590138288616,4.83593001818442e-11,1.53925538817326e-10,"Upregulated"
"ENSG00000181260.8","ENSG00000181260","MTHFD2P7","processed_pseudogene",85.6141558906708,1.05679642357217,0.160780459909096,6.572915789454,4.93393661148388e-11,1.56941636026392e-10,"Upregulated"
"ENSG00000225402.1","ENSG00000225402","ENSG00000225402","processed_pseudogene",108.37739717064,1.04601115013802,0.15922872187903,6.56923661632287,5.05738649372805e-11,1.60727291813831e-10,"Upregulated"
"ENSG00000239569.6","ENSG00000239569","KMT2E-AS1","lncRNA",46.1134828690755,1.4541059722188,0.221558582104592,6.56307671951227,5.27087106936522e-11,1.67291860572144e-10,"Upregulated"
"ENSG00000080823.25","ENSG00000080823","MOK","protein_coding",57.8332683998883,1.0065542211615,0.153383695446883,6.56232866360999,5.2973893617658e-11,1.68096708190738e-10,"Upregulated"
"ENSG00000101213.9","ENSG00000101213","PTK6","protein_coding",325.610661889789,1.12165396509864,0.171202776039938,6.55161085026434,5.6919712194166e-11,1.80183588710759e-10,"Upregulated"
"ENSG00000164638.13","ENSG00000164638","SLC29A4","protein_coding",121.971606705625,1.09921276821824,0.168004872859422,6.54274337112833,6.04004286166668e-11,1.91035140007144e-10,"Upregulated"
"ENSG00000172059.13","ENSG00000172059","KLF11","protein_coding",704.9671351115,1.23190213636218,0.188295897539438,6.54237374504756,6.05499486493009e-11,1.91466256998837e-10,"Upregulated"
"ENSG00000126106.15","ENSG00000126106","TMEM53","protein_coding",119.120109760389,1.0220155827126,0.156375081386297,6.53566779087962,6.33263406400867e-11,1.99853076776162e-10,"Upregulated"
"ENSG00000119508.19","ENSG00000119508","NR4A3","protein_coding",18.8471413186771,4.55609588107758,0.697224580825433,6.53461740503137,6.37723521969959e-11,2.01216836063328e-10,"Upregulated"
"ENSG00000131471.8","ENSG00000131471","AOC3","protein_coding",15.0209389104904,5.78356754373312,0.88507155577455,6.53457622267814,6.37899013655426e-11,2.01228395861873e-10,"Upregulated"
"ENSG00000167680.20","ENSG00000167680","SEMA6B","protein_coding",9.07520239074659,4.30965173280357,0.660257558991283,6.52722816136736,6.69979504185642e-11,2.1061481506851e-10,"Upregulated"
"ENSG00000159871.16","ENSG00000159871","LYPD5","protein_coding",20.1516262661249,1.86894170407633,0.286454640688902,6.52438968899813,6.82789790714472e-11,2.14455779086132e-10,"Upregulated"
"ENSG00000164488.13","ENSG00000164488","DACT2","protein_coding",46.4842714839579,1.23642522636651,0.189644477499336,6.51970066658462,7.04478354335216e-11,2.20980526212683e-10,"Upregulated"
"ENSG00000127585.15","ENSG00000127585","FBXL16","protein_coding",121.184151822708,1.07624915281557,0.165135829014144,6.51735700992781,7.15569780020466e-11,2.24362554133635e-10,"Upregulated"
"ENSG00000235071.1","ENSG00000235071","ENSG00000235071","processed_pseudogene",51.5404385549427,1.28133564112762,0.196878406418459,6.50825890171105,7.60268067386063e-11,2.3791416179138e-10,"Upregulated"
"ENSG00000226564.1","ENSG00000226564","FTH1P20","processed_pseudogene",26.7690516170176,1.93396267504916,0.2972374070649,6.50645789891073,7.69434536010772e-11,2.40626786704102e-10,"Upregulated"
"ENSG00000002822.18","ENSG00000002822","MAD1L1","protein_coding",40.7680928537199,1.74089625618361,0.267663845038387,6.50403963200161,7.81912822154707e-11,2.44318253960026e-10,"Upregulated"
"ENSG00000234753.8","ENSG00000234753","FOXP4-AS1","lncRNA",23.1979991406486,1.77113804897581,0.272339537687014,6.50341872508901,7.85148503489422e-11,2.45276398201524e-10,"Upregulated"
"ENSG00000204839.10","ENSG00000204839","MROH6","protein_coding",125.16211768788,1.18295756221887,0.181974347622002,6.50068307801338,7.99561170648468e-11,2.49563654642205e-10,"Upregulated"
"ENSG00000232803.1","ENSG00000232803","SLCO4A1-AS1","lncRNA",15.8203230764003,1.9574444791855,0.301632823872187,6.48949426013047,8.61249876835783e-11,2.68413617529122e-10,"Upregulated"
"ENSG00000159921.22","ENSG00000159921","GNE","protein_coding",847.974467399787,2.00621998436544,0.309157069142357,6.48932269260724,8.62231124954315e-11,2.68661652608857e-10,"Upregulated"
"ENSG00000151611.19","ENSG00000151611","MMAA","protein_coding",73.2234256949458,1.22088587634851,0.188504933883361,6.47667862690503,9.37636011718452e-11,2.91467633672754e-10,"Upregulated"
"ENSG00000107731.14","ENSG00000107731","UNC5B","protein_coding",97.6783813329723,1.10296925486737,0.170680215773346,6.46219744842629,1.03193326134623e-10,3.20162209878602e-10,"Upregulated"
"ENSG00000170684.11","ENSG00000170684","ZNF296","protein_coding",66.1977712607564,1.09552763716528,0.169685917044158,6.45620836571955,1.07358768619804e-10,3.32729528408513e-10,"Upregulated"
"ENSG00000159128.18","ENSG00000159128","IFNGR2","protein_coding",730.552622265009,1.01546406925911,0.15760249577118,6.44319789664657,1.16981998116639e-10,3.61780434636433e-10,"Upregulated"
"ENSG00000060656.22","ENSG00000060656","PTPRU","protein_coding",544.964996195381,1.40044695715326,0.217440887006046,6.4405870323474,1.19012286899052e-10,3.67588674710372e-10,"Upregulated"
"ENSG00000241388.7","ENSG00000241388","HNF1A-AS1","lncRNA",86.0715823505934,1.53680391306649,0.238710267179913,6.43794643281187,1.21100720270606e-10,3.7395943706832e-10,"Upregulated"
"ENSG00000004777.20","ENSG00000004777","ARHGAP33","protein_coding",97.8338919582369,1.45677519178539,0.22676486126234,6.42416635309326,1.32594139924047e-10,4.08667434236344e-10,"Upregulated"
"ENSG00000237264.4","ENSG00000237264","FTH1P11","processed_pseudogene",63.4915774248017,1.69785908488949,0.264434556609785,6.42071560788839,1.35635213455384e-10,4.1768497947204e-10,"Upregulated"
"ENSG00000104976.15","ENSG00000104976","SNAPC2","protein_coding",155.591676307728,1.06266802532093,0.165827629144487,6.4082688198781,1.4718123625293e-10,4.5275960003767e-10,"Upregulated"
"ENSG00000141540.13","ENSG00000141540","TTYH2","protein_coding",51.0535146920339,1.22043279979987,0.190876837121942,6.39382346334772,1.61788211447518e-10,4.96429125618765e-10,"Upregulated"
"ENSG00000136167.17","ENSG00000136167","LCP1","protein_coding",14.7663919031068,2.38871140327638,0.373677417966446,6.39244248762946,1.63256640742967e-10,5.0072280161843e-10,"Upregulated"
"ENSG00000131016.19","ENSG00000131016","AKAP12","protein_coding",17.35867177728,2.62349968219163,0.410763772920347,6.38688184096598,1.69302350669278e-10,5.1882631970801e-10,"Upregulated"
"ENSG00000150967.21","ENSG00000150967","ABCB9","protein_coding",53.7193068086482,1.11052843610262,0.174276173707221,6.37223329201778,1.86295211517389e-10,5.68855921894227e-10,"Upregulated"
"ENSG00000258441.1","ENSG00000258441","LINC00641","lncRNA",54.3262822626383,1.11556693770427,0.175359563356282,6.36159737372151,1.99666265211618e-10,6.08658711705251e-10,"Upregulated"
"ENSG00000162927.17","ENSG00000162927","PUS10","protein_coding",80.142031802356,1.33193486681365,0.209718841667952,6.35105008315132,2.13850065040145e-10,6.50937858131018e-10,"Upregulated"
"ENSG00000156875.16","ENSG00000156875","SLC71A1","protein_coding",34.0230344399645,1.58510606580142,0.250314908787309,6.33244768951528,2.41302110311339e-10,7.31120673767914e-10,"Upregulated"
"ENSG00000101605.16","ENSG00000101605","MYOM1","protein_coding",34.2613429221971,1.6362390322917,0.258633992529869,6.32646550550674,2.50840341319193e-10,7.59702868630667e-10,"Upregulated"
"ENSG00000072182.14","ENSG00000072182","ASIC4","protein_coding",9.62643454755075,5.84178055626391,0.924604465200706,6.31814010869591,2.64729954933479e-10,8.00932464905214e-10,"Upregulated"
"ENSG00000230551.4","ENSG00000230551","ENSG00000230551","lncRNA",40.0710818651329,1.29123956817196,0.204542137761081,6.31282914271784,2.73979930324737e-10,8.28399155073251e-10,"Upregulated"
"ENSG00000170442.13","ENSG00000170442","KRT86","protein_coding",9.3309893037315,6.87113370956493,1.08932996331323,6.30766979792438,2.8326774177275e-10,8.55589019126865e-10,"Upregulated"
"ENSG00000177173.5","ENSG00000177173","NAP1L4P1","processed_pseudogene",17.3756170276179,2.12431894996899,0.336910033815466,6.30530033763415,2.87635582624342e-10,8.67696682637793e-10,"Upregulated"
"ENSG00000188266.15","ENSG00000188266","HYKK","protein_coding",53.6148390421257,1.12140577975544,0.177895279381759,6.30374107538249,2.90545720715104e-10,8.7611081660493e-10,"Upregulated"
"ENSG00000279873.3","ENSG00000279873","LINC01126","lncRNA",14.7731978268604,2.15165895766634,0.341390459071873,6.30263354024593,2.92630219204278e-10,8.81662606384282e-10,"Upregulated"
"ENSG00000127423.12","ENSG00000127423","AUNIP","protein_coding",115.288629193217,1.1530633295936,0.183298978297487,6.29061514855922,3.16210389515415e-10,9.49942156894152e-10,"Upregulated"
"ENSG00000140807.8","ENSG00000140807","NKD1","protein_coding",4736.21510176792,1.29754264442072,0.206332551267001,6.28859884905729,3.20344064416575e-10,9.61880942548799e-10,"Upregulated"
"ENSG00000198915.14","ENSG00000198915","RASGEF1A","protein_coding",7.29601063840277,4.52658411663565,0.720866444350512,6.27936582720816,3.39956828209719e-10,1.01790379223455e-09,"Upregulated"
"ENSG00000206077.15","ENSG00000206077","ZDHHC11B","protein_coding",39.9449169280278,1.45078278382391,0.231831100894334,6.25792992496361,3.90121029887381e-10,1.16234250927794e-09,"Upregulated"
"ENSG00000174804.5","ENSG00000174804","FZD4","protein_coding",45.1597754401526,1.29372413929006,0.206851070239566,6.25437488813436,3.99111260716128e-10,1.1886396198722e-09,"Upregulated"
"ENSG00000160712.15","ENSG00000160712","IL6R","protein_coding",90.0398743133759,3.50779503346853,0.562729953158789,6.23353175671229,4.5603485486766e-10,1.35344196533732e-09,"Upregulated"
"ENSG00000124508.19","ENSG00000124508","BTN2A2","protein_coding",57.4316737887485,1.11829268762623,0.179664470034978,6.22433966720584,4.83588388333411e-10,1.43199078948259e-09,"Upregulated"
"ENSG00000244687.15","ENSG00000244687","UBE2V1","protein_coding",40.3278121971826,1.59456000168106,0.256307830392871,6.22126916386794,4.93149303087549e-10,1.45881194128287e-09,"Upregulated"
"ENSG00000214021.20","ENSG00000214021","TTLL3","protein_coding",28.4026712220155,1.85947325897258,0.298901981933993,6.22101348054365,4.9395371750085e-10,1.4605952405677e-09,"Upregulated"
"ENSG00000143178.13","ENSG00000143178","TBX19","protein_coding",34.3023393723128,1.7452633647181,0.280884913393538,6.21344643837411,5.18349063949517e-10,1.53210577906514e-09,"Upregulated"
"ENSG00000259005.1","ENSG00000259005","ENSG00000259005","lncRNA",7.99326210038548,6.83032515069171,1.10235086556273,6.19614440743868,5.78630424688662e-10,1.70402603425891e-09,"Upregulated"
"ENSG00000197587.14","ENSG00000197587","DMBX1","protein_coding",17.2033786096049,1.70120860269321,0.274986622050161,6.18651405661069,6.15092021720705e-10,1.80699646843228e-09,"Upregulated"
"ENSG00000155099.10","ENSG00000155099","PIP4P2","protein_coding",103.826562096912,1.02882021591955,0.166707170367608,6.17142150305163,6.76787299786361e-10,1.98200451586658e-09,"Upregulated"
"ENSG00000188026.15","ENSG00000188026","RILPL1","protein_coding",90.4982559098883,1.05430212636577,0.170850070996942,6.1709200365778,6.7893754526592e-10,1.98770967797853e-09,"Upregulated"
"ENSG00000198910.16","ENSG00000198910","L1CAM","protein_coding",47.934663166218,2.39591203038281,0.388830277446446,6.16184533292371,7.1902063478011e-10,2.1003924691057e-09,"Upregulated"
"ENSG00000100373.12","ENSG00000100373","UPK3A","protein_coding",25.0761913825202,2.31214635893159,0.376417781628153,6.14250035938965,8.12324939649044e-10,2.36200100830537e-09,"Upregulated"
"ENSG00000185669.7","ENSG00000185669","SNAI3","protein_coding",9.83310856469628,2.75016357303054,0.448046223408269,6.13812466068827,8.35013279173229e-10,2.4265114180426e-09,"Upregulated"
"ENSG00000166897.18","ENSG00000166897","ELFN2","protein_coding",41.1034602626482,1.14830511564744,0.187204134780322,6.13397303961763,8.57110502014562e-10,2.48773190370419e-09,"Upregulated"
"ENSG00000205220.14","ENSG00000205220","PSMB10","protein_coding",92.8852084345625,1.43796683366387,0.234547627154255,6.13080955501697,8.74330172763649e-10,2.53669526800617e-09,"Upregulated"
"ENSG00000277938.1","ENSG00000277938","ENSG00000277938","lncRNA",18.3004657372653,1.94491544356696,0.317261967691315,6.13031387821213,8.77058667859935e-10,2.54410212462493e-09,"Upregulated"
"ENSG00000162772.20","ENSG00000162772","ATF3","protein_coding",728.45232598523,1.74738453298105,0.287071388167843,6.0869337906967,1.15093536921661e-09,3.31425561277068e-09,"Upregulated"
"ENSG00000154447.17","ENSG00000154447","SH3RF1","protein_coding",455.806379635093,1.07172473488119,0.176233415304362,6.08127994926658,1.19226912365959e-09,3.43233296386069e-09,"Upregulated"
"ENSG00000166974.15","ENSG00000166974","MAPRE2","protein_coding",220.221834123094,1.17101268745569,0.19256421695429,6.08115415198691,1.19320505846289e-09,3.43366316664897e-09,"Upregulated"
"ENSG00000162840.4","ENSG00000162840","MT2P1","processed_pseudogene",22.842243111068,6.64533057497633,1.09441087890433,6.07206187645839,1.26278253889203e-09,3.62812144203475e-09,"Upregulated"
"ENSG00000163286.10","ENSG00000163286","ALPG","protein_coding",50.2124398286604,4.49055488291983,0.741782916317193,6.05373187241162,1.41528108450147e-09,4.05501254974206e-09,"Upregulated"
"ENSG00000100092.25","ENSG00000100092","SH3BP1","protein_coding",102.469016546083,1.17457421523643,0.194096658151646,6.05149118187673,1.43511142042177e-09,4.107769050909e-09,"Upregulated"
"ENSG00000188293.8","ENSG00000188293","IGFL1","protein_coding",9.87496319990032,3.02068200389959,0.499384193432278,6.04881380633692,1.45916177058294e-09,4.17331209380067e-09,"Upregulated"
"ENSG00000115525.20","ENSG00000115525","ST3GAL5","protein_coding",52.2290795458448,1.02341642963033,0.169232105650918,6.04741296395246,1.47190134688824e-09,4.20891758466936e-09,"Upregulated"
"ENSG00000197943.15","ENSG00000197943","PLCG2","protein_coding",52.1775000735321,1.51139385260831,0.250412161188601,6.03562480925194,1.58348783627273e-09,4.51908344294297e-09,"Upregulated"
"ENSG00000235847.2","ENSG00000235847","LDHAP7","processed_pseudogene",40.2734164104828,1.16697217816461,0.193647577411233,6.02626789224638,1.67788985258119e-09,4.78190358772991e-09,"Upregulated"
"ENSG00000107872.16","ENSG00000107872","FBXL15","protein_coding",78.8868840075956,1.13160843088938,0.187909238551387,6.02210109312919,1.7216729901703e-09,4.902826679809e-09,"Upregulated"
"ENSG00000143494.18","ENSG00000143494","VASH2","protein_coding",23.3249185643616,1.63117853623245,0.270924139568867,6.02079437745269,1.73563133395587e-09,4.94160496889755e-09,"Upregulated"
"ENSG00000173805.18","ENSG00000173805","HAP1","protein_coding",7.48300597005447,3.19002212608519,0.529981934122981,6.01911484278058,1.75373417059602e-09,4.99118531034516e-09,"Upregulated"
"ENSG00000176749.11","ENSG00000176749","CDK5R1","protein_coding",59.5001320798671,1.05877531788716,0.175920260121358,6.01849563635688,1.76045458761198e-09,5.00834469644147e-09,"Upregulated"
"ENSG00000100344.13","ENSG00000100344","PNPLA3","protein_coding",6.59676811584138,3.78823091216964,0.629574835367183,6.01712568444743,1.77541234871408e-09,5.04792539877663e-09,"Upregulated"
"ENSG00000143387.16","ENSG00000143387","CTSK","protein_coding",11.1035335419433,2.50599219302983,0.41687063265151,6.01143855370777,1.83884210135392e-09,5.22110104483171e-09,"Upregulated"
"ENSG00000310469.1","ENSG00000310469","HLA-H","lncRNA",9.4996335774369,2.57929903748503,0.42960682358099,6.00385956625473,1.92681373926473e-09,5.4655284222792e-09,"Upregulated"
"ENSG00000225462.1","ENSG00000225462","FDPSP1","processed_pseudogene",20.9691848548221,2.17567181919172,0.362385472875208,6.00375010049297,1.92811390898052e-09,5.46814613873693e-09,"Upregulated"
"ENSG00000205100.3","ENSG00000205100","HSP90AA4P","processed_pseudogene",77.0519515461171,1.09720474829233,0.183386643106455,5.9830134283848,2.19046701062917e-09,6.17953044929686e-09,"Upregulated"
"ENSG00000268621.7","ENSG00000268621","IGFL2-AS1","lncRNA",201.082190884855,3.73009379319616,0.623687650194312,5.98070811893427,2.22169666012684e-09,6.26519322797395e-09,"Upregulated"
"ENSG00000112651.14","ENSG00000112651","MRPL2","protein_coding",50.4757543266558,1.14939486964573,0.192234883732013,5.9791170433357,2.24350322741821e-09,6.32422656521002e-09,"Upregulated"
"ENSG00000129514.9","ENSG00000129514","FOXA1","protein_coding",51.4635676412452,1.09346994027055,0.183329921100134,5.96449250459942,2.45395532914305e-09,6.89467247575438e-09,"Upregulated"
"ENSG00000134058.14","ENSG00000134058","CDK7","protein_coding",484.040981239477,1.16244926811859,0.195139899345695,5.95700454912751,2.56903094555111e-09,7.20402408338366e-09,"Upregulated"
"ENSG00000054598.9","ENSG00000054598","FOXC1","protein_coding",110.534206404234,1.04474370325926,0.176796658180835,5.90929553764898,3.435738245354e-09,9.53845184897896e-09,"Upregulated"
"ENSG00000188766.15","ENSG00000188766","SPRED3","protein_coding",21.1983966561457,1.7564139903926,0.297756750627864,5.89882172843754,3.66106528299143e-09,1.01445808950501e-08,"Upregulated"
"ENSG00000100593.20","ENSG00000100593","ISM2","protein_coding",86.1871521598806,1.53855084398781,0.260950022270316,5.89595981100945,3.72509638258094e-09,1.0316089580807e-08,"Upregulated"
"ENSG00000095637.25","ENSG00000095637","SORBS1","protein_coding",525.688966608931,1.11701992198543,0.189674509000545,5.88914097034629,3.88208200567306e-09,1.07241960400713e-08,"Upregulated"
"ENSG00000151623.17","ENSG00000151623","NR3C2","protein_coding",48.0870669577848,1.14121406112849,0.194029162169982,5.88166257260192,4.06165727112934e-09,1.12010536961382e-08,"Upregulated"
"ENSG00000173846.16","ENSG00000173846","PLK3","protein_coding",64.8129132235733,1.21977286878349,0.207831097523908,5.86905849661488,4.38276796258869e-09,1.20430552358429e-08,"Upregulated"
"ENSG00000115963.16","ENSG00000115963","RND3","protein_coding",898.355747135478,1.58360796438868,0.270707313213133,5.84988985185588,4.9189865084337e-09,1.34527179619214e-08,"Upregulated"
"ENSG00000087074.11","ENSG00000087074","PPP1R15A","protein_coding",1186.39244363828,1.16108097676133,0.198664110661978,5.84444252609309,5.08267482333665e-09,1.38820436373529e-08,"Upregulated"
"ENSG00000271447.8","ENSG00000271447","MMP28","protein_coding",56.2019040743267,1.51554081610459,0.259410633384216,5.84224631169959,5.15015806494218e-09,1.4050468877474e-08,"Upregulated"
"ENSG00000137673.11","ENSG00000137673","MMP7","protein_coding",7.91198449885875,3.26056466930066,0.559549583227163,5.82712375638916,5.63907957335064e-09,1.53496508596915e-08,"Upregulated"
"ENSG00000173706.16","ENSG00000173706","HEG1","protein_coding",29.7035288881957,2.11249806735827,0.363401093706362,5.81313073610402,6.13151372165277e-09,1.66462901562743e-08,"Upregulated"
"ENSG00000249898.11","ENSG00000249898","MCPH1-AS1","lncRNA",16.7718470309906,1.82865976395782,0.314867818533054,5.80770614309652,6.33345486900400e-09,1.71720164568019e-08,"Upregulated"
"ENSG00000131650.17","ENSG00000131650","KREMEN2","protein_coding",28.6761065970731,1.47598200426907,0.254306922888214,5.80393953694241,6.47746429643658e-09,1.75526201540686e-08,"Upregulated"
"ENSG00000179715.15","ENSG00000179715","PCED1B","protein_coding",67.543003395082,1.11922426227864,0.192981905610715,5.79963317667903,6.64601393829717e-09,1.79723892505696e-08,"Upregulated"
"ENSG00000206538.11","ENSG00000206538","VGLL3","protein_coding",17.0263026770418,2.92371558217008,0.504226615451217,5.79841581657433,6.694429370423e-09,1.80898136185288e-08,"Upregulated"
"ENSG00000065665.23","ENSG00000065665","SEC61A2","protein_coding",38.8024247307659,1.14559283731839,0.197664513262432,5.79564241659013,6.80601426007541e-09,1.83810582663088e-08,"Upregulated"
"ENSG00000233822.8","ENSG00000233822","H2BC15","protein_coding",18.1824504700136,2.43201894783025,0.420733880958151,5.78042096893109,7.45139358789837e-09,2.0064213280532e-08,"Upregulated"
"ENSG00000095059.19","ENSG00000095059","DHPS","protein_coding",32.1762076825292,1.57193514159551,0.272274879642277,5.77333885395805,7.7715930014209e-09,2.08875975104955e-08,"Upregulated"
"ENSG00000175183.12","ENSG00000175183","CSRP2","protein_coding",9.75135183314626,2.6498338670789,0.46028494238364,5.75694232654324,8.56511568368377e-09,2.29692184470661e-08,"Upregulated"
"ENSG00000101210.17","ENSG00000101210","EEF1A2","protein_coding",18.3104724631623,5.14649332985809,0.894290510794292,5.75483387975019,8.67270357070406e-09,2.32491343223535e-08,"Upregulated"
"ENSG00000197258.5","ENSG00000197258","EIF4BP6","processed_pseudogene",127.799163736041,1.05339596055038,0.18308111539906,5.75371172638039,8.73049831914124e-09,2.33910855317055e-08,"Upregulated"
"ENSG00000273802.4","ENSG00000273802","H2BC8","protein_coding",23.5628512918343,1.88496739941217,0.327882680223456,5.74890810983839,8.98216147703844e-09,2.4043125992841e-08,"Upregulated"
"ENSG00000105173.16","ENSG00000105173","CCNE1","protein_coding",80.1685971788058,1.17232587443183,0.204054746109269,5.74515367461268,9.18375413670031e-09,2.45691277365813e-08,"Upregulated"
"ENSG00000104863.14","ENSG00000104863","LIN7B","protein_coding",16.2851651100442,2.18258177460615,0.380978881983752,5.72887862771153,1.01096692670521e-08,2.69269117842526e-08,"Upregulated"
"ENSG00000103253.21","ENSG00000103253","HAGHL","protein_coding",85.4299373052476,1.02942944560241,0.179804151547449,5.7252818510742,1.03262158432426e-08,2.74935733970738e-08,"Upregulated"
"ENSG00000269825.6","ENSG00000269825","ENSG00000269825","protein_coding",84.1181339666631,1.03801872699785,0.18133056201461,5.72445546666433,1.03766021567751e-08,2.76226521778077e-08,"Upregulated"
"ENSG00000272275.1","ENSG00000272275","ENSG00000272275","lncRNA",16.5980620913657,2.83070608666132,0.495219889759178,5.71605895723994,1.09022925612542e-08,2.89502381204075e-08,"Upregulated"
"ENSG00000128591.19","ENSG00000128591","FLNC","protein_coding",24.5604318463501,2.89580106788458,0.507510421454424,5.70589478652634,1.1573347504671e-08,3.0690018671124e-08,"Upregulated"
"ENSG00000163141.22","ENSG00000163141","BNIPL","protein_coding",11.8836319812753,2.78631934107438,0.489658101616164,5.69033644471084,1.26789304316788e-08,3.35297554408556e-08,"Upregulated"
"ENSG00000130584.14","ENSG00000130584","ZBTB46","protein_coding",21.1169307124339,1.38918916184653,0.244360644795544,5.68499548283995,1.30816117396386e-08,3.45505225680412e-08,"Upregulated"
"ENSG00000167755.16","ENSG00000167755","KLK6","protein_coding",89.2661260027117,1.78439085700685,0.314149531418399,5.68006849779544,1.34640810714045e-08,3.55153736597733e-08,"Upregulated"
"ENSG00000269374.1","ENSG00000269374","ENSG00000269374","processed_pseudogene",23.5963140089475,1.54181854857002,0.271587547030576,5.67705907515869,1.37030159838692e-08,3.61259064286397e-08,"Upregulated"
"ENSG00000280832.4","ENSG00000280832","GSEC","lncRNA",28.120010220186,1.42054961558719,0.250334039509179,5.67461627820337,1.38999875246858e-08,3.66318638311959e-08,"Upregulated"
"ENSG00000115194.13","ENSG00000115194","SLC30A3","protein_coding",6.76248855355156,3.94928044511447,0.695961237966885,5.67456954449292,1.39037825178474e-08,3.66352029542989e-08,"Upregulated"
"ENSG00000253251.5","ENSG00000253251","SHLD3","protein_coding",50.4734788800678,1.38833086119709,0.245073209720513,5.66496379910465,1.4705557956334e-08,3.86774856448625e-08,"Upregulated"
"ENSG00000175984.18","ENSG00000175984","DENND2C","protein_coding",30.6233573598761,2.3451416410949,0.414223655139849,5.66153480612579,1.50025068358767e-08,3.94155781482099e-08,"Upregulated"
"ENSG00000183379.11","ENSG00000183379","SYNDIG1L","protein_coding",5.68926357185741,6.53167825415969,1.1564192284534,5.64819236263925,1.62143689134851e-08,4.25223731983762e-08,"Upregulated"
"ENSG00000168961.19","ENSG00000168961","LGALS9","protein_coding",19.1881144254896,1.7737879723889,0.314162674702136,5.64608120321952,1.641463373192e-08,4.30397814443613e-08,"Upregulated"
"ENSG00000173991.7","ENSG00000173991","TCAP","protein_coding",6.29551531338192,3.53821653196237,0.627081838589432,5.64235210498408,1.67742609497389e-08,4.39509292503373e-08,"Upregulated"
"ENSG00000291142.2","ENSG00000291142","ENSG00000291142","lncRNA",18.4040989529829,1.68786475406893,0.299483169672621,5.63592523718116,1.74120912828076e-08,4.55562424391493e-08,"Upregulated"
"ENSG00000151014.8","ENSG00000151014","NOCT","protein_coding",34.0226168969857,1.66057890361904,0.29465748956263,5.63562428392332,1.74425294009341e-08,4.56276418913966e-08,"Upregulated"
"ENSG00000198590.12","ENSG00000198590","APRG1","lncRNA",6.7538498228992,3.23250963280257,0.573725555234487,5.63424376569981,1.75828170775519e-08,4.59665194818469e-08,"Upregulated"
"ENSG00000067057.21","ENSG00000067057","PFKP","protein_coding",481.905206890683,1.11388258862504,0.197757180144663,5.63257722329079,1.77536305587123e-08,4.63577682985332e-08,"Upregulated"
"ENSG00000243244.9","ENSG00000243244","STON1","protein_coding",78.0693598698075,2.56230253810417,0.455145793200283,5.62963027755955,1.80596321068464e-08,4.71143453631717e-08,"Upregulated"
"ENSG00000187994.15","ENSG00000187994","RINL","protein_coding",25.3181943751469,1.88670387788623,0.336805501700532,5.6017608630508,2.12185156725116e-08,5.51171767567732e-08,"Upregulated"
"ENSG00000084731.17","ENSG00000084731","KIF3C","protein_coding",205.842258968271,1.11186103174301,0.198709507856934,5.59540931752254,2.20101868746603e-08,5.70509082789443e-08,"Upregulated"
"ENSG00000129455.18","ENSG00000129455","KLK8","protein_coding",5.04404461471383,4.27928319930771,0.766070034632318,5.58602086735005,2.3233133151018e-08,6.01240295758131e-08,"Upregulated"
"ENSG00000170271.13","ENSG00000170271","FAXDC2","protein_coding",15.8071509998861,2.8693481442106,0.513935414609381,5.58309091501598,2.36281147527104e-08,6.10589584515475e-08,"Upregulated"
"ENSG00000144029.16","ENSG00000144029","MRPS5","protein_coding",61.9589184101043,1.03494210724814,0.185427390855604,5.5813874232533,2.38607475383513e-08,6.16381378477338e-08,"Upregulated"
"ENSG00000161277.13","ENSG00000161277","THAP8","protein_coding",55.8342398712876,1.09466314747805,0.19661823178366,5.56745494834127,2.58486878724637e-08,6.66309471091683e-08,"Upregulated"
"ENSG00000168899.7","ENSG00000168899","VAMP5","protein_coding",49.7874885530168,1.56141480467482,0.281265521185969,5.55139072180281,2.83405853830677e-08,7.27825205336554e-08,"Upregulated"
"ENSG00000196408.14","ENSG00000196408","NOXO1","protein_coding",53.3082535296691,1.4082187752177,0.253812138056851,5.54827198572464,2.8850682100926e-08,7.40531500188841e-08,"Upregulated"
"ENSG00000138678.13","ENSG00000138678","GPAT3","protein_coding",194.427780735119,1.31217390783723,0.236915745274657,5.53856775671885,3.04955263394059e-08,7.81643381164964e-08,"Upregulated"
"ENSG00000133106.17","ENSG00000133106","EPSTI1","protein_coding",166.379594673163,1.00354324052036,0.181836351893394,5.51893628568128,3.41057814241462e-08,8.72020085389426e-08,"Upregulated"
"ENSG00000260710.5","ENSG00000260710","UBE2I-AS1","lncRNA",5.28964653849363,4.33573768674356,0.786423709845634,5.51323368365206,3.52299962578282e-08,8.99494548570201e-08,"Upregulated"
"ENSG00000148842.20","ENSG00000148842","CNNM2","protein_coding",183.875493680358,1.00958227150069,0.183146948624617,5.51241655447919,3.53940012414012e-08,9.03363624498744e-08,"Upregulated"
"ENSG00000268234.1","ENSG00000268234","FKBP4P6","processed_pseudogene",56.4066358060645,1.10731962810042,0.201013210559684,5.50869082194794,3.61512213525344e-08,9.21716220691288e-08,"Upregulated"
"ENSG00000247516.9","ENSG00000247516","MIR4458HG","lncRNA",38.6088145688469,1.23744849021371,0.224689038156419,5.50738256021307,3.6420822009956e-08,9.28263370679356e-08,"Upregulated"
"ENSG00000230002.3","ENSG00000230002","ALMS1-IT1","lncRNA",16.096802873835,2.13263210436817,0.387249459165879,5.5071273926677,3.6473632559207e-08,9.2944589950418e-08,"Upregulated"
"ENSG00000280033.1","ENSG00000280033","ENSG00000280033","TEC",7.33074835846302,4.01318460302458,0.72978004303885,5.49917011475598,3.81582867793832e-08,9.70720780781697e-08,"Upregulated"
"ENSG00000137198.12","ENSG00000137198","GMPR","protein_coding",33.3477246089111,1.36537513431946,0.248576476032888,5.49277693573393,3.95662414908796e-08,1.00507269357726e-07,"Upregulated"
"ENSG00000181722.20","ENSG00000181722","ZBTB20","protein_coding",31.0765512424648,1.6729850076289,0.304647197430764,5.49154898432675,3.98423783433401e-08,1.0115552679602e-07,"Upregulated"
"ENSG00000254612.2","ENSG00000254612","DNAJB6P1","processed_pseudogene",53.4512357401553,1.0425192223352,0.190108889410342,5.48380049753994,4.16284213779439e-08,1.05486812836014e-07,"Upregulated"
"ENSG00000059804.20","ENSG00000059804","SLC2A3","protein_coding",33.044466660366,2.54494749645,0.464483120282712,5.47909576326692,4.27504950703228e-08,1.0817883264521e-07,"Upregulated"
"ENSG00000132879.16","ENSG00000132879","FBXO44","protein_coding",115.998937634655,1.0972300072506,0.200525865013973,5.4717629926401,4.45580483006146e-08,1.12517030139834e-07,"Upregulated"
"ENSG00000277476.1","ENSG00000277476","ENSG00000277476","lncRNA",18.8155683241601,1.7234048911486,0.315071599239126,5.46988333861412,4.50331901641552e-08,1.13657435015489e-07,"Upregulated"
"ENSG00000196338.17","ENSG00000196338","NLGN3","protein_coding",14.1593251862652,2.33915705358966,0.428710813629617,5.45625857623123,4.86271659864969e-08,1.223870943863e-07,"Upregulated"
"ENSG00000175874.11","ENSG00000175874","CREG2","protein_coding",20.6909408663947,2.16237909831405,0.396608229956681,5.45217909005628,4.97563086537582e-08,1.25120323617953e-07,"Upregulated"
"ENSG00000246228.8","ENSG00000246228","CASC8","lncRNA",5.76219968211029,3.5803421960633,0.656747647102853,5.45162546353605,4.99114894186426e-08,1.25488775963735e-07,"Upregulated"
"ENSG00000272205.3","ENSG00000272205","POU2F1-DT","lncRNA",5.72766729544193,3.86422743504356,0.708988515745579,5.45033854459533,5.02740258628131e-08,1.2633452103414e-07,"Upregulated"
"ENSG00000162783.11","ENSG00000162783","IER5","protein_coding",400.786239852301,1.01436514423792,0.18617805877694,5.44836030035755,5.08362970662982e-08,1.27703175088368e-07,"Upregulated"
"ENSG00000229152.2","ENSG00000229152","ANKRD10-IT1","lncRNA",28.9617105814131,1.30564598612016,0.239759092447776,5.44565785927201,5.16142645441352e-08,1.29522757017075e-07,"Upregulated"
"ENSG00000100918.16","ENSG00000100918","REC8","protein_coding",7.88504394617237,2.73511280002519,0.502387519088849,5.44422919778283,5.20301915967375e-08,1.30521297666595e-07,"Upregulated"
"ENSG00000185100.14","ENSG00000185100","ADSS1","protein_coding",20.1997110987228,1.62408858902789,0.299619777659981,5.42049861231443,5.94330338757242e-08,1.48475008951387e-07,"Upregulated"
"ENSG00000165914.17","ENSG00000165914","TTC7B","protein_coding",68.0008124662548,1.16868441265719,0.215639418819245,5.41962327229613,5.97247561415886e-08,1.49152363605704e-07,"Upregulated"
"ENSG00000288061.4","ENSG00000288061","ENSG00000288061","lncRNA",10.6713272871275,2.23494532198293,0.412642464304042,5.41617869055809,6.08862537176099e-08,1.51869808756558e-07,"Upregulated"
"ENSG00000254589.1","ENSG00000254589","EIF4A2P3","processed_pseudogene",6.52716817276978,3.53167573036786,0.653355197513333,5.40544522154168,6.46476067126328e-08,1.61030099085506e-07,"Upregulated"
"ENSG00000228887.3","ENSG00000228887","EEF1DP1","processed_pseudogene",54.6228867216133,1.00600443376276,0.186674457760344,5.38908453696584,7.08174905260346e-08,1.75896340653918e-07,"Upregulated"
"ENSG00000153814.15","ENSG00000153814","JAZF1","protein_coding",33.2352569163272,1.23447599087678,0.229076687755547,5.38892020384943,7.08822669382541e-08,1.76015389388139e-07,"Upregulated"
"ENSG00000183696.16","ENSG00000183696","UPP1","protein_coding",170.992409978968,1.1849936204196,0.220408009063603,5.37636370590163,7.6005184182368e-08,1.88349372293242e-07,"Upregulated"
"ENSG00000105711.16","ENSG00000105711","SCN1B","protein_coding",5.52091149373417,3.64409604030473,0.680582815126916,5.35437563116425,8.58523463175952e-08,2.12171248778068e-07,"Upregulated"
"ENSG00000277151.1","ENSG00000277151","ENSG00000277151","lncRNA",10.5671861889604,1.94106324685122,0.362546366476006,5.35397241935862,8.60439811492308e-08,2.12572344837138e-07,"Upregulated"
"ENSG00000142623.12","ENSG00000142623","PADI1","protein_coding",44.9887189947861,2.80541686453172,0.525336294803477,5.34023042436312,9.28285175255192e-08,2.28632031947625e-07,"Upregulated"
"ENSG00000113916.19","ENSG00000113916","BCL6","protein_coding",242.361795040638,2.17922300827438,0.408211404824164,5.33846674179297,9.3735896681948e-08,2.30749212623542e-07,"Upregulated"
"ENSG00000183929.7","ENSG00000183929","DUSP5P1","processed_pseudogene",5.63884389069196,3.39504159308877,0.636172877482898,5.33666510040745,9.46716682087212e-08,2.32934094343088e-07,"Upregulated"
"ENSG00000295208.1","ENSG00000295208","ENSG00000295208","lncRNA",9.36672207925225,2.59769963237699,0.487534115280344,5.32824175982691,9.91680679208132e-08,2.43624960215024e-07,"Upregulated"
"ENSG00000170175.12","ENSG00000170175","CHRNB1","protein_coding",67.4976042177788,1.00150801476501,0.188367050614489,5.31678980744189,1.05613950938365e-07,2.58933746743153e-07,"Upregulated"
"ENSG00000172638.15","ENSG00000172638","EFEMP2","protein_coding",9.31936384175797,2.13448496534491,0.402226775275319,5.306670506666,1.1164572549175e-07,2.73213416721791e-07,"Upregulated"
"ENSG00000261559.1","ENSG00000261559","FSCN1P1","transcribed_processed_pseudogene",6.33812388998099,3.40572844409703,0.64212340350916,5.30385347346781,1.1338333454907e-07,2.77371925098772e-07,"Upregulated"
"ENSG00000289727.1","ENSG00000289727","ENSG00000289727","lncRNA",6.27532305526582,3.25689305977997,0.614890294565205,5.29670591415489,1.17910361415876e-07,2.88057477686931e-07,"Upregulated"
"ENSG00000156587.17","ENSG00000156587","UBE2L6","protein_coding",15.9476761524143,1.57674518745942,0.297807797340471,5.29450605907675,1.19338532638088e-07,2.91448266766291e-07,"Upregulated"
"ENSG00000169826.10","ENSG00000169826","CSGALNACT2","protein_coding",64.7606793295215,1.21596492401916,0.229805381994329,5.29128131580994,1.21462365599964e-07,2.96086224100029e-07,"Upregulated"
"ENSG00000204540.11","ENSG00000204540","PSORS1C1","protein_coding",18.4436417410943,1.56081655090539,0.296519172476549,5.26379639424103,1.41110720166846e-07,3.42198218985597e-07,"Upregulated"
"ENSG00000305513.1","ENSG00000305513","ENSG00000305513","lncRNA",10.7456471364149,1.97738349327065,0.37568879428684,5.2633549984483,1.41450075191138e-07,3.42963776086662e-07,"Upregulated"
"ENSG00000171097.16","ENSG00000171097","KYAT1","protein_coding",7.22328239135476,3.13326812822617,0.596959331430679,5.24871287415333,1.5316558127461e-07,3.70254479371416e-07,"Upregulated"
"ENSG00000105270.17","ENSG00000105270","CLIP3","protein_coding",10.0591904722732,2.00006524740435,0.381075220667698,5.2484788801013,1.53360218145424e-07,3.70663155664357e-07,"Upregulated"
"ENSG00000273748.1","ENSG00000273748","ENSG00000273748","protein_coding",22.3558865560066,1.46012846583256,0.278238671035721,5.24775531883239,1.53963592887193e-07,3.71935387251408e-07,"Upregulated"
"ENSG00000087085.18","ENSG00000087085","ACHE","protein_coding",5.33609387440672,3.41429833859977,0.65145700799465,5.24101866539106,1.59692559338037e-07,3.85197165433893e-07,"Upregulated"
"ENSG00000116661.13","ENSG00000116661","FBXO2","protein_coding",126.817122177811,2.3046013711181,0.440209804139321,5.23523408485631,1.64775896428255e-07,3.967323959193e-07,"Upregulated"
"ENSG00000272512.1","ENSG00000272512","ENSG00000272512","lncRNA",6.56984980291552,3.43269156150794,0.657202979549182,5.22318319959938,1.75873233995713e-07,4.22398890796465e-07,"Upregulated"
"ENSG00000172465.16","ENSG00000172465","TCEAL1","protein_coding",117.090148273088,1.06709389804921,0.204348924193482,5.22192080169143,1.77076704252759e-07,4.25218823203146e-07,"Upregulated"
"ENSG00000267532.7","ENSG00000267532","MIR497HG","lncRNA",22.1311375105814,1.57894347603587,0.302552631608286,5.21873985244366,1.80144580570644e-07,4.32299265048811e-07,"Upregulated"
"ENSG00000143816.9","ENSG00000143816","WNT9A","protein_coding",7.02200034798401,3.74455191451695,0.718146507270847,5.21418941205642,1.84622749342795e-07,4.42752421558131e-07,"Upregulated"
"ENSG00000181649.10","ENSG00000181649","PHLDA2","protein_coding",688.363143994341,1.03984085725022,0.199442761666076,5.21373073940486,1.85080061574242e-07,4.43775687017524e-07,"Upregulated"
"ENSG00000271858.5","ENSG00000271858","ENSG00000271858","lncRNA",8.80585570521327,2.4612267476387,0.472411246973614,5.20992411464786,1.88917884821147e-07,4.52528592864143e-07,"Upregulated"
"ENSG00000301902.1","ENSG00000301902","ENSG00000301902","lncRNA",6.02038132874801,5.62303369796468,1.0794835864944,5.20900342378095,1.8985761057142e-07,4.54704427764174e-07,"Upregulated"
"ENSG00000074211.15","ENSG00000074211","PPP2R2C","protein_coding",25.8093150699918,3.04548637715625,0.58511690420681,5.2049194874736,1.94080733378799e-07,4.64434938594047e-07,"Upregulated"
"ENSG00000179846.11","ENSG00000179846","NKPD1","protein_coding",14.1876550246148,2.38781316381821,0.459337582283216,5.19838405546783,2.01028452719334e-07,4.80584681096765e-07,"Upregulated"
"ENSG00000105974.15","ENSG00000105974","CAV1","protein_coding",32.2097243263107,1.28702310391578,0.248687771581384,5.17525689233416,2.27597606407198e-07,5.4115578540658e-07,"Upregulated"
"ENSG00000180596.11","ENSG00000180596","H2BC4","protein_coding",40.3362831844856,2.26810600702237,0.438358471806151,5.17408959310672,2.29024916775905e-07,5.44460153201511e-07,"Upregulated"
"ENSG00000104723.23","ENSG00000104723","TUSC3","protein_coding",5.27696429440864,3.94872495827904,0.763435289114719,5.1723112811015,2.31215977600531e-07,5.49218480148647e-07,"Upregulated"
"ENSG00000128218.9","ENSG00000128218","VPREB3","protein_coding",6.83765601043687,3.4215512614346,0.6615118126832,5.17232072932489,2.31204283090549e-07,5.49218480148647e-07,"Upregulated"
"ENSG00000132688.13","ENSG00000132688","NES","protein_coding",145.973670114247,1.63382145991611,0.316023346120739,5.16993911991519,2.34170268788768e-07,5.55598483183829e-07,"Upregulated"
"ENSG00000008086.14","ENSG00000008086","CDKL5","protein_coding",51.7707178502646,1.03765107953985,0.201205798813408,5.15716289321329,2.50719677797374e-07,5.93116155834076e-07,"Upregulated"
"ENSG00000150672.20","ENSG00000150672","DLG2","protein_coding",22.170900220623,1.28791089423698,0.250054927476046,5.15051195845905,2.59776366990958e-07,6.13639626802439e-07,"Upregulated"
"ENSG00000140297.15","ENSG00000140297","GCNT3","protein_coding",1012.88145196318,1.45635702725312,0.282896621495549,5.14801845124202,2.63252602579085e-07,6.21547200484866e-07,"Upregulated"
"ENSG00000276564.1","ENSG00000276564","ENSG00000276564","lncRNA",8.70274257437568,2.44959753827791,0.475874669736875,5.14756866473343,2.63884421734862e-07,6.22937455576091e-07,"Upregulated"
"ENSG00000250471.2","ENSG00000250471","GMPSP1","processed_pseudogene",38.3615601080805,1.03469696462998,0.201172614347446,5.14332911557712,2.69912167330267e-07,6.36234080831201e-07,"Upregulated"
"ENSG00000154040.23","ENSG00000154040","CABYR","protein_coding",8.07590206841168,2.83533953820869,0.551277676674154,5.14321485918718,2.70076442158756e-07,6.3651777520974e-07,"Upregulated"
"ENSG00000099822.3","ENSG00000099822","HCN2","protein_coding",17.7328730480365,1.77639563302629,0.345987061812572,5.13428341429887,2.832210350643e-07,6.66088808852943e-07,"Upregulated"
"ENSG00000166165.16","ENSG00000166165","CKB","protein_coding",645.864426402651,1.07483496224925,0.209413716819606,5.13259101921744,2.85780448576069e-07,6.7178106419536e-07,"Upregulated"
"ENSG00000257497.2","ENSG00000257497","GLIPR1-AS1","lncRNA",13.0166968146437,3.11419774517384,0.608316851302652,5.1193678730173,3.06561456631401e-07,7.18881655259267e-07,"Upregulated"
"ENSG00000160781.19","ENSG00000160781","PAQR6","protein_coding",16.0930852280816,1.68930399580491,0.330109109223966,5.11741102745149,3.0975810128873e-07,7.2614273760535e-07,"Upregulated"
"ENSG00000170523.3","ENSG00000170523","KRT83","protein_coding",272.225602085103,2.85402544993044,0.557985191970854,5.11487668669085,3.13945984925678e-07,7.35603106474199e-07,"Upregulated"
"ENSG00000304538.1","ENSG00000304538","ENSG00000304538","lncRNA",4.99352975507872,5.62020665059062,1.09900721497187,5.11389422564842,3.15584116539372e-07,7.39321858533557e-07,"Upregulated"
"ENSG00000264112.2","ENSG00000264112","ENSG00000264112","lncRNA",58.1975594416945,1.55387148674574,0.303956809812947,5.11214566208263,3.18520065030035e-07,7.45958756046424e-07,"Upregulated"
"ENSG00000213005.3","ENSG00000213005","PTTG3P","processed_pseudogene",20.5248558149355,1.61825120290886,0.316741280723416,5.1090631420473,3.23760151124821e-07,7.57985801308709e-07,"Upregulated"
"ENSG00000173868.13","ENSG00000173868","PHOSPHO1","protein_coding",17.8924371260402,2.10267102919058,0.412245437792201,5.10053195603943,3.38700186977008e-07,7.91812084154026e-07,"Upregulated"
"ENSG00000163132.8","ENSG00000163132","MSX1","protein_coding",441.853197974282,2.06133215082259,0.404335586210166,5.09807254450057,3.43129329023984e-07,8.01615428818782e-07,"Upregulated"
"ENSG00000257704.5","ENSG00000257704","INAFM1","protein_coding",42.1667316004326,1.04394918069088,0.205046165304313,5.09128848687091,3.5563844524211e-07,8.29670371611181e-07,"Upregulated"
"ENSG00000005513.12","ENSG00000005513","SOX8","protein_coding",90.5860749150809,1.06539992406251,0.209290139269182,5.09054047067273,3.57044354181024e-07,8.3281615657354e-07,"Upregulated"
"ENSG00000242960.1","ENSG00000242960","FTH1P23","processed_pseudogene",33.2798363998772,1.5903973476537,0.312508595602156,5.08913153121195,3.59707061177231e-07,8.38487169145959e-07,"Upregulated"
"ENSG00000272619.2","ENSG00000272619","FAM131B-AS1","lncRNA",9.33733965792519,2.0620138168433,0.405220135623983,5.08862624427112,3.60666647013376e-07,8.40588782328377e-07,"Upregulated"
"ENSG00000260260.4","ENSG00000260260","SNHG19","lncRNA",27.0964854868713,1.51578776758306,0.298000104662429,5.08653434635576,3.64665705116573e-07,8.49089877658961e-07,"Upregulated"
"ENSG00000084636.20","ENSG00000084636","COL16A1","protein_coding",26.986517098309,1.31680736873297,0.258946018033946,5.08525822768338,3.67126227197523e-07,8.54681652135985e-07,"Upregulated"
"ENSG00000175793.12","ENSG00000175793","SFN","protein_coding",1558.92477124715,1.53324615673595,0.301606318931345,5.08360090786085,3.70345681157285e-07,8.617613377218e-07,"Upregulated"
"ENSG00000102057.13","ENSG00000102057","KCND1","protein_coding",11.8349397541294,2.68821203260892,0.529114454083131,5.08058702963833,3.76270302306189e-07,8.74845053910042e-07,"Upregulated"
"ENSG00000204792.3","ENSG00000204792","LINC01291","lncRNA",6.33961350908636,3.31793334798909,0.654015488398122,5.07317243528237,3.91237669557029e-07,9.08333275748232e-07,"Upregulated"
"ENSG00000085465.15","ENSG00000085465","OVGP1","protein_coding",53.103188351915,1.2448677549736,0.245748205528141,5.06562297087069,4.07066895019891e-07,9.43723155115702e-07,"Upregulated"
"ENSG00000069667.17","ENSG00000069667","RORA","protein_coding",1044.96030414219,2.39851629908914,0.475271044964803,5.04662828611148,4.49674998560277e-07,1.03868187426451e-06,"Upregulated"
"ENSG00000171943.14","ENSG00000171943","SRGAP2C","protein_coding",14.284566653438,1.5796056981308,0.313060926195979,5.04568141838933,4.51907862068766e-07,1.043340566688e-06,"Upregulated"
"ENSG00000269068.2","ENSG00000269068","ENSG00000269068","lncRNA",4.6909760740633,4.1312998825483,0.819566046700098,5.04083825724916,4.63497087516957e-07,1.06890512289875e-06,"Upregulated"
"ENSG00000128274.19","ENSG00000128274","A4GALT","protein_coding",14.5348569630762,1.75449413273549,0.348367201416182,5.03633558384119,4.74528336253439e-07,1.09225931527713e-06,"Upregulated"
"ENSG00000232677.12","ENSG00000232677","LINC00665","lncRNA",7.76428782677471,2.55269461656228,0.507619591734929,5.02875511135759,4.93674390362049e-07,1.13434743382382e-06,"Upregulated"
"ENSG00000173269.16","ENSG00000173269","MMRN2","protein_coding",10.1886853954654,4.67965416334411,0.930652986884301,5.02835560546681,4.9470382329697e-07,1.13653262638232e-06,"Upregulated"
"ENSG00000273117.2","ENSG00000273117","INSIG1-DT","lncRNA",35.4967774880702,1.6030663683175,0.319234138999296,5.02160067636449,5.12426325221853e-07,1.17482713259217e-06,"Upregulated"
"ENSG00000176490.7","ENSG00000176490","DIRAS1","protein_coding",11.3356174443032,1.86138954109192,0.371199163578298,5.01453053705303,5.31631092350964e-07,1.21770156319743e-06,"Upregulated"
"ENSG00000159403.20","ENSG00000159403","C1R","protein_coding",10.528982772468,2.46085946930165,0.49093061563309,5.01264209429717,5.36877016749788e-07,1.22874632450062e-06,"Upregulated"
"ENSG00000167191.14","ENSG00000167191","GPRC5B","protein_coding",6.1710559329245,2.84437677823769,0.569276383083335,4.99647774395957,5.83869102529138e-07,1.33229901336046e-06,"Upregulated"
"ENSG00000147437.12","ENSG00000147437","GNRH1","protein_coding",5.7666185207814,2.80245792139947,0.562602553613224,4.98123924856212,6.3178371870157e-07,1.43688161510093e-06,"Upregulated"
"ENSG00000070731.13","ENSG00000070731","ST6GALNAC2","protein_coding",57.4086597001089,1.02950721410355,0.206838427051673,4.97734985117807,6.44607499559892e-07,1.46512733431963e-06,"Upregulated"
"ENSG00000297553.1","ENSG00000297553","ENSG00000297553","lncRNA",7.47112253899857,2.32008474189159,0.466257293813988,4.9759752237081,6.49199514140667e-07,1.47487056888643e-06,"Upregulated"
"ENSG00000248641.1","ENSG00000248641","HMGA1P2","processed_pseudogene",39.0985458655589,1.3144306868492,0.266814998197397,4.92637481299587,8.37692391531429e-07,1.8903516253618e-06,"Upregulated"
"ENSG00000088002.13","ENSG00000088002","SULT2B1","protein_coding",239.92435492875,1.06022653253451,0.215395987231626,4.92222044691295,8.5567746566191e-07,1.92913469700877e-06,"Upregulated"
"ENSG00000299712.1","ENSG00000299712","ENSG00000299712","lncRNA",6.32684670987656,5.32264860073327,1.08469092884172,4.90706473079575,9.24495281549256e-07,2.08040149382171e-06,"Upregulated"
"ENSG00000286587.2","ENSG00000286587","ENSG00000286587","lncRNA",9.76472849510153,3.2969926902511,0.672973199826004,4.8991441131735,9.62550268210994e-07,2.16301418621705e-06,"Upregulated"
"ENSG00000256916.2","ENSG00000256916","MMP20-AS1","lncRNA",4.43355584541689,5.42104786167178,1.10678685321107,4.89800528976645,9.68144292995897e-07,2.1735626791784e-06,"Upregulated"
"ENSG00000188859.8","ENSG00000188859","FAM78B","protein_coding",21.4071534280192,1.48991430092433,0.304450900499007,4.89377531313688,9.89197688969996e-07,2.21945392608038e-06,"Upregulated"
"ENSG00000213362.3","ENSG00000213362","FTH1P12","processed_pseudogene",24.1959439573414,1.79556350102918,0.366938054563111,4.89336954480516,9.91240283667469e-07,2.22369259921191e-06,"Upregulated"
"ENSG00000253144.1","ENSG00000253144","ENSG00000253144","processed_pseudogene",60.388147394572,1.05870018653376,0.216617346020805,4.88742109522511,1.02165420398118e-06,2.28910801494681e-06,"Upregulated"
"ENSG00000278828.2","ENSG00000278828","H3C10","protein_coding",16.9696077756514,2.03423461473642,0.416620129237869,4.88270842423693,1.0463854223165e-06,2.34196409887423e-06,"Upregulated"
"ENSG00000167117.12","ENSG00000167117","ANKRD40CL","protein_coding",145.006048744471,1.05192726018924,0.216119956683653,4.86733051556643,1.13115765746133e-06,2.52506727848576e-06,"Upregulated"
"ENSG00000142920.20","ENSG00000142920","AZIN2","protein_coding",8.87779923458337,2.01606438134743,0.415131230463583,4.85645076400556,1.19508479530893e-06,2.6595775266611e-06,"Upregulated"
"ENSG00000099139.16","ENSG00000099139","PCSK5","protein_coding",75.4774953597345,2.46268698239018,0.507394833459205,4.85359097096163,1.21245684100203e-06,2.6974093552044e-06,"Upregulated"
"ENSG00000232801.1","ENSG00000232801","SDCBPP3","processed_pseudogene",15.6799351400764,1.37525789836569,0.283603476379835,4.84922792879938,1.23942939452514e-06,2.7548789548249e-06,"Upregulated"
"ENSG00000160179.22","ENSG00000160179","ABCG1","protein_coding",42.2443183716719,1.08322024373787,0.223748917604747,4.84123121279803,1.29037126828677e-06,2.86415383979351e-06,"Upregulated"
"ENSG00000223822.2","ENSG00000223822","EEF1A1P1","processed_pseudogene",76.7259524394695,1.00850570550178,0.208414189265673,4.83894934915492,1.30527303240657e-06,2.8950132821604e-06,"Upregulated"
"ENSG00000164256.11","ENSG00000164256","PRDM9","protein_coding",4.68227597460821,5.50430439391373,1.13805136822631,4.83660452207212,1.32075836294697e-06,2.92801440964165e-06,"Upregulated"
"ENSG00000228288.11","ENSG00000228288","PCAT6","lncRNA",10.0126568068345,1.85329945253488,0.383324603830793,4.83480432514309,1.33276668189781e-06,2.95328054343473e-06,"Upregulated"
"ENSG00000166046.14","ENSG00000166046","TCP11L2","protein_coding",184.337858318072,1.17361062302672,0.243148246923654,4.82672870512292,1.38793986303247e-06,3.0699507450283e-06,"Upregulated"
"ENSG00000169035.14","ENSG00000169035","KLK7","protein_coding",12.2824863116975,1.64996799698138,0.342000438887007,4.82446163622178,1.40381933758254e-06,3.10408145258563e-06,"Upregulated"
"ENSG00000138798.15","ENSG00000138798","EGF","protein_coding",57.8195060017863,1.87256884841771,0.388774139332251,4.81659827383062,1.46026261941655e-06,3.22396798912014e-06,"Upregulated"
"ENSG00000121753.13","ENSG00000121753","ADGRB2","protein_coding",12.703809970972,1.88106800559247,0.391117561804556,4.8094695541502,1.51331342552729e-06,3.33550390307856e-06,"Upregulated"
"ENSG00000105048.20","ENSG00000105048","TNNT1","protein_coding",34.5037594710466,1.29228963994999,0.2689469862636,4.8049976610758,1.54753314170143e-06,3.40678266588745e-06,"Upregulated"
"ENSG00000227376.1","ENSG00000227376","FTH1P16","processed_pseudogene",14.371841404128,2.07585293508957,0.434309295291948,4.77966499357136,1.75587524961863e-06,3.84847914662329e-06,"Upregulated"
"ENSG00000166278.18","ENSG00000166278","C2","protein_coding",11.3218442270229,2.14297315254961,0.448944790104604,4.77335565482404,1.8118141945421e-06,3.96568664964568e-06,"Upregulated"
"ENSG00000205426.11","ENSG00000205426","KRT81","protein_coding",6.65387580805623,4.46225678439126,0.936449423416613,4.76508039068551,1.88778368496269e-06,4.12200710599356e-06,"Upregulated"
"ENSG00000239264.11","ENSG00000239264","TXNDC5","protein_coding",21.3015028058128,1.39267596768433,0.292859543648134,4.75543992978971,1.98014734415212e-06,4.31912933646184e-06,"Upregulated"
"ENSG00000203392.3","ENSG00000203392","ENSG00000203392","lncRNA",4.61450765823034,4.01020597686197,0.843699109626023,4.75312339566119,2.00298016770097e-06,4.36696082297614e-06,"Upregulated"
"ENSG00000273113.1","ENSG00000273113","ENSG00000273113","lncRNA",6.10835447824444,2.7601042138067,0.581178878532942,4.74914749272026,2.04275925332877e-06,4.45167926304368e-06,"Upregulated"
"ENSG00000290683.2","ENSG00000290683","ENSG00000290683","lncRNA",27.2890450927343,1.05759423644168,0.223774231776215,4.72616631524995,2.28798276984882e-06,4.96591976945472e-06,"Upregulated"
"ENSG00000167524.19","ENSG00000167524","RSKR","protein_coding",22.5673968275955,1.27505267053016,0.27023667768704,4.71828132821701,2.37845437499184e-06,5.15148121392643e-06,"Upregulated"
"ENSG00000236937.2","ENSG00000236937","PTGES3P4","processed_pseudogene",22.0923646797201,1.4356297623729,0.304750061367777,4.71084322651002,2.46693955440306e-06,5.33914098303602e-06,"Upregulated"
"ENSG00000284773.1","ENSG00000284773","ENSG00000284773","protein_coding",8.27173646399033,3.45517413214804,0.734188076819563,4.70611583222046,2.52481095625012e-06,5.46112841462339e-06,"Upregulated"
"ENSG00000258102.5","ENSG00000258102","MAP1LC3B2","protein_coding",40.2274592734418,1.05097993022927,0.223474975750932,4.70289761391723,2.56495059949186e-06,5.54546681901179e-06,"Upregulated"
"ENSG00000139055.8","ENSG00000139055","ERP27","protein_coding",290.531111561288,2.5009922575461,0.532130500530436,4.69996035756845,2.60211998560313e-06,5.6199586931983e-06,"Upregulated"
"ENSG00000138646.11","ENSG00000138646","HERC5","protein_coding",11.363336249568,2.22879237314621,0.474622902017046,4.69592251801235,2.65406139954867e-06,5.72957810252633e-06,"Upregulated"
"ENSG00000134245.19","ENSG00000134245","WNT2B","protein_coding",9.30113944996078,4.4021339647946,0.938024720470061,4.69298289131294,2.6925001578881e-06,5.80909815216829e-06,"Upregulated"
"ENSG00000163884.6","ENSG00000163884","KLF15","protein_coding",8.49631495725375,1.88151099320001,0.40114309346356,4.6903736443637,2.72706594343764e-06,5.88104756730629e-06,"Upregulated"
"ENSG00000306000.1","ENSG00000306000","ENSG00000306000","lncRNA",10.902124254923,1.84289387848266,0.394937641060012,4.66629079349423,3.06685592281873e-06,6.58052650777155e-06,"Upregulated"
"ENSG00000267394.3","ENSG00000267394","ATXN7L3-AS1","lncRNA",9.39507419380782,2.01575133543783,0.43272870487126,4.65823346763541,3.1893439065022e-06,6.8368888616156e-06,"Upregulated"
"ENSG00000297070.1","ENSG00000297070","ENSG00000297070","lncRNA",7.1628274391452,2.80655228339633,0.604789875361724,4.6405411163964,3.47498022780224e-06,7.42983379482297e-06,"Upregulated"
"ENSG00000290920.2","ENSG00000290920","ENSG00000290920","lncRNA",21.7243470464917,1.3128166088395,0.283032629785337,4.63839314157944,3.51128397567611e-06,7.50302674365941e-06,"Upregulated"
"ENSG00000106034.20","ENSG00000106034","CPED1","protein_coding",11.4296601153544,1.73907383961104,0.375168216192924,4.63545088456201,3.56160287317122e-06,7.60718479557809e-06,"Upregulated"
"ENSG00000166825.17","ENSG00000166825","ANPEP","protein_coding",11.5411965170705,2.02012896042454,0.437727534879843,4.61503743642509,3.9302446528087e-06,8.3686608152371e-06,"Upregulated"
"ENSG00000135740.19","ENSG00000135740","SLC9A5","protein_coding",6.8674238930998,2.36393529655389,0.512274784672872,4.61458453018227,3.93882443929858e-06,8.38446588929421e-06,"Upregulated"
"ENSG00000072163.22","ENSG00000072163","LIMS2","protein_coding",21.2944143497029,3.14158062335512,0.682206683878617,4.60502762226541,4.12411116118265e-06,8.76471901273778e-06,"Upregulated"
"ENSG00000279233.1","ENSG00000279233","ENSG00000279233","TEC",15.7657612100086,1.42174502525214,0.309519375973581,4.59339587636507,4.36090657349346e-06,9.25033051274404e-06,"Upregulated"
"ENSG00000163703.22","ENSG00000163703","CRELD1","protein_coding",24.1098724706547,1.34249054490737,0.292392540353506,4.59139806810491,4.40286663631793e-06,9.33387116640132e-06,"Upregulated"
"ENSG00000260083.4","ENSG00000260083","MIR762HG","lncRNA",17.2481495816142,1.66588485480538,0.365195391604838,4.56162616807597,5.07589607001915e-06,1.06933981460558e-05,"Upregulated"
"ENSG00000198853.14","ENSG00000198853","RUSC2","protein_coding",22.3264627663326,1.43208431366217,0.316299618159694,4.52761948305337,5.96518732317376e-06,1.24957221306745e-05,"Upregulated"
"ENSG00000289942.1","ENSG00000289942","ENSG00000289942","lncRNA",12.9405225027193,5.05698415008574,1.11883302745081,4.51987385607285,6.18764888247124e-06,1.29470701133083e-05,"Upregulated"
"ENSG00000149646.12","ENSG00000149646","CNBD2","protein_coding",15.3830342655167,1.72570544678481,0.382102543487364,4.51634116599876,6.2917269431308e-06,1.31515515447644e-05,"Upregulated"
"ENSG00000177469.15","ENSG00000177469","CAVIN1","protein_coding",268.277386109621,1.09159680920518,0.242055166733116,4.50970257705238,6.49185771163464e-06,1.35561962474077e-05,"Upregulated"
"ENSG00000086548.11","ENSG00000086548","CEACAM6","protein_coding",1218.81442053701,1.45532703912736,0.322748452067662,4.50916814566862,6.50823120656887e-06,1.35884291378182e-05,"Upregulated"
"ENSG00000214049.9","ENSG00000214049","UCA1","lncRNA",4167.34550054327,2.01888818561855,0.449039380416077,4.49601588116361,6.92385671899206e-06,1.44354095197285e-05,"Upregulated"
"ENSG00000290862.2","ENSG00000290862","NMRAL2P","lncRNA",16.291445556268,1.58125227762759,0.352627935786603,4.48419457777871,7.31898542873198e-06,1.52154263137547e-05,"Upregulated"
"ENSG00000147231.15","ENSG00000147231","RADX","protein_coding",19.1533243155901,1.21939053238381,0.27242745447129,4.47601925712782,7.60476284941876e-06,1.57868819959571e-05,"Upregulated"
"ENSG00000277662.1","ENSG00000277662","ENSG00000277662","lncRNA",11.4154025231548,1.79321323763494,0.400633491382139,4.47594441355505,7.6074277252782e-06,1.57901521905946e-05,"Upregulated"
"ENSG00000271754.1","ENSG00000271754","ENSG00000271754","lncRNA",14.9754927591723,1.99901410563658,0.447031927544732,4.47174795012052,7.75828368309364e-06,1.60963560680591e-05,"Upregulated"
"ENSG00000205309.16","ENSG00000205309","NT5M","protein_coding",51.2512823633924,1.04008555326867,0.23266409723826,4.47033111517661,7.80985929965837e-06,1.61964054050728e-05,"Upregulated"
"ENSG00000128512.25","ENSG00000128512","DOCK4","protein_coding",17.9404090983362,1.42878858161261,0.319822181045308,4.46744680729382,7.91586856260442e-06,1.64104678121307e-05,"Upregulated"
"ENSG00000277027.2","ENSG00000277027","RMRP","ribozyme",39.9519890299333,1.1247847317234,0.251779271478341,4.46734445261973,7.91965564556789e-06,1.64147096132108e-05,"Upregulated"
"ENSG00000108465.17","ENSG00000108465","CDK5RAP3","protein_coding",27.3666516977315,1.24841859712892,0.279722740995585,4.46305721403117,8.07984671841411e-06,1.67371553235073e-05,"Upregulated"
"ENSG00000209082.1","ENSG00000209082","MT-TL1","Mt_tRNA",31.6072870297128,1.01016689522534,0.227040305387641,4.44928442771698,8.61568569030549e-06,1.77937176890277e-05,"Upregulated"
"ENSG00000274015.4","ENSG00000274015","ENSG00000274015","lncRNA",8.70542109348472,2.08580802059466,0.470460244185175,4.43354788502315,9.26949075986365e-06,1.90923053001626e-05,"Upregulated"
"ENSG00000262470.2","ENSG00000262470","TVP23CP2","processed_pseudogene",17.3843433912438,1.41444175648871,0.320099857770976,4.41875159313787,9.92726687929482e-06,2.03969559190691e-05,"Upregulated"
"ENSG00000111701.7","ENSG00000111701","APOBEC1","protein_coding",17.0234576856057,1.68717866396636,0.382155133774363,4.41490513892333,1.01054293602525e-05,2.07374514710817e-05,"Upregulated"
"ENSG00000279108.1","ENSG00000279108","ENSG00000279108","TEC",10.7205161294671,2.01059252464266,0.455776371124039,4.41135752536737,1.02724537680527e-05,2.10563507788713e-05,"Upregulated"
"ENSG00000139926.18","ENSG00000139926","FRMD6","protein_coding",8.7057913129844,1.97639713556581,0.448135701981589,4.41026485242412,1.03244265099726e-05,2.11539076746108e-05,"Upregulated"
"ENSG00000140057.11","ENSG00000140057","AK7","protein_coding",20.0155705440033,1.34777528586708,0.305927360736029,4.4055401995574,1.05520580110567e-05,2.1598930041841e-05,"Upregulated"
"ENSG00000105369.11","ENSG00000105369","CD79A","protein_coding",7.04085594087499,2.4808788538126,0.563265273627723,4.40445908876016,1.06048151024659e-05,2.16977241938354e-05,"Upregulated"
"ENSG00000099994.13","ENSG00000099994","SUSD2","protein_coding",5.69037882522121,2.87910597374368,0.657400036466663,4.37953424708956,1.18933230221975e-05,2.42314125175996e-05,"Upregulated"
"ENSG00000237070.1","ENSG00000237070","ENSG00000237070","lncRNA",7.28618625363384,1.97095903202453,0.450602917895134,4.37404853308832,1.21963245335505e-05,2.48173455686905e-05,"Upregulated"
"ENSG00000176244.8","ENSG00000176244","ACBD7","protein_coding",97.1988363205904,1.02129978398957,0.234346112280293,4.35808289735157,1.31206689681801e-05,2.66309152222501e-05,"Upregulated"
"ENSG00000293970.1","ENSG00000293970","ENSG00000293970","lncRNA",28.0982999933602,1.41717606367617,0.325686787857225,4.35134649765845,1.35304031998567e-05,2.74318135383775e-05,"Upregulated"
"ENSG00000071575.13","ENSG00000071575","TRIB2","protein_coding",16.6527509055611,4.64800720516081,1.06877960626328,4.3488921176288,1.36826996428474e-05,2.77173166374258e-05,"Upregulated"
"ENSG00000115657.16","ENSG00000115657","ABCB6","protein_coding",21.1436707889698,1.23592772727282,0.284449470360124,4.34498164369258,1.39287310166352e-05,2.81920628342287e-05,"Upregulated"
"ENSG00000213937.4","ENSG00000213937","CLDN9","protein_coding",54.0123311040913,1.33874930583196,0.308128588488656,4.34477473316712,1.39418658426585e-05,2.82147074140213e-05,"Upregulated"
"ENSG00000203797.14","ENSG00000203797","DDO","protein_coding",7.25797046322633,1.85604981104399,0.427239736933948,4.34428179448799,1.39732055523253e-05,2.82741824719769e-05,"Upregulated"
"ENSG00000179862.7","ENSG00000179862","CITED4","protein_coding",33.2658277144917,1.10116576450074,0.253479965875987,4.34419249148659,1.39788903802171e-05,2.82777888595904e-05,"Upregulated"
"ENSG00000289575.2","ENSG00000289575","ENSG00000289575","lncRNA",6.44899099388339,2.14391977754486,0.493650973297437,4.3429870364159,1.40558431162796e-05,2.84294875702894e-05,"Upregulated"
"ENSG00000179344.19","ENSG00000179344","HLA-DQB1","protein_coding",18.4256571858805,1.2153970561949,0.280492621963593,4.33308030595062,1.4703744419093e-05,2.96654133539602e-05,"Upregulated"
"ENSG00000198203.12","ENSG00000198203","SULT1C2","protein_coding",33.3066148190905,1.00525199375597,0.232588825289505,4.32201328892187,1.54611874110568e-05,3.112425725254e-05,"Upregulated"
"ENSG00000058668.18","ENSG00000058668","ATP2B4","protein_coding",633.445065824677,1.23706463251521,0.286973010605417,4.31073511026495,1.62712725052717e-05,3.26914295225838e-05,"Upregulated"
"ENSG00000171608.20","ENSG00000171608","PIK3CD","protein_coding",13.3280617396212,1.57389029713007,0.365691532123426,4.30387405470154,1.67837099028759e-05,3.36417045522099e-05,"Upregulated"
"ENSG00000085662.16","ENSG00000085662","AKR1B1","protein_coding",8.18797673006648,3.84387170014819,0.893961077010696,4.29981997986049,1.7093690536207e-05,3.42251676223697e-05,"Upregulated"
"ENSG00000289092.1","ENSG00000289092","ENSG00000289092","lncRNA",7.57031470309653,2.62001631323686,0.609340722864249,4.2997558097238,1.7098640666515e-05,3.42303495702631e-05,"Upregulated"
"ENSG00000185467.10","ENSG00000185467","KPNA7","protein_coding",11.2662200927626,1.50912527201577,0.351415337100505,4.29442062622373,1.75150128873981e-05,3.50396972341486e-05,"Upregulated"
"ENSG00000275718.3","ENSG00000275718","CCL15","protein_coding",15.7212694479137,1.7152174589616,0.400338455583715,4.28441843404907,1.83217808254912e-05,3.66031496723214e-05,"Upregulated"
"ENSG00000184786.8","ENSG00000184786","DYNLT2","protein_coding",11.0967471939608,1.63894465009357,0.382597397621889,4.28373182954396,1.83784410718406e-05,3.67112843574244e-05,"Upregulated"
"ENSG00000248367.3","ENSG00000248367","ENSG00000248367","lncRNA",5.5419306585274,2.604612926028,0.608428309846391,4.28088713801891,1.86149751824814e-05,3.71735180301116e-05,"Upregulated"
"ENSG00000141574.10","ENSG00000141574","SECTM1","protein_coding",106.231820918203,1.24238696579394,0.290300307536894,4.27966121129942,1.87178017592537e-05,3.73582678825375e-05,"Upregulated"
"ENSG00000251562.13","ENSG00000251562","MALAT1","lncRNA",1410.05659682403,1.04241813303944,0.243578312829952,4.27960158245771,1.87228169971674e-05,3.73631319089713e-05,"Upregulated"
"ENSG00000244541.7","ENSG00000244541","LINC01213","lncRNA",6.76710806320614,2.48655130474028,0.581350042248717,4.27720155505978,1.89257434312859e-05,3.77472988998342e-05,"Upregulated"
"ENSG00000278989.1","ENSG00000278989","ENSG00000278989","TEC",9.66297703078965,2.1478610484155,0.503689977109217,4.26425211147247,2.00572877471442e-05,3.99053012124675e-05,"Upregulated"
"ENSG00000198467.18","ENSG00000198467","TPM2","protein_coding",24.1019990118553,1.04086535347395,0.244581886161134,4.25569272447354,2.08402759454684e-05,4.1417619171932e-05,"Upregulated"
"ENSG00000185585.22","ENSG00000185585","OLFML2A","protein_coding",30.3111107105604,2.58002409100972,0.607638624306857,4.24598435287553,2.17635819050463e-05,4.31815209430355e-05,"Upregulated"
"ENSG00000073737.19","ENSG00000073737","DHRS9","protein_coding",8.4160946294987,1.98953307717226,0.4689481907726,4.24254345430882,2.21000731751327e-05,4.38131683247638e-05,"Upregulated"
"ENSG00000262152.9","ENSG00000262152","GREP1","protein_coding",6.98273817831822,4.72993905940346,1.11604443033678,4.23812791931243,2.25391342978137e-05,4.45921002380773e-05,"Upregulated"
"ENSG00000272758.8","ENSG00000272758","WDR5B-DT","lncRNA",19.7988707106929,1.39980721148219,0.330951139989545,4.22964916067796,2.34056046310549e-05,4.62558328532999e-05,"Upregulated"
"ENSG00000259838.1","ENSG00000259838","ELOCP2","unprocessed_pseudogene",19.9549256411886,1.3514779418541,0.319794624677513,4.22608085804117,2.37796574146704e-05,4.69502445849323e-05,"Upregulated"
"ENSG00000151136.15","ENSG00000151136","ABTB3","protein_coding",14.0744479545869,4.731152894599,1.12000131177761,4.22423870833684,2.39749828757838e-05,4.7316553429914e-05,"Upregulated"
"ENSG00000304746.1","ENSG00000304746","ENSG00000304746","lncRNA",9.84561359275979,3.91982032296334,0.933200119293836,4.20040701015932,2.66435581652412e-05,5.22983130069993e-05,"Upregulated"
"ENSG00000253227.3","ENSG00000253227","LINC03148","lncRNA",17.5575492805121,2.33228106264099,0.555504563978673,4.19849127059652,2.68699209491124e-05,5.27354949071692e-05,"Upregulated"
"ENSG00000285793.2","ENSG00000285793","ANAPC1P2","lncRNA",9.65276694812487,1.74187997277887,0.415477436906084,4.19247790144766,2.75923967642574e-05,5.41021531467486e-05,"Upregulated"
"ENSG00000279529.3","ENSG00000279529","ENSG00000279529","lncRNA",11.1050672956822,2.0193486727282,0.481700436865717,4.19212547505149,2.76353069438673e-05,5.41789594467702e-05,"Upregulated"
"ENSG00000019505.9","ENSG00000019505","SYT13","protein_coding",104.733567160213,4.43099800895175,1.05749916433118,4.19007235032111,2.78865522954983e-05,5.46318264318998e-05,"Upregulated"
"ENSG00000279865.1","ENSG00000279865","ENSG00000279865","TEC",30.8604101511462,1.61723872651458,0.386092214167214,4.18873695757607,2.80511312131102e-05,5.49198856444735e-05,"Upregulated"
"ENSG00000304189.1","ENSG00000304189","ENSG00000304189","lncRNA",7.12509367891324,4.72368876947673,1.13580386001765,4.15889480196283,3.19791125994856e-05,6.2165164291314e-05,"Upregulated"
"ENSG00000236901.6","ENSG00000236901","MIR600HG","lncRNA",62.3292578457467,1.0011819457865,0.241365073225008,4.14799843411132,3.35394692626847e-05,6.50587590088109e-05,"Upregulated"
"ENSG00000167772.14","ENSG00000167772","ANGPTL4","protein_coding",15.5784108470163,3.29020024235798,0.794985998052924,4.13868954977361,3.49295222004823e-05,6.7691713791039e-05,"Upregulated"
"ENSG00000261526.4","ENSG00000261526","ENSG00000261526","lncRNA",9.90768654340731,1.81560599795364,0.441250504228962,4.11468311209347,3.87711677170293e-05,7.48364095038876e-05,"Upregulated"
"ENSG00000215788.13","ENSG00000215788","TNFRSF25","protein_coding",36.8268620316237,1.15005936962824,0.281153125522189,4.09050892638032,4.30427643687887e-05,8.2750827969287e-05,"Upregulated"
"ENSG00000269765.2","ENSG00000269765","ENSG00000269765","unprocessed_pseudogene",28.0337517955086,1.06861633154011,0.261572363609018,4.08535640690779,4.40092105899641e-05,8.45303485579536e-05,"Upregulated"
"ENSG00000243725.9","ENSG00000243725","TTC4","protein_coding",12.8279172164486,1.46842176366248,0.360824859282786,4.06962471095054,4.70889283346525e-05,9.02542982972867e-05,"Upregulated"
"ENSG00000133874.4","ENSG00000133874","RNF122","protein_coding",23.3783093331071,1.0288025645644,0.252951340137432,4.06719554838268,4.75823129946098e-05,9.11758402641657e-05,"Upregulated"
"ENSG00000167037.21","ENSG00000167037","SGSM1","protein_coding",11.5426694604687,1.61376081678414,0.397267724901231,4.062149315516,4.86229587127763e-05,9.30960387984613e-05,"Upregulated"
"ENSG00000291073.2","ENSG00000291073","ENSG00000291073","lncRNA",8.68521101457759,2.34255644353312,0.577214878635664,4.05837848301852,4.94146351052202e-05,9.45368834250629e-05,"Upregulated"
"ENSG00000249992.2","ENSG00000249992","TMEM158","protein_coding",6.49867229808325,3.44488354465712,0.850067320990686,4.05248320879149,5.06768621703223e-05,9.69005260024161e-05,"Upregulated"
"ENSG00000227533.8","ENSG00000227533","SLC2A1-DT","lncRNA",24.8232606948457,1.57894223118781,0.38991753633351,4.04942605566037,5.13433971519925e-05,9.81361793097698e-05,"Upregulated"
"ENSG00000139190.18","ENSG00000139190","VAMP1","protein_coding",12.1266091768123,1.63945994144885,0.404957827489835,4.04847080401231,5.1553363575419e-05,9.85115170009194e-05,"Upregulated"
"ENSG00000162148.13","ENSG00000162148","SAXO4","protein_coding",9.13169903785333,1.70696313284207,0.422878976567887,4.03652871726065,5.42478881904103e-05,0.00010334696932502,"Upregulated"
"ENSG00000147168.15","ENSG00000147168","IL2RG","protein_coding",55.9787138938204,1.05725126164164,0.26221466479403,4.03200660982144,5.53026313472288e-05,0.000105231845257883,"Upregulated"
"ENSG00000151835.18","ENSG00000151835","SACS","protein_coding",69.2779086383081,1.0037932904493,0.249646842103309,4.02085314595692,5.79877478127792e-05,0.000110182042913701,"Upregulated"
"ENSG00000146674.18","ENSG00000146674","IGFBP3","protein_coding",51.0869946737082,1.0850712818332,0.271483226269161,3.9968262376454,6.41973879448688e-05,0.000121455423772459,"Upregulated"
"ENSG00000102409.12","ENSG00000102409","BEX4","protein_coding",11.0924359430587,1.61950529222799,0.405281977134761,3.99599632748901,6.44227324208744e-05,0.000121834038658921,"Upregulated"
"ENSG00000299591.1","ENSG00000299591","ITPR3-AS1","lncRNA",19.5767036974522,1.15028606301187,0.287898197946541,3.9954611429192,6.45684472840196e-05,0.000122093676675367,"Upregulated"
"ENSG00000134138.24","ENSG00000134138","MEIS2","protein_coding",23.3722474990742,1.16260584922038,0.291127281526375,3.99346238911329,6.51154113919529e-05,0.000123079762865812,"Upregulated"
"ENSG00000166681.16","ENSG00000166681","BEX3","protein_coding",15.168519159787,1.384316179648,0.347961629017303,3.97835871603865,6.93926256543907e-05,0.000130704176109102,"Upregulated"
"ENSG00000179148.11","ENSG00000179148","ALOXE3","protein_coding",9.68276736505678,1.85233338642969,0.465911406368573,3.97572019295949,7.01665865987976e-05,0.000132058983505166,"Upregulated"
"ENSG00000099617.4","ENSG00000099617","EFNA2","protein_coding",35.3538929931506,1.41855956588579,0.3570785985418,3.9726815655678,7.10680274961378e-05,0.000133651421551262,"Upregulated"
"ENSG00000141505.14","ENSG00000141505","ASGR1","protein_coding",10.8941228863402,1.39044819830118,0.350281741845347,3.96951377190273,7.20194444220217e-05,0.000135317747771806,"Upregulated"
"ENSG00000254966.2","ENSG00000254966","IGSF22-AS1","lncRNA",9.59561753547129,2.29762749703599,0.578991901734146,3.96832406490373,7.23798638541076e-05,0.000135959687229258,"Upregulated"
"ENSG00000213942.3","ENSG00000213942","RPL31P10","processed_pseudogene",14.4152734044458,1.46273985366504,0.369169649734981,3.96224298155364,7.42489184984248e-05,0.000139362171594246,"Upregulated"
"ENSG00000100342.24","ENSG00000100342","APOL1","protein_coding",31.2955876142978,1.14588191686468,0.289311518217814,3.9607200014829,7.47241118655244e-05,0.000140199615374829,"Upregulated"
"ENSG00000105472.16","ENSG00000105472","CLEC11A","protein_coding",8.24862131793062,1.75306046327479,0.44340269157845,3.95365318382292,7.6966949409388e-05,0.000144202331071862,"Upregulated"
"ENSG00000221821.4","ENSG00000221821","PEX39","protein_coding",15.1835437049914,1.34298392661059,0.339735108635051,3.95303250231122,7.71669504221827e-05,0.000144539672420612,"Upregulated"
"ENSG00000205323.11","ENSG00000205323","SARNP","protein_coding",31.0901778339802,1.0040506240525,0.254718434291942,3.94180588791512,8.08704144188183e-05,0.000151222457517099,"Upregulated"
"ENSG00000134873.12","ENSG00000134873","CLDN10","protein_coding",7.82488945479314,1.6001575502773,0.405975816069788,3.94150953563752,8.09704154097085e-05,0.00015137038959204,"Upregulated"
"ENSG00000166446.17","ENSG00000166446","CDYL2","protein_coding",35.7492969412173,1.2124251820589,0.307930132873068,3.93733854737328,8.23903297741426e-05,0.000153905730740767,"Upregulated"
"ENSG00000125508.5","ENSG00000125508","SRMS","protein_coding",6.40485229427019,1.86119729319686,0.473102655654924,3.93402419316454,8.35353696127984e-05,0.000156004455725345,"Upregulated"
"ENSG00000225159.1","ENSG00000225159","NPM1P39","processed_pseudogene",24.8218886132051,1.11186300158604,0.282727602663944,3.93262982145972,8.40215762084081e-05,0.00015689224100145,"Upregulated"
"ENSG00000107984.11","ENSG00000107984","DKK1","protein_coding",13.390217711042,1.50878688318768,0.383775351053037,3.93143248790663,8.44412100871102e-05,0.000157594593249504,"Upregulated"
"ENSG00000303745.1","ENSG00000303745","ENSG00000303745","lncRNA",30.1470654174181,1.64716936271459,0.419225735093267,3.92907501813585,8.527323649625e-05,0.000159045012008192,"Upregulated"
"ENSG00000255198.7","ENSG00000255198","SNHG9","lncRNA",12.0962567699853,1.93191067147478,0.491980459312879,3.92680366649719,8.60821917931323e-05,0.000160491846579966,"Upregulated"
"ENSG00000182324.8","ENSG00000182324","KCNJ14","protein_coding",62.0144744177089,1.00734410899838,0.256560371183628,3.92634335673529,8.62470150848688e-05,0.000160778459301508,"Upregulated"
"ENSG00000289609.3","ENSG00000289609","ENSG00000289609","lncRNA",8.05649120409729,2.69495578586829,0.686985552184343,3.92287112487212,8.74999612868073e-05,0.000163051232990666,"Upregulated"
"ENSG00000066735.18","ENSG00000066735","KIF26A","protein_coding",241.739569458498,1.75797714212939,0.448166591102706,3.92259748278852,8.75994319491891e-05,0.000163215603986584,"Upregulated"
"ENSG00000100097.14","ENSG00000100097","LGALS1","protein_coding",33.4549657340343,1.25469859083498,0.320330434023616,3.91688849253229,8.96992129605542e-05,0.000166928010225269,"Upregulated"
"ENSG00000277075.4","ENSG00000277075","H2AC8","protein_coding",11.7905425845362,2.2253831190552,0.570000566497851,3.90417703043386,9.45465574239182e-05,0.000175437734979183,"Upregulated"
"ENSG00000187288.14","ENSG00000187288","CIDEC","protein_coding",11.3447700895067,2.06233699616682,0.528945585387811,3.898958707926,9.66072458940951e-05,0.000179009360375556,"Upregulated"
"ENSG00000151687.16","ENSG00000151687","ANKAR","protein_coding",24.7300847247991,1.00850017476067,0.258861337624872,3.89590884453413,9.78311810505691e-05,0.000181115160422183,"Upregulated"
"ENSG00000159899.18","ENSG00000159899","NPR2","protein_coding",15.9607198799865,1.43870457927129,0.369917475920136,3.88925820736814,0.000100551092758098,0.000185984229259777,"Upregulated"
"ENSG00000204060.8","ENSG00000204060","FOXO6","protein_coding",19.7897106733833,3.5579153310521,0.916067770465211,3.88389969144452,0.000102794329717601,0.000189939490790192,"Upregulated"
"ENSG00000100359.23","ENSG00000100359","SGSM3","protein_coding",6.00917000316087,1.97856206562047,0.510618612434941,3.87483342251368,0.000106697661211055,0.000196750541579159,"Upregulated"
"ENSG00000115844.12","ENSG00000115844","DLX2","protein_coding",11.1196994362467,2.0269033107037,0.524692354422599,3.86303191502422,0.000111988370222205,0.000206008563247042,"Upregulated"
"ENSG00000007516.17","ENSG00000007516","BAIAP3","protein_coding",33.7869526373949,1.63980033856233,0.425206426948763,3.85648060479558,0.000115031220450636,0.000211364580546548,"Upregulated"
"ENSG00000164898.14","ENSG00000164898","FMC1","protein_coding",14.6004075344165,1.31595068990428,0.342147263251794,3.84615290327733,0.000119986902383635,0.000220191235829257,"Upregulated"
"ENSG00000144908.16","ENSG00000144908","ALDH1L1","protein_coding",5.60397421674066,1.91511486723105,0.498552341779908,3.84135166308475,0.000122358670238356,0.000224231392146466,"Upregulated"
"ENSG00000136114.19","ENSG00000136114","THSD1","protein_coding",7.26537207257079,2.70395654980351,0.706892686133529,3.8251301829041,0.000130703001123079,0.000238798271845142,"Upregulated"
"ENSG00000290775.2","ENSG00000290775","ENSG00000290775","lncRNA",10.4993151980189,1.3350625800796,0.350205221385203,3.81222922604891,0.000137719064265778,0.000251047129476685,"Upregulated"
"ENSG00000171759.12","ENSG00000171759","PAH","protein_coding",23.4613749755151,1.45610637304191,0.381956610587132,3.81222979961945,0.000137718744592994,0.000251047129476685,"Upregulated"
"ENSG00000105639.22","ENSG00000105639","JAK3","protein_coding",10.302113865314,1.61627724177766,0.424507600654465,3.807416496868,0.000140426132378438,0.000255756630693517,"Upregulated"
"ENSG00000165507.11","ENSG00000165507","DEPP1","protein_coding",6.88486499338381,2.06319175681333,0.541892018313615,3.8073853961423,0.000140443787821002,0.000255756644018845,"Upregulated"
"ENSG00000060566.16","ENSG00000060566","CREB3L3","protein_coding",16.1351210886916,4.30751090145868,1.13241943630148,3.80381223014607,0.000142486200861772,0.000259378221691847,"Upregulated"
"ENSG00000102575.16","ENSG00000102575","ACP5","protein_coding",7.67129320492242,4.12540984374758,1.08494747015143,3.80240514609594,0.000143298137237957,0.000260725248569048,"Upregulated"
"ENSG00000171903.19","ENSG00000171903","CYP4F11","protein_coding",7.26611509729583,1.62468873148311,0.427631858557171,3.79926962636696,0.000145123140837515,0.000263847015056739,"Upregulated"
"ENSG00000178977.5","ENSG00000178977","LINC00324","lncRNA",5.66737809413676,2.27433517074301,0.599570568983504,3.79327353342053,0.000148674225675311,0.000270133761094109,"Upregulated"
"ENSG00000301056.1","ENSG00000301056","ENSG00000301056","lncRNA",45.7960416379888,1.2726929795661,0.335512669948457,3.79327844686645,0.000148671282561706,0.000270133761094109,"Upregulated"
"ENSG00000175106.17","ENSG00000175106","TVP23C","protein_coding",17.3198584267867,1.03685917352833,0.274045591912018,3.78352801186897,0.000154620913566712,0.000280586811846831,"Upregulated"
"ENSG00000182985.21","ENSG00000182985","CADM1","protein_coding",42.0133774805294,1.32242387172445,0.349760555127193,3.78094056730767,0.000156236972228403,0.000283306581773525,"Upregulated"
"ENSG00000272808.5","ENSG00000272808","GCAWKR","lncRNA",6.87229116119723,2.25303146910929,0.596313216652339,3.77826854443652,0.00015792253314129,0.000286219778674784,"Upregulated"
"ENSG00000225674.1","ENSG00000225674","IPO7P2","processed_pseudogene",18.7497077593707,1.25016026174791,0.33092124435034,3.77781808539434,0.000158208371236662,0.00028666613102797,"Upregulated"
"ENSG00000267270.9","ENSG00000267270","PARD6G-AS1","lncRNA",8.34377810265117,1.68042302448432,0.445264659097084,3.77398697640167,0.000160659151351506,0.000291034052673254,"Upregulated"
"ENSG00000224520.2","ENSG00000224520","KRT8P45","processed_pseudogene",17.8025155767262,1.42928884781306,0.37902895436211,3.77092259407594,0.00016264512157848,0.000294521192292307,"Upregulated"
"ENSG00000162733.21","ENSG00000162733","DDR2","protein_coding",7.91103753830597,2.03408667784149,0.540094810583636,3.76616593602043,0.000165773637563625,0.000299849170690471,"Upregulated"
"ENSG00000235674.2","ENSG00000235674","LDHAP2","processed_pseudogene",17.1238505923305,1.14370126655096,0.304005458133716,3.76210767257971,0.00016848747912242,0.0003045678617241,"Upregulated"
"ENSG00000267156.1","ENSG00000267156","TPMTP1","processed_pseudogene",13.3087007877219,1.22072833531479,0.325932882995381,3.74533653706887,0.000180152116266067,0.000324479799767319,"Upregulated"
"ENSG00000147065.20","ENSG00000147065","MSN","protein_coding",8.98287333030324,1.47849153280432,0.394930508725276,3.74367515332375,0.000181348082291229,0.000326552734662585,"Upregulated"
"ENSG00000233008.9","ENSG00000233008","LINC01725","lncRNA",7.18913189119861,1.74550968541263,0.468003736958974,3.72969176860579,0.000191714149569399,0.000344107190433457,"Upregulated"
"ENSG00000267073.2","ENSG00000267073","ENSG00000267073","lncRNA",10.1487128028035,1.35645669371519,0.364285161118493,3.72361226449729,0.000196392470542636,0.000352111800458231,"Upregulated"
"ENSG00000295821.1","ENSG00000295821","ENSG00000295821","lncRNA",9.40830348302914,1.56078301290181,0.419280789499578,3.7225245038406,0.000197240759969111,0.000353501495606277,"Upregulated"
"ENSG00000105499.16","ENSG00000105499","PLA2G4C","protein_coding",13.3962266163932,1.28482252781298,0.345909501586285,3.71433141304589,0.000203741641407383,0.000364701564633869,"Upregulated"
"ENSG00000210195.2","ENSG00000210195","MT-TT","Mt_tRNA",13.0744089305056,1.39140496590672,0.375779433189916,3.70271718730149,0.000213302619803359,0.000381203794079452,"Upregulated"
"ENSG00000178301.6","ENSG00000178301","AQP11","protein_coding",25.4163249729252,1.03475928755078,0.279488191164214,3.70233634287184,0.000213623158417702,0.000381729569887712,"Upregulated"
"ENSG00000243927.8","ENSG00000243927","MRPS6","protein_coding",11.0189956143159,2.18345980078935,0.590797005043841,3.69578684751004,0.000219206828355469,0.000391176623140926,"Upregulated"
"ENSG00000291150.2","ENSG00000291150","LSP1P5","lncRNA",9.32307937364443,1.68865323541761,0.457210918944756,3.69337906302637,0.000221293775702329,0.000394706387381926,"Upregulated"
"ENSG00000196154.14","ENSG00000196154","S100A4","protein_coding",286.679536257782,1.63673159102756,0.443510560087157,3.69040049622701,0.000223901259691888,0.000399111568936636,"Upregulated"
"ENSG00000140968.14","ENSG00000140968","IRF8","protein_coding",406.296542202711,1.254996137168,0.340501619097185,3.68572737038822,0.000228050377756629,0.000406107898064521,"Upregulated"
"ENSG00000305069.1","ENSG00000305069","ENSG00000305069","lncRNA",6.96040307974792,1.86381126533502,0.507259263013205,3.67427743805735,0.000238523449958438,0.000424080706268885,"Upregulated"
"ENSG00000303699.1","ENSG00000303699","ENSG00000303699","lncRNA",7.12064638695349,1.58403555582519,0.432174711888593,3.66526664390657,0.000247081016747018,0.000438649772718092,"Upregulated"
"ENSG00000196220.18","ENSG00000196220","SRGAP3","protein_coding",13.2303768472402,1.73845775574341,0.474796332875723,3.66148100852844,0.000250761452615592,0.000444965712171564,"Upregulated"
"ENSG00000142046.17","ENSG00000142046","TMEM91","protein_coding",7.39694069881685,1.80189776523991,0.492942296852652,3.65539288623579,0.000256788410044021,0.000455103049817532,"Upregulated"
"ENSG00000308813.1","ENSG00000308813","ENSG00000308813","lncRNA",8.19551491407787,2.33785220902295,0.639822132781851,3.6539095621127,0.000258277273238897,0.000457629813397492,"Upregulated"
"ENSG00000198218.14","ENSG00000198218","QRICH1","protein_coding",7.77455555380288,1.66524439391158,0.455980642243468,3.65200677317884,0.000260199020436725,0.000460922161614597,"Upregulated"
"ENSG00000095932.8","ENSG00000095932","SMIM24","protein_coding",56.5766233135074,1.0655490701395,0.291863043723165,3.6508530047065,0.000261370805183201,0.0004628847254937,"Upregulated"
"ENSG00000215126.14","ENSG00000215126","ZNG1F","protein_coding",16.8198452434438,1.22211477628703,0.334794742074147,3.65034041071162,0.000261892989174201,0.000463681503691637,"Upregulated"
"ENSG00000281026.1","ENSG00000281026","N4BP2L2-IT2","lncRNA",14.9361438324234,1.2269002074398,0.336107837671802,3.65031715992839,0.000261916698124464,0.000463681503691637,"Upregulated"
"ENSG00000181016.11","ENSG00000181016","LSMEM1","protein_coding",7.83676461506498,1.55880504774219,0.427795780655133,3.64380650354947,0.000268635406482118,0.00047508960772453,"Upregulated"
"ENSG00000125845.9","ENSG00000125845","BMP2","protein_coding",75.8718202004535,1.04057655654065,0.285572994374387,3.64381988857268,0.000268621429483344,0.00047508960772453,"Upregulated"
"ENSG00000305512.1","ENSG00000305512","ENSG00000305512","lncRNA",28.5568647535895,1.14702993483165,0.315143485934014,3.63970694628866,0.000272948500319106,0.000482327724256126,"Upregulated"
"ENSG00000280355.1","ENSG00000280355","ENSG00000280355","TEC",17.577092427967,1.2082236313114,0.332827460511105,3.63018012232525,0.000283223505419581,0.000499814301088719,"Upregulated"
"ENSG00000136383.9","ENSG00000136383","ALPK3","protein_coding",30.2959301902,1.25452654832257,0.345693023562573,3.62901899319206,0.000284500310667279,0.000501823089361027,"Upregulated"
"ENSG00000070831.20","ENSG00000070831","CDC42","protein_coding",11.6176130066594,1.45672766982193,0.401618427777491,3.62714350007116,0.000286574044083598,0.000505357878663848,"Upregulated"
"ENSG00000188886.6","ENSG00000188886","ASTL","protein_coding",5.38856694614711,2.20336986172985,0.60756213229185,3.62657536508783,0.000287205020479973,0.000506408949604059,"Upregulated"
"ENSG00000291156.2","ENSG00000291156","ENSG00000291156","lncRNA",10.9402361763985,1.27046310177149,0.350556440368927,3.62413282276158,0.000289932588087067,0.000510845357636204,"Upregulated"
"ENSG00000095752.7","ENSG00000095752","IL11","protein_coding",12.4908805458579,1.62915012253735,0.450104616902431,3.61949213884758,0.000295181777815836,0.000519588767655422,"Upregulated"
"ENSG00000239713.11","ENSG00000239713","APOBEC3G","protein_coding",5.09978345345274,1.86012426591979,0.513988137394461,3.6190023282429,0.000295740978029967,0.000520446661033428,"Upregulated"
"ENSG00000110375.4","ENSG00000110375","UPK2","protein_coding",8.11057462379279,4.18819507676463,1.15739919368687,3.61862622646491,0.000296171034017396,0.000521076924241847,"Upregulated"
"ENSG00000233947.1","ENSG00000233947","ASS1P3","processed_pseudogene",14.4525606224475,1.861137262504,0.515166857968475,3.61268826539671,0.000303038937042079,0.000532513674744006,"Upregulated"
"ENSG00000165194.17","ENSG00000165194","PCDH19","protein_coding",12.0305023892905,4.22364379781363,1.16956609344555,3.61129124850973,0.000304676270653481,0.000535196183552757,"Upregulated"
"ENSG00000243759.1","ENSG00000243759","ST13P15","processed_pseudogene",35.8339825086429,1.01908352968043,0.282318736064505,3.60969145684891,0.000306561434455412,0.000538395488492355,"Upregulated"
"ENSG00000127578.7","ENSG00000127578","WFIKKN1","protein_coding",19.3153522144219,1.54753314913972,0.429038709720713,3.60697791149686,0.000309784020141844,0.000543509687638693,"Upregulated"
"ENSG00000267751.7","ENSG00000267751","BSG-AS1","lncRNA",22.0322868192312,1.12974908806021,0.313215691133297,3.60693643403523,0.000309833523677301,0.000543530737820052,"Upregulated"
"ENSG00000183578.9","ENSG00000183578","TNFAIP8L3","protein_coding",11.3395795731235,1.34324810027934,0.372638093604367,3.60469883067155,0.000312515117686959,0.000547969641321162,"Upregulated"
"ENSG00000259216.2","ENSG00000259216","ENSG00000259216","processed_pseudogene",16.984409031172,1.18514278492188,0.3306772225335,3.58398675252518,0.000338389255474153,0.000591762651180333,"Upregulated"
"ENSG00000185275.6","ENSG00000185275","CD24P4","processed_pseudogene",29.7153265089441,1.58353663680803,0.442354321899931,3.57979239358773,0.000343867291534445,0.000600617667701238,"Upregulated"
"ENSG00000257331.1","ENSG00000257331","RACGAP1P1","processed_pseudogene",16.1524680496979,1.25026676022382,0.349795361626254,3.57428055766987,0.000351192207248975,0.000612747106603919,"Upregulated"
"ENSG00000196369.14","ENSG00000196369","SRGAP2B","protein_coding",12.8611965285169,1.23323515745885,0.346624351167267,3.55784339243882,0.000373912120181366,0.000650664558797834,"Upregulated"
"ENSG00000303133.1","ENSG00000303133","ENSG00000303133","lncRNA",5.95962321820127,2.90636189344558,0.820373843908779,3.54272861698984,0.000396010002928456,0.000687302630232238,"Upregulated"
"ENSG00000215244.5","ENSG00000215244","LINC02649","lncRNA",9.46204184088406,1.84792638067747,0.522052765284319,3.53973104552193,0.000400534997322186,0.000694823220157185,"Upregulated"
"ENSG00000280138.1","ENSG00000280138","ENSG00000280138","TEC",12.6659254830555,1.2016139094399,0.340075421268118,3.53337475833791,0.000410290431824154,0.000710939950304527,"Upregulated"
"ENSG00000239779.9","ENSG00000239779","WBP1","protein_coding",30.9440057816942,1.02964894056191,0.291671968294107,3.53016077130754,0.000415307216994077,0.000718986045714749,"Upregulated"
"ENSG00000176928.9","ENSG00000176928","GCNT4","protein_coding",7.51463839795645,2.3442262270895,0.667312259379756,3.51293745040498,0.000443181795351631,0.00076450310418234,"Upregulated"
"ENSG00000308809.1","ENSG00000308809","ENSG00000308809","lncRNA",10.3489577571405,1.57495141035281,0.44895601207547,3.50803055976909,0.000451437189153672,0.000777940701240006,"Upregulated"
"ENSG00000177679.17","ENSG00000177679","SRRM3","protein_coding",16.4500818519019,1.28614726178326,0.367880763455583,3.49609816425899,0.000472114983085922,0.000811612139369061,"Upregulated"
"ENSG00000267219.2","ENSG00000267219","ENSG00000267219","lncRNA",7.55822789157462,1.69011326929359,0.483697008259572,3.49415696279562,0.00047556132873357,0.000817149013043266,"Upregulated"
"ENSG00000274204.1","ENSG00000274204","ENSG00000274204","lncRNA",7.53952390865572,1.88540996112513,0.540934275073657,3.48546958106583,0.000491274076450345,0.000843547857336304,"Upregulated"
"ENSG00000111348.11","ENSG00000111348","ARHGDIB","protein_coding",57.3925120094905,1.25868792296037,0.361610618627847,3.48078252717394,0.000499951240724425,0.000858026673266311,"Upregulated"
"ENSG00000228218.1","ENSG00000228218","ATF4P3","processed_pseudogene",12.9035099344939,1.24845078970943,0.359321954631806,3.4744628699037,0.000511877200859068,0.00087746917374611,"Upregulated"
"ENSG00000260285.1","ENSG00000260285","TRMT61A-DT","lncRNA",8.64039927631669,1.50823947413409,0.434793881457269,3.46886085213304,0.000522670086595214,0.000894594885430239,"Upregulated"
"ENSG00000184368.18","ENSG00000184368","MAP7D2","protein_coding",8.58587442856364,1.65743531873296,0.478834851714273,3.46139240449852,0.000537388883773386,0.00091870233616184,"Upregulated"
"ENSG00000108576.12","ENSG00000108576","SLC6A4","protein_coding",42.2074170072391,1.3738297062947,0.396908077602238,3.46132967258853,0.000537514135316221,0.000918808073720532,"Upregulated"
"ENSG00000215784.8","ENSG00000215784","FAM72D","protein_coding",13.0175735285479,1.41791388589388,0.409741212699666,3.46051078570217,0.00053915163500793,0.000921498466155787,"Upregulated"
"ENSG00000279443.1","ENSG00000279443","ENSG00000279443","TEC",9.48685647188219,2.01722979421089,0.583988037730758,3.4542313607131,0.000551863718121778,0.000942447443203017,"Upregulated"
"ENSG00000125971.20","ENSG00000125971","DYNLRB1","protein_coding",16.8425345085974,1.09978354857622,0.318455565681362,3.45349137240903,0.000553380004400743,0.00094470291244853,"Upregulated"
"ENSG00000254759.1","ENSG00000254759","NAP1L1P1","processed_pseudogene",46.7029212084072,1.00142251995398,0.29070965673187,3.44475147888748,0.000571584659002803,0.000974632883664975,"Upregulated"
"ENSG00000197208.8","ENSG00000197208","SLC22A4","protein_coding",15.1141520097921,1.42837457790643,0.415933882086321,3.43413854803488,0.00059444027582281,0.00101098796822253,"Upregulated"
"ENSG00000299510.1","ENSG00000299510","ENSG00000299510","lncRNA",9.53546295459225,2.8616396441218,0.834493348480607,3.42919407246576,0.000605376482280452,0.00102850128736323,"Upregulated"
"ENSG00000242173.12","ENSG00000242173","ARHGDIG","protein_coding",8.48721420107549,1.49884028329678,0.438717192720063,3.41641565037357,0.000634513173444233,0.00107611058040419,"Upregulated"
"ENSG00000231742.7","ENSG00000231742","LINC01273","lncRNA",7.87747233597141,1.61101493440196,0.471770221543375,3.41482963704576,0.000638219160180133,0.00108226913987017,"Upregulated"
"ENSG00000162383.13","ENSG00000162383","SLC1A7","protein_coding",12.2419704109469,2.35940850729915,0.691279340585127,3.41310432523855,0.000642273499585662,0.00108863480187081,"Upregulated"
"ENSG00000188610.14","ENSG00000188610","FAM72B","protein_coding",10.3304108154664,1.24781355096663,0.365949934052547,3.40979307510261,0.000650121850789395,0.00110167982479419,"Upregulated"
"ENSG00000214533.3","ENSG00000214533","KRT18P33","processed_pseudogene",9.56425616488925,1.59946986260022,0.471642422767405,3.39127649547549,0.000695678789547632,0.00117612891018715,"Upregulated"
"ENSG00000143226.18","ENSG00000143226","FCGR2A","protein_coding",13.1551996767827,1.28262943154524,0.37825665053651,3.3908972379626,0.000696642166093139,0.0011776202345762,"Upregulated"
"ENSG00000107551.23","ENSG00000107551","RASSF4","protein_coding",12.2557413195239,1.13761685108629,0.336718400282056,3.3785407929396,0.000728716201265866,0.00122840004521867,"Upregulated"
"ENSG00000230183.4","ENSG00000230183","CNOT6LP1","processed_pseudogene",14.0857509428557,1.28922329876174,0.383789964986695,3.3591897036871,0.000781713851297625,0.00131330826953457,"Upregulated"
"ENSG00000234975.6","ENSG00000234975","FTH1P2","processed_pseudogene",13.3046464856529,1.67308583043656,0.499066616152165,3.35242986865393,0.000801055336659694,0.00134377751347057,"Upregulated"
"ENSG00000246889.4","ENSG00000246889","CTTN-DT","lncRNA",11.6212517634775,1.39359436349816,0.415925258185927,3.3505884436458,0.000806400533084148,0.00135227453430404,"Upregulated"
"ENSG00000235453.14","ENSG00000235453","SMIM27","protein_coding",12.6103454839159,1.21661927394321,0.363136703438268,3.35030654413052,0.000807221732056844,0.0013534950064755,"Upregulated"
"ENSG00000110934.15","ENSG00000110934","BIN2","protein_coding",24.0538163929726,1.19698101577558,0.35739761085412,3.34915785507071,0.000810575997920477,0.00135880478448393,"Upregulated"
"ENSG00000182379.11","ENSG00000182379","NXPH4","protein_coding",112.321515840216,1.10299532945099,0.330108397505825,3.34131254395467,0.000833833013538678,0.00139488722523404,"Upregulated"
"ENSG00000243081.3","ENSG00000243081","ENSG00000243081","lncRNA",6.64242679085178,1.66643558119043,0.499219444453354,3.33808227965796,0.000843587651879365,0.00141039135337284,"Upregulated"
"ENSG00000107736.24","ENSG00000107736","CDH23","protein_coding",6.62743902451404,3.72670790025725,1.12050484370411,3.3259185992786,0.000881276612599021,0.00147001158722203,"Upregulated"
"ENSG00000249602.1","ENSG00000249602","ENSG00000249602","lncRNA",8.30197293962399,1.47408257930285,0.445018099576261,3.31241039568154,0.000924957505647394,0.00153968345644866,"Upregulated"
"ENSG00000236493.2","ENSG00000236493","EIF2S2P3","processed_pseudogene",12.2692765749719,1.2789158138189,0.386941850178598,3.30518865619885,0.000949124896575698,0.00157755683004645,"Upregulated"
"ENSG00000269906.1","ENSG00000269906","ENSG00000269906","lncRNA",5.92008240140738,1.55540414819129,0.471021577227449,3.30219298518506,0.00095932042633448,0.00159395455382244,"Upregulated"
"ENSG00000198121.17","ENSG00000198121","LPAR1","protein_coding",6.4767026932051,1.62751254478238,0.493046279538471,3.30093261489744,0.000963640237446268,0.00160076505285091,"Upregulated"
"ENSG00000167779.11","ENSG00000167779","IGFBP6","protein_coding",5.9789997082256,1.55363544325934,0.470676632677142,3.30085526962,0.000963905917569376,0.00160102287191007,"Upregulated"
"ENSG00000240882.1","ENSG00000240882","PTOV1P1","processed_pseudogene",8.31887785304166,1.66767082273587,0.506564080374857,3.29212213685146,0.000994344183121651,0.0016483683255318,"Upregulated"
"ENSG00000251571.1","ENSG00000251571","DDX3P3","processed_pseudogene",18.0106032227625,1.14470374159142,0.349842116481256,3.27205813040738,0.00106767621373883,0.0017650882602673,"Upregulated"
"ENSG00000249863.2","ENSG00000249863","ENSG00000249863","processed_pseudogene",13.4030002875851,1.27616179017211,0.391453569183493,3.26005915039674,0.0011138898098997,0.00183813381064296,"Upregulated"
"ENSG00000150201.17","ENSG00000150201","FXYD4","protein_coding",14.6454669169732,1.38933855750277,0.42752025535173,3.24976077767294,0.00115502124944627,0.00190275866170005,"Upregulated"
"ENSG00000223478.3","ENSG00000223478","ZDHHC12-DT","lncRNA",13.0164757748543,1.26509672126926,0.390018118932642,3.24368704903103,0.00117993308957145,0.00194114999819156,"Upregulated"
"ENSG00000231663.4","ENSG00000231663","COA6-AS1","lncRNA",5.39068077825523,1.6533488265595,0.51146545321234,3.23257185050404,0.00122681280133171,0.00201278966567408,"Upregulated"
"ENSG00000262585.2","ENSG00000262585","LINC01979","lncRNA",26.2056335723961,1.89017326442564,0.586051538032972,3.22526798712931,0.00125854799877417,0.00206205512699098,"Upregulated"
"ENSG00000186897.7","ENSG00000186897","C1QL4","protein_coding",6.00044718148006,1.49016853676798,0.463143176826866,3.21751158459805,0.00129307804989518,0.0021162379558533,"Upregulated"
"ENSG00000223529.1","ENSG00000223529","EEF1A1P8","processed_pseudogene",18.4073070262692,1.10195583146977,0.34267538389537,3.21574260439505,0.00130107470575326,0.00212836376970044,"Upregulated"
"ENSG00000250988.9","ENSG00000250988","SNHG21","lncRNA",17.0886696126852,1.01776319476964,0.316583668943771,3.21483163728956,0.00130521050303956,0.00213416570123539,"Upregulated"
"ENSG00000107796.16","ENSG00000107796","ACTA2","protein_coding",9.51317580748405,1.5402822533351,0.480056023741636,3.20854687194607,0.00133407561963128,0.00217767784182209,"Upregulated"
"ENSG00000270442.1","ENSG00000270442","ENSG00000270442","processed_pseudogene",17.2859472715234,1.0221199569006,0.319784590209101,3.19627645669936,0.00139213654261577,0.00226658159483066,"Upregulated"
"ENSG00000185745.11","ENSG00000185745","IFIT1","protein_coding",13.648262851834,3.8044377178538,1.19044939555842,3.19579961319499,0.00139443920849168,0.00226956570187123,"Upregulated"
"ENSG00000157303.13","ENSG00000157303","SUSD3","protein_coding",57.9615613142739,1.94163466472667,0.607930071869959,3.19384540191326,0.00140391278629279,0.00228370233460042,"Upregulated"
"ENSG00000270441.1","ENSG00000270441","LAMB2P1","unprocessed_pseudogene",11.4380439919738,1.76988176756613,0.555363754990586,3.18688742587483,0.00143812737579502,0.00233621140343252,"Upregulated"
"ENSG00000128596.19","ENSG00000128596","CCDC136","protein_coding",8.205968022611,1.56415191038913,0.491266202693056,3.18391923119209,0.00145295547563381,0.00235924154093951,"Upregulated"
"ENSG00000147036.13","ENSG00000147036","LANCL3","protein_coding",10.7396018767936,1.33928657052679,0.420657306900672,3.18379485761086,0.00145357986919766,0.0023599909774157,"Upregulated"
"ENSG00000161638.13","ENSG00000161638","ITGA5","protein_coding",46.0741203122705,1.07982047220065,0.339571017652394,3.17995475487258,0.00147298048896476,0.00239015040265113,"Upregulated"
"ENSG00000287431.2","ENSG00000287431","RENO1","lncRNA",13.356430365746,1.09045331058212,0.34330675390256,3.17632350131864,0.00149154520307089,0.00241729737004063,"Upregulated"
"ENSG00000294531.1","ENSG00000294531","ENSG00000294531","lncRNA",9.96186425976726,1.23948018809301,0.390881631364511,3.17098601887781,0.00151922454941578,0.00245940596181115,"Upregulated"
"ENSG00000224660.2","ENSG00000224660","SH3BP5-AS1","lncRNA",14.7647813685895,1.13565891308009,0.358381738198485,3.16885262845373,0.00153041973520474,0.00247669936377298,"Upregulated"
"ENSG00000279415.1","ENSG00000279415","ENSG00000279415","TEC",17.282978108912,1.05257175363688,0.333043858949852,3.16045987743426,0.0015752029833592,0.00254490988125323,"Upregulated"
"ENSG00000291124.2","ENSG00000291124","ENSG00000291124","lncRNA",6.96615321230417,1.52650556405019,0.483800098878102,3.15524028951224,0.00160365969357915,0.00258944136817259,"Upregulated"
"ENSG00000130508.13","ENSG00000130508","PXDN","protein_coding",23.3783656414749,2.46105132376894,0.783234075300945,3.14216579867688,0.00167703042161952,0.00270279413591082,"Upregulated"
"ENSG00000300700.1","ENSG00000300700","ENSG00000300700","lncRNA",19.2295755280199,1.01841148224905,0.324320002793845,3.14014391180307,0.00168864858515753,0.00272121597866151,"Upregulated"
"ENSG00000259612.1","ENSG00000259612","EEF1A1P22","processed_pseudogene",15.3026113446383,1.06198122359364,0.338586787368656,3.13651111978372,0.00170970953269694,0.00275301228309378,"Upregulated"
"ENSG00000228857.4","ENSG00000228857","ACTR3-AS1","lncRNA",12.6370416061151,1.24550026581733,0.39775522365555,3.13132346665524,0.00174020373025373,0.00279900471241255,"Upregulated"
"ENSG00000224668.1","ENSG00000224668","IPO8P1","processed_pseudogene",11.7098736103297,1.12842903063523,0.360501423997044,3.13016525184235,0.00174707991642122,0.00280850606198296,"Upregulated"
"ENSG00000204758.9","ENSG00000204758","RPL26L1-AS1","lncRNA",5.48591790358113,1.61303552187878,0.516642083523203,3.12215278879104,0.00179533737964888,0.00288256473585991,"Upregulated"
"ENSG00000181856.17","ENSG00000181856","SLC2A4","protein_coding",9.95044450961421,1.24794428394395,0.400003956526927,3.11982985063284,0.00180955533055523,0.00290249871061498,"Upregulated"
"ENSG00000241224.10","ENSG00000241224","C3orf85","protein_coding",35.3676161912899,1.07358923346615,0.344316172150121,3.11803313437762,0.00182062334059466,0.00291895933752603,"Upregulated"
"ENSG00000197405.9","ENSG00000197405","C5AR1","protein_coding",11.8554257264789,2.40879452990879,0.773214213634543,3.11530037528164,0.00183757681112765,0.00294516292267883,"Upregulated"
"ENSG00000234899.12","ENSG00000234899","SOX9-AS1","lncRNA",11.7586028472335,1.17768391050053,0.378817742102043,3.10884042538666,0.00187823130990369,0.00300732826683507,"Upregulated"
"ENSG00000213928.12","ENSG00000213928","IRF9","protein_coding",7.40195442812893,1.47041760343592,0.473005903896286,3.10866649089085,0.00187933726952536,0.00300876664935501,"Upregulated"
"ENSG00000257316.1","ENSG00000257316","ASS1P14","processed_pseudogene",10.1885239577355,2.22229774883941,0.715415233285356,3.10630476602252,0.00189441358048163,0.00303122906131608,"Upregulated"
"ENSG00000213754.2","ENSG00000213754","KPNA4P1","processed_pseudogene",8.92592786447793,1.26513509507398,0.408267302783307,3.09879112642402,0.00194311958503228,0.00310470661811332,"Upregulated"
"ENSG00000130208.12","ENSG00000130208","APOC1","protein_coding",8.67663058556971,1.46924661238509,0.474867040786828,3.09401682195216,0.00197466289748193,0.00315197871024432,"Upregulated"
"ENSG00000279133.1","ENSG00000279133","ENSG00000279133","TEC",7.85137978807048,1.59247881937697,0.514940482701989,3.09254928068763,0.00198445281536531,0.00316690785158838,"Upregulated"
"ENSG00000169213.9","ENSG00000169213","RAB3B","protein_coding",91.5697878724027,3.38043912797138,1.09371561817369,3.09078436094394,0.00199628553317063,0.00318473909585082,"Upregulated"
"ENSG00000196358.14","ENSG00000196358","NTNG2","protein_coding",8.95132816331668,3.7444538099467,1.21414700459879,3.08402013575286,0.00204223772709996,0.0032541076570789,"Upregulated"
"ENSG00000165828.17","ENSG00000165828","PRAP1","protein_coding",12.8884999528982,1.44205024974044,0.471650106191139,3.0574577018245,0.00223223142883062,0.00354398530528191,"Upregulated"
"ENSG00000168970.22","ENSG00000168970","JMJD7-PLA2G4B","protein_coding",17.8608992530007,1.29463998832755,0.425846568370361,3.04015597280002,0.00236455659355916,0.003745453509002,"Upregulated"
"ENSG00000166313.22","ENSG00000166313","APBB1","protein_coding",14.3591810665446,1.46346717891526,0.481667242395966,3.03833653215756,0.00237888129306423,0.00376732025998108,"Upregulated"
"ENSG00000293413.2","ENSG00000293413","ENSG00000293413","lncRNA",14.5338619485916,1.29734430837106,0.427191125268704,3.03691774391387,0.00239010668623434,0.00378344359332693,"Upregulated"
"ENSG00000167550.13","ENSG00000167550","RHEBL1","protein_coding",12.1702831743264,1.21853707762454,0.401988826662956,3.03127101253044,0.00243526558445348,0.00384736387767358,"Upregulated"
"ENSG00000278662.7","ENSG00000278662","GOLGA6L10","protein_coding",11.0335785340948,1.03214130614916,0.340673260562039,3.02971035779664,0.00244788369711837,0.00386519182159941,"Upregulated"
"ENSG00000134321.14","ENSG00000134321","RSAD2","protein_coding",5.59898250336852,3.52387996632273,1.1719351633324,3.00688986607636,0.00263935367174024,0.00415168928805595,"Upregulated"
"ENSG00000235489.4","ENSG00000235489","DBF4P1","processed_pseudogene",11.7531013573221,1.19495867878004,0.397806012355037,3.00387284673203,0.00266566705807873,0.00419217004944948,"Upregulated"
"ENSG00000213530.3","ENSG00000213530","MTHFD2P5","processed_pseudogene",12.6406988211519,1.12390208284296,0.374698100319416,2.99948700536479,0.00270434659267703,0.00425115422725627,"Upregulated"
"ENSG00000197536.12","ENSG00000197536","CARINH","lncRNA",13.3091249469472,1.00887465418129,0.336741652089354,2.99599009484454,0.00273555319415718,0.00429881120036065,"Upregulated"
"ENSG00000274290.3","ENSG00000274290","H2BC6","protein_coding",9.0672744164697,1.96651608093688,0.658244393153077,2.98751664486956,0.00281253979110849,0.00441261520545028,"Upregulated"
"ENSG00000233175.3","ENSG00000233175","FMNL1-AS1","lncRNA",6.97292629828795,1.27456931288143,0.426802846786113,2.98631867729824,0.00282358230003979,0.00442754324736817,"Upregulated"
"ENSG00000305635.1","ENSG00000305635","ENSG00000305635","lncRNA",15.4506034852943,1.58234148770833,0.532513132066656,2.97146003060497,0.00296387450554147,0.00463299205418045,"Upregulated"
"ENSG00000197181.14","ENSG00000197181","PIWIL2","protein_coding",9.07705997561644,1.26485098948555,0.4270473178342,2.96185208679059,0.00305794647137184,0.00477026482918414,"Upregulated"
"ENSG00000229951.7","ENSG00000229951","FOSL2-AS1","lncRNA",7.68196660732162,1.54983647933927,0.523927278077116,2.95811373866117,0.00309527891911887,0.00482538533733549,"Upregulated"
"ENSG00000290319.2","ENSG00000290319","ENSG00000290319","lncRNA",7.20918953318913,1.27158988018545,0.431720897433355,2.94539802855327,0.00322539444734466,0.00501851152361163,"Upregulated"
"ENSG00000171703.19","ENSG00000171703","TCEA2","protein_coding",28.8592178134269,3.49811113738338,1.19013625434482,2.93925264826851,0.00329004763454829,0.00511197280153038,"Upregulated"
"ENSG00000073670.16","ENSG00000073670","ADAM11","protein_coding",6.83000644621402,1.32325614825992,0.451428444191813,2.9312644457505,0.00337585274560091,0.00523967634028579,"Upregulated"
"ENSG00000240541.4","ENSG00000240541","TM4SF1-AS1","lncRNA",4.71752853452042,1.51936202984974,0.519097176685906,2.92693179252076,0.00342323946786938,0.00531095025889766,"Upregulated"
"ENSG00000230450.1","ENSG00000230450","NEK2P4","transcribed_processed_pseudogene",9.44172298940471,1.59845547888483,0.551170174864359,2.90011243674098,0.00373028825228633,0.00575773110577629,"Upregulated"
"ENSG00000196696.14","ENSG00000196696","PDXDC2P-NPIPB14P","lncRNA",5.86592609391395,1.45130764357463,0.500862935109295,2.8976143807845,0.00376012599517285,0.00580254987988979,"Upregulated"
"ENSG00000159618.18","ENSG00000159618","ADGRG5","protein_coding",36.820889686254,2.69581358184783,0.93088035615861,2.89598288761021,0.00377973010512907,0.00583093982153827,"Upregulated"
"ENSG00000145287.14","ENSG00000145287","PLAC8","protein_coding",9.34653379913228,1.46487402039617,0.506466294311693,2.89234256425097,0.003823807698644,0.00589517246476052,"Upregulated"
"ENSG00000196189.16","ENSG00000196189","SEMA4A","protein_coding",18.2294659205698,1.13585581579964,0.394087710569651,2.8822411492045,0.00394857413775372,0.00607718101150456,"Upregulated"
"ENSG00000230734.1","ENSG00000230734","RPL10P3","processed_pseudogene",8.28159249636157,1.89787864979711,0.658699750440166,2.88124999065033,0.00396101336164366,0.00609503139062857,"Upregulated"
"ENSG00000153162.11","ENSG00000153162","BMP6","protein_coding",7.43817136555781,1.6988056399408,0.592904500619097,2.86522642038802,0.00416711170112991,0.00639383618557699,"Upregulated"
"ENSG00000196550.13","ENSG00000196550","FAM72A","protein_coding",21.3320374365635,1.06625070421097,0.37580494124588,2.8372450364173,0.00455046742308234,0.00695186315573575,"Upregulated"
"ENSG00000290995.2","ENSG00000290995","ENSG00000290995","lncRNA",4.90759651641967,1.76844730276921,0.62485939780998,2.8301523654238,0.00465258414525579,0.00709963666768947,"Upregulated"
"ENSG00000268061.7","ENSG00000268061","NAPA-AS1","lncRNA",26.8944570845651,1.02143321304246,0.361198133606447,2.82790279906427,0.00468540303777614,0.00714595462254807,"Upregulated"
"ENSG00000107742.16","ENSG00000107742","SPOCK2","protein_coding",12.6269971944305,1.22377528340476,0.436177529232586,2.80568163508533,0.00502102739711245,0.0076393416313862,"Upregulated"
"ENSG00000218180.2","ENSG00000218180","SLC25A5P7","processed_pseudogene",12.4634442774513,1.207472707395,0.431055926571948,2.80119732257865,0.00509133770493858,0.0077406279920237,"Upregulated"
"ENSG00000303584.1","ENSG00000303584","ENSG00000303584","lncRNA",9.30616179566816,1.21418319567603,0.43508589338966,2.79067470153213,0.00525983060474311,0.00797838236591345,"Upregulated"
"ENSG00000281183.1","ENSG00000281183","NPTN-IT1","lncRNA",7.2070105592936,1.29238568911501,0.464622739962191,2.78158079223625,0.00540948643587696,0.00819166953278254,"Upregulated"
"ENSG00000238110.1","ENSG00000238110","ENSG00000238110","processed_pseudogene",11.6663659504734,1.254263560431,0.453933478213353,2.76309992681678,0.00572552347831042,0.00864765880642778,"Upregulated"
"ENSG00000226781.1","ENSG00000226781","TBCAP1","processed_pseudogene",8.36430882416455,1.25620436800668,0.456483765427869,2.7519146641047,0.00592479577041736,0.00893001979250009,"Upregulated"
"ENSG00000111644.9","ENSG00000111644","ACRBP","protein_coding",7.86335214337227,1.2644648600192,0.459814142172769,2.74994773767548,0.00596047703984467,0.00898193129473109,"Upregulated"
"ENSG00000261801.9","ENSG00000261801","LOXL1-AS1","lncRNA",33.9088724985448,1.61566549814472,0.587873051631531,2.74832379824309,0.00599008211656072,0.0090229439722447,"Upregulated"
"ENSG00000289045.1","ENSG00000289045","ENSG00000289045","lncRNA",10.1540131837155,1.45628291842116,0.530594618800825,2.74462436447707,0.00605801957067235,0.00911564942562389,"Upregulated"
"ENSG00000189410.14","ENSG00000189410","SH2D5","protein_coding",12.6634341871583,1.06893434312704,0.390192545661707,2.73950477786367,0.0061531820448755,0.00925211809445276,"Upregulated"
"ENSG00000184979.14","ENSG00000184979","USP18","protein_coding",7.47330159045485,1.28661351352814,0.470418382835742,2.73504089226333,0.00623725270420423,0.00937561105583733,"Upregulated"
"ENSG00000227619.4","ENSG00000227619","ENSG00000227619","lncRNA",10.8611301221182,1.78251440750394,0.652647546530379,2.73120525309593,0.00631031577963235,0.00947201038026493,"Upregulated"
"ENSG00000137941.19","ENSG00000137941","TTLL7","protein_coding",13.7167878557853,1.0065123976395,0.369581619337705,2.72338326630849,0.00646170466663095,0.00969088523531157,"Upregulated"
"ENSG00000250526.1","ENSG00000250526","CCT6P2","processed_pseudogene",14.0334263211961,1.0713677008429,0.394479357669969,2.7159030758188,0.00660952648345978,0.00990233203745468,"Upregulated"
"ENSG00000198959.14","ENSG00000198959","TGM2","protein_coding",44.4957175289005,1.08462047867687,0.400629699630696,2.70728924909133,0.0067835125751732,0.0101472609660828,"Upregulated"
"ENSG00000182218.12","ENSG00000182218","HHIPL1","protein_coding",5.84834288329289,3.06662404160132,1.13303177364734,2.70656491099941,0.00679832905315412,0.0101683749239663,"Upregulated"
"ENSG00000196890.5","ENSG00000196890","H2BC26","protein_coding",10.495191950457,1.47530861506146,0.545311501543534,2.70544195544293,0.0068213568274968,0.0101975555131095,"Upregulated"
"ENSG00000205277.12","ENSG00000205277","MUC12","protein_coding",36.6903839844325,1.12260142613783,0.414998291051401,2.70507481679915,0.0068289007084712,0.0102077802029051,"Upregulated"
"ENSG00000237294.1","ENSG00000237294","EIF4BP9","processed_pseudogene",8.43840408515551,1.32080380651521,0.489849995561806,2.69634340814965,0.00701053509075108,0.0104684878449423,"Upregulated"
"ENSG00000105427.11","ENSG00000105427","CNFN","protein_coding",6.74619177837061,1.37443835113902,0.509893310334427,2.69554105394628,0.00702744173540389,0.0104915716111541,"Upregulated"
"ENSG00000215093.3","ENSG00000215093","EEF1A1P29","processed_pseudogene",9.16390292818278,1.2843220725879,0.477662982466274,2.68876199272692,0.00717175330014444,0.0106949010934033,"Upregulated"
"ENSG00000176855.11","ENSG00000176855","KRT18P28","processed_pseudogene",12.0601069720503,1.07928281467144,0.402943280361123,2.67849810947132,0.00739531496389915,0.0110106728288143,"Upregulated"
"ENSG00000259426.7","ENSG00000259426","KIF23-AS1","lncRNA",9.29327041375494,1.15211735956119,0.430349467637599,2.67716692177112,0.00742476344821768,0.0110494631229791,"Upregulated"
"ENSG00000182890.5","ENSG00000182890","GLUD2","protein_coding",18.0810697724189,1.07268142236603,0.401431694225137,2.67213933976134,0.00753693449135525,0.0112048886590809,"Upregulated"
"ENSG00000250144.1","ENSG00000250144","EEF1A1P35","processed_pseudogene",10.154681611919,1.28052824270247,0.482370262278862,2.65465834616934,0.00793887698389855,0.0117758654299547,"Upregulated"
"ENSG00000270504.2","ENSG00000270504","ENSG00000270504","lncRNA",8.05634613351298,1.0351667110957,0.390929908802453,2.64795987154516,0.00809791369067483,0.0120031671479247,"Upregulated"
"ENSG00000226138.4","ENSG00000226138","ATP6V1FP2","processed_pseudogene",9.93200504619226,1.0906834206401,0.412011457985873,2.64721623513078,0.00811574399965182,0.0120283659278947,"Upregulated"
"ENSG00000225308.2","ENSG00000225308","ASS1P11","processed_pseudogene",40.0378475286363,1.08126462578957,0.409368877530151,2.64129660347698,0.00825893807724359,0.0122293379600914,"Upregulated"
"ENSG00000276570.1","ENSG00000276570","ENSG00000276570","lncRNA",6.60959724420081,1.41352765953166,0.536230180842203,2.63604644056322,0.0083878250939566,0.0124113090934878,"Upregulated"
"ENSG00000103710.12","ENSG00000103710","RASL12","protein_coding",8.8612113512984,1.11857921759168,0.424419342637372,2.63555192993974,0.00840005713311068,0.0124219290501232,"Upregulated"
"ENSG00000100167.21","ENSG00000100167","SEPTIN3","protein_coding",5.97891066002596,1.46372291590423,0.557767881375213,2.62425099181998,0.00868397650711794,0.0128220262395469,"Upregulated"
"ENSG00000019186.12","ENSG00000019186","CYP24A1","protein_coding",124.635607327225,1.55875890154152,0.59533886632775,2.61827169315597,0.00883764082052612,0.0130356326484544,"Upregulated"
"ENSG00000268069.2","ENSG00000268069","ENSG00000268069","lncRNA",7.96884117299188,1.30315042193458,0.500093900636949,2.60581146915572,0.0091656896518752,0.0134827381347602,"Upregulated"
"ENSG00000187595.20","ENSG00000187595","ZNF385C","protein_coding",10.037660328428,1.48398569962855,0.570161332346727,2.60274700411655,0.00924801705620982,0.0135966585349085,"Upregulated"
"ENSG00000174844.16","ENSG00000174844","DNAH12","protein_coding",9.46662512253962,1.0092963282568,0.390451214393689,2.58494862110771,0.00973935093949686,0.0142770254718985,"Upregulated"
"ENSG00000235253.1","ENSG00000235253","EEF1A1P50","processed_pseudogene",15.6768890578789,1.0347400131442,0.401876520479211,2.5747710065528,0.0100306471524768,0.0146876971338481,"Upregulated"
"ENSG00000213326.4","ENSG00000213326","RPS7P11","processed_pseudogene",12.0055486129777,1.02380270681528,0.398215712432566,2.57097516459411,0.0101412599275175,0.0148391699181728,"Upregulated"
"ENSG00000171488.17","ENSG00000171488","LRRC8C","protein_coding",9.59151533109317,1.11052699495505,0.434080562986561,2.55834305805908,0.0105172281183709,0.0153582899930906,"Upregulated"
"ENSG00000197872.13","ENSG00000197872","CYRIA","protein_coding",8.30374868516359,2.10422170393715,0.826520457247593,2.54587976073145,0.0109002727053188,0.0158888915289827,"Upregulated"
"ENSG00000168675.21","ENSG00000168675","LDLRAD4","protein_coding",22.5211645453791,3.00845652151885,1.18620787214766,2.53619672585038,0.0112063761014048,0.0162981445201974,"Upregulated"
"ENSG00000100739.13","ENSG00000100739","BDKRB1","protein_coding",8.20009010567203,1.08022421817587,0.426843926075428,2.53072411761338,0.0113827339501372,0.0165388590741316,"Upregulated"
"ENSG00000233017.4","ENSG00000233017","ENSG00000233017","lncRNA",5.68171158034709,2.48675154512123,0.985064573582303,2.52445536243159,0.0115877720063779,0.01681822653144,"Upregulated"
"ENSG00000110076.22","ENSG00000110076","NRXN2","protein_coding",39.5527278482964,2.79760657242919,1.11906118780435,2.49995853928079,0.0124207841987721,0.0179642719170264,"Upregulated"
"ENSG00000176043.5","ENSG00000176043","RPL36P3","processed_pseudogene",7.68734148497189,1.30011469561524,0.520161835442165,2.49944268692853,0.0124388817694662,0.017988651292596,"Upregulated"
"ENSG00000242951.1","ENSG00000242951","ENSG00000242951","processed_pseudogene",15.1568721362659,1.01055357383849,0.40703914245429,2.48269384547453,0.0130393101113658,0.0187969444080287,"Upregulated"
"ENSG00000118292.11","ENSG00000118292","C1orf54","protein_coding",12.5269462903258,1.22632720802749,0.495141948354465,2.47671846851801,0.0132596447463313,0.0190993710032634,"Upregulated"
"ENSG00000279792.1","ENSG00000279792","ENSG00000279792","TEC",9.00719360238509,1.18241475858948,0.48042854025108,2.46116676992489,0.0138485977051429,0.019898262734774,"Upregulated"
"ENSG00000234139.7","ENSG00000234139","ENSG00000234139","lncRNA",8.67456871454673,1.08149200519665,0.445178626699649,2.42934395394122,0.015126174753931,0.0216331318004508,"Upregulated"
"ENSG00000282564.4","ENSG00000282564","ENSG00000282564","lncRNA",29.1518822009727,3.40990197998812,1.41383626794984,2.41180825339324,0.0158736271958605,0.022639563558942,"Upregulated"
"ENSG00000243830.2","ENSG00000243830","RPL15P17","processed_pseudogene",12.2941710203879,1.02025018421713,0.423869506180602,2.40699123041521,0.0160845560962665,0.022913367709867,"Upregulated"
"ENSG00000289504.1","ENSG00000289504","ENSG00000289504","lncRNA",10.3317428613811,1.02329130492149,0.426505966984131,2.39924264637443,0.0164290238504292,0.0233787719599784,"Upregulated"
"ENSG00000230311.2","ENSG00000230311","TOMM20P4","processed_pseudogene",10.1683287488383,1.11652676123358,0.466688521335154,2.39244530385983,0.0167365224719142,0.0237929844676261,"Upregulated"
"ENSG00000163536.15","ENSG00000163536","SERPINI1","protein_coding",129.681789463861,1.48962191832442,0.623281142637874,2.38996789156814,0.0168498458201237,0.0239399966299248,"Upregulated"
"ENSG00000006377.11","ENSG00000006377","DLX6","protein_coding",51.2052559530921,2.64160201382988,1.12174714252793,2.35489970393583,0.0185277057106112,0.0261724837857664,"Upregulated"
"ENSG00000148735.17","ENSG00000148735","PLEKHS1","protein_coding",45.9226951489978,2.64098235310958,1.12368869999279,2.35027935506206,0.0187593260188953,0.0264790252913052,"Upregulated"
"ENSG00000165512.7","ENSG00000165512","ZNF22","protein_coding",75.5432333867857,1.57726962907676,0.673715782077772,2.34114988996159,0.0192244472682008,0.0271091456466639,"Upregulated"
"ENSG00000226453.5","ENSG00000226453","LINC02542","lncRNA",26.6116302388053,2.78216609698094,1.19222593529388,2.33358964489826,0.0196172193293262,0.0276441795527611,"Upregulated"
"ENSG00000141527.20","ENSG00000141527","CARD14","protein_coding",8.35834266375561,1.01306161567609,0.434495622717443,2.33158071729273,0.0197227592113023,0.0277766983955484,"Upregulated"
"ENSG00000273226.1","ENSG00000273226","ENSG00000273226","lncRNA",7.54692170134635,1.13861603513535,0.48984555013898,2.32443886611259,0.0201019845295417,0.0282778062320052,"Upregulated"
"ENSG00000236893.1","ENSG00000236893","ASS1P7","processed_pseudogene",7.34436014203762,2.08370347639851,0.902921440619824,2.30773507268597,0.0210138760923667,0.0294747476123285,"Upregulated"
"ENSG00000251369.11","ENSG00000251369","ZNF550","protein_coding",35.4752055028508,2.91526298487746,1.2718659303701,2.29211500620129,0.021899007698719,0.0306184678793861,"Upregulated"
"ENSG00000145832.18","ENSG00000145832","SLC25A48","protein_coding",7.90342209304116,1.97802255181122,0.863222686686073,2.29143948869657,0.0219380078811185,0.0306670792141573,"Upregulated"
"ENSG00000237886.3","ENSG00000237886","NALT1","lncRNA",8.92461400266505,1.09312995552076,0.478130896872898,2.28625667713614,0.0222392467633058,0.0310642085873569,"Upregulated"
"ENSG00000167723.16","ENSG00000167723","TRPV3","protein_coding",50.0619663051307,1.94096769419892,0.853418924059335,2.27434339628491,0.0229453478777004,0.032001153059728,"Upregulated"
"ENSG00000224020.4","ENSG00000224020","MIR181A2HG","lncRNA",7.6882125876753,1.58135537973178,0.701809449719499,2.25325461257871,0.0242430997448167,0.0337008154917874,"Upregulated"
"ENSG00000187775.17","ENSG00000187775","DNAH17","protein_coding",15.4960595749152,1.68110115642215,0.746897225339602,2.25077975843032,0.0243994901890288,0.0339052077686649,"Upregulated"
"ENSG00000269887.1","ENSG00000269887","ENSG00000269887","lncRNA",11.9956208617297,1.04437738661133,0.46469930253508,2.24742619778838,0.0246128022960998,0.0341819579180717,"Upregulated"
"ENSG00000297852.1","ENSG00000297852","ENSG00000297852","lncRNA",5.14310506008529,1.16438958147835,0.520270585032726,2.23804615324372,0.0252180455412555,0.0349889819036739,"Upregulated"
"ENSG00000145284.13","ENSG00000145284","SCD5","protein_coding",7.28883118639393,1.00770534535597,0.451969600695581,2.22958655583276,0.0257749031991664,0.0357171444982137,"Upregulated"
"ENSG00000306812.1","ENSG00000306812","ENSG00000306812","lncRNA",17.2571007349631,1.02230596000086,0.458714099057913,2.22863426718391,0.0258382491112352,0.0357946569276379,"Upregulated"
"ENSG00000291146.2","ENSG00000291146","RP9P","lncRNA",8.81948241231349,1.07234627120346,0.48352381229375,2.21777344556506,0.0265702835625002,0.036770105938479,"Upregulated"
"ENSG00000129991.16","ENSG00000129991","TNNI3","protein_coding",5.08377038327016,1.16070336162813,0.524546972053962,2.21277297070877,0.0269133016514315,0.0372021716456072,"Upregulated"
"ENSG00000244675.2","ENSG00000244675","ENSG00000244675","lncRNA",19.5285274584723,1.18850231090895,0.539650432143673,2.2023558958117,0.0276401787081158,0.0381633830747928,"Upregulated"
"ENSG00000225486.1","ENSG00000225486","ENSG00000225486","processed_pseudogene",7.65896657150435,1.34152013302566,0.611311960981583,2.19449351337995,0.0281999497672454,0.0388916703489646,"Upregulated"
"ENSG00000219200.13","ENSG00000219200","RNASEK","protein_coding",6.51818064440538,1.17489380282045,0.540845233470067,2.17232903261867,0.0298308536757159,0.041008227230931,"Upregulated"
"ENSG00000204323.7","ENSG00000204323","SMIM5","protein_coding",15.9984067622565,1.14986567969745,0.529828370423216,2.17026068041422,0.0299871035001927,0.0412152033312588,"Upregulated"
"ENSG00000132563.19","ENSG00000132563","REEP2","protein_coding",6.04090041494926,1.00119514254681,0.467003091032788,2.14387262476709,0.0320430942007888,0.0438331622765557,"Upregulated"
"ENSG00000272779.1","ENSG00000272779","BMS1P20","transcribed_unprocessed_pseudogene",5.67350917534534,1.15732885584278,0.540552154597998,2.14101238150363,0.0322730396006526,0.0441185633329552,"Upregulated"
"ENSG00000286264.3","ENSG00000286264","ENSG00000286264","protein_coding",5.03827590011067,1.04723903282092,0.489255555167808,2.14047448569436,0.0323164405946773,0.0441737273248503,"Upregulated"
"ENSG00000303794.1","ENSG00000303794","ENSG00000303794","lncRNA",5.41375581551799,1.60032517929441,0.750943394891501,2.13108629782359,0.0330820333324673,0.0451818704225913,"Upregulated"
"ENSG00000103355.16","ENSG00000103355","PRSS33","protein_coding",57.2063610412751,1.30941599667987,0.616715308396452,2.12320981634871,0.0337362737534392,0.0460406892583897,"Upregulated"
"ENSG00000028277.24","ENSG00000028277","POU2F2","protein_coding",6.84678403371426,1.00822194069512,0.479596052190048,2.1022315260752,0.0355329994412553,0.0483651946935918,"Upregulated"
