# This file was produced by samtools stats (1.24+htslib-1.24) and can be plotted using plot-bamstats
# This file contains statistics for all reads.
# The command line was:  stats -@ 4 results/bam/SRR2584866.aligned.sorted.bam
# CHK, Checksum	[2]Read Names	[3]Sequences	[4]Qualities
# CHK, CRC32 of reads which passed filtering followed by addition (32bit overflow)
CHK	e29af2af	91e38833	a45999c1
# Summary Numbers. Use `grep ^SN | cut -f 2-` to extract this part.
SN	raw total sequences:	4042170	# excluding supplementary and secondary reads
SN	filtered sequences:	0
SN	sequences:	4042170
SN	is sorted:	1	# sorted by coordinate
SN	1st fragments:	2021085
SN	last fragments:	2021085
SN	reads mapped:	4041241
SN	reads mapped and paired:	4040424	# paired-end technology bit set + both mates mapped
SN	reads unmapped:	929
SN	reads properly paired:	3997360	# proper-pair bit set
SN	reads paired:	4042170	# paired-end technology bit set
SN	reads duplicated:	0	# PCR or optical duplicate bit set
SN	reads MQ0:	99584	# mapped and MQ=0
SN	reads QC failed:	0
SN	non-primary alignments:	0
SN	supplementary alignments:	13932
SN	total length:	552060444	# ignores clipping
SN	total first fragment length:	264242420	# ignores clipping
SN	total last fragment length:	287818024	# ignores clipping
SN	bases mapped:	552023264	# ignores clipping
SN	bases mapped (cigar):	551703399	# more accurate
SN	bases trimmed:	0
SN	bases duplicated:	0
SN	mismatches:	357256	# from NM fields
SN	error rate:	6.475508e-04	# mismatches / bases mapped (cigar)
SN	average length:	137
SN	average first fragment length:	131
SN	average last fragment length:	142
SN	maximum length:	150
SN	maximum first fragment length:	150
SN	maximum last fragment length:	150
SN	average quality:	35.7
SN	insert size average:	483.8
SN	insert size standard deviation:	253.7
SN	inward oriented pairs:	1990500
SN	outward oriented pairs:	16528
SN	pairs with other orientation:	13184
SN	pairs on different chromosomes:	0
SN	percentage of properly paired reads (%):	98.9
# First Fragment Qualities. Use `grep ^FFQ | cut -f 2-` to extract this part.
# Columns correspond to qualities and rows to cycles. First column is the cycle number.
FFQ	1	0	0	15	0	0	0	0	14	0	0	3519	0	3	0	0	1	5406	0	9	11	9	0	1307	5908	20	6328	15722	25294	18806	662	92526	815494	0	123884	906147	0	0	0	0	0	0	0	0
FFQ	2	0	0	2	0	0	0	0	10	0	0	2870	0	3	0	0	3	6230	0	2	20	9	0	2169	4917	16	8144	13770	24771	21051	736	86817	672854	0	119382	1057309	0	0	0	0	0	0	0	0
FFQ	3	0	0	0	0	0	0	0	26	0	0	2551	0	4	0	0	0	4968	0	6	5	9	0	1940	4396	13	6981	12813	23018	19799	703	75364	587490	0	110235	1170764	0	0	0	0	0	0	0	0
FFQ	4	0	0	1	0	0	0	0	7	0	0	2627	0	3	0	0	0	2563	225	1	1958	3	0	1995	20	9	4215	6460	1577	10101	146	17436	759	30503	42105	0	396843	0	1501528	0	0	0	0	0
FFQ	5	0	0	0	0	0	0	0	9	0	0	1610	0	0	0	0	0	2169	205	7	1501	9	0	1673	15	15	3715	5982	1401	8468	139	15665	467	26698	38174	0	367183	0	1545980	0	0	0	0	0
FFQ	6	0	0	8	0	0	0	0	2	372	0	1328	573	0	3	1	281	610	1188	787	1058	2	287	466	2038	7	4381	5624	1671	4393	3987	16013	4195	30164	30649	1	309472	27393	1574131	0	0	0	0	0
FFQ	7	0	0	0	0	0	0	0	7	388	0	1634	698	1	1	0	277	711	1555	1055	1395	1	322	491	2463	17	4847	6484	2225	4828	4906	17768	3981	33630	34465	3	321049	28255	1547628	0	0	0	0	0
FFQ	8	0	0	0	0	0	0	0	2	319	0	1320	482	0	2	0	270	622	1377	980	1057	4	308	462	2099	8	4621	5766	2474	4566	4051	16536	4146	32076	33585	2	321751	30635	1551564	0	0	0	0	0
FFQ	9	0	0	0	0	0	0	0	7	434	0	1753	552	3	3	2	316	745	1465	1083	1203	5	373	501	2457	11	4780	2062	7216	3776	4429	17103	3195	26515	25079	14758	97943	149	189183	151125	1462859	0	0	0
FFQ	10	0	0	0	0	0	0	1	10	459	0	1493	463	3	0	2	339	824	1542	1108	1042	2	381	524	2373	11	4873	2156	7795	3186	4136	16939	3618	26471	24203	15762	96108	141	189785	147931	1467404	0	0	0
FFQ	11	0	0	0	0	0	1	2	5	565	0	1445	381	1	3	0	374	894	1240	1063	931	4	446	535	2469	23	4825	2194	8554	1984	3942	16665	4130	26829	22581	14518	96763	98	189103	159655	1458862	0	0	0
FFQ	12	0	0	0	0	0	0	1	15	697	2	1754	448	0	3	2	463	979	1405	1151	935	13	577	570	2577	27	5157	2323	9673	1411	4098	17722	4313	27912	22979	14922	96121	88	188261	159464	1455022	0	0	0
FFQ	13	0	0	0	0	0	1	3	10	1021	6	2326	636	5	4	3	586	1233	1508	1279	964	14	649	558	2877	50	5417	2409	10173	1299	4327	18301	4485	29171	23474	14818	100486	70	192895	166519	1433508	0	0	0
FFQ	14	0	0	0	0	0	2	1	10	704	8	1453	335	2	4	3	131	1503	1499	1163	924	12	688	591	1627	1381	5488	2256	10437	1230	4267	7998	14145	18303	26443	17726	16918	60847	47945	165180	116017	442129	1051715	0
FFQ	15	0	0	0	0	0	1	1	18	804	18	1496	488	3	5	3	133	1520	1383	1071	1014	14	789	621	1734	1431	5525	2315	10131	1312	4185	8589	14213	17773	27131	17183	17731	61260	47407	167596	112214	442746	1051227	0
FFQ	16	0	0	0	0	0	0	4	7	751	43	1514	361	5	4	3	189	1671	1320	1140	985	18	768	562	1814	1553	5601	2355	9942	1313	4465	9006	14411	18120	27448	17028	18055	61012	47917	168060	113120	444898	1045622	0
FFQ	17	0	0	0	0	0	0	13	26	809	69	1496	372	8	8	18	269	1586	1331	1102	1075	33	914	637	2047	1841	6011	2499	10402	1393	4658	9555	15002	18402	28321	17459	19371	62312	49145	172156	113200	447051	1030494	0
FFQ	18	0	0	0	0	0	0	13	26	872	124	1535	376	6	15	20	296	1635	1311	1233	1113	37	985	566	2139	2096	6124	2767	10413	1440	4847	10422	15364	18740	29940	17718	20697	63661	51057	178996	114768	450243	1009490	0
FFQ	19	0	0	0	0	0	0	21	27	888	146	1442	332	13	9	17	386	1434	298	2344	1127	42	1007	620	2145	2297	5957	2763	10133	1548	4832	11224	15566	18441	19871	28342	21569	56562	54396	163137	134154	455590	1002405	0
FFQ	20	0	0	0	0	0	1	25	36	1087	286	1769	421	10	15	41	496	1635	382	2609	1273	61	1049	686	2320	2921	6044	3058	10291	1675	5293	12130	15535	18685	20663	29420	23234	57654	54756	166752	138048	457400	983324	0
FFQ	21	0	0	1	0	0	0	31	44	1004	357	1536	332	18	19	38	556	1600	444	2331	1409	69	1152	670	2394	3271	6038	3153	10488	1650	5333	13202	16085	18874	21449	30272	24892	58195	55822	172817	141784	458795	964960	0
FFQ	22	0	0	9	0	0	0	38	61	1149	467	1506	289	31	32	45	720	1735	479	2271	1475	102	1345	757	2581	3675	6243	3358	10589	1758	5413	14107	16624	18848	22215	30241	26903	59406	56936	176556	143785	464509	944827	0
FFQ	23	0	0	1	0	0	3	71	90	1327	618	1412	258	39	42	75	867	1674	492	2134	1467	110	1460	839	2674	3999	6376	3443	10302	1861	5657	15355	17093	18864	23081	30473	29074	59349	58039	181853	144726	468597	927290	0
FFQ	24	0	0	0	0	0	2	104	130	1704	804	1475	241	70	63	89	1061	1819	557	2004	1518	160	1760	858	2845	4186	6419	3612	9875	2088	5544	16302	17021	18003	23670	29977	31094	59256	59010	187174	141847	460122	928621	0
FFQ	25	0	0	1	0	0	2	147	156	1706	880	1181	169	77	79	135	1234	1843	571	1945	1581	244	2020	942	3104	4659	6910	3907	9990	2276	6066	17822	18479	18484	25248	30495	34134	59761	60252	194071	140994	468603	900917	0
FFQ	26	0	0	5	0	0	4	193	188	1972	1135	1174	174	78	88	163	1443	1892	593	1824	1734	253	2390	1042	3277	5265	6998	4285	9670	2589	6281	19082	18865	18397	26843	30648	36759	61298	61408	199368	141505	471765	876805	0
FFQ	27	0	0	2	0	0	3	193	209	1873	1147	885	107	108	105	174	1628	1738	532	1721	1608	310	2495	1147	3272	5346	6985	4553	9602	2726	6371	19697	18978	18285	27703	30602	39954	60336	63678	204351	142158	478683	854622	0
FFQ	28	0	0	2	0	0	2	233	244	1863	1303	695	73	87	104	227	1643	1697	473	1689	1736	383	2754	1184	3263	5510	6888	4838	9123	2801	6529	20078	19792	18057	29113	30493	42442	60137	64149	208731	142035	484270	835203	0
FFQ	29	0	0	14	0	0	6	257	298	1939	1436	557	51	127	150	224	1683	1585	473	1607	1878	403	3043	1220	3143	5751	6822	4945	9086	3188	6814	20389	20589	17837	30609	30216	45105	60310	65742	212682	141535	486170	817550	0
FFQ	30	0	0	4	0	0	8	301	401	1985	1631	455	55	160	139	306	1937	1571	452	1679	1920	519	2957	1285	3592	6014	6747	5378	9145	3470	7117	20926	21244	18472	31741	30477	47488	60701	67318	217403	142323	489224	794992	0
FFQ	31	0	0	3	0	0	4	338	402	1891	1577	313	32	167	187	352	1973	1383	408	1771	1867	571	3127	1504	3686	6168	6702	5861	9026	3899	7287	21173	21741	18917	34139	30717	50589	61024	70008	222477	143064	491126	772225	0
FFQ	32	0	0	9	0	0	8	420	453	2016	1759	236	39	177	230	408	2102	1308	380	1790	2015	628	3347	1643	3778	6188	6543	6391	9006	4471	7638	21468	22893	19482	35286	30978	53505	61975	71344	226053	145547	488623	753554	0
FFQ	33	0	0	1	0	0	8	432	616	2185	1971	179	34	210	233	532	2183	1364	414	1776	2068	769	3623	1836	3967	6317	6266	6812	9094	4969	8098	21334	23810	19983	37324	31691	55949	62024	74722	229822	147655	486992	732228	0
FFQ	34	0	0	0	0	0	11	465	603	1808	1693	87	39	238	260	576	2155	1229	440	1715	2077	855	3709	1896	4076	6315	6069	7349	8815	5479	8316	21221	24455	20579	38347	32321	58538	63826	77111	232424	152400	485923	711990	0
FFQ	35	0	0	1	0	0	2	505	624	1743	1574	58	61	252	307	601	2070	1062	445	1865	2249	988	3593	2151	4189	6402	5544	8105	9211	6022	8917	20740	25053	21608	40028	33965	61671	65470	80038	235340	154484	484402	689927	0
FFQ	36	0	0	8	0	0	11	598	702	1691	1477	22	62	285	307	694	1812	954	416	1812	2174	1031	3862	2283	4329	6315	5140	8513	9034	6589	9058	19946	25863	22633	41552	34698	63806	67509	82865	236427	159350	483728	669870	0
FFQ	37	0	0	10	0	0	7	424	561	1265	1169	6	53	244	284	609	1526	747	351	1411	1675	969	3163	2044	3775	5265	4075	7752	7518	6523	7828	17868	22790	20052	38233	31620	64652	59182	84785	205069	179536	479040	711733	0
FFQ	38	0	0	0	0	0	10	554	601	1345	1217	3	62	270	305	663	1537	706	463	1563	1841	1059	3368	2120	3849	5389	3805	7852	7743	6611	8135	16611	23036	20657	38666	32935	67952	61862	84906	198488	165877	465364	732906	0
FFQ	39	0	0	0	0	0	8	538	659	1210	1006	3	66	282	345	679	1361	642	442	1551	1798	1197	2826	2106	4523	5388	3567	8470	7696	7409	8532	16085	23120	21269	39360	34439	72770	64399	88632	192895	166410	450786	734463	0
FFQ	40	0	0	0	0	0	7	607	719	1306	1104	5	73	265	377	769	1299	578	508	1677	1782	1283	2786	2227	4800	5436	3213	8847	7642	7857	8937	15525	23853	22148	40744	36767	79173	67349	93567	189918	169575	440302	720401	0
FFQ	41	0	0	2	0	0	17	608	741	1141	865	6	82	284	426	859	1173	614	497	1643	1899	1400	2841	2442	5234	5233	2988	9569	7815	8513	9575	15727	24680	23168	42512	39282	86159	71199	100160	188352	175079	430070	696937	0
FFQ	42	0	0	1	0	0	24	917	1103	1865	1361	7	101	423	515	1072	1348	707	603	1958	2212	1554	3176	2662	5488	5849	3037	10655	8324	9510	10727	15532	26114	25148	44829	43417	94898	76263	106639	188052	180609	418998	659998	0
FFQ	43	0	0	0	0	0	21	746	846	1283	821	10	127	363	553	977	1169	667	638	2007	2151	1941	3157	2875	6163	5645	2864	11351	8534	10516	11432	15980	27478	26092	47689	47812	105207	82860	113882	188130	187421	411017	621425	0
FFQ	44	0	0	0	0	0	18	755	898	1316	762	8	121	358	529	1092	1006	626	583	2048	2001	1913	3169	3063	6303	5746	2712	12089	8465	11350	12098	16267	28577	27745	50408	51962	115948	87764	121812	186660	195517	401771	584178	0
FFQ	45	0	0	0	0	0	41	817	1027	1395	724	10	155	396	540	1219	861	557	729	2170	2175	2605	2814	3214	6562	5987	3420	13085	8779	12111	13676	16589	30242	29759	53292	57014	128813	94905	128881	186923	199444	388245	543850	0
FFQ	46	0	0	0	0	0	25	954	1139	1589	697	11	174	408	616	1308	825	551	755	2320	2175	2762	2854	3508	7033	6182	3473	13826	8769	12733	14577	17487	31799	31145	57073	62378	142130	100817	136339	183773	205340	372484	508504	0
FFQ	47	0	0	0	0	0	34	810	1045	1317	556	19	194	448	687	1308	754	562	769	2366	2079	3186	2812	3596	7289	6147	3371	14559	8934	13744	15371	18064	33055	32629	59514	67802	158164	106844	144417	178606	210096	357951	475010	0
FFQ	48	0	0	0	0	0	37	794	1039	1327	499	12	212	421	607	1176	592	507	731	2371	1847	3259	2602	3497	7241	5826	3303	14295	8441	13419	15205	18359	32558	32062	60263	70035	177163	108543	151624	156400	226263	326551	480506	0
FFQ	49	0	0	0	0	0	44	825	1112	1289	405	14	206	481	594	1300	600	511	743	2507	1852	3421	2574	3600	6471	6258	3016	14983	8888	13486	15733	18633	32784	32950	62862	73887	198860	114129	159237	141130	227278	302955	469457	0
FFQ	50	0	0	2	0	0	47	773	1067	1242	317	19	243	461	642	1310	532	536	794	2660	1762	3868	2625	3685	6898	6446	3168	15557	9293	14183	16917	19599	34396	34117	65529	78973	221218	121047	165779	133988	226182	278856	445931	0
FFQ	51	0	0	1	0	0	66	919	1221	1375	298	26	248	485	678	1256	562	495	860	2865	1816	4119	2575	3700	7014	6553	3065	16028	9348	14300	18007	20362	35407	35624	69178	85740	245993	126126	173351	127561	224868	257645	416622	0
FFQ	52	0	0	0	0	0	45	606	948	1050	188	24	195	391	549	1080	451	440	738	2618	1395	3993	2339	3554	6390	6336	3069	15259	8922	13889	17477	20615	34983	34718	70967	89537	277037	131190	180873	114562	232702	239865	393256	0
FFQ	53	0	0	0	0	0	54	653	1030	1118	180	27	227	420	501	1084	398	421	745	2561	1264	4099	2214	3421	6554	6068	2981	14880	8979	13281	17625	20941	35081	35170	74029	94055	309742	136527	186531	106042	229347	220443	369466	0
FFQ	54	0	0	0	0	0	65	671	1167	1135	160	30	253	414	552	1067	451	447	782	2812	1209	4419	2268	3424	6649	6249	3161	15034	9222	13081	18200	21975	35646	35326	77710	99358	342781	141689	191422	98797	223921	201430	340987	0
FFQ	55	0	0	0	0	0	60	583	1087	940	103	35	258	324	541	1191	446	433	826	2829	1124	4358	2575	3440	7020	4119	5809	15290	9392	13248	19204	23036	37193	36137	82540	105578	375871	145631	192876	93457	219449	183086	309978	0
FFQ	56	0	0	2	0	0	76	541	1051	873	83	36	240	347	404	1189	443	391	822	2934	995	4683	2486	3349	7314	4143	6044	15520	9677	13114	19964	24330	38265	37166	86518	112628	410248	149890	195534	86204	212495	165959	280015	0
FFQ	57	0	0	0	0	0	92	552	1135	844	74	55	276	333	427	1204	554	376	924	3050	967	5054	2544	3491	7576	4323	6324	15394	10017	12907	20384	25405	39315	37948	92190	118804	445193	154077	196235	79800	204464	148850	250623	0
FFQ	58	0	0	0	0	0	107	623	1306	902	46	74	286	341	457	1245	518	400	921	3159	813	5277	2757	3531	8074	4420	6779	15861	10503	12908	21186	26226	40914	38752	97238	125115	480212	156581	195601	72596	194391	134272	223043	0
FFQ	59	0	0	0	0	0	91	520	1274	815	47	65	304	392	444	1060	611	397	970	3587	806	4631	2208	5421	5731	3808	6559	19969	11180	12726	22466	27570	42709	39541	102721	133013	514329	157984	193189	65881	183974	119220	196835	0
FFQ	60	0	0	0	0	0	133	572	1415	856	37	108	315	406	370	1020	677	375	974	3892	694	4945	2108	5685	5831	3874	6962	20837	11574	12631	22831	28990	44401	40532	107565	139423	549178	159143	189426	60537	171697	105435	173114	0
FFQ	61	0	0	0	0	0	142	482	1358	746	27	96	287	459	433	960	718	401	992	3976	661	5368	2134	5896	6166	3946	7374	21107	12072	12429	23243	29915	46076	41527	112679	146284	583236	160137	184398	54018	160067	92757	151445	0
FFQ	62	0	0	0	0	0	142	483	1431	724	15	101	307	445	347	891	801	341	1051	4172	554	5426	2020	6180	6238	3947	7854	21419	12672	12104	24030	30960	47803	42063	117873	152658	616199	160092	177562	48591	148554	81752	131562	0
FFQ	63	0	0	0	0	0	164	458	1358	593	16	101	314	478	339	934	784	335	1038	4166	511	5709	1940	6428	6279	3977	8027	21998	13352	11722	24203	31672	49299	42978	123255	158818	648066	160664	169732	43331	136856	71193	113661	0
FFQ	64	0	0	0	0	0	190	484	1626	621	7	105	321	535	349	835	969	356	1103	4290	443	6048	1912	6654	6307	3825	8631	22378	13916	11306	24592	32188	50261	43686	127630	165814	679505	158993	160897	38651	124816	62052	97549	0
FFQ	65	0	0	0	0	0	200	421	1648	593	4	152	365	578	301	879	915	491	1169	3856	1270	6541	1892	5325	8519	4008	9154	21759	9331	10789	32645	33456	52043	44432	131234	171994	706951	156882	151261	34214	113672	53112	82896	0
FFQ	66	0	0	0	0	0	197	502	1721	581	4	163	336	597	273	879	978	531	1184	4050	1251	6763	1780	5376	8876	4112	9663	21965	9733	10725	33377	33618	53897	45286	136940	177781	732837	153617	140989	30391	103093	45768	70052	0
FFQ	67	0	0	0	0	0	241	404	1717	536	1	169	355	692	281	768	1052	504	1289	4128	1220	7088	1737	5573	9111	4171	9979	21937	10016	10257	34459	34075	55159	46129	141695	182742	759064	149711	130990	26608	92161	39255	59233	0
FFQ	68	0	0	0	0	0	274	378	1944	486	2	176	370	737	258	739	1178	524	1429	4396	1400	7499	1590	5874	9541	4135	10737	22369	10614	9810	35247	35206	56461	46507	145769	187600	780268	146205	120435	23035	83361	32800	49712	0
FFQ	69	0	0	0	0	0	266	327	1777	402	0	193	305	710	233	679	1269	520	1368	4355	1443	7726	1607	6039	9769	4061	10930	22511	10702	9255	36265	35228	57873	46959	148587	192150	803894	141743	111109	19929	74704	28012	41053	0
FFQ	70	0	0	0	0	0	232	277	1485	331	1	170	231	651	153	538	1146	504	1195	3731	1353	7309	1256	1375	6489	10949	10334	20461	10366	8332	35043	33480	55978	45795	149146	191217	841232	139651	104360	16243	68800	23158	36024	0
FFQ	71	0	0	0	0	0	243	260	1544	329	0	194	245	672	135	577	1231	488	1214	4034	1491	7440	1248	1275	6529	11274	10792	19893	10438	7582	34910	33055	55584	45149	149401	192259	866892	136838	96383	13844	60264	19385	30632	0
FFQ	72	0	0	0	0	0	313	227	1696	336	0	240	284	766	145	530	1382	516	1234	4013	1487	7568	1066	1211	6460	11727	11156	19857	10675	7168	34979	33100	55672	45005	150656	193707	888300	132764	87921	11984	52719	16168	25612	0
FFQ	73	0	0	0	0	0	331	269	1897	300	0	254	256	852	135	475	1461	533	1339	4028	1684	7755	1015	1219	6665	12183	11511	19788	10862	6670	35814	33090	57074	45028	152000	197287	902799	128700	80499	9888	45738	13068	20977	0
FFQ	74	0	0	0	0	0	333	167	1592	239	0	256	247	832	109	402	1409	463	1304	3984	1692	7779	886	1172	6619	12616	11685	19529	10975	6161	36176	32591	57097	45461	154341	198736	919110	125681	72646	8258	40316	10573	17008	0
FFQ	75	0	0	0	0	0	339	182	1642	238	0	250	215	909	82	390	1535	440	1357	4190	1748	7959	813	1112	6735	12902	12013	8180	22477	5579	36926	32872	57840	45751	156675	201590	930176	120380	65653	7128	34641	8623	13526	0
FFQ	76	0	0	0	0	0	378	159	1690	206	0	255	172	915	77	370	1533	509	1379	4271	1839	8353	757	1056	6650	13170	12300	7687	23251	5291	37253	32455	58349	45874	158731	204323	938657	117334	58767	6016	30263	6801	10702	0
FFQ	77	0	0	0	0	0	376	129	1688	204	0	273	192	967	61	342	1757	553	1365	4392	1927	8217	654	1098	6751	13621	12714	7234	24259	4773	38256	32883	58601	45963	160055	206798	947179	112407	51992	4965	26040	5366	8454	0
FFQ	78	0	0	0	0	0	368	123	1575	193	0	303	165	1011	50	262	1688	508	1297	4184	1953	8294	617	1032	6734	13711	12764	6376	24486	4454	38491	32608	59910	45906	161856	208712	955542	108871	46337	4108	22343	4081	6416	0
FFQ	79	0	0	0	0	0	426	144	1775	156	0	337	167	1101	43	277	1808	548	1491	4453	2198	8597	546	1092	6884	14577	13378	6027	25711	4014	39348	32659	60398	46486	162645	211513	957109	105384	40706	3482	18608	3098	4715	0
FFQ	80	0	0	0	0	0	433	95	1971	182	0	375	156	1050	47	253	1905	599	1411	4446	2319	8790	547	1066	6758	14672	13429	5348	26219	3717	39974	32612	61281	46981	164194	212976	960442	101909	36030	2670	15379	2401	3599	0
FFQ	81	0	0	0	0	0	470	117	1932	190	0	408	167	1122	54	212	2024	536	1417	4609	2458	8804	468	1042	7177	15253	14185	5014	27055	3426	40752	32752	61399	47649	166172	214715	959374	98104	31970	2204	12879	1682	2628	0
FFQ	82	0	0	0	0	0	458	95	1842	157	0	404	122	1130	36	212	1948	573	1467	4829	2547	9017	442	1093	6970	15416	14078	4576	27519	3035	41004	32407	61910	48196	166403	216579	961063	95730	28030	1750	10634	1209	1878	0
FFQ	83	0	0	0	0	0	451	83	1698	175	0	342	122	1167	24	181	1993	565	1421	4632	2338	8777	358	1088	7060	15849	14356	4078	27671	2759	41265	32677	62559	48158	166808	218666	961870	93315	24436	1405	8685	853	1239	0
FFQ	84	0	0	0	0	0	436	78	1847	164	1	371	113	1219	29	169	2082	615	1531	4876	2629	9208	334	1053	7128	15888	15154	3707	28836	2499	42029	32594	63148	48139	168027	220892	957434	90301	21162	1071	6929	578	828	0
FFQ	85	0	0	0	0	0	481	64	1950	171	0	404	89	1213	15	143	1999	580	1487	5170	2695	9150	333	1070	7412	16515	15307	3488	29332	2155	43219	32487	64103	49248	168460	222069	953971	87067	18244	812	5188	380	555	0
FFQ	86	0	0	0	0	0	500	58	2026	130	0	404	83	1236	18	121	2220	571	1576	5098	2978	9119	252	1034	7402	16713	15493	3082	30048	2070	43381	32672	64909	49764	169126	224022	949667	84320	15523	572	4107	228	348	0
FFQ	87	0	0	0	0	0	479	47	1999	150	0	435	84	1296	17	114	2143	592	1561	5061	2952	9240	251	1040	7433	17029	15795	2763	30135	1848	44022	32574	65278	49785	170012	224720	946483	82661	13094	444	3084	125	188	0
FFQ	88	0	0	0	0	0	507	42	1911	127	0	455	72	1391	4	111	2306	593	1547	5278	3025	9421	202	1117	7472	17130	16254	2518	30718	1683	44692	32841	65762	50580	169747	227166	940760	79255	11251	312	2251	78	90	0
FFQ	89	0	0	0	0	0	485	25	2000	144	0	476	74	1379	10	78	2297	654	1553	5187	3197	9298	165	1060	7486	17241	16505	2296	30899	1476	45139	32772	66244	50216	170979	227207	936783	77784	9358	220	1624	45	52	0
FFQ	90	0	0	0	0	0	503	43	2040	131	0	446	71	1411	6	57	2235	585	1513	5206	3074	9343	136	1148	7584	17590	16635	2066	31670	1370	45014	32620	65971	50606	170826	227036	933852	75944	7931	148	1116	23	19	0
FFQ	91	0	0	0	0	0	535	22	1971	144	0	494	60	1381	5	62	2424	669	1647	5329	3233	9602	141	1134	7571	18023	16804	1883	32215	1227	45379	32667	67000	50759	172054	228802	925471	73406	6457	105	747	13	13	0
FFQ	92	0	0	0	0	0	518	27	2058	126	0	464	47	1461	6	47	2412	680	1637	5497	3392	9653	111	1150	7794	18214	17126	1572	32958	1112	46547	32728	67874	51699	171550	229840	916299	72349	5172	62	458	3	5	0
FFQ	93	0	0	0	0	0	617	22	2257	161	0	553	50	1500	4	59	2440	661	1793	5690	3594	9957	96	1185	7841	18563	17233	1482	33694	976	46757	33524	67784	52063	172744	229742	907657	70397	4273	44	251	1	3	0
FFQ	94	0	0	0	0	0	531	15	2103	129	0	514	48	1522	4	41	2544	676	1756	5673	3501	9862	81	1149	7847	18647	17645	1328	33522	880	47774	33567	68308	52453	172721	231229	900192	68965	3500	18	153	3	0	0
FFQ	95	0	0	0	0	0	548	10	2077	133	0	553	31	7	1543	37	2464	665	1607	5783	3415	9761	69	1229	8013	18636	17851	1173	34230	801	47384	33774	68801	52537	172853	232064	893251	67804	2873	12	76	0	1	0
FFQ	96	0	0	0	0	0	618	14	2215	171	0	503	36	5	1592	29	2563	702	1669	5848	3636	9817	62	1270	8044	18983	17634	984	34049	727	48529	33511	69442	52861	173094	232861	884373	66536	2305	8	47	0	0	0
FFQ	97	0	0	0	0	0	642	14	2436	157	1	592	44	16	1596	30	2545	704	1770	6062	3629	9996	55	1194	8220	19530	18078	904	34776	666	48270	34090	69512	52847	172731	233775	875684	65064	1814	2	26	0	0	0
FFQ	98	0	0	0	0	0	585	13	2232	135	0	569	33	5	1589	22	2591	707	1766	5897	3794	10001	48	1247	8360	19265	18691	896	35057	587	48723	34183	70151	53397	173904	234435	866606	63600	1509	1	19	0	0	0
FFQ	99	0	0	0	0	0	608	8	2169	153	0	541	26	3	1596	19	2621	667	1680	5983	3816	9883	37	1234	8353	19739	18705	762	34758	589	49280	34264	70407	53670	173217	234297	860833	62487	1133	0	10	0	0	0
FFQ	100	0	0	0	0	0	604	6	2044	144	0	534	20	2	1538	22	2565	683	1621	6170	3682	10056	26	1258	8355	19670	18676	670	35503	561	49605	34303	70845	54147	173503	235624	850458	61850	1005	0	3	0	0	0
FFQ	101	0	0	0	0	0	400	5	1971	100	1	453	14	2	1640	10	2431	742	1623	6391	3797	10323	31	1363	8538	20098	19308	564	36239	523	50469	34880	71655	54828	174022	236615	836576	60562	841	0	2	0	0	0
FFQ	102	0	0	0	0	0	366	6	1685	339	0	1465	54	5	917	5	5436	394	4639	4564	10863	26035	12	409	21019	51344	47786	1387	91433	651	135301	78812	168407	145651	204986	346489	269646	8842	245	0	0	0	0	0
FFQ	103	0	0	0	0	0	273	2	1400	138	1	535	13	2	898	7	2404	411	1791	3472	4308	12012	5	434	9687	26179	21175	613	50823	280	76341	51324	120068	103625	270802	404345	446832	13484	453	0	0	0	0	0
FFQ	104	0	0	0	0	0	274	1	1218	88	0	370	16	1	840	2	1870	418	1376	3357	2973	8259	4	521	6703	17709	14669	416	33331	236	49451	34354	78424	62704	214484	299231	749222	35669	613	0	0	0	0	0
FFQ	105	0	0	0	0	0	301	1	1029	88	0	304	4	4	878	5	1763	397	1204	3335	2539	7188	10	612	5783	14873	12583	307	28204	224	40895	28769	62875	49348	177830	239427	877369	55694	602	0	0	0	0	0
FFQ	106	0	0	0	0	0	376	2	1261	86	0	307	6	0	895	1	1720	411	1100	3353	2447	6963	8	638	5441	14228	11960	267	26040	202	37301	26561	57601	44498	163233	217292	920783	64883	560	0	0	0	0	0
FFQ	107	0	0	0	0	0	390	3	1330	91	0	362	8	0	998	3	1746	377	1122	3504	2289	6826	3	659	5301	13678	11702	249	25869	235	36033	25759	54750	42103	156358	208305	936648	68929	499	0	0	0	0	0
FFQ	108	0	0	0	0	0	397	0	1317	102	0	355	3	0	990	3	1741	403	1143	3521	2517	6930	2	750	5500	14039	11607	230	25529	232	35798	25538	54322	41672	154781	204399	937836	69968	399	0	0	0	0	0
FFQ	109	0	0	0	0	0	345	0	1124	92	1	307	7	0	1008	0	1712	386	1066	3386	2353	7112	2	659	5345	13835	11671	221	25609	215	35848	25011	53696	41197	153908	204155	937412	70061	330	0	0	0	0	0
FFQ	110	0	0	0	0	0	380	0	1258	82	0	288	5	0	1032	1	1768	429	1113	3642	2397	7087	7	733	5575	14113	11984	186	25926	242	36089	25369	54467	41211	153642	203591	930837	69989	271	0	0	0	0	0
FFQ	111	0	0	0	0	0	421	0	1269	98	0	298	1	0	1059	3	1839	446	1205	3646	2449	7182	3	765	5598	14318	12261	185	26369	205	36735	25901	54995	41920	154613	204376	921816	69188	265	0	0	0	0	0
FFQ	112	0	0	0	0	0	421	0	1337	92	0	351	5	0	1102	0	1887	443	1195	3722	2533	7143	1	770	5428	14547	12310	169	26487	205	36881	25759	55488	41807	154645	204566	916340	68883	205	0	0	0	0	0
FFQ	113	0	0	0	0	0	385	0	1277	95	0	310	3	0	1122	0	1834	441	1175	3829	2590	7370	1	765	5712	14631	12510	157	27010	210	36979	26347	56037	42612	155146	206041	908091	67540	152	0	0	0	0	0
FFQ	114	0	0	0	0	0	394	1	1505	98	2	392	1	0	1106	1	1914	412	1278	3994	2534	7678	1	842	6037	15116	12870	170	27786	192	38274	26454	57165	43482	154959	206472	896839	67419	134	0	0	0	0	0
FFQ	115	0	0	0	0	0	399	0	1377	113	0	352	3	0	1191	0	1939	475	1214	3927	2700	7613	0	851	6080	15325	13086	166	27704	210	38277	27360	57346	43920	155641	208572	888188	66519	112	0	0	0	0	0
FFQ	116	0	0	0	0	0	451	0	1362	90	0	356	5	0	1189	0	1938	498	1245	4055	2738	7801	0	888	6086	15569	13363	134	28135	200	39032	27361	58273	44417	156606	210076	878296	65678	82	0	0	0	0	0
FFQ	117	0	0	0	0	0	457	0	1518	90	0	384	3	0	1193	0	2090	490	1248	4296	2734	7942	0	907	6217	15920	13733	145	28805	159	39434	27828	59032	45050	157522	210607	868300	64410	58	0	0	0	0	0
FFQ	118	0	0	0	0	0	416	0	1485	111	0	367	1	0	1247	1	1962	560	1323	4368	2953	8059	0	890	6240	15750	13924	143	28925	207	40123	27851	59740	45567	157952	211793	859236	64348	43	0	0	0	0	0
FFQ	119	0	0	0	0	0	502	0	1646	114	1	381	1	0	1274	0	2135	511	1320	4435	2976	8117	1	903	6422	16188	14319	149	29087	196	40648	28261	59923	45620	157914	213115	850400	63136	47	0	0	0	0	0
FFQ	120	0	0	0	0	0	460	1	1753	110	1	474	6	0	1307	1	2172	581	1442	4727	3056	8210	0	942	6666	16331	14451	125	29699	191	40872	28417	60804	46074	157980	213593	840741	62634	40	0	0	0	0	0
FFQ	121	0	0	0	0	0	495	0	1719	114	1	407	7	0	1324	0	2204	584	1466	4539	3170	8171	2	974	6853	16566	15029	107	30001	194	41415	28850	61276	46641	158577	214420	831697	61307	31	0	0	0	0	0
FFQ	122	0	0	0	0	0	444	0	1565	111	1	388	2	0	1267	0	2267	544	1451	4682	3217	8357	0	971	6747	16468	15212	117	30555	173	41939	29169	61687	47040	158302	215871	823878	60183	20	0	0	0	0	0
FFQ	123	0	0	0	0	0	478	0	1669	89	2	403	0	0	1386	0	2163	582	1443	4774	3021	8518	1	1041	6895	16991	15602	98	30555	208	42235	29417	62064	47091	159570	216117	814937	59474	19	0	0	0	0	0
FFQ	124	0	0	0	0	0	519	0	1797	113	0	448	1	0	1373	0	2207	580	1459	4847	3136	8468	2	976	7094	17249	15679	115	31069	178	43261	29832	62824	47861	160346	216844	803817	58679	18	0	0	0	0	0
FFQ	125	0	0	0	0	0	466	0	1705	97	0	423	2	0	1407	0	2237	628	1443	4949	3345	8813	1	1024	7186	17287	15806	115	31763	210	43334	30235	63774	48436	159444	217262	795199	58226	6	0	0	0	0	0
FFQ	126	0	0	0	0	0	501	0	1824	120	0	432	0	0	1369	0	2410	599	1539	5031	3365	8663	0	1115	7150	17892	16165	111	31737	238	44323	30659	64367	48905	159650	219350	783674	57351	3	0	0	0	0	0
FFQ	127	0	0	0	0	0	500	0	1761	115	0	397	0	0	1465	0	2291	618	1480	5277	3345	8849	1	1100	7244	17724	16236	95	32000	223	44728	30909	64537	49305	159889	220474	774894	56965	3	0	0	0	0	0
FFQ	128	0	0	0	0	0	488	0	1862	122	0	424	1	0	1369	0	2429	602	1566	5330	3310	9101	1	1156	7337	17988	16748	109	32668	206	45049	31253	65478	49573	159424	220901	765192	56292	2	0	0	0	0	0
FFQ	129	0	0	0	0	0	555	0	1923	106	0	461	0	0	1461	0	2359	646	1560	5482	3531	9175	2	1125	7464	18346	16906	103	32811	213	45626	31614	65741	50183	160404	221772	754296	55137	0	0	0	0	0	0
FFQ	130	0	0	0	0	0	518	0	1909	119	0	443	1	0	1465	0	2383	652	1502	5641	3545	9090	1	1149	7586	18436	17134	92	32915	224	46226	31845	66690	51037	159468	223169	744347	54758	0	0	0	0	0	0
FFQ	131	0	0	0	0	0	542	0	2013	135	0	452	0	0	1577	0	2428	699	1587	5648	3633	9326	1	1223	7703	18738	17606	93	33764	226	46412	32230	66799	51635	159568	222952	734779	53269	0	0	0	0	0	0
FFQ	132	0	0	0	0	0	563	0	1955	110	0	506	2	0	1548	0	2486	675	1717	5856	3739	9333	0	1198	7887	18924	17559	88	34162	209	47162	32616	67794	51978	160230	223683	723500	52187	0	0	0	0	0	0
FFQ	133	0	0	0	0	0	499	0	2019	132	0	474	1	0	1558	0	2547	768	1615	5822	3827	9654	0	1165	8034	19153	18032	111	34331	202	47198	32667	68302	52279	160504	224137	714346	50781	1	0	0	0	0	0
FFQ	134	0	0	0	0	0	511	0	2001	130	1	451	1	0	1611	0	2519	637	1683	6045	3706	9814	2	1273	8111	19439	18399	72	34750	197	47943	32727	68874	52268	160455	224446	704846	49696	0	0	0	0	0	0
FFQ	135	0	0	0	0	0	552	0	2157	119	0	510	0	0	1617	0	2597	769	1756	6043	3850	9959	2	1307	8132	19642	18445	94	35342	246	48508	33512	69234	52926	160874	225236	692100	48831	0	0	0	0	0	0
FFQ	136	0	0	0	0	0	539	0	2233	129	0	486	3	0	1693	0	2608	768	1728	6144	3894	9918	0	1274	8518	19672	19031	75	35429	223	48806	33789	69595	52935	160328	225009	682666	48562	0	0	0	0	0	0
FFQ	137	0	0	0	0	0	566	0	2069	115	0	488	1	0	1610	0	2571	770	1699	6226	3941	9883	1	1280	8379	20159	19274	82	35944	218	49173	33683	70504	53365	160261	225211	672359	48095	0	0	0	0	0	0
FFQ	138	0	0	0	0	0	520	0	2171	123	0	479	1	0	1661	0	2605	711	1706	6401	3700	9815	0	1287	8427	20022	19161	78	36051	202	49934	34007	71488	54057	159181	225033	663030	47233	0	0	0	0	0	0
FFQ	139	0	0	0	0	0	557	0	2181	121	0	491	0	0	1725	0	2655	758	1772	6423	4083	9961	0	1352	8425	20074	19163	71	35957	225	50166	34414	71491	53976	159642	226380	651824	46468	0	0	0	0	0	0
FFQ	140	0	0	0	0	0	583	0	2237	111	0	504	1	0	1728	0	2640	745	1716	6464	4056	9996	0	1298	8615	20154	19498	77	36208	250	49801	34548	71441	54293	158343	225883	644227	45978	0	0	0	0	0	0
FFQ	141	0	0	0	0	0	535	0	2211	122	0	493	0	0	1680	0	2633	740	1677	6360	4233	10020	0	1299	8691	20197	19694	64	36065	222	50600	34360	71334	54728	157836	225905	635101	45425	0	0	0	0	0	0
FFQ	142	0	0	0	0	0	517	0	2179	130	0	546	0	0	1803	0	2726	796	1765	6500	4148	9863	1	1334	8565	20269	19981	75	36491	214	50523	34694	71839	55291	157402	225968	624075	44590	0	0	0	0	0	0
FFQ	143	0	0	0	0	0	532	0	2266	113	0	537	2	0	1641	0	2612	750	1762	6582	4176	9828	0	1325	8665	20198	20051	79	36807	196	50978	34877	72728	55507	156550	226014	613973	43687	0	0	0	0	0	0
FFQ	144	0	0	0	0	0	543	0	2060	105	0	484	4	0	1563	0	2612	811	1772	6567	4113	9739	1	1420	8588	20121	20149	67	36085	228	50819	35333	72491	55718	155681	226665	605384	42797	0	0	0	0	0	0
FFQ	145	0	0	0	0	0	486	0	2084	111	0	493	0	0	1597	0	2569	805	1815	6775	4071	9541	1	1388	8609	19984	20213	59	36469	262	51015	35413	73693	56501	155260	225925	593833	41836	0	0	0	0	0	0
FFQ	146	0	0	0	0	0	427	0	1869	80	0	404	1	0	1404	0	2536	836	1761	6739	4253	9505	0	1345	8502	19684	20221	73	36349	210	51323	35459	73399	56455	154758	227204	583605	40973	0	0	0	0	0	0
FFQ	147	0	0	0	0	0	365	0	1655	62	0	395	0	0	1206	0	2650	827	1804	6989	4292	9485	0	1364	8453	19859	20562	58	36574	231	51464	36005	74092	57098	153152	226343	572195	40609	0	0	0	0	0	0
FFQ	148	0	0	0	0	0	186	0	1027	30	0	257	1	0	731	0	2689	847	1739	6805	4312	9387	0	1398	8707	19728	20475	62	36410	219	51640	35801	73799	57064	152495	227573	563558	39573	0	0	0	0	0	0
FFQ	149	0	0	0	0	0	0	0	1	0	0	2	0	0	86	0	2636	803	1672	6528	3689	9610	0	1487	8552	20237	21283	63	37119	237	52786	35874	74297	57583	151083	226193	553528	38991	0	0	0	0	0	0
FFQ	150	0	0	0	0	0	0	0	0	0	0	0	0	0	0	0	0	0	0	0	0	10546	0	1598	9193	20899	21716	50	37750	219	53437	36135	74759	57721	149506	225225	543424	37137	0	0	0	0	0	0
# Last Fragment Qualities. Use `grep ^LFQ | cut -f 2-` to extract this part.
# Columns correspond to qualities and rows to cycles. First column is the cycle number.
LFQ	1	0	0	96	0	0	0	0	0	0	0	931	0	0	0	0	0	3439	0	0	35	0	0	94	1537	0	6978	3705	4756	16779	0	53452	448331	0	276422	1204530	0	0	0	0	0	0	0	0
LFQ	2	0	0	48	0	0	0	0	0	0	0	440	0	0	0	0	0	1642	0	0	135	0	0	266	1085	0	3086	3357	6429	8875	0	39552	382731	0	204262	1369177	0	0	0	0	0	0	0	0
LFQ	3	0	0	4	0	0	0	0	0	0	0	170	0	0	0	0	0	587	0	0	13	0	0	230	675	0	1416	2639	6150	5035	0	31226	354600	0	179609	1438731	0	0	0	0	0	0	0	0
LFQ	4	0	0	6	0	0	0	0	0	0	0	140	0	0	0	0	0	230	0	0	169	0	0	174	0	0	580	1080	86	1659	24	3949	166	6703	13764	0	233832	0	1758523	0	0	0	0	0
LFQ	5	0	0	2	0	0	0	0	0	0	0	320	0	0	0	0	0	444	0	0	290	0	0	354	0	0	980	1775	121	2573	34	5888	201	9107	17065	0	217045	0	1764886	0	0	0	0	0
LFQ	6	0	0	92	0	0	0	0	0	100	0	318	132	0	0	0	62	152	285	202	288	0	81	41	546	0	1161	1624	397	1214	1269	5771	1571	10801	13649	2	176963	22004	1782360	0	0	0	0	0
LFQ	7	0	0	7	0	0	0	0	0	58	0	215	76	0	0	0	64	153	385	205	248	0	87	41	569	1	1354	1852	534	1519	1385	6319	1530	12088	15571	2	182971	23004	1770847	0	0	0	0	0
LFQ	8	0	0	2	0	0	0	0	0	93	0	375	121	0	0	0	66	176	286	234	282	1	107	52	594	0	1426	2001	702	1331	1429	6521	1510	12388	15369	3	182581	22797	1770638	0	0	0	0	0
LFQ	9	0	0	0	0	0	0	0	0	68	0	243	93	0	1	0	65	189	366	210	229	1	134	42	632	1	1566	658	2129	1227	1437	6807	1281	10987	11802	6055	50937	51	119053	128969	1675852	0	0	0
LFQ	10	0	0	0	0	0	0	0	0	84	0	223	62	0	0	0	81	232	339	202	204	0	130	53	655	4	1534	666	2478	1032	1372	6961	1456	11521	11935	6778	51972	49	123430	126504	1671128	0	0	0
LFQ	11	0	0	0	0	0	1	0	0	121	0	258	90	1	0	0	90	241	313	246	176	3	140	53	697	4	1583	757	2669	518	1331	6806	1649	11561	10896	6405	52152	25	122715	139070	1660514	0	0	0
LFQ	12	0	0	0	0	0	0	2	2	193	2	421	115	0	1	0	120	330	388	292	244	2	200	95	834	13	1753	829	3239	403	1576	7589	1845	12577	11529	6802	54665	23	125564	138935	1650502	0	0	0
LFQ	13	0	0	0	0	0	0	3	4	125	1	265	65	1	0	1	128	260	323	254	223	5	198	74	817	21	1785	831	3334	365	1622	7691	1963	12793	11605	6787	55671	24	128638	142500	1642708	0	0	0
LFQ	14	0	0	0	0	0	0	1	4	135	3	257	55	4	0	1	35	370	352	247	206	9	264	73	544	395	1970	842	3428	281	1612	3185	6200	7105	13185	7902	9601	32226	28867	115937	94348	379586	1311855	0
LFQ	15	0	0	0	0	0	0	0	3	147	8	244	63	1	0	2	38	395	314	225	203	6	238	84	604	414	1979	805	3390	353	1556	3283	6329	7038	13169	7559	9764	31606	28018	115813	90973	379690	1316771	0
LFQ	16	0	0	0	0	0	0	3	1	154	6	245	56	8	1	6	52	460	319	255	233	6	278	93	602	444	1929	842	3308	350	1583	3684	6391	7313	13770	7650	10580	31972	28599	117741	90464	383692	1307995	0
LFQ	17	0	0	0	0	0	0	8	8	171	14	238	60	6	5	4	77	434	291	279	221	13	301	74	683	524	2019	883	3482	374	1694	3868	6621	7328	13905	7833	11113	32487	29523	119208	91897	385029	1300410	0
LFQ	18	0	0	0	0	0	0	9	6	191	27	268	81	10	5	14	86	414	298	308	255	19	334	99	735	615	2105	1037	3358	419	1729	4241	6742	7585	14634	8062	11886	33429	30522	122626	93839	387468	1287629	0
LFQ	19	0	0	0	0	0	0	9	9	293	53	408	84	8	7	17	112	437	86	619	269	22	353	112	742	737	2144	1032	3471	458	1856	4477	6769	7413	9670	13379	12426	30206	30860	111699	104674	391077	1285097	0
LFQ	20	0	0	0	0	0	0	10	15	192	62	268	53	7	9	16	155	422	103	605	295	41	418	122	805	887	2115	1089	3474	488	2030	4980	6962	7551	9967	14248	13314	31353	31520	114381	108408	395883	1268837	0
LFQ	21	0	0	0	0	0	0	14	12	222	78	229	44	9	9	12	198	402	124	515	320	37	424	147	815	968	2132	1160	3430	509	1887	5284	7202	7396	10218	14165	14173	31579	32772	116914	110636	398640	1258409	0
LFQ	22	0	0	0	0	0	0	14	22	309	132	337	69	22	16	28	220	496	129	587	403	35	517	195	908	1134	2176	1316	3530	608	2071	5702	7358	7391	10951	14482	15433	31738	33113	120217	112633	403289	1243504	0
LFQ	23	0	0	0	0	0	1	37	47	272	124	235	42	28	17	33	308	485	143	552	368	67	577	218	919	1253	2259	1391	3604	681	2169	6310	7497	7690	11360	14895	16846	32806	34210	124353	113625	408199	1227464	0
LFQ	24	0	0	0	0	0	1	54	47	359	162	193	45	52	20	59	343	469	128	533	399	77	655	243	985	1296	2324	1531	3481	740	2231	6590	7786	7686	11841	14868	17795	32716	35514	128804	111075	405341	1224642	0
LFQ	25	0	0	0	0	0	2	68	57	375	202	217	52	49	32	72	380	505	136	481	454	146	851	319	1130	1562	2390	1587	3543	898	2381	7293	8277	7658	12473	15181	19805	33418	36270	133951	112847	414908	1201115	0
LFQ	26	0	0	0	0	0	2	90	82	475	272	216	33	61	34	95	470	539	183	473	452	147	931	343	1093	1634	2498	1775	3478	982	2418	7625	8632	7841	13360	15216	21522	34112	37997	139217	113214	423300	1179275	0
LFQ	27	0	0	0	0	0	4	81	104	495	304	221	44	62	46	84	472	495	166	547	522	189	1053	397	1170	1697	2437	2030	3511	1056	2509	8125	8892	7936	14027	15273	23367	34531	39141	141931	114737	428935	1162415	0
LFQ	28	0	0	0	0	0	0	95	92	507	366	126	21	65	38	118	544	482	173	515	530	189	1157	455	1199	1885	2472	2014	3473	1162	2677	8343	9194	8022	14626	15623	25331	34989	40597	145080	114633	436061	1144753	0
LFQ	29	0	0	0	0	0	3	105	142	485	322	104	20	66	72	129	604	446	149	481	530	259	1236	489	1105	1942	2359	2271	3423	1412	2764	8741	9572	8024	15583	15552	27154	34902	41617	147734	115791	441236	1129225	0
LFQ	30	0	0	0	0	0	5	145	123	536	380	102	24	77	70	141	594	453	126	524	584	281	1146	602	1379	1973	2387	2467	3565	1528	2895	8655	10078	8063	16463	15824	29699	35227	43532	150806	116096	444898	1113426	0
LFQ	31	0	0	0	0	0	4	194	216	693	550	103	32	94	83	174	734	464	159	555	640	312	1323	624	1473	2110	2414	2773	3498	1699	3058	9118	10498	8790	17576	16257	32211	36430	46035	154970	118616	447245	1091860	0
LFQ	32	0	0	0	0	0	3	117	125	412	352	40	19	103	71	123	594	425	117	468	496	329	1171	649	1364	1887	2165	2464	3046	1764	2869	8471	9939	7885	16679	15085	33490	32979	47302	142021	131039	448685	1097757	0
LFQ	33	0	0	0	0	0	2	114	115	391	307	38	20	82	70	152	554	355	106	439	468	275	1149	593	1229	1817	2007	2490	2998	1872	2909	8248	9788	8021	17182	15524	36154	34077	48266	139353	123650	439758	1110884	0
LFQ	34	0	0	0	0	0	1	146	128	412	341	23	27	80	70	174	575	299	119	483	531	353	1299	587	1393	1856	1957	2762	3013	2053	3137	7965	10081	8299	17952	15880	39556	35116	50874	140784	124252	431722	1106026	0
LFQ	35	0	0	0	0	0	10	148	176	376	306	13	30	107	94	172	553	279	114	506	569	389	1218	671	1382	2063	1887	2793	3067	2214	3462	8083	10378	8586	19037	16761	43391	36754	54792	142176	127989	429684	1089024	0
LFQ	36	0	0	0	0	0	6	185	194	380	284	12	29	131	104	228	565	279	123	553	521	415	1303	665	1389	2041	1746	3179	3070	2513	3422	7772	10768	9317	19635	17395	47980	38538	58851	142568	132534	429483	1069925	0
LFQ	37	0	0	0	0	0	5	170	215	391	317	3	44	117	121	248	539	267	138	586	560	456	1407	806	1476	2053	1670	3517	3197	2726	3741	7839	11234	9517	20803	18486	53540	41217	63727	143448	139622	429150	1043558	0
LFQ	38	0	0	0	0	0	8	187	200	360	293	2	47	123	136	253	518	233	157	603	605	506	1419	859	1634	2085	1591	3818	3396	3157	3984	7848	11685	10446	21870	19649	60200	43561	69483	144520	146858	427021	1016442	0
LFQ	39	0	0	0	0	0	8	258	273	503	420	5	53	146	158	265	559	266	181	670	687	632	1207	824	2077	2122	1550	4071	3432	3375	4280	7763	12175	10981	23377	21363	67659	47209	75990	143726	156246	423291	986680	0
LFQ	40	0	0	0	0	0	10	184	226	359	263	1	51	120	143	285	492	255	173	585	633	666	1115	1012	2137	2056	1372	4085	3196	3627	4228	7673	12005	11065	23777	22232	75958	48186	82661	132509	170810	403803	985321	0
LFQ	41	0	0	0	0	0	8	209	243	363	233	3	55	138	162	324	464	210	189	698	653	714	1195	979	2310	2086	1290	4368	3310	3928	4448	7496	12690	11587	24553	23540	85750	51535	90236	128847	173195	385278	978633	0
LFQ	42	0	0	0	0	0	20	294	320	498	337	6	78	182	186	373	421	208	228	767	679	826	1217	1153	2388	2162	1385	4794	3363	4268	5019	7509	13209	12472	26161	26262	97939	56367	98491	127248	178904	371575	953188	0
LFQ	43	0	0	0	0	0	14	248	260	354	186	5	81	179	188	393	427	214	225	799	609	957	1294	1160	2611	2230	1312	5057	3454	4743	5261	7818	13565	13097	27660	28250	111572	61242	107763	125390	189765	359103	921717	0
LFQ	44	0	0	0	0	0	21	201	283	349	207	5	88	171	206	388	403	236	249	811	642	888	1282	1214	2760	2213	1288	5326	3545	5107	5505	8022	14417	13867	29350	31255	127952	66481	117775	122419	198392	349098	885405	0
LFQ	45	0	0	0	0	0	18	242	331	384	172	6	88	189	184	401	307	201	252	813	721	1381	1022	1252	3001	2291	1551	5705	3711	5472	6021	8282	15222	14729	31040	34593	145974	73042	129071	121981	207837	337556	841317	0
LFQ	46	0	0	0	0	0	21	257	299	351	167	9	98	205	229	397	290	167	252	858	677	1435	1050	1383	3139	2341	1488	5999	3782	5909	6517	8782	15767	15682	33131	36964	166434	79652	139297	118371	218397	326885	798164	0
LFQ	47	0	0	0	0	0	25	264	316	384	133	7	109	201	221	448	324	165	274	952	686	1606	1053	1374	3374	2394	1625	6520	3824	5919	6999	9151	16444	16473	35890	40767	189761	86209	151638	115482	226002	312169	754101	0
LFQ	48	0	0	0	0	0	19	295	381	445	175	13	129	198	271	426	299	189	296	1000	692	1773	1063	1462	3717	2476	1668	6795	4009	6429	7609	9643	17503	17282	38023	44221	215994	93665	163067	112031	233375	298636	706119	0
LFQ	49	0	0	0	0	0	27	241	324	457	149	9	100	169	264	416	261	141	278	894	547	1577	1077	1435	2885	2541	1381	6363	4208	6371	7563	9794	17585	17724	40354	48279	246061	101476	175292	102191	247664	286663	657196	0
LFQ	50	0	0	0	0	0	22	224	318	351	70	10	107	178	253	400	273	173	258	1026	620	1697	1015	1551	2946	2560	1429	6589	4300	6217	7993	9977	18087	17871	42439	52209	278331	109209	185309	97642	251013	270359	615446	0
LFQ	51	0	0	0	0	0	38	208	340	355	84	16	82	183	213	416	256	161	275	960	546	1920	989	1450	3160	2745	1473	6799	4584	6476	8307	10639	18911	18865	44693	55800	312725	117528	195116	93087	252561	251905	573037	0
LFQ	52	0	0	0	0	0	23	171	308	281	52	13	90	161	160	311	233	130	250	878	386	1897	787	1346	2792	2578	1299	6145	4120	5898	7922	10563	18054	18086	46481	58228	351879	124617	204756	85425	261340	233500	534380	0
LFQ	53	0	0	0	0	0	29	164	287	247	38	20	92	180	197	350	243	107	256	911	412	1942	781	1328	2940	2602	1342	6256	4354	5858	7962	10644	18007	18247	48707	62166	392274	132902	212964	80307	258906	215317	494830	0
LFQ	54	0	0	0	0	0	34	159	286	221	45	14	111	175	165	361	222	127	295	1019	372	2016	854	1378	3104	2641	1452	6285	4498	5789	8509	11134	18698	18642	51437	66228	436003	139473	219651	75269	255661	197790	452669	0
LFQ	55	0	0	0	0	0	25	147	308	258	20	20	106	132	179	384	208	130	329	1040	350	2016	1015	1451	3269	1837	2464	6516	4636	5916	9053	11704	19591	19340	54786	71193	480002	146815	224589	71580	249793	181722	408477	0
LFQ	56	0	0	0	0	0	26	184	334	232	27	28	133	141	185	385	239	149	327	1083	323	2225	1031	1410	3446	1962	2729	6449	4703	6049	9309	12645	20668	19684	58865	75940	525692	153693	228110	67193	242712	165039	366624	0
LFQ	57	0	0	0	0	0	30	163	337	240	21	25	131	139	168	392	267	119	370	1157	337	2443	1009	1571	3702	2060	2791	6715	5136	6001	9786	13352	21685	20867	63342	81616	571286	159623	229935	62571	234276	149966	324858	0
LFQ	58	0	0	0	0	0	49	232	448	331	26	26	135	159	212	419	308	125	362	1250	267	2563	1039	1566	3790	1953	2996	6782	5393	6041	10180	13898	22876	21615	67741	86606	618294	165615	229817	57755	223827	135629	286600	0
LFQ	59	0	0	0	0	0	56	227	554	377	29	55	145	200	224	392	316	150	403	1463	272	2212	862	2650	2580	1639	2976	9140	5704	5971	10404	14588	23960	22382	72045	92426	664641	170410	227323	54016	212172	120810	251567	0
LFQ	60	0	0	0	0	0	55	158	400	210	11	35	133	180	204	321	370	105	418	1476	230	2420	807	2814	2624	1607	3121	9507	6103	6006	11032	15057	24618	22877	76011	97581	711725	174839	223779	49490	199625	107586	220251	0
LFQ	61	0	0	0	0	0	43	140	401	190	8	46	141	144	151	310	388	140	405	1438	214	2442	770	2817	2725	1767	3125	9758	6295	5777	11377	15810	25836	23120	80169	102617	758310	178125	219006	45369	185722	96312	190767	0
LFQ	62	0	0	0	0	0	64	174	552	282	8	56	152	192	167	341	369	102	422	1591	188	2512	813	2852	2715	1742	3415	10007	6587	5570	11391	16320	26733	23763	84225	107586	804199	181061	210928	40810	172170	84704	165570	0
LFQ	63	0	0	0	0	0	69	127	391	205	4	64	159	188	160	309	404	120	436	1693	176	2669	785	3097	2888	1695	3677	10407	6963	5554	11863	16862	27780	24736	89293	113581	847609	182216	201275	37120	157994	73767	142317	0
LFQ	64	0	0	0	0	0	83	189	598	251	2	66	165	228	140	320	498	123	465	1809	152	2852	744	3350	2910	1725	3844	10977	7568	5529	12118	17528	28983	25461	93548	120387	889270	181869	189955	33851	144369	64504	120357	0
LFQ	65	0	0	0	0	0	73	128	465	183	2	75	160	222	137	301	450	169	474	1454	536	3040	774	2441	4198	1833	4202	10559	4783	5415	16550	18176	30392	25839	98309	126276	928764	180618	178836	30519	130704	56193	101725	0
LFQ	66	0	0	0	0	0	72	129	512	179	0	77	143	258	122	281	467	156	528	1463	545	3228	714	2572	4420	1777	4227	10588	5005	5351	17320	18533	31449	26650	103206	131281	966028	179677	167419	27173	117326	48963	85302	0
LFQ	67	0	0	0	0	0	94	99	478	163	1	89	140	221	99	250	533	171	518	1492	601	3292	683	2637	4439	1867	4396	10607	4986	5087	17535	18632	31774	26727	106607	135810	1004842	176883	155848	23971	105702	41991	71999	0
LFQ	68	0	0	0	0	0	93	100	481	160	0	93	106	277	86	248	586	177	554	1463	621	3269	645	2775	4576	1828	4556	10694	5265	4843	18331	19010	32988	27394	111020	140019	1038590	173711	143298	21336	95029	35779	59415	0
LFQ	69	0	0	0	0	0	86	96	471	159	0	105	121	254	91	256	615	174	567	1575	654	3506	621	3035	4561	1841	4836	10674	5350	4588	18626	19444	33913	27634	115035	145288	1068858	169524	131887	19156	84528	30317	49197	0
LFQ	70	0	0	0	0	0	86	92	518	155	0	114	147	295	65	258	573	176	556	1593	681	3561	582	674	3292	5823	5125	10755	5595	4401	19111	19618	34594	28450	118249	149363	1097091	165964	121323	16526	74124	25703	40523	0
LFQ	71	0	0	0	0	0	111	95	528	139	0	118	134	299	66	218	695	215	588	1587	711	3623	585	667	3299	6025	5237	10828	5764	4028	19619	19687	35326	28760	121697	153304	1123984	161675	109909	14474	65077	21531	33275	0
LFQ	72	0	0	0	0	0	110	90	591	133	0	133	135	327	56	234	652	195	633	1630	788	3905	545	637	3406	6485	5537	11317	5901	4062	20199	20154	36527	29040	124871	158469	1145219	156209	99070	12758	56903	18057	26894	0
LFQ	73	0	0	0	0	0	111	67	581	132	1	124	111	334	56	200	726	179	577	1675	769	3850	487	637	3393	6598	5803	11205	6135	3737	20827	20295	37114	29788	128255	162176	1164846	152624	90075	10925	48900	14847	21688	0
LFQ	74	0	0	0	0	0	128	77	619	119	0	147	123	364	69	170	764	224	655	1717	846	4162	472	599	3389	6828	6021	11293	6444	3494	21592	20820	38032	30197	131397	166404	1180860	147774	80909	9533	42380	11870	17262	0
LFQ	75	0	0	0	0	0	161	60	635	120	0	170	117	392	59	190	811	203	677	1851	901	4378	407	641	3511	7201	6251	4628	13316	3383	22085	21027	39647	30698	134437	171067	1193449	142874	72517	8196	36258	9824	13569	0
LFQ	76	0	0	0	0	0	166	73	658	132	0	156	100	348	51	169	837	211	672	1828	971	4367	413	613	3628	7521	6529	4417	13898	3140	22737	20848	39983	31163	137779	174644	1206362	137388	64437	7158	31641	7875	10495	0
LFQ	77	0	0	0	0	0	146	53	688	114	0	155	101	428	37	171	878	214	696	1977	1019	4533	394	648	3699	8005	6699	4206	14535	2993	23452	21135	40747	31731	141275	179465	1213782	133101	56801	5792	26957	6428	8104	0
LFQ	78	0	0	0	0	0	184	67	808	131	0	195	114	490	44	146	950	227	722	1999	1116	4781	393	630	3836	8111	7046	3903	15136	2888	24104	21169	41563	32493	143861	182222	1221870	128489	50281	4896	22944	4797	6115	0
LFQ	79	0	0	0	0	0	150	54	657	103	0	195	120	450	40	133	1000	252	705	1942	1145	4746	321	579	3838	8297	7098	3524	15572	2646	24243	21416	42206	32713	147370	185248	1229027	124854	44376	4196	19149	3550	4462	0
LFQ	80	0	0	0	0	0	168	48	658	106	0	201	91	489	25	124	940	212	733	2047	1156	4675	305	604	3872	8554	7312	3195	16178	2302	24626	21124	42614	33283	149766	188375	1234872	121168	39062	3452	15678	2707	3263	0
LFQ	81	0	0	0	0	0	161	46	680	109	2	179	87	497	26	107	1006	255	744	2094	1298	4815	284	599	3826	8663	7411	3029	16573	2154	25507	21408	43531	33586	151927	193211	1235982	117287	34095	2836	13041	2029	2326	0
LFQ	82	0	0	0	0	0	198	36	685	94	0	200	85	492	22	112	1070	246	783	2256	1302	4967	254	605	4052	9162	7674	2781	17123	1927	25985	21852	44453	34064	155409	196519	1235500	113517	29497	2275	10722	1478	1612	0
LFQ	83	0	0	0	0	0	169	33	726	94	0	216	70	531	20	87	1065	240	724	2187	1375	4949	252	566	3970	9337	8007	2457	17503	1792	26997	21988	45077	34903	156912	199873	1235932	110097	25874	1784	8589	962	1125	0
LFQ	84	0	0	0	0	0	200	37	748	104	0	236	69	559	23	87	1100	257	785	2287	1429	5110	206	646	3899	9484	8097	2306	18289	1673	27248	21819	45919	35141	159827	203414	1233727	107531	22145	1406	6768	663	721	0
LFQ	85	0	0	0	0	0	193	26	761	102	1	237	46	562	19	73	1050	252	800	2256	1452	5027	172	664	3967	9625	8230	2070	18441	1436	27481	22186	46717	35999	161598	206343	1232535	105168	18843	1041	5084	437	463	0
LFQ	86	0	0	0	0	0	206	21	725	116	1	246	76	587	12	53	1133	263	842	2337	1467	5187	181	597	4062	10006	8506	1850	18951	1299	28334	22437	47607	36257	163696	210823	1227510	102001	16214	764	3848	253	272	0
LFQ	87	0	0	0	0	0	246	25	820	118	0	259	59	606	8	68	1197	286	852	2512	1621	5407	176	666	4317	10068	8853	1714	19828	1205	29262	22944	48472	37320	167164	214452	1219515	98579	13427	566	2965	152	158	0
LFQ	88	0	0	0	0	0	239	18	868	95	0	277	44	572	6	52	1171	299	839	2445	1596	5340	143	623	4431	10628	8947	1592	19747	1036	29177	22970	49202	37468	169179	216733	1217667	95718	11350	451	2037	92	87	0
LFQ	89	0	0	0	0	0	241	16	911	95	0	295	60	676	6	47	1289	301	854	2697	1745	5404	136	661	4494	10646	8974	1437	20504	1001	30017	23301	49977	38018	170938	220147	1210384	93574	9400	298	1494	59	48	0
LFQ	90	0	0	0	0	0	220	17	816	92	0	257	39	702	11	34	1288	303	926	2675	1778	5569	103	664	4464	10659	9197	1278	21089	913	30176	23261	50684	39242	173662	223197	1204037	90710	7871	208	1013	20	23	0
LFQ	91	0	0	0	0	0	314	28	1160	111	0	322	48	802	9	49	1318	336	969	2875	1843	5550	96	770	4536	11310	9881	1193	21654	822	31134	24063	52544	39768	176254	226904	1192747	87590	6266	146	649	14	10	0
LFQ	92	0	0	0	0	0	251	9	941	100	0	304	39	724	8	37	1365	324	919	2836	1902	5885	81	736	4684	11568	9926	1061	22277	730	32284	24277	52864	40346	178867	230774	1183254	85908	4923	81	427	7	1	0
LFQ	93	0	0	0	0	0	234	14	897	113	2	316	34	740	9	33	1417	332	978	2878	1968	5659	66	790	4560	11593	9867	902	22513	646	32331	24764	53477	40876	182036	234385	1174370	84626	3922	58	274	2	0	0
LFQ	94	0	0	0	0	0	243	14	936	102	0	330	20	710	5	25	1341	342	927	2927	2034	5727	72	834	4679	11867	10241	826	23112	623	32996	24840	54750	41557	183939	237293	1165362	82485	3198	33	152	0	0	0
LFQ	95	0	0	0	0	0	229	1	908	103	0	296	23	5	745	25	1345	324	916	2836	1960	5688	47	808	4723	11887	10203	725	23112	578	33055	25210	55058	42497	185065	238719	1160430	81052	2557	17	87	0	0	0
LFQ	96	0	0	0	0	0	267	3	917	127	1	311	28	10	772	17	1472	342	1043	3047	2051	5753	51	775	4722	12133	10486	659	23951	485	33794	25150	56594	43113	187832	242820	1147724	79334	1959	7	57	0	0	0
LFQ	97	0	0	0	0	0	257	5	957	107	0	286	19	7	775	24	1367	343	972	3096	2037	5938	27	862	4885	12283	10552	588	24100	480	34272	25712	57351	43869	188771	246965	1138489	77642	1554	7	23	0	0	0
LFQ	98	0	0	0	0	0	260	9	944	95	2	305	24	2	810	14	1423	380	1026	3134	2096	5905	27	898	4977	12345	10620	526	24390	421	35040	25931	58077	44858	191292	248969	1129313	76114	1247	3	17	0	0	0
LFQ	99	0	0	0	0	0	230	3	904	97	0	321	20	3	845	14	1392	338	984	3039	2019	5904	25	952	4856	12517	10699	454	24733	385	34839	26016	58213	44634	192597	250694	1124742	74778	1015	1	7	0	0	0
LFQ	100	0	0	0	0	0	247	1	924	94	1	322	16	2	863	14	1467	320	957	3115	2093	5926	21	872	5090	12612	10764	382	25009	330	35518	26570	59166	45116	194158	253213	1115633	73165	817	2	2	0	0	0
LFQ	101	0	0	0	0	0	177	1	748	72	1	270	21	1	802	12	1320	346	907	3219	2131	6185	11	900	5069	12968	11421	350	25845	338	36372	27317	61331	46714	197880	259777	1095886	71421	681	0	0	0	0	0
LFQ	102	0	0	0	0	0	125	2	678	191	1	854	45	5	464	2	3257	177	2959	2440	6705	19015	16	304	15976	44152	33311	1102	89264	616	131710	84925	187319	168507	261429	433229	366332	11247	248	0	0	0	0	0
LFQ	103	0	0	0	0	0	132	6	543	79	0	319	14	2	462	7	1400	164	1113	1797	2780	7575	12	264	6176	18567	13471	397	40283	228	64448	46095	120772	105514	342675	494615	579027	15045	305	0	0	0	0	0
LFQ	104	0	0	0	0	0	121	1	472	55	0	184	6	1	427	2	1028	176	792	1629	1814	5198	4	319	4247	11965	9101	226	24697	136	37747	27871	70433	56866	262288	355668	949319	38564	404	0	0	0	0	0
LFQ	105	0	0	0	0	0	172	0	711	69	1	223	12	1	458	2	1026	195	721	1747	1596	4363	3	378	3687	9939	7686	151	20318	84	30482	22737	54549	42563	205290	272839	1116142	60600	393	0	0	0	0	0
LFQ	106	0	0	0	0	0	149	1	476	58	0	205	11	1	504	1	1070	189	707	1726	1598	4300	3	427	3356	9370	7564	141	19144	80	27756	21021	49136	37856	185718	244007	1168659	71630	371	0	0	0	0	0
LFQ	107	0	0	0	0	0	162	1	557	74	0	209	9	0	469	0	998	214	650	1716	1447	4242	2	478	3281	9311	7478	103	18698	116	27092	20357	47120	36488	178924	235176	1182831	76646	318	0	0	0	0	0
LFQ	108	0	0	0	0	0	181	1	565	72	1	215	7	0	479	1	1019	211	707	1908	1400	4307	6	492	3496	9403	7065	89	18631	109	26886	20155	46770	36095	178115	231018	1185333	78155	261	0	0	0	0	0
LFQ	109	0	0	0	0	0	168	0	528	73	0	201	6	1	498	2	1076	168	712	1773	1536	4292	0	456	3528	9380	7166	85	18896	93	27003	20341	47529	36280	178565	233877	1178829	77959	216	0	0	0	0	0
LFQ	110	0	0	0	0	0	169	0	525	60	0	204	6	0	507	4	1038	175	711	1817	1418	4186	1	506	3511	9298	7174	61	18665	99	26837	20327	47243	36153	180015	233734	1176666	77928	186	0	0	0	0	0
LFQ	111	0	0	0	0	0	172	0	532	66	0	185	2	0	487	0	1044	202	658	1962	1527	4485	1	507	3466	9436	7470	61	19115	99	27484	20787	48355	37187	182070	236777	1166328	76541	148	0	0	0	0	0
LFQ	112	0	0	0	0	0	175	2	582	89	4	202	3	0	476	0	1016	227	687	1874	1496	4333	2	482	3442	9414	7273	64	19093	95	27750	20972	48910	37594	183337	239849	1158985	76599	129	0	0	0	0	0
LFQ	113	0	0	0	0	0	175	0	543	77	2	190	7	0	513	0	1087	232	735	1979	1505	4299	2	531	3499	9639	7559	50	19445	93	28087	21216	49758	38212	184822	243116	1150567	74943	103	0	0	0	0	0
LFQ	114	0	0	0	0	0	221	1	784	77	0	262	4	0	620	0	1060	231	760	2092	1571	4534	0	598	3667	9989	7676	42	19939	127	28956	21718	50823	38916	186717	245065	1139898	74000	78	0	0	0	0	0
LFQ	115	0	0	0	0	0	183	0	626	84	0	225	3	0	599	0	1166	249	782	2156	1698	4696	0	628	3926	10444	8049	38	20770	107	29612	22675	52140	40030	189598	250099	1124856	72711	66	0	0	0	0	0
LFQ	116	0	0	0	0	0	256	0	782	78	0	254	4	0	582	0	1211	277	792	2252	1704	4760	0	608	3897	10509	8114	43	21288	102	30664	23109	53563	40867	191398	253351	1113568	71410	50	0	0	0	0	0
LFQ	117	0	0	0	0	0	211	0	633	85	1	250	7	0	563	0	1202	274	824	2260	1786	4866	0	643	3927	10948	8552	39	21932	119	30986	23908	54871	42348	194630	256214	1101410	69751	44	0	0	0	0	0
LFQ	118	0	0	0	0	0	230	0	657	100	0	222	0	0	568	0	1190	246	850	2437	1651	4897	0	684	4110	11117	8646	27	22383	103	31776	24381	56233	43011	196779	261585	1088748	68324	33	0	0	0	0	0
LFQ	119	0	0	0	0	0	194	0	629	83	1	246	4	0	620	0	1143	254	785	2422	1764	4897	0	638	4058	11030	8912	29	22757	109	32179	24651	56483	44130	198650	264030	1079884	67994	31	0	0	0	0	0
LFQ	120	0	0	0	0	0	208	0	660	89	0	255	2	0	648	0	1182	263	824	2416	1829	4938	1	718	4090	11245	8922	29	22998	101	33174	25393	57524	44950	200505	267561	1068960	66818	12	0	0	0	0	0
LFQ	121	0	0	0	0	0	212	0	735	80	1	281	2	0	665	0	1330	270	864	2483	1766	5097	0	743	4269	11699	9218	30	23836	122	33761	25845	60095	46199	202977	272147	1053842	65386	12	0	0	0	0	0
LFQ	122	0	0	0	0	0	177	0	705	86	1	263	2	0	693	0	1254	236	845	2560	1852	5126	0	784	4399	12035	9327	28	24382	122	34447	26379	61194	46811	205652	275658	1042386	64122	13	0	0	0	0	0
LFQ	123	0	0	0	0	0	251	0	945	86	1	254	2	0	796	0	1323	300	849	2817	1910	5436	0	789	4387	12070	9474	23	24752	100	35452	27085	61866	48147	207699	277414	1030975	63442	6	0	0	0	0	0
LFQ	124	0	0	0	0	0	245	0	868	105	0	328	6	0	762	0	1371	307	926	2791	2054	5634	0	837	4597	12520	10020	34	26086	113	36488	27950	63779	49000	209350	281847	1016310	61607	5	0	0	0	0	0
LFQ	125	0	0	0	0	0	233	0	780	69	1	263	4	0	775	0	1318	305	862	2907	1959	5411	1	830	4647	12540	10100	22	26144	124	37169	28227	65070	49933	211883	285499	1005149	61270	2	0	0	0	0	0
LFQ	126	0	0	0	0	0	213	0	772	93	2	287	4	0	759	0	1282	283	890	2850	1998	5532	0	858	4675	13110	10410	23	26693	119	37932	29008	66052	51307	212564	288562	994562	59953	2	0	0	0	0	0
LFQ	127	0	0	0	0	0	289	0	798	91	0	316	1	0	755	0	1395	330	936	3201	2127	5852	0	877	4898	13382	10734	18	27717	132	39263	30314	68515	53019	214282	292757	977187	58921	3	0	0	0	0	0
LFQ	128	0	0	0	0	0	245	0	873	99	0	344	1	0	887	0	1512	357	931	3201	2134	6157	0	955	5105	14063	11014	21	28749	133	40651	31284	70551	54917	216705	296347	960229	57789	1	0	0	0	0	0
LFQ	129	0	0	0	0	0	275	0	991	94	2	331	3	0	872	0	1444	343	973	3298	2059	6188	0	1001	5248	13867	11267	21	29365	130	40859	31734	71362	55915	218606	299201	950281	56310	3	0	0	0	0	0
LFQ	130	0	0	0	0	0	265	0	945	119	0	321	4	0	906	0	1484	396	1059	3501	2165	6398	0	1021	5305	14845	11826	14	30183	130	42613	32869	74208	57399	220414	303590	931665	55390	0	0	0	0	0	0
LFQ	131	0	0	0	0	0	280	0	978	89	0	326	2	0	973	0	1575	413	1051	3596	2248	6588	0	1101	5591	15050	12001	13	30927	135	43977	33321	75059	58862	221521	304622	921404	54219	0	0	0	0	0	0
LFQ	132	0	0	0	0	0	290	0	1031	104	1	349	1	0	1002	0	1641	412	1116	3759	2403	6491	0	1083	5685	15626	12738	30	31886	174	44958	34343	77090	59939	223032	307727	907123	52641	0	0	0	0	0	0
LFQ	133	0	0	0	0	0	285	0	1018	107	0	340	1	0	999	0	1674	446	1147	3757	2455	6729	0	1174	5795	15814	12718	12	32363	118	45908	35067	78454	60931	223817	310206	897162	50810	0	0	0	0	0	0
LFQ	134	0	0	0	0	0	318	0	1054	102	3	389	5	0	1077	0	1740	431	1171	3923	2430	7003	0	1192	6078	16192	13293	16	33779	139	47378	35852	80042	61879	225098	313763	881333	50245	0	0	0	0	0	0
LFQ	135	0	0	0	0	0	292	0	1075	120	1	388	2	0	1056	0	1698	474	1133	4096	2553	7226	0	1217	6291	16865	13653	24	34224	154	48031	37001	81762	63574	227576	315219	867426	49343	0	0	0	0	0	0
LFQ	136	0	0	0	0	0	335	0	1112	124	0	374	5	0	1083	0	1800	458	1248	4283	2588	7255	0	1318	6318	17126	14119	20	35370	156	49663	37560	83540	65271	227695	316918	855288	47785	0	0	0	0	0	0
LFQ	137	0	0	0	0	0	310	0	1110	125	0	415	2	0	1195	0	1829	457	1213	4303	2664	7575	0	1303	6377	17399	14376	14	36344	159	50792	38354	85063	66368	228787	320163	841006	47468	0	0	0	0	0	0
LFQ	138	0	0	0	0	0	306	0	1181	98	1	411	2	0	1216	0	1780	469	1267	4451	2653	7741	0	1348	6534	17802	14579	23	36649	160	51780	39619	86249	67376	229210	322424	830169	45873	0	0	0	0	0	0
LFQ	139	0	0	0	0	0	310	0	1197	125	1	375	0	0	1157	0	1800	507	1317	4411	2580	7611	0	1337	6735	17718	14823	17	37297	154	51899	39816	87851	68635	229076	324289	820708	45683	0	0	0	0	0	0
LFQ	140	0	0	0	0	0	345	0	1280	131	1	409	4	0	1177	0	1814	485	1322	4730	2820	7860	0	1381	6993	18447	15504	21	38013	163	53120	40865	89228	70196	229776	325207	806819	45046	0	0	0	0	0	0
LFQ	141	0	0	0	0	0	358	0	1279	132	2	426	9	0	1277	0	1857	514	1358	5065	2906	8070	0	1495	7054	19266	16245	22	39161	172	55030	41874	90942	71539	229833	327125	791943	43807	0	0	0	0	0	0
LFQ	142	0	0	0	0	0	392	0	1428	130	0	463	2	0	1311	0	2105	529	1373	5223	3014	8410	0	1506	7571	19897	16744	21	40863	174	56946	43279	94226	73318	229459	329483	773684	42419	0	0	0	0	0	0
LFQ	143	0	0	0	0	0	372	0	1507	118	1	532	3	0	1322	0	2110	593	1492	5274	3159	8517	0	1551	7674	20266	17171	12	41864	151	58251	43871	96174	74402	230081	330628	760214	41211	0	0	0	0	0	0
LFQ	144	0	0	0	0	0	324	0	1370	118	1	456	2	0	1333	0	2179	623	1511	5434	3255	8437	0	1591	7791	20376	17839	10	42306	161	59338	45017	97369	76193	229337	332966	747065	40505	0	0	0	0	0	0
LFQ	145	0	0	0	0	0	347	0	1408	118	1	493	3	0	1278	0	2071	620	1473	5503	3231	8571	0	1631	7806	21013	17802	11	42670	151	60620	45783	98348	77450	229592	333982	735140	39669	0	0	0	0	0	0
LFQ	146	0	0	0	0	0	322	0	1245	100	1	402	4	0	1092	0	2080	589	1432	5666	3359	8565	0	1678	8083	21143	18521	18	43528	198	61379	46565	99654	77850	228835	335320	723569	39062	0	0	0	0	0	0
LFQ	147	0	0	0	0	0	252	0	1083	91	0	368	8	0	1038	0	2152	649	1533	5851	3341	8684	0	1791	8118	21257	19010	22	44421	186	62816	47491	102040	79577	228803	335873	708995	37881	0	0	0	0	0	0
LFQ	148	0	0	0	0	0	113	0	726	42	0	239	2	0	675	0	2343	690	1589	6447	3552	8973	0	1791	8566	22491	19997	16	45722	206	64879	48756	103913	82022	227237	337918	690153	36767	0	0	0	0	0	0
LFQ	149	0	0	0	0	0	2	0	6	0	0	1	0	0	91	0	2417	701	1587	6191	3374	9217	0	1831	8846	22947	20677	17	46789	184	66669	49306	105442	83191	226554	338146	677006	35730	0	0	0	0	0	0
LFQ	150	0	0	0	0	0	0	0	0	0	0	0	0	0	0	0	0	0	0	0	0	9725	0	1596	8769	22903	20218	12	46133	161	65962	48745	105142	83082	224465	338419	677328	35172	0	0	0	0	0	0
# GC Content of first fragments. Use `grep ^GCF | cut -f 2-` to extract this part.
GCF	3.52	0
GCF	7.29	1
GCF	8.04	0
GCF	8.79	1
GCF	9.30	2
GCF	10.05	3
GCF	11.31	4
GCF	12.56	5
GCF	13.82	4
GCF	14.82	6
GCF	15.33	8
GCF	15.83	11
GCF	16.33	13
GCF	16.83	14
GCF	17.34	18
GCF	17.84	27
GCF	18.34	31
GCF	18.84	34
GCF	19.35	42
GCF	19.85	66
GCF	20.35	71
GCF	20.85	79
GCF	21.36	101
GCF	21.86	145
GCF	22.36	159
GCF	22.86	206
GCF	23.37	245
GCF	23.87	285
GCF	24.37	317
GCF	24.87	477
GCF	25.38	565
GCF	25.88	671
GCF	26.38	732
GCF	26.88	998
GCF	27.39	1286
GCF	27.89	1605
GCF	28.39	1712
GCF	28.89	2018
GCF	29.40	2618
GCF	29.90	2943
GCF	30.40	3080
GCF	30.90	3588
GCF	31.41	4353
GCF	31.91	4850
GCF	32.41	4985
GCF	32.91	5528
GCF	33.42	6475
GCF	33.92	7314
GCF	34.42	8110
GCF	34.92	8301
GCF	35.43	9250
GCF	35.93	10119
GCF	36.43	11245
GCF	36.93	11658
GCF	37.44	12663
GCF	37.94	13615
GCF	38.44	15644
GCF	38.94	16153
GCF	39.45	17714
GCF	39.95	19837
GCF	40.45	22353
GCF	40.95	23243
GCF	41.46	25125
GCF	41.96	27946
GCF	42.46	30621
GCF	42.96	31909
GCF	43.47	35480
GCF	43.97	39369
GCF	44.47	43241
GCF	44.97	44927
GCF	45.48	49817
GCF	45.98	55116
GCF	46.48	60036
GCF	46.98	62250
GCF	47.49	68488
GCF	47.99	74153
GCF	48.49	81220
GCF	48.99	83910
GCF	49.50	90857
GCF	50.00	97959
GCF	50.50	103134
GCF	51.01	105487
GCF	51.51	111307
GCF	52.01	114151
GCF	52.51	116018
GCF	53.02	117514
GCF	53.52	116407
GCF	54.02	114845
GCF	54.52	110365
GCF	55.03	109760
GCF	55.53	104420
GCF	56.03	97833
GCF	56.53	90526
GCF	57.04	88311
GCF	57.54	81065
GCF	58.04	73342
GCF	58.54	66431
GCF	59.05	63715
GCF	59.55	55795
GCF	60.05	49501
GCF	60.55	44006
GCF	61.06	41446
GCF	61.56	36461
GCF	62.06	31940
GCF	62.56	28099
GCF	63.07	25840
GCF	63.57	22730
GCF	64.07	19930
GCF	64.57	17664
GCF	65.08	16253
GCF	65.58	14663
GCF	66.08	13158
GCF	66.58	11506
GCF	67.09	10574
GCF	67.59	9560
GCF	68.09	8526
GCF	68.59	7726
GCF	69.10	6881
GCF	69.60	6228
GCF	70.10	5668
GCF	70.60	5013
GCF	71.11	4607
GCF	71.61	4034
GCF	72.11	3521
GCF	72.61	3138
GCF	73.12	2657
GCF	73.62	2362
GCF	74.12	1973
GCF	74.62	1901
GCF	75.13	1630
GCF	75.63	1410
GCF	76.13	1246
GCF	76.63	1096
GCF	77.14	935
GCF	77.64	786
GCF	78.14	700
GCF	78.64	579
GCF	79.15	511
GCF	79.65	491
GCF	80.15	388
GCF	80.65	327
GCF	81.16	301
GCF	81.66	257
GCF	82.16	210
GCF	82.66	175
GCF	83.17	163
GCF	83.67	154
GCF	84.17	117
GCF	84.67	87
GCF	85.18	60
GCF	85.68	64
GCF	86.18	54
GCF	86.68	47
GCF	87.19	44
GCF	87.69	43
GCF	88.19	32
GCF	88.69	23
GCF	89.20	13
GCF	89.70	14
GCF	90.20	12
GCF	91.21	10
GCF	92.21	5
GCF	92.71	6
GCF	93.22	4
GCF	93.72	3
GCF	94.22	4
GCF	94.97	3
GCF	95.73	2
GCF	96.23	3
GCF	97.49	2
GCF	99.25	1
# GC Content of last fragments. Use `grep ^GCL | cut -f 2-` to extract this part.
GCL	3.52	0
GCL	8.29	1
GCL	10.30	3
GCL	11.81	2
GCL	13.57	1
GCL	14.82	2
GCL	15.33	3
GCL	15.83	4
GCL	16.33	3
GCL	16.83	6
GCL	17.34	8
GCL	17.84	7
GCL	18.34	9
GCL	18.84	15
GCL	19.35	17
GCL	19.85	22
GCL	20.35	21
GCL	20.85	26
GCL	21.36	42
GCL	21.86	81
GCL	22.36	87
GCL	22.86	132
GCL	23.37	140
GCL	23.87	205
GCL	24.37	215
GCL	24.87	338
GCL	25.38	420
GCL	25.88	520
GCL	26.38	562
GCL	26.88	764
GCL	27.39	1056
GCL	27.89	1411
GCL	28.39	1448
GCL	28.89	1706
GCL	29.40	2023
GCL	29.90	2485
GCL	30.40	2546
GCL	30.90	2998
GCL	31.41	3859
GCL	31.91	4214
GCL	32.41	4246
GCL	32.91	4741
GCL	33.42	5444
GCL	33.92	6076
GCL	34.42	7096
GCL	34.92	7183
GCL	35.43	7962
GCL	35.93	8759
GCL	36.43	10027
GCL	36.93	10196
GCL	37.44	10922
GCL	37.94	11840
GCL	38.44	13565
GCL	38.94	13820
GCL	39.45	15710
GCL	39.95	17317
GCL	40.45	19396
GCL	40.95	19644
GCL	41.46	21407
GCL	41.96	24467
GCL	42.46	26843
GCL	42.96	27298
GCL	43.47	30500
GCL	43.97	34247
GCL	44.47	38360
GCL	44.97	39159
GCL	45.48	43631
GCL	45.98	48603
GCL	46.48	54354
GCL	46.98	55246
GCL	47.49	60898
GCL	47.99	67195
GCL	48.49	74221
GCL	48.99	75331
GCL	49.50	82944
GCL	50.00	89410
GCL	50.50	95556
GCL	51.01	96526
GCL	51.51	102881
GCL	52.01	105577
GCL	52.51	108189
GCL	53.02	109124
GCL	53.52	107345
GCL	54.02	105571
GCL	54.52	99499
GCL	55.03	98988
GCL	55.53	94548
GCL	56.03	86445
GCL	56.53	77953
GCL	57.04	77047
GCL	57.54	67775
GCL	58.04	59152
GCL	58.54	52012
GCL	59.05	50970
GCL	59.55	42317
GCL	60.05	35403
GCL	60.55	29852
GCL	61.06	28703
GCL	61.56	23394
GCL	62.06	19189
GCL	62.56	15615
GCL	63.07	14876
GCL	63.57	12254
GCL	64.07	10321
GCL	64.57	8588
GCL	65.08	7945
GCL	65.58	6645
GCL	66.08	5908
GCL	66.58	5099
GCL	67.09	4629
GCL	67.59	4058
GCL	68.09	3433
GCL	68.59	3149
GCL	69.10	2776
GCL	69.60	2525
GCL	70.10	2278
GCL	70.60	1962
GCL	71.11	1817
GCL	71.61	1586
GCL	72.11	1384
GCL	72.61	1186
GCL	73.12	975
GCL	73.62	893
GCL	74.12	755
GCL	74.62	721
GCL	75.13	616
GCL	75.63	563
GCL	76.13	506
GCL	76.63	445
GCL	77.14	404
GCL	77.64	333
GCL	78.14	303
GCL	78.64	255
GCL	79.15	226
GCL	79.65	210
GCL	80.15	160
GCL	80.65	128
GCL	81.16	106
GCL	81.66	89
GCL	82.16	70
GCL	82.66	63
GCL	83.17	58
GCL	83.67	55
GCL	84.17	39
GCL	84.67	36
GCL	85.18	26
GCL	85.68	21
GCL	86.18	17
GCL	86.93	16
GCL	87.69	14
GCL	88.19	11
GCL	88.94	5
GCL	89.70	4
GCL	90.95	3
GCL	93.97	2
# ACGT content per cycle. Use `grep ^GCC | cut -f 2-` to extract this part. The columns are: cycle; A,C,G,T base counts as a percentage of all A/C/G/T bases [%]; and N and O counts as a percentage of all A/C/G/T bases [%]
GCC	1	16.71	33.32	33.21	16.76	0.00	0.00
GCC	2	28.38	21.76	21.60	28.26	0.00	0.00
GCC	3	26.35	23.68	23.61	26.36	0.00	0.00
GCC	4	26.66	23.47	23.38	26.49	0.00	0.00
GCC	5	34.30	15.86	15.74	34.10	0.00	0.00
GCC	6	26.64	23.47	23.40	26.49	0.00	0.00
GCC	7	25.87	24.18	24.12	25.83	0.00	0.00
GCC	8	26.69	23.46	23.24	26.61	0.00	0.00
GCC	9	18.37	31.73	31.60	18.30	0.00	0.00
GCC	10	26.89	23.32	23.20	26.59	0.00	0.00
GCC	11	21.48	28.57	28.44	21.50	0.00	0.00
GCC	12	24.98	25.12	25.01	24.89	0.00	0.00
GCC	13	21.90	28.16	28.10	21.83	0.00	0.00
GCC	14	21.18	28.82	28.79	21.21	0.00	0.00
GCC	15	23.22	26.93	26.74	23.10	0.00	0.00
GCC	16	24.48	25.58	25.58	24.36	0.00	0.00
GCC	17	25.53	24.56	24.45	25.46	0.00	0.00
GCC	18	25.85	24.32	24.23	25.60	0.00	0.00
GCC	19	25.40	24.71	24.60	25.30	0.00	0.00
GCC	20	25.02	25.15	24.93	24.90	0.00	0.00
GCC	21	24.86	25.30	25.13	24.71	0.00	0.00
GCC	22	24.58	25.57	25.36	24.49	0.00	0.00
GCC	23	24.44	25.64	25.57	24.35	0.00	0.00
GCC	24	24.57	25.48	25.42	24.54	0.00	0.00
GCC	25	24.50	25.57	25.46	24.47	0.00	0.00
GCC	26	24.56	25.52	25.34	24.59	0.00	0.00
GCC	27	24.70	25.37	25.23	24.69	0.00	0.00
GCC	28	24.55	25.50	25.43	24.52	0.00	0.00
GCC	29	24.61	25.51	25.30	24.58	0.00	0.00
GCC	30	24.76	25.38	25.23	24.62	0.00	0.00
GCC	31	24.55	25.52	25.45	24.48	0.00	0.00
GCC	32	24.49	25.58	25.43	24.50	0.00	0.00
GCC	33	24.56	25.54	25.45	24.44	0.00	0.00
GCC	34	24.42	25.66	25.55	24.36	0.00	0.00
GCC	35	24.45	25.65	25.54	24.36	0.00	0.00
GCC	36	24.60	25.52	25.38	24.50	0.00	0.00
GCC	37	24.53	25.52	25.48	24.47	0.00	0.00
GCC	38	24.55	25.52	25.39	24.55	0.00	0.00
GCC	39	24.66	25.39	25.34	24.61	0.00	0.00
GCC	40	24.65	25.40	25.41	24.55	0.00	0.00
GCC	41	24.51	25.56	25.41	24.51	0.00	0.00
GCC	42	24.60	25.48	25.39	24.52	0.00	0.00
GCC	43	24.47	25.59	25.53	24.42	0.00	0.00
GCC	44	24.49	25.63	25.56	24.32	0.00	0.00
GCC	45	24.60	25.50	25.40	24.49	0.00	0.00
GCC	46	24.47	25.64	25.50	24.39	0.00	0.00
GCC	47	24.60	25.58	25.46	24.37	0.00	0.00
GCC	48	24.64	25.44	25.32	24.60	0.00	0.00
GCC	49	24.58	25.43	25.39	24.59	0.00	0.00
GCC	50	24.53	25.54	25.41	24.52	0.00	0.00
GCC	51	24.71	25.39	25.30	24.60	0.00	0.00
GCC	52	24.54	25.52	25.37	24.56	0.00	0.00
GCC	53	24.47	25.63	25.42	24.48	0.00	0.00
GCC	54	24.56	25.51	25.46	24.46	0.00	0.00
GCC	55	24.43	25.62	25.55	24.41	0.00	0.00
GCC	56	24.52	25.67	25.45	24.36	0.00	0.00
GCC	57	24.58	25.44	25.40	24.58	0.00	0.00
GCC	58	24.45	25.62	25.48	24.44	0.00	0.00
GCC	59	24.55	25.54	25.40	24.52	0.00	0.00
GCC	60	24.69	25.43	25.33	24.56	0.00	0.00
GCC	61	24.52	25.48	25.46	24.54	0.00	0.00
GCC	62	24.64	25.53	25.32	24.52	0.00	0.00
GCC	63	24.64	25.42	25.38	24.56	0.00	0.00
GCC	64	24.47	25.56	25.50	24.47	0.00	0.00
GCC	65	24.43	25.62	25.52	24.42	0.00	0.00
GCC	66	24.53	25.55	25.48	24.44	0.00	0.00
GCC	67	24.48	25.62	25.52	24.38	0.00	0.00
GCC	68	24.50	25.66	25.47	24.38	0.00	0.00
GCC	69	24.65	25.40	25.36	24.59	0.00	0.00
GCC	70	24.57	25.54	25.44	24.45	0.00	0.00
GCC	71	24.58	25.53	25.29	24.60	0.00	0.00
GCC	72	24.70	25.41	25.33	24.57	0.00	0.00
GCC	73	24.60	25.46	25.40	24.54	0.00	0.00
GCC	74	24.62	25.52	25.44	24.42	0.00	0.00
GCC	75	24.58	25.55	25.30	24.57	0.00	0.00
GCC	76	24.49	25.61	25.50	24.40	0.00	0.00
GCC	77	24.50	25.64	25.45	24.40	0.00	0.00
GCC	78	24.58	25.52	25.35	24.55	0.00	0.00
GCC	79	24.57	25.55	25.44	24.43	0.00	0.00
GCC	80	24.57	25.51	25.45	24.47	0.00	0.00
GCC	81	24.77	25.35	25.34	24.54	0.00	0.00
GCC	82	24.61	25.56	25.35	24.49	0.00	0.00
GCC	83	24.64	25.51	25.32	24.53	0.00	0.00
GCC	84	24.74	25.44	25.19	24.64	0.00	0.00
GCC	85	24.65	25.45	25.40	24.51	0.00	0.00
GCC	86	24.55	25.55	25.44	24.46	0.00	0.00
GCC	87	24.64	25.44	25.33	24.60	0.00	0.00
GCC	88	24.53	25.59	25.47	24.41	0.00	0.00
GCC	89	24.47	25.60	25.45	24.48	0.00	0.00
GCC	90	24.60	25.45	25.45	24.50	0.00	0.00
GCC	91	24.58	25.56	25.44	24.42	0.00	0.00
GCC	92	24.58	25.48	25.38	24.56	0.00	0.00
GCC	93	24.74	25.36	25.31	24.59	0.00	0.00
GCC	94	24.55	25.47	25.46	24.51	0.00	0.00
GCC	95	24.68	25.47	25.34	24.51	0.00	0.00
GCC	96	24.73	25.46	25.27	24.54	0.00	0.00
GCC	97	24.61	25.44	25.47	24.47	0.00	0.00
GCC	98	24.58	25.50	25.48	24.44	0.00	0.00
GCC	99	24.60	25.39	25.37	24.63	0.00	0.00
GCC	100	24.55	25.54	25.54	24.37	0.00	0.00
GCC	101	24.53	25.59	25.40	24.48	0.00	0.00
GCC	102	24.70	25.35	25.26	24.68	0.00	0.00
GCC	103	24.60	25.45	25.37	24.58	0.00	0.00
GCC	104	24.65	25.40	25.35	24.59	0.00	0.00
GCC	105	24.74	25.32	25.32	24.62	0.00	0.00
GCC	106	24.54	25.53	25.42	24.51	0.00	0.00
GCC	107	24.63	25.52	25.33	24.51	0.00	0.00
GCC	108	24.66	25.40	25.36	24.58	0.00	0.00
GCC	109	24.50	25.53	25.40	24.57	0.00	0.00
GCC	110	24.60	25.58	25.35	24.47	0.00	0.00
GCC	111	24.63	25.45	25.29	24.64	0.00	0.00
GCC	112	24.51	25.52	25.43	24.54	0.00	0.00
GCC	113	24.53	25.54	25.43	24.50	0.00	0.00
GCC	114	24.67	25.44	25.29	24.60	0.00	0.00
GCC	115	24.60	25.52	25.37	24.51	0.00	0.00
GCC	116	24.60	25.43	25.41	24.56	0.00	0.00
GCC	117	24.76	25.41	25.24	24.59	0.00	0.00
GCC	118	24.62	25.45	25.45	24.49	0.00	0.00
GCC	119	24.61	25.53	25.39	24.48	0.00	0.00
GCC	120	24.68	25.42	25.31	24.58	0.00	0.00
GCC	121	24.55	25.51	25.44	24.50	0.00	0.00
GCC	122	24.59	25.51	25.39	24.50	0.00	0.00
GCC	123	24.68	25.36	25.44	24.51	0.00	0.00
GCC	124	24.59	25.58	25.34	24.49	0.00	0.00
GCC	125	24.62	25.38	25.37	24.63	0.00	0.00
GCC	126	24.74	25.32	25.26	24.68	0.00	0.00
GCC	127	24.67	25.38	25.34	24.61	0.00	0.00
GCC	128	24.62	25.46	25.32	24.61	0.00	0.00
GCC	129	24.68	25.36	25.34	24.62	0.00	0.00
GCC	130	24.57	25.49	25.41	24.52	0.00	0.00
GCC	131	24.65	25.40	25.42	24.53	0.00	0.00
GCC	132	24.71	25.37	25.33	24.59	0.00	0.00
GCC	133	24.56	25.46	25.44	24.54	0.00	0.00
GCC	134	24.58	25.58	25.37	24.48	0.00	0.00
GCC	135	24.66	25.40	25.34	24.60	0.00	0.00
GCC	136	24.65	25.48	25.35	24.52	0.00	0.00
GCC	137	24.68	25.48	25.33	24.52	0.00	0.00
GCC	138	24.72	25.32	25.27	24.69	0.00	0.00
GCC	139	24.72	25.42	25.33	24.53	0.00	0.00
GCC	140	24.63	25.40	25.33	24.63	0.00	0.00
GCC	141	24.78	25.36	25.19	24.67	0.00	0.00
GCC	142	24.64	25.47	25.34	24.55	0.00	0.00
GCC	143	24.70	25.41	25.22	24.67	0.00	0.00
GCC	144	24.77	25.33	25.18	24.72	0.00	0.00
GCC	145	24.74	25.36	25.28	24.62	0.00	0.00
GCC	146	24.67	25.42	25.25	24.66	0.00	0.00
GCC	147	24.75	25.29	25.20	24.76	0.00	0.00
GCC	148	24.67	25.41	25.33	24.59	0.00	0.00
GCC	149	24.71	25.37	25.25	24.66	0.00	0.00
GCC	150	24.68	25.41	25.38	24.54	0.00	0.00
# ACGT content per cycle, read oriented. Use `grep ^GCT | cut -f 2-` to extract this part. The columns are: cycle; A,C,G,T base counts as a percentage of all A/C/G/T bases [%]
GCT	1	20.23	23.77	42.76	13.23
GCT	2	18.59	26.22	17.14	38.05
GCT	3	23.80	25.51	21.78	28.91
GCT	4	16.95	31.96	14.89	36.20
GCT	5	33.71	16.21	15.39	34.69
GCT	6	34.90	15.45	31.42	18.23
GCT	7	29.33	22.62	25.68	22.37
GCT	8	33.88	21.46	25.24	19.42
GCT	9	16.08	39.54	23.80	20.58
GCT	10	24.25	28.19	18.32	29.24
GCT	11	21.63	18.95	38.07	21.35
GCT	12	22.42	27.02	23.11	27.45
GCT	13	19.21	25.88	30.38	24.52
GCT	14	18.74	34.15	23.46	23.65
GCT	15	25.71	26.20	27.48	20.61
GCT	16	26.03	24.76	26.40	22.81
GCT	17	25.73	24.86	24.14	25.26
GCT	18	26.27	24.00	24.55	25.18
GCT	19	25.84	24.33	24.97	24.86
GCT	20	25.17	25.05	25.04	24.75
GCT	21	24.64	25.25	25.17	24.93
GCT	22	24.33	25.44	25.49	24.74
GCT	23	24.34	25.58	25.63	24.45
GCT	24	24.61	25.41	25.48	24.50
GCT	25	24.27	25.46	25.57	24.70
GCT	26	24.49	25.45	25.41	24.66
GCT	27	24.79	25.19	25.42	24.60
GCT	28	24.45	25.47	25.46	24.62
GCT	29	24.64	25.32	25.49	24.55
GCT	30	24.86	25.23	25.39	24.53
GCT	31	24.40	25.53	25.43	24.63
GCT	32	24.62	25.48	25.53	24.37
GCT	33	24.58	25.49	25.50	24.42
GCT	34	24.28	25.61	25.60	24.50
GCT	35	24.44	25.51	25.68	24.37
GCT	36	24.58	25.32	25.58	24.52
GCT	37	24.37	25.44	25.57	24.62
GCT	38	24.62	25.36	25.54	24.48
GCT	39	24.74	25.33	25.40	24.53
GCT	40	24.63	25.39	25.42	24.56
GCT	41	24.49	25.58	25.40	24.54
GCT	42	24.69	25.33	25.54	24.43
GCT	43	24.40	25.54	25.58	24.48
GCT	44	24.41	25.64	25.56	24.39
GCT	45	24.60	25.34	25.56	24.49
GCT	46	24.31	25.61	25.53	24.55
GCT	47	24.47	25.56	25.48	24.50
GCT	48	24.71	25.24	25.52	24.53
GCT	49	24.57	25.41	25.42	24.61
GCT	50	24.57	25.41	25.54	24.48
GCT	51	24.70	25.25	25.44	24.61
GCT	52	24.46	25.51	25.38	24.65
GCT	53	24.45	25.54	25.51	24.50
GCT	54	24.55	25.41	25.56	24.47
GCT	55	24.37	25.63	25.53	24.46
GCT	56	24.52	25.53	25.59	24.37
GCT	57	24.65	25.34	25.50	24.51
GCT	58	24.35	25.54	25.56	24.54
GCT	59	24.63	25.50	25.43	24.43
GCT	60	24.69	25.32	25.44	24.55
GCT	61	24.44	25.43	25.51	24.63
GCT	62	24.61	25.45	25.39	24.55
GCT	63	24.73	25.37	25.43	24.47
GCT	64	24.47	25.55	25.51	24.47
GCT	65	24.47	25.61	25.54	24.39
GCT	66	24.55	25.47	25.56	24.42
GCT	67	24.41	25.52	25.62	24.45
GCT	68	24.59	25.56	25.57	24.28
GCT	69	24.77	25.41	25.35	24.47
GCT	70	24.41	25.57	25.41	24.62
GCT	71	24.62	25.41	25.41	24.56
GCT	72	24.72	25.34	25.40	24.55
GCT	73	24.47	25.57	25.29	24.67
GCT	74	24.53	25.49	25.47	24.51
GCT	75	24.64	25.37	25.48	24.51
GCT	76	24.38	25.64	25.47	24.51
GCT	77	24.56	25.59	25.51	24.34
GCT	78	24.69	25.39	25.48	24.44
GCT	79	24.45	25.54	25.46	24.56
GCT	80	24.56	25.57	25.40	24.48
GCT	81	24.73	25.29	25.40	24.58
GCT	82	24.56	25.46	25.45	24.53
GCT	83	24.59	25.50	25.33	24.58
GCT	84	24.77	25.36	25.27	24.61
GCT	85	24.55	25.47	25.37	24.60
GCT	86	24.56	25.54	25.44	24.46
GCT	87	24.72	25.37	25.39	24.51
GCT	88	24.42	25.63	25.44	24.51
GCT	89	24.55	25.59	25.46	24.40
GCT	90	24.66	25.36	25.54	24.44
GCT	91	24.45	25.57	25.42	24.56
GCT	92	24.66	25.53	25.32	24.48
GCT	93	24.77	25.36	25.31	24.56
GCT	94	24.50	25.52	25.42	24.56
GCT	95	24.65	25.47	25.34	24.53
GCT	96	24.70	25.36	25.37	24.57
GCT	97	24.50	25.59	25.33	24.59
GCT	98	24.56	25.57	25.41	24.46
GCT	99	24.75	25.42	25.34	24.49
GCT	100	24.38	25.63	25.45	24.54
GCT	101	24.55	25.54	25.45	24.46
GCT	102	24.77	25.34	25.27	24.62
GCT	103	24.53	25.56	25.26	24.65
GCT	104	24.76	25.44	25.32	24.49
GCT	105	24.86	25.23	25.42	24.49
GCT	106	24.49	25.47	25.47	24.56
GCT	107	24.61	25.44	25.41	24.53
GCT	108	24.76	25.33	25.43	24.49
GCT	109	24.49	25.65	25.28	24.58
GCT	110	24.65	25.46	25.47	24.42
GCT	111	24.77	25.40	25.34	24.50
GCT	112	24.50	25.52	25.43	24.55
GCT	113	24.61	25.55	25.43	24.42
GCT	114	24.77	25.42	25.31	24.49
GCT	115	24.55	25.47	25.42	24.56
GCT	116	24.66	25.48	25.36	24.50
GCT	117	24.82	25.30	25.35	24.54
GCT	118	24.50	25.55	25.35	24.60
GCT	119	24.60	25.60	25.32	24.49
GCT	120	24.68	25.40	25.33	24.59
GCT	121	24.39	25.59	25.36	24.67
GCT	122	24.54	25.61	25.29	24.56
GCT	123	24.64	25.38	25.43	24.56
GCT	124	24.51	25.64	25.28	24.57
GCT	125	24.65	25.46	25.29	24.60
GCT	126	24.72	25.33	25.25	24.70
GCT	127	24.57	25.45	25.27	24.71
GCT	128	24.68	25.48	25.30	24.54
GCT	129	24.73	25.37	25.33	24.57
GCT	130	24.49	25.60	25.31	24.60
GCT	131	24.62	25.54	25.27	24.57
GCT	132	24.74	25.45	25.24	24.57
GCT	133	24.52	25.49	25.41	24.58
GCT	134	24.63	25.59	25.36	24.43
GCT	135	24.78	25.40	25.34	24.48
GCT	136	24.55	25.49	25.34	24.63
GCT	137	24.59	25.52	25.28	24.61
GCT	138	24.73	25.34	25.25	24.68
GCT	139	24.57	25.48	25.27	24.69
GCT	140	24.66	25.45	25.28	24.61
GCT	141	24.83	25.37	25.18	24.62
GCT	142	24.63	25.50	25.31	24.56
GCT	143	24.72	25.46	25.17	24.65
GCT	144	24.89	25.49	25.02	24.61
GCT	145	24.50	25.58	25.05	24.86
GCT	146	24.61	25.49	25.19	24.72
GCT	147	24.55	25.35	25.13	24.97
GCT	148	24.22	25.65	25.09	25.04
GCT	149	24.27	25.65	24.98	25.10
GCT	150	24.22	25.81	24.97	24.99
# ACGT content per cycle for first fragments. Use `grep ^FBC | cut -f 2-` to extract this part. The columns are: cycle; A,C,G,T base counts as a percentage of all A/C/G/T bases [%]; and N and O counts as a percentage of all A/C/G/T bases [%]
FBC	1	16.39	33.66	33.51	16.44	0.00	0.00
FBC	2	28.30	21.81	21.73	28.16	0.00	0.00
FBC	3	26.32	23.70	23.66	26.32	0.00	0.00
FBC	4	26.68	23.41	23.34	26.58	0.00	0.00
FBC	5	34.33	15.85	15.73	34.09	0.00	0.00
FBC	6	26.70	23.40	23.36	26.54	0.00	0.00
FBC	7	25.89	24.14	24.09	25.88	0.00	0.00
FBC	8	26.75	23.43	23.19	26.63	0.00	0.00
FBC	9	18.43	31.64	31.55	18.38	0.00	0.00
FBC	10	26.90	23.30	23.24	26.56	0.00	0.00
FBC	11	21.50	28.58	28.36	21.56	0.00	0.00
FBC	12	24.98	25.09	25.00	24.93	0.00	0.00
FBC	13	21.94	28.15	28.08	21.84	0.00	0.00
FBC	14	21.23	28.81	28.69	21.27	0.00	0.00
FBC	15	23.25	26.89	26.71	23.15	0.00	0.00
FBC	16	24.50	25.55	25.59	24.37	0.00	0.00
FBC	17	25.53	24.52	24.45	25.50	0.00	0.00
FBC	18	25.89	24.30	24.22	25.59	0.00	0.00
FBC	19	25.42	24.70	24.57	25.30	0.00	0.00
FBC	20	25.02	25.16	24.95	24.87	0.00	0.00
FBC	21	24.86	25.30	25.13	24.71	0.00	0.00
FBC	22	24.60	25.59	25.34	24.47	0.00	0.00
FBC	23	24.46	25.63	25.54	24.36	0.00	0.00
FBC	24	24.59	25.44	25.41	24.55	0.00	0.00
FBC	25	24.52	25.58	25.44	24.47	0.00	0.00
FBC	26	24.58	25.52	25.30	24.60	0.00	0.00
FBC	27	24.71	25.35	25.24	24.70	0.00	0.00
FBC	28	24.51	25.56	25.44	24.49	0.00	0.00
FBC	29	24.58	25.54	25.31	24.57	0.00	0.00
FBC	30	24.76	25.38	25.22	24.64	0.00	0.00
FBC	31	24.57	25.52	25.45	24.46	0.00	0.00
FBC	32	24.49	25.59	25.43	24.49	0.00	0.00
FBC	33	24.56	25.52	25.46	24.46	0.00	0.00
FBC	34	24.45	25.62	25.57	24.36	0.00	0.00
FBC	35	24.48	25.64	25.52	24.37	0.00	0.00
FBC	36	24.60	25.50	25.39	24.51	0.00	0.00
FBC	37	24.51	25.50	25.51	24.48	0.00	0.00
FBC	38	24.55	25.51	25.42	24.52	0.00	0.00
FBC	39	24.65	25.38	25.37	24.60	0.00	0.00
FBC	40	24.61	25.43	25.44	24.52	0.00	0.00
FBC	41	24.51	25.55	25.41	24.53	0.00	0.00
FBC	42	24.61	25.45	25.40	24.55	0.00	0.00
FBC	43	24.48	25.59	25.51	24.41	0.00	0.00
FBC	44	24.51	25.64	25.53	24.31	0.00	0.00
FBC	45	24.66	25.55	25.35	24.43	0.00	0.00
FBC	46	24.48	25.59	25.54	24.38	0.00	0.00
FBC	47	24.58	25.58	25.46	24.39	0.00	0.00
FBC	48	24.62	25.41	25.32	24.65	0.00	0.00
FBC	49	24.56	25.46	25.40	24.58	0.00	0.00
FBC	50	24.56	25.52	25.40	24.52	0.00	0.00
FBC	51	24.70	25.39	25.29	24.62	0.00	0.00
FBC	52	24.52	25.53	25.37	24.58	0.00	0.00
FBC	53	24.49	25.63	25.42	24.46	0.00	0.00
FBC	54	24.62	25.51	25.41	24.46	0.00	0.00
FBC	55	24.45	25.61	25.51	24.43	0.00	0.00
FBC	56	24.51	25.69	25.41	24.38	0.00	0.00
FBC	57	24.60	25.42	25.42	24.56	0.00	0.00
FBC	58	24.46	25.63	25.47	24.44	0.00	0.00
FBC	59	24.56	25.55	25.37	24.52	0.00	0.00
FBC	60	24.69	25.35	25.36	24.59	0.00	0.00
FBC	61	24.52	25.48	25.44	24.57	0.00	0.00
FBC	62	24.64	25.52	25.32	24.52	0.00	0.00
FBC	63	24.67	25.42	25.36	24.55	0.00	0.00
FBC	64	24.47	25.61	25.46	24.46	0.00	0.00
FBC	65	24.47	25.59	25.51	24.43	0.00	0.00
FBC	66	24.59	25.51	25.44	24.46	0.00	0.00
FBC	67	24.54	25.59	25.48	24.39	0.00	0.00
FBC	68	24.53	25.66	25.41	24.40	0.00	0.00
FBC	69	24.68	25.37	25.35	24.60	0.00	0.00
FBC	70	24.56	25.50	25.47	24.46	0.00	0.00
FBC	71	24.59	25.53	25.25	24.62	0.00	0.00
FBC	72	24.70	25.40	25.32	24.58	0.00	0.00
FBC	73	24.61	25.43	25.43	24.54	0.00	0.00
FBC	74	24.65	25.51	25.36	24.47	0.00	0.00
FBC	75	24.61	25.49	25.30	24.60	0.00	0.00
FBC	76	24.49	25.58	25.48	24.45	0.00	0.00
FBC	77	24.55	25.61	25.40	24.44	0.00	0.00
FBC	78	24.65	25.45	25.37	24.53	0.00	0.00
FBC	79	24.58	25.55	25.41	24.45	0.00	0.00
FBC	80	24.56	25.52	25.43	24.49	0.00	0.00
FBC	81	24.80	25.30	25.33	24.57	0.00	0.00
FBC	82	24.61	25.52	25.35	24.52	0.00	0.00
FBC	83	24.67	25.46	25.34	24.53	0.00	0.00
FBC	84	24.77	25.40	25.15	24.68	0.00	0.00
FBC	85	24.67	25.43	25.36	24.54	0.00	0.00
FBC	86	24.57	25.53	25.36	24.54	0.00	0.00
FBC	87	24.69	25.35	25.24	24.71	0.00	0.00
FBC	88	24.60	25.49	25.46	24.46	0.00	0.00
FBC	89	24.52	25.57	25.36	24.54	0.00	0.00
FBC	90	24.62	25.45	25.39	24.53	0.00	0.00
FBC	91	24.59	25.54	25.42	24.44	0.00	0.00
FBC	92	24.64	25.40	25.35	24.61	0.00	0.00
FBC	93	24.76	25.31	25.26	24.68	0.00	0.00
FBC	94	24.60	25.42	25.46	24.52	0.00	0.00
FBC	95	24.75	25.40	25.29	24.55	0.00	0.00
FBC	96	24.80	25.40	25.16	24.64	0.00	0.00
FBC	97	24.67	25.41	25.42	24.50	0.00	0.00
FBC	98	24.66	25.47	25.39	24.49	0.00	0.00
FBC	99	24.66	25.33	25.32	24.69	0.00	0.00
FBC	100	24.60	25.46	25.48	24.45	0.00	0.00
FBC	101	24.59	25.57	25.36	24.49	0.00	0.00
FBC	102	24.79	25.27	25.19	24.75	0.00	0.00
FBC	103	24.69	25.38	25.32	24.61	0.00	0.00
FBC	104	24.71	25.33	25.30	24.67	0.00	0.00
FBC	105	24.80	25.26	25.26	24.69	0.00	0.00
FBC	106	24.62	25.49	25.37	24.53	0.00	0.00
FBC	107	24.64	25.49	25.26	24.61	0.00	0.00
FBC	108	24.73	25.34	25.30	24.63	0.00	0.00
FBC	109	24.54	25.50	25.35	24.61	0.00	0.00
FBC	110	24.68	25.50	25.31	24.51	0.00	0.00
FBC	111	24.74	25.35	25.22	24.68	0.00	0.00
FBC	112	24.61	25.48	25.36	24.56	0.00	0.00
FBC	113	24.60	25.45	25.41	24.54	0.00	0.00
FBC	114	24.72	25.38	25.21	24.69	0.00	0.00
FBC	115	24.68	25.45	25.32	24.56	0.00	0.00
FBC	116	24.68	25.36	25.34	24.62	0.00	0.00
FBC	117	24.82	25.34	25.17	24.67	0.00	0.00
FBC	118	24.71	25.31	25.40	24.58	0.00	0.00
FBC	119	24.69	25.43	25.29	24.59	0.00	0.00
FBC	120	24.74	25.35	25.27	24.63	0.00	0.00
FBC	121	24.61	25.46	25.38	24.56	0.00	0.00
FBC	122	24.68	25.44	25.30	24.58	0.00	0.00
FBC	123	24.77	25.24	25.38	24.60	0.00	0.00
FBC	124	24.65	25.48	25.30	24.57	0.00	0.00
FBC	125	24.71	25.26	25.31	24.72	0.00	0.00
FBC	126	24.80	25.20	25.17	24.83	0.00	0.00
FBC	127	24.72	25.30	25.27	24.71	0.00	0.00
FBC	128	24.69	25.35	25.23	24.73	0.00	0.00
FBC	129	24.80	25.27	25.24	24.70	0.00	0.00
FBC	130	24.66	25.38	25.29	24.67	0.00	0.00
FBC	131	24.75	25.31	25.34	24.60	0.00	0.00
FBC	132	24.86	25.23	25.26	24.65	0.00	0.00
FBC	133	24.60	25.37	25.37	24.67	0.00	0.00
FBC	134	24.65	25.52	25.29	24.54	0.00	0.00
FBC	135	24.79	25.30	25.21	24.70	0.00	0.00
FBC	136	24.73	25.44	25.26	24.58	0.00	0.00
FBC	137	24.78	25.36	25.20	24.66	0.00	0.00
FBC	138	24.82	25.18	25.15	24.85	0.00	0.00
FBC	139	24.82	25.30	25.22	24.66	0.00	0.00
FBC	140	24.79	25.26	25.19	24.76	0.00	0.00
FBC	141	24.87	25.25	25.08	24.80	0.00	0.00
FBC	142	24.77	25.35	25.19	24.69	0.00	0.00
FBC	143	24.85	25.28	25.06	24.81	0.00	0.00
FBC	144	24.94	25.18	25.06	24.82	0.00	0.00
FBC	145	24.89	25.26	25.06	24.80	0.00	0.00
FBC	146	24.83	25.22	25.15	24.79	0.00	0.00
FBC	147	24.90	25.08	25.10	24.93	0.00	0.00
FBC	148	24.81	25.25	25.17	24.78	0.00	0.00
FBC	149	24.89	25.26	25.04	24.81	0.00	0.00
FBC	150	24.79	25.23	25.26	24.72	0.00	0.00
# ACGT raw counters for first fragments. Use `grep ^FTC | cut -f 2-` to extract this part. The columns are: A,C,G,T,N base counters
FTC	65176726	67184168	66914862	64966559	105
# ACGT content per cycle for last fragments. Use `grep ^LBC | cut -f 2-` to extract this part. The columns are: cycle; A,C,G,T base counts as a percentage of all A/C/G/T bases [%]; and N and O counts as a percentage of all A/C/G/T bases [%]
LBC	1	17.03	32.98	32.92	17.08	0.00	0.00
LBC	2	28.46	21.71	21.46	28.36	0.00	0.00
LBC	3	26.37	23.66	23.57	26.40	0.00	0.00
LBC	4	26.65	23.53	23.43	26.39	0.00	0.00
LBC	5	34.27	15.87	15.75	34.11	0.00	0.00
LBC	6	26.58	23.53	23.44	26.45	0.00	0.00
LBC	7	25.86	24.21	24.15	25.78	0.00	0.00
LBC	8	26.63	23.48	23.29	26.60	0.00	0.00
LBC	9	18.30	31.82	31.66	18.21	0.00	0.00
LBC	10	26.89	23.34	23.15	26.62	0.00	0.00
LBC	11	21.46	28.57	28.53	21.45	0.00	0.00
LBC	12	24.98	25.15	25.02	24.85	0.00	0.00
LBC	13	21.86	28.18	28.13	21.83	0.00	0.00
LBC	14	21.14	28.84	28.88	21.15	0.00	0.00
LBC	15	23.20	26.98	26.78	23.05	0.00	0.00
LBC	16	24.46	25.62	25.58	24.34	0.00	0.00
LBC	17	25.53	24.59	24.45	25.43	0.00	0.00
LBC	18	25.81	24.35	24.23	25.61	0.00	0.00
LBC	19	25.37	24.71	24.62	25.30	0.00	0.00
LBC	20	25.02	25.15	24.91	24.92	0.00	0.00
LBC	21	24.87	25.29	25.13	24.71	0.00	0.00
LBC	22	24.56	25.55	25.38	24.51	0.00	0.00
LBC	23	24.42	25.64	25.60	24.34	0.00	0.00
LBC	24	24.55	25.51	25.42	24.52	0.00	0.00
LBC	25	24.48	25.57	25.48	24.47	0.00	0.00
LBC	26	24.53	25.52	25.37	24.57	0.00	0.00
LBC	27	24.70	25.40	25.23	24.67	0.00	0.00
LBC	28	24.60	25.44	25.42	24.54	0.00	0.00
LBC	29	24.64	25.47	25.30	24.59	0.00	0.00
LBC	30	24.76	25.39	25.24	24.61	0.00	0.00
LBC	31	24.53	25.52	25.45	24.51	0.00	0.00
LBC	32	24.49	25.57	25.44	24.50	0.00	0.00
LBC	33	24.57	25.57	25.45	24.42	0.00	0.00
LBC	34	24.40	25.70	25.54	24.37	0.00	0.00
LBC	35	24.42	25.66	25.56	24.35	0.00	0.00
LBC	36	24.61	25.53	25.37	24.49	0.00	0.00
LBC	37	24.55	25.55	25.45	24.46	0.00	0.00
LBC	38	24.55	25.52	25.36	24.57	0.00	0.00
LBC	39	24.67	25.40	25.31	24.62	0.00	0.00
LBC	40	24.68	25.38	25.37	24.57	0.00	0.00
LBC	41	24.52	25.57	25.42	24.49	0.00	0.00
LBC	42	24.60	25.51	25.39	24.50	0.00	0.00
LBC	43	24.45	25.58	25.55	24.42	0.00	0.00
LBC	44	24.46	25.62	25.60	24.32	0.00	0.00
LBC	45	24.53	25.45	25.45	24.56	0.00	0.00
LBC	46	24.46	25.68	25.45	24.41	0.00	0.00
LBC	47	24.62	25.57	25.46	24.35	0.00	0.00
LBC	48	24.66	25.47	25.31	24.56	0.00	0.00
LBC	49	24.60	25.41	25.39	24.60	0.00	0.00
LBC	50	24.50	25.55	25.43	24.52	0.00	0.00
LBC	51	24.73	25.38	25.31	24.58	0.00	0.00
LBC	52	24.57	25.52	25.38	24.54	0.00	0.00
LBC	53	24.44	25.63	25.43	24.50	0.00	0.00
LBC	54	24.52	25.52	25.50	24.47	0.00	0.00
LBC	55	24.40	25.62	25.60	24.39	0.00	0.00
LBC	56	24.53	25.65	25.48	24.35	0.00	0.00
LBC	57	24.57	25.47	25.37	24.59	0.00	0.00
LBC	58	24.44	25.62	25.50	24.44	0.00	0.00
LBC	59	24.53	25.53	25.42	24.52	0.00	0.00
LBC	60	24.68	25.49	25.30	24.52	0.00	0.00
LBC	61	24.53	25.49	25.47	24.52	0.00	0.00
LBC	62	24.64	25.53	25.32	24.52	0.00	0.00
LBC	63	24.62	25.42	25.40	24.57	0.00	0.00
LBC	64	24.48	25.52	25.53	24.48	0.00	0.00
LBC	65	24.40	25.65	25.54	24.41	0.00	0.00
LBC	66	24.48	25.58	25.51	24.42	0.00	0.00
LBC	67	24.42	25.64	25.56	24.38	0.00	0.00
LBC	68	24.46	25.65	25.52	24.36	0.00	0.00
LBC	69	24.63	25.42	25.36	24.58	0.00	0.00
LBC	70	24.57	25.58	25.41	24.45	0.00	0.00
LBC	71	24.57	25.53	25.32	24.58	0.00	0.00
LBC	72	24.69	25.42	25.33	24.56	0.00	0.00
LBC	73	24.59	25.50	25.36	24.54	0.00	0.00
LBC	74	24.59	25.53	25.51	24.37	0.00	0.00
LBC	75	24.56	25.60	25.31	24.53	0.00	0.00
LBC	76	24.49	25.63	25.52	24.35	0.00	0.00
LBC	77	24.46	25.67	25.50	24.36	0.00	0.00
LBC	78	24.52	25.58	25.34	24.56	0.00	0.00
LBC	79	24.56	25.56	25.47	24.42	0.00	0.00
LBC	80	24.58	25.51	25.47	24.44	0.00	0.00
LBC	81	24.75	25.40	25.35	24.51	0.00	0.00
LBC	82	24.60	25.59	25.36	24.45	0.00	0.00
LBC	83	24.61	25.56	25.30	24.52	0.00	0.00
LBC	84	24.70	25.48	25.23	24.59	0.00	0.00
LBC	85	24.63	25.47	25.43	24.47	0.00	0.00
LBC	86	24.54	25.56	25.51	24.39	0.00	0.00
LBC	87	24.59	25.51	25.41	24.49	0.00	0.00
LBC	88	24.46	25.69	25.48	24.37	0.00	0.00
LBC	89	24.42	25.63	25.52	24.42	0.00	0.00
LBC	90	24.58	25.45	25.50	24.47	0.00	0.00
LBC	91	24.57	25.57	25.45	24.41	0.00	0.00
LBC	92	24.52	25.55	25.41	24.53	0.00	0.00
LBC	93	24.72	25.40	25.36	24.52	0.00	0.00
LBC	94	24.51	25.52	25.46	24.51	0.00	0.00
LBC	95	24.61	25.54	25.38	24.47	0.00	0.00
LBC	96	24.66	25.52	25.37	24.45	0.00	0.00
LBC	97	24.56	25.47	25.52	24.45	0.00	0.00
LBC	98	24.52	25.53	25.56	24.39	0.00	0.00
LBC	99	24.55	25.45	25.41	24.59	0.00	0.00
LBC	100	24.50	25.61	25.59	24.30	0.00	0.00
LBC	101	24.49	25.60	25.44	24.48	0.00	0.00
LBC	102	24.63	25.42	25.33	24.63	0.00	0.00
LBC	103	24.52	25.52	25.41	24.55	0.00	0.00
LBC	104	24.61	25.47	25.40	24.52	0.00	0.00
LBC	105	24.68	25.38	25.38	24.56	0.00	0.00
LBC	106	24.48	25.56	25.47	24.49	0.00	0.00
LBC	107	24.63	25.55	25.40	24.43	0.00	0.00
LBC	108	24.59	25.46	25.41	24.54	0.00	0.00
LBC	109	24.47	25.56	25.44	24.53	0.00	0.00
LBC	110	24.53	25.64	25.39	24.44	0.00	0.00
LBC	111	24.53	25.52	25.34	24.61	0.00	0.00
LBC	112	24.42	25.55	25.50	24.53	0.00	0.00
LBC	113	24.47	25.61	25.46	24.46	0.00	0.00
LBC	114	24.62	25.50	25.36	24.53	0.00	0.00
LBC	115	24.54	25.59	25.41	24.46	0.00	0.00
LBC	116	24.53	25.49	25.47	24.51	0.00	0.00
LBC	117	24.71	25.47	25.30	24.52	0.00	0.00
LBC	118	24.54	25.56	25.49	24.41	0.00	0.00
LBC	119	24.54	25.60	25.47	24.38	0.00	0.00
LBC	120	24.63	25.47	25.35	24.54	0.00	0.00
LBC	121	24.50	25.56	25.49	24.46	0.00	0.00
LBC	122	24.52	25.57	25.47	24.44	0.00	0.00
LBC	123	24.61	25.46	25.49	24.44	0.00	0.00
LBC	124	24.54	25.67	25.37	24.42	0.00	0.00
LBC	125	24.55	25.48	25.43	24.55	0.00	0.00
LBC	126	24.68	25.41	25.34	24.56	0.00	0.00
LBC	127	24.62	25.45	25.40	24.53	0.00	0.00
LBC	128	24.56	25.55	25.39	24.50	0.00	0.00
LBC	129	24.59	25.45	25.42	24.54	0.00	0.00
LBC	130	24.50	25.59	25.51	24.40	0.00	0.00
LBC	131	24.57	25.47	25.48	24.48	0.00	0.00
LBC	132	24.60	25.47	25.38	24.55	0.00	0.00
LBC	133	24.53	25.53	25.50	24.44	0.00	0.00
LBC	134	24.52	25.62	25.42	24.43	0.00	0.00
LBC	135	24.56	25.49	25.44	24.52	0.00	0.00
LBC	136	24.59	25.50	25.43	24.48	0.00	0.00
LBC	137	24.59	25.56	25.43	24.41	0.00	0.00
LBC	138	24.64	25.43	25.37	24.55	0.00	0.00
LBC	139	24.64	25.52	25.41	24.43	0.00	0.00
LBC	140	24.51	25.51	25.45	24.53	0.00	0.00
LBC	141	24.71	25.45	25.27	24.57	0.00	0.00
LBC	142	24.54	25.55	25.46	24.44	0.00	0.00
LBC	143	24.59	25.51	25.34	24.56	0.00	0.00
LBC	144	24.64	25.45	25.27	24.65	0.00	0.00
LBC	145	24.63	25.43	25.45	24.48	0.00	0.00
LBC	146	24.54	25.57	25.33	24.56	0.00	0.00
LBC	147	24.64	25.45	25.28	24.63	0.00	0.00
LBC	148	24.56	25.54	25.46	24.44	0.00	0.00
LBC	149	24.57	25.46	25.42	24.55	0.00	0.00
LBC	150	24.59	25.54	25.47	24.40	0.00	0.00
# ACGT raw counters for last fragments. Use `grep ^LTC | cut -f 2-` to extract this part. The columns are: A,C,G,T,N base counters
LTC	70793066	73382171	73071057	70571473	257
# Insert sizes. Use `grep ^IS | cut -f 2-` to extract this part. The columns are: insert size, pairs total, inward oriented pairs, outward oriented pairs, other pairs
IS	0	1	0	1	0
IS	1	0	0	0	0
IS	2	0	0	0	0
IS	3	1	0	1	0
IS	4	1	0	1	0
IS	5	0	0	0	0
IS	6	0	0	0	0
IS	7	1	0	1	0
IS	8	0	0	0	0
IS	9	7	0	7	0
IS	10	4	0	4	0
IS	11	0	0	0	0
IS	12	0	0	0	0
IS	13	0	0	0	0
IS	14	1	0	1	0
IS	15	1	0	1	0
IS	16	1	0	1	0
IS	17	0	0	0	0
IS	18	0	0	0	0
IS	19	0	0	0	0
IS	20	0	0	0	0
IS	21	0	0	0	0
IS	22	3	0	1	2
IS	23	2	1	0	1
IS	24	3	0	1	2
IS	25	20	18	1	1
IS	26	74	72	1	1
IS	27	285	281	0	4
IS	28	442	437	2	3
IS	29	21	17	2	2
IS	30	49	44	5	0
IS	31	53	47	4	2
IS	32	34	31	3	0
IS	33	41	37	2	2
IS	34	39	31	3	5
IS	35	30	25	4	1
IS	36	41	35	4	2
IS	37	14	10	3	1
IS	38	22	14	5	3
IS	39	28	21	3	4
IS	40	20	15	1	4
IS	41	13	13	0	0
IS	42	26	22	2	2
IS	43	22	18	3	1
IS	44	17	11	4	2
IS	45	20	11	4	5
IS	46	28	16	8	4
IS	47	15	6	7	2
IS	48	15	9	2	4
IS	49	18	12	3	3
IS	50	19	11	3	5
IS	51	8	5	2	1
IS	52	14	7	3	4
IS	53	12	9	1	2
IS	54	14	11	0	3
IS	55	12	6	2	4
IS	56	9	3	2	4
IS	57	14	8	2	4
IS	58	18	9	6	3
IS	59	7	3	0	4
IS	60	12	9	0	3
IS	61	11	6	4	1
IS	62	11	4	1	6
IS	63	13	7	2	4
IS	64	19	9	4	6
IS	65	5	3	1	1
IS	66	12	6	1	5
IS	67	16	10	3	3
IS	68	19	12	4	3
IS	69	11	6	0	5
IS	70	8	4	2	2
IS	71	9	5	1	3
IS	72	15	9	4	2
IS	73	21	11	2	8
IS	74	15	9	2	4
IS	75	23	13	4	6
IS	76	15	8	0	7
IS	77	22	12	1	9
IS	78	20	10	4	6
IS	79	23	12	3	8
IS	80	20	13	4	3
IS	81	23	12	4	7
IS	82	22	13	1	8
IS	83	16	12	2	2
IS	84	29	21	2	6
IS	85	28	19	2	7
IS	86	25	22	1	2
IS	87	28	20	5	3
IS	88	31	22	1	8
IS	89	24	16	0	8
IS	90	34	28	2	4
IS	91	18	12	2	4
IS	92	36	28	2	6
IS	93	27	22	2	3
IS	94	38	32	2	4
IS	95	40	28	4	8
IS	96	30	22	1	7
IS	97	40	31	2	7
IS	98	40	35	2	3
IS	99	37	25	2	10
IS	100	38	29	1	8
IS	101	27	21	2	4
IS	102	33	23	1	9
IS	103	38	33	1	4
IS	104	51	43	2	6
IS	105	30	25	2	3
IS	106	36	29	2	5
IS	107	39	33	0	6
IS	108	35	29	2	4
IS	109	55	49	3	3
IS	110	57	53	1	3
IS	111	44	34	2	8
IS	112	59	48	4	7
IS	113	52	45	3	4
IS	114	54	47	1	6
IS	115	62	50	3	9
IS	116	57	50	0	7
IS	117	58	47	2	9
IS	118	50	43	1	6
IS	119	63	55	1	7
IS	120	59	49	2	8
IS	121	55	47	0	8
IS	122	68	64	1	3
IS	123	58	45	3	10
IS	124	56	46	2	8
IS	125	58	50	3	5
IS	126	70	64	3	3
IS	127	77	60	11	6
IS	128	73	62	4	7
IS	129	66	51	7	8
IS	130	70	59	6	5
IS	131	66	56	6	4
IS	132	77	63	3	11
IS	133	82	74	5	3
IS	134	70	63	2	5
IS	135	75	56	9	10
IS	136	77	64	7	6
IS	137	72	58	4	10
IS	138	64	56	5	3
IS	139	82	67	7	8
IS	140	76	68	4	4
IS	141	73	61	6	6
IS	142	98	88	8	2
IS	143	5244	4161	1080	3
IS	144	5196	4113	1079	4
IS	145	5194	4031	1157	6
IS	146	5155	3910	1238	7
IS	147	5198	3888	1299	11
IS	148	5152	3416	1733	3
IS	149	5188	1007	4173	8
IS	150	5173	5151	14	8
IS	151	5105	5097	1	7
IS	152	5237	5233	0	4
IS	153	5184	5174	0	10
IS	154	5057	5049	0	8
IS	155	5017	5012	1	4
IS	156	5004	5002	0	2
IS	157	4928	4921	0	7
IS	158	5039	5035	0	4
IS	159	4956	4944	0	12
IS	160	4946	4938	0	8
IS	161	4891	4887	0	4
IS	162	5005	4995	1	9
IS	163	4985	4979	1	5
IS	164	4890	4885	0	5
IS	165	4857	4846	0	11
IS	166	4916	4910	0	6
IS	167	4743	4742	0	1
IS	168	4802	4795	0	7
IS	169	4847	4839	0	8
IS	170	4851	4845	0	6
IS	171	4766	4760	1	5
IS	172	4730	4726	0	4
IS	173	4752	4743	0	9
IS	174	4793	4788	0	5
IS	175	4779	4773	0	6
IS	176	4670	4665	0	5
IS	177	4698	4693	1	4
IS	178	4556	4551	0	5
IS	179	4705	4697	0	8
IS	180	4544	4535	0	9
IS	181	4663	4654	0	9
IS	182	4637	4632	0	5
IS	183	4606	4600	0	6
IS	184	4625	4620	1	4
IS	185	4444	4439	1	4
IS	186	4555	4548	0	7
IS	187	4451	4445	0	6
IS	188	4492	4485	0	7
IS	189	4374	4368	0	6
IS	190	4439	4432	0	7
IS	191	4433	4426	1	6
IS	192	4500	4492	0	8
IS	193	4470	4464	0	6
IS	194	4428	4422	0	6
IS	195	4496	4493	0	3
IS	196	4280	4280	0	0
IS	197	4343	4338	0	5
IS	198	4241	4233	0	8
IS	199	4209	4206	0	3
IS	200	4178	4171	1	6
IS	201	4192	4188	0	4
IS	202	4249	4247	0	2
IS	203	4321	4312	1	8
IS	204	4233	4231	0	2
IS	205	4117	4108	0	9
IS	206	4100	4095	0	5
IS	207	4200	4195	0	5
IS	208	4159	4147	1	11
IS	209	4015	4011	1	3
IS	210	4081	4078	0	3
IS	211	4028	4025	0	3
IS	212	4121	4115	0	6
IS	213	4152	4147	0	5
IS	214	3968	3960	0	8
IS	215	3933	3922	0	11
IS	216	4048	4037	1	10
IS	217	4047	4039	0	8
IS	218	3987	3983	0	4
IS	219	3954	3951	0	3
IS	220	4023	4017	0	6
IS	221	3950	3945	1	4
IS	222	3947	3940	0	7
IS	223	3844	3840	1	3
IS	224	3814	3806	1	7
IS	225	3845	3835	0	10
IS	226	3927	3922	0	5
IS	227	3821	3817	0	4
IS	228	3736	3732	0	4
IS	229	3786	3782	0	4
IS	230	3731	3726	0	5
IS	231	3714	3709	0	5
IS	232	3812	3805	0	7
IS	233	3784	3777	0	7
IS	234	3752	3744	0	8
IS	235	3726	3721	0	5
IS	236	3692	3684	0	8
IS	237	3719	3712	1	6
IS	238	3640	3633	1	6
IS	239	3738	3734	0	4
IS	240	3573	3566	0	7
IS	241	3694	3692	0	2
IS	242	3670	3665	0	5
IS	243	3613	3611	0	2
IS	244	3696	3692	0	4
IS	245	3621	3616	1	4
IS	246	3582	3580	0	2
IS	247	3528	3527	0	1
IS	248	3629	3627	0	2
IS	249	3535	3532	0	3
IS	250	3691	3685	0	6
IS	251	3517	3503	1	13
IS	252	3597	3592	0	5
IS	253	3591	3585	0	6
IS	254	3491	3485	0	6
IS	255	3552	3544	0	8
IS	256	3456	3450	0	6
IS	257	3510	3504	0	6
IS	258	3389	3387	0	2
IS	259	3402	3395	0	7
IS	260	3415	3411	0	4
IS	261	3470	3460	0	10
IS	262	3433	3427	0	6
IS	263	3336	3330	0	6
IS	264	3459	3456	0	3
IS	265	3304	3292	0	12
IS	266	3327	3323	0	4
IS	267	3320	3316	0	4
IS	268	3296	3284	0	12
IS	269	3214	3208	0	6
IS	270	3236	3230	0	6
IS	271	3274	3267	1	6
IS	272	3207	3196	0	11
IS	273	3256	3252	0	4
IS	274	3140	3130	0	10
IS	275	3219	3213	0	6
IS	276	3241	3236	1	4
IS	277	3198	3187	1	10
IS	278	3287	3282	0	5
IS	279	3195	3185	1	9
IS	280	3143	3137	0	6
IS	281	3171	3159	0	12
IS	282	3141	3132	1	8
IS	283	3217	3214	0	3
IS	284	3094	3086	0	8
IS	285	3148	3143	0	5
IS	286	3100	3092	1	7
IS	287	3103	3098	0	5
IS	288	2995	2991	0	4
IS	289	2934	2929	1	4
IS	290	3018	3011	1	6
IS	291	3026	3017	2	7
IS	292	3004	3002	0	2
IS	293	3054	3045	0	9
IS	294	3090	3085	0	5
IS	295	3004	2999	0	5
IS	296	2923	2917	0	6
IS	297	3080	3069	0	11
IS	298	3066	3060	0	6
IS	299	2911	2903	0	8
IS	300	2939	2931	0	8
IS	301	2880	2873	0	7
IS	302	2940	2936	0	4
IS	303	2948	2942	0	6
IS	304	2915	2912	0	3
IS	305	2931	2927	1	3
IS	306	2843	2840	0	3
IS	307	2846	2840	0	6
IS	308	2882	2875	0	7
IS	309	2917	2907	1	9
IS	310	2927	2917	1	9
IS	311	2783	2777	0	6
IS	312	2888	2879	0	9
IS	313	2876	2872	0	4
IS	314	2779	2770	0	9
IS	315	2796	2793	0	3
IS	316	2805	2800	0	5
IS	317	2877	2869	0	8
IS	318	2800	2796	0	4
IS	319	2788	2775	0	13
IS	320	2764	2759	0	5
IS	321	2830	2822	1	7
IS	322	2841	2834	0	7
IS	323	2773	2769	0	4
IS	324	2758	2756	0	2
IS	325	2686	2678	0	8
IS	326	2749	2739	0	10
IS	327	2732	2727	0	5
IS	328	2759	2754	0	5
IS	329	2717	2712	0	5
IS	330	2695	2684	0	11
IS	331	2696	2688	0	8
IS	332	2661	2655	0	6
IS	333	2799	2788	0	11
IS	334	2735	2728	1	6
IS	335	2705	2698	0	7
IS	336	2699	2693	0	6
IS	337	2598	2593	1	4
IS	338	2625	2620	0	5
IS	339	2742	2726	1	15
IS	340	2665	2660	0	5
IS	341	2545	2539	0	6
IS	342	2475	2469	0	6
IS	343	2591	2585	1	5
IS	344	2603	2597	0	6
IS	345	2701	2694	1	6
IS	346	2591	2586	0	5
IS	347	2519	2511	1	7
IS	348	2575	2571	0	4
IS	349	2514	2506	0	8
IS	350	2516	2511	0	5
IS	351	2459	2457	1	1
IS	352	2511	2506	0	5
IS	353	2636	2626	0	10
IS	354	2533	2527	0	6
IS	355	2471	2465	0	6
IS	356	2488	2482	0	6
IS	357	2529	2519	0	10
IS	358	2540	2534	0	6
IS	359	2615	2610	0	5
IS	360	2515	2507	1	7
IS	361	2500	2493	0	7
IS	362	2554	2551	0	3
IS	363	2473	2463	0	10
IS	364	2473	2466	0	7
IS	365	2507	2495	0	12
IS	366	2470	2463	0	7
IS	367	2508	2500	2	6
IS	368	2453	2445	0	8
IS	369	2498	2491	0	7
IS	370	2442	2433	0	9
IS	371	2574	2572	0	2
IS	372	2387	2382	0	5
IS	373	2435	2429	1	5
IS	374	2456	2448	0	8
IS	375	2461	2456	0	5
IS	376	2390	2387	0	3
IS	377	2431	2425	0	6
IS	378	2352	2347	0	5
IS	379	2406	2398	0	8
IS	380	2387	2381	1	5
IS	381	2377	2371	0	6
IS	382	2388	2382	0	6
IS	383	2443	2439	0	4
IS	384	2363	2359	0	4
IS	385	2449	2446	0	3
IS	386	2383	2374	0	9
IS	387	2412	2405	1	6
IS	388	2366	2359	0	7
IS	389	2467	2459	0	8
IS	390	2473	2468	0	5
IS	391	2399	2395	0	4
IS	392	2293	2288	0	5
IS	393	2421	2417	0	4
IS	394	2357	2352	0	5
IS	395	2380	2377	0	3
IS	396	2346	2340	0	6
IS	397	2326	2317	1	8
IS	398	2347	2345	0	2
IS	399	2431	2425	0	6
IS	400	2317	2308	0	9
IS	401	2302	2297	0	5
IS	402	2312	2309	0	3
IS	403	2291	2285	0	6
IS	404	2334	2330	0	4
IS	405	2321	2318	1	2
IS	406	2421	2413	0	8
IS	407	2268	2262	0	6
IS	408	2327	2324	0	3
IS	409	2240	2236	0	4
IS	410	2298	2293	0	5
IS	411	2281	2274	0	7
IS	412	2369	2359	1	9
IS	413	2202	2195	1	6
IS	414	2253	2244	1	8
IS	415	2264	2256	0	8
IS	416	2319	2315	0	4
IS	417	2339	2330	0	9
IS	418	2320	2318	0	2
IS	419	2220	2210	0	10
IS	420	2273	2267	0	6
IS	421	2224	2215	1	8
IS	422	2273	2265	0	8
IS	423	2319	2312	0	7
IS	424	2348	2343	1	4
IS	425	2323	2314	0	9
IS	426	2263	2257	0	6
IS	427	2212	2201	0	11
IS	428	2232	2225	0	7
IS	429	2342	2335	0	7
IS	430	2302	2297	0	5
IS	431	2241	2232	1	8
IS	432	2192	2189	1	2
IS	433	2190	2187	0	3
IS	434	2193	2189	0	4
IS	435	2314	2311	0	3
IS	436	2310	2301	0	9
IS	437	2217	2209	0	8
IS	438	2277	2268	0	9
IS	439	2286	2279	0	7
IS	440	2268	2263	0	5
IS	441	2190	2183	0	7
IS	442	2237	2229	0	8
IS	443	2229	2223	0	6
IS	444	2123	2118	0	5
IS	445	2336	2329	0	7
IS	446	2153	2148	1	4
IS	447	2176	2172	0	4
IS	448	2260	2258	0	2
IS	449	2203	2197	0	6
IS	450	2218	2211	1	6
IS	451	2230	2220	0	10
IS	452	2277	2266	0	11
IS	453	2236	2230	0	6
IS	454	2181	2175	0	6
IS	455	2249	2241	1	7
IS	456	2274	2266	0	8
IS	457	2263	2256	0	7
IS	458	2201	2196	0	5
IS	459	2246	2241	0	5
IS	460	2203	2194	0	9
IS	461	2220	2215	0	5
IS	462	2297	2286	0	11
IS	463	2210	2203	0	7
IS	464	2235	2234	0	1
IS	465	2227	2223	0	4
IS	466	2276	2270	0	6
IS	467	2263	2259	0	4
IS	468	2266	2266	0	0
IS	469	2279	2276	0	3
IS	470	2223	2219	0	4
IS	471	2232	2224	1	7
IS	472	2219	2213	0	6
IS	473	2154	2150	0	4
IS	474	2232	2225	1	6
IS	475	2192	2184	0	8
IS	476	2299	2292	0	7
IS	477	2233	2222	0	11
IS	478	2270	2265	0	5
IS	479	2212	2208	1	3
IS	480	2144	2138	0	6
IS	481	2269	2264	0	5
IS	482	2157	2153	0	4
IS	483	2230	2221	0	9
IS	484	2263	2258	0	5
IS	485	2182	2178	0	4
IS	486	2260	2252	0	8
IS	487	2199	2195	0	4
IS	488	2227	2222	0	5
IS	489	2109	2101	0	8
IS	490	2239	2233	2	4
IS	491	2201	2194	0	7
IS	492	2143	2138	0	5
IS	493	2216	2212	1	3
IS	494	2213	2210	2	1
IS	495	2137	2128	0	9
IS	496	2202	2197	0	5
IS	497	2166	2164	0	2
IS	498	2171	2164	1	6
IS	499	2216	2212	1	3
IS	500	2237	2231	0	6
IS	501	2253	2246	0	7
IS	502	2179	2174	1	4
IS	503	2263	2258	0	5
IS	504	2239	2237	0	2
IS	505	2295	2291	0	4
IS	506	2184	2179	0	5
IS	507	2173	2165	0	8
IS	508	2209	2203	0	6
IS	509	2203	2198	0	5
IS	510	2223	2218	0	5
IS	511	2176	2171	0	5
IS	512	2228	2220	0	8
IS	513	2220	2213	1	6
IS	514	2319	2315	0	4
IS	515	2037	2027	1	9
IS	516	2104	2097	1	6
IS	517	2193	2183	0	10
IS	518	2153	2148	1	4
IS	519	2240	2236	0	4
IS	520	2212	2207	0	5
IS	521	2236	2231	0	5
IS	522	2173	2166	0	7
IS	523	2229	2225	0	4
IS	524	2316	2309	0	7
IS	525	2189	2184	0	5
IS	526	2255	2253	0	2
IS	527	2244	2237	0	7
IS	528	2182	2173	0	9
IS	529	2371	2364	0	7
IS	530	2211	2206	0	5
IS	531	2198	2195	0	3
IS	532	2274	2267	0	7
IS	533	2221	2216	0	5
IS	534	2165	2160	0	5
IS	535	2131	2124	0	7
IS	536	2261	2255	0	6
IS	537	2142	2139	0	3
IS	538	2232	2225	0	7
IS	539	2309	2302	0	7
IS	540	2156	2152	0	4
IS	541	2305	2299	0	6
IS	542	2220	2217	0	3
IS	543	2246	2241	0	5
IS	544	2150	2146	1	3
IS	545	2218	2214	0	4
IS	546	2224	2218	0	6
IS	547	2216	2206	0	10
IS	548	2277	2273	0	4
IS	549	2242	2241	0	1
IS	550	2145	2140	0	5
IS	551	2224	2220	0	4
IS	552	2137	2130	0	7
IS	553	2265	2257	0	8
IS	554	2248	2242	1	5
IS	555	2225	2220	1	4
IS	556	2313	2307	1	5
IS	557	2310	2306	0	4
IS	558	2181	2176	0	5
IS	559	2189	2182	0	7
IS	560	2236	2233	0	3
IS	561	2221	2215	1	5
IS	562	2132	2128	0	4
IS	563	2196	2190	1	5
IS	564	2203	2199	0	4
IS	565	2260	2259	0	1
IS	566	2270	2266	0	4
IS	567	2215	2209	0	6
IS	568	2180	2173	0	7
IS	569	2211	2206	0	5
IS	570	2216	2212	0	4
IS	571	2333	2329	0	4
IS	572	2278	2275	0	3
IS	573	2244	2238	0	6
IS	574	2237	2229	1	7
IS	575	2126	2121	0	5
IS	576	2180	2174	0	6
IS	577	2168	2164	0	4
IS	578	2217	2216	0	1
IS	579	2231	2227	0	4
IS	580	2196	2193	1	2
IS	581	2160	2156	0	4
IS	582	2249	2241	0	8
IS	583	2299	2292	1	6
IS	584	2161	2155	0	6
IS	585	2162	2153	0	9
IS	586	2239	2234	0	5
IS	587	2261	2253	2	6
IS	588	2301	2291	0	10
IS	589	2186	2180	0	6
IS	590	2161	2160	0	1
IS	591	2263	2259	0	4
IS	592	2100	2093	0	7
IS	593	2213	2208	0	5
IS	594	2246	2242	0	4
IS	595	2207	2203	0	4
IS	596	2200	2196	0	4
IS	597	2243	2238	0	5
IS	598	2196	2192	0	4
IS	599	2256	2249	0	7
IS	600	2247	2242	1	4
IS	601	2303	2296	1	6
IS	602	2268	2264	0	4
IS	603	2229	2223	0	6
IS	604	2194	2193	0	1
IS	605	2183	2178	0	5
IS	606	2210	2207	0	3
IS	607	2212	2206	1	5
IS	608	2157	2156	0	1
IS	609	2248	2246	1	1
IS	610	2247	2244	0	3
IS	611	2243	2233	0	10
IS	612	2194	2189	0	5
IS	613	2167	2162	0	5
IS	614	2189	2178	0	11
IS	615	2229	2220	0	9
IS	616	2251	2249	0	2
IS	617	2180	2177	0	3
IS	618	2223	2219	0	4
IS	619	2258	2256	0	2
IS	620	2090	2085	0	5
IS	621	2243	2234	1	8
IS	622	2240	2233	0	7
IS	623	2186	2185	0	1
IS	624	2180	2176	0	4
IS	625	2173	2170	0	3
IS	626	2216	2211	0	5
IS	627	2163	2157	1	5
IS	628	2183	2177	0	6
IS	629	2142	2138	0	4
IS	630	2131	2125	0	6
IS	631	2184	2178	0	6
IS	632	2275	2270	0	5
IS	633	2123	2122	0	1
IS	634	2218	2214	0	4
IS	635	2128	2123	1	4
IS	636	2233	2231	0	2
IS	637	2138	2135	0	3
IS	638	2208	2207	0	1
IS	639	2190	2188	0	2
IS	640	2133	2130	1	2
IS	641	2189	2184	0	5
IS	642	2096	2092	0	4
IS	643	2137	2132	0	5
IS	644	2189	2185	1	3
IS	645	2165	2161	0	4
IS	646	2131	2127	0	4
IS	647	2167	2164	0	3
IS	648	2236	2234	0	2
IS	649	2159	2154	0	5
IS	650	2180	2175	0	5
IS	651	2202	2198	0	4
IS	652	2155	2152	0	3
IS	653	2146	2141	1	4
IS	654	2215	2212	0	3
IS	655	2128	2125	1	2
IS	656	2042	2040	0	2
IS	657	2164	2159	0	5
IS	658	2126	2123	1	2
IS	659	2125	2121	0	4
IS	660	2125	2121	0	4
IS	661	2181	2175	0	6
IS	662	2064	2057	0	7
IS	663	2012	2008	1	3
IS	664	2064	2058	0	6
IS	665	2143	2139	0	4
IS	666	2096	2093	0	3
IS	667	2131	2126	0	5
IS	668	2059	2058	0	1
IS	669	2111	2107	0	4
IS	670	2013	2009	1	3
IS	671	2071	2066	0	5
IS	672	2153	2149	0	4
IS	673	2087	2083	1	3
IS	674	2039	2034	0	5
IS	675	2074	2072	0	2
IS	676	2076	2074	0	2
IS	677	2181	2179	0	2
IS	678	2163	2159	0	4
IS	679	2165	2164	0	1
IS	680	2058	2054	0	4
IS	681	1973	1969	0	4
IS	682	2074	2066	0	8
IS	683	2093	2087	2	4
IS	684	2077	2072	0	5
IS	685	2119	2115	0	4
IS	686	2053	2051	0	2
IS	687	2063	2058	0	5
IS	688	2015	2009	0	6
IS	689	2064	2060	0	4
IS	690	2100	2096	0	4
IS	691	2141	2135	0	6
IS	692	1974	1972	0	2
IS	693	2012	2005	0	7
IS	694	2082	2080	0	2
IS	695	1998	1994	0	4
IS	696	1976	1973	0	3
IS	697	2073	2068	0	5
IS	698	2032	2030	0	2
IS	699	1946	1938	0	8
IS	700	2032	2027	0	5
IS	701	2073	2071	0	2
IS	702	2061	2055	0	6
IS	703	2012	2011	0	1
IS	704	1996	1994	0	2
IS	705	1997	1992	0	5
IS	706	1995	1991	1	3
IS	707	2067	2061	0	6
IS	708	1946	1942	0	4
IS	709	1955	1949	0	6
IS	710	1976	1974	0	2
IS	711	2027	2021	0	6
IS	712	1998	1995	0	3
IS	713	1994	1991	0	3
IS	714	1941	1938	0	3
IS	715	1949	1944	0	5
IS	716	1950	1945	0	5
IS	717	1979	1976	0	3
IS	718	2001	1999	0	2
IS	719	1906	1903	0	3
IS	720	1958	1953	1	4
IS	721	1936	1934	0	2
IS	722	1926	1922	0	4
IS	723	1912	1909	0	3
IS	724	1869	1867	0	2
IS	725	1957	1954	0	3
IS	726	1981	1979	0	2
IS	727	1922	1916	1	5
IS	728	1963	1960	1	2
IS	729	2014	2010	0	4
IS	730	1915	1912	0	3
IS	731	1907	1903	0	4
IS	732	1903	1902	0	1
IS	733	1898	1893	0	5
IS	734	1918	1915	0	3
IS	735	1908	1904	0	4
IS	736	1845	1841	0	4
IS	737	1856	1852	1	3
IS	738	1872	1869	0	3
IS	739	1840	1837	0	3
IS	740	1850	1847	0	3
IS	741	1854	1849	0	5
IS	742	1841	1838	0	3
IS	743	1891	1888	0	3
IS	744	1801	1800	0	1
IS	745	1891	1886	0	5
IS	746	1888	1886	0	2
IS	747	1861	1859	0	2
IS	748	1869	1864	0	5
IS	749	1854	1851	0	3
IS	750	1801	1799	0	2
IS	751	1884	1877	1	6
IS	752	1890	1884	1	5
IS	753	1751	1749	0	2
IS	754	1871	1867	1	3
IS	755	1878	1875	1	2
IS	756	1846	1844	0	2
IS	757	1794	1791	0	3
IS	758	1835	1832	1	2
IS	759	1801	1798	0	3
IS	760	1749	1742	0	7
IS	761	1735	1735	0	0
IS	762	1733	1731	0	2
IS	763	1762	1759	0	3
IS	764	1772	1770	0	2
IS	765	1691	1687	0	4
IS	766	1749	1746	0	3
IS	767	1785	1781	1	3
IS	768	1784	1782	0	2
IS	769	1751	1749	0	2
IS	770	1624	1623	0	1
IS	771	1742	1740	1	1
IS	772	1790	1784	0	6
IS	773	1756	1754	0	2
IS	774	1731	1728	0	3
IS	775	1674	1669	0	5
IS	776	1733	1731	1	1
IS	777	1642	1638	0	4
IS	778	1704	1700	0	4
IS	779	1569	1567	0	2
IS	780	1647	1645	0	2
IS	781	1658	1657	0	1
IS	782	1684	1681	0	3
IS	783	1686	1683	0	3
IS	784	1548	1546	0	2
IS	785	1601	1596	0	5
IS	786	1591	1590	0	1
IS	787	1684	1682	0	2
IS	788	1694	1690	0	4
IS	789	1607	1605	0	2
IS	790	1607	1604	0	3
IS	791	1530	1530	0	0
IS	792	1652	1648	1	3
IS	793	1559	1557	0	2
IS	794	1620	1615	0	5
IS	795	1620	1617	0	3
IS	796	1597	1594	0	3
IS	797	1570	1570	0	0
IS	798	1589	1587	0	2
IS	799	1572	1570	0	2
IS	800	1603	1601	0	2
IS	801	1586	1582	0	4
IS	802	1589	1586	0	3
IS	803	1475	1467	0	8
IS	804	1557	1555	0	2
IS	805	1522	1518	1	3
IS	806	1553	1548	0	5
IS	807	1562	1557	0	5
IS	808	1464	1460	0	4
IS	809	1485	1483	0	2
IS	810	1482	1477	0	5
IS	811	1472	1470	0	2
IS	812	1476	1473	1	2
IS	813	1408	1405	0	3
IS	814	1484	1481	0	3
IS	815	1438	1436	0	2
IS	816	1566	1561	0	5
IS	817	1450	1447	0	3
IS	818	1505	1503	0	2
IS	819	1474	1471	0	3
IS	820	1424	1421	0	3
IS	821	1425	1423	0	2
IS	822	1454	1453	0	1
IS	823	1421	1418	0	3
IS	824	1454	1452	0	2
IS	825	1438	1434	0	4
IS	826	1417	1413	0	4
IS	827	1378	1377	0	1
IS	828	1436	1434	0	2
IS	829	1434	1431	0	3
IS	830	1438	1438	0	0
IS	831	1335	1332	0	3
IS	832	1356	1355	0	1
IS	833	1374	1373	0	1
IS	834	1378	1372	0	6
IS	835	1360	1359	0	1
IS	836	1404	1401	0	3
IS	837	1296	1293	0	3
IS	838	1322	1318	0	4
IS	839	1401	1398	2	1
IS	840	1339	1335	1	3
IS	841	1336	1334	0	2
IS	842	1273	1271	0	2
IS	843	1388	1386	0	2
IS	844	1303	1302	0	1
IS	845	1290	1289	0	1
IS	846	1312	1308	0	4
IS	847	1309	1305	1	3
IS	848	1266	1264	0	2
IS	849	1282	1279	0	3
IS	850	1278	1277	0	1
IS	851	1245	1244	0	1
IS	852	1229	1229	0	0
IS	853	1299	1296	0	3
IS	854	1171	1170	0	1
IS	855	1284	1284	0	0
IS	856	1244	1240	0	4
IS	857	1201	1200	0	1
IS	858	1271	1269	0	2
IS	859	1226	1226	0	0
IS	860	1239	1236	0	3
IS	861	1250	1250	0	0
IS	862	1185	1184	0	1
IS	863	1198	1196	0	2
IS	864	1229	1226	1	2
IS	865	1232	1228	0	4
IS	866	1172	1169	0	3
IS	867	1178	1174	0	4
IS	868	1070	1067	0	3
IS	869	1190	1189	0	1
IS	870	1158	1156	0	2
IS	871	1218	1217	0	1
IS	872	1200	1198	0	2
IS	873	1159	1157	0	2
IS	874	1137	1132	2	3
IS	875	1124	1123	0	1
IS	876	1125	1120	0	5
IS	877	1088	1087	0	1
IS	878	1073	1071	0	2
IS	879	1105	1098	0	7
IS	880	1046	1044	0	2
IS	881	1135	1134	0	1
IS	882	1068	1066	0	2
IS	883	1167	1166	0	1
IS	884	1114	1113	0	1
IS	885	1006	1005	0	1
IS	886	1007	1007	0	0
IS	887	1093	1090	0	3
IS	888	1066	1066	0	0
IS	889	1106	1104	0	2
IS	890	1050	1047	0	3
IS	891	1055	1052	1	2
IS	892	1042	1039	0	3
IS	893	1057	1054	0	3
IS	894	996	994	0	2
IS	895	1033	1032	0	1
IS	896	978	977	0	1
IS	897	1012	1012	0	0
IS	898	1013	1012	0	1
IS	899	1048	1046	0	2
IS	900	941	937	0	4
IS	901	967	967	0	0
IS	902	1042	1041	0	1
IS	903	1048	1043	0	5
IS	904	1000	998	0	2
IS	905	1054	1051	0	3
IS	906	986	982	0	4
IS	907	982	978	0	4
IS	908	969	964	0	5
IS	909	974	972	0	2
IS	910	944	939	0	5
IS	911	938	938	0	0
IS	912	951	948	0	3
IS	913	921	915	0	6
IS	914	856	853	0	3
IS	915	895	893	0	2
IS	916	901	898	0	3
IS	917	868	865	0	3
IS	918	816	814	0	2
IS	919	916	914	0	2
IS	920	883	882	0	1
IS	921	874	873	0	1
IS	922	884	882	0	2
IS	923	790	786	0	4
IS	924	876	876	0	0
IS	925	834	833	0	1
IS	926	903	903	0	0
IS	927	843	841	0	2
IS	928	823	821	0	2
IS	929	841	840	0	1
IS	930	839	836	0	3
IS	931	838	836	1	1
IS	932	803	802	0	1
IS	933	848	848	0	0
IS	934	831	827	0	4
IS	935	830	830	0	0
IS	936	767	765	0	2
IS	937	819	817	0	2
IS	938	768	764	0	4
IS	939	819	819	0	0
IS	940	806	803	1	2
IS	941	819	816	1	2
IS	942	774	769	1	4
IS	943	771	768	0	3
IS	944	741	739	0	2
IS	945	755	754	0	1
IS	946	756	756	0	0
IS	947	723	720	0	3
IS	948	753	751	0	2
IS	949	664	662	0	2
IS	950	754	753	0	1
IS	951	723	722	0	1
IS	952	756	755	0	1
IS	953	761	758	0	3
IS	954	731	730	0	1
IS	955	736	735	0	1
IS	956	717	717	0	0
IS	957	666	662	0	4
IS	958	693	692	0	1
IS	959	687	686	1	0
IS	960	726	725	0	1
IS	961	705	704	0	1
IS	962	717	716	0	1
IS	963	691	691	0	0
IS	964	684	682	0	2
IS	965	702	701	0	1
IS	966	674	671	0	3
IS	967	665	661	0	4
IS	968	691	689	0	2
IS	969	602	602	0	0
IS	970	611	609	0	2
IS	971	676	674	0	2
IS	972	647	646	0	1
IS	973	698	697	0	1
IS	974	623	620	0	3
IS	975	659	657	0	2
IS	976	683	682	0	1
IS	977	630	627	1	2
IS	978	650	648	0	2
IS	979	607	606	0	1
IS	980	604	604	0	0
IS	981	604	601	0	3
IS	982	595	592	0	3
IS	983	604	604	0	0
IS	984	598	597	0	1
IS	985	623	622	0	1
IS	986	589	587	0	2
IS	987	629	627	0	2
IS	988	598	597	0	1
IS	989	588	586	0	2
IS	990	558	556	1	1
IS	991	574	574	0	0
IS	992	549	547	0	2
IS	993	572	572	0	0
IS	994	567	566	0	1
IS	995	561	559	0	2
IS	996	572	571	0	1
IS	997	495	491	0	4
IS	998	548	544	2	2
IS	999	548	546	0	2
IS	1000	505	505	0	0
IS	1001	562	562	0	0
IS	1002	543	543	0	0
IS	1003	542	541	0	1
IS	1004	515	513	0	2
IS	1005	468	467	1	0
IS	1006	517	515	0	2
IS	1007	458	454	1	3
IS	1008	492	488	0	4
IS	1009	485	483	1	1
IS	1010	517	516	0	1
IS	1011	501	497	0	4
IS	1012	534	534	0	0
IS	1013	498	495	0	3
IS	1014	464	464	0	0
IS	1015	443	442	0	1
IS	1016	435	431	0	4
IS	1017	489	487	0	2
IS	1018	467	466	0	1
IS	1019	491	488	0	3
IS	1020	494	491	0	3
IS	1021	500	498	0	2
IS	1022	503	501	0	2
IS	1023	490	489	0	1
IS	1024	456	454	0	2
IS	1025	455	454	0	1
IS	1026	463	462	0	1
IS	1027	441	439	0	2
IS	1028	407	407	0	0
IS	1029	418	416	0	2
IS	1030	403	401	1	1
IS	1031	413	409	0	4
IS	1032	437	436	1	0
IS	1033	432	431	1	0
IS	1034	424	424	0	0
IS	1035	382	380	0	2
IS	1036	407	406	0	1
IS	1037	373	372	0	1
IS	1038	393	391	0	2
IS	1039	403	402	0	1
IS	1040	388	386	0	2
IS	1041	405	403	0	2
IS	1042	394	394	0	0
IS	1043	427	422	0	5
IS	1044	411	409	0	2
IS	1045	376	373	0	3
IS	1046	368	367	0	1
IS	1047	380	380	0	0
IS	1048	393	391	0	2
IS	1049	375	374	0	1
IS	1050	362	358	1	3
IS	1051	359	357	0	2
IS	1052	370	369	0	1
IS	1053	369	367	0	2
IS	1054	363	358	1	4
IS	1055	366	365	0	1
IS	1056	381	379	0	2
IS	1057	352	352	0	0
IS	1058	375	374	0	1
IS	1059	371	371	0	0
IS	1060	351	349	0	2
IS	1061	334	332	0	2
IS	1062	321	319	0	2
IS	1063	338	336	0	2
IS	1064	302	300	1	1
IS	1065	321	320	0	1
IS	1066	302	301	1	0
IS	1067	319	318	0	1
IS	1068	332	330	0	2
IS	1069	282	282	0	0
IS	1070	311	310	0	1
IS	1071	301	298	1	2
IS	1072	336	333	0	3
IS	1073	312	308	0	4
IS	1074	306	305	0	1
IS	1075	296	296	0	0
IS	1076	309	308	0	1
IS	1077	307	304	0	3
IS	1078	292	290	0	2
IS	1079	294	293	0	1
IS	1080	319	318	0	1
IS	1081	291	289	0	2
IS	1082	302	300	1	1
IS	1083	297	297	0	0
IS	1084	297	295	0	2
IS	1085	286	285	0	1
IS	1086	280	280	0	0
IS	1087	272	272	0	0
IS	1088	269	268	0	1
IS	1089	303	300	0	3
IS	1090	261	260	0	1
IS	1091	239	239	0	0
IS	1092	278	277	0	1
IS	1093	231	231	0	0
IS	1094	258	258	0	0
IS	1095	279	277	0	2
IS	1096	262	260	0	2
IS	1097	250	249	0	1
IS	1098	247	244	0	3
IS	1099	240	240	0	0
IS	1100	290	288	1	1
IS	1101	254	252	0	2
IS	1102	228	225	0	3
IS	1103	215	214	0	1
IS	1104	248	247	0	1
IS	1105	222	221	0	1
IS	1106	245	243	0	2
IS	1107	248	248	0	0
IS	1108	230	229	0	1
IS	1109	234	231	0	3
IS	1110	262	259	0	3
IS	1111	206	206	0	0
IS	1112	223	220	0	3
IS	1113	229	226	0	3
IS	1114	232	231	0	1
IS	1115	230	228	0	2
IS	1116	200	199	0	1
IS	1117	208	207	0	1
IS	1118	196	195	0	1
IS	1119	212	207	0	5
IS	1120	201	201	0	0
IS	1121	209	206	0	3
IS	1122	220	216	0	4
IS	1123	194	192	0	2
IS	1124	192	191	1	0
IS	1125	233	231	0	2
IS	1126	219	219	0	0
IS	1127	185	183	0	2
IS	1128	212	211	0	1
IS	1129	183	181	0	2
IS	1130	218	218	0	0
IS	1131	204	202	0	2
IS	1132	198	196	0	2
IS	1133	194	192	0	2
IS	1134	183	182	0	1
IS	1135	208	208	0	0
IS	1136	162	160	0	2
IS	1137	184	181	1	2
IS	1138	158	156	0	2
IS	1139	170	170	0	0
IS	1140	179	177	1	1
IS	1141	162	161	0	1
IS	1142	160	158	0	2
IS	1143	176	175	0	1
IS	1144	157	156	0	1
IS	1145	175	174	0	1
IS	1146	159	156	0	3
IS	1147	172	172	0	0
IS	1148	158	156	0	2
IS	1149	139	138	0	1
IS	1150	155	153	0	2
IS	1151	152	151	1	0
IS	1152	166	165	0	1
IS	1153	151	149	0	2
IS	1154	157	156	0	1
IS	1155	142	142	0	0
IS	1156	136	136	0	0
IS	1157	139	138	0	1
IS	1158	160	157	1	2
IS	1159	146	146	0	0
IS	1160	158	157	0	1
IS	1161	163	163	0	0
IS	1162	145	145	0	0
IS	1163	141	136	1	4
IS	1164	120	119	0	1
IS	1165	151	150	0	1
IS	1166	150	146	1	3
IS	1167	149	147	0	2
IS	1168	135	134	0	1
IS	1169	150	148	0	2
IS	1170	137	137	0	0
IS	1171	142	139	1	2
IS	1172	123	122	0	1
IS	1173	129	128	0	1
IS	1174	135	132	0	3
IS	1175	113	113	0	0
IS	1176	115	113	0	2
IS	1177	152	149	1	2
IS	1178	157	156	0	1
IS	1179	115	115	0	0
IS	1180	122	122	0	0
IS	1181	129	126	0	3
IS	1182	91	90	0	1
IS	1183	116	114	0	2
IS	1184	107	105	0	2
IS	1185	88	86	0	2
IS	1186	107	105	0	2
IS	1187	141	140	0	1
IS	1188	117	116	0	1
IS	1189	99	99	0	0
IS	1190	119	117	0	2
IS	1191	94	92	0	2
IS	1192	99	98	0	1
IS	1193	99	99	0	0
IS	1194	117	117	0	0
IS	1195	95	94	0	1
IS	1196	105	103	0	2
IS	1197	94	94	0	0
IS	1198	93	93	0	0
IS	1199	119	115	1	3
IS	1200	94	90	1	3
IS	1201	107	107	0	0
IS	1202	87	85	0	2
IS	1203	100	99	0	1
IS	1204	97	95	0	2
IS	1205	107	104	0	3
IS	1206	86	83	0	3
IS	1207	89	88	0	1
IS	1208	86	84	0	2
IS	1209	82	80	0	2
IS	1210	92	91	0	1
IS	1211	89	86	0	3
IS	1212	84	82	1	1
IS	1213	82	80	0	2
IS	1214	103	102	0	1
IS	1215	92	90	0	2
IS	1216	97	96	0	1
IS	1217	87	86	0	1
IS	1218	81	78	0	3
IS	1219	78	78	0	0
IS	1220	88	88	0	0
IS	1221	83	81	0	2
IS	1222	101	101	0	0
IS	1223	80	77	0	3
IS	1224	96	94	0	2
IS	1225	72	71	0	1
IS	1226	78	76	0	2
IS	1227	81	80	0	1
IS	1228	80	80	0	0
IS	1229	70	69	0	1
IS	1230	90	89	0	1
IS	1231	84	80	0	4
IS	1232	61	60	1	0
IS	1233	85	82	0	3
IS	1234	75	74	0	1
IS	1235	90	89	0	1
IS	1236	70	68	0	2
IS	1237	66	65	0	1
IS	1238	68	67	0	1
IS	1239	72	69	0	3
IS	1240	70	69	1	0
IS	1241	66	65	0	1
IS	1242	66	65	0	1
IS	1243	58	58	0	0
IS	1244	68	67	0	1
IS	1245	63	62	0	1
IS	1246	55	54	0	1
IS	1247	78	78	0	0
IS	1248	63	63	0	0
IS	1249	60	59	0	1
IS	1250	65	65	0	0
IS	1251	69	69	0	0
IS	1252	49	47	1	1
IS	1253	65	64	0	1
IS	1254	56	52	0	4
IS	1255	59	57	0	2
IS	1256	62	61	0	1
IS	1257	61	59	0	2
IS	1258	52	51	0	1
IS	1259	52	50	0	2
IS	1260	54	53	0	1
IS	1261	56	53	0	3
IS	1262	54	53	0	1
IS	1263	59	58	0	1
IS	1264	64	61	0	3
IS	1265	53	51	1	1
IS	1266	52	52	0	0
IS	1267	48	47	0	1
IS	1268	50	47	0	3
IS	1269	44	44	0	0
IS	1270	56	54	1	1
IS	1271	45	44	0	1
IS	1272	60	57	0	3
IS	1273	40	36	0	4
IS	1274	45	43	0	2
IS	1275	43	42	0	1
IS	1276	42	40	0	2
IS	1277	48	45	1	2
IS	1278	56	55	0	1
IS	1279	54	53	0	1
# Read lengths. Use `grep ^RL | cut -f 2-` to extract this part. The columns are: read length, count
RL	25	4630
RL	26	4647
RL	27	5442
RL	28	5968
RL	29	5072
RL	30	5127
RL	31	5088
RL	32	5248
RL	33	5212
RL	34	5215
RL	35	4992
RL	36	4804
RL	37	4637
RL	38	4674
RL	39	4714
RL	40	4988
RL	41	5519
RL	42	5140
RL	43	5594
RL	44	6073
RL	45	6007
RL	46	5986
RL	47	6418
RL	48	5943
RL	49	5898
RL	50	5874
RL	51	5469
RL	52	5463
RL	53	5577
RL	54	5283
RL	55	5521
RL	56	5679
RL	57	5908
RL	58	5971
RL	59	6040
RL	60	6162
RL	61	6490
RL	62	6295
RL	63	6769
RL	64	6706
RL	65	6900
RL	66	7256
RL	67	7289
RL	68	6886
RL	69	6844
RL	70	7150
RL	71	7086
RL	72	7224
RL	73	7093
RL	74	7420
RL	75	7578
RL	76	7536
RL	77	7615
RL	78	7772
RL	79	8057
RL	80	8390
RL	81	8063
RL	82	8161
RL	83	8548
RL	84	8676
RL	85	8772
RL	86	8790
RL	87	9013
RL	88	9255
RL	89	9386
RL	90	9633
RL	91	10166
RL	92	10018
RL	93	9907
RL	94	10143
RL	95	10755
RL	96	10451
RL	97	9982
RL	98	10294
RL	99	11263
RL	100	13044
RL	101	11711
RL	102	7376
RL	103	7859
RL	104	6982
RL	105	5924
RL	106	6363
RL	107	6119
RL	108	5866
RL	109	6373
RL	110	6355
RL	111	6705
RL	112	6520
RL	113	7410
RL	114	7072
RL	115	7459
RL	116	7561
RL	117	7283
RL	118	8224
RL	119	8173
RL	120	8068
RL	121	7941
RL	122	8673
RL	123	8762
RL	124	8412
RL	125	8982
RL	126	8803
RL	127	9299
RL	128	10191
RL	129	9665
RL	130	10420
RL	131	10618
RL	132	10876
RL	133	10933
RL	134	11699
RL	135	11967
RL	136	11769
RL	137	12643
RL	138	12671
RL	139	13232
RL	140	13566
RL	141	14731
RL	142	15298
RL	143	16130
RL	144	17234
RL	145	17958
RL	146	18515
RL	147	18782
RL	148	21076
RL	149	44115
RL	150	2967147
# Read lengths - first fragments. Use `grep ^FRL | cut -f 2-` to extract this part. The columns are: read length, count
FRL	25	3632
FRL	26	3566
FRL	27	4043
FRL	28	4410
FRL	29	3897
FRL	30	3838
FRL	31	4008
FRL	32	4200
FRL	33	4081
FRL	34	4143
FRL	35	3841
FRL	36	3612
FRL	37	3483
FRL	38	3399
FRL	39	3506
FRL	40	3634
FRL	41	4096
FRL	42	3846
FRL	43	4212
FRL	44	4612
FRL	45	4493
FRL	46	4424
FRL	47	4522
FRL	48	4512
FRL	49	4413
FRL	50	4305
FRL	51	4106
FRL	52	4092
FRL	53	4195
FRL	54	3897
FRL	55	4094
FRL	56	4192
FRL	57	4346
FRL	58	4387
FRL	59	4485
FRL	60	4551
FRL	61	4648
FRL	62	4615
FRL	63	4904
FRL	64	4893
FRL	65	5066
FRL	66	5379
FRL	67	5441
FRL	68	5113
FRL	69	4957
FRL	70	5272
FRL	71	5080
FRL	72	5200
FRL	73	4999
FRL	74	5377
FRL	75	5275
FRL	76	5287
FRL	77	5177
FRL	78	5428
FRL	79	5665
FRL	80	5816
FRL	81	5661
FRL	82	5635
FRL	83	6025
FRL	84	6073
FRL	85	6155
FRL	86	5937
FRL	87	6265
FRL	88	6261
FRL	89	6439
FRL	90	6520
FRL	91	6801
FRL	92	6980
FRL	93	6767
FRL	94	6835
FRL	95	7328
FRL	96	7266
FRL	97	6854
FRL	98	7070
FRL	99	7795
FRL	100	8736
FRL	101	7824
FRL	102	5056
FRL	103	5333
FRL	104	4359
FRL	105	4021
FRL	106	4295
FRL	107	4105
FRL	108	3950
FRL	109	4360
FRL	110	4285
FRL	111	4707
FRL	112	4350
FRL	113	4850
FRL	114	4862
FRL	115	4736
FRL	116	5352
FRL	117	4987
FRL	118	5843
FRL	119	5881
FRL	120	5720
FRL	121	5513
FRL	122	5785
FRL	123	6051
FRL	124	5969
FRL	125	6280
FRL	126	6118
FRL	127	6444
FRL	128	6979
FRL	129	6657
FRL	130	7307
FRL	131	7371
FRL	132	7508
FRL	133	7551
FRL	134	8248
FRL	135	8305
FRL	136	8128
FRL	137	8843
FRL	138	8729
FRL	139	8960
FRL	140	9170
FRL	141	9940
FRL	142	9849
FRL	143	10516
FRL	144	11112
FRL	145	11433
FRL	146	11586
FRL	147	11276
FRL	148	12173
FRL	149	25025
FRL	150	1279315
# Read lengths - last fragments. Use `grep ^LRL | cut -f 2-` to extract this part. The columns are: read length, count
LRL	25	998
LRL	26	1081
LRL	27	1399
LRL	28	1558
LRL	29	1175
LRL	30	1289
LRL	31	1080
LRL	32	1048
LRL	33	1131
LRL	34	1072
LRL	35	1151
LRL	36	1192
LRL	37	1154
LRL	38	1275
LRL	39	1208
LRL	40	1354
LRL	41	1423
LRL	42	1294
LRL	43	1382
LRL	44	1461
LRL	45	1514
LRL	46	1562
LRL	47	1896
LRL	48	1431
LRL	49	1485
LRL	50	1569
LRL	51	1363
LRL	52	1371
LRL	53	1382
LRL	54	1386
LRL	55	1427
LRL	56	1487
LRL	57	1562
LRL	58	1584
LRL	59	1555
LRL	60	1611
LRL	61	1842
LRL	62	1680
LRL	63	1865
LRL	64	1813
LRL	65	1834
LRL	66	1877
LRL	67	1848
LRL	68	1773
LRL	69	1887
LRL	70	1878
LRL	71	2006
LRL	72	2024
LRL	73	2094
LRL	74	2043
LRL	75	2303
LRL	76	2249
LRL	77	2438
LRL	78	2344
LRL	79	2392
LRL	80	2574
LRL	81	2402
LRL	82	2526
LRL	83	2523
LRL	84	2603
LRL	85	2617
LRL	86	2853
LRL	87	2748
LRL	88	2994
LRL	89	2947
LRL	90	3113
LRL	91	3365
LRL	92	3038
LRL	93	3140
LRL	94	3308
LRL	95	3427
LRL	96	3185
LRL	97	3128
LRL	98	3224
LRL	99	3468
LRL	100	4308
LRL	101	3887
LRL	102	2320
LRL	103	2526
LRL	104	2623
LRL	105	1903
LRL	106	2068
LRL	107	2014
LRL	108	1916
LRL	109	2013
LRL	110	2070
LRL	111	1998
LRL	112	2170
LRL	113	2560
LRL	114	2210
LRL	115	2723
LRL	116	2209
LRL	117	2296
LRL	118	2381
LRL	119	2292
LRL	120	2348
LRL	121	2428
LRL	122	2888
LRL	123	2711
LRL	124	2443
LRL	125	2702
LRL	126	2685
LRL	127	2855
LRL	128	3212
LRL	129	3008
LRL	130	3113
LRL	131	3247
LRL	132	3368
LRL	133	3382
LRL	134	3451
LRL	135	3662
LRL	136	3641
LRL	137	3800
LRL	138	3942
LRL	139	4272
LRL	140	4396
LRL	141	4791
LRL	142	5449
LRL	143	5614
LRL	144	6122
LRL	145	6525
LRL	146	6929
LRL	147	7506
LRL	148	8903
LRL	149	19090
LRL	150	1687832
# Mapping qualities for reads !(UNMAP|SECOND|SUPPL|QCFAIL|DUP). Use `grep ^MAPQ | cut -f 2-` to extract this part. The columns are: mapq, count
MAPQ	0	99584
MAPQ	1	144
MAPQ	2	16
MAPQ	3	409
MAPQ	4	50
MAPQ	5	248
MAPQ	6	98
MAPQ	7	53
MAPQ	8	97
MAPQ	9	330
MAPQ	10	71
MAPQ	11	141
MAPQ	12	107
MAPQ	13	48
MAPQ	14	9
MAPQ	15	160
MAPQ	16	88
MAPQ	17	83
MAPQ	18	45
MAPQ	19	66
MAPQ	20	9
MAPQ	21	235
MAPQ	22	575
MAPQ	23	75
MAPQ	24	440
MAPQ	25	515
MAPQ	26	25
MAPQ	27	3760
MAPQ	28	47
MAPQ	29	40
MAPQ	30	50
MAPQ	31	63
MAPQ	32	76
MAPQ	33	315
MAPQ	34	35
MAPQ	35	35
MAPQ	36	73
MAPQ	37	53
MAPQ	38	10
MAPQ	39	285
MAPQ	40	17688
MAPQ	41	105
MAPQ	42	75
MAPQ	43	310
MAPQ	44	67
MAPQ	45	494
MAPQ	46	572
MAPQ	47	148
MAPQ	48	3770
MAPQ	49	257
MAPQ	50	457
MAPQ	51	314
MAPQ	52	283
MAPQ	53	115
MAPQ	54	263
MAPQ	55	138
MAPQ	56	370
MAPQ	57	797
MAPQ	58	93
MAPQ	59	272
MAPQ	60	3906090
# Indel distribution. Use `grep ^ID | cut -f 2-` to extract this part. The columns are: length, number of insertions, number of deletions
ID	1	7746	10733
ID	2	838	954
ID	3	282	334
ID	4	29	39
ID	5	32	12
ID	6	12	155
ID	7	6	5
ID	8	0	4
ID	9	6	7
ID	10	1	0
ID	11	1	1
ID	12	2	3
ID	13	0	3
ID	14	0	2
ID	16	1	0
ID	17	1	0
ID	19	1	0
ID	20	0	2
ID	21	0	1
ID	22	0	3
ID	24	0	2
ID	26	0	3
ID	27	0	3
ID	28	0	2
ID	29	0	1
ID	30	1	1
ID	31	0	2
ID	32	0	1
ID	33	0	2
ID	34	0	2
ID	35	0	2
ID	37	0	2
ID	38	0	1
ID	41	0	2
ID	42	0	1
ID	43	0	5
ID	44	0	1
ID	47	0	1
ID	48	0	2
ID	49	0	1
ID	51	0	1
ID	55	0	1
ID	57	0	1
ID	66	0	1
ID	68	0	1
# Indels per cycle. Use `grep ^IC | cut -f 2-` to extract this part. The columns are: cycle, number of insertions (fwd), .. (rev) , number of deletions (fwd), .. (rev)
IC	3	0	0	27	28
IC	4	20	21	29	30
IC	5	12	11	30	22
IC	6	13	23	27	19
IC	7	14	13	30	30
IC	8	15	12	21	32
IC	9	30	19	32	22
IC	10	13	14	19	28
IC	11	30	22	44	29
IC	12	50	44	24	28
IC	13	46	31	38	37
IC	14	18	23	35	43
IC	15	31	32	20	28
IC	16	32	28	42	50
IC	17	20	27	28	28
IC	18	36	31	52	48
IC	19	42	34	34	44
IC	20	27	26	53	51
IC	21	21	30	35	45
IC	22	38	37	37	45
IC	23	25	33	32	42
IC	24	36	38	43	32
IC	25	31	32	30	40
IC	26	42	46	29	39
IC	27	31	19	52	41
IC	28	22	43	57	61
IC	29	30	19	49	40
IC	30	35	34	37	36
IC	31	45	24	40	46
IC	32	18	22	36	38
IC	33	38	35	37	52
IC	34	16	19	37	34
IC	35	36	39	43	63
IC	36	27	34	48	38
IC	37	36	25	44	43
IC	38	40	37	46	48
IC	39	17	27	60	48
IC	40	46	35	49	43
IC	41	32	35	36	39
IC	42	34	38	46	46
IC	43	40	47	48	41
IC	44	31	33	55	47
IC	45	34	27	58	50
IC	46	27	40	48	45
IC	47	25	36	49	45
IC	48	32	31	40	55
IC	49	48	54	60	53
IC	50	40	33	50	49
IC	51	39	30	52	42
IC	52	26	35	34	53
IC	53	29	29	40	38
IC	54	38	41	43	44
IC	55	26	34	37	58
IC	56	31	44	47	48
IC	57	27	34	39	47
IC	58	35	37	40	39
IC	59	39	38	47	45
IC	60	18	34	44	44
IC	61	42	38	39	41
IC	62	16	36	38	40
IC	63	35	29	52	41
IC	64	35	40	39	49
IC	65	27	31	38	55
IC	66	32	25	31	44
IC	67	40	48	39	42
IC	68	32	35	52	49
IC	69	40	30	40	40
IC	70	35	37	38	50
IC	71	27	25	56	55
IC	72	38	30	44	59
IC	73	25	31	44	45
IC	74	30	24	56	44
IC	75	33	21	55	59
IC	76	31	30	51	49
IC	77	32	33	43	47
IC	78	29	36	30	31
IC	79	34	34	49	45
IC	80	22	20	46	58
IC	81	21	32	35	52
IC	82	34	43	41	48
IC	83	41	33	52	55
IC	84	34	28	54	49
IC	85	29	27	50	54
IC	86	31	25	51	43
IC	87	25	35	45	31
IC	88	38	32	45	46
IC	89	26	19	43	53
IC	90	32	32	52	58
IC	91	31	29	42	50
IC	92	32	32	51	46
IC	93	36	36	41	56
IC	94	27	32	42	67
IC	95	34	41	51	45
IC	96	31	32	38	51
IC	97	23	23	51	50
IC	98	41	56	40	51
IC	99	37	44	34	44
IC	100	26	40	39	48
IC	101	29	43	33	41
IC	102	13	25	54	36
IC	103	51	62	45	47
IC	104	20	19	49	49
IC	105	30	19	51	42
IC	106	22	36	42	54
IC	107	18	24	38	35
IC	108	40	40	51	45
IC	109	37	37	34	50
IC	110	30	37	42	43
IC	111	27	36	44	49
IC	112	23	25	37	47
IC	113	27	27	38	39
IC	114	35	16	25	32
IC	115	28	32	45	60
IC	116	30	34	38	37
IC	117	25	29	37	31
IC	118	21	25	33	48
IC	119	27	26	35	32
IC	120	24	24	33	31
IC	121	28	28	33	47
IC	122	37	40	37	55
IC	123	20	27	39	34
IC	124	19	37	33	35
IC	125	25	19	20	44
IC	126	35	31	33	55
IC	127	23	37	37	59
IC	128	34	34	41	48
IC	129	30	29	33	48
IC	130	17	18	39	51
IC	131	11	17	34	41
IC	132	35	37	25	39
IC	133	29	40	39	47
IC	134	18	29	38	39
IC	135	12	12	34	48
IC	136	20	36	26	46
IC	137	26	34	36	34
IC	138	22	31	21	44
IC	139	18	21	35	36
IC	140	23	21	25	41
IC	141	5	13	32	30
IC	142	18	20	35	44
IC	143	20	13	27	29
IC	144	15	18	31	27
IC	145	31	34	33	39
IC	146	71	80	53	59
IC	147	157	164	95	110
# Coverage distribution. Use `grep ^COV | cut -f 2-` to extract this part.
COV	[1-1]	1	1880
COV	[2-2]	2	493
COV	[3-3]	3	243
COV	[4-4]	4	111
COV	[5-5]	5	152
COV	[6-6]	6	168
COV	[7-7]	7	134
COV	[8-8]	8	163
COV	[9-9]	9	227
COV	[10-10]	10	140
COV	[11-11]	11	203
COV	[12-12]	12	191
COV	[13-13]	13	127
COV	[14-14]	14	101
COV	[15-15]	15	138
COV	[16-16]	16	102
COV	[17-17]	17	168
COV	[18-18]	18	192
COV	[19-19]	19	234
COV	[20-20]	20	307
COV	[21-21]	21	197
COV	[22-22]	22	209
COV	[23-23]	23	305
COV	[24-24]	24	275
COV	[25-25]	25	338
COV	[26-26]	26	355
COV	[27-27]	27	395
COV	[28-28]	28	378
COV	[29-29]	29	463
COV	[30-30]	30	550
COV	[31-31]	31	554
COV	[32-32]	32	617
COV	[33-33]	33	654
COV	[34-34]	34	613
COV	[35-35]	35	718
COV	[36-36]	36	695
COV	[37-37]	37	858
COV	[38-38]	38	968
COV	[39-39]	39	1071
COV	[40-40]	40	986
COV	[41-41]	41	1144
COV	[42-42]	42	1277
COV	[43-43]	43	1230
COV	[44-44]	44	1329
COV	[45-45]	45	1589
COV	[46-46]	46	1830
COV	[47-47]	47	1774
COV	[48-48]	48	1997
COV	[49-49]	49	2143
COV	[50-50]	50	2541
COV	[51-51]	51	2496
COV	[52-52]	52	2783
COV	[53-53]	53	3080
COV	[54-54]	54	3286
COV	[55-55]	55	3672
COV	[56-56]	56	4077
COV	[57-57]	57	4387
COV	[58-58]	58	4403
COV	[59-59]	59	4701
COV	[60-60]	60	5005
COV	[61-61]	61	5458
COV	[62-62]	62	5766
COV	[63-63]	63	6000
COV	[64-64]	64	6108
COV	[65-65]	65	6726
COV	[66-66]	66	7407
COV	[67-67]	67	8019
COV	[68-68]	68	8283
COV	[69-69]	69	9018
COV	[70-70]	70	9295
COV	[71-71]	71	10243
COV	[72-72]	72	10870
COV	[73-73]	73	11330
COV	[74-74]	74	11800
COV	[75-75]	75	12421
COV	[76-76]	76	13225
COV	[77-77]	77	13698
COV	[78-78]	78	14395
COV	[79-79]	79	15303
COV	[80-80]	80	16289
COV	[81-81]	81	16602
COV	[82-82]	82	18022
COV	[83-83]	83	18726
COV	[84-84]	84	19494
COV	[85-85]	85	20147
COV	[86-86]	86	21176
COV	[87-87]	87	22337
COV	[88-88]	88	23917
COV	[89-89]	89	25262
COV	[90-90]	90	26612
COV	[91-91]	91	27662
COV	[92-92]	92	28768
COV	[93-93]	93	30206
COV	[94-94]	94	31476
COV	[95-95]	95	32650
COV	[96-96]	96	33660
COV	[97-97]	97	35538
COV	[98-98]	98	37422
COV	[99-99]	99	38841
COV	[100-100]	100	40606
COV	[101-101]	101	42599
COV	[102-102]	102	43716
COV	[103-103]	103	45315
COV	[104-104]	104	46264
COV	[105-105]	105	48379
COV	[106-106]	106	49842
COV	[107-107]	107	52004
COV	[108-108]	108	52963
COV	[109-109]	109	54106
COV	[110-110]	110	55584
COV	[111-111]	111	57421
COV	[112-112]	112	58728
COV	[113-113]	113	59564
COV	[114-114]	114	60079
COV	[115-115]	115	60921
COV	[116-116]	116	61939
COV	[117-117]	117	62050
COV	[118-118]	118	63330
COV	[119-119]	119	63832
COV	[120-120]	120	64426
COV	[121-121]	121	64209
COV	[122-122]	122	63905
COV	[123-123]	123	64448
COV	[124-124]	124	64128
COV	[125-125]	125	64697
COV	[126-126]	126	63906
COV	[127-127]	127	64454
COV	[128-128]	128	63708
COV	[129-129]	129	63107
COV	[130-130]	130	62886
COV	[131-131]	131	62603
COV	[132-132]	132	61339
COV	[133-133]	133	59881
COV	[134-134]	134	58774
COV	[135-135]	135	57950
COV	[136-136]	136	56593
COV	[137-137]	137	55536
COV	[138-138]	138	54338
COV	[139-139]	139	52752
COV	[140-140]	140	51509
COV	[141-141]	141	50094
COV	[142-142]	142	47954
COV	[143-143]	143	47264
COV	[144-144]	144	45251
COV	[145-145]	145	43420
COV	[146-146]	146	41985
COV	[147-147]	147	40129
COV	[148-148]	148	38536
COV	[149-149]	149	36731
COV	[150-150]	150	35338
COV	[151-151]	151	33221
COV	[152-152]	152	31341
COV	[153-153]	153	29915
COV	[154-154]	154	28763
COV	[155-155]	155	28205
COV	[156-156]	156	26245
COV	[157-157]	157	24712
COV	[158-158]	158	23398
COV	[159-159]	159	22162
COV	[160-160]	160	21234
COV	[161-161]	161	20126
COV	[162-162]	162	18944
COV	[163-163]	163	17722
COV	[164-164]	164	16861
COV	[165-165]	165	16051
COV	[166-166]	166	14915
COV	[167-167]	167	14036
COV	[168-168]	168	13328
COV	[169-169]	169	12398
COV	[170-170]	170	11793
COV	[171-171]	171	10896
COV	[172-172]	172	10505
COV	[173-173]	173	9747
COV	[174-174]	174	9209
COV	[175-175]	175	8550
COV	[176-176]	176	8187
COV	[177-177]	177	7660
COV	[178-178]	178	7445
COV	[179-179]	179	6684
COV	[180-180]	180	6429
COV	[181-181]	181	5994
COV	[182-182]	182	5871
COV	[183-183]	183	5490
COV	[184-184]	184	4990
COV	[185-185]	185	4849
COV	[186-186]	186	4524
COV	[187-187]	187	4412
COV	[188-188]	188	4133
COV	[189-189]	189	4062
COV	[190-190]	190	3852
COV	[191-191]	191	3884
COV	[192-192]	192	3742
COV	[193-193]	193	3590
COV	[194-194]	194	3738
COV	[195-195]	195	3507
COV	[196-196]	196	3446
COV	[197-197]	197	3353
COV	[198-198]	198	3310
COV	[199-199]	199	3263
COV	[200-200]	200	3034
COV	[201-201]	201	3003
COV	[202-202]	202	2978
COV	[203-203]	203	3008
COV	[204-204]	204	2876
COV	[205-205]	205	2764
COV	[206-206]	206	2658
COV	[207-207]	207	2634
COV	[208-208]	208	2653
COV	[209-209]	209	2495
COV	[210-210]	210	2419
COV	[211-211]	211	2262
COV	[212-212]	212	2223
COV	[213-213]	213	2247
COV	[214-214]	214	2218
COV	[215-215]	215	2109
COV	[216-216]	216	2128
COV	[217-217]	217	2058
COV	[218-218]	218	2098
COV	[219-219]	219	2020
COV	[220-220]	220	2031
COV	[221-221]	221	1921
COV	[222-222]	222	1882
COV	[223-223]	223	1894
COV	[224-224]	224	1942
COV	[225-225]	225	1906
COV	[226-226]	226	1820
COV	[227-227]	227	1760
COV	[228-228]	228	1694
COV	[229-229]	229	1657
COV	[230-230]	230	1726
COV	[231-231]	231	1712
COV	[232-232]	232	1674
COV	[233-233]	233	1728
COV	[234-234]	234	1651
COV	[235-235]	235	1508
COV	[236-236]	236	1559
COV	[237-237]	237	1577
COV	[238-238]	238	1497
COV	[239-239]	239	1457
COV	[240-240]	240	1382
COV	[241-241]	241	1354
COV	[242-242]	242	1345
COV	[243-243]	243	1334
COV	[244-244]	244	1343
COV	[245-245]	245	1329
COV	[246-246]	246	1281
COV	[247-247]	247	1247
COV	[248-248]	248	1241
COV	[249-249]	249	1176
COV	[250-250]	250	1120
COV	[251-251]	251	1191
COV	[252-252]	252	1067
COV	[253-253]	253	1048
COV	[254-254]	254	1104
COV	[255-255]	255	1007
COV	[256-256]	256	972
COV	[257-257]	257	973
COV	[258-258]	258	910
COV	[259-259]	259	894
COV	[260-260]	260	1016
COV	[261-261]	261	991
COV	[262-262]	262	885
COV	[263-263]	263	955
COV	[264-264]	264	896
COV	[265-265]	265	869
COV	[266-266]	266	870
COV	[267-267]	267	878
COV	[268-268]	268	843
COV	[269-269]	269	790
COV	[270-270]	270	806
COV	[271-271]	271	792
COV	[272-272]	272	741
COV	[273-273]	273	797
COV	[274-274]	274	734
COV	[275-275]	275	787
COV	[276-276]	276	720
COV	[277-277]	277	688
COV	[278-278]	278	645
COV	[279-279]	279	660
COV	[280-280]	280	678
COV	[281-281]	281	689
COV	[282-282]	282	702
COV	[283-283]	283	643
COV	[284-284]	284	691
COV	[285-285]	285	609
COV	[286-286]	286	647
COV	[287-287]	287	660
COV	[288-288]	288	617
COV	[289-289]	289	602
COV	[290-290]	290	553
COV	[291-291]	291	594
COV	[292-292]	292	509
COV	[293-293]	293	516
COV	[294-294]	294	492
COV	[295-295]	295	537
COV	[296-296]	296	528
COV	[297-297]	297	498
COV	[298-298]	298	458
COV	[299-299]	299	442
COV	[300-300]	300	414
COV	[301-301]	301	427
COV	[302-302]	302	414
COV	[303-303]	303	400
COV	[304-304]	304	392
COV	[305-305]	305	392
COV	[306-306]	306	395
COV	[307-307]	307	355
COV	[308-308]	308	387
COV	[309-309]	309	382
COV	[310-310]	310	333
COV	[311-311]	311	322
COV	[312-312]	312	319
COV	[313-313]	313	295
COV	[314-314]	314	298
COV	[315-315]	315	301
COV	[316-316]	316	304
COV	[317-317]	317	318
COV	[318-318]	318	280
COV	[319-319]	319	260
COV	[320-320]	320	288
COV	[321-321]	321	257
COV	[322-322]	322	203
COV	[323-323]	323	214
COV	[324-324]	324	196
COV	[325-325]	325	171
COV	[326-326]	326	175
COV	[327-327]	327	215
COV	[328-328]	328	197
COV	[329-329]	329	149
COV	[330-330]	330	157
COV	[331-331]	331	160
COV	[332-332]	332	161
COV	[333-333]	333	148
COV	[334-334]	334	146
COV	[335-335]	335	144
COV	[336-336]	336	170
COV	[337-337]	337	161
COV	[338-338]	338	170
COV	[339-339]	339	159
COV	[340-340]	340	163
COV	[341-341]	341	146
COV	[342-342]	342	140
COV	[343-343]	343	120
COV	[344-344]	344	101
COV	[345-345]	345	101
COV	[346-346]	346	103
COV	[347-347]	347	92
COV	[348-348]	348	100
COV	[349-349]	349	69
COV	[350-350]	350	97
COV	[351-351]	351	92
COV	[352-352]	352	83
COV	[353-353]	353	82
COV	[354-354]	354	81
COV	[355-355]	355	75
COV	[356-356]	356	74
COV	[357-357]	357	71
COV	[358-358]	358	65
COV	[359-359]	359	80
COV	[360-360]	360	49
COV	[361-361]	361	41
COV	[362-362]	362	52
COV	[363-363]	363	43
COV	[364-364]	364	32
COV	[365-365]	365	45
COV	[366-366]	366	44
COV	[367-367]	367	39
COV	[368-368]	368	30
COV	[369-369]	369	34
COV	[370-370]	370	28
COV	[371-371]	371	33
COV	[372-372]	372	19
COV	[373-373]	373	18
COV	[374-374]	374	23
COV	[375-375]	375	21
COV	[376-376]	376	20
COV	[377-377]	377	20
COV	[378-378]	378	23
COV	[379-379]	379	14
COV	[380-380]	380	9
COV	[381-381]	381	8
COV	[382-382]	382	21
COV	[383-383]	383	18
COV	[384-384]	384	22
COV	[385-385]	385	11
COV	[386-386]	386	13
COV	[387-387]	387	11
COV	[388-388]	388	14
COV	[389-389]	389	13
COV	[390-390]	390	10
COV	[391-391]	391	9
COV	[392-392]	392	5
COV	[393-393]	393	5
COV	[394-394]	394	9
COV	[395-395]	395	11
COV	[396-396]	396	7
COV	[397-397]	397	8
COV	[398-398]	398	12
COV	[399-399]	399	5
COV	[400-400]	400	6
COV	[401-401]	401	6
COV	[402-402]	402	5
COV	[403-403]	403	6
COV	[404-404]	404	2
COV	[405-405]	405	5
COV	[406-406]	406	8
COV	[407-407]	407	5
COV	[408-408]	408	4
COV	[409-409]	409	2
COV	[410-410]	410	9
COV	[411-411]	411	1
COV	[412-412]	412	3
COV	[413-413]	413	2
COV	[415-415]	415	2
COV	[416-416]	416	2
COV	[417-417]	417	3
COV	[418-418]	418	1
COV	[419-419]	419	1
COV	[420-420]	420	4
COV	[421-421]	421	3
COV	[422-422]	422	1
COV	[423-423]	423	2
COV	[424-424]	424	1
COV	[425-425]	425	3
COV	[426-426]	426	4
COV	[427-427]	427	1
COV	[428-428]	428	2
COV	[429-429]	429	1
COV	[430-430]	430	5
COV	[431-431]	431	1
COV	[432-432]	432	4
COV	[433-433]	433	3
COV	[434-434]	434	5
COV	[435-435]	435	3
COV	[436-436]	436	1
COV	[437-437]	437	3
COV	[438-438]	438	3
COV	[439-439]	439	1
COV	[440-440]	440	6
COV	[441-441]	441	3
COV	[442-442]	442	1
COV	[443-443]	443	1
COV	[444-444]	444	2
COV	[445-445]	445	8
COV	[446-446]	446	10
COV	[447-447]	447	5
COV	[448-448]	448	8
COV	[449-449]	449	7
COV	[450-450]	450	6
COV	[451-451]	451	5
COV	[452-452]	452	8
COV	[453-453]	453	6
COV	[454-454]	454	3
COV	[455-455]	455	9
COV	[456-456]	456	7
COV	[457-457]	457	4
COV	[458-458]	458	2
COV	[459-459]	459	2
COV	[460-460]	460	2
COV	[461-461]	461	1
COV	[462-462]	462	5
COV	[463-463]	463	4
COV	[464-464]	464	5
COV	[465-465]	465	3
COV	[466-466]	466	3
COV	[467-467]	467	7
COV	[468-468]	468	1
COV	[469-469]	469	6
COV	[470-470]	470	11
COV	[471-471]	471	9
COV	[472-472]	472	4
COV	[473-473]	473	5
COV	[474-474]	474	9
COV	[475-475]	475	9
COV	[476-476]	476	6
COV	[477-477]	477	12
COV	[478-478]	478	6
COV	[479-479]	479	10
COV	[480-480]	480	6
COV	[481-481]	481	10
COV	[482-482]	482	10
COV	[483-483]	483	12
COV	[484-484]	484	10
COV	[485-485]	485	18
COV	[486-486]	486	14
COV	[487-487]	487	20
COV	[488-488]	488	12
COV	[489-489]	489	15
COV	[490-490]	490	19
COV	[491-491]	491	11
COV	[492-492]	492	14
COV	[493-493]	493	20
COV	[494-494]	494	9
COV	[495-495]	495	6
COV	[496-496]	496	9
COV	[497-497]	497	22
COV	[498-498]	498	11
COV	[499-499]	499	16
COV	[500-500]	500	17
COV	[501-501]	501	17
COV	[502-502]	502	18
COV	[503-503]	503	13
COV	[504-504]	504	13
COV	[505-505]	505	10
COV	[506-506]	506	15
COV	[507-507]	507	12
COV	[508-508]	508	20
COV	[509-509]	509	15
COV	[510-510]	510	13
COV	[511-511]	511	8
COV	[512-512]	512	15
COV	[513-513]	513	20
COV	[514-514]	514	15
COV	[515-515]	515	12
COV	[516-516]	516	11
COV	[517-517]	517	6
COV	[518-518]	518	13
COV	[519-519]	519	17
COV	[520-520]	520	15
COV	[521-521]	521	18
COV	[522-522]	522	18
COV	[523-523]	523	13
COV	[524-524]	524	21
COV	[525-525]	525	15
COV	[526-526]	526	18
COV	[527-527]	527	24
COV	[528-528]	528	15
COV	[529-529]	529	9
COV	[530-530]	530	17
COV	[531-531]	531	11
COV	[532-532]	532	12
COV	[533-533]	533	15
COV	[534-534]	534	14
COV	[535-535]	535	6
COV	[536-536]	536	8
COV	[537-537]	537	15
COV	[538-538]	538	10
COV	[539-539]	539	6
COV	[540-540]	540	8
COV	[541-541]	541	14
COV	[542-542]	542	12
COV	[543-543]	543	10
COV	[544-544]	544	11
COV	[545-545]	545	10
COV	[546-546]	546	10
COV	[547-547]	547	9
COV	[548-548]	548	11
COV	[549-549]	549	5
COV	[550-550]	550	6
COV	[551-551]	551	13
COV	[552-552]	552	17
COV	[553-553]	553	16
COV	[554-554]	554	15
COV	[555-555]	555	18
COV	[556-556]	556	18
COV	[557-557]	557	15
COV	[558-558]	558	16
COV	[559-559]	559	20
COV	[560-560]	560	13
COV	[561-561]	561	16
COV	[562-562]	562	20
COV	[563-563]	563	15
COV	[564-564]	564	17
COV	[565-565]	565	14
COV	[566-566]	566	22
COV	[567-567]	567	21
COV	[568-568]	568	22
COV	[569-569]	569	14
COV	[570-570]	570	20
COV	[571-571]	571	16
COV	[572-572]	572	20
COV	[573-573]	573	26
COV	[574-574]	574	20
COV	[575-575]	575	18
COV	[576-576]	576	17
COV	[577-577]	577	22
COV	[578-578]	578	24
COV	[579-579]	579	18
COV	[580-580]	580	22
COV	[581-581]	581	14
COV	[582-582]	582	10
COV	[583-583]	583	15
COV	[584-584]	584	11
COV	[585-585]	585	21
COV	[586-586]	586	27
COV	[587-587]	587	14
COV	[588-588]	588	22
COV	[589-589]	589	21
COV	[590-590]	590	15
COV	[591-591]	591	16
COV	[592-592]	592	19
COV	[593-593]	593	7
COV	[594-594]	594	13
COV	[595-595]	595	15
COV	[596-596]	596	17
COV	[597-597]	597	13
COV	[598-598]	598	12
COV	[599-599]	599	22
COV	[600-600]	600	17
COV	[601-601]	601	14
COV	[602-602]	602	12
COV	[603-603]	603	13
COV	[604-604]	604	10
COV	[605-605]	605	8
COV	[606-606]	606	6
COV	[607-607]	607	13
COV	[608-608]	608	15
COV	[609-609]	609	12
COV	[610-610]	610	8
COV	[611-611]	611	10
COV	[612-612]	612	15
COV	[613-613]	613	14
COV	[614-614]	614	10
COV	[615-615]	615	14
COV	[616-616]	616	16
COV	[617-617]	617	16
COV	[618-618]	618	13
COV	[619-619]	619	28
COV	[620-620]	620	16
COV	[621-621]	621	18
COV	[622-622]	622	14
COV	[623-623]	623	20
COV	[624-624]	624	14
COV	[625-625]	625	17
COV	[626-626]	626	22
COV	[627-627]	627	15
COV	[628-628]	628	15
COV	[629-629]	629	25
COV	[630-630]	630	14
COV	[631-631]	631	25
COV	[632-632]	632	14
COV	[633-633]	633	16
COV	[634-634]	634	13
COV	[635-635]	635	21
COV	[636-636]	636	22
COV	[637-637]	637	17
COV	[638-638]	638	21
COV	[639-639]	639	13
COV	[640-640]	640	18
COV	[641-641]	641	15
COV	[642-642]	642	14
COV	[643-643]	643	17
COV	[644-644]	644	14
COV	[645-645]	645	22
COV	[646-646]	646	26
COV	[647-647]	647	19
COV	[648-648]	648	16
COV	[649-649]	649	16
COV	[650-650]	650	24
COV	[651-651]	651	16
COV	[652-652]	652	18
COV	[653-653]	653	16
COV	[654-654]	654	27
COV	[655-655]	655	22
COV	[656-656]	656	23
COV	[657-657]	657	24
COV	[658-658]	658	16
COV	[659-659]	659	13
COV	[660-660]	660	12
COV	[661-661]	661	11
COV	[662-662]	662	12
COV	[663-663]	663	25
COV	[664-664]	664	21
COV	[665-665]	665	18
COV	[666-666]	666	16
COV	[667-667]	667	21
COV	[668-668]	668	18
COV	[669-669]	669	28
COV	[670-670]	670	25
COV	[671-671]	671	25
COV	[672-672]	672	19
COV	[673-673]	673	18
COV	[674-674]	674	13
COV	[675-675]	675	16
COV	[676-676]	676	17
COV	[677-677]	677	10
COV	[678-678]	678	29
COV	[679-679]	679	21
COV	[680-680]	680	28
COV	[681-681]	681	10
COV	[682-682]	682	11
COV	[683-683]	683	23
COV	[684-684]	684	15
COV	[685-685]	685	13
COV	[686-686]	686	14
COV	[687-687]	687	9
COV	[688-688]	688	12
COV	[689-689]	689	9
COV	[690-690]	690	28
COV	[691-691]	691	15
COV	[692-692]	692	14
COV	[693-693]	693	15
COV	[694-694]	694	23
COV	[695-695]	695	25
COV	[696-696]	696	17
COV	[697-697]	697	13
COV	[698-698]	698	20
COV	[699-699]	699	14
COV	[700-700]	700	17
COV	[701-701]	701	17
COV	[702-702]	702	18
COV	[703-703]	703	18
COV	[704-704]	704	24
COV	[705-705]	705	16
COV	[706-706]	706	12
COV	[707-707]	707	16
COV	[708-708]	708	11
COV	[709-709]	709	16
COV	[710-710]	710	20
COV	[711-711]	711	22
COV	[712-712]	712	17
COV	[713-713]	713	20
COV	[714-714]	714	24
COV	[715-715]	715	28
COV	[716-716]	716	17
COV	[717-717]	717	25
COV	[718-718]	718	19
COV	[719-719]	719	21
COV	[720-720]	720	24
COV	[721-721]	721	25
COV	[722-722]	722	24
COV	[723-723]	723	27
COV	[724-724]	724	28
COV	[725-725]	725	25
COV	[726-726]	726	23
COV	[727-727]	727	27
COV	[728-728]	728	22
COV	[729-729]	729	20
COV	[730-730]	730	25
COV	[731-731]	731	32
COV	[732-732]	732	19
COV	[733-733]	733	12
COV	[734-734]	734	27
COV	[735-735]	735	12
COV	[736-736]	736	15
COV	[737-737]	737	22
COV	[738-738]	738	21
COV	[739-739]	739	25
COV	[740-740]	740	26
COV	[741-741]	741	24
COV	[742-742]	742	20
COV	[743-743]	743	19
COV	[744-744]	744	27
COV	[745-745]	745	22
COV	[746-746]	746	19
COV	[747-747]	747	23
COV	[748-748]	748	20
COV	[749-749]	749	17
COV	[750-750]	750	17
COV	[751-751]	751	16
COV	[752-752]	752	21
COV	[753-753]	753	12
COV	[754-754]	754	19
COV	[755-755]	755	28
COV	[756-756]	756	22
COV	[757-757]	757	20
COV	[758-758]	758	16
COV	[759-759]	759	15
COV	[760-760]	760	20
COV	[761-761]	761	27
COV	[762-762]	762	30
COV	[763-763]	763	17
COV	[764-764]	764	15
COV	[765-765]	765	13
COV	[766-766]	766	21
COV	[767-767]	767	24
COV	[768-768]	768	18
COV	[769-769]	769	27
COV	[770-770]	770	18
COV	[771-771]	771	22
COV	[772-772]	772	18
COV	[773-773]	773	15
COV	[774-774]	774	18
COV	[775-775]	775	21
COV	[776-776]	776	24
COV	[777-777]	777	24
COV	[778-778]	778	39
COV	[779-779]	779	17
COV	[780-780]	780	33
COV	[781-781]	781	24
COV	[782-782]	782	24
COV	[783-783]	783	26
COV	[784-784]	784	27
COV	[785-785]	785	28
COV	[786-786]	786	32
COV	[787-787]	787	27
COV	[788-788]	788	34
COV	[789-789]	789	33
COV	[790-790]	790	34
COV	[791-791]	791	36
COV	[792-792]	792	40
COV	[793-793]	793	40
COV	[794-794]	794	24
COV	[795-795]	795	30
COV	[796-796]	796	23
COV	[797-797]	797	20
COV	[798-798]	798	34
COV	[799-799]	799	30
COV	[800-800]	800	20
COV	[801-801]	801	27
COV	[802-802]	802	18
COV	[803-803]	803	23
COV	[804-804]	804	22
COV	[805-805]	805	34
COV	[806-806]	806	25
COV	[807-807]	807	25
COV	[808-808]	808	26
COV	[809-809]	809	27
COV	[810-810]	810	32
COV	[811-811]	811	25
COV	[812-812]	812	19
COV	[813-813]	813	22
COV	[814-814]	814	35
COV	[815-815]	815	30
COV	[816-816]	816	35
COV	[817-817]	817	38
COV	[818-818]	818	35
COV	[819-819]	819	22
COV	[820-820]	820	19
COV	[821-821]	821	22
COV	[822-822]	822	25
COV	[823-823]	823	25
COV	[824-824]	824	20
COV	[825-825]	825	30
COV	[826-826]	826	26
COV	[827-827]	827	24
COV	[828-828]	828	19
COV	[829-829]	829	24
COV	[830-830]	830	17
COV	[831-831]	831	23
COV	[832-832]	832	19
COV	[833-833]	833	23
COV	[834-834]	834	11
COV	[835-835]	835	13
COV	[836-836]	836	14
COV	[837-837]	837	17
COV	[838-838]	838	15
COV	[839-839]	839	17
COV	[840-840]	840	15
COV	[841-841]	841	17
COV	[842-842]	842	15
COV	[843-843]	843	12
COV	[844-844]	844	9
COV	[845-845]	845	25
COV	[846-846]	846	21
COV	[847-847]	847	10
COV	[848-848]	848	11
COV	[849-849]	849	11
COV	[850-850]	850	14
COV	[851-851]	851	18
COV	[852-852]	852	19
COV	[853-853]	853	14
COV	[854-854]	854	11
COV	[855-855]	855	25
COV	[856-856]	856	22
COV	[857-857]	857	10
COV	[858-858]	858	16
COV	[859-859]	859	23
COV	[860-860]	860	18
COV	[861-861]	861	19
COV	[862-862]	862	12
COV	[863-863]	863	12
COV	[864-864]	864	10
COV	[865-865]	865	8
COV	[866-866]	866	9
COV	[867-867]	867	16
COV	[868-868]	868	11
COV	[869-869]	869	7
COV	[870-870]	870	13
COV	[871-871]	871	11
COV	[872-872]	872	16
COV	[873-873]	873	16
COV	[874-874]	874	15
COV	[875-875]	875	15
COV	[876-876]	876	9
COV	[877-877]	877	20
COV	[878-878]	878	14
COV	[879-879]	879	17
COV	[880-880]	880	12
COV	[881-881]	881	17
COV	[882-882]	882	9
COV	[883-883]	883	12
COV	[884-884]	884	15
COV	[885-885]	885	15
COV	[886-886]	886	9
COV	[887-887]	887	21
COV	[888-888]	888	14
COV	[889-889]	889	12
COV	[890-890]	890	14
COV	[891-891]	891	14
COV	[892-892]	892	12
COV	[893-893]	893	16
COV	[894-894]	894	12
COV	[895-895]	895	15
COV	[896-896]	896	11
COV	[897-897]	897	12
COV	[898-898]	898	17
COV	[899-899]	899	12
COV	[900-900]	900	17
COV	[901-901]	901	7
COV	[902-902]	902	7
COV	[903-903]	903	18
COV	[904-904]	904	21
COV	[905-905]	905	11
COV	[906-906]	906	16
COV	[907-907]	907	12
COV	[908-908]	908	11
COV	[909-909]	909	10
COV	[910-910]	910	14
COV	[911-911]	911	17
COV	[912-912]	912	20
COV	[913-913]	913	22
COV	[914-914]	914	11
COV	[915-915]	915	13
COV	[916-916]	916	9
COV	[917-917]	917	7
COV	[918-918]	918	6
COV	[919-919]	919	9
COV	[920-920]	920	11
COV	[921-921]	921	12
COV	[922-922]	922	11
COV	[923-923]	923	8
COV	[924-924]	924	10
COV	[925-925]	925	13
COV	[926-926]	926	12
COV	[927-927]	927	7
COV	[928-928]	928	17
COV	[929-929]	929	19
COV	[930-930]	930	9
COV	[931-931]	931	13
COV	[932-932]	932	15
COV	[933-933]	933	7
COV	[934-934]	934	11
COV	[935-935]	935	11
COV	[936-936]	936	18
COV	[937-937]	937	11
COV	[938-938]	938	17
COV	[939-939]	939	15
COV	[940-940]	940	11
COV	[941-941]	941	14
COV	[942-942]	942	15
COV	[943-943]	943	18
COV	[944-944]	944	18
COV	[945-945]	945	17
COV	[946-946]	946	14
COV	[947-947]	947	9
COV	[948-948]	948	13
COV	[949-949]	949	12
COV	[950-950]	950	10
COV	[951-951]	951	7
COV	[952-952]	952	9
COV	[953-953]	953	17
COV	[954-954]	954	13
COV	[955-955]	955	16
COV	[956-956]	956	8
COV	[957-957]	957	14
COV	[958-958]	958	17
COV	[959-959]	959	7
COV	[960-960]	960	12
COV	[961-961]	961	10
COV	[962-962]	962	8
COV	[963-963]	963	13
COV	[964-964]	964	14
COV	[965-965]	965	7
COV	[966-966]	966	9
COV	[967-967]	967	6
COV	[968-968]	968	15
COV	[969-969]	969	15
COV	[970-970]	970	7
COV	[971-971]	971	4
COV	[972-972]	972	9
COV	[973-973]	973	12
COV	[974-974]	974	10
COV	[975-975]	975	6
COV	[976-976]	976	7
COV	[977-977]	977	3
COV	[978-978]	978	13
COV	[979-979]	979	13
COV	[980-980]	980	7
COV	[981-981]	981	8
COV	[982-982]	982	5
COV	[983-983]	983	10
COV	[984-984]	984	9
COV	[985-985]	985	13
COV	[986-986]	986	16
COV	[987-987]	987	13
COV	[988-988]	988	11
COV	[989-989]	989	12
COV	[990-990]	990	13
COV	[991-991]	991	15
COV	[992-992]	992	25
COV	[993-993]	993	16
COV	[994-994]	994	15
COV	[995-995]	995	14
COV	[996-996]	996	15
COV	[997-997]	997	12
COV	[998-998]	998	13
COV	[999-999]	999	19
COV	[1000-1000]	1000	12
COV	[1000<]	1000	615
# GC-depth. Use `grep ^GCD | cut -f 2-` to extract this part. The columns are: GC%, unique sequence percentiles, 10th, 25th, 50th, 75th and 90th depth percentile
GCD	0.0	1.316	0.000	0.000	0.003	0.007	0.007
GCD	43.0	2.193	33.352	33.352	36.353	39.354	39.354
GCD	44.0	2.632	100.355	100.355	100.355	100.355	100.355
GCD	45.0	3.947	19.373	19.373	51.072	96.716	96.716
GCD	46.0	4.825	102.425	102.425	135.431	168.438	168.438
GCD	47.0	8.333	100.881	108.069	125.820	170.639	225.274
GCD	48.0	14.474	88.934	114.006	119.415	141.842	174.868
GCD	49.0	21.930	98.545	112.265	118.752	127.257	170.207
GCD	50.0	35.526	103.662	114.191	118.595	125.048	135.718
GCD	51.0	59.649	114.753	118.650	123.846	128.101	131.519
GCD	52.0	80.702	113.466	120.478	124.454	128.282	131.850
GCD	53.0	95.614	118.718	122.482	125.581	127.780	128.862
GCD	54.0	98.246	120.985	124.027	128.193	170.851	267.244
GCD	55.0	100.000	122.371	122.402	125.065	130.469	131.413
