# This file was produced by samtools stats (1.24+htslib-1.24) and can be plotted using plot-bamstats
# This file contains statistics for all reads.
# The command line was:  stats -@ 4 results/bam/SRR2589044.aligned.sorted.bam
# CHK, Checksum	[2]Read Names	[3]Sequences	[4]Qualities
# CHK, CRC32 of reads which passed filtering followed by addition (32bit overflow)
CHK	29ca1445	8553d0f0	055ecfee
# Summary Numbers. Use `grep ^SN | cut -f 2-` to extract this part.
SN	raw total sequences:	1755042	# excluding supplementary and secondary reads
SN	filtered sequences:	0
SN	sequences:	1755042
SN	is sorted:	1	# sorted by coordinate
SN	1st fragments:	877521
SN	last fragments:	877521
SN	reads mapped:	1753944
SN	reads mapped and paired:	1752906	# paired-end technology bit set + both mates mapped
SN	reads unmapped:	1098
SN	reads properly paired:	1681290	# proper-pair bit set
SN	reads paired:	1755042	# paired-end technology bit set
SN	reads duplicated:	0	# PCR or optical duplicate bit set
SN	reads MQ0:	30933	# mapped and MQ=0
SN	reads QC failed:	0
SN	non-primary alignments:	0
SN	supplementary alignments:	19463
SN	total length:	235171703	# ignores clipping
SN	total first fragment length:	124666111	# ignores clipping
SN	total last fragment length:	110505592	# ignores clipping
SN	bases mapped:	235135048	# ignores clipping
SN	bases mapped (cigar):	235051201	# more accurate
SN	bases trimmed:	0
SN	bases duplicated:	0
SN	mismatches:	117146	# from NM fields
SN	error rate:	4.983851e-04	# mismatches / bases mapped (cigar)
SN	average length:	134
SN	average first fragment length:	142
SN	average last fragment length:	126
SN	maximum length:	150
SN	maximum first fragment length:	150
SN	maximum last fragment length:	150
SN	average quality:	35.5
SN	insert size average:	765.2
SN	insert size standard deviation:	1089.5
SN	inward oriented pairs:	841919
SN	outward oriented pairs:	7213
SN	pairs with other orientation:	27321
SN	pairs on different chromosomes:	0
SN	percentage of properly paired reads (%):	95.8
# First Fragment Qualities. Use `grep ^FFQ | cut -f 2-` to extract this part.
# Columns correspond to qualities and rows to cycles. First column is the cycle number.
FFQ	1	0	0	42	0	0	0	0	0	0	0	281	0	0	0	0	0	972	0	0	13	0	0	43	457	0	2080	1269	1979	5141	0	18040	187947	0	103586	555671	0	0	0	0	0	0	0	0
FFQ	2	0	0	20	0	0	0	0	0	0	0	135	0	0	0	0	0	477	0	0	53	0	0	115	338	0	869	1203	2642	2708	0	13903	159930	0	76659	618469	0	0	0	0	0	0	0	0
FFQ	3	0	0	1	0	0	0	0	0	0	0	68	0	0	0	0	0	190	0	0	10	0	0	84	192	0	464	940	2441	1747	0	11085	147081	0	63556	649662	0	0	0	0	0	0	0	0
FFQ	4	0	0	0	0	0	0	0	0	0	0	62	0	0	0	0	0	96	0	0	65	0	0	90	0	0	210	376	36	624	10	1437	77	2513	5113	0	92649	0	774163	0	0	0	0	0
FFQ	5	0	0	1	0	0	0	0	0	0	0	122	0	0	0	0	0	191	0	0	105	0	0	136	0	0	310	687	65	1013	8	2302	109	3758	6612	0	89322	0	772780	0	0	0	0	0
FFQ	6	0	0	60	0	0	0	0	0	35	0	153	70	0	0	0	28	62	92	75	109	0	23	11	226	0	447	578	146	454	501	2091	633	4416	5140	0	74574	9546	778051	0	0	0	0	0
FFQ	7	0	0	2	0	0	0	0	0	15	0	97	27	0	0	0	22	54	181	80	115	0	37	13	233	0	486	683	215	513	569	2379	596	5017	6066	0	77355	10226	772540	0	0	0	0	0
FFQ	8	0	0	0	0	0	0	0	0	27	0	111	30	1	0	0	19	62	110	86	97	0	41	16	224	0	525	703	270	440	616	2455	553	5212	5967	0	78244	10115	771597	0	0	0	0	0
FFQ	9	0	0	0	0	0	0	0	0	31	0	101	36	0	0	0	20	69	104	92	106	0	38	18	268	0	591	279	849	401	607	2716	439	4542	4951	2297	22480	19	52964	64355	719148	0	0	0
FFQ	10	0	0	0	0	0	0	0	0	31	0	92	26	0	0	0	29	84	106	93	83	2	49	16	263	1	561	284	970	385	631	2684	537	4782	4958	2617	22997	23	54875	62959	717383	0	0	0
FFQ	11	0	0	0	0	0	0	0	0	37	1	113	35	0	0	0	32	94	95	80	76	0	56	18	290	2	584	271	1011	230	608	2667	654	4784	4607	2480	22712	13	55032	67642	713297	0	0	0
FFQ	12	0	0	0	0	0	1	1	0	83	1	194	63	1	0	0	45	101	144	127	96	1	103	30	354	1	678	326	1256	183	667	3088	677	5109	4857	2553	23550	16	56469	68619	708127	0	0	0
FFQ	13	0	0	0	0	0	0	1	1	53	1	110	30	1	0	1	54	112	131	122	110	1	82	24	356	7	750	325	1261	145	676	2948	772	5437	4823	2678	24680	13	57303	69443	705070	0	0	0
FFQ	14	0	0	0	0	0	0	2	0	46	0	103	31	1	0	1	14	144	147	103	94	2	107	30	227	155	756	345	1242	145	658	1187	2438	2936	5796	3210	4138	13739	12561	52930	41758	178570	553905	0
FFQ	15	0	0	0	0	0	0	0	0	65	4	98	24	1	0	2	16	151	101	82	81	2	91	34	208	176	705	309	1298	143	724	1240	2446	2803	5591	3098	4273	13601	12278	52659	40660	178635	555922	0
FFQ	16	0	0	0	0	0	0	1	0	69	4	107	18	2	2	2	24	159	100	109	100	6	124	34	238	168	766	355	1286	128	722	1347	2643	2867	5710	3131	4510	13998	12572	53665	40768	179502	552284	0
FFQ	17	0	0	0	0	0	0	2	2	65	10	107	24	0	1	2	26	163	117	126	94	10	113	43	265	198	801	332	1320	174	706	1430	2699	2980	5982	3254	4788	14286	12730	54569	41246	181055	547801	0
FFQ	18	0	0	0	0	0	0	1	1	69	12	124	27	2	0	1	31	164	119	121	82	10	189	44	279	265	801	371	1393	197	729	1610	2814	3073	6483	3384	5053	14639	13627	56693	41631	181356	542126	0
FFQ	19	0	0	0	0	0	0	7	5	105	20	148	26	4	2	3	39	157	35	251	121	4	155	52	319	311	833	422	1379	197	814	1734	2745	3097	4114	5691	5279	13624	13556	51542	46927	183782	540021	0
FFQ	20	0	0	0	0	0	0	2	1	100	25	121	22	7	5	8	51	179	30	227	137	10	148	72	331	386	844	415	1378	184	886	1962	2907	3096	4286	5903	5783	13816	13994	52832	48498	185455	533420	0
FFQ	21	0	0	0	0	0	0	6	6	104	35	107	16	3	1	10	66	157	46	224	155	20	198	61	336	395	810	456	1444	258	882	2061	2856	3086	4520	6121	6272	14153	14283	53952	49435	187005	527981	0
FFQ	22	0	0	0	0	0	1	2	11	118	42	123	38	10	3	24	90	198	41	215	179	20	206	73	312	521	918	570	1370	260	954	2220	2943	3223	4523	6224	6642	14303	14585	55379	50381	188925	521874	0
FFQ	23	0	0	0	0	0	0	19	13	127	57	100	22	9	8	13	127	190	55	222	197	37	258	96	380	542	951	587	1490	272	990	2390	3282	3185	4988	6461	7261	14653	14997	57657	50941	190488	514456	0
FFQ	24	0	0	0	0	0	0	32	22	161	74	93	18	8	11	26	150	211	45	221	177	44	288	105	397	554	913	589	1467	346	1012	2696	3329	3283	5199	6614	7943	14665	15529	59917	49881	188658	512843	0
FFQ	25	0	0	0	0	0	2	30	25	172	98	84	15	18	20	31	146	203	64	249	175	63	347	129	437	651	998	684	1441	409	1041	2946	3547	3262	5642	6702	8642	15209	16095	62397	50595	193027	501925	0
FFQ	26	0	0	0	0	0	1	36	47	215	99	85	16	27	15	42	189	215	70	253	214	58	397	142	460	756	977	740	1551	428	1123	3151	3659	3288	5840	6815	9365	15613	16618	64587	50918	196474	492604	0
FFQ	27	0	0	0	0	0	0	46	39	237	131	71	10	21	29	66	214	203	70	189	251	90	447	173	469	780	1068	858	1534	510	1220	3257	3810	3391	6059	6798	10026	15449	17373	66488	51453	199206	484589	0
FFQ	28	0	0	0	0	0	2	53	38	222	126	72	18	30	26	52	234	212	53	220	232	101	491	194	504	786	1020	916	1437	549	1220	3394	3900	3489	6522	7123	11225	16020	18081	67994	51760	202779	474965	0
FFQ	29	0	0	0	0	0	0	58	52	225	136	44	9	24	24	58	226	188	69	219	185	114	521	230	510	815	986	990	1436	662	1230	3464	4108	3418	6928	7003	11899	15902	18754	68958	52136	205256	468655	0
FFQ	30	0	0	0	0	0	1	65	60	222	154	33	8	36	42	70	241	191	59	239	238	131	515	254	584	873	1003	1030	1468	643	1357	3534	4324	3587	7197	7189	12806	16197	19515	70675	52328	206739	461387	0
FFQ	31	0	0	0	0	0	1	68	87	336	251	49	14	63	43	88	301	184	70	277	279	156	556	276	612	941	982	1193	1527	805	1499	3675	4518	3805	7583	7386	14096	16733	20315	72755	53720	207947	451250	0
FFQ	32	0	0	0	0	0	2	41	39	186	131	24	11	28	32	69	219	146	51	209	212	132	463	230	494	808	887	1004	1356	776	1259	3331	4060	3312	7429	6645	14363	15006	21088	65976	60232	209671	454085	0
FFQ	33	0	0	0	0	0	1	58	50	152	112	11	6	31	32	54	194	121	38	186	218	127	478	250	488	724	775	1057	1294	731	1333	3143	4164	3299	7220	6681	15532	15053	21311	64346	56337	205936	461998	0
FFQ	34	0	0	0	0	0	2	54	51	167	125	9	18	47	31	70	208	99	38	221	201	135	488	253	494	733	729	1066	1239	834	1337	3191	4073	3514	7694	6825	17008	15851	22243	65210	55250	202121	461447	0
FFQ	35	0	0	0	0	0	2	54	60	145	139	9	13	32	36	85	221	106	44	216	225	148	502	274	569	772	670	1232	1335	886	1516	3079	4241	3673	8006	7321	18505	16408	24072	65565	56970	201059	454432	0
FFQ	36	0	0	0	0	0	1	69	73	133	121	3	9	47	38	87	232	107	50	190	202	174	514	294	567	761	684	1218	1352	1027	1474	3096	4430	3979	8481	7643	20322	17268	25489	66390	58793	201235	445639	0
FFQ	37	0	0	0	0	0	5	60	66	144	111	2	12	45	41	110	199	106	71	210	236	174	555	341	590	770	635	1453	1337	1112	1634	3030	4594	4064	9057	8071	22741	18346	28029	66946	61737	200418	434644	0
FFQ	38	0	0	0	0	0	3	71	92	164	138	1	19	60	42	111	184	100	55	262	223	199	566	380	666	886	620	1505	1402	1201	1795	3031	4833	4332	9656	8680	25682	19421	30499	66959	65035	199798	422590	0
FFQ	39	0	0	0	0	0	1	108	127	262	168	2	23	56	58	116	230	93	83	280	274	226	503	367	870	912	607	1587	1506	1407	1890	3104	5034	4581	10227	9475	28663	21317	33066	66944	69339	198242	409026	0
FFQ	40	0	0	0	0	0	8	87	89	141	110	0	15	57	57	129	200	100	65	259	241	258	440	380	830	835	566	1565	1413	1468	1785	3009	4919	4546	10163	9617	32267	21201	35896	61241	76563	189351	410371	0
FFQ	41	0	0	0	0	0	4	87	92	149	80	0	19	55	62	115	154	91	61	296	290	281	483	363	949	835	515	1661	1338	1556	1912	2865	5085	4841	10432	10115	36432	22705	39156	59217	76332	180443	410644	0
FFQ	42	0	0	0	0	0	6	110	138	213	137	2	24	86	64	137	185	90	104	291	254	319	515	399	966	935	470	1817	1430	1703	2088	3141	5372	5031	11075	11433	41787	24404	42146	58496	78576	173062	402137	0
FFQ	43	0	0	0	0	0	0	100	106	116	102	3	28	66	94	144	157	96	88	317	239	325	527	490	1077	856	492	2032	1460	1911	2128	3148	5656	5408	11761	12240	47830	26866	46798	57090	82008	168159	388671	0
FFQ	44	0	0	0	0	0	6	98	97	129	72	3	34	72	83	151	162	85	98	369	253	354	565	479	1067	879	471	2149	1476	1932	2387	3262	5958	5747	12311	13306	54825	28945	50946	55916	86489	162977	373834	0
FFQ	45	0	0	0	0	0	14	98	134	163	66	4	33	77	59	155	151	65	112	317	287	510	403	512	1197	974	616	2258	1624	2187	2580	3392	6222	6098	13528	14622	63087	31638	55255	55633	90198	158236	354885	0
FFQ	46	0	0	0	0	0	8	109	119	127	60	3	48	61	100	183	123	75	108	344	271	574	440	537	1265	927	668	2333	1511	2264	2723	3556	6581	6278	14364	16205	71877	34729	60149	54744	94201	152186	336940	0
FFQ	47	0	0	0	0	0	11	117	130	144	67	5	24	77	81	201	119	89	113	382	269	638	451	582	1320	1037	682	2431	1636	2341	2919	3639	6670	6766	15436	17809	81697	37609	65107	53197	98237	146165	317986	0
FFQ	48	0	0	0	0	0	6	122	148	163	52	6	42	73	93	194	139	64	126	417	281	717	434	568	1412	1050	701	2577	1662	2614	3196	3909	7177	7247	16381	19505	92333	40901	70053	52070	101935	139320	297705	0
FFQ	49	0	0	0	0	0	12	123	147	186	66	9	48	77	87	145	112	69	135	397	229	688	394	585	1160	1170	590	2596	1771	2509	3209	3984	7360	7309	17659	21212	104906	43750	75905	47980	107381	133658	277130	0
FFQ	50	0	0	0	0	0	10	85	112	145	38	2	42	72	91	162	120	76	110	436	252	693	382	582	1200	1187	614	2595	1853	2560	3359	4183	7531	7630	18839	23152	118558	47188	80050	45701	108902	126710	258856	0
FFQ	51	0	0	0	0	0	14	109	140	147	41	8	32	79	76	188	95	77	116	442	204	766	422	559	1358	1183	580	2673	1893	2641	3524	4427	7731	7739	19794	24766	133482	50441	84517	43602	109847	118280	241457	0
FFQ	52	0	0	0	0	0	14	73	136	102	21	3	42	81	85	158	106	73	99	428	167	771	346	541	1209	1144	602	2559	1847	2534	3473	4427	7865	7674	20763	26136	149990	53696	88283	40966	112371	110645	223411	0
FFQ	53	0	0	0	0	0	12	72	118	126	25	10	47	74	61	146	91	60	125	391	178	892	347	520	1234	1167	666	2631	1888	2363	3548	4641	8115	7975	22158	28189	167153	57175	92028	38900	110765	102903	205427	0
FFQ	54	0	0	0	0	0	12	70	122	141	13	7	55	74	69	161	97	83	123	450	166	890	357	600	1301	1192	593	2737	2019	2425	3679	4967	8392	8238	23557	30136	185006	60598	94795	36937	109520	93882	188150	0
FFQ	55	0	0	0	0	0	11	77	131	114	12	10	51	53	78	177	111	68	176	454	154	840	463	616	1366	780	1177	2734	1972	2573	4001	5167	8791	8366	25403	32833	203539	63833	96581	35352	106952	87098	168891	0
FFQ	56	0	0	0	0	0	24	62	174	111	8	18	53	57	54	174	119	55	168	489	143	998	445	590	1472	777	1218	2884	2219	2546	4118	5470	9246	8949	27265	34751	222728	66481	98023	33137	104272	79320	151763	0
FFQ	57	0	0	0	0	0	14	69	172	114	9	16	61	64	77	184	119	50	164	524	133	1073	469	653	1545	833	1341	2878	2277	2518	4305	5793	9677	9181	29590	37760	241845	69266	98793	31533	100027	72128	134421	0
FFQ	58	0	0	0	0	0	22	87	203	145	9	19	54	67	81	222	130	54	164	535	115	1076	483	662	1793	883	1468	2807	2405	2607	4446	6001	10318	9440	31563	40191	261667	71508	98640	29209	96115	65288	118492	0
FFQ	59	0	0	0	0	0	26	105	249	184	6	27	70	77	91	163	146	71	157	632	131	929	381	1150	1140	741	1372	4045	2547	2623	4677	6425	10775	9979	33439	43350	280702	73409	97745	27173	90792	58784	103810	0
FFQ	60	0	0	0	0	0	20	75	172	98	0	9	62	75	75	148	163	71	151	670	116	987	343	1238	1177	738	1415	4284	2717	2611	4803	6721	11293	10221	35758	45527	300568	74925	96015	25062	85688	52799	90541	0
FFQ	61	0	0	0	0	0	27	66	177	95	6	23	54	90	47	172	159	63	179	686	94	1004	351	1270	1179	752	1452	4241	2905	2486	4973	6978	11580	10295	37738	48716	320521	75793	93752	22893	79616	46737	79439	0
FFQ	62	0	0	0	0	0	28	78	190	113	7	23	63	96	66	156	188	59	177	711	78	1024	352	1305	1129	782	1536	4455	3100	2382	5187	7101	12122	10744	39220	50560	340236	77030	90672	20984	73521	41405	68936	0
FFQ	63	0	0	0	0	0	29	46	195	81	4	29	60	88	57	138	167	46	201	819	99	1151	342	1360	1226	802	1629	4376	3243	2444	5337	7549	12777	11080	41924	53941	357570	77762	86256	18999	67520	36889	58811	0
FFQ	64	0	0	0	0	0	48	105	280	138	3	25	59	101	61	137	222	59	220	800	82	1208	337	1494	1278	766	1746	4754	3392	2389	5460	7979	13471	11556	44203	56857	374196	77827	81366	17256	61829	32212	50321	0
FFQ	65	0	0	0	0	0	42	66	226	93	2	33	56	116	73	147	208	74	206	654	231	1291	327	1136	1722	804	1895	4655	2196	2499	7445	8160	14046	11747	46608	59622	390738	76817	76674	15969	56004	28398	42468	0
FFQ	66	0	0	0	0	0	37	56	214	78	1	41	64	120	47	120	215	95	190	738	248	1377	345	1138	1887	750	2001	4663	2252	2412	7899	8607	14632	12239	49203	62152	405543	76288	71869	14419	50130	24703	35914	0
FFQ	67	0	0	0	0	0	48	55	220	75	0	47	48	95	47	156	242	101	218	693	266	1410	287	1160	1997	822	2061	4516	2191	2286	7882	8617	15043	12257	50737	64611	421616	75135	66867	12639	45539	21325	30528	0
FFQ	68	0	0	0	0	0	43	47	258	70	1	36	56	130	34	130	235	84	233	741	279	1489	276	1224	1962	839	2031	4671	2412	2139	8272	8719	15420	12696	52741	66960	435753	73428	61395	11502	40883	18380	25407	0
FFQ	69	0	0	0	0	0	34	52	243	69	0	24	48	100	40	110	253	68	251	739	284	1546	292	1320	1963	795	2214	4687	2501	2079	8600	8974	15967	13123	54348	69320	448694	71486	56482	10050	36438	15727	21234	0
FFQ	70	0	0	0	0	0	50	52	270	61	0	38	48	135	42	102	249	90	247	726	271	1504	261	329	1399	2524	2324	4950	2555	1890	8744	9108	16498	13170	56714	71730	459400	69795	51882	9001	32039	13420	17678	0
FFQ	71	0	0	0	0	0	52	49	247	61	0	46	66	145	28	106	302	77	235	771	302	1599	247	323	1516	2666	2404	4897	2577	1926	8951	9072	16904	13461	58565	73840	469264	68175	47139	7965	28350	11613	14470	0
FFQ	72	0	0	0	0	0	61	38	265	64	0	49	58	141	26	92	309	81	265	790	308	1719	265	324	1409	2807	2486	4937	2682	1884	9435	9445	17515	13808	59881	76487	477650	65747	42688	7050	25102	9682	11934	0
FFQ	73	0	0	0	0	0	51	43	287	62	0	48	54	168	23	93	306	91	291	846	331	1627	209	320	1425	2916	2563	4815	2866	1813	9474	9633	17803	14236	62079	78309	485250	63873	38716	6134	22026	8143	9600	0
FFQ	74	0	0	0	0	0	62	29	266	45	0	62	60	184	32	70	323	102	239	850	399	1828	216	318	1486	3162	2672	4967	2961	1627	9807	9816	18396	14444	63180	81078	490617	62305	34981	5497	19213	6667	7641	0
FFQ	75	0	0	0	0	0	71	33	318	66	0	61	48	169	20	89	346	119	277	872	414	1769	207	318	1539	3265	3000	2038	6164	1678	10133	9834	18872	14799	65119	83146	495549	60073	31189	4631	16817	5434	6147	0
FFQ	76	0	0	0	0	0	58	41	293	67	0	78	46	184	19	73	378	103	334	901	378	1960	185	318	1548	3382	2942	1877	6645	1525	10515	9718	19389	14998	66342	84932	500410	57833	27947	4060	14696	4511	4867	0
FFQ	77	0	0	0	0	0	94	23	333	52	0	53	53	202	12	74	376	87	315	947	464	1948	194	316	1710	3610	3049	1802	6870	1426	10975	10203	19741	15512	68243	87209	502799	55416	24942	3442	12601	3651	3786	0
FFQ	78	0	0	0	0	0	82	35	381	66	1	87	46	232	19	73	407	103	337	1013	462	2049	155	320	1715	3834	3220	1729	7178	1315	11020	10215	20140	15595	69596	88474	506146	53742	22227	2911	10716	2839	2930	0
FFQ	79	0	0	0	0	0	62	20	319	44	0	67	42	219	13	75	424	111	352	1020	486	2087	143	296	1648	3932	3311	1543	7368	1243	11327	10149	20688	16072	71087	90461	507935	51971	19727	2509	9152	2203	2229	0
FFQ	80	0	0	0	0	0	70	27	356	43	0	65	33	217	13	51	406	119	350	1046	482	2049	129	319	1657	3919	3345	1431	7704	1113	11707	10297	20826	16208	72372	92237	509840	49999	17850	2105	7437	1725	1710	0
FFQ	81	0	0	0	0	0	66	33	366	40	0	87	33	255	7	57	444	120	359	1065	523	2081	136	328	1714	4079	3510	1383	7952	1056	11916	10448	21373	16656	73457	94050	509798	48473	15747	1782	6289	1272	1214	0
FFQ	82	0	0	0	0	0	90	28	376	52	0	94	33	253	11	65	477	125	326	1131	586	2162	113	344	1715	4182	3581	1254	8301	964	12439	10671	21960	17021	75103	96330	507939	46890	13862	1457	5235	931	874	0
FFQ	83	0	0	0	0	0	84	18	341	58	0	88	25	281	14	53	433	129	354	1191	622	2126	84	373	1771	4368	3705	1196	8432	879	12612	10621	22577	17054	75786	98547	507543	45528	12232	1089	4263	712	614	0
FFQ	84	0	0	0	0	0	101	16	332	35	0	92	24	274	8	48	479	130	317	1202	607	2242	101	369	1839	4382	3797	1050	8862	869	12942	10962	22493	17449	77451	99883	505965	44383	10576	928	3528	463	410	0
FFQ	85	0	0	0	0	0	90	11	377	50	1	97	25	292	7	42	513	148	348	1150	629	2310	79	380	1836	4412	3866	964	8967	750	13228	10896	23274	17816	78162	101700	504571	43453	8935	763	2754	324	249	0
FFQ	86	0	0	0	0	0	97	11	383	34	0	113	20	317	4	39	509	146	350	1251	635	2335	87	371	1956	4720	3919	823	9100	722	13493	11014	23666	18106	79148	103446	502797	41911	7661	548	2180	194	164	0
FFQ	87	0	0	0	0	0	95	6	415	53	0	106	16	301	8	25	548	129	401	1315	689	2387	87	400	1958	4824	4215	874	9625	621	14121	11152	24375	18716	80654	105260	498184	40529	6589	443	1698	108	96	0
FFQ	88	0	0	0	0	0	110	4	374	43	1	117	21	330	7	25	534	134	380	1273	698	2365	73	374	1989	5079	4246	806	9766	572	14272	11184	24525	18764	81599	106652	497116	39120	5516	291	1283	72	67	0
FFQ	89	0	0	0	0	0	125	6	452	45	0	109	10	372	3	24	548	146	368	1326	747	2475	81	389	1996	5076	4384	737	10295	531	14626	11586	25182	18847	82447	108547	492947	38071	4679	223	923	46	35	0
FFQ	90	0	0	0	0	0	114	8	426	39	0	120	28	357	3	32	613	172	397	1373	806	2495	74	465	1969	5249	4386	653	10313	507	14840	11632	25479	19904	83309	109597	490249	36704	3956	127	657	18	13	0
FFQ	91	0	0	0	0	0	131	4	521	42	0	149	18	387	2	16	584	163	466	1435	838	2629	63	463	2199	5462	4689	556	10814	443	15596	12084	26329	20284	84132	111147	484532	35586	3329	100	449	11	8	0
FFQ	92	0	0	0	0	0	104	5	558	56	0	134	12	376	3	23	598	146	460	1560	861	2705	41	446	2195	5444	4719	506	10957	424	15637	12264	26885	20715	86331	113681	479029	34301	2650	81	267	5	4	0
FFQ	93	0	0	0	0	0	122	5	452	33	0	125	10	430	3	28	599	153	455	1470	867	2642	41	444	2306	5684	4830	531	11316	380	15994	12240	27369	21095	87352	114904	475200	33368	2084	45	176	2	4	0
FFQ	94	0	0	0	0	0	127	4	463	54	0	133	17	402	4	14	631	176	413	1581	855	2706	42	492	2290	5883	4974	441	11749	360	16396	12501	28020	21464	87991	117284	469646	32353	1713	24	105	2	1	0
FFQ	95	0	0	0	0	0	119	3	474	40	0	142	17	3	393	10	648	159	423	1697	822	2744	37	460	2250	5857	5065	385	11827	322	16488	12757	28591	21689	88972	117748	466251	31924	1349	16	53	0	0	0
FFQ	96	0	0	0	0	0	131	8	519	38	1	132	19	2	446	7	701	171	435	1700	937	2798	37	501	2359	6085	5266	337	12393	301	16981	12950	28708	22215	89760	119915	460196	31037	1057	5	39	0	0	0
FFQ	97	0	0	0	0	0	138	2	462	42	1	177	10	3	467	8	685	191	486	1735	935	2869	23	549	2381	6196	5264	331	12339	249	17452	13138	29708	22775	89891	121536	455533	30207	827	4	17	0	0	0
FFQ	98	0	0	0	0	0	125	5	500	42	0	153	8	2	440	8	697	180	447	1720	992	2867	23	517	2329	6413	5408	296	12671	270	17986	13476	30107	22829	91360	122618	450726	29203	655	4	11	0	0	0
FFQ	99	0	0	0	0	0	128	2	454	43	1	130	9	0	459	5	678	166	447	1696	949	2805	22	493	2386	6183	5395	258	12769	238	17809	13172	30259	23181	92280	124266	447638	28785	499	1	6	0	0	0
FFQ	100	0	0	0	0	0	114	3	497	39	0	146	6	0	468	6	693	195	454	1788	958	2940	13	521	2489	6397	5479	227	12998	241	18191	13700	30452	23674	92756	124927	443038	28056	418	2	2	0	0	0
FFQ	101	0	0	0	0	0	95	4	453	36	0	147	11	2	457	5	652	209	488	1875	957	2945	13	581	2619	6546	5902	198	13241	240	19034	14077	32059	24556	93878	127520	433492	27290	322	1	0	0	0	0
FFQ	102	0	0	0	0	0	80	0	280	81	0	321	14	1	260	5	1499	121	1298	1233	2797	8615	12	167	7416	20380	15715	681	41195	374	60782	38581	84696	74973	110025	184619	147470	4442	124	0	0	0	0	0
FFQ	103	0	0	0	0	0	66	2	246	33	0	147	4	1	214	4	552	88	459	861	1023	3408	3	133	2752	8418	6036	213	19477	175	31139	22391	57820	51178	147938	220459	225947	5870	155	0	0	0	0	0
FFQ	104	0	0	0	0	0	55	2	188	22	0	76	4	1	190	4	436	88	335	812	713	2215	7	213	1780	5390	3983	130	11464	82	18123	13777	34728	28565	121758	169678	376836	14297	193	0	0	0	0	0
FFQ	105	0	0	0	0	0	95	1	314	27	1	105	2	4	215	2	475	111	286	853	650	1916	4	258	1548	4549	3557	76	9742	68	14639	11042	26904	20848	97518	133077	453016	22860	206	0	0	0	0	0
FFQ	106	0	0	0	0	0	65	1	239	34	0	86	11	0	206	1	421	85	275	872	679	1984	0	250	1549	4225	3324	81	8967	65	13056	10156	24438	18869	89219	120794	476257	27776	166	0	0	0	0	0
FFQ	107	0	0	0	0	0	82	0	245	34	0	87	1	1	233	1	464	106	288	877	606	1866	1	258	1450	4155	3268	62	8789	65	12788	10013	23939	18210	86273	115957	483193	29815	165	0	0	0	0	0
FFQ	108	0	0	0	0	0	106	1	267	20	1	90	3	0	244	0	412	103	298	893	608	1888	2	313	1547	4324	3280	47	8931	65	12820	9796	23014	18242	86078	114756	483879	30315	137	0	0	0	0	0
FFQ	109	0	0	0	0	0	86	1	255	31	1	92	2	0	216	1	472	85	301	937	659	2003	1	255	1543	4287	3343	46	9123	64	12918	10155	23714	18411	85978	115537	480471	30583	97	0	0	0	0	0
FFQ	110	0	0	0	0	0	84	0	261	19	0	81	2	0	243	1	423	109	302	909	610	1943	1	268	1624	4370	3336	42	9035	68	13205	10185	23821	18423	86323	115575	478925	30504	111	0	0	0	0	0
FFQ	111	0	0	0	0	0	77	0	293	37	1	103	2	0	279	0	484	103	307	1036	625	2008	1	302	1603	4451	3494	39	9532	61	13595	10570	24180	18837	87285	117332	473567	29628	68	0	0	0	0	0
FFQ	112	0	0	0	0	0	103	0	257	31	0	92	2	0	265	0	468	110	284	1021	648	1941	2	323	1586	4632	3596	42	9704	60	13532	10579	24593	19065	88521	118607	469444	29415	79	0	0	0	0	0
FFQ	113	0	0	0	0	0	81	0	243	35	1	102	1	0	289	0	522	91	330	1044	639	2052	1	326	1652	4704	3547	20	9728	67	14075	10815	25148	19626	89299	119908	464888	28776	61	0	0	0	0	0
FFQ	114	0	0	0	0	0	103	1	386	42	0	120	2	0	287	0	546	127	331	1182	711	2107	0	329	1700	4811	3699	22	10083	65	14298	10933	25818	20297	90311	121326	458745	28520	48	0	0	0	0	0
FFQ	115	0	0	0	0	0	94	0	303	30	0	104	4	0	283	0	561	117	315	1103	774	2249	1	384	1805	5018	3892	21	10488	61	15002	11783	26940	20674	91389	123255	451586	27689	39	0	0	0	0	0
FFQ	116	0	0	0	0	0	138	0	422	34	1	143	1	0	331	0	538	130	361	1158	741	2245	1	382	1910	5126	4091	26	10903	64	15244	11939	27715	21363	92287	125019	445195	27181	32	0	0	0	0	0
FFQ	117	0	0	0	0	0	98	0	326	44	0	121	2	0	328	0	591	124	373	1238	805	2338	0	408	1940	5390	4270	21	11165	60	15778	12078	28332	21987	93501	126197	439481	26602	23	0	0	0	0	0
FFQ	118	0	0	0	0	0	114	0	333	25	0	125	0	0	348	0	598	114	350	1274	821	2390	0	408	2032	5398	4401	20	11384	55	16219	12480	29014	22530	93869	128483	433530	26248	10	0	0	0	0	0
FFQ	119	0	0	0	0	0	82	0	323	33	0	109	0	0	324	0	579	129	363	1305	786	2303	0	384	1973	5540	4475	13	11564	72	16690	12668	29205	23060	94911	130466	428576	25537	22	0	0	0	0	0
FFQ	120	0	0	0	0	0	101	0	351	39	0	124	1	0	342	0	599	135	372	1323	791	2450	0	432	1991	5694	4451	13	11652	58	16969	13069	29873	23100	96571	132091	422804	25012	21	0	0	0	0	0
FFQ	121	0	0	0	0	0	105	0	401	43	1	117	4	0	378	0	629	156	405	1388	841	2592	0	450	2039	6017	4695	10	12418	61	17622	13407	31156	24102	96663	133683	415710	24206	3	0	0	0	0	0
FFQ	122	0	0	0	0	0	112	0	414	32	1	108	0	0	375	1	580	155	359	1441	857	2533	0	467	2227	6046	4919	9	12854	73	17911	13918	31642	24929	97340	135260	409712	23819	8	0	0	0	0	0
FFQ	123	0	0	0	0	0	124	0	486	48	0	139	1	0	410	0	650	168	414	1575	891	2554	0	496	2146	6184	5026	12	12874	70	18301	14323	32215	25382	98530	136789	403544	23212	5	0	0	0	0	0
FFQ	124	0	0	0	0	0	119	0	439	41	0	157	4	0	385	0	668	172	424	1618	988	2798	0	506	2422	6421	5175	13	13664	70	19098	14698	33464	26069	99643	138169	395657	22360	4	0	0	0	0	0
FFQ	125	0	0	0	0	0	125	0	424	39	1	132	1	0	427	0	712	187	424	1602	914	2753	0	487	2475	6486	5198	14	13834	80	19444	15025	34036	26654	99899	138952	391546	22134	3	0	0	0	0	0
FFQ	126	0	0	0	0	0	123	0	427	37	0	148	1	0	453	0	703	159	459	1739	970	2783	0	547	2535	6781	5476	7	14182	76	20073	15386	34701	27277	100224	140787	385194	21421	1	0	0	0	0	0
FFQ	127	0	0	0	0	0	157	0	520	28	1	161	0	0	452	0	732	211	503	1836	1049	3033	0	600	2603	7076	5868	9	14867	87	20875	15737	35823	28240	100945	142291	376593	20957	3	0	0	0	0	0
FFQ	128	0	0	0	0	0	144	0	541	45	1	148	1	0	470	0	716	198	528	1900	1053	3149	0	603	2598	7453	6042	4	15301	63	21789	16513	36875	28794	101924	144049	368441	20368	2	0	0	0	0	0
FFQ	129	0	0	0	0	0	147	0	568	41	2	179	1	0	506	0	762	198	532	2018	1084	2996	0	587	2767	7448	6282	10	15770	82	22050	16758	37400	29650	102100	144251	363944	19891	0	0	0	0	0	0
FFQ	130	0	0	0	0	0	144	0	579	42	1	180	2	0	610	0	798	209	547	2092	1177	3261	0	670	3003	7644	6639	3	16326	74	23094	17424	38679	30119	102033	146046	355818	19249	0	0	0	0	0	0
FFQ	131	0	0	0	0	0	181	0	632	55	1	170	1	0	580	0	833	231	525	2078	1235	3343	0	667	2986	7954	6821	10	16822	90	23351	17950	39250	31123	102967	146709	349512	18674	0	0	0	0	0	0
FFQ	132	0	0	0	0	0	145	0	625	60	0	191	1	0	561	0	845	227	555	2347	1239	3490	0	667	3163	8236	7105	10	17010	83	24079	18510	40293	31563	103648	147801	342437	18089	0	0	0	0	0	0
FFQ	133	0	0	0	0	0	150	0	556	54	0	227	3	0	604	0	869	224	607	2323	1311	3595	0	706	3132	8430	6997	5	17474	85	24950	18615	40979	32236	103609	148900	336650	17889	2	0	0	0	0	0
FFQ	134	0	0	0	0	0	156	0	661	44	0	217	0	0	617	0	852	229	608	2296	1284	3580	0	736	3377	8667	7372	11	18090	80	25407	19128	41855	32779	103833	150016	330101	17354	0	0	0	0	0	0
FFQ	135	0	0	0	0	0	181	0	639	53	0	182	0	0	687	0	930	254	637	2480	1360	3739	0	723	3456	8902	7727	8	18670	92	26138	19481	42555	33399	103761	150697	323756	16920	0	0	0	0	0	0
FFQ	136	0	0	0	0	0	186	0	697	56	0	221	4	0	677	0	987	278	620	2541	1396	3864	0	818	3546	9178	7997	8	19099	78	26729	19916	43869	34111	103634	151766	316675	16498	0	0	0	0	0	0
FFQ	137	0	0	0	0	0	214	0	711	61	1	233	0	0	715	0	966	304	676	2759	1407	3926	0	762	3637	9499	7996	9	19546	101	27500	20225	44863	35056	103630	152080	310596	15831	0	0	0	0	0	0
FFQ	138	0	0	0	0	0	231	0	730	62	0	226	4	0	717	0	966	274	690	2618	1496	3974	0	756	3702	9739	8405	3	20084	101	27791	20937	45187	35438	103747	152165	305775	15279	0	0	0	0	0	0
FFQ	139	0	0	0	0	0	184	0	691	65	1	212	2	0	671	0	1000	292	680	2704	1545	4003	0	814	3702	9702	8650	5	20429	103	28076	21105	45986	35824	103836	152654	300987	14942	0	0	0	0	0	0
FFQ	140	0	0	0	0	0	197	0	730	58	1	229	1	0	766	0	981	284	744	2885	1476	4159	0	839	3709	9971	8892	7	20364	104	29107	21660	46789	36814	103657	152813	294130	15034	0	0	0	0	0	0
FFQ	141	0	0	0	0	0	248	0	752	66	0	268	0	0	790	0	1020	274	728	2897	1696	4145	0	849	3997	10277	9257	8	21240	97	30081	22075	47920	37658	103025	152818	287012	14573	0	0	0	0	0	0
FFQ	142	0	0	0	0	0	215	0	871	80	1	278	0	0	748	0	1155	342	776	3140	1692	4584	0	902	4350	10802	9717	9	22154	98	31092	22457	48610	38200	102524	153501	278828	13831	0	0	0	0	0	0
FFQ	143	0	0	0	0	0	226	0	868	76	0	296	1	0	785	0	1119	361	787	3293	1677	4570	0	964	4276	11238	9986	8	22555	88	31379	22917	49496	39203	102162	153329	272710	13339	0	0	0	0	0	0
FFQ	144	0	0	0	0	0	213	0	835	74	3	272	5	0	789	0	1102	374	824	3374	1820	4634	0	916	4443	11196	10294	7	22685	92	32210	23280	50306	39601	101582	154045	266551	12872	0	0	0	0	0	0
FFQ	145	0	0	0	0	0	221	0	865	75	1	259	1	0	762	0	1159	364	807	3273	1768	4647	0	985	4400	11292	10396	3	22971	104	32685	23826	50983	40182	101030	154675	260521	12472	0	0	0	0	0	0
FFQ	146	0	0	0	0	0	168	0	791	47	0	258	1	0	641	0	1064	382	844	3512	1897	4596	0	968	4302	11442	10806	9	23557	101	33121	24247	51318	40522	100609	154009	255203	12252	0	0	0	0	0	0
FFQ	147	0	0	0	0	0	145	0	664	39	0	226	1	0	618	0	1215	379	768	3642	1930	4677	0	961	4604	11460	11011	4	23563	93	33929	24435	52250	41156	100254	153385	248791	12082	0	0	0	0	0	0
FFQ	148	0	0	0	0	0	61	0	408	20	0	139	1	0	395	0	1307	448	919	3893	2148	4854	0	1056	4752	11900	11734	7	24467	110	34835	25166	52882	41527	98687	153081	241381	11506	0	0	0	0	0	0
FFQ	149	0	0	0	0	0	0	0	2	1	0	0	0	0	44	0	1247	391	902	3844	1950	4882	0	1090	4974	12394	12120	5	24977	114	35450	25267	53388	42326	98057	152731	235452	11028	0	0	0	0	0	0
FFQ	150	0	0	0	0	0	0	0	0	0	0	0	0	0	0	0	0	0	0	0	0	5215	0	982	4882	12348	11887	8	24810	82	35583	25112	53258	41851	97853	151625	234676	11090	0	0	0	0	0	0
# Last Fragment Qualities. Use `grep ^LFQ | cut -f 2-` to extract this part.
# Columns correspond to qualities and rows to cycles. First column is the cycle number.
LFQ	1	0	0	12	0	0	0	0	14	0	0	1830	0	1	0	0	0	2670	0	2	5	9	0	683	2851	12	3311	7460	11599	10024	503	44855	351215	0	59840	380625	0	0	0	0	0	0	0	0
LFQ	2	0	0	0	0	0	0	0	10	0	0	1536	0	1	0	0	1	3145	0	2	16	0	0	1146	2405	11	4085	6809	11341	10546	480	40355	288079	0	55241	452312	0	0	0	0	0	0	0	0
LFQ	3	0	0	0	0	0	0	0	12	0	0	1403	0	2	0	0	0	2695	0	3	0	11	0	1207	2422	7	3301	7107	12775	9605	420	37744	274184	0	35372	489251	0	0	0	0	0	0	0	0
LFQ	4	0	0	1	0	0	0	0	11	0	0	1490	0	0	0	0	0	1510	182	2	1001	5	0	1104	7	11	2315	3350	896	5179	99	8639	337	15182	20284	0	184571	0	631345	0	0	0	0	0
LFQ	5	0	0	0	0	0	0	0	6	0	0	1137	0	0	0	0	0	1460	121	0	848	6	0	1173	12	12	2153	3616	926	5147	78	9198	435	15937	20604	0	185071	0	629581	0	0	0	0	0
LFQ	6	0	0	1	0	0	0	0	2	214	0	775	279	0	1	0	159	316	623	489	633	4	157	273	1098	5	2246	2887	1034	2469	2123	8114	2206	16005	15640	0	159228	13776	646764	0	0	0	0	0
LFQ	7	0	0	0	0	0	0	0	3	191	0	906	403	0	0	0	123	432	742	619	807	2	207	312	1364	6	2395	3404	1258	2442	2646	8868	1873	17211	16351	0	155893	13066	645997	0	0	0	0	0
LFQ	8	0	0	0	0	0	0	0	3	175	0	792	316	1	0	1	116	419	674	597	643	3	185	311	1356	7	2497	3301	1432	2260	2573	9086	2044	17607	16231	1	155545	12806	646539	0	0	0	0	0
LFQ	9	0	0	0	0	0	0	0	4	278	1	1017	359	0	1	0	170	452	786	630	763	3	258	331	1499	10	2715	1076	4037	2050	2468	9259	1628	13890	13297	7387	49278	87	92267	74769	596751	0	0	0
LFQ	10	0	0	0	0	0	0	0	5	250	0	808	291	1	1	0	169	497	769	616	619	0	231	350	1358	8	2590	1132	4506	1816	2392	9164	1866	14199	12514	7847	48912	97	91838	70557	602118	0	0	0
LFQ	11	0	0	0	0	0	0	1	1	311	2	877	256	0	2	0	198	529	652	616	524	3	254	308	1401	12	2782	1214	4772	1195	2401	9114	2144	14789	12336	7435	50501	56	93987	77568	591280	0	0	0
LFQ	12	0	0	0	0	0	0	1	11	357	0	1024	287	1	1	3	261	589	676	717	606	5	319	338	1599	13	2822	1242	5298	845	2547	9506	2179	14854	12630	7626	50592	41	92911	74628	592992	0	0	0
LFQ	13	0	0	0	0	0	0	1	3	520	5	1245	340	1	1	1	285	700	845	740	628	4	425	362	1726	23	2924	1255	5563	819	2565	10002	2411	15721	12790	7739	52153	46	95816	77347	582515	0	0	0
LFQ	14	0	0	0	0	0	0	1	2	412	7	808	255	2	1	4	61	816	775	643	585	7	398	341	837	870	3077	1177	5781	765	2448	4359	7664	9869	14119	9162	8782	31846	24373	81540	54547	205428	405759	0
LFQ	15	0	0	0	0	0	0	2	5	437	17	921	312	1	1	5	78	871	767	645	611	5	441	366	938	871	3094	1292	5856	823	2463	4470	7635	9953	14388	8996	9164	32000	24328	82533	52851	206597	403784	0
LFQ	16	0	0	0	0	0	1	1	4	506	26	910	250	2	2	4	101	884	724	720	627	9	485	358	1037	949	3014	1282	5696	786	2509	4787	7595	9613	14627	9117	9380	32451	24715	83044	53148	206175	401982	0
LFQ	17	0	0	0	0	0	0	10	7	476	33	879	242	4	3	9	143	907	768	728	649	8	526	369	1085	1046	3345	1394	5863	893	2670	5165	8034	10128	15187	9147	9839	32747	25332	85116	53670	205787	395312	0
LFQ	18	0	0	0	0	0	0	6	13	544	54	890	225	5	1	9	178	945	734	765	697	21	573	399	1200	1187	3353	1476	6011	918	2777	5561	8133	10227	15823	9447	10541	33370	25856	88069	54903	207047	385563	0
LFQ	19	0	0	0	0	0	1	7	11	489	93	861	204	9	2	11	197	781	169	1361	705	21	563	395	1164	1249	3261	1546	5648	872	2802	5805	8113	10115	10525	15249	11044	29323	27574	79839	64484	208888	384140	0
LFQ	20	0	0	0	0	0	0	8	26	581	136	1057	277	10	6	10	246	861	206	1462	766	23	591	393	1145	1603	3288	1627	5780	909	2937	6453	8298	10011	10847	15494	11771	29776	28015	81417	65186	208927	377378	0
LFQ	21	0	0	0	0	0	0	13	29	598	206	934	198	8	14	13	306	865	221	1371	830	33	685	417	1243	1880	3307	1722	5898	962	2925	6889	8549	10240	11221	16166	12669	30291	28613	84400	66836	210099	366870	0
LFQ	22	0	0	4	0	0	0	23	33	667	253	923	187	15	18	34	363	972	303	1275	890	33	748	419	1393	2090	3320	1690	5879	1020	3136	7510	8936	10180	11975	16128	13501	30558	29018	87188	68400	209740	358699	0
LFQ	23	0	0	0	0	0	2	40	58	777	336	865	201	22	16	27	466	956	299	1261	922	51	836	428	1441	2327	3482	1869	5737	1075	3230	8135	9100	10134	12125	16508	14896	31159	29326	89222	68866	211697	349629	0
LFQ	24	0	0	0	0	0	4	64	76	951	458	869	160	26	30	62	603	1059	325	1223	889	93	942	518	1585	2330	3503	1961	5590	1189	3184	8494	9141	9995	12421	15957	15512	30906	29907	90904	68006	207527	351057	0
LFQ	25	0	0	0	0	0	3	62	97	921	456	737	97	30	20	58	719	1020	313	1112	996	114	1083	542	1731	2747	3746	2197	5689	1235	3424	9400	9680	9881	13368	16166	16999	31102	30297	94388	66734	209950	340407	0
LFQ	26	0	0	8	0	0	3	87	92	1056	673	702	107	45	40	75	778	986	331	1117	1015	116	1214	564	1719	2989	3814	2229	5733	1472	3418	9815	10081	9919	13951	16172	18595	31275	31011	96387	67320	210444	330218	0
LFQ	27	0	0	0	0	0	0	84	117	1018	714	540	73	37	53	95	881	990	316	1014	999	192	1410	574	1748	3034	3650	2270	5360	1413	3499	10213	10044	9770	14316	16277	19784	30897	31656	98202	67292	213282	321767	0
LFQ	28	0	0	0	0	0	0	100	119	1069	737	477	50	49	38	124	868	924	301	1029	1043	166	1402	615	1713	3186	3690	2423	5182	1566	3597	10437	10447	9848	15168	16047	21261	30903	32008	100885	66770	215322	311920	0
LFQ	29	0	0	4	0	0	2	117	163	1090	835	363	36	55	86	112	986	880	258	922	984	203	1642	629	1744	3243	3569	2669	5064	1656	3814	10777	10607	9682	15774	16065	22620	30767	32496	103657	66331	215492	303939	0
LFQ	30	0	0	1	0	0	2	162	206	1034	899	321	18	66	71	136	1085	914	253	966	1084	269	1541	682	1879	3407	3493	2852	5094	1821	4010	10964	11001	9695	16517	16129	23697	31096	33438	105406	66945	215875	294189	0
LFQ	31	0	0	1	0	0	6	147	233	1016	929	225	12	58	89	201	1070	780	216	986	1109	276	1625	747	2028	3327	3543	3039	5095	2011	4034	10984	11331	9893	17419	16040	25150	31175	34318	107280	67031	217245	284353	0
LFQ	32	0	0	2	0	0	3	203	293	1109	1077	143	14	91	93	215	1090	778	231	1017	1174	293	1768	851	2035	3572	3482	3258	5238	2159	4196	11079	11796	10007	18069	16219	26373	31546	34823	107990	67512	215147	277929	0
LFQ	33	0	0	0	0	0	4	234	302	1195	1129	105	23	94	111	268	1196	775	226	1015	1153	363	1899	870	2204	3646	3464	3439	5022	2491	4486	11314	12495	10476	19140	16772	27781	31820	36062	109498	68041	213835	267754	0
LFQ	34	0	0	0	0	0	3	273	377	1111	1085	70	15	111	141	319	1148	729	245	955	1257	415	1943	1083	2135	3573	3170	3877	5133	2811	4639	11427	12710	10770	19863	16942	28850	32119	37385	111132	69227	212086	259325	0
LFQ	35	0	0	0	0	0	3	270	355	1033	955	27	23	125	156	341	1124	588	252	1014	1253	482	1994	1102	2316	3620	3054	4148	5121	3190	4845	10974	13072	11276	20919	17696	30356	33129	38669	112479	70539	209547	250245	0
LFQ	36	0	0	2	0	0	4	313	412	1003	914	18	25	135	168	368	1061	540	231	1055	1267	512	2033	1185	2281	3595	2844	4362	5036	3460	4891	10491	13462	11585	21529	17921	31254	33359	40397	113755	72440	207659	242496	0
LFQ	37	0	0	3	0	0	0	212	307	735	721	3	22	129	134	298	828	432	216	787	910	457	1645	988	1978	2998	2235	3970	4064	3289	4145	9528	11837	10445	19595	16167	31054	28958	41581	99357	82933	209187	260040	0
LFQ	38	0	0	0	0	0	5	286	374	804	743	5	28	105	173	353	873	402	215	879	1037	458	1711	1036	1959	2967	1974	3941	4284	3374	4427	8570	11685	10593	19394	16679	31870	30314	40137	95413	76609	204933	271627	0
LFQ	39	0	0	0	0	0	4	256	324	668	599	3	22	142	148	379	752	389	224	840	1028	519	1504	1123	2315	2836	1815	4126	4220	3625	4563	8459	11724	10758	19783	17035	33875	31233	41941	92040	75353	199443	274385	0
LFQ	40	0	0	0	0	0	3	302	369	765	594	0	20	138	185	432	769	317	262	850	1039	572	1433	1099	2410	2905	1754	4430	4090	3839	4715	8043	12091	11254	20504	18176	35987	32907	43437	90751	76317	194061	269803	0
LFQ	41	0	0	1	0	0	2	317	375	644	498	3	41	138	191	469	690	306	252	904	1014	660	1515	1180	2648	2906	1665	4661	4124	4314	4966	7880	12421	11707	21247	19218	38777	34334	45928	89753	78031	189284	261667	0
LFQ	42	0	0	1	0	0	11	434	548	873	743	2	47	191	224	529	664	379	340	1089	1214	753	1645	1346	2924	3219	1506	5224	4477	4835	5527	7993	13345	12163	22059	21199	42265	36273	48440	88979	79574	183851	247714	0
LFQ	43	0	0	0	0	0	7	360	450	795	533	2	55	183	284	587	606	367	329	1018	1082	858	1663	1521	3039	3195	1492	5743	4561	5200	5845	8194	13960	13114	23476	23281	46206	38980	51581	89296	81386	179902	231466	0
LFQ	44	0	0	0	0	0	5	395	462	674	430	4	53	203	250	555	532	323	318	1081	1136	865	1678	1561	3240	3025	1391	5800	4544	5752	6249	8283	14535	13643	24870	25148	50454	41101	54562	88440	84623	175063	217270	0
LFQ	45	0	0	0	0	0	13	432	554	776	415	9	62	182	264	699	465	335	385	1152	1222	1241	1559	1674	3194	3256	1783	6484	4697	5996	6860	8254	15266	14890	26102	27771	55634	44108	56802	88020	86477	167574	201502	0
LFQ	46	0	0	0	0	0	14	514	631	880	448	1	86	215	279	684	478	342	412	1223	1213	1381	1576	1771	3434	3302	1780	6965	4620	6449	7448	8634	15694	15461	27502	30025	60777	46752	59590	86277	88429	160699	187778	0
LFQ	47	0	0	0	0	0	14	432	568	754	309	3	67	205	317	656	442	303	421	1284	1150	1509	1638	1862	3601	3248	1725	7293	4745	6791	7777	9020	16514	15963	28963	32449	66849	49291	62236	84420	90037	154026	174624	0
LFQ	48	0	0	0	0	0	27	424	517	705	308	10	84	190	280	654	309	265	398	1230	1045	1474	1366	1771	3439	3011	1644	7027	4249	6639	7636	8897	16092	15665	29241	33145	74171	48997	65556	73233	97346	142926	179251	0
LFQ	49	0	0	0	0	0	23	411	582	677	247	1	105	173	276	630	313	268	394	1304	945	1614	1377	1709	3154	3165	1482	7141	4553	6718	7831	9080	16258	16003	29715	34835	83444	51468	67880	65572	97922	132216	177429	0
LFQ	50	0	0	0	0	0	20	404	571	726	210	10	88	210	274	715	300	289	414	1419	927	1775	1377	1742	3282	3290	1548	7481	4555	6798	8188	9521	16760	16416	30717	37290	92206	53657	70606	62192	96138	121623	170780	0
LFQ	51	0	0	0	0	0	30	419	592	749	177	10	112	229	305	685	268	267	420	1445	883	1912	1323	1893	3429	3214	1638	7853	4613	6880	8651	9917	16859	16947	32222	39830	102093	56081	73360	58311	95194	113861	159592	0
LFQ	52	0	0	0	0	0	21	386	545	608	136	12	103	224	294	621	231	262	420	1470	821	1849	1303	1859	3250	3306	1570	7608	4591	6897	8877	10376	17258	16920	33985	42056	113625	57229	75806	53816	96742	105015	149971	0
LFQ	53	0	0	0	0	0	15	370	596	629	100	20	118	234	267	604	226	237	341	1402	726	1908	1195	1840	3418	3420	1621	7733	4658	6832	9016	10549	17439	17223	35576	44649	125550	60248	77669	51005	94619	96469	139306	0
LFQ	54	0	0	0	0	0	36	363	661	629	109	15	128	249	284	572	244	261	431	1512	691	2054	1231	1759	3478	3394	1677	7868	4585	6841	9598	10882	17960	17584	37255	46997	138474	61562	79107	47463	92815	88756	128024	0
LFQ	55	0	0	0	0	0	46	332	588	525	71	11	106	157	307	704	240	212	433	1586	609	2206	1397	1862	3458	2158	3193	7948	4948	6953	10000	11634	18568	17984	39180	50548	150689	63044	79215	44391	90249	81621	116259	0
LFQ	56	0	0	1	0	0	35	327	590	538	57	11	120	162	210	674	251	237	448	1634	581	2409	1335	1794	3663	2179	3209	8048	4979	7007	10222	12166	19471	18318	41846	53375	163780	64749	79929	41338	87265	73586	104677	0
LFQ	57	0	0	0	0	0	45	330	640	527	54	28	147	192	237	664	240	234	500	1747	583	2516	1353	1809	4018	2253	3361	8200	5226	6797	10731	12844	19964	19006	43826	56095	177287	66299	79428	37805	83817	66257	93824	0
LFQ	58	0	0	0	0	0	50	320	716	531	32	30	153	195	213	691	284	235	513	1826	509	2704	1459	1823	4077	2357	3534	8283	5317	6666	11040	13469	20641	19356	46180	59364	190679	66834	79209	35011	79816	59083	83312	0
LFQ	59	0	0	0	0	0	54	333	717	480	30	26	144	219	230	582	274	238	493	2064	488	2321	1168	2845	3008	2033	3557	10338	5611	6721	11461	13973	21539	19529	48581	62713	203938	67289	77906	31683	75190	52660	73679	0
LFQ	60	0	0	0	0	0	63	310	774	519	21	30	161	227	216	557	353	217	523	2025	443	2498	1143	2916	2993	2161	3707	10775	5729	6671	11549	14537	22229	20434	50868	65861	216345	67684	76251	28720	70529	46804	64710	0
LFQ	61	0	0	0	0	0	75	282	733	455	21	55	152	229	225	577	386	232	556	2192	401	2678	1140	3071	3173	2042	3870	10950	6136	6510	11990	14910	23016	20603	53188	68679	229684	66872	74169	26110	65653	41497	56479	0
LFQ	62	0	0	0	0	0	81	256	763	444	13	38	132	240	212	561	387	212	557	2269	343	2698	1123	3152	3187	2122	4183	10848	6563	6298	12314	15367	23677	20797	55438	71954	242599	66517	71120	23357	60830	36640	49170	0
LFQ	63	0	0	0	0	0	81	260	807	391	13	44	167	278	181	535	416	197	570	2234	336	2819	1064	3270	3252	2063	4356	11208	6711	6237	12230	15796	24364	20983	57455	74724	255124	66326	67654	21014	55986	31715	42992	0
LFQ	64	0	0	0	0	0	87	257	860	379	3	59	166	262	149	510	488	186	555	2424	269	3108	1041	3428	3211	2108	4468	11158	6949	5936	12801	16191	24958	21289	59375	78046	265992	65700	64383	18866	50728	27983	36876	0
LFQ	65	0	0	0	0	0	106	268	896	373	8	52	168	325	188	486	471	282	657	2257	656	3226	1070	2680	4390	2115	4868	11011	4874	5881	16137	16181	25903	21802	61356	80299	276357	64469	60152	16584	46027	24320	31617	0
LFQ	66	0	0	0	0	0	104	218	956	333	3	71	148	332	148	495	471	284	675	2263	669	3406	993	2789	4551	2118	5132	11278	5046	5667	16846	16830	26749	22082	63297	82655	285493	63166	56534	14639	41279	21096	26899	0
LFQ	67	0	0	0	0	0	125	246	1019	307	2	71	162	415	128	444	492	293	655	2284	666	3548	970	2850	4686	2118	5197	11040	5154	5373	17346	16897	27150	22621	65505	85262	294929	61136	52531	13072	37173	18006	22999	0
LFQ	68	0	0	0	0	0	117	238	1016	326	3	104	167	369	147	513	559	325	717	2433	738	3799	929	3034	4771	2211	5590	11320	5283	5117	17828	17232	27991	22894	66853	87270	303049	59367	47990	11428	33471	15540	19204	0
LFQ	69	0	0	0	0	0	144	191	923	243	0	95	144	378	128	430	586	271	707	2264	740	3853	860	3075	4821	2193	5748	11276	5411	4946	18115	17464	27799	23426	68550	89303	311226	57859	44002	10089	30120	13184	16577	0
LFQ	70	0	0	0	0	0	138	173	866	204	0	103	133	367	79	362	538	270	631	2213	718	3755	730	867	3385	5574	5584	10730	5367	4484	17761	17186	27880	23096	69149	90498	322827	56301	40944	8456	27374	11174	14400	0
LFQ	71	0	0	0	0	0	148	167	913	202	0	103	128	413	74	317	632	265	635	2338	751	3839	706	810	3380	5758	5783	10541	5448	4141	18045	16950	28425	22799	69923	91660	330791	54549	37645	7327	24203	9408	12213	0
LFQ	72	0	0	0	0	0	190	167	1005	188	0	116	117	409	85	320	701	293	637	2415	809	3965	637	733	3473	5918	6011	10480	5702	3758	18098	16958	28547	22946	71038	92104	337594	52718	34398	6261	21333	8115	10242	0
LFQ	73	0	0	0	0	0	180	141	1107	198	0	151	132	457	78	299	704	338	689	2358	897	4000	629	803	3492	6293	6257	10444	5672	3703	18562	17059	28670	22757	71976	94062	341932	50826	31267	5394	18874	6781	8434	0
LFQ	74	0	0	0	0	0	162	121	944	164	0	132	121	491	79	277	764	276	736	2305	880	4012	569	751	3506	6356	6414	10275	5888	3490	18797	16870	28858	23102	72661	94999	347931	48734	28232	4701	16733	5590	6926	0
LFQ	75	0	0	0	0	0	169	103	1027	167	0	118	102	510	57	246	734	295	708	2488	946	4181	513	755	3532	6651	6744	4769	11595	3247	19321	16904	29199	23270	73252	96408	350468	46941	25621	3901	14633	4617	5649	0
LFQ	76	0	0	0	0	0	197	101	1007	149	0	135	105	539	53	221	789	322	686	2438	982	4179	451	690	3625	6815	7001	4480	11918	2972	19545	16809	29638	23538	74144	97317	353270	45390	22936	3372	12778	3621	4599	0
LFQ	77	0	0	0	0	0	223	108	1073	129	0	152	91	566	49	225	880	288	704	2540	1044	4300	459	711	3644	7055	6998	4057	12676	2768	19614	16836	30203	23690	73975	98322	355557	43618	20666	2786	11237	3003	3605	0
LFQ	78	0	0	0	0	0	202	80	966	108	0	141	80	545	28	178	864	287	716	2458	1085	4430	415	664	3547	7174	7304	3736	12436	2413	19964	16703	30700	23690	75307	99052	357984	41775	18588	2380	9645	2345	2900	0
LFQ	79	0	0	0	0	0	209	105	1088	114	0	170	95	609	29	173	900	290	769	2586	1106	4369	386	674	3588	7585	7334	3402	13229	2301	20510	16861	30654	23707	75851	100582	357494	40042	16658	2062	8261	1814	2182	0
LFQ	80	0	0	0	0	0	244	94	1130	130	0	154	83	610	28	152	931	291	748	2684	1158	4674	345	661	3628	7640	7479	3188	13460	2049	20738	16927	30779	24470	75853	101232	357339	38567	15107	1634	7036	1464	1664	0
LFQ	81	0	0	0	0	0	206	63	1135	102	0	205	80	644	34	157	970	344	770	2793	1262	4579	304	627	3725	8040	7788	2894	13917	1972	21240	16777	31070	24190	76532	101871	356481	37203	13292	1305	5998	1071	1299	0
LFQ	82	0	0	0	0	0	210	48	1060	108	0	185	58	629	31	143	995	318	818	2828	1372	4572	269	668	3823	8012	7842	2768	14022	1666	21394	16765	31515	24242	76922	102571	356167	36143	11652	1088	4952	835	953	0
LFQ	83	0	0	0	0	0	269	46	1086	76	0	182	58	645	21	105	951	314	805	2730	1285	4553	224	632	3780	7982	7854	2383	14430	1543	21938	16590	31868	24591	76944	103232	355497	35163	10422	817	4125	582	683	0
LFQ	84	0	0	0	0	0	240	47	1153	83	0	200	52	638	13	108	1063	331	850	2882	1434	4706	216	635	3799	8294	8116	2280	14621	1451	21903	16582	32214	24972	76828	104129	353075	33972	9202	659	3351	404	464	0
LFQ	85	0	0	0	0	0	257	35	1097	90	0	201	56	665	13	107	1077	345	781	2882	1465	4708	211	687	3770	8430	8438	2036	15137	1292	22078	16604	32469	24780	77440	105093	350838	32727	7935	532	2713	261	300	0
LFQ	86	0	0	0	0	0	237	35	1187	89	0	226	72	720	14	75	1092	343	837	2956	1480	4899	157	659	3935	8664	8451	1871	15368	1198	22530	16521	32711	24959	77676	105328	348398	31565	6836	430	2197	161	197	0
LFQ	87	0	0	0	0	0	249	33	1130	79	1	207	37	736	14	84	1138	336	847	2930	1538	4768	154	652	3996	8720	8691	1798	15692	1067	22596	16734	32746	25222	77213	105564	346443	30970	5871	310	1729	109	111	0
LFQ	88	0	0	0	0	0	302	32	1171	83	0	212	45	754	9	79	1118	358	852	3064	1574	4861	135	655	3968	8921	9051	1595	15760	947	22844	16547	33231	25449	77385	105343	344044	29817	5100	223	1308	71	57	0
LFQ	89	0	0	0	0	0	251	24	1147	70	0	241	52	755	9	54	1154	346	866	3035	1584	4851	130	613	3992	9139	8997	1415	15902	851	23102	16792	33141	25637	77052	105470	342047	29162	4297	189	979	29	29	0
LFQ	90	0	0	0	0	0	271	12	1131	71	0	225	32	724	9	52	1133	358	811	3188	1686	4870	115	685	4035	9169	8940	1226	16016	758	23462	16462	32977	25527	77684	105774	339778	28000	3653	102	690	13	12	0
LFQ	91	0	0	0	0	0	257	23	1142	64	0	243	32	817	11	56	1137	316	783	3151	1696	4980	98	651	4106	9118	9093	1160	16541	639	23381	16334	33522	25497	77546	106320	336519	27121	3108	67	487	3	13	0
LFQ	92	0	0	0	0	0	284	9	1247	73	0	257	36	810	6	31	1191	375	848	3230	1747	5068	76	661	4087	9461	9324	1059	16778	642	23833	16725	33412	25793	76985	106287	332354	26377	2558	57	308	5	2	0
LFQ	93	0	0	0	0	0	296	13	1341	90	1	274	31	869	9	36	1269	402	835	3235	1871	4948	77	719	4290	9385	9344	931	16994	597	23863	16834	33790	25961	77093	105808	328673	25788	2107	25	191	2	1	0
LFQ	94	0	0	0	0	0	306	10	1260	68	1	301	17	814	6	35	1195	362	851	3265	1897	4975	79	629	4195	9582	9446	868	16870	502	24069	16531	34061	26041	77465	107130	324468	25070	1780	20	101	1	1	0
LFQ	95	0	0	0	0	0	317	9	1249	70	0	228	17	8	778	29	1232	389	851	3249	1810	5095	64	694	4208	9612	9535	777	16873	483	24420	16586	34247	26188	77148	106368	321821	24469	1465	5	63	0	0	0
LFQ	96	0	0	0	0	0	314	9	1298	88	0	276	20	2	903	22	1269	375	892	3431	2025	5042	46	709	4178	9623	9723	685	17109	452	24100	16654	34158	26320	76284	107092	317899	23979	1124	3	36	0	0	0
LFQ	97	0	0	0	0	0	296	8	1382	80	0	296	22	8	858	20	1340	425	869	3470	2026	5013	48	728	4254	9610	9820	599	17737	367	24551	16709	34313	26420	75915	107440	313193	23350	873	2	15	0	0	0
LFQ	98	0	0	0	0	0	321	5	1289	69	0	288	17	3	849	13	1294	364	882	3401	1956	5034	39	752	4202	9813	10089	550	17601	360	24785	16932	34414	26675	75968	107076	309945	22379	708	2	10	0	0	0
LFQ	99	0	0	0	0	0	289	7	1280	70	0	263	5	6	854	18	1309	374	866	3360	1983	5106	26	695	4302	9872	9931	515	17471	349	24611	16777	34632	26521	76264	106959	306775	22138	573	0	11	0	0	0
LFQ	100	0	0	0	0	0	318	8	1250	81	0	267	14	2	835	21	1325	417	845	3318	1982	4992	26	743	4291	9929	10171	430	17762	304	24763	16665	34724	26669	76109	107152	302376	21683	444	1	3	0	0	0
LFQ	101	0	0	0	0	0	236	2	1137	38	0	200	13	1	876	17	1205	411	831	3634	2000	5135	28	761	4473	10072	10453	396	17833	277	25191	17120	34701	26987	75511	106275	297605	21385	394	1	1	0	0	0
LFQ	102	0	0	0	0	0	197	2	861	151	0	668	26	6	439	5	2433	185	2120	2332	5302	12061	24	203	9911	23156	22754	869	39679	377	59630	33560	70415	59691	78883	135208	96747	3309	125	0	0	0	0	0
LFQ	103	0	0	0	0	0	150	0	711	53	0	240	7	3	468	5	1139	196	885	1826	2084	5544	12	245	4471	12173	10351	409	23797	180	35604	23555	54061	46898	106271	165739	156553	4841	199	0	0	0	0	0
LFQ	104	0	0	0	0	0	145	1	597	32	0	156	8	2	456	4	842	237	625	1744	1416	3828	6	292	3215	8500	7276	224	15994	131	23839	16099	36140	29410	92165	132075	267756	12611	278	0	0	0	0	0
LFQ	105	0	0	0	0	0	150	3	586	35	0	130	3	1	471	5	812	204	515	1743	1198	3385	6	344	2865	7059	6192	175	13458	111	19473	13407	29984	23981	77951	108375	321269	19745	291	0	0	0	0	0
LFQ	106	0	0	0	0	0	183	0	651	40	0	148	2	0	459	2	785	185	488	1755	1154	3207	7	393	2717	6809	5837	173	12630	127	17722	12722	27377	21207	72058	99641	339715	23370	284	0	0	0	0	0
LFQ	107	0	0	0	0	0	183	1	634	54	0	174	7	0	534	1	773	209	477	1817	1147	3062	0	387	2572	6523	5850	164	12236	156	17286	12361	25898	20403	69883	95919	345967	24875	252	0	0	0	0	0
LFQ	108	0	0	0	0	0	208	1	689	35	0	154	4	0	531	2	846	239	480	1872	1183	3223	2	393	2656	6574	5851	136	12196	126	17193	11950	26039	19891	68431	94537	346670	25353	210	0	0	0	0	0
LFQ	109	0	0	0	0	0	185	0	571	41	0	149	1	0	542	4	805	186	483	1862	1190	3343	3	413	2538	6685	5820	109	12187	136	17035	12017	25654	20023	68171	93402	346375	25681	168	0	0	0	0	0
LFQ	110	0	0	0	0	0	206	0	713	41	0	149	0	0	553	2	919	209	547	1917	1187	3248	2	447	2699	6862	5964	105	12407	103	17563	12233	25996	19950	67721	93648	342467	25654	158	0	0	0	0	0
LFQ	111	0	0	0	0	0	176	2	676	52	0	142	3	0	585	4	893	252	557	2069	1190	3430	1	437	2793	6794	6231	96	12459	123	17665	12176	26680	19961	68457	94243	337970	25319	118	0	0	0	0	0
LFQ	112	0	0	0	0	0	170	0	730	45	0	154	3	0	539	0	907	235	520	1986	1179	3398	2	445	2792	6981	6125	91	12836	118	17468	12431	26425	20453	68225	93649	336301	24976	111	0	0	0	0	0
LFQ	113	0	0	0	0	0	198	0	705	38	0	145	1	0	579	1	896	200	537	2074	1223	3333	2	447	2876	7021	6348	59	12905	114	18115	12744	26478	20232	68541	93970	332518	24623	108	0	0	0	0	0
LFQ	114	0	0	0	0	0	228	0	793	44	0	166	0	1	599	0	951	242	617	2140	1298	3516	0	485	2896	7136	6583	79	13252	110	18430	12761	27164	20697	68814	94235	327032	24232	83	0	0	0	0	0
LFQ	115	0	0	0	0	0	232	0	741	41	0	188	3	0	573	1	980	242	572	2161	1306	3670	0	520	2888	7256	6772	60	13239	108	18355	12996	27376	21129	68787	94710	323124	24087	57	0	0	0	0	0
LFQ	116	0	0	0	0	0	207	0	729	37	0	151	0	0	603	2	980	289	576	2182	1440	3645	1	514	2951	7368	6842	63	13611	121	18944	13277	27833	21068	68851	95121	318740	23564	44	0	0	0	0	0
LFQ	117	0	0	0	0	0	225	0	883	37	0	181	1	0	623	0	966	261	628	2328	1359	3747	1	520	3102	7514	6945	82	14061	99	19407	13267	28113	21278	69329	95465	313589	22969	46	0	0	0	0	0
LFQ	118	0	0	0	0	0	234	0	801	38	0	198	0	0	633	1	1001	287	636	2205	1468	3761	0	538	3146	7699	7002	64	13965	100	19349	13318	28508	21735	68969	95560	310385	22730	28	0	0	0	0	0
LFQ	119	0	0	0	0	0	229	0	923	46	0	177	0	0	658	0	1022	253	661	2360	1430	3751	1	541	3100	7949	7215	68	14222	93	19453	13515	28624	21758	68878	95910	306187	22335	30	0	0	0	0	0
LFQ	120	0	0	0	0	0	226	0	874	37	0	219	0	0	680	0	1082	262	697	2486	1520	3922	1	528	3250	7812	7285	58	14162	91	20043	13581	28714	22124	68966	95953	301573	22152	24	0	0	0	0	0
LFQ	121	0	0	0	0	0	237	0	943	51	0	193	3	0	667	0	983	307	654	2537	1542	3885	0	549	3309	7961	7336	61	14438	104	20082	13938	29210	22332	68384	96263	297526	21817	15	0	0	0	0	0
LFQ	122	0	0	0	0	0	216	0	823	49	0	210	3	0	705	0	1009	316	654	2470	1510	3862	0	532	3334	7960	7522	60	14484	100	20544	14101	29191	22386	68217	97363	293276	21492	12	0	0	0	0	0
LFQ	123	0	0	0	0	0	224	0	842	44	0	200	1	0	716	0	1037	311	675	2650	1518	3942	0	517	3272	8235	7707	61	14870	107	20317	14041	29575	22812	68670	97008	289169	20894	12	0	0	0	0	0
LFQ	124	0	0	0	0	0	259	0	964	48	0	209	0	0	672	0	1106	305	674	2779	1620	4107	0	580	3451	8182	7815	35	14887	111	20520	14217	29696	22901	68829	96806	285127	20454	3	0	0	0	0	0
LFQ	125	0	0	0	0	0	270	0	943	51	0	234	0	0	738	0	1082	332	659	2710	1645	4141	0	586	3486	8575	8012	47	15010	105	21019	14301	30123	22836	68436	97109	280575	20100	4	0	0	0	0	0
LFQ	126	0	0	0	0	0	286	0	993	55	0	217	0	0	737	0	1141	313	710	2782	1733	4325	1	652	3712	8426	8163	46	15397	104	21151	14314	30273	23151	68383	97666	275182	19878	8	0	0	0	0	0
LFQ	127	0	0	0	0	0	224	0	1025	44	0	195	1	0	731	0	1113	334	713	2756	1688	4238	0	619	3663	8774	8257	52	15702	91	21348	14372	30493	23347	68622	97198	271168	19704	1	0	0	0	0	0
LFQ	128	0	0	0	0	0	264	0	990	60	0	215	0	0	773	0	1181	341	725	2891	1714	4240	0	561	3685	8571	8507	42	15641	122	21678	14728	30670	23660	68058	97278	267203	19227	0	0	0	0	0	0
LFQ	129	0	0	0	0	0	263	0	1069	39	0	196	0	0	752	0	1133	350	763	2864	1750	4434	0	646	3687	8736	8715	41	15751	117	21848	14815	31097	23933	67609	97209	262552	18977	2	0	0	0	0	0
LFQ	130	0	0	0	0	0	282	0	1092	53	0	234	0	0	791	0	1169	341	774	2983	1803	4378	0	633	3698	8810	8705	37	16007	112	21953	14995	31170	23932	67755	97421	257964	18693	1	0	0	0	0	0
LFQ	131	0	0	0	0	0	276	0	1092	48	0	255	0	0	782	0	1173	360	732	3118	1773	4567	0	652	3765	8935	9238	48	16017	98	22311	14834	31389	23978	67025	97075	254153	18145	0	0	0	0	0	0
LFQ	132	0	0	0	0	0	261	0	1122	59	0	246	1	0	777	0	1216	339	763	2983	1854	4504	0	645	3783	9014	9067	31	16269	102	22834	15029	31378	24257	66888	96961	249627	17794	1	0	0	0	0	0
LFQ	133	0	0	0	0	0	218	0	1042	57	0	264	0	0	811	0	1183	394	831	3130	1894	4410	0	638	3921	9176	9153	42	16182	99	22595	15500	31842	24438	66463	97430	244840	17265	0	0	0	0	0	0
LFQ	134	0	0	0	0	0	261	0	1097	68	0	230	0	0	816	0	1200	404	863	3155	1925	4345	0	641	3996	9120	9257	40	16429	131	22734	15201	31998	24717	66672	97465	240177	16825	1	0	0	0	0	0
LFQ	135	0	0	0	0	0	301	0	1172	53	0	237	0	0	787	0	1242	401	788	3239	1878	4710	0	637	4070	9332	9374	31	16480	119	22911	15606	32120	24583	66100	97083	235612	16634	0	0	0	0	0	0
LFQ	136	0	0	0	0	0	266	0	1154	44	0	239	1	0	832	0	1267	412	785	3335	1915	4566	0	633	4060	9412	9570	30	16581	111	23211	15478	32361	24753	65372	96829	231635	16267	0	0	0	0	0	0
LFQ	137	0	0	0	0	0	267	0	1173	57	0	242	0	0	883	0	1255	393	851	3239	1885	4627	1	642	4064	9403	9607	31	16483	118	23049	15398	32075	24858	65185	96803	228051	16068	0	0	0	0	0	0
LFQ	138	0	0	0	0	0	260	0	1105	46	0	247	1	0	823	0	1204	386	812	3277	1961	4692	1	706	3944	9327	9631	18	16760	101	23048	15677	32323	24868	64830	96585	224084	15497	0	0	0	0	0	0
LFQ	139	0	0	0	0	0	245	0	1143	53	0	269	1	0	863	0	1247	386	791	3352	1959	4554	0	674	4078	9320	9716	35	16664	101	23526	15662	32381	25131	64443	96534	219125	15279	0	0	0	0	0	0
LFQ	140	0	0	0	0	0	271	0	1161	51	0	251	0	0	804	0	1226	413	854	3369	2007	4551	0	737	4144	9386	9969	36	16689	105	23061	15728	32672	25190	63540	95600	215912	14966	0	0	0	0	0	0
LFQ	141	0	0	0	0	0	237	0	1159	57	0	254	0	0	835	0	1172	415	773	3259	1973	4575	0	713	4141	9452	9896	36	16867	110	23397	15771	32628	25043	63638	95334	211301	14840	0	0	0	0	0	0
LFQ	142	0	0	0	0	0	247	0	1212	78	0	253	0	0	804	0	1250	390	842	3522	1998	4700	0	698	4176	9381	9792	30	16578	87	23487	15843	32506	25480	62465	95223	207001	14474	0	0	0	0	0	0
LFQ	143	0	0	0	0	0	257	0	1105	64	0	244	0	0	838	0	1194	422	836	3368	2116	4593	0	730	4123	9363	10171	35	16697	108	23825	15959	32651	24996	62326	94409	202641	14070	0	0	0	0	0	0
LFQ	144	0	0	0	0	0	237	0	1077	46	0	235	0	0	831	0	1222	417	875	3344	1976	4545	1	717	4099	9314	9899	26	16663	112	23696	15990	32782	25256	61452	93787	199252	13709	0	0	0	0	0	0
LFQ	145	0	0	0	0	0	249	0	1089	49	0	231	0	0	760	0	1223	425	819	3471	2006	4534	0	694	4099	9238	9939	29	16865	93	23412	15977	32631	25316	61073	93631	194488	13366	0	0	0	0	0	0
LFQ	146	0	0	0	0	0	191	0	998	38	0	200	0	0	675	0	1147	399	816	3446	1985	4367	0	707	4072	9040	10113	35	16708	115	23855	16263	32529	25450	60813	93044	189568	13253	0	0	0	0	0	0
LFQ	147	0	0	0	0	0	178	0	829	34	0	191	0	0	574	0	1245	415	810	3621	2088	4333	0	673	4169	8886	10147	27	16789	95	23578	15955	32573	25499	59851	92917	185269	12974	0	0	0	0	0	0
LFQ	148	0	0	0	0	0	78	0	426	13	0	126	0	0	338	0	1249	426	836	3576	2005	4329	0	669	4137	8909	10035	33	16638	93	23703	15639	32843	25478	59133	92946	181734	12585	0	0	0	0	0	0
LFQ	149	0	0	0	0	0	0	0	2	0	0	2	0	0	44	0	1215	433	757	3215	1803	4358	0	705	4016	9270	10265	22	16749	108	23961	16065	32714	25584	58336	92164	177620	12266	0	0	0	0	0	0
LFQ	150	0	0	0	0	0	0	0	0	0	0	0	0	0	0	0	0	0	0	0	0	4623	0	752	4253	9648	10719	23	16994	77	24060	15999	32624	25512	57903	91292	173489	11855	0	0	0	0	0	0
# GC Content of first fragments. Use `grep ^GCF | cut -f 2-` to extract this part.
GCF	3.52	0
GCF	8.29	1
GCF	12.31	0
GCF	15.58	1
GCF	16.33	3
GCF	16.83	5
GCF	17.34	4
GCF	17.84	10
GCF	18.34	12
GCF	18.84	9
GCF	19.35	18
GCF	19.85	27
GCF	20.35	30
GCF	20.85	44
GCF	21.36	55
GCF	21.86	81
GCF	22.36	85
GCF	22.86	131
GCF	23.37	161
GCF	23.87	216
GCF	24.37	221
GCF	24.87	298
GCF	25.38	384
GCF	25.88	464
GCF	26.38	461
GCF	26.88	565
GCF	27.39	741
GCF	27.89	1033
GCF	28.39	1068
GCF	28.89	1208
GCF	29.40	1399
GCF	29.90	1629
GCF	30.40	1636
GCF	30.90	1910
GCF	31.41	2330
GCF	31.91	2538
GCF	32.41	2588
GCF	32.91	2626
GCF	33.42	3009
GCF	33.92	3270
GCF	34.42	3605
GCF	34.92	3644
GCF	35.43	3855
GCF	35.93	4180
GCF	36.43	4534
GCF	36.93	4635
GCF	37.44	4894
GCF	37.94	5471
GCF	38.44	6225
GCF	38.94	6386
GCF	39.45	7120
GCF	39.95	7733
GCF	40.45	8546
GCF	40.95	8640
GCF	41.46	9547
GCF	41.96	10817
GCF	42.46	11613
GCF	42.96	11784
GCF	43.47	13068
GCF	43.97	14721
GCF	44.47	16136
GCF	44.97	16456
GCF	45.48	18528
GCF	45.98	20995
GCF	46.48	22752
GCF	46.98	23104
GCF	47.49	25733
GCF	47.99	28314
GCF	48.49	31896
GCF	48.99	32373
GCF	49.50	35269
GCF	50.00	38450
GCF	50.50	40709
GCF	51.01	41285
GCF	51.51	43781
GCF	52.01	45219
GCF	52.51	46052
GCF	53.02	46286
GCF	53.52	45728
GCF	54.02	45082
GCF	54.52	42968
GCF	55.03	42713
GCF	55.53	40490
GCF	56.03	37228
GCF	56.53	33696
GCF	57.04	33286
GCF	57.54	29482
GCF	58.04	25745
GCF	58.54	22595
GCF	59.05	22173
GCF	59.55	18504
GCF	60.05	15693
GCF	60.55	13178
GCF	61.06	12682
GCF	61.56	10457
GCF	62.06	8645
GCF	62.56	6923
GCF	63.07	6504
GCF	63.57	5404
GCF	64.07	4544
GCF	64.57	3794
GCF	65.08	3512
GCF	65.58	3060
GCF	66.08	2617
GCF	66.58	2186
GCF	67.09	1982
GCF	67.59	1745
GCF	68.09	1474
GCF	68.59	1319
GCF	69.10	1135
GCF	69.60	1095
GCF	70.10	984
GCF	70.60	864
GCF	71.11	790
GCF	71.61	679
GCF	72.11	600
GCF	72.61	541
GCF	73.12	473
GCF	73.62	426
GCF	74.12	370
GCF	74.62	352
GCF	75.13	286
GCF	75.63	250
GCF	76.13	222
GCF	76.63	190
GCF	77.14	155
GCF	77.64	131
GCF	78.14	115
GCF	78.64	94
GCF	79.15	89
GCF	79.65	82
GCF	80.15	70
GCF	80.65	63
GCF	81.16	57
GCF	81.66	48
GCF	82.16	44
GCF	82.66	33
GCF	83.17	31
GCF	83.67	30
GCF	84.17	20
GCF	84.67	14
GCF	85.18	11
GCF	85.68	9
GCF	86.18	10
GCF	86.68	8
GCF	87.44	6
GCF	88.19	5
GCF	90.20	2
GCF	92.21	1
# GC Content of last fragments. Use `grep ^GCL | cut -f 2-` to extract this part.
GCL	3.77	0
GCL	8.54	2
GCL	10.30	3
GCL	11.56	2
GCL	12.56	1
GCL	13.82	4
GCL	14.82	7
GCL	15.33	10
GCL	15.83	16
GCL	16.33	22
GCL	17.09	26
GCL	17.84	33
GCL	18.34	39
GCL	18.84	43
GCL	19.35	64
GCL	19.85	74
GCL	20.35	77
GCL	20.85	84
GCL	21.36	108
GCL	21.86	159
GCL	22.36	190
GCL	22.86	234
GCL	23.37	283
GCL	23.87	314
GCL	24.37	344
GCL	24.87	449
GCL	25.38	505
GCL	25.88	608
GCL	26.38	644
GCL	26.88	844
GCL	27.39	1055
GCL	27.89	1322
GCL	28.39	1401
GCL	28.89	1556
GCL	29.40	1892
GCL	29.90	2082
GCL	30.40	2156
GCL	30.90	2349
GCL	31.41	2711
GCL	31.91	3042
GCL	32.41	3138
GCL	32.91	3299
GCL	33.42	3796
GCL	33.92	3938
GCL	34.42	4247
GCL	34.92	4342
GCL	35.43	4608
GCL	35.93	5096
GCL	36.43	5606
GCL	36.93	5863
GCL	37.44	6274
GCL	37.94	6748
GCL	38.44	7529
GCL	38.94	7834
GCL	39.45	8598
GCL	39.95	9637
GCL	40.45	10453
GCL	40.95	10931
GCL	41.46	11815
GCL	41.96	13083
GCL	42.46	14105
GCL	42.96	14687
GCL	43.47	15882
GCL	43.97	17699
GCL	44.47	19608
GCL	44.97	20547
GCL	45.48	22578
GCL	45.98	24607
GCL	46.48	26897
GCL	46.98	28023
GCL	47.49	30579
GCL	47.99	33572
GCL	48.49	36475
GCL	48.99	37614
GCL	49.50	40041
GCL	50.00	42994
GCL	50.50	45228
GCL	51.01	46553
GCL	51.51	49472
GCL	52.01	50396
GCL	52.51	51697
GCL	53.02	52429
GCL	53.52	52278
GCL	54.02	51566
GCL	54.52	49552
GCL	55.03	49126
GCL	55.53	47308
GCL	56.03	44099
GCL	56.53	41277
GCL	57.04	40157
GCL	57.54	36834
GCL	58.04	33502
GCL	58.54	30826
GCL	59.05	29545
GCL	59.55	26382
GCL	60.05	23689
GCL	60.55	21134
GCL	61.06	19745
GCL	61.56	17598
GCL	62.06	15451
GCL	62.56	13634
GCL	63.07	12623
GCL	63.57	11232
GCL	64.07	9824
GCL	64.57	8890
GCL	65.08	8065
GCL	65.58	7168
GCL	66.08	6538
GCL	66.58	5698
GCL	67.09	5246
GCL	67.59	4678
GCL	68.09	4173
GCL	68.59	3761
GCL	69.10	3290
GCL	69.60	3001
GCL	70.10	2762
GCL	70.60	2426
GCL	71.11	2196
GCL	71.61	1941
GCL	72.11	1660
GCL	72.61	1490
GCL	73.12	1268
GCL	73.62	1158
GCL	74.12	985
GCL	74.62	961
GCL	75.13	854
GCL	75.63	728
GCL	76.13	624
GCL	76.63	523
GCL	77.14	454
GCL	77.64	388
GCL	78.14	336
GCL	78.64	273
GCL	79.15	259
GCL	79.65	245
GCL	80.15	216
GCL	80.65	147
GCL	81.16	138
GCL	81.66	113
GCL	82.16	105
GCL	82.66	89
GCL	83.17	79
GCL	83.67	74
GCL	84.17	49
GCL	84.67	36
GCL	85.18	27
GCL	85.68	20
GCL	86.18	18
GCL	86.68	17
GCL	87.19	19
GCL	87.69	17
GCL	88.19	12
GCL	88.69	8
GCL	89.20	7
GCL	89.70	5
GCL	90.20	3
GCL	90.70	4
GCL	91.71	3
GCL	92.71	2
GCL	93.72	3
GCL	94.72	2
GCL	95.48	3
GCL	96.23	0
GCL	96.73	1
GCL	97.24	0
GCL	97.74	1
GCL	98.24	2
GCL	98.74	1
GCL	99.50	2
# ACGT content per cycle. Use `grep ^GCC | cut -f 2-` to extract this part. The columns are: cycle; A,C,G,T base counts as a percentage of all A/C/G/T bases [%]; and N and O counts as a percentage of all A/C/G/T bases [%]
GCC	1	15.93	34.00	34.04	16.03	0.00	0.00
GCC	2	28.01	22.10	21.95	27.94	0.00	0.00
GCC	3	27.24	22.79	22.77	27.20	0.00	0.00
GCC	4	27.45	22.58	22.62	27.36	0.00	0.00
GCC	5	34.26	15.94	15.78	34.02	0.00	0.00
GCC	6	27.44	22.68	22.63	27.26	0.00	0.00
GCC	7	26.42	23.62	23.61	26.35	0.00	0.00
GCC	8	26.80	23.31	23.18	26.71	0.00	0.00
GCC	9	18.68	31.28	31.29	18.74	0.00	0.00
GCC	10	26.84	23.36	23.20	26.60	0.00	0.00
GCC	11	21.87	28.18	28.11	21.85	0.00	0.00
GCC	12	25.16	24.88	24.94	25.02	0.00	0.00
GCC	13	22.08	27.86	27.96	22.10	0.00	0.00
GCC	14	21.43	28.64	28.49	21.43	0.00	0.00
GCC	15	23.35	26.69	26.63	23.33	0.00	0.00
GCC	16	24.50	25.57	25.58	24.36	0.00	0.00
GCC	17	25.49	24.58	24.46	25.46	0.00	0.00
GCC	18	25.84	24.23	24.23	25.70	0.00	0.00
GCC	19	25.39	24.65	24.60	25.36	0.00	0.00
GCC	20	25.02	25.12	24.94	24.93	0.00	0.00
GCC	21	24.92	25.13	25.12	24.83	0.00	0.00
GCC	22	24.56	25.49	25.39	24.56	0.00	0.00
GCC	23	24.47	25.59	25.49	24.45	0.00	0.00
GCC	24	24.69	25.42	25.28	24.62	0.00	0.00
GCC	25	24.55	25.48	25.44	24.53	0.00	0.00
GCC	26	24.47	25.56	25.33	24.63	0.00	0.00
GCC	27	24.80	25.27	25.17	24.76	0.00	0.00
GCC	28	24.59	25.42	25.45	24.54	0.00	0.00
GCC	29	24.70	25.45	25.30	24.55	0.00	0.00
GCC	30	24.79	25.25	25.16	24.80	0.00	0.00
GCC	31	24.62	25.41	25.42	24.55	0.00	0.00
GCC	32	24.48	25.50	25.50	24.53	0.00	0.00
GCC	33	24.67	25.42	25.34	24.57	0.00	0.00
GCC	34	24.47	25.58	25.47	24.48	0.00	0.00
GCC	35	24.51	25.57	25.48	24.43	0.00	0.00
GCC	36	24.67	25.40	25.33	24.60	0.00	0.00
GCC	37	24.58	25.47	25.39	24.55	0.00	0.00
GCC	38	24.57	25.48	25.35	24.60	0.00	0.00
GCC	39	24.70	25.24	25.24	24.82	0.00	0.00
GCC	40	24.59	25.39	25.41	24.60	0.00	0.00
GCC	41	24.54	25.42	25.36	24.67	0.00	0.00
GCC	42	24.68	25.32	25.31	24.70	0.00	0.00
GCC	43	24.50	25.50	25.49	24.51	0.00	0.00
GCC	44	24.50	25.48	25.57	24.46	0.00	0.00
GCC	45	24.66	25.35	25.35	24.64	0.00	0.00
GCC	46	24.52	25.53	25.47	24.49	0.00	0.00
GCC	47	24.59	25.48	25.43	24.50	0.00	0.00
GCC	48	24.72	25.31	25.22	24.75	0.00	0.00
GCC	49	24.62	25.34	25.42	24.61	0.00	0.00
GCC	50	24.54	25.49	25.36	24.60	0.00	0.00
GCC	51	24.79	25.21	25.27	24.72	0.00	0.00
GCC	52	24.63	25.44	25.38	24.55	0.00	0.00
GCC	53	24.49	25.52	25.45	24.54	0.00	0.00
GCC	54	24.70	25.30	25.31	24.69	0.00	0.00
GCC	55	24.53	25.46	25.53	24.48	0.00	0.00
GCC	56	24.56	25.61	25.40	24.43	0.00	0.00
GCC	57	24.72	25.32	25.29	24.68	0.00	0.00
GCC	58	24.55	25.52	25.48	24.45	0.00	0.00
GCC	59	24.55	25.46	25.37	24.62	0.00	0.00
GCC	60	24.80	25.25	25.25	24.70	0.00	0.00
GCC	61	24.66	25.38	25.38	24.58	0.00	0.00
GCC	62	24.59	25.50	25.36	24.55	0.00	0.00
GCC	63	24.82	25.14	25.28	24.76	0.00	0.00
GCC	64	24.57	25.47	25.47	24.50	0.00	0.00
GCC	65	24.54	25.56	25.42	24.48	0.00	0.00
GCC	66	24.68	25.36	25.37	24.59	0.00	0.00
GCC	67	24.59	25.50	25.48	24.42	0.00	0.00
GCC	68	24.54	25.56	25.41	24.49	0.00	0.00
GCC	69	24.77	25.28	25.25	24.69	0.00	0.00
GCC	70	24.60	25.42	25.42	24.56	0.00	0.00
GCC	71	24.65	25.46	25.22	24.67	0.00	0.00
GCC	72	24.79	25.24	25.23	24.74	0.00	0.00
GCC	73	24.63	25.38	25.41	24.59	0.00	0.00
GCC	74	24.57	25.50	25.39	24.54	0.00	0.00
GCC	75	24.73	25.41	25.24	24.63	0.00	0.00
GCC	76	24.55	25.53	25.41	24.51	0.00	0.00
GCC	77	24.61	25.47	25.40	24.52	0.00	0.00
GCC	78	24.66	25.33	25.33	24.67	0.00	0.00
GCC	79	24.65	25.38	25.45	24.51	0.00	0.00
GCC	80	24.65	25.51	25.31	24.53	0.00	0.00
GCC	81	24.90	25.20	25.17	24.74	0.00	0.00
GCC	82	24.67	25.36	25.31	24.66	0.00	0.00
GCC	83	24.78	25.34	25.23	24.65	0.00	0.00
GCC	84	24.79	25.30	25.15	24.76	0.00	0.00
GCC	85	24.74	25.31	25.35	24.60	0.00	0.00
GCC	86	24.55	25.48	25.37	24.59	0.00	0.00
GCC	87	24.76	25.31	25.22	24.72	0.00	0.00
GCC	88	24.60	25.44	25.42	24.54	0.00	0.00
GCC	89	24.56	25.50	25.47	24.47	0.00	0.00
GCC	90	24.65	25.31	25.40	24.64	0.00	0.00
GCC	91	24.62	25.49	25.41	24.48	0.00	0.00
GCC	92	24.67	25.41	25.32	24.60	0.00	0.00
GCC	93	24.82	25.21	25.22	24.76	0.00	0.00
GCC	94	24.67	25.38	25.34	24.61	0.00	0.00
GCC	95	24.72	25.40	25.24	24.64	0.00	0.00
GCC	96	24.86	25.27	25.18	24.69	0.00	0.00
GCC	97	24.62	25.31	25.44	24.62	0.00	0.00
GCC	98	24.68	25.42	25.38	24.52	0.00	0.00
GCC	99	24.77	25.25	25.30	24.67	0.00	0.00
GCC	100	24.70	25.44	25.40	24.46	0.00	0.00
GCC	101	24.58	25.47	25.34	24.60	0.00	0.00
GCC	102	24.85	25.18	25.12	24.84	0.00	0.00
GCC	103	24.70	25.38	25.30	24.62	0.00	0.00
GCC	104	24.66	25.40	25.27	24.67	0.00	0.00
GCC	105	24.83	25.24	25.21	24.73	0.00	0.00
GCC	106	24.67	25.35	25.39	24.60	0.00	0.00
GCC	107	24.65	25.40	25.27	24.68	0.00	0.00
GCC	108	24.74	25.18	25.30	24.78	0.00	0.00
GCC	109	24.64	25.35	25.37	24.64	0.00	0.00
GCC	110	24.69	25.50	25.23	24.58	0.00	0.00
GCC	111	24.72	25.28	25.26	24.73	0.00	0.00
GCC	112	24.61	25.43	25.35	24.62	0.00	0.00
GCC	113	24.56	25.48	25.38	24.58	0.00	0.00
GCC	114	24.77	25.25	25.17	24.80	0.00	0.00
GCC	115	24.74	25.36	25.28	24.62	0.00	0.00
GCC	116	24.66	25.31	25.35	24.68	0.00	0.00
GCC	117	24.88	25.21	25.13	24.77	0.00	0.00
GCC	118	24.71	25.40	25.36	24.54	0.00	0.00
GCC	119	24.74	25.44	25.28	24.54	0.00	0.00
GCC	120	24.79	25.18	25.27	24.76	0.00	0.00
GCC	121	24.76	25.43	25.29	24.52	0.00	0.00
GCC	122	24.78	25.34	25.37	24.51	0.00	0.00
GCC	123	24.80	25.24	25.29	24.67	0.00	0.00
GCC	124	24.63	25.42	25.29	24.67	0.00	0.00
GCC	125	24.65	25.28	25.33	24.74	0.00	0.00
GCC	126	24.80	25.22	25.18	24.79	0.00	0.00
GCC	127	24.77	25.21	25.38	24.64	0.00	0.00
GCC	128	24.74	25.34	25.20	24.72	0.00	0.00
GCC	129	24.82	25.20	25.21	24.78	0.00	0.00
GCC	130	24.69	25.37	25.32	24.62	0.00	0.00
GCC	131	24.63	25.41	25.33	24.62	0.00	0.00
GCC	132	24.84	25.19	25.19	24.78	0.00	0.00
GCC	133	24.72	25.29	25.32	24.68	0.00	0.00
GCC	134	24.67	25.41	25.31	24.62	0.00	0.00
GCC	135	24.90	25.06	25.18	24.86	0.00	0.00
GCC	136	24.77	25.30	25.19	24.75	0.00	0.00
GCC	137	24.73	25.34	25.24	24.70	0.00	0.00
GCC	138	24.92	25.14	25.12	24.82	0.00	0.00
GCC	139	24.79	25.34	25.22	24.66	0.00	0.00
GCC	140	24.70	25.24	25.30	24.76	0.00	0.00
GCC	141	24.90	25.22	25.02	24.86	0.00	0.00
GCC	142	24.77	25.23	25.24	24.76	0.00	0.00
GCC	143	24.86	25.24	25.17	24.73	0.00	0.00
GCC	144	24.97	25.08	25.06	24.90	0.00	0.00
GCC	145	24.89	25.27	25.09	24.75	0.00	0.00
GCC	146	24.85	25.18	25.16	24.80	0.00	0.00
GCC	147	24.95	25.04	25.11	24.91	0.00	0.00
GCC	148	24.79	25.17	25.27	24.76	0.00	0.00
GCC	149	24.79	25.24	25.20	24.78	0.00	0.00
GCC	150	24.86	25.16	25.15	24.82	0.00	0.00
# ACGT content per cycle, read oriented. Use `grep ^GCT | cut -f 2-` to extract this part. The columns are: cycle; A,C,G,T base counts as a percentage of all A/C/G/T bases [%]
GCT	1	19.72	24.09	43.95	12.24
GCT	2	19.13	26.37	17.68	36.81
GCT	3	24.89	24.43	21.14	29.55
GCT	4	17.72	30.68	14.51	37.09
GCT	5	33.38	16.69	15.03	34.90
GCT	6	35.42	15.53	29.78	19.28
GCT	7	29.48	22.38	24.85	23.29
GCT	8	33.27	21.68	24.81	20.24
GCT	9	16.49	38.70	23.87	20.94
GCT	10	24.09	28.05	18.51	29.35
GCT	11	21.69	19.31	36.98	22.02
GCT	12	22.56	26.52	23.30	27.62
GCT	13	19.49	25.80	30.03	24.68
GCT	14	18.94	33.49	23.64	23.93
GCT	15	25.66	26.15	27.16	21.02
GCT	16	25.73	24.83	26.31	23.13
GCT	17	25.60	24.90	24.15	25.35
GCT	18	26.19	23.99	24.47	25.35
GCT	19	25.75	24.37	24.88	25.00
GCT	20	25.17	25.04	25.02	24.77
GCT	21	24.72	25.15	25.11	25.02
GCT	22	24.29	25.50	25.38	24.83
GCT	23	24.40	25.59	25.49	24.52
GCT	24	24.71	25.31	25.38	24.60
GCT	25	24.33	25.42	25.51	24.74
GCT	26	24.47	25.53	25.36	24.64
GCT	27	24.89	25.13	25.31	24.67
GCT	28	24.46	25.41	25.46	24.67
GCT	29	24.65	25.42	25.33	24.59
GCT	30	24.96	25.06	25.35	24.63
GCT	31	24.44	25.54	25.29	24.73
GCT	32	24.61	25.51	25.49	24.39
GCT	33	24.71	25.37	25.39	24.53
GCT	34	24.36	25.55	25.50	24.59
GCT	35	24.51	25.48	25.58	24.44
GCT	36	24.66	25.22	25.51	24.61
GCT	37	24.38	25.40	25.46	24.76
GCT	38	24.66	25.38	25.45	24.51
GCT	39	24.91	25.21	25.28	24.60
GCT	40	24.58	25.45	25.36	24.61
GCT	41	24.62	25.53	25.25	24.60
GCT	42	24.83	25.22	25.40	24.55
GCT	43	24.43	25.52	25.47	24.59
GCT	44	24.47	25.63	25.42	24.48
GCT	45	24.71	25.27	25.43	24.58
GCT	46	24.38	25.58	25.42	24.62
GCT	47	24.52	25.54	25.37	24.58
GCT	48	24.83	25.20	25.33	24.64
GCT	49	24.51	25.42	25.35	24.73
GCT	50	24.60	25.41	25.44	24.55
GCT	51	24.81	25.24	25.25	24.70
GCT	52	24.46	25.47	25.35	24.72
GCT	53	24.46	25.54	25.42	24.58
GCT	54	24.75	25.32	25.30	24.64
GCT	55	24.41	25.51	25.48	24.60
GCT	56	24.61	25.50	25.51	24.37
GCT	57	24.76	25.28	25.33	24.63
GCT	58	24.40	25.56	25.44	24.60
GCT	59	24.65	25.48	25.35	24.53
GCT	60	24.83	25.25	25.25	24.67
GCT	61	24.51	25.35	25.41	24.73
GCT	62	24.59	25.48	25.38	24.55
GCT	63	24.92	25.16	25.25	24.66
GCT	64	24.49	25.52	25.41	24.58
GCT	65	24.53	25.56	25.42	24.49
GCT	66	24.68	25.33	25.40	24.59
GCT	67	24.49	25.50	25.48	24.53
GCT	68	24.61	25.57	25.40	24.43
GCT	69	24.79	25.24	25.30	24.68
GCT	70	24.51	25.46	25.39	24.65
GCT	71	24.68	25.41	25.28	24.64
GCT	72	24.89	25.23	25.25	24.63
GCT	73	24.47	25.51	25.27	24.75
GCT	74	24.52	25.50	25.39	24.59
GCT	75	24.73	25.31	25.33	24.63
GCT	76	24.48	25.52	25.42	24.58
GCT	77	24.65	25.47	25.41	24.47
GCT	78	24.82	25.32	25.35	24.51
GCT	79	24.51	25.51	25.32	24.66
GCT	80	24.64	25.54	25.28	24.54
GCT	81	24.91	25.16	25.20	24.72
GCT	82	24.64	25.31	25.36	24.69
GCT	83	24.77	25.38	25.19	24.66
GCT	84	24.88	25.27	25.18	24.67
GCT	85	24.62	25.36	25.29	24.72
GCT	86	24.60	25.54	25.31	24.54
GCT	87	24.91	25.29	25.23	24.56
GCT	88	24.56	25.53	25.33	24.58
GCT	89	24.60	25.63	25.34	24.43
GCT	90	24.79	25.33	25.38	24.50
GCT	91	24.46	25.49	25.41	24.64
GCT	92	24.70	25.49	25.23	24.58
GCT	93	24.87	25.23	25.20	24.71
GCT	94	24.58	25.42	25.30	24.70
GCT	95	24.67	25.44	25.20	24.68
GCT	96	24.83	25.28	25.16	24.72
GCT	97	24.52	25.47	25.28	24.73
GCT	98	24.69	25.45	25.35	24.51
GCT	99	24.88	25.30	25.26	24.56
GCT	100	24.54	25.52	25.32	24.62
GCT	101	24.68	25.49	25.33	24.50
GCT	102	24.95	25.17	25.13	24.75
GCT	103	24.56	25.55	25.14	24.76
GCT	104	24.72	25.43	25.24	24.61
GCT	105	24.89	25.17	25.28	24.66
GCT	106	24.63	25.40	25.33	24.64
GCT	107	24.69	25.42	25.26	24.63
GCT	108	24.91	25.17	25.32	24.61
GCT	109	24.55	25.52	25.19	24.74
GCT	110	24.71	25.46	25.27	24.57
GCT	111	24.92	25.24	25.30	24.54
GCT	112	24.55	25.42	25.36	24.67
GCT	113	24.70	25.55	25.31	24.44
GCT	114	24.92	25.28	25.15	24.65
GCT	115	24.63	25.38	25.26	24.73
GCT	116	24.77	25.39	25.27	24.57
GCT	117	24.99	25.22	25.12	24.67
GCT	118	24.56	25.48	25.27	24.69
GCT	119	24.73	25.56	25.16	24.55
GCT	120	24.86	25.28	25.17	24.69
GCT	121	24.47	25.44	25.28	24.81
GCT	122	24.68	25.52	25.19	24.61
GCT	123	24.84	25.25	25.28	24.64
GCT	124	24.65	25.50	25.20	24.65
GCT	125	24.77	25.43	25.18	24.62
GCT	126	24.85	25.22	25.18	24.75
GCT	127	24.60	25.42	25.17	24.81
GCT	128	24.74	25.37	25.16	24.72
GCT	129	24.84	25.27	25.13	24.76
GCT	130	24.57	25.48	25.21	24.74
GCT	131	24.65	25.54	25.20	24.61
GCT	132	24.94	25.21	25.17	24.69
GCT	133	24.61	25.37	25.23	24.79
GCT	134	24.71	25.58	25.14	24.58
GCT	135	25.01	25.15	25.09	24.75
GCT	136	24.63	25.38	25.11	24.88
GCT	137	24.74	25.44	25.13	24.69
GCT	138	24.95	25.20	25.06	24.80
GCT	139	24.58	25.37	25.18	24.87
GCT	140	24.73	25.42	25.12	24.73
GCT	141	24.97	25.26	24.98	24.78
GCT	142	24.69	25.34	25.13	24.84
GCT	143	24.92	25.40	25.01	24.68
GCT	144	25.06	25.21	24.93	24.80
GCT	145	24.64	25.49	24.87	25.00
GCT	146	24.80	25.40	24.95	24.86
GCT	147	24.79	25.22	24.92	25.07
GCT	148	24.56	25.51	24.93	24.99
GCT	149	24.51	25.59	24.85	25.06
GCT	150	24.58	25.65	24.66	25.10
# ACGT content per cycle for first fragments. Use `grep ^FBC | cut -f 2-` to extract this part. The columns are: cycle; A,C,G,T base counts as a percentage of all A/C/G/T bases [%]; and N and O counts as a percentage of all A/C/G/T bases [%]
FBC	1	16.32	33.62	33.70	16.36	0.00	0.00
FBC	2	28.15	22.00	21.84	28.01	0.00	0.00
FBC	3	27.27	22.71	22.70	27.32	0.00	0.00
FBC	4	27.46	22.61	22.59	27.34	0.00	0.00
FBC	5	34.34	15.92	15.74	34.00	0.00	0.00
FBC	6	27.38	22.77	22.63	27.22	0.01	0.00
FBC	7	26.40	23.58	23.60	26.42	0.00	0.00
FBC	8	26.80	23.29	23.19	26.72	0.00	0.00
FBC	9	18.62	31.40	31.30	18.68	0.00	0.00
FBC	10	26.91	23.36	23.12	26.61	0.00	0.00
FBC	11	21.79	28.21	28.18	21.82	0.00	0.00
FBC	12	25.20	24.91	24.93	24.95	0.00	0.00
FBC	13	22.11	27.87	27.94	22.08	0.00	0.00
FBC	14	21.38	28.70	28.49	21.43	0.00	0.00
FBC	15	23.29	26.71	26.68	23.32	0.00	0.00
FBC	16	24.53	25.54	25.62	24.31	0.00	0.00
FBC	17	25.45	24.58	24.50	25.47	0.00	0.00
FBC	18	25.81	24.24	24.21	25.74	0.00	0.00
FBC	19	25.44	24.63	24.55	25.38	0.00	0.00
FBC	20	25.06	25.12	24.91	24.91	0.00	0.00
FBC	21	24.94	25.17	25.13	24.76	0.00	0.00
FBC	22	24.55	25.53	25.33	24.59	0.00	0.00
FBC	23	24.45	25.60	25.51	24.44	0.00	0.00
FBC	24	24.66	25.45	25.25	24.64	0.00	0.00
FBC	25	24.54	25.43	25.47	24.56	0.00	0.00
FBC	26	24.45	25.59	25.29	24.67	0.00	0.00
FBC	27	24.81	25.27	25.14	24.78	0.00	0.00
FBC	28	24.65	25.37	25.40	24.58	0.00	0.00
FBC	29	24.79	25.46	25.22	24.53	0.00	0.00
FBC	30	24.80	25.22	25.17	24.81	0.00	0.00
FBC	31	24.63	25.39	25.41	24.56	0.00	0.00
FBC	32	24.47	25.50	25.48	24.54	0.00	0.00
FBC	33	24.66	25.43	25.31	24.59	0.00	0.00
FBC	34	24.47	25.54	25.47	24.52	0.00	0.00
FBC	35	24.52	25.55	25.48	24.44	0.00	0.00
FBC	36	24.68	25.42	25.31	24.59	0.00	0.00
FBC	37	24.62	25.46	25.38	24.54	0.00	0.00
FBC	38	24.58	25.51	25.33	24.58	0.00	0.00
FBC	39	24.67	25.28	25.23	24.83	0.00	0.00
FBC	40	24.63	25.42	25.37	24.59	0.00	0.00
FBC	41	24.56	25.42	25.31	24.71	0.00	0.00
FBC	42	24.63	25.34	25.30	24.73	0.00	0.00
FBC	43	24.48	25.49	25.49	24.53	0.00	0.00
FBC	44	24.48	25.46	25.56	24.51	0.00	0.00
FBC	45	24.61	25.34	25.42	24.63	0.00	0.00
FBC	46	24.54	25.52	25.45	24.49	0.00	0.00
FBC	47	24.56	25.50	25.46	24.49	0.00	0.00
FBC	48	24.70	25.32	25.24	24.73	0.00	0.00
FBC	49	24.65	25.33	25.41	24.62	0.00	0.00
FBC	50	24.59	25.42	25.34	24.65	0.00	0.00
FBC	51	24.79	25.16	25.32	24.73	0.00	0.00
FBC	52	24.61	25.37	25.42	24.61	0.00	0.00
FBC	53	24.52	25.51	25.43	24.54	0.00	0.00
FBC	54	24.66	25.33	25.31	24.70	0.00	0.00
FBC	55	24.50	25.38	25.58	24.53	0.00	0.00
FBC	56	24.47	25.64	25.46	24.43	0.00	0.00
FBC	57	24.66	25.32	25.29	24.73	0.00	0.00
FBC	58	24.57	25.47	25.49	24.47	0.00	0.00
FBC	59	24.56	25.41	25.37	24.66	0.00	0.00
FBC	60	24.75	25.28	25.30	24.67	0.00	0.00
FBC	61	24.62	25.39	25.35	24.63	0.00	0.00
FBC	62	24.55	25.52	25.39	24.55	0.00	0.00
FBC	63	24.90	25.17	25.25	24.69	0.00	0.00
FBC	64	24.51	25.54	25.49	24.45	0.00	0.00
FBC	65	24.52	25.66	25.42	24.40	0.00	0.00
FBC	66	24.65	25.39	25.45	24.52	0.00	0.00
FBC	67	24.61	25.55	25.48	24.36	0.00	0.00
FBC	68	24.57	25.58	25.44	24.41	0.00	0.00
FBC	69	24.72	25.30	25.27	24.71	0.00	0.00
FBC	70	24.55	25.46	25.43	24.56	0.00	0.00
FBC	71	24.62	25.49	25.27	24.62	0.00	0.00
FBC	72	24.77	25.28	25.28	24.66	0.00	0.00
FBC	73	24.61	25.40	25.43	24.57	0.00	0.00
FBC	74	24.58	25.50	25.40	24.52	0.00	0.00
FBC	75	24.67	25.47	25.25	24.62	0.00	0.00
FBC	76	24.54	25.61	25.37	24.48	0.00	0.00
FBC	77	24.53	25.52	25.48	24.47	0.00	0.00
FBC	78	24.60	25.37	25.38	24.64	0.00	0.00
FBC	79	24.65	25.43	25.48	24.44	0.00	0.00
FBC	80	24.61	25.52	25.37	24.49	0.00	0.00
FBC	81	24.86	25.25	25.19	24.71	0.00	0.00
FBC	82	24.60	25.40	25.37	24.63	0.00	0.00
FBC	83	24.74	25.34	25.26	24.66	0.00	0.00
FBC	84	24.69	25.36	25.17	24.78	0.00	0.00
FBC	85	24.72	25.33	25.41	24.53	0.00	0.00
FBC	86	24.45	25.62	25.38	24.54	0.00	0.00
FBC	87	24.70	25.40	25.24	24.66	0.00	0.00
FBC	88	24.58	25.53	25.46	24.43	0.00	0.00
FBC	89	24.51	25.53	25.46	24.51	0.00	0.00
FBC	90	24.59	25.34	25.43	24.63	0.00	0.00
FBC	91	24.59	25.57	25.41	24.43	0.00	0.00
FBC	92	24.65	25.49	25.34	24.52	0.00	0.00
FBC	93	24.76	25.26	25.33	24.65	0.00	0.00
FBC	94	24.66	25.43	25.39	24.52	0.00	0.00
FBC	95	24.72	25.41	25.33	24.55	0.00	0.00
FBC	96	24.82	25.33	25.23	24.62	0.00	0.00
FBC	97	24.57	25.34	25.52	24.57	0.00	0.00
FBC	98	24.64	25.46	25.49	24.41	0.00	0.00
FBC	99	24.76	25.34	25.35	24.55	0.00	0.00
FBC	100	24.68	25.48	25.44	24.40	0.00	0.00
FBC	101	24.55	25.49	25.41	24.55	0.00	0.00
FBC	102	24.80	25.29	25.22	24.69	0.00	0.00
FBC	103	24.65	25.44	25.35	24.57	0.00	0.00
FBC	104	24.61	25.44	25.35	24.60	0.00	0.00
FBC	105	24.74	25.32	25.28	24.66	0.00	0.00
FBC	106	24.59	25.39	25.44	24.57	0.00	0.00
FBC	107	24.55	25.46	25.41	24.58	0.00	0.00
FBC	108	24.67	25.26	25.36	24.70	0.00	0.00
FBC	109	24.59	25.41	25.38	24.61	0.00	0.00
FBC	110	24.59	25.56	25.32	24.52	0.00	0.00
FBC	111	24.62	25.33	25.35	24.71	0.00	0.00
FBC	112	24.56	25.53	25.36	24.56	0.00	0.00
FBC	113	24.51	25.54	25.46	24.49	0.00	0.00
FBC	114	24.67	25.28	25.25	24.79	0.00	0.00
FBC	115	24.66	25.37	25.38	24.59	0.00	0.00
FBC	116	24.60	25.34	25.41	24.66	0.00	0.00
FBC	117	24.77	25.30	25.22	24.70	0.00	0.00
FBC	118	24.69	25.40	25.41	24.50	0.00	0.00
FBC	119	24.66	25.54	25.35	24.44	0.00	0.00
FBC	120	24.66	25.28	25.36	24.71	0.00	0.00
FBC	121	24.69	25.47	25.38	24.46	0.00	0.00
FBC	122	24.72	25.46	25.43	24.39	0.00	0.00
FBC	123	24.71	25.28	25.41	24.60	0.00	0.00
FBC	124	24.55	25.48	25.34	24.62	0.00	0.00
FBC	125	24.60	25.39	25.38	24.63	0.00	0.00
FBC	126	24.73	25.27	25.27	24.73	0.00	0.00
FBC	127	24.70	25.32	25.41	24.57	0.00	0.00
FBC	128	24.66	25.39	25.27	24.68	0.00	0.00
FBC	129	24.74	25.36	25.29	24.60	0.00	0.00
FBC	130	24.58	25.48	25.43	24.52	0.00	0.00
FBC	131	24.53	25.48	25.43	24.56	0.00	0.00
FBC	132	24.72	25.25	25.32	24.72	0.00	0.00
FBC	133	24.61	25.36	25.42	24.61	0.00	0.00
FBC	134	24.53	25.53	25.37	24.57	0.00	0.00
FBC	135	24.76	25.11	25.41	24.72	0.00	0.00
FBC	136	24.65	25.42	25.29	24.64	0.00	0.00
FBC	137	24.59	25.48	25.37	24.56	0.00	0.00
FBC	138	24.76	25.32	25.24	24.68	0.00	0.00
FBC	139	24.65	25.50	25.36	24.49	0.00	0.00
FBC	140	24.55	25.38	25.44	24.63	0.00	0.00
FBC	141	24.83	25.28	25.16	24.73	0.00	0.00
FBC	142	24.63	25.37	25.42	24.58	0.00	0.00
FBC	143	24.75	25.41	25.22	24.62	0.00	0.00
FBC	144	24.81	25.19	25.20	24.81	0.00	0.00
FBC	145	24.74	25.47	25.16	24.62	0.00	0.00
FBC	146	24.64	25.34	25.33	24.69	0.00	0.00
FBC	147	24.83	25.18	25.23	24.76	0.00	0.00
FBC	148	24.62	25.32	25.43	24.63	0.00	0.00
FBC	149	24.63	25.42	25.34	24.61	0.00	0.00
FBC	150	24.72	25.29	25.31	24.68	0.00	0.00
# ACGT raw counters for first fragments. Use `grep ^FTC | cut -f 2-` to extract this part. The columns are: A,C,G,T,N base counters
FTC	30776542	31619309	31555664	30714470	126
# ACGT content per cycle for last fragments. Use `grep ^LBC | cut -f 2-` to extract this part. The columns are: cycle; A,C,G,T base counts as a percentage of all A/C/G/T bases [%]; and N and O counts as a percentage of all A/C/G/T bases [%]
LBC	1	15.55	34.38	34.38	15.70	0.00	0.00
LBC	2	27.87	22.20	22.07	27.87	0.00	0.00
LBC	3	27.20	22.88	22.85	27.07	0.00	0.00
LBC	4	27.44	22.54	22.64	27.38	0.00	0.00
LBC	5	34.18	15.96	15.82	34.05	0.00	0.00
LBC	6	27.49	22.59	22.62	27.29	0.00	0.00
LBC	7	26.43	23.65	23.63	26.29	0.00	0.00
LBC	8	26.80	23.33	23.18	26.69	0.00	0.00
LBC	9	18.75	31.16	31.28	18.81	0.00	0.00
LBC	10	26.77	23.36	23.27	26.60	0.00	0.00
LBC	11	21.95	28.14	28.04	21.87	0.00	0.00
LBC	12	25.11	24.85	24.94	25.10	0.00	0.00
LBC	13	22.05	27.86	27.97	22.11	0.00	0.00
LBC	14	21.49	28.58	28.49	21.43	0.00	0.00
LBC	15	23.42	26.66	26.58	23.34	0.00	0.00
LBC	16	24.46	25.59	25.54	24.41	0.00	0.00
LBC	17	25.53	24.59	24.43	25.45	0.00	0.00
LBC	18	25.87	24.22	24.24	25.66	0.00	0.00
LBC	19	25.34	24.67	24.65	25.35	0.00	0.00
LBC	20	24.97	25.12	24.97	24.95	0.00	0.00
LBC	21	24.89	25.10	25.12	24.89	0.00	0.00
LBC	22	24.58	25.45	25.45	24.52	0.00	0.00
LBC	23	24.50	25.58	25.47	24.46	0.00	0.00
LBC	24	24.71	25.38	25.30	24.60	0.00	0.00
LBC	25	24.55	25.54	25.41	24.50	0.00	0.00
LBC	26	24.50	25.53	25.37	24.60	0.00	0.00
LBC	27	24.78	25.28	25.19	24.75	0.00	0.00
LBC	28	24.53	25.48	25.49	24.50	0.00	0.00
LBC	29	24.61	25.45	25.39	24.56	0.00	0.00
LBC	30	24.78	25.28	25.15	24.79	0.00	0.00
LBC	31	24.61	25.43	25.42	24.53	0.00	0.00
LBC	32	24.48	25.50	25.51	24.51	0.00	0.00
LBC	33	24.67	25.41	25.37	24.55	0.00	0.00
LBC	34	24.47	25.62	25.46	24.45	0.00	0.00
LBC	35	24.50	25.59	25.49	24.42	0.00	0.00
LBC	36	24.65	25.38	25.35	24.61	0.00	0.00
LBC	37	24.55	25.49	25.40	24.57	0.00	0.00
LBC	38	24.55	25.46	25.38	24.62	0.00	0.00
LBC	39	24.73	25.20	25.26	24.81	0.00	0.00
LBC	40	24.55	25.37	25.46	24.62	0.00	0.00
LBC	41	24.52	25.43	25.42	24.64	0.00	0.00
LBC	42	24.73	25.29	25.32	24.66	0.00	0.00
LBC	43	24.52	25.51	25.48	24.49	0.00	0.00
LBC	44	24.52	25.50	25.58	24.40	0.00	0.00
LBC	45	24.71	25.36	25.29	24.64	0.00	0.00
LBC	46	24.49	25.53	25.49	24.49	0.00	0.00
LBC	47	24.63	25.46	25.39	24.52	0.00	0.00
LBC	48	24.73	25.30	25.19	24.77	0.00	0.00
LBC	49	24.60	25.36	25.43	24.61	0.00	0.00
LBC	50	24.49	25.57	25.38	24.56	0.00	0.00
LBC	51	24.80	25.27	25.22	24.72	0.00	0.00
LBC	52	24.65	25.51	25.34	24.50	0.00	0.00
LBC	53	24.47	25.52	25.47	24.54	0.00	0.00
LBC	54	24.74	25.28	25.32	24.67	0.00	0.00
LBC	55	24.56	25.53	25.48	24.43	0.00	0.00
LBC	56	24.65	25.58	25.34	24.43	0.00	0.00
LBC	57	24.78	25.32	25.28	24.62	0.00	0.00
LBC	58	24.53	25.56	25.48	24.43	0.00	0.00
LBC	59	24.53	25.51	25.37	24.59	0.00	0.00
LBC	60	24.85	25.21	25.20	24.73	0.00	0.00
LBC	61	24.69	25.37	25.41	24.53	0.00	0.00
LBC	62	24.63	25.48	25.32	24.56	0.00	0.00
LBC	63	24.73	25.11	25.31	24.84	0.00	0.00
LBC	64	24.62	25.39	25.44	24.55	0.00	0.00
LBC	65	24.57	25.45	25.41	24.57	0.00	0.00
LBC	66	24.71	25.33	25.29	24.67	0.00	0.00
LBC	67	24.57	25.45	25.49	24.49	0.00	0.00
LBC	68	24.51	25.53	25.37	24.58	0.00	0.00
LBC	69	24.83	25.26	25.24	24.68	0.00	0.00
LBC	70	24.65	25.39	25.41	24.56	0.00	0.00
LBC	71	24.68	25.44	25.17	24.71	0.00	0.00
LBC	72	24.80	25.20	25.18	24.82	0.00	0.00
LBC	73	24.66	25.35	25.38	24.60	0.00	0.00
LBC	74	24.56	25.50	25.38	24.55	0.00	0.00
LBC	75	24.80	25.34	25.23	24.63	0.00	0.00
LBC	76	24.57	25.44	25.46	24.54	0.00	0.00
LBC	77	24.69	25.43	25.31	24.57	0.00	0.00
LBC	78	24.72	25.29	25.28	24.71	0.00	0.00
LBC	79	24.65	25.34	25.42	24.59	0.00	0.00
LBC	80	24.70	25.49	25.25	24.57	0.00	0.00
LBC	81	24.95	25.14	25.15	24.77	0.00	0.00
LBC	82	24.74	25.31	25.26	24.69	0.00	0.00
LBC	83	24.83	25.33	25.19	24.64	0.00	0.00
LBC	84	24.92	25.23	25.11	24.73	0.00	0.00
LBC	85	24.76	25.28	25.28	24.68	0.00	0.00
LBC	86	24.66	25.33	25.37	24.64	0.00	0.00
LBC	87	24.84	25.20	25.18	24.78	0.00	0.00
LBC	88	24.62	25.33	25.37	24.68	0.00	0.00
LBC	89	24.61	25.48	25.48	24.44	0.00	0.00
LBC	90	24.71	25.28	25.36	24.65	0.00	0.00
LBC	91	24.66	25.41	25.40	24.54	0.00	0.00
LBC	92	24.70	25.32	25.29	24.70	0.00	0.00
LBC	93	24.89	25.14	25.08	24.89	0.00	0.00
LBC	94	24.67	25.32	25.29	24.73	0.00	0.00
LBC	95	24.73	25.39	25.14	24.74	0.00	0.00
LBC	96	24.92	25.20	25.11	24.77	0.00	0.00
LBC	97	24.69	25.28	25.34	24.69	0.00	0.00
LBC	98	24.72	25.38	25.24	24.66	0.00	0.00
LBC	99	24.80	25.15	25.24	24.81	0.00	0.00
LBC	100	24.73	25.38	25.36	24.53	0.00	0.00
LBC	101	24.62	25.46	25.25	24.67	0.00	0.00
LBC	102	24.92	25.05	25.01	25.03	0.00	0.00
LBC	103	24.76	25.31	25.24	24.68	0.00	0.00
LBC	104	24.73	25.35	25.18	24.75	0.00	0.00
LBC	105	24.93	25.13	25.12	24.81	0.00	0.00
LBC	106	24.77	25.29	25.32	24.63	0.00	0.00
LBC	107	24.76	25.32	25.11	24.80	0.00	0.00
LBC	108	24.82	25.08	25.22	24.87	0.00	0.00
LBC	109	24.70	25.27	25.34	24.68	0.00	0.00
LBC	110	24.82	25.42	25.11	24.66	0.00	0.00
LBC	111	24.86	25.23	25.14	24.77	0.00	0.00
LBC	112	24.67	25.31	25.34	24.69	0.00	0.00
LBC	113	24.62	25.40	25.28	24.70	0.00	0.00
LBC	114	24.90	25.21	25.08	24.81	0.00	0.00
LBC	115	24.84	25.34	25.15	24.67	0.00	0.00
LBC	116	24.74	25.27	25.28	24.71	0.00	0.00
LBC	117	25.03	25.09	25.01	24.87	0.00	0.00
LBC	118	24.73	25.40	25.29	24.59	0.00	0.00
LBC	119	24.84	25.32	25.18	24.66	0.00	0.00
LBC	120	24.95	25.06	25.16	24.84	0.00	0.00
LBC	121	24.86	25.38	25.18	24.59	0.00	0.00
LBC	122	24.86	25.18	25.30	24.66	0.00	0.00
LBC	123	24.93	25.18	25.14	24.76	0.00	0.00
LBC	124	24.73	25.33	25.21	24.73	0.00	0.00
LBC	125	24.72	25.14	25.26	24.87	0.00	0.00
LBC	126	24.89	25.17	25.06	24.88	0.00	0.00
LBC	127	24.86	25.07	25.34	24.73	0.00	0.00
LBC	128	24.84	25.27	25.11	24.78	0.00	0.00
LBC	129	24.92	24.98	25.09	25.01	0.00	0.00
LBC	130	24.85	25.22	25.18	24.75	0.00	0.00
LBC	131	24.77	25.32	25.20	24.71	0.00	0.00
LBC	132	25.00	25.11	25.01	24.88	0.00	0.00
LBC	133	24.87	25.19	25.17	24.77	0.00	0.00
LBC	134	24.86	25.24	25.22	24.68	0.00	0.00
LBC	135	25.10	24.99	24.87	25.05	0.00	0.00
LBC	136	24.92	25.13	25.05	24.90	0.00	0.00
LBC	137	24.92	25.15	25.06	24.88	0.00	0.00
LBC	138	25.15	24.90	24.95	25.01	0.00	0.00
LBC	139	24.99	25.11	25.01	24.89	0.00	0.00
LBC	140	24.90	25.05	25.12	24.93	0.00	0.00
LBC	141	24.99	25.14	24.84	25.04	0.00	0.00
LBC	142	24.98	25.03	25.00	25.00	0.00	0.00
LBC	143	25.02	24.99	25.09	24.90	0.00	0.00
LBC	144	25.19	24.93	24.87	25.02	0.00	0.00
LBC	145	25.09	24.99	24.99	24.93	0.00	0.00
LBC	146	25.16	24.96	24.93	24.96	0.00	0.00
LBC	147	25.13	24.82	24.93	25.12	0.00	0.00
LBC	148	25.05	24.96	25.03	24.97	0.00	0.00
LBC	149	25.02	24.96	24.98	25.03	0.00	0.00
LBC	150	25.08	24.97	24.92	25.02	0.00	0.00
# ACGT raw counters for last fragments. Use `grep ^LTC | cut -f 2-` to extract this part. The columns are: A,C,G,T,N base counters
LTC	27364854	27942371	27892713	27305612	42
# Insert sizes. Use `grep ^IS | cut -f 2-` to extract this part. The columns are: insert size, pairs total, inward oriented pairs, outward oriented pairs, other pairs
IS	0	2	0	2	0
IS	1	0	0	0	0
IS	2	3	0	3	0
IS	3	2	0	2	0
IS	4	0	0	0	0
IS	5	0	0	0	0
IS	6	1	0	1	0
IS	7	0	0	0	0
IS	8	2	0	2	0
IS	9	5	0	5	0
IS	10	0	0	0	0
IS	11	0	0	0	0
IS	12	0	0	0	0
IS	13	0	0	0	0
IS	14	0	0	0	0
IS	15	1	0	1	0
IS	16	0	0	0	0
IS	17	0	0	0	0
IS	18	0	0	0	0
IS	19	2	0	1	1
IS	20	0	0	0	0
IS	21	2	0	2	0
IS	22	0	0	0	0
IS	23	0	0	0	0
IS	24	0	0	0	0
IS	25	6	6	0	0
IS	26	14	13	0	1
IS	27	68	67	0	1
IS	28	111	110	0	1
IS	29	4	2	0	2
IS	30	6	4	1	1
IS	31	12	12	0	0
IS	32	11	8	1	2
IS	33	7	5	2	0
IS	34	10	10	0	0
IS	35	7	6	1	0
IS	36	15	12	2	1
IS	37	7	7	0	0
IS	38	3	1	1	1
IS	39	7	5	1	1
IS	40	8	5	0	3
IS	41	6	3	1	2
IS	42	4	0	3	1
IS	43	4	1	1	2
IS	44	6	1	2	3
IS	45	6	3	0	3
IS	46	3	0	0	3
IS	47	2	2	0	0
IS	48	10	4	4	2
IS	49	6	2	3	1
IS	50	3	0	0	3
IS	51	2	1	0	1
IS	52	3	1	0	2
IS	53	8	3	2	3
IS	54	5	1	1	3
IS	55	2	0	1	1
IS	56	4	2	1	1
IS	57	4	2	1	1
IS	58	11	6	1	4
IS	59	2	0	1	1
IS	60	6	2	0	4
IS	61	9	4	0	5
IS	62	8	4	1	3
IS	63	12	0	2	10
IS	64	3	2	0	1
IS	65	5	2	0	3
IS	66	8	4	1	3
IS	67	6	3	1	2
IS	68	9	4	3	2
IS	69	5	2	1	2
IS	70	7	3	3	1
IS	71	5	2	0	3
IS	72	6	1	1	4
IS	73	11	3	1	7
IS	74	7	3	0	4
IS	75	9	1	1	7
IS	76	11	6	1	4
IS	77	15	7	2	6
IS	78	8	4	1	3
IS	79	8	4	0	4
IS	80	15	6	2	7
IS	81	14	8	2	4
IS	82	12	4	1	7
IS	83	15	6	1	8
IS	84	18	9	1	8
IS	85	18	7	1	10
IS	86	15	7	1	7
IS	87	12	4	0	8
IS	88	12	7	0	5
IS	89	14	7	2	5
IS	90	17	14	1	2
IS	91	25	11	1	13
IS	92	23	14	1	8
IS	93	22	11	1	10
IS	94	18	12	1	5
IS	95	13	10	2	1
IS	96	19	12	0	7
IS	97	26	11	0	15
IS	98	29	20	1	8
IS	99	31	20	1	10
IS	100	34	18	2	14
IS	101	29	18	1	10
IS	102	21	16	0	5
IS	103	30	20	0	10
IS	104	37	24	2	11
IS	105	37	25	0	12
IS	106	28	18	0	10
IS	107	36	22	2	12
IS	108	36	22	2	12
IS	109	25	14	0	11
IS	110	29	20	0	9
IS	111	34	23	0	11
IS	112	50	28	3	19
IS	113	36	30	0	6
IS	114	32	20	0	12
IS	115	43	30	1	12
IS	116	42	31	1	10
IS	117	41	27	5	9
IS	118	44	29	0	15
IS	119	31	26	1	4
IS	120	38	27	0	11
IS	121	43	28	0	15
IS	122	47	28	0	19
IS	123	36	31	0	5
IS	124	55	43	1	11
IS	125	42	35	2	5
IS	126	50	36	3	11
IS	127	46	29	3	14
IS	128	42	27	4	11
IS	129	35	23	3	9
IS	130	62	35	5	22
IS	131	65	47	3	15
IS	132	50	37	4	9
IS	133	57	41	1	15
IS	134	60	46	4	10
IS	135	46	34	0	12
IS	136	62	46	1	15
IS	137	71	58	5	8
IS	138	54	46	0	8
IS	139	68	50	2	16
IS	140	65	40	5	20
IS	141	64	43	5	16
IS	142	66	47	4	15
IS	143	1251	1007	233	11
IS	144	1278	1014	255	9
IS	145	1268	986	270	12
IS	146	1275	964	296	15
IS	147	1287	960	313	14
IS	148	1252	826	410	16
IS	149	1269	267	987	15
IS	150	1237	1224	1	12
IS	151	1299	1287	0	12
IS	152	1251	1233	0	18
IS	153	1286	1275	0	11
IS	154	1316	1304	0	12
IS	155	1267	1255	0	12
IS	156	1268	1256	0	12
IS	157	1219	1209	1	9
IS	158	1170	1158	0	12
IS	159	1264	1249	1	14
IS	160	1262	1254	1	7
IS	161	1166	1153	0	13
IS	162	1182	1172	0	10
IS	163	1196	1183	0	13
IS	164	1203	1192	0	11
IS	165	1181	1166	0	15
IS	166	1210	1198	1	11
IS	167	1166	1147	0	19
IS	168	1248	1234	0	14
IS	169	1217	1200	0	17
IS	170	1209	1202	0	7
IS	171	1177	1168	0	9
IS	172	1214	1206	0	8
IS	173	1154	1148	0	6
IS	174	1175	1171	0	4
IS	175	1208	1196	0	12
IS	176	1147	1137	0	10
IS	177	1126	1110	0	16
IS	178	1141	1128	0	13
IS	179	1104	1088	1	15
IS	180	1173	1161	0	12
IS	181	1165	1150	0	15
IS	182	1114	1097	0	17
IS	183	1210	1200	0	10
IS	184	1127	1115	0	12
IS	185	1183	1167	0	16
IS	186	1139	1129	0	10
IS	187	1142	1123	0	19
IS	188	1140	1127	0	13
IS	189	1117	1112	0	5
IS	190	1143	1127	0	16
IS	191	1080	1066	0	14
IS	192	1133	1124	0	9
IS	193	1077	1066	0	11
IS	194	1064	1051	0	13
IS	195	1098	1083	1	14
IS	196	1168	1149	0	19
IS	197	1144	1127	0	17
IS	198	1056	1048	1	7
IS	199	1083	1071	0	12
IS	200	1032	1023	0	9
IS	201	1108	1085	2	21
IS	202	1148	1126	1	21
IS	203	1071	1057	0	14
IS	204	1118	1106	1	11
IS	205	1079	1064	1	14
IS	206	1066	1058	0	8
IS	207	1019	1010	0	9
IS	208	1058	1043	1	14
IS	209	1072	1061	0	11
IS	210	988	974	2	12
IS	211	1028	1016	0	12
IS	212	991	981	0	10
IS	213	1044	1028	0	16
IS	214	1039	1033	0	6
IS	215	1025	1010	0	15
IS	216	1037	1022	1	14
IS	217	1031	1015	0	16
IS	218	1093	1083	0	10
IS	219	1053	1042	1	10
IS	220	1024	1012	0	12
IS	221	988	981	0	7
IS	222	1075	1059	0	16
IS	223	1060	1045	0	15
IS	224	1014	1007	0	7
IS	225	1021	1011	0	10
IS	226	978	959	0	19
IS	227	971	951	0	20
IS	228	1056	1049	0	7
IS	229	973	955	0	18
IS	230	1020	1007	0	13
IS	231	1002	984	0	18
IS	232	987	974	0	13
IS	233	951	935	0	16
IS	234	1016	1003	0	13
IS	235	1027	1009	0	18
IS	236	965	950	0	15
IS	237	997	982	0	15
IS	238	970	958	0	12
IS	239	909	895	0	14
IS	240	965	956	0	9
IS	241	974	960	0	14
IS	242	983	975	0	8
IS	243	975	963	0	12
IS	244	965	958	0	7
IS	245	942	929	0	13
IS	246	977	959	0	18
IS	247	918	901	0	17
IS	248	868	850	1	17
IS	249	897	886	0	11
IS	250	905	888	1	16
IS	251	879	871	0	8
IS	252	959	942	0	17
IS	253	872	860	0	12
IS	254	972	953	1	18
IS	255	884	875	0	9
IS	256	917	903	1	13
IS	257	913	897	1	15
IS	258	945	934	1	10
IS	259	978	958	0	20
IS	260	874	864	0	10
IS	261	916	904	0	12
IS	262	883	866	0	17
IS	263	952	937	0	15
IS	264	925	914	0	11
IS	265	923	902	0	21
IS	266	920	905	0	15
IS	267	952	942	0	10
IS	268	843	822	0	21
IS	269	904	892	0	12
IS	270	887	877	0	10
IS	271	870	854	0	16
IS	272	883	869	0	14
IS	273	895	881	0	14
IS	274	902	889	0	13
IS	275	882	865	0	17
IS	276	907	889	0	18
IS	277	895	881	0	14
IS	278	852	840	1	11
IS	279	840	832	0	8
IS	280	850	832	0	18
IS	281	828	822	0	6
IS	282	846	837	0	9
IS	283	895	886	0	9
IS	284	841	831	0	10
IS	285	806	798	0	8
IS	286	876	861	0	15
IS	287	816	805	0	11
IS	288	853	843	0	10
IS	289	833	822	0	11
IS	290	802	788	0	14
IS	291	869	860	0	9
IS	292	808	795	0	13
IS	293	919	901	0	18
IS	294	891	875	0	16
IS	295	844	833	0	11
IS	296	827	815	0	12
IS	297	880	866	1	13
IS	298	853	839	0	14
IS	299	868	852	1	15
IS	300	829	818	0	11
IS	301	859	851	0	8
IS	302	868	861	0	7
IS	303	846	829	0	17
IS	304	842	832	0	10
IS	305	810	799	1	10
IS	306	846	836	0	10
IS	307	858	848	0	10
IS	308	831	815	0	16
IS	309	808	791	0	17
IS	310	802	794	0	8
IS	311	779	763	0	16
IS	312	802	794	0	8
IS	313	813	802	0	11
IS	314	815	806	0	9
IS	315	790	784	0	6
IS	316	836	820	0	16
IS	317	787	776	0	11
IS	318	745	737	0	8
IS	319	768	762	0	6
IS	320	794	777	0	17
IS	321	803	796	0	7
IS	322	808	793	1	14
IS	323	782	765	0	17
IS	324	792	781	1	10
IS	325	754	747	0	7
IS	326	800	785	0	15
IS	327	780	759	0	21
IS	328	840	825	0	15
IS	329	810	794	0	16
IS	330	806	793	0	13
IS	331	777	766	0	11
IS	332	813	801	1	11
IS	333	791	777	0	14
IS	334	753	742	1	10
IS	335	782	763	0	19
IS	336	819	807	0	12
IS	337	796	785	0	11
IS	338	766	749	0	17
IS	339	804	786	0	18
IS	340	764	752	0	12
IS	341	810	796	0	14
IS	342	756	748	0	8
IS	343	752	737	0	15
IS	344	780	770	0	10
IS	345	724	702	0	22
IS	346	719	701	0	18
IS	347	787	770	0	17
IS	348	802	785	0	17
IS	349	702	694	0	8
IS	350	782	760	0	22
IS	351	801	792	0	9
IS	352	739	733	0	6
IS	353	757	741	0	16
IS	354	749	736	0	13
IS	355	767	748	0	19
IS	356	743	727	1	15
IS	357	736	726	0	10
IS	358	813	796	0	17
IS	359	751	741	0	10
IS	360	779	763	0	16
IS	361	816	804	0	12
IS	362	790	776	0	14
IS	363	736	723	0	13
IS	364	800	789	0	11
IS	365	776	763	0	13
IS	366	777	758	0	19
IS	367	769	762	0	7
IS	368	772	758	0	14
IS	369	761	745	0	16
IS	370	716	703	0	13
IS	371	755	744	1	10
IS	372	774	761	1	12
IS	373	741	726	0	15
IS	374	718	704	0	14
IS	375	748	731	0	17
IS	376	716	705	0	11
IS	377	789	773	0	16
IS	378	776	758	0	18
IS	379	777	763	0	14
IS	380	765	751	0	14
IS	381	764	752	0	12
IS	382	762	743	1	18
IS	383	739	727	0	12
IS	384	765	747	0	18
IS	385	752	738	0	14
IS	386	740	728	0	12
IS	387	743	725	0	18
IS	388	744	731	0	13
IS	389	756	742	0	14
IS	390	691	680	0	11
IS	391	710	688	0	22
IS	392	745	732	1	12
IS	393	790	776	0	14
IS	394	794	780	0	14
IS	395	757	743	0	14
IS	396	765	746	1	18
IS	397	770	752	0	18
IS	398	742	728	0	14
IS	399	752	734	1	17
IS	400	737	726	0	11
IS	401	746	732	1	13
IS	402	763	743	0	20
IS	403	799	786	1	12
IS	404	753	736	0	17
IS	405	719	712	0	7
IS	406	730	716	0	14
IS	407	795	777	0	18
IS	408	752	733	0	19
IS	409	760	748	0	12
IS	410	731	722	1	8
IS	411	783	760	0	23
IS	412	706	692	0	14
IS	413	750	734	0	16
IS	414	787	773	0	14
IS	415	767	750	0	17
IS	416	749	730	0	19
IS	417	772	755	0	17
IS	418	718	707	0	11
IS	419	754	733	0	21
IS	420	740	723	0	17
IS	421	780	767	0	13
IS	422	749	734	0	15
IS	423	769	752	0	17
IS	424	750	739	0	11
IS	425	710	701	0	9
IS	426	734	722	0	12
IS	427	789	776	0	13
IS	428	748	732	1	15
IS	429	807	788	0	19
IS	430	798	777	0	21
IS	431	736	722	0	14
IS	432	752	743	0	9
IS	433	735	723	0	12
IS	434	769	759	0	10
IS	435	809	791	1	17
IS	436	794	778	0	16
IS	437	730	719	0	11
IS	438	820	812	0	8
IS	439	759	749	0	10
IS	440	728	710	0	18
IS	441	787	781	0	6
IS	442	815	801	0	14
IS	443	769	754	1	14
IS	444	780	768	0	12
IS	445	762	737	0	25
IS	446	803	789	0	14
IS	447	783	774	0	9
IS	448	766	750	2	14
IS	449	796	780	0	16
IS	450	760	745	0	15
IS	451	791	776	2	13
IS	452	735	712	0	23
IS	453	735	718	0	17
IS	454	747	733	1	13
IS	455	736	718	0	18
IS	456	732	715	0	17
IS	457	792	776	0	16
IS	458	730	724	0	6
IS	459	763	749	1	13
IS	460	737	721	0	16
IS	461	784	771	0	13
IS	462	793	780	0	13
IS	463	794	781	0	13
IS	464	744	732	0	12
IS	465	792	774	0	18
IS	466	779	764	0	15
IS	467	811	806	0	5
IS	468	841	827	0	14
IS	469	809	792	0	17
IS	470	859	843	0	16
IS	471	745	733	0	12
IS	472	736	718	0	18
IS	473	827	820	0	7
IS	474	816	800	0	16
IS	475	799	789	1	9
IS	476	816	806	0	10
IS	477	803	788	0	15
IS	478	800	790	0	10
IS	479	769	757	0	12
IS	480	790	777	0	13
IS	481	781	768	0	13
IS	482	834	816	0	18
IS	483	823	812	0	11
IS	484	818	811	0	7
IS	485	777	767	0	10
IS	486	785	777	0	8
IS	487	839	826	1	12
IS	488	805	792	0	13
IS	489	818	808	0	10
IS	490	824	814	0	10
IS	491	819	805	0	14
IS	492	818	798	1	19
IS	493	832	819	0	13
IS	494	836	823	0	13
IS	495	795	773	0	22
IS	496	799	780	0	19
IS	497	815	796	0	19
IS	498	820	807	0	13
IS	499	874	854	1	19
IS	500	912	894	0	18
IS	501	887	876	0	11
IS	502	845	830	0	15
IS	503	843	829	0	14
IS	504	818	806	0	12
IS	505	821	809	0	12
IS	506	830	822	0	8
IS	507	865	849	0	16
IS	508	853	838	0	15
IS	509	845	830	0	15
IS	510	817	804	0	13
IS	511	829	819	0	10
IS	512	811	800	0	11
IS	513	796	776	2	18
IS	514	872	856	0	16
IS	515	881	863	1	17
IS	516	860	846	0	14
IS	517	806	796	0	10
IS	518	831	817	1	13
IS	519	893	872	2	19
IS	520	874	859	0	15
IS	521	858	849	0	9
IS	522	796	786	0	10
IS	523	918	904	0	14
IS	524	885	872	0	13
IS	525	913	897	0	16
IS	526	860	840	1	19
IS	527	865	855	1	9
IS	528	854	835	0	19
IS	529	887	869	0	18
IS	530	869	854	0	15
IS	531	877	866	0	11
IS	532	859	853	0	6
IS	533	926	916	0	10
IS	534	849	835	0	14
IS	535	850	838	1	11
IS	536	894	880	0	14
IS	537	891	886	0	5
IS	538	837	824	0	13
IS	539	925	921	0	4
IS	540	846	834	0	12
IS	541	857	846	0	11
IS	542	907	890	0	17
IS	543	924	911	0	13
IS	544	895	885	0	10
IS	545	910	888	0	22
IS	546	933	921	0	12
IS	547	890	874	1	15
IS	548	902	887	0	15
IS	549	880	862	0	18
IS	550	913	898	0	15
IS	551	938	922	0	16
IS	552	880	869	0	11
IS	553	940	924	0	16
IS	554	890	878	0	12
IS	555	952	940	0	12
IS	556	926	915	0	11
IS	557	951	943	0	8
IS	558	858	849	1	8
IS	559	919	902	1	16
IS	560	878	860	0	18
IS	561	911	896	0	15
IS	562	937	923	0	14
IS	563	980	966	0	14
IS	564	885	872	0	13
IS	565	861	847	0	14
IS	566	953	931	0	22
IS	567	936	918	0	18
IS	568	893	880	2	11
IS	569	978	965	0	13
IS	570	886	875	0	11
IS	571	868	854	0	14
IS	572	987	972	0	15
IS	573	929	918	0	11
IS	574	925	913	1	11
IS	575	955	939	0	16
IS	576	928	915	0	13
IS	577	910	897	0	13
IS	578	964	944	0	20
IS	579	984	977	0	7
IS	580	972	954	0	18
IS	581	933	921	0	12
IS	582	946	936	0	10
IS	583	956	943	0	13
IS	584	1019	1008	0	11
IS	585	938	925	0	13
IS	586	991	977	0	14
IS	587	976	966	0	10
IS	588	985	974	0	11
IS	589	937	924	0	13
IS	590	951	932	0	19
IS	591	894	883	0	11
IS	592	933	921	0	12
IS	593	968	958	0	10
IS	594	1024	1009	0	15
IS	595	974	967	0	7
IS	596	978	964	0	14
IS	597	1011	997	0	14
IS	598	1020	1011	0	9
IS	599	995	982	0	13
IS	600	939	923	0	16
IS	601	989	977	0	12
IS	602	999	991	0	8
IS	603	995	976	1	18
IS	604	987	972	0	15
IS	605	994	986	0	8
IS	606	997	982	0	15
IS	607	956	947	0	9
IS	608	1123	1107	0	16
IS	609	969	952	0	17
IS	610	994	979	0	15
IS	611	954	945	0	9
IS	612	994	984	0	10
IS	613	1029	1018	0	11
IS	614	986	974	0	12
IS	615	1068	1055	1	12
IS	616	1020	1010	1	9
IS	617	1033	1022	0	11
IS	618	1023	1011	0	12
IS	619	989	978	1	10
IS	620	1012	997	0	15
IS	621	1030	1019	0	11
IS	622	1074	1060	0	14
IS	623	1033	1023	0	10
IS	624	1070	1060	0	10
IS	625	1025	1014	1	10
IS	626	1013	998	0	15
IS	627	1014	1004	0	10
IS	628	1060	1048	0	12
IS	629	996	984	0	12
IS	630	1025	1011	0	14
IS	631	1023	1016	0	7
IS	632	1041	1029	0	12
IS	633	1026	1012	0	14
IS	634	1025	1015	0	10
IS	635	999	991	0	8
IS	636	1019	1003	0	16
IS	637	1001	991	0	10
IS	638	1045	1033	0	12
IS	639	1048	1031	0	17
IS	640	1075	1054	0	21
IS	641	1051	1033	0	18
IS	642	1071	1055	0	16
IS	643	985	976	0	9
IS	644	1101	1092	0	9
IS	645	1074	1058	0	16
IS	646	1043	1027	0	16
IS	647	1063	1045	0	18
IS	648	1091	1079	0	12
IS	649	1116	1107	0	9
IS	650	1037	1022	0	15
IS	651	1116	1105	0	11
IS	652	1083	1059	1	23
IS	653	1067	1056	0	11
IS	654	1118	1108	0	10
IS	655	1104	1090	0	14
IS	656	1066	1055	0	11
IS	657	1135	1123	0	12
IS	658	1025	1009	0	16
IS	659	1084	1075	0	9
IS	660	1070	1058	0	12
IS	661	1084	1079	0	5
IS	662	1097	1090	0	7
IS	663	1060	1049	0	11
IS	664	1110	1103	0	7
IS	665	1119	1107	1	11
IS	666	1125	1115	0	10
IS	667	1103	1095	0	8
IS	668	1063	1045	0	18
IS	669	1101	1087	0	14
IS	670	1129	1118	0	11
IS	671	1096	1088	0	8
IS	672	1120	1105	0	15
IS	673	1068	1059	0	9
IS	674	1148	1141	0	7
IS	675	1015	1004	0	11
IS	676	1119	1108	0	11
IS	677	1108	1096	0	12
IS	678	1088	1074	0	14
IS	679	1031	1021	0	10
IS	680	1070	1056	0	14
IS	681	1128	1114	0	14
IS	682	1101	1087	0	14
IS	683	1083	1071	0	12
IS	684	1134	1117	0	17
IS	685	1103	1096	0	7
IS	686	1167	1160	0	7
IS	687	1078	1068	0	10
IS	688	1103	1092	0	11
IS	689	1095	1083	0	12
IS	690	1132	1127	0	5
IS	691	1102	1092	0	10
IS	692	1117	1107	0	10
IS	693	1128	1112	0	16
IS	694	1101	1092	0	9
IS	695	1145	1139	0	6
IS	696	1089	1075	0	14
IS	697	1171	1156	0	15
IS	698	1061	1053	0	8
IS	699	1163	1155	0	8
IS	700	1148	1134	0	14
IS	701	1090	1077	1	12
IS	702	1141	1123	0	18
IS	703	1148	1136	0	12
IS	704	1139	1130	0	9
IS	705	1099	1089	0	10
IS	706	1082	1069	0	13
IS	707	1171	1158	0	13
IS	708	1066	1053	0	13
IS	709	1164	1155	0	9
IS	710	1144	1131	1	12
IS	711	1158	1155	0	3
IS	712	1215	1204	0	11
IS	713	1054	1045	0	9
IS	714	1103	1092	1	10
IS	715	1172	1164	1	7
IS	716	1085	1078	0	7
IS	717	1154	1140	0	14
IS	718	1138	1125	0	13
IS	719	1133	1124	0	9
IS	720	1179	1163	0	16
IS	721	1124	1112	1	11
IS	722	1158	1149	0	9
IS	723	1141	1129	0	12
IS	724	1117	1111	0	6
IS	725	1184	1169	1	14
IS	726	1119	1110	0	9
IS	727	1195	1183	1	11
IS	728	1167	1153	0	14
IS	729	1139	1128	0	11
IS	730	1065	1052	0	13
IS	731	1115	1107	0	8
IS	732	1160	1150	0	10
IS	733	1125	1112	0	13
IS	734	1138	1131	0	7
IS	735	1080	1071	0	9
IS	736	1091	1078	0	13
IS	737	1150	1137	1	12
IS	738	1161	1151	0	10
IS	739	1091	1080	0	11
IS	740	1164	1154	0	10
IS	741	1097	1089	0	8
IS	742	1116	1108	0	8
IS	743	1114	1099	1	14
IS	744	1103	1090	0	13
IS	745	1137	1123	1	13
IS	746	1066	1058	0	8
IS	747	1111	1100	0	11
IS	748	1113	1101	0	12
IS	749	1072	1061	0	11
IS	750	1135	1124	0	11
IS	751	1142	1128	0	14
IS	752	1168	1150	1	17
IS	753	1150	1137	0	13
IS	754	1202	1192	0	10
IS	755	1134	1122	0	12
IS	756	1188	1180	0	8
IS	757	1165	1148	0	17
IS	758	1126	1114	1	11
IS	759	1088	1076	0	12
IS	760	1149	1140	0	9
IS	761	1053	1043	0	10
IS	762	1123	1110	0	13
IS	763	1093	1084	0	9
IS	764	1165	1153	0	12
IS	765	1107	1103	0	4
IS	766	1121	1105	0	16
IS	767	1056	1045	0	11
IS	768	1183	1169	2	12
IS	769	1161	1152	0	9
IS	770	1088	1077	0	11
IS	771	1144	1134	0	10
IS	772	1087	1073	0	14
IS	773	1058	1050	0	8
IS	774	1161	1147	0	14
IS	775	1042	1031	0	11
IS	776	1092	1086	0	6
IS	777	1031	1016	0	15
IS	778	1165	1150	0	15
IS	779	1062	1051	0	11
IS	780	1060	1048	0	12
IS	781	1117	1112	0	5
IS	782	1073	1062	0	11
IS	783	1112	1096	0	16
IS	784	1038	1029	0	9
IS	785	1074	1068	0	6
IS	786	1085	1074	0	11
IS	787	1042	1029	0	13
IS	788	1117	1109	1	7
IS	789	1091	1077	0	14
IS	790	1080	1071	0	9
IS	791	1031	1024	0	7
IS	792	1111	1100	0	11
IS	793	1104	1094	0	10
IS	794	1069	1053	0	16
IS	795	1097	1089	1	7
IS	796	1087	1082	0	5
IS	797	1109	1096	1	12
IS	798	1049	1039	0	10
IS	799	1082	1075	1	6
IS	800	1084	1075	0	9
IS	801	1036	1023	1	12
IS	802	1063	1058	0	5
IS	803	1087	1079	1	7
IS	804	1044	1027	1	16
IS	805	1055	1039	0	16
IS	806	1090	1080	0	10
IS	807	1061	1051	0	10
IS	808	1055	1048	0	7
IS	809	1024	1015	0	9
IS	810	1020	1008	1	11
IS	811	1025	1014	0	11
IS	812	1061	1044	0	17
IS	813	1065	1054	0	11
IS	814	1003	992	0	11
IS	815	1069	1063	0	6
IS	816	1011	1004	0	7
IS	817	1007	996	0	11
IS	818	1011	1003	0	8
IS	819	1062	1051	0	11
IS	820	1015	1007	0	8
IS	821	1015	1006	1	8
IS	822	984	973	0	11
IS	823	982	975	0	7
IS	824	998	989	0	9
IS	825	1049	1044	0	5
IS	826	988	982	0	6
IS	827	1022	1016	0	6
IS	828	997	986	1	10
IS	829	1034	1024	0	10
IS	830	1001	992	0	9
IS	831	1011	1005	0	6
IS	832	965	956	0	9
IS	833	1048	1040	0	8
IS	834	1051	1043	0	8
IS	835	977	967	0	10
IS	836	981	971	0	10
IS	837	949	941	0	8
IS	838	925	918	0	7
IS	839	948	940	0	8
IS	840	966	956	0	10
IS	841	924	918	0	6
IS	842	981	974	1	6
IS	843	955	948	0	7
IS	844	995	989	0	6
IS	845	962	950	0	12
IS	846	1005	991	0	14
IS	847	962	954	0	8
IS	848	910	905	0	5
IS	849	1028	1017	0	11
IS	850	890	884	0	6
IS	851	907	895	0	12
IS	852	906	892	0	14
IS	853	917	909	0	8
IS	854	913	899	0	14
IS	855	986	980	0	6
IS	856	976	962	0	14
IS	857	886	881	1	4
IS	858	961	949	0	12
IS	859	892	881	0	11
IS	860	915	906	1	8
IS	861	919	909	0	10
IS	862	884	873	0	11
IS	863	908	899	0	9
IS	864	868	859	0	9
IS	865	915	905	0	10
IS	866	880	873	0	7
IS	867	856	851	0	5
IS	868	873	872	0	1
IS	869	908	901	0	7
IS	870	907	900	0	7
IS	871	881	877	0	4
IS	872	862	860	0	2
IS	873	908	900	0	8
IS	874	893	883	0	10
IS	875	905	896	1	8
IS	876	879	871	0	8
IS	877	879	870	0	9
IS	878	848	833	1	14
IS	879	896	895	0	1
IS	880	818	816	0	2
IS	881	844	835	0	9
IS	882	880	873	0	7
IS	883	868	861	0	7
IS	884	889	880	0	9
IS	885	854	849	0	5
IS	886	849	842	0	7
IS	887	843	837	0	6
IS	888	809	806	0	3
IS	889	849	842	0	7
IS	890	817	810	0	7
IS	891	856	841	0	15
IS	892	815	809	0	6
IS	893	824	814	0	10
IS	894	821	811	0	10
IS	895	826	823	0	3
IS	896	823	817	0	6
IS	897	820	816	0	4
IS	898	767	760	1	6
IS	899	773	767	0	6
IS	900	821	819	0	2
IS	901	784	777	0	7
IS	902	811	804	0	7
IS	903	769	760	0	9
IS	904	796	785	0	11
IS	905	849	838	0	11
IS	906	807	796	1	10
IS	907	773	765	0	8
IS	908	756	750	0	6
IS	909	742	733	0	9
IS	910	789	781	0	8
IS	911	773	760	0	13
IS	912	754	746	0	8
IS	913	812	807	0	5
IS	914	770	767	0	3
IS	915	729	724	0	5
IS	916	732	728	0	4
IS	917	693	686	0	7
IS	918	736	725	0	11
IS	919	744	738	0	6
IS	920	753	749	0	4
IS	921	664	657	0	7
IS	922	787	782	0	5
IS	923	735	726	0	9
IS	924	773	766	0	7
IS	925	739	728	0	11
IS	926	724	719	0	5
IS	927	701	691	0	10
IS	928	645	641	0	4
IS	929	629	626	0	3
IS	930	697	693	0	4
IS	931	706	700	0	6
IS	932	701	695	0	6
IS	933	702	695	0	7
IS	934	683	676	0	7
IS	935	673	666	0	7
IS	936	688	681	0	7
IS	937	687	685	0	2
IS	938	699	689	0	10
IS	939	680	677	0	3
IS	940	678	672	0	6
IS	941	665	660	0	5
IS	942	638	627	0	11
IS	943	617	614	0	3
IS	944	638	629	0	9
IS	945	650	643	0	7
IS	946	611	605	0	6
IS	947	638	634	0	4
IS	948	649	642	0	7
IS	949	600	593	0	7
IS	950	620	613	0	7
IS	951	633	628	0	5
IS	952	677	669	0	8
IS	953	647	641	0	6
IS	954	599	595	0	4
IS	955	620	616	0	4
IS	956	635	630	0	5
IS	957	551	545	0	6
IS	958	600	597	0	3
IS	959	625	620	0	5
IS	960	616	610	0	6
IS	961	573	567	0	6
IS	962	626	620	0	6
IS	963	578	576	0	2
IS	964	579	573	0	6
IS	965	591	581	0	10
IS	966	576	571	0	5
IS	967	585	571	0	14
IS	968	591	588	0	3
IS	969	555	546	0	9
IS	970	620	610	0	10
IS	971	608	601	0	7
IS	972	546	540	0	6
IS	973	509	505	0	4
IS	974	566	562	0	4
IS	975	553	548	0	5
IS	976	520	516	0	4
IS	977	527	518	0	9
IS	978	550	542	0	8
IS	979	536	529	0	7
IS	980	545	542	0	3
IS	981	566	561	0	5
IS	982	546	539	0	7
IS	983	564	556	0	8
IS	984	519	511	0	8
IS	985	497	490	0	7
IS	986	549	541	0	8
IS	987	554	545	0	9
IS	988	519	517	0	2
IS	989	540	531	1	8
IS	990	522	516	0	6
IS	991	493	485	0	8
IS	992	509	501	0	8
IS	993	520	514	0	6
IS	994	481	474	0	7
IS	995	486	481	0	5
IS	996	522	515	0	7
IS	997	517	512	0	5
IS	998	492	482	0	10
IS	999	487	480	0	7
IS	1000	481	472	0	9
IS	1001	508	504	0	4
IS	1002	475	469	0	6
IS	1003	448	443	0	5
IS	1004	452	444	0	8
IS	1005	499	494	0	5
IS	1006	491	482	0	9
IS	1007	484	477	0	7
IS	1008	464	458	0	6
IS	1009	475	469	0	6
IS	1010	446	440	0	6
IS	1011	434	428	0	6
IS	1012	466	458	0	8
IS	1013	442	436	0	6
IS	1014	473	472	0	1
IS	1015	445	439	0	6
IS	1016	471	463	0	8
IS	1017	437	432	0	5
IS	1018	433	429	0	4
IS	1019	436	427	0	9
IS	1020	467	460	0	7
IS	1021	450	443	0	7
IS	1022	416	408	0	8
IS	1023	399	394	0	5
IS	1024	455	448	0	7
IS	1025	438	431	0	7
IS	1026	409	401	0	8
IS	1027	442	428	0	14
IS	1028	404	397	0	7
IS	1029	386	382	0	4
IS	1030	443	435	0	8
IS	1031	394	392	0	2
IS	1032	414	408	0	6
IS	1033	395	393	0	2
IS	1034	418	413	0	5
IS	1035	386	383	0	3
IS	1036	382	373	0	9
IS	1037	375	367	0	8
IS	1038	404	399	0	5
IS	1039	405	400	0	5
IS	1040	401	392	0	9
IS	1041	363	357	0	6
IS	1042	419	417	0	2
IS	1043	398	388	0	10
IS	1044	370	357	0	13
IS	1045	367	354	0	13
IS	1046	370	366	0	4
IS	1047	382	379	0	3
IS	1048	358	353	0	5
IS	1049	378	375	1	2
IS	1050	359	351	0	8
IS	1051	373	367	0	6
IS	1052	348	339	0	9
IS	1053	373	369	0	4
IS	1054	372	370	0	2
IS	1055	373	370	0	3
IS	1056	320	316	0	4
IS	1057	337	335	1	1
IS	1058	317	313	0	4
IS	1059	344	341	0	3
IS	1060	361	357	0	4
IS	1061	327	320	0	7
IS	1062	306	304	0	2
IS	1063	362	352	0	10
IS	1064	321	317	0	4
IS	1065	329	325	0	4
IS	1066	311	307	0	4
IS	1067	305	300	0	5
IS	1068	311	306	0	5
IS	1069	316	316	0	0
IS	1070	297	293	0	4
IS	1071	301	295	0	6
IS	1072	291	288	0	3
IS	1073	311	308	0	3
IS	1074	345	339	0	6
IS	1075	291	288	0	3
IS	1076	305	301	0	4
IS	1077	304	298	0	6
IS	1078	277	274	0	3
IS	1079	322	314	0	8
IS	1080	279	275	0	4
IS	1081	278	275	0	3
IS	1082	326	322	0	4
IS	1083	311	307	0	4
IS	1084	268	260	0	8
IS	1085	253	249	0	4
IS	1086	279	270	0	9
IS	1087	250	246	0	4
IS	1088	262	254	0	8
IS	1089	266	262	0	4
IS	1090	288	283	0	5
IS	1091	246	243	0	3
IS	1092	240	236	0	4
IS	1093	268	262	0	6
IS	1094	284	281	0	3
IS	1095	266	262	0	4
IS	1096	242	240	0	2
IS	1097	252	250	0	2
IS	1098	238	234	0	4
IS	1099	272	266	0	6
IS	1100	268	263	0	5
IS	1101	243	239	0	4
IS	1102	290	287	0	3
IS	1103	237	234	0	3
IS	1104	279	274	0	5
IS	1105	250	249	0	1
IS	1106	214	210	0	4
IS	1107	247	241	0	6
IS	1108	254	252	0	2
IS	1109	228	225	0	3
IS	1110	251	242	0	9
IS	1111	231	226	0	5
IS	1112	214	208	0	6
IS	1113	210	204	0	6
IS	1114	249	243	0	6
IS	1115	254	241	0	13
IS	1116	229	224	0	5
IS	1117	211	209	0	2
IS	1118	227	217	0	10
IS	1119	202	196	0	6
IS	1120	195	189	0	6
IS	1121	213	206	0	7
IS	1122	232	226	0	6
IS	1123	209	207	0	2
IS	1124	205	204	0	1
IS	1125	215	211	0	4
IS	1126	213	208	0	5
IS	1127	198	195	0	3
IS	1128	186	183	0	3
IS	1129	216	212	0	4
IS	1130	207	203	0	4
IS	1131	221	216	0	5
IS	1132	184	178	1	5
IS	1133	180	177	0	3
IS	1134	205	200	1	4
IS	1135	203	195	0	8
IS	1136	222	214	0	8
IS	1137	211	204	0	7
IS	1138	189	177	0	12
IS	1139	196	194	0	2
IS	1140	202	197	0	5
IS	1141	184	180	0	4
IS	1142	159	157	0	2
IS	1143	194	186	0	8
IS	1144	187	178	0	9
IS	1145	176	173	0	3
IS	1146	174	170	0	4
IS	1147	204	197	0	7
IS	1148	164	159	0	5
IS	1149	154	147	0	7
IS	1150	163	158	0	5
IS	1151	170	167	0	3
IS	1152	162	153	0	9
IS	1153	181	179	0	2
IS	1154	165	162	0	3
IS	1155	149	146	0	3
IS	1156	178	175	0	3
IS	1157	175	172	0	3
IS	1158	154	146	0	8
IS	1159	158	152	0	6
IS	1160	166	161	0	5
IS	1161	149	143	0	6
IS	1162	142	137	0	5
IS	1163	153	147	0	6
IS	1164	150	146	0	4
IS	1165	144	140	0	4
IS	1166	154	148	1	5
IS	1167	145	141	0	4
IS	1168	161	154	0	7
IS	1169	139	136	0	3
IS	1170	134	134	0	0
IS	1171	135	131	0	4
IS	1172	139	136	0	3
IS	1173	143	138	0	5
IS	1174	125	115	1	9
IS	1175	138	133	0	5
IS	1176	160	154	0	6
IS	1177	153	149	0	4
IS	1178	157	155	0	2
IS	1179	127	123	0	4
IS	1180	145	139	0	6
IS	1181	133	130	0	3
IS	1182	140	133	0	7
IS	1183	124	123	0	1
IS	1184	146	142	0	4
IS	1185	153	149	0	4
IS	1186	111	104	0	7
IS	1187	144	135	1	8
IS	1188	124	120	0	4
IS	1189	131	127	1	3
IS	1190	138	135	0	3
IS	1191	126	116	0	10
IS	1192	155	147	0	8
IS	1193	114	110	0	4
IS	1194	125	119	0	6
IS	1195	121	118	0	3
IS	1196	108	104	0	4
IS	1197	109	101	0	8
IS	1198	122	120	0	2
IS	1199	117	109	0	8
IS	1200	114	110	0	4
IS	1201	117	112	0	5
IS	1202	116	109	0	7
IS	1203	118	115	0	3
IS	1204	105	99	0	6
IS	1205	107	104	0	3
IS	1206	101	97	0	4
IS	1207	128	121	0	7
IS	1208	94	91	0	3
IS	1209	117	113	0	4
IS	1210	106	100	0	6
IS	1211	99	93	0	6
IS	1212	106	100	0	6
IS	1213	131	128	0	3
IS	1214	98	91	0	7
IS	1215	90	87	0	3
IS	1216	97	90	0	7
IS	1217	99	93	1	5
IS	1218	85	79	1	5
IS	1219	105	102	0	3
IS	1220	96	92	0	4
IS	1221	102	98	0	4
IS	1222	94	90	0	4
IS	1223	77	76	0	1
IS	1224	89	85	0	4
IS	1225	82	80	0	2
IS	1226	102	101	0	1
IS	1227	93	90	0	3
IS	1228	94	90	1	3
IS	1229	81	79	0	2
IS	1230	76	75	0	1
IS	1231	78	75	0	3
IS	1232	93	87	1	5
IS	1233	84	80	0	4
IS	1234	80	75	0	5
IS	1235	96	88	0	8
IS	1236	83	79	0	4
IS	1237	77	73	0	4
IS	1238	88	86	0	2
IS	1239	75	73	0	2
IS	1240	70	70	0	0
IS	1241	82	79	0	3
IS	1242	74	70	0	4
IS	1243	95	87	0	8
IS	1244	73	69	0	4
IS	1245	80	73	0	7
IS	1246	72	70	0	2
IS	1247	78	71	1	6
IS	1248	76	68	0	8
IS	1249	95	95	0	0
IS	1250	70	66	0	4
IS	1251	61	59	0	2
IS	1252	63	59	0	4
IS	1253	57	55	0	2
IS	1254	60	57	0	3
IS	1255	54	54	0	0
IS	1256	73	70	0	3
IS	1257	60	55	0	5
IS	1258	72	71	0	1
IS	1259	75	70	0	5
IS	1260	71	62	0	9
IS	1261	71	66	0	5
IS	1262	64	63	0	1
IS	1263	47	43	0	4
IS	1264	75	70	1	4
IS	1265	67	62	0	5
IS	1266	51	49	0	2
IS	1267	65	58	1	6
IS	1268	64	60	0	4
IS	1269	57	55	0	2
IS	1270	64	59	0	5
IS	1271	62	59	0	3
IS	1272	76	73	0	3
IS	1273	60	56	0	4
IS	1274	52	49	0	3
IS	1275	57	52	0	5
IS	1276	56	51	0	5
IS	1277	70	66	0	4
IS	1278	59	54	0	5
IS	1279	53	49	0	4
IS	1280	51	47	0	4
IS	1281	57	54	0	3
IS	1282	63	57	1	5
IS	1283	65	62	0	3
IS	1284	48	44	0	4
IS	1285	53	47	0	6
IS	1286	39	37	0	2
IS	1287	48	41	0	7
IS	1288	57	53	0	4
IS	1289	64	59	0	5
IS	1290	48	40	0	8
IS	1291	52	46	0	6
IS	1292	49	49	0	0
IS	1293	58	56	0	2
IS	1294	55	53	0	2
IS	1295	48	45	0	3
IS	1296	58	53	0	5
IS	1297	49	44	0	5
IS	1298	45	43	0	2
IS	1299	38	36	0	2
IS	1300	52	46	0	6
IS	1301	52	45	0	7
IS	1302	41	37	1	3
IS	1303	40	35	0	5
IS	1304	51	46	0	5
IS	1305	42	35	0	7
IS	1306	54	50	0	4
IS	1307	41	37	0	4
IS	1308	45	41	0	4
IS	1309	36	32	1	3
IS	1310	47	41	0	6
IS	1311	48	41	0	7
IS	1312	36	32	0	4
IS	1313	55	54	0	1
IS	1314	52	44	0	8
IS	1315	31	28	0	3
IS	1316	51	49	0	2
IS	1317	34	27	0	7
IS	1318	38	36	1	1
IS	1319	31	27	0	4
IS	1320	37	35	0	2
IS	1321	52	46	0	6
IS	1322	29	28	0	1
IS	1323	31	26	0	5
IS	1324	33	31	0	2
IS	1325	29	24	0	5
IS	1326	30	27	0	3
IS	1327	31	28	0	3
IS	1328	37	31	0	6
IS	1329	36	33	0	3
IS	1330	37	32	0	5
IS	1331	25	22	0	3
IS	1332	29	27	0	2
IS	1333	41	40	0	1
IS	1334	29	26	0	3
IS	1335	34	29	0	5
IS	1336	26	24	0	2
IS	1337	33	31	0	2
IS	1338	36	30	0	6
IS	1339	33	29	1	3
IS	1340	28	26	0	2
IS	1341	28	24	0	4
IS	1342	28	24	0	4
IS	1343	24	23	0	1
IS	1344	30	30	0	0
IS	1345	27	24	0	3
IS	1346	31	27	1	3
IS	1347	31	30	0	1
IS	1348	26	24	0	2
IS	1349	24	19	0	5
IS	1350	30	27	1	2
IS	1351	22	19	0	3
IS	1352	20	16	0	4
IS	1353	31	28	0	3
IS	1354	37	32	0	5
IS	1355	23	21	0	2
IS	1356	19	16	0	3
IS	1357	30	26	0	4
IS	1358	24	23	0	1
IS	1359	17	15	0	2
IS	1360	33	29	0	4
IS	1361	30	25	0	5
IS	1362	30	27	0	3
IS	1363	21	20	0	1
IS	1364	17	15	1	1
IS	1365	21	17	0	4
IS	1366	37	31	0	6
IS	1367	17	13	0	4
IS	1368	24	18	0	6
IS	1369	26	20	0	6
IS	1370	15	15	0	0
IS	1371	19	17	0	2
IS	1372	19	17	0	2
IS	1373	18	17	0	1
IS	1374	13	13	0	0
IS	1375	19	17	0	2
IS	1376	17	14	0	3
IS	1377	32	28	0	4
IS	1378	20	17	0	3
IS	1379	22	16	0	6
IS	1380	24	21	0	3
IS	1381	21	17	0	4
IS	1382	28	18	0	10
IS	1383	21	17	0	4
IS	1384	24	16	0	8
IS	1385	26	20	0	6
IS	1386	20	20	0	0
IS	1387	12	10	0	2
IS	1388	16	14	0	2
IS	1389	22	16	0	6
IS	1390	11	7	0	4
IS	1391	16	15	0	1
IS	1392	18	13	0	5
IS	1393	16	12	0	4
IS	1394	18	15	0	3
IS	1395	20	16	0	4
IS	1396	17	14	0	3
IS	1397	12	10	0	2
IS	1398	13	9	0	4
IS	1399	18	14	0	4
IS	1400	13	11	0	2
IS	1401	24	19	0	5
IS	1402	17	13	0	4
IS	1403	13	11	0	2
IS	1404	16	11	1	4
IS	1405	16	13	0	3
IS	1406	17	17	0	0
IS	1407	12	10	0	2
IS	1408	9	9	0	0
IS	1409	13	9	1	3
IS	1410	19	14	0	5
IS	1411	12	8	0	4
IS	1412	17	13	0	4
IS	1413	17	12	0	5
IS	1414	13	7	0	6
IS	1415	13	11	0	2
IS	1416	18	13	0	5
IS	1417	17	12	0	5
IS	1418	15	12	0	3
IS	1419	17	12	0	5
IS	1420	9	6	1	2
IS	1421	9	6	0	3
IS	1422	11	8	0	3
IS	1423	18	14	0	4
IS	1424	11	9	0	2
IS	1425	17	13	0	4
IS	1426	10	8	0	2
IS	1427	17	14	0	3
IS	1428	6	5	0	1
IS	1429	9	6	0	3
IS	1430	15	12	0	3
IS	1431	10	9	0	1
IS	1432	13	9	0	4
IS	1433	16	15	0	1
IS	1434	11	8	0	3
IS	1435	11	7	0	4
IS	1436	12	10	0	2
IS	1437	10	8	0	2
IS	1438	4	2	0	2
IS	1439	16	9	0	7
IS	1440	12	8	0	4
IS	1441	10	6	0	4
IS	1442	10	5	0	5
IS	1443	8	6	0	2
IS	1444	14	7	0	7
IS	1445	13	7	1	5
IS	1446	10	8	0	2
IS	1447	9	8	0	1
IS	1448	12	10	0	2
IS	1449	10	6	0	4
IS	1450	17	12	0	5
IS	1451	6	4	0	2
IS	1452	10	8	0	2
IS	1453	7	5	0	2
IS	1454	11	9	0	2
IS	1455	8	6	0	2
IS	1456	8	2	0	6
IS	1457	13	7	0	6
IS	1458	9	5	1	3
IS	1459	4	3	0	1
IS	1460	6	6	0	0
IS	1461	10	5	0	5
IS	1462	7	5	0	2
IS	1463	11	6	0	5
IS	1464	8	8	0	0
IS	1465	8	6	0	2
IS	1466	8	6	0	2
IS	1467	10	7	0	3
IS	1468	14	9	1	4
IS	1469	10	8	0	2
IS	1470	12	6	0	6
IS	1471	6	5	0	1
IS	1472	8	6	0	2
IS	1473	10	7	0	3
IS	1474	9	7	0	2
IS	1475	4	2	0	2
IS	1476	10	2	0	8
IS	1477	13	8	0	5
IS	1478	6	5	0	1
IS	1479	5	4	0	1
IS	1480	5	1	0	4
IS	1481	12	6	0	6
IS	1482	5	2	0	3
IS	1483	6	4	0	2
IS	1484	10	7	0	3
IS	1485	4	2	0	2
IS	1486	7	5	0	2
IS	1487	8	3	0	5
IS	1488	6	4	0	2
IS	1489	4	1	0	3
IS	1490	3	1	0	2
IS	1491	9	7	0	2
IS	1492	7	6	0	1
IS	1493	11	8	0	3
IS	1494	11	5	0	6
IS	1495	4	1	0	3
IS	1496	7	3	0	4
IS	1497	12	8	0	4
IS	1498	7	2	0	5
IS	1499	6	5	0	1
IS	1500	6	3	0	3
IS	1501	4	3	0	1
IS	1502	7	4	0	3
IS	1503	9	5	0	4
IS	1504	7	2	0	5
IS	1505	10	3	1	6
IS	1506	8	7	0	1
IS	1507	7	4	1	2
IS	1508	4	3	0	1
IS	1509	9	6	0	3
IS	1510	4	0	0	4
IS	1511	7	4	0	3
IS	1512	5	3	0	2
IS	1513	5	1	0	4
IS	1514	7	1	1	5
IS	1515	9	4	0	5
IS	1516	4	2	0	2
IS	1517	4	1	0	3
IS	1518	6	2	0	4
IS	1519	4	3	0	1
IS	1520	6	3	0	3
IS	1521	6	2	0	4
IS	1522	6	0	0	6
IS	1523	3	1	0	2
IS	1524	7	3	0	4
IS	1525	8	3	0	5
IS	1526	2	0	0	2
IS	1527	6	4	0	2
IS	1528	5	1	1	3
IS	1529	10	4	0	6
IS	1530	2	1	0	1
IS	1531	5	1	0	4
IS	1532	1	0	0	1
IS	1533	7	2	0	5
IS	1534	10	4	0	6
IS	1535	5	1	0	4
IS	1536	7	5	0	2
IS	1537	7	3	0	4
IS	1538	3	2	0	1
IS	1539	5	1	1	3
IS	1540	4	2	0	2
IS	1541	4	2	0	2
IS	1542	3	3	0	0
IS	1543	7	3	0	4
IS	1544	2	1	0	1
IS	1545	6	2	0	4
IS	1546	6	1	0	5
IS	1547	9	2	1	6
IS	1548	5	1	0	4
IS	1549	6	2	0	4
IS	1550	4	1	0	3
IS	1551	2	1	0	1
IS	1552	4	1	1	2
IS	1553	7	2	0	5
IS	1554	4	1	0	3
IS	1555	4	3	0	1
IS	1556	3	2	0	1
IS	1557	7	0	0	7
IS	1558	2	0	0	2
IS	1559	2	0	0	2
IS	1560	3	0	0	3
IS	1561	3	2	0	1
IS	1562	7	1	0	6
IS	1563	5	1	0	4
IS	1564	4	2	0	2
IS	1565	5	0	0	5
IS	1566	2	1	0	1
IS	1567	4	0	0	4
IS	1568	2	0	0	2
IS	1569	4	0	0	4
IS	1570	0	0	0	0
IS	1571	2	0	0	2
IS	1572	5	2	0	3
IS	1573	5	2	0	3
IS	1574	4	1	0	3
IS	1575	4	0	0	4
IS	1576	5	2	0	3
IS	1577	10	3	0	7
IS	1578	4	2	0	2
IS	1579	6	4	0	2
IS	1580	3	1	0	2
IS	1581	3	1	0	2
IS	1582	9	3	0	6
IS	1583	3	2	0	1
IS	1584	2	0	0	2
IS	1585	6	3	0	3
IS	1586	6	2	0	4
IS	1587	2	1	0	1
IS	1588	3	1	0	2
IS	1589	5	2	0	3
IS	1590	2	1	0	1
IS	1591	5	2	0	3
IS	1592	5	1	0	4
IS	1593	7	1	0	6
IS	1594	9	1	0	8
IS	1595	5	1	0	4
IS	1596	4	2	0	2
IS	1597	5	2	0	3
IS	1598	3	1	1	1
IS	1599	3	1	0	2
IS	1600	0	0	0	0
IS	1601	5	1	0	4
IS	1602	4	0	0	4
IS	1603	1	0	0	1
IS	1604	9	1	0	8
IS	1605	4	1	0	3
IS	1606	4	0	0	4
IS	1607	3	1	0	2
IS	1608	5	2	0	3
IS	1609	3	0	0	3
IS	1610	6	1	0	5
IS	1611	3	2	0	1
IS	1612	1	1	0	0
IS	1613	1	0	0	1
IS	1614	3	0	0	3
IS	1615	3	0	0	3
IS	1616	5	1	0	4
IS	1617	1	0	0	1
IS	1618	2	0	0	2
IS	1619	6	2	0	4
IS	1620	4	1	0	3
IS	1621	3	1	0	2
IS	1622	5	0	0	5
IS	1623	3	0	0	3
IS	1624	6	1	0	5
IS	1625	5	0	0	5
IS	1626	1	1	0	0
IS	1627	3	0	0	3
IS	1628	2	1	0	1
IS	1629	1	0	0	1
IS	1630	4	1	0	3
IS	1631	3	1	0	2
IS	1632	5	0	0	5
IS	1633	7	1	0	6
IS	1634	2	0	0	2
IS	1635	3	1	0	2
IS	1636	2	1	0	1
IS	1637	9	2	0	7
IS	1638	2	1	0	1
IS	1639	2	0	0	2
IS	1640	4	0	0	4
IS	1641	7	0	0	7
IS	1642	5	0	0	5
IS	1643	4	0	0	4
IS	1644	5	0	0	5
IS	1645	0	0	0	0
IS	1646	8	0	0	8
IS	1647	6	1	0	5
IS	1648	5	0	0	5
IS	1649	0	0	0	0
IS	1650	3	1	0	2
IS	1651	4	1	0	3
IS	1652	2	0	0	2
IS	1653	4	0	0	4
IS	1654	4	1	1	2
IS	1655	3	0	0	3
IS	1656	5	0	0	5
IS	1657	3	0	0	3
IS	1658	2	0	0	2
IS	1659	1	0	0	1
IS	1660	3	0	0	3
IS	1661	1	0	0	1
IS	1662	4	0	0	4
IS	1663	6	2	0	4
IS	1664	1	0	0	1
IS	1665	4	0	0	4
IS	1666	3	0	0	3
IS	1667	2	0	0	2
IS	1668	7	1	0	6
IS	1669	1	0	0	1
IS	1670	1	0	0	1
IS	1671	3	1	0	2
IS	1672	6	2	0	4
IS	1673	0	0	0	0
IS	1674	4	0	0	4
IS	1675	3	1	0	2
IS	1676	3	1	0	2
IS	1677	1	0	0	1
IS	1678	3	1	0	2
IS	1679	2	0	0	2
IS	1680	5	1	0	4
IS	1681	2	1	0	1
IS	1682	4	1	0	3
IS	1683	0	0	0	0
IS	1684	6	0	0	6
IS	1685	2	1	0	1
IS	1686	0	0	0	0
IS	1687	4	1	0	3
IS	1688	4	0	0	4
IS	1689	6	1	0	5
IS	1690	6	0	0	6
IS	1691	3	0	0	3
IS	1692	6	2	0	4
IS	1693	4	0	0	4
IS	1694	0	0	0	0
IS	1695	2	1	0	1
IS	1696	1	0	0	1
IS	1697	3	0	0	3
IS	1698	3	0	0	3
IS	1699	3	0	0	3
IS	1700	2	0	0	2
IS	1701	4	1	0	3
IS	1702	2	0	0	2
IS	1703	3	0	0	3
IS	1704	1	0	0	1
IS	1705	1	0	0	1
IS	1706	4	1	1	2
IS	1707	2	0	0	2
IS	1708	1	0	0	1
IS	1709	1	0	0	1
IS	1710	4	0	0	4
IS	1711	3	0	0	3
IS	1712	2	0	0	2
IS	1713	8	2	0	6
IS	1714	6	1	0	5
IS	1715	4	1	0	3
IS	1716	0	0	0	0
IS	1717	4	0	0	4
IS	1718	4	0	0	4
IS	1719	4	1	0	3
IS	1720	0	0	0	0
IS	1721	2	0	0	2
IS	1722	2	0	0	2
IS	1723	1	0	0	1
IS	1724	2	0	0	2
IS	1725	3	0	0	3
IS	1726	1	0	0	1
IS	1727	2	0	0	2
IS	1728	2	0	0	2
IS	1729	3	0	1	2
IS	1730	1	0	0	1
IS	1731	3	1	0	2
IS	1732	4	0	0	4
IS	1733	2	0	0	2
IS	1734	3	0	0	3
IS	1735	2	0	0	2
IS	1736	1	0	0	1
IS	1737	3	1	0	2
IS	1738	5	0	0	5
IS	1739	4	0	0	4
IS	1740	0	0	0	0
IS	1741	2	0	0	2
IS	1742	8	0	0	8
IS	1743	2	0	1	1
IS	1744	3	0	0	3
IS	1745	2	0	0	2
IS	1746	2	0	0	2
IS	1747	4	0	0	4
IS	1748	1	1	0	0
IS	1749	0	0	0	0
IS	1750	0	0	0	0
IS	1751	3	0	0	3
IS	1752	6	0	0	6
IS	1753	4	1	0	3
IS	1754	4	1	0	3
IS	1755	2	0	0	2
IS	1756	0	0	0	0
IS	1757	2	0	0	2
IS	1758	3	0	0	3
IS	1759	5	1	1	3
IS	1760	2	0	0	2
IS	1761	4	0	0	4
IS	1762	2	0	0	2
IS	1763	3	0	0	3
IS	1764	3	0	0	3
IS	1765	4	0	0	4
IS	1766	2	0	0	2
IS	1767	2	0	0	2
IS	1768	3	0	0	3
IS	1769	3	0	0	3
IS	1770	2	0	0	2
IS	1771	4	0	0	4
IS	1772	3	0	0	3
IS	1773	6	1	0	5
IS	1774	3	0	0	3
IS	1775	1	0	0	1
IS	1776	4	1	0	3
IS	1777	0	0	0	0
IS	1778	6	0	0	6
IS	1779	1	1	0	0
IS	1780	0	0	0	0
IS	1781	4	1	0	3
IS	1782	1	0	0	1
IS	1783	0	0	0	0
IS	1784	3	1	0	2
IS	1785	2	1	0	1
IS	1786	0	0	0	0
IS	1787	3	0	0	3
IS	1788	3	0	0	3
IS	1789	1	0	0	1
IS	1790	2	0	0	2
IS	1791	1	1	0	0
IS	1792	2	0	0	2
IS	1793	3	1	0	2
IS	1794	1	0	0	1
IS	1795	4	0	1	3
IS	1796	2	0	1	1
IS	1797	5	0	0	5
IS	1798	0	0	0	0
IS	1799	3	0	0	3
IS	1800	3	1	0	2
IS	1801	2	0	0	2
IS	1802	1	0	0	1
IS	1803	2	0	0	2
IS	1804	5	0	0	5
IS	1805	5	1	0	4
IS	1806	7	0	0	7
IS	1807	1	1	0	0
IS	1808	3	0	0	3
IS	1809	3	0	0	3
IS	1810	2	0	0	2
IS	1811	2	0	0	2
IS	1812	1	0	0	1
IS	1813	3	0	0	3
IS	1814	4	0	0	4
IS	1815	7	0	0	7
IS	1816	2	0	0	2
IS	1817	2	1	0	1
IS	1818	4	2	0	2
IS	1819	2	1	0	1
IS	1820	2	0	0	2
IS	1821	3	0	0	3
IS	1822	0	0	0	0
IS	1823	4	0	0	4
IS	1824	4	0	0	4
IS	1825	1	0	0	1
IS	1826	5	0	0	5
IS	1827	0	0	0	0
IS	1828	4	0	0	4
IS	1829	1	0	0	1
IS	1830	5	0	0	5
IS	1831	2	0	0	2
IS	1832	4	0	0	4
IS	1833	3	1	0	2
IS	1834	4	0	0	4
IS	1835	1	0	0	1
IS	1836	3	1	1	1
IS	1837	1	0	0	1
IS	1838	4	1	0	3
IS	1839	3	0	0	3
IS	1840	2	0	0	2
IS	1841	5	0	0	5
IS	1842	1	0	0	1
IS	1843	0	0	0	0
IS	1844	1	0	0	1
IS	1845	3	0	0	3
IS	1846	3	0	0	3
IS	1847	4	0	0	4
IS	1848	0	0	0	0
IS	1849	2	0	0	2
IS	1850	2	0	0	2
IS	1851	2	0	0	2
IS	1852	1	0	0	1
IS	1853	4	0	0	4
IS	1854	2	0	0	2
IS	1855	1	0	0	1
IS	1856	2	0	0	2
IS	1857	3	0	0	3
IS	1858	7	0	0	7
IS	1859	2	0	0	2
IS	1860	3	0	0	3
IS	1861	2	0	0	2
IS	1862	0	0	0	0
IS	1863	2	0	0	2
IS	1864	5	0	0	5
IS	1865	1	0	0	1
IS	1866	1	0	0	1
IS	1867	1	0	0	1
IS	1868	4	0	0	4
IS	1869	0	0	0	0
IS	1870	2	0	0	2
IS	1871	3	0	0	3
IS	1872	0	0	0	0
IS	1873	3	0	0	3
IS	1874	4	0	0	4
IS	1875	3	0	0	3
IS	1876	1	0	0	1
IS	1877	2	0	0	2
IS	1878	3	0	0	3
IS	1879	0	0	0	0
IS	1880	2	0	0	2
IS	1881	0	0	0	0
IS	1882	3	0	0	3
IS	1883	0	0	0	0
IS	1884	1	0	1	0
IS	1885	1	0	0	1
IS	1886	2	1	0	1
IS	1887	2	0	0	2
IS	1888	1	0	0	1
IS	1889	3	0	0	3
IS	1890	3	0	0	3
IS	1891	2	1	0	1
IS	1892	3	0	0	3
IS	1893	0	0	0	0
IS	1894	3	0	0	3
IS	1895	3	0	0	3
IS	1896	2	0	0	2
IS	1897	3	0	0	3
IS	1898	1	0	0	1
IS	1899	2	0	0	2
IS	1900	3	0	0	3
IS	1901	1	0	0	1
IS	1902	4	0	0	4
IS	1903	7	1	0	6
IS	1904	4	0	0	4
IS	1905	4	0	0	4
IS	1906	1	0	0	1
IS	1907	4	0	0	4
IS	1908	4	0	1	3
IS	1909	3	0	0	3
IS	1910	1	0	0	1
IS	1911	2	0	0	2
IS	1912	6	0	0	6
IS	1913	2	0	0	2
IS	1914	6	0	0	6
IS	1915	3	0	0	3
IS	1916	2	0	0	2
IS	1917	2	0	0	2
IS	1918	2	0	0	2
IS	1919	2	1	0	1
IS	1920	1	0	0	1
IS	1921	4	0	0	4
IS	1922	2	0	0	2
IS	1923	3	0	0	3
IS	1924	3	0	0	3
IS	1925	1	1	0	0
IS	1926	4	0	0	4
IS	1927	1	0	0	1
IS	1928	3	1	0	2
IS	1929	4	0	0	4
IS	1930	1	0	0	1
IS	1931	1	0	0	1
IS	1932	2	0	0	2
IS	1933	2	1	0	1
IS	1934	2	0	0	2
IS	1935	0	0	0	0
IS	1936	2	0	0	2
IS	1937	1	0	0	1
IS	1938	5	0	0	5
IS	1939	1	0	0	1
IS	1940	2	0	0	2
IS	1941	6	0	0	6
IS	1942	2	0	0	2
IS	1943	4	0	0	4
IS	1944	4	0	0	4
IS	1945	3	0	0	3
IS	1946	0	0	0	0
IS	1947	2	1	0	1
IS	1948	0	0	0	0
IS	1949	2	0	0	2
IS	1950	2	0	0	2
IS	1951	6	0	0	6
IS	1952	1	0	0	1
IS	1953	2	0	0	2
IS	1954	4	0	0	4
IS	1955	1	0	0	1
IS	1956	0	0	0	0
IS	1957	1	0	0	1
IS	1958	5	0	1	4
IS	1959	0	0	0	0
IS	1960	3	0	0	3
IS	1961	0	0	0	0
IS	1962	4	0	0	4
IS	1963	1	0	0	1
IS	1964	1	0	0	1
IS	1965	5	0	0	5
IS	1966	3	0	0	3
IS	1967	1	1	0	0
IS	1968	2	1	0	1
IS	1969	2	0	0	2
IS	1970	1	0	0	1
IS	1971	3	0	0	3
IS	1972	1	0	0	1
IS	1973	3	0	0	3
IS	1974	2	0	0	2
IS	1975	1	0	0	1
IS	1976	1	0	0	1
IS	1977	2	0	0	2
IS	1978	1	0	0	1
IS	1979	1	0	0	1
IS	1980	4	0	0	4
IS	1981	1	1	0	0
IS	1982	3	0	0	3
IS	1983	2	0	0	2
IS	1984	1	0	0	1
IS	1985	3	0	0	3
IS	1986	4	0	0	4
IS	1987	2	0	0	2
IS	1988	1	0	0	1
IS	1989	1	0	0	1
IS	1990	1	0	0	1
IS	1991	0	0	0	0
IS	1992	3	1	0	2
IS	1993	2	0	0	2
IS	1994	1	0	0	1
IS	1995	2	0	0	2
IS	1996	1	0	0	1
IS	1997	1	0	0	1
IS	1998	2	0	0	2
IS	1999	2	0	0	2
IS	2000	0	0	0	0
IS	2001	4	0	0	4
IS	2002	6	0	0	6
IS	2003	1	0	0	1
IS	2004	2	0	0	2
IS	2005	3	0	0	3
IS	2006	1	0	0	1
IS	2007	5	0	0	5
IS	2008	3	0	0	3
IS	2009	3	0	0	3
IS	2010	1	0	0	1
IS	2011	1	0	0	1
IS	2012	2	0	0	2
IS	2013	6	0	0	6
IS	2014	3	0	0	3
IS	2015	2	0	0	2
IS	2016	1	0	0	1
IS	2017	4	0	0	4
IS	2018	7	0	0	7
IS	2019	1	0	0	1
IS	2020	5	0	0	5
IS	2021	4	0	0	4
IS	2022	2	0	0	2
IS	2023	0	0	0	0
IS	2024	1	0	0	1
IS	2025	2	0	0	2
IS	2026	5	0	0	5
IS	2027	2	0	0	2
IS	2028	3	1	0	2
IS	2029	2	1	0	1
IS	2030	4	0	0	4
IS	2031	1	0	0	1
IS	2032	1	0	0	1
IS	2033	3	0	0	3
IS	2034	1	0	0	1
IS	2035	1	0	0	1
IS	2036	2	0	0	2
IS	2037	1	0	0	1
IS	2038	2	0	0	2
IS	2039	2	0	0	2
IS	2040	2	0	1	1
IS	2041	1	0	0	1
IS	2042	2	0	0	2
IS	2043	1	0	0	1
IS	2044	2	0	0	2
IS	2045	2	0	0	2
IS	2046	2	0	0	2
IS	2047	2	0	0	2
IS	2048	3	0	0	3
IS	2049	3	0	0	3
IS	2050	0	0	0	0
IS	2051	2	1	0	1
IS	2052	1	0	0	1
IS	2053	1	0	0	1
IS	2054	2	0	0	2
IS	2055	3	0	0	3
IS	2056	3	0	0	3
IS	2057	2	0	0	2
IS	2058	2	0	0	2
IS	2059	3	0	0	3
IS	2060	2	0	0	2
IS	2061	1	0	0	1
IS	2062	2	0	0	2
IS	2063	1	0	0	1
IS	2064	0	0	0	0
IS	2065	1	0	0	1
IS	2066	2	0	0	2
IS	2067	2	1	0	1
IS	2068	3	0	0	3
IS	2069	1	0	0	1
IS	2070	2	0	0	2
IS	2071	1	0	0	1
IS	2072	3	0	0	3
IS	2073	0	0	0	0
IS	2074	4	0	0	4
IS	2075	1	0	0	1
IS	2076	4	0	0	4
IS	2077	4	0	0	4
IS	2078	2	0	0	2
IS	2079	0	0	0	0
IS	2080	2	0	0	2
IS	2081	1	0	0	1
IS	2082	2	0	0	2
IS	2083	1	0	0	1
IS	2084	2	0	0	2
IS	2085	1	0	0	1
IS	2086	3	1	0	2
IS	2087	2	0	0	2
IS	2088	3	0	0	3
IS	2089	0	0	0	0
IS	2090	3	0	0	3
IS	2091	1	0	0	1
IS	2092	1	0	0	1
IS	2093	5	1	0	4
IS	2094	1	0	0	1
IS	2095	1	0	0	1
IS	2096	0	0	0	0
IS	2097	2	0	0	2
IS	2098	1	0	0	1
IS	2099	1	0	0	1
IS	2100	1	0	0	1
IS	2101	3	0	0	3
IS	2102	4	0	0	4
IS	2103	0	0	0	0
IS	2104	1	0	0	1
IS	2105	2	0	0	2
IS	2106	2	0	0	2
IS	2107	2	1	0	1
IS	2108	3	0	0	3
IS	2109	0	0	0	0
IS	2110	1	0	0	1
IS	2111	4	0	0	4
IS	2112	2	0	0	2
IS	2113	3	0	0	3
IS	2114	3	0	0	3
IS	2115	0	0	0	0
IS	2116	2	0	0	2
IS	2117	2	0	0	2
IS	2118	3	0	0	3
IS	2119	2	0	0	2
IS	2120	0	0	0	0
IS	2121	2	0	0	2
IS	2122	3	0	0	3
IS	2123	2	0	0	2
IS	2124	5	0	0	5
IS	2125	1	0	0	1
IS	2126	2	0	0	2
IS	2127	2	0	0	2
IS	2128	5	1	0	4
IS	2129	2	0	0	2
IS	2130	0	0	0	0
IS	2131	1	1	0	0
IS	2132	4	0	0	4
IS	2133	1	0	0	1
IS	2134	0	0	0	0
IS	2135	2	0	0	2
IS	2136	4	0	0	4
IS	2137	1	0	0	1
IS	2138	5	0	0	5
IS	2139	1	0	0	1
IS	2140	2	1	0	1
IS	2141	0	0	0	0
IS	2142	0	0	0	0
IS	2143	2	0	0	2
IS	2144	2	0	0	2
IS	2145	0	0	0	0
IS	2146	2	0	0	2
IS	2147	4	0	0	4
IS	2148	2	0	0	2
IS	2149	2	1	0	1
IS	2150	6	0	0	6
IS	2151	3	0	0	3
IS	2152	2	0	1	1
IS	2153	2	1	0	1
IS	2154	3	0	0	3
IS	2155	3	0	0	3
IS	2156	2	0	0	2
IS	2157	4	0	0	4
IS	2158	2	0	0	2
IS	2159	3	0	0	3
IS	2160	1	0	0	1
IS	2161	1	0	0	1
IS	2162	7	0	0	7
IS	2163	2	0	0	2
IS	2164	1	0	0	1
IS	2165	2	1	0	1
IS	2166	4	0	0	4
IS	2167	0	0	0	0
IS	2168	1	0	0	1
IS	2169	3	1	0	2
IS	2170	3	0	0	3
IS	2171	1	0	0	1
IS	2172	4	0	0	4
IS	2173	3	0	0	3
IS	2174	2	0	0	2
IS	2175	2	0	0	2
IS	2176	0	0	0	0
IS	2177	3	0	0	3
IS	2178	1	0	0	1
IS	2179	2	0	0	2
IS	2180	3	0	0	3
IS	2181	3	0	0	3
IS	2182	2	0	0	2
IS	2183	2	0	1	1
IS	2184	4	0	0	4
IS	2185	1	0	0	1
IS	2186	1	0	0	1
IS	2187	0	0	0	0
IS	2188	0	0	0	0
IS	2189	2	0	0	2
IS	2190	3	1	0	2
IS	2191	2	0	0	2
IS	2192	1	0	0	1
IS	2193	3	0	0	3
IS	2194	0	0	0	0
IS	2195	0	0	0	0
IS	2196	1	0	0	1
IS	2197	0	0	0	0
IS	2198	1	0	0	1
IS	2199	2	0	0	2
IS	2200	3	0	0	3
IS	2201	4	2	0	2
IS	2202	1	0	0	1
IS	2203	3	0	0	3
IS	2204	3	0	0	3
IS	2205	0	0	0	0
IS	2206	0	0	0	0
IS	2207	3	1	0	2
IS	2208	4	0	1	3
IS	2209	0	0	0	0
IS	2210	3	0	0	3
IS	2211	2	0	0	2
IS	2212	1	0	0	1
IS	2213	2	0	0	2
IS	2214	4	0	0	4
IS	2215	1	0	0	1
IS	2216	1	0	0	1
IS	2217	1	0	0	1
IS	2218	0	0	0	0
IS	2219	1	0	0	1
IS	2220	3	0	0	3
IS	2221	1	0	1	0
IS	2222	2	0	0	2
IS	2223	0	0	0	0
IS	2224	4	0	0	4
IS	2225	0	0	0	0
IS	2226	0	0	0	0
IS	2227	2	0	0	2
IS	2228	1	0	0	1
IS	2229	2	0	0	2
IS	2230	2	0	0	2
IS	2231	3	0	0	3
IS	2232	2	0	0	2
IS	2233	0	0	0	0
IS	2234	1	0	0	1
IS	2235	2	0	0	2
IS	2236	1	0	0	1
IS	2237	1	0	0	1
IS	2238	4	0	0	4
IS	2239	1	0	0	1
IS	2240	4	0	0	4
IS	2241	2	0	0	2
IS	2242	1	0	0	1
IS	2243	1	0	0	1
IS	2244	3	0	0	3
IS	2245	0	0	0	0
IS	2246	1	0	0	1
IS	2247	1	0	0	1
IS	2248	0	0	0	0
IS	2249	0	0	0	0
IS	2250	1	0	0	1
IS	2251	3	0	0	3
IS	2252	4	0	0	4
IS	2253	4	0	0	4
IS	2254	2	0	0	2
IS	2255	5	1	0	4
IS	2256	4	0	0	4
IS	2257	3	0	1	2
IS	2258	1	0	0	1
IS	2259	1	0	0	1
IS	2260	0	0	0	0
IS	2261	4	0	0	4
IS	2262	3	0	0	3
IS	2263	3	1	0	2
IS	2264	2	0	0	2
IS	2265	3	0	0	3
IS	2266	5	0	0	5
IS	2267	4	0	0	4
IS	2268	2	0	1	1
IS	2269	2	0	0	2
IS	2270	2	0	1	1
IS	2271	2	0	0	2
IS	2272	3	0	0	3
IS	2273	2	0	0	2
IS	2274	5	1	0	4
IS	2275	2	0	0	2
IS	2276	4	2	0	2
IS	2277	2	0	0	2
IS	2278	0	0	0	0
IS	2279	0	0	0	0
IS	2280	2	0	0	2
IS	2281	0	0	0	0
IS	2282	3	0	0	3
IS	2283	1	0	0	1
IS	2284	0	0	0	0
IS	2285	2	0	0	2
IS	2286	2	1	0	1
IS	2287	3	0	0	3
IS	2288	1	0	0	1
IS	2289	2	0	0	2
IS	2290	1	0	0	1
IS	2291	2	0	0	2
IS	2292	0	0	0	0
IS	2293	1	0	0	1
IS	2294	1	0	0	1
IS	2295	1	0	0	1
IS	2296	2	0	0	2
IS	2297	0	0	0	0
IS	2298	2	0	0	2
IS	2299	1	0	0	1
IS	2300	5	0	0	5
IS	2301	2	0	0	2
IS	2302	2	0	0	2
IS	2303	2	0	0	2
IS	2304	3	0	0	3
IS	2305	1	0	0	1
IS	2306	1	0	0	1
IS	2307	3	0	0	3
IS	2308	5	0	0	5
IS	2309	1	0	0	1
IS	2310	1	0	0	1
IS	2311	1	0	0	1
IS	2312	2	0	0	2
IS	2313	4	0	0	4
IS	2314	4	0	0	4
IS	2315	1	0	0	1
IS	2316	2	0	0	2
IS	2317	0	0	0	0
IS	2318	2	0	0	2
IS	2319	1	0	0	1
IS	2320	0	0	0	0
IS	2321	5	1	1	3
IS	2322	3	0	0	3
IS	2323	1	0	0	1
IS	2324	0	0	0	0
IS	2325	4	0	0	4
IS	2326	3	0	0	3
IS	2327	1	0	0	1
IS	2328	0	0	0	0
IS	2329	2	0	0	2
IS	2330	1	0	0	1
IS	2331	3	0	0	3
IS	2332	3	0	0	3
IS	2333	2	0	0	2
IS	2334	1	0	0	1
IS	2335	0	0	0	0
IS	2336	2	0	0	2
IS	2337	3	0	0	3
IS	2338	1	0	0	1
IS	2339	3	0	0	3
IS	2340	2	0	0	2
IS	2341	3	0	0	3
IS	2342	2	0	0	2
IS	2343	2	0	0	2
IS	2344	1	0	0	1
IS	2345	2	0	0	2
IS	2346	0	0	0	0
IS	2347	0	0	0	0
IS	2348	0	0	0	0
IS	2349	1	0	0	1
IS	2350	1	0	0	1
IS	2351	2	0	0	2
IS	2352	2	0	1	1
IS	2353	2	0	0	2
IS	2354	2	0	0	2
IS	2355	3	0	0	3
IS	2356	2	0	0	2
IS	2357	1	0	0	1
IS	2358	2	0	0	2
IS	2359	1	0	0	1
IS	2360	0	0	0	0
IS	2361	0	0	0	0
IS	2362	1	0	0	1
IS	2363	2	0	0	2
IS	2364	0	0	0	0
IS	2365	1	0	0	1
IS	2366	4	1	0	3
IS	2367	1	0	0	1
IS	2368	2	0	0	2
IS	2369	0	0	0	0
IS	2370	0	0	0	0
IS	2371	1	0	0	1
IS	2372	1	0	0	1
IS	2373	3	0	0	3
IS	2374	2	0	0	2
IS	2375	1	0	0	1
IS	2376	2	0	0	2
IS	2377	0	0	0	0
IS	2378	2	0	0	2
IS	2379	0	0	0	0
IS	2380	3	0	0	3
IS	2381	0	0	0	0
IS	2382	2	0	0	2
IS	2383	1	0	0	1
IS	2384	2	0	0	2
IS	2385	0	0	0	0
IS	2386	3	0	0	3
IS	2387	2	0	0	2
IS	2388	0	0	0	0
IS	2389	0	0	0	0
IS	2390	4	0	0	4
IS	2391	0	0	0	0
IS	2392	1	0	1	0
IS	2393	1	0	0	1
IS	2394	1	0	0	1
IS	2395	1	0	0	1
IS	2396	1	0	0	1
IS	2397	3	0	0	3
IS	2398	0	0	0	0
IS	2399	0	0	0	0
IS	2400	2	0	0	2
IS	2401	3	0	0	3
IS	2402	3	0	0	3
IS	2403	1	0	0	1
IS	2404	3	0	0	3
IS	2405	2	0	0	2
IS	2406	0	0	0	0
IS	2407	2	0	0	2
IS	2408	1	0	0	1
IS	2409	2	0	0	2
IS	2410	2	0	0	2
IS	2411	2	0	0	2
IS	2412	0	0	0	0
IS	2413	2	0	0	2
IS	2414	2	0	0	2
IS	2415	1	0	0	1
IS	2416	3	0	0	3
IS	2417	2	1	0	1
IS	2418	3	0	0	3
IS	2419	0	0	0	0
IS	2420	2	0	0	2
IS	2421	1	0	0	1
IS	2422	0	0	0	0
IS	2423	2	0	0	2
IS	2424	2	0	0	2
IS	2425	1	0	0	1
IS	2426	2	0	0	2
IS	2427	1	0	0	1
IS	2428	2	0	0	2
IS	2429	1	0	0	1
IS	2430	1	0	0	1
IS	2431	4	0	1	3
IS	2432	2	0	0	2
IS	2433	2	0	0	2
IS	2434	1	0	0	1
IS	2435	4	0	0	4
IS	2436	1	0	0	1
IS	2437	2	0	0	2
IS	2438	1	0	0	1
IS	2439	2	0	0	2
IS	2440	1	0	0	1
IS	2441	0	0	0	0
IS	2442	1	0	0	1
IS	2443	2	0	0	2
IS	2444	1	0	0	1
IS	2445	0	0	0	0
IS	2446	1	0	0	1
IS	2447	0	0	0	0
IS	2448	4	0	0	4
IS	2449	1	0	0	1
IS	2450	0	0	0	0
IS	2451	1	0	0	1
IS	2452	0	0	0	0
IS	2453	1	0	0	1
IS	2454	0	0	0	0
IS	2455	2	0	0	2
IS	2456	2	0	0	2
IS	2457	0	0	0	0
IS	2458	1	0	0	1
IS	2459	2	0	0	2
IS	2460	2	0	0	2
IS	2461	1	0	0	1
IS	2462	3	0	0	3
IS	2463	2	0	0	2
IS	2464	2	0	0	2
IS	2465	1	0	0	1
IS	2466	1	0	0	1
IS	2467	3	1	0	2
IS	2468	1	0	0	1
IS	2469	2	0	0	2
IS	2470	2	0	0	2
IS	2471	1	0	0	1
IS	2472	6	0	0	6
IS	2473	1	1	0	0
IS	2474	2	0	0	2
IS	2475	2	0	0	2
IS	2476	3	0	0	3
IS	2477	0	0	0	0
IS	2478	0	0	0	0
IS	2479	1	0	0	1
IS	2480	2	0	0	2
IS	2481	1	0	0	1
IS	2482	1	0	0	1
IS	2483	0	0	0	0
IS	2484	3	0	0	3
IS	2485	2	0	0	2
IS	2486	0	0	0	0
IS	2487	1	0	0	1
IS	2488	2	0	0	2
IS	2489	4	0	0	4
IS	2490	1	1	0	0
IS	2491	0	0	0	0
IS	2492	2	0	0	2
IS	2493	1	0	0	1
IS	2494	2	0	0	2
IS	2495	3	0	0	3
IS	2496	0	0	0	0
IS	2497	5	0	0	5
IS	2498	0	0	0	0
IS	2499	1	0	0	1
IS	2500	0	0	0	0
IS	2501	0	0	0	0
IS	2502	2	0	0	2
IS	2503	0	0	0	0
IS	2504	2	0	0	2
IS	2505	2	0	0	2
IS	2506	1	0	0	1
IS	2507	2	0	0	2
IS	2508	1	0	0	1
IS	2509	2	0	0	2
IS	2510	5	0	0	5
IS	2511	1	0	0	1
IS	2512	0	0	0	0
IS	2513	2	0	0	2
IS	2514	3	0	0	3
IS	2515	0	0	0	0
IS	2516	0	0	0	0
IS	2517	1	0	0	1
IS	2518	0	0	0	0
IS	2519	4	0	0	4
IS	2520	1	0	0	1
IS	2521	2	0	0	2
IS	2522	1	0	0	1
IS	2523	3	0	0	3
IS	2524	1	0	0	1
IS	2525	0	0	0	0
IS	2526	2	0	1	1
IS	2527	1	0	0	1
IS	2528	1	0	0	1
IS	2529	2	0	0	2
IS	2530	2	0	0	2
IS	2531	1	0	0	1
IS	2532	0	0	0	0
IS	2533	2	0	0	2
IS	2534	0	0	0	0
IS	2535	0	0	0	0
IS	2536	1	0	0	1
IS	2537	2	0	0	2
IS	2538	4	0	0	4
IS	2539	1	0	0	1
IS	2540	1	0	0	1
IS	2541	0	0	0	0
IS	2542	3	0	0	3
IS	2543	4	1	0	3
IS	2544	2	0	0	2
IS	2545	1	0	0	1
IS	2546	0	0	0	0
IS	2547	1	0	1	0
IS	2548	1	0	0	1
IS	2549	1	0	0	1
IS	2550	1	0	0	1
IS	2551	1	0	0	1
IS	2552	1	0	0	1
IS	2553	0	0	0	0
IS	2554	4	0	0	4
IS	2555	5	0	0	5
IS	2556	1	0	0	1
IS	2557	4	0	0	4
IS	2558	1	0	0	1
IS	2559	1	0	0	1
IS	2560	2	0	0	2
IS	2561	1	0	0	1
IS	2562	0	0	0	0
IS	2563	1	0	1	0
IS	2564	1	0	0	1
IS	2565	1	0	0	1
IS	2566	2	0	0	2
IS	2567	3	0	0	3
IS	2568	0	0	0	0
IS	2569	2	0	0	2
IS	2570	2	0	0	2
IS	2571	0	0	0	0
IS	2572	3	0	0	3
IS	2573	2	0	0	2
IS	2574	0	0	0	0
IS	2575	1	0	0	1
IS	2576	4	0	0	4
IS	2577	1	0	0	1
IS	2578	0	0	0	0
IS	2579	1	0	0	1
IS	2580	1	0	0	1
IS	2581	0	0	0	0
IS	2582	3	0	0	3
IS	2583	3	0	0	3
IS	2584	2	0	0	2
IS	2585	2	0	0	2
IS	2586	1	0	0	1
IS	2587	0	0	0	0
IS	2588	4	0	1	3
IS	2589	1	0	0	1
IS	2590	1	0	0	1
IS	2591	1	0	0	1
IS	2592	0	0	0	0
IS	2593	0	0	0	0
IS	2594	2	0	0	2
IS	2595	1	0	0	1
IS	2596	0	0	0	0
IS	2597	0	0	0	0
IS	2598	1	0	0	1
IS	2599	2	0	0	2
IS	2600	2	0	0	2
IS	2601	0	0	0	0
IS	2602	1	0	0	1
IS	2603	0	0	0	0
IS	2604	1	0	0	1
IS	2605	1	0	0	1
IS	2606	2	0	0	2
IS	2607	1	0	0	1
IS	2608	1	0	0	1
IS	2609	3	0	0	3
IS	2610	2	0	0	2
IS	2611	4	0	0	4
IS	2612	3	0	0	3
IS	2613	1	0	0	1
IS	2614	1	0	0	1
IS	2615	1	0	0	1
IS	2616	4	0	0	4
IS	2617	0	0	0	0
IS	2618	2	0	0	2
IS	2619	3	0	0	3
IS	2620	1	0	0	1
IS	2621	3	0	0	3
IS	2622	2	0	0	2
IS	2623	1	1	0	0
IS	2624	0	0	0	0
IS	2625	1	0	0	1
IS	2626	1	0	0	1
IS	2627	1	1	0	0
IS	2628	0	0	0	0
IS	2629	2	0	0	2
IS	2630	1	0	0	1
IS	2631	1	0	0	1
IS	2632	1	0	0	1
IS	2633	2	0	0	2
IS	2634	2	1	0	1
IS	2635	1	1	0	0
IS	2636	2	0	1	1
IS	2637	2	0	0	2
IS	2638	4	0	0	4
IS	2639	1	0	0	1
IS	2640	2	0	0	2
IS	2641	2	0	0	2
IS	2642	1	0	0	1
IS	2643	0	0	0	0
IS	2644	2	1	0	1
IS	2645	0	0	0	0
IS	2646	5	0	0	5
IS	2647	1	0	0	1
IS	2648	0	0	0	0
IS	2649	3	0	0	3
IS	2650	0	0	0	0
IS	2651	0	0	0	0
IS	2652	2	0	0	2
IS	2653	3	0	0	3
IS	2654	1	0	0	1
IS	2655	1	0	1	0
IS	2656	1	0	0	1
IS	2657	4	0	0	4
IS	2658	0	0	0	0
IS	2659	0	0	0	0
IS	2660	1	0	0	1
IS	2661	1	0	0	1
IS	2662	2	0	0	2
IS	2663	0	0	0	0
IS	2664	0	0	0	0
IS	2665	0	0	0	0
IS	2666	1	0	0	1
IS	2667	0	0	0	0
IS	2668	4	0	0	4
IS	2669	1	0	0	1
IS	2670	2	0	0	2
IS	2671	0	0	0	0
IS	2672	3	0	0	3
IS	2673	2	0	0	2
IS	2674	3	0	0	3
IS	2675	1	0	0	1
IS	2676	2	0	0	2
IS	2677	0	0	0	0
IS	2678	1	0	0	1
IS	2679	2	0	0	2
IS	2680	0	0	0	0
IS	2681	2	0	0	2
IS	2682	2	0	0	2
IS	2683	2	0	0	2
IS	2684	1	0	0	1
IS	2685	1	0	0	1
IS	2686	1	0	0	1
IS	2687	1	0	0	1
IS	2688	1	0	0	1
IS	2689	2	0	0	2
IS	2690	1	0	0	1
IS	2691	1	0	0	1
IS	2692	0	0	0	0
IS	2693	1	0	0	1
IS	2694	2	0	0	2
IS	2695	2	1	0	1
IS	2696	2	1	0	1
IS	2697	5	0	0	5
IS	2698	0	0	0	0
IS	2699	3	0	0	3
IS	2700	0	0	0	0
IS	2701	1	0	0	1
IS	2702	2	0	0	2
IS	2703	1	0	0	1
IS	2704	1	0	0	1
IS	2705	0	0	0	0
IS	2706	0	0	0	0
IS	2707	2	0	0	2
IS	2708	3	0	0	3
IS	2709	1	0	0	1
IS	2710	1	0	0	1
IS	2711	2	0	0	2
IS	2712	1	0	0	1
IS	2713	1	0	0	1
IS	2714	3	0	0	3
IS	2715	1	0	0	1
IS	2716	3	0	0	3
IS	2717	0	0	0	0
IS	2718	2	0	0	2
IS	2719	3	0	0	3
IS	2720	0	0	0	0
IS	2721	0	0	0	0
IS	2722	3	0	0	3
IS	2723	2	0	0	2
IS	2724	2	0	0	2
IS	2725	1	0	0	1
IS	2726	0	0	0	0
IS	2727	3	0	0	3
IS	2728	0	0	0	0
IS	2729	0	0	0	0
IS	2730	1	0	0	1
IS	2731	2	0	0	2
IS	2732	5	0	0	5
IS	2733	1	0	0	1
IS	2734	2	0	0	2
IS	2735	1	0	0	1
IS	2736	3	0	0	3
IS	2737	2	0	0	2
IS	2738	3	0	0	3
IS	2739	0	0	0	0
IS	2740	2	0	0	2
IS	2741	0	0	0	0
IS	2742	4	0	0	4
IS	2743	1	0	0	1
IS	2744	1	0	0	1
IS	2745	2	0	0	2
IS	2746	1	0	0	1
IS	2747	3	0	0	3
IS	2748	2	0	0	2
IS	2749	1	0	0	1
IS	2750	0	0	0	0
IS	2751	0	0	0	0
IS	2752	3	0	0	3
IS	2753	2	0	0	2
IS	2754	1	0	0	1
IS	2755	3	0	0	3
IS	2756	3	1	0	2
IS	2757	1	0	0	1
IS	2758	0	0	0	0
IS	2759	1	0	0	1
IS	2760	2	0	0	2
IS	2761	0	0	0	0
IS	2762	1	0	0	1
IS	2763	1	0	0	1
IS	2764	1	0	0	1
IS	2765	2	0	0	2
IS	2766	0	0	0	0
IS	2767	2	0	0	2
IS	2768	0	0	0	0
IS	2769	0	0	0	0
IS	2770	1	0	0	1
IS	2771	4	0	0	4
IS	2772	4	0	0	4
IS	2773	2	1	0	1
IS	2774	0	0	0	0
IS	2775	3	0	0	3
IS	2776	1	0	0	1
IS	2777	1	0	0	1
IS	2778	5	0	0	5
IS	2779	3	0	0	3
IS	2780	3	0	0	3
IS	2781	0	0	0	0
IS	2782	1	0	0	1
IS	2783	4	0	0	4
IS	2784	0	0	0	0
IS	2785	1	0	0	1
IS	2786	1	0	0	1
IS	2787	2	0	0	2
IS	2788	1	0	0	1
IS	2789	2	0	0	2
IS	2790	2	0	0	2
IS	2791	1	0	0	1
IS	2792	1	0	0	1
IS	2793	1	0	0	1
IS	2794	0	0	0	0
IS	2795	2	0	0	2
IS	2796	0	0	0	0
IS	2797	1	0	0	1
IS	2798	3	0	0	3
IS	2799	1	0	0	1
IS	2800	0	0	0	0
IS	2801	0	0	0	0
IS	2802	2	1	0	1
IS	2803	1	0	0	1
IS	2804	1	0	0	1
IS	2805	2	0	0	2
IS	2806	2	0	0	2
IS	2807	0	0	0	0
IS	2808	0	0	0	0
IS	2809	3	0	0	3
IS	2810	2	0	0	2
IS	2811	2	0	0	2
IS	2812	0	0	0	0
IS	2813	1	0	0	1
IS	2814	4	0	0	4
IS	2815	0	0	0	0
IS	2816	3	0	0	3
IS	2817	1	0	0	1
IS	2818	2	0	0	2
IS	2819	2	0	0	2
IS	2820	1	0	0	1
IS	2821	2	0	0	2
IS	2822	3	0	0	3
IS	2823	1	0	0	1
IS	2824	1	1	0	0
IS	2825	1	0	0	1
IS	2826	1	0	0	1
IS	2827	2	0	0	2
IS	2828	2	0	0	2
IS	2829	4	0	0	4
IS	2830	2	0	0	2
IS	2831	0	0	0	0
IS	2832	0	0	0	0
IS	2833	1	0	0	1
IS	2834	3	0	0	3
IS	2835	0	0	0	0
IS	2836	2	0	0	2
IS	2837	0	0	0	0
IS	2838	1	0	0	1
IS	2839	2	0	0	2
IS	2840	0	0	0	0
IS	2841	3	1	0	2
IS	2842	0	0	0	0
IS	2843	1	0	0	1
IS	2844	1	0	0	1
IS	2845	2	0	0	2
IS	2846	1	0	0	1
IS	2847	1	0	0	1
IS	2848	2	0	0	2
IS	2849	1	0	0	1
IS	2850	1	0	0	1
IS	2851	0	0	0	0
IS	2852	2	0	0	2
IS	2853	1	0	0	1
IS	2854	0	0	0	0
IS	2855	1	0	0	1
IS	2856	1	0	0	1
IS	2857	1	0	0	1
IS	2858	1	0	0	1
IS	2859	1	0	0	1
IS	2860	3	0	0	3
IS	2861	3	2	0	1
IS	2862	3	0	0	3
IS	2863	2	0	0	2
IS	2864	2	0	0	2
IS	2865	1	0	0	1
IS	2866	3	0	0	3
IS	2867	0	0	0	0
IS	2868	1	0	0	1
IS	2869	3	0	0	3
IS	2870	1	0	0	1
IS	2871	0	0	0	0
IS	2872	5	0	0	5
IS	2873	1	0	0	1
IS	2874	3	0	0	3
IS	2875	4	0	0	4
IS	2876	0	0	0	0
IS	2877	1	0	0	1
IS	2878	0	0	0	0
IS	2879	0	0	0	0
IS	2880	2	0	0	2
IS	2881	1	0	0	1
IS	2882	0	0	0	0
IS	2883	3	0	0	3
IS	2884	0	0	0	0
IS	2885	1	0	0	1
IS	2886	0	0	0	0
IS	2887	1	0	0	1
IS	2888	1	0	0	1
IS	2889	2	0	0	2
IS	2890	2	0	0	2
IS	2891	2	0	0	2
IS	2892	2	0	0	2
IS	2893	7	0	0	7
IS	2894	1	0	0	1
IS	2895	0	0	0	0
IS	2896	1	0	0	1
IS	2897	1	0	0	1
IS	2898	1	0	0	1
IS	2899	2	0	0	2
IS	2900	1	0	0	1
IS	2901	2	0	0	2
IS	2902	0	0	0	0
IS	2903	0	0	0	0
IS	2904	0	0	0	0
IS	2905	2	0	0	2
IS	2906	0	0	0	0
IS	2907	3	0	0	3
IS	2908	0	0	0	0
IS	2909	3	0	0	3
IS	2910	2	0	0	2
IS	2911	1	0	0	1
IS	2912	1	0	0	1
IS	2913	1	1	0	0
IS	2914	1	0	0	1
IS	2915	3	0	0	3
IS	2916	2	0	0	2
IS	2917	1	0	0	1
IS	2918	0	0	0	0
IS	2919	0	0	0	0
IS	2920	0	0	0	0
IS	2921	1	0	1	0
IS	2922	2	0	0	2
IS	2923	1	0	0	1
IS	2924	2	0	0	2
IS	2925	0	0	0	0
IS	2926	0	0	0	0
IS	2927	0	0	0	0
IS	2928	3	0	0	3
IS	2929	1	0	0	1
IS	2930	0	0	0	0
IS	2931	1	0	0	1
IS	2932	1	0	0	1
IS	2933	1	0	0	1
IS	2934	1	0	0	1
IS	2935	0	0	0	0
IS	2936	4	0	0	4
IS	2937	0	0	0	0
IS	2938	3	0	1	2
IS	2939	4	0	0	4
IS	2940	1	0	0	1
IS	2941	1	0	0	1
IS	2942	2	0	0	2
IS	2943	0	0	0	0
IS	2944	1	0	0	1
IS	2945	2	0	0	2
IS	2946	1	0	0	1
IS	2947	0	0	0	0
IS	2948	2	0	0	2
IS	2949	0	0	0	0
IS	2950	1	0	0	1
IS	2951	2	0	0	2
IS	2952	2	0	0	2
IS	2953	3	0	0	3
IS	2954	2	0	0	2
IS	2955	1	0	0	1
IS	2956	2	0	0	2
IS	2957	1	0	0	1
IS	2958	0	0	0	0
IS	2959	1	0	0	1
IS	2960	0	0	0	0
IS	2961	0	0	0	0
IS	2962	2	0	0	2
IS	2963	0	0	0	0
IS	2964	0	0	0	0
IS	2965	1	0	0	1
IS	2966	0	0	0	0
IS	2967	2	0	0	2
IS	2968	1	0	0	1
IS	2969	1	0	0	1
IS	2970	0	0	0	0
IS	2971	2	1	0	1
IS	2972	1	0	0	1
IS	2973	0	0	0	0
IS	2974	2	0	0	2
IS	2975	2	0	0	2
IS	2976	0	0	0	0
IS	2977	1	0	0	1
IS	2978	1	0	0	1
IS	2979	3	0	0	3
IS	2980	0	0	0	0
IS	2981	1	0	0	1
IS	2982	2	0	0	2
IS	2983	2	0	0	2
IS	2984	1	0	0	1
IS	2985	3	0	0	3
IS	2986	3	0	0	3
IS	2987	1	0	0	1
IS	2988	2	0	0	2
IS	2989	1	0	0	1
IS	2990	1	0	0	1
IS	2991	3	0	0	3
IS	2992	2	0	0	2
IS	2993	0	0	0	0
IS	2994	2	0	0	2
IS	2995	2	0	0	2
IS	2996	3	0	1	2
IS	2997	0	0	0	0
IS	2998	3	0	0	3
IS	2999	0	0	0	0
IS	3000	2	0	0	2
IS	3001	2	0	0	2
IS	3002	1	0	0	1
IS	3003	1	0	0	1
IS	3004	2	0	0	2
IS	3005	2	0	0	2
IS	3006	1	0	0	1
IS	3007	0	0	0	0
IS	3008	1	0	0	1
IS	3009	1	0	0	1
IS	3010	0	0	0	0
IS	3011	0	0	0	0
IS	3012	1	0	0	1
IS	3013	0	0	0	0
IS	3014	1	0	0	1
IS	3015	1	0	0	1
IS	3016	0	0	0	0
IS	3017	2	0	0	2
IS	3018	2	1	0	1
IS	3019	0	0	0	0
IS	3020	2	0	0	2
IS	3021	2	0	0	2
IS	3022	2	0	0	2
IS	3023	3	2	0	1
IS	3024	2	0	0	2
IS	3025	2	0	0	2
IS	3026	3	0	0	3
IS	3027	4	1	0	3
IS	3028	0	0	0	0
IS	3029	0	0	0	0
IS	3030	1	0	0	1
IS	3031	3	0	0	3
IS	3032	0	0	0	0
IS	3033	0	0	0	0
IS	3034	5	0	1	4
IS	3035	3	0	0	3
IS	3036	1	0	0	1
IS	3037	2	0	0	2
IS	3038	1	0	0	1
IS	3039	2	0	0	2
IS	3040	1	0	0	1
IS	3041	1	0	0	1
IS	3042	0	0	0	0
IS	3043	0	0	0	0
IS	3044	5	0	0	5
IS	3045	0	0	0	0
IS	3046	2	0	0	2
IS	3047	0	0	0	0
IS	3048	2	0	0	2
IS	3049	2	0	0	2
IS	3050	0	0	0	0
IS	3051	0	0	0	0
IS	3052	2	0	0	2
IS	3053	1	0	0	1
IS	3054	0	0	0	0
IS	3055	1	0	0	1
IS	3056	0	0	0	0
IS	3057	2	0	0	2
IS	3058	0	0	0	0
IS	3059	2	0	0	2
IS	3060	0	0	0	0
IS	3061	0	0	0	0
IS	3062	0	0	0	0
IS	3063	0	0	0	0
IS	3064	0	0	0	0
IS	3065	2	0	0	2
IS	3066	0	0	0	0
IS	3067	0	0	0	0
IS	3068	3	0	0	3
IS	3069	1	1	0	0
IS	3070	1	0	0	1
IS	3071	4	0	0	4
IS	3072	1	0	0	1
IS	3073	0	0	0	0
IS	3074	0	0	0	0
IS	3075	0	0	0	0
IS	3076	0	0	0	0
IS	3077	2	0	0	2
IS	3078	2	0	0	2
IS	3079	1	0	0	1
IS	3080	2	0	0	2
IS	3081	0	0	0	0
IS	3082	1	0	0	1
IS	3083	0	0	0	0
IS	3084	0	0	0	0
IS	3085	2	0	0	2
IS	3086	1	0	0	1
IS	3087	0	0	0	0
IS	3088	1	0	0	1
IS	3089	3	0	0	3
IS	3090	0	0	0	0
IS	3091	1	0	0	1
IS	3092	1	0	0	1
IS	3093	2	0	0	2
IS	3094	1	0	0	1
IS	3095	2	0	0	2
IS	3096	0	0	0	0
IS	3097	4	0	0	4
IS	3098	1	0	0	1
IS	3099	0	0	0	0
IS	3100	0	0	0	0
IS	3101	2	0	0	2
IS	3102	2	0	0	2
IS	3103	0	0	0	0
IS	3104	1	0	0	1
IS	3105	3	0	0	3
IS	3106	0	0	0	0
IS	3107	1	0	0	1
IS	3108	2	0	0	2
IS	3109	2	0	0	2
IS	3110	0	0	0	0
IS	3111	1	0	0	1
IS	3112	1	0	0	1
IS	3113	0	0	0	0
IS	3114	2	0	0	2
IS	3115	0	0	0	0
IS	3116	1	1	0	0
IS	3117	1	0	0	1
IS	3118	2	0	0	2
IS	3119	3	0	0	3
IS	3120	4	0	0	4
IS	3121	3	0	0	3
IS	3122	2	0	0	2
IS	3123	2	0	0	2
IS	3124	0	0	0	0
IS	3125	1	0	0	1
IS	3126	0	0	0	0
IS	3127	0	0	0	0
IS	3128	2	0	0	2
IS	3129	1	0	0	1
IS	3130	1	0	0	1
IS	3131	1	0	0	1
IS	3132	1	0	0	1
IS	3133	1	0	0	1
IS	3134	2	0	1	1
IS	3135	1	0	0	1
IS	3136	1	0	0	1
IS	3137	0	0	0	0
IS	3138	1	0	0	1
IS	3139	2	0	0	2
IS	3140	0	0	0	0
IS	3141	0	0	0	0
IS	3142	1	0	0	1
IS	3143	1	0	0	1
IS	3144	5	0	0	5
IS	3145	3	0	0	3
IS	3146	1	0	0	1
IS	3147	1	0	0	1
IS	3148	2	0	0	2
IS	3149	3	0	0	3
IS	3150	1	0	0	1
IS	3151	4	0	1	3
IS	3152	0	0	0	0
IS	3153	2	0	0	2
IS	3154	2	0	0	2
IS	3155	0	0	0	0
IS	3156	1	0	0	1
IS	3157	0	0	0	0
IS	3158	2	0	1	1
IS	3159	4	0	0	4
IS	3160	1	0	0	1
IS	3161	0	0	0	0
IS	3162	1	0	0	1
IS	3163	2	0	0	2
IS	3164	0	0	0	0
IS	3165	4	0	1	3
IS	3166	2	0	0	2
IS	3167	1	0	0	1
IS	3168	0	0	0	0
IS	3169	0	0	0	0
IS	3170	1	0	0	1
IS	3171	0	0	0	0
IS	3172	1	0	0	1
IS	3173	2	0	0	2
IS	3174	0	0	0	0
IS	3175	2	0	0	2
IS	3176	1	0	0	1
IS	3177	0	0	0	0
IS	3178	0	0	0	0
IS	3179	0	0	0	0
IS	3180	3	0	0	3
IS	3181	0	0	0	0
IS	3182	1	0	0	1
IS	3183	1	0	0	1
IS	3184	2	0	0	2
IS	3185	3	0	0	3
IS	3186	0	0	0	0
IS	3187	0	0	0	0
IS	3188	1	0	0	1
IS	3189	0	0	0	0
IS	3190	2	1	0	1
IS	3191	2	0	0	2
IS	3192	1	0	0	1
IS	3193	2	0	0	2
IS	3194	0	0	0	0
IS	3195	0	0	0	0
IS	3196	0	0	0	0
IS	3197	4	0	0	4
IS	3198	1	0	0	1
IS	3199	1	0	0	1
IS	3200	0	0	0	0
IS	3201	0	0	0	0
IS	3202	1	0	0	1
IS	3203	2	0	0	2
IS	3204	1	0	0	1
IS	3205	1	0	0	1
IS	3206	0	0	0	0
IS	3207	2	0	0	2
IS	3208	0	0	0	0
IS	3209	0	0	0	0
IS	3210	3	0	0	3
IS	3211	1	0	0	1
IS	3212	3	0	0	3
IS	3213	3	0	0	3
IS	3214	1	0	0	1
IS	3215	0	0	0	0
IS	3216	1	0	0	1
IS	3217	1	0	0	1
IS	3218	0	0	0	0
IS	3219	0	0	0	0
IS	3220	1	0	0	1
IS	3221	1	0	0	1
IS	3222	0	0	0	0
IS	3223	2	0	1	1
IS	3224	2	0	0	2
IS	3225	0	0	0	0
IS	3226	0	0	0	0
IS	3227	0	0	0	0
IS	3228	2	0	0	2
IS	3229	1	1	0	0
IS	3230	0	0	0	0
IS	3231	0	0	0	0
IS	3232	0	0	0	0
IS	3233	3	0	0	3
IS	3234	1	0	0	1
IS	3235	2	0	0	2
IS	3236	0	0	0	0
IS	3237	1	0	0	1
IS	3238	2	0	0	2
IS	3239	2	0	0	2
IS	3240	1	0	0	1
IS	3241	0	0	0	0
IS	3242	0	0	0	0
IS	3243	1	0	0	1
IS	3244	3	0	0	3
IS	3245	1	0	0	1
IS	3246	1	0	0	1
IS	3247	0	0	0	0
IS	3248	1	0	0	1
IS	3249	0	0	0	0
IS	3250	2	0	1	1
IS	3251	0	0	0	0
IS	3252	1	0	0	1
IS	3253	3	0	0	3
IS	3254	1	0	0	1
IS	3255	3	0	0	3
IS	3256	3	0	0	3
IS	3257	1	0	0	1
IS	3258	2	0	0	2
IS	3259	1	0	0	1
IS	3260	0	0	0	0
IS	3261	2	0	0	2
IS	3262	1	0	0	1
IS	3263	2	0	0	2
IS	3264	2	0	0	2
IS	3265	0	0	0	0
IS	3266	1	0	0	1
IS	3267	2	0	0	2
IS	3268	3	0	0	3
IS	3269	1	0	0	1
IS	3270	2	0	1	1
IS	3271	1	0	0	1
IS	3272	1	1	0	0
IS	3273	1	0	0	1
IS	3274	1	0	0	1
IS	3275	0	0	0	0
IS	3276	0	0	0	0
IS	3277	3	0	0	3
IS	3278	0	0	0	0
IS	3279	0	0	0	0
IS	3280	5	0	1	4
IS	3281	1	0	0	1
IS	3282	1	0	0	1
IS	3283	1	0	0	1
IS	3284	0	0	0	0
IS	3285	2	0	0	2
IS	3286	0	0	0	0
IS	3287	1	0	0	1
IS	3288	1	0	0	1
IS	3289	3	0	0	3
IS	3290	1	0	0	1
IS	3291	1	0	0	1
IS	3292	0	0	0	0
IS	3293	2	0	0	2
IS	3294	2	0	0	2
IS	3295	2	0	0	2
IS	3296	5	1	0	4
IS	3297	0	0	0	0
IS	3298	2	0	0	2
IS	3299	1	0	0	1
IS	3300	1	1	0	0
IS	3301	2	0	0	2
IS	3302	0	0	0	0
IS	3303	1	0	0	1
IS	3304	4	0	0	4
IS	3305	0	0	0	0
IS	3306	3	0	0	3
IS	3307	3	0	0	3
IS	3308	1	0	0	1
IS	3309	2	0	0	2
IS	3310	0	0	0	0
IS	3311	0	0	0	0
IS	3312	0	0	0	0
IS	3313	2	0	0	2
IS	3314	1	0	0	1
IS	3315	1	0	0	1
IS	3316	1	0	0	1
IS	3317	0	0	0	0
IS	3318	0	0	0	0
IS	3319	1	0	0	1
IS	3320	0	0	0	0
IS	3321	1	0	0	1
IS	3322	2	1	0	1
IS	3323	0	0	0	0
IS	3324	0	0	0	0
IS	3325	1	0	0	1
IS	3326	0	0	0	0
IS	3327	1	1	0	0
IS	3328	1	0	0	1
IS	3329	2	0	0	2
IS	3330	2	0	0	2
IS	3331	1	0	0	1
IS	3332	0	0	0	0
IS	3333	2	0	0	2
IS	3334	0	0	0	0
IS	3335	1	0	0	1
IS	3336	2	0	0	2
IS	3337	1	0	0	1
IS	3338	2	0	0	2
IS	3339	1	0	0	1
IS	3340	2	0	1	1
IS	3341	1	0	0	1
IS	3342	1	0	0	1
IS	3343	0	0	0	0
IS	3344	1	0	0	1
IS	3345	0	0	0	0
IS	3346	1	0	0	1
IS	3347	0	0	0	0
IS	3348	2	0	0	2
IS	3349	0	0	0	0
IS	3350	0	0	0	0
IS	3351	1	0	0	1
IS	3352	0	0	0	0
IS	3353	0	0	0	0
IS	3354	0	0	0	0
IS	3355	0	0	0	0
IS	3356	0	0	0	0
IS	3357	3	0	1	2
IS	3358	0	0	0	0
IS	3359	0	0	0	0
IS	3360	0	0	0	0
IS	3361	2	0	0	2
IS	3362	1	0	0	1
IS	3363	1	0	0	1
IS	3364	0	0	0	0
IS	3365	1	0	0	1
IS	3366	0	0	0	0
IS	3367	2	0	0	2
IS	3368	3	0	2	1
IS	3369	0	0	0	0
IS	3370	0	0	0	0
IS	3371	1	0	0	1
IS	3372	1	0	0	1
IS	3373	2	0	0	2
IS	3374	3	0	0	3
IS	3375	1	0	0	1
IS	3376	2	0	0	2
IS	3377	1	0	0	1
IS	3378	1	0	0	1
IS	3379	2	0	0	2
IS	3380	0	0	0	0
IS	3381	2	0	0	2
IS	3382	0	0	0	0
IS	3383	1	0	0	1
IS	3384	0	0	0	0
IS	3385	1	0	0	1
IS	3386	0	0	0	0
IS	3387	1	0	0	1
IS	3388	1	0	0	1
IS	3389	0	0	0	0
IS	3390	2	0	0	2
IS	3391	1	0	0	1
IS	3392	1	0	0	1
IS	3393	1	0	0	1
IS	3394	0	0	0	0
IS	3395	0	0	0	0
IS	3396	4	0	0	4
IS	3397	1	0	0	1
IS	3398	1	1	0	0
IS	3399	0	0	0	0
IS	3400	2	0	0	2
IS	3401	0	0	0	0
IS	3402	0	0	0	0
IS	3403	2	0	0	2
IS	3404	2	0	0	2
IS	3405	3	0	0	3
IS	3406	1	0	0	1
IS	3407	1	0	0	1
IS	3408	0	0	0	0
IS	3409	1	0	0	1
IS	3410	3	0	0	3
IS	3411	1	0	0	1
IS	3412	1	0	0	1
IS	3413	1	0	0	1
IS	3414	5	0	0	5
IS	3415	1	0	0	1
IS	3416	0	0	0	0
IS	3417	0	0	0	0
IS	3418	1	0	0	1
IS	3419	1	0	0	1
IS	3420	2	0	1	1
IS	3421	2	0	0	2
IS	3422	0	0	0	0
IS	3423	1	0	0	1
IS	3424	1	0	0	1
IS	3425	2	0	0	2
IS	3426	1	0	0	1
IS	3427	2	0	0	2
IS	3428	3	0	0	3
IS	3429	2	0	0	2
IS	3430	1	0	0	1
IS	3431	1	0	0	1
IS	3432	1	0	0	1
IS	3433	1	0	0	1
IS	3434	1	0	0	1
IS	3435	1	0	0	1
IS	3436	0	0	0	0
IS	3437	1	0	0	1
IS	3438	2	0	0	2
IS	3439	0	0	0	0
IS	3440	0	0	0	0
IS	3441	1	0	0	1
IS	3442	0	0	0	0
IS	3443	1	0	0	1
IS	3444	3	0	0	3
IS	3445	0	0	0	0
IS	3446	3	0	1	2
IS	3447	1	0	0	1
IS	3448	1	0	0	1
IS	3449	1	1	0	0
IS	3450	1	0	0	1
IS	3451	1	0	0	1
IS	3452	1	0	0	1
IS	3453	1	0	0	1
IS	3454	1	0	0	1
IS	3455	2	1	0	1
IS	3456	1	0	0	1
IS	3457	0	0	0	0
IS	3458	1	0	0	1
IS	3459	1	0	0	1
IS	3460	5	0	0	5
IS	3461	0	0	0	0
IS	3462	3	0	0	3
IS	3463	0	0	0	0
IS	3464	1	0	0	1
IS	3465	0	0	0	0
IS	3466	0	0	0	0
IS	3467	2	0	0	2
IS	3468	0	0	0	0
IS	3469	0	0	0	0
IS	3470	0	0	0	0
IS	3471	0	0	0	0
IS	3472	0	0	0	0
IS	3473	3	0	0	3
IS	3474	0	0	0	0
IS	3475	1	0	0	1
IS	3476	1	0	0	1
IS	3477	3	0	0	3
IS	3478	4	0	0	4
IS	3479	0	0	0	0
IS	3480	1	0	0	1
IS	3481	0	0	0	0
IS	3482	0	0	0	0
IS	3483	0	0	0	0
IS	3484	1	0	0	1
IS	3485	0	0	0	0
IS	3486	0	0	0	0
IS	3487	1	0	0	1
IS	3488	1	0	0	1
IS	3489	2	0	0	2
IS	3490	2	1	0	1
IS	3491	1	0	0	1
IS	3492	2	0	0	2
IS	3493	0	0	0	0
IS	3494	0	0	0	0
IS	3495	0	0	0	0
IS	3496	2	0	0	2
IS	3497	2	0	0	2
IS	3498	2	0	0	2
IS	3499	0	0	0	0
IS	3500	0	0	0	0
IS	3501	1	0	0	1
IS	3502	2	0	0	2
IS	3503	3	1	0	2
IS	3504	1	0	0	1
IS	3505	0	0	0	0
IS	3506	0	0	0	0
IS	3507	1	0	0	1
IS	3508	2	0	0	2
IS	3509	2	0	0	2
IS	3510	0	0	0	0
IS	3511	0	0	0	0
IS	3512	1	0	0	1
IS	3513	0	0	0	0
IS	3514	2	0	0	2
IS	3515	2	0	0	2
IS	3516	1	0	0	1
IS	3517	3	0	0	3
IS	3518	2	0	0	2
IS	3519	1	0	0	1
IS	3520	2	0	0	2
IS	3521	0	0	0	0
IS	3522	0	0	0	0
IS	3523	0	0	0	0
IS	3524	0	0	0	0
IS	3525	0	0	0	0
IS	3526	1	0	0	1
IS	3527	1	0	0	1
IS	3528	1	0	0	1
IS	3529	2	0	0	2
IS	3530	1	0	0	1
IS	3531	1	0	0	1
IS	3532	2	0	0	2
IS	3533	1	0	0	1
IS	3534	2	0	0	2
IS	3535	0	0	0	0
IS	3536	0	0	0	0
IS	3537	1	0	0	1
IS	3538	2	0	0	2
IS	3539	4	1	0	3
IS	3540	1	0	0	1
IS	3541	5	0	0	5
IS	3542	1	0	0	1
IS	3543	1	0	0	1
IS	3544	1	0	0	1
IS	3545	1	0	0	1
IS	3546	0	0	0	0
IS	3547	0	0	0	0
IS	3548	1	0	0	1
IS	3549	1	0	0	1
IS	3550	0	0	0	0
IS	3551	0	0	0	0
IS	3552	0	0	0	0
IS	3553	1	0	0	1
IS	3554	0	0	0	0
IS	3555	0	0	0	0
IS	3556	0	0	0	0
IS	3557	2	0	0	2
IS	3558	0	0	0	0
IS	3559	2	0	0	2
IS	3560	1	0	0	1
IS	3561	1	0	0	1
IS	3562	1	0	0	1
IS	3563	2	0	0	2
IS	3564	2	0	0	2
IS	3565	0	0	0	0
IS	3566	2	0	0	2
IS	3567	0	0	0	0
IS	3568	0	0	0	0
IS	3569	0	0	0	0
IS	3570	1	0	0	1
IS	3571	0	0	0	0
IS	3572	0	0	0	0
IS	3573	1	1	0	0
IS	3574	1	0	0	1
IS	3575	0	0	0	0
IS	3576	2	0	0	2
IS	3577	0	0	0	0
IS	3578	2	0	0	2
IS	3579	5	2	0	3
IS	3580	0	0	0	0
IS	3581	1	0	0	1
IS	3582	2	0	0	2
IS	3583	1	0	0	1
IS	3584	0	0	0	0
IS	3585	2	0	0	2
IS	3586	1	0	0	1
IS	3587	0	0	0	0
IS	3588	0	0	0	0
IS	3589	0	0	0	0
IS	3590	1	0	0	1
IS	3591	2	0	0	2
IS	3592	1	0	0	1
IS	3593	2	0	1	1
IS	3594	1	0	0	1
IS	3595	3	0	1	2
IS	3596	2	0	0	2
IS	3597	1	0	0	1
IS	3598	0	0	0	0
IS	3599	2	0	1	1
IS	3600	0	0	0	0
IS	3601	1	0	0	1
IS	3602	0	0	0	0
IS	3603	1	0	0	1
IS	3604	1	0	1	0
IS	3605	2	0	0	2
IS	3606	1	0	0	1
IS	3607	0	0	0	0
IS	3608	0	0	0	0
IS	3609	2	0	0	2
IS	3610	0	0	0	0
IS	3611	0	0	0	0
IS	3612	1	0	0	1
IS	3613	3	0	0	3
IS	3614	0	0	0	0
IS	3615	0	0	0	0
IS	3616	2	0	0	2
IS	3617	1	0	0	1
IS	3618	0	0	0	0
IS	3619	0	0	0	0
IS	3620	1	0	0	1
IS	3621	0	0	0	0
IS	3622	2	0	0	2
IS	3623	1	0	0	1
IS	3624	1	0	0	1
IS	3625	2	0	0	2
IS	3626	0	0	0	0
IS	3627	1	0	0	1
IS	3628	2	0	0	2
IS	3629	0	0	0	0
IS	3630	0	0	0	0
IS	3631	1	0	0	1
IS	3632	1	0	0	1
IS	3633	1	0	0	1
IS	3634	0	0	0	0
IS	3635	0	0	0	0
IS	3636	2	0	0	2
IS	3637	1	0	0	1
IS	3638	0	0	0	0
IS	3639	0	0	0	0
IS	3640	2	0	0	2
IS	3641	0	0	0	0
IS	3642	2	0	0	2
IS	3643	0	0	0	0
IS	3644	1	0	0	1
IS	3645	0	0	0	0
IS	3646	0	0	0	0
IS	3647	0	0	0	0
IS	3648	1	0	0	1
IS	3649	2	0	0	2
IS	3650	1	0	0	1
IS	3651	0	0	0	0
IS	3652	2	0	0	2
IS	3653	2	0	0	2
IS	3654	1	0	0	1
IS	3655	0	0	0	0
IS	3656	1	0	0	1
IS	3657	2	0	1	1
IS	3658	0	0	0	0
IS	3659	0	0	0	0
IS	3660	2	0	0	2
IS	3661	1	0	0	1
IS	3662	1	0	0	1
IS	3663	0	0	0	0
IS	3664	2	0	0	2
IS	3665	1	0	0	1
IS	3666	0	0	0	0
IS	3667	1	0	0	1
IS	3668	2	0	0	2
IS	3669	2	0	0	2
IS	3670	2	0	0	2
IS	3671	1	0	0	1
IS	3672	1	0	0	1
IS	3673	2	0	0	2
IS	3674	3	0	0	3
IS	3675	1	0	0	1
IS	3676	0	0	0	0
IS	3677	0	0	0	0
IS	3678	0	0	0	0
IS	3679	0	0	0	0
IS	3680	0	0	0	0
IS	3681	1	0	0	1
IS	3682	1	0	0	1
IS	3683	1	0	0	1
IS	3684	0	0	0	0
IS	3685	1	0	0	1
IS	3686	0	0	0	0
IS	3687	1	0	0	1
IS	3688	0	0	0	0
IS	3689	0	0	0	0
IS	3690	1	0	0	1
IS	3691	0	0	0	0
IS	3692	2	0	0	2
IS	3693	0	0	0	0
IS	3694	0	0	0	0
IS	3695	2	0	0	2
IS	3696	1	0	0	1
IS	3697	0	0	0	0
IS	3698	0	0	0	0
IS	3699	2	0	0	2
IS	3700	0	0	0	0
IS	3701	0	0	0	0
IS	3702	1	0	0	1
IS	3703	0	0	0	0
IS	3704	2	0	0	2
IS	3705	0	0	0	0
IS	3706	1	0	0	1
IS	3707	1	0	0	1
IS	3708	0	0	0	0
IS	3709	0	0	0	0
IS	3710	1	0	0	1
IS	3711	1	0	0	1
IS	3712	1	0	1	0
IS	3713	2	0	0	2
IS	3714	0	0	0	0
IS	3715	1	0	0	1
IS	3716	2	0	1	1
IS	3717	0	0	0	0
IS	3718	0	0	0	0
IS	3719	0	0	0	0
IS	3720	0	0	0	0
IS	3721	2	1	0	1
IS	3722	0	0	0	0
IS	3723	1	0	0	1
IS	3724	2	1	0	1
IS	3725	1	0	0	1
IS	3726	0	0	0	0
IS	3727	0	0	0	0
IS	3728	3	0	0	3
IS	3729	1	0	0	1
IS	3730	1	0	0	1
IS	3731	1	0	0	1
IS	3732	0	0	0	0
IS	3733	0	0	0	0
IS	3734	3	0	0	3
IS	3735	3	0	0	3
IS	3736	0	0	0	0
IS	3737	0	0	0	0
IS	3738	1	0	0	1
IS	3739	1	0	0	1
IS	3740	0	0	0	0
IS	3741	0	0	0	0
IS	3742	0	0	0	0
IS	3743	0	0	0	0
IS	3744	0	0	0	0
IS	3745	1	0	0	1
IS	3746	0	0	0	0
IS	3747	0	0	0	0
IS	3748	1	0	0	1
IS	3749	0	0	0	0
IS	3750	1	0	0	1
IS	3751	1	0	0	1
IS	3752	2	0	0	2
IS	3753	1	0	0	1
IS	3754	0	0	0	0
IS	3755	0	0	0	0
IS	3756	1	0	0	1
IS	3757	1	0	0	1
IS	3758	0	0	0	0
IS	3759	1	1	0	0
IS	3760	2	0	0	2
IS	3761	2	0	0	2
IS	3762	0	0	0	0
IS	3763	1	0	0	1
IS	3764	1	0	0	1
IS	3765	0	0	0	0
IS	3766	1	0	0	1
IS	3767	0	0	0	0
IS	3768	0	0	0	0
IS	3769	2	0	0	2
IS	3770	1	0	0	1
IS	3771	0	0	0	0
IS	3772	2	0	0	2
IS	3773	0	0	0	0
IS	3774	3	0	1	2
IS	3775	1	0	0	1
IS	3776	1	0	0	1
IS	3777	1	0	0	1
IS	3778	2	0	0	2
IS	3779	0	0	0	0
IS	3780	0	0	0	0
IS	3781	0	0	0	0
IS	3782	0	0	0	0
IS	3783	1	0	0	1
IS	3784	1	0	1	0
IS	3785	0	0	0	0
IS	3786	1	0	0	1
IS	3787	0	0	0	0
IS	3788	1	0	0	1
IS	3789	3	0	0	3
IS	3790	1	0	0	1
IS	3791	0	0	0	0
IS	3792	0	0	0	0
IS	3793	3	0	0	3
IS	3794	0	0	0	0
IS	3795	1	0	0	1
IS	3796	1	0	1	0
IS	3797	0	0	0	0
IS	3798	1	0	0	1
IS	3799	0	0	0	0
IS	3800	0	0	0	0
IS	3801	1	0	0	1
IS	3802	3	0	0	3
IS	3803	2	0	0	2
IS	3804	0	0	0	0
IS	3805	2	0	0	2
IS	3806	0	0	0	0
IS	3807	1	0	0	1
IS	3808	0	0	0	0
IS	3809	0	0	0	0
IS	3810	0	0	0	0
IS	3811	1	0	0	1
IS	3812	1	0	0	1
IS	3813	0	0	0	0
IS	3814	0	0	0	0
IS	3815	0	0	0	0
IS	3816	0	0	0	0
IS	3817	1	0	0	1
IS	3818	0	0	0	0
IS	3819	0	0	0	0
IS	3820	6	0	0	6
IS	3821	2	0	0	2
IS	3822	0	0	0	0
IS	3823	0	0	0	0
IS	3824	0	0	0	0
IS	3825	0	0	0	0
IS	3826	1	0	0	1
IS	3827	1	0	0	1
IS	3828	2	0	0	2
IS	3829	1	0	0	1
IS	3830	0	0	0	0
IS	3831	2	0	0	2
IS	3832	0	0	0	0
IS	3833	2	0	0	2
IS	3834	0	0	0	0
IS	3835	0	0	0	0
IS	3836	1	0	0	1
IS	3837	0	0	0	0
IS	3838	0	0	0	0
IS	3839	1	0	0	1
IS	3840	0	0	0	0
IS	3841	2	0	0	2
IS	3842	0	0	0	0
IS	3843	1	0	0	1
IS	3844	2	0	0	2
IS	3845	0	0	0	0
IS	3846	0	0	0	0
IS	3847	0	0	0	0
IS	3848	3	1	0	2
IS	3849	0	0	0	0
IS	3850	1	0	0	1
IS	3851	2	0	0	2
IS	3852	0	0	0	0
IS	3853	0	0	0	0
IS	3854	1	0	0	1
IS	3855	0	0	0	0
IS	3856	0	0	0	0
IS	3857	1	0	0	1
IS	3858	2	1	0	1
IS	3859	0	0	0	0
IS	3860	1	0	0	1
IS	3861	0	0	0	0
IS	3862	0	0	0	0
IS	3863	0	0	0	0
IS	3864	1	0	0	1
IS	3865	0	0	0	0
IS	3866	2	0	0	2
IS	3867	1	0	0	1
IS	3868	0	0	0	0
IS	3869	0	0	0	0
IS	3870	1	0	0	1
IS	3871	1	0	0	1
IS	3872	0	0	0	0
IS	3873	0	0	0	0
IS	3874	4	0	0	4
IS	3875	2	0	0	2
IS	3876	2	0	0	2
IS	3877	0	0	0	0
IS	3878	3	0	0	3
IS	3879	1	0	0	1
IS	3880	1	0	0	1
IS	3881	0	0	0	0
IS	3882	0	0	0	0
IS	3883	0	0	0	0
IS	3884	1	0	0	1
IS	3885	2	0	0	2
IS	3886	1	0	0	1
IS	3887	1	0	1	0
IS	3888	1	0	0	1
IS	3889	2	0	0	2
IS	3890	0	0	0	0
IS	3891	1	0	0	1
IS	3892	1	0	0	1
IS	3893	1	0	0	1
IS	3894	0	0	0	0
IS	3895	1	0	0	1
IS	3896	1	0	0	1
IS	3897	1	0	0	1
IS	3898	1	0	0	1
IS	3899	1	0	0	1
IS	3900	0	0	0	0
IS	3901	1	0	0	1
IS	3902	0	0	0	0
IS	3903	2	0	0	2
IS	3904	1	0	0	1
IS	3905	3	0	0	3
IS	3906	2	0	0	2
IS	3907	3	1	0	2
IS	3908	2	0	0	2
IS	3909	1	0	0	1
IS	3910	0	0	0	0
IS	3911	0	0	0	0
IS	3912	0	0	0	0
IS	3913	1	0	0	1
IS	3914	2	0	0	2
IS	3915	1	0	0	1
IS	3916	3	0	0	3
IS	3917	1	0	0	1
IS	3918	3	0	0	3
IS	3919	0	0	0	0
IS	3920	0	0	0	0
IS	3921	0	0	0	0
IS	3922	0	0	0	0
IS	3923	1	0	0	1
IS	3924	0	0	0	0
IS	3925	4	0	0	4
IS	3926	2	0	0	2
IS	3927	2	0	0	2
IS	3928	3	0	1	2
IS	3929	2	0	0	2
IS	3930	1	0	0	1
IS	3931	2	0	0	2
IS	3932	1	0	0	1
IS	3933	2	0	0	2
IS	3934	2	1	1	0
IS	3935	1	0	0	1
IS	3936	0	0	0	0
IS	3937	0	0	0	0
IS	3938	2	0	0	2
IS	3939	1	0	0	1
IS	3940	1	0	0	1
IS	3941	0	0	0	0
IS	3942	2	0	0	2
IS	3943	0	0	0	0
IS	3944	3	0	0	3
IS	3945	1	0	0	1
IS	3946	3	0	0	3
IS	3947	1	0	1	0
IS	3948	0	0	0	0
IS	3949	0	0	0	0
IS	3950	1	0	0	1
IS	3951	2	0	0	2
IS	3952	3	0	0	3
IS	3953	0	0	0	0
IS	3954	2	0	0	2
IS	3955	2	0	0	2
IS	3956	0	0	0	0
IS	3957	0	0	0	0
IS	3958	0	0	0	0
IS	3959	1	0	0	1
IS	3960	4	1	0	3
IS	3961	0	0	0	0
IS	3962	3	0	0	3
IS	3963	0	0	0	0
IS	3964	0	0	0	0
IS	3965	2	0	0	2
IS	3966	1	0	0	1
IS	3967	1	0	0	1
IS	3968	0	0	0	0
IS	3969	0	0	0	0
IS	3970	2	0	0	2
IS	3971	2	0	0	2
IS	3972	1	0	0	1
IS	3973	2	0	0	2
IS	3974	1	0	0	1
IS	3975	0	0	0	0
IS	3976	0	0	0	0
IS	3977	1	0	0	1
IS	3978	0	0	0	0
IS	3979	0	0	0	0
IS	3980	1	0	0	1
IS	3981	2	0	0	2
IS	3982	2	0	0	2
IS	3983	1	0	0	1
IS	3984	1	0	0	1
IS	3985	1	0	0	1
IS	3986	1	0	0	1
IS	3987	0	0	0	0
IS	3988	2	0	0	2
IS	3989	1	0	0	1
IS	3990	0	0	0	0
IS	3991	0	0	0	0
IS	3992	1	0	0	1
IS	3993	0	0	0	0
IS	3994	0	0	0	0
IS	3995	2	0	0	2
IS	3996	1	0	0	1
IS	3997	0	0	0	0
IS	3998	1	0	0	1
IS	3999	0	0	0	0
IS	4000	1	0	0	1
IS	4001	0	0	0	0
IS	4002	0	0	0	0
IS	4003	1	0	0	1
IS	4004	0	0	0	0
IS	4005	0	0	0	0
IS	4006	0	0	0	0
IS	4007	0	0	0	0
IS	4008	1	0	0	1
IS	4009	1	0	0	1
IS	4010	0	0	0	0
IS	4011	2	0	0	2
IS	4012	0	0	0	0
IS	4013	0	0	0	0
IS	4014	2	0	0	2
IS	4015	0	0	0	0
IS	4016	0	0	0	0
IS	4017	1	0	0	1
IS	4018	1	0	0	1
IS	4019	0	0	0	0
IS	4020	3	0	0	3
IS	4021	0	0	0	0
IS	4022	3	0	0	3
IS	4023	0	0	0	0
IS	4024	0	0	0	0
IS	4025	3	0	0	3
IS	4026	0	0	0	0
IS	4027	1	0	0	1
IS	4028	2	0	0	2
IS	4029	1	0	0	1
IS	4030	4	0	0	4
IS	4031	1	0	0	1
IS	4032	1	0	0	1
IS	4033	0	0	0	0
IS	4034	1	0	0	1
IS	4035	2	0	0	2
IS	4036	2	0	0	2
IS	4037	2	0	0	2
IS	4038	0	0	0	0
IS	4039	1	0	0	1
IS	4040	0	0	0	0
IS	4041	1	0	0	1
IS	4042	1	0	0	1
IS	4043	0	0	0	0
IS	4044	2	0	0	2
IS	4045	0	0	0	0
IS	4046	2	0	0	2
IS	4047	0	0	0	0
IS	4048	0	0	0	0
IS	4049	1	0	0	1
IS	4050	0	0	0	0
IS	4051	1	0	0	1
IS	4052	1	0	0	1
IS	4053	1	0	0	1
IS	4054	2	0	0	2
IS	4055	1	0	0	1
IS	4056	4	1	0	3
IS	4057	1	0	0	1
IS	4058	1	1	0	0
IS	4059	0	0	0	0
IS	4060	2	0	0	2
IS	4061	0	0	0	0
IS	4062	0	0	0	0
IS	4063	1	0	0	1
IS	4064	1	0	0	1
IS	4065	1	0	0	1
IS	4066	0	0	0	0
IS	4067	3	0	1	2
IS	4068	0	0	0	0
IS	4069	0	0	0	0
IS	4070	0	0	0	0
IS	4071	1	0	0	1
IS	4072	1	0	0	1
IS	4073	4	0	0	4
IS	4074	3	0	0	3
IS	4075	1	0	0	1
IS	4076	4	0	0	4
IS	4077	2	0	0	2
IS	4078	1	0	0	1
IS	4079	1	0	0	1
IS	4080	0	0	0	0
IS	4081	1	0	0	1
IS	4082	1	0	0	1
IS	4083	1	0	0	1
IS	4084	0	0	0	0
IS	4085	2	0	0	2
IS	4086	0	0	0	0
IS	4087	1	0	0	1
IS	4088	1	0	0	1
IS	4089	0	0	0	0
IS	4090	0	0	0	0
IS	4091	1	0	0	1
IS	4092	0	0	0	0
IS	4093	2	0	0	2
IS	4094	1	0	1	0
IS	4095	2	0	0	2
IS	4096	0	0	0	0
IS	4097	1	1	0	0
IS	4098	2	0	0	2
IS	4099	1	0	0	1
IS	4100	1	0	0	1
IS	4101	1	0	0	1
IS	4102	1	0	0	1
IS	4103	0	0	0	0
IS	4104	2	1	0	1
IS	4105	1	0	0	1
IS	4106	0	0	0	0
IS	4107	1	0	0	1
IS	4108	1	0	0	1
IS	4109	2	0	0	2
IS	4110	0	0	0	0
IS	4111	1	0	0	1
IS	4112	0	0	0	0
IS	4113	0	0	0	0
IS	4114	0	0	0	0
IS	4115	1	0	0	1
IS	4116	1	0	0	1
IS	4117	0	0	0	0
IS	4118	1	0	0	1
IS	4119	1	0	0	1
IS	4120	4	0	0	4
IS	4121	0	0	0	0
IS	4122	0	0	0	0
IS	4123	1	0	0	1
IS	4124	0	0	0	0
IS	4125	1	0	0	1
IS	4126	3	0	0	3
IS	4127	0	0	0	0
IS	4128	1	0	0	1
IS	4129	2	0	0	2
IS	4130	2	0	0	2
IS	4131	2	0	0	2
IS	4132	0	0	0	0
IS	4133	1	0	0	1
IS	4134	3	0	0	3
IS	4135	2	0	0	2
IS	4136	2	0	0	2
IS	4137	0	0	0	0
IS	4138	2	0	0	2
IS	4139	0	0	0	0
IS	4140	0	0	0	0
IS	4141	1	0	0	1
IS	4142	0	0	0	0
IS	4143	1	0	0	1
IS	4144	1	0	0	1
IS	4145	0	0	0	0
IS	4146	2	0	0	2
IS	4147	1	0	0	1
IS	4148	1	0	0	1
IS	4149	0	0	0	0
IS	4150	0	0	0	0
IS	4151	2	0	0	2
IS	4152	0	0	0	0
IS	4153	0	0	0	0
IS	4154	1	0	0	1
IS	4155	1	0	0	1
IS	4156	1	0	0	1
IS	4157	2	0	0	2
IS	4158	1	0	1	0
IS	4159	4	0	0	4
IS	4160	1	0	0	1
IS	4161	0	0	0	0
IS	4162	1	0	0	1
IS	4163	1	0	0	1
IS	4164	1	0	1	0
IS	4165	1	0	0	1
IS	4166	0	0	0	0
IS	4167	0	0	0	0
IS	4168	1	0	0	1
IS	4169	1	0	0	1
IS	4170	2	0	0	2
IS	4171	0	0	0	0
IS	4172	2	0	0	2
IS	4173	1	0	0	1
IS	4174	0	0	0	0
IS	4175	1	0	0	1
IS	4176	2	0	0	2
IS	4177	2	0	0	2
IS	4178	1	0	0	1
IS	4179	1	0	0	1
IS	4180	0	0	0	0
IS	4181	0	0	0	0
IS	4182	0	0	0	0
IS	4183	0	0	0	0
IS	4184	1	0	0	1
IS	4185	2	0	1	1
IS	4186	0	0	0	0
IS	4187	1	0	0	1
IS	4188	0	0	0	0
IS	4189	0	0	0	0
IS	4190	2	0	0	2
IS	4191	0	0	0	0
IS	4192	1	0	0	1
IS	4193	3	0	0	3
IS	4194	0	0	0	0
IS	4195	0	0	0	0
IS	4196	0	0	0	0
IS	4197	2	0	0	2
IS	4198	2	0	0	2
IS	4199	4	0	0	4
IS	4200	2	0	0	2
IS	4201	1	0	0	1
IS	4202	1	0	0	1
IS	4203	0	0	0	0
IS	4204	0	0	0	0
IS	4205	0	0	0	0
IS	4206	1	0	0	1
IS	4207	0	0	0	0
IS	4208	2	0	0	2
IS	4209	1	0	0	1
IS	4210	1	0	0	1
IS	4211	2	0	0	2
IS	4212	0	0	0	0
IS	4213	2	0	0	2
IS	4214	2	0	0	2
IS	4215	0	0	0	0
IS	4216	1	0	0	1
IS	4217	0	0	0	0
IS	4218	2	0	0	2
IS	4219	2	0	0	2
IS	4220	1	0	0	1
IS	4221	0	0	0	0
IS	4222	1	0	0	1
IS	4223	1	0	0	1
IS	4224	0	0	0	0
IS	4225	1	0	0	1
IS	4226	1	0	0	1
IS	4227	0	0	0	0
IS	4228	0	0	0	0
IS	4229	0	0	0	0
IS	4230	0	0	0	0
IS	4231	1	0	0	1
IS	4232	0	0	0	0
IS	4233	1	0	0	1
IS	4234	1	0	0	1
IS	4235	1	0	0	1
IS	4236	0	0	0	0
IS	4237	1	0	0	1
IS	4238	1	0	0	1
IS	4239	0	0	0	0
IS	4240	0	0	0	0
IS	4241	0	0	0	0
IS	4242	0	0	0	0
IS	4243	2	0	0	2
IS	4244	1	0	0	1
IS	4245	1	1	0	0
IS	4246	1	0	0	1
IS	4247	0	0	0	0
IS	4248	0	0	0	0
IS	4249	1	0	0	1
IS	4250	0	0	0	0
IS	4251	1	0	0	1
IS	4252	0	0	0	0
IS	4253	1	0	0	1
IS	4254	0	0	0	0
IS	4255	1	0	0	1
IS	4256	1	0	0	1
IS	4257	0	0	0	0
IS	4258	0	0	0	0
IS	4259	1	0	0	1
IS	4260	3	0	1	2
IS	4261	0	0	0	0
IS	4262	0	0	0	0
IS	4263	0	0	0	0
IS	4264	0	0	0	0
IS	4265	0	0	0	0
IS	4266	1	0	0	1
IS	4267	0	0	0	0
IS	4268	0	0	0	0
IS	4269	1	0	0	1
IS	4270	0	0	0	0
IS	4271	0	0	0	0
IS	4272	0	0	0	0
IS	4273	1	0	0	1
IS	4274	1	0	0	1
IS	4275	1	0	0	1
IS	4276	0	0	0	0
IS	4277	1	0	0	1
IS	4278	0	0	0	0
IS	4279	2	0	0	2
IS	4280	0	0	0	0
IS	4281	0	0	0	0
IS	4282	1	0	0	1
IS	4283	1	0	0	1
IS	4284	0	0	0	0
IS	4285	0	0	0	0
IS	4286	1	0	0	1
IS	4287	0	0	0	0
IS	4288	1	0	0	1
IS	4289	0	0	0	0
IS	4290	0	0	0	0
IS	4291	0	0	0	0
IS	4292	0	0	0	0
IS	4293	2	0	0	2
IS	4294	2	0	0	2
IS	4295	4	0	0	4
IS	4296	1	0	0	1
IS	4297	0	0	0	0
IS	4298	4	0	2	2
IS	4299	2	0	0	2
IS	4300	3	0	1	2
IS	4301	0	0	0	0
IS	4302	0	0	0	0
IS	4303	1	0	0	1
IS	4304	0	0	0	0
IS	4305	0	0	0	0
IS	4306	0	0	0	0
IS	4307	3	0	0	3
IS	4308	1	0	0	1
IS	4309	0	0	0	0
IS	4310	0	0	0	0
IS	4311	0	0	0	0
IS	4312	1	0	0	1
IS	4313	0	0	0	0
IS	4314	0	0	0	0
IS	4315	1	0	0	1
IS	4316	2	0	0	2
IS	4317	1	0	0	1
IS	4318	0	0	0	0
IS	4319	0	0	0	0
IS	4320	1	0	0	1
IS	4321	2	0	0	2
IS	4322	0	0	0	0
IS	4323	0	0	0	0
IS	4324	1	0	0	1
IS	4325	1	0	0	1
IS	4326	0	0	0	0
IS	4327	0	0	0	0
IS	4328	0	0	0	0
IS	4329	0	0	0	0
IS	4330	0	0	0	0
IS	4331	1	0	0	1
IS	4332	0	0	0	0
IS	4333	1	0	0	1
IS	4334	0	0	0	0
IS	4335	0	0	0	0
IS	4336	0	0	0	0
IS	4337	3	0	0	3
IS	4338	0	0	0	0
IS	4339	2	0	0	2
IS	4340	0	0	0	0
IS	4341	0	0	0	0
IS	4342	1	0	0	1
IS	4343	1	0	0	1
IS	4344	0	0	0	0
IS	4345	1	0	0	1
IS	4346	0	0	0	0
IS	4347	1	0	0	1
IS	4348	0	0	0	0
IS	4349	1	0	0	1
IS	4350	0	0	0	0
IS	4351	0	0	0	0
IS	4352	0	0	0	0
IS	4353	2	0	0	2
IS	4354	1	0	0	1
IS	4355	0	0	0	0
IS	4356	0	0	0	0
IS	4357	1	0	0	1
IS	4358	0	0	0	0
IS	4359	0	0	0	0
IS	4360	2	0	0	2
IS	4361	1	0	0	1
IS	4362	3	0	0	3
IS	4363	0	0	0	0
IS	4364	0	0	0	0
IS	4365	0	0	0	0
IS	4366	4	0	0	4
IS	4367	0	0	0	0
IS	4368	0	0	0	0
IS	4369	0	0	0	0
IS	4370	0	0	0	0
IS	4371	2	0	0	2
IS	4372	1	0	0	1
IS	4373	0	0	0	0
IS	4374	1	0	0	1
IS	4375	0	0	0	0
IS	4376	2	0	0	2
IS	4377	0	0	0	0
IS	4378	0	0	0	0
IS	4379	1	0	0	1
IS	4380	2	0	0	2
IS	4381	0	0	0	0
IS	4382	0	0	0	0
IS	4383	1	0	0	1
IS	4384	2	0	0	2
IS	4385	1	0	0	1
IS	4386	2	1	0	1
IS	4387	0	0	0	0
IS	4388	1	0	0	1
IS	4389	0	0	0	0
IS	4390	1	0	0	1
IS	4391	1	0	0	1
IS	4392	0	0	0	0
IS	4393	1	0	0	1
IS	4394	1	0	0	1
IS	4395	0	0	0	0
IS	4396	0	0	0	0
IS	4397	3	0	0	3
IS	4398	0	0	0	0
IS	4399	1	0	0	1
IS	4400	1	0	0	1
IS	4401	0	0	0	0
IS	4402	0	0	0	0
IS	4403	2	0	0	2
IS	4404	1	0	0	1
IS	4405	3	0	0	3
IS	4406	4	1	0	3
IS	4407	0	0	0	0
IS	4408	0	0	0	0
IS	4409	1	0	0	1
IS	4410	0	0	0	0
IS	4411	0	0	0	0
IS	4412	2	0	0	2
IS	4413	0	0	0	0
IS	4414	1	0	0	1
IS	4415	1	0	0	1
IS	4416	0	0	0	0
IS	4417	1	0	0	1
IS	4418	0	0	0	0
IS	4419	0	0	0	0
IS	4420	0	0	0	0
IS	4421	1	0	0	1
IS	4422	1	0	0	1
IS	4423	1	0	0	1
IS	4424	0	0	0	0
IS	4425	2	0	0	2
IS	4426	0	0	0	0
IS	4427	4	0	1	3
IS	4428	1	0	0	1
IS	4429	0	0	0	0
IS	4430	0	0	0	0
IS	4431	2	0	0	2
IS	4432	1	0	0	1
IS	4433	0	0	0	0
IS	4434	0	0	0	0
IS	4435	0	0	0	0
IS	4436	0	0	0	0
IS	4437	1	0	0	1
IS	4438	2	0	0	2
IS	4439	1	0	0	1
IS	4440	0	0	0	0
IS	4441	1	0	0	1
IS	4442	1	0	0	1
IS	4443	1	0	0	1
IS	4444	0	0	0	0
IS	4445	2	0	0	2
IS	4446	0	0	0	0
IS	4447	0	0	0	0
IS	4448	0	0	0	0
IS	4449	2	0	0	2
IS	4450	0	0	0	0
IS	4451	0	0	0	0
IS	4452	2	0	0	2
IS	4453	3	0	0	3
IS	4454	0	0	0	0
IS	4455	0	0	0	0
IS	4456	1	0	0	1
IS	4457	3	0	0	3
IS	4458	0	0	0	0
IS	4459	1	0	0	1
IS	4460	0	0	0	0
IS	4461	2	0	0	2
IS	4462	0	0	0	0
IS	4463	3	0	0	3
IS	4464	1	1	0	0
IS	4465	2	0	0	2
IS	4466	0	0	0	0
IS	4467	0	0	0	0
IS	4468	0	0	0	0
IS	4469	1	0	0	1
IS	4470	1	0	0	1
IS	4471	0	0	0	0
IS	4472	0	0	0	0
IS	4473	1	0	0	1
IS	4474	1	0	0	1
IS	4475	1	0	0	1
IS	4476	1	0	0	1
IS	4477	1	0	0	1
IS	4478	0	0	0	0
IS	4479	0	0	0	0
IS	4480	0	0	0	0
IS	4481	2	0	0	2
IS	4482	0	0	0	0
IS	4483	1	0	0	1
IS	4484	1	0	0	1
IS	4485	0	0	0	0
IS	4486	1	0	0	1
IS	4487	1	1	0	0
IS	4488	0	0	0	0
IS	4489	0	0	0	0
IS	4490	0	0	0	0
IS	4491	0	0	0	0
IS	4492	1	0	0	1
IS	4493	0	0	0	0
IS	4494	0	0	0	0
IS	4495	0	0	0	0
IS	4496	0	0	0	0
IS	4497	0	0	0	0
IS	4498	2	0	0	2
IS	4499	1	0	0	1
IS	4500	2	0	0	2
IS	4501	0	0	0	0
IS	4502	1	0	0	1
IS	4503	0	0	0	0
IS	4504	0	0	0	0
IS	4505	0	0	0	0
IS	4506	0	0	0	0
IS	4507	0	0	0	0
IS	4508	1	0	0	1
IS	4509	1	0	0	1
IS	4510	2	0	0	2
IS	4511	1	0	0	1
IS	4512	1	0	0	1
IS	4513	0	0	0	0
IS	4514	1	0	0	1
IS	4515	2	0	0	2
IS	4516	0	0	0	0
IS	4517	1	0	0	1
IS	4518	1	0	0	1
IS	4519	2	0	0	2
IS	4520	0	0	0	0
IS	4521	1	0	0	1
IS	4522	0	0	0	0
IS	4523	0	0	0	0
IS	4524	1	0	0	1
IS	4525	0	0	0	0
IS	4526	2	0	0	2
IS	4527	1	0	0	1
IS	4528	1	0	0	1
IS	4529	0	0	0	0
IS	4530	1	0	0	1
IS	4531	1	0	0	1
IS	4532	0	0	0	0
IS	4533	0	0	0	0
IS	4534	1	0	0	1
IS	4535	0	0	0	0
IS	4536	0	0	0	0
IS	4537	1	0	0	1
IS	4538	2	0	0	2
IS	4539	1	0	0	1
IS	4540	0	0	0	0
IS	4541	2	0	0	2
IS	4542	0	0	0	0
IS	4543	0	0	0	0
IS	4544	0	0	0	0
IS	4545	2	0	0	2
IS	4546	0	0	0	0
IS	4547	0	0	0	0
IS	4548	0	0	0	0
IS	4549	0	0	0	0
IS	4550	2	0	0	2
IS	4551	2	0	0	2
IS	4552	0	0	0	0
IS	4553	3	0	0	3
IS	4554	1	0	0	1
IS	4555	0	0	0	0
IS	4556	0	0	0	0
IS	4557	2	0	0	2
IS	4558	0	0	0	0
IS	4559	2	0	0	2
IS	4560	1	0	0	1
IS	4561	1	0	0	1
IS	4562	1	0	0	1
IS	4563	0	0	0	0
IS	4564	3	0	0	3
IS	4565	0	0	0	0
IS	4566	0	0	0	0
IS	4567	0	0	0	0
IS	4568	0	0	0	0
IS	4569	0	0	0	0
IS	4570	1	0	0	1
IS	4571	0	0	0	0
IS	4572	2	0	1	1
IS	4573	0	0	0	0
IS	4574	0	0	0	0
IS	4575	3	0	0	3
IS	4576	1	0	0	1
IS	4577	0	0	0	0
IS	4578	1	0	0	1
IS	4579	0	0	0	0
IS	4580	1	0	0	1
IS	4581	0	0	0	0
IS	4582	1	0	0	1
IS	4583	0	0	0	0
IS	4584	2	0	0	2
IS	4585	0	0	0	0
IS	4586	2	0	0	2
IS	4587	0	0	0	0
IS	4588	0	0	0	0
IS	4589	1	1	0	0
IS	4590	0	0	0	0
IS	4591	1	0	0	1
IS	4592	0	0	0	0
IS	4593	0	0	0	0
IS	4594	1	0	0	1
IS	4595	1	0	0	1
IS	4596	0	0	0	0
IS	4597	0	0	0	0
IS	4598	4	1	0	3
IS	4599	2	0	0	2
IS	4600	0	0	0	0
IS	4601	0	0	0	0
IS	4602	0	0	0	0
IS	4603	2	0	0	2
IS	4604	1	0	0	1
IS	4605	1	0	0	1
IS	4606	1	0	0	1
IS	4607	0	0	0	0
IS	4608	2	0	0	2
IS	4609	0	0	0	0
IS	4610	1	0	0	1
IS	4611	1	0	0	1
IS	4612	1	0	0	1
IS	4613	0	0	0	0
IS	4614	0	0	0	0
IS	4615	0	0	0	0
IS	4616	0	0	0	0
IS	4617	1	0	0	1
IS	4618	1	0	0	1
IS	4619	1	0	0	1
IS	4620	1	0	0	1
IS	4621	1	0	0	1
IS	4622	1	0	0	1
IS	4623	0	0	0	0
IS	4624	0	0	0	0
IS	4625	1	0	0	1
IS	4626	0	0	0	0
IS	4627	0	0	0	0
IS	4628	1	0	0	1
IS	4629	0	0	0	0
IS	4630	4	0	1	3
IS	4631	2	0	0	2
IS	4632	2	0	0	2
IS	4633	2	0	0	2
IS	4634	5	1	0	4
IS	4635	0	0	0	0
IS	4636	1	0	0	1
IS	4637	2	0	0	2
IS	4638	0	0	0	0
IS	4639	1	0	0	1
IS	4640	0	0	0	0
IS	4641	1	0	0	1
IS	4642	1	0	0	1
IS	4643	1	0	0	1
IS	4644	1	0	0	1
IS	4645	0	0	0	0
IS	4646	1	0	0	1
IS	4647	2	0	0	2
IS	4648	0	0	0	0
IS	4649	0	0	0	0
IS	4650	0	0	0	0
IS	4651	1	0	0	1
IS	4652	4	0	0	4
IS	4653	1	0	0	1
IS	4654	2	0	0	2
IS	4655	1	0	0	1
IS	4656	0	0	0	0
IS	4657	0	0	0	0
IS	4658	0	0	0	0
IS	4659	3	0	0	3
IS	4660	1	0	0	1
IS	4661	1	0	0	1
IS	4662	0	0	0	0
IS	4663	2	0	0	2
IS	4664	1	0	0	1
IS	4665	2	0	0	2
IS	4666	1	0	0	1
IS	4667	0	0	0	0
IS	4668	1	0	0	1
IS	4669	2	0	0	2
IS	4670	0	0	0	0
IS	4671	1	0	0	1
IS	4672	0	0	0	0
IS	4673	1	0	0	1
IS	4674	1	0	0	1
IS	4675	0	0	0	0
IS	4676	0	0	0	0
IS	4677	2	0	0	2
IS	4678	0	0	0	0
IS	4679	2	0	0	2
IS	4680	0	0	0	0
IS	4681	2	0	0	2
IS	4682	0	0	0	0
IS	4683	0	0	0	0
IS	4684	2	0	0	2
IS	4685	1	0	0	1
IS	4686	2	0	0	2
IS	4687	2	0	0	2
IS	4688	0	0	0	0
IS	4689	0	0	0	0
IS	4690	0	0	0	0
IS	4691	0	0	0	0
IS	4692	1	0	0	1
IS	4693	1	0	0	1
IS	4694	2	0	0	2
IS	4695	1	0	0	1
IS	4696	0	0	0	0
IS	4697	1	0	0	1
IS	4698	0	0	0	0
IS	4699	0	0	0	0
IS	4700	1	0	0	1
IS	4701	1	0	0	1
IS	4702	1	0	0	1
IS	4703	1	0	0	1
IS	4704	1	0	0	1
IS	4705	1	0	0	1
IS	4706	0	0	0	0
IS	4707	1	0	0	1
IS	4708	1	0	0	1
IS	4709	2	1	0	1
IS	4710	0	0	0	0
IS	4711	0	0	0	0
IS	4712	0	0	0	0
IS	4713	0	0	0	0
IS	4714	1	0	0	1
IS	4715	1	0	0	1
IS	4716	0	0	0	0
IS	4717	1	0	0	1
IS	4718	1	0	0	1
IS	4719	0	0	0	0
IS	4720	0	0	0	0
IS	4721	2	0	0	2
IS	4722	3	0	0	3
IS	4723	1	0	0	1
IS	4724	2	0	0	2
IS	4725	0	0	0	0
IS	4726	0	0	0	0
IS	4727	1	0	0	1
IS	4728	0	0	0	0
IS	4729	1	0	0	1
IS	4730	0	0	0	0
IS	4731	2	0	0	2
IS	4732	0	0	0	0
IS	4733	0	0	0	0
IS	4734	2	0	0	2
IS	4735	1	0	0	1
IS	4736	0	0	0	0
IS	4737	1	0	0	1
IS	4738	0	0	0	0
IS	4739	1	0	0	1
IS	4740	0	0	0	0
IS	4741	0	0	0	0
IS	4742	0	0	0	0
IS	4743	1	0	0	1
IS	4744	0	0	0	0
IS	4745	0	0	0	0
IS	4746	3	0	0	3
IS	4747	2	0	0	2
IS	4748	0	0	0	0
IS	4749	0	0	0	0
IS	4750	3	0	0	3
IS	4751	0	0	0	0
IS	4752	1	0	0	1
IS	4753	1	0	0	1
IS	4754	1	0	0	1
IS	4755	0	0	0	0
IS	4756	1	0	0	1
IS	4757	0	0	0	0
IS	4758	0	0	0	0
IS	4759	0	0	0	0
IS	4760	0	0	0	0
IS	4761	1	0	0	1
IS	4762	1	0	0	1
IS	4763	1	0	0	1
IS	4764	0	0	0	0
IS	4765	1	0	0	1
IS	4766	0	0	0	0
IS	4767	0	0	0	0
IS	4768	0	0	0	0
IS	4769	0	0	0	0
IS	4770	0	0	0	0
IS	4771	0	0	0	0
IS	4772	1	0	0	1
IS	4773	1	0	0	1
IS	4774	0	0	0	0
IS	4775	0	0	0	0
IS	4776	0	0	0	0
IS	4777	0	0	0	0
IS	4778	2	0	0	2
IS	4779	1	0	0	1
IS	4780	1	0	0	1
IS	4781	0	0	0	0
IS	4782	0	0	0	0
IS	4783	0	0	0	0
IS	4784	1	0	0	1
IS	4785	0	0	0	0
IS	4786	2	0	0	2
IS	4787	2	0	0	2
IS	4788	1	0	0	1
IS	4789	0	0	0	0
IS	4790	1	0	0	1
IS	4791	0	0	0	0
IS	4792	1	0	0	1
IS	4793	1	0	0	1
IS	4794	0	0	0	0
IS	4795	1	0	0	1
IS	4796	0	0	0	0
IS	4797	0	0	0	0
IS	4798	1	0	0	1
IS	4799	0	0	0	0
IS	4800	0	0	0	0
IS	4801	0	0	0	0
IS	4802	0	0	0	0
IS	4803	0	0	0	0
IS	4804	0	0	0	0
IS	4805	0	0	0	0
IS	4806	0	0	0	0
IS	4807	1	0	0	1
IS	4808	0	0	0	0
IS	4809	0	0	0	0
IS	4810	1	1	0	0
IS	4811	0	0	0	0
IS	4812	1	0	0	1
IS	4813	0	0	0	0
IS	4814	0	0	0	0
IS	4815	0	0	0	0
IS	4816	0	0	0	0
IS	4817	1	0	0	1
IS	4818	0	0	0	0
IS	4819	1	0	0	1
IS	4820	3	0	0	3
IS	4821	1	0	0	1
IS	4822	1	0	0	1
IS	4823	2	0	0	2
IS	4824	2	0	0	2
IS	4825	0	0	0	0
IS	4826	0	0	0	0
IS	4827	1	0	0	1
IS	4828	0	0	0	0
IS	4829	0	0	0	0
IS	4830	0	0	0	0
IS	4831	0	0	0	0
IS	4832	0	0	0	0
IS	4833	1	0	0	1
IS	4834	1	0	0	1
IS	4835	2	0	0	2
IS	4836	1	0	0	1
IS	4837	1	0	0	1
IS	4838	0	0	0	0
IS	4839	0	0	0	0
IS	4840	0	0	0	0
IS	4841	0	0	0	0
IS	4842	0	0	0	0
IS	4843	1	0	0	1
IS	4844	0	0	0	0
IS	4845	1	0	0	1
IS	4846	2	0	0	2
IS	4847	0	0	0	0
IS	4848	3	0	0	3
IS	4849	2	0	0	2
IS	4850	1	0	0	1
IS	4851	2	0	0	2
IS	4852	0	0	0	0
IS	4853	1	0	0	1
IS	4854	0	0	0	0
IS	4855	0	0	0	0
IS	4856	0	0	0	0
IS	4857	0	0	0	0
IS	4858	0	0	0	0
IS	4859	2	0	0	2
IS	4860	0	0	0	0
IS	4861	0	0	0	0
IS	4862	3	1	0	2
IS	4863	0	0	0	0
IS	4864	0	0	0	0
IS	4865	0	0	0	0
IS	4866	1	0	0	1
IS	4867	0	0	0	0
IS	4868	1	0	0	1
IS	4869	1	0	0	1
IS	4870	1	0	0	1
IS	4871	1	0	0	1
IS	4872	2	0	0	2
IS	4873	0	0	0	0
IS	4874	0	0	0	0
IS	4875	0	0	0	0
IS	4876	0	0	0	0
IS	4877	2	0	0	2
IS	4878	0	0	0	0
IS	4879	2	0	0	2
IS	4880	0	0	0	0
IS	4881	1	0	0	1
IS	4882	0	0	0	0
IS	4883	1	0	0	1
IS	4884	1	1	0	0
IS	4885	0	0	0	0
IS	4886	0	0	0	0
IS	4887	0	0	0	0
IS	4888	0	0	0	0
IS	4889	0	0	0	0
IS	4890	0	0	0	0
IS	4891	1	0	0	1
IS	4892	0	0	0	0
IS	4893	2	0	0	2
IS	4894	0	0	0	0
IS	4895	1	0	0	1
IS	4896	0	0	0	0
IS	4897	1	0	0	1
IS	4898	2	0	0	2
IS	4899	1	0	0	1
IS	4900	0	0	0	0
IS	4901	2	0	0	2
IS	4902	0	0	0	0
IS	4903	1	0	0	1
IS	4904	2	0	0	2
IS	4905	2	0	0	2
IS	4906	0	0	0	0
IS	4907	2	0	0	2
IS	4908	0	0	0	0
IS	4909	0	0	0	0
IS	4910	2	0	0	2
IS	4911	0	0	0	0
IS	4912	0	0	0	0
IS	4913	0	0	0	0
IS	4914	0	0	0	0
IS	4915	0	0	0	0
IS	4916	0	0	0	0
IS	4917	2	0	0	2
IS	4918	2	0	0	2
IS	4919	0	0	0	0
IS	4920	1	0	0	1
IS	4921	1	0	0	1
IS	4922	0	0	0	0
IS	4923	1	0	0	1
IS	4924	3	0	0	3
IS	4925	0	0	0	0
IS	4926	0	0	0	0
IS	4927	1	0	0	1
IS	4928	0	0	0	0
IS	4929	3	0	0	3
IS	4930	0	0	0	0
IS	4931	0	0	0	0
IS	4932	0	0	0	0
IS	4933	0	0	0	0
IS	4934	2	0	0	2
IS	4935	2	0	0	2
IS	4936	0	0	0	0
IS	4937	0	0	0	0
IS	4938	1	0	0	1
IS	4939	0	0	0	0
IS	4940	1	0	0	1
IS	4941	1	0	0	1
IS	4942	1	0	0	1
IS	4943	1	0	0	1
IS	4944	0	0	0	0
IS	4945	2	0	0	2
IS	4946	0	0	0	0
IS	4947	0	0	0	0
IS	4948	0	0	0	0
IS	4949	0	0	0	0
IS	4950	2	0	0	2
IS	4951	0	0	0	0
IS	4952	0	0	0	0
IS	4953	0	0	0	0
IS	4954	0	0	0	0
IS	4955	0	0	0	0
IS	4956	2	0	0	2
IS	4957	1	0	0	1
IS	4958	1	0	0	1
IS	4959	0	0	0	0
IS	4960	2	0	0	2
IS	4961	0	0	0	0
IS	4962	1	0	0	1
IS	4963	0	0	0	0
IS	4964	0	0	0	0
IS	4965	1	0	0	1
IS	4966	1	1	0	0
IS	4967	2	0	0	2
IS	4968	2	0	0	2
IS	4969	0	0	0	0
IS	4970	0	0	0	0
IS	4971	1	0	0	1
IS	4972	0	0	0	0
IS	4973	0	0	0	0
IS	4974	0	0	0	0
IS	4975	1	0	0	1
IS	4976	1	0	0	1
IS	4977	0	0	0	0
IS	4978	0	0	0	0
IS	4979	1	0	0	1
IS	4980	1	0	0	1
IS	4981	1	0	0	1
IS	4982	1	0	0	1
IS	4983	3	0	0	3
IS	4984	1	0	0	1
IS	4985	1	0	0	1
IS	4986	2	0	0	2
IS	4987	0	0	0	0
IS	4988	0	0	0	0
IS	4989	1	0	0	1
IS	4990	0	0	0	0
IS	4991	0	0	0	0
IS	4992	0	0	0	0
IS	4993	2	0	0	2
IS	4994	0	0	0	0
IS	4995	0	0	0	0
IS	4996	0	0	0	0
IS	4997	0	0	0	0
IS	4998	3	0	0	3
IS	4999	0	0	0	0
IS	5000	0	0	0	0
IS	5001	0	0	0	0
IS	5002	1	0	0	1
IS	5003	3	0	0	3
IS	5004	1	0	0	1
IS	5005	0	0	0	0
IS	5006	1	0	0	1
IS	5007	0	0	0	0
IS	5008	2	0	0	2
IS	5009	0	0	0	0
IS	5010	0	0	0	0
IS	5011	0	0	0	0
IS	5012	2	0	0	2
IS	5013	1	0	0	1
IS	5014	1	0	0	1
IS	5015	1	0	0	1
IS	5016	0	0	0	0
IS	5017	0	0	0	0
IS	5018	0	0	0	0
IS	5019	2	0	0	2
IS	5020	1	0	0	1
IS	5021	1	0	0	1
IS	5022	1	0	0	1
IS	5023	0	0	0	0
IS	5024	0	0	0	0
IS	5025	0	0	0	0
IS	5026	3	0	0	3
IS	5027	0	0	0	0
IS	5028	0	0	0	0
IS	5029	1	0	0	1
IS	5030	2	0	0	2
IS	5031	0	0	0	0
IS	5032	3	0	0	3
IS	5033	0	0	0	0
IS	5034	0	0	0	0
IS	5035	0	0	0	0
IS	5036	1	0	0	1
IS	5037	0	0	0	0
IS	5038	0	0	0	0
IS	5039	0	0	0	0
IS	5040	0	0	0	0
IS	5041	0	0	0	0
IS	5042	1	0	0	1
IS	5043	0	0	0	0
IS	5044	1	0	0	1
IS	5045	0	0	0	0
IS	5046	1	0	0	1
IS	5047	0	0	0	0
IS	5048	0	0	0	0
IS	5049	1	0	0	1
IS	5050	1	0	0	1
IS	5051	0	0	0	0
IS	5052	0	0	0	0
IS	5053	1	0	0	1
IS	5054	1	0	0	1
IS	5055	1	0	0	1
IS	5056	1	0	0	1
IS	5057	0	0	0	0
IS	5058	1	0	0	1
IS	5059	0	0	0	0
IS	5060	0	0	0	0
IS	5061	0	0	0	0
IS	5062	0	0	0	0
IS	5063	1	0	0	1
IS	5064	1	0	0	1
IS	5065	1	0	0	1
IS	5066	0	0	0	0
IS	5067	0	0	0	0
IS	5068	0	0	0	0
IS	5069	0	0	0	0
IS	5070	0	0	0	0
IS	5071	1	0	0	1
IS	5072	1	0	0	1
IS	5073	0	0	0	0
IS	5074	1	0	0	1
IS	5075	1	0	0	1
IS	5076	0	0	0	0
IS	5077	0	0	0	0
IS	5078	0	0	0	0
IS	5079	0	0	0	0
IS	5080	1	0	0	1
IS	5081	2	0	0	2
IS	5082	0	0	0	0
IS	5083	0	0	0	0
IS	5084	3	0	0	3
IS	5085	0	0	0	0
IS	5086	0	0	0	0
IS	5087	1	0	0	1
IS	5088	2	0	0	2
IS	5089	1	0	0	1
IS	5090	0	0	0	0
IS	5091	1	0	0	1
IS	5092	0	0	0	0
IS	5093	1	0	0	1
IS	5094	0	0	0	0
IS	5095	0	0	0	0
IS	5096	0	0	0	0
IS	5097	0	0	0	0
IS	5098	1	0	0	1
IS	5099	2	0	0	2
IS	5100	0	0	0	0
IS	5101	0	0	0	0
IS	5102	0	0	0	0
IS	5103	1	0	0	1
IS	5104	1	0	0	1
IS	5105	0	0	0	0
IS	5106	0	0	0	0
IS	5107	1	1	0	0
IS	5108	0	0	0	0
IS	5109	1	0	0	1
IS	5110	0	0	0	0
IS	5111	0	0	0	0
IS	5112	0	0	0	0
IS	5113	0	0	0	0
IS	5114	0	0	0	0
IS	5115	0	0	0	0
IS	5116	0	0	0	0
IS	5117	0	0	0	0
IS	5118	0	0	0	0
IS	5119	0	0	0	0
IS	5120	0	0	0	0
IS	5121	1	0	0	1
IS	5122	1	0	0	1
IS	5123	0	0	0	0
IS	5124	0	0	0	0
IS	5125	2	0	0	2
IS	5126	0	0	0	0
IS	5127	0	0	0	0
IS	5128	1	0	0	1
IS	5129	0	0	0	0
IS	5130	0	0	0	0
IS	5131	1	0	0	1
IS	5132	0	0	0	0
IS	5133	1	0	0	1
IS	5134	0	0	0	0
IS	5135	0	0	0	0
IS	5136	0	0	0	0
IS	5137	1	0	0	1
IS	5138	0	0	0	0
IS	5139	0	0	0	0
IS	5140	0	0	0	0
IS	5141	0	0	0	0
IS	5142	0	0	0	0
IS	5143	0	0	0	0
IS	5144	0	0	0	0
IS	5145	1	0	0	1
IS	5146	2	0	0	2
IS	5147	0	0	0	0
IS	5148	1	0	0	1
IS	5149	0	0	0	0
IS	5150	0	0	0	0
IS	5151	0	0	0	0
IS	5152	1	0	0	1
IS	5153	3	0	0	3
IS	5154	0	0	0	0
IS	5155	0	0	0	0
IS	5156	3	0	0	3
IS	5157	0	0	0	0
IS	5158	1	0	0	1
IS	5159	0	0	0	0
IS	5160	2	0	0	2
IS	5161	0	0	0	0
IS	5162	1	0	0	1
IS	5163	1	0	0	1
IS	5164	2	0	0	2
IS	5165	1	0	0	1
IS	5166	1	0	0	1
IS	5167	0	0	0	0
IS	5168	0	0	0	0
IS	5169	0	0	0	0
IS	5170	3	0	0	3
IS	5171	0	0	0	0
IS	5172	1	0	0	1
IS	5173	2	0	0	2
IS	5174	0	0	0	0
IS	5175	1	0	0	1
IS	5176	0	0	0	0
IS	5177	3	0	0	3
IS	5178	0	0	0	0
IS	5179	0	0	0	0
IS	5180	0	0	0	0
IS	5181	0	0	0	0
IS	5182	2	0	0	2
IS	5183	0	0	0	0
IS	5184	2	0	0	2
IS	5185	0	0	0	0
IS	5186	4	0	0	4
IS	5187	1	0	0	1
IS	5188	0	0	0	0
IS	5189	1	0	0	1
IS	5190	2	0	0	2
IS	5191	1	0	0	1
IS	5192	0	0	0	0
IS	5193	1	0	0	1
IS	5194	0	0	0	0
IS	5195	0	0	0	0
IS	5196	0	0	0	0
IS	5197	0	0	0	0
IS	5198	1	0	0	1
IS	5199	0	0	0	0
IS	5200	1	0	0	1
IS	5201	0	0	0	0
IS	5202	0	0	0	0
IS	5203	0	0	0	0
IS	5204	1	0	0	1
IS	5205	1	0	0	1
IS	5206	1	0	0	1
IS	5207	2	0	0	2
IS	5208	1	0	0	1
IS	5209	0	0	0	0
IS	5210	0	0	0	0
IS	5211	1	0	0	1
IS	5212	1	0	0	1
IS	5213	2	0	0	2
IS	5214	0	0	0	0
IS	5215	0	0	0	0
IS	5216	0	0	0	0
IS	5217	0	0	0	0
IS	5218	0	0	0	0
IS	5219	0	0	0	0
IS	5220	0	0	0	0
IS	5221	1	0	0	1
IS	5222	0	0	0	0
IS	5223	0	0	0	0
IS	5224	0	0	0	0
IS	5225	1	0	0	1
IS	5226	0	0	0	0
IS	5227	0	0	0	0
IS	5228	0	0	0	0
IS	5229	0	0	0	0
IS	5230	1	0	0	1
IS	5231	0	0	0	0
IS	5232	0	0	0	0
IS	5233	0	0	0	0
IS	5234	0	0	0	0
IS	5235	0	0	0	0
IS	5236	0	0	0	0
IS	5237	0	0	0	0
IS	5238	0	0	0	0
IS	5239	0	0	0	0
IS	5240	0	0	0	0
IS	5241	0	0	0	0
IS	5242	1	0	0	1
IS	5243	1	0	0	1
IS	5244	0	0	0	0
IS	5245	1	0	0	1
IS	5246	0	0	0	0
IS	5247	0	0	0	0
IS	5248	1	0	0	1
IS	5249	1	0	0	1
IS	5250	0	0	0	0
IS	5251	1	0	0	1
IS	5252	0	0	0	0
IS	5253	1	0	0	1
IS	5254	0	0	0	0
IS	5255	0	0	0	0
IS	5256	0	0	0	0
IS	5257	1	0	0	1
IS	5258	1	0	0	1
IS	5259	1	0	0	1
IS	5260	1	0	0	1
IS	5261	1	0	0	1
IS	5262	0	0	0	0
IS	5263	0	0	0	0
IS	5264	0	0	0	0
IS	5265	0	0	0	0
IS	5266	0	0	0	0
IS	5267	0	0	0	0
IS	5268	0	0	0	0
IS	5269	1	0	0	1
IS	5270	0	0	0	0
IS	5271	1	0	0	1
IS	5272	1	1	0	0
IS	5273	1	0	0	1
IS	5274	1	0	0	1
IS	5275	0	0	0	0
IS	5276	0	0	0	0
IS	5277	0	0	0	0
IS	5278	1	0	0	1
IS	5279	0	0	0	0
IS	5280	0	0	0	0
IS	5281	0	0	0	0
IS	5282	0	0	0	0
IS	5283	1	0	0	1
IS	5284	0	0	0	0
IS	5285	0	0	0	0
IS	5286	1	0	0	1
IS	5287	1	0	0	1
IS	5288	1	0	0	1
IS	5289	0	0	0	0
IS	5290	0	0	0	0
IS	5291	0	0	0	0
IS	5292	1	0	0	1
IS	5293	1	0	0	1
IS	5294	0	0	0	0
IS	5295	2	0	0	2
IS	5296	0	0	0	0
IS	5297	0	0	0	0
IS	5298	2	0	0	2
IS	5299	5	0	0	5
IS	5300	0	0	0	0
IS	5301	0	0	0	0
IS	5302	0	0	0	0
IS	5303	2	0	0	2
IS	5304	1	0	0	1
IS	5305	0	0	0	0
IS	5306	0	0	0	0
IS	5307	1	0	0	1
IS	5308	0	0	0	0
IS	5309	2	0	0	2
IS	5310	0	0	0	0
IS	5311	1	0	0	1
IS	5312	1	0	0	1
IS	5313	0	0	0	0
IS	5314	0	0	0	0
IS	5315	0	0	0	0
IS	5316	1	0	0	1
IS	5317	1	0	0	1
IS	5318	4	0	0	4
IS	5319	1	0	0	1
IS	5320	0	0	0	0
IS	5321	1	0	0	1
IS	5322	0	0	0	0
IS	5323	2	0	0	2
IS	5324	1	0	0	1
IS	5325	2	1	0	1
IS	5326	2	0	0	2
IS	5327	0	0	0	0
IS	5328	0	0	0	0
IS	5329	0	0	0	0
IS	5330	1	0	0	1
IS	5331	2	0	0	2
IS	5332	0	0	0	0
IS	5333	0	0	0	0
IS	5334	2	0	0	2
IS	5335	1	0	0	1
IS	5336	1	0	0	1
IS	5337	1	0	0	1
IS	5338	1	0	0	1
IS	5339	1	0	0	1
IS	5340	2	0	0	2
IS	5341	0	0	0	0
IS	5342	0	0	0	0
IS	5343	0	0	0	0
IS	5344	0	0	0	0
IS	5345	0	0	0	0
IS	5346	0	0	0	0
IS	5347	0	0	0	0
IS	5348	0	0	0	0
IS	5349	0	0	0	0
IS	5350	0	0	0	0
IS	5351	0	0	0	0
IS	5352	0	0	0	0
IS	5353	0	0	0	0
IS	5354	1	0	0	1
IS	5355	1	0	0	1
IS	5356	2	0	0	2
IS	5357	0	0	0	0
IS	5358	0	0	0	0
IS	5359	0	0	0	0
IS	5360	1	0	0	1
IS	5361	0	0	0	0
IS	5362	1	0	0	1
IS	5363	0	0	0	0
IS	5364	1	0	0	1
IS	5365	1	0	0	1
IS	5366	1	0	0	1
IS	5367	1	0	0	1
IS	5368	3	0	0	3
IS	5369	0	0	0	0
IS	5370	2	0	0	2
IS	5371	1	0	0	1
IS	5372	2	0	0	2
IS	5373	0	0	0	0
IS	5374	0	0	0	0
IS	5375	1	0	0	1
IS	5376	1	0	0	1
IS	5377	0	0	0	0
IS	5378	1	0	0	1
IS	5379	1	0	0	1
IS	5380	0	0	0	0
IS	5381	0	0	0	0
IS	5382	3	0	0	3
IS	5383	0	0	0	0
IS	5384	1	0	0	1
IS	5385	2	0	0	2
IS	5386	1	0	0	1
IS	5387	1	0	0	1
IS	5388	0	0	0	0
IS	5389	0	0	0	0
IS	5390	0	0	0	0
IS	5391	1	0	0	1
IS	5392	1	0	0	1
IS	5393	0	0	0	0
IS	5394	0	0	0	0
IS	5395	1	0	0	1
IS	5396	0	0	0	0
IS	5397	0	0	0	0
IS	5398	1	0	0	1
IS	5399	0	0	0	0
IS	5400	0	0	0	0
IS	5401	0	0	0	0
IS	5402	0	0	0	0
IS	5403	1	0	0	1
IS	5404	2	0	0	2
IS	5405	0	0	0	0
IS	5406	0	0	0	0
IS	5407	0	0	0	0
IS	5408	0	0	0	0
IS	5409	1	0	0	1
IS	5410	0	0	0	0
IS	5411	0	0	0	0
IS	5412	0	0	0	0
IS	5413	2	0	0	2
IS	5414	0	0	0	0
IS	5415	1	0	0	1
IS	5416	0	0	0	0
IS	5417	1	0	0	1
IS	5418	0	0	0	0
IS	5419	1	0	0	1
IS	5420	1	0	0	1
IS	5421	1	0	0	1
IS	5422	2	0	0	2
IS	5423	2	0	0	2
IS	5424	0	0	0	0
IS	5425	1	0	0	1
IS	5426	1	0	0	1
IS	5427	0	0	0	0
IS	5428	1	0	0	1
IS	5429	0	0	0	0
IS	5430	0	0	0	0
IS	5431	0	0	0	0
IS	5432	1	1	0	0
IS	5433	2	0	0	2
IS	5434	0	0	0	0
IS	5435	2	0	0	2
IS	5436	2	0	0	2
IS	5437	0	0	0	0
IS	5438	1	0	0	1
IS	5439	0	0	0	0
IS	5440	0	0	0	0
IS	5441	0	0	0	0
IS	5442	1	0	0	1
IS	5443	1	0	0	1
IS	5444	0	0	0	0
IS	5445	0	0	0	0
IS	5446	2	0	0	2
IS	5447	0	0	0	0
IS	5448	1	0	0	1
IS	5449	1	0	0	1
IS	5450	0	0	0	0
IS	5451	0	0	0	0
IS	5452	0	0	0	0
IS	5453	1	0	0	1
IS	5454	0	0	0	0
IS	5455	0	0	0	0
IS	5456	0	0	0	0
IS	5457	1	0	0	1
IS	5458	2	0	0	2
IS	5459	1	0	0	1
IS	5460	0	0	0	0
IS	5461	0	0	0	0
IS	5462	0	0	0	0
IS	5463	0	0	0	0
IS	5464	0	0	0	0
IS	5465	0	0	0	0
IS	5466	1	0	0	1
IS	5467	0	0	0	0
IS	5468	0	0	0	0
IS	5469	0	0	0	0
IS	5470	0	0	0	0
IS	5471	0	0	0	0
IS	5472	0	0	0	0
IS	5473	0	0	0	0
IS	5474	1	0	0	1
IS	5475	0	0	0	0
IS	5476	1	0	0	1
IS	5477	0	0	0	0
IS	5478	1	0	0	1
IS	5479	0	0	0	0
IS	5480	0	0	0	0
IS	5481	1	0	0	1
IS	5482	1	0	0	1
IS	5483	0	0	0	0
IS	5484	0	0	0	0
IS	5485	0	0	0	0
IS	5486	1	0	0	1
IS	5487	0	0	0	0
IS	5488	0	0	0	0
IS	5489	0	0	0	0
IS	5490	0	0	0	0
IS	5491	2	0	0	2
IS	5492	1	0	0	1
IS	5493	0	0	0	0
IS	5494	0	0	0	0
IS	5495	0	0	0	0
IS	5496	0	0	0	0
IS	5497	1	0	0	1
IS	5498	0	0	0	0
IS	5499	1	0	0	1
IS	5500	0	0	0	0
IS	5501	1	0	1	0
IS	5502	0	0	0	0
IS	5503	0	0	0	0
IS	5504	0	0	0	0
IS	5505	1	0	0	1
IS	5506	0	0	0	0
IS	5507	1	0	0	1
IS	5508	0	0	0	0
IS	5509	0	0	0	0
IS	5510	1	0	0	1
IS	5511	0	0	0	0
IS	5512	0	0	0	0
IS	5513	0	0	0	0
IS	5514	0	0	0	0
IS	5515	0	0	0	0
IS	5516	0	0	0	0
IS	5517	1	0	0	1
IS	5518	1	0	0	1
IS	5519	1	0	0	1
IS	5520	0	0	0	0
IS	5521	0	0	0	0
IS	5522	0	0	0	0
IS	5523	1	0	0	1
IS	5524	1	0	0	1
IS	5525	1	0	0	1
IS	5526	0	0	0	0
IS	5527	0	0	0	0
IS	5528	0	0	0	0
IS	5529	0	0	0	0
IS	5530	0	0	0	0
IS	5531	0	0	0	0
IS	5532	0	0	0	0
IS	5533	0	0	0	0
IS	5534	2	0	0	2
IS	5535	0	0	0	0
IS	5536	0	0	0	0
IS	5537	0	0	0	0
IS	5538	1	0	0	1
IS	5539	0	0	0	0
IS	5540	0	0	0	0
IS	5541	0	0	0	0
IS	5542	0	0	0	0
IS	5543	0	0	0	0
IS	5544	1	0	0	1
IS	5545	1	0	0	1
IS	5546	1	0	0	1
IS	5547	1	0	0	1
IS	5548	2	0	0	2
IS	5549	0	0	0	0
IS	5550	1	0	0	1
IS	5551	2	0	0	2
IS	5552	1	0	1	0
IS	5553	0	0	0	0
IS	5554	0	0	0	0
IS	5555	0	0	0	0
IS	5556	0	0	0	0
IS	5557	0	0	0	0
IS	5558	1	0	0	1
IS	5559	0	0	0	0
IS	5560	1	0	0	1
IS	5561	2	0	0	2
IS	5562	0	0	0	0
IS	5563	1	0	0	1
IS	5564	1	0	0	1
IS	5565	0	0	0	0
IS	5566	0	0	0	0
IS	5567	0	0	0	0
IS	5568	0	0	0	0
IS	5569	0	0	0	0
IS	5570	0	0	0	0
IS	5571	0	0	0	0
IS	5572	0	0	0	0
IS	5573	0	0	0	0
IS	5574	1	0	0	1
IS	5575	1	0	0	1
IS	5576	1	0	0	1
IS	5577	1	0	0	1
IS	5578	1	0	0	1
IS	5579	0	0	0	0
IS	5580	0	0	0	0
IS	5581	3	0	0	3
IS	5582	0	0	0	0
IS	5583	1	0	0	1
IS	5584	0	0	0	0
IS	5585	0	0	0	0
IS	5586	0	0	0	0
IS	5587	1	1	0	0
IS	5588	0	0	0	0
IS	5589	0	0	0	0
IS	5590	1	0	0	1
IS	5591	0	0	0	0
IS	5592	2	0	0	2
IS	5593	1	0	0	1
IS	5594	1	0	0	1
IS	5595	0	0	0	0
IS	5596	0	0	0	0
IS	5597	2	0	0	2
IS	5598	0	0	0	0
IS	5599	0	0	0	0
IS	5600	1	0	0	1
IS	5601	0	0	0	0
IS	5602	0	0	0	0
IS	5603	0	0	0	0
IS	5604	0	0	0	0
IS	5605	1	0	0	1
IS	5606	0	0	0	0
IS	5607	1	0	0	1
IS	5608	4	0	0	4
IS	5609	1	0	0	1
IS	5610	0	0	0	0
IS	5611	1	0	0	1
IS	5612	2	0	0	2
IS	5613	2	0	0	2
IS	5614	0	0	0	0
IS	5615	0	0	0	0
IS	5616	0	0	0	0
IS	5617	0	0	0	0
IS	5618	0	0	0	0
IS	5619	0	0	0	0
IS	5620	0	0	0	0
IS	5621	1	0	0	1
IS	5622	1	0	0	1
IS	5623	0	0	0	0
IS	5624	0	0	0	0
IS	5625	1	0	0	1
IS	5626	1	0	0	1
IS	5627	1	0	0	1
IS	5628	0	0	0	0
IS	5629	0	0	0	0
IS	5630	0	0	0	0
IS	5631	1	0	0	1
IS	5632	0	0	0	0
IS	5633	2	0	0	2
IS	5634	0	0	0	0
IS	5635	0	0	0	0
IS	5636	0	0	0	0
IS	5637	0	0	0	0
IS	5638	0	0	0	0
IS	5639	0	0	0	0
IS	5640	0	0	0	0
IS	5641	0	0	0	0
IS	5642	0	0	0	0
IS	5643	0	0	0	0
IS	5644	0	0	0	0
IS	5645	0	0	0	0
IS	5646	0	0	0	0
IS	5647	0	0	0	0
IS	5648	0	0	0	0
IS	5649	1	0	0	1
IS	5650	1	0	0	1
IS	5651	1	0	0	1
IS	5652	0	0	0	0
IS	5653	0	0	0	0
IS	5654	0	0	0	0
IS	5655	0	0	0	0
IS	5656	1	0	0	1
IS	5657	0	0	0	0
IS	5658	0	0	0	0
IS	5659	0	0	0	0
IS	5660	0	0	0	0
IS	5661	0	0	0	0
IS	5662	1	0	0	1
IS	5663	0	0	0	0
IS	5664	1	0	0	1
IS	5665	0	0	0	0
IS	5666	1	0	0	1
IS	5667	0	0	0	0
IS	5668	1	0	0	1
IS	5669	0	0	0	0
IS	5670	0	0	0	0
IS	5671	0	0	0	0
IS	5672	1	0	0	1
IS	5673	0	0	0	0
IS	5674	1	0	0	1
IS	5675	1	0	0	1
IS	5676	0	0	0	0
IS	5677	0	0	0	0
IS	5678	1	0	0	1
IS	5679	0	0	0	0
IS	5680	1	0	0	1
IS	5681	0	0	0	0
IS	5682	2	0	0	2
IS	5683	1	0	0	1
IS	5684	1	0	0	1
IS	5685	2	0	0	2
IS	5686	0	0	0	0
IS	5687	0	0	0	0
IS	5688	2	0	0	2
IS	5689	0	0	0	0
IS	5690	0	0	0	0
IS	5691	0	0	0	0
IS	5692	0	0	0	0
IS	5693	0	0	0	0
IS	5694	2	0	0	2
IS	5695	0	0	0	0
IS	5696	1	0	0	1
IS	5697	1	0	0	1
IS	5698	1	0	0	1
IS	5699	4	0	0	4
IS	5700	0	0	0	0
IS	5701	1	0	0	1
IS	5702	0	0	0	0
IS	5703	0	0	0	0
IS	5704	1	0	0	1
IS	5705	0	0	0	0
IS	5706	0	0	0	0
IS	5707	0	0	0	0
IS	5708	0	0	0	0
IS	5709	0	0	0	0
IS	5710	1	0	0	1
IS	5711	0	0	0	0
IS	5712	0	0	0	0
IS	5713	0	0	0	0
IS	5714	0	0	0	0
IS	5715	0	0	0	0
IS	5716	2	0	0	2
IS	5717	0	0	0	0
IS	5718	0	0	0	0
IS	5719	0	0	0	0
IS	5720	0	0	0	0
IS	5721	1	0	0	1
IS	5722	0	0	0	0
IS	5723	0	0	0	0
IS	5724	0	0	0	0
IS	5725	0	0	0	0
IS	5726	1	0	0	1
IS	5727	0	0	0	0
IS	5728	1	0	0	1
IS	5729	1	0	0	1
IS	5730	0	0	0	0
IS	5731	0	0	0	0
IS	5732	0	0	0	0
IS	5733	0	0	0	0
IS	5734	1	0	0	1
IS	5735	2	0	0	2
IS	5736	0	0	0	0
IS	5737	0	0	0	0
IS	5738	0	0	0	0
IS	5739	0	0	0	0
IS	5740	0	0	0	0
IS	5741	0	0	0	0
IS	5742	1	0	0	1
IS	5743	0	0	0	0
IS	5744	0	0	0	0
IS	5745	0	0	0	0
IS	5746	0	0	0	0
IS	5747	0	0	0	0
IS	5748	0	0	0	0
IS	5749	0	0	0	0
IS	5750	0	0	0	0
IS	5751	0	0	0	0
IS	5752	0	0	0	0
IS	5753	1	0	0	1
IS	5754	0	0	0	0
IS	5755	0	0	0	0
IS	5756	0	0	0	0
IS	5757	0	0	0	0
IS	5758	1	0	0	1
IS	5759	2	0	0	2
IS	5760	0	0	0	0
IS	5761	0	0	0	0
IS	5762	1	0	0	1
IS	5763	0	0	0	0
IS	5764	1	0	0	1
IS	5765	1	0	0	1
IS	5766	0	0	0	0
IS	5767	0	0	0	0
IS	5768	0	0	0	0
IS	5769	1	0	0	1
IS	5770	0	0	0	0
IS	5771	0	0	0	0
IS	5772	0	0	0	0
IS	5773	1	0	0	1
IS	5774	0	0	0	0
IS	5775	0	0	0	0
IS	5776	0	0	0	0
IS	5777	1	0	0	1
IS	5778	0	0	0	0
IS	5779	0	0	0	0
IS	5780	0	0	0	0
IS	5781	0	0	0	0
IS	5782	1	0	0	1
IS	5783	1	0	0	1
IS	5784	0	0	0	0
IS	5785	0	0	0	0
IS	5786	0	0	0	0
IS	5787	0	0	0	0
IS	5788	0	0	0	0
IS	5789	0	0	0	0
IS	5790	2	0	0	2
IS	5791	1	0	0	1
IS	5792	1	0	0	1
IS	5793	0	0	0	0
IS	5794	0	0	0	0
IS	5795	0	0	0	0
IS	5796	0	0	0	0
IS	5797	0	0	0	0
IS	5798	2	0	0	2
IS	5799	4	0	0	4
IS	5800	0	0	0	0
IS	5801	1	0	0	1
IS	5802	0	0	0	0
IS	5803	0	0	0	0
IS	5804	0	0	0	0
IS	5805	0	0	0	0
IS	5806	0	0	0	0
IS	5807	1	0	0	1
IS	5808	1	0	0	1
IS	5809	1	0	0	1
IS	5810	0	0	0	0
IS	5811	1	0	0	1
IS	5812	1	0	0	1
IS	5813	0	0	0	0
IS	5814	1	0	0	1
IS	5815	0	0	0	0
IS	5816	1	0	0	1
IS	5817	0	0	0	0
IS	5818	1	0	0	1
IS	5819	1	0	0	1
IS	5820	0	0	0	0
IS	5821	0	0	0	0
IS	5822	2	0	0	2
IS	5823	1	0	0	1
IS	5824	2	0	0	2
IS	5825	0	0	0	0
IS	5826	0	0	0	0
IS	5827	0	0	0	0
IS	5828	0	0	0	0
IS	5829	1	0	0	1
IS	5830	1	0	0	1
IS	5831	0	0	0	0
IS	5832	1	0	0	1
IS	5833	0	0	0	0
IS	5834	1	0	0	1
IS	5835	0	0	0	0
IS	5836	0	0	0	0
IS	5837	0	0	0	0
IS	5838	1	0	0	1
IS	5839	0	0	0	0
IS	5840	0	0	0	0
IS	5841	0	0	0	0
IS	5842	1	0	0	1
IS	5843	1	0	0	1
IS	5844	0	0	0	0
IS	5845	0	0	0	0
IS	5846	0	0	0	0
IS	5847	0	0	0	0
IS	5848	1	0	0	1
IS	5849	0	0	0	0
IS	5850	2	0	0	2
IS	5851	0	0	0	0
IS	5852	0	0	0	0
IS	5853	1	0	0	1
IS	5854	0	0	0	0
IS	5855	1	0	0	1
IS	5856	0	0	0	0
IS	5857	0	0	0	0
IS	5858	1	0	0	1
IS	5859	1	0	0	1
IS	5860	0	0	0	0
IS	5861	2	1	0	1
IS	5862	0	0	0	0
IS	5863	0	0	0	0
IS	5864	1	0	0	1
IS	5865	1	0	0	1
IS	5866	0	0	0	0
IS	5867	2	0	0	2
IS	5868	0	0	0	0
IS	5869	0	0	0	0
IS	5870	0	0	0	0
IS	5871	0	0	0	0
IS	5872	1	0	0	1
IS	5873	0	0	0	0
IS	5874	0	0	0	0
IS	5875	0	0	0	0
IS	5876	0	0	0	0
IS	5877	2	0	0	2
IS	5878	1	0	0	1
IS	5879	2	0	0	2
IS	5880	0	0	0	0
IS	5881	1	0	0	1
IS	5882	0	0	0	0
IS	5883	0	0	0	0
IS	5884	0	0	0	0
IS	5885	0	0	0	0
IS	5886	0	0	0	0
IS	5887	0	0	0	0
IS	5888	0	0	0	0
IS	5889	0	0	0	0
IS	5890	2	0	0	2
IS	5891	0	0	0	0
IS	5892	1	0	0	1
IS	5893	1	0	0	1
IS	5894	2	0	0	2
IS	5895	1	0	0	1
IS	5896	1	0	0	1
IS	5897	0	0	0	0
IS	5898	1	0	0	1
IS	5899	1	0	0	1
IS	5900	1	0	0	1
IS	5901	0	0	0	0
IS	5902	1	0	0	1
IS	5903	0	0	0	0
IS	5904	0	0	0	0
IS	5905	0	0	0	0
IS	5906	0	0	0	0
IS	5907	0	0	0	0
IS	5908	0	0	0	0
IS	5909	0	0	0	0
IS	5910	0	0	0	0
IS	5911	0	0	0	0
IS	5912	0	0	0	0
IS	5913	1	0	0	1
IS	5914	0	0	0	0
IS	5915	0	0	0	0
IS	5916	0	0	0	0
IS	5917	1	0	0	1
IS	5918	0	0	0	0
IS	5919	1	0	0	1
IS	5920	0	0	0	0
IS	5921	0	0	0	0
IS	5922	0	0	0	0
IS	5923	0	0	0	0
IS	5924	0	0	0	0
IS	5925	1	0	0	1
IS	5926	0	0	0	0
IS	5927	2	0	0	2
IS	5928	0	0	0	0
IS	5929	0	0	0	0
IS	5930	1	0	0	1
IS	5931	0	0	0	0
IS	5932	1	0	0	1
IS	5933	0	0	0	0
IS	5934	0	0	0	0
IS	5935	1	0	0	1
IS	5936	0	0	0	0
IS	5937	1	0	0	1
IS	5938	1	0	0	1
IS	5939	0	0	0	0
IS	5940	0	0	0	0
IS	5941	1	0	0	1
IS	5942	1	0	0	1
IS	5943	2	0	0	2
IS	5944	0	0	0	0
IS	5945	0	0	0	0
IS	5946	0	0	0	0
IS	5947	0	0	0	0
IS	5948	0	0	0	0
IS	5949	2	0	0	2
IS	5950	1	0	0	1
IS	5951	0	0	0	0
IS	5952	0	0	0	0
IS	5953	0	0	0	0
IS	5954	0	0	0	0
IS	5955	0	0	0	0
IS	5956	0	0	0	0
IS	5957	0	0	0	0
IS	5958	1	0	0	1
IS	5959	1	0	0	1
IS	5960	0	0	0	0
IS	5961	0	0	0	0
IS	5962	0	0	0	0
IS	5963	0	0	0	0
IS	5964	0	0	0	0
IS	5965	1	0	0	1
IS	5966	0	0	0	0
IS	5967	0	0	0	0
IS	5968	0	0	0	0
IS	5969	0	0	0	0
IS	5970	0	0	0	0
IS	5971	0	0	0	0
IS	5972	0	0	0	0
IS	5973	0	0	0	0
IS	5974	0	0	0	0
IS	5975	0	0	0	0
IS	5976	0	0	0	0
IS	5977	2	0	0	2
IS	5978	1	0	0	1
IS	5979	0	0	0	0
IS	5980	0	0	0	0
IS	5981	2	1	0	1
IS	5982	0	0	0	0
IS	5983	0	0	0	0
IS	5984	0	0	0	0
IS	5985	0	0	0	0
IS	5986	0	0	0	0
IS	5987	0	0	0	0
IS	5988	1	0	0	1
IS	5989	0	0	0	0
IS	5990	0	0	0	0
IS	5991	0	0	0	0
IS	5992	0	0	0	0
IS	5993	0	0	0	0
IS	5994	1	0	0	1
IS	5995	0	0	0	0
IS	5996	0	0	0	0
IS	5997	1	0	0	1
IS	5998	0	0	0	0
IS	5999	1	0	0	1
IS	6000	1	0	0	1
IS	6001	0	0	0	0
IS	6002	0	0	0	0
IS	6003	2	0	0	2
IS	6004	0	0	0	0
IS	6005	0	0	0	0
IS	6006	0	0	0	0
IS	6007	0	0	0	0
IS	6008	1	0	0	1
IS	6009	0	0	0	0
IS	6010	0	0	0	0
IS	6011	1	0	0	1
IS	6012	1	0	0	1
IS	6013	2	0	0	2
IS	6014	1	0	0	1
IS	6015	0	0	0	0
IS	6016	0	0	0	0
IS	6017	0	0	0	0
IS	6018	0	0	0	0
IS	6019	1	0	0	1
IS	6020	0	0	0	0
IS	6021	2	0	0	2
IS	6022	1	0	0	1
IS	6023	1	0	0	1
IS	6024	0	0	0	0
IS	6025	0	0	0	0
IS	6026	0	0	0	0
IS	6027	0	0	0	0
IS	6028	1	0	0	1
IS	6029	0	0	0	0
IS	6030	1	0	0	1
IS	6031	0	0	0	0
IS	6032	1	0	0	1
IS	6033	0	0	0	0
IS	6034	1	0	0	1
IS	6035	1	0	0	1
IS	6036	0	0	0	0
IS	6037	0	0	0	0
IS	6038	0	0	0	0
IS	6039	0	0	0	0
IS	6040	0	0	0	0
IS	6041	0	0	0	0
IS	6042	0	0	0	0
IS	6043	0	0	0	0
IS	6044	0	0	0	0
IS	6045	1	0	0	1
IS	6046	0	0	0	0
IS	6047	0	0	0	0
IS	6048	0	0	0	0
IS	6049	0	0	0	0
IS	6050	0	0	0	0
IS	6051	0	0	0	0
IS	6052	0	0	0	0
IS	6053	1	0	0	1
IS	6054	0	0	0	0
IS	6055	3	0	0	3
IS	6056	0	0	0	0
IS	6057	0	0	0	0
IS	6058	1	0	0	1
IS	6059	0	0	0	0
IS	6060	0	0	0	0
IS	6061	0	0	0	0
IS	6062	0	0	0	0
IS	6063	0	0	0	0
IS	6064	0	0	0	0
IS	6065	0	0	0	0
IS	6066	0	0	0	0
IS	6067	0	0	0	0
IS	6068	0	0	0	0
IS	6069	2	0	0	2
IS	6070	0	0	0	0
IS	6071	0	0	0	0
IS	6072	2	0	0	2
IS	6073	0	0	0	0
IS	6074	0	0	0	0
IS	6075	2	0	0	2
IS	6076	0	0	0	0
IS	6077	0	0	0	0
IS	6078	0	0	0	0
IS	6079	0	0	0	0
IS	6080	1	0	0	1
IS	6081	1	0	0	1
IS	6082	0	0	0	0
IS	6083	2	0	0	2
IS	6084	0	0	0	0
IS	6085	0	0	0	0
IS	6086	0	0	0	0
IS	6087	0	0	0	0
IS	6088	0	0	0	0
IS	6089	0	0	0	0
IS	6090	0	0	0	0
IS	6091	1	0	0	1
IS	6092	0	0	0	0
IS	6093	0	0	0	0
IS	6094	0	0	0	0
IS	6095	0	0	0	0
IS	6096	0	0	0	0
IS	6097	1	0	0	1
IS	6098	0	0	0	0
IS	6099	0	0	0	0
IS	6100	1	0	0	1
IS	6101	1	0	0	1
IS	6102	1	0	0	1
IS	6103	0	0	0	0
IS	6104	0	0	0	0
IS	6105	0	0	0	0
IS	6106	1	0	0	1
IS	6107	0	0	0	0
IS	6108	0	0	0	0
IS	6109	0	0	0	0
IS	6110	1	0	0	1
IS	6111	0	0	0	0
IS	6112	1	0	0	1
IS	6113	1	0	0	1
IS	6114	0	0	0	0
IS	6115	2	0	0	2
IS	6116	0	0	0	0
IS	6117	0	0	0	0
IS	6118	0	0	0	0
IS	6119	0	0	0	0
IS	6120	0	0	0	0
IS	6121	0	0	0	0
IS	6122	0	0	0	0
IS	6123	0	0	0	0
IS	6124	0	0	0	0
IS	6125	3	0	0	3
IS	6126	1	0	0	1
IS	6127	1	0	0	1
IS	6128	0	0	0	0
IS	6129	0	0	0	0
IS	6130	2	0	0	2
IS	6131	0	0	0	0
IS	6132	0	0	0	0
IS	6133	0	0	0	0
IS	6134	0	0	0	0
IS	6135	0	0	0	0
IS	6136	0	0	0	0
IS	6137	0	0	0	0
IS	6138	0	0	0	0
IS	6139	0	0	0	0
IS	6140	0	0	0	0
IS	6141	0	0	0	0
IS	6142	1	0	0	1
IS	6143	0	0	0	0
IS	6144	0	0	0	0
IS	6145	0	0	0	0
IS	6146	1	0	0	1
IS	6147	1	0	0	1
IS	6148	1	0	0	1
IS	6149	0	0	0	0
IS	6150	1	0	0	1
IS	6151	0	0	0	0
IS	6152	0	0	0	0
IS	6153	0	0	0	0
IS	6154	1	0	0	1
IS	6155	0	0	0	0
IS	6156	0	0	0	0
IS	6157	0	0	0	0
IS	6158	1	0	0	1
IS	6159	1	0	0	1
IS	6160	0	0	0	0
IS	6161	0	0	0	0
IS	6162	0	0	0	0
IS	6163	3	0	0	3
IS	6164	0	0	0	0
IS	6165	0	0	0	0
IS	6166	0	0	0	0
IS	6167	1	0	0	1
IS	6168	1	0	0	1
IS	6169	0	0	0	0
IS	6170	0	0	0	0
IS	6171	0	0	0	0
IS	6172	0	0	0	0
IS	6173	0	0	0	0
IS	6174	0	0	0	0
IS	6175	0	0	0	0
IS	6176	1	0	0	1
IS	6177	1	0	0	1
IS	6178	0	0	0	0
IS	6179	0	0	0	0
IS	6180	2	0	0	2
IS	6181	1	0	0	1
IS	6182	0	0	0	0
IS	6183	0	0	0	0
IS	6184	0	0	0	0
IS	6185	1	0	0	1
IS	6186	0	0	0	0
IS	6187	0	0	0	0
IS	6188	1	0	0	1
IS	6189	1	0	0	1
IS	6190	1	0	0	1
IS	6191	0	0	0	0
IS	6192	0	0	0	0
IS	6193	1	0	0	1
IS	6194	0	0	0	0
IS	6195	0	0	0	0
IS	6196	1	0	0	1
IS	6197	0	0	0	0
IS	6198	0	0	0	0
IS	6199	2	0	0	2
IS	6200	0	0	0	0
IS	6201	0	0	0	0
IS	6202	0	0	0	0
IS	6203	0	0	0	0
IS	6204	0	0	0	0
IS	6205	0	0	0	0
IS	6206	1	0	0	1
IS	6207	1	0	0	1
IS	6208	0	0	0	0
IS	6209	0	0	0	0
IS	6210	0	0	0	0
IS	6211	0	0	0	0
IS	6212	1	0	0	1
IS	6213	0	0	0	0
IS	6214	0	0	0	0
IS	6215	0	0	0	0
IS	6216	0	0	0	0
IS	6217	0	0	0	0
IS	6218	0	0	0	0
IS	6219	2	0	0	2
IS	6220	0	0	0	0
IS	6221	0	0	0	0
IS	6222	0	0	0	0
IS	6223	0	0	0	0
IS	6224	1	0	0	1
IS	6225	0	0	0	0
IS	6226	0	0	0	0
IS	6227	1	1	0	0
IS	6228	0	0	0	0
IS	6229	0	0	0	0
IS	6230	0	0	0	0
IS	6231	1	0	0	1
IS	6232	0	0	0	0
IS	6233	1	0	0	1
IS	6234	0	0	0	0
IS	6235	0	0	0	0
IS	6236	0	0	0	0
IS	6237	0	0	0	0
IS	6238	1	0	0	1
IS	6239	3	0	0	3
IS	6240	0	0	0	0
IS	6241	0	0	0	0
IS	6242	0	0	0	0
IS	6243	0	0	0	0
IS	6244	0	0	0	0
IS	6245	0	0	0	0
IS	6246	0	0	0	0
IS	6247	1	0	0	1
IS	6248	1	0	0	1
IS	6249	1	0	0	1
IS	6250	0	0	0	0
IS	6251	0	0	0	0
IS	6252	1	0	0	1
IS	6253	1	0	0	1
IS	6254	0	0	0	0
IS	6255	1	0	0	1
IS	6256	0	0	0	0
IS	6257	1	0	0	1
IS	6258	1	0	0	1
IS	6259	1	0	0	1
IS	6260	1	0	0	1
IS	6261	0	0	0	0
IS	6262	0	0	0	0
IS	6263	1	0	0	1
IS	6264	1	0	0	1
IS	6265	0	0	0	0
IS	6266	1	0	0	1
IS	6267	1	0	0	1
IS	6268	0	0	0	0
IS	6269	0	0	0	0
IS	6270	0	0	0	0
IS	6271	0	0	0	0
IS	6272	4	0	0	4
IS	6273	1	0	0	1
IS	6274	0	0	0	0
IS	6275	0	0	0	0
IS	6276	1	0	0	1
IS	6277	0	0	0	0
IS	6278	0	0	0	0
IS	6279	0	0	0	0
IS	6280	0	0	0	0
IS	6281	0	0	0	0
IS	6282	1	0	0	1
IS	6283	1	0	0	1
IS	6284	0	0	0	0
IS	6285	0	0	0	0
IS	6286	0	0	0	0
IS	6287	0	0	0	0
IS	6288	0	0	0	0
IS	6289	1	0	0	1
IS	6290	0	0	0	0
IS	6291	0	0	0	0
IS	6292	0	0	0	0
IS	6293	0	0	0	0
IS	6294	0	0	0	0
IS	6295	1	0	0	1
IS	6296	1	0	0	1
IS	6297	1	0	0	1
IS	6298	0	0	0	0
IS	6299	1	0	0	1
IS	6300	0	0	0	0
IS	6301	0	0	0	0
IS	6302	2	0	0	2
IS	6303	0	0	0	0
IS	6304	0	0	0	0
IS	6305	0	0	0	0
IS	6306	0	0	0	0
IS	6307	0	0	0	0
IS	6308	2	0	0	2
IS	6309	0	0	0	0
IS	6310	0	0	0	0
IS	6311	1	0	0	1
IS	6312	0	0	0	0
IS	6313	2	0	0	2
IS	6314	0	0	0	0
IS	6315	2	0	0	2
IS	6316	0	0	0	0
IS	6317	1	0	0	1
IS	6318	0	0	0	0
IS	6319	0	0	0	0
IS	6320	1	1	0	0
IS	6321	0	0	0	0
IS	6322	1	0	0	1
IS	6323	1	0	0	1
IS	6324	1	0	0	1
IS	6325	0	0	0	0
IS	6326	0	0	0	0
IS	6327	0	0	0	0
IS	6328	0	0	0	0
IS	6329	1	0	0	1
IS	6330	1	0	0	1
IS	6331	0	0	0	0
IS	6332	0	0	0	0
IS	6333	0	0	0	0
IS	6334	0	0	0	0
IS	6335	0	0	0	0
IS	6336	0	0	0	0
IS	6337	1	0	0	1
IS	6338	0	0	0	0
IS	6339	0	0	0	0
IS	6340	1	0	0	1
IS	6341	0	0	0	0
IS	6342	1	0	0	1
IS	6343	0	0	0	0
IS	6344	0	0	0	0
IS	6345	0	0	0	0
IS	6346	0	0	0	0
IS	6347	0	0	0	0
IS	6348	0	0	0	0
IS	6349	1	0	0	1
IS	6350	1	0	0	1
IS	6351	0	0	0	0
IS	6352	0	0	0	0
IS	6353	1	0	0	1
IS	6354	0	0	0	0
IS	6355	1	0	0	1
IS	6356	2	0	0	2
IS	6357	1	0	0	1
IS	6358	1	0	0	1
IS	6359	0	0	0	0
IS	6360	1	0	0	1
IS	6361	1	0	0	1
IS	6362	1	0	0	1
IS	6363	0	0	0	0
IS	6364	0	0	0	0
IS	6365	1	0	0	1
IS	6366	0	0	0	0
IS	6367	1	0	0	1
IS	6368	0	0	0	0
IS	6369	0	0	0	0
IS	6370	0	0	0	0
IS	6371	1	0	0	1
IS	6372	1	1	0	0
IS	6373	0	0	0	0
IS	6374	0	0	0	0
IS	6375	0	0	0	0
IS	6376	1	0	0	1
IS	6377	1	0	0	1
IS	6378	1	0	0	1
IS	6379	0	0	0	0
IS	6380	2	0	0	2
IS	6381	0	0	0	0
IS	6382	0	0	0	0
IS	6383	0	0	0	0
IS	6384	1	0	0	1
IS	6385	1	0	0	1
IS	6386	1	0	0	1
IS	6387	0	0	0	0
IS	6388	0	0	0	0
IS	6389	0	0	0	0
IS	6390	1	0	0	1
IS	6391	0	0	0	0
IS	6392	1	0	0	1
IS	6393	0	0	0	0
IS	6394	1	0	0	1
IS	6395	0	0	0	0
IS	6396	0	0	0	0
IS	6397	0	0	0	0
IS	6398	0	0	0	0
IS	6399	1	0	0	1
IS	6400	1	0	0	1
IS	6401	0	0	0	0
IS	6402	0	0	0	0
IS	6403	2	0	0	2
IS	6404	0	0	0	0
IS	6405	0	0	0	0
IS	6406	0	0	0	0
IS	6407	0	0	0	0
IS	6408	0	0	0	0
IS	6409	0	0	0	0
IS	6410	0	0	0	0
IS	6411	0	0	0	0
IS	6412	0	0	0	0
IS	6413	0	0	0	0
IS	6414	1	0	0	1
IS	6415	0	0	0	0
IS	6416	2	1	0	1
IS	6417	1	0	0	1
IS	6418	0	0	0	0
IS	6419	0	0	0	0
IS	6420	0	0	0	0
IS	6421	0	0	0	0
IS	6422	0	0	0	0
IS	6423	0	0	0	0
IS	6424	0	0	0	0
IS	6425	0	0	0	0
IS	6426	2	0	0	2
IS	6427	1	0	1	0
IS	6428	0	0	0	0
IS	6429	0	0	0	0
IS	6430	0	0	0	0
IS	6431	1	0	0	1
IS	6432	1	0	0	1
IS	6433	0	0	0	0
IS	6434	0	0	0	0
IS	6435	2	0	0	2
IS	6436	1	0	0	1
IS	6437	1	0	0	1
IS	6438	0	0	0	0
IS	6439	0	0	0	0
IS	6440	0	0	0	0
IS	6441	0	0	0	0
IS	6442	0	0	0	0
IS	6443	0	0	0	0
IS	6444	0	0	0	0
IS	6445	0	0	0	0
IS	6446	1	0	0	1
IS	6447	0	0	0	0
IS	6448	1	0	0	1
IS	6449	0	0	0	0
IS	6450	0	0	0	0
IS	6451	0	0	0	0
IS	6452	0	0	0	0
IS	6453	0	0	0	0
IS	6454	1	0	0	1
IS	6455	0	0	0	0
IS	6456	1	0	0	1
IS	6457	0	0	0	0
IS	6458	0	0	0	0
IS	6459	0	0	0	0
IS	6460	0	0	0	0
IS	6461	1	0	0	1
IS	6462	1	0	0	1
IS	6463	0	0	0	0
IS	6464	1	0	0	1
IS	6465	0	0	0	0
IS	6466	0	0	0	0
IS	6467	0	0	0	0
IS	6468	0	0	0	0
IS	6469	0	0	0	0
IS	6470	0	0	0	0
IS	6471	0	0	0	0
IS	6472	0	0	0	0
IS	6473	0	0	0	0
IS	6474	1	0	0	1
IS	6475	0	0	0	0
IS	6476	0	0	0	0
IS	6477	0	0	0	0
IS	6478	0	0	0	0
IS	6479	1	0	0	1
IS	6480	1	0	0	1
IS	6481	0	0	0	0
IS	6482	1	0	0	1
IS	6483	0	0	0	0
IS	6484	0	0	0	0
IS	6485	0	0	0	0
IS	6486	0	0	0	0
IS	6487	0	0	0	0
IS	6488	1	0	0	1
IS	6489	0	0	0	0
IS	6490	1	0	0	1
IS	6491	1	0	0	1
IS	6492	1	0	0	1
IS	6493	0	0	0	0
IS	6494	1	0	0	1
IS	6495	1	0	0	1
IS	6496	1	0	0	1
IS	6497	0	0	0	0
IS	6498	1	0	0	1
IS	6499	0	0	0	0
IS	6500	0	0	0	0
IS	6501	1	0	0	1
IS	6502	1	0	0	1
IS	6503	0	0	0	0
IS	6504	0	0	0	0
IS	6505	2	0	0	2
IS	6506	0	0	0	0
IS	6507	0	0	0	0
IS	6508	1	0	0	1
IS	6509	0	0	0	0
IS	6510	0	0	0	0
IS	6511	1	0	0	1
IS	6512	0	0	0	0
IS	6513	0	0	0	0
IS	6514	0	0	0	0
IS	6515	1	0	0	1
IS	6516	1	0	0	1
IS	6517	0	0	0	0
IS	6518	2	0	0	2
IS	6519	0	0	0	0
IS	6520	1	0	0	1
IS	6521	0	0	0	0
IS	6522	0	0	0	0
IS	6523	0	0	0	0
IS	6524	2	0	0	2
IS	6525	1	0	0	1
IS	6526	0	0	0	0
IS	6527	0	0	0	0
IS	6528	1	0	0	1
IS	6529	0	0	0	0
IS	6530	0	0	0	0
IS	6531	1	0	0	1
IS	6532	1	0	0	1
IS	6533	1	0	0	1
IS	6534	0	0	0	0
IS	6535	0	0	0	0
IS	6536	3	0	0	3
IS	6537	0	0	0	0
IS	6538	1	0	0	1
IS	6539	0	0	0	0
IS	6540	1	0	0	1
IS	6541	0	0	0	0
IS	6542	0	0	0	0
IS	6543	1	0	0	1
IS	6544	0	0	0	0
IS	6545	2	0	0	2
IS	6546	0	0	0	0
IS	6547	0	0	0	0
IS	6548	1	0	0	1
IS	6549	0	0	0	0
IS	6550	0	0	0	0
IS	6551	1	0	0	1
IS	6552	0	0	0	0
IS	6553	1	0	0	1
IS	6554	1	0	0	1
IS	6555	1	0	0	1
IS	6556	0	0	0	0
IS	6557	0	0	0	0
IS	6558	1	0	0	1
IS	6559	0	0	0	0
IS	6560	1	0	0	1
IS	6561	0	0	0	0
IS	6562	0	0	0	0
IS	6563	0	0	0	0
IS	6564	1	0	0	1
IS	6565	0	0	0	0
IS	6566	0	0	0	0
IS	6567	1	0	0	1
IS	6568	0	0	0	0
IS	6569	0	0	0	0
IS	6570	0	0	0	0
IS	6571	0	0	0	0
IS	6572	0	0	0	0
IS	6573	0	0	0	0
IS	6574	0	0	0	0
IS	6575	0	0	0	0
IS	6576	0	0	0	0
IS	6577	1	0	0	1
IS	6578	1	0	0	1
IS	6579	0	0	0	0
IS	6580	0	0	0	0
IS	6581	0	0	0	0
IS	6582	0	0	0	0
IS	6583	2	0	0	2
IS	6584	0	0	0	0
IS	6585	0	0	0	0
IS	6586	0	0	0	0
IS	6587	0	0	0	0
IS	6588	0	0	0	0
IS	6589	0	0	0	0
IS	6590	0	0	0	0
IS	6591	0	0	0	0
IS	6592	1	0	0	1
IS	6593	0	0	0	0
IS	6594	1	0	0	1
IS	6595	0	0	0	0
IS	6596	2	0	1	1
IS	6597	0	0	0	0
IS	6598	0	0	0	0
IS	6599	1	0	0	1
IS	6600	1	0	0	1
IS	6601	0	0	0	0
IS	6602	0	0	0	0
IS	6603	0	0	0	0
IS	6604	0	0	0	0
IS	6605	1	0	0	1
IS	6606	0	0	0	0
IS	6607	1	0	0	1
IS	6608	0	0	0	0
IS	6609	0	0	0	0
IS	6610	0	0	0	0
IS	6611	0	0	0	0
IS	6612	0	0	0	0
IS	6613	0	0	0	0
IS	6614	0	0	0	0
IS	6615	0	0	0	0
IS	6616	0	0	0	0
IS	6617	0	0	0	0
IS	6618	0	0	0	0
IS	6619	0	0	0	0
IS	6620	1	0	0	1
IS	6621	0	0	0	0
IS	6622	0	0	0	0
IS	6623	0	0	0	0
IS	6624	2	0	0	2
IS	6625	0	0	0	0
IS	6626	0	0	0	0
IS	6627	0	0	0	0
IS	6628	0	0	0	0
IS	6629	0	0	0	0
IS	6630	0	0	0	0
IS	6631	0	0	0	0
IS	6632	0	0	0	0
IS	6633	0	0	0	0
IS	6634	1	0	0	1
IS	6635	1	0	0	1
IS	6636	0	0	0	0
IS	6637	0	0	0	0
IS	6638	0	0	0	0
IS	6639	0	0	0	0
IS	6640	0	0	0	0
IS	6641	0	0	0	0
IS	6642	0	0	0	0
IS	6643	0	0	0	0
IS	6644	1	0	0	1
IS	6645	1	0	0	1
IS	6646	0	0	0	0
IS	6647	1	0	0	1
IS	6648	0	0	0	0
IS	6649	1	0	0	1
IS	6650	0	0	0	0
IS	6651	1	0	0	1
IS	6652	1	0	0	1
IS	6653	0	0	0	0
IS	6654	1	0	0	1
IS	6655	1	0	0	1
IS	6656	1	0	0	1
IS	6657	0	0	0	0
IS	6658	0	0	0	0
IS	6659	1	0	0	1
IS	6660	1	1	0	0
IS	6661	0	0	0	0
IS	6662	0	0	0	0
IS	6663	0	0	0	0
IS	6664	1	0	0	1
IS	6665	1	1	0	0
IS	6666	0	0	0	0
IS	6667	0	0	0	0
IS	6668	0	0	0	0
IS	6669	0	0	0	0
IS	6670	2	0	0	2
IS	6671	0	0	0	0
IS	6672	0	0	0	0
IS	6673	0	0	0	0
IS	6674	0	0	0	0
IS	6675	0	0	0	0
IS	6676	0	0	0	0
IS	6677	1	0	0	1
IS	6678	2	0	0	2
IS	6679	1	1	0	0
IS	6680	0	0	0	0
IS	6681	0	0	0	0
IS	6682	0	0	0	0
IS	6683	0	0	0	0
IS	6684	0	0	0	0
IS	6685	0	0	0	0
IS	6686	1	0	0	1
IS	6687	0	0	0	0
IS	6688	1	0	0	1
IS	6689	0	0	0	0
IS	6690	0	0	0	0
IS	6691	0	0	0	0
IS	6692	0	0	0	0
IS	6693	0	0	0	0
IS	6694	0	0	0	0
IS	6695	0	0	0	0
IS	6696	1	1	0	0
IS	6697	1	0	0	1
IS	6698	2	1	0	1
IS	6699	1	0	0	1
IS	6700	0	0	0	0
IS	6701	0	0	0	0
IS	6702	0	0	0	0
IS	6703	1	0	0	1
IS	6704	0	0	0	0
IS	6705	0	0	0	0
IS	6706	0	0	0	0
IS	6707	1	0	0	1
IS	6708	0	0	0	0
IS	6709	1	0	0	1
IS	6710	0	0	0	0
IS	6711	1	0	0	1
IS	6712	0	0	0	0
IS	6713	0	0	0	0
IS	6714	1	0	0	1
IS	6715	0	0	0	0
IS	6716	0	0	0	0
IS	6717	0	0	0	0
IS	6718	1	0	0	1
IS	6719	0	0	0	0
IS	6720	2	0	0	2
IS	6721	0	0	0	0
IS	6722	0	0	0	0
IS	6723	1	0	0	1
IS	6724	0	0	0	0
IS	6725	0	0	0	0
IS	6726	0	0	0	0
IS	6727	0	0	0	0
IS	6728	0	0	0	0
IS	6729	2	0	1	1
IS	6730	1	0	0	1
IS	6731	0	0	0	0
IS	6732	0	0	0	0
IS	6733	0	0	0	0
IS	6734	0	0	0	0
IS	6735	0	0	0	0
IS	6736	0	0	0	0
IS	6737	0	0	0	0
IS	6738	0	0	0	0
IS	6739	0	0	0	0
IS	6740	0	0	0	0
IS	6741	0	0	0	0
IS	6742	0	0	0	0
IS	6743	1	0	0	1
IS	6744	0	0	0	0
IS	6745	3	1	0	2
IS	6746	1	0	0	1
IS	6747	1	0	0	1
IS	6748	0	0	0	0
IS	6749	0	0	0	0
IS	6750	0	0	0	0
IS	6751	0	0	0	0
IS	6752	0	0	0	0
IS	6753	1	0	0	1
IS	6754	1	0	0	1
IS	6755	1	0	0	1
IS	6756	1	0	0	1
IS	6757	0	0	0	0
IS	6758	0	0	0	0
IS	6759	0	0	0	0
IS	6760	0	0	0	0
IS	6761	1	0	0	1
IS	6762	0	0	0	0
IS	6763	0	0	0	0
IS	6764	0	0	0	0
IS	6765	0	0	0	0
IS	6766	0	0	0	0
IS	6767	0	0	0	0
IS	6768	1	0	0	1
IS	6769	0	0	0	0
IS	6770	0	0	0	0
IS	6771	1	0	0	1
IS	6772	2	0	0	2
IS	6773	0	0	0	0
IS	6774	1	0	0	1
IS	6775	0	0	0	0
IS	6776	0	0	0	0
IS	6777	0	0	0	0
IS	6778	0	0	0	0
IS	6779	0	0	0	0
IS	6780	1	0	0	1
IS	6781	0	0	0	0
IS	6782	0	0	0	0
IS	6783	1	0	0	1
IS	6784	0	0	0	0
IS	6785	0	0	0	0
IS	6786	0	0	0	0
IS	6787	0	0	0	0
IS	6788	1	0	0	1
IS	6789	0	0	0	0
IS	6790	0	0	0	0
IS	6791	0	0	0	0
IS	6792	0	0	0	0
IS	6793	0	0	0	0
IS	6794	0	0	0	0
IS	6795	0	0	0	0
IS	6796	1	0	0	1
IS	6797	0	0	0	0
IS	6798	0	0	0	0
IS	6799	0	0	0	0
IS	6800	0	0	0	0
IS	6801	0	0	0	0
IS	6802	0	0	0	0
IS	6803	0	0	0	0
IS	6804	0	0	0	0
IS	6805	0	0	0	0
IS	6806	0	0	0	0
IS	6807	0	0	0	0
IS	6808	1	0	0	1
IS	6809	0	0	0	0
IS	6810	0	0	0	0
IS	6811	0	0	0	0
IS	6812	1	0	0	1
IS	6813	1	0	0	1
IS	6814	0	0	0	0
IS	6815	0	0	0	0
IS	6816	0	0	0	0
IS	6817	0	0	0	0
IS	6818	0	0	0	0
IS	6819	0	0	0	0
IS	6820	0	0	0	0
IS	6821	0	0	0	0
IS	6822	0	0	0	0
IS	6823	1	0	0	1
IS	6824	1	0	0	1
IS	6825	1	0	0	1
IS	6826	0	0	0	0
IS	6827	1	0	0	1
IS	6828	0	0	0	0
IS	6829	0	0	0	0
IS	6830	1	0	0	1
IS	6831	0	0	0	0
IS	6832	0	0	0	0
IS	6833	1	0	0	1
IS	6834	0	0	0	0
IS	6835	0	0	0	0
IS	6836	1	0	0	1
IS	6837	0	0	0	0
IS	6838	1	0	0	1
IS	6839	0	0	0	0
IS	6840	0	0	0	0
IS	6841	0	0	0	0
IS	6842	0	0	0	0
IS	6843	0	0	0	0
IS	6844	0	0	0	0
IS	6845	0	0	0	0
IS	6846	0	0	0	0
IS	6847	0	0	0	0
IS	6848	1	0	0	1
IS	6849	0	0	0	0
IS	6850	1	0	0	1
IS	6851	0	0	0	0
IS	6852	0	0	0	0
IS	6853	1	0	0	1
IS	6854	1	0	0	1
IS	6855	2	0	0	2
IS	6856	0	0	0	0
IS	6857	0	0	0	0
IS	6858	0	0	0	0
IS	6859	0	0	0	0
IS	6860	0	0	0	0
IS	6861	0	0	0	0
IS	6862	1	0	0	1
IS	6863	0	0	0	0
IS	6864	0	0	0	0
IS	6865	0	0	0	0
IS	6866	0	0	0	0
IS	6867	0	0	0	0
IS	6868	1	0	0	1
IS	6869	0	0	0	0
IS	6870	0	0	0	0
IS	6871	0	0	0	0
IS	6872	0	0	0	0
IS	6873	1	0	0	1
IS	6874	1	0	0	1
IS	6875	1	0	0	1
IS	6876	0	0	0	0
IS	6877	2	0	0	2
IS	6878	1	0	0	1
IS	6879	0	0	0	0
IS	6880	0	0	0	0
IS	6881	1	0	0	1
IS	6882	1	0	0	1
IS	6883	0	0	0	0
IS	6884	0	0	0	0
IS	6885	0	0	0	0
IS	6886	0	0	0	0
IS	6887	2	1	0	1
IS	6888	0	0	0	0
IS	6889	0	0	0	0
IS	6890	1	0	0	1
IS	6891	0	0	0	0
IS	6892	3	0	0	3
IS	6893	2	0	0	2
IS	6894	0	0	0	0
IS	6895	2	0	0	2
IS	6896	2	0	0	2
IS	6897	1	0	0	1
IS	6898	0	0	0	0
IS	6899	0	0	0	0
IS	6900	1	0	0	1
IS	6901	1	0	0	1
IS	6902	0	0	0	0
IS	6903	1	0	0	1
IS	6904	0	0	0	0
IS	6905	0	0	0	0
IS	6906	0	0	0	0
IS	6907	0	0	0	0
IS	6908	0	0	0	0
IS	6909	0	0	0	0
IS	6910	2	0	0	2
IS	6911	0	0	0	0
IS	6912	0	0	0	0
IS	6913	1	0	0	1
IS	6914	0	0	0	0
IS	6915	0	0	0	0
IS	6916	0	0	0	0
IS	6917	0	0	0	0
IS	6918	1	0	0	1
IS	6919	0	0	0	0
IS	6920	0	0	0	0
IS	6921	1	0	0	1
IS	6922	0	0	0	0
IS	6923	0	0	0	0
IS	6924	0	0	0	0
IS	6925	1	0	0	1
IS	6926	0	0	0	0
IS	6927	0	0	0	0
IS	6928	0	0	0	0
IS	6929	0	0	0	0
IS	6930	0	0	0	0
IS	6931	1	0	0	1
IS	6932	1	0	0	1
IS	6933	0	0	0	0
IS	6934	0	0	0	0
IS	6935	2	0	0	2
IS	6936	0	0	0	0
IS	6937	0	0	0	0
IS	6938	2	0	0	2
IS	6939	1	0	0	1
IS	6940	0	0	0	0
IS	6941	0	0	0	0
IS	6942	0	0	0	0
IS	6943	1	0	0	1
IS	6944	0	0	0	0
IS	6945	0	0	0	0
IS	6946	0	0	0	0
IS	6947	1	1	0	0
IS	6948	0	0	0	0
IS	6949	0	0	0	0
IS	6950	0	0	0	0
IS	6951	0	0	0	0
IS	6952	1	0	1	0
IS	6953	0	0	0	0
IS	6954	0	0	0	0
IS	6955	0	0	0	0
IS	6956	0	0	0	0
IS	6957	0	0	0	0
IS	6958	0	0	0	0
IS	6959	0	0	0	0
IS	6960	0	0	0	0
IS	6961	0	0	0	0
IS	6962	0	0	0	0
IS	6963	0	0	0	0
IS	6964	0	0	0	0
IS	6965	1	0	0	1
IS	6966	1	0	0	1
IS	6967	0	0	0	0
IS	6968	1	0	0	1
IS	6969	0	0	0	0
IS	6970	0	0	0	0
IS	6971	0	0	0	0
IS	6972	0	0	0	0
IS	6973	0	0	0	0
IS	6974	1	0	0	1
IS	6975	0	0	0	0
IS	6976	0	0	0	0
IS	6977	0	0	0	0
IS	6978	1	1	0	0
IS	6979	0	0	0	0
IS	6980	1	0	0	1
IS	6981	1	0	0	1
IS	6982	1	0	0	1
IS	6983	0	0	0	0
IS	6984	0	0	0	0
IS	6985	0	0	0	0
IS	6986	1	0	0	1
IS	6987	0	0	0	0
IS	6988	1	0	0	1
IS	6989	0	0	0	0
IS	6990	0	0	0	0
IS	6991	1	0	0	1
IS	6992	0	0	0	0
IS	6993	0	0	0	0
IS	6994	0	0	0	0
IS	6995	1	0	0	1
IS	6996	2	0	0	2
IS	6997	0	0	0	0
IS	6998	0	0	0	0
IS	6999	2	1	0	1
IS	7000	0	0	0	0
IS	7001	0	0	0	0
IS	7002	3	0	0	3
IS	7003	2	0	0	2
IS	7004	0	0	0	0
IS	7005	0	0	0	0
IS	7006	2	0	0	2
IS	7007	0	0	0	0
IS	7008	1	0	0	1
IS	7009	0	0	0	0
IS	7010	0	0	0	0
IS	7011	1	1	0	0
IS	7012	0	0	0	0
IS	7013	1	0	0	1
IS	7014	0	0	0	0
IS	7015	0	0	0	0
IS	7016	0	0	0	0
IS	7017	0	0	0	0
IS	7018	1	0	0	1
IS	7019	0	0	0	0
IS	7020	0	0	0	0
IS	7021	0	0	0	0
IS	7022	0	0	0	0
IS	7023	0	0	0	0
IS	7024	0	0	0	0
IS	7025	0	0	0	0
IS	7026	1	0	0	1
IS	7027	0	0	0	0
IS	7028	0	0	0	0
IS	7029	0	0	0	0
IS	7030	0	0	0	0
IS	7031	0	0	0	0
IS	7032	0	0	0	0
IS	7033	0	0	0	0
IS	7034	0	0	0	0
IS	7035	0	0	0	0
IS	7036	1	0	0	1
IS	7037	0	0	0	0
IS	7038	0	0	0	0
IS	7039	1	0	0	1
IS	7040	0	0	0	0
IS	7041	0	0	0	0
IS	7042	0	0	0	0
IS	7043	1	0	0	1
IS	7044	1	0	0	1
IS	7045	0	0	0	0
IS	7046	0	0	0	0
IS	7047	1	0	0	1
IS	7048	0	0	0	0
IS	7049	0	0	0	0
IS	7050	2	0	0	2
IS	7051	0	0	0	0
IS	7052	0	0	0	0
IS	7053	1	1	0	0
IS	7054	0	0	0	0
IS	7055	0	0	0	0
IS	7056	0	0	0	0
IS	7057	0	0	0	0
IS	7058	0	0	0	0
IS	7059	0	0	0	0
IS	7060	0	0	0	0
IS	7061	1	0	0	1
IS	7062	0	0	0	0
IS	7063	1	0	0	1
IS	7064	0	0	0	0
IS	7065	1	0	0	1
IS	7066	1	0	0	1
IS	7067	1	0	0	1
IS	7068	0	0	0	0
IS	7069	0	0	0	0
IS	7070	0	0	0	0
IS	7071	0	0	0	0
IS	7072	0	0	0	0
IS	7073	0	0	0	0
IS	7074	1	0	0	1
IS	7075	0	0	0	0
IS	7076	0	0	0	0
IS	7077	0	0	0	0
IS	7078	0	0	0	0
IS	7079	0	0	0	0
IS	7080	1	1	0	0
IS	7081	1	0	0	1
IS	7082	0	0	0	0
IS	7083	0	0	0	0
IS	7084	0	0	0	0
IS	7085	0	0	0	0
IS	7086	0	0	0	0
IS	7087	0	0	0	0
IS	7088	2	0	0	2
IS	7089	2	1	0	1
IS	7090	1	1	0	0
IS	7091	0	0	0	0
IS	7092	0	0	0	0
IS	7093	1	1	0	0
IS	7094	0	0	0	0
IS	7095	1	0	0	1
IS	7096	1	0	0	1
IS	7097	1	0	0	1
IS	7098	0	0	0	0
IS	7099	0	0	0	0
IS	7100	0	0	0	0
IS	7101	1	0	0	1
IS	7102	0	0	0	0
IS	7103	0	0	0	0
IS	7104	0	0	0	0
IS	7105	1	1	0	0
IS	7106	0	0	0	0
IS	7107	0	0	0	0
IS	7108	0	0	0	0
IS	7109	0	0	0	0
IS	7110	0	0	0	0
IS	7111	0	0	0	0
IS	7112	1	0	0	1
IS	7113	0	0	0	0
IS	7114	0	0	0	0
IS	7115	0	0	0	0
IS	7116	0	0	0	0
IS	7117	1	0	0	1
IS	7118	0	0	0	0
IS	7119	1	0	0	1
IS	7120	0	0	0	0
IS	7121	0	0	0	0
IS	7122	0	0	0	0
IS	7123	0	0	0	0
IS	7124	1	0	0	1
IS	7125	0	0	0	0
IS	7126	0	0	0	0
IS	7127	0	0	0	0
IS	7128	0	0	0	0
IS	7129	0	0	0	0
IS	7130	0	0	0	0
IS	7131	0	0	0	0
IS	7132	1	0	0	1
IS	7133	0	0	0	0
IS	7134	0	0	0	0
IS	7135	0	0	0	0
IS	7136	0	0	0	0
IS	7137	0	0	0	0
IS	7138	2	0	0	2
IS	7139	1	0	0	1
IS	7140	1	0	0	1
IS	7141	0	0	0	0
IS	7142	0	0	0	0
IS	7143	1	0	0	1
IS	7144	2	1	0	1
IS	7145	0	0	0	0
IS	7146	0	0	0	0
IS	7147	0	0	0	0
IS	7148	0	0	0	0
IS	7149	2	0	1	1
IS	7150	0	0	0	0
IS	7151	1	0	0	1
IS	7152	0	0	0	0
IS	7153	0	0	0	0
IS	7154	0	0	0	0
IS	7155	0	0	0	0
IS	7156	0	0	0	0
IS	7157	0	0	0	0
IS	7158	0	0	0	0
IS	7159	1	0	0	1
IS	7160	0	0	0	0
IS	7161	0	0	0	0
IS	7162	0	0	0	0
IS	7163	0	0	0	0
IS	7164	1	0	0	1
IS	7165	0	0	0	0
IS	7166	0	0	0	0
IS	7167	0	0	0	0
IS	7168	0	0	0	0
IS	7169	2	0	0	2
IS	7170	0	0	0	0
IS	7171	0	0	0	0
IS	7172	0	0	0	0
IS	7173	1	0	0	1
IS	7174	1	0	0	1
IS	7175	0	0	0	0
IS	7176	1	0	0	1
IS	7177	0	0	0	0
IS	7178	1	0	0	1
IS	7179	0	0	0	0
IS	7180	0	0	0	0
IS	7181	0	0	0	0
IS	7182	0	0	0	0
IS	7183	0	0	0	0
IS	7184	0	0	0	0
IS	7185	1	0	0	1
IS	7186	0	0	0	0
IS	7187	0	0	0	0
IS	7188	0	0	0	0
IS	7189	1	0	0	1
IS	7190	1	1	0	0
IS	7191	1	0	0	1
IS	7192	1	1	0	0
IS	7193	0	0	0	0
IS	7194	0	0	0	0
IS	7195	0	0	0	0
IS	7196	0	0	0	0
IS	7197	2	0	0	2
IS	7198	0	0	0	0
IS	7199	0	0	0	0
IS	7200	0	0	0	0
IS	7201	0	0	0	0
IS	7202	0	0	0	0
IS	7203	2	0	0	2
IS	7204	0	0	0	0
IS	7205	0	0	0	0
IS	7206	0	0	0	0
IS	7207	0	0	0	0
IS	7208	0	0	0	0
IS	7209	0	0	0	0
IS	7210	2	0	0	2
IS	7211	0	0	0	0
IS	7212	0	0	0	0
IS	7213	1	0	0	1
IS	7214	0	0	0	0
IS	7215	0	0	0	0
IS	7216	0	0	0	0
IS	7217	1	1	0	0
IS	7218	0	0	0	0
IS	7219	2	0	0	2
IS	7220	0	0	0	0
IS	7221	0	0	0	0
IS	7222	1	0	1	0
IS	7223	0	0	0	0
IS	7224	0	0	0	0
IS	7225	0	0	0	0
IS	7226	0	0	0	0
IS	7227	1	1	0	0
IS	7228	0	0	0	0
IS	7229	0	0	0	0
IS	7230	1	0	0	1
IS	7231	0	0	0	0
IS	7232	0	0	0	0
IS	7233	0	0	0	0
IS	7234	0	0	0	0
IS	7235	0	0	0	0
IS	7236	1	0	0	1
IS	7237	0	0	0	0
IS	7238	0	0	0	0
IS	7239	0	0	0	0
IS	7240	0	0	0	0
IS	7241	1	0	0	1
IS	7242	0	0	0	0
IS	7243	0	0	0	0
IS	7244	0	0	0	0
IS	7245	0	0	0	0
IS	7246	0	0	0	0
IS	7247	0	0	0	0
IS	7248	1	0	0	1
IS	7249	0	0	0	0
IS	7250	1	0	0	1
IS	7251	1	0	0	1
IS	7252	0	0	0	0
IS	7253	1	0	0	1
IS	7254	0	0	0	0
IS	7255	1	0	0	1
IS	7256	0	0	0	0
IS	7257	0	0	0	0
IS	7258	2	0	0	2
IS	7259	0	0	0	0
IS	7260	0	0	0	0
IS	7261	0	0	0	0
IS	7262	0	0	0	0
IS	7263	2	0	0	2
IS	7264	0	0	0	0
IS	7265	1	0	0	1
IS	7266	0	0	0	0
IS	7267	0	0	0	0
IS	7268	0	0	0	0
IS	7269	0	0	0	0
IS	7270	0	0	0	0
IS	7271	0	0	0	0
IS	7272	0	0	0	0
IS	7273	0	0	0	0
IS	7274	0	0	0	0
IS	7275	0	0	0	0
IS	7276	2	1	0	1
IS	7277	0	0	0	0
IS	7278	1	0	0	1
IS	7279	0	0	0	0
IS	7280	0	0	0	0
IS	7281	0	0	0	0
IS	7282	0	0	0	0
IS	7283	0	0	0	0
IS	7284	0	0	0	0
IS	7285	3	0	0	3
IS	7286	0	0	0	0
IS	7287	0	0	0	0
IS	7288	0	0	0	0
IS	7289	0	0	0	0
IS	7290	0	0	0	0
IS	7291	0	0	0	0
IS	7292	0	0	0	0
IS	7293	0	0	0	0
IS	7294	1	0	0	1
IS	7295	0	0	0	0
IS	7296	1	0	0	1
IS	7297	0	0	0	0
IS	7298	0	0	0	0
IS	7299	0	0	0	0
IS	7300	0	0	0	0
IS	7301	0	0	0	0
IS	7302	1	0	0	1
IS	7303	0	0	0	0
IS	7304	0	0	0	0
IS	7305	1	0	0	1
IS	7306	0	0	0	0
IS	7307	0	0	0	0
IS	7308	0	0	0	0
IS	7309	0	0	0	0
IS	7310	1	0	0	1
IS	7311	0	0	0	0
IS	7312	0	0	0	0
IS	7313	0	0	0	0
IS	7314	0	0	0	0
IS	7315	1	0	0	1
IS	7316	1	1	0	0
IS	7317	0	0	0	0
IS	7318	0	0	0	0
IS	7319	1	0	0	1
IS	7320	0	0	0	0
IS	7321	0	0	0	0
IS	7322	1	0	0	1
IS	7323	0	0	0	0
IS	7324	0	0	0	0
IS	7325	0	0	0	0
IS	7326	0	0	0	0
IS	7327	0	0	0	0
IS	7328	0	0	0	0
IS	7329	0	0	0	0
IS	7330	2	0	0	2
IS	7331	0	0	0	0
IS	7332	0	0	0	0
IS	7333	1	0	0	1
IS	7334	0	0	0	0
IS	7335	0	0	0	0
IS	7336	1	0	0	1
IS	7337	2	0	0	2
IS	7338	0	0	0	0
IS	7339	0	0	0	0
IS	7340	0	0	0	0
IS	7341	0	0	0	0
IS	7342	2	0	0	2
IS	7343	0	0	0	0
IS	7344	0	0	0	0
IS	7345	0	0	0	0
IS	7346	0	0	0	0
IS	7347	0	0	0	0
IS	7348	0	0	0	0
IS	7349	1	0	0	1
IS	7350	0	0	0	0
IS	7351	0	0	0	0
IS	7352	0	0	0	0
IS	7353	0	0	0	0
IS	7354	0	0	0	0
IS	7355	0	0	0	0
IS	7356	1	0	0	1
IS	7357	0	0	0	0
IS	7358	0	0	0	0
IS	7359	0	0	0	0
IS	7360	1	0	0	1
IS	7361	0	0	0	0
IS	7362	1	1	0	0
IS	7363	0	0	0	0
IS	7364	0	0	0	0
IS	7365	1	0	0	1
IS	7366	0	0	0	0
IS	7367	0	0	0	0
IS	7368	0	0	0	0
IS	7369	1	0	0	1
IS	7370	1	0	0	1
IS	7371	0	0	0	0
IS	7372	0	0	0	0
IS	7373	0	0	0	0
IS	7374	2	1	0	1
IS	7375	0	0	0	0
IS	7376	0	0	0	0
IS	7377	0	0	0	0
IS	7378	1	1	0	0
IS	7379	0	0	0	0
IS	7380	0	0	0	0
IS	7381	1	0	0	1
IS	7382	1	0	0	1
IS	7383	0	0	0	0
IS	7384	0	0	0	0
IS	7385	1	0	0	1
IS	7386	1	0	0	1
IS	7387	0	0	0	0
IS	7388	0	0	0	0
IS	7389	1	0	0	1
IS	7390	1	0	0	1
IS	7391	0	0	0	0
IS	7392	0	0	0	0
IS	7393	1	0	0	1
IS	7394	0	0	0	0
IS	7395	1	0	0	1
IS	7396	0	0	0	0
IS	7397	0	0	0	0
IS	7398	0	0	0	0
IS	7399	1	0	0	1
IS	7400	0	0	0	0
IS	7401	1	0	0	1
IS	7402	0	0	0	0
IS	7403	0	0	0	0
IS	7404	1	0	0	1
IS	7405	0	0	0	0
IS	7406	0	0	0	0
IS	7407	2	0	0	2
IS	7408	1	0	0	1
IS	7409	0	0	0	0
IS	7410	0	0	0	0
IS	7411	0	0	0	0
IS	7412	0	0	0	0
IS	7413	0	0	0	0
IS	7414	0	0	0	0
IS	7415	0	0	0	0
IS	7416	0	0	0	0
IS	7417	0	0	0	0
IS	7418	0	0	0	0
IS	7419	0	0	0	0
IS	7420	0	0	0	0
IS	7421	0	0	0	0
IS	7422	0	0	0	0
IS	7423	0	0	0	0
IS	7424	0	0	0	0
IS	7425	1	0	0	1
IS	7426	1	0	0	1
IS	7427	0	0	0	0
IS	7428	0	0	0	0
IS	7429	3	0	0	3
IS	7430	1	0	0	1
IS	7431	0	0	0	0
IS	7432	0	0	0	0
IS	7433	1	1	0	0
IS	7434	0	0	0	0
IS	7435	2	0	0	2
IS	7436	1	0	0	1
IS	7437	1	0	0	1
IS	7438	0	0	0	0
IS	7439	0	0	0	0
IS	7440	0	0	0	0
IS	7441	0	0	0	0
IS	7442	0	0	0	0
IS	7443	0	0	0	0
IS	7444	0	0	0	0
IS	7445	1	0	0	1
IS	7446	0	0	0	0
IS	7447	1	0	0	1
IS	7448	0	0	0	0
IS	7449	0	0	0	0
IS	7450	0	0	0	0
IS	7451	1	0	0	1
IS	7452	0	0	0	0
IS	7453	0	0	0	0
IS	7454	0	0	0	0
IS	7455	0	0	0	0
IS	7456	0	0	0	0
IS	7457	0	0	0	0
IS	7458	0	0	0	0
IS	7459	0	0	0	0
IS	7460	2	1	0	1
IS	7461	0	0	0	0
IS	7462	0	0	0	0
IS	7463	0	0	0	0
IS	7464	2	1	0	1
IS	7465	0	0	0	0
IS	7466	0	0	0	0
IS	7467	0	0	0	0
IS	7468	3	0	0	3
IS	7469	0	0	0	0
IS	7470	0	0	0	0
IS	7471	1	0	0	1
IS	7472	0	0	0	0
IS	7473	0	0	0	0
IS	7474	0	0	0	0
IS	7475	1	0	0	1
IS	7476	0	0	0	0
IS	7477	1	0	0	1
IS	7478	0	0	0	0
IS	7479	0	0	0	0
IS	7480	0	0	0	0
IS	7481	0	0	0	0
IS	7482	0	0	0	0
IS	7483	0	0	0	0
IS	7484	2	1	0	1
IS	7485	1	0	0	1
IS	7486	0	0	0	0
IS	7487	0	0	0	0
IS	7488	0	0	0	0
IS	7489	0	0	0	0
IS	7490	0	0	0	0
IS	7491	0	0	0	0
IS	7492	0	0	0	0
IS	7493	0	0	0	0
IS	7494	0	0	0	0
IS	7495	0	0	0	0
IS	7496	0	0	0	0
IS	7497	0	0	0	0
IS	7498	0	0	0	0
IS	7499	0	0	0	0
IS	7500	1	0	0	1
IS	7501	1	0	0	1
IS	7502	1	0	0	1
IS	7503	0	0	0	0
IS	7504	0	0	0	0
IS	7505	1	0	0	1
IS	7506	0	0	0	0
IS	7507	0	0	0	0
IS	7508	0	0	0	0
IS	7509	0	0	0	0
IS	7510	0	0	0	0
IS	7511	0	0	0	0
IS	7512	0	0	0	0
IS	7513	0	0	0	0
IS	7514	1	0	0	1
IS	7515	0	0	0	0
IS	7516	0	0	0	0
IS	7517	1	0	0	1
IS	7518	0	0	0	0
IS	7519	1	0	0	1
IS	7520	0	0	0	0
IS	7521	0	0	0	0
IS	7522	0	0	0	0
IS	7523	2	0	0	2
IS	7524	0	0	0	0
IS	7525	0	0	0	0
IS	7526	1	0	0	1
IS	7527	1	0	0	1
IS	7528	0	0	0	0
IS	7529	2	0	0	2
IS	7530	0	0	0	0
IS	7531	0	0	0	0
IS	7532	0	0	0	0
IS	7533	0	0	0	0
IS	7534	0	0	0	0
IS	7535	0	0	0	0
IS	7536	1	0	0	1
IS	7537	1	0	0	1
IS	7538	0	0	0	0
IS	7539	0	0	0	0
IS	7540	0	0	0	0
IS	7541	0	0	0	0
IS	7542	0	0	0	0
IS	7543	0	0	0	0
IS	7544	2	0	0	2
IS	7545	0	0	0	0
IS	7546	0	0	0	0
IS	7547	0	0	0	0
IS	7548	0	0	0	0
IS	7549	0	0	0	0
IS	7550	0	0	0	0
IS	7551	0	0	0	0
IS	7552	1	0	0	1
IS	7553	0	0	0	0
IS	7554	0	0	0	0
IS	7555	1	0	0	1
IS	7556	1	0	0	1
IS	7557	3	0	0	3
IS	7558	0	0	0	0
IS	7559	1	0	0	1
IS	7560	1	0	0	1
IS	7561	0	0	0	0
IS	7562	0	0	0	0
IS	7563	0	0	0	0
IS	7564	0	0	0	0
IS	7565	0	0	0	0
IS	7566	0	0	0	0
IS	7567	1	0	0	1
IS	7568	0	0	0	0
IS	7569	1	0	0	1
IS	7570	0	0	0	0
IS	7571	0	0	0	0
IS	7572	0	0	0	0
IS	7573	2	0	0	2
IS	7574	1	0	0	1
IS	7575	0	0	0	0
IS	7576	0	0	0	0
IS	7577	1	0	0	1
IS	7578	0	0	0	0
IS	7579	0	0	0	0
IS	7580	0	0	0	0
IS	7581	1	0	0	1
IS	7582	0	0	0	0
IS	7583	0	0	0	0
IS	7584	0	0	0	0
IS	7585	0	0	0	0
IS	7586	0	0	0	0
IS	7587	0	0	0	0
IS	7588	1	0	0	1
IS	7589	1	0	0	1
IS	7590	2	0	0	2
IS	7591	0	0	0	0
IS	7592	0	0	0	0
IS	7593	1	0	0	1
IS	7594	0	0	0	0
IS	7595	1	0	0	1
IS	7596	0	0	0	0
IS	7597	0	0	0	0
IS	7598	2	0	0	2
IS	7599	0	0	0	0
IS	7600	0	0	0	0
IS	7601	0	0	0	0
IS	7602	0	0	0	0
IS	7603	0	0	0	0
IS	7604	0	0	0	0
IS	7605	0	0	0	0
IS	7606	0	0	0	0
IS	7607	0	0	0	0
IS	7608	1	0	0	1
IS	7609	1	0	0	1
IS	7610	0	0	0	0
IS	7611	1	0	0	1
IS	7612	0	0	0	0
IS	7613	1	0	0	1
IS	7614	0	0	0	0
IS	7615	0	0	0	0
IS	7616	0	0	0	0
IS	7617	0	0	0	0
IS	7618	0	0	0	0
IS	7619	0	0	0	0
IS	7620	0	0	0	0
IS	7621	0	0	0	0
IS	7622	0	0	0	0
IS	7623	1	0	0	1
IS	7624	0	0	0	0
IS	7625	0	0	0	0
IS	7626	0	0	0	0
IS	7627	0	0	0	0
IS	7628	1	0	0	1
IS	7629	1	0	0	1
IS	7630	0	0	0	0
IS	7631	1	0	0	1
IS	7632	1	0	0	1
IS	7633	0	0	0	0
IS	7634	1	0	0	1
IS	7635	0	0	0	0
IS	7636	0	0	0	0
IS	7637	1	0	0	1
IS	7638	0	0	0	0
IS	7639	3	1	0	2
IS	7640	0	0	0	0
IS	7641	0	0	0	0
IS	7642	0	0	0	0
IS	7643	0	0	0	0
IS	7644	0	0	0	0
IS	7645	0	0	0	0
IS	7646	0	0	0	0
IS	7647	0	0	0	0
IS	7648	0	0	0	0
IS	7649	0	0	0	0
IS	7650	0	0	0	0
IS	7651	1	0	0	1
IS	7652	1	0	0	1
IS	7653	0	0	0	0
IS	7654	0	0	0	0
IS	7655	1	0	0	1
IS	7656	1	0	0	1
IS	7657	0	0	0	0
IS	7658	0	0	0	0
IS	7659	2	0	0	2
IS	7660	1	0	0	1
IS	7661	0	0	0	0
IS	7662	0	0	0	0
IS	7663	0	0	0	0
IS	7664	0	0	0	0
IS	7665	1	0	0	1
IS	7666	0	0	0	0
IS	7667	0	0	0	0
IS	7668	1	0	0	1
IS	7669	0	0	0	0
IS	7670	0	0	0	0
IS	7671	0	0	0	0
IS	7672	2	0	0	2
IS	7673	0	0	0	0
IS	7674	0	0	0	0
IS	7675	1	0	0	1
IS	7676	0	0	0	0
IS	7677	0	0	0	0
IS	7678	0	0	0	0
IS	7679	0	0	0	0
IS	7680	0	0	0	0
IS	7681	0	0	0	0
IS	7682	0	0	0	0
IS	7683	0	0	0	0
IS	7684	0	0	0	0
IS	7685	0	0	0	0
IS	7686	0	0	0	0
IS	7687	0	0	0	0
IS	7688	0	0	0	0
IS	7689	2	1	0	1
IS	7690	0	0	0	0
IS	7691	0	0	0	0
IS	7692	0	0	0	0
IS	7693	0	0	0	0
IS	7694	1	0	0	1
IS	7695	1	0	0	1
IS	7696	0	0	0	0
IS	7697	0	0	0	0
IS	7698	1	0	0	1
IS	7699	0	0	0	0
IS	7700	0	0	0	0
IS	7701	0	0	0	0
IS	7702	0	0	0	0
IS	7703	0	0	0	0
IS	7704	2	0	0	2
IS	7705	0	0	0	0
IS	7706	1	0	0	1
IS	7707	0	0	0	0
IS	7708	0	0	0	0
IS	7709	0	0	0	0
IS	7710	0	0	0	0
IS	7711	0	0	0	0
IS	7712	0	0	0	0
IS	7713	0	0	0	0
IS	7714	2	0	0	2
IS	7715	0	0	0	0
IS	7716	0	0	0	0
IS	7717	1	0	0	1
IS	7718	0	0	0	0
IS	7719	0	0	0	0
IS	7720	1	0	0	1
IS	7721	0	0	0	0
IS	7722	0	0	0	0
IS	7723	1	0	0	1
IS	7724	0	0	0	0
IS	7725	0	0	0	0
IS	7726	1	0	0	1
IS	7727	1	0	0	1
IS	7728	1	0	0	1
IS	7729	0	0	0	0
IS	7730	0	0	0	0
IS	7731	1	0	1	0
IS	7732	0	0	0	0
IS	7733	2	0	0	2
IS	7734	2	0	0	2
IS	7735	0	0	0	0
IS	7736	0	0	0	0
IS	7737	0	0	0	0
IS	7738	0	0	0	0
IS	7739	0	0	0	0
IS	7740	0	0	0	0
IS	7741	1	0	0	1
IS	7742	0	0	0	0
IS	7743	0	0	0	0
IS	7744	0	0	0	0
IS	7745	0	0	0	0
IS	7746	0	0	0	0
IS	7747	0	0	0	0
IS	7748	2	0	0	2
IS	7749	0	0	0	0
IS	7750	0	0	0	0
IS	7751	2	0	0	2
IS	7752	0	0	0	0
IS	7753	0	0	0	0
IS	7754	0	0	0	0
IS	7755	0	0	0	0
IS	7756	0	0	0	0
IS	7757	0	0	0	0
IS	7758	0	0	0	0
IS	7759	0	0	0	0
IS	7760	1	0	0	1
IS	7761	0	0	0	0
IS	7762	1	0	0	1
IS	7763	0	0	0	0
IS	7764	1	0	0	1
IS	7765	1	0	0	1
IS	7766	1	0	0	1
IS	7767	1	0	0	1
IS	7768	0	0	0	0
IS	7769	0	0	0	0
IS	7770	1	0	0	1
IS	7771	0	0	0	0
IS	7772	0	0	0	0
IS	7773	0	0	0	0
IS	7774	0	0	0	0
IS	7775	0	0	0	0
IS	7776	0	0	0	0
IS	7777	1	0	0	1
IS	7778	0	0	0	0
IS	7779	0	0	0	0
IS	7780	0	0	0	0
IS	7781	0	0	0	0
IS	7782	0	0	0	0
IS	7783	1	0	0	1
IS	7784	0	0	0	0
IS	7785	0	0	0	0
IS	7786	1	0	0	1
IS	7787	0	0	0	0
IS	7788	0	0	0	0
IS	7789	1	0	0	1
IS	7790	0	0	0	0
IS	7791	0	0	0	0
IS	7792	0	0	0	0
IS	7793	0	0	0	0
IS	7794	0	0	0	0
IS	7795	0	0	0	0
IS	7796	1	0	0	1
IS	7797	0	0	0	0
IS	7798	2	0	0	2
IS	7799	1	0	0	1
IS	7800	1	0	0	1
IS	7801	0	0	0	0
IS	7802	0	0	0	0
IS	7803	0	0	0	0
IS	7804	0	0	0	0
IS	7805	0	0	0	0
IS	7806	0	0	0	0
IS	7807	0	0	0	0
IS	7808	1	1	0	0
IS	7809	0	0	0	0
IS	7810	0	0	0	0
IS	7811	0	0	0	0
IS	7812	0	0	0	0
IS	7813	1	0	0	1
IS	7814	0	0	0	0
IS	7815	0	0	0	0
IS	7816	1	0	0	1
IS	7817	0	0	0	0
IS	7818	0	0	0	0
IS	7819	0	0	0	0
IS	7820	2	0	0	2
IS	7821	1	0	0	1
IS	7822	0	0	0	0
IS	7823	0	0	0	0
IS	7824	0	0	0	0
IS	7825	0	0	0	0
IS	7826	1	0	0	1
IS	7827	0	0	0	0
IS	7828	0	0	0	0
IS	7829	0	0	0	0
IS	7830	0	0	0	0
IS	7831	0	0	0	0
IS	7832	0	0	0	0
IS	7833	1	0	0	1
IS	7834	1	0	0	1
IS	7835	0	0	0	0
IS	7836	1	0	0	1
IS	7837	0	0	0	0
IS	7838	1	0	0	1
IS	7839	0	0	0	0
IS	7840	0	0	0	0
IS	7841	0	0	0	0
IS	7842	0	0	0	0
IS	7843	0	0	0	0
IS	7844	1	1	0	0
IS	7845	0	0	0	0
IS	7846	0	0	0	0
IS	7847	0	0	0	0
IS	7848	0	0	0	0
IS	7849	0	0	0	0
IS	7850	0	0	0	0
IS	7851	1	0	0	1
IS	7852	0	0	0	0
IS	7853	0	0	0	0
IS	7854	0	0	0	0
IS	7855	0	0	0	0
IS	7856	0	0	0	0
IS	7857	1	0	0	1
IS	7858	0	0	0	0
IS	7859	1	0	0	1
IS	7860	0	0	0	0
IS	7861	0	0	0	0
IS	7862	0	0	0	0
IS	7863	2	0	0	2
IS	7864	0	0	0	0
IS	7865	0	0	0	0
IS	7866	1	0	0	1
IS	7867	0	0	0	0
IS	7868	0	0	0	0
IS	7869	1	0	0	1
IS	7870	0	0	0	0
IS	7871	1	0	0	1
IS	7872	0	0	0	0
IS	7873	1	0	0	1
IS	7874	0	0	0	0
IS	7875	0	0	0	0
IS	7876	0	0	0	0
IS	7877	0	0	0	0
IS	7878	0	0	0	0
IS	7879	0	0	0	0
IS	7880	1	0	0	1
IS	7881	0	0	0	0
IS	7882	0	0	0	0
IS	7883	0	0	0	0
IS	7884	0	0	0	0
IS	7885	1	1	0	0
IS	7886	0	0	0	0
IS	7887	0	0	0	0
IS	7888	1	0	0	1
IS	7889	1	0	1	0
IS	7890	0	0	0	0
IS	7891	0	0	0	0
IS	7892	0	0	0	0
IS	7893	2	0	0	2
IS	7894	1	1	0	0
IS	7895	1	0	0	1
IS	7896	0	0	0	0
IS	7897	0	0	0	0
IS	7898	0	0	0	0
IS	7899	0	0	0	0
IS	7900	0	0	0	0
IS	7901	0	0	0	0
IS	7902	0	0	0	0
IS	7903	0	0	0	0
IS	7904	0	0	0	0
IS	7905	1	0	0	1
IS	7906	0	0	0	0
IS	7907	0	0	0	0
IS	7908	1	0	0	1
IS	7909	0	0	0	0
IS	7910	0	0	0	0
IS	7911	0	0	0	0
IS	7912	0	0	0	0
IS	7913	0	0	0	0
IS	7914	0	0	0	0
IS	7915	0	0	0	0
IS	7916	1	0	0	1
IS	7917	0	0	0	0
IS	7918	0	0	0	0
IS	7919	1	0	0	1
IS	7920	0	0	0	0
IS	7921	0	0	0	0
IS	7922	0	0	0	0
IS	7923	0	0	0	0
IS	7924	0	0	0	0
IS	7925	1	0	0	1
IS	7926	0	0	0	0
IS	7927	1	0	0	1
IS	7928	0	0	0	0
IS	7929	0	0	0	0
IS	7930	0	0	0	0
IS	7931	0	0	0	0
IS	7932	0	0	0	0
IS	7933	0	0	0	0
IS	7934	1	0	0	1
IS	7935	0	0	0	0
IS	7936	0	0	0	0
IS	7937	0	0	0	0
IS	7938	0	0	0	0
IS	7939	0	0	0	0
IS	7940	0	0	0	0
IS	7941	0	0	0	0
IS	7942	0	0	0	0
IS	7943	0	0	0	0
IS	7944	0	0	0	0
IS	7945	1	0	0	1
IS	7946	1	0	0	1
IS	7947	1	0	0	1
IS	7948	1	0	0	1
IS	7949	1	0	0	1
IS	7950	0	0	0	0
IS	7951	0	0	0	0
IS	7952	1	0	0	1
IS	7953	1	0	0	1
IS	7954	0	0	0	0
IS	7955	0	0	0	0
IS	7956	1	0	0	1
IS	7957	0	0	0	0
IS	7958	0	0	0	0
IS	7959	1	0	0	1
IS	7960	0	0	0	0
IS	7961	1	0	0	1
IS	7962	2	0	0	2
IS	7963	1	0	0	1
IS	7964	0	0	0	0
IS	7965	0	0	0	0
IS	7966	0	0	0	0
IS	7967	1	0	0	1
IS	7968	0	0	0	0
IS	7969	0	0	0	0
IS	7970	0	0	0	0
IS	7971	0	0	0	0
IS	7972	0	0	0	0
IS	7973	1	0	0	1
IS	7974	0	0	0	0
IS	7975	0	0	0	0
IS	7976	1	0	0	1
IS	7977	1	0	0	1
IS	7978	0	0	0	0
IS	7979	0	0	0	0
IS	7980	0	0	0	0
IS	7981	0	0	0	0
IS	7982	0	0	0	0
IS	7983	0	0	0	0
IS	7984	0	0	0	0
IS	7985	0	0	0	0
IS	7986	0	0	0	0
IS	7987	1	0	0	1
IS	7988	0	0	0	0
IS	7989	0	0	0	0
IS	7990	0	0	0	0
IS	7991	1	0	0	1
IS	7992	0	0	0	0
IS	7993	0	0	0	0
IS	7994	1	0	0	1
IS	7995	0	0	0	0
IS	7996	1	0	0	1
IS	7997	0	0	0	0
IS	7998	0	0	0	0
IS	7999	0	0	0	0
IS	8000	16965	4025	4056	8884
# Read lengths. Use `grep ^RL | cut -f 2-` to extract this part. The columns are: read length, count
RL	25	2383
RL	26	2453
RL	27	2662
RL	28	2719
RL	29	2612
RL	30	2750
RL	31	2581
RL	32	2639
RL	33	2713
RL	34	2616
RL	35	2659
RL	36	2371
RL	37	2386
RL	38	2271
RL	39	2362
RL	40	2419
RL	41	2703
RL	42	2537
RL	43	2701
RL	44	3006
RL	45	2944
RL	46	2865
RL	47	3075
RL	48	2952
RL	49	3066
RL	50	2883
RL	51	2810
RL	52	2855
RL	53	2886
RL	54	2726
RL	55	2835
RL	56	3042
RL	57	3079
RL	58	3243
RL	59	3349
RL	60	3289
RL	61	3322
RL	62	3378
RL	63	3414
RL	64	3526
RL	65	3558
RL	66	3693
RL	67	3790
RL	68	3623
RL	69	3683
RL	70	3772
RL	71	3876
RL	72	3825
RL	73	3691
RL	74	3984
RL	75	4100
RL	76	3983
RL	77	4082
RL	78	4176
RL	79	4496
RL	80	4519
RL	81	4490
RL	82	4410
RL	83	4633
RL	84	4557
RL	85	4675
RL	86	4806
RL	87	4791
RL	88	4939
RL	89	5073
RL	90	5042
RL	91	5514
RL	92	5427
RL	93	5169
RL	94	5491
RL	95	5765
RL	96	5639
RL	97	5515
RL	98	5349
RL	99	6016
RL	100	6703
RL	101	5519
RL	102	3704
RL	103	3633
RL	104	3353
RL	105	2897
RL	106	2902
RL	107	2942
RL	108	2708
RL	109	2974
RL	110	3019
RL	111	3157
RL	112	3195
RL	113	3568
RL	114	3396
RL	115	3663
RL	116	3828
RL	117	3715
RL	118	4051
RL	119	4130
RL	120	4122
RL	121	4126
RL	122	4507
RL	123	4393
RL	124	4466
RL	125	4668
RL	126	4739
RL	127	4992
RL	128	5366
RL	129	5123
RL	130	5659
RL	131	5805
RL	132	5785
RL	133	5882
RL	134	6191
RL	135	6359
RL	136	6556
RL	137	6701
RL	138	6914
RL	139	7303
RL	140	7447
RL	141	8173
RL	142	8624
RL	143	8891
RL	144	9525
RL	145	9940
RL	146	10492
RL	147	10341
RL	148	11351
RL	149	23225
RL	150	1191085
# Read lengths - first fragments. Use `grep ^FRL | cut -f 2-` to extract this part. The columns are: read length, count
FRL	25	433
FRL	26	463
FRL	27	565
FRL	28	568
FRL	29	497
FRL	30	554
FRL	31	434
FRL	32	466
FRL	33	465
FRL	34	454
FRL	35	430
FRL	36	496
FRL	37	435
FRL	38	487
FRL	39	532
FRL	40	527
FRL	41	572
FRL	42	554
FRL	43	602
FRL	44	597
FRL	45	599
FRL	46	607
FRL	47	791
FRL	48	645
FRL	49	670
FRL	50	628
FRL	51	609
FRL	52	620
FRL	53	607
FRL	54	609
FRL	55	624
FRL	56	705
FRL	57	707
FRL	58	846
FRL	59	787
FRL	60	727
FRL	61	793
FRL	62	769
FRL	63	810
FRL	64	789
FRL	65	761
FRL	66	850
FRL	67	861
FRL	68	821
FRL	69	859
FRL	70	885
FRL	71	927
FRL	72	960
FRL	73	922
FRL	74	978
FRL	75	1071
FRL	76	1023
FRL	77	1120
FRL	78	1075
FRL	79	1078
FRL	80	1088
FRL	81	1194
FRL	82	1172
FRL	83	1194
FRL	84	1140
FRL	85	1199
FRL	86	1247
FRL	87	1241
FRL	88	1378
FRL	89	1320
FRL	90	1423
FRL	91	1478
FRL	92	1424
FRL	93	1448
FRL	94	1576
FRL	95	1548
FRL	96	1556
FRL	97	1543
FRL	98	1476
FRL	99	1724
FRL	100	1983
FRL	101	1648
FRL	102	1045
FRL	103	1067
FRL	104	1176
FRL	105	818
FRL	106	859
FRL	107	812
FRL	108	812
FRL	109	865
FRL	110	903
FRL	111	898
FRL	112	931
FRL	113	1121
FRL	114	986
FRL	115	1243
FRL	116	1100
FRL	117	1048
FRL	118	1081
FRL	119	1063
FRL	120	1127
FRL	121	1200
FRL	122	1533
FRL	123	1323
FRL	124	1238
FRL	125	1338
FRL	126	1413
FRL	127	1544
FRL	128	1689
FRL	129	1561
FRL	130	1712
FRL	131	1771
FRL	132	1798
FRL	133	1832
FRL	134	1923
FRL	135	1978
FRL	136	2145
FRL	137	2207
FRL	138	2232
FRL	139	2464
FRL	140	2630
FRL	141	2814
FRL	142	3248
FRL	143	3310
FRL	144	3672
FRL	145	4060
FRL	146	4385
FRL	147	4598
FRL	148	5048
FRL	149	11374
FRL	150	711262
# Read lengths - last fragments. Use `grep ^LRL | cut -f 2-` to extract this part. The columns are: read length, count
LRL	25	1950
LRL	26	1990
LRL	27	2097
LRL	28	2151
LRL	29	2115
LRL	30	2196
LRL	31	2147
LRL	32	2173
LRL	33	2248
LRL	34	2162
LRL	35	2229
LRL	36	1875
LRL	37	1951
LRL	38	1784
LRL	39	1830
LRL	40	1892
LRL	41	2131
LRL	42	1983
LRL	43	2099
LRL	44	2409
LRL	45	2345
LRL	46	2258
LRL	47	2284
LRL	48	2307
LRL	49	2396
LRL	50	2255
LRL	51	2201
LRL	52	2235
LRL	53	2279
LRL	54	2117
LRL	55	2211
LRL	56	2337
LRL	57	2372
LRL	58	2397
LRL	59	2562
LRL	60	2562
LRL	61	2529
LRL	62	2609
LRL	63	2604
LRL	64	2737
LRL	65	2797
LRL	66	2843
LRL	67	2929
LRL	68	2802
LRL	69	2824
LRL	70	2887
LRL	71	2949
LRL	72	2865
LRL	73	2769
LRL	74	3006
LRL	75	3029
LRL	76	2960
LRL	77	2962
LRL	78	3101
LRL	79	3418
LRL	80	3431
LRL	81	3296
LRL	82	3238
LRL	83	3439
LRL	84	3417
LRL	85	3476
LRL	86	3559
LRL	87	3550
LRL	88	3561
LRL	89	3753
LRL	90	3619
LRL	91	4036
LRL	92	4003
LRL	93	3721
LRL	94	3915
LRL	95	4217
LRL	96	4083
LRL	97	3972
LRL	98	3873
LRL	99	4292
LRL	100	4720
LRL	101	3871
LRL	102	2659
LRL	103	2566
LRL	104	2177
LRL	105	2079
LRL	106	2043
LRL	107	2130
LRL	108	1896
LRL	109	2109
LRL	110	2116
LRL	111	2259
LRL	112	2264
LRL	113	2447
LRL	114	2410
LRL	115	2420
LRL	116	2728
LRL	117	2667
LRL	118	2970
LRL	119	3067
LRL	120	2995
LRL	121	2926
LRL	122	2974
LRL	123	3070
LRL	124	3228
LRL	125	3330
LRL	126	3326
LRL	127	3448
LRL	128	3677
LRL	129	3562
LRL	130	3947
LRL	131	4034
LRL	132	3987
LRL	133	4050
LRL	134	4268
LRL	135	4381
LRL	136	4411
LRL	137	4494
LRL	138	4682
LRL	139	4839
LRL	140	4817
LRL	141	5359
LRL	142	5376
LRL	143	5581
LRL	144	5853
LRL	145	5880
LRL	146	6107
LRL	147	5743
LRL	148	6303
LRL	149	11851
LRL	150	479823
# Mapping qualities for reads !(UNMAP|SECOND|SUPPL|QCFAIL|DUP). Use `grep ^MAPQ | cut -f 2-` to extract this part. The columns are: mapq, count
MAPQ	0	30933
MAPQ	1	69
MAPQ	2	7
MAPQ	3	165
MAPQ	4	23
MAPQ	5	93
MAPQ	6	45
MAPQ	7	32
MAPQ	8	82
MAPQ	9	114
MAPQ	10	44
MAPQ	11	54
MAPQ	12	25
MAPQ	13	33
MAPQ	14	5
MAPQ	15	72
MAPQ	16	59
MAPQ	17	64
MAPQ	18	26
MAPQ	19	24
MAPQ	20	4
MAPQ	21	137
MAPQ	22	387
MAPQ	23	91
MAPQ	24	222
MAPQ	25	255
MAPQ	26	15
MAPQ	27	1248
MAPQ	28	50
MAPQ	29	48
MAPQ	30	46
MAPQ	31	56
MAPQ	32	58
MAPQ	33	155
MAPQ	34	30
MAPQ	35	111
MAPQ	36	27
MAPQ	37	37
MAPQ	38	10
MAPQ	39	154
MAPQ	40	11205
MAPQ	41	82
MAPQ	42	45
MAPQ	43	151
MAPQ	44	36
MAPQ	45	264
MAPQ	46	289
MAPQ	47	63
MAPQ	48	1484
MAPQ	49	138
MAPQ	50	253
MAPQ	51	156
MAPQ	52	158
MAPQ	53	61
MAPQ	54	105
MAPQ	55	77
MAPQ	56	195
MAPQ	57	285
MAPQ	58	44
MAPQ	59	111
MAPQ	60	1703632
# Indel distribution. Use `grep ^ID | cut -f 2-` to extract this part. The columns are: length, number of insertions, number of deletions
ID	1	573	2870
ID	2	74	223
ID	3	7	45
ID	4	35	10
ID	5	10	1
ID	6	4	8
ID	7	2	2
ID	8	4	1
ID	9	3	1
ID	11	1	2
ID	12	0	1
ID	15	0	2
ID	17	0	2
ID	18	0	1
ID	19	0	1
ID	20	1	1
ID	22	0	1
ID	23	0	1
ID	25	0	2
ID	27	0	1
ID	29	0	1
ID	30	0	3
ID	32	0	1
ID	33	0	2
ID	34	0	1
ID	36	0	2
ID	41	0	1
ID	46	0	1
ID	47	0	1
# Indels per cycle. Use `grep ^IC | cut -f 2-` to extract this part. The columns are: cycle, number of insertions (fwd), .. (rev) , number of deletions (fwd), .. (rev)
IC	3	0	0	11	10
IC	4	4	3	9	12
IC	5	0	1	5	7
IC	6	6	1	7	10
IC	7	0	0	4	12
IC	8	0	1	2	10
IC	9	2	7	6	5
IC	10	3	1	8	7
IC	11	2	1	9	4
IC	12	3	1	12	16
IC	13	0	2	9	7
IC	14	0	2	7	6
IC	15	3	1	10	6
IC	16	0	3	12	14
IC	17	0	0	5	8
IC	18	1	2	8	10
IC	19	0	1	14	16
IC	20	3	0	16	13
IC	21	0	0	11	15
IC	22	3	1	12	14
IC	23	4	0	16	8
IC	24	1	1	10	11
IC	25	0	1	11	12
IC	26	1	1	12	19
IC	27	1	1	12	11
IC	28	1	4	11	16
IC	29	2	2	15	12
IC	30	0	2	12	9
IC	31	1	2	16	6
IC	32	0	2	15	8
IC	33	3	2	9	19
IC	34	4	1	10	8
IC	35	3	4	15	14
IC	36	0	2	11	16
IC	37	3	1	10	7
IC	38	2	7	8	6
IC	39	5	6	15	10
IC	40	3	3	11	24
IC	41	6	3	19	9
IC	42	2	4	6	10
IC	43	3	5	21	15
IC	44	4	3	14	10
IC	45	6	5	14	14
IC	46	4	6	10	17
IC	47	3	2	7	14
IC	48	2	0	10	14
IC	49	4	5	11	14
IC	50	3	0	8	9
IC	51	2	3	19	14
IC	52	4	2	13	8
IC	53	2	7	11	11
IC	54	1	2	13	17
IC	55	2	2	20	15
IC	56	4	3	16	11
IC	57	1	1	9	9
IC	58	2	1	15	8
IC	59	4	5	12	11
IC	60	4	2	13	14
IC	61	3	2	14	7
IC	62	2	1	12	13
IC	63	3	1	9	13
IC	64	2	3	8	12
IC	65	2	3	13	9
IC	66	1	1	17	13
IC	67	4	4	12	9
IC	68	1	5	11	14
IC	69	3	3	9	11
IC	70	4	1	11	11
IC	71	4	2	6	13
IC	72	0	5	19	15
IC	73	1	2	14	11
IC	74	1	3	11	9
IC	75	0	2	15	12
IC	76	4	0	9	8
IC	77	4	2	16	16
IC	78	2	2	11	9
IC	79	1	2	14	17
IC	80	2	2	7	8
IC	81	5	1	9	10
IC	82	6	1	13	7
IC	83	1	3	13	10
IC	84	1	1	10	7
IC	85	2	2	13	9
IC	86	1	0	15	9
IC	87	1	0	12	13
IC	88	3	3	13	9
IC	89	0	2	18	12
IC	90	2	1	10	9
IC	91	3	2	14	7
IC	92	2	3	10	11
IC	93	4	1	15	7
IC	94	3	1	15	9
IC	95	3	2	12	15
IC	96	2	0	10	6
IC	97	3	0	9	6
IC	98	2	0	19	12
IC	99	0	0	10	12
IC	100	4	2	13	16
IC	101	2	1	9	13
IC	102	0	4	13	5
IC	103	0	4	10	10
IC	104	2	1	13	12
IC	105	3	1	14	9
IC	106	2	3	10	11
IC	107	2	1	8	12
IC	108	5	1	12	9
IC	109	4	1	18	3
IC	110	0	2	10	12
IC	111	1	0	12	8
IC	112	4	2	16	4
IC	113	4	2	10	5
IC	114	2	3	9	16
IC	115	0	0	12	7
IC	116	3	3	12	11
IC	117	0	0	12	8
IC	118	3	2	12	4
IC	119	3	1	11	10
IC	120	3	4	11	5
IC	121	2	0	9	7
IC	122	1	4	17	6
IC	123	2	1	15	4
IC	124	0	4	10	8
IC	125	1	0	8	6
IC	126	2	1	15	8
IC	127	2	1	19	6
IC	128	3	2	4	10
IC	129	2	3	9	8
IC	130	0	3	6	7
IC	131	5	2	11	10
IC	132	2	0	12	7
IC	133	3	0	12	10
IC	134	4	1	11	8
IC	135	2	4	10	7
IC	136	3	0	7	10
IC	137	2	1	9	6
IC	138	2	1	8	7
IC	139	3	1	10	10
IC	140	2	0	13	1
IC	141	1	2	9	5
IC	142	3	3	12	8
IC	143	3	2	7	6
IC	144	2	4	18	9
IC	145	8	3	19	8
IC	146	15	17	16	4
IC	147	45	34	35	28
# Coverage distribution. Use `grep ^COV | cut -f 2-` to extract this part.
COV	[1-1]	1	327
COV	[2-2]	2	53
COV	[3-3]	3	41
COV	[4-4]	4	46
COV	[5-5]	5	54
COV	[6-6]	6	85
COV	[7-7]	7	94
COV	[8-8]	8	175
COV	[9-9]	9	233
COV	[10-10]	10	358
COV	[11-11]	11	517
COV	[12-12]	12	773
COV	[13-13]	13	891
COV	[14-14]	14	1178
COV	[15-15]	15	1647
COV	[16-16]	16	2101
COV	[17-17]	17	2636
COV	[18-18]	18	3734
COV	[19-19]	19	4804
COV	[20-20]	20	6283
COV	[21-21]	21	7776
COV	[22-22]	22	9262
COV	[23-23]	23	10878
COV	[24-24]	24	13369
COV	[25-25]	25	15891
COV	[26-26]	26	19085
COV	[27-27]	27	22513
COV	[28-28]	28	25609
COV	[29-29]	29	30017
COV	[30-30]	30	35172
COV	[31-31]	31	39449
COV	[32-32]	32	45374
COV	[33-33]	33	51978
COV	[34-34]	34	59249
COV	[35-35]	35	66818
COV	[36-36]	36	74266
COV	[37-37]	37	82971
COV	[38-38]	38	90631
COV	[39-39]	39	99219
COV	[40-40]	40	107315
COV	[41-41]	41	115786
COV	[42-42]	42	121939
COV	[43-43]	43	130108
COV	[44-44]	44	136088
COV	[45-45]	45	142837
COV	[46-46]	46	145738
COV	[47-47]	47	150516
COV	[48-48]	48	152669
COV	[49-49]	49	154488
COV	[50-50]	50	155682
COV	[51-51]	51	153589
COV	[52-52]	52	152291
COV	[53-53]	53	149718
COV	[54-54]	54	145758
COV	[55-55]	55	139456
COV	[56-56]	56	134211
COV	[57-57]	57	126339
COV	[58-58]	58	121023
COV	[59-59]	59	113017
COV	[60-60]	60	104749
COV	[61-61]	61	96757
COV	[62-62]	62	88364
COV	[63-63]	63	81808
COV	[64-64]	64	75500
COV	[65-65]	65	68204
COV	[66-66]	66	61611
COV	[67-67]	67	56317
COV	[68-68]	68	50740
COV	[69-69]	69	45405
COV	[70-70]	70	40476
COV	[71-71]	71	35683
COV	[72-72]	72	31101
COV	[73-73]	73	27680
COV	[74-74]	74	23947
COV	[75-75]	75	20978
COV	[76-76]	76	18267
COV	[77-77]	77	16126
COV	[78-78]	78	13949
COV	[79-79]	79	12190
COV	[80-80]	80	10292
COV	[81-81]	81	9108
COV	[82-82]	82	7357
COV	[83-83]	83	6467
COV	[84-84]	84	5563
COV	[85-85]	85	4569
COV	[86-86]	86	3929
COV	[87-87]	87	3227
COV	[88-88]	88	2790
COV	[89-89]	89	2303
COV	[90-90]	90	1982
COV	[91-91]	91	1663
COV	[92-92]	92	1370
COV	[93-93]	93	1272
COV	[94-94]	94	1131
COV	[95-95]	95	912
COV	[96-96]	96	733
COV	[97-97]	97	656
COV	[98-98]	98	683
COV	[99-99]	99	551
COV	[100-100]	100	507
COV	[101-101]	101	420
COV	[102-102]	102	422
COV	[103-103]	103	388
COV	[104-104]	104	360
COV	[105-105]	105	348
COV	[106-106]	106	283
COV	[107-107]	107	273
COV	[108-108]	108	273
COV	[109-109]	109	218
COV	[110-110]	110	214
COV	[111-111]	111	184
COV	[112-112]	112	141
COV	[113-113]	113	160
COV	[114-114]	114	158
COV	[115-115]	115	188
COV	[116-116]	116	163
COV	[117-117]	117	184
COV	[118-118]	118	236
COV	[119-119]	119	205
COV	[120-120]	120	208
COV	[121-121]	121	211
COV	[122-122]	122	255
COV	[123-123]	123	228
COV	[124-124]	124	230
COV	[125-125]	125	200
COV	[126-126]	126	231
COV	[127-127]	127	220
COV	[128-128]	128	241
COV	[129-129]	129	212
COV	[130-130]	130	264
COV	[131-131]	131	249
COV	[132-132]	132	233
COV	[133-133]	133	208
COV	[134-134]	134	191
COV	[135-135]	135	164
COV	[136-136]	136	163
COV	[137-137]	137	155
COV	[138-138]	138	155
COV	[139-139]	139	140
COV	[140-140]	140	133
COV	[141-141]	141	142
COV	[142-142]	142	133
COV	[143-143]	143	108
COV	[144-144]	144	98
COV	[145-145]	145	128
COV	[146-146]	146	94
COV	[147-147]	147	81
COV	[148-148]	148	54
COV	[149-149]	149	59
COV	[150-150]	150	61
COV	[151-151]	151	82
COV	[152-152]	152	58
COV	[153-153]	153	47
COV	[154-154]	154	54
COV	[155-155]	155	45
COV	[156-156]	156	66
COV	[157-157]	157	57
COV	[158-158]	158	62
COV	[159-159]	159	49
COV	[160-160]	160	42
COV	[161-161]	161	48
COV	[162-162]	162	48
COV	[163-163]	163	36
COV	[164-164]	164	41
COV	[165-165]	165	45
COV	[166-166]	166	47
COV	[167-167]	167	53
COV	[168-168]	168	35
COV	[169-169]	169	43
COV	[170-170]	170	26
COV	[171-171]	171	18
COV	[172-172]	172	24
COV	[173-173]	173	15
COV	[174-174]	174	20
COV	[175-175]	175	23
COV	[176-176]	176	25
COV	[177-177]	177	20
COV	[178-178]	178	23
COV	[179-179]	179	11
COV	[180-180]	180	8
COV	[181-181]	181	6
COV	[182-182]	182	11
COV	[183-183]	183	9
COV	[184-184]	184	9
COV	[185-185]	185	25
COV	[186-186]	186	15
COV	[187-187]	187	22
COV	[188-188]	188	20
COV	[189-189]	189	21
COV	[190-190]	190	27
COV	[191-191]	191	21
COV	[192-192]	192	16
COV	[193-193]	193	7
COV	[194-194]	194	11
COV	[195-195]	195	5
COV	[196-196]	196	9
COV	[197-197]	197	5
COV	[198-198]	198	13
COV	[199-199]	199	13
COV	[200-200]	200	2
COV	[201-201]	201	7
COV	[202-202]	202	8
COV	[203-203]	203	13
COV	[204-204]	204	4
COV	[205-205]	205	6
COV	[206-206]	206	6
COV	[207-207]	207	4
COV	[208-208]	208	8
COV	[209-209]	209	10
COV	[210-210]	210	5
COV	[212-212]	212	1
COV	[213-213]	213	1
COV	[214-214]	214	3
COV	[215-215]	215	8
COV	[216-216]	216	4
COV	[217-217]	217	5
COV	[218-218]	218	8
COV	[219-219]	219	1
COV	[220-220]	220	1
COV	[221-221]	221	1
COV	[222-222]	222	1
COV	[224-224]	224	2
COV	[225-225]	225	2
COV	[226-226]	226	2
COV	[227-227]	227	4
COV	[228-228]	228	2
COV	[229-229]	229	2
COV	[230-230]	230	3
COV	[231-231]	231	4
COV	[232-232]	232	6
COV	[233-233]	233	3
COV	[234-234]	234	4
COV	[235-235]	235	13
COV	[236-236]	236	7
COV	[237-237]	237	7
COV	[238-238]	238	17
COV	[239-239]	239	10
COV	[240-240]	240	18
COV	[241-241]	241	17
COV	[242-242]	242	13
COV	[243-243]	243	15
COV	[244-244]	244	16
COV	[245-245]	245	14
COV	[246-246]	246	8
COV	[247-247]	247	9
COV	[248-248]	248	9
COV	[249-249]	249	9
COV	[250-250]	250	12
COV	[251-251]	251	10
COV	[252-252]	252	10
COV	[253-253]	253	7
COV	[254-254]	254	7
COV	[255-255]	255	11
COV	[256-256]	256	12
COV	[257-257]	257	6
COV	[258-258]	258	9
COV	[259-259]	259	8
COV	[260-260]	260	10
COV	[261-261]	261	9
COV	[262-262]	262	10
COV	[263-263]	263	11
COV	[264-264]	264	16
COV	[265-265]	265	9
COV	[266-266]	266	4
COV	[267-267]	267	3
COV	[268-268]	268	3
COV	[269-269]	269	5
COV	[270-270]	270	6
COV	[271-271]	271	5
COV	[272-272]	272	4
COV	[273-273]	273	8
COV	[274-274]	274	4
COV	[275-275]	275	4
COV	[276-276]	276	7
COV	[277-277]	277	12
COV	[278-278]	278	2
COV	[279-279]	279	2
COV	[282-282]	282	3
COV	[283-283]	283	1
COV	[284-284]	284	2
COV	[286-286]	286	2
COV	[287-287]	287	4
COV	[290-290]	290	1
COV	[291-291]	291	4
COV	[292-292]	292	3
COV	[293-293]	293	3
COV	[295-295]	295	2
COV	[296-296]	296	2
COV	[297-297]	297	8
COV	[298-298]	298	5
COV	[299-299]	299	2
COV	[301-301]	301	3
COV	[302-302]	302	3
COV	[305-305]	305	1
COV	[306-306]	306	1
COV	[307-307]	307	1
COV	[308-308]	308	1
# GC-depth. Use `grep ^GCD | cut -f 2-` to extract this part. The columns are: GC%, unique sequence percentiles, 10th, 25th, 50th, 75th and 90th depth percentile
GCD	0.0	0.858	0.000	0.000	0.000	0.000	0.000
GCD	44.0	1.288	53.077	53.077	53.077	53.077	53.077
GCD	45.0	3.433	43.985	44.253	45.479	46.139	46.223
GCD	46.0	6.438	40.085	40.936	45.258	46.625	49.077
GCD	47.0	9.871	44.769	45.497	48.916	50.006	50.939
GCD	48.0	16.738	41.516	43.640	49.388	53.365	58.462
GCD	49.0	30.901	45.453	47.837	51.026	53.525	55.474
GCD	50.0	52.361	47.739	48.911	51.264	52.546	54.469
GCD	51.0	70.815	47.648	50.242	51.871	53.988	55.622
GCD	52.0	88.841	49.409	50.537	53.214	54.663	57.479
GCD	53.0	96.567	50.046	52.725	54.427	55.321	57.259
GCD	54.0	99.571	51.361	52.259	53.800	54.504	55.462
GCD	55.0	100.000	48.454	48.454	48.454	48.454	48.454
