# This file was produced by samtools stats (1.24+htslib-1.24) and can be plotted using plot-bamstats
# This file contains statistics for all reads.
# The command line was:  stats -@ 4 results/bam/SRR2584863.aligned.sorted.bam
# CHK, Checksum	[2]Read Names	[3]Sequences	[4]Qualities
# CHK, CRC32 of reads which passed filtering followed by addition (32bit overflow)
CHK	125b6def	79b68855	060cc7b7
# Summary Numbers. Use `grep ^SN | cut -f 2-` to extract this part.
SN	raw total sequences:	2527796	# excluding supplementary and secondary reads
SN	filtered sequences:	0
SN	sequences:	2527796
SN	is sorted:	1	# sorted by coordinate
SN	1st fragments:	1263898
SN	last fragments:	1263898
SN	reads mapped:	2526850
SN	reads mapped and paired:	2525950	# paired-end technology bit set + both mates mapped
SN	reads unmapped:	946
SN	reads properly paired:	2474032	# proper-pair bit set
SN	reads paired:	2527796	# paired-end technology bit set
SN	reads duplicated:	0	# PCR or optical duplicate bit set
SN	reads MQ0:	44759	# mapped and MQ=0
SN	reads QC failed:	0
SN	non-primary alignments:	0
SN	supplementary alignments:	13724
SN	total length:	336578145	# ignores clipping
SN	total first fragment length:	179443430	# ignores clipping
SN	total last fragment length:	157134715	# ignores clipping
SN	bases mapped:	336546847	# ignores clipping
SN	bases mapped (cigar):	336448801	# more accurate
SN	bases trimmed:	0
SN	bases duplicated:	0
SN	mismatches:	153421	# from NM fields
SN	error rate:	4.560010e-04	# mismatches / bases mapped (cigar)
SN	average length:	133
SN	average first fragment length:	142
SN	average last fragment length:	124
SN	maximum length:	150
SN	maximum first fragment length:	150
SN	maximum last fragment length:	150
SN	average quality:	35.5
SN	insert size average:	728.8
SN	insert size standard deviation:	816.9
SN	inward oriented pairs:	1237010
SN	outward oriented pairs:	6552
SN	pairs with other orientation:	19413
SN	pairs on different chromosomes:	0
SN	percentage of properly paired reads (%):	97.9
# First Fragment Qualities. Use `grep ^FFQ | cut -f 2-` to extract this part.
# Columns correspond to qualities and rows to cycles. First column is the cycle number.
FFQ	1	0	0	55	0	0	0	0	0	0	0	365	0	0	0	0	0	1412	0	0	17	0	0	45	645	0	2943	1805	3068	7468	0	25658	276660	0	148078	795679	0	0	0	0	0	0	0	0
FFQ	2	0	0	23	0	0	0	0	0	0	0	173	0	0	0	0	0	602	0	0	70	0	0	150	473	0	1221	1584	3778	3862	0	19901	234491	0	108927	888643	0	0	0	0	0	0	0	0
FFQ	3	0	0	2	0	0	0	0	0	0	0	78	0	0	0	0	0	269	0	0	9	0	0	140	293	0	577	1275	3413	2333	0	15624	215698	0	90087	934100	0	0	0	0	0	0	0	0
FFQ	4	0	0	3	0	0	0	0	0	0	0	74	0	0	0	0	0	127	0	0	88	0	0	115	0	0	277	509	64	838	5	2019	124	3689	7153	0	132644	0	1116169	0	0	0	0	0
FFQ	5	0	0	9	0	0	0	0	0	0	0	168	0	0	0	0	0	267	0	0	142	0	0	221	0	0	483	887	92	1378	7	3180	195	5310	9350	0	129688	0	1112521	0	0	0	0	0
FFQ	6	0	0	61	0	0	0	0	0	64	0	239	89	0	0	0	18	79	134	108	153	0	36	22	316	0	567	812	220	598	725	2997	767	6420	7598	0	107738	14056	1120081	0	0	0	0	0
FFQ	7	0	0	1	0	0	0	0	0	36	0	112	47	0	0	0	23	79	240	123	139	0	59	32	323	0	703	924	291	785	826	3420	781	7377	8494	0	112529	15145	1111409	0	0	0	0	0
FFQ	8	0	0	5	0	0	0	0	0	43	0	180	62	0	0	0	26	76	148	104	139	0	59	25	368	0	703	999	363	648	849	3595	743	7476	8478	0	113605	14727	1110477	0	0	0	0	0
FFQ	9	0	0	0	0	0	0	0	0	35	0	138	46	0	0	0	22	94	170	130	130	0	53	26	361	0	760	350	1184	620	938	3790	696	6666	7284	3118	32451	35	77438	96252	1031111	0	0	0
FFQ	10	0	0	0	0	0	0	0	0	46	0	135	52	0	0	0	36	104	142	113	115	0	65	35	370	2	810	382	1354	504	840	3763	804	7019	6979	3753	32853	31	80737	94866	1027988	0	0	0
FFQ	11	0	0	0	0	0	0	0	0	57	0	133	37	0	0	0	38	125	174	129	105	1	82	38	396	5	822	376	1443	314	817	3686	926	6999	6654	3358	33124	24	80616	101923	1021496	0	0	0
FFQ	12	0	0	0	0	0	0	1	1	125	0	272	76	0	0	0	59	191	167	189	140	5	136	50	523	7	942	432	1834	237	917	4178	977	7600	7120	3579	34520	21	82885	101945	1014769	0	0	0
FFQ	13	0	0	0	0	0	0	1	1	57	1	147	32	0	0	0	79	155	170	120	118	5	129	58	501	14	938	436	1757	217	974	4438	1061	8029	7150	3762	35351	23	84397	104634	1009143	0	0	0
FFQ	14	0	0	0	0	0	0	2	2	83	3	160	39	1	0	4	19	200	165	136	128	4	148	53	284	204	1014	433	1769	225	1028	1693	3368	4141	8194	4410	6115	20105	18414	78193	61051	262037	790073	0
FFQ	15	0	0	0	0	0	0	2	5	75	3	122	39	0	0	0	25	189	146	106	124	4	135	46	313	250	944	436	1736	205	1047	1754	3351	4052	8314	4204	6091	19532	17775	77536	58969	264138	792230	0
FFQ	16	0	0	0	0	0	0	1	2	100	4	142	26	1	0	1	26	265	141	141	131	5	181	50	336	288	1036	444	1890	224	1075	1900	3566	4093	8393	4381	6685	20058	18137	79264	59283	264905	786723	0
FFQ	17	0	0	0	0	0	1	6	4	86	13	140	36	0	2	1	60	261	146	138	135	12	187	52	388	272	1108	514	1840	201	1006	1976	3676	4254	8799	4705	6850	20426	18833	80830	60514	265894	780532	0
FFQ	18	0	0	0	0	0	0	5	5	113	17	148	34	4	4	5	62	258	143	164	167	12	207	57	360	381	1126	512	1936	250	1180	2368	3834	4429	9348	4846	7311	21072	19601	83834	61392	267385	771328	0
FFQ	19	0	0	0	0	0	0	6	3	159	34	220	47	5	2	12	73	254	42	369	174	18	243	71	385	424	1076	614	1939	291	1204	2463	3841	4343	5990	8231	7713	19891	19536	76254	68559	270643	768769	0
FFQ	20	0	0	0	0	0	1	3	7	118	31	148	30	8	3	13	93	248	58	317	163	19	248	93	448	553	1146	670	1945	305	1273	2689	4043	4454	6399	8715	8493	20234	20290	77809	70213	273637	758981	0
FFQ	21	0	0	0	0	0	0	10	13	132	57	140	29	6	6	10	109	217	68	293	194	32	253	99	461	555	1140	694	1998	335	1208	2928	4240	4479	6496	8929	8922	20584	21020	79788	72131	275215	751107	0
FFQ	22	0	0	0	0	0	0	8	10	187	71	153	31	13	5	21	150	257	43	298	241	33	302	117	504	683	1255	788	2040	363	1313	3166	4330	4547	6671	8994	9519	21033	21492	81940	73586	277398	742336	0
FFQ	23	0	0	0	0	0	1	20	21	170	77	129	26	8	13	29	165	273	79	315	229	37	356	126	522	750	1230	904	2120	406	1438	3419	4495	4542	7237	9419	10534	21447	22217	85358	74343	280521	730922	0
FFQ	24	0	0	0	0	0	3	33	34	227	81	137	17	26	25	38	183	282	69	281	251	58	409	144	588	830	1286	863	2049	441	1493	3702	4624	4628	7599	9472	11243	21565	22715	88151	73139	278194	729018	0
FFQ	25	0	0	0	0	0	1	47	51	237	111	112	15	30	22	35	236	292	65	288	295	81	514	200	663	895	1370	1011	2155	520	1531	4073	5019	4734	8142	9758	12405	22211	23616	92384	74184	283596	712999	0
FFQ	26	0	0	0	0	0	3	62	52	288	190	131	18	29	26	54	275	285	84	316	277	102	593	245	686	965	1346	1066	2120	628	1661	4375	5361	4765	8507	9959	13594	22711	24612	95155	75050	288845	698818	0
FFQ	27	0	0	0	0	0	1	57	62	291	179	129	13	37	32	59	310	282	89	303	298	134	634	256	669	1040	1403	1153	2224	665	1713	4680	5486	4859	9128	9986	14597	23021	25617	97669	75488	294405	685658	0
FFQ	28	0	0	0	0	0	2	76	52	328	234	98	11	45	30	56	312	285	92	330	316	138	736	257	667	1110	1484	1286	2080	775	1816	4849	5766	4955	9545	10160	16208	23289	26402	100280	76175	297970	673640	0
FFQ	29	0	0	0	0	0	1	63	67	300	226	67	12	49	35	85	310	251	87	317	334	157	703	304	703	1182	1409	1385	2107	848	1896	4998	5836	5133	10005	10390	16920	23813	27451	101603	76261	301467	664183	0
FFQ	30	0	0	0	0	0	2	75	74	298	210	61	10	62	45	81	328	269	70	317	373	149	700	323	842	1195	1432	1471	2097	926	2038	5025	6263	5280	10596	10258	18435	23915	28415	103961	76912	303683	654076	0
FFQ	31	0	0	0	0	0	2	132	126	442	330	67	17	55	44	139	413	280	92	404	434	197	851	383	904	1299	1382	1590	2209	1081	2155	5297	6469	5463	11442	10832	20215	24851	29943	107470	77655	304791	640006	0
FFQ	32	0	0	0	0	0	2	85	63	247	197	33	12	61	45	88	316	224	75	289	322	198	635	364	764	1097	1223	1394	1934	1043	1856	4819	5801	4780	10679	9714	20913	22100	30468	98171	88216	307253	643446	0
FFQ	33	0	0	0	0	0	2	74	78	189	177	16	5	50	37	97	277	171	68	258	312	183	692	312	727	1096	1118	1426	1829	1095	1904	4440	5826	4879	10690	9645	22170	22160	31081	96401	82112	303314	653411	0
FFQ	34	0	0	0	0	0	3	69	88	226	197	13	23	62	39	120	288	190	75	271	289	201	715	357	762	1053	1011	1462	1853	1169	2016	4380	5991	4992	11353	10014	24488	22925	32814	96971	81421	297856	651926	0
FFQ	35	0	0	0	0	0	8	93	108	219	201	10	15	62	53	117	317	151	69	309	323	225	737	393	845	1139	979	1716	1901	1294	2162	4379	6205	5360	11650	10876	26744	24420	35209	97332	83135	295847	642442	0
FFQ	36	0	0	0	0	0	4	98	104	220	172	2	16	65	64	124	294	152	88	331	338	251	750	438	809	1164	949	1805	1940	1464	2267	4372	6477	5488	12445	11383	29774	25603	37371	97771	85867	295333	630589	0
FFQ	37	0	0	0	0	0	3	101	105	221	174	5	22	60	85	125	278	165	86	362	350	269	815	461	872	1256	892	2049	2027	1560	2407	4353	6780	5867	13123	11914	33269	27080	40808	98700	90642	294400	614007	0
FFQ	38	0	0	0	0	0	2	117	123	217	178	4	25	74	70	156	262	142	85	367	349	331	868	516	967	1256	910	2214	2030	1850	2556	4463	7026	6264	13960	12861	37444	28747	44160	99420	95460	292708	596853	0
FFQ	39	0	0	0	0	0	4	166	210	297	265	3	31	102	89	169	319	158	117	454	423	335	689	518	1209	1281	869	2324	2140	1919	2680	4498	7411	6844	14721	14059	42025	30828	48595	99203	101311	290329	577743	0
FFQ	40	0	0	0	0	0	5	130	116	188	127	1	27	76	74	184	244	126	95	357	331	378	647	539	1256	1226	772	2330	2017	2010	2635	4273	7084	6569	14876	14314	46557	31078	52482	90769	112106	278261	579392	0
FFQ	41	0	0	0	0	0	4	116	129	194	131	3	34	83	81	196	230	118	109	419	354	368	715	562	1288	1202	708	2442	1920	2096	2828	4280	7328	6882	15342	15125	52927	33097	56740	88132	111230	266021	579417	0
FFQ	42	0	0	0	0	0	4	177	203	311	183	1	53	108	110	209	250	145	119	421	357	452	763	618	1340	1275	703	2750	2012	2478	3003	4384	7869	7318	16323	16573	60123	35936	62480	86554	114422	255461	566490	0
FFQ	43	0	0	0	0	0	4	129	152	242	115	1	30	104	115	214	240	143	131	485	349	534	764	693	1471	1284	703	2864	2024	2630	3255	4425	8214	7804	17252	18287	69003	38854	67965	85162	120320	246829	548400	0
FFQ	44	0	0	0	0	0	10	139	160	190	99	1	37	74	92	195	190	126	123	533	376	494	757	699	1511	1326	659	3043	2143	2874	3430	4539	8459	8365	18238	19669	79029	42343	74255	83450	125830	239412	527515	0
FFQ	45	0	0	0	0	0	16	153	202	237	104	8	44	93	127	238	204	125	155	494	375	735	578	666	1703	1399	930	3152	2201	2973	3825	4798	9060	8718	19745	22016	90394	46598	80600	83158	131185	231835	500728	0
FFQ	46	0	0	0	0	0	11	145	183	255	85	6	56	111	114	265	169	113	147	527	408	830	583	759	1758	1445	911	3263	2298	3261	3952	5080	9323	9289	21069	24063	102975	50500	87709	81502	137193	224146	474181	0
FFQ	47	0	0	0	0	0	7	157	201	224	65	3	52	106	107	273	157	110	165	569	389	933	608	812	1899	1516	1015	3515	2368	3338	4264	5428	9885	9929	22497	26241	117208	54942	94811	78468	142404	214892	448252	0
FFQ	48	0	0	0	0	0	16	194	216	253	89	3	47	117	134	268	191	103	203	565	383	973	604	825	1988	1523	945	3846	2457	3573	4718	5603	10324	10319	24639	28736	132832	59311	101959	76812	147294	204325	420212	0
FFQ	49	0	0	0	0	0	14	164	239	259	80	5	74	117	136	242	159	98	148	559	365	1002	603	825	1667	1585	850	3749	2583	3619	4688	5763	10590	10641	26070	31622	151104	64129	109734	70857	155135	196016	390200	0
FFQ	50	0	0	0	0	0	13	156	204	190	48	9	69	131	131	230	144	104	187	604	347	1045	581	773	1740	1635	873	3773	2704	3742	5069	5986	11150	10993	27560	33926	171144	68759	115690	68110	157201	185616	364162	0
FFQ	51	0	0	0	0	0	25	137	200	207	45	8	60	107	130	293	152	99	188	627	321	1136	559	843	1840	1734	919	3889	2768	3650	5221	6492	11388	11343	29109	36486	192070	73794	122646	64657	157961	173722	339008	0
FFQ	52	0	0	0	0	0	21	108	177	168	31	6	67	111	97	226	115	105	172	589	247	1061	520	767	1694	1650	825	3725	2724	3472	4965	6549	11335	11380	30643	39102	215025	78766	128661	60990	161361	161604	313905	0
FFQ	53	0	0	0	0	0	23	116	207	182	27	8	64	105	92	227	134	93	168	636	236	1181	560	796	1877	1731	925	3756	2750	3527	5319	6859	11598	11733	32919	41815	239404	83673	133549	57577	159433	150373	288375	0
FFQ	54	0	0	0	0	0	20	89	217	157	19	13	78	108	91	206	133	113	182	698	247	1266	484	832	1938	1708	956	3903	2872	3592	5580	7041	12387	11944	34928	45158	266214	87490	136863	55042	157685	137623	263371	0
FFQ	55	0	0	0	0	0	20	116	208	128	21	14	74	69	99	238	147	83	195	691	195	1272	671	883	1974	1129	1736	4096	2955	3620	5786	7639	12946	12512	37454	48545	292186	92273	139612	53166	154363	126495	236734	0
FFQ	56	0	0	0	0	0	20	110	241	153	12	17	71	73	100	261	173	92	216	718	205	1400	646	889	2172	1147	1809	3977	3037	3654	6180	8043	13430	12975	40138	52268	319565	96772	141838	49341	149726	116043	211897	0
FFQ	57	0	0	0	0	0	29	98	246	165	12	27	75	86	91	278	154	71	247	744	207	1514	655	948	2279	1238	1889	4190	3373	3653	6330	8627	14343	13651	43246	56287	347120	100664	142491	46602	144205	104971	187678	0
FFQ	58	0	0	0	0	0	28	127	259	186	20	23	94	101	94	322	196	89	254	812	181	1659	694	960	2465	1327	2108	4176	3572	3731	6723	9123	14988	14186	46613	60047	375281	103360	142227	43483	137772	95154	165045	0
FFQ	59	0	0	0	0	0	47	171	356	252	15	38	103	121	111	255	238	88	278	948	192	1393	609	1635	1649	1079	1999	5970	3701	3834	7168	9501	16245	14804	50011	64334	402396	106380	140551	40447	130465	84586	144383	0
FFQ	60	0	0	0	0	0	34	91	256	169	5	28	108	117	106	252	246	93	263	1005	169	1503	526	1762	1670	1056	2113	6205	4020	3739	7141	10088	16773	15108	52931	68245	430997	108962	137867	37222	122804	75273	126344	0
FFQ	61	0	0	0	0	0	40	94	268	128	8	26	88	127	89	201	223	102	252	999	121	1441	506	1824	1679	1092	2142	6397	4092	3697	7422	10503	17318	15375	56037	71874	459728	110511	134730	33760	114693	67510	109095	0
FFQ	62	0	0	0	0	0	41	110	314	173	10	28	91	134	94	200	260	83	251	1070	137	1516	483	1867	1669	1089	2290	6330	4314	3514	7449	10733	17827	16115	59125	75311	487212	111609	130163	30693	106297	59736	94705	0
FFQ	63	0	0	0	0	0	42	98	291	109	1	47	90	130	80	210	277	75	282	1134	126	1673	531	2053	1650	1159	2395	6561	4748	3581	7581	11302	18884	16434	62504	80019	513136	111852	124031	28196	97156	52436	81081	0
FFQ	64	0	0	0	0	0	47	132	412	186	3	49	105	131	80	221	301	90	316	1232	121	1762	476	2205	1843	1085	2556	6895	4951	3571	8135	11646	19941	17156	65267	84589	536056	112540	117614	25417	88628	45783	69132	0
FFQ	65	0	0	0	0	0	51	85	292	150	1	46	99	129	104	187	267	131	311	974	333	1785	485	1640	2667	1187	2731	6618	3191	3523	10964	12068	20864	17702	69343	89181	559271	111222	110793	23058	79976	39648	58421	0
FFQ	66	0	0	0	0	0	61	90	353	127	1	46	68	147	49	168	297	134	321	1073	344	1856	491	1698	2668	1170	2954	6745	3342	3488	11542	12596	21648	18418	72726	92924	580639	110277	103853	20701	71675	34484	49168	0
FFQ	67	0	0	0	0	0	49	70	368	93	1	58	72	153	51	193	339	114	286	1003	368	1970	451	1686	2730	1186	3055	6775	3433	3325	11816	12643	22069	18391	75314	96240	603900	108626	95907	18448	64404	30092	41485	0
FFQ	68	0	0	0	0	0	50	55	385	98	0	53	66	156	55	174	314	135	346	1078	383	2075	400	1772	2831	1216	3111	6867	3568	3204	12061	12899	22936	18958	78066	99743	624270	106292	88361	16330	57492	25561	34606	0
FFQ	69	0	0	0	0	0	63	75	351	82	2	61	82	213	53	170	369	120	355	1076	419	2078	368	1883	2986	1213	3320	6994	3679	2993	12598	13157	23673	19213	81298	103176	641540	103730	80714	14614	51009	22198	28841	0
FFQ	70	0	0	0	0	0	67	69	378	93	0	73	72	207	51	176	389	129	368	1095	444	2148	415	432	2055	3729	3495	7264	3659	2906	12854	13534	24420	19887	84593	106824	656635	100837	73677	12980	44911	18841	23883	0
FFQ	71	0	0	0	0	0	77	51	372	99	1	69	81	217	34	154	382	131	366	1189	468	2343	378	461	2098	3927	3568	7223	3859	2843	13403	13813	24816	19893	86570	110073	671405	98682	66728	11305	39716	15682	19859	0
FFQ	72	0	0	0	0	0	78	51	432	77	0	88	60	251	41	154	463	146	407	1197	481	2392	383	491	2184	4235	3791	7301	4119	2718	13923	14062	25908	20501	89107	113494	684061	94226	60070	9756	35046	13098	16171	0
FFQ	73	0	0	0	0	0	95	64	417	77	0	70	70	259	25	169	423	137	380	1180	500	2476	333	494	2134	4456	4018	7350	4237	2615	14214	14366	26345	20982	92074	116705	694308	91424	54049	8603	30639	10900	13053	0
FFQ	74	0	0	0	0	0	90	61	408	75	2	92	72	278	36	135	521	151	402	1318	502	2622	326	434	2292	4590	4191	7543	4357	2496	14659	14371	27209	21435	94414	120284	702349	88143	48822	7262	26878	9112	10299	0
FFQ	75	0	0	0	0	0	106	58	431	72	1	96	78	290	37	122	521	165	433	1335	594	2704	315	462	2253	4913	4314	2914	9482	2414	14984	14661	27906	21921	96950	123667	708594	85099	43638	6420	23088	7481	8217	0
FFQ	76	0	0	0	0	0	88	48	459	76	1	100	58	289	40	133	547	140	434	1320	614	2784	288	496	2359	5021	4343	2777	9763	2233	15528	15104	28740	22340	99068	125681	715130	82025	39153	5562	20131	5975	6418	0
FFQ	77	0	0	0	0	0	109	47	484	69	1	100	63	314	29	125	596	154	466	1418	637	2864	296	468	2417	5289	4780	2544	10302	2110	16295	15313	29348	22964	101312	129417	718402	78338	34915	4649	17338	4823	4893	0
FFQ	78	0	0	0	0	0	144	53	631	77	0	134	87	367	23	107	612	187	461	1497	728	3052	257	502	2479	5358	4823	2592	10700	1982	16521	15478	30241	23304	103298	131629	721488	75816	31302	3911	14766	3731	3795	0
FFQ	79	0	0	0	0	0	110	40	465	78	0	131	62	345	26	90	593	189	485	1408	736	2997	267	504	2470	5656	4953	2318	11019	1798	17238	15153	30987	23405	105839	134197	724137	73656	27752	3287	12507	2871	2818	0
FFQ	80	0	0	0	0	0	133	33	437	66	0	110	53	325	10	87	612	174	475	1515	719	2942	198	504	2461	5711	5033	2089	11386	1591	17448	15442	31230	23967	107611	137399	726442	70851	24635	2829	10184	2256	2097	0
FFQ	81	0	0	0	0	0	129	31	461	76	0	123	44	378	23	85	659	155	497	1618	802	3037	211	522	2528	6091	5214	1930	11728	1544	17929	15694	32022	24746	109245	139383	726677	68226	21562	2282	8602	1643	1535	0
FFQ	82	0	0	0	0	0	127	22	497	61	0	142	54	389	20	76	651	158	509	1658	765	3309	187	533	2719	6278	5331	1833	12319	1586	18541	15864	32928	25372	111250	143231	723300	66035	18818	1879	7041	1218	1093	0
FFQ	83	0	0	0	0	0	130	26	517	73	0	120	40	428	16	75	660	210	495	1712	834	3202	175	517	2640	6413	5532	1694	12783	1323	19028	16108	33232	25698	112342	145981	722680	64087	16562	1464	5728	874	727	0
FFQ	84	0	0	0	0	0	141	23	578	78	1	131	36	388	11	73	727	220	499	1807	878	3308	157	492	2722	6692	5654	1503	13134	1244	19257	16175	33999	26093	114368	148322	720017	62585	14363	1126	4526	589	504	0
FFQ	85	0	0	0	0	0	148	15	521	65	0	140	33	406	13	54	758	189	552	1778	968	3357	144	593	2735	6563	5771	1430	13467	1114	19812	16660	34762	26624	115867	151100	717103	60585	12200	935	3590	379	312	0
FFQ	86	0	0	0	0	0	124	14	559	67	1	145	39	454	8	57	781	183	509	1847	903	3441	138	555	2784	6800	5915	1307	13791	1060	20270	16610	35562	26964	117357	154022	714253	58300	10348	726	2700	263	192	0
FFQ	87	0	0	0	0	0	177	20	586	65	0	135	40	515	8	44	811	229	582	1954	1025	3456	108	613	2874	7369	6317	1191	14365	965	21061	17188	36607	28120	119438	156621	706423	56722	8672	537	2073	162	115	0
FFQ	88	0	0	0	0	0	160	15	577	58	0	167	33	463	6	45	777	228	563	1984	1040	3586	115	593	2966	7289	6258	1132	14762	901	21427	17007	36976	27907	120499	158798	705154	54322	7410	352	1575	82	52	0
FFQ	89	0	0	0	0	0	137	9	711	70	0	207	33	522	7	31	841	213	586	2039	1077	3698	111	644	3004	7421	6580	1029	15027	784	22082	17506	37650	28693	122061	160050	699651	53301	6058	297	1168	43	24	0
FFQ	90	0	0	0	0	0	195	11	623	77	0	195	27	464	2	55	856	232	597	2046	1147	3650	84	643	2972	7743	6703	970	15788	692	22381	17566	38534	29420	123876	162050	693798	51783	5184	202	788	16	14	0
FFQ	91	0	0	0	0	0	214	15	753	72	0	197	26	608	6	37	907	235	593	2352	1120	3809	86	680	3137	8205	6902	825	16219	702	23317	17920	38955	30282	126077	165348	685118	49756	4207	134	527	11	6	0
FFQ	92	0	0	0	0	0	174	9	662	52	0	189	25	538	7	32	902	278	619	2330	1251	3956	76	686	3263	8245	7079	771	16923	655	23714	18506	40198	30886	126058	168140	678623	48292	3428	87	362	1	4	0
FFQ	93	0	0	0	0	0	170	10	691	61	1	217	20	547	1	31	957	237	623	2279	1356	3969	73	672	3201	8595	7319	736	17046	598	23937	18550	40901	31546	128585	170114	671567	47271	2769	56	219	3	0	0
FFQ	94	0	0	0	0	0	187	9	719	70	0	207	19	595	2	29	958	259	627	2372	1363	4127	56	727	3431	8769	7698	639	17577	539	24758	18960	41741	32239	129379	173285	663433	45662	2187	33	113	2	0	0
FFQ	95	0	0	0	0	0	179	8	725	83	0	230	17	3	601	24	954	262	626	2437	1347	4091	60	731	3419	8813	7583	624	17910	471	25241	19313	42349	33088	130102	174934	657975	44419	1801	16	60	0	0	0
FFQ	96	0	0	0	0	0	208	8	726	56	0	207	13	6	619	14	972	298	648	2517	1370	4064	41	732	3527	9107	7985	513	18280	461	25486	19910	43234	33426	131768	178056	649293	43178	1363	12	30	0	0	0
FFQ	97	0	0	0	0	0	195	4	762	73	0	211	11	3	648	15	968	304	659	2604	1370	4241	39	795	3536	9071	8069	459	18726	421	26203	20229	44289	33865	132931	179450	642805	41887	1091	4	10	0	0	0
FFQ	98	0	0	0	0	0	190	3	780	70	0	226	9	4	666	12	1012	289	737	2739	1443	4371	43	787	3611	9509	8176	397	18955	400	26719	20207	45092	34855	134090	180803	635606	41021	869	3	7	0	0	0
FFQ	99	0	0	0	0	0	213	5	773	64	0	209	19	0	758	10	985	268	653	2609	1422	4314	29	804	3602	9380	8047	378	19094	354	27014	20431	44825	35083	135734	182912	630536	40147	672	2	2	0	0	0
FFQ	100	0	0	0	0	0	202	4	720	65	1	215	13	2	693	16	1028	288	692	2758	1526	4227	17	845	3736	9593	8348	315	19571	318	27480	20889	45286	35153	136148	183930	625017	39067	563	0	1	0	0	0
FFQ	101	0	0	0	0	0	139	3	683	68	0	197	10	5	716	10	946	346	679	2949	1494	4347	19	930	3887	9926	8982	248	20391	339	28117	21255	46935	36777	138226	187757	611134	37813	384	0	0	0	0	0
FFQ	102	0	0	0	0	0	128	0	473	90	0	446	28	3	336	3	2130	133	1886	1801	4103	12762	10	229	11065	30111	23035	959	60524	519	89133	56706	122565	108921	156871	264422	207465	6282	132	0	0	0	0	0
FFQ	103	0	0	0	0	0	92	3	369	31	0	183	7	0	349	4	844	137	694	1273	1484	4933	4	205	4069	12796	8988	307	28617	225	45630	33275	84800	75254	212868	318297	317807	8023	183	0	0	0	0	0
FFQ	104	0	0	0	0	0	75	2	323	33	0	138	10	0	336	2	652	134	421	1249	993	3271	7	304	2754	7971	5827	174	17475	117	26688	20378	51112	41746	177293	248136	531890	20303	231	0	0	0	0	0
FFQ	105	0	0	0	0	0	116	3	495	48	1	136	6	1	339	1	624	147	457	1335	953	2943	6	341	2276	6798	5034	108	14259	96	21333	16426	39856	31238	143357	196095	640896	32404	230	0	0	0	0	0
FFQ	106	0	0	0	0	0	109	1	330	49	1	146	10	0	328	2	667	152	474	1289	989	2794	5	363	2248	6350	4806	102	13435	85	19705	14959	35783	28227	131093	176520	677027	38886	234	0	0	0	0	0
FFQ	107	0	0	0	0	0	99	1	383	38	0	121	4	0	375	3	669	138	391	1271	911	2733	3	444	2305	6289	4820	93	13176	83	19258	14852	34555	27132	126810	169871	686541	42317	202	0	0	0	0	0
FFQ	108	0	0	0	0	0	108	0	375	51	0	126	6	0	381	0	655	142	452	1381	889	2819	1	417	2235	6271	4904	70	13428	110	19023	14689	34679	27098	125454	168042	687317	43290	205	0	0	0	0	0
FFQ	109	0	0	0	0	0	107	0	357	43	2	138	1	0	359	1	673	147	466	1385	908	2806	7	433	2341	6483	4995	55	13562	104	19456	15124	35089	27765	125967	169800	681815	42857	146	0	0	0	0	0
FFQ	110	0	0	0	0	0	118	1	354	42	0	128	1	0	385	0	641	167	454	1383	835	2810	2	422	2264	6485	5043	52	13532	78	19595	14904	35555	27403	127331	169971	679593	42490	114	0	0	0	0	0
FFQ	111	0	0	0	0	0	109	0	372	45	1	150	7	0	446	1	714	137	505	1436	937	2875	2	468	2358	6657	5139	47	13990	86	20049	15536	36314	28160	128286	171737	672752	41433	100	0	0	0	0	0
FFQ	112	0	0	0	0	0	104	0	397	55	0	149	1	0	414	1	687	151	427	1469	1021	2907	1	417	2272	6763	5227	44	14425	88	20101	15670	36998	28638	130017	173091	666528	41354	92	0	0	0	0	0
FFQ	113	0	0	0	0	0	112	0	407	52	1	139	1	0	399	0	754	170	422	1548	931	2926	1	466	2431	6963	5329	38	14707	103	20926	15899	37436	29112	131202	176002	658919	40709	63	0	0	0	0	0
FFQ	114	0	0	0	0	0	187	1	580	54	1	145	3	0	451	0	775	188	464	1716	1040	3071	1	540	2510	7158	5527	31	14970	119	21421	16401	38495	29746	131906	177545	651405	39939	70	0	0	0	0	0
FFQ	115	0	0	0	0	0	143	0	455	51	2	171	1	0	470	2	783	156	527	1695	1047	3243	0	581	2648	7613	5755	34	15589	94	21985	17088	39872	30747	133711	179895	641352	39221	56	0	0	0	0	0
FFQ	116	0	0	0	0	0	167	0	593	52	0	198	3	0	476	0	776	198	490	1851	1042	3316	1	548	2674	7680	6033	22	16102	96	22901	17352	40710	31492	134842	182542	632434	38549	34	0	0	0	0	0
FFQ	117	0	0	0	0	0	149	0	523	56	0	199	2	0	518	0	844	188	563	1854	1104	3389	0	590	2774	7916	6075	23	16526	101	23293	18232	41999	32659	136475	185514	622637	37399	35	0	0	0	0	0
FFQ	118	0	0	0	0	0	150	0	487	61	1	162	2	0	478	0	856	217	565	1830	1049	3563	0	616	2913	8013	6476	25	17038	87	23932	18693	43026	33452	137979	189269	612961	36070	33	0	0	0	0	0
FFQ	119	0	0	0	0	0	140	0	496	50	0	170	0	0	511	1	859	193	539	2071	1086	3430	0	614	3005	8299	6358	23	17440	100	24701	19057	43470	33940	138428	190674	607056	35621	20	0	0	0	0	0
FFQ	120	0	0	0	0	0	160	0	516	50	0	198	1	0	525	0	809	230	598	1944	1223	3494	0	587	3006	8236	6738	19	17672	100	25293	19112	44618	34735	139797	192857	598913	35286	15	0	0	0	0	0
FFQ	121	0	0	0	0	0	163	0	567	65	1	205	1	0	551	0	904	226	591	2167	1316	3679	0	690	3242	8779	7017	9	18345	105	25719	20277	45697	35663	141186	195094	588216	34545	16	0	0	0	0	0
FFQ	122	0	0	0	0	0	176	0	532	62	0	207	2	0	555	0	903	245	596	2143	1328	3809	0	713	3275	8874	7083	10	18875	98	26881	20592	46813	36694	142093	197818	579472	33361	7	0	0	0	0	0
FFQ	123	0	0	0	0	0	247	0	738	62	0	216	1	0	629	0	954	250	598	2411	1289	3870	0	728	3296	9209	7331	17	19318	143	27414	21248	48168	37588	143639	199151	570300	32235	12	0	0	0	0	0
FFQ	124	0	0	0	0	0	210	0	653	60	0	230	6	0	587	0	995	270	696	2405	1424	4037	0	768	3537	9542	7699	10	20544	125	28595	21794	49671	38572	144253	201508	559737	31286	2	0	0	0	0	0
FFQ	125	0	0	0	0	0	190	0	636	59	0	217	1	0	630	0	977	259	610	2465	1416	4099	0	707	3597	9829	7979	18	20702	110	28649	22377	50152	39665	145431	203278	552148	31142	2	0	0	0	0	0
FFQ	126	0	0	0	0	0	204	0	659	63	0	184	3	0	683	0	1003	239	651	2492	1420	4186	0	831	3634	10038	8142	16	21088	105	29663	22745	51545	39966	145751	205426	544232	30374	1	0	0	0	0	0
FFQ	127	0	0	0	0	0	200	0	730	71	0	220	1	0	757	0	1086	278	675	2736	1606	4332	0	900	3847	10371	8657	13	22015	133	30869	23411	52846	41635	146506	206900	532957	29502	2	0	0	0	0	0
FFQ	128	0	0	0	0	0	215	0	772	60	1	240	4	0	834	0	1049	336	707	2893	1581	4558	0	878	4063	11134	9092	11	22853	112	31933	24385	54458	43313	147137	209586	519728	29083	3	0	0	0	0	0
FFQ	129	0	0	0	0	0	213	0	795	64	1	257	1	0	745	0	1083	296	730	2988	1612	4651	0	923	4102	11123	9503	10	23200	111	32498	25006	55316	43453	147728	211087	512532	28444	0	0	0	0	0	0
FFQ	130	0	0	0	0	0	223	0	805	66	1	289	2	0	795	0	1240	329	801	3136	1731	4861	0	1000	4434	11538	9854	19	24171	129	34124	25792	57075	44952	148325	212424	500532	27388	0	0	0	0	0	0
FFQ	131	0	0	0	0	0	236	0	868	57	0	282	2	0	858	0	1186	348	828	3260	1726	4976	0	997	4493	12067	10026	13	24938	134	34747	26264	58425	45725	148474	214087	491901	26603	0	0	0	0	0	0
FFQ	132	0	0	0	0	0	261	0	948	91	1	287	3	0	904	0	1249	374	897	3323	1791	5223	0	976	4587	12347	10492	9	25849	134	35956	27023	59735	46642	149024	215396	481700	25599	0	0	0	0	0	0
FFQ	133	0	0	0	0	0	262	0	952	88	1	316	3	0	906	0	1250	363	854	3484	1876	5256	0	1029	4831	12787	10719	14	26136	127	36483	27595	60682	47452	149173	216677	474145	24704	0	0	0	0	0	0
FFQ	134	0	0	0	0	0	269	0	970	71	0	296	1	0	913	0	1320	395	903	3639	1960	5525	0	1168	4823	13063	11186	11	26866	132	37684	28201	61924	48823	149780	216821	464475	24186	0	0	0	0	0	0
FFQ	135	0	0	0	0	0	278	0	1011	102	1	323	4	0	983	0	1342	404	930	3602	2031	5775	0	1130	5150	13335	11611	15	27786	142	38462	28660	63287	49518	150162	218320	454681	23456	0	0	0	0	0	0
FFQ	136	0	0	0	0	0	298	0	1015	74	1	301	1	0	978	0	1368	405	976	3854	2095	5807	0	1193	5356	13956	11820	15	28548	132	39290	29859	64327	50491	149031	219119	446495	22633	0	0	0	0	0	0
FFQ	137	0	0	0	0	0	281	0	1134	81	0	328	2	0	1071	0	1443	430	999	3947	2049	5842	0	1169	5381	14126	12425	15	28955	110	40771	30164	65390	51722	149918	219897	436205	22343	0	0	0	0	0	0
FFQ	138	0	0	0	0	0	278	0	1108	93	1	365	5	0	1035	0	1485	429	1059	4089	2235	6048	0	1250	5550	14575	12691	12	29601	138	41087	30761	66816	52152	148967	220837	428415	21731	0	0	0	0	0	0
FFQ	139	0	0	0	0	0	291	0	1159	107	0	336	2	0	1074	0	1477	415	1038	4163	2169	6074	0	1213	5603	14640	12782	14	30038	139	42224	31555	66775	52986	148681	221221	421966	21278	0	0	0	0	0	0
FFQ	140	0	0	0	0	0	300	0	1156	87	0	394	2	0	1129	0	1498	417	1010	4391	2256	6212	0	1290	5726	14992	13253	15	30607	135	42866	32017	68410	53843	149012	221110	412875	20720	0	0	0	0	0	0
FFQ	141	0	0	0	0	0	282	0	1200	100	1	405	1	0	1157	0	1565	509	1063	4559	2452	6580	0	1384	6018	15656	13892	12	31342	153	44106	32753	70058	55432	148115	220508	402280	20144	0	0	0	0	0	0
FFQ	142	0	0	0	0	0	323	0	1285	105	0	386	4	0	1290	0	1712	538	1193	4865	2565	6776	0	1372	6161	16262	14670	12	32651	155	45492	33728	71274	56204	147426	221798	389942	19180	0	0	0	0	0	0
FFQ	143	0	0	0	0	0	347	0	1318	114	1	433	0	0	1232	0	1680	535	1192	4865	2614	6978	0	1311	6347	16406	14937	13	33301	136	46384	34364	72823	57032	146987	221439	380968	18822	0	0	0	0	0	0
FFQ	144	0	0	0	0	0	328	0	1246	83	0	375	5	0	1160	0	1718	520	1208	4998	2743	7099	0	1380	6337	16663	15707	5	33639	159	47167	34602	73446	57871	145423	221605	373896	18004	0	0	0	0	0	0
FFQ	145	0	0	0	0	0	371	0	1301	116	0	369	4	0	1142	0	1839	516	1196	5104	2703	7004	0	1486	6647	16873	15651	11	34072	144	48144	35132	74165	58501	145284	221809	364827	17515	0	0	0	0	0	0
FFQ	146	0	0	0	0	0	269	0	1172	86	0	367	2	0	1042	0	1769	534	1302	5275	2764	7033	0	1518	6849	17244	16065	8	34551	150	48836	35830	75277	59471	143873	221270	356150	16964	0	0	0	0	0	0
FFQ	147	0	0	0	0	0	208	0	950	55	0	327	4	0	874	0	1799	593	1257	5580	2965	7018	0	1451	6708	17551	16451	5	35559	133	50076	36371	76243	60232	142634	221028	346656	16449	0	0	0	0	0	0
FFQ	148	0	0	0	0	0	93	0	632	24	0	180	2	0	564	0	1959	644	1379	5924	3093	7235	0	1601	7228	18108	17484	11	36174	162	51216	37226	77838	61024	141488	219186	335869	15822	0	0	0	0	0	0
FFQ	149	0	0	0	0	0	1	0	4	0	0	1	0	0	93	0	1897	604	1258	5693	2889	7420	0	1532	7508	18511	17904	7	37252	137	52179	37496	78470	61659	140575	218650	327465	15347	0	0	0	0	0	0
FFQ	150	0	0	0	0	0	0	0	0	0	0	0	0	0	0	0	0	0	0	0	0	7800	0	1426	7269	18347	17733	6	36577	114	52302	36889	78310	61516	139807	218159	326230	15151	0	0	0	0	0	0
# Last Fragment Qualities. Use `grep ^LFQ | cut -f 2-` to extract this part.
# Columns correspond to qualities and rows to cycles. First column is the cycle number.
LFQ	1	0	0	12	0	0	0	0	18	0	0	3132	0	3	0	0	0	4826	0	3	4	8	0	1049	4898	14	5780	12847	17268	16817	750	75539	547518	0	80242	493170	0	0	0	0	0	0	0	0
LFQ	2	0	0	0	0	0	0	0	17	0	0	2917	0	6	0	0	1	6348	0	6	13	12	0	2047	4392	16	7877	12478	21836	19407	748	74877	493720	0	61196	555984	0	0	0	0	0	0	0	0
LFQ	3	0	0	0	0	0	0	0	17	0	0	2204	0	0	0	0	0	4346	0	2	1	7	0	2103	3923	15	5438	11523	21845	15323	669	62635	465870	0	55001	612976	0	0	0	0	0	0	0	0
LFQ	4	0	0	3	0	0	0	0	10	0	0	2594	0	5	0	0	0	2651	281	2	1808	9	0	2049	18	22	4085	6106	1476	8999	146	15556	526	25971	35095	0	310988	0	845498	0	0	0	0	0
LFQ	5	0	0	0	0	0	0	0	6	0	0	1620	0	1	0	0	0	2221	195	7	1161	5	0	1843	23	19	3184	5445	1514	7746	171	14127	611	24575	31721	0	295048	0	872655	0	0	0	0	0
LFQ	6	0	0	2	0	0	0	0	5	391	0	1407	614	0	0	1	263	649	972	927	1269	2	382	548	2327	16	4053	5579	2123	3960	4703	15798	3709	32493	28688	2	282617	21536	848862	0	0	0	0	0
LFQ	7	0	0	1	0	0	0	0	6	334	0	1563	617	0	1	1	221	812	1138	1092	1341	3	412	519	2498	11	3902	5462	2313	3995	4725	15148	3098	30975	27883	0	271095	24205	860527	0	0	0	0	0
LFQ	8	0	0	0	0	0	0	0	4	312	0	1320	489	1	0	1	214	640	1073	1016	1161	5	310	515	2152	8	4065	5685	2368	3686	4285	15191	3237	29531	28591	1	269048	23105	865884	0	0	0	0	0
LFQ	9	0	0	0	0	0	0	0	13	504	0	1709	576	0	1	0	250	729	1230	1065	1188	6	361	536	2333	10	4462	1868	6593	3280	4010	15123	2751	23038	22013	12277	82538	110	154588	99078	821658	0	0	0
LFQ	10	0	0	0	0	0	0	0	4	401	0	1350	493	0	1	0	256	766	1194	1005	1040	8	399	546	2206	17	4222	1913	7059	2789	3795	14689	2915	22801	20556	12745	80911	112	151066	99269	829370	0	0	0
LFQ	11	0	0	0	0	0	0	0	5	513	2	1378	396	0	0	0	317	883	1061	1045	965	4	486	553	2293	12	4407	2020	7756	1941	3958	14991	3521	24288	20053	12028	83165	74	153194	110956	811633	0	0	0
LFQ	12	0	0	0	0	0	0	3	11	576	4	1597	406	5	3	2	364	1005	1094	1118	900	12	619	518	2599	20	4370	2054	8490	1452	3993	15554	3491	24498	19774	12044	81286	72	150514	107660	817790	0	0	0
LFQ	13	0	0	0	0	0	0	2	12	899	3	2003	526	3	3	0	464	1203	1263	1188	1041	8	682	589	2843	46	4993	2142	9159	1226	4265	16404	3951	26368	20502	12234	86039	70	154992	111091	797684	0	0	0
LFQ	14	0	0	0	0	0	0	1	10	655	7	1380	399	2	2	1	119	1295	1303	995	973	10	662	590	1423	1278	4935	2011	9194	1220	3926	6883	12212	15883	22948	15028	13990	51972	39678	130503	86775	307379	528256	0
LFQ	15	0	0	0	0	0	1	1	12	723	24	1420	489	2	4	7	145	1417	1141	1011	1026	11	743	543	1511	1470	4950	2047	8899	1272	4121	7286	12164	15819	23122	14538	14581	52166	39474	131543	84275	309737	526203	0
LFQ	16	0	0	0	0	0	0	7	14	738	37	1472	347	5	2	7	170	1491	1112	1004	951	10	778	573	1597	1501	4748	2111	8936	1206	4236	7529	12258	15668	23524	14299	14714	52094	39667	131860	83517	310340	525375	0
LFQ	17	0	0	0	0	0	1	9	27	841	48	1477	404	9	5	10	218	1630	1227	1224	1025	21	818	628	1708	1820	5205	2378	9244	1363	4340	8394	12778	16213	25093	15144	16108	53168	40782	135598	83181	308386	513373	0
LFQ	18	0	0	0	0	0	0	10	26	853	85	1520	375	9	4	19	277	1587	1212	1301	1086	47	929	660	1901	2074	5347	2369	9579	1395	4778	9088	13372	16765	26074	15677	17305	54961	42290	139989	84956	306707	499271	0
LFQ	19	0	0	0	0	0	0	10	28	815	129	1382	312	10	13	14	322	1362	209	2204	1097	41	883	605	1831	2190	5112	2372	9198	1472	4437	9207	13003	16239	16463	24375	17503	47542	45288	125952	102689	311393	498196	0
LFQ	20	0	0	0	0	0	2	26	27	908	233	1597	374	15	7	25	405	1414	294	2224	1218	58	970	648	2026	2490	5086	2474	9345	1501	4630	9946	12918	15999	17213	24779	18449	47162	44940	127781	102729	311850	492135	0
LFQ	21	0	0	0	0	0	0	29	48	961	275	1403	307	14	13	17	483	1468	380	2169	1338	74	1082	664	2069	2953	5319	2679	9636	1547	5088	10957	13766	16589	18585	25683	20394	49026	45233	132546	102702	310710	477691	0
LFQ	22	0	0	6	0	0	0	29	62	1105	436	1492	293	19	19	47	623	1479	423	2005	1417	77	1227	689	2212	3485	5303	2795	9460	1618	5145	11878	14037	16249	18876	26144	22022	49213	46983	135513	105802	310533	465182	0
LFQ	23	0	0	0	0	0	2	66	82	1264	532	1399	263	30	29	61	732	1585	486	2061	1479	114	1380	724	2305	3649	5457	2928	9276	1750	5339	12963	14718	16022	19822	26207	23673	49379	47656	139769	107022	308548	455126	0
LFQ	24	0	0	0	0	0	2	95	116	1527	671	1354	230	49	44	87	977	1601	509	1906	1487	105	1501	742	2358	3819	5401	3007	8651	1817	4977	13686	14331	15782	19539	25442	24832	48264	48150	140594	104688	305865	459692	0
LFQ	25	0	0	1	0	0	1	102	126	1549	807	1146	187	58	56	98	1094	1612	527	1780	1502	187	1719	885	2572	4305	5938	3357	8884	1952	5329	14884	15306	15605	20744	25675	26805	48946	47910	145215	103115	306557	447362	0
LFQ	26	0	0	4	0	0	1	142	151	1767	1034	1117	153	51	51	110	1217	1548	484	1708	1530	229	1938	895	2709	4487	5991	3377	8708	2152	5591	15387	15435	15583	21517	25289	28879	48590	48873	146671	101615	309453	436495	0
LFQ	27	0	0	1	0	0	2	127	151	1545	1050	863	95	64	64	135	1348	1475	476	1554	1390	246	2097	954	2639	4585	5875	3609	8203	2225	5568	15735	15440	15167	22330	24739	30812	48387	48587	149724	101401	314155	425134	0
LFQ	28	0	0	0	0	0	3	192	235	1728	1262	701	60	73	73	176	1410	1504	423	1525	1623	287	2301	942	2619	4866	5820	3738	8067	2416	5836	16250	15980	15328	23697	24735	33036	47892	49792	152445	99527	315409	412808	0
LFQ	29	0	0	3	0	0	3	199	239	1619	1278	559	41	68	85	179	1480	1373	425	1545	1610	303	2458	998	2581	5058	5636	4058	7733	2609	5870	16361	16359	15160	24395	24902	34510	47295	50457	154609	100409	316711	402352	0
LFQ	30	0	0	4	0	0	6	185	327	1680	1424	407	41	101	115	212	1610	1339	343	1544	1659	384	2427	1134	2915	5189	5458	4389	8158	2819	6266	16783	16882	15304	25680	24826	36431	48159	51194	158345	99259	316449	389036	0
LFQ	31	0	0	3	0	0	8	233	303	1680	1441	305	25	121	117	282	1647	1178	329	1510	1730	396	2477	1180	3060	5284	5368	4589	7917	3186	6517	16720	17493	15280	27081	25465	39013	48295	52819	162405	99516	316268	374003	0
LFQ	32	0	0	1	0	0	6	299	400	1738	1587	251	16	130	156	334	1826	1181	343	1647	1811	476	2688	1265	3114	5293	5394	4950	7834	3353	6797	17116	17928	15769	27790	24967	40444	47843	53714	162488	100238	314320	366378	0
LFQ	33	0	0	0	0	0	5	328	476	1860	1687	161	21	160	186	371	1771	1112	352	1619	1859	579	2951	1411	3209	5583	5206	5276	8016	3957	7082	16757	18774	16210	29443	25603	42341	48690	55087	165241	100482	310818	353832	0
LFQ	34	0	0	0	0	0	4	342	527	1712	1683	92	19	172	217	474	1777	1140	397	1648	1907	593	2959	1568	3309	5564	4987	5673	8138	4230	7397	17071	19688	16850	30963	26292	44001	50089	56629	165891	101865	307813	341502	0
LFQ	35	0	0	0	0	0	4	439	566	1561	1570	50	30	182	209	547	1784	975	408	1678	1992	693	3054	1777	3542	5945	4753	6452	8145	4939	7651	16983	20316	17721	32484	27236	46054	50922	58860	169257	103029	303069	326923	0
LFQ	36	0	0	2	0	0	6	500	629	1521	1487	24	32	219	251	601	1707	860	418	1686	2038	751	3097	1729	3513	5853	4248	6793	8118	5243	7746	16331	20990	17975	33077	27786	47243	50997	60966	168093	107517	298821	319728	0
LFQ	37	0	0	0	0	0	6	329	481	1176	1089	7	38	163	207	467	1310	700	329	1339	1537	715	2610	1640	3177	4715	3481	5915	6510	5220	6630	14785	18466	16555	30885	25304	47061	45910	63170	151906	120682	302346	338876	0
LFQ	38	0	0	0	0	0	5	445	573	1189	1178	4	29	208	249	569	1296	645	325	1399	1584	720	2586	1645	3112	4857	3168	6147	6548	5338	6947	13641	18190	16436	30435	25762	47985	46921	61266	145481	112581	297702	355568	0
LFQ	39	0	0	0	0	0	7	413	588	1044	976	2	44	173	273	588	1215	565	375	1382	1617	802	2323	1671	3741	4593	2921	6470	6759	5677	7230	12997	18440	16737	31107	26964	50885	47965	63461	141049	110110	290159	358531	0
LFQ	40	0	0	0	0	0	7	447	608	1155	952	2	49	216	284	651	1100	560	392	1398	1652	863	2360	1749	3811	4455	2770	6835	6616	6113	7507	12698	18788	17413	31864	28156	53318	49787	65450	138489	112168	283405	352906	0
LFQ	41	0	0	1	0	0	5	497	587	1040	842	1	53	189	330	687	1078	555	446	1415	1615	958	2361	1873	3993	4651	2452	7156	6555	6611	8061	12305	19374	18362	33101	30157	57270	52779	68706	137605	113144	276321	340870	0
LFQ	42	0	0	1	0	0	16	737	902	1397	1128	1	77	265	390	875	1118	583	542	1638	1869	1095	2619	2039	4426	4899	2347	8029	6818	7424	8693	12383	20271	19274	34555	32897	61234	55136	71747	134831	116088	266333	326015	0
LFQ	43	0	0	1	0	0	16	616	773	1192	851	5	90	274	414	904	1017	584	506	1700	1830	1291	2559	2356	4847	5065	2396	8794	7169	8229	9288	12746	21734	20846	36777	35872	66454	59692	76254	135838	118034	260381	300222	0
LFQ	44	0	0	0	0	0	17	607	790	1113	727	10	95	305	424	864	833	540	550	1819	1755	1341	2598	2429	4955	4909	2149	9336	7103	8687	9809	12950	22680	21664	38349	39278	72462	62813	79559	134795	122625	252263	281150	0
LFQ	45	0	0	0	0	0	13	725	878	1198	710	4	111	300	429	1013	777	480	643	1885	1887	1830	2500	2535	5121	5191	2815	10138	7376	9374	10906	13031	23525	22965	41220	42870	78678	66439	82394	133418	124134	241978	261162	0
LFQ	46	0	0	0	0	0	22	842	944	1369	727	6	122	322	473	1174	699	472	620	1978	1844	2102	2426	2720	5379	5244	2821	10791	7426	10168	11679	13549	24660	23864	42910	46562	86223	69842	86401	129984	126669	231141	242663	0
LFQ	47	0	0	0	0	0	26	667	878	1220	519	12	122	330	487	1114	676	509	647	2031	1816	2298	2410	2885	5634	5154	2768	11313	7405	10765	12241	14133	25505	25162	44468	50010	94428	73612	89721	126785	128447	221608	225387	0
LFQ	48	0	0	0	0	0	23	698	888	1118	422	14	130	310	428	1062	469	419	575	1960	1653	2359	2139	2553	5323	4768	2587	11047	6872	10531	11659	13876	24952	24563	44959	51255	104440	74183	93877	111307	138401	206451	231238	0
LFQ	49	0	0	0	0	0	41	673	833	1145	352	15	171	313	446	1078	463	416	609	1901	1550	2479	2100	2696	4922	4948	2403	11159	7084	10458	12428	14095	25061	24938	45993	53761	115876	77119	96794	100161	139989	192146	229248	0
LFQ	50	0	0	0	0	0	28	640	934	1122	293	8	163	348	481	1058	429	433	659	2191	1497	2642	2162	2835	4991	5215	2428	11656	7286	10959	12928	14801	25972	25822	47582	57297	128188	79566	99450	94144	137317	178030	220651	0
LFQ	51	0	0	1	0	0	41	660	949	1140	281	17	193	347	402	1082	432	437	645	2252	1443	2921	2100	2837	5122	5160	2402	11938	7192	10956	13814	15336	26716	26253	49799	61688	141700	82759	102666	89289	135106	165352	207303	0
LFQ	52	0	0	0	0	0	22	548	895	1008	201	23	171	319	481	1000	389	439	617	2161	1214	2902	1926	2762	4943	5158	2498	11992	7129	10690	13868	15667	26868	26828	52052	65493	156929	84860	106509	82234	136873	153520	194101	0
LFQ	53	0	0	0	0	0	38	581	881	999	160	15	192	329	418	943	327	383	646	2298	1123	2859	1989	2895	4971	5239	2486	11859	7090	10747	14062	16359	27476	27076	54278	68987	173976	87475	108977	77075	134170	141986	180377	0
LFQ	54	0	0	0	0	0	29	545	1012	987	170	23	191	372	433	994	339	419	665	2441	1104	3269	2034	2875	5344	5210	2481	12009	7314	10488	14913	17204	28069	27310	57365	73411	189896	89624	111169	72105	130188	129454	166798	0
LFQ	55	0	0	0	0	0	31	504	870	845	93	29	187	288	435	1063	334	369	677	2329	973	3317	2188	2961	5485	3289	4837	12187	7463	10683	15593	18157	28794	28176	60296	78049	207295	92097	110911	68076	126619	118373	151014	0
LFQ	56	0	0	0	0	0	38	504	983	874	68	37	187	267	356	1087	349	382	748	2501	914	3494	2143	2844	5725	3339	5000	12396	7808	10547	15953	18828	30160	29046	63753	82537	224843	93697	111603	62379	122738	106677	136551	0
LFQ	57	0	0	0	0	0	53	520	1070	834	69	42	211	310	392	1114	382	385	795	2638	905	3909	2263	2933	6105	3515	5321	12770	7831	10589	16654	19843	30821	29367	66974	86546	242850	95230	111495	57436	117001	96554	121948	0
LFQ	58	0	0	0	0	0	87	554	1179	832	59	37	194	312	343	1116	413	366	787	2800	803	4168	2292	2850	6258	3626	5592	12903	8357	10610	17336	20809	32012	29829	70629	91431	260392	96170	109943	52695	111999	85894	108390	0
LFQ	59	0	0	0	0	0	74	480	1156	750	46	37	213	337	384	968	462	360	771	3113	715	3720	1910	4199	4609	3189	5531	16066	8616	10568	17873	21828	32929	30945	74527	96503	277882	96585	108052	47928	105167	76471	95404	0
LFQ	60	0	0	0	0	0	81	492	1278	772	37	46	235	338	353	905	518	342	804	3250	629	3842	1894	4385	4800	3092	5814	16590	8968	10236	18665	22338	34296	31285	77244	101614	295046	97074	105494	43155	98472	68120	83900	0
LFQ	61	0	0	0	0	0	95	468	1191	727	29	63	242	373	318	891	556	358	861	3435	579	4037	1844	4688	4830	3250	6078	16809	9411	10216	18755	23293	35836	31685	80990	105624	312154	96275	102593	39114	91403	59795	73643	0
LFQ	62	0	0	0	0	0	101	410	1215	634	27	57	216	376	313	836	521	337	927	3442	515	4188	1801	4749	4957	3307	6339	17261	9825	9977	19384	23932	36752	32406	84549	109561	329013	95801	98749	35041	84620	52288	64209	0
LFQ	63	0	0	0	0	0	126	412	1173	576	22	70	230	390	241	799	637	355	934	3586	488	4400	1652	5045	4980	3242	6534	17366	10429	9757	19335	24297	37523	32904	86795	115300	345542	94799	94096	31246	77865	45588	55962	0
LFQ	64	0	0	0	0	0	136	389	1364	620	10	76	211	431	272	812	696	312	931	3713	376	4450	1660	5099	5022	3315	6855	17323	10715	9337	19709	24785	38770	33348	90542	118744	361545	92818	89208	27720	71135	39881	48153	0
LFQ	65	0	0	0	0	0	162	356	1403	563	7	97	253	494	272	816	613	460	984	3444	1039	4946	1690	4261	6599	3224	7563	16919	7546	8989	25022	25548	39667	33727	93331	122613	374811	90664	84199	24391	64154	34458	41110	0
LFQ	66	0	0	0	0	0	168	376	1434	443	8	112	251	509	228	755	732	435	985	3415	989	5204	1620	4251	6802	3344	7716	17143	7815	8684	25914	26350	40855	34146	96064	126861	387808	88305	78449	21751	57564	29623	35104	0
LFQ	67	0	0	0	0	0	174	360	1461	524	3	115	262	580	220	674	750	445	989	3517	994	5447	1520	4343	6958	3359	8118	17197	7977	8358	26506	26657	41700	34812	98446	130168	400607	85668	72910	19013	51738	25423	29803	0
LFQ	68	0	0	0	0	0	203	359	1630	449	4	157	236	569	207	696	894	478	1030	3745	1074	5617	1504	4620	7277	3479	8552	17375	8378	8148	27416	26942	42567	35111	101080	133073	411029	82956	66567	16503	46550	21562	25119	0
LFQ	69	0	0	0	0	0	191	275	1481	385	0	133	270	628	189	655	917	466	1079	3624	1091	5819	1388	4665	7464	3368	8874	17201	8307	7727	27852	27346	43515	35831	103204	135547	422276	79859	61549	14345	41771	18476	21026	0
LFQ	70	0	0	0	0	0	184	238	1401	317	1	136	213	583	125	524	873	401	965	3435	1059	5526	1200	1300	5096	8731	8563	16630	8141	6928	27350	26513	42912	35179	105253	138004	437601	78078	57163	12383	37833	15396	18296	0
LFQ	71	0	0	0	0	0	218	225	1491	301	0	139	194	659	130	516	948	437	1026	3574	1174	5725	1073	1249	5197	8809	9088	16290	8438	6540	27809	26103	43165	35142	106283	139221	447847	75902	52150	10512	33684	13334	15347	0
LFQ	72	0	0	0	0	0	243	246	1605	322	0	199	213	726	134	494	997	443	1020	3632	1162	5975	1084	1187	5323	9233	9304	16315	8514	6143	28079	26220	43622	35069	106443	140923	457483	72749	47418	9272	29773	10959	12960	0
LFQ	73	0	0	0	0	0	255	222	1738	299	0	201	200	719	129	488	1062	460	1034	3700	1331	6187	951	1202	5433	9454	9535	16079	8791	5799	28763	26277	44065	35560	108330	142609	463719	69754	43027	7739	26092	9176	10547	0
LFQ	74	0	0	0	0	0	259	181	1456	217	0	198	173	738	84	409	1152	437	1077	3661	1370	6221	919	1132	5316	9684	9878	15714	9009	5203	29140	26315	44388	35409	109642	144252	470279	67580	39148	6758	23164	7411	8551	0
LFQ	75	0	0	0	0	0	279	167	1545	193	0	184	169	737	86	384	1166	463	1111	3854	1416	6202	820	1149	5447	10269	10351	7392	17824	5050	29631	26007	45226	35590	110573	145958	474046	64717	35349	5704	19714	6149	6963	0
LFQ	76	0	0	0	0	0	321	162	1567	202	1	192	149	808	85	362	1267	431	1119	3880	1435	6492	761	1108	5475	10424	10654	6864	18273	4577	30191	26261	45537	35823	111046	147502	477741	61978	31888	4800	17313	5023	5537	0
LFQ	77	0	0	0	0	0	322	155	1660	206	0	210	151	817	70	339	1286	469	1079	4010	1561	6490	673	1042	5624	10753	10960	6362	19075	4285	30327	25912	46111	36031	112323	149355	479560	59490	28524	4003	15041	3965	4359	0
LFQ	78	0	0	0	0	0	313	119	1500	177	0	239	146	869	59	318	1351	450	1051	3879	1546	6811	619	999	5466	10935	10725	5818	19443	3935	30669	25923	46535	36465	113505	149618	483418	56969	25453	3266	12991	3044	3457	0
LFQ	79	0	0	0	0	0	316	127	1623	192	0	248	140	919	55	272	1323	497	1149	4016	1701	6851	601	1081	5484	11339	11058	5424	19801	3610	31422	25919	46683	36578	114030	151857	482837	54786	22615	2762	11060	2302	2550	0
LFQ	80	0	0	0	0	0	354	106	1780	176	0	278	150	952	52	273	1434	496	1174	4182	1793	6705	515	1051	5572	11614	11561	4940	20485	3251	31778	25618	47080	36788	114139	152195	483452	52306	20491	2214	9336	1844	1936	0
LFQ	81	0	0	0	0	0	371	96	1759	173	1	298	151	1003	44	247	1481	502	1223	4386	1881	7108	500	1037	5791	12043	11996	4673	21044	3025	32423	25484	47594	36989	114675	152916	480945	50892	17857	1740	7846	1351	1443	0
LFQ	82	0	0	0	0	0	370	97	1692	142	0	294	109	1103	23	214	1495	455	1169	4430	1993	7140	429	1002	5841	12366	12042	4234	21585	2718	32801	25625	47584	37135	114406	154208	480659	48988	15785	1422	6431	1046	1020	0
LFQ	83	0	0	0	0	0	379	65	1706	115	0	292	113	984	28	195	1528	507	1104	4263	1965	7039	369	1004	5854	12469	12251	3814	22426	2366	32936	25355	47936	37678	114969	155012	479280	47265	14032	1138	5118	676	770	0
LFQ	84	0	0	0	0	0	357	75	1817	141	1	327	75	1077	24	154	1618	553	1233	4512	2108	7220	345	991	5945	12674	12861	3499	22848	2195	33651	25348	48479	37604	114751	156274	475099	45680	11824	873	4306	463	518	0
LFQ	85	0	0	0	0	0	398	49	1761	127	0	319	85	1042	18	190	1589	545	1210	4452	2249	7184	298	1009	5857	13181	13019	3271	23215	1913	34019	25629	48827	38089	114714	157017	471920	43990	10313	648	3409	328	318	0
LFQ	86	0	0	0	0	0	405	48	1896	121	0	346	78	1125	18	133	1702	543	1289	4742	2359	7317	274	1030	6248	13062	13187	2926	23417	1849	34573	25550	49272	38186	114656	157434	468405	42170	8918	489	2662	217	204	0
LFQ	87	0	0	0	0	0	388	50	1775	119	0	337	72	1129	18	105	1701	534	1213	4747	2404	7373	248	965	6094	13482	13477	2680	24055	1654	34690	25590	49956	38248	114076	157039	465280	41405	7653	364	2102	134	137	0
LFQ	88	0	0	0	0	0	427	42	1899	120	0	365	71	1197	11	96	1758	552	1321	4798	2444	7344	228	1052	6083	13490	13430	2497	24237	1537	35529	25116	49839	38631	114498	158181	460672	39541	6683	282	1497	75	86	0
LFQ	89	0	0	0	0	0	358	50	1806	127	0	374	62	1222	16	93	1802	546	1250	4865	2517	7487	187	1034	6073	13648	13447	2191	24463	1417	35228	25264	49676	38558	113998	158438	458509	38553	5465	210	1124	32	45	0
LFQ	90	0	0	0	0	0	444	34	1860	107	1	365	52	1230	10	82	1742	578	1266	4589	2534	7481	185	958	6098	13773	13669	2003	24860	1160	35300	25054	50006	38724	114342	157604	455448	37206	4666	150	798	19	21	0
LFQ	91	0	0	0	0	0	445	31	1820	102	1	345	55	1231	10	68	1777	551	1293	4953	2637	7504	150	973	6105	14201	13677	1794	24952	1024	36001	25472	50332	38662	113906	158059	450519	35559	3799	102	558	9	13	0
LFQ	92	0	0	0	0	0	419	20	1980	109	0	427	53	1237	7	72	1866	589	1324	5155	2637	7539	126	1059	6152	14144	14375	1646	25243	946	36115	25348	50900	39242	113811	157958	443879	34669	3049	47	386	7	4	0
LFQ	93	0	0	0	0	0	470	25	2078	129	0	435	40	1337	6	52	1911	628	1303	5131	2864	7683	110	1106	6363	14572	14389	1442	25661	879	36481	25163	50587	39322	112907	157500	439475	33600	2503	40	214	5	4	0
LFQ	94	0	0	0	0	0	456	24	1955	110	0	407	24	1240	4	46	1932	589	1271	5003	2951	7537	86	1089	6400	14399	14509	1312	25964	797	36722	25408	50738	39311	113133	157740	434307	32618	2069	24	119	2	2	0
LFQ	95	0	0	0	0	0	455	22	1916	105	0	403	32	7	1317	29	1926	559	1301	5027	2850	7457	77	1095	6529	14442	14434	1185	26182	710	36702	25377	51280	39664	112704	157536	429367	31823	1652	14	78	0	1	0
LFQ	96	0	0	0	0	0	457	18	2016	122	0	432	38	5	1309	31	1959	627	1322	5154	2914	7394	89	1067	6424	14742	14720	1024	26518	675	36926	25162	51090	39664	112038	157226	424588	30828	1303	9	43	0	0	0
LFQ	97	0	0	0	0	0	482	12	2030	120	0	422	37	12	1462	47	1938	700	1328	5289	2888	7831	79	1125	6381	14860	15142	856	26568	625	37148	25569	51534	39707	111022	157001	418313	30080	1071	4	18	0	0	0
LFQ	98	0	0	0	0	0	481	13	1984	113	1	395	24	8	1320	30	1944	612	1363	5164	2993	7737	49	1158	6590	15115	15223	853	26556	579	37401	25517	51399	40011	110955	157528	412233	29236	901	3	16	0	0	0
LFQ	99	0	0	0	0	0	443	15	1902	110	0	432	17	4	1337	36	1971	583	1273	5337	3115	7760	45	1082	6527	14832	15158	767	26582	508	37558	25491	51396	39895	110884	157613	407390	28669	717	2	7	0	0	0
LFQ	100	0	0	0	0	0	416	9	1823	107	0	410	29	2	1383	29	1910	588	1281	5412	2934	7748	32	1155	6558	14966	15386	666	26590	436	37446	25745	51673	40053	110452	156807	401972	28110	582	1	5	0	0	0
LFQ	101	0	0	0	0	0	340	3	1741	95	0	345	15	1	1366	9	1794	672	1252	5554	3091	7932	32	1139	6773	15190	15739	597	27136	392	38082	25565	52475	40148	109794	156447	393765	27533	486	0	1	0	0	0
LFQ	102	0	0	0	0	0	280	3	1310	231	0	1004	41	4	683	11	3697	304	3159	3582	7891	17973	15	328	14541	33673	33993	1261	57899	527	86677	48509	101057	85181	107911	186960	126765	4195	144	0	0	0	0	0
LFQ	103	0	0	0	0	0	206	3	1014	81	0	343	8	4	709	5	1610	325	1243	2784	3026	8377	15	399	6876	18277	15371	555	35020	293	53036	35198	78924	69587	148556	234536	203469	5908	253	0	0	0	0	0
LFQ	104	0	0	0	0	0	226	1	847	48	0	212	7	1	667	5	1259	279	890	2667	2006	5865	6	447	4806	12391	10689	368	23511	172	35126	24262	54022	44223	133228	193517	354174	15835	357	0	0	0	0	0
LFQ	105	0	0	0	0	0	220	3	860	45	0	216	2	0	705	1	1242	302	766	2675	1751	4962	13	554	4093	10337	9265	300	20115	171	28817	20429	44473	35343	114970	160941	429243	25703	362	0	0	0	0	0
LFQ	106	0	0	0	0	0	256	3	981	59	0	224	3	0	762	2	1266	310	799	2673	1652	4692	6	572	3877	9983	8730	229	18553	185	26321	18886	40105	31812	106986	147855	457037	30722	313	0	0	0	0	0
LFQ	107	0	0	0	0	0	244	1	1050	56	1	219	5	1	757	2	1193	295	763	2699	1696	4820	6	609	3960	9828	8620	196	18315	170	25409	18112	38968	30182	102956	141710	466433	33182	283	0	0	0	0	0
LFQ	108	0	0	0	0	0	274	2	1044	57	0	249	7	2	758	2	1255	339	821	2843	1694	4834	2	617	3919	9971	8724	193	18102	176	25577	18176	37863	29914	101514	139276	467009	34258	227	0	0	0	0	0
LFQ	109	0	0	0	0	0	261	0	943	58	1	218	5	1	799	7	1193	315	797	2872	1678	4745	3	679	3971	9842	8610	150	18110	177	25591	18116	38307	29690	101091	138910	464862	34507	225	0	0	0	0	0
LFQ	110	0	0	0	0	0	303	0	971	61	0	221	2	0	808	4	1247	389	795	2952	1773	4879	2	681	4065	9894	9021	159	18770	163	26071	18346	38783	29702	100289	138097	460996	34017	170	0	0	0	0	0
LFQ	111	0	0	0	0	0	297	0	988	81	0	222	1	0	823	3	1308	362	764	2959	1768	5018	4	628	4177	10186	9150	174	18981	174	26428	18787	38756	30074	101077	138969	454692	33507	173	0	0	0	0	0
LFQ	112	0	0	0	0	0	308	0	1067	69	0	223	2	0	865	2	1247	341	822	3008	1765	5010	0	728	4150	10257	9219	132	19032	194	26376	18658	39179	30113	100546	139080	451487	33178	133	0	0	0	0	0
LFQ	113	0	0	0	0	0	297	0	1054	49	0	228	4	0	870	1	1262	392	890	2977	1870	5041	0	659	4190	10550	9625	139	19261	192	26614	18730	39422	30553	101057	139115	445726	32914	100	0	0	0	0	0
LFQ	114	0	0	0	0	0	316	0	1220	65	0	246	4	0	907	0	1346	398	863	3266	1860	5132	4	688	4279	10714	9913	108	19938	177	27190	18920	39980	30777	100913	139415	438801	32517	94	0	0	0	0	0
LFQ	115	0	0	0	0	0	292	0	1113	67	0	262	1	0	912	0	1437	365	943	3247	2066	5469	3	704	4380	10855	9795	117	19531	178	27532	19392	40239	30961	100750	139593	434249	31909	76	0	0	0	0	0
LFQ	116	0	0	0	0	0	283	0	1087	61	0	262	3	0	961	2	1376	384	916	3455	1978	5468	0	710	4492	11111	10204	97	20312	162	28072	19642	41234	31243	100581	139690	427593	31392	52	0	0	0	0	0
LFQ	117	0	0	0	0	0	311	0	1238	75	0	282	1	0	967	0	1452	383	957	3516	2065	5591	0	796	4658	11111	10669	121	20570	169	28629	19617	41536	31651	100281	141261	420143	30722	35	0	0	0	0	0
LFQ	118	0	0	0	0	0	330	0	1236	67	0	295	1	0	897	0	1442	380	959	3494	2136	5573	1	780	4698	11249	10443	110	20842	162	28464	19889	41946	32171	100465	141423	414644	30683	37	0	0	0	0	0
LFQ	119	0	0	0	0	0	360	0	1377	97	0	290	1	0	998	0	1512	440	976	3615	2129	5671	0	752	4809	11456	10764	86	21123	171	29414	20065	42140	32441	99469	141224	408792	29977	39	0	0	0	0	0
LFQ	120	0	0	0	0	0	356	0	1397	71	0	340	3	0	1028	2	1516	439	1040	3755	2310	5869	0	800	4850	11527	11055	109	21303	157	29523	20217	42339	33056	99490	141282	402658	29194	30	0	0	0	0	0
LFQ	121	0	0	0	0	0	367	0	1353	75	0	314	0	0	980	0	1604	486	1029	3735	2333	5924	0	869	4966	11772	11021	103	21618	163	30057	20592	43057	33012	99275	141655	396154	28715	21	0	0	0	0	0
LFQ	122	0	0	0	0	0	327	0	1327	67	0	305	0	0	1036	0	1522	416	1059	3740	2256	5830	0	848	4912	12002	11301	91	21644	168	30064	20610	43177	33468	99811	141539	391052	28156	22	0	0	0	0	0
LFQ	123	0	0	0	0	0	343	0	1359	71	1	275	1	0	1039	0	1574	436	1007	3939	2311	5839	0	850	5036	11931	11487	78	21692	153	30552	20901	43298	33354	99867	141280	385961	27526	9	0	0	0	0	0
LFQ	124	0	0	0	0	0	335	0	1375	60	0	348	1	0	1057	0	1577	432	1004	3948	2364	6039	0	903	5114	12271	11668	86	22081	149	30795	21209	43343	33736	99157	141645	379705	27149	9	0	0	0	0	0
LFQ	125	0	0	0	0	0	365	0	1445	84	0	300	0	0	1143	0	1574	480	986	4117	2452	6023	0	864	5314	12251	12120	82	22241	160	30759	21242	44107	34091	99063	141654	373030	26858	6	0	0	0	0	0
LFQ	126	0	0	0	0	0	379	0	1506	73	0	325	0	0	1132	0	1621	509	1038	4144	2459	6028	0	910	5465	12639	12299	78	22608	189	31519	21440	44568	34466	98686	141268	366243	26267	4	0	0	0	0	0
LFQ	127	0	0	0	0	0	356	0	1476	90	0	290	0	0	1122	0	1667	479	1008	4075	2529	6405	0	890	5316	12558	12366	64	22816	162	31511	21527	44656	34615	98022	141965	361206	25832	2	0	0	0	0	0
LFQ	128	0	0	0	0	0	421	0	1490	54	0	297	0	0	1187	0	1583	544	1074	4336	2518	6225	0	951	5447	12828	12724	71	23244	152	31983	21899	45262	34291	97350	141621	354908	25362	0	0	0	0	0	0
LFQ	129	0	0	0	0	0	404	0	1593	84	1	326	0	0	1149	0	1725	511	1097	4389	2561	6418	1	985	5450	12838	12915	71	23462	138	32141	21860	45235	35031	96974	141324	349061	24588	0	0	0	0	0	0
LFQ	130	0	0	0	0	0	398	0	1534	76	0	334	0	0	1129	0	1694	532	1150	4438	2645	6458	0	917	5597	13160	13141	66	23419	137	32698	22270	45855	35167	96697	141003	342108	24246	0	0	0	0	0	0
LFQ	131	0	0	0	0	0	356	0	1659	82	0	362	1	0	1192	0	1763	512	1130	4470	2632	6450	0	1008	5687	13302	13176	63	24022	140	33274	22301	46122	35790	95680	140771	335442	23618	1	0	0	0	0	0
LFQ	132	0	0	0	0	0	377	0	1617	89	0	362	3	0	1234	0	1690	568	1175	4640	2608	6556	0	998	5694	13387	13271	83	24045	177	33029	22598	46175	35877	96546	140797	328533	23102	0	0	0	0	0	0
LFQ	133	0	0	0	0	0	418	0	1625	80	0	341	1	0	1200	0	1774	542	1184	4732	2736	6549	0	1086	5866	13484	13605	59	23875	139	33136	22855	46361	35842	94774	140408	323868	22700	0	0	0	0	0	0
LFQ	134	0	0	0	0	0	403	0	1685	77	1	358	0	0	1240	0	1701	566	1164	4698	2812	6769	0	953	5927	13583	13788	68	24368	139	33517	22865	46280	36071	94311	139674	317987	22093	0	0	0	0	0	0
LFQ	135	0	0	0	0	0	432	0	1669	85	0	369	0	0	1270	0	1848	608	1234	4835	2837	6828	0	1055	6022	13637	13877	57	24547	140	33744	22784	46984	36181	94217	139035	310658	21594	0	0	0	0	0	0
LFQ	136	0	0	0	0	0	410	0	1651	77	0	342	1	0	1233	0	1764	584	1209	4844	2882	6792	0	1012	6077	13732	13857	62	24543	134	33981	22995	46966	36078	93137	139064	305281	21248	0	0	0	0	0	0
LFQ	137	0	0	0	0	0	354	0	1629	91	0	413	2	0	1267	0	1794	563	1184	4797	2816	6712	0	999	6162	13560	13952	53	24378	153	34072	22942	47041	35932	92738	138848	300044	20955	0	0	0	0	0	0
LFQ	138	0	0	0	0	0	381	0	1657	87	0	386	1	0	1303	0	1820	576	1157	5045	2859	6570	0	1039	6007	13705	14272	72	24819	162	34435	22854	47235	36269	91850	137802	293949	20430	0	0	0	0	0	0
LFQ	139	0	0	0	0	0	396	0	1784	91	0	352	1	0	1292	0	1886	571	1178	5028	2946	6835	0	1050	6041	13822	14424	46	24821	151	34432	22774	47509	36429	91082	137320	287550	19979	0	0	0	0	0	0
LFQ	140	0	0	0	0	0	414	0	1739	71	0	389	1	0	1272	0	1787	579	1282	4957	2941	6769	0	1021	6069	13647	14691	45	24463	156	33938	23196	46987	36991	90272	136738	282298	19739	0	0	0	0	0	0
LFQ	141	0	0	0	0	0	410	0	1639	85	0	373	0	0	1199	0	1783	591	1217	4998	2936	6738	0	1048	6120	13817	14788	50	24264	171	34559	23055	47131	36449	89460	135902	276958	19245	0	0	0	0	0	0
LFQ	142	0	0	0	0	0	405	0	1729	83	0	367	2	0	1286	0	1753	596	1184	5158	2934	6569	0	1048	6047	13501	14829	46	24571	133	34814	22990	46990	36688	88762	135426	270323	18841	0	0	0	0	0	0
LFQ	143	0	0	0	0	0	385	0	1704	67	0	358	1	0	1237	0	1777	601	1204	5148	2972	6641	0	1035	6001	13605	14939	32	24293	168	34427	23204	47807	37117	87860	134061	264269	18249	0	0	0	0	0	0
LFQ	144	0	0	0	0	0	326	0	1630	75	0	306	0	0	1086	0	1754	546	1144	5158	2962	6448	0	1029	5946	13656	14784	56	24497	157	34318	23580	47291	35944	86780	133396	260227	17778	0	0	0	0	0	0
LFQ	145	0	0	0	0	0	325	0	1656	74	0	360	0	0	1086	0	1759	575	1194	5071	3062	6462	0	1069	5987	13359	14816	51	24128	156	34157	23494	47352	36923	85190	132525	254145	17123	0	0	0	0	0	0
LFQ	146	0	0	0	0	0	281	0	1479	54	0	319	0	0	1077	0	1815	629	1167	5140	3021	6422	0	995	5826	13448	14679	50	23970	139	34415	23200	47300	36861	84727	131965	247401	16694	0	0	0	0	0	0
LFQ	147	0	0	0	0	0	229	0	1325	51	0	278	1	0	861	0	1873	588	1233	5286	3053	6222	0	1040	5955	13228	15059	57	24324	150	34308	23340	47389	36754	83696	130639	240809	16346	0	0	0	0	0	0
LFQ	148	0	0	0	0	0	105	0	670	31	0	136	0	0	502	0	1842	662	1277	5170	3080	6238	0	976	5840	13134	14713	45	24212	137	34058	23270	47320	36884	81872	130246	237085	15945	0	0	0	0	0	0
LFQ	149	0	0	0	0	0	0	0	5	0	0	1	0	0	46	0	1726	492	1084	4937	2724	6282	0	1077	6015	13598	15187	43	24360	150	34407	23219	46742	36994	81538	128707	231289	15502	0	0	0	0	0	0
LFQ	150	0	0	0	0	0	0	0	0	0	0	0	0	0	0	0	0	0	0	0	0	6933	0	1109	6156	13804	15213	44	24887	124	35140	23243	47003	37051	80112	127516	225046	14949	0	0	0	0	0	0
# GC Content of first fragments. Use `grep ^GCF | cut -f 2-` to extract this part.
GCF	5.28	0
GCF	11.56	1
GCF	13.32	0
GCF	14.32	1
GCF	15.33	2
GCF	16.33	3
GCF	16.83	6
GCF	17.34	13
GCF	17.84	18
GCF	18.34	17
GCF	18.84	12
GCF	19.35	17
GCF	19.85	39
GCF	20.35	44
GCF	20.85	40
GCF	21.36	54
GCF	22.11	113
GCF	22.86	138
GCF	23.37	159
GCF	23.87	238
GCF	24.37	248
GCF	24.87	324
GCF	25.38	406
GCF	25.88	550
GCF	26.38	574
GCF	26.88	684
GCF	27.39	975
GCF	27.89	1215
GCF	28.39	1257
GCF	28.89	1466
GCF	29.40	1797
GCF	29.90	2095
GCF	30.40	2125
GCF	30.90	2401
GCF	31.41	2806
GCF	31.91	3245
GCF	32.41	3306
GCF	32.91	3511
GCF	33.42	3949
GCF	33.92	4401
GCF	34.42	4889
GCF	34.92	4955
GCF	35.43	5416
GCF	35.93	5978
GCF	36.43	6400
GCF	36.93	6463
GCF	37.44	6981
GCF	37.94	7574
GCF	38.44	8557
GCF	38.94	8790
GCF	39.45	10043
GCF	39.95	10977
GCF	40.45	12216
GCF	40.95	12361
GCF	41.46	13681
GCF	41.96	15611
GCF	42.46	16807
GCF	42.96	17162
GCF	43.47	18915
GCF	43.97	21555
GCF	44.47	23474
GCF	44.97	24010
GCF	45.48	26644
GCF	45.98	29917
GCF	46.48	33269
GCF	46.98	34014
GCF	47.49	37562
GCF	47.99	41687
GCF	48.49	46193
GCF	48.99	47074
GCF	49.50	51440
GCF	50.00	55202
GCF	50.50	58806
GCF	51.01	59675
GCF	51.51	64089
GCF	52.01	65629
GCF	52.51	67020
GCF	53.02	67455
GCF	53.52	66724
GCF	54.02	65361
GCF	54.52	62309
GCF	55.03	62201
GCF	55.53	58491
GCF	56.03	53678
GCF	56.53	48621
GCF	57.04	47604
GCF	57.54	42196
GCF	58.04	37360
GCF	58.54	32442
GCF	59.05	31739
GCF	59.55	26914
GCF	60.05	22350
GCF	60.55	18849
GCF	61.06	18054
GCF	61.56	14975
GCF	62.06	12062
GCF	62.56	9878
GCF	63.07	9352
GCF	63.57	7771
GCF	64.07	6400
GCF	64.57	5454
GCF	65.08	5041
GCF	65.58	4367
GCF	66.08	3769
GCF	66.58	3135
GCF	67.09	2812
GCF	67.59	2501
GCF	68.09	2127
GCF	68.59	1924
GCF	69.10	1656
GCF	69.60	1539
GCF	70.10	1408
GCF	70.60	1251
GCF	71.11	1169
GCF	71.61	1035
GCF	72.11	903
GCF	72.61	794
GCF	73.12	690
GCF	73.62	609
GCF	74.12	518
GCF	74.62	495
GCF	75.13	427
GCF	75.63	362
GCF	76.13	332
GCF	76.63	290
GCF	77.14	256
GCF	77.64	205
GCF	78.14	191
GCF	78.64	162
GCF	79.15	147
GCF	79.65	140
GCF	80.15	98
GCF	80.65	79
GCF	81.16	69
GCF	81.66	52
GCF	82.16	47
GCF	82.66	41
GCF	83.17	34
GCF	83.67	36
GCF	84.17	31
GCF	84.67	20
GCF	85.18	14
GCF	85.93	12
GCF	86.68	11
GCF	87.19	9
GCF	87.69	8
GCF	88.19	4
GCF	88.69	5
GCF	89.20	4
GCF	90.95	2
GCF	94.22	1
# GC Content of last fragments. Use `grep ^GCL | cut -f 2-` to extract this part.
GCL	3.77	0
GCL	8.79	2
GCL	10.55	3
GCL	11.31	5
GCL	11.81	7
GCL	12.56	9
GCL	13.32	8
GCL	13.82	7
GCL	14.57	11
GCL	15.33	9
GCL	15.83	10
GCL	16.33	12
GCL	17.09	13
GCL	17.84	24
GCL	18.34	23
GCL	18.84	34
GCL	19.35	48
GCL	19.85	74
GCL	20.35	83
GCL	20.85	105
GCL	21.36	133
GCL	21.86	183
GCL	22.36	202
GCL	22.86	258
GCL	23.37	309
GCL	23.87	383
GCL	24.37	401
GCL	24.87	562
GCL	25.38	657
GCL	25.88	776
GCL	26.38	814
GCL	26.88	1006
GCL	27.39	1225
GCL	27.89	1621
GCL	28.39	1712
GCL	28.89	1941
GCL	29.40	2353
GCL	29.90	2643
GCL	30.40	2718
GCL	30.90	3042
GCL	31.41	3469
GCL	31.91	3933
GCL	32.41	4162
GCL	32.91	4402
GCL	33.42	4942
GCL	33.92	5546
GCL	34.42	6083
GCL	34.92	6266
GCL	35.43	6553
GCL	35.93	7301
GCL	36.43	8046
GCL	36.93	8340
GCL	37.44	9036
GCL	37.94	9723
GCL	38.44	10816
GCL	38.94	11251
GCL	39.45	12519
GCL	39.95	13773
GCL	40.45	15239
GCL	40.95	15906
GCL	41.46	17264
GCL	41.96	19198
GCL	42.46	20874
GCL	42.96	21766
GCL	43.47	23999
GCL	43.97	26554
GCL	44.47	28957
GCL	44.97	30092
GCL	45.48	32904
GCL	45.98	36158
GCL	46.48	39606
GCL	46.98	41705
GCL	47.49	45506
GCL	47.99	49066
GCL	48.49	53494
GCL	48.99	55628
GCL	49.50	59239
GCL	50.00	63920
GCL	50.50	66628
GCL	51.01	68647
GCL	51.51	72555
GCL	52.01	73991
GCL	52.51	75457
GCL	53.02	76704
GCL	53.52	75842
GCL	54.02	74818
GCL	54.52	72183
GCL	55.03	71726
GCL	55.53	68942
GCL	56.03	64653
GCL	56.53	60139
GCL	57.04	58383
GCL	57.54	54241
GCL	58.04	49678
GCL	58.54	45225
GCL	59.05	43284
GCL	59.55	38715
GCL	60.05	34982
GCL	60.55	31642
GCL	61.06	29608
GCL	61.56	26573
GCL	62.06	23450
GCL	62.56	20671
GCL	63.07	19020
GCL	63.57	16904
GCL	64.07	15073
GCL	64.57	13309
GCL	65.08	12168
GCL	65.58	10885
GCL	66.08	9863
GCL	66.58	8610
GCL	67.09	8047
GCL	67.59	7171
GCL	68.09	6365
GCL	68.59	5710
GCL	69.10	5022
GCL	69.60	4581
GCL	70.10	4189
GCL	70.60	3760
GCL	71.11	3428
GCL	71.61	3036
GCL	72.11	2642
GCL	72.61	2368
GCL	73.12	2034
GCL	73.62	1788
GCL	74.12	1497
GCL	74.62	1443
GCL	75.13	1204
GCL	75.63	1045
GCL	76.13	917
GCL	76.63	824
GCL	77.14	711
GCL	77.64	581
GCL	78.14	543
GCL	78.64	449
GCL	79.15	387
GCL	79.65	367
GCL	80.15	283
GCL	80.65	216
GCL	81.16	187
GCL	81.66	155
GCL	82.16	127
GCL	82.66	107
GCL	83.17	102
GCL	83.67	98
GCL	84.17	78
GCL	84.67	73
GCL	85.18	51
GCL	85.68	45
GCL	86.18	36
GCL	86.68	32
GCL	87.19	26
GCL	87.69	23
GCL	88.19	15
GCL	88.69	9
GCL	89.20	8
GCL	89.70	5
GCL	90.45	4
GCL	91.46	3
GCL	92.21	1
GCL	93.47	2
GCL	95.23	1
GCL	96.23	0
GCL	97.49	1
GCL	99.25	2
# ACGT content per cycle. Use `grep ^GCC | cut -f 2-` to extract this part. The columns are: cycle; A,C,G,T base counts as a percentage of all A/C/G/T bases [%]; and N and O counts as a percentage of all A/C/G/T bases [%]
GCC	1	16.47	33.55	33.48	16.50	0.00	0.00
GCC	2	28.20	21.88	21.76	28.16	0.00	0.00
GCC	3	26.65	23.38	23.37	26.60	0.00	0.00
GCC	4	26.91	23.17	23.08	26.84	0.00	0.00
GCC	5	34.36	15.86	15.76	34.02	0.00	0.00
GCC	6	26.86	23.23	23.26	26.65	0.00	0.00
GCC	7	25.89	24.08	24.02	26.01	0.00	0.00
GCC	8	26.72	23.41	23.25	26.62	0.00	0.00
GCC	9	18.63	31.34	31.40	18.63	0.00	0.00
GCC	10	26.72	23.47	23.29	26.52	0.00	0.00
GCC	11	21.53	28.52	28.36	21.59	0.00	0.00
GCC	12	24.88	25.18	25.18	24.76	0.00	0.00
GCC	13	21.90	28.09	28.16	21.85	0.00	0.00
GCC	14	21.20	28.82	28.74	21.24	0.00	0.00
GCC	15	23.21	26.84	26.79	23.16	0.00	0.00
GCC	16	24.52	25.59	25.54	24.35	0.00	0.00
GCC	17	25.56	24.57	24.42	25.44	0.00	0.00
GCC	18	25.86	24.24	24.27	25.63	0.00	0.00
GCC	19	25.42	24.66	24.61	25.30	0.00	0.00
GCC	20	25.04	25.09	24.92	24.95	0.00	0.00
GCC	21	24.92	25.17	25.17	24.75	0.00	0.00
GCC	22	24.61	25.49	25.34	24.56	0.00	0.00
GCC	23	24.48	25.59	25.52	24.41	0.00	0.00
GCC	24	24.61	25.47	25.35	24.57	0.00	0.00
GCC	25	24.49	25.53	25.44	24.54	0.00	0.00
GCC	26	24.53	25.51	25.40	24.56	0.00	0.00
GCC	27	24.71	25.35	25.24	24.70	0.00	0.00
GCC	28	24.60	25.48	25.38	24.54	0.00	0.00
GCC	29	24.65	25.41	25.31	24.63	0.00	0.00
GCC	30	24.79	25.29	25.24	24.69	0.00	0.00
GCC	31	24.67	25.44	25.41	24.49	0.00	0.00
GCC	32	24.49	25.49	25.47	24.55	0.00	0.00
GCC	33	24.60	25.42	25.41	24.57	0.00	0.00
GCC	34	24.50	25.57	25.49	24.45	0.00	0.00
GCC	35	24.52	25.59	25.52	24.36	0.00	0.00
GCC	36	24.62	25.43	25.44	24.51	0.00	0.00
GCC	37	24.53	25.49	25.42	24.56	0.00	0.00
GCC	38	24.56	25.44	25.36	24.64	0.00	0.00
GCC	39	24.70	25.28	25.25	24.77	0.00	0.00
GCC	40	24.64	25.34	25.37	24.66	0.00	0.00
GCC	41	24.54	25.48	25.37	24.61	0.00	0.00
GCC	42	24.68	25.42	25.32	24.58	0.00	0.00
GCC	43	24.50	25.50	25.46	24.55	0.00	0.00
GCC	44	24.40	25.52	25.58	24.50	0.00	0.00
GCC	45	24.62	25.42	25.36	24.60	0.00	0.00
GCC	46	24.51	25.53	25.50	24.46	0.00	0.00
GCC	47	24.55	25.55	25.43	24.47	0.00	0.00
GCC	48	24.67	25.34	25.30	24.69	0.00	0.00
GCC	49	24.57	25.36	25.35	24.72	0.00	0.00
GCC	50	24.58	25.40	25.37	24.65	0.00	0.00
GCC	51	24.78	25.24	25.27	24.72	0.00	0.00
GCC	52	24.54	25.44	25.42	24.61	0.00	0.00
GCC	53	24.51	25.45	25.50	24.54	0.00	0.00
GCC	54	24.63	25.42	25.36	24.58	0.00	0.00
GCC	55	24.54	25.49	25.49	24.48	0.00	0.00
GCC	56	24.56	25.58	25.42	24.45	0.00	0.00
GCC	57	24.69	25.30	25.35	24.66	0.00	0.00
GCC	58	24.48	25.61	25.44	24.47	0.00	0.00
GCC	59	24.58	25.46	25.32	24.64	0.00	0.00
GCC	60	24.80	25.31	25.28	24.61	0.00	0.00
GCC	61	24.55	25.40	25.44	24.62	0.00	0.00
GCC	62	24.64	25.42	25.36	24.58	0.00	0.00
GCC	63	24.74	25.21	25.31	24.74	0.00	0.00
GCC	64	24.60	25.48	25.40	24.52	0.00	0.00
GCC	65	24.49	25.51	25.47	24.53	0.00	0.00
GCC	66	24.65	25.39	25.39	24.56	0.00	0.00
GCC	67	24.56	25.49	25.47	24.47	0.00	0.00
GCC	68	24.52	25.60	25.42	24.46	0.00	0.00
GCC	69	24.74	25.33	25.26	24.67	0.00	0.00
GCC	70	24.63	25.39	25.46	24.53	0.00	0.00
GCC	71	24.63	25.43	25.27	24.66	0.00	0.00
GCC	72	24.76	25.29	25.29	24.66	0.00	0.00
GCC	73	24.61	25.39	25.38	24.61	0.00	0.00
GCC	74	24.66	25.47	25.35	24.52	0.00	0.00
GCC	75	24.71	25.34	25.34	24.60	0.00	0.00
GCC	76	24.53	25.52	25.47	24.48	0.00	0.00
GCC	77	24.55	25.54	25.43	24.48	0.00	0.00
GCC	78	24.72	25.30	25.32	24.66	0.00	0.00
GCC	79	24.62	25.45	25.40	24.53	0.00	0.00
GCC	80	24.60	25.45	25.39	24.57	0.00	0.00
GCC	81	24.83	25.21	25.29	24.68	0.00	0.00
GCC	82	24.62	25.45	25.33	24.60	0.00	0.00
GCC	83	24.70	25.40	25.27	24.62	0.00	0.00
GCC	84	24.78	25.29	25.20	24.72	0.00	0.00
GCC	85	24.72	25.28	25.37	24.63	0.00	0.00
GCC	86	24.65	25.39	25.38	24.58	0.00	0.00
GCC	87	24.69	25.29	25.32	24.69	0.00	0.00
GCC	88	24.63	25.46	25.38	24.54	0.00	0.00
GCC	89	24.53	25.50	25.45	24.52	0.00	0.00
GCC	90	24.64	25.40	25.38	24.59	0.00	0.00
GCC	91	24.60	25.47	25.41	24.51	0.00	0.00
GCC	92	24.67	25.32	25.37	24.64	0.00	0.00
GCC	93	24.76	25.27	25.24	24.73	0.00	0.00
GCC	94	24.63	25.42	25.36	24.59	0.00	0.00
GCC	95	24.73	25.33	25.33	24.61	0.00	0.00
GCC	96	24.81	25.29	25.21	24.70	0.00	0.00
GCC	97	24.67	25.36	25.39	24.59	0.00	0.00
GCC	98	24.68	25.36	25.44	24.53	0.00	0.00
GCC	99	24.69	25.26	25.28	24.77	0.00	0.00
GCC	100	24.62	25.48	25.41	24.49	0.00	0.00
GCC	101	24.62	25.42	25.36	24.60	0.00	0.00
GCC	102	24.80	25.17	25.23	24.81	0.00	0.00
GCC	103	24.70	25.30	25.31	24.69	0.00	0.00
GCC	104	24.73	25.29	25.27	24.71	0.00	0.00
GCC	105	24.78	25.21	25.24	24.77	0.00	0.00
GCC	106	24.69	25.37	25.32	24.62	0.00	0.00
GCC	107	24.72	25.37	25.28	24.64	0.00	0.00
GCC	108	24.77	25.27	25.25	24.71	0.00	0.00
GCC	109	24.61	25.39	25.37	24.63	0.00	0.00
GCC	110	24.62	25.46	25.34	24.58	0.00	0.00
GCC	111	24.73	25.36	25.24	24.67	0.00	0.00
GCC	112	24.59	25.35	25.37	24.70	0.00	0.00
GCC	113	24.57	25.39	25.39	24.65	0.00	0.00
GCC	114	24.77	25.23	25.22	24.78	0.00	0.00
GCC	115	24.67	25.39	25.26	24.68	0.00	0.00
GCC	116	24.63	25.33	25.32	24.72	0.00	0.00
GCC	117	24.88	25.21	25.20	24.70	0.00	0.00
GCC	118	24.77	25.26	25.37	24.60	0.00	0.00
GCC	119	24.75	25.41	25.31	24.53	0.00	0.00
GCC	120	24.80	25.27	25.26	24.67	0.00	0.00
GCC	121	24.69	25.40	25.31	24.60	0.00	0.00
GCC	122	24.66	25.39	25.37	24.58	0.00	0.00
GCC	123	24.83	25.20	25.33	24.64	0.00	0.00
GCC	124	24.73	25.38	25.25	24.63	0.00	0.00
GCC	125	24.74	25.24	25.31	24.71	0.00	0.00
GCC	126	24.83	25.17	25.20	24.81	0.00	0.00
GCC	127	24.73	25.30	25.28	24.69	0.00	0.00
GCC	128	24.73	25.39	25.15	24.72	0.00	0.00
GCC	129	24.86	25.20	25.23	24.72	0.00	0.00
GCC	130	24.68	25.30	25.37	24.65	0.00	0.00
GCC	131	24.73	25.31	25.33	24.64	0.00	0.00
GCC	132	24.82	25.23	25.23	24.71	0.00	0.00
GCC	133	24.70	25.32	25.33	24.65	0.00	0.00
GCC	134	24.73	25.36	25.26	24.65	0.00	0.00
GCC	135	24.80	25.19	25.21	24.80	0.00	0.00
GCC	136	24.79	25.24	25.23	24.74	0.00	0.00
GCC	137	24.77	25.30	25.27	24.66	0.00	0.00
GCC	138	24.82	25.23	25.14	24.81	0.00	0.00
GCC	139	24.79	25.31	25.21	24.70	0.00	0.00
GCC	140	24.77	25.24	25.21	24.78	0.00	0.00
GCC	141	24.91	25.21	25.07	24.81	0.00	0.00
GCC	142	24.79	25.21	25.24	24.76	0.00	0.00
GCC	143	24.85	25.28	25.14	24.73	0.00	0.00
GCC	144	24.94	25.10	25.13	24.83	0.00	0.00
GCC	145	24.80	25.23	25.17	24.80	0.00	0.00
GCC	146	24.85	25.20	25.20	24.75	0.00	0.00
GCC	147	24.91	25.04	25.10	24.95	0.00	0.00
GCC	148	24.79	25.17	25.24	24.80	0.00	0.00
GCC	149	24.86	25.14	25.25	24.74	0.00	0.00
GCC	150	24.80	25.22	25.18	24.80	0.00	0.00
# ACGT content per cycle, read oriented. Use `grep ^GCT | cut -f 2-` to extract this part. The columns are: cycle; A,C,G,T base counts as a percentage of all A/C/G/T bases [%]
GCT	1	20.08	23.87	43.16	12.89
GCT	2	18.67	26.44	17.20	37.68
GCT	3	24.24	25.23	21.52	29.01
GCT	4	17.23	31.63	14.62	36.52
GCT	5	33.24	16.73	14.90	35.13
GCT	6	34.95	15.60	30.89	18.57
GCT	7	29.46	22.69	25.41	22.44
GCT	8	33.84	21.62	25.04	19.50
GCT	9	16.58	39.20	23.54	20.68
GCT	10	24.22	28.38	18.38	29.02
GCT	11	21.68	19.21	37.67	21.44
GCT	12	22.38	27.05	23.31	27.25
GCT	13	19.26	26.00	30.25	24.49
GCT	14	18.85	34.07	23.50	23.59
GCT	15	25.65	26.29	27.34	20.71
GCT	16	26.04	24.78	26.35	22.83
GCT	17	25.75	24.90	24.09	25.25
GCT	18	26.29	24.02	24.49	25.21
GCT	19	25.80	24.35	24.93	24.92
GCT	20	25.16	25.04	24.96	24.84
GCT	21	24.70	25.24	25.10	24.96
GCT	22	24.36	25.46	25.37	24.80
GCT	23	24.34	25.55	25.56	24.55
GCT	24	24.67	25.38	25.44	24.51
GCT	25	24.35	25.50	25.47	24.68
GCT	26	24.43	25.52	25.38	24.66
GCT	27	24.80	25.19	25.40	24.61
GCT	28	24.46	25.39	25.47	24.68
GCT	29	24.58	25.40	25.33	24.69
GCT	30	24.89	25.18	25.35	24.58
GCT	31	24.53	25.46	25.38	24.63
GCT	32	24.67	25.51	25.45	24.37
GCT	33	24.71	25.42	25.40	24.46
GCT	34	24.41	25.50	25.55	24.54
GCT	35	24.47	25.51	25.60	24.42
GCT	36	24.61	25.30	25.56	24.52
GCT	37	24.47	25.45	25.46	24.62
GCT	38	24.69	25.37	25.42	24.51
GCT	39	24.86	25.24	25.29	24.62
GCT	40	24.67	25.35	25.36	24.62
GCT	41	24.60	25.55	25.29	24.56
GCT	42	24.85	25.27	25.47	24.41
GCT	43	24.50	25.53	25.42	24.55
GCT	44	24.47	25.64	25.47	24.42
GCT	45	24.68	25.31	25.47	24.54
GCT	46	24.35	25.55	25.48	24.62
GCT	47	24.51	25.51	25.46	24.52
GCT	48	24.76	25.22	25.42	24.60
GCT	49	24.57	25.39	25.32	24.72
GCT	50	24.68	25.36	25.41	24.54
GCT	51	24.83	25.20	25.30	24.67
GCT	52	24.46	25.48	25.37	24.69
GCT	53	24.50	25.53	25.41	24.55
GCT	54	24.72	25.34	25.44	24.50
GCT	55	24.45	25.53	25.44	24.57
GCT	56	24.58	25.52	25.48	24.43
GCT	57	24.71	25.24	25.41	24.63
GCT	58	24.38	25.56	25.49	24.57
GCT	59	24.68	25.43	25.35	24.54
GCT	60	24.76	25.26	25.33	24.64
GCT	61	24.47	25.42	25.41	24.70
GCT	62	24.64	25.41	25.37	24.58
GCT	63	24.85	25.25	25.27	24.63
GCT	64	24.54	25.48	25.41	24.58
GCT	65	24.56	25.55	25.44	24.46
GCT	66	24.69	25.39	25.40	24.53
GCT	67	24.47	25.47	25.49	24.57
GCT	68	24.61	25.55	25.47	24.37
GCT	69	24.82	25.28	25.32	24.59
GCT	70	24.47	25.52	25.32	24.69
GCT	71	24.68	25.43	25.28	24.61
GCT	72	24.85	25.22	25.36	24.57
GCT	73	24.54	25.52	25.26	24.69
GCT	74	24.60	25.46	25.36	24.58
GCT	75	24.70	25.29	25.39	24.62
GCT	76	24.44	25.58	25.41	24.57
GCT	77	24.61	25.54	25.44	24.42
GCT	78	24.83	25.33	25.30	24.55
GCT	79	24.53	25.46	25.39	24.62
GCT	80	24.64	25.52	25.31	24.53
GCT	81	24.85	25.23	25.27	24.65
GCT	82	24.60	25.37	25.41	24.61
GCT	83	24.69	25.41	25.27	24.63
GCT	84	24.86	25.25	25.25	24.64
GCT	85	24.66	25.41	25.24	24.68
GCT	86	24.67	25.49	25.28	24.56
GCT	87	24.84	25.30	25.32	24.54
GCT	88	24.61	25.51	25.32	24.55
GCT	89	24.58	25.57	25.38	24.46
GCT	90	24.76	25.34	25.43	24.47
GCT	91	24.46	25.54	25.34	24.66
GCT	92	24.70	25.45	25.24	24.60
GCT	93	24.83	25.27	25.24	24.66
GCT	94	24.56	25.46	25.32	24.66
GCT	95	24.69	25.36	25.30	24.65
GCT	96	24.85	25.26	25.23	24.65
GCT	97	24.56	25.45	25.30	24.69
GCT	98	24.66	25.43	25.37	24.54
GCT	99	24.82	25.28	25.26	24.63
GCT	100	24.48	25.55	25.33	24.63
GCT	101	24.71	25.49	25.29	24.51
GCT	102	24.91	25.22	25.17	24.69
GCT	103	24.64	25.43	25.18	24.75
GCT	104	24.81	25.37	25.19	24.63
GCT	105	24.92	25.14	25.31	24.63
GCT	106	24.66	25.37	25.32	24.65
GCT	107	24.71	25.35	25.29	24.64
GCT	108	24.85	25.21	25.30	24.64
GCT	109	24.52	25.52	25.24	24.72
GCT	110	24.65	25.42	25.38	24.54
GCT	111	24.84	25.30	25.31	24.56
GCT	112	24.63	25.38	25.33	24.65
GCT	113	24.71	25.48	25.31	24.50
GCT	114	24.96	25.25	25.20	24.59
GCT	115	24.64	25.41	25.24	24.71
GCT	116	24.76	25.39	25.26	24.59
GCT	117	24.89	25.20	25.21	24.69
GCT	118	24.59	25.42	25.21	24.77
GCT	119	24.74	25.50	25.21	24.54
GCT	120	24.79	25.33	25.20	24.68
GCT	121	24.52	25.48	25.24	24.77
GCT	122	24.61	25.49	25.27	24.63
GCT	123	24.81	25.25	25.28	24.66
GCT	124	24.63	25.47	25.17	24.73
GCT	125	24.71	25.40	25.15	24.74
GCT	126	24.87	25.20	25.17	24.76
GCT	127	24.63	25.42	25.16	24.79
GCT	128	24.78	25.43	25.12	24.68
GCT	129	24.86	25.22	25.21	24.72
GCT	130	24.56	25.49	25.18	24.77
GCT	131	24.67	25.40	25.24	24.69
GCT	132	24.79	25.34	25.12	24.75
GCT	133	24.55	25.43	25.22	24.80
GCT	134	24.76	25.45	25.17	24.62
GCT	135	24.91	25.22	25.17	24.69
GCT	136	24.66	25.37	25.10	24.87
GCT	137	24.70	25.40	25.16	24.74
GCT	138	24.87	25.23	25.14	24.76
GCT	139	24.62	25.44	25.08	24.86
GCT	140	24.75	25.33	25.12	24.80
GCT	141	24.95	25.26	25.02	24.77
GCT	142	24.68	25.41	25.05	24.87
GCT	143	24.84	25.45	24.97	24.74
GCT	144	25.04	25.26	24.97	24.73
GCT	145	24.60	25.37	25.03	25.00
GCT	146	24.74	25.41	24.99	24.86
GCT	147	24.88	25.23	24.92	24.98
GCT	148	24.60	25.47	24.94	24.99
GCT	149	24.56	25.57	24.82	25.04
GCT	150	24.61	25.53	24.87	24.99
# ACGT content per cycle for first fragments. Use `grep ^FBC | cut -f 2-` to extract this part. The columns are: cycle; A,C,G,T base counts as a percentage of all A/C/G/T bases [%]; and N and O counts as a percentage of all A/C/G/T bases [%]
FBC	1	16.86	33.18	33.07	16.89	0.00	0.00
FBC	2	28.29	21.74	21.69	28.28	0.00	0.00
FBC	3	26.70	23.34	23.32	26.63	0.00	0.00
FBC	4	26.88	23.13	23.14	26.84	0.00	0.00
FBC	5	34.35	15.88	15.75	34.02	0.00	0.00
FBC	6	26.83	23.32	23.27	26.57	0.00	0.00
FBC	7	25.88	24.12	24.01	25.99	0.00	0.00
FBC	8	26.73	23.44	23.24	26.59	0.00	0.00
FBC	9	18.52	31.40	31.48	18.60	0.00	0.00
FBC	10	26.80	23.45	23.26	26.48	0.00	0.00
FBC	11	21.48	28.58	28.41	21.53	0.00	0.00
FBC	12	24.83	25.19	25.21	24.76	0.00	0.00
FBC	13	21.89	28.12	28.19	21.79	0.00	0.00
FBC	14	21.18	28.87	28.82	21.13	0.00	0.00
FBC	15	23.11	26.97	26.84	23.07	0.00	0.00
FBC	16	24.53	25.62	25.51	24.35	0.00	0.00
FBC	17	25.59	24.56	24.42	25.43	0.00	0.00
FBC	18	25.86	24.22	24.25	25.67	0.00	0.00
FBC	19	25.44	24.65	24.59	25.31	0.00	0.00
FBC	20	25.07	25.08	24.90	24.95	0.00	0.00
FBC	21	24.94	25.25	25.14	24.67	0.00	0.00
FBC	22	24.65	25.48	25.31	24.57	0.00	0.00
FBC	23	24.48	25.61	25.47	24.44	0.00	0.00
FBC	24	24.58	25.47	25.38	24.57	0.00	0.00
FBC	25	24.45	25.53	25.41	24.61	0.00	0.00
FBC	26	24.54	25.49	25.35	24.62	0.00	0.00
FBC	27	24.71	25.35	25.24	24.70	0.00	0.00
FBC	28	24.63	25.40	25.36	24.60	0.00	0.00
FBC	29	24.66	25.39	25.31	24.64	0.00	0.00
FBC	30	24.76	25.31	25.26	24.68	0.00	0.00
FBC	31	24.66	25.43	25.38	24.54	0.00	0.00
FBC	32	24.47	25.50	25.47	24.56	0.00	0.00
FBC	33	24.53	25.53	25.39	24.55	0.00	0.00
FBC	34	24.50	25.54	25.49	24.47	0.00	0.00
FBC	35	24.56	25.61	25.51	24.32	0.00	0.00
FBC	36	24.62	25.45	25.43	24.49	0.00	0.00
FBC	37	24.54	25.48	25.38	24.60	0.00	0.00
FBC	38	24.57	25.47	25.34	24.62	0.00	0.00
FBC	39	24.74	25.26	25.24	24.76	0.00	0.00
FBC	40	24.68	25.30	25.35	24.67	0.00	0.00
FBC	41	24.52	25.45	25.42	24.61	0.00	0.00
FBC	42	24.67	25.44	25.30	24.59	0.00	0.00
FBC	43	24.53	25.50	25.41	24.55	0.00	0.00
FBC	44	24.38	25.52	25.62	24.49	0.00	0.00
FBC	45	24.60	25.47	25.31	24.63	0.00	0.00
FBC	46	24.51	25.50	25.50	24.50	0.00	0.00
FBC	47	24.58	25.57	25.39	24.46	0.00	0.00
FBC	48	24.63	25.35	25.30	24.72	0.00	0.00
FBC	49	24.58	25.34	25.36	24.72	0.00	0.00
FBC	50	24.61	25.36	25.39	24.65	0.00	0.00
FBC	51	24.77	25.26	25.28	24.68	0.00	0.00
FBC	52	24.50	25.48	25.36	24.66	0.00	0.00
FBC	53	24.48	25.46	25.49	24.57	0.00	0.00
FBC	54	24.56	25.43	25.37	24.63	0.00	0.00
FBC	55	24.51	25.51	25.50	24.48	0.00	0.00
FBC	56	24.52	25.63	25.42	24.43	0.00	0.00
FBC	57	24.63	25.34	25.38	24.65	0.00	0.00
FBC	58	24.51	25.63	25.39	24.47	0.00	0.00
FBC	59	24.55	25.51	25.33	24.60	0.00	0.00
FBC	60	24.78	25.37	25.29	24.56	0.00	0.00
FBC	61	24.62	25.36	25.40	24.62	0.00	0.00
FBC	62	24.61	25.47	25.39	24.53	0.00	0.00
FBC	63	24.72	25.21	25.38	24.68	0.00	0.00
FBC	64	24.58	25.49	25.42	24.50	0.00	0.00
FBC	65	24.43	25.61	25.48	24.49	0.00	0.00
FBC	66	24.61	25.42	25.45	24.52	0.00	0.00
FBC	67	24.56	25.51	25.52	24.42	0.00	0.00
FBC	68	24.49	25.66	25.42	24.43	0.00	0.00
FBC	69	24.70	25.33	25.27	24.70	0.00	0.00
FBC	70	24.61	25.44	25.43	24.53	0.00	0.00
FBC	71	24.53	25.48	25.36	24.62	0.00	0.00
FBC	72	24.71	25.37	25.34	24.59	0.00	0.00
FBC	73	24.57	25.41	25.42	24.61	0.00	0.00
FBC	74	24.65	25.51	25.37	24.47	0.00	0.00
FBC	75	24.67	25.35	25.42	24.57	0.00	0.00
FBC	76	24.47	25.61	25.46	24.46	0.00	0.00
FBC	77	24.49	25.59	25.47	24.44	0.00	0.00
FBC	78	24.68	25.31	25.39	24.62	0.00	0.00
FBC	79	24.56	25.50	25.48	24.46	0.00	0.00
FBC	80	24.58	25.50	25.37	24.55	0.00	0.00
FBC	81	24.77	25.28	25.33	24.62	0.00	0.00
FBC	82	24.63	25.46	25.36	24.56	0.00	0.00
FBC	83	24.62	25.47	25.31	24.60	0.00	0.00
FBC	84	24.71	25.39	25.29	24.61	0.00	0.00
FBC	85	24.71	25.32	25.35	24.61	0.00	0.00
FBC	86	24.60	25.46	25.41	24.53	0.00	0.00
FBC	87	24.66	25.32	25.43	24.59	0.00	0.00
FBC	88	24.57	25.53	25.42	24.48	0.00	0.00
FBC	89	24.47	25.54	25.52	24.47	0.00	0.00
FBC	90	24.57	25.48	25.42	24.53	0.00	0.00
FBC	91	24.60	25.44	25.44	24.52	0.00	0.00
FBC	92	24.58	25.38	25.41	24.63	0.00	0.00
FBC	93	24.69	25.28	25.34	24.69	0.00	0.00
FBC	94	24.59	25.47	25.37	24.57	0.00	0.00
FBC	95	24.64	25.39	25.38	24.59	0.00	0.00
FBC	96	24.79	25.34	25.27	24.60	0.00	0.00
FBC	97	24.59	25.43	25.45	24.54	0.00	0.00
FBC	98	24.60	25.41	25.52	24.47	0.00	0.00
FBC	99	24.62	25.35	25.36	24.67	0.00	0.00
FBC	100	24.57	25.54	25.46	24.43	0.00	0.00
FBC	101	24.55	25.51	25.42	24.53	0.00	0.00
FBC	102	24.74	25.23	25.29	24.74	0.00	0.00
FBC	103	24.65	25.33	25.42	24.60	0.00	0.00
FBC	104	24.67	25.36	25.30	24.67	0.00	0.00
FBC	105	24.70	25.28	25.35	24.67	0.00	0.00
FBC	106	24.59	25.46	25.36	24.59	0.00	0.00
FBC	107	24.66	25.45	25.36	24.53	0.00	0.00
FBC	108	24.68	25.37	25.32	24.63	0.00	0.00
FBC	109	24.55	25.49	25.39	24.56	0.00	0.00
FBC	110	24.52	25.57	25.36	24.54	0.00	0.00
FBC	111	24.67	25.46	25.27	24.60	0.00	0.00
FBC	112	24.52	25.38	25.47	24.63	0.00	0.00
FBC	113	24.48	25.49	25.44	24.59	0.00	0.00
FBC	114	24.70	25.35	25.32	24.64	0.00	0.00
FBC	115	24.58	25.50	25.31	24.61	0.00	0.00
FBC	116	24.52	25.42	25.43	24.64	0.00	0.00
FBC	117	24.83	25.29	25.29	24.58	0.00	0.00
FBC	118	24.71	25.33	25.40	24.56	0.00	0.00
FBC	119	24.66	25.49	25.37	24.48	0.00	0.00
FBC	120	24.73	25.31	25.38	24.57	0.00	0.00
FBC	121	24.57	25.46	25.38	24.59	0.00	0.00
FBC	122	24.56	25.49	25.39	24.55	0.00	0.00
FBC	123	24.72	25.28	25.47	24.53	0.00	0.00
FBC	124	24.67	25.46	25.32	24.56	0.00	0.00
FBC	125	24.67	25.34	25.35	24.64	0.00	0.00
FBC	126	24.72	25.25	25.29	24.73	0.00	0.00
FBC	127	24.64	25.37	25.34	24.65	0.00	0.00
FBC	128	24.66	25.43	25.24	24.66	0.00	0.00
FBC	129	24.75	25.34	25.31	24.60	0.00	0.00
FBC	130	24.61	25.32	25.47	24.60	0.00	0.00
FBC	131	24.62	25.39	25.43	24.55	0.00	0.00
FBC	132	24.71	25.40	25.32	24.58	0.00	0.00
FBC	133	24.58	25.42	25.45	24.54	0.00	0.00
FBC	134	24.56	25.52	25.38	24.54	0.00	0.00
FBC	135	24.65	25.32	25.34	24.69	0.00	0.00
FBC	136	24.67	25.31	25.34	24.68	0.00	0.00
FBC	137	24.64	25.42	25.37	24.56	0.00	0.00
FBC	138	24.68	25.38	25.28	24.66	0.00	0.00
FBC	139	24.66	25.46	25.33	24.55	0.00	0.00
FBC	140	24.62	25.40	25.36	24.62	0.00	0.00
FBC	141	24.80	25.35	25.18	24.67	0.00	0.00
FBC	142	24.65	25.33	25.39	24.64	0.00	0.00
FBC	143	24.71	25.42	25.29	24.58	0.00	0.00
FBC	144	24.74	25.26	25.30	24.70	0.00	0.00
FBC	145	24.68	25.37	25.30	24.65	0.00	0.00
FBC	146	24.65	25.38	25.37	24.60	0.00	0.00
FBC	147	24.73	25.25	25.25	24.77	0.00	0.00
FBC	148	24.67	25.30	25.38	24.65	0.00	0.00
FBC	149	24.75	25.26	25.34	24.65	0.00	0.00
FBC	150	24.66	25.41	25.33	24.61	0.00	0.00
# ACGT raw counters for first fragments. Use `grep ^FTC | cut -f 2-` to extract this part. The columns are: A,C,G,T,N base counters
FTC	44235280	45571535	45481740	44154716	159
# ACGT content per cycle for last fragments. Use `grep ^LBC | cut -f 2-` to extract this part. The columns are: cycle; A,C,G,T base counts as a percentage of all A/C/G/T bases [%]; and N and O counts as a percentage of all A/C/G/T bases [%]
LBC	1	16.08	33.91	33.89	16.12	0.00	0.00
LBC	2	28.11	22.03	21.83	28.03	0.00	0.00
LBC	3	26.60	23.42	23.42	26.56	0.00	0.00
LBC	4	26.95	23.20	23.02	26.84	0.00	0.00
LBC	5	34.37	15.85	15.78	34.01	0.00	0.00
LBC	6	26.89	23.13	23.24	26.74	0.00	0.00
LBC	7	25.91	24.03	24.04	26.02	0.00	0.00
LBC	8	26.71	23.38	23.27	26.64	0.00	0.00
LBC	9	18.73	31.28	31.33	18.66	0.00	0.00
LBC	10	26.64	23.48	23.32	26.55	0.00	0.00
LBC	11	21.59	28.46	28.32	21.64	0.00	0.00
LBC	12	24.92	25.17	25.14	24.76	0.00	0.00
LBC	13	21.91	28.06	28.13	21.90	0.00	0.00
LBC	14	21.22	28.78	28.66	21.34	0.00	0.00
LBC	15	23.30	26.71	26.74	23.25	0.00	0.00
LBC	16	24.52	25.55	25.58	24.35	0.00	0.00
LBC	17	25.54	24.58	24.42	25.45	0.00	0.00
LBC	18	25.87	24.25	24.29	25.59	0.00	0.00
LBC	19	25.40	24.68	24.63	25.29	0.00	0.00
LBC	20	25.01	25.09	24.94	24.96	0.00	0.00
LBC	21	24.89	25.09	25.20	24.82	0.00	0.00
LBC	22	24.58	25.50	25.37	24.55	0.00	0.00
LBC	23	24.47	25.56	25.58	24.39	0.00	0.00
LBC	24	24.65	25.47	25.31	24.57	0.00	0.00
LBC	25	24.53	25.52	25.47	24.48	0.00	0.00
LBC	26	24.52	25.53	25.45	24.51	0.00	0.00
LBC	27	24.71	25.35	25.24	24.70	0.00	0.00
LBC	28	24.56	25.56	25.40	24.48	0.00	0.00
LBC	29	24.64	25.43	25.31	24.62	0.00	0.00
LBC	30	24.82	25.27	25.22	24.70	0.00	0.00
LBC	31	24.68	25.45	25.43	24.44	0.00	0.00
LBC	32	24.51	25.49	25.46	24.54	0.00	0.00
LBC	33	24.67	25.31	25.42	24.59	0.00	0.00
LBC	34	24.49	25.60	25.48	24.42	0.00	0.00
LBC	35	24.49	25.56	25.54	24.41	0.00	0.00
LBC	36	24.62	25.41	25.44	24.53	0.00	0.00
LBC	37	24.52	25.51	25.45	24.53	0.00	0.00
LBC	38	24.55	25.40	25.38	24.67	0.00	0.00
LBC	39	24.66	25.29	25.27	24.78	0.00	0.00
LBC	40	24.59	25.37	25.39	24.64	0.00	0.00
LBC	41	24.56	25.51	25.31	24.62	0.00	0.00
LBC	42	24.70	25.40	25.34	24.57	0.00	0.00
LBC	43	24.46	25.49	25.50	24.55	0.00	0.00
LBC	44	24.42	25.53	25.54	24.50	0.00	0.00
LBC	45	24.64	25.38	25.41	24.58	0.00	0.00
LBC	46	24.52	25.57	25.51	24.41	0.00	0.00
LBC	47	24.53	25.52	25.47	24.48	0.00	0.00
LBC	48	24.71	25.34	25.30	24.65	0.00	0.00
LBC	49	24.55	25.39	25.34	24.73	0.00	0.00
LBC	50	24.55	25.45	25.36	24.64	0.00	0.00
LBC	51	24.79	25.21	25.25	24.75	0.00	0.00
LBC	52	24.58	25.39	25.48	24.55	0.00	0.00
LBC	53	24.55	25.43	25.51	24.52	0.00	0.00
LBC	54	24.70	25.41	25.35	24.53	0.00	0.00
LBC	55	24.58	25.47	25.48	24.48	0.00	0.00
LBC	56	24.60	25.52	25.41	24.47	0.00	0.00
LBC	57	24.75	25.25	25.32	24.68	0.00	0.00
LBC	58	24.44	25.60	25.49	24.48	0.00	0.00
LBC	59	24.61	25.41	25.30	24.68	0.00	0.00
LBC	60	24.82	25.25	25.27	24.65	0.00	0.00
LBC	61	24.47	25.43	25.47	24.62	0.00	0.00
LBC	62	24.67	25.37	25.33	24.63	0.00	0.00
LBC	63	24.76	25.20	25.23	24.81	0.00	0.00
LBC	64	24.61	25.47	25.38	24.54	0.00	0.00
LBC	65	24.55	25.40	25.47	24.57	0.00	0.00
LBC	66	24.69	25.37	25.33	24.62	0.00	0.00
LBC	67	24.57	25.47	25.43	24.53	0.00	0.00
LBC	68	24.56	25.53	25.43	24.48	0.00	0.00
LBC	69	24.78	25.33	25.25	24.64	0.00	0.00
LBC	70	24.64	25.34	25.49	24.53	0.00	0.00
LBC	71	24.74	25.38	25.17	24.71	0.00	0.00
LBC	72	24.81	25.20	25.24	24.75	0.00	0.00
LBC	73	24.66	25.38	25.35	24.62	0.00	0.00
LBC	74	24.68	25.43	25.32	24.57	0.00	0.00
LBC	75	24.77	25.33	25.26	24.64	0.00	0.00
LBC	76	24.58	25.42	25.49	24.51	0.00	0.00
LBC	77	24.61	25.48	25.39	24.52	0.00	0.00
LBC	78	24.76	25.29	25.25	24.71	0.00	0.00
LBC	79	24.69	25.40	25.31	24.60	0.00	0.00
LBC	80	24.63	25.38	25.40	24.59	0.00	0.00
LBC	81	24.89	25.14	25.23	24.74	0.00	0.00
LBC	82	24.61	25.45	25.30	24.65	0.00	0.00
LBC	83	24.81	25.33	25.23	24.64	0.00	0.00
LBC	84	24.87	25.19	25.10	24.84	0.00	0.00
LBC	85	24.72	25.24	25.39	24.65	0.00	0.00
LBC	86	24.72	25.31	25.34	24.63	0.00	0.00
LBC	87	24.73	25.26	25.19	24.81	0.00	0.00
LBC	88	24.69	25.37	25.33	24.61	0.00	0.00
LBC	89	24.60	25.46	25.37	24.57	0.00	0.00
LBC	90	24.71	25.30	25.33	24.66	0.00	0.00
LBC	91	24.61	25.50	25.39	24.50	0.00	0.00
LBC	92	24.77	25.26	25.32	24.65	0.00	0.00
LBC	93	24.84	25.26	25.12	24.77	0.00	0.00
LBC	94	24.67	25.36	25.35	24.62	0.00	0.00
LBC	95	24.83	25.26	25.26	24.64	0.00	0.00
LBC	96	24.84	25.23	25.13	24.81	0.00	0.00
LBC	97	24.76	25.26	25.32	24.66	0.00	0.00
LBC	98	24.77	25.30	25.34	24.59	0.00	0.00
LBC	99	24.77	25.16	25.18	24.89	0.00	0.00
LBC	100	24.68	25.40	25.34	24.57	0.00	0.00
LBC	101	24.71	25.31	25.28	24.70	0.00	0.00
LBC	102	24.87	25.09	25.15	24.89	0.00	0.00
LBC	103	24.77	25.25	25.19	24.79	0.00	0.00
LBC	104	24.79	25.21	25.25	24.76	0.00	0.00
LBC	105	24.89	25.12	25.10	24.88	0.00	0.00
LBC	106	24.81	25.26	25.27	24.66	0.00	0.00
LBC	107	24.80	25.25	25.17	24.78	0.00	0.00
LBC	108	24.89	25.13	25.16	24.82	0.00	0.00
LBC	109	24.68	25.26	25.34	24.72	0.00	0.00
LBC	110	24.75	25.33	25.30	24.62	0.00	0.00
LBC	111	24.80	25.24	25.20	24.76	0.00	0.00
LBC	112	24.68	25.31	25.23	24.78	0.00	0.00
LBC	113	24.67	25.27	25.33	24.72	0.00	0.00
LBC	114	24.87	25.08	25.09	24.95	0.00	0.00
LBC	115	24.79	25.26	25.18	24.77	0.00	0.00
LBC	116	24.77	25.23	25.17	24.84	0.00	0.00
LBC	117	24.95	25.11	25.08	24.86	0.00	0.00
LBC	118	24.84	25.16	25.34	24.65	0.00	0.00
LBC	119	24.87	25.30	25.23	24.61	0.00	0.00
LBC	120	24.90	25.22	25.10	24.78	0.00	0.00
LBC	121	24.85	25.31	25.23	24.61	0.00	0.00
LBC	122	24.79	25.25	25.34	24.62	0.00	0.00
LBC	123	24.98	25.08	25.15	24.79	0.00	0.00
LBC	124	24.81	25.28	25.17	24.74	0.00	0.00
LBC	125	24.84	25.10	25.27	24.80	0.00	0.00
LBC	126	24.98	25.05	25.08	24.90	0.00	0.00
LBC	127	24.83	25.21	25.20	24.75	0.00	0.00
LBC	128	24.83	25.33	25.03	24.81	0.00	0.00
LBC	129	25.01	25.01	25.11	24.87	0.00	0.00
LBC	130	24.78	25.27	25.23	24.72	0.00	0.00
LBC	131	24.86	25.21	25.18	24.75	0.00	0.00
LBC	132	24.98	24.99	25.12	24.90	0.00	0.00
LBC	133	24.86	25.17	25.16	24.81	0.00	0.00
LBC	134	24.96	25.13	25.09	24.81	0.00	0.00
LBC	135	25.01	25.00	25.04	24.95	0.00	0.00
LBC	136	24.96	25.15	25.08	24.82	0.00	0.00
LBC	137	24.95	25.13	25.11	24.80	0.00	0.00
LBC	138	25.01	25.03	24.94	25.03	0.00	0.00
LBC	139	24.97	25.08	25.04	24.91	0.00	0.00
LBC	140	25.00	25.01	24.98	25.01	0.00	0.00
LBC	141	25.07	25.00	24.91	25.02	0.00	0.00
LBC	142	24.99	25.04	25.03	24.94	0.00	0.00
LBC	143	25.05	25.07	24.92	24.96	0.00	0.00
LBC	144	25.23	24.86	24.88	25.03	0.00	0.00
LBC	145	24.97	25.01	24.98	25.04	0.00	0.00
LBC	146	25.15	24.92	24.94	24.99	0.00	0.00
LBC	147	25.17	24.72	24.88	25.22	0.00	0.00
LBC	148	24.97	24.97	25.02	25.04	0.00	0.00
LBC	149	25.03	24.95	25.12	24.89	0.00	0.00
LBC	150	25.02	24.93	24.95	25.09	0.00	0.00
# ACGT raw counters for last fragments. Use `grep ^LTC | cut -f 2-` to extract this part. The columns are: A,C,G,T,N base counters
LTC	38874530	39758590	39714208	38787340	47
# Insert sizes. Use `grep ^IS | cut -f 2-` to extract this part. The columns are: insert size, pairs total, inward oriented pairs, outward oriented pairs, other pairs
IS	0	3	0	3	0
IS	1	0	0	0	0
IS	2	1	0	1	0
IS	3	2	0	2	0
IS	4	0	0	0	0
IS	5	1	0	1	0
IS	6	0	0	0	0
IS	7	2	0	2	0
IS	8	0	0	0	0
IS	9	12	0	12	0
IS	10	1	0	1	0
IS	11	1	0	1	0
IS	12	1	0	1	0
IS	13	0	0	0	0
IS	14	1	0	1	0
IS	15	0	0	0	0
IS	16	0	0	0	0
IS	17	0	0	0	0
IS	18	0	0	0	0
IS	19	1	0	1	0
IS	20	5	2	3	0
IS	21	1	0	1	0
IS	22	0	0	0	0
IS	23	0	0	0	0
IS	24	0	0	0	0
IS	25	8	7	0	1
IS	26	20	18	2	0
IS	27	77	77	0	0
IS	28	135	133	2	0
IS	29	8	8	0	0
IS	30	13	10	3	0
IS	31	9	3	6	0
IS	32	9	7	2	0
IS	33	18	15	2	1
IS	34	8	6	0	2
IS	35	14	6	5	3
IS	36	11	7	0	4
IS	37	10	7	1	2
IS	38	11	4	1	6
IS	39	8	3	4	1
IS	40	5	3	2	0
IS	41	2	2	0	0
IS	42	3	2	1	0
IS	43	6	2	2	2
IS	44	5	2	1	2
IS	45	6	3	2	1
IS	46	7	3	1	3
IS	47	9	4	2	3
IS	48	4	1	2	1
IS	49	5	2	1	2
IS	50	3	2	0	1
IS	51	2	1	0	1
IS	52	8	5	1	2
IS	53	6	2	1	3
IS	54	6	2	2	2
IS	55	6	2	0	4
IS	56	5	1	3	1
IS	57	1	1	0	0
IS	58	5	1	1	3
IS	59	2	1	1	0
IS	60	6	3	1	2
IS	61	7	3	0	4
IS	62	6	2	2	2
IS	63	4	2	0	2
IS	64	1	0	0	1
IS	65	7	2	3	2
IS	66	11	7	2	2
IS	67	5	3	0	2
IS	68	9	3	0	6
IS	69	4	1	0	3
IS	70	5	2	1	2
IS	71	8	6	0	2
IS	72	9	7	1	1
IS	73	3	3	0	0
IS	74	10	3	1	6
IS	75	4	2	0	2
IS	76	6	2	1	3
IS	77	11	5	2	4
IS	78	7	4	0	3
IS	79	11	8	2	1
IS	80	11	8	0	3
IS	81	9	4	3	2
IS	82	6	3	1	2
IS	83	16	7	4	5
IS	84	12	4	3	5
IS	85	18	9	1	8
IS	86	12	6	1	5
IS	87	12	6	0	6
IS	88	11	4	1	6
IS	89	14	5	0	9
IS	90	9	6	0	3
IS	91	24	14	2	8
IS	92	9	2	0	7
IS	93	25	12	3	10
IS	94	13	7	1	5
IS	95	12	8	0	4
IS	96	19	13	1	5
IS	97	12	7	0	5
IS	98	19	12	0	7
IS	99	24	16	0	8
IS	100	18	9	1	8
IS	101	27	16	2	9
IS	102	16	9	0	7
IS	103	21	14	0	7
IS	104	23	16	1	6
IS	105	19	14	0	5
IS	106	16	8	2	6
IS	107	17	13	0	4
IS	108	20	9	0	11
IS	109	26	15	2	9
IS	110	22	12	2	8
IS	111	19	12	1	6
IS	112	21	14	1	6
IS	113	26	20	0	6
IS	114	23	19	1	3
IS	115	25	17	1	7
IS	116	26	14	1	11
IS	117	27	19	1	7
IS	118	30	20	1	9
IS	119	24	17	1	6
IS	120	20	16	0	4
IS	121	42	31	1	10
IS	122	38	28	2	8
IS	123	29	24	0	5
IS	124	30	23	2	5
IS	125	32	25	0	7
IS	126	23	17	1	5
IS	127	33	22	1	10
IS	128	37	33	2	2
IS	129	30	20	3	7
IS	130	32	22	2	8
IS	131	35	27	3	5
IS	132	23	19	2	2
IS	133	46	34	3	9
IS	134	34	28	2	4
IS	135	36	23	4	9
IS	136	31	20	0	11
IS	137	43	33	2	8
IS	138	48	36	2	10
IS	139	50	31	3	16
IS	140	42	34	5	3
IS	141	29	23	3	3
IS	142	37	34	0	3
IS	143	1366	1064	292	10
IS	144	1345	1052	289	4
IS	145	1419	1103	308	8
IS	146	1277	959	310	8
IS	147	1315	1000	307	8
IS	148	1339	907	423	9
IS	149	1359	248	1107	4
IS	150	1270	1263	1	6
IS	151	1299	1291	0	8
IS	152	1317	1307	0	10
IS	153	1356	1347	0	9
IS	154	1264	1255	0	9
IS	155	1291	1288	0	3
IS	156	1384	1375	0	9
IS	157	1358	1351	0	7
IS	158	1369	1361	0	8
IS	159	1298	1292	0	6
IS	160	1251	1248	0	3
IS	161	1316	1310	0	6
IS	162	1274	1267	0	7
IS	163	1261	1250	0	11
IS	164	1348	1338	0	10
IS	165	1290	1278	0	12
IS	166	1271	1257	0	14
IS	167	1275	1264	0	11
IS	168	1234	1227	0	7
IS	169	1221	1215	0	6
IS	170	1329	1325	0	4
IS	171	1262	1255	1	6
IS	172	1290	1283	1	6
IS	173	1243	1238	0	5
IS	174	1273	1265	1	7
IS	175	1252	1243	0	9
IS	176	1309	1304	1	4
IS	177	1202	1197	0	5
IS	178	1178	1172	0	6
IS	179	1280	1275	0	5
IS	180	1288	1281	0	7
IS	181	1254	1246	0	8
IS	182	1302	1297	0	5
IS	183	1290	1280	0	10
IS	184	1251	1242	0	9
IS	185	1234	1226	0	8
IS	186	1248	1243	0	5
IS	187	1268	1257	0	11
IS	188	1196	1189	1	6
IS	189	1188	1179	1	8
IS	190	1224	1219	0	5
IS	191	1280	1272	0	8
IS	192	1245	1239	0	6
IS	193	1167	1159	0	8
IS	194	1221	1211	0	10
IS	195	1186	1179	0	7
IS	196	1199	1195	0	4
IS	197	1190	1177	1	12
IS	198	1138	1132	0	6
IS	199	1165	1163	0	2
IS	200	1223	1217	0	6
IS	201	1181	1174	0	7
IS	202	1125	1118	0	7
IS	203	1166	1159	0	7
IS	204	1219	1210	0	9
IS	205	1157	1150	0	7
IS	206	1157	1149	0	8
IS	207	1152	1144	0	8
IS	208	1177	1172	0	5
IS	209	1196	1184	0	12
IS	210	1129	1119	0	10
IS	211	1169	1159	0	10
IS	212	1111	1101	0	10
IS	213	1151	1142	0	9
IS	214	1112	1105	0	7
IS	215	1138	1126	0	12
IS	216	1191	1183	0	8
IS	217	1109	1102	0	7
IS	218	1125	1111	2	12
IS	219	1068	1061	0	7
IS	220	1107	1096	1	10
IS	221	1134	1130	0	4
IS	222	1134	1124	0	10
IS	223	1186	1177	0	9
IS	224	1110	1100	1	9
IS	225	1151	1140	0	11
IS	226	1116	1109	0	7
IS	227	1162	1150	0	12
IS	228	1123	1116	0	7
IS	229	1120	1111	0	9
IS	230	1127	1115	0	12
IS	231	1106	1095	0	11
IS	232	1076	1067	0	9
IS	233	1153	1145	0	8
IS	234	1117	1102	1	14
IS	235	1076	1072	0	4
IS	236	1089	1081	1	7
IS	237	1082	1070	0	12
IS	238	1103	1094	1	8
IS	239	1117	1112	0	5
IS	240	1076	1069	0	7
IS	241	1107	1100	0	7
IS	242	1120	1116	0	4
IS	243	1125	1119	0	6
IS	244	1110	1099	2	9
IS	245	1044	1040	0	4
IS	246	1087	1080	0	7
IS	247	1059	1051	0	8
IS	248	1056	1048	0	8
IS	249	1078	1072	0	6
IS	250	1024	1011	0	13
IS	251	1020	1010	0	10
IS	252	1072	1070	0	2
IS	253	1063	1054	0	9
IS	254	1097	1089	0	8
IS	255	1010	1002	1	7
IS	256	1045	1032	1	12
IS	257	1025	1012	0	13
IS	258	1089	1079	0	10
IS	259	1048	1040	0	8
IS	260	1086	1078	0	8
IS	261	1023	1016	0	7
IS	262	1005	998	0	7
IS	263	1074	1061	0	13
IS	264	1005	1002	0	3
IS	265	1045	1041	0	4
IS	266	1036	1025	1	10
IS	267	985	974	0	11
IS	268	1035	1029	0	6
IS	269	1064	1057	0	7
IS	270	1010	1005	1	4
IS	271	1034	1019	0	15
IS	272	1043	1036	0	7
IS	273	1105	1097	1	7
IS	274	1022	1018	0	4
IS	275	1032	1021	0	11
IS	276	987	982	0	5
IS	277	990	978	0	12
IS	278	986	981	0	5
IS	279	1026	1013	1	12
IS	280	973	963	0	10
IS	281	1026	1016	0	10
IS	282	1022	1012	0	10
IS	283	978	969	0	9
IS	284	933	926	0	7
IS	285	1003	995	0	8
IS	286	964	957	0	7
IS	287	997	987	1	9
IS	288	1010	999	0	11
IS	289	970	962	0	8
IS	290	987	975	2	10
IS	291	1020	1012	0	8
IS	292	969	962	0	7
IS	293	997	988	0	9
IS	294	962	956	0	6
IS	295	937	931	2	4
IS	296	979	969	0	10
IS	297	946	942	0	4
IS	298	959	952	1	6
IS	299	991	982	0	9
IS	300	993	981	0	12
IS	301	957	952	0	5
IS	302	934	930	0	4
IS	303	964	956	1	7
IS	304	976	968	1	7
IS	305	1006	1003	0	3
IS	306	973	961	0	12
IS	307	995	989	1	5
IS	308	958	954	0	4
IS	309	949	938	0	11
IS	310	934	924	1	9
IS	311	972	963	0	9
IS	312	912	906	0	6
IS	313	1032	1024	0	8
IS	314	932	918	1	13
IS	315	974	967	0	7
IS	316	950	943	0	7
IS	317	957	954	0	3
IS	318	982	973	0	9
IS	319	955	943	0	12
IS	320	952	945	0	7
IS	321	977	973	0	4
IS	322	949	938	0	11
IS	323	1003	996	0	7
IS	324	976	973	0	3
IS	325	969	955	1	13
IS	326	984	977	1	6
IS	327	986	976	0	10
IS	328	947	939	0	8
IS	329	952	939	0	13
IS	330	927	915	1	11
IS	331	1039	1027	0	12
IS	332	983	971	0	12
IS	333	998	982	0	16
IS	334	1012	1002	1	9
IS	335	928	917	0	11
IS	336	969	964	0	5
IS	337	891	883	0	8
IS	338	959	948	0	11
IS	339	1030	1023	0	7
IS	340	954	944	0	10
IS	341	950	940	2	8
IS	342	987	977	0	10
IS	343	918	913	0	5
IS	344	898	886	0	12
IS	345	934	926	0	8
IS	346	947	934	0	13
IS	347	939	931	0	8
IS	348	993	983	0	10
IS	349	1032	1022	0	10
IS	350	942	933	0	9
IS	351	941	926	1	14
IS	352	915	910	0	5
IS	353	926	919	0	7
IS	354	946	936	1	9
IS	355	918	909	0	9
IS	356	958	949	0	9
IS	357	948	934	0	14
IS	358	1011	1000	0	11
IS	359	923	915	0	8
IS	360	902	893	0	9
IS	361	968	960	0	8
IS	362	951	940	0	11
IS	363	921	908	0	13
IS	364	971	961	0	10
IS	365	922	913	0	9
IS	366	956	942	0	14
IS	367	972	956	0	16
IS	368	983	973	0	10
IS	369	939	935	0	4
IS	370	978	969	0	9
IS	371	1005	999	0	6
IS	372	922	917	0	5
IS	373	975	966	0	9
IS	374	957	948	0	9
IS	375	929	920	0	9
IS	376	952	943	1	8
IS	377	947	941	1	5
IS	378	1003	985	1	17
IS	379	931	923	0	8
IS	380	969	963	0	6
IS	381	962	951	0	11
IS	382	982	976	0	6
IS	383	969	962	0	7
IS	384	1022	1017	0	5
IS	385	904	895	0	9
IS	386	931	923	0	8
IS	387	984	977	0	7
IS	388	941	932	1	8
IS	389	1005	991	1	13
IS	390	922	911	0	11
IS	391	968	955	1	12
IS	392	995	984	0	11
IS	393	942	934	0	8
IS	394	968	958	0	10
IS	395	971	962	0	9
IS	396	937	930	0	7
IS	397	965	955	1	9
IS	398	993	983	0	10
IS	399	968	957	2	9
IS	400	923	912	0	11
IS	401	956	949	0	7
IS	402	1010	999	1	10
IS	403	1028	1023	0	5
IS	404	927	915	0	12
IS	405	1022	1013	0	9
IS	406	967	954	0	13
IS	407	946	938	0	8
IS	408	1072	1053	0	19
IS	409	987	976	0	11
IS	410	984	977	0	7
IS	411	1007	998	0	9
IS	412	973	968	0	5
IS	413	1016	1008	0	8
IS	414	966	962	0	4
IS	415	1047	1036	1	10
IS	416	1006	992	1	13
IS	417	993	984	0	9
IS	418	1004	996	0	8
IS	419	1002	994	0	8
IS	420	981	965	1	15
IS	421	991	983	0	8
IS	422	985	982	0	3
IS	423	1031	1024	1	6
IS	424	1007	1001	0	6
IS	425	981	976	0	5
IS	426	1032	1029	0	3
IS	427	955	945	0	10
IS	428	1022	1014	0	8
IS	429	1036	1026	0	10
IS	430	982	973	0	9
IS	431	1024	1017	0	7
IS	432	1003	994	0	9
IS	433	1019	1009	0	10
IS	434	1035	1030	0	5
IS	435	1096	1089	0	7
IS	436	1016	1006	0	10
IS	437	947	936	0	11
IS	438	986	976	0	10
IS	439	1027	1020	0	7
IS	440	1070	1059	0	11
IS	441	1020	1007	2	11
IS	442	1006	997	0	9
IS	443	1074	1069	0	5
IS	444	1038	1027	0	11
IS	445	1006	999	0	7
IS	446	1045	1036	1	8
IS	447	1112	1101	0	11
IS	448	1071	1060	0	11
IS	449	1030	1022	0	8
IS	450	1099	1091	0	8
IS	451	1048	1041	0	7
IS	452	1080	1070	0	10
IS	453	1037	1029	1	7
IS	454	996	987	1	8
IS	455	1060	1054	0	6
IS	456	1011	999	0	12
IS	457	1030	1021	0	9
IS	458	1068	1058	2	8
IS	459	1088	1079	0	9
IS	460	1089	1079	0	10
IS	461	1060	1054	0	6
IS	462	1064	1048	0	16
IS	463	1077	1067	1	9
IS	464	1084	1077	0	7
IS	465	1146	1134	1	11
IS	466	1060	1053	0	7
IS	467	1058	1053	0	5
IS	468	1117	1106	0	11
IS	469	1099	1093	0	6
IS	470	1105	1096	0	9
IS	471	1128	1116	0	12
IS	472	1153	1148	0	5
IS	473	1134	1125	0	9
IS	474	1096	1088	0	8
IS	475	1151	1144	0	7
IS	476	1134	1125	1	8
IS	477	1052	1039	1	12
IS	478	1057	1041	0	16
IS	479	1120	1113	0	7
IS	480	1101	1092	0	9
IS	481	1143	1136	1	6
IS	482	1165	1154	0	11
IS	483	1141	1136	0	5
IS	484	1069	1061	0	8
IS	485	1145	1137	0	8
IS	486	1137	1125	0	12
IS	487	1101	1085	1	15
IS	488	1146	1136	0	10
IS	489	1170	1161	0	9
IS	490	1175	1166	0	9
IS	491	1172	1160	0	12
IS	492	1157	1147	0	10
IS	493	1186	1176	0	10
IS	494	1094	1088	1	5
IS	495	1178	1167	2	9
IS	496	1185	1172	0	13
IS	497	1184	1168	0	16
IS	498	1153	1147	0	6
IS	499	1156	1147	0	9
IS	500	1176	1171	0	5
IS	501	1149	1140	0	9
IS	502	1148	1138	1	9
IS	503	1305	1293	0	12
IS	504	1179	1172	0	7
IS	505	1219	1212	0	7
IS	506	1202	1188	0	14
IS	507	1228	1221	0	7
IS	508	1125	1117	0	8
IS	509	1235	1226	0	9
IS	510	1160	1150	0	10
IS	511	1203	1190	0	13
IS	512	1183	1179	0	4
IS	513	1204	1192	0	12
IS	514	1233	1220	0	13
IS	515	1253	1246	0	7
IS	516	1229	1225	0	4
IS	517	1279	1267	0	12
IS	518	1203	1191	1	11
IS	519	1227	1220	0	7
IS	520	1179	1169	0	10
IS	521	1196	1187	0	9
IS	522	1228	1220	0	8
IS	523	1237	1230	0	7
IS	524	1288	1285	0	3
IS	525	1288	1281	0	7
IS	526	1267	1260	0	7
IS	527	1308	1294	1	13
IS	528	1259	1252	1	6
IS	529	1235	1228	0	7
IS	530	1289	1276	2	11
IS	531	1193	1175	1	17
IS	532	1235	1228	0	7
IS	533	1290	1283	0	7
IS	534	1264	1255	0	9
IS	535	1280	1270	0	10
IS	536	1339	1334	0	5
IS	537	1354	1342	0	12
IS	538	1311	1305	0	6
IS	539	1309	1299	0	10
IS	540	1314	1302	0	12
IS	541	1358	1346	0	12
IS	542	1366	1353	0	13
IS	543	1322	1319	0	3
IS	544	1343	1331	1	11
IS	545	1309	1301	1	7
IS	546	1421	1406	1	14
IS	547	1315	1303	0	12
IS	548	1291	1282	0	9
IS	549	1292	1280	0	12
IS	550	1361	1349	0	12
IS	551	1334	1325	0	9
IS	552	1314	1305	0	9
IS	553	1383	1373	0	10
IS	554	1354	1344	1	9
IS	555	1377	1362	0	15
IS	556	1373	1365	0	8
IS	557	1406	1400	0	6
IS	558	1360	1351	0	9
IS	559	1388	1379	0	9
IS	560	1411	1406	0	5
IS	561	1420	1405	0	15
IS	562	1398	1392	2	4
IS	563	1389	1378	0	11
IS	564	1351	1341	0	10
IS	565	1324	1316	0	8
IS	566	1427	1420	0	7
IS	567	1374	1363	0	11
IS	568	1397	1388	0	9
IS	569	1437	1427	0	10
IS	570	1431	1426	0	5
IS	571	1405	1394	0	11
IS	572	1370	1363	0	7
IS	573	1382	1376	0	6
IS	574	1415	1405	1	9
IS	575	1427	1418	0	9
IS	576	1434	1423	0	11
IS	577	1464	1455	0	9
IS	578	1453	1440	2	11
IS	579	1534	1520	0	14
IS	580	1444	1437	0	7
IS	581	1469	1457	0	12
IS	582	1446	1437	0	9
IS	583	1498	1491	0	7
IS	584	1484	1471	0	13
IS	585	1507	1501	0	6
IS	586	1507	1498	1	8
IS	587	1505	1497	1	7
IS	588	1523	1516	0	7
IS	589	1514	1506	0	8
IS	590	1469	1461	0	8
IS	591	1463	1456	1	6
IS	592	1473	1463	0	10
IS	593	1544	1540	0	4
IS	594	1453	1443	0	10
IS	595	1548	1538	0	10
IS	596	1543	1533	0	10
IS	597	1525	1517	0	8
IS	598	1554	1544	0	10
IS	599	1537	1531	0	6
IS	600	1510	1505	0	5
IS	601	1567	1559	0	8
IS	602	1550	1543	0	7
IS	603	1523	1513	0	10
IS	604	1554	1545	0	9
IS	605	1634	1625	1	8
IS	606	1549	1539	0	10
IS	607	1475	1466	0	9
IS	608	1518	1505	0	13
IS	609	1530	1518	0	12
IS	610	1575	1569	0	6
IS	611	1635	1626	1	8
IS	612	1596	1591	0	5
IS	613	1614	1603	0	11
IS	614	1637	1632	0	5
IS	615	1652	1640	1	11
IS	616	1577	1564	0	13
IS	617	1572	1566	0	6
IS	618	1616	1610	0	6
IS	619	1690	1682	0	8
IS	620	1648	1640	0	8
IS	621	1591	1580	0	11
IS	622	1616	1613	0	3
IS	623	1558	1548	1	9
IS	624	1579	1565	0	14
IS	625	1635	1625	0	10
IS	626	1598	1592	0	6
IS	627	1628	1620	1	7
IS	628	1621	1614	0	7
IS	629	1592	1584	0	8
IS	630	1673	1667	0	6
IS	631	1631	1623	0	8
IS	632	1622	1606	0	16
IS	633	1642	1631	0	11
IS	634	1676	1664	0	12
IS	635	1641	1632	0	9
IS	636	1694	1684	0	10
IS	637	1636	1630	0	6
IS	638	1627	1618	0	9
IS	639	1682	1671	0	11
IS	640	1601	1594	0	7
IS	641	1684	1672	0	12
IS	642	1688	1682	0	6
IS	643	1640	1629	0	11
IS	644	1635	1628	0	7
IS	645	1740	1733	1	6
IS	646	1755	1749	0	6
IS	647	1718	1709	1	8
IS	648	1665	1651	1	13
IS	649	1746	1734	0	12
IS	650	1704	1701	0	3
IS	651	1652	1646	0	6
IS	652	1686	1678	0	8
IS	653	1747	1737	0	10
IS	654	1730	1721	0	9
IS	655	1749	1747	0	2
IS	656	1707	1693	0	14
IS	657	1717	1709	0	8
IS	658	1714	1707	1	6
IS	659	1752	1747	0	5
IS	660	1722	1714	0	8
IS	661	1598	1591	0	7
IS	662	1787	1775	1	11
IS	663	1755	1750	0	5
IS	664	1770	1761	0	9
IS	665	1710	1703	0	7
IS	666	1733	1729	0	4
IS	667	1740	1727	0	13
IS	668	1782	1773	0	9
IS	669	1843	1839	0	4
IS	670	1736	1724	1	11
IS	671	1721	1718	0	3
IS	672	1715	1708	0	7
IS	673	1754	1748	0	6
IS	674	1769	1767	0	2
IS	675	1712	1706	0	6
IS	676	1814	1808	1	5
IS	677	1833	1824	1	8
IS	678	1825	1816	0	9
IS	679	1895	1886	0	9
IS	680	1779	1773	0	6
IS	681	1802	1796	0	6
IS	682	1778	1770	0	8
IS	683	1792	1789	0	3
IS	684	1909	1905	0	4
IS	685	1795	1790	0	5
IS	686	1679	1675	0	4
IS	687	1913	1901	0	12
IS	688	1801	1795	0	6
IS	689	1797	1792	0	5
IS	690	1782	1774	0	8
IS	691	1890	1882	0	8
IS	692	1872	1862	0	10
IS	693	1763	1757	0	6
IS	694	1851	1844	0	7
IS	695	1830	1823	0	7
IS	696	1760	1750	0	10
IS	697	1794	1787	1	6
IS	698	1822	1815	0	7
IS	699	1838	1831	1	6
IS	700	1827	1821	0	6
IS	701	1828	1819	0	9
IS	702	1831	1826	0	5
IS	703	1788	1784	0	4
IS	704	1829	1825	0	4
IS	705	1828	1818	0	10
IS	706	1878	1873	0	5
IS	707	1784	1770	0	14
IS	708	1857	1848	0	9
IS	709	1804	1794	0	10
IS	710	1877	1869	0	8
IS	711	1862	1860	0	2
IS	712	1850	1842	1	7
IS	713	1874	1868	0	6
IS	714	1890	1877	0	13
IS	715	1868	1864	0	4
IS	716	1897	1885	0	12
IS	717	1899	1894	0	5
IS	718	1840	1835	0	5
IS	719	1710	1697	0	13
IS	720	1867	1858	0	9
IS	721	1876	1872	0	4
IS	722	1861	1850	0	11
IS	723	1899	1891	0	8
IS	724	1839	1828	1	10
IS	725	1818	1810	0	8
IS	726	1839	1827	0	12
IS	727	1860	1853	1	6
IS	728	1851	1843	0	8
IS	729	1788	1781	0	7
IS	730	1851	1844	0	7
IS	731	1851	1844	0	7
IS	732	1857	1851	0	6
IS	733	1820	1814	0	6
IS	734	1840	1833	0	7
IS	735	1875	1868	1	6
IS	736	1849	1838	0	11
IS	737	1831	1827	0	4
IS	738	1885	1877	0	8
IS	739	1889	1885	0	4
IS	740	1757	1751	0	6
IS	741	1777	1767	0	10
IS	742	1796	1786	0	10
IS	743	1803	1801	0	2
IS	744	1827	1822	0	5
IS	745	1874	1869	0	5
IS	746	1891	1881	1	9
IS	747	1826	1818	0	8
IS	748	1803	1794	0	9
IS	749	1918	1913	1	4
IS	750	1795	1789	0	6
IS	751	1826	1814	0	12
IS	752	1915	1903	0	12
IS	753	1911	1904	0	7
IS	754	1855	1849	0	6
IS	755	1856	1850	0	6
IS	756	1846	1842	0	4
IS	757	1840	1833	0	7
IS	758	1840	1832	1	7
IS	759	1801	1796	0	5
IS	760	1767	1759	0	8
IS	761	1841	1830	0	11
IS	762	1793	1788	0	5
IS	763	1883	1875	0	8
IS	764	1840	1837	0	3
IS	765	1978	1970	0	8
IS	766	1803	1794	0	9
IS	767	1822	1813	0	9
IS	768	1840	1832	1	7
IS	769	1803	1794	0	9
IS	770	1785	1777	0	8
IS	771	1857	1853	0	4
IS	772	1756	1746	0	10
IS	773	1862	1860	0	2
IS	774	1784	1781	1	2
IS	775	1782	1780	0	2
IS	776	1771	1768	0	3
IS	777	1806	1795	0	11
IS	778	1822	1814	0	8
IS	779	1865	1858	0	7
IS	780	1808	1803	0	5
IS	781	1768	1762	0	6
IS	782	1758	1749	0	9
IS	783	1824	1818	0	6
IS	784	1787	1780	0	7
IS	785	1846	1837	0	9
IS	786	1773	1770	0	3
IS	787	1769	1762	0	7
IS	788	1849	1839	0	10
IS	789	1855	1847	0	8
IS	790	1829	1827	0	2
IS	791	1747	1738	1	8
IS	792	1721	1716	0	5
IS	793	1746	1732	1	13
IS	794	1753	1745	0	8
IS	795	1761	1756	0	5
IS	796	1771	1767	0	4
IS	797	1739	1736	0	3
IS	798	1787	1779	0	8
IS	799	1723	1718	0	5
IS	800	1825	1821	0	4
IS	801	1832	1817	0	15
IS	802	1762	1754	0	8
IS	803	1700	1697	0	3
IS	804	1823	1817	0	6
IS	805	1810	1801	0	9
IS	806	1749	1740	0	9
IS	807	1759	1752	0	7
IS	808	1714	1708	0	6
IS	809	1686	1682	0	4
IS	810	1715	1708	0	7
IS	811	1699	1691	0	8
IS	812	1773	1762	2	9
IS	813	1693	1686	0	7
IS	814	1677	1669	0	8
IS	815	1704	1702	0	2
IS	816	1701	1700	0	1
IS	817	1657	1652	0	5
IS	818	1626	1620	0	6
IS	819	1720	1717	0	3
IS	820	1720	1715	0	5
IS	821	1702	1696	0	6
IS	822	1641	1635	0	6
IS	823	1723	1715	0	8
IS	824	1651	1645	0	6
IS	825	1697	1693	0	4
IS	826	1648	1643	0	5
IS	827	1706	1702	0	4
IS	828	1667	1659	0	8
IS	829	1679	1672	0	7
IS	830	1592	1588	0	4
IS	831	1595	1585	0	10
IS	832	1580	1574	0	6
IS	833	1632	1627	0	5
IS	834	1596	1591	0	5
IS	835	1631	1626	0	5
IS	836	1645	1637	0	8
IS	837	1595	1586	0	9
IS	838	1652	1645	0	7
IS	839	1642	1635	0	7
IS	840	1663	1650	0	13
IS	841	1587	1580	0	7
IS	842	1611	1607	1	3
IS	843	1679	1675	0	4
IS	844	1598	1590	0	8
IS	845	1564	1559	0	5
IS	846	1566	1557	0	9
IS	847	1575	1572	0	3
IS	848	1507	1499	0	8
IS	849	1569	1561	0	8
IS	850	1545	1541	0	4
IS	851	1616	1608	0	8
IS	852	1572	1564	0	8
IS	853	1544	1539	0	5
IS	854	1572	1567	0	5
IS	855	1548	1543	0	5
IS	856	1507	1499	1	7
IS	857	1553	1543	0	10
IS	858	1591	1583	0	8
IS	859	1533	1529	0	4
IS	860	1499	1492	0	7
IS	861	1507	1501	1	5
IS	862	1514	1505	0	9
IS	863	1530	1522	0	8
IS	864	1433	1430	0	3
IS	865	1509	1509	0	0
IS	866	1450	1447	0	3
IS	867	1474	1467	0	7
IS	868	1499	1494	0	5
IS	869	1443	1439	0	4
IS	870	1431	1425	0	6
IS	871	1500	1493	0	7
IS	872	1512	1510	0	2
IS	873	1402	1399	0	3
IS	874	1422	1418	0	4
IS	875	1434	1429	0	5
IS	876	1375	1369	0	6
IS	877	1454	1447	0	7
IS	878	1334	1326	0	8
IS	879	1438	1436	0	2
IS	880	1387	1385	0	2
IS	881	1416	1412	0	4
IS	882	1438	1433	0	5
IS	883	1366	1362	0	4
IS	884	1480	1477	0	3
IS	885	1420	1417	0	3
IS	886	1399	1389	0	10
IS	887	1353	1352	0	1
IS	888	1349	1347	0	2
IS	889	1406	1402	1	3
IS	890	1368	1364	0	4
IS	891	1375	1371	0	4
IS	892	1310	1305	0	5
IS	893	1315	1310	0	5
IS	894	1284	1280	0	4
IS	895	1400	1395	0	5
IS	896	1398	1388	0	10
IS	897	1294	1290	0	4
IS	898	1293	1288	0	5
IS	899	1354	1352	0	2
IS	900	1327	1326	0	1
IS	901	1326	1319	0	7
IS	902	1274	1267	1	6
IS	903	1317	1313	0	4
IS	904	1337	1330	0	7
IS	905	1316	1308	0	8
IS	906	1225	1221	0	4
IS	907	1303	1303	0	0
IS	908	1287	1284	0	3
IS	909	1275	1271	0	4
IS	910	1296	1288	0	8
IS	911	1297	1291	0	6
IS	912	1235	1233	0	2
IS	913	1235	1228	0	7
IS	914	1223	1218	0	5
IS	915	1255	1249	0	6
IS	916	1281	1278	0	3
IS	917	1259	1255	0	4
IS	918	1191	1184	0	7
IS	919	1259	1254	0	5
IS	920	1231	1228	0	3
IS	921	1226	1220	0	6
IS	922	1233	1232	0	1
IS	923	1197	1191	0	6
IS	924	1205	1195	0	10
IS	925	1160	1157	0	3
IS	926	1261	1257	0	4
IS	927	1148	1143	0	5
IS	928	1163	1160	0	3
IS	929	1151	1145	1	5
IS	930	1164	1163	1	0
IS	931	1149	1143	0	6
IS	932	1113	1109	0	4
IS	933	1179	1177	0	2
IS	934	1103	1098	1	4
IS	935	1100	1094	0	6
IS	936	1103	1097	0	6
IS	937	1175	1172	0	3
IS	938	1115	1112	0	3
IS	939	1141	1137	0	4
IS	940	1090	1086	0	4
IS	941	1116	1114	0	2
IS	942	1085	1079	1	5
IS	943	1110	1105	0	5
IS	944	1035	1030	1	4
IS	945	1076	1071	0	5
IS	946	1113	1104	1	8
IS	947	1099	1093	0	6
IS	948	1059	1053	0	6
IS	949	1109	1108	0	1
IS	950	1062	1058	0	4
IS	951	1115	1113	0	2
IS	952	1039	1034	0	5
IS	953	1010	1006	0	4
IS	954	1052	1044	0	8
IS	955	1034	1030	0	4
IS	956	996	987	0	9
IS	957	1060	1055	0	5
IS	958	1061	1056	0	5
IS	959	996	991	0	5
IS	960	1022	1017	0	5
IS	961	1020	1018	0	2
IS	962	968	966	0	2
IS	963	976	975	0	1
IS	964	999	993	0	6
IS	965	977	972	0	5
IS	966	956	951	0	5
IS	967	1041	1035	0	6
IS	968	995	990	0	5
IS	969	953	946	0	7
IS	970	993	984	0	9
IS	971	954	953	0	1
IS	972	941	933	0	8
IS	973	931	930	0	1
IS	974	951	946	0	5
IS	975	901	894	0	7
IS	976	949	947	0	2
IS	977	932	929	0	3
IS	978	984	980	0	4
IS	979	898	896	0	2
IS	980	985	981	0	4
IS	981	894	890	0	4
IS	982	922	918	0	4
IS	983	872	869	0	3
IS	984	866	860	0	6
IS	985	908	903	1	4
IS	986	823	818	0	5
IS	987	843	843	0	0
IS	988	868	866	0	2
IS	989	844	839	1	4
IS	990	941	932	1	8
IS	991	909	908	0	1
IS	992	882	877	0	5
IS	993	880	876	0	4
IS	994	833	831	0	2
IS	995	859	854	1	4
IS	996	794	789	0	5
IS	997	843	841	0	2
IS	998	856	851	0	5
IS	999	844	840	0	4
IS	1000	839	833	0	6
IS	1001	770	767	1	2
IS	1002	762	760	0	2
IS	1003	821	816	0	5
IS	1004	780	777	0	3
IS	1005	779	776	0	3
IS	1006	810	807	0	3
IS	1007	771	769	0	2
IS	1008	777	775	0	2
IS	1009	750	748	0	2
IS	1010	769	761	0	8
IS	1011	770	767	0	3
IS	1012	747	742	0	5
IS	1013	701	699	0	2
IS	1014	748	743	0	5
IS	1015	786	781	0	5
IS	1016	687	682	0	5
IS	1017	739	736	0	3
IS	1018	726	725	0	1
IS	1019	699	694	0	5
IS	1020	714	712	0	2
IS	1021	779	776	0	3
IS	1022	701	696	0	5
IS	1023	726	723	0	3
IS	1024	710	705	1	4
IS	1025	716	711	0	5
IS	1026	636	631	1	4
IS	1027	684	680	0	4
IS	1028	713	711	0	2
IS	1029	723	718	0	5
IS	1030	695	691	0	4
IS	1031	644	640	0	4
IS	1032	704	700	0	4
IS	1033	686	684	0	2
IS	1034	674	674	0	0
IS	1035	673	667	0	6
IS	1036	675	669	0	6
IS	1037	651	649	0	2
IS	1038	662	659	0	3
IS	1039	649	646	0	3
IS	1040	687	685	0	2
IS	1041	650	647	0	3
IS	1042	649	644	0	5
IS	1043	628	626	0	2
IS	1044	596	591	0	5
IS	1045	629	626	0	3
IS	1046	609	607	0	2
IS	1047	647	645	0	2
IS	1048	636	633	0	3
IS	1049	576	571	0	5
IS	1050	642	637	0	5
IS	1051	601	597	0	4
IS	1052	640	635	1	4
IS	1053	610	604	0	6
IS	1054	608	605	0	3
IS	1055	596	592	0	4
IS	1056	601	599	0	2
IS	1057	527	525	0	2
IS	1058	569	566	0	3
IS	1059	570	568	0	2
IS	1060	583	577	0	6
IS	1061	542	537	0	5
IS	1062	582	580	0	2
IS	1063	565	558	0	7
IS	1064	537	533	0	4
IS	1065	528	525	0	3
IS	1066	551	543	0	8
IS	1067	561	556	0	5
IS	1068	587	580	0	7
IS	1069	523	521	0	2
IS	1070	534	531	0	3
IS	1071	512	510	0	2
IS	1072	492	491	0	1
IS	1073	511	506	0	5
IS	1074	510	500	0	10
IS	1075	514	509	0	5
IS	1076	495	489	0	6
IS	1077	503	500	0	3
IS	1078	458	453	0	5
IS	1079	488	484	0	4
IS	1080	499	498	0	1
IS	1081	436	433	0	3
IS	1082	507	504	0	3
IS	1083	508	504	0	4
IS	1084	532	527	0	5
IS	1085	469	467	0	2
IS	1086	508	504	0	4
IS	1087	518	516	0	2
IS	1088	461	457	0	4
IS	1089	460	457	0	3
IS	1090	468	460	1	7
IS	1091	473	471	0	2
IS	1092	422	417	0	5
IS	1093	447	443	0	4
IS	1094	449	447	0	2
IS	1095	489	484	1	4
IS	1096	444	440	0	4
IS	1097	481	481	0	0
IS	1098	423	423	0	0
IS	1099	394	394	0	0
IS	1100	459	457	0	2
IS	1101	438	435	0	3
IS	1102	432	427	0	5
IS	1103	395	393	0	2
IS	1104	434	431	0	3
IS	1105	434	428	0	6
IS	1106	448	446	0	2
IS	1107	391	389	0	2
IS	1108	396	394	0	2
IS	1109	392	389	0	3
IS	1110	408	403	0	5
IS	1111	399	393	0	6
IS	1112	420	415	0	5
IS	1113	399	396	0	3
IS	1114	411	409	0	2
IS	1115	389	385	0	4
IS	1116	381	377	0	4
IS	1117	380	375	0	5
IS	1118	430	429	0	1
IS	1119	395	393	0	2
IS	1120	348	347	0	1
IS	1121	374	372	0	2
IS	1122	361	358	0	3
IS	1123	354	351	0	3
IS	1124	391	388	0	3
IS	1125	364	363	0	1
IS	1126	382	374	0	8
IS	1127	327	324	0	3
IS	1128	335	332	0	3
IS	1129	360	358	0	2
IS	1130	352	350	0	2
IS	1131	391	389	0	2
IS	1132	369	364	1	4
IS	1133	326	323	0	3
IS	1134	340	340	0	0
IS	1135	333	330	0	3
IS	1136	316	311	0	5
IS	1137	316	315	0	1
IS	1138	358	350	1	7
IS	1139	342	339	0	3
IS	1140	355	354	0	1
IS	1141	303	299	0	4
IS	1142	320	317	0	3
IS	1143	293	291	0	2
IS	1144	325	324	0	1
IS	1145	297	293	0	4
IS	1146	326	324	0	2
IS	1147	282	281	0	1
IS	1148	281	275	0	6
IS	1149	302	300	0	2
IS	1150	281	281	0	0
IS	1151	327	326	0	1
IS	1152	329	323	0	6
IS	1153	270	267	0	3
IS	1154	294	292	0	2
IS	1155	274	271	0	3
IS	1156	303	299	0	4
IS	1157	280	278	0	2
IS	1158	272	266	0	6
IS	1159	266	264	0	2
IS	1160	243	238	0	5
IS	1161	274	271	0	3
IS	1162	279	277	0	2
IS	1163	286	283	0	3
IS	1164	280	275	0	5
IS	1165	246	244	0	2
IS	1166	272	270	0	2
IS	1167	255	252	0	3
IS	1168	263	261	0	2
IS	1169	253	249	0	4
IS	1170	248	247	0	1
IS	1171	264	260	0	4
IS	1172	233	230	1	2
IS	1173	255	253	0	2
IS	1174	258	255	0	3
IS	1175	251	249	0	2
IS	1176	236	232	0	4
IS	1177	226	224	1	1
IS	1178	259	255	0	4
IS	1179	219	218	0	1
IS	1180	237	232	0	5
IS	1181	225	223	0	2
IS	1182	193	191	0	2
IS	1183	218	215	0	3
IS	1184	275	269	0	6
IS	1185	250	246	0	4
IS	1186	217	216	0	1
IS	1187	216	213	0	3
IS	1188	215	211	0	4
IS	1189	230	225	0	5
IS	1190	196	194	0	2
IS	1191	212	209	0	3
IS	1192	213	213	0	0
IS	1193	223	217	1	5
IS	1194	199	196	0	3
IS	1195	215	212	0	3
IS	1196	190	188	0	2
IS	1197	229	228	0	1
IS	1198	191	191	0	0
IS	1199	225	221	0	4
IS	1200	208	207	0	1
IS	1201	201	198	0	3
IS	1202	199	192	0	7
IS	1203	199	198	0	1
IS	1204	191	185	1	5
IS	1205	174	170	0	4
IS	1206	194	190	0	4
IS	1207	183	180	0	3
IS	1208	202	201	0	1
IS	1209	179	177	0	2
IS	1210	159	149	0	10
IS	1211	180	177	0	3
IS	1212	159	158	0	1
IS	1213	176	176	0	0
IS	1214	173	170	0	3
IS	1215	186	184	0	2
IS	1216	158	157	0	1
IS	1217	166	162	0	4
IS	1218	173	170	0	3
IS	1219	166	164	1	1
IS	1220	162	161	0	1
IS	1221	167	162	0	5
IS	1222	163	162	0	1
IS	1223	153	150	0	3
IS	1224	159	157	0	2
IS	1225	147	147	0	0
IS	1226	150	149	0	1
IS	1227	165	162	0	3
IS	1228	139	138	0	1
IS	1229	157	154	1	2
IS	1230	167	162	0	5
IS	1231	148	142	0	6
IS	1232	144	141	0	3
IS	1233	160	155	0	5
IS	1234	153	151	0	2
IS	1235	144	143	0	1
IS	1236	154	152	0	2
IS	1237	150	149	0	1
IS	1238	158	156	0	2
IS	1239	149	146	1	2
IS	1240	121	119	0	2
IS	1241	152	151	0	1
IS	1242	169	166	0	3
IS	1243	140	137	0	3
IS	1244	134	132	0	2
IS	1245	127	125	0	2
IS	1246	136	133	0	3
IS	1247	128	126	0	2
IS	1248	136	133	0	3
IS	1249	119	118	0	1
IS	1250	122	122	0	0
IS	1251	120	118	0	2
IS	1252	134	132	0	2
IS	1253	120	120	0	0
IS	1254	123	120	0	3
IS	1255	120	115	0	5
IS	1256	115	114	0	1
IS	1257	102	100	0	2
IS	1258	110	107	0	3
IS	1259	110	108	0	2
IS	1260	148	144	0	4
IS	1261	136	134	0	2
IS	1262	112	107	0	5
IS	1263	124	122	0	2
IS	1264	120	118	0	2
IS	1265	104	101	0	3
IS	1266	114	109	0	5
IS	1267	100	99	0	1
IS	1268	116	113	0	3
IS	1269	123	119	1	3
IS	1270	93	91	0	2
IS	1271	107	106	0	1
IS	1272	98	98	0	0
IS	1273	92	92	0	0
IS	1274	117	115	0	2
IS	1275	98	93	0	5
IS	1276	88	85	0	3
IS	1277	107	104	0	3
IS	1278	95	89	0	6
IS	1279	98	95	0	3
IS	1280	97	94	0	3
IS	1281	99	97	0	2
IS	1282	86	84	0	2
IS	1283	71	68	0	3
IS	1284	84	82	0	2
IS	1285	100	98	0	2
IS	1286	92	89	0	3
IS	1287	80	76	0	4
IS	1288	95	92	0	3
IS	1289	79	76	0	3
IS	1290	93	91	0	2
IS	1291	73	73	0	0
IS	1292	89	87	0	2
IS	1293	82	78	0	4
IS	1294	72	69	0	3
IS	1295	81	78	0	3
IS	1296	75	71	0	4
IS	1297	74	73	0	1
IS	1298	56	55	0	1
IS	1299	90	89	0	1
IS	1300	86	86	0	0
IS	1301	92	91	0	1
IS	1302	81	79	0	2
IS	1303	84	84	0	0
IS	1304	96	92	0	4
IS	1305	77	77	0	0
IS	1306	83	80	0	3
IS	1307	81	80	0	1
IS	1308	60	56	0	4
IS	1309	60	59	0	1
IS	1310	70	65	0	5
IS	1311	68	67	1	0
IS	1312	62	59	0	3
IS	1313	54	54	0	0
IS	1314	61	59	0	2
IS	1315	66	64	1	1
IS	1316	67	66	0	1
IS	1317	62	59	0	3
IS	1318	70	68	0	2
IS	1319	57	54	0	3
IS	1320	70	65	0	5
IS	1321	58	55	0	3
IS	1322	64	63	0	1
IS	1323	60	57	0	3
IS	1324	75	72	0	3
IS	1325	56	55	0	1
IS	1326	53	53	0	0
IS	1327	57	56	0	1
IS	1328	56	55	0	1
IS	1329	60	56	0	4
IS	1330	68	64	0	4
IS	1331	75	69	0	6
IS	1332	54	50	0	4
IS	1333	53	50	0	3
IS	1334	55	51	0	4
IS	1335	54	51	0	3
IS	1336	68	64	0	4
IS	1337	60	57	0	3
IS	1338	63	58	0	5
IS	1339	42	41	0	1
IS	1340	47	43	0	4
IS	1341	47	46	0	1
IS	1342	60	59	0	1
IS	1343	56	51	1	4
IS	1344	58	56	0	2
IS	1345	51	48	0	3
IS	1346	32	31	0	1
IS	1347	56	54	0	2
IS	1348	40	37	0	3
IS	1349	47	45	0	2
IS	1350	46	42	0	4
IS	1351	36	30	0	6
IS	1352	51	47	0	4
IS	1353	47	44	0	3
IS	1354	55	48	0	7
IS	1355	53	52	0	1
IS	1356	33	32	0	1
IS	1357	49	47	0	2
IS	1358	43	41	0	2
IS	1359	43	42	0	1
IS	1360	53	52	0	1
IS	1361	23	23	0	0
IS	1362	37	31	0	6
IS	1363	25	24	0	1
IS	1364	44	42	0	2
IS	1365	49	45	0	4
IS	1366	37	36	0	1
IS	1367	52	49	0	3
IS	1368	42	39	0	3
IS	1369	23	23	0	0
IS	1370	35	32	0	3
IS	1371	33	31	0	2
IS	1372	35	34	0	1
IS	1373	28	26	0	2
IS	1374	39	34	0	5
IS	1375	34	31	0	3
IS	1376	36	31	0	5
IS	1377	40	40	0	0
IS	1378	34	32	0	2
IS	1379	35	31	0	4
IS	1380	31	28	0	3
IS	1381	29	26	0	3
IS	1382	29	26	0	3
IS	1383	38	36	0	2
IS	1384	35	34	0	1
IS	1385	25	24	0	1
IS	1386	33	28	0	5
IS	1387	29	25	0	4
IS	1388	23	20	0	3
IS	1389	36	31	0	5
IS	1390	33	29	0	4
IS	1391	22	19	0	3
IS	1392	32	27	1	4
IS	1393	32	29	0	3
IS	1394	29	27	0	2
IS	1395	22	19	0	3
IS	1396	27	25	0	2
IS	1397	25	23	0	2
IS	1398	28	24	0	4
IS	1399	24	24	0	0
IS	1400	24	23	0	1
IS	1401	24	23	0	1
IS	1402	21	19	1	1
IS	1403	29	24	0	5
IS	1404	21	20	0	1
IS	1405	40	34	0	6
IS	1406	23	22	0	1
IS	1407	26	25	0	1
IS	1408	25	22	0	3
IS	1409	37	36	0	1
IS	1410	32	28	0	4
IS	1411	23	21	0	2
IS	1412	20	17	0	3
IS	1413	24	20	0	4
IS	1414	23	21	0	2
IS	1415	24	20	0	4
IS	1416	22	21	0	1
IS	1417	21	19	0	2
IS	1418	26	24	0	2
IS	1419	20	17	0	3
IS	1420	22	19	0	3
IS	1421	26	23	0	3
IS	1422	24	23	0	1
IS	1423	27	24	0	3
IS	1424	21	19	0	2
IS	1425	19	19	0	0
IS	1426	14	11	0	3
IS	1427	18	16	0	2
IS	1428	19	15	0	4
IS	1429	27	23	0	4
IS	1430	13	13	0	0
IS	1431	12	10	0	2
IS	1432	15	13	0	2
IS	1433	27	19	0	8
IS	1434	20	19	0	1
IS	1435	11	10	0	1
IS	1436	20	17	0	3
IS	1437	24	20	0	4
IS	1438	14	11	0	3
IS	1439	20	16	0	4
IS	1440	20	19	0	1
IS	1441	14	12	0	2
IS	1442	13	12	0	1
IS	1443	19	13	0	6
IS	1444	18	18	0	0
IS	1445	16	12	0	4
IS	1446	11	10	0	1
IS	1447	13	11	0	2
IS	1448	18	17	0	1
IS	1449	14	13	0	1
IS	1450	14	14	0	0
IS	1451	24	22	0	2
IS	1452	9	8	0	1
IS	1453	11	10	0	1
IS	1454	16	14	0	2
IS	1455	18	17	0	1
IS	1456	13	9	0	4
IS	1457	11	9	0	2
IS	1458	16	12	0	4
IS	1459	8	7	0	1
IS	1460	13	10	0	3
IS	1461	16	14	0	2
IS	1462	11	9	0	2
IS	1463	12	11	0	1
IS	1464	19	13	1	5
IS	1465	7	5	0	2
IS	1466	11	10	0	1
IS	1467	10	9	0	1
IS	1468	10	10	0	0
IS	1469	4	3	0	1
IS	1470	13	8	0	5
IS	1471	17	16	0	1
IS	1472	11	8	1	2
IS	1473	11	9	0	2
IS	1474	8	6	0	2
IS	1475	13	12	0	1
IS	1476	13	10	0	3
IS	1477	10	10	0	0
IS	1478	5	5	0	0
IS	1479	12	9	0	3
IS	1480	5	5	0	0
IS	1481	12	11	0	1
IS	1482	9	4	1	4
IS	1483	11	10	0	1
IS	1484	5	5	0	0
IS	1485	6	5	0	1
IS	1486	8	6	0	2
IS	1487	9	7	0	2
IS	1488	10	8	0	2
IS	1489	5	3	0	2
IS	1490	7	4	0	3
IS	1491	15	11	0	4
IS	1492	13	9	0	4
IS	1493	19	14	0	5
IS	1494	12	7	0	5
IS	1495	13	10	0	3
IS	1496	14	11	0	3
IS	1497	12	10	0	2
IS	1498	3	2	1	0
IS	1499	13	10	0	3
IS	1500	6	3	0	3
IS	1501	10	5	0	5
IS	1502	5	5	0	0
IS	1503	9	9	0	0
IS	1504	14	12	0	2
IS	1505	11	7	0	4
IS	1506	9	9	0	0
IS	1507	11	10	0	1
IS	1508	8	7	0	1
IS	1509	7	5	0	2
IS	1510	11	8	0	3
IS	1511	9	5	0	4
IS	1512	11	9	0	2
IS	1513	7	3	0	4
IS	1514	3	2	0	1
IS	1515	11	8	0	3
IS	1516	10	9	0	1
IS	1517	6	4	0	2
IS	1518	11	8	0	3
IS	1519	5	3	0	2
IS	1520	4	2	0	2
IS	1521	6	6	0	0
IS	1522	11	7	0	4
IS	1523	9	7	0	2
IS	1524	8	6	0	2
IS	1525	5	5	0	0
IS	1526	8	3	0	5
IS	1527	3	3	0	0
IS	1528	8	5	0	3
IS	1529	4	4	0	0
IS	1530	7	5	0	2
IS	1531	5	5	0	0
IS	1532	6	4	0	2
IS	1533	5	4	0	1
IS	1534	4	2	0	2
IS	1535	5	3	0	2
IS	1536	1	0	0	1
IS	1537	12	8	0	4
IS	1538	8	6	0	2
IS	1539	10	8	0	2
IS	1540	4	3	0	1
IS	1541	8	7	0	1
IS	1542	5	3	0	2
IS	1543	4	3	0	1
IS	1544	2	1	0	1
IS	1545	2	0	0	2
IS	1546	7	2	0	5
IS	1547	10	7	0	3
IS	1548	5	5	0	0
IS	1549	5	3	0	2
IS	1550	5	3	0	2
IS	1551	2	2	0	0
IS	1552	5	3	0	2
IS	1553	2	0	0	2
IS	1554	3	2	0	1
IS	1555	7	4	0	3
IS	1556	4	0	0	4
IS	1557	8	5	0	3
IS	1558	6	3	0	3
IS	1559	2	1	0	1
IS	1560	7	3	0	4
IS	1561	3	2	0	1
IS	1562	5	4	0	1
IS	1563	6	4	0	2
IS	1564	4	3	0	1
IS	1565	7	4	0	3
IS	1566	8	3	0	5
IS	1567	3	2	0	1
IS	1568	4	3	0	1
IS	1569	7	1	0	6
IS	1570	3	2	0	1
IS	1571	4	2	0	2
IS	1572	7	5	0	2
IS	1573	0	0	0	0
IS	1574	6	5	0	1
IS	1575	4	1	0	3
IS	1576	7	0	0	7
IS	1577	3	2	0	1
IS	1578	7	6	0	1
IS	1579	4	0	0	4
IS	1580	6	4	0	2
IS	1581	6	2	0	4
IS	1582	3	0	0	3
IS	1583	6	1	0	5
IS	1584	2	2	0	0
IS	1585	5	4	0	1
IS	1586	6	3	1	2
IS	1587	3	0	0	3
IS	1588	2	0	0	2
IS	1589	2	1	0	1
IS	1590	4	2	0	2
IS	1591	5	3	0	2
IS	1592	4	3	0	1
IS	1593	5	2	0	3
IS	1594	6	3	0	3
IS	1595	2	0	0	2
IS	1596	6	3	0	3
IS	1597	3	2	0	1
IS	1598	3	2	0	1
IS	1599	1	0	0	1
IS	1600	5	4	0	1
IS	1601	1	1	0	0
IS	1602	3	1	1	1
IS	1603	2	2	0	0
IS	1604	3	1	0	2
IS	1605	3	1	0	2
IS	1606	5	2	0	3
IS	1607	2	1	0	1
IS	1608	2	2	0	0
IS	1609	1	1	0	0
IS	1610	1	0	0	1
IS	1611	3	1	0	2
IS	1612	1	0	0	1
IS	1613	1	0	0	1
IS	1614	4	0	0	4
IS	1615	2	1	0	1
IS	1616	4	2	0	2
IS	1617	1	0	0	1
IS	1618	10	4	0	6
IS	1619	3	1	0	2
IS	1620	3	2	0	1
IS	1621	1	0	0	1
IS	1622	2	0	0	2
IS	1623	3	1	0	2
IS	1624	1	0	0	1
IS	1625	4	0	0	4
IS	1626	1	1	0	0
IS	1627	5	2	0	3
IS	1628	6	3	0	3
IS	1629	1	0	0	1
IS	1630	4	2	2	0
IS	1631	5	1	0	4
IS	1632	2	1	0	1
IS	1633	3	1	0	2
IS	1634	4	0	0	4
IS	1635	2	0	0	2
IS	1636	2	0	0	2
IS	1637	3	0	0	3
IS	1638	4	0	0	4
IS	1639	1	0	0	1
IS	1640	1	0	0	1
IS	1641	1	0	0	1
IS	1642	0	0	0	0
IS	1643	1	0	0	1
IS	1644	5	1	0	4
IS	1645	6	1	0	5
IS	1646	5	1	0	4
IS	1647	2	1	0	1
IS	1648	3	1	0	2
IS	1649	1	0	0	1
IS	1650	1	1	0	0
IS	1651	4	3	0	1
IS	1652	3	0	0	3
IS	1653	2	0	1	1
IS	1654	3	0	1	2
IS	1655	3	3	0	0
IS	1656	0	0	0	0
IS	1657	2	1	0	1
IS	1658	5	1	0	4
IS	1659	1	0	0	1
IS	1660	0	0	0	0
IS	1661	2	1	0	1
IS	1662	2	0	0	2
IS	1663	1	0	0	1
IS	1664	4	2	0	2
IS	1665	5	2	0	3
IS	1666	2	0	0	2
IS	1667	4	0	0	4
IS	1668	1	0	0	1
IS	1669	4	1	0	3
IS	1670	1	0	0	1
IS	1671	2	1	0	1
IS	1672	3	1	0	2
IS	1673	6	0	0	6
IS	1674	2	0	0	2
IS	1675	1	0	0	1
IS	1676	0	0	0	0
IS	1677	2	0	0	2
IS	1678	3	0	0	3
IS	1679	1	0	0	1
IS	1680	2	0	0	2
IS	1681	1	0	0	1
IS	1682	3	2	0	1
IS	1683	1	0	0	1
IS	1684	3	1	0	2
IS	1685	3	0	0	3
IS	1686	2	2	0	0
IS	1687	3	0	0	3
IS	1688	3	0	0	3
IS	1689	3	0	0	3
IS	1690	4	3	0	1
IS	1691	2	0	0	2
IS	1692	2	0	0	2
IS	1693	3	2	0	1
IS	1694	2	0	0	2
IS	1695	0	0	0	0
IS	1696	2	0	0	2
IS	1697	3	1	0	2
IS	1698	0	0	0	0
IS	1699	1	0	0	1
IS	1700	3	0	0	3
IS	1701	4	0	0	4
IS	1702	4	0	0	4
IS	1703	1	0	0	1
IS	1704	0	0	0	0
IS	1705	4	0	0	4
IS	1706	1	0	0	1
IS	1707	0	0	0	0
IS	1708	0	0	0	0
IS	1709	2	1	0	1
IS	1710	2	0	0	2
IS	1711	1	0	0	1
IS	1712	2	0	0	2
IS	1713	1	0	0	1
IS	1714	2	1	0	1
IS	1715	4	1	0	3
IS	1716	4	0	0	4
IS	1717	3	1	0	2
IS	1718	4	1	0	3
IS	1719	2	0	0	2
IS	1720	3	0	0	3
IS	1721	3	2	0	1
IS	1722	6	0	0	6
IS	1723	3	0	0	3
IS	1724	0	0	0	0
IS	1725	0	0	0	0
IS	1726	4	1	0	3
IS	1727	0	0	0	0
IS	1728	0	0	0	0
IS	1729	1	0	0	1
IS	1730	1	0	0	1
IS	1731	2	0	0	2
IS	1732	4	2	0	2
IS	1733	5	1	0	4
IS	1734	3	1	0	2
IS	1735	3	1	0	2
IS	1736	6	0	0	6
IS	1737	6	0	0	6
IS	1738	0	0	0	0
IS	1739	0	0	0	0
IS	1740	3	2	0	1
IS	1741	2	0	0	2
IS	1742	3	0	0	3
IS	1743	4	1	0	3
IS	1744	4	1	0	3
IS	1745	0	0	0	0
IS	1746	2	1	0	1
IS	1747	2	0	0	2
IS	1748	2	0	0	2
IS	1749	1	0	0	1
IS	1750	3	0	0	3
IS	1751	1	0	0	1
IS	1752	2	0	0	2
IS	1753	2	0	0	2
IS	1754	0	0	0	0
IS	1755	1	0	0	1
IS	1756	2	0	0	2
IS	1757	5	1	0	4
IS	1758	1	0	0	1
IS	1759	3	0	0	3
IS	1760	4	2	0	2
IS	1761	3	0	1	2
IS	1762	1	0	0	1
IS	1763	2	0	0	2
IS	1764	0	0	0	0
IS	1765	3	1	0	2
IS	1766	2	0	0	2
IS	1767	0	0	0	0
IS	1768	3	0	0	3
IS	1769	1	0	0	1
IS	1770	1	0	0	1
IS	1771	6	1	0	5
IS	1772	4	0	0	4
IS	1773	4	0	0	4
IS	1774	4	1	0	3
IS	1775	2	0	0	2
IS	1776	3	1	0	2
IS	1777	2	0	0	2
IS	1778	2	0	0	2
IS	1779	0	0	0	0
IS	1780	2	0	0	2
IS	1781	0	0	0	0
IS	1782	1	0	0	1
IS	1783	2	0	0	2
IS	1784	3	0	0	3
IS	1785	2	1	0	1
IS	1786	3	0	0	3
IS	1787	2	0	0	2
IS	1788	0	0	0	0
IS	1789	1	0	0	1
IS	1790	1	0	0	1
IS	1791	6	1	0	5
IS	1792	2	0	0	2
IS	1793	3	0	0	3
IS	1794	2	0	0	2
IS	1795	0	0	0	0
IS	1796	4	0	0	4
IS	1797	1	0	0	1
IS	1798	1	0	0	1
IS	1799	2	1	0	1
IS	1800	2	0	0	2
IS	1801	2	0	0	2
IS	1802	2	0	1	1
IS	1803	3	0	0	3
IS	1804	3	0	0	3
IS	1805	2	0	0	2
IS	1806	1	1	0	0
IS	1807	2	1	0	1
IS	1808	0	0	0	0
IS	1809	4	1	0	3
IS	1810	1	0	0	1
IS	1811	2	0	0	2
IS	1812	3	0	0	3
IS	1813	2	0	0	2
IS	1814	1	0	0	1
IS	1815	1	0	0	1
IS	1816	2	0	0	2
IS	1817	0	0	0	0
IS	1818	2	0	0	2
IS	1819	2	0	0	2
IS	1820	1	1	0	0
IS	1821	2	0	0	2
IS	1822	1	0	0	1
IS	1823	5	1	0	4
IS	1824	3	0	0	3
IS	1825	1	0	0	1
IS	1826	1	0	0	1
IS	1827	1	0	0	1
IS	1828	1	0	0	1
IS	1829	3	0	0	3
IS	1830	0	0	0	0
IS	1831	3	0	0	3
IS	1832	3	0	0	3
IS	1833	0	0	0	0
IS	1834	2	0	0	2
IS	1835	0	0	0	0
IS	1836	3	0	0	3
IS	1837	4	0	0	4
IS	1838	2	0	1	1
IS	1839	3	1	0	2
IS	1840	0	0	0	0
IS	1841	1	0	0	1
IS	1842	1	0	0	1
IS	1843	0	0	0	0
IS	1844	1	0	0	1
IS	1845	3	0	0	3
IS	1846	3	0	0	3
IS	1847	1	0	0	1
IS	1848	3	0	0	3
IS	1849	3	1	0	2
IS	1850	1	0	0	1
IS	1851	1	0	0	1
IS	1852	3	1	0	2
IS	1853	1	0	0	1
IS	1854	2	1	0	1
IS	1855	0	0	0	0
IS	1856	3	0	0	3
IS	1857	2	1	0	1
IS	1858	1	0	0	1
IS	1859	0	0	0	0
IS	1860	1	0	0	1
IS	1861	1	0	0	1
IS	1862	1	0	0	1
IS	1863	2	0	0	2
IS	1864	3	0	0	3
IS	1865	1	0	0	1
IS	1866	1	0	0	1
IS	1867	2	1	0	1
IS	1868	1	0	1	0
IS	1869	3	0	0	3
IS	1870	0	0	0	0
IS	1871	1	0	0	1
IS	1872	0	0	0	0
IS	1873	1	0	0	1
IS	1874	3	1	0	2
IS	1875	1	0	0	1
IS	1876	1	0	0	1
IS	1877	3	0	1	2
IS	1878	1	0	0	1
IS	1879	1	0	0	1
IS	1880	1	0	0	1
IS	1881	4	0	2	2
IS	1882	3	0	0	3
IS	1883	0	0	0	0
IS	1884	0	0	0	0
IS	1885	2	0	0	2
IS	1886	2	0	0	2
IS	1887	2	0	0	2
IS	1888	0	0	0	0
IS	1889	1	0	0	1
IS	1890	1	0	0	1
IS	1891	4	0	0	4
IS	1892	0	0	0	0
IS	1893	1	0	0	1
IS	1894	1	0	0	1
IS	1895	2	0	0	2
IS	1896	2	0	0	2
IS	1897	0	0	0	0
IS	1898	2	0	0	2
IS	1899	0	0	0	0
IS	1900	2	1	0	1
IS	1901	0	0	0	0
IS	1902	2	0	0	2
IS	1903	1	0	0	1
IS	1904	2	0	1	1
IS	1905	1	0	0	1
IS	1906	0	0	0	0
IS	1907	2	1	0	1
IS	1908	1	0	0	1
IS	1909	3	2	0	1
IS	1910	1	1	0	0
IS	1911	0	0	0	0
IS	1912	1	0	0	1
IS	1913	2	0	0	2
IS	1914	3	0	0	3
IS	1915	2	0	0	2
IS	1916	1	0	0	1
IS	1917	4	0	0	4
IS	1918	4	0	0	4
IS	1919	2	0	0	2
IS	1920	5	0	0	5
IS	1921	0	0	0	0
IS	1922	0	0	0	0
IS	1923	2	0	0	2
IS	1924	3	0	0	3
IS	1925	0	0	0	0
IS	1926	1	0	0	1
IS	1927	2	0	0	2
IS	1928	1	0	0	1
IS	1929	1	1	0	0
IS	1930	2	0	0	2
IS	1931	2	0	0	2
IS	1932	0	0	0	0
IS	1933	1	0	0	1
IS	1934	1	0	0	1
IS	1935	2	0	0	2
IS	1936	3	0	0	3
IS	1937	3	1	0	2
IS	1938	2	0	0	2
IS	1939	2	0	0	2
IS	1940	1	0	0	1
IS	1941	1	0	0	1
IS	1942	2	0	0	2
IS	1943	3	0	1	2
IS	1944	2	0	0	2
IS	1945	1	0	0	1
IS	1946	2	0	0	2
IS	1947	1	0	0	1
IS	1948	1	0	0	1
IS	1949	3	0	0	3
IS	1950	1	0	0	1
IS	1951	1	0	0	1
IS	1952	0	0	0	0
IS	1953	1	0	0	1
IS	1954	2	0	0	2
IS	1955	2	0	0	2
IS	1956	3	0	0	3
IS	1957	2	1	0	1
IS	1958	1	0	0	1
IS	1959	0	0	0	0
IS	1960	0	0	0	0
IS	1961	3	1	0	2
IS	1962	2	0	0	2
IS	1963	3	0	0	3
IS	1964	2	0	0	2
IS	1965	2	0	0	2
IS	1966	1	0	0	1
IS	1967	0	0	0	0
IS	1968	0	0	0	0
IS	1969	3	1	0	2
IS	1970	1	0	0	1
IS	1971	2	0	0	2
IS	1972	4	0	0	4
IS	1973	3	0	0	3
IS	1974	2	0	0	2
IS	1975	2	0	0	2
IS	1976	0	0	0	0
IS	1977	0	0	0	0
IS	1978	5	0	0	5
IS	1979	2	0	0	2
IS	1980	2	0	0	2
IS	1981	1	0	0	1
IS	1982	2	1	0	1
IS	1983	3	0	0	3
IS	1984	1	0	0	1
IS	1985	1	0	0	1
IS	1986	1	0	0	1
IS	1987	1	0	0	1
IS	1988	1	0	0	1
IS	1989	0	0	0	0
IS	1990	0	0	0	0
IS	1991	1	0	0	1
IS	1992	2	0	0	2
IS	1993	1	0	0	1
IS	1994	4	0	0	4
IS	1995	2	0	0	2
IS	1996	3	1	0	2
IS	1997	0	0	0	0
IS	1998	1	0	0	1
IS	1999	0	0	0	0
IS	2000	2	0	0	2
IS	2001	5	1	0	4
IS	2002	1	0	0	1
IS	2003	2	0	0	2
IS	2004	0	0	0	0
IS	2005	1	0	0	1
IS	2006	0	0	0	0
IS	2007	3	0	0	3
IS	2008	0	0	0	0
IS	2009	1	0	0	1
IS	2010	1	0	0	1
IS	2011	2	0	0	2
IS	2012	0	0	0	0
IS	2013	3	0	0	3
IS	2014	2	0	0	2
IS	2015	0	0	0	0
IS	2016	2	0	0	2
IS	2017	1	0	0	1
IS	2018	4	0	0	4
IS	2019	2	0	0	2
IS	2020	2	0	0	2
IS	2021	2	0	0	2
IS	2022	0	0	0	0
IS	2023	1	1	0	0
IS	2024	1	0	0	1
IS	2025	2	1	0	1
IS	2026	2	0	1	1
IS	2027	3	0	0	3
IS	2028	1	0	0	1
IS	2029	0	0	0	0
IS	2030	0	0	0	0
IS	2031	2	1	0	1
IS	2032	0	0	0	0
IS	2033	3	0	0	3
IS	2034	2	0	0	2
IS	2035	2	0	0	2
IS	2036	1	0	0	1
IS	2037	0	0	0	0
IS	2038	1	0	0	1
IS	2039	0	0	0	0
IS	2040	3	2	0	1
IS	2041	0	0	0	0
IS	2042	0	0	0	0
IS	2043	4	0	0	4
IS	2044	1	0	0	1
IS	2045	3	0	0	3
IS	2046	2	0	0	2
IS	2047	2	0	0	2
IS	2048	3	1	0	2
IS	2049	1	0	0	1
IS	2050	1	0	0	1
IS	2051	3	0	0	3
IS	2052	2	0	0	2
IS	2053	3	0	0	3
IS	2054	0	0	0	0
IS	2055	1	1	0	0
IS	2056	3	0	0	3
IS	2057	0	0	0	0
IS	2058	2	0	0	2
IS	2059	1	0	0	1
IS	2060	1	0	0	1
IS	2061	2	0	0	2
IS	2062	2	0	0	2
IS	2063	2	0	0	2
IS	2064	4	0	0	4
IS	2065	3	0	0	3
IS	2066	3	0	0	3
IS	2067	2	0	0	2
IS	2068	0	0	0	0
IS	2069	0	0	0	0
IS	2070	0	0	0	0
IS	2071	0	0	0	0
IS	2072	4	0	0	4
IS	2073	0	0	0	0
IS	2074	0	0	0	0
IS	2075	0	0	0	0
IS	2076	1	0	0	1
IS	2077	3	0	0	3
IS	2078	1	0	0	1
IS	2079	0	0	0	0
IS	2080	4	2	0	2
IS	2081	0	0	0	0
IS	2082	2	0	0	2
IS	2083	0	0	0	0
IS	2084	0	0	0	0
IS	2085	0	0	0	0
IS	2086	4	1	1	2
IS	2087	3	0	0	3
IS	2088	1	0	0	1
IS	2089	3	0	0	3
IS	2090	1	0	0	1
IS	2091	3	0	0	3
IS	2092	1	0	0	1
IS	2093	1	0	0	1
IS	2094	1	0	0	1
IS	2095	1	0	0	1
IS	2096	1	0	0	1
IS	2097	5	0	0	5
IS	2098	1	0	0	1
IS	2099	2	0	0	2
IS	2100	0	0	0	0
IS	2101	1	0	0	1
IS	2102	1	0	0	1
IS	2103	2	0	0	2
IS	2104	2	1	0	1
IS	2105	3	1	0	2
IS	2106	2	0	0	2
IS	2107	2	0	0	2
IS	2108	2	0	0	2
IS	2109	1	0	0	1
IS	2110	3	1	0	2
IS	2111	3	0	1	2
IS	2112	1	0	0	1
IS	2113	0	0	0	0
IS	2114	2	0	0	2
IS	2115	3	1	0	2
IS	2116	1	0	0	1
IS	2117	4	1	0	3
IS	2118	2	0	0	2
IS	2119	2	0	0	2
IS	2120	2	0	0	2
IS	2121	1	0	0	1
IS	2122	0	0	0	0
IS	2123	1	0	0	1
IS	2124	3	0	0	3
IS	2125	0	0	0	0
IS	2126	0	0	0	0
IS	2127	1	0	0	1
IS	2128	1	0	0	1
IS	2129	2	1	0	1
IS	2130	1	0	0	1
IS	2131	4	0	0	4
IS	2132	2	0	0	2
IS	2133	1	0	0	1
IS	2134	1	0	0	1
IS	2135	0	0	0	0
IS	2136	0	0	0	0
IS	2137	0	0	0	0
IS	2138	3	1	0	2
IS	2139	0	0	0	0
IS	2140	4	0	0	4
IS	2141	0	0	0	0
IS	2142	1	0	0	1
IS	2143	1	0	0	1
IS	2144	3	0	0	3
IS	2145	1	0	0	1
IS	2146	0	0	0	0
IS	2147	2	0	1	1
IS	2148	0	0	0	0
IS	2149	2	0	0	2
IS	2150	0	0	0	0
IS	2151	3	0	1	2
IS	2152	1	0	0	1
IS	2153	3	0	0	3
IS	2154	1	0	0	1
IS	2155	2	0	0	2
IS	2156	3	1	0	2
IS	2157	0	0	0	0
IS	2158	1	0	0	1
IS	2159	2	0	0	2
IS	2160	2	0	0	2
IS	2161	1	0	0	1
IS	2162	2	1	0	1
IS	2163	1	0	0	1
IS	2164	1	0	0	1
IS	2165	2	0	0	2
IS	2166	0	0	0	0
IS	2167	2	0	0	2
IS	2168	0	0	0	0
IS	2169	1	0	0	1
IS	2170	1	0	0	1
IS	2171	2	0	0	2
IS	2172	0	0	0	0
IS	2173	2	0	0	2
IS	2174	2	0	0	2
IS	2175	2	0	0	2
IS	2176	0	0	0	0
IS	2177	2	0	0	2
IS	2178	0	0	0	0
IS	2179	1	0	0	1
IS	2180	1	0	0	1
IS	2181	0	0	0	0
IS	2182	2	0	0	2
IS	2183	0	0	0	0
IS	2184	4	0	0	4
IS	2185	1	0	0	1
IS	2186	2	1	0	1
IS	2187	2	0	0	2
IS	2188	2	0	0	2
IS	2189	2	0	0	2
IS	2190	1	0	1	0
IS	2191	0	0	0	0
IS	2192	2	0	0	2
IS	2193	1	0	0	1
IS	2194	2	0	0	2
IS	2195	2	0	0	2
IS	2196	1	0	0	1
IS	2197	2	0	0	2
IS	2198	1	0	0	1
IS	2199	1	0	0	1
IS	2200	1	0	0	1
IS	2201	1	0	0	1
IS	2202	0	0	0	0
IS	2203	0	0	0	0
IS	2204	2	0	0	2
IS	2205	1	0	0	1
IS	2206	0	0	0	0
IS	2207	2	1	0	1
IS	2208	0	0	0	0
IS	2209	2	0	0	2
IS	2210	1	0	0	1
IS	2211	1	0	0	1
IS	2212	3	0	0	3
IS	2213	2	0	0	2
IS	2214	1	0	0	1
IS	2215	5	0	0	5
IS	2216	4	1	0	3
IS	2217	1	0	0	1
IS	2218	1	1	0	0
IS	2219	2	0	0	2
IS	2220	0	0	0	0
IS	2221	2	0	0	2
IS	2222	2	0	0	2
IS	2223	3	0	0	3
IS	2224	0	0	0	0
IS	2225	2	0	0	2
IS	2226	2	0	0	2
IS	2227	3	0	0	3
IS	2228	0	0	0	0
IS	2229	0	0	0	0
IS	2230	1	0	0	1
IS	2231	1	0	0	1
IS	2232	1	0	0	1
IS	2233	1	0	0	1
IS	2234	1	0	0	1
IS	2235	1	0	0	1
IS	2236	0	0	0	0
IS	2237	3	0	0	3
IS	2238	1	0	0	1
IS	2239	1	0	0	1
IS	2240	2	0	0	2
IS	2241	0	0	0	0
IS	2242	2	0	0	2
IS	2243	1	0	0	1
IS	2244	2	0	0	2
IS	2245	2	0	0	2
IS	2246	3	0	0	3
IS	2247	1	0	0	1
IS	2248	5	0	0	5
IS	2249	1	0	0	1
IS	2250	0	0	0	0
IS	2251	0	0	0	0
IS	2252	1	0	0	1
IS	2253	0	0	0	0
IS	2254	0	0	0	0
IS	2255	0	0	0	0
IS	2256	1	0	0	1
IS	2257	3	0	0	3
IS	2258	2	0	0	2
IS	2259	2	0	0	2
IS	2260	1	0	0	1
IS	2261	1	0	0	1
IS	2262	0	0	0	0
IS	2263	0	0	0	0
IS	2264	1	0	1	0
IS	2265	0	0	0	0
IS	2266	3	0	0	3
IS	2267	0	0	0	0
IS	2268	0	0	0	0
IS	2269	2	1	0	1
IS	2270	2	0	0	2
IS	2271	2	0	0	2
IS	2272	2	0	0	2
IS	2273	2	0	0	2
IS	2274	1	0	0	1
IS	2275	0	0	0	0
IS	2276	3	0	0	3
IS	2277	1	0	0	1
IS	2278	2	0	0	2
IS	2279	1	0	0	1
IS	2280	1	0	0	1
IS	2281	0	0	0	0
IS	2282	0	0	0	0
IS	2283	4	0	0	4
IS	2284	2	0	0	2
IS	2285	1	0	0	1
IS	2286	3	0	0	3
IS	2287	2	0	0	2
IS	2288	3	0	0	3
IS	2289	1	0	0	1
IS	2290	1	0	0	1
IS	2291	2	0	0	2
IS	2292	0	0	0	0
IS	2293	1	0	0	1
IS	2294	2	0	0	2
IS	2295	1	0	0	1
IS	2296	1	0	0	1
IS	2297	2	0	0	2
IS	2298	1	0	0	1
IS	2299	3	1	0	2
IS	2300	3	0	1	2
IS	2301	1	0	0	1
IS	2302	2	0	1	1
IS	2303	1	0	0	1
IS	2304	0	0	0	0
IS	2305	1	0	0	1
IS	2306	1	0	0	1
IS	2307	2	0	0	2
IS	2308	2	0	0	2
IS	2309	0	0	0	0
IS	2310	1	0	0	1
IS	2311	0	0	0	0
IS	2312	3	2	1	0
IS	2313	3	0	0	3
IS	2314	3	0	1	2
IS	2315	0	0	0	0
IS	2316	1	0	0	1
IS	2317	2	0	0	2
IS	2318	0	0	0	0
IS	2319	0	0	0	0
IS	2320	1	0	0	1
IS	2321	3	1	0	2
IS	2322	0	0	0	0
IS	2323	0	0	0	0
IS	2324	3	0	0	3
IS	2325	1	0	0	1
IS	2326	1	0	0	1
IS	2327	2	0	0	2
IS	2328	2	0	0	2
IS	2329	0	0	0	0
IS	2330	1	0	0	1
IS	2331	6	1	0	5
IS	2332	1	0	0	1
IS	2333	1	0	0	1
IS	2334	0	0	0	0
IS	2335	2	0	0	2
IS	2336	3	0	0	3
IS	2337	1	1	0	0
IS	2338	2	0	0	2
IS	2339	1	0	1	0
IS	2340	2	0	0	2
IS	2341	0	0	0	0
IS	2342	1	0	0	1
IS	2343	0	0	0	0
IS	2344	3	0	0	3
IS	2345	2	0	0	2
IS	2346	1	0	0	1
IS	2347	4	0	0	4
IS	2348	0	0	0	0
IS	2349	1	0	0	1
IS	2350	0	0	0	0
IS	2351	4	0	0	4
IS	2352	1	0	0	1
IS	2353	3	0	0	3
IS	2354	0	0	0	0
IS	2355	4	0	0	4
IS	2356	1	0	0	1
IS	2357	0	0	0	0
IS	2358	1	0	0	1
IS	2359	0	0	0	0
IS	2360	1	0	0	1
IS	2361	2	0	0	2
IS	2362	2	0	1	1
IS	2363	3	0	0	3
IS	2364	1	0	0	1
IS	2365	2	0	0	2
IS	2366	1	0	0	1
IS	2367	0	0	0	0
IS	2368	3	0	0	3
IS	2369	2	0	0	2
IS	2370	3	1	0	2
IS	2371	1	0	0	1
IS	2372	0	0	0	0
IS	2373	0	0	0	0
IS	2374	1	0	0	1
IS	2375	1	0	0	1
IS	2376	2	1	0	1
IS	2377	0	0	0	0
IS	2378	2	0	0	2
IS	2379	1	0	0	1
IS	2380	0	0	0	0
IS	2381	0	0	0	0
IS	2382	0	0	0	0
IS	2383	0	0	0	0
IS	2384	1	0	0	1
IS	2385	4	0	0	4
IS	2386	0	0	0	0
IS	2387	0	0	0	0
IS	2388	1	0	0	1
IS	2389	1	1	0	0
IS	2390	2	0	0	2
IS	2391	1	0	0	1
IS	2392	1	0	1	0
IS	2393	3	0	0	3
IS	2394	2	0	0	2
IS	2395	1	0	0	1
IS	2396	1	0	0	1
IS	2397	0	0	0	0
IS	2398	1	0	0	1
IS	2399	2	0	1	1
IS	2400	1	0	0	1
IS	2401	0	0	0	0
IS	2402	0	0	0	0
IS	2403	1	0	0	1
IS	2404	2	0	0	2
IS	2405	1	0	0	1
IS	2406	0	0	0	0
IS	2407	2	0	0	2
IS	2408	2	0	0	2
IS	2409	3	0	1	2
IS	2410	0	0	0	0
IS	2411	0	0	0	0
IS	2412	4	1	0	3
IS	2413	1	0	0	1
IS	2414	1	0	0	1
IS	2415	2	0	0	2
IS	2416	1	0	0	1
IS	2417	1	0	0	1
IS	2418	1	0	0	1
IS	2419	1	0	0	1
IS	2420	1	0	0	1
IS	2421	0	0	0	0
IS	2422	1	0	1	0
IS	2423	1	0	0	1
IS	2424	3	0	0	3
IS	2425	2	0	0	2
IS	2426	0	0	0	0
IS	2427	0	0	0	0
IS	2428	3	0	1	2
IS	2429	0	0	0	0
IS	2430	0	0	0	0
IS	2431	0	0	0	0
IS	2432	1	1	0	0
IS	2433	0	0	0	0
IS	2434	0	0	0	0
IS	2435	1	0	0	1
IS	2436	1	0	0	1
IS	2437	1	0	0	1
IS	2438	1	0	0	1
IS	2439	0	0	0	0
IS	2440	1	0	0	1
IS	2441	1	0	0	1
IS	2442	1	0	0	1
IS	2443	0	0	0	0
IS	2444	3	1	0	2
IS	2445	0	0	0	0
IS	2446	1	0	0	1
IS	2447	0	0	0	0
IS	2448	1	1	0	0
IS	2449	2	0	0	2
IS	2450	0	0	0	0
IS	2451	0	0	0	0
IS	2452	3	0	0	3
IS	2453	0	0	0	0
IS	2454	1	0	0	1
IS	2455	4	0	0	4
IS	2456	0	0	0	0
IS	2457	0	0	0	0
IS	2458	1	0	0	1
IS	2459	2	0	0	2
IS	2460	1	1	0	0
IS	2461	3	0	0	3
IS	2462	0	0	0	0
IS	2463	4	0	0	4
IS	2464	0	0	0	0
IS	2465	3	0	0	3
IS	2466	2	0	0	2
IS	2467	3	0	0	3
IS	2468	1	0	0	1
IS	2469	3	0	0	3
IS	2470	1	0	0	1
IS	2471	3	0	0	3
IS	2472	1	0	0	1
IS	2473	1	0	0	1
IS	2474	1	0	0	1
IS	2475	1	0	0	1
IS	2476	2	0	0	2
IS	2477	1	0	0	1
IS	2478	1	0	0	1
IS	2479	0	0	0	0
IS	2480	0	0	0	0
IS	2481	4	0	1	3
IS	2482	3	0	0	3
IS	2483	0	0	0	0
IS	2484	1	0	1	0
IS	2485	2	0	0	2
IS	2486	0	0	0	0
IS	2487	2	0	0	2
IS	2488	0	0	0	0
IS	2489	0	0	0	0
IS	2490	2	0	0	2
IS	2491	0	0	0	0
IS	2492	2	0	0	2
IS	2493	0	0	0	0
IS	2494	0	0	0	0
IS	2495	0	0	0	0
IS	2496	2	0	0	2
IS	2497	0	0	0	0
IS	2498	0	0	0	0
IS	2499	1	0	0	1
IS	2500	0	0	0	0
IS	2501	1	0	0	1
IS	2502	3	1	0	2
IS	2503	3	0	0	3
IS	2504	1	1	0	0
IS	2505	1	0	0	1
IS	2506	2	0	0	2
IS	2507	2	0	0	2
IS	2508	1	0	0	1
IS	2509	1	0	0	1
IS	2510	0	0	0	0
IS	2511	0	0	0	0
IS	2512	1	0	0	1
IS	2513	0	0	0	0
IS	2514	3	0	0	3
IS	2515	2	0	0	2
IS	2516	2	0	0	2
IS	2517	1	0	0	1
IS	2518	1	0	0	1
IS	2519	2	0	0	2
IS	2520	3	0	0	3
IS	2521	0	0	0	0
IS	2522	1	0	0	1
IS	2523	3	1	0	2
IS	2524	2	0	0	2
IS	2525	0	0	0	0
IS	2526	3	0	0	3
IS	2527	1	0	0	1
IS	2528	0	0	0	0
IS	2529	1	0	0	1
IS	2530	1	0	0	1
IS	2531	1	0	0	1
IS	2532	1	0	0	1
IS	2533	2	0	0	2
IS	2534	3	0	1	2
IS	2535	1	0	0	1
IS	2536	1	0	0	1
IS	2537	3	0	0	3
IS	2538	1	0	0	1
IS	2539	3	0	0	3
IS	2540	2	0	0	2
IS	2541	1	0	0	1
IS	2542	2	0	0	2
IS	2543	1	0	0	1
IS	2544	0	0	0	0
IS	2545	1	0	0	1
IS	2546	1	0	0	1
IS	2547	2	1	0	1
IS	2548	0	0	0	0
IS	2549	2	0	0	2
IS	2550	2	0	0	2
IS	2551	0	0	0	0
IS	2552	0	0	0	0
IS	2553	1	0	0	1
IS	2554	0	0	0	0
IS	2555	0	0	0	0
IS	2556	0	0	0	0
IS	2557	2	0	0	2
IS	2558	3	0	0	3
IS	2559	2	0	0	2
IS	2560	1	0	0	1
IS	2561	1	0	0	1
IS	2562	2	0	0	2
IS	2563	2	0	1	1
IS	2564	1	0	0	1
IS	2565	0	0	0	0
IS	2566	0	0	0	0
IS	2567	3	0	0	3
IS	2568	0	0	0	0
IS	2569	0	0	0	0
IS	2570	0	0	0	0
IS	2571	2	1	0	1
IS	2572	0	0	0	0
IS	2573	2	1	0	1
IS	2574	1	0	0	1
IS	2575	1	0	0	1
IS	2576	2	0	0	2
IS	2577	4	0	0	4
IS	2578	0	0	0	0
IS	2579	3	0	0	3
IS	2580	3	0	0	3
IS	2581	1	0	0	1
IS	2582	1	0	0	1
IS	2583	2	0	0	2
IS	2584	1	0	0	1
IS	2585	1	0	0	1
IS	2586	1	0	0	1
IS	2587	2	0	0	2
IS	2588	0	0	0	0
IS	2589	0	0	0	0
IS	2590	0	0	0	0
IS	2591	2	0	0	2
IS	2592	0	0	0	0
IS	2593	0	0	0	0
IS	2594	5	0	0	5
IS	2595	0	0	0	0
IS	2596	2	0	0	2
IS	2597	0	0	0	0
IS	2598	0	0	0	0
IS	2599	2	1	0	1
IS	2600	1	0	0	1
IS	2601	0	0	0	0
IS	2602	2	0	0	2
IS	2603	1	0	0	1
IS	2604	1	0	0	1
IS	2605	1	0	0	1
IS	2606	0	0	0	0
IS	2607	0	0	0	0
IS	2608	0	0	0	0
IS	2609	3	0	0	3
IS	2610	0	0	0	0
IS	2611	0	0	0	0
IS	2612	1	0	0	1
IS	2613	1	0	0	1
IS	2614	1	0	0	1
IS	2615	0	0	0	0
IS	2616	0	0	0	0
IS	2617	0	0	0	0
IS	2618	3	0	0	3
IS	2619	1	0	0	1
IS	2620	0	0	0	0
IS	2621	0	0	0	0
IS	2622	0	0	0	0
IS	2623	0	0	0	0
IS	2624	0	0	0	0
IS	2625	1	0	0	1
IS	2626	3	0	0	3
IS	2627	2	0	0	2
IS	2628	0	0	0	0
IS	2629	1	0	0	1
IS	2630	2	0	0	2
IS	2631	1	0	0	1
IS	2632	2	0	0	2
IS	2633	1	0	0	1
IS	2634	0	0	0	0
IS	2635	1	0	0	1
IS	2636	1	0	0	1
IS	2637	2	0	0	2
IS	2638	1	0	0	1
IS	2639	0	0	0	0
IS	2640	1	0	0	1
IS	2641	3	0	0	3
IS	2642	1	0	0	1
IS	2643	0	0	0	0
IS	2644	0	0	0	0
IS	2645	1	0	0	1
IS	2646	0	0	0	0
IS	2647	1	0	0	1
IS	2648	3	0	0	3
IS	2649	0	0	0	0
IS	2650	2	0	0	2
IS	2651	1	0	0	1
IS	2652	1	0	0	1
IS	2653	0	0	0	0
IS	2654	1	0	0	1
IS	2655	2	0	0	2
IS	2656	2	0	0	2
IS	2657	0	0	0	0
IS	2658	2	0	0	2
IS	2659	0	0	0	0
IS	2660	0	0	0	0
IS	2661	1	0	0	1
IS	2662	2	1	0	1
IS	2663	1	0	0	1
IS	2664	2	0	0	2
IS	2665	0	0	0	0
IS	2666	2	0	0	2
IS	2667	3	1	0	2
IS	2668	2	0	0	2
IS	2669	0	0	0	0
IS	2670	1	0	0	1
IS	2671	0	0	0	0
IS	2672	0	0	0	0
IS	2673	1	0	0	1
IS	2674	1	0	0	1
IS	2675	0	0	0	0
IS	2676	5	0	0	5
IS	2677	0	0	0	0
IS	2678	2	0	0	2
IS	2679	0	0	0	0
IS	2680	1	0	0	1
IS	2681	2	0	0	2
IS	2682	0	0	0	0
IS	2683	2	1	0	1
IS	2684	2	0	0	2
IS	2685	1	0	0	1
IS	2686	2	0	0	2
IS	2687	2	0	0	2
IS	2688	1	0	0	1
IS	2689	2	0	0	2
IS	2690	3	0	0	3
IS	2691	2	0	0	2
IS	2692	0	0	0	0
IS	2693	2	0	0	2
IS	2694	1	0	0	1
IS	2695	0	0	0	0
IS	2696	1	0	0	1
IS	2697	1	0	0	1
IS	2698	0	0	0	0
IS	2699	1	0	0	1
IS	2700	2	0	0	2
IS	2701	1	0	0	1
IS	2702	1	0	0	1
IS	2703	1	0	0	1
IS	2704	0	0	0	0
IS	2705	1	0	0	1
IS	2706	0	0	0	0
IS	2707	0	0	0	0
IS	2708	1	0	0	1
IS	2709	0	0	0	0
IS	2710	1	0	0	1
IS	2711	2	0	0	2
IS	2712	0	0	0	0
IS	2713	2	0	0	2
IS	2714	1	0	0	1
IS	2715	1	0	0	1
IS	2716	2	0	0	2
IS	2717	1	0	0	1
IS	2718	1	0	0	1
IS	2719	1	0	0	1
IS	2720	0	0	0	0
IS	2721	2	0	0	2
IS	2722	1	0	0	1
IS	2723	1	1	0	0
IS	2724	1	0	0	1
IS	2725	0	0	0	0
IS	2726	1	0	0	1
IS	2727	1	0	0	1
IS	2728	0	0	0	0
IS	2729	0	0	0	0
IS	2730	1	0	0	1
IS	2731	2	0	0	2
IS	2732	0	0	0	0
IS	2733	0	0	0	0
IS	2734	0	0	0	0
IS	2735	1	0	0	1
IS	2736	0	0	0	0
IS	2737	0	0	0	0
IS	2738	1	0	0	1
IS	2739	1	0	0	1
IS	2740	0	0	0	0
IS	2741	1	0	0	1
IS	2742	1	0	0	1
IS	2743	2	0	0	2
IS	2744	1	0	0	1
IS	2745	1	0	0	1
IS	2746	2	0	0	2
IS	2747	0	0	0	0
IS	2748	0	0	0	0
IS	2749	1	0	0	1
IS	2750	1	1	0	0
IS	2751	4	0	0	4
IS	2752	3	0	0	3
IS	2753	1	0	0	1
IS	2754	0	0	0	0
IS	2755	2	1	0	1
IS	2756	0	0	0	0
IS	2757	0	0	0	0
IS	2758	0	0	0	0
IS	2759	1	0	0	1
IS	2760	0	0	0	0
IS	2761	2	0	0	2
IS	2762	0	0	0	0
IS	2763	1	0	0	1
IS	2764	3	0	0	3
IS	2765	0	0	0	0
IS	2766	1	0	0	1
IS	2767	0	0	0	0
IS	2768	1	0	0	1
IS	2769	0	0	0	0
IS	2770	1	0	0	1
IS	2771	0	0	0	0
IS	2772	1	0	0	1
IS	2773	1	1	0	0
IS	2774	0	0	0	0
IS	2775	1	0	0	1
IS	2776	1	0	0	1
IS	2777	0	0	0	0
IS	2778	3	0	0	3
IS	2779	2	0	0	2
IS	2780	0	0	0	0
IS	2781	1	0	0	1
IS	2782	1	0	0	1
IS	2783	2	0	0	2
IS	2784	1	0	0	1
IS	2785	0	0	0	0
IS	2786	0	0	0	0
IS	2787	1	0	0	1
IS	2788	1	0	0	1
IS	2789	1	0	0	1
IS	2790	0	0	0	0
IS	2791	0	0	0	0
IS	2792	1	0	0	1
IS	2793	2	0	0	2
IS	2794	3	0	1	2
IS	2795	1	0	0	1
IS	2796	1	1	0	0
IS	2797	2	0	0	2
IS	2798	0	0	0	0
IS	2799	3	0	0	3
IS	2800	1	0	0	1
IS	2801	2	0	0	2
IS	2802	0	0	0	0
IS	2803	0	0	0	0
IS	2804	1	0	0	1
IS	2805	3	0	0	3
IS	2806	0	0	0	0
IS	2807	2	0	0	2
IS	2808	2	0	0	2
IS	2809	3	0	0	3
IS	2810	0	0	0	0
IS	2811	1	0	0	1
IS	2812	0	0	0	0
IS	2813	0	0	0	0
IS	2814	1	0	0	1
IS	2815	1	0	0	1
IS	2816	0	0	0	0
IS	2817	2	0	0	2
IS	2818	1	0	0	1
IS	2819	1	0	0	1
IS	2820	2	0	0	2
IS	2821	0	0	0	0
IS	2822	0	0	0	0
IS	2823	0	0	0	0
IS	2824	3	0	0	3
IS	2825	2	1	0	1
IS	2826	0	0	0	0
IS	2827	1	0	0	1
IS	2828	3	0	0	3
IS	2829	0	0	0	0
IS	2830	1	0	0	1
IS	2831	0	0	0	0
IS	2832	1	0	0	1
IS	2833	1	0	0	1
IS	2834	3	1	0	2
IS	2835	0	0	0	0
IS	2836	3	1	0	2
IS	2837	1	0	0	1
IS	2838	3	0	0	3
IS	2839	1	0	0	1
IS	2840	0	0	0	0
IS	2841	1	0	0	1
IS	2842	2	0	0	2
IS	2843	2	0	0	2
IS	2844	0	0	0	0
IS	2845	4	0	1	3
IS	2846	1	0	0	1
IS	2847	1	0	0	1
IS	2848	1	0	0	1
IS	2849	1	0	0	1
IS	2850	0	0	0	0
IS	2851	3	0	0	3
IS	2852	2	0	0	2
IS	2853	2	0	0	2
IS	2854	0	0	0	0
IS	2855	0	0	0	0
IS	2856	1	0	0	1
IS	2857	1	0	0	1
IS	2858	0	0	0	0
IS	2859	0	0	0	0
IS	2860	1	0	0	1
IS	2861	2	0	1	1
IS	2862	1	0	0	1
IS	2863	0	0	0	0
IS	2864	0	0	0	0
IS	2865	1	0	0	1
IS	2866	1	0	0	1
IS	2867	0	0	0	0
IS	2868	0	0	0	0
IS	2869	2	0	0	2
IS	2870	1	0	0	1
IS	2871	1	0	0	1
IS	2872	1	0	0	1
IS	2873	0	0	0	0
IS	2874	1	0	0	1
IS	2875	1	0	0	1
IS	2876	2	0	0	2
IS	2877	2	0	0	2
IS	2878	0	0	0	0
IS	2879	0	0	0	0
IS	2880	1	0	0	1
IS	2881	1	0	0	1
IS	2882	1	0	0	1
IS	2883	0	0	0	0
IS	2884	1	0	0	1
IS	2885	0	0	0	0
IS	2886	1	0	1	0
IS	2887	0	0	0	0
IS	2888	0	0	0	0
IS	2889	1	0	0	1
IS	2890	1	0	0	1
IS	2891	1	0	0	1
IS	2892	1	0	0	1
IS	2893	1	0	0	1
IS	2894	1	0	0	1
IS	2895	0	0	0	0
IS	2896	1	0	0	1
IS	2897	0	0	0	0
IS	2898	1	0	0	1
IS	2899	1	0	0	1
IS	2900	1	0	0	1
IS	2901	2	0	0	2
IS	2902	1	0	0	1
IS	2903	1	0	0	1
IS	2904	0	0	0	0
IS	2905	2	1	0	1
IS	2906	0	0	0	0
IS	2907	0	0	0	0
IS	2908	1	0	0	1
IS	2909	3	0	0	3
IS	2910	1	0	0	1
IS	2911	1	0	0	1
IS	2912	0	0	0	0
IS	2913	1	0	0	1
IS	2914	2	0	0	2
IS	2915	3	0	0	3
IS	2916	2	0	0	2
IS	2917	0	0	0	0
IS	2918	0	0	0	0
IS	2919	1	1	0	0
IS	2920	2	1	0	1
IS	2921	2	0	0	2
IS	2922	1	0	0	1
IS	2923	2	0	0	2
IS	2924	1	0	0	1
IS	2925	0	0	0	0
IS	2926	1	0	0	1
IS	2927	1	0	0	1
IS	2928	1	0	0	1
IS	2929	2	0	0	2
IS	2930	1	0	0	1
IS	2931	1	0	0	1
IS	2932	1	0	0	1
IS	2933	0	0	0	0
IS	2934	0	0	0	0
IS	2935	0	0	0	0
IS	2936	0	0	0	0
IS	2937	1	0	0	1
IS	2938	1	0	0	1
IS	2939	0	0	0	0
IS	2940	2	0	0	2
IS	2941	3	0	0	3
IS	2942	1	0	0	1
IS	2943	0	0	0	0
IS	2944	0	0	0	0
IS	2945	0	0	0	0
IS	2946	1	0	0	1
IS	2947	0	0	0	0
IS	2948	0	0	0	0
IS	2949	0	0	0	0
IS	2950	2	0	0	2
IS	2951	1	0	0	1
IS	2952	2	0	0	2
IS	2953	0	0	0	0
IS	2954	1	0	0	1
IS	2955	1	0	0	1
IS	2956	2	0	0	2
IS	2957	1	0	0	1
IS	2958	0	0	0	0
IS	2959	2	0	0	2
IS	2960	2	1	0	1
IS	2961	5	1	0	4
IS	2962	2	0	0	2
IS	2963	2	0	0	2
IS	2964	0	0	0	0
IS	2965	0	0	0	0
IS	2966	0	0	0	0
IS	2967	2	0	0	2
IS	2968	0	0	0	0
IS	2969	0	0	0	0
IS	2970	0	0	0	0
IS	2971	2	0	0	2
IS	2972	1	0	0	1
IS	2973	1	0	0	1
IS	2974	1	0	0	1
IS	2975	1	0	0	1
IS	2976	0	0	0	0
IS	2977	0	0	0	0
IS	2978	2	1	0	1
IS	2979	0	0	0	0
IS	2980	1	0	0	1
IS	2981	0	0	0	0
IS	2982	2	0	0	2
IS	2983	0	0	0	0
IS	2984	0	0	0	0
IS	2985	2	0	0	2
IS	2986	1	0	1	0
IS	2987	0	0	0	0
IS	2988	0	0	0	0
IS	2989	0	0	0	0
IS	2990	1	0	0	1
IS	2991	1	0	0	1
IS	2992	1	0	0	1
IS	2993	1	0	0	1
IS	2994	1	0	0	1
IS	2995	0	0	0	0
IS	2996	0	0	0	0
IS	2997	0	0	0	0
IS	2998	1	0	0	1
IS	2999	1	0	0	1
IS	3000	0	0	0	0
IS	3001	0	0	0	0
IS	3002	0	0	0	0
IS	3003	0	0	0	0
IS	3004	0	0	0	0
IS	3005	1	0	0	1
IS	3006	4	0	1	3
IS	3007	0	0	0	0
IS	3008	0	0	0	0
IS	3009	1	0	0	1
IS	3010	0	0	0	0
IS	3011	1	0	0	1
IS	3012	3	0	1	2
IS	3013	2	0	0	2
IS	3014	0	0	0	0
IS	3015	0	0	0	0
IS	3016	1	0	0	1
IS	3017	1	0	0	1
IS	3018	1	0	0	1
IS	3019	1	0	0	1
IS	3020	0	0	0	0
IS	3021	0	0	0	0
IS	3022	1	0	0	1
IS	3023	0	0	0	0
IS	3024	0	0	0	0
IS	3025	0	0	0	0
IS	3026	0	0	0	0
IS	3027	1	0	0	1
IS	3028	0	0	0	0
IS	3029	0	0	0	0
IS	3030	2	0	0	2
IS	3031	1	0	1	0
IS	3032	1	0	1	0
IS	3033	0	0	0	0
IS	3034	0	0	0	0
IS	3035	2	1	0	1
IS	3036	0	0	0	0
IS	3037	3	0	0	3
IS	3038	2	0	0	2
IS	3039	0	0	0	0
IS	3040	2	0	0	2
IS	3041	3	0	0	3
IS	3042	1	0	0	1
IS	3043	1	1	0	0
IS	3044	0	0	0	0
IS	3045	0	0	0	0
IS	3046	1	0	0	1
IS	3047	0	0	0	0
IS	3048	0	0	0	0
IS	3049	0	0	0	0
IS	3050	2	0	0	2
IS	3051	1	0	0	1
IS	3052	0	0	0	0
IS	3053	0	0	0	0
IS	3054	2	1	0	1
IS	3055	2	0	0	2
IS	3056	0	0	0	0
IS	3057	1	1	0	0
IS	3058	1	0	0	1
IS	3059	2	0	0	2
IS	3060	0	0	0	0
IS	3061	1	0	0	1
IS	3062	0	0	0	0
IS	3063	0	0	0	0
IS	3064	3	0	0	3
IS	3065	3	0	0	3
IS	3066	0	0	0	0
IS	3067	1	1	0	0
IS	3068	0	0	0	0
IS	3069	1	0	0	1
IS	3070	1	0	0	1
IS	3071	0	0	0	0
IS	3072	0	0	0	0
IS	3073	0	0	0	0
IS	3074	2	0	1	1
IS	3075	0	0	0	0
IS	3076	2	0	0	2
IS	3077	0	0	0	0
IS	3078	0	0	0	0
IS	3079	2	0	0	2
IS	3080	0	0	0	0
IS	3081	1	0	0	1
IS	3082	1	0	0	1
IS	3083	0	0	0	0
IS	3084	1	0	0	1
IS	3085	1	0	0	1
IS	3086	0	0	0	0
IS	3087	0	0	0	0
IS	3088	0	0	0	0
IS	3089	2	0	0	2
IS	3090	1	0	0	1
IS	3091	1	1	0	0
IS	3092	2	0	0	2
IS	3093	0	0	0	0
IS	3094	1	0	0	1
IS	3095	1	0	0	1
IS	3096	0	0	0	0
IS	3097	2	0	1	1
IS	3098	2	0	0	2
IS	3099	0	0	0	0
IS	3100	1	1	0	0
IS	3101	1	0	0	1
IS	3102	1	0	0	1
IS	3103	1	0	0	1
IS	3104	2	0	0	2
IS	3105	2	0	0	2
IS	3106	2	0	0	2
IS	3107	0	0	0	0
IS	3108	2	0	0	2
IS	3109	1	0	0	1
IS	3110	1	0	0	1
IS	3111	2	0	0	2
IS	3112	1	0	0	1
IS	3113	1	0	0	1
IS	3114	1	0	0	1
IS	3115	1	0	1	0
IS	3116	4	0	0	4
IS	3117	0	0	0	0
IS	3118	3	0	0	3
IS	3119	0	0	0	0
IS	3120	1	0	0	1
IS	3121	2	0	0	2
IS	3122	2	0	0	2
IS	3123	3	0	0	3
IS	3124	2	0	0	2
IS	3125	1	1	0	0
IS	3126	1	0	0	1
IS	3127	1	0	0	1
IS	3128	1	0	0	1
IS	3129	2	0	0	2
IS	3130	2	0	0	2
IS	3131	0	0	0	0
IS	3132	0	0	0	0
IS	3133	2	0	0	2
IS	3134	1	0	0	1
IS	3135	1	0	0	1
IS	3136	2	0	0	2
IS	3137	1	0	0	1
IS	3138	0	0	0	0
IS	3139	0	0	0	0
IS	3140	0	0	0	0
IS	3141	2	0	0	2
IS	3142	0	0	0	0
IS	3143	0	0	0	0
IS	3144	1	0	0	1
IS	3145	0	0	0	0
IS	3146	2	0	0	2
IS	3147	0	0	0	0
IS	3148	1	0	0	1
IS	3149	0	0	0	0
IS	3150	0	0	0	0
IS	3151	1	0	0	1
IS	3152	0	0	0	0
IS	3153	0	0	0	0
IS	3154	3	1	0	2
IS	3155	2	0	0	2
IS	3156	0	0	0	0
IS	3157	0	0	0	0
IS	3158	1	0	0	1
IS	3159	0	0	0	0
IS	3160	1	0	0	1
IS	3161	0	0	0	0
IS	3162	0	0	0	0
IS	3163	0	0	0	0
IS	3164	5	0	0	5
IS	3165	3	1	0	2
IS	3166	2	0	0	2
IS	3167	1	0	0	1
IS	3168	1	0	0	1
IS	3169	1	0	0	1
IS	3170	1	0	0	1
IS	3171	1	0	0	1
IS	3172	0	0	0	0
IS	3173	0	0	0	0
IS	3174	0	0	0	0
IS	3175	0	0	0	0
IS	3176	0	0	0	0
IS	3177	1	0	0	1
IS	3178	0	0	0	0
IS	3179	0	0	0	0
IS	3180	1	0	0	1
IS	3181	0	0	0	0
IS	3182	2	0	0	2
IS	3183	2	0	0	2
IS	3184	2	0	0	2
IS	3185	2	0	0	2
IS	3186	0	0	0	0
IS	3187	0	0	0	0
IS	3188	3	0	0	3
IS	3189	2	0	0	2
IS	3190	3	0	0	3
IS	3191	0	0	0	0
IS	3192	0	0	0	0
IS	3193	1	0	0	1
IS	3194	1	0	0	1
IS	3195	2	0	0	2
IS	3196	2	0	0	2
IS	3197	1	0	0	1
IS	3198	1	0	0	1
IS	3199	1	1	0	0
IS	3200	0	0	0	0
IS	3201	0	0	0	0
IS	3202	1	0	0	1
IS	3203	0	0	0	0
IS	3204	1	0	0	1
IS	3205	0	0	0	0
IS	3206	3	0	0	3
IS	3207	4	0	0	4
IS	3208	0	0	0	0
IS	3209	1	0	0	1
IS	3210	3	0	0	3
IS	3211	0	0	0	0
IS	3212	0	0	0	0
IS	3213	0	0	0	0
IS	3214	1	0	0	1
IS	3215	1	0	0	1
IS	3216	0	0	0	0
IS	3217	1	1	0	0
IS	3218	0	0	0	0
IS	3219	1	0	0	1
IS	3220	0	0	0	0
IS	3221	0	0	0	0
IS	3222	0	0	0	0
IS	3223	2	0	0	2
IS	3224	2	1	0	1
IS	3225	0	0	0	0
IS	3226	0	0	0	0
IS	3227	1	0	0	1
IS	3228	0	0	0	0
IS	3229	1	0	0	1
IS	3230	1	0	0	1
IS	3231	0	0	0	0
IS	3232	0	0	0	0
IS	3233	0	0	0	0
IS	3234	1	0	0	1
IS	3235	0	0	0	0
IS	3236	3	0	0	3
IS	3237	1	0	0	1
IS	3238	0	0	0	0
IS	3239	0	0	0	0
IS	3240	0	0	0	0
IS	3241	2	1	0	1
IS	3242	2	1	0	1
IS	3243	1	0	0	1
IS	3244	5	0	0	5
IS	3245	0	0	0	0
IS	3246	2	0	0	2
IS	3247	1	0	0	1
IS	3248	2	0	0	2
IS	3249	0	0	0	0
IS	3250	1	0	0	1
IS	3251	1	0	0	1
IS	3252	1	0	0	1
IS	3253	0	0	0	0
IS	3254	0	0	0	0
IS	3255	0	0	0	0
IS	3256	0	0	0	0
IS	3257	0	0	0	0
IS	3258	0	0	0	0
IS	3259	0	0	0	0
IS	3260	2	0	0	2
IS	3261	0	0	0	0
IS	3262	1	0	0	1
IS	3263	0	0	0	0
IS	3264	2	0	0	2
IS	3265	1	0	0	1
IS	3266	2	0	0	2
IS	3267	1	1	0	0
IS	3268	0	0	0	0
IS	3269	1	0	0	1
IS	3270	0	0	0	0
IS	3271	1	0	0	1
IS	3272	1	0	0	1
IS	3273	1	0	0	1
IS	3274	2	0	0	2
IS	3275	0	0	0	0
IS	3276	0	0	0	0
IS	3277	0	0	0	0
IS	3278	0	0	0	0
IS	3279	2	0	0	2
IS	3280	0	0	0	0
IS	3281	0	0	0	0
IS	3282	3	0	0	3
IS	3283	0	0	0	0
IS	3284	1	0	0	1
IS	3285	0	0	0	0
IS	3286	1	0	0	1
IS	3287	1	0	0	1
IS	3288	3	0	0	3
IS	3289	0	0	0	0
IS	3290	1	0	0	1
IS	3291	0	0	0	0
IS	3292	2	0	0	2
IS	3293	0	0	0	0
IS	3294	0	0	0	0
IS	3295	2	0	0	2
IS	3296	3	0	0	3
IS	3297	0	0	0	0
IS	3298	1	0	0	1
IS	3299	1	0	1	0
IS	3300	1	0	0	1
IS	3301	1	0	0	1
IS	3302	0	0	0	0
IS	3303	1	0	0	1
IS	3304	0	0	0	0
IS	3305	0	0	0	0
IS	3306	0	0	0	0
IS	3307	1	0	0	1
IS	3308	0	0	0	0
IS	3309	1	0	0	1
IS	3310	0	0	0	0
IS	3311	0	0	0	0
IS	3312	0	0	0	0
IS	3313	1	0	0	1
IS	3314	0	0	0	0
IS	3315	1	0	0	1
IS	3316	2	0	0	2
IS	3317	1	0	0	1
IS	3318	1	0	0	1
IS	3319	1	0	0	1
IS	3320	2	0	0	2
IS	3321	0	0	0	0
IS	3322	1	0	0	1
IS	3323	0	0	0	0
IS	3324	1	0	0	1
IS	3325	0	0	0	0
IS	3326	0	0	0	0
IS	3327	0	0	0	0
IS	3328	1	0	0	1
IS	3329	0	0	0	0
IS	3330	0	0	0	0
IS	3331	1	0	0	1
IS	3332	2	0	0	2
IS	3333	0	0	0	0
IS	3334	1	0	0	1
IS	3335	0	0	0	0
IS	3336	0	0	0	0
IS	3337	2	0	0	2
IS	3338	0	0	0	0
IS	3339	1	0	0	1
IS	3340	0	0	0	0
IS	3341	1	0	0	1
IS	3342	1	0	0	1
IS	3343	0	0	0	0
IS	3344	0	0	0	0
IS	3345	0	0	0	0
IS	3346	0	0	0	0
IS	3347	0	0	0	0
IS	3348	1	1	0	0
IS	3349	1	0	0	1
IS	3350	0	0	0	0
IS	3351	0	0	0	0
IS	3352	1	0	0	1
IS	3353	1	0	1	0
IS	3354	0	0	0	0
IS	3355	2	1	0	1
IS	3356	2	0	0	2
IS	3357	0	0	0	0
IS	3358	0	0	0	0
IS	3359	2	0	0	2
IS	3360	3	0	0	3
IS	3361	0	0	0	0
IS	3362	0	0	0	0
IS	3363	0	0	0	0
IS	3364	0	0	0	0
IS	3365	1	0	0	1
IS	3366	2	0	0	2
IS	3367	1	0	0	1
IS	3368	1	0	0	1
IS	3369	3	1	0	2
IS	3370	1	0	0	1
IS	3371	1	0	0	1
IS	3372	2	0	0	2
IS	3373	2	0	0	2
IS	3374	0	0	0	0
IS	3375	0	0	0	0
IS	3376	1	1	0	0
IS	3377	0	0	0	0
IS	3378	0	0	0	0
IS	3379	3	0	0	3
IS	3380	0	0	0	0
IS	3381	1	0	1	0
IS	3382	1	0	0	1
IS	3383	0	0	0	0
IS	3384	0	0	0	0
IS	3385	1	0	0	1
IS	3386	2	0	0	2
IS	3387	1	0	0	1
IS	3388	0	0	0	0
IS	3389	0	0	0	0
IS	3390	1	1	0	0
IS	3391	1	0	0	1
IS	3392	2	0	0	2
IS	3393	1	0	0	1
IS	3394	0	0	0	0
IS	3395	3	0	1	2
IS	3396	0	0	0	0
IS	3397	1	0	0	1
IS	3398	0	0	0	0
IS	3399	2	0	0	2
IS	3400	0	0	0	0
IS	3401	1	1	0	0
IS	3402	1	0	0	1
IS	3403	0	0	0	0
IS	3404	0	0	0	0
IS	3405	0	0	0	0
IS	3406	2	0	0	2
IS	3407	4	0	0	4
IS	3408	1	0	0	1
IS	3409	1	0	0	1
IS	3410	0	0	0	0
IS	3411	0	0	0	0
IS	3412	1	1	0	0
IS	3413	0	0	0	0
IS	3414	3	0	0	3
IS	3415	0	0	0	0
IS	3416	4	0	0	4
IS	3417	3	0	0	3
IS	3418	0	0	0	0
IS	3419	1	0	0	1
IS	3420	2	0	0	2
IS	3421	0	0	0	0
IS	3422	1	0	0	1
IS	3423	0	0	0	0
IS	3424	1	0	0	1
IS	3425	1	0	0	1
IS	3426	0	0	0	0
IS	3427	0	0	0	0
IS	3428	0	0	0	0
IS	3429	0	0	0	0
IS	3430	0	0	0	0
IS	3431	1	0	0	1
IS	3432	1	0	0	1
IS	3433	3	0	0	3
IS	3434	2	0	1	1
IS	3435	2	1	0	1
IS	3436	0	0	0	0
IS	3437	0	0	0	0
IS	3438	0	0	0	0
IS	3439	0	0	0	0
IS	3440	2	0	0	2
IS	3441	0	0	0	0
IS	3442	2	0	1	1
IS	3443	1	0	0	1
IS	3444	0	0	0	0
IS	3445	0	0	0	0
IS	3446	2	0	0	2
IS	3447	1	0	0	1
IS	3448	1	1	0	0
IS	3449	1	0	0	1
IS	3450	1	0	0	1
IS	3451	0	0	0	0
IS	3452	0	0	0	0
IS	3453	1	0	0	1
IS	3454	0	0	0	0
IS	3455	1	0	0	1
IS	3456	0	0	0	0
IS	3457	1	0	0	1
IS	3458	1	0	0	1
IS	3459	1	0	0	1
IS	3460	2	0	0	2
IS	3461	1	0	0	1
IS	3462	1	0	0	1
IS	3463	1	0	0	1
IS	3464	0	0	0	0
IS	3465	0	0	0	0
IS	3466	0	0	0	0
IS	3467	2	0	1	1
IS	3468	0	0	0	0
IS	3469	0	0	0	0
IS	3470	0	0	0	0
IS	3471	1	0	0	1
IS	3472	0	0	0	0
IS	3473	0	0	0	0
IS	3474	1	1	0	0
IS	3475	0	0	0	0
IS	3476	0	0	0	0
IS	3477	1	0	0	1
IS	3478	1	0	0	1
IS	3479	2	1	1	0
IS	3480	1	0	0	1
IS	3481	2	0	0	2
IS	3482	1	0	0	1
IS	3483	0	0	0	0
IS	3484	0	0	0	0
IS	3485	0	0	0	0
IS	3486	1	0	0	1
IS	3487	0	0	0	0
IS	3488	1	0	0	1
IS	3489	1	0	0	1
IS	3490	1	0	0	1
IS	3491	1	0	0	1
IS	3492	0	0	0	0
IS	3493	2	0	0	2
IS	3494	0	0	0	0
IS	3495	1	0	0	1
IS	3496	2	1	0	1
IS	3497	1	0	0	1
IS	3498	0	0	0	0
IS	3499	0	0	0	0
IS	3500	0	0	0	0
IS	3501	0	0	0	0
IS	3502	0	0	0	0
IS	3503	1	1	0	0
IS	3504	0	0	0	0
IS	3505	0	0	0	0
IS	3506	0	0	0	0
IS	3507	2	0	0	2
IS	3508	0	0	0	0
IS	3509	3	0	0	3
IS	3510	1	0	0	1
IS	3511	1	0	0	1
IS	3512	2	2	0	0
IS	3513	1	0	0	1
IS	3514	1	0	0	1
IS	3515	1	0	0	1
IS	3516	0	0	0	0
IS	3517	1	0	0	1
IS	3518	2	0	0	2
IS	3519	3	0	0	3
IS	3520	0	0	0	0
IS	3521	0	0	0	0
IS	3522	0	0	0	0
IS	3523	2	0	0	2
IS	3524	0	0	0	0
IS	3525	1	0	0	1
IS	3526	1	0	0	1
IS	3527	0	0	0	0
IS	3528	1	0	0	1
IS	3529	1	0	0	1
IS	3530	1	0	0	1
IS	3531	2	0	0	2
IS	3532	0	0	0	0
IS	3533	0	0	0	0
IS	3534	0	0	0	0
IS	3535	1	0	0	1
IS	3536	1	0	0	1
IS	3537	0	0	0	0
IS	3538	1	0	0	1
IS	3539	1	0	0	1
IS	3540	1	0	0	1
IS	3541	1	1	0	0
IS	3542	1	0	0	1
IS	3543	0	0	0	0
IS	3544	0	0	0	0
IS	3545	1	0	0	1
IS	3546	2	0	0	2
IS	3547	0	0	0	0
IS	3548	0	0	0	0
IS	3549	2	0	0	2
IS	3550	2	0	0	2
IS	3551	0	0	0	0
IS	3552	0	0	0	0
IS	3553	0	0	0	0
IS	3554	0	0	0	0
IS	3555	1	0	0	1
IS	3556	1	0	0	1
IS	3557	0	0	0	0
IS	3558	0	0	0	0
IS	3559	0	0	0	0
IS	3560	1	0	0	1
IS	3561	2	1	0	1
IS	3562	2	0	0	2
IS	3563	0	0	0	0
IS	3564	0	0	0	0
IS	3565	3	0	0	3
IS	3566	1	0	0	1
IS	3567	1	0	0	1
IS	3568	2	0	0	2
IS	3569	1	1	0	0
IS	3570	0	0	0	0
IS	3571	0	0	0	0
IS	3572	0	0	0	0
IS	3573	0	0	0	0
IS	3574	1	0	0	1
IS	3575	0	0	0	0
IS	3576	2	0	0	2
IS	3577	0	0	0	0
IS	3578	3	0	0	3
IS	3579	0	0	0	0
IS	3580	1	0	0	1
IS	3581	0	0	0	0
IS	3582	0	0	0	0
IS	3583	0	0	0	0
IS	3584	1	0	0	1
IS	3585	0	0	0	0
IS	3586	2	0	0	2
IS	3587	0	0	0	0
IS	3588	0	0	0	0
IS	3589	0	0	0	0
IS	3590	0	0	0	0
IS	3591	0	0	0	0
IS	3592	1	0	0	1
IS	3593	0	0	0	0
IS	3594	1	0	0	1
IS	3595	1	0	0	1
IS	3596	1	0	0	1
IS	3597	2	0	0	2
IS	3598	0	0	0	0
IS	3599	1	0	0	1
IS	3600	1	0	0	1
IS	3601	0	0	0	0
IS	3602	0	0	0	0
IS	3603	0	0	0	0
IS	3604	1	0	0	1
IS	3605	0	0	0	0
IS	3606	1	0	0	1
IS	3607	0	0	0	0
IS	3608	2	0	0	2
IS	3609	2	0	0	2
IS	3610	0	0	0	0
IS	3611	2	0	0	2
IS	3612	3	0	0	3
IS	3613	1	0	0	1
IS	3614	0	0	0	0
IS	3615	0	0	0	0
IS	3616	0	0	0	0
IS	3617	2	0	0	2
IS	3618	2	0	0	2
IS	3619	0	0	0	0
IS	3620	1	0	0	1
IS	3621	2	0	0	2
IS	3622	1	0	0	1
IS	3623	1	0	0	1
IS	3624	2	0	0	2
IS	3625	2	0	0	2
IS	3626	4	0	0	4
IS	3627	0	0	0	0
IS	3628	0	0	0	0
IS	3629	0	0	0	0
IS	3630	0	0	0	0
IS	3631	1	0	0	1
IS	3632	0	0	0	0
IS	3633	1	0	0	1
IS	3634	0	0	0	0
IS	3635	1	0	0	1
IS	3636	1	0	0	1
IS	3637	1	0	0	1
IS	3638	0	0	0	0
IS	3639	0	0	0	0
IS	3640	1	0	1	0
IS	3641	0	0	0	0
IS	3642	0	0	0	0
IS	3643	0	0	0	0
IS	3644	1	0	0	1
IS	3645	0	0	0	0
IS	3646	3	0	0	3
IS	3647	2	0	0	2
IS	3648	1	0	0	1
IS	3649	0	0	0	0
IS	3650	0	0	0	0
IS	3651	0	0	0	0
IS	3652	0	0	0	0
IS	3653	0	0	0	0
IS	3654	0	0	0	0
IS	3655	1	0	0	1
IS	3656	1	0	0	1
IS	3657	0	0	0	0
IS	3658	2	0	0	2
IS	3659	0	0	0	0
IS	3660	0	0	0	0
IS	3661	0	0	0	0
IS	3662	1	0	0	1
IS	3663	1	0	0	1
IS	3664	0	0	0	0
IS	3665	0	0	0	0
IS	3666	0	0	0	0
IS	3667	0	0	0	0
IS	3668	2	0	0	2
IS	3669	1	0	0	1
IS	3670	1	0	0	1
IS	3671	0	0	0	0
IS	3672	0	0	0	0
IS	3673	1	0	0	1
IS	3674	0	0	0	0
IS	3675	1	0	0	1
IS	3676	1	0	0	1
IS	3677	2	1	0	1
IS	3678	3	0	0	3
IS	3679	0	0	0	0
IS	3680	1	0	0	1
IS	3681	0	0	0	0
IS	3682	0	0	0	0
IS	3683	1	0	0	1
IS	3684	1	0	0	1
IS	3685	0	0	0	0
IS	3686	0	0	0	0
IS	3687	2	0	0	2
IS	3688	2	0	0	2
IS	3689	2	0	0	2
IS	3690	1	0	0	1
IS	3691	0	0	0	0
IS	3692	0	0	0	0
IS	3693	1	0	0	1
IS	3694	1	0	0	1
IS	3695	1	0	0	1
IS	3696	1	0	0	1
IS	3697	0	0	0	0
IS	3698	2	0	0	2
IS	3699	1	0	0	1
IS	3700	2	0	0	2
IS	3701	0	0	0	0
IS	3702	2	0	0	2
IS	3703	0	0	0	0
IS	3704	0	0	0	0
IS	3705	0	0	0	0
IS	3706	0	0	0	0
IS	3707	1	0	0	1
IS	3708	1	0	0	1
IS	3709	0	0	0	0
IS	3710	1	0	0	1
IS	3711	0	0	0	0
IS	3712	0	0	0	0
IS	3713	1	0	0	1
IS	3714	2	0	0	2
IS	3715	1	0	0	1
IS	3716	1	1	0	0
IS	3717	0	0	0	0
IS	3718	0	0	0	0
IS	3719	0	0	0	0
IS	3720	0	0	0	0
IS	3721	1	0	0	1
IS	3722	1	0	0	1
IS	3723	1	0	0	1
IS	3724	3	0	0	3
IS	3725	0	0	0	0
IS	3726	1	0	0	1
IS	3727	0	0	0	0
IS	3728	0	0	0	0
IS	3729	0	0	0	0
IS	3730	1	0	0	1
IS	3731	0	0	0	0
IS	3732	0	0	0	0
IS	3733	1	0	0	1
IS	3734	1	0	0	1
IS	3735	1	0	0	1
IS	3736	2	1	0	1
IS	3737	1	0	0	1
IS	3738	1	1	0	0
IS	3739	0	0	0	0
IS	3740	1	0	0	1
IS	3741	1	0	0	1
IS	3742	0	0	0	0
IS	3743	1	0	0	1
IS	3744	0	0	0	0
IS	3745	1	0	0	1
IS	3746	0	0	0	0
IS	3747	3	0	0	3
IS	3748	1	0	0	1
IS	3749	0	0	0	0
IS	3750	2	0	0	2
IS	3751	0	0	0	0
IS	3752	0	0	0	0
IS	3753	1	0	0	1
IS	3754	0	0	0	0
IS	3755	1	0	0	1
IS	3756	0	0	0	0
IS	3757	2	0	0	2
IS	3758	1	0	0	1
IS	3759	3	0	0	3
IS	3760	0	0	0	0
IS	3761	2	0	0	2
IS	3762	0	0	0	0
IS	3763	0	0	0	0
IS	3764	0	0	0	0
IS	3765	0	0	0	0
IS	3766	0	0	0	0
IS	3767	0	0	0	0
IS	3768	1	0	0	1
IS	3769	1	1	0	0
IS	3770	1	0	0	1
IS	3771	1	0	0	1
IS	3772	0	0	0	0
IS	3773	2	0	1	1
IS	3774	2	0	0	2
IS	3775	2	0	0	2
IS	3776	1	0	0	1
IS	3777	2	0	0	2
IS	3778	0	0	0	0
IS	3779	1	0	0	1
IS	3780	1	0	0	1
IS	3781	0	0	0	0
IS	3782	0	0	0	0
IS	3783	0	0	0	0
IS	3784	2	0	0	2
IS	3785	2	0	0	2
IS	3786	0	0	0	0
IS	3787	0	0	0	0
IS	3788	1	0	0	1
IS	3789	1	0	0	1
IS	3790	1	0	0	1
IS	3791	0	0	0	0
IS	3792	1	0	0	1
IS	3793	2	0	0	2
IS	3794	2	0	0	2
IS	3795	1	0	0	1
IS	3796	1	0	0	1
IS	3797	0	0	0	0
IS	3798	1	0	0	1
IS	3799	0	0	0	0
IS	3800	0	0	0	0
IS	3801	0	0	0	0
IS	3802	3	0	0	3
IS	3803	1	0	0	1
IS	3804	0	0	0	0
IS	3805	0	0	0	0
IS	3806	0	0	0	0
IS	3807	1	0	0	1
IS	3808	0	0	0	0
IS	3809	0	0	0	0
IS	3810	0	0	0	0
IS	3811	0	0	0	0
IS	3812	0	0	0	0
IS	3813	3	0	0	3
IS	3814	1	0	0	1
IS	3815	1	0	0	1
IS	3816	1	0	0	1
IS	3817	0	0	0	0
IS	3818	1	0	0	1
IS	3819	1	0	0	1
IS	3820	0	0	0	0
IS	3821	0	0	0	0
IS	3822	2	0	0	2
IS	3823	1	0	0	1
IS	3824	0	0	0	0
IS	3825	0	0	0	0
IS	3826	0	0	0	0
IS	3827	3	0	0	3
IS	3828	0	0	0	0
IS	3829	0	0	0	0
IS	3830	0	0	0	0
IS	3831	0	0	0	0
IS	3832	0	0	0	0
IS	3833	0	0	0	0
IS	3834	0	0	0	0
IS	3835	3	1	0	2
IS	3836	0	0	0	0
IS	3837	0	0	0	0
IS	3838	0	0	0	0
IS	3839	0	0	0	0
IS	3840	0	0	0	0
IS	3841	3	0	0	3
IS	3842	0	0	0	0
IS	3843	0	0	0	0
IS	3844	0	0	0	0
IS	3845	1	0	0	1
IS	3846	0	0	0	0
IS	3847	0	0	0	0
IS	3848	1	0	0	1
IS	3849	0	0	0	0
IS	3850	0	0	0	0
IS	3851	0	0	0	0
IS	3852	1	0	0	1
IS	3853	0	0	0	0
IS	3854	0	0	0	0
IS	3855	0	0	0	0
IS	3856	0	0	0	0
IS	3857	0	0	0	0
IS	3858	0	0	0	0
IS	3859	0	0	0	0
IS	3860	0	0	0	0
IS	3861	0	0	0	0
IS	3862	0	0	0	0
IS	3863	1	0	0	1
IS	3864	0	0	0	0
IS	3865	3	0	0	3
IS	3866	0	0	0	0
IS	3867	1	0	0	1
IS	3868	1	0	0	1
IS	3869	1	0	0	1
IS	3870	0	0	0	0
IS	3871	0	0	0	0
IS	3872	0	0	0	0
IS	3873	0	0	0	0
IS	3874	0	0	0	0
IS	3875	0	0	0	0
IS	3876	0	0	0	0
IS	3877	0	0	0	0
IS	3878	1	0	0	1
IS	3879	1	0	0	1
IS	3880	0	0	0	0
IS	3881	0	0	0	0
IS	3882	0	0	0	0
IS	3883	1	0	0	1
IS	3884	0	0	0	0
IS	3885	1	0	0	1
IS	3886	0	0	0	0
IS	3887	0	0	0	0
IS	3888	0	0	0	0
IS	3889	2	0	0	2
IS	3890	0	0	0	0
IS	3891	0	0	0	0
IS	3892	2	0	0	2
IS	3893	1	0	0	1
IS	3894	1	0	0	1
IS	3895	1	0	0	1
IS	3896	1	0	0	1
IS	3897	0	0	0	0
IS	3898	2	0	0	2
IS	3899	0	0	0	0
IS	3900	0	0	0	0
IS	3901	0	0	0	0
IS	3902	0	0	0	0
IS	3903	0	0	0	0
IS	3904	2	0	0	2
IS	3905	0	0	0	0
IS	3906	0	0	0	0
IS	3907	1	0	0	1
IS	3908	0	0	0	0
IS	3909	2	0	0	2
IS	3910	0	0	0	0
IS	3911	0	0	0	0
IS	3912	0	0	0	0
IS	3913	0	0	0	0
IS	3914	0	0	0	0
IS	3915	1	0	0	1
IS	3916	1	0	0	1
IS	3917	0	0	0	0
IS	3918	1	0	0	1
IS	3919	0	0	0	0
IS	3920	0	0	0	0
IS	3921	0	0	0	0
IS	3922	0	0	0	0
IS	3923	0	0	0	0
IS	3924	1	0	0	1
IS	3925	0	0	0	0
IS	3926	1	0	0	1
IS	3927	0	0	0	0
IS	3928	2	0	0	2
IS	3929	0	0	0	0
IS	3930	1	0	0	1
IS	3931	0	0	0	0
IS	3932	0	0	0	0
IS	3933	1	0	0	1
IS	3934	1	0	0	1
IS	3935	0	0	0	0
IS	3936	1	0	0	1
IS	3937	1	0	0	1
IS	3938	1	0	0	1
IS	3939	1	0	0	1
IS	3940	0	0	0	0
IS	3941	1	0	0	1
IS	3942	1	0	0	1
IS	3943	0	0	0	0
IS	3944	1	0	0	1
IS	3945	1	0	0	1
IS	3946	1	0	0	1
IS	3947	0	0	0	0
IS	3948	3	0	0	3
IS	3949	2	0	0	2
IS	3950	0	0	0	0
IS	3951	0	0	0	0
IS	3952	2	0	0	2
IS	3953	2	0	1	1
IS	3954	0	0	0	0
IS	3955	0	0	0	0
IS	3956	0	0	0	0
IS	3957	2	0	0	2
IS	3958	1	0	0	1
IS	3959	0	0	0	0
IS	3960	1	0	0	1
IS	3961	1	0	0	1
IS	3962	0	0	0	0
IS	3963	0	0	0	0
IS	3964	0	0	0	0
IS	3965	1	0	0	1
IS	3966	1	0	0	1
IS	3967	0	0	0	0
IS	3968	1	0	0	1
IS	3969	2	0	0	2
IS	3970	1	0	1	0
IS	3971	0	0	0	0
IS	3972	4	0	0	4
IS	3973	0	0	0	0
IS	3974	1	0	0	1
IS	3975	1	0	0	1
IS	3976	0	0	0	0
IS	3977	1	0	0	1
IS	3978	1	0	0	1
IS	3979	0	0	0	0
IS	3980	2	0	0	2
IS	3981	2	0	0	2
IS	3982	0	0	0	0
IS	3983	1	0	0	1
IS	3984	0	0	0	0
IS	3985	0	0	0	0
IS	3986	0	0	0	0
IS	3987	0	0	0	0
IS	3988	0	0	0	0
IS	3989	0	0	0	0
IS	3990	1	0	0	1
IS	3991	3	0	0	3
IS	3992	1	0	0	1
IS	3993	0	0	0	0
IS	3994	1	0	0	1
IS	3995	1	0	0	1
IS	3996	0	0	0	0
IS	3997	0	0	0	0
IS	3998	1	0	0	1
IS	3999	0	0	0	0
IS	4000	0	0	0	0
IS	4001	0	0	0	0
IS	4002	0	0	0	0
IS	4003	1	0	0	1
IS	4004	3	1	0	2
IS	4005	0	0	0	0
IS	4006	0	0	0	0
IS	4007	1	0	0	1
IS	4008	1	0	0	1
IS	4009	1	0	1	0
IS	4010	1	0	0	1
IS	4011	0	0	0	0
IS	4012	1	0	0	1
IS	4013	2	0	0	2
IS	4014	1	0	0	1
IS	4015	0	0	0	0
IS	4016	1	0	0	1
IS	4017	0	0	0	0
IS	4018	0	0	0	0
IS	4019	1	0	0	1
IS	4020	1	0	0	1
IS	4021	1	0	0	1
IS	4022	2	0	0	2
IS	4023	1	0	0	1
IS	4024	2	0	0	2
IS	4025	0	0	0	0
IS	4026	3	0	0	3
IS	4027	1	0	0	1
IS	4028	0	0	0	0
IS	4029	1	0	0	1
IS	4030	0	0	0	0
IS	4031	0	0	0	0
IS	4032	0	0	0	0
IS	4033	0	0	0	0
IS	4034	1	0	0	1
IS	4035	0	0	0	0
IS	4036	1	0	0	1
IS	4037	0	0	0	0
IS	4038	1	0	0	1
IS	4039	1	0	0	1
IS	4040	0	0	0	0
IS	4041	2	1	0	1
IS	4042	1	0	0	1
IS	4043	1	0	0	1
IS	4044	0	0	0	0
IS	4045	0	0	0	0
IS	4046	1	0	0	1
IS	4047	1	0	1	0
IS	4048	1	0	0	1
IS	4049	1	0	0	1
IS	4050	0	0	0	0
IS	4051	0	0	0	0
IS	4052	1	0	0	1
IS	4053	1	0	0	1
IS	4054	0	0	0	0
IS	4055	0	0	0	0
IS	4056	1	0	0	1
IS	4057	0	0	0	0
IS	4058	0	0	0	0
IS	4059	0	0	0	0
IS	4060	0	0	0	0
IS	4061	0	0	0	0
IS	4062	0	0	0	0
IS	4063	0	0	0	0
IS	4064	1	0	0	1
IS	4065	0	0	0	0
IS	4066	1	0	0	1
IS	4067	0	0	0	0
IS	4068	0	0	0	0
IS	4069	1	0	0	1
IS	4070	0	0	0	0
IS	4071	0	0	0	0
IS	4072	1	0	0	1
IS	4073	0	0	0	0
IS	4074	1	0	0	1
IS	4075	1	0	0	1
IS	4076	0	0	0	0
IS	4077	0	0	0	0
IS	4078	1	0	0	1
IS	4079	0	0	0	0
IS	4080	0	0	0	0
IS	4081	1	0	0	1
IS	4082	0	0	0	0
IS	4083	0	0	0	0
IS	4084	0	0	0	0
IS	4085	0	0	0	0
IS	4086	1	0	0	1
IS	4087	0	0	0	0
IS	4088	2	0	0	2
IS	4089	2	0	0	2
IS	4090	0	0	0	0
IS	4091	2	0	0	2
IS	4092	0	0	0	0
IS	4093	0	0	0	0
IS	4094	0	0	0	0
IS	4095	2	0	0	2
IS	4096	3	0	0	3
IS	4097	2	0	0	2
IS	4098	1	0	0	1
IS	4099	2	0	0	2
IS	4100	1	0	0	1
IS	4101	0	0	0	0
IS	4102	0	0	0	0
IS	4103	0	0	0	0
IS	4104	0	0	0	0
IS	4105	1	0	0	1
IS	4106	1	0	0	1
IS	4107	0	0	0	0
IS	4108	0	0	0	0
IS	4109	0	0	0	0
IS	4110	0	0	0	0
IS	4111	0	0	0	0
IS	4112	1	0	0	1
IS	4113	1	0	0	1
IS	4114	1	0	0	1
IS	4115	1	0	0	1
IS	4116	0	0	0	0
IS	4117	2	0	1	1
IS	4118	1	0	0	1
IS	4119	0	0	0	0
IS	4120	1	0	0	1
IS	4121	1	0	0	1
IS	4122	0	0	0	0
IS	4123	2	0	0	2
IS	4124	0	0	0	0
IS	4125	0	0	0	0
IS	4126	0	0	0	0
IS	4127	2	0	0	2
IS	4128	0	0	0	0
IS	4129	1	0	0	1
IS	4130	0	0	0	0
IS	4131	0	0	0	0
IS	4132	0	0	0	0
IS	4133	1	0	0	1
IS	4134	1	0	0	1
IS	4135	0	0	0	0
IS	4136	0	0	0	0
IS	4137	1	0	0	1
IS	4138	0	0	0	0
IS	4139	0	0	0	0
IS	4140	1	0	0	1
IS	4141	1	0	0	1
IS	4142	1	0	0	1
IS	4143	0	0	0	0
IS	4144	1	0	0	1
IS	4145	1	0	0	1
IS	4146	1	0	0	1
IS	4147	1	0	0	1
IS	4148	1	0	0	1
IS	4149	0	0	0	0
IS	4150	0	0	0	0
IS	4151	1	0	0	1
IS	4152	0	0	0	0
IS	4153	0	0	0	0
IS	4154	0	0	0	0
IS	4155	0	0	0	0
IS	4156	0	0	0	0
IS	4157	0	0	0	0
IS	4158	1	0	1	0
IS	4159	0	0	0	0
IS	4160	2	0	0	2
IS	4161	0	0	0	0
IS	4162	1	0	0	1
IS	4163	1	0	0	1
IS	4164	0	0	0	0
IS	4165	1	0	0	1
IS	4166	1	0	0	1
IS	4167	0	0	0	0
IS	4168	1	0	0	1
IS	4169	1	0	0	1
IS	4170	1	0	0	1
IS	4171	1	0	0	1
IS	4172	2	0	0	2
IS	4173	0	0	0	0
IS	4174	0	0	0	0
IS	4175	0	0	0	0
IS	4176	0	0	0	0
IS	4177	0	0	0	0
IS	4178	1	0	0	1
IS	4179	2	0	0	2
IS	4180	0	0	0	0
IS	4181	0	0	0	0
IS	4182	0	0	0	0
IS	4183	0	0	0	0
IS	4184	1	0	0	1
IS	4185	0	0	0	0
IS	4186	0	0	0	0
IS	4187	0	0	0	0
IS	4188	1	0	0	1
IS	4189	0	0	0	0
IS	4190	1	0	0	1
IS	4191	0	0	0	0
IS	4192	4	0	0	4
IS	4193	1	0	0	1
IS	4194	1	0	0	1
IS	4195	0	0	0	0
IS	4196	1	0	0	1
IS	4197	0	0	0	0
IS	4198	1	0	0	1
IS	4199	0	0	0	0
IS	4200	1	0	0	1
IS	4201	1	0	0	1
IS	4202	3	0	0	3
IS	4203	1	0	0	1
IS	4204	0	0	0	0
IS	4205	0	0	0	0
IS	4206	0	0	0	0
IS	4207	1	0	0	1
IS	4208	2	0	0	2
IS	4209	0	0	0	0
IS	4210	0	0	0	0
IS	4211	2	0	0	2
IS	4212	0	0	0	0
IS	4213	0	0	0	0
IS	4214	0	0	0	0
IS	4215	2	0	0	2
IS	4216	1	0	0	1
IS	4217	0	0	0	0
IS	4218	1	0	0	1
IS	4219	0	0	0	0
IS	4220	0	0	0	0
IS	4221	0	0	0	0
IS	4222	1	0	0	1
IS	4223	1	0	0	1
IS	4224	1	0	0	1
IS	4225	1	0	0	1
IS	4226	1	0	0	1
IS	4227	1	0	0	1
IS	4228	1	0	0	1
IS	4229	0	0	0	0
IS	4230	2	0	0	2
IS	4231	1	0	0	1
IS	4232	3	0	0	3
IS	4233	0	0	0	0
IS	4234	1	0	0	1
IS	4235	0	0	0	0
IS	4236	0	0	0	0
IS	4237	0	0	0	0
IS	4238	0	0	0	0
IS	4239	0	0	0	0
IS	4240	1	0	0	1
IS	4241	0	0	0	0
IS	4242	1	0	0	1
IS	4243	0	0	0	0
IS	4244	1	0	0	1
IS	4245	1	0	0	1
IS	4246	1	0	0	1
IS	4247	0	0	0	0
IS	4248	0	0	0	0
IS	4249	1	0	0	1
IS	4250	0	0	0	0
IS	4251	0	0	0	0
IS	4252	1	0	0	1
IS	4253	1	0	0	1
IS	4254	0	0	0	0
IS	4255	0	0	0	0
IS	4256	1	0	0	1
IS	4257	0	0	0	0
IS	4258	0	0	0	0
IS	4259	1	0	0	1
IS	4260	1	0	0	1
IS	4261	0	0	0	0
IS	4262	0	0	0	0
IS	4263	0	0	0	0
IS	4264	2	1	0	1
IS	4265	0	0	0	0
IS	4266	0	0	0	0
IS	4267	0	0	0	0
IS	4268	2	0	0	2
IS	4269	0	0	0	0
IS	4270	0	0	0	0
IS	4271	1	0	0	1
IS	4272	1	0	0	1
IS	4273	0	0	0	0
IS	4274	1	0	0	1
IS	4275	1	0	0	1
IS	4276	0	0	0	0
IS	4277	0	0	0	0
IS	4278	0	0	0	0
IS	4279	1	0	0	1
IS	4280	1	0	0	1
IS	4281	0	0	0	0
IS	4282	1	0	0	1
IS	4283	0	0	0	0
IS	4284	2	0	0	2
IS	4285	0	0	0	0
IS	4286	1	1	0	0
IS	4287	4	0	0	4
IS	4288	0	0	0	0
IS	4289	1	0	0	1
IS	4290	0	0	0	0
IS	4291	0	0	0	0
IS	4292	0	0	0	0
IS	4293	0	0	0	0
IS	4294	1	0	0	1
IS	4295	0	0	0	0
IS	4296	0	0	0	0
IS	4297	0	0	0	0
IS	4298	0	0	0	0
IS	4299	0	0	0	0
IS	4300	0	0	0	0
IS	4301	1	0	1	0
IS	4302	1	0	0	1
IS	4303	1	1	0	0
IS	4304	0	0	0	0
IS	4305	0	0	0	0
IS	4306	0	0	0	0
IS	4307	0	0	0	0
IS	4308	1	0	0	1
IS	4309	0	0	0	0
IS	4310	0	0	0	0
IS	4311	0	0	0	0
IS	4312	0	0	0	0
IS	4313	1	0	0	1
IS	4314	0	0	0	0
IS	4315	1	0	0	1
IS	4316	0	0	0	0
IS	4317	0	0	0	0
IS	4318	2	0	0	2
IS	4319	0	0	0	0
IS	4320	0	0	0	0
IS	4321	0	0	0	0
IS	4322	1	0	0	1
IS	4323	0	0	0	0
IS	4324	0	0	0	0
IS	4325	0	0	0	0
IS	4326	0	0	0	0
IS	4327	0	0	0	0
IS	4328	0	0	0	0
IS	4329	0	0	0	0
IS	4330	0	0	0	0
IS	4331	0	0	0	0
IS	4332	1	0	0	1
IS	4333	0	0	0	0
IS	4334	1	0	0	1
IS	4335	0	0	0	0
IS	4336	1	0	0	1
IS	4337	0	0	0	0
IS	4338	0	0	0	0
IS	4339	0	0	0	0
IS	4340	1	0	0	1
IS	4341	1	0	0	1
IS	4342	0	0	0	0
IS	4343	0	0	0	0
IS	4344	0	0	0	0
IS	4345	2	0	0	2
IS	4346	1	0	0	1
IS	4347	0	0	0	0
IS	4348	0	0	0	0
IS	4349	1	0	0	1
IS	4350	2	0	0	2
IS	4351	0	0	0	0
IS	4352	1	0	0	1
IS	4353	1	0	0	1
IS	4354	0	0	0	0
IS	4355	1	0	0	1
IS	4356	0	0	0	0
IS	4357	1	0	0	1
IS	4358	1	0	0	1
IS	4359	2	0	0	2
IS	4360	1	1	0	0
IS	4361	1	0	0	1
IS	4362	0	0	0	0
IS	4363	1	0	0	1
IS	4364	0	0	0	0
IS	4365	0	0	0	0
IS	4366	1	0	0	1
IS	4367	0	0	0	0
IS	4368	0	0	0	0
IS	4369	0	0	0	0
IS	4370	3	0	0	3
IS	4371	0	0	0	0
IS	4372	0	0	0	0
IS	4373	1	0	0	1
IS	4374	1	0	0	1
IS	4375	1	0	0	1
IS	4376	0	0	0	0
IS	4377	0	0	0	0
IS	4378	0	0	0	0
IS	4379	0	0	0	0
IS	4380	1	0	0	1
IS	4381	0	0	0	0
IS	4382	5	0	0	5
IS	4383	0	0	0	0
IS	4384	0	0	0	0
IS	4385	1	0	0	1
IS	4386	0	0	0	0
IS	4387	0	0	0	0
IS	4388	0	0	0	0
IS	4389	1	0	0	1
IS	4390	0	0	0	0
IS	4391	0	0	0	0
IS	4392	0	0	0	0
IS	4393	0	0	0	0
IS	4394	0	0	0	0
IS	4395	0	0	0	0
IS	4396	1	0	0	1
IS	4397	2	0	0	2
IS	4398	1	0	0	1
IS	4399	2	0	0	2
IS	4400	0	0	0	0
IS	4401	2	0	0	2
IS	4402	0	0	0	0
IS	4403	0	0	0	0
IS	4404	1	0	0	1
IS	4405	1	0	0	1
IS	4406	0	0	0	0
IS	4407	0	0	0	0
IS	4408	0	0	0	0
IS	4409	1	0	0	1
IS	4410	0	0	0	0
IS	4411	0	0	0	0
IS	4412	0	0	0	0
IS	4413	0	0	0	0
IS	4414	0	0	0	0
IS	4415	0	0	0	0
IS	4416	0	0	0	0
IS	4417	2	0	0	2
IS	4418	0	0	0	0
IS	4419	0	0	0	0
IS	4420	0	0	0	0
IS	4421	0	0	0	0
IS	4422	0	0	0	0
IS	4423	0	0	0	0
IS	4424	1	0	0	1
IS	4425	0	0	0	0
IS	4426	2	0	0	2
IS	4427	0	0	0	0
IS	4428	0	0	0	0
IS	4429	0	0	0	0
IS	4430	0	0	0	0
IS	4431	0	0	0	0
IS	4432	1	0	0	1
IS	4433	0	0	0	0
IS	4434	1	0	0	1
IS	4435	0	0	0	0
IS	4436	0	0	0	0
IS	4437	0	0	0	0
IS	4438	0	0	0	0
IS	4439	1	0	0	1
IS	4440	0	0	0	0
IS	4441	0	0	0	0
IS	4442	0	0	0	0
IS	4443	0	0	0	0
IS	4444	0	0	0	0
IS	4445	0	0	0	0
IS	4446	0	0	0	0
IS	4447	0	0	0	0
IS	4448	0	0	0	0
IS	4449	1	0	0	1
IS	4450	0	0	0	0
IS	4451	0	0	0	0
IS	4452	1	0	0	1
IS	4453	0	0	0	0
IS	4454	1	0	0	1
IS	4455	1	0	0	1
IS	4456	0	0	0	0
IS	4457	0	0	0	0
IS	4458	0	0	0	0
IS	4459	1	0	0	1
IS	4460	0	0	0	0
IS	4461	1	0	0	1
IS	4462	2	0	0	2
IS	4463	1	0	0	1
IS	4464	1	0	0	1
IS	4465	0	0	0	0
IS	4466	0	0	0	0
IS	4467	2	0	1	1
IS	4468	1	0	0	1
IS	4469	1	0	0	1
IS	4470	0	0	0	0
IS	4471	1	0	0	1
IS	4472	1	0	0	1
IS	4473	0	0	0	0
IS	4474	3	0	1	2
IS	4475	0	0	0	0
IS	4476	0	0	0	0
IS	4477	0	0	0	0
IS	4478	1	0	0	1
IS	4479	2	0	0	2
IS	4480	1	0	0	1
IS	4481	0	0	0	0
IS	4482	1	0	0	1
IS	4483	0	0	0	0
IS	4484	0	0	0	0
IS	4485	1	0	0	1
IS	4486	0	0	0	0
IS	4487	0	0	0	0
IS	4488	0	0	0	0
IS	4489	0	0	0	0
IS	4490	0	0	0	0
IS	4491	0	0	0	0
IS	4492	0	0	0	0
IS	4493	1	0	0	1
IS	4494	0	0	0	0
IS	4495	1	0	0	1
IS	4496	0	0	0	0
IS	4497	2	0	0	2
IS	4498	0	0	0	0
IS	4499	0	0	0	0
IS	4500	0	0	0	0
IS	4501	0	0	0	0
IS	4502	0	0	0	0
IS	4503	0	0	0	0
IS	4504	2	0	0	2
IS	4505	0	0	0	0
IS	4506	0	0	0	0
IS	4507	0	0	0	0
IS	4508	0	0	0	0
IS	4509	1	0	0	1
IS	4510	1	0	0	1
IS	4511	0	0	0	0
IS	4512	0	0	0	0
IS	4513	1	0	1	0
IS	4514	0	0	0	0
IS	4515	0	0	0	0
IS	4516	0	0	0	0
IS	4517	0	0	0	0
IS	4518	0	0	0	0
IS	4519	0	0	0	0
IS	4520	1	0	0	1
IS	4521	1	0	0	1
IS	4522	2	0	0	2
IS	4523	0	0	0	0
IS	4524	0	0	0	0
IS	4525	0	0	0	0
IS	4526	2	0	0	2
IS	4527	1	0	0	1
IS	4528	1	0	0	1
IS	4529	1	0	0	1
IS	4530	1	0	0	1
IS	4531	0	0	0	0
IS	4532	0	0	0	0
IS	4533	2	0	0	2
IS	4534	1	0	0	1
IS	4535	1	0	0	1
IS	4536	0	0	0	0
IS	4537	1	0	0	1
IS	4538	0	0	0	0
IS	4539	0	0	0	0
IS	4540	0	0	0	0
IS	4541	0	0	0	0
IS	4542	0	0	0	0
IS	4543	0	0	0	0
IS	4544	0	0	0	0
IS	4545	1	0	0	1
IS	4546	0	0	0	0
IS	4547	1	0	0	1
IS	4548	1	0	0	1
IS	4549	1	0	0	1
IS	4550	0	0	0	0
IS	4551	1	0	0	1
IS	4552	1	0	0	1
IS	4553	0	0	0	0
IS	4554	0	0	0	0
IS	4555	0	0	0	0
IS	4556	0	0	0	0
IS	4557	1	0	0	1
IS	4558	0	0	0	0
IS	4559	0	0	0	0
IS	4560	1	0	0	1
IS	4561	0	0	0	0
IS	4562	2	0	0	2
IS	4563	0	0	0	0
IS	4564	0	0	0	0
IS	4565	1	0	0	1
IS	4566	1	0	0	1
IS	4567	0	0	0	0
IS	4568	1	0	0	1
IS	4569	0	0	0	0
IS	4570	0	0	0	0
IS	4571	2	0	0	2
IS	4572	1	0	0	1
IS	4573	2	0	0	2
IS	4574	0	0	0	0
IS	4575	0	0	0	0
IS	4576	0	0	0	0
IS	4577	0	0	0	0
IS	4578	1	0	1	0
IS	4579	0	0	0	0
IS	4580	0	0	0	0
IS	4581	0	0	0	0
IS	4582	0	0	0	0
IS	4583	0	0	0	0
IS	4584	1	0	0	1
IS	4585	1	0	0	1
IS	4586	0	0	0	0
IS	4587	0	0	0	0
IS	4588	0	0	0	0
IS	4589	0	0	0	0
IS	4590	1	0	0	1
IS	4591	0	0	0	0
IS	4592	0	0	0	0
IS	4593	1	0	0	1
IS	4594	1	0	0	1
IS	4595	0	0	0	0
IS	4596	1	0	0	1
IS	4597	0	0	0	0
IS	4598	1	0	0	1
IS	4599	0	0	0	0
IS	4600	0	0	0	0
IS	4601	1	0	0	1
IS	4602	2	0	0	2
IS	4603	2	0	0	2
IS	4604	0	0	0	0
IS	4605	0	0	0	0
IS	4606	0	0	0	0
IS	4607	2	0	0	2
IS	4608	0	0	0	0
IS	4609	0	0	0	0
IS	4610	0	0	0	0
IS	4611	0	0	0	0
IS	4612	0	0	0	0
IS	4613	0	0	0	0
IS	4614	0	0	0	0
IS	4615	0	0	0	0
IS	4616	0	0	0	0
IS	4617	1	0	0	1
IS	4618	0	0	0	0
IS	4619	2	0	0	2
IS	4620	1	0	0	1
IS	4621	1	0	0	1
IS	4622	0	0	0	0
IS	4623	0	0	0	0
IS	4624	0	0	0	0
IS	4625	1	0	0	1
IS	4626	2	0	0	2
IS	4627	0	0	0	0
IS	4628	0	0	0	0
IS	4629	0	0	0	0
IS	4630	1	0	0	1
IS	4631	0	0	0	0
IS	4632	1	0	0	1
IS	4633	0	0	0	0
IS	4634	1	0	0	1
IS	4635	0	0	0	0
IS	4636	0	0	0	0
IS	4637	1	0	0	1
IS	4638	0	0	0	0
IS	4639	0	0	0	0
IS	4640	0	0	0	0
IS	4641	0	0	0	0
IS	4642	0	0	0	0
IS	4643	0	0	0	0
IS	4644	0	0	0	0
IS	4645	1	0	0	1
IS	4646	1	0	0	1
IS	4647	0	0	0	0
IS	4648	1	0	0	1
IS	4649	0	0	0	0
IS	4650	0	0	0	0
IS	4651	1	0	0	1
IS	4652	0	0	0	0
IS	4653	0	0	0	0
IS	4654	2	0	0	2
IS	4655	0	0	0	0
IS	4656	0	0	0	0
IS	4657	0	0	0	0
IS	4658	0	0	0	0
IS	4659	0	0	0	0
IS	4660	0	0	0	0
IS	4661	1	0	0	1
IS	4662	0	0	0	0
IS	4663	0	0	0	0
IS	4664	0	0	0	0
IS	4665	0	0	0	0
IS	4666	2	0	1	1
IS	4667	1	0	0	1
IS	4668	0	0	0	0
IS	4669	0	0	0	0
IS	4670	0	0	0	0
IS	4671	0	0	0	0
IS	4672	1	0	0	1
IS	4673	1	0	0	1
IS	4674	0	0	0	0
IS	4675	0	0	0	0
IS	4676	0	0	0	0
IS	4677	1	0	0	1
IS	4678	1	0	0	1
IS	4679	1	0	0	1
IS	4680	0	0	0	0
IS	4681	2	0	0	2
IS	4682	1	0	0	1
IS	4683	0	0	0	0
IS	4684	0	0	0	0
IS	4685	1	0	0	1
IS	4686	0	0	0	0
IS	4687	0	0	0	0
IS	4688	0	0	0	0
IS	4689	1	0	0	1
IS	4690	0	0	0	0
IS	4691	3	0	0	3
IS	4692	1	0	0	1
IS	4693	0	0	0	0
IS	4694	0	0	0	0
IS	4695	0	0	0	0
IS	4696	1	0	0	1
IS	4697	0	0	0	0
IS	4698	0	0	0	0
IS	4699	0	0	0	0
IS	4700	1	0	0	1
IS	4701	0	0	0	0
IS	4702	2	0	0	2
IS	4703	0	0	0	0
IS	4704	0	0	0	0
IS	4705	0	0	0	0
IS	4706	0	0	0	0
IS	4707	0	0	0	0
IS	4708	3	0	0	3
IS	4709	1	1	0	0
IS	4710	1	0	0	1
IS	4711	0	0	0	0
IS	4712	0	0	0	0
IS	4713	0	0	0	0
IS	4714	0	0	0	0
IS	4715	1	0	0	1
IS	4716	0	0	0	0
IS	4717	0	0	0	0
IS	4718	1	0	0	1
IS	4719	1	0	0	1
IS	4720	1	0	1	0
IS	4721	1	0	0	1
IS	4722	0	0	0	0
IS	4723	0	0	0	0
IS	4724	2	0	0	2
IS	4725	0	0	0	0
IS	4726	0	0	0	0
IS	4727	0	0	0	0
IS	4728	1	0	0	1
IS	4729	0	0	0	0
IS	4730	0	0	0	0
IS	4731	0	0	0	0
IS	4732	1	0	0	1
IS	4733	0	0	0	0
IS	4734	1	0	0	1
IS	4735	0	0	0	0
IS	4736	2	0	0	2
IS	4737	0	0	0	0
IS	4738	1	1	0	0
IS	4739	0	0	0	0
IS	4740	1	0	0	1
IS	4741	0	0	0	0
IS	4742	1	0	0	1
IS	4743	0	0	0	0
IS	4744	0	0	0	0
IS	4745	0	0	0	0
IS	4746	0	0	0	0
IS	4747	0	0	0	0
IS	4748	0	0	0	0
IS	4749	2	0	0	2
IS	4750	1	0	0	1
IS	4751	1	0	0	1
IS	4752	1	0	0	1
IS	4753	0	0	0	0
IS	4754	1	0	0	1
IS	4755	0	0	0	0
IS	4756	0	0	0	0
IS	4757	1	0	0	1
IS	4758	0	0	0	0
IS	4759	2	0	0	2
IS	4760	0	0	0	0
IS	4761	1	0	0	1
IS	4762	0	0	0	0
IS	4763	1	0	0	1
IS	4764	2	1	0	1
IS	4765	1	0	0	1
IS	4766	0	0	0	0
IS	4767	1	1	0	0
IS	4768	0	0	0	0
IS	4769	0	0	0	0
IS	4770	0	0	0	0
IS	4771	1	0	0	1
IS	4772	0	0	0	0
IS	4773	0	0	0	0
IS	4774	0	0	0	0
IS	4775	2	0	0	2
IS	4776	0	0	0	0
IS	4777	1	0	0	1
IS	4778	1	0	0	1
IS	4779	0	0	0	0
IS	4780	0	0	0	0
IS	4781	1	0	0	1
IS	4782	0	0	0	0
IS	4783	2	0	0	2
IS	4784	0	0	0	0
IS	4785	0	0	0	0
IS	4786	0	0	0	0
IS	4787	1	0	0	1
IS	4788	0	0	0	0
IS	4789	0	0	0	0
IS	4790	0	0	0	0
IS	4791	1	0	0	1
IS	4792	0	0	0	0
IS	4793	0	0	0	0
IS	4794	0	0	0	0
IS	4795	1	0	0	1
IS	4796	0	0	0	0
IS	4797	0	0	0	0
IS	4798	0	0	0	0
IS	4799	0	0	0	0
IS	4800	1	0	0	1
IS	4801	0	0	0	0
IS	4802	0	0	0	0
IS	4803	1	0	0	1
IS	4804	0	0	0	0
IS	4805	1	0	0	1
IS	4806	1	0	0	1
IS	4807	0	0	0	0
IS	4808	1	0	0	1
IS	4809	0	0	0	0
IS	4810	0	0	0	0
IS	4811	0	0	0	0
IS	4812	0	0	0	0
IS	4813	1	0	0	1
IS	4814	0	0	0	0
IS	4815	1	0	0	1
IS	4816	3	0	0	3
IS	4817	0	0	0	0
IS	4818	1	0	0	1
IS	4819	0	0	0	0
IS	4820	1	0	0	1
IS	4821	1	0	0	1
IS	4822	2	0	0	2
IS	4823	0	0	0	0
IS	4824	0	0	0	0
IS	4825	0	0	0	0
IS	4826	1	0	0	1
IS	4827	1	0	0	1
IS	4828	1	0	0	1
IS	4829	2	0	0	2
IS	4830	0	0	0	0
IS	4831	1	0	0	1
IS	4832	2	0	0	2
IS	4833	0	0	0	0
IS	4834	2	0	0	2
IS	4835	0	0	0	0
IS	4836	0	0	0	0
IS	4837	0	0	0	0
IS	4838	0	0	0	0
IS	4839	1	0	0	1
IS	4840	0	0	0	0
IS	4841	0	0	0	0
IS	4842	0	0	0	0
IS	4843	0	0	0	0
IS	4844	0	0	0	0
IS	4845	1	0	0	1
IS	4846	0	0	0	0
IS	4847	0	0	0	0
IS	4848	0	0	0	0
IS	4849	0	0	0	0
IS	4850	0	0	0	0
IS	4851	0	0	0	0
IS	4852	0	0	0	0
IS	4853	0	0	0	0
IS	4854	1	0	0	1
IS	4855	0	0	0	0
IS	4856	0	0	0	0
IS	4857	0	0	0	0
IS	4858	0	0	0	0
IS	4859	0	0	0	0
IS	4860	0	0	0	0
IS	4861	0	0	0	0
IS	4862	1	0	0	1
IS	4863	1	1	0	0
IS	4864	0	0	0	0
IS	4865	0	0	0	0
IS	4866	1	0	0	1
IS	4867	0	0	0	0
IS	4868	1	0	0	1
IS	4869	2	0	0	2
IS	4870	0	0	0	0
IS	4871	0	0	0	0
IS	4872	0	0	0	0
IS	4873	0	0	0	0
IS	4874	1	0	0	1
IS	4875	0	0	0	0
IS	4876	0	0	0	0
IS	4877	0	0	0	0
IS	4878	0	0	0	0
IS	4879	1	0	0	1
IS	4880	0	0	0	0
IS	4881	0	0	0	0
IS	4882	0	0	0	0
IS	4883	0	0	0	0
IS	4884	1	0	0	1
IS	4885	0	0	0	0
IS	4886	0	0	0	0
IS	4887	1	0	0	1
IS	4888	1	0	0	1
IS	4889	1	0	0	1
IS	4890	0	0	0	0
IS	4891	1	0	0	1
IS	4892	1	0	0	1
IS	4893	1	0	0	1
IS	4894	1	0	0	1
IS	4895	1	0	0	1
IS	4896	0	0	0	0
IS	4897	0	0	0	0
IS	4898	0	0	0	0
IS	4899	1	0	0	1
IS	4900	0	0	0	0
IS	4901	0	0	0	0
IS	4902	1	0	0	1
IS	4903	0	0	0	0
IS	4904	0	0	0	0
IS	4905	0	0	0	0
IS	4906	1	0	0	1
IS	4907	1	0	0	1
IS	4908	0	0	0	0
IS	4909	2	0	0	2
IS	4910	0	0	0	0
IS	4911	1	0	0	1
IS	4912	0	0	0	0
IS	4913	1	0	0	1
IS	4914	1	0	0	1
IS	4915	0	0	0	0
IS	4916	1	0	0	1
IS	4917	0	0	0	0
IS	4918	0	0	0	0
IS	4919	0	0	0	0
IS	4920	0	0	0	0
IS	4921	0	0	0	0
IS	4922	0	0	0	0
IS	4923	0	0	0	0
IS	4924	0	0	0	0
IS	4925	0	0	0	0
IS	4926	6	0	0	6
IS	4927	1	0	0	1
IS	4928	1	0	0	1
IS	4929	0	0	0	0
IS	4930	0	0	0	0
IS	4931	0	0	0	0
IS	4932	2	0	0	2
IS	4933	1	0	0	1
IS	4934	0	0	0	0
IS	4935	0	0	0	0
IS	4936	0	0	0	0
IS	4937	0	0	0	0
IS	4938	0	0	0	0
IS	4939	0	0	0	0
IS	4940	0	0	0	0
IS	4941	1	0	0	1
IS	4942	0	0	0	0
IS	4943	0	0	0	0
IS	4944	0	0	0	0
IS	4945	0	0	0	0
IS	4946	1	0	0	1
IS	4947	0	0	0	0
IS	4948	0	0	0	0
IS	4949	1	0	0	1
IS	4950	1	0	0	1
IS	4951	1	0	0	1
IS	4952	1	0	0	1
IS	4953	0	0	0	0
IS	4954	0	0	0	0
IS	4955	0	0	0	0
IS	4956	0	0	0	0
IS	4957	0	0	0	0
IS	4958	1	0	0	1
IS	4959	1	0	0	1
IS	4960	1	0	0	1
IS	4961	2	1	0	1
IS	4962	1	0	0	1
IS	4963	0	0	0	0
IS	4964	1	0	0	1
IS	4965	2	0	0	2
IS	4966	1	0	0	1
IS	4967	1	0	0	1
IS	4968	0	0	0	0
IS	4969	0	0	0	0
IS	4970	0	0	0	0
IS	4971	0	0	0	0
IS	4972	1	0	0	1
IS	4973	1	0	0	1
IS	4974	0	0	0	0
IS	4975	0	0	0	0
IS	4976	1	1	0	0
IS	4977	0	0	0	0
IS	4978	0	0	0	0
IS	4979	0	0	0	0
IS	4980	0	0	0	0
IS	4981	0	0	0	0
IS	4982	1	0	0	1
IS	4983	0	0	0	0
IS	4984	0	0	0	0
IS	4985	1	0	0	1
IS	4986	1	0	0	1
IS	4987	2	0	0	2
IS	4988	1	0	0	1
IS	4989	1	0	0	1
IS	4990	0	0	0	0
IS	4991	3	0	0	3
IS	4992	0	0	0	0
IS	4993	0	0	0	0
IS	4994	0	0	0	0
IS	4995	1	0	0	1
IS	4996	0	0	0	0
IS	4997	0	0	0	0
IS	4998	0	0	0	0
IS	4999	1	0	0	1
IS	5000	0	0	0	0
IS	5001	0	0	0	0
IS	5002	1	0	0	1
IS	5003	0	0	0	0
IS	5004	0	0	0	0
IS	5005	1	1	0	0
IS	5006	1	0	0	1
IS	5007	1	0	0	1
IS	5008	1	0	0	1
IS	5009	0	0	0	0
IS	5010	0	0	0	0
IS	5011	1	1	0	0
IS	5012	0	0	0	0
IS	5013	2	0	1	1
IS	5014	1	0	0	1
IS	5015	1	0	0	1
IS	5016	0	0	0	0
IS	5017	1	0	0	1
IS	5018	1	0	0	1
IS	5019	0	0	0	0
IS	5020	0	0	0	0
IS	5021	0	0	0	0
IS	5022	0	0	0	0
IS	5023	0	0	0	0
IS	5024	0	0	0	0
IS	5025	1	0	0	1
IS	5026	1	0	0	1
IS	5027	0	0	0	0
IS	5028	0	0	0	0
IS	5029	0	0	0	0
IS	5030	0	0	0	0
IS	5031	0	0	0	0
IS	5032	1	0	0	1
IS	5033	0	0	0	0
IS	5034	0	0	0	0
IS	5035	0	0	0	0
IS	5036	0	0	0	0
IS	5037	1	0	0	1
IS	5038	1	0	0	1
IS	5039	0	0	0	0
IS	5040	0	0	0	0
IS	5041	0	0	0	0
IS	5042	2	0	0	2
IS	5043	0	0	0	0
IS	5044	1	0	0	1
IS	5045	0	0	0	0
IS	5046	1	0	0	1
IS	5047	1	0	0	1
IS	5048	0	0	0	0
IS	5049	1	0	1	0
IS	5050	0	0	0	0
IS	5051	1	0	0	1
IS	5052	1	0	0	1
IS	5053	0	0	0	0
IS	5054	0	0	0	0
IS	5055	0	0	0	0
IS	5056	1	0	0	1
IS	5057	2	0	0	2
IS	5058	1	0	0	1
IS	5059	1	0	0	1
IS	5060	0	0	0	0
IS	5061	0	0	0	0
IS	5062	0	0	0	0
IS	5063	1	0	0	1
IS	5064	1	0	0	1
IS	5065	1	0	0	1
IS	5066	0	0	0	0
IS	5067	0	0	0	0
IS	5068	0	0	0	0
IS	5069	0	0	0	0
IS	5070	0	0	0	0
IS	5071	1	0	0	1
IS	5072	0	0	0	0
IS	5073	2	0	0	2
IS	5074	0	0	0	0
IS	5075	1	0	0	1
IS	5076	0	0	0	0
IS	5077	1	0	0	1
IS	5078	1	0	0	1
IS	5079	2	0	0	2
IS	5080	1	0	0	1
IS	5081	1	0	0	1
IS	5082	0	0	0	0
IS	5083	0	0	0	0
IS	5084	0	0	0	0
IS	5085	0	0	0	0
IS	5086	1	0	0	1
IS	5087	0	0	0	0
IS	5088	1	0	0	1
IS	5089	0	0	0	0
IS	5090	1	0	0	1
IS	5091	0	0	0	0
IS	5092	0	0	0	0
IS	5093	0	0	0	0
IS	5094	1	0	0	1
IS	5095	0	0	0	0
IS	5096	0	0	0	0
IS	5097	0	0	0	0
IS	5098	0	0	0	0
IS	5099	1	0	0	1
IS	5100	0	0	0	0
IS	5101	0	0	0	0
IS	5102	0	0	0	0
IS	5103	0	0	0	0
IS	5104	0	0	0	0
IS	5105	1	0	0	1
IS	5106	0	0	0	0
IS	5107	0	0	0	0
IS	5108	0	0	0	0
IS	5109	1	0	0	1
IS	5110	1	0	0	1
IS	5111	0	0	0	0
IS	5112	0	0	0	0
IS	5113	0	0	0	0
IS	5114	1	1	0	0
IS	5115	0	0	0	0
IS	5116	0	0	0	0
IS	5117	0	0	0	0
IS	5118	1	0	0	1
IS	5119	1	0	0	1
IS	5120	0	0	0	0
IS	5121	1	0	0	1
IS	5122	1	0	0	1
IS	5123	2	0	0	2
IS	5124	0	0	0	0
IS	5125	1	0	0	1
IS	5126	0	0	0	0
IS	5127	1	0	0	1
IS	5128	0	0	0	0
IS	5129	0	0	0	0
IS	5130	1	0	0	1
IS	5131	0	0	0	0
IS	5132	0	0	0	0
IS	5133	1	0	0	1
IS	5134	0	0	0	0
IS	5135	0	0	0	0
IS	5136	1	0	0	1
IS	5137	0	0	0	0
IS	5138	0	0	0	0
IS	5139	1	0	0	1
IS	5140	1	0	0	1
IS	5141	1	0	0	1
IS	5142	0	0	0	0
IS	5143	0	0	0	0
IS	5144	0	0	0	0
IS	5145	0	0	0	0
IS	5146	0	0	0	0
IS	5147	0	0	0	0
IS	5148	0	0	0	0
IS	5149	0	0	0	0
IS	5150	0	0	0	0
IS	5151	0	0	0	0
IS	5152	1	0	0	1
IS	5153	0	0	0	0
IS	5154	0	0	0	0
IS	5155	0	0	0	0
IS	5156	1	0	0	1
IS	5157	0	0	0	0
IS	5158	0	0	0	0
IS	5159	0	0	0	0
IS	5160	0	0	0	0
IS	5161	2	0	0	2
IS	5162	1	0	1	0
IS	5163	0	0	0	0
IS	5164	1	0	0	1
IS	5165	2	0	0	2
IS	5166	0	0	0	0
IS	5167	0	0	0	0
IS	5168	0	0	0	0
IS	5169	0	0	0	0
IS	5170	0	0	0	0
IS	5171	3	0	0	3
IS	5172	0	0	0	0
IS	5173	0	0	0	0
IS	5174	0	0	0	0
IS	5175	1	0	0	1
IS	5176	0	0	0	0
IS	5177	0	0	0	0
IS	5178	0	0	0	0
IS	5179	2	0	0	2
IS	5180	0	0	0	0
IS	5181	0	0	0	0
IS	5182	0	0	0	0
IS	5183	0	0	0	0
IS	5184	1	1	0	0
IS	5185	0	0	0	0
IS	5186	0	0	0	0
IS	5187	0	0	0	0
IS	5188	1	0	0	1
IS	5189	0	0	0	0
IS	5190	0	0	0	0
IS	5191	0	0	0	0
IS	5192	0	0	0	0
IS	5193	2	0	0	2
IS	5194	0	0	0	0
IS	5195	0	0	0	0
IS	5196	0	0	0	0
IS	5197	0	0	0	0
IS	5198	1	0	0	1
IS	5199	0	0	0	0
IS	5200	1	0	0	1
IS	5201	1	0	0	1
IS	5202	1	0	0	1
IS	5203	1	0	0	1
IS	5204	0	0	0	0
IS	5205	1	0	0	1
IS	5206	0	0	0	0
IS	5207	0	0	0	0
IS	5208	0	0	0	0
IS	5209	0	0	0	0
IS	5210	0	0	0	0
IS	5211	2	0	0	2
IS	5212	1	0	0	1
IS	5213	0	0	0	0
IS	5214	0	0	0	0
IS	5215	0	0	0	0
IS	5216	1	0	0	1
IS	5217	1	1	0	0
IS	5218	0	0	0	0
IS	5219	0	0	0	0
IS	5220	0	0	0	0
IS	5221	0	0	0	0
IS	5222	0	0	0	0
IS	5223	0	0	0	0
IS	5224	0	0	0	0
IS	5225	0	0	0	0
IS	5226	0	0	0	0
IS	5227	0	0	0	0
IS	5228	1	0	0	1
IS	5229	0	0	0	0
IS	5230	0	0	0	0
IS	5231	1	0	0	1
IS	5232	0	0	0	0
IS	5233	0	0	0	0
IS	5234	0	0	0	0
IS	5235	1	0	0	1
IS	5236	1	0	0	1
IS	5237	1	0	0	1
IS	5238	0	0	0	0
IS	5239	0	0	0	0
IS	5240	0	0	0	0
IS	5241	0	0	0	0
IS	5242	0	0	0	0
IS	5243	0	0	0	0
IS	5244	2	0	0	2
IS	5245	1	0	0	1
IS	5246	2	0	0	2
IS	5247	2	0	0	2
IS	5248	0	0	0	0
IS	5249	1	0	0	1
IS	5250	0	0	0	0
IS	5251	2	0	0	2
IS	5252	2	0	0	2
IS	5253	1	0	0	1
IS	5254	1	0	0	1
IS	5255	0	0	0	0
IS	5256	0	0	0	0
IS	5257	1	0	0	1
IS	5258	0	0	0	0
IS	5259	0	0	0	0
IS	5260	0	0	0	0
IS	5261	0	0	0	0
IS	5262	0	0	0	0
IS	5263	0	0	0	0
IS	5264	0	0	0	0
IS	5265	0	0	0	0
IS	5266	0	0	0	0
IS	5267	1	0	0	1
IS	5268	0	0	0	0
IS	5269	0	0	0	0
IS	5270	0	0	0	0
IS	5271	0	0	0	0
IS	5272	0	0	0	0
IS	5273	0	0	0	0
IS	5274	2	0	0	2
IS	5275	1	0	0	1
IS	5276	0	0	0	0
IS	5277	0	0	0	0
IS	5278	0	0	0	0
IS	5279	0	0	0	0
IS	5280	0	0	0	0
IS	5281	0	0	0	0
IS	5282	0	0	0	0
IS	5283	0	0	0	0
IS	5284	1	0	0	1
IS	5285	0	0	0	0
IS	5286	0	0	0	0
IS	5287	0	0	0	0
IS	5288	1	0	0	1
IS	5289	0	0	0	0
IS	5290	1	0	0	1
IS	5291	0	0	0	0
IS	5292	0	0	0	0
IS	5293	0	0	0	0
IS	5294	0	0	0	0
IS	5295	0	0	0	0
IS	5296	3	0	0	3
IS	5297	0	0	0	0
IS	5298	0	0	0	0
IS	5299	2	0	0	2
IS	5300	1	0	0	1
IS	5301	0	0	0	0
IS	5302	1	0	0	1
IS	5303	0	0	0	0
IS	5304	0	0	0	0
IS	5305	0	0	0	0
IS	5306	0	0	0	0
IS	5307	0	0	0	0
IS	5308	0	0	0	0
IS	5309	0	0	0	0
IS	5310	0	0	0	0
IS	5311	0	0	0	0
IS	5312	0	0	0	0
IS	5313	1	0	0	1
IS	5314	0	0	0	0
IS	5315	3	0	0	3
IS	5316	0	0	0	0
IS	5317	0	0	0	0
IS	5318	1	0	0	1
IS	5319	1	0	0	1
IS	5320	1	0	0	1
IS	5321	0	0	0	0
IS	5322	0	0	0	0
IS	5323	1	0	0	1
IS	5324	1	0	0	1
IS	5325	1	0	0	1
IS	5326	0	0	0	0
IS	5327	0	0	0	0
IS	5328	0	0	0	0
IS	5329	0	0	0	0
IS	5330	0	0	0	0
IS	5331	0	0	0	0
IS	5332	0	0	0	0
IS	5333	1	0	0	1
IS	5334	0	0	0	0
IS	5335	0	0	0	0
IS	5336	0	0	0	0
IS	5337	1	0	0	1
IS	5338	0	0	0	0
IS	5339	0	0	0	0
IS	5340	1	0	0	1
IS	5341	0	0	0	0
IS	5342	1	0	0	1
IS	5343	0	0	0	0
IS	5344	1	0	0	1
IS	5345	0	0	0	0
IS	5346	2	0	0	2
IS	5347	0	0	0	0
IS	5348	0	0	0	0
IS	5349	1	0	0	1
IS	5350	0	0	0	0
IS	5351	1	0	0	1
IS	5352	0	0	0	0
IS	5353	0	0	0	0
IS	5354	0	0	0	0
IS	5355	1	1	0	0
IS	5356	0	0	0	0
IS	5357	0	0	0	0
IS	5358	0	0	0	0
IS	5359	0	0	0	0
IS	5360	0	0	0	0
IS	5361	0	0	0	0
IS	5362	1	0	0	1
IS	5363	1	0	0	1
IS	5364	0	0	0	0
IS	5365	0	0	0	0
IS	5366	0	0	0	0
IS	5367	2	0	0	2
IS	5368	1	0	0	1
IS	5369	1	0	0	1
IS	5370	0	0	0	0
IS	5371	0	0	0	0
IS	5372	0	0	0	0
IS	5373	0	0	0	0
IS	5374	0	0	0	0
IS	5375	1	0	0	1
IS	5376	1	0	0	1
IS	5377	0	0	0	0
IS	5378	0	0	0	0
IS	5379	1	1	0	0
IS	5380	0	0	0	0
IS	5381	0	0	0	0
IS	5382	0	0	0	0
IS	5383	0	0	0	0
IS	5384	0	0	0	0
IS	5385	1	0	0	1
IS	5386	0	0	0	0
IS	5387	0	0	0	0
IS	5388	0	0	0	0
IS	5389	0	0	0	0
IS	5390	0	0	0	0
IS	5391	0	0	0	0
IS	5392	1	0	0	1
IS	5393	0	0	0	0
IS	5394	0	0	0	0
IS	5395	0	0	0	0
IS	5396	0	0	0	0
IS	5397	0	0	0	0
IS	5398	1	0	0	1
IS	5399	0	0	0	0
IS	5400	0	0	0	0
IS	5401	1	0	0	1
IS	5402	0	0	0	0
IS	5403	0	0	0	0
IS	5404	0	0	0	0
IS	5405	1	0	0	1
IS	5406	1	0	0	1
IS	5407	0	0	0	0
IS	5408	1	0	0	1
IS	5409	0	0	0	0
IS	5410	0	0	0	0
IS	5411	1	0	0	1
IS	5412	1	0	0	1
IS	5413	2	0	0	2
IS	5414	1	0	0	1
IS	5415	1	0	0	1
IS	5416	2	0	0	2
IS	5417	0	0	0	0
IS	5418	1	0	0	1
IS	5419	0	0	0	0
IS	5420	2	1	0	1
IS	5421	0	0	0	0
IS	5422	0	0	0	0
IS	5423	1	0	0	1
IS	5424	0	0	0	0
IS	5425	0	0	0	0
IS	5426	1	0	0	1
IS	5427	0	0	0	0
IS	5428	0	0	0	0
IS	5429	0	0	0	0
IS	5430	3	0	0	3
IS	5431	1	0	0	1
IS	5432	0	0	0	0
IS	5433	1	0	0	1
IS	5434	0	0	0	0
IS	5435	0	0	0	0
IS	5436	0	0	0	0
IS	5437	0	0	0	0
IS	5438	0	0	0	0
IS	5439	1	0	0	1
IS	5440	1	0	0	1
IS	5441	0	0	0	0
IS	5442	2	0	0	2
IS	5443	0	0	0	0
IS	5444	1	0	0	1
IS	5445	1	0	0	1
IS	5446	0	0	0	0
IS	5447	0	0	0	0
IS	5448	1	0	0	1
IS	5449	0	0	0	0
IS	5450	0	0	0	0
IS	5451	1	0	0	1
IS	5452	1	0	0	1
IS	5453	0	0	0	0
IS	5454	0	0	0	0
IS	5455	0	0	0	0
IS	5456	2	0	0	2
IS	5457	0	0	0	0
IS	5458	0	0	0	0
IS	5459	0	0	0	0
IS	5460	0	0	0	0
IS	5461	0	0	0	0
IS	5462	2	0	0	2
IS	5463	2	0	0	2
IS	5464	0	0	0	0
IS	5465	0	0	0	0
IS	5466	1	0	0	1
IS	5467	0	0	0	0
IS	5468	1	0	0	1
IS	5469	1	0	0	1
IS	5470	3	0	0	3
IS	5471	1	0	0	1
IS	5472	0	0	0	0
IS	5473	0	0	0	0
IS	5474	1	0	0	1
IS	5475	0	0	0	0
IS	5476	0	0	0	0
IS	5477	0	0	0	0
IS	5478	0	0	0	0
IS	5479	1	0	0	1
IS	5480	0	0	0	0
IS	5481	1	0	0	1
IS	5482	0	0	0	0
IS	5483	0	0	0	0
IS	5484	0	0	0	0
IS	5485	0	0	0	0
IS	5486	0	0	0	0
IS	5487	0	0	0	0
IS	5488	0	0	0	0
IS	5489	0	0	0	0
IS	5490	0	0	0	0
IS	5491	0	0	0	0
IS	5492	1	0	0	1
IS	5493	0	0	0	0
IS	5494	0	0	0	0
IS	5495	0	0	0	0
IS	5496	0	0	0	0
IS	5497	0	0	0	0
IS	5498	3	0	0	3
IS	5499	1	0	0	1
IS	5500	0	0	0	0
IS	5501	0	0	0	0
IS	5502	0	0	0	0
IS	5503	0	0	0	0
IS	5504	0	0	0	0
IS	5505	1	0	0	1
IS	5506	1	0	0	1
IS	5507	0	0	0	0
IS	5508	0	0	0	0
IS	5509	1	0	0	1
IS	5510	1	0	0	1
IS	5511	0	0	0	0
IS	5512	1	0	0	1
IS	5513	1	0	0	1
IS	5514	1	0	0	1
IS	5515	1	0	0	1
IS	5516	0	0	0	0
IS	5517	3	0	0	3
IS	5518	0	0	0	0
IS	5519	0	0	0	0
IS	5520	0	0	0	0
IS	5521	0	0	0	0
IS	5522	1	0	0	1
IS	5523	2	0	0	2
IS	5524	0	0	0	0
IS	5525	0	0	0	0
IS	5526	0	0	0	0
IS	5527	1	0	0	1
IS	5528	0	0	0	0
IS	5529	0	0	0	0
IS	5530	0	0	0	0
IS	5531	0	0	0	0
IS	5532	0	0	0	0
IS	5533	0	0	0	0
IS	5534	0	0	0	0
IS	5535	0	0	0	0
IS	5536	0	0	0	0
IS	5537	0	0	0	0
IS	5538	2	0	0	2
IS	5539	0	0	0	0
IS	5540	0	0	0	0
IS	5541	0	0	0	0
IS	5542	0	0	0	0
IS	5543	1	0	0	1
IS	5544	0	0	0	0
IS	5545	0	0	0	0
IS	5546	2	0	0	2
IS	5547	0	0	0	0
IS	5548	1	0	0	1
IS	5549	0	0	0	0
IS	5550	1	1	0	0
IS	5551	1	0	0	1
IS	5552	1	0	0	1
IS	5553	0	0	0	0
IS	5554	1	0	0	1
IS	5555	0	0	0	0
IS	5556	0	0	0	0
IS	5557	0	0	0	0
IS	5558	0	0	0	0
IS	5559	2	0	0	2
IS	5560	0	0	0	0
IS	5561	0	0	0	0
IS	5562	0	0	0	0
IS	5563	0	0	0	0
IS	5564	0	0	0	0
IS	5565	0	0	0	0
IS	5566	0	0	0	0
IS	5567	0	0	0	0
IS	5568	0	0	0	0
IS	5569	1	0	0	1
IS	5570	0	0	0	0
IS	5571	1	0	0	1
IS	5572	0	0	0	0
IS	5573	0	0	0	0
IS	5574	0	0	0	0
IS	5575	0	0	0	0
IS	5576	0	0	0	0
IS	5577	0	0	0	0
IS	5578	0	0	0	0
IS	5579	0	0	0	0
IS	5580	0	0	0	0
IS	5581	2	0	0	2
IS	5582	0	0	0	0
IS	5583	0	0	0	0
IS	5584	0	0	0	0
IS	5585	0	0	0	0
IS	5586	2	0	0	2
IS	5587	0	0	0	0
IS	5588	0	0	0	0
IS	5589	0	0	0	0
IS	5590	0	0	0	0
IS	5591	0	0	0	0
IS	5592	0	0	0	0
IS	5593	1	0	0	1
IS	5594	0	0	0	0
IS	5595	0	0	0	0
IS	5596	0	0	0	0
IS	5597	1	0	0	1
IS	5598	1	0	0	1
IS	5599	0	0	0	0
IS	5600	0	0	0	0
IS	5601	0	0	0	0
IS	5602	0	0	0	0
IS	5603	0	0	0	0
IS	5604	0	0	0	0
IS	5605	0	0	0	0
IS	5606	0	0	0	0
IS	5607	1	0	0	1
IS	5608	0	0	0	0
IS	5609	0	0	0	0
IS	5610	0	0	0	0
IS	5611	0	0	0	0
IS	5612	0	0	0	0
IS	5613	0	0	0	0
IS	5614	0	0	0	0
IS	5615	0	0	0	0
IS	5616	0	0	0	0
IS	5617	0	0	0	0
IS	5618	0	0	0	0
IS	5619	0	0	0	0
IS	5620	1	0	0	1
IS	5621	1	0	0	1
IS	5622	1	0	0	1
IS	5623	0	0	0	0
IS	5624	1	0	0	1
IS	5625	2	0	0	2
IS	5626	1	0	0	1
IS	5627	0	0	0	0
IS	5628	0	0	0	0
IS	5629	1	0	0	1
IS	5630	1	0	0	1
IS	5631	0	0	0	0
IS	5632	1	1	0	0
IS	5633	0	0	0	0
IS	5634	0	0	0	0
IS	5635	0	0	0	0
IS	5636	0	0	0	0
IS	5637	1	0	0	1
IS	5638	2	0	0	2
IS	5639	1	0	0	1
IS	5640	0	0	0	0
IS	5641	0	0	0	0
IS	5642	0	0	0	0
IS	5643	1	0	0	1
IS	5644	0	0	0	0
IS	5645	0	0	0	0
IS	5646	1	0	0	1
IS	5647	1	0	0	1
IS	5648	1	0	0	1
IS	5649	0	0	0	0
IS	5650	0	0	0	0
IS	5651	1	0	0	1
IS	5652	0	0	0	0
IS	5653	0	0	0	0
IS	5654	2	0	0	2
IS	5655	2	0	0	2
IS	5656	0	0	0	0
IS	5657	0	0	0	0
IS	5658	0	0	0	0
IS	5659	1	0	0	1
IS	5660	0	0	0	0
IS	5661	1	0	0	1
IS	5662	0	0	0	0
IS	5663	1	0	0	1
IS	5664	1	0	0	1
IS	5665	0	0	0	0
IS	5666	1	0	0	1
IS	5667	0	0	0	0
IS	5668	0	0	0	0
IS	5669	0	0	0	0
IS	5670	0	0	0	0
IS	5671	0	0	0	0
IS	5672	1	0	0	1
IS	5673	0	0	0	0
IS	5674	0	0	0	0
IS	5675	0	0	0	0
IS	5676	0	0	0	0
IS	5677	0	0	0	0
IS	5678	0	0	0	0
IS	5679	1	0	0	1
IS	5680	0	0	0	0
IS	5681	1	0	1	0
IS	5682	1	0	0	1
IS	5683	1	0	0	1
IS	5684	1	0	0	1
IS	5685	0	0	0	0
IS	5686	0	0	0	0
IS	5687	0	0	0	0
IS	5688	1	1	0	0
IS	5689	0	0	0	0
IS	5690	0	0	0	0
IS	5691	1	0	0	1
IS	5692	0	0	0	0
IS	5693	1	0	0	1
IS	5694	0	0	0	0
IS	5695	0	0	0	0
IS	5696	0	0	0	0
IS	5697	1	0	0	1
IS	5698	2	0	0	2
IS	5699	0	0	0	0
IS	5700	0	0	0	0
IS	5701	1	0	0	1
IS	5702	1	0	0	1
IS	5703	1	0	0	1
IS	5704	0	0	0	0
IS	5705	0	0	0	0
IS	5706	0	0	0	0
IS	5707	0	0	0	0
IS	5708	0	0	0	0
IS	5709	0	0	0	0
IS	5710	1	0	0	1
IS	5711	2	0	0	2
IS	5712	0	0	0	0
IS	5713	0	0	0	0
IS	5714	0	0	0	0
IS	5715	0	0	0	0
IS	5716	0	0	0	0
IS	5717	0	0	0	0
IS	5718	2	0	0	2
IS	5719	0	0	0	0
IS	5720	0	0	0	0
IS	5721	1	0	0	1
IS	5722	0	0	0	0
IS	5723	0	0	0	0
IS	5724	0	0	0	0
IS	5725	0	0	0	0
IS	5726	0	0	0	0
IS	5727	0	0	0	0
IS	5728	1	0	0	1
IS	5729	0	0	0	0
IS	5730	0	0	0	0
IS	5731	1	0	0	1
IS	5732	0	0	0	0
IS	5733	1	0	0	1
IS	5734	0	0	0	0
IS	5735	0	0	0	0
IS	5736	0	0	0	0
IS	5737	0	0	0	0
IS	5738	1	0	0	1
IS	5739	0	0	0	0
IS	5740	0	0	0	0
IS	5741	1	0	0	1
IS	5742	0	0	0	0
IS	5743	0	0	0	0
IS	5744	2	0	0	2
IS	5745	1	0	0	1
IS	5746	2	0	0	2
IS	5747	0	0	0	0
IS	5748	0	0	0	0
IS	5749	0	0	0	0
IS	5750	0	0	0	0
IS	5751	2	0	0	2
IS	5752	0	0	0	0
IS	5753	0	0	0	0
IS	5754	0	0	0	0
IS	5755	0	0	0	0
IS	5756	0	0	0	0
IS	5757	0	0	0	0
IS	5758	0	0	0	0
IS	5759	0	0	0	0
IS	5760	0	0	0	0
IS	5761	1	0	0	1
IS	5762	1	0	0	1
IS	5763	0	0	0	0
IS	5764	1	0	0	1
IS	5765	0	0	0	0
IS	5766	0	0	0	0
IS	5767	1	0	0	1
IS	5768	0	0	0	0
IS	5769	0	0	0	0
IS	5770	0	0	0	0
IS	5771	0	0	0	0
IS	5772	0	0	0	0
IS	5773	0	0	0	0
IS	5774	0	0	0	0
IS	5775	0	0	0	0
IS	5776	1	0	0	1
IS	5777	1	0	0	1
IS	5778	0	0	0	0
IS	5779	0	0	0	0
IS	5780	1	0	0	1
IS	5781	0	0	0	0
IS	5782	0	0	0	0
IS	5783	0	0	0	0
IS	5784	0	0	0	0
IS	5785	1	0	0	1
IS	5786	1	0	0	1
IS	5787	0	0	0	0
IS	5788	1	0	0	1
IS	5789	0	0	0	0
IS	5790	0	0	0	0
IS	5791	0	0	0	0
IS	5792	0	0	0	0
IS	5793	0	0	0	0
IS	5794	0	0	0	0
IS	5795	0	0	0	0
IS	5796	0	0	0	0
IS	5797	2	0	0	2
IS	5798	1	0	0	1
IS	5799	0	0	0	0
IS	5800	0	0	0	0
IS	5801	0	0	0	0
IS	5802	0	0	0	0
IS	5803	0	0	0	0
IS	5804	1	0	0	1
IS	5805	1	0	0	1
IS	5806	1	0	0	1
IS	5807	1	0	0	1
IS	5808	0	0	0	0
IS	5809	0	0	0	0
IS	5810	0	0	0	0
IS	5811	0	0	0	0
IS	5812	1	0	0	1
IS	5813	0	0	0	0
IS	5814	0	0	0	0
IS	5815	0	0	0	0
IS	5816	0	0	0	0
IS	5817	0	0	0	0
IS	5818	1	0	0	1
IS	5819	0	0	0	0
IS	5820	0	0	0	0
IS	5821	0	0	0	0
IS	5822	0	0	0	0
IS	5823	1	0	0	1
IS	5824	0	0	0	0
IS	5825	1	0	0	1
IS	5826	0	0	0	0
IS	5827	0	0	0	0
IS	5828	0	0	0	0
IS	5829	0	0	0	0
IS	5830	0	0	0	0
IS	5831	1	0	0	1
IS	5832	0	0	0	0
IS	5833	0	0	0	0
IS	5834	0	0	0	0
IS	5835	0	0	0	0
IS	5836	0	0	0	0
IS	5837	2	0	0	2
IS	5838	0	0	0	0
IS	5839	0	0	0	0
IS	5840	1	0	0	1
IS	5841	0	0	0	0
IS	5842	1	0	0	1
IS	5843	0	0	0	0
IS	5844	0	0	0	0
IS	5845	1	0	0	1
IS	5846	0	0	0	0
IS	5847	0	0	0	0
IS	5848	0	0	0	0
IS	5849	0	0	0	0
IS	5850	0	0	0	0
IS	5851	0	0	0	0
IS	5852	1	0	0	1
IS	5853	1	0	0	1
IS	5854	0	0	0	0
IS	5855	1	0	0	1
IS	5856	1	0	0	1
IS	5857	0	0	0	0
IS	5858	0	0	0	0
IS	5859	1	0	0	1
IS	5860	0	0	0	0
IS	5861	0	0	0	0
IS	5862	0	0	0	0
IS	5863	0	0	0	0
IS	5864	0	0	0	0
IS	5865	0	0	0	0
IS	5866	1	0	0	1
IS	5867	0	0	0	0
IS	5868	0	0	0	0
IS	5869	1	0	0	1
IS	5870	0	0	0	0
IS	5871	0	0	0	0
IS	5872	0	0	0	0
IS	5873	0	0	0	0
IS	5874	1	0	1	0
IS	5875	0	0	0	0
IS	5876	0	0	0	0
IS	5877	1	0	0	1
IS	5878	0	0	0	0
IS	5879	0	0	0	0
IS	5880	1	0	0	1
IS	5881	0	0	0	0
IS	5882	1	0	0	1
IS	5883	0	0	0	0
IS	5884	0	0	0	0
IS	5885	0	0	0	0
IS	5886	1	0	0	1
IS	5887	1	0	0	1
IS	5888	1	1	0	0
IS	5889	0	0	0	0
IS	5890	0	0	0	0
IS	5891	0	0	0	0
IS	5892	1	0	0	1
IS	5893	1	0	0	1
IS	5894	2	0	0	2
IS	5895	0	0	0	0
IS	5896	1	0	0	1
IS	5897	1	0	0	1
IS	5898	0	0	0	0
IS	5899	0	0	0	0
IS	5900	1	0	0	1
IS	5901	0	0	0	0
IS	5902	1	0	0	1
IS	5903	0	0	0	0
IS	5904	1	0	0	1
IS	5905	0	0	0	0
IS	5906	0	0	0	0
IS	5907	0	0	0	0
IS	5908	0	0	0	0
IS	5909	0	0	0	0
IS	5910	0	0	0	0
IS	5911	0	0	0	0
IS	5912	0	0	0	0
IS	5913	0	0	0	0
IS	5914	0	0	0	0
IS	5915	1	1	0	0
IS	5916	0	0	0	0
IS	5917	0	0	0	0
IS	5918	0	0	0	0
IS	5919	1	0	0	1
IS	5920	2	0	0	2
IS	5921	0	0	0	0
IS	5922	0	0	0	0
IS	5923	1	0	0	1
IS	5924	0	0	0	0
IS	5925	0	0	0	0
IS	5926	0	0	0	0
IS	5927	0	0	0	0
IS	5928	0	0	0	0
IS	5929	2	0	0	2
IS	5930	1	0	0	1
IS	5931	0	0	0	0
IS	5932	0	0	0	0
IS	5933	0	0	0	0
IS	5934	1	0	0	1
IS	5935	1	0	0	1
IS	5936	0	0	0	0
IS	5937	0	0	0	0
IS	5938	0	0	0	0
IS	5939	0	0	0	0
IS	5940	0	0	0	0
IS	5941	0	0	0	0
IS	5942	0	0	0	0
IS	5943	0	0	0	0
IS	5944	0	0	0	0
IS	5945	0	0	0	0
IS	5946	0	0	0	0
IS	5947	0	0	0	0
IS	5948	0	0	0	0
IS	5949	0	0	0	0
IS	5950	0	0	0	0
IS	5951	2	1	0	1
IS	5952	0	0	0	0
IS	5953	0	0	0	0
IS	5954	0	0	0	0
IS	5955	0	0	0	0
IS	5956	0	0	0	0
IS	5957	2	0	0	2
IS	5958	0	0	0	0
IS	5959	0	0	0	0
IS	5960	0	0	0	0
IS	5961	0	0	0	0
IS	5962	0	0	0	0
IS	5963	0	0	0	0
IS	5964	0	0	0	0
IS	5965	0	0	0	0
IS	5966	0	0	0	0
IS	5967	2	0	0	2
IS	5968	0	0	0	0
IS	5969	0	0	0	0
IS	5970	0	0	0	0
IS	5971	0	0	0	0
IS	5972	0	0	0	0
IS	5973	1	0	0	1
IS	5974	0	0	0	0
IS	5975	0	0	0	0
IS	5976	0	0	0	0
IS	5977	0	0	0	0
IS	5978	0	0	0	0
IS	5979	1	0	0	1
IS	5980	2	0	0	2
IS	5981	0	0	0	0
IS	5982	1	0	1	0
IS	5983	1	0	0	1
IS	5984	0	0	0	0
IS	5985	0	0	0	0
IS	5986	0	0	0	0
IS	5987	1	0	0	1
IS	5988	0	0	0	0
IS	5989	1	0	0	1
IS	5990	0	0	0	0
IS	5991	1	0	0	1
IS	5992	0	0	0	0
IS	5993	0	0	0	0
IS	5994	1	0	0	1
IS	5995	0	0	0	0
IS	5996	1	0	0	1
IS	5997	1	0	0	1
IS	5998	0	0	0	0
IS	5999	1	0	0	1
IS	6000	0	0	0	0
IS	6001	0	0	0	0
IS	6002	0	0	0	0
IS	6003	1	0	0	1
IS	6004	1	0	0	1
IS	6005	0	0	0	0
IS	6006	0	0	0	0
IS	6007	0	0	0	0
IS	6008	1	0	0	1
IS	6009	0	0	0	0
IS	6010	0	0	0	0
IS	6011	0	0	0	0
IS	6012	0	0	0	0
IS	6013	1	0	0	1
IS	6014	0	0	0	0
IS	6015	0	0	0	0
IS	6016	0	0	0	0
IS	6017	0	0	0	0
IS	6018	0	0	0	0
IS	6019	0	0	0	0
IS	6020	0	0	0	0
IS	6021	1	0	0	1
IS	6022	0	0	0	0
IS	6023	0	0	0	0
IS	6024	0	0	0	0
IS	6025	0	0	0	0
IS	6026	0	0	0	0
IS	6027	1	0	0	1
IS	6028	1	0	0	1
IS	6029	0	0	0	0
IS	6030	0	0	0	0
IS	6031	0	0	0	0
IS	6032	0	0	0	0
IS	6033	0	0	0	0
IS	6034	1	0	0	1
IS	6035	1	0	0	1
IS	6036	0	0	0	0
IS	6037	0	0	0	0
IS	6038	0	0	0	0
IS	6039	1	0	0	1
IS	6040	0	0	0	0
IS	6041	1	0	0	1
IS	6042	0	0	0	0
IS	6043	0	0	0	0
IS	6044	0	0	0	0
IS	6045	1	0	0	1
IS	6046	0	0	0	0
IS	6047	0	0	0	0
IS	6048	0	0	0	0
IS	6049	2	0	0	2
IS	6050	0	0	0	0
IS	6051	0	0	0	0
IS	6052	1	0	0	1
IS	6053	0	0	0	0
IS	6054	0	0	0	0
IS	6055	0	0	0	0
IS	6056	1	0	0	1
IS	6057	1	0	0	1
IS	6058	1	0	0	1
IS	6059	0	0	0	0
IS	6060	0	0	0	0
IS	6061	0	0	0	0
IS	6062	0	0	0	0
IS	6063	0	0	0	0
IS	6064	0	0	0	0
IS	6065	0	0	0	0
IS	6066	0	0	0	0
IS	6067	0	0	0	0
IS	6068	0	0	0	0
IS	6069	0	0	0	0
IS	6070	0	0	0	0
IS	6071	1	0	0	1
IS	6072	0	0	0	0
IS	6073	0	0	0	0
IS	6074	1	0	0	1
IS	6075	1	0	0	1
IS	6076	0	0	0	0
IS	6077	1	1	0	0
IS	6078	2	0	0	2
IS	6079	0	0	0	0
IS	6080	0	0	0	0
IS	6081	3	0	0	3
IS	6082	0	0	0	0
IS	6083	0	0	0	0
IS	6084	0	0	0	0
IS	6085	0	0	0	0
IS	6086	1	0	0	1
IS	6087	0	0	0	0
IS	6088	0	0	0	0
IS	6089	0	0	0	0
IS	6090	2	0	0	2
IS	6091	0	0	0	0
IS	6092	0	0	0	0
IS	6093	0	0	0	0
IS	6094	0	0	0	0
IS	6095	0	0	0	0
IS	6096	0	0	0	0
IS	6097	1	0	0	1
IS	6098	1	0	0	1
IS	6099	0	0	0	0
IS	6100	1	0	0	1
IS	6101	0	0	0	0
IS	6102	0	0	0	0
IS	6103	1	0	0	1
IS	6104	0	0	0	0
IS	6105	0	0	0	0
IS	6106	0	0	0	0
IS	6107	0	0	0	0
IS	6108	1	0	0	1
IS	6109	1	0	0	1
IS	6110	0	0	0	0
IS	6111	0	0	0	0
IS	6112	0	0	0	0
IS	6113	0	0	0	0
IS	6114	0	0	0	0
IS	6115	1	0	0	1
IS	6116	0	0	0	0
IS	6117	3	0	0	3
IS	6118	0	0	0	0
IS	6119	0	0	0	0
IS	6120	0	0	0	0
IS	6121	1	0	0	1
IS	6122	0	0	0	0
IS	6123	0	0	0	0
IS	6124	0	0	0	0
IS	6125	3	0	0	3
IS	6126	0	0	0	0
IS	6127	0	0	0	0
IS	6128	2	0	0	2
IS	6129	0	0	0	0
IS	6130	0	0	0	0
IS	6131	0	0	0	0
IS	6132	0	0	0	0
IS	6133	0	0	0	0
IS	6134	0	0	0	0
IS	6135	0	0	0	0
IS	6136	1	0	0	1
IS	6137	0	0	0	0
IS	6138	0	0	0	0
IS	6139	0	0	0	0
IS	6140	0	0	0	0
IS	6141	0	0	0	0
IS	6142	1	0	0	1
IS	6143	1	0	0	1
IS	6144	0	0	0	0
IS	6145	0	0	0	0
IS	6146	0	0	0	0
IS	6147	1	0	0	1
IS	6148	0	0	0	0
IS	6149	0	0	0	0
IS	6150	0	0	0	0
IS	6151	0	0	0	0
IS	6152	1	0	0	1
IS	6153	0	0	0	0
IS	6154	0	0	0	0
IS	6155	0	0	0	0
IS	6156	0	0	0	0
IS	6157	0	0	0	0
IS	6158	0	0	0	0
IS	6159	0	0	0	0
IS	6160	0	0	0	0
IS	6161	0	0	0	0
IS	6162	0	0	0	0
IS	6163	0	0	0	0
IS	6164	1	0	0	1
IS	6165	3	0	0	3
IS	6166	0	0	0	0
IS	6167	0	0	0	0
IS	6168	0	0	0	0
IS	6169	0	0	0	0
IS	6170	0	0	0	0
IS	6171	0	0	0	0
IS	6172	0	0	0	0
IS	6173	0	0	0	0
IS	6174	0	0	0	0
IS	6175	0	0	0	0
IS	6176	0	0	0	0
IS	6177	0	0	0	0
IS	6178	0	0	0	0
IS	6179	2	0	1	1
IS	6180	0	0	0	0
IS	6181	0	0	0	0
IS	6182	0	0	0	0
IS	6183	2	1	0	1
IS	6184	0	0	0	0
IS	6185	0	0	0	0
IS	6186	0	0	0	0
IS	6187	0	0	0	0
IS	6188	2	0	0	2
IS	6189	0	0	0	0
IS	6190	0	0	0	0
IS	6191	0	0	0	0
IS	6192	1	0	0	1
IS	6193	0	0	0	0
IS	6194	0	0	0	0
IS	6195	1	0	0	1
IS	6196	0	0	0	0
IS	6197	1	0	0	1
IS	6198	0	0	0	0
IS	6199	1	0	0	1
IS	6200	0	0	0	0
IS	6201	0	0	0	0
IS	6202	0	0	0	0
IS	6203	0	0	0	0
IS	6204	1	0	0	1
IS	6205	0	0	0	0
IS	6206	0	0	0	0
IS	6207	0	0	0	0
IS	6208	0	0	0	0
IS	6209	0	0	0	0
IS	6210	0	0	0	0
IS	6211	0	0	0	0
IS	6212	1	0	0	1
IS	6213	0	0	0	0
IS	6214	0	0	0	0
IS	6215	0	0	0	0
IS	6216	1	0	0	1
IS	6217	0	0	0	0
IS	6218	0	0	0	0
IS	6219	0	0	0	0
IS	6220	0	0	0	0
IS	6221	0	0	0	0
IS	6222	0	0	0	0
IS	6223	0	0	0	0
IS	6224	0	0	0	0
IS	6225	2	0	0	2
IS	6226	1	0	0	1
IS	6227	0	0	0	0
IS	6228	2	0	0	2
IS	6229	0	0	0	0
IS	6230	1	0	0	1
IS	6231	0	0	0	0
IS	6232	0	0	0	0
IS	6233	0	0	0	0
IS	6234	0	0	0	0
IS	6235	0	0	0	0
IS	6236	0	0	0	0
IS	6237	0	0	0	0
IS	6238	0	0	0	0
IS	6239	0	0	0	0
IS	6240	0	0	0	0
IS	6241	0	0	0	0
IS	6242	0	0	0	0
IS	6243	0	0	0	0
IS	6244	0	0	0	0
IS	6245	1	0	0	1
IS	6246	0	0	0	0
IS	6247	0	0	0	0
IS	6248	0	0	0	0
IS	6249	1	0	0	1
IS	6250	0	0	0	0
IS	6251	0	0	0	0
IS	6252	1	0	0	1
IS	6253	0	0	0	0
IS	6254	0	0	0	0
IS	6255	0	0	0	0
IS	6256	0	0	0	0
IS	6257	0	0	0	0
IS	6258	0	0	0	0
IS	6259	0	0	0	0
IS	6260	0	0	0	0
IS	6261	0	0	0	0
IS	6262	0	0	0	0
IS	6263	0	0	0	0
IS	6264	0	0	0	0
IS	6265	1	0	0	1
IS	6266	0	0	0	0
IS	6267	1	0	0	1
IS	6268	0	0	0	0
IS	6269	0	0	0	0
IS	6270	1	0	1	0
IS	6271	0	0	0	0
IS	6272	1	0	0	1
IS	6273	1	0	0	1
IS	6274	0	0	0	0
IS	6275	1	0	0	1
IS	6276	0	0	0	0
IS	6277	1	0	0	1
IS	6278	0	0	0	0
IS	6279	0	0	0	0
IS	6280	0	0	0	0
IS	6281	0	0	0	0
IS	6282	0	0	0	0
IS	6283	0	0	0	0
IS	6284	0	0	0	0
IS	6285	0	0	0	0
IS	6286	2	0	0	2
IS	6287	0	0	0	0
IS	6288	0	0	0	0
IS	6289	0	0	0	0
IS	6290	0	0	0	0
IS	6291	0	0	0	0
IS	6292	0	0	0	0
IS	6293	0	0	0	0
IS	6294	0	0	0	0
IS	6295	0	0	0	0
IS	6296	0	0	0	0
IS	6297	0	0	0	0
IS	6298	0	0	0	0
IS	6299	0	0	0	0
IS	6300	0	0	0	0
IS	6301	0	0	0	0
IS	6302	0	0	0	0
IS	6303	0	0	0	0
IS	6304	1	0	0	1
IS	6305	0	0	0	0
IS	6306	0	0	0	0
IS	6307	1	0	0	1
IS	6308	1	0	0	1
IS	6309	1	0	0	1
IS	6310	0	0	0	0
IS	6311	0	0	0	0
IS	6312	0	0	0	0
IS	6313	0	0	0	0
IS	6314	0	0	0	0
IS	6315	0	0	0	0
IS	6316	1	0	0	1
IS	6317	0	0	0	0
IS	6318	0	0	0	0
IS	6319	0	0	0	0
IS	6320	0	0	0	0
IS	6321	0	0	0	0
IS	6322	0	0	0	0
IS	6323	0	0	0	0
IS	6324	0	0	0	0
IS	6325	1	0	0	1
IS	6326	0	0	0	0
IS	6327	0	0	0	0
IS	6328	0	0	0	0
IS	6329	0	0	0	0
IS	6330	0	0	0	0
IS	6331	1	0	0	1
IS	6332	0	0	0	0
IS	6333	0	0	0	0
IS	6334	0	0	0	0
IS	6335	0	0	0	0
IS	6336	1	0	0	1
IS	6337	0	0	0	0
IS	6338	0	0	0	0
IS	6339	0	0	0	0
IS	6340	0	0	0	0
IS	6341	0	0	0	0
IS	6342	2	0	0	2
IS	6343	1	0	0	1
IS	6344	0	0	0	0
IS	6345	0	0	0	0
IS	6346	1	0	0	1
IS	6347	0	0	0	0
IS	6348	0	0	0	0
IS	6349	0	0	0	0
IS	6350	0	0	0	0
IS	6351	0	0	0	0
IS	6352	0	0	0	0
IS	6353	0	0	0	0
IS	6354	1	0	0	1
IS	6355	2	0	0	2
IS	6356	0	0	0	0
IS	6357	0	0	0	0
IS	6358	0	0	0	0
IS	6359	2	0	0	2
IS	6360	0	0	0	0
IS	6361	0	0	0	0
IS	6362	1	1	0	0
IS	6363	0	0	0	0
IS	6364	0	0	0	0
IS	6365	0	0	0	0
IS	6366	0	0	0	0
IS	6367	0	0	0	0
IS	6368	0	0	0	0
IS	6369	1	0	0	1
IS	6370	0	0	0	0
IS	6371	0	0	0	0
IS	6372	1	0	0	1
IS	6373	0	0	0	0
IS	6374	1	0	0	1
IS	6375	0	0	0	0
IS	6376	1	0	0	1
IS	6377	0	0	0	0
IS	6378	0	0	0	0
IS	6379	1	0	0	1
IS	6380	0	0	0	0
IS	6381	1	0	0	1
IS	6382	0	0	0	0
IS	6383	1	0	0	1
IS	6384	1	0	0	1
IS	6385	1	0	0	1
IS	6386	0	0	0	0
IS	6387	0	0	0	0
IS	6388	0	0	0	0
IS	6389	0	0	0	0
IS	6390	0	0	0	0
IS	6391	0	0	0	0
IS	6392	1	0	0	1
IS	6393	0	0	0	0
IS	6394	2	0	0	2
IS	6395	0	0	0	0
IS	6396	0	0	0	0
IS	6397	0	0	0	0
IS	6398	0	0	0	0
IS	6399	1	0	0	1
IS	6400	0	0	0	0
IS	6401	0	0	0	0
IS	6402	2	0	0	2
IS	6403	0	0	0	0
IS	6404	1	0	0	1
IS	6405	0	0	0	0
IS	6406	0	0	0	0
IS	6407	1	0	0	1
IS	6408	0	0	0	0
IS	6409	1	0	1	0
IS	6410	0	0	0	0
IS	6411	1	0	0	1
IS	6412	1	0	0	1
IS	6413	0	0	0	0
IS	6414	0	0	0	0
IS	6415	0	0	0	0
IS	6416	0	0	0	0
IS	6417	0	0	0	0
IS	6418	1	0	0	1
IS	6419	0	0	0	0
IS	6420	0	0	0	0
IS	6421	0	0	0	0
IS	6422	0	0	0	0
IS	6423	0	0	0	0
IS	6424	0	0	0	0
IS	6425	1	0	0	1
IS	6426	1	0	0	1
IS	6427	0	0	0	0
IS	6428	1	0	0	1
IS	6429	0	0	0	0
IS	6430	1	0	0	1
IS	6431	0	0	0	0
IS	6432	0	0	0	0
IS	6433	0	0	0	0
IS	6434	0	0	0	0
IS	6435	1	0	0	1
IS	6436	1	1	0	0
IS	6437	0	0	0	0
IS	6438	1	0	0	1
IS	6439	1	0	0	1
IS	6440	0	0	0	0
IS	6441	0	0	0	0
IS	6442	0	0	0	0
IS	6443	0	0	0	0
IS	6444	0	0	0	0
IS	6445	1	0	0	1
IS	6446	0	0	0	0
IS	6447	0	0	0	0
IS	6448	0	0	0	0
IS	6449	1	0	0	1
IS	6450	0	0	0	0
IS	6451	0	0	0	0
IS	6452	1	0	0	1
IS	6453	0	0	0	0
IS	6454	1	0	0	1
IS	6455	0	0	0	0
IS	6456	0	0	0	0
IS	6457	0	0	0	0
IS	6458	0	0	0	0
IS	6459	0	0	0	0
IS	6460	1	0	0	1
IS	6461	1	0	0	1
IS	6462	2	0	0	2
IS	6463	0	0	0	0
IS	6464	1	0	0	1
IS	6465	0	0	0	0
IS	6466	2	0	0	2
IS	6467	1	0	0	1
IS	6468	0	0	0	0
IS	6469	1	0	0	1
IS	6470	0	0	0	0
IS	6471	0	0	0	0
IS	6472	0	0	0	0
IS	6473	0	0	0	0
IS	6474	0	0	0	0
IS	6475	0	0	0	0
IS	6476	1	0	0	1
IS	6477	0	0	0	0
IS	6478	0	0	0	0
IS	6479	0	0	0	0
IS	6480	0	0	0	0
IS	6481	0	0	0	0
IS	6482	0	0	0	0
IS	6483	1	0	0	1
IS	6484	0	0	0	0
IS	6485	0	0	0	0
IS	6486	1	0	0	1
IS	6487	2	0	0	2
IS	6488	0	0	0	0
IS	6489	0	0	0	0
IS	6490	0	0	0	0
IS	6491	1	0	0	1
IS	6492	0	0	0	0
IS	6493	1	0	0	1
IS	6494	0	0	0	0
IS	6495	0	0	0	0
IS	6496	0	0	0	0
IS	6497	0	0	0	0
IS	6498	0	0	0	0
IS	6499	0	0	0	0
IS	6500	0	0	0	0
IS	6501	0	0	0	0
IS	6502	0	0	0	0
IS	6503	0	0	0	0
IS	6504	0	0	0	0
IS	6505	0	0	0	0
IS	6506	0	0	0	0
IS	6507	0	0	0	0
IS	6508	0	0	0	0
IS	6509	0	0	0	0
IS	6510	0	0	0	0
IS	6511	1	0	1	0
IS	6512	0	0	0	0
IS	6513	0	0	0	0
IS	6514	0	0	0	0
IS	6515	0	0	0	0
IS	6516	0	0	0	0
IS	6517	1	0	0	1
IS	6518	1	0	0	1
IS	6519	0	0	0	0
IS	6520	1	0	0	1
IS	6521	4	0	0	4
IS	6522	0	0	0	0
IS	6523	0	0	0	0
IS	6524	1	0	0	1
IS	6525	0	0	0	0
IS	6526	0	0	0	0
IS	6527	0	0	0	0
IS	6528	0	0	0	0
IS	6529	1	0	0	1
IS	6530	1	0	0	1
IS	6531	0	0	0	0
IS	6532	0	0	0	0
IS	6533	0	0	0	0
IS	6534	1	0	0	1
IS	6535	0	0	0	0
IS	6536	0	0	0	0
IS	6537	0	0	0	0
IS	6538	0	0	0	0
IS	6539	0	0	0	0
IS	6540	0	0	0	0
IS	6541	0	0	0	0
IS	6542	0	0	0	0
IS	6543	0	0	0	0
IS	6544	0	0	0	0
IS	6545	1	0	0	1
IS	6546	1	0	0	1
IS	6547	1	0	0	1
IS	6548	0	0	0	0
IS	6549	1	0	0	1
IS	6550	1	0	0	1
IS	6551	0	0	0	0
IS	6552	0	0	0	0
IS	6553	0	0	0	0
IS	6554	0	0	0	0
IS	6555	0	0	0	0
IS	6556	1	0	0	1
IS	6557	0	0	0	0
IS	6558	2	0	0	2
IS	6559	0	0	0	0
IS	6560	1	0	0	1
IS	6561	2	0	0	2
IS	6562	0	0	0	0
IS	6563	0	0	0	0
IS	6564	0	0	0	0
IS	6565	0	0	0	0
IS	6566	0	0	0	0
IS	6567	1	0	0	1
IS	6568	0	0	0	0
IS	6569	0	0	0	0
IS	6570	0	0	0	0
IS	6571	1	0	0	1
IS	6572	0	0	0	0
IS	6573	0	0	0	0
IS	6574	0	0	0	0
IS	6575	0	0	0	0
IS	6576	1	0	0	1
IS	6577	1	0	0	1
IS	6578	0	0	0	0
IS	6579	0	0	0	0
IS	6580	0	0	0	0
IS	6581	0	0	0	0
IS	6582	1	0	0	1
IS	6583	0	0	0	0
IS	6584	0	0	0	0
IS	6585	0	0	0	0
IS	6586	1	0	0	1
IS	6587	0	0	0	0
IS	6588	1	0	0	1
IS	6589	0	0	0	0
IS	6590	0	0	0	0
IS	6591	0	0	0	0
IS	6592	0	0	0	0
IS	6593	0	0	0	0
IS	6594	1	0	0	1
IS	6595	1	0	0	1
IS	6596	0	0	0	0
IS	6597	0	0	0	0
IS	6598	1	0	0	1
IS	6599	0	0	0	0
IS	6600	0	0	0	0
IS	6601	1	0	0	1
IS	6602	0	0	0	0
IS	6603	1	0	0	1
IS	6604	1	0	0	1
IS	6605	0	0	0	0
IS	6606	0	0	0	0
IS	6607	1	0	0	1
IS	6608	0	0	0	0
IS	6609	0	0	0	0
IS	6610	0	0	0	0
IS	6611	0	0	0	0
IS	6612	0	0	0	0
IS	6613	0	0	0	0
IS	6614	0	0	0	0
IS	6615	0	0	0	0
IS	6616	1	0	0	1
IS	6617	0	0	0	0
IS	6618	1	0	0	1
IS	6619	0	0	0	0
IS	6620	0	0	0	0
IS	6621	2	0	0	2
IS	6622	0	0	0	0
IS	6623	0	0	0	0
IS	6624	0	0	0	0
IS	6625	0	0	0	0
IS	6626	1	0	0	1
IS	6627	1	0	0	1
IS	6628	1	0	0	1
IS	6629	1	0	0	1
IS	6630	0	0	0	0
IS	6631	0	0	0	0
IS	6632	0	0	0	0
IS	6633	0	0	0	0
IS	6634	1	0	0	1
IS	6635	0	0	0	0
IS	6636	0	0	0	0
IS	6637	1	0	0	1
IS	6638	0	0	0	0
IS	6639	0	0	0	0
IS	6640	0	0	0	0
IS	6641	0	0	0	0
IS	6642	1	0	0	1
IS	6643	1	0	0	1
IS	6644	1	0	0	1
IS	6645	0	0	0	0
IS	6646	0	0	0	0
IS	6647	0	0	0	0
IS	6648	0	0	0	0
IS	6649	0	0	0	0
IS	6650	0	0	0	0
IS	6651	0	0	0	0
IS	6652	0	0	0	0
IS	6653	0	0	0	0
IS	6654	0	0	0	0
IS	6655	0	0	0	0
IS	6656	1	0	0	1
IS	6657	0	0	0	0
IS	6658	0	0	0	0
IS	6659	0	0	0	0
IS	6660	0	0	0	0
IS	6661	1	0	0	1
IS	6662	0	0	0	0
IS	6663	0	0	0	0
IS	6664	0	0	0	0
IS	6665	0	0	0	0
IS	6666	0	0	0	0
IS	6667	1	0	0	1
IS	6668	0	0	0	0
IS	6669	0	0	0	0
IS	6670	0	0	0	0
IS	6671	0	0	0	0
IS	6672	1	0	0	1
IS	6673	0	0	0	0
IS	6674	0	0	0	0
IS	6675	0	0	0	0
IS	6676	0	0	0	0
IS	6677	0	0	0	0
IS	6678	0	0	0	0
IS	6679	0	0	0	0
IS	6680	0	0	0	0
IS	6681	3	0	0	3
IS	6682	1	0	0	1
IS	6683	0	0	0	0
IS	6684	1	0	0	1
IS	6685	1	0	0	1
IS	6686	0	0	0	0
IS	6687	0	0	0	0
IS	6688	0	0	0	0
IS	6689	0	0	0	0
IS	6690	0	0	0	0
IS	6691	0	0	0	0
IS	6692	1	0	1	0
IS	6693	1	0	0	1
IS	6694	0	0	0	0
IS	6695	0	0	0	0
IS	6696	0	0	0	0
IS	6697	0	0	0	0
IS	6698	0	0	0	0
IS	6699	0	0	0	0
IS	6700	1	0	0	1
IS	6701	0	0	0	0
IS	6702	0	0	0	0
IS	6703	1	0	0	1
IS	6704	0	0	0	0
IS	6705	0	0	0	0
IS	6706	0	0	0	0
IS	6707	0	0	0	0
IS	6708	2	1	0	1
IS	6709	0	0	0	0
IS	6710	0	0	0	0
IS	6711	0	0	0	0
IS	6712	2	0	0	2
IS	6713	1	0	0	1
IS	6714	0	0	0	0
IS	6715	2	0	0	2
IS	6716	0	0	0	0
IS	6717	2	0	0	2
IS	6718	1	0	0	1
IS	6719	0	0	0	0
IS	6720	3	0	0	3
IS	6721	0	0	0	0
IS	6722	1	0	0	1
IS	6723	0	0	0	0
IS	6724	0	0	0	0
IS	6725	0	0	0	0
IS	6726	0	0	0	0
IS	6727	1	0	0	1
IS	6728	0	0	0	0
IS	6729	1	0	0	1
IS	6730	0	0	0	0
IS	6731	0	0	0	0
IS	6732	0	0	0	0
IS	6733	0	0	0	0
IS	6734	0	0	0	0
IS	6735	0	0	0	0
IS	6736	1	0	0	1
IS	6737	0	0	0	0
IS	6738	0	0	0	0
IS	6739	0	0	0	0
IS	6740	0	0	0	0
IS	6741	0	0	0	0
IS	6742	1	0	0	1
IS	6743	0	0	0	0
IS	6744	1	1	0	0
IS	6745	0	0	0	0
IS	6746	0	0	0	0
IS	6747	0	0	0	0
IS	6748	0	0	0	0
IS	6749	0	0	0	0
IS	6750	0	0	0	0
IS	6751	0	0	0	0
IS	6752	0	0	0	0
IS	6753	0	0	0	0
IS	6754	1	0	0	1
IS	6755	1	0	0	1
IS	6756	0	0	0	0
IS	6757	0	0	0	0
IS	6758	0	0	0	0
IS	6759	0	0	0	0
IS	6760	0	0	0	0
IS	6761	0	0	0	0
IS	6762	0	0	0	0
IS	6763	0	0	0	0
IS	6764	0	0	0	0
IS	6765	0	0	0	0
IS	6766	0	0	0	0
IS	6767	0	0	0	0
IS	6768	0	0	0	0
IS	6769	0	0	0	0
IS	6770	0	0	0	0
IS	6771	0	0	0	0
IS	6772	1	0	0	1
IS	6773	0	0	0	0
IS	6774	1	0	0	1
IS	6775	0	0	0	0
IS	6776	1	0	0	1
IS	6777	0	0	0	0
IS	6778	0	0	0	0
IS	6779	0	0	0	0
IS	6780	0	0	0	0
IS	6781	1	0	0	1
IS	6782	0	0	0	0
IS	6783	0	0	0	0
IS	6784	2	0	1	1
IS	6785	0	0	0	0
IS	6786	1	0	0	1
IS	6787	0	0	0	0
IS	6788	0	0	0	0
IS	6789	2	0	0	2
IS	6790	1	0	0	1
IS	6791	0	0	0	0
IS	6792	0	0	0	0
IS	6793	1	0	0	1
IS	6794	0	0	0	0
IS	6795	0	0	0	0
IS	6796	1	0	0	1
IS	6797	0	0	0	0
IS	6798	0	0	0	0
IS	6799	1	0	0	1
IS	6800	1	0	0	1
IS	6801	0	0	0	0
IS	6802	0	0	0	0
IS	6803	0	0	0	0
IS	6804	0	0	0	0
IS	6805	0	0	0	0
IS	6806	0	0	0	0
IS	6807	0	0	0	0
IS	6808	1	0	0	1
IS	6809	0	0	0	0
IS	6810	1	0	0	1
IS	6811	0	0	0	0
IS	6812	0	0	0	0
IS	6813	1	0	0	1
IS	6814	0	0	0	0
IS	6815	0	0	0	0
IS	6816	0	0	0	0
IS	6817	0	0	0	0
IS	6818	0	0	0	0
IS	6819	0	0	0	0
IS	6820	0	0	0	0
IS	6821	1	0	0	1
IS	6822	0	0	0	0
IS	6823	0	0	0	0
IS	6824	0	0	0	0
IS	6825	0	0	0	0
IS	6826	0	0	0	0
IS	6827	0	0	0	0
IS	6828	0	0	0	0
IS	6829	1	0	0	1
IS	6830	1	0	0	1
IS	6831	0	0	0	0
IS	6832	0	0	0	0
IS	6833	2	0	0	2
IS	6834	0	0	0	0
IS	6835	0	0	0	0
IS	6836	0	0	0	0
IS	6837	0	0	0	0
IS	6838	0	0	0	0
IS	6839	0	0	0	0
IS	6840	0	0	0	0
IS	6841	0	0	0	0
IS	6842	1	0	0	1
IS	6843	1	0	0	1
IS	6844	0	0	0	0
IS	6845	1	0	0	1
IS	6846	0	0	0	0
IS	6847	1	0	0	1
IS	6848	0	0	0	0
IS	6849	0	0	0	0
IS	6850	0	0	0	0
IS	6851	1	0	0	1
IS	6852	0	0	0	0
IS	6853	0	0	0	0
IS	6854	0	0	0	0
IS	6855	0	0	0	0
IS	6856	0	0	0	0
IS	6857	0	0	0	0
IS	6858	0	0	0	0
IS	6859	0	0	0	0
IS	6860	0	0	0	0
IS	6861	0	0	0	0
IS	6862	0	0	0	0
IS	6863	0	0	0	0
IS	6864	0	0	0	0
IS	6865	0	0	0	0
IS	6866	0	0	0	0
IS	6867	0	0	0	0
IS	6868	0	0	0	0
IS	6869	0	0	0	0
IS	6870	1	0	0	1
IS	6871	0	0	0	0
IS	6872	0	0	0	0
IS	6873	0	0	0	0
IS	6874	0	0	0	0
IS	6875	0	0	0	0
IS	6876	0	0	0	0
IS	6877	1	0	0	1
IS	6878	0	0	0	0
IS	6879	0	0	0	0
IS	6880	1	0	0	1
IS	6881	0	0	0	0
IS	6882	0	0	0	0
IS	6883	0	0	0	0
IS	6884	0	0	0	0
IS	6885	0	0	0	0
IS	6886	1	0	0	1
IS	6887	0	0	0	0
IS	6888	0	0	0	0
IS	6889	0	0	0	0
IS	6890	2	0	0	2
IS	6891	0	0	0	0
IS	6892	0	0	0	0
IS	6893	0	0	0	0
IS	6894	0	0	0	0
IS	6895	1	0	0	1
IS	6896	0	0	0	0
IS	6897	0	0	0	0
IS	6898	0	0	0	0
IS	6899	1	0	0	1
IS	6900	0	0	0	0
IS	6901	1	1	0	0
IS	6902	1	1	0	0
IS	6903	1	0	0	1
IS	6904	1	1	0	0
IS	6905	0	0	0	0
IS	6906	0	0	0	0
IS	6907	0	0	0	0
IS	6908	0	0	0	0
IS	6909	0	0	0	0
IS	6910	0	0	0	0
IS	6911	0	0	0	0
IS	6912	0	0	0	0
IS	6913	0	0	0	0
IS	6914	0	0	0	0
IS	6915	0	0	0	0
IS	6916	2	0	0	2
IS	6917	0	0	0	0
IS	6918	0	0	0	0
IS	6919	0	0	0	0
IS	6920	0	0	0	0
IS	6921	0	0	0	0
IS	6922	0	0	0	0
IS	6923	0	0	0	0
IS	6924	1	1	0	0
IS	6925	0	0	0	0
IS	6926	0	0	0	0
IS	6927	0	0	0	0
IS	6928	0	0	0	0
IS	6929	0	0	0	0
IS	6930	0	0	0	0
IS	6931	1	0	0	1
IS	6932	0	0	0	0
IS	6933	0	0	0	0
IS	6934	0	0	0	0
IS	6935	0	0	0	0
IS	6936	1	0	0	1
IS	6937	0	0	0	0
IS	6938	1	0	0	1
IS	6939	0	0	0	0
IS	6940	0	0	0	0
IS	6941	0	0	0	0
IS	6942	1	0	0	1
IS	6943	0	0	0	0
IS	6944	0	0	0	0
IS	6945	0	0	0	0
IS	6946	1	0	1	0
IS	6947	0	0	0	0
IS	6948	0	0	0	0
IS	6949	0	0	0	0
IS	6950	1	0	0	1
IS	6951	0	0	0	0
IS	6952	1	0	0	1
IS	6953	0	0	0	0
IS	6954	0	0	0	0
IS	6955	0	0	0	0
IS	6956	2	0	1	1
IS	6957	0	0	0	0
IS	6958	0	0	0	0
IS	6959	0	0	0	0
IS	6960	0	0	0	0
IS	6961	1	1	0	0
IS	6962	0	0	0	0
IS	6963	1	0	0	1
IS	6964	1	0	0	1
IS	6965	1	0	0	1
IS	6966	0	0	0	0
IS	6967	1	0	0	1
IS	6968	1	0	0	1
IS	6969	0	0	0	0
IS	6970	0	0	0	0
IS	6971	0	0	0	0
IS	6972	1	1	0	0
IS	6973	1	0	0	1
IS	6974	0	0	0	0
IS	6975	2	0	0	2
IS	6976	1	0	0	1
IS	6977	0	0	0	0
IS	6978	0	0	0	0
IS	6979	0	0	0	0
IS	6980	0	0	0	0
IS	6981	1	1	0	0
IS	6982	1	0	0	1
IS	6983	0	0	0	0
IS	6984	0	0	0	0
IS	6985	0	0	0	0
IS	6986	0	0	0	0
IS	6987	1	0	0	1
IS	6988	0	0	0	0
IS	6989	0	0	0	0
IS	6990	1	0	0	1
IS	6991	0	0	0	0
IS	6992	0	0	0	0
IS	6993	0	0	0	0
IS	6994	0	0	0	0
IS	6995	0	0	0	0
IS	6996	1	0	0	1
IS	6997	0	0	0	0
IS	6998	0	0	0	0
IS	6999	1	0	0	1
IS	7000	0	0	0	0
IS	7001	1	0	0	1
IS	7002	0	0	0	0
IS	7003	0	0	0	0
IS	7004	0	0	0	0
IS	7005	0	0	0	0
IS	7006	0	0	0	0
IS	7007	1	0	0	1
IS	7008	1	1	0	0
IS	7009	0	0	0	0
IS	7010	0	0	0	0
IS	7011	0	0	0	0
IS	7012	1	0	0	1
IS	7013	0	0	0	0
IS	7014	1	0	0	1
IS	7015	0	0	0	0
IS	7016	0	0	0	0
IS	7017	1	0	0	1
IS	7018	1	0	0	1
IS	7019	0	0	0	0
IS	7020	0	0	0	0
IS	7021	1	1	0	0
IS	7022	1	0	0	1
IS	7023	1	0	0	1
IS	7024	0	0	0	0
IS	7025	0	0	0	0
IS	7026	0	0	0	0
IS	7027	0	0	0	0
IS	7028	0	0	0	0
IS	7029	0	0	0	0
IS	7030	1	0	0	1
IS	7031	0	0	0	0
IS	7032	0	0	0	0
IS	7033	0	0	0	0
IS	7034	0	0	0	0
IS	7035	0	0	0	0
IS	7036	0	0	0	0
IS	7037	0	0	0	0
IS	7038	0	0	0	0
IS	7039	0	0	0	0
IS	7040	0	0	0	0
IS	7041	0	0	0	0
IS	7042	0	0	0	0
IS	7043	0	0	0	0
IS	7044	0	0	0	0
IS	7045	2	2	0	0
IS	7046	0	0	0	0
IS	7047	0	0	0	0
IS	7048	1	0	0	1
IS	7049	1	0	0	1
IS	7050	1	0	0	1
IS	7051	0	0	0	0
IS	7052	0	0	0	0
IS	7053	0	0	0	0
IS	7054	0	0	0	0
IS	7055	1	0	0	1
IS	7056	0	0	0	0
IS	7057	0	0	0	0
IS	7058	0	0	0	0
IS	7059	0	0	0	0
IS	7060	1	0	0	1
IS	7061	0	0	0	0
IS	7062	2	0	0	2
IS	7063	0	0	0	0
IS	7064	0	0	0	0
IS	7065	0	0	0	0
IS	7066	0	0	0	0
IS	7067	0	0	0	0
IS	7068	0	0	0	0
IS	7069	0	0	0	0
IS	7070	0	0	0	0
IS	7071	1	0	0	1
IS	7072	0	0	0	0
IS	7073	0	0	0	0
IS	7074	1	0	0	1
IS	7075	0	0	0	0
IS	7076	0	0	0	0
IS	7077	0	0	0	0
IS	7078	0	0	0	0
IS	7079	1	0	0	1
IS	7080	0	0	0	0
IS	7081	0	0	0	0
IS	7082	1	0	0	1
IS	7083	0	0	0	0
IS	7084	0	0	0	0
IS	7085	1	0	0	1
IS	7086	0	0	0	0
IS	7087	0	0	0	0
IS	7088	0	0	0	0
IS	7089	0	0	0	0
IS	7090	0	0	0	0
IS	7091	1	0	0	1
IS	7092	0	0	0	0
IS	7093	0	0	0	0
IS	7094	0	0	0	0
IS	7095	0	0	0	0
IS	7096	1	0	0	1
IS	7097	0	0	0	0
IS	7098	0	0	0	0
IS	7099	0	0	0	0
IS	7100	1	0	0	1
IS	7101	0	0	0	0
IS	7102	0	0	0	0
IS	7103	0	0	0	0
IS	7104	0	0	0	0
IS	7105	0	0	0	0
IS	7106	0	0	0	0
IS	7107	0	0	0	0
IS	7108	0	0	0	0
IS	7109	0	0	0	0
IS	7110	0	0	0	0
IS	7111	1	1	0	0
IS	7112	1	1	0	0
IS	7113	0	0	0	0
IS	7114	0	0	0	0
IS	7115	0	0	0	0
IS	7116	0	0	0	0
IS	7117	0	0	0	0
IS	7118	1	0	0	1
IS	7119	1	0	0	1
IS	7120	0	0	0	0
IS	7121	0	0	0	0
IS	7122	1	0	0	1
IS	7123	1	0	0	1
IS	7124	0	0	0	0
IS	7125	0	0	0	0
IS	7126	2	1	0	1
IS	7127	1	0	0	1
IS	7128	1	0	0	1
IS	7129	0	0	0	0
IS	7130	0	0	0	0
IS	7131	1	1	0	0
IS	7132	0	0	0	0
IS	7133	1	0	0	1
IS	7134	1	0	0	1
IS	7135	0	0	0	0
IS	7136	0	0	0	0
IS	7137	0	0	0	0
IS	7138	0	0	0	0
IS	7139	0	0	0	0
IS	7140	0	0	0	0
IS	7141	0	0	0	0
IS	7142	0	0	0	0
IS	7143	0	0	0	0
IS	7144	1	0	0	1
IS	7145	1	1	0	0
IS	7146	0	0	0	0
IS	7147	0	0	0	0
IS	7148	0	0	0	0
IS	7149	0	0	0	0
IS	7150	1	1	0	0
IS	7151	0	0	0	0
IS	7152	0	0	0	0
IS	7153	0	0	0	0
IS	7154	0	0	0	0
IS	7155	1	0	0	1
IS	7156	3	1	0	2
IS	7157	0	0	0	0
IS	7158	1	1	0	0
IS	7159	0	0	0	0
IS	7160	0	0	0	0
IS	7161	0	0	0	0
IS	7162	0	0	0	0
IS	7163	0	0	0	0
IS	7164	0	0	0	0
IS	7165	1	1	0	0
IS	7166	0	0	0	0
IS	7167	1	0	0	1
IS	7168	1	1	0	0
IS	7169	0	0	0	0
IS	7170	2	0	1	1
IS	7171	0	0	0	0
IS	7172	0	0	0	0
IS	7173	0	0	0	0
IS	7174	1	0	0	1
IS	7175	0	0	0	0
IS	7176	0	0	0	0
IS	7177	0	0	0	0
IS	7178	0	0	0	0
IS	7179	0	0	0	0
IS	7180	2	0	0	2
IS	7181	0	0	0	0
IS	7182	0	0	0	0
IS	7183	0	0	0	0
IS	7184	1	0	0	1
IS	7185	0	0	0	0
IS	7186	1	0	0	1
IS	7187	0	0	0	0
IS	7188	0	0	0	0
IS	7189	1	0	0	1
IS	7190	0	0	0	0
IS	7191	0	0	0	0
IS	7192	0	0	0	0
IS	7193	0	0	0	0
IS	7194	0	0	0	0
IS	7195	0	0	0	0
IS	7196	0	0	0	0
IS	7197	0	0	0	0
IS	7198	1	0	0	1
IS	7199	0	0	0	0
IS	7200	0	0	0	0
IS	7201	0	0	0	0
IS	7202	0	0	0	0
IS	7203	0	0	0	0
IS	7204	0	0	0	0
IS	7205	0	0	0	0
IS	7206	0	0	0	0
IS	7207	0	0	0	0
IS	7208	0	0	0	0
IS	7209	0	0	0	0
IS	7210	0	0	0	0
IS	7211	0	0	0	0
IS	7212	0	0	0	0
IS	7213	0	0	0	0
IS	7214	1	0	0	1
IS	7215	0	0	0	0
IS	7216	1	1	0	0
IS	7217	0	0	0	0
IS	7218	0	0	0	0
IS	7219	0	0	0	0
IS	7220	0	0	0	0
IS	7221	0	0	0	0
IS	7222	0	0	0	0
IS	7223	0	0	0	0
IS	7224	1	1	0	0
IS	7225	0	0	0	0
IS	7226	0	0	0	0
IS	7227	1	1	0	0
IS	7228	1	0	0	1
IS	7229	0	0	0	0
IS	7230	0	0	0	0
IS	7231	0	0	0	0
IS	7232	1	1	0	0
IS	7233	0	0	0	0
IS	7234	0	0	0	0
IS	7235	1	0	0	1
IS	7236	0	0	0	0
IS	7237	0	0	0	0
IS	7238	0	0	0	0
IS	7239	2	1	0	1
IS	7240	0	0	0	0
IS	7241	0	0	0	0
IS	7242	1	0	0	1
IS	7243	1	0	0	1
IS	7244	0	0	0	0
IS	7245	0	0	0	0
IS	7246	0	0	0	0
IS	7247	0	0	0	0
IS	7248	0	0	0	0
IS	7249	0	0	0	0
IS	7250	0	0	0	0
IS	7251	0	0	0	0
IS	7252	0	0	0	0
IS	7253	0	0	0	0
IS	7254	0	0	0	0
IS	7255	1	1	0	0
IS	7256	0	0	0	0
IS	7257	0	0	0	0
IS	7258	1	0	0	1
IS	7259	1	0	0	1
IS	7260	1	0	0	1
IS	7261	0	0	0	0
IS	7262	0	0	0	0
IS	7263	0	0	0	0
IS	7264	0	0	0	0
IS	7265	0	0	0	0
IS	7266	0	0	0	0
IS	7267	0	0	0	0
IS	7268	0	0	0	0
IS	7269	0	0	0	0
IS	7270	0	0	0	0
IS	7271	0	0	0	0
IS	7272	0	0	0	0
IS	7273	0	0	0	0
IS	7274	2	1	0	1
IS	7275	0	0	0	0
IS	7276	0	0	0	0
IS	7277	1	0	0	1
IS	7278	0	0	0	0
IS	7279	0	0	0	0
IS	7280	0	0	0	0
IS	7281	0	0	0	0
IS	7282	0	0	0	0
IS	7283	0	0	0	0
IS	7284	0	0	0	0
IS	7285	0	0	0	0
IS	7286	0	0	0	0
IS	7287	0	0	0	0
IS	7288	0	0	0	0
IS	7289	0	0	0	0
IS	7290	0	0	0	0
IS	7291	0	0	0	0
IS	7292	0	0	0	0
IS	7293	1	0	1	0
IS	7294	1	0	0	1
IS	7295	0	0	0	0
IS	7296	0	0	0	0
IS	7297	0	0	0	0
IS	7298	0	0	0	0
IS	7299	0	0	0	0
IS	7300	1	1	0	0
IS	7301	1	0	0	1
IS	7302	0	0	0	0
IS	7303	0	0	0	0
IS	7304	0	0	0	0
IS	7305	0	0	0	0
IS	7306	1	1	0	0
IS	7307	0	0	0	0
IS	7308	0	0	0	0
IS	7309	2	0	0	2
IS	7310	1	0	0	1
IS	7311	1	1	0	0
IS	7312	0	0	0	0
IS	7313	1	0	0	1
IS	7314	0	0	0	0
IS	7315	2	0	0	2
IS	7316	1	1	0	0
IS	7317	0	0	0	0
IS	7318	0	0	0	0
IS	7319	0	0	0	0
IS	7320	0	0	0	0
IS	7321	0	0	0	0
IS	7322	0	0	0	0
IS	7323	0	0	0	0
IS	7324	0	0	0	0
IS	7325	0	0	0	0
IS	7326	0	0	0	0
IS	7327	0	0	0	0
IS	7328	2	0	0	2
IS	7329	0	0	0	0
IS	7330	0	0	0	0
IS	7331	0	0	0	0
IS	7332	1	0	0	1
IS	7333	1	1	0	0
IS	7334	1	0	0	1
IS	7335	0	0	0	0
IS	7336	0	0	0	0
IS	7337	2	0	0	2
IS	7338	0	0	0	0
IS	7339	0	0	0	0
IS	7340	0	0	0	0
IS	7341	2	0	0	2
IS	7342	0	0	0	0
IS	7343	2	0	0	2
IS	7344	1	0	0	1
IS	7345	0	0	0	0
IS	7346	0	0	0	0
IS	7347	0	0	0	0
IS	7348	0	0	0	0
IS	7349	0	0	0	0
IS	7350	0	0	0	0
IS	7351	1	0	0	1
IS	7352	0	0	0	0
IS	7353	1	0	0	1
IS	7354	1	0	0	1
IS	7355	0	0	0	0
IS	7356	0	0	0	0
IS	7357	0	0	0	0
IS	7358	0	0	0	0
IS	7359	0	0	0	0
IS	7360	0	0	0	0
IS	7361	0	0	0	0
IS	7362	0	0	0	0
IS	7363	0	0	0	0
IS	7364	0	0	0	0
IS	7365	1	0	0	1
IS	7366	0	0	0	0
IS	7367	0	0	0	0
IS	7368	0	0	0	0
IS	7369	0	0	0	0
IS	7370	0	0	0	0
IS	7371	0	0	0	0
IS	7372	2	1	0	1
IS	7373	0	0	0	0
IS	7374	0	0	0	0
IS	7375	0	0	0	0
IS	7376	1	0	0	1
IS	7377	1	1	0	0
IS	7378	0	0	0	0
IS	7379	0	0	0	0
IS	7380	0	0	0	0
IS	7381	1	0	0	1
IS	7382	0	0	0	0
IS	7383	1	1	0	0
IS	7384	0	0	0	0
IS	7385	1	0	0	1
IS	7386	0	0	0	0
IS	7387	0	0	0	0
IS	7388	0	0	0	0
IS	7389	1	0	0	1
IS	7390	0	0	0	0
IS	7391	1	1	0	0
IS	7392	1	0	0	1
IS	7393	1	1	0	0
IS	7394	1	1	0	0
IS	7395	0	0	0	0
IS	7396	0	0	0	0
IS	7397	0	0	0	0
IS	7398	0	0	0	0
IS	7399	0	0	0	0
IS	7400	1	1	0	0
IS	7401	0	0	0	0
IS	7402	0	0	0	0
IS	7403	0	0	0	0
IS	7404	1	0	0	1
IS	7405	0	0	0	0
IS	7406	0	0	0	0
IS	7407	0	0	0	0
IS	7408	0	0	0	0
IS	7409	0	0	0	0
IS	7410	0	0	0	0
IS	7411	0	0	0	0
IS	7412	0	0	0	0
IS	7413	0	0	0	0
IS	7414	0	0	0	0
IS	7415	0	0	0	0
IS	7416	0	0	0	0
IS	7417	2	0	0	2
IS	7418	0	0	0	0
IS	7419	0	0	0	0
IS	7420	0	0	0	0
IS	7421	0	0	0	0
IS	7422	1	1	0	0
IS	7423	0	0	0	0
IS	7424	1	0	0	1
IS	7425	0	0	0	0
IS	7426	1	0	0	1
IS	7427	0	0	0	0
IS	7428	0	0	0	0
IS	7429	0	0	0	0
IS	7430	0	0	0	0
IS	7431	2	0	0	2
IS	7432	1	0	0	1
IS	7433	0	0	0	0
IS	7434	0	0	0	0
IS	7435	2	0	0	2
IS	7436	1	0	0	1
IS	7437	1	0	0	1
IS	7438	2	1	0	1
IS	7439	0	0	0	0
IS	7440	0	0	0	0
IS	7441	2	0	0	2
IS	7442	0	0	0	0
IS	7443	0	0	0	0
IS	7444	0	0	0	0
IS	7445	2	0	0	2
IS	7446	0	0	0	0
IS	7447	0	0	0	0
IS	7448	3	0	0	3
IS	7449	0	0	0	0
IS	7450	0	0	0	0
IS	7451	1	0	0	1
IS	7452	1	0	0	1
IS	7453	0	0	0	0
IS	7454	0	0	0	0
IS	7455	0	0	0	0
IS	7456	0	0	0	0
IS	7457	0	0	0	0
IS	7458	0	0	0	0
IS	7459	0	0	0	0
IS	7460	1	0	0	1
IS	7461	0	0	0	0
IS	7462	1	0	0	1
IS	7463	1	0	0	1
IS	7464	1	0	0	1
IS	7465	0	0	0	0
IS	7466	0	0	0	0
IS	7467	0	0	0	0
IS	7468	0	0	0	0
IS	7469	0	0	0	0
IS	7470	0	0	0	0
IS	7471	0	0	0	0
IS	7472	0	0	0	0
IS	7473	1	0	0	1
IS	7474	0	0	0	0
IS	7475	0	0	0	0
IS	7476	1	0	0	1
IS	7477	0	0	0	0
IS	7478	0	0	0	0
IS	7479	0	0	0	0
IS	7480	1	0	0	1
IS	7481	0	0	0	0
IS	7482	1	0	0	1
IS	7483	1	0	0	1
IS	7484	0	0	0	0
IS	7485	0	0	0	0
IS	7486	0	0	0	0
IS	7487	0	0	0	0
IS	7488	1	0	0	1
IS	7489	0	0	0	0
IS	7490	0	0	0	0
IS	7491	1	0	0	1
IS	7492	0	0	0	0
IS	7493	0	0	0	0
IS	7494	0	0	0	0
IS	7495	0	0	0	0
IS	7496	0	0	0	0
IS	7497	0	0	0	0
IS	7498	0	0	0	0
IS	7499	1	0	0	1
IS	7500	1	0	0	1
IS	7501	0	0	0	0
IS	7502	0	0	0	0
IS	7503	0	0	0	0
IS	7504	1	0	0	1
IS	7505	0	0	0	0
IS	7506	2	0	0	2
IS	7507	0	0	0	0
IS	7508	0	0	0	0
IS	7509	0	0	0	0
IS	7510	1	0	0	1
IS	7511	0	0	0	0
IS	7512	0	0	0	0
IS	7513	1	1	0	0
IS	7514	0	0	0	0
IS	7515	0	0	0	0
IS	7516	0	0	0	0
IS	7517	1	0	0	1
IS	7518	0	0	0	0
IS	7519	1	0	0	1
IS	7520	0	0	0	0
IS	7521	0	0	0	0
IS	7522	0	0	0	0
IS	7523	0	0	0	0
IS	7524	1	0	0	1
IS	7525	0	0	0	0
IS	7526	0	0	0	0
IS	7527	0	0	0	0
IS	7528	0	0	0	0
IS	7529	1	0	0	1
IS	7530	0	0	0	0
IS	7531	0	0	0	0
IS	7532	1	0	0	1
IS	7533	0	0	0	0
IS	7534	1	0	0	1
IS	7535	0	0	0	0
IS	7536	1	0	0	1
IS	7537	0	0	0	0
IS	7538	0	0	0	0
IS	7539	1	0	0	1
IS	7540	0	0	0	0
IS	7541	0	0	0	0
IS	7542	0	0	0	0
IS	7543	0	0	0	0
IS	7544	0	0	0	0
IS	7545	0	0	0	0
IS	7546	0	0	0	0
IS	7547	0	0	0	0
IS	7548	0	0	0	0
IS	7549	0	0	0	0
IS	7550	0	0	0	0
IS	7551	0	0	0	0
IS	7552	1	0	0	1
IS	7553	0	0	0	0
IS	7554	0	0	0	0
IS	7555	1	0	0	1
IS	7556	0	0	0	0
IS	7557	0	0	0	0
IS	7558	0	0	0	0
IS	7559	0	0	0	0
IS	7560	1	0	0	1
IS	7561	0	0	0	0
IS	7562	0	0	0	0
IS	7563	2	0	0	2
IS	7564	2	0	0	2
IS	7565	0	0	0	0
IS	7566	0	0	0	0
IS	7567	0	0	0	0
IS	7568	1	0	0	1
IS	7569	0	0	0	0
IS	7570	0	0	0	0
IS	7571	0	0	0	0
IS	7572	0	0	0	0
IS	7573	0	0	0	0
IS	7574	0	0	0	0
IS	7575	1	0	0	1
IS	7576	0	0	0	0
IS	7577	0	0	0	0
IS	7578	1	0	0	1
IS	7579	1	0	0	1
IS	7580	1	0	0	1
IS	7581	0	0	0	0
IS	7582	0	0	0	0
IS	7583	2	0	0	2
IS	7584	0	0	0	0
IS	7585	1	0	0	1
IS	7586	0	0	0	0
IS	7587	1	0	0	1
IS	7588	0	0	0	0
IS	7589	0	0	0	0
IS	7590	1	0	0	1
IS	7591	0	0	0	0
IS	7592	1	1	0	0
IS	7593	0	0	0	0
IS	7594	0	0	0	0
IS	7595	0	0	0	0
IS	7596	2	0	0	2
IS	7597	0	0	0	0
IS	7598	1	0	0	1
IS	7599	1	0	0	1
IS	7600	0	0	0	0
IS	7601	0	0	0	0
IS	7602	1	0	0	1
IS	7603	1	0	0	1
IS	7604	0	0	0	0
IS	7605	0	0	0	0
IS	7606	2	0	0	2
IS	7607	0	0	0	0
IS	7608	0	0	0	0
IS	7609	1	0	0	1
IS	7610	0	0	0	0
IS	7611	0	0	0	0
IS	7612	0	0	0	0
IS	7613	0	0	0	0
IS	7614	0	0	0	0
IS	7615	0	0	0	0
IS	7616	0	0	0	0
IS	7617	0	0	0	0
IS	7618	0	0	0	0
IS	7619	0	0	0	0
IS	7620	1	0	0	1
IS	7621	0	0	0	0
IS	7622	1	0	0	1
IS	7623	0	0	0	0
IS	7624	0	0	0	0
IS	7625	0	0	0	0
IS	7626	1	0	0	1
IS	7627	0	0	0	0
IS	7628	0	0	0	0
IS	7629	0	0	0	0
IS	7630	1	1	0	0
IS	7631	0	0	0	0
IS	7632	0	0	0	0
IS	7633	0	0	0	0
IS	7634	0	0	0	0
IS	7635	0	0	0	0
IS	7636	0	0	0	0
IS	7637	0	0	0	0
IS	7638	0	0	0	0
IS	7639	0	0	0	0
IS	7640	0	0	0	0
IS	7641	0	0	0	0
IS	7642	0	0	0	0
IS	7643	0	0	0	0
IS	7644	0	0	0	0
IS	7645	0	0	0	0
IS	7646	0	0	0	0
IS	7647	0	0	0	0
IS	7648	0	0	0	0
IS	7649	0	0	0	0
IS	7650	0	0	0	0
IS	7651	0	0	0	0
IS	7652	0	0	0	0
IS	7653	0	0	0	0
IS	7654	1	0	0	1
IS	7655	0	0	0	0
IS	7656	1	0	0	1
IS	7657	0	0	0	0
IS	7658	0	0	0	0
IS	7659	0	0	0	0
IS	7660	0	0	0	0
IS	7661	0	0	0	0
IS	7662	0	0	0	0
IS	7663	0	0	0	0
IS	7664	0	0	0	0
IS	7665	0	0	0	0
IS	7666	0	0	0	0
IS	7667	0	0	0	0
IS	7668	0	0	0	0
IS	7669	1	0	0	1
IS	7670	0	0	0	0
IS	7671	0	0	0	0
IS	7672	0	0	0	0
IS	7673	0	0	0	0
IS	7674	0	0	0	0
IS	7675	0	0	0	0
IS	7676	0	0	0	0
IS	7677	0	0	0	0
IS	7678	1	0	0	1
IS	7679	2	0	0	2
IS	7680	0	0	0	0
IS	7681	0	0	0	0
IS	7682	1	0	0	1
IS	7683	0	0	0	0
IS	7684	0	0	0	0
IS	7685	1	0	0	1
IS	7686	0	0	0	0
IS	7687	0	0	0	0
IS	7688	0	0	0	0
IS	7689	1	0	0	1
IS	7690	1	0	0	1
IS	7691	0	0	0	0
IS	7692	0	0	0	0
IS	7693	0	0	0	0
IS	7694	0	0	0	0
IS	7695	0	0	0	0
IS	7696	1	0	0	1
IS	7697	0	0	0	0
IS	7698	0	0	0	0
IS	7699	0	0	0	0
IS	7700	0	0	0	0
IS	7701	0	0	0	0
IS	7702	0	0	0	0
IS	7703	0	0	0	0
IS	7704	0	0	0	0
IS	7705	2	0	0	2
IS	7706	0	0	0	0
IS	7707	0	0	0	0
IS	7708	0	0	0	0
IS	7709	0	0	0	0
IS	7710	2	0	0	2
IS	7711	1	0	0	1
IS	7712	0	0	0	0
IS	7713	1	0	0	1
IS	7714	0	0	0	0
IS	7715	0	0	0	0
IS	7716	0	0	0	0
IS	7717	0	0	0	0
IS	7718	0	0	0	0
IS	7719	0	0	0	0
IS	7720	0	0	0	0
IS	7721	0	0	0	0
IS	7722	0	0	0	0
IS	7723	0	0	0	0
IS	7724	1	0	0	1
IS	7725	0	0	0	0
IS	7726	0	0	0	0
IS	7727	0	0	0	0
IS	7728	0	0	0	0
IS	7729	0	0	0	0
IS	7730	0	0	0	0
IS	7731	1	0	0	1
IS	7732	0	0	0	0
IS	7733	0	0	0	0
IS	7734	0	0	0	0
IS	7735	0	0	0	0
IS	7736	0	0	0	0
IS	7737	1	0	0	1
IS	7738	0	0	0	0
IS	7739	1	0	0	1
IS	7740	0	0	0	0
IS	7741	0	0	0	0
IS	7742	1	0	0	1
IS	7743	0	0	0	0
IS	7744	0	0	0	0
IS	7745	2	0	0	2
IS	7746	1	0	0	1
IS	7747	0	0	0	0
IS	7748	0	0	0	0
IS	7749	1	0	0	1
IS	7750	1	0	0	1
IS	7751	0	0	0	0
IS	7752	0	0	0	0
IS	7753	1	0	0	1
IS	7754	1	0	0	1
IS	7755	1	0	0	1
IS	7756	0	0	0	0
IS	7757	0	0	0	0
IS	7758	0	0	0	0
IS	7759	0	0	0	0
IS	7760	0	0	0	0
IS	7761	0	0	0	0
IS	7762	0	0	0	0
IS	7763	0	0	0	0
IS	7764	0	0	0	0
IS	7765	0	0	0	0
IS	7766	0	0	0	0
IS	7767	0	0	0	0
IS	7768	0	0	0	0
IS	7769	0	0	0	0
IS	7770	1	0	0	1
IS	7771	0	0	0	0
IS	7772	0	0	0	0
IS	7773	1	0	0	1
IS	7774	0	0	0	0
IS	7775	0	0	0	0
IS	7776	0	0	0	0
IS	7777	0	0	0	0
IS	7778	0	0	0	0
IS	7779	0	0	0	0
IS	7780	0	0	0	0
IS	7781	1	0	0	1
IS	7782	0	0	0	0
IS	7783	0	0	0	0
IS	7784	0	0	0	0
IS	7785	0	0	0	0
IS	7786	0	0	0	0
IS	7787	0	0	0	0
IS	7788	0	0	0	0
IS	7789	0	0	0	0
IS	7790	0	0	0	0
IS	7791	0	0	0	0
IS	7792	0	0	0	0
IS	7793	0	0	0	0
IS	7794	0	0	0	0
IS	7795	2	0	0	2
IS	7796	0	0	0	0
IS	7797	0	0	0	0
IS	7798	0	0	0	0
IS	7799	0	0	0	0
IS	7800	1	0	0	1
IS	7801	0	0	0	0
IS	7802	0	0	0	0
IS	7803	1	0	0	1
IS	7804	0	0	0	0
IS	7805	1	0	0	1
IS	7806	0	0	0	0
IS	7807	1	0	0	1
IS	7808	0	0	0	0
IS	7809	0	0	0	0
IS	7810	0	0	0	0
IS	7811	0	0	0	0
IS	7812	0	0	0	0
IS	7813	0	0	0	0
IS	7814	0	0	0	0
IS	7815	0	0	0	0
IS	7816	0	0	0	0
IS	7817	0	0	0	0
IS	7818	0	0	0	0
IS	7819	0	0	0	0
IS	7820	0	0	0	0
IS	7821	0	0	0	0
IS	7822	0	0	0	0
IS	7823	1	0	1	0
IS	7824	0	0	0	0
IS	7825	0	0	0	0
IS	7826	0	0	0	0
IS	7827	0	0	0	0
IS	7828	0	0	0	0
IS	7829	0	0	0	0
IS	7830	1	0	0	1
IS	7831	0	0	0	0
IS	7832	0	0	0	0
IS	7833	0	0	0	0
IS	7834	0	0	0	0
IS	7835	0	0	0	0
IS	7836	0	0	0	0
IS	7837	0	0	0	0
IS	7838	1	0	0	1
IS	7839	0	0	0	0
IS	7840	1	0	0	1
IS	7841	2	0	0	2
IS	7842	0	0	0	0
IS	7843	0	0	0	0
IS	7844	0	0	0	0
IS	7845	0	0	0	0
IS	7846	0	0	0	0
IS	7847	0	0	0	0
IS	7848	0	0	0	0
IS	7849	0	0	0	0
IS	7850	0	0	0	0
IS	7851	0	0	0	0
IS	7852	0	0	0	0
IS	7853	1	0	0	1
IS	7854	0	0	0	0
IS	7855	0	0	0	0
IS	7856	1	0	0	1
IS	7857	0	0	0	0
IS	7858	0	0	0	0
IS	7859	2	0	0	2
IS	7860	0	0	0	0
IS	7861	1	0	0	1
IS	7862	1	0	0	1
IS	7863	0	0	0	0
IS	7864	0	0	0	0
IS	7865	0	0	0	0
IS	7866	0	0	0	0
IS	7867	0	0	0	0
IS	7868	0	0	0	0
IS	7869	1	0	0	1
IS	7870	0	0	0	0
IS	7871	1	0	0	1
IS	7872	0	0	0	0
IS	7873	1	0	0	1
IS	7874	0	0	0	0
IS	7875	0	0	0	0
IS	7876	0	0	0	0
IS	7877	1	0	0	1
IS	7878	0	0	0	0
IS	7879	0	0	0	0
IS	7880	0	0	0	0
IS	7881	0	0	0	0
IS	7882	0	0	0	0
IS	7883	0	0	0	0
IS	7884	0	0	0	0
IS	7885	0	0	0	0
IS	7886	1	0	0	1
IS	7887	0	0	0	0
IS	7888	0	0	0	0
IS	7889	0	0	0	0
IS	7890	3	0	0	3
IS	7891	0	0	0	0
IS	7892	0	0	0	0
IS	7893	1	0	0	1
IS	7894	1	0	0	1
IS	7895	1	0	0	1
IS	7896	0	0	0	0
IS	7897	0	0	0	0
IS	7898	0	0	0	0
IS	7899	0	0	0	0
IS	7900	0	0	0	0
IS	7901	0	0	0	0
IS	7902	1	0	0	1
IS	7903	0	0	0	0
IS	7904	0	0	0	0
IS	7905	0	0	0	0
IS	7906	0	0	0	0
IS	7907	1	0	0	1
IS	7908	0	0	0	0
IS	7909	0	0	0	0
IS	7910	0	0	0	0
IS	7911	0	0	0	0
IS	7912	1	0	0	1
IS	7913	0	0	0	0
IS	7914	1	0	0	1
IS	7915	0	0	0	0
IS	7916	0	0	0	0
IS	7917	0	0	0	0
IS	7918	0	0	0	0
IS	7919	2	0	1	1
IS	7920	1	0	0	1
IS	7921	0	0	0	0
IS	7922	0	0	0	0
IS	7923	0	0	0	0
IS	7924	0	0	0	0
IS	7925	0	0	0	0
IS	7926	0	0	0	0
IS	7927	0	0	0	0
IS	7928	0	0	0	0
IS	7929	0	0	0	0
IS	7930	0	0	0	0
IS	7931	1	0	0	1
IS	7932	0	0	0	0
IS	7933	1	0	0	1
IS	7934	0	0	0	0
IS	7935	0	0	0	0
IS	7936	0	0	0	0
IS	7937	1	0	0	1
IS	7938	1	0	0	1
IS	7939	0	0	0	0
IS	7940	0	0	0	0
IS	7941	0	0	0	0
IS	7942	0	0	0	0
IS	7943	0	0	0	0
IS	7944	0	0	0	0
IS	7945	0	0	0	0
IS	7946	1	0	0	1
IS	7947	0	0	0	0
IS	7948	1	0	0	1
IS	7949	0	0	0	0
IS	7950	3	0	0	3
IS	7951	0	0	0	0
IS	7952	1	0	0	1
IS	7953	0	0	0	0
IS	7954	0	0	0	0
IS	7955	1	0	0	1
IS	7956	0	0	0	0
IS	7957	0	0	0	0
IS	7958	0	0	0	0
IS	7959	0	0	0	0
IS	7960	0	0	0	0
IS	7961	0	0	0	0
IS	7962	1	0	0	1
IS	7963	0	0	0	0
IS	7964	1	0	0	1
IS	7965	1	0	0	1
IS	7966	0	0	0	0
IS	7967	0	0	0	0
IS	7968	0	0	0	0
IS	7969	0	0	0	0
IS	7970	1	0	0	1
IS	7971	0	0	0	0
IS	7972	1	0	0	1
IS	7973	0	0	0	0
IS	7974	0	0	0	0
IS	7975	0	0	0	0
IS	7976	0	0	0	0
IS	7977	0	0	0	0
IS	7978	0	0	0	0
IS	7979	0	0	0	0
IS	7980	1	0	0	1
IS	7981	0	0	0	0
IS	7982	0	0	0	0
IS	7983	0	0	0	0
IS	7984	0	0	0	0
IS	7985	0	0	0	0
IS	7986	1	0	0	1
IS	7987	0	0	0	0
IS	7988	1	0	0	1
IS	7989	0	0	0	0
IS	7990	0	0	0	0
IS	7991	1	0	0	1
IS	7992	2	0	0	2
IS	7993	1	0	0	1
IS	7994	0	0	0	0
IS	7995	1	0	0	1
IS	7996	1	0	0	1
IS	7997	0	0	0	0
IS	7998	0	0	0	0
IS	7999	0	0	0	0
IS	8000	13070	2967	3088	7015
# Read lengths. Use `grep ^RL | cut -f 2-` to extract this part. The columns are: read length, count
RL	25	3610
RL	26	3607
RL	27	3945
RL	28	4146
RL	29	3737
RL	30	4045
RL	31	3894
RL	32	3974
RL	33	3972
RL	34	4021
RL	35	3867
RL	36	3548
RL	37	3661
RL	38	3577
RL	39	3546
RL	40	3789
RL	41	4187
RL	42	3862
RL	43	4070
RL	44	4513
RL	45	4702
RL	46	4520
RL	47	4894
RL	48	4554
RL	49	4550
RL	50	4440
RL	51	4311
RL	52	4464
RL	53	4288
RL	54	4270
RL	55	4467
RL	56	4606
RL	57	4612
RL	58	4826
RL	59	5026
RL	60	4994
RL	61	5022
RL	62	5028
RL	63	5494
RL	64	5264
RL	65	5338
RL	66	5595
RL	67	5837
RL	68	5563
RL	69	5439
RL	70	5845
RL	71	5829
RL	72	5879
RL	73	5812
RL	74	6135
RL	75	6106
RL	76	6226
RL	77	6075
RL	78	6399
RL	79	6689
RL	80	6706
RL	81	6573
RL	82	6720
RL	83	7186
RL	84	6996
RL	85	7045
RL	86	7418
RL	87	7574
RL	88	7408
RL	89	7697
RL	90	7755
RL	91	8487
RL	92	8218
RL	93	8274
RL	94	8315
RL	95	8692
RL	96	8413
RL	97	8443
RL	98	8400
RL	99	9363
RL	100	10227
RL	101	8136
RL	102	5318
RL	103	5603
RL	104	4922
RL	105	4214
RL	106	4394
RL	107	4312
RL	108	4191
RL	109	4342
RL	110	4404
RL	111	4680
RL	112	4750
RL	113	5439
RL	114	5086
RL	115	5428
RL	116	5553
RL	117	5623
RL	118	6281
RL	119	6092
RL	120	6162
RL	121	6319
RL	122	6735
RL	123	6456
RL	124	6620
RL	125	6949
RL	126	6946
RL	127	7420
RL	128	8037
RL	129	7899
RL	130	8378
RL	131	8475
RL	132	8647
RL	133	8902
RL	134	9455
RL	135	9654
RL	136	9745
RL	137	10094
RL	138	10345
RL	139	11035
RL	140	11462
RL	141	12269
RL	142	12703
RL	143	13480
RL	144	14236
RL	145	15280
RL	146	15474
RL	147	15655
RL	148	16939
RL	149	34711
RL	150	1675966
# Read lengths - first fragments. Use `grep ^FRL | cut -f 2-` to extract this part. The columns are: read length, count
FRL	25	644
FRL	26	627
FRL	27	772
FRL	28	897
FRL	29	691
FRL	30	805
FRL	31	535
FRL	32	605
FRL	33	639
FRL	34	638
FRL	35	663
FRL	36	689
FRL	37	658
FRL	38	697
FRL	39	686
FRL	40	801
FRL	41	873
FRL	42	787
FRL	43	806
FRL	44	813
FRL	45	887
FRL	46	875
FRL	47	1210
FRL	48	909
FRL	49	892
FRL	50	965
FRL	51	870
FRL	52	916
FRL	53	800
FRL	54	903
FRL	55	936
FRL	56	925
FRL	57	1004
FRL	58	1127
FRL	59	1062
FRL	60	1099
FRL	61	1149
FRL	62	1088
FRL	63	1281
FRL	64	1176
FRL	65	1156
FRL	66	1178
FRL	67	1197
FRL	68	1201
FRL	69	1176
FRL	70	1254
FRL	71	1373
FRL	72	1322
FRL	73	1410
FRL	74	1495
FRL	75	1470
FRL	76	1577
FRL	77	1556
FRL	78	1546
FRL	79	1532
FRL	80	1623
FRL	81	1638
FRL	82	1668
FRL	83	1705
FRL	84	1678
FRL	85	1694
FRL	86	1861
FRL	87	1909
FRL	88	1914
FRL	89	1981
FRL	90	2026
FRL	91	2337
FRL	92	2093
FRL	93	2157
FRL	94	2275
FRL	95	2368
FRL	96	2180
FRL	97	2247
FRL	98	2353
FRL	99	2621
FRL	100	3015
FRL	101	2441
FRL	102	1520
FRL	103	1706
FRL	104	1687
FRL	105	1189
FRL	106	1281
FRL	107	1270
FRL	108	1226
FRL	109	1239
FRL	110	1304
FRL	111	1340
FRL	112	1341
FRL	113	1708
FRL	114	1473
FRL	115	1813
FRL	116	1537
FRL	117	1633
FRL	118	1652
FRL	119	1620
FRL	120	1696
FRL	121	1819
FRL	122	2155
FRL	123	1846
FRL	124	1871
FRL	125	2001
FRL	126	2088
FRL	127	2237
FRL	128	2547
FRL	129	2436
FRL	130	2515
FRL	131	2700
FRL	132	2656
FRL	133	2760
FRL	134	2904
FRL	135	3063
FRL	136	3240
FRL	137	3385
FRL	138	3393
FRL	139	3697
FRL	140	3996
FRL	141	4358
FRL	142	4790
FRL	143	5192
FRL	144	5461
FRL	145	6255
FRL	146	6494
FRL	147	7011
FRL	148	7614
FRL	149	16916
FRL	150	1017636
# Read lengths - last fragments. Use `grep ^LRL | cut -f 2-` to extract this part. The columns are: read length, count
LRL	25	2966
LRL	26	2980
LRL	27	3173
LRL	28	3249
LRL	29	3046
LRL	30	3240
LRL	31	3359
LRL	32	3369
LRL	33	3333
LRL	34	3383
LRL	35	3204
LRL	36	2859
LRL	37	3003
LRL	38	2880
LRL	39	2860
LRL	40	2988
LRL	41	3314
LRL	42	3075
LRL	43	3264
LRL	44	3700
LRL	45	3815
LRL	46	3645
LRL	47	3684
LRL	48	3645
LRL	49	3658
LRL	50	3475
LRL	51	3441
LRL	52	3548
LRL	53	3488
LRL	54	3367
LRL	55	3531
LRL	56	3681
LRL	57	3608
LRL	58	3699
LRL	59	3964
LRL	60	3895
LRL	61	3873
LRL	62	3940
LRL	63	4213
LRL	64	4088
LRL	65	4182
LRL	66	4417
LRL	67	4640
LRL	68	4362
LRL	69	4263
LRL	70	4591
LRL	71	4456
LRL	72	4557
LRL	73	4402
LRL	74	4640
LRL	75	4636
LRL	76	4649
LRL	77	4519
LRL	78	4853
LRL	79	5157
LRL	80	5083
LRL	81	4935
LRL	82	5052
LRL	83	5481
LRL	84	5318
LRL	85	5351
LRL	86	5557
LRL	87	5665
LRL	88	5494
LRL	89	5716
LRL	90	5729
LRL	91	6150
LRL	92	6125
LRL	93	6117
LRL	94	6040
LRL	95	6324
LRL	96	6233
LRL	97	6196
LRL	98	6047
LRL	99	6742
LRL	100	7212
LRL	101	5695
LRL	102	3798
LRL	103	3897
LRL	104	3235
LRL	105	3025
LRL	106	3113
LRL	107	3042
LRL	108	2965
LRL	109	3103
LRL	110	3100
LRL	111	3340
LRL	112	3409
LRL	113	3731
LRL	114	3613
LRL	115	3615
LRL	116	4016
LRL	117	3990
LRL	118	4629
LRL	119	4472
LRL	120	4466
LRL	121	4500
LRL	122	4580
LRL	123	4610
LRL	124	4749
LRL	125	4948
LRL	126	4858
LRL	127	5183
LRL	128	5490
LRL	129	5463
LRL	130	5863
LRL	131	5775
LRL	132	5991
LRL	133	6142
LRL	134	6551
LRL	135	6591
LRL	136	6505
LRL	137	6709
LRL	138	6952
LRL	139	7338
LRL	140	7466
LRL	141	7911
LRL	142	7913
LRL	143	8288
LRL	144	8775
LRL	145	9025
LRL	146	8980
LRL	147	8644
LRL	148	9325
LRL	149	17795
LRL	150	658330
# Mapping qualities for reads !(UNMAP|SECOND|SUPPL|QCFAIL|DUP). Use `grep ^MAPQ | cut -f 2-` to extract this part. The columns are: mapq, count
MAPQ	0	44759
MAPQ	1	118
MAPQ	2	12
MAPQ	3	244
MAPQ	4	40
MAPQ	5	110
MAPQ	6	43
MAPQ	7	61
MAPQ	8	77
MAPQ	9	144
MAPQ	10	49
MAPQ	11	107
MAPQ	12	45
MAPQ	13	34
MAPQ	14	3
MAPQ	15	78
MAPQ	16	46
MAPQ	17	63
MAPQ	18	41
MAPQ	19	35
MAPQ	20	1
MAPQ	21	140
MAPQ	22	554
MAPQ	23	106
MAPQ	24	357
MAPQ	25	386
MAPQ	26	29
MAPQ	27	1884
MAPQ	28	45
MAPQ	29	51
MAPQ	30	22
MAPQ	31	54
MAPQ	32	39
MAPQ	33	180
MAPQ	34	25
MAPQ	35	73
MAPQ	36	46
MAPQ	37	47
MAPQ	38	4
MAPQ	39	169
MAPQ	40	17319
MAPQ	41	70
MAPQ	42	57
MAPQ	43	180
MAPQ	44	53
MAPQ	45	413
MAPQ	46	405
MAPQ	47	101
MAPQ	48	2286
MAPQ	49	237
MAPQ	50	422
MAPQ	51	223
MAPQ	52	216
MAPQ	53	76
MAPQ	54	124
MAPQ	55	85
MAPQ	56	296
MAPQ	57	452
MAPQ	58	54
MAPQ	59	171
MAPQ	60	2453289
# Indel distribution. Use `grep ^ID | cut -f 2-` to extract this part. The columns are: length, number of insertions, number of deletions
ID	1	708	3746
ID	2	126	286
ID	3	18	47
ID	4	4	14
ID	5	13	7
ID	6	10	6
ID	7	3	5
ID	8	2	3
ID	9	2	2
ID	10	2	0
ID	11	1	0
ID	12	1	1
ID	13	0	1
ID	14	0	1
ID	15	0	1
ID	17	2	0
ID	18	2	1
ID	19	0	2
ID	20	1	0
ID	21	1	1
ID	23	0	1
ID	24	10	3
ID	26	0	2
ID	28	1	0
ID	29	0	1
ID	30	0	1
ID	31	0	1
ID	33	0	1
ID	37	0	1
ID	38	0	9
ID	41	0	1
ID	48	0	1
ID	49	0	1
ID	58	0	1
# Indels per cycle. Use `grep ^IC | cut -f 2-` to extract this part. The columns are: cycle, number of insertions (fwd), .. (rev) , number of deletions (fwd), .. (rev)
IC	3	0	0	18	12
IC	4	14	8	34	28
IC	5	3	2	18	16
IC	6	3	0	7	12
IC	7	0	0	12	9
IC	8	2	4	8	8
IC	9	1	1	9	9
IC	10	1	0	9	11
IC	11	1	1	10	13
IC	12	2	2	7	9
IC	13	3	2	9	11
IC	14	1	0	11	9
IC	15	0	3	16	11
IC	16	9	7	13	10
IC	17	0	0	10	6
IC	18	1	0	16	17
IC	19	0	1	12	10
IC	20	0	5	18	20
IC	21	4	8	17	22
IC	22	2	4	22	21
IC	23	3	6	18	13
IC	24	1	1	14	16
IC	25	1	2	24	16
IC	26	1	3	18	13
IC	27	2	6	15	19
IC	28	1	1	14	9
IC	29	1	2	8	11
IC	30	1	1	20	11
IC	31	1	2	23	15
IC	32	3	2	10	11
IC	33	4	3	17	19
IC	34	2	5	17	10
IC	35	0	2	20	17
IC	36	3	3	16	13
IC	37	13	6	13	17
IC	38	7	5	15	21
IC	39	3	1	14	24
IC	40	2	3	15	14
IC	41	4	4	11	14
IC	42	7	7	9	13
IC	43	3	6	12	16
IC	44	3	2	12	19
IC	45	5	1	9	13
IC	46	1	2	14	17
IC	47	0	1	24	16
IC	48	0	3	21	16
IC	49	3	6	15	19
IC	50	1	1	13	22
IC	51	5	5	16	22
IC	52	4	3	14	8
IC	53	1	5	10	12
IC	54	2	8	12	15
IC	55	1	1	12	27
IC	56	3	3	11	19
IC	57	3	2	12	20
IC	58	3	5	13	16
IC	59	4	3	11	13
IC	60	0	2	16	19
IC	61	5	4	22	16
IC	62	1	3	19	17
IC	63	2	3	20	14
IC	64	7	3	13	14
IC	65	3	2	19	19
IC	66	3	5	18	16
IC	67	1	6	20	14
IC	68	5	3	19	18
IC	69	7	2	10	19
IC	70	2	3	13	17
IC	71	1	7	22	9
IC	72	1	5	15	16
IC	73	4	3	17	13
IC	74	4	2	18	9
IC	75	6	2	16	11
IC	76	3	1	12	13
IC	77	5	4	20	21
IC	78	1	2	18	11
IC	79	1	4	11	13
IC	80	4	3	18	9
IC	81	2	3	16	15
IC	82	2	3	11	15
IC	83	4	1	19	8
IC	84	3	4	16	11
IC	85	2	1	24	16
IC	86	5	4	13	10
IC	87	5	2	17	11
IC	88	7	0	15	12
IC	89	1	1	13	23
IC	90	6	2	21	11
IC	91	2	2	18	13
IC	92	4	1	15	10
IC	93	7	4	11	14
IC	94	5	3	15	20
IC	95	1	0	9	14
IC	96	2	2	15	10
IC	97	0	3	18	9
IC	98	3	5	14	16
IC	99	1	1	9	10
IC	100	0	0	17	9
IC	101	4	2	16	22
IC	102	2	2	8	12
IC	103	3	3	18	12
IC	104	3	1	17	27
IC	105	4	1	15	6
IC	106	1	1	12	14
IC	107	2	4	17	13
IC	108	3	2	13	8
IC	109	2	3	15	8
IC	110	1	1	13	18
IC	111	3	1	16	13
IC	112	4	0	13	7
IC	113	2	2	14	16
IC	114	2	0	21	10
IC	115	0	1	14	13
IC	116	6	0	13	12
IC	117	4	3	17	8
IC	118	3	1	14	21
IC	119	0	2	21	13
IC	120	6	5	12	14
IC	121	3	4	20	20
IC	122	0	2	20	7
IC	123	2	0	16	5
IC	124	1	2	17	7
IC	125	4	2	17	11
IC	126	4	2	20	9
IC	127	2	3	10	13
IC	128	2	1	10	10
IC	129	2	5	17	10
IC	130	4	1	18	4
IC	131	4	4	17	11
IC	132	7	4	17	14
IC	133	4	1	15	12
IC	134	3	1	14	7
IC	135	3	5	14	10
IC	136	4	1	16	6
IC	137	3	1	16	7
IC	138	3	2	9	10
IC	139	3	0	15	7
IC	140	1	4	14	9
IC	141	3	0	15	5
IC	142	2	1	15	10
IC	143	1	1	10	10
IC	144	2	3	13	5
IC	145	8	8	19	13
IC	146	16	15	17	13
IC	147	54	41	19	22
# Coverage distribution. Use `grep ^COV | cut -f 2-` to extract this part.
COV	[1-1]	1	126
COV	[2-2]	2	40
COV	[3-3]	3	13
COV	[4-4]	4	11
COV	[5-5]	5	15
COV	[6-6]	6	38
COV	[7-7]	7	97
COV	[8-8]	8	72
COV	[9-9]	9	93
COV	[10-10]	10	253
COV	[11-11]	11	369
COV	[12-12]	12	403
COV	[13-13]	13	548
COV	[14-14]	14	688
COV	[15-15]	15	821
COV	[16-16]	16	921
COV	[17-17]	17	953
COV	[18-18]	18	1216
COV	[19-19]	19	1245
COV	[20-20]	20	1360
COV	[21-21]	21	1472
COV	[22-22]	22	1532
COV	[23-23]	23	1991
COV	[24-24]	24	2234
COV	[25-25]	25	2837
COV	[26-26]	26	3305
COV	[27-27]	27	3733
COV	[28-28]	28	4380
COV	[29-29]	29	4973
COV	[30-30]	30	5438
COV	[31-31]	31	6409
COV	[32-32]	32	7761
COV	[33-33]	33	8808
COV	[34-34]	34	9947
COV	[35-35]	35	11226
COV	[36-36]	36	12532
COV	[37-37]	37	13698
COV	[38-38]	38	15550
COV	[39-39]	39	17279
COV	[40-40]	40	19124
COV	[41-41]	41	21323
COV	[42-42]	42	23368
COV	[43-43]	43	26062
COV	[44-44]	44	28373
COV	[45-45]	45	30983
COV	[46-46]	46	34207
COV	[47-47]	47	37709
COV	[48-48]	48	40833
COV	[49-49]	49	44303
COV	[50-50]	50	46528
COV	[51-51]	51	50011
COV	[52-52]	52	54290
COV	[53-53]	53	57326
COV	[54-54]	54	60634
COV	[55-55]	55	65362
COV	[56-56]	56	69574
COV	[57-57]	57	74030
COV	[58-58]	58	77383
COV	[59-59]	59	80238
COV	[60-60]	60	84697
COV	[61-61]	61	87139
COV	[62-62]	62	88852
COV	[63-63]	63	92448
COV	[64-64]	64	95258
COV	[65-65]	65	97234
COV	[66-66]	66	99875
COV	[67-67]	67	101587
COV	[68-68]	68	103015
COV	[69-69]	69	104369
COV	[70-70]	70	105289
COV	[71-71]	71	106233
COV	[72-72]	72	105865
COV	[73-73]	73	106087
COV	[74-74]	74	104752
COV	[75-75]	75	103438
COV	[76-76]	76	101651
COV	[77-77]	77	99729
COV	[78-78]	78	97040
COV	[79-79]	79	93441
COV	[80-80]	80	90654
COV	[81-81]	81	88866
COV	[82-82]	82	86367
COV	[83-83]	83	82547
COV	[84-84]	84	79431
COV	[85-85]	85	76768
COV	[86-86]	86	73956
COV	[87-87]	87	70468
COV	[88-88]	88	66875
COV	[89-89]	89	63144
COV	[90-90]	90	59660
COV	[91-91]	91	55780
COV	[92-92]	92	51818
COV	[93-93]	93	48970
COV	[94-94]	94	45593
COV	[95-95]	95	43039
COV	[96-96]	96	40118
COV	[97-97]	97	37157
COV	[98-98]	98	34944
COV	[99-99]	99	31988
COV	[100-100]	100	29794
COV	[101-101]	101	27491
COV	[102-102]	102	25466
COV	[103-103]	103	22895
COV	[104-104]	104	20818
COV	[105-105]	105	19358
COV	[106-106]	106	17164
COV	[107-107]	107	15604
COV	[108-108]	108	14066
COV	[109-109]	109	12774
COV	[110-110]	110	11844
COV	[111-111]	111	10541
COV	[112-112]	112	9675
COV	[113-113]	113	8986
COV	[114-114]	114	8252
COV	[115-115]	115	7612
COV	[116-116]	116	6937
COV	[117-117]	117	6024
COV	[118-118]	118	5304
COV	[119-119]	119	4572
COV	[120-120]	120	4246
COV	[121-121]	121	3849
COV	[122-122]	122	3366
COV	[123-123]	123	3054
COV	[124-124]	124	2713
COV	[125-125]	125	2463
COV	[126-126]	126	2107
COV	[127-127]	127	1843
COV	[128-128]	128	1741
COV	[129-129]	129	1523
COV	[130-130]	130	1254
COV	[131-131]	131	1169
COV	[132-132]	132	986
COV	[133-133]	133	879
COV	[134-134]	134	770
COV	[135-135]	135	674
COV	[136-136]	136	572
COV	[137-137]	137	552
COV	[138-138]	138	499
COV	[139-139]	139	397
COV	[140-140]	140	390
COV	[141-141]	141	396
COV	[142-142]	142	353
COV	[143-143]	143	282
COV	[144-144]	144	259
COV	[145-145]	145	222
COV	[146-146]	146	192
COV	[147-147]	147	188
COV	[148-148]	148	149
COV	[149-149]	149	130
COV	[150-150]	150	118
COV	[151-151]	151	87
COV	[152-152]	152	79
COV	[153-153]	153	71
COV	[154-154]	154	55
COV	[155-155]	155	61
COV	[156-156]	156	36
COV	[157-157]	157	63
COV	[158-158]	158	52
COV	[159-159]	159	32
COV	[160-160]	160	29
COV	[161-161]	161	39
COV	[162-162]	162	32
COV	[163-163]	163	22
COV	[164-164]	164	16
COV	[165-165]	165	17
COV	[166-166]	166	14
COV	[167-167]	167	8
COV	[168-168]	168	5
COV	[169-169]	169	5
COV	[170-170]	170	2
COV	[171-171]	171	2
COV	[172-172]	172	4
COV	[173-173]	173	6
COV	[174-174]	174	3
COV	[175-175]	175	5
COV	[176-176]	176	4
COV	[177-177]	177	6
COV	[178-178]	178	11
COV	[179-179]	179	6
COV	[180-180]	180	10
COV	[181-181]	181	8
COV	[182-182]	182	11
COV	[183-183]	183	22
COV	[184-184]	184	19
COV	[185-185]	185	16
COV	[186-186]	186	20
COV	[187-187]	187	31
COV	[188-188]	188	31
COV	[189-189]	189	31
COV	[190-190]	190	19
COV	[191-191]	191	14
COV	[192-192]	192	17
COV	[193-193]	193	27
COV	[194-194]	194	19
COV	[195-195]	195	32
COV	[196-196]	196	32
COV	[197-197]	197	25
COV	[198-198]	198	36
COV	[199-199]	199	32
COV	[200-200]	200	37
COV	[201-201]	201	31
COV	[202-202]	202	34
COV	[203-203]	203	27
COV	[204-204]	204	28
COV	[205-205]	205	18
COV	[206-206]	206	23
COV	[207-207]	207	19
COV	[208-208]	208	17
COV	[209-209]	209	28
COV	[210-210]	210	31
COV	[211-211]	211	39
COV	[212-212]	212	38
COV	[213-213]	213	40
COV	[214-214]	214	36
COV	[215-215]	215	31
COV	[216-216]	216	32
COV	[217-217]	217	31
COV	[218-218]	218	27
COV	[219-219]	219	30
COV	[220-220]	220	54
COV	[221-221]	221	53
COV	[222-222]	222	50
COV	[223-223]	223	46
COV	[224-224]	224	44
COV	[225-225]	225	34
COV	[226-226]	226	28
COV	[227-227]	227	35
COV	[228-228]	228	29
COV	[229-229]	229	26
COV	[230-230]	230	33
COV	[231-231]	231	27
COV	[232-232]	232	20
COV	[233-233]	233	18
COV	[234-234]	234	23
COV	[235-235]	235	25
COV	[236-236]	236	32
COV	[237-237]	237	25
COV	[238-238]	238	22
COV	[239-239]	239	22
COV	[240-240]	240	30
COV	[241-241]	241	53
COV	[242-242]	242	49
COV	[243-243]	243	39
COV	[244-244]	244	48
COV	[245-245]	245	54
COV	[246-246]	246	58
COV	[247-247]	247	51
COV	[248-248]	248	47
COV	[249-249]	249	47
COV	[250-250]	250	46
COV	[251-251]	251	65
COV	[252-252]	252	51
COV	[253-253]	253	42
COV	[254-254]	254	44
COV	[255-255]	255	52
COV	[256-256]	256	44
COV	[257-257]	257	66
COV	[258-258]	258	58
COV	[259-259]	259	66
COV	[260-260]	260	53
COV	[261-261]	261	70
COV	[262-262]	262	53
COV	[263-263]	263	71
COV	[264-264]	264	70
COV	[265-265]	265	65
COV	[266-266]	266	53
COV	[267-267]	267	54
COV	[268-268]	268	53
COV	[269-269]	269	40
COV	[270-270]	270	67
COV	[271-271]	271	55
COV	[272-272]	272	53
COV	[273-273]	273	64
COV	[274-274]	274	60
COV	[275-275]	275	79
COV	[276-276]	276	62
COV	[277-277]	277	60
COV	[278-278]	278	63
COV	[279-279]	279	79
COV	[280-280]	280	59
COV	[281-281]	281	73
COV	[282-282]	282	74
COV	[283-283]	283	61
COV	[284-284]	284	76
COV	[285-285]	285	94
COV	[286-286]	286	78
COV	[287-287]	287	75
COV	[288-288]	288	86
COV	[289-289]	289	67
COV	[290-290]	290	78
COV	[291-291]	291	97
COV	[292-292]	292	63
COV	[293-293]	293	68
COV	[294-294]	294	50
COV	[295-295]	295	51
COV	[296-296]	296	67
COV	[297-297]	297	67
COV	[298-298]	298	50
COV	[299-299]	299	41
COV	[300-300]	300	47
COV	[301-301]	301	40
COV	[302-302]	302	36
COV	[303-303]	303	54
COV	[304-304]	304	43
COV	[305-305]	305	43
COV	[306-306]	306	38
COV	[307-307]	307	20
COV	[308-308]	308	29
COV	[309-309]	309	32
COV	[310-310]	310	26
COV	[311-311]	311	27
COV	[312-312]	312	21
COV	[313-313]	313	36
COV	[314-314]	314	38
COV	[315-315]	315	36
COV	[316-316]	316	51
COV	[317-317]	317	25
COV	[318-318]	318	26
COV	[319-319]	319	34
COV	[320-320]	320	29
COV	[321-321]	321	25
COV	[322-322]	322	26
COV	[323-323]	323	41
COV	[324-324]	324	31
COV	[325-325]	325	25
COV	[326-326]	326	32
COV	[327-327]	327	32
COV	[328-328]	328	26
COV	[329-329]	329	34
COV	[330-330]	330	31
COV	[331-331]	331	30
COV	[332-332]	332	26
COV	[333-333]	333	35
COV	[334-334]	334	32
COV	[335-335]	335	30
COV	[336-336]	336	32
COV	[337-337]	337	20
COV	[338-338]	338	27
COV	[339-339]	339	26
COV	[340-340]	340	19
COV	[341-341]	341	28
COV	[342-342]	342	22
COV	[343-343]	343	19
COV	[344-344]	344	24
COV	[345-345]	345	19
COV	[346-346]	346	24
COV	[347-347]	347	26
COV	[348-348]	348	25
COV	[349-349]	349	25
COV	[350-350]	350	25
COV	[351-351]	351	19
COV	[352-352]	352	23
COV	[353-353]	353	12
COV	[354-354]	354	13
COV	[355-355]	355	9
COV	[356-356]	356	21
COV	[357-357]	357	29
COV	[358-358]	358	17
COV	[359-359]	359	10
COV	[360-360]	360	20
COV	[361-361]	361	24
COV	[362-362]	362	24
COV	[363-363]	363	15
COV	[364-364]	364	21
COV	[365-365]	365	14
COV	[366-366]	366	24
COV	[367-367]	367	22
COV	[368-368]	368	23
COV	[369-369]	369	18
COV	[370-370]	370	9
COV	[371-371]	371	15
COV	[372-372]	372	7
COV	[373-373]	373	10
COV	[374-374]	374	11
COV	[375-375]	375	9
COV	[376-376]	376	9
COV	[377-377]	377	4
COV	[378-378]	378	5
COV	[379-379]	379	6
COV	[380-380]	380	4
COV	[381-381]	381	1
COV	[382-382]	382	4
COV	[383-383]	383	6
COV	[384-384]	384	4
COV	[385-385]	385	5
COV	[386-386]	386	2
COV	[388-388]	388	8
COV	[389-389]	389	10
COV	[390-390]	390	7
COV	[393-393]	393	3
COV	[394-394]	394	1
COV	[396-396]	396	3
COV	[397-397]	397	5
COV	[399-399]	399	1
COV	[400-400]	400	2
COV	[413-413]	413	1
COV	[415-415]	415	2
COV	[416-416]	416	1
COV	[417-417]	417	1
COV	[419-419]	419	1
COV	[420-420]	420	3
COV	[423-423]	423	1
COV	[427-427]	427	2
COV	[428-428]	428	1
COV	[429-429]	429	1
COV	[432-432]	432	2
COV	[434-434]	434	2
COV	[435-435]	435	3
COV	[436-436]	436	5
COV	[437-437]	437	3
COV	[438-438]	438	1
COV	[440-440]	440	1
COV	[443-443]	443	2
COV	[444-444]	444	1
COV	[445-445]	445	2
COV	[448-448]	448	1
COV	[450-450]	450	1
COV	[451-451]	451	2
COV	[453-453]	453	3
COV	[455-455]	455	1
COV	[456-456]	456	2
COV	[457-457]	457	1
COV	[458-458]	458	1
# GC-depth. Use `grep ^GCD | cut -f 2-` to extract this part. The columns are: GC%, unique sequence percentiles, 10th, 25th, 50th, 75th and 90th depth percentile
GCD	0.0	0.858	0.000	0.000	0.000	0.000	0.000
GCD	45.0	2.575	59.006	59.427	64.681	75.883	78.286
GCD	46.0	4.292	62.794	63.541	65.906	72.685	74.904
GCD	47.0	8.155	56.962	60.823	69.145	73.606	85.270
GCD	48.0	13.734	58.421	65.720	71.362	75.550	85.055
GCD	49.0	24.893	61.135	68.336	71.891	74.977	85.686
GCD	50.0	42.918	65.435	69.756	72.807	75.783	78.637
GCD	51.0	66.953	68.066	70.893	73.523	75.984	78.072
GCD	52.0	82.403	69.433	72.055	75.100	77.632	78.733
GCD	53.0	94.421	71.334	72.654	74.485	76.588	79.287
GCD	54.0	98.712	67.422	72.561	74.604	75.357	78.496
GCD	55.0	100.000	70.537	70.537	70.783	76.875	76.875
